race_id,race_date,track,meeting_grade,class_scope,race_no,race_type,start_time,deadline,entry_count,source_url,captured_at_utc
2720260301010001,2026-03-01,京王閣競輪,F2,A3 challenge,1,チャレンジ予選,16:00,15:55,7,https://keirin.kdreams.jp/keiokaku/racedetail/2720260301010001/?pageType=odds,2026-10-08T19:23:40.642005+00:00
2720260301010002,2026-03-01,京王閣競輪,F2,A3 challenge,2,チャレンジ予選,16:32,16:27,7,https://keirin.kdreams.jp/keiokaku/racedetail/2720260301010002/?pageType=odds,2026-10-08T19:23:42.327453+00:00
2720260301010003,2026-03-01,京王閣競輪,F2,A3 challenge,3,チャレンジ予選,16:54,16:49,7,https://keirin.kdreams.jp/keiokaku/racedetail/2720260301010003/?pageType=odds,2026-10-08T19:23:44.013780+00:00
2720260301010004,2026-03-01,京王閣競輪,F2,A3 challenge,4,チャレンジ予選,17:15,17:10,7,https://keirin.kdreams.jp/keiokaku/racedetail/2720260301010004/?pageType=odds,2026-10-08T19:23:45.716148+00:00
3820260301010001,2026-03-01,静岡競輪,F2,A3 challenge,1,チャレンジ予選,20:41,20:36,7,https://keirin.kdreams.jp/shizuoka/racedetail/3820260301010001/?pageType=odds,2026-10-08T19:24:00.602255+00:00
3820260301010002,2026-03-01,静岡競輪,F2,A3 challenge,2,チャレンジ予選,21:05,21:00,7,https://keirin.kdreams.jp/shizuoka/racedetail/3820260301010002/?pageType=odds,2026-10-08T19:24:02.482449+00:00
3820260301010003,2026-03-01,静岡競輪,F2,A3 challenge,3,チャレンジ予選,21:29,21:24,7,https://keirin.kdreams.jp/shizuoka/racedetail/3820260301010003/?pageType=odds,2026-10-08T19:24:04.091939+00:00
3820260301010004,2026-03-01,静岡競輪,F2,A3 challenge,4,チャレンジ予選,21:53,21:48,7,https://keirin.kdreams.jp/shizuoka/racedetail/3820260301010004/?pageType=odds,2026-10-08T19:24:05.676490+00:00
3820260301010005,2026-03-01,静岡競輪,F2,A3 challenge,5,チャレンジ予選,22:18,22:13,7,https://keirin.kdreams.jp/shizuoka/racedetail/3820260301010005/?pageType=odds,2026-10-08T19:24:07.303635+00:00
3820260301010006,2026-03-01,静岡競輪,F2,A3 challenge,6,チャレンジ予選,22:45,22:40,7,https://keirin.kdreams.jp/shizuoka/racedetail/3820260301010006/?pageType=odds,2026-10-08T19:24:09.206149+00:00
3820260301010007,2026-03-01,静岡競輪,F2,A3 challenge,7,チャレンジ予選,23:12,23:07,7,https://keirin.kdreams.jp/shizuoka/racedetail/3820260301010007/?pageType=odds,2026-10-08T19:24:10.917380+00:00
2720260301020001,2026-03-02,京王閣競輪,F2,A3 challenge,1,チャレンジ一般,16:06,16:01,6,https://keirin.kdreams.jp/keiokaku/racedetail/2720260301020001/?pageType=odds,2026-10-08T19:23:47.297037+00:00
2720260301020002,2026-03-02,京王閣競輪,F2,A3 challenge,2,チャレンジ一般,16:26,16:21,7,https://keirin.kdreams.jp/keiokaku/racedetail/2720260301020002/?pageType=odds,2026-10-08T19:23:48.951204+00:00
2720260301020003,2026-03-02,京王閣競輪,F2,A3 challenge,3,チャレンジ準決勝,16:46,16:41,7,https://keirin.kdreams.jp/keiokaku/racedetail/2720260301020003/?pageType=odds,2026-10-08T19:23:50.789057+00:00
2720260301020004,2026-03-02,京王閣競輪,F2,A3 challenge,4,チャレンジ準決勝,17:10,17:05,7,https://keirin.kdreams.jp/keiokaku/racedetail/2720260301020004/?pageType=odds,2026-10-08T19:23:52.441610+00:00
3820260301020001,2026-03-02,静岡競輪,F2,A3 challenge,1,チャレンジ一般,20:41,20:36,6,https://keirin.kdreams.jp/shizuoka/racedetail/3820260301020001/?pageType=odds,2026-10-08T19:24:12.594421+00:00
3820260301020002,2026-03-02,静岡競輪,F2,A3 challenge,2,チャレンジ一般,21:05,21:00,6,https://keirin.kdreams.jp/shizuoka/racedetail/3820260301020002/?pageType=odds,2026-10-08T19:24:14.250393+00:00
3820260301020003,2026-03-02,静岡競輪,F2,A3 challenge,3,チャレンジ選抜,21:29,21:24,7,https://keirin.kdreams.jp/shizuoka/racedetail/3820260301020003/?pageType=odds,2026-10-08T19:24:15.854975+00:00
3820260301020004,2026-03-02,静岡競輪,F2,A3 challenge,4,チャレンジ選抜,21:53,21:48,7,https://keirin.kdreams.jp/shizuoka/racedetail/3820260301020004/?pageType=odds,2026-10-08T19:24:17.421185+00:00
3820260301020005,2026-03-02,静岡競輪,F2,A3 challenge,5,チャレンジ準決勝,22:18,22:13,7,https://keirin.kdreams.jp/shizuoka/racedetail/3820260301020005/?pageType=odds,2026-10-08T19:24:19.025760+00:00
3820260301020006,2026-03-02,静岡競輪,F2,A3 challenge,6,チャレンジ準決勝,22:45,22:40,7,https://keirin.kdreams.jp/shizuoka/racedetail/3820260301020006/?pageType=odds,2026-10-08T19:24:20.871514+00:00
3820260301020007,2026-03-02,静岡競輪,F2,A3 challenge,7,チャレンジ準決勝,23:12,23:07,7,https://keirin.kdreams.jp/shizuoka/racedetail/3820260301020007/?pageType=odds,2026-10-08T19:24:22.560431+00:00
2720260301030001,2026-03-03,京王閣競輪,F2,A3 challenge,1,チャレンジ一般,16:03,15:58,6,https://keirin.kdreams.jp/keiokaku/racedetail/2720260301030001/?pageType=odds,2026-10-08T19:23:53.989736+00:00
2720260301030002,2026-03-03,京王閣競輪,F2,A3 challenge,2,チャレンジ一般,16:26,16:21,7,https://keirin.kdreams.jp/keiokaku/racedetail/2720260301030002/?pageType=odds,2026-10-08T19:23:55.572126+00:00
2720260301030003,2026-03-03,京王閣競輪,F2,A3 challenge,3,チャレンジ選抜,16:50,16:45,7,https://keirin.kdreams.jp/keiokaku/racedetail/2720260301030003/?pageType=odds,2026-10-08T19:23:57.151746+00:00
2720260301030007,2026-03-03,京王閣競輪,F2,A3 challenge,7,チャレンジ決勝,18:30,18:25,7,https://keirin.kdreams.jp/keiokaku/racedetail/2720260301030007/?pageType=odds,2026-10-08T19:23:58.928073+00:00
3820260301030001,2026-03-03,静岡競輪,F2,A3 challenge,1,チャレンジ一般,20:41,20:36,6,https://keirin.kdreams.jp/shizuoka/racedetail/3820260301030001/?pageType=odds,2026-10-08T19:24:24.084421+00:00
3820260301030002,2026-03-03,静岡競輪,F2,A3 challenge,2,チャレンジ一般,21:05,21:00,6,https://keirin.kdreams.jp/shizuoka/racedetail/3820260301030002/?pageType=odds,2026-10-08T19:24:25.537658+00:00
3820260301030003,2026-03-03,静岡競輪,F2,A3 challenge,3,チャレンジ一般,21:29,21:24,6,https://keirin.kdreams.jp/shizuoka/racedetail/3820260301030003/?pageType=odds,2026-10-08T19:24:27.164309+00:00
3820260301030004,2026-03-03,静岡競輪,F2,A3 challenge,4,チャレンジ選抜,21:53,21:48,7,https://keirin.kdreams.jp/shizuoka/racedetail/3820260301030004/?pageType=odds,2026-10-08T19:24:28.826827+00:00
3820260301030005,2026-03-03,静岡競輪,F2,A3 challenge,5,チャレンジ選抜,22:18,22:13,7,https://keirin.kdreams.jp/shizuoka/racedetail/3820260301030005/?pageType=odds,2026-10-08T19:24:30.471388+00:00
3820260301030006,2026-03-03,静岡競輪,F2,A3 challenge,6,チャレンジ選抜,22:45,22:40,7,https://keirin.kdreams.jp/shizuoka/racedetail/3820260301030006/?pageType=odds,2026-10-08T19:24:32.338482+00:00
3820260301030007,2026-03-03,静岡競輪,F2,A3 challenge,7,チャレンジ決勝,23:12,23:07,7,https://keirin.kdreams.jp/shizuoka/racedetail/3820260301030007/?pageType=odds,2026-10-08T19:24:34.188397+00:00
2420260304010001,2026-03-04,宇都宮競輪,F2,A3 challenge,1,チャレンジ予選,20:49,20:44,7,https://keirin.kdreams.jp/utsunomiya/racedetail/2420260304010001/?pageType=odds,2026-10-08T19:25:46.398381+00:00
2420260304010002,2026-03-04,宇都宮競輪,F2,A3 challenge,2,チャレンジ予選,21:13,21:08,7,https://keirin.kdreams.jp/utsunomiya/racedetail/2420260304010002/?pageType=odds,2026-10-08T19:25:48.057292+00:00
2420260304010003,2026-03-04,宇都宮競輪,F2,A3 challenge,3,チャレンジ予選,21:37,21:32,7,https://keirin.kdreams.jp/utsunomiya/racedetail/2420260304010003/?pageType=odds,2026-10-08T19:25:49.641039+00:00
2420260304010004,2026-03-04,宇都宮競輪,F2,A3 challenge,4,チャレンジ予選,22:01,21:56,7,https://keirin.kdreams.jp/utsunomiya/racedetail/2420260304010004/?pageType=odds,2026-10-08T19:25:51.290289+00:00
2420260304010005,2026-03-04,宇都宮競輪,F2,A3 challenge,5,チャレンジ予選,22:27,22:22,7,https://keirin.kdreams.jp/utsunomiya/racedetail/2420260304010005/?pageType=odds,2026-10-08T19:25:53.105147+00:00
2420260304010006,2026-03-04,宇都宮競輪,F2,A3 challenge,6,チャレンジ予選,22:54,22:49,7,https://keirin.kdreams.jp/utsunomiya/racedetail/2420260304010006/?pageType=odds,2026-10-08T19:25:55.153799+00:00
2420260304010007,2026-03-04,宇都宮競輪,F2,A3 challenge,7,チャレンジ予選,23:21,23:16,7,https://keirin.kdreams.jp/utsunomiya/racedetail/2420260304010007/?pageType=odds,2026-10-08T19:25:56.838561+00:00
3120260304010001,2026-03-04,松戸競輪,F2,A3 challenge,1,チャレンジ予選,20:57,20:52,6,https://keirin.kdreams.jp/matsudo/racedetail/3120260304010001/?pageType=odds,2026-10-08T19:25:11.504210+00:00
3120260304010002,2026-03-04,松戸競輪,F2,A3 challenge,2,チャレンジ予選,21:21,21:16,7,https://keirin.kdreams.jp/matsudo/racedetail/3120260304010002/?pageType=odds,2026-10-08T19:25:13.119988+00:00
3120260304010003,2026-03-04,松戸競輪,F2,A3 challenge,3,チャレンジ予選,21:45,21:40,7,https://keirin.kdreams.jp/matsudo/racedetail/3120260304010003/?pageType=odds,2026-10-08T19:25:14.737711+00:00
3120260304010004,2026-03-04,松戸競輪,F2,A3 challenge,4,チャレンジ予選,22:09,22:04,7,https://keirin.kdreams.jp/matsudo/racedetail/3120260304010004/?pageType=odds,2026-10-08T19:25:16.466773+00:00
3120260304010005,2026-03-04,松戸競輪,F2,A3 challenge,5,チャレンジ予選,22:36,22:31,7,https://keirin.kdreams.jp/matsudo/racedetail/3120260304010005/?pageType=odds,2026-10-08T19:25:18.081857+00:00
3120260304010006,2026-03-04,松戸競輪,F2,A3 challenge,6,チャレンジ予選,23:03,22:58,7,https://keirin.kdreams.jp/matsudo/racedetail/3120260304010006/?pageType=odds,2026-10-08T19:25:19.731239+00:00
3120260304010007,2026-03-04,松戸競輪,F2,A3 challenge,7,チャレンジ予選,23:30,23:25,7,https://keirin.kdreams.jp/matsudo/racedetail/3120260304010007/?pageType=odds,2026-10-08T19:25:21.303689+00:00
8720260304010001,2026-03-04,熊本競輪,F2,A3 challenge,1,チャレンジ予選,20:41,20:36,7,https://keirin.kdreams.jp/kumamoto/racedetail/8720260304010001/?pageType=odds,2026-10-08T19:24:36.060865+00:00
8720260304010002,2026-03-04,熊本競輪,F2,A3 challenge,2,チャレンジ予選,21:05,21:00,7,https://keirin.kdreams.jp/kumamoto/racedetail/8720260304010002/?pageType=odds,2026-10-08T19:24:37.746846+00:00
8720260304010003,2026-03-04,熊本競輪,F2,A3 challenge,3,チャレンジ予選,21:29,21:24,7,https://keirin.kdreams.jp/kumamoto/racedetail/8720260304010003/?pageType=odds,2026-10-08T19:24:39.399249+00:00
8720260304010004,2026-03-04,熊本競輪,F2,A3 challenge,4,チャレンジ予選,21:53,21:48,7,https://keirin.kdreams.jp/kumamoto/racedetail/8720260304010004/?pageType=odds,2026-10-08T19:24:41.011819+00:00
8720260304010005,2026-03-04,熊本競輪,F2,A3 challenge,5,チャレンジ予選,22:18,22:13,7,https://keirin.kdreams.jp/kumamoto/racedetail/8720260304010005/?pageType=odds,2026-10-08T19:24:42.641174+00:00
8720260304010006,2026-03-04,熊本競輪,F2,A3 challenge,6,チャレンジ予選,22:45,22:40,7,https://keirin.kdreams.jp/kumamoto/racedetail/8720260304010006/?pageType=odds,2026-10-08T19:24:44.311152+00:00
8720260304010007,2026-03-04,熊本競輪,F2,A3 challenge,7,チャレンジ予選,23:12,23:07,7,https://keirin.kdreams.jp/kumamoto/racedetail/8720260304010007/?pageType=odds,2026-10-08T19:24:45.935030+00:00
2420260304020001,2026-03-05,宇都宮競輪,F2,A3 challenge,1,チャレンジ一般,20:49,20:44,6,https://keirin.kdreams.jp/utsunomiya/racedetail/2420260304020001/?pageType=odds,2026-10-08T19:25:58.451345+00:00
2420260304020002,2026-03-05,宇都宮競輪,F2,A3 challenge,2,チャレンジ一般,21:13,21:08,7,https://keirin.kdreams.jp/utsunomiya/racedetail/2420260304020002/?pageType=odds,2026-10-08T19:26:00.174976+00:00
2420260304020003,2026-03-05,宇都宮競輪,F2,A3 challenge,3,チャレンジ選抜,21:37,21:32,7,https://keirin.kdreams.jp/utsunomiya/racedetail/2420260304020003/?pageType=odds,2026-10-08T19:26:02.144899+00:00
2420260304020004,2026-03-05,宇都宮競輪,F2,A3 challenge,4,チャレンジ選抜,22:01,21:56,7,https://keirin.kdreams.jp/utsunomiya/racedetail/2420260304020004/?pageType=odds,2026-10-08T19:26:03.974802+00:00
2420260304020005,2026-03-05,宇都宮競輪,F2,A3 challenge,5,チャレンジ準決勝,22:27,22:22,7,https://keirin.kdreams.jp/utsunomiya/racedetail/2420260304020005/?pageType=odds,2026-10-08T19:26:05.924068+00:00
2420260304020006,2026-03-05,宇都宮競輪,F2,A3 challenge,6,チャレンジ準決勝,22:54,22:49,7,https://keirin.kdreams.jp/utsunomiya/racedetail/2420260304020006/?pageType=odds,2026-10-08T19:26:07.586224+00:00
2420260304020007,2026-03-05,宇都宮競輪,F2,A3 challenge,7,チャレンジ準決勝,23:21,23:16,7,https://keirin.kdreams.jp/utsunomiya/racedetail/2420260304020007/?pageType=odds,2026-10-08T19:26:09.386143+00:00
3120260304020001,2026-03-05,松戸競輪,F2,A3 challenge,1,チャレンジ一般,20:57,20:52,6,https://keirin.kdreams.jp/matsudo/racedetail/3120260304020001/?pageType=odds,2026-10-08T19:25:22.842459+00:00
3120260304020002,2026-03-05,松戸競輪,F2,A3 challenge,2,チャレンジ一般,21:21,21:16,7,https://keirin.kdreams.jp/matsudo/racedetail/3120260304020002/?pageType=odds,2026-10-08T19:25:24.519437+00:00
3120260304020003,2026-03-05,松戸競輪,F2,A3 challenge,3,チャレンジ選抜,21:45,21:40,7,https://keirin.kdreams.jp/matsudo/racedetail/3120260304020003/?pageType=odds,2026-10-08T19:25:26.175681+00:00
3120260304020004,2026-03-05,松戸競輪,F2,A3 challenge,4,チャレンジ選抜,22:09,22:04,7,https://keirin.kdreams.jp/matsudo/racedetail/3120260304020004/?pageType=odds,2026-10-08T19:25:28.013854+00:00
3120260304020005,2026-03-05,松戸競輪,F2,A3 challenge,5,チャレンジ準決勝,22:36,22:31,7,https://keirin.kdreams.jp/matsudo/racedetail/3120260304020005/?pageType=odds,2026-10-08T19:25:29.671379+00:00
3120260304020006,2026-03-05,松戸競輪,F2,A3 challenge,6,チャレンジ準決勝,23:03,22:58,7,https://keirin.kdreams.jp/matsudo/racedetail/3120260304020006/?pageType=odds,2026-10-08T19:25:31.344064+00:00
3120260304020007,2026-03-05,松戸競輪,F2,A3 challenge,7,チャレンジ準決勝,23:30,23:25,7,https://keirin.kdreams.jp/matsudo/racedetail/3120260304020007/?pageType=odds,2026-10-08T19:25:33.023552+00:00
8720260304020001,2026-03-05,熊本競輪,F2,A3 challenge,1,チャレンジ一般,20:41,20:36,7,https://keirin.kdreams.jp/kumamoto/racedetail/8720260304020001/?pageType=odds,2026-10-08T19:24:47.965769+00:00
8720260304020002,2026-03-05,熊本競輪,F2,A3 challenge,2,チャレンジ一般,21:05,21:00,7,https://keirin.kdreams.jp/kumamoto/racedetail/8720260304020002/?pageType=odds,2026-10-08T19:24:49.097137+00:00
8720260304020003,2026-03-05,熊本競輪,F2,A3 challenge,3,チャレンジ選抜,21:29,21:24,7,https://keirin.kdreams.jp/kumamoto/racedetail/8720260304020003/?pageType=odds,2026-10-08T19:24:50.639480+00:00
8720260304020004,2026-03-05,熊本競輪,F2,A3 challenge,4,チャレンジ選抜,21:53,21:48,7,https://keirin.kdreams.jp/kumamoto/racedetail/8720260304020004/?pageType=odds,2026-10-08T19:24:52.740062+00:00
8720260304020005,2026-03-05,熊本競輪,F2,A3 challenge,5,チャレンジ準決勝,22:18,22:13,7,https://keirin.kdreams.jp/kumamoto/racedetail/8720260304020005/?pageType=odds,2026-10-08T19:24:54.381456+00:00
8720260304020006,2026-03-05,熊本競輪,F2,A3 challenge,6,チャレンジ準決勝,22:45,22:40,7,https://keirin.kdreams.jp/kumamoto/racedetail/8720260304020006/?pageType=odds,2026-10-08T19:24:55.940434+00:00
8720260304020007,2026-03-05,熊本競輪,F2,A3 challenge,7,チャレンジ準決勝,23:12,23:07,7,https://keirin.kdreams.jp/kumamoto/racedetail/8720260304020007/?pageType=odds,2026-10-08T19:24:57.629603+00:00
2420260304030001,2026-03-06,宇都宮競輪,F2,A3 challenge,1,チャレンジ一般,20:49,20:44,7,https://keirin.kdreams.jp/utsunomiya/racedetail/2420260304030001/?pageType=odds,2026-10-08T19:26:11.090276+00:00
2420260304030002,2026-03-06,宇都宮競輪,F2,A3 challenge,2,チャレンジ一般,21:13,21:08,7,https://keirin.kdreams.jp/utsunomiya/racedetail/2420260304030002/?pageType=odds,2026-10-08T19:26:12.704524+00:00
2420260304030003,2026-03-06,宇都宮競輪,F2,A3 challenge,3,チャレンジ一般,21:37,21:32,7,https://keirin.kdreams.jp/utsunomiya/racedetail/2420260304030003/?pageType=odds,2026-10-08T19:26:14.428619+00:00
2420260304030004,2026-03-06,宇都宮競輪,F2,A3 challenge,4,チャレンジ選抜,22:01,21:56,7,https://keirin.kdreams.jp/utsunomiya/racedetail/2420260304030004/?pageType=odds,2026-10-08T19:26:16.231307+00:00
2420260304030005,2026-03-06,宇都宮競輪,F2,A3 challenge,5,チャレンジ選抜,22:27,22:22,7,https://keirin.kdreams.jp/utsunomiya/racedetail/2420260304030005/?pageType=odds,2026-10-08T19:26:17.938267+00:00
2420260304030006,2026-03-06,宇都宮競輪,F2,A3 challenge,6,チャレンジ選抜,22:54,22:49,7,https://keirin.kdreams.jp/utsunomiya/racedetail/2420260304030006/?pageType=odds,2026-10-08T19:26:19.836034+00:00
2420260304030007,2026-03-06,宇都宮競輪,F2,A3 challenge,7,チャレンジ決勝,23:21,23:16,7,https://keirin.kdreams.jp/utsunomiya/racedetail/2420260304030007/?pageType=odds,2026-10-08T19:26:21.601355+00:00
3120260304030001,2026-03-06,松戸競輪,F2,A3 challenge,1,チャレンジ一般,20:57,20:52,6,https://keirin.kdreams.jp/matsudo/racedetail/3120260304030001/?pageType=odds,2026-10-08T19:25:34.588820+00:00
3120260304030002,2026-03-06,松戸競輪,F2,A3 challenge,2,チャレンジ一般,21:21,21:16,6,https://keirin.kdreams.jp/matsudo/racedetail/3120260304030002/?pageType=odds,2026-10-08T19:25:36.341591+00:00
3120260304030003,2026-03-06,松戸競輪,F2,A3 challenge,3,チャレンジ一般,21:45,21:40,7,https://keirin.kdreams.jp/matsudo/racedetail/3120260304030003/?pageType=odds,2026-10-08T19:25:38.037684+00:00
3120260304030004,2026-03-06,松戸競輪,F2,A3 challenge,4,チャレンジ選抜,22:09,22:04,7,https://keirin.kdreams.jp/matsudo/racedetail/3120260304030004/?pageType=odds,2026-10-08T19:25:39.701492+00:00
3120260304030005,2026-03-06,松戸競輪,F2,A3 challenge,5,チャレンジ選抜,22:36,22:31,7,https://keirin.kdreams.jp/matsudo/racedetail/3120260304030005/?pageType=odds,2026-10-08T19:25:41.494518+00:00
3120260304030006,2026-03-06,松戸競輪,F2,A3 challenge,6,チャレンジ選抜,23:03,22:58,7,https://keirin.kdreams.jp/matsudo/racedetail/3120260304030006/?pageType=odds,2026-10-08T19:25:43.039357+00:00
3120260304030007,2026-03-06,松戸競輪,F2,A3 challenge,7,チャレンジ決勝,23:30,23:25,7,https://keirin.kdreams.jp/matsudo/racedetail/3120260304030007/?pageType=odds,2026-10-08T19:25:44.618504+00:00
8720260304030001,2026-03-06,熊本競輪,F2,A3 challenge,1,チャレンジ一般,20:41,20:36,6,https://keirin.kdreams.jp/kumamoto/racedetail/8720260304030001/?pageType=odds,2026-10-08T19:24:59.164643+00:00
8720260304030002,2026-03-06,熊本競輪,F2,A3 challenge,2,チャレンジ一般,21:05,21:00,7,https://keirin.kdreams.jp/kumamoto/racedetail/8720260304030002/?pageType=odds,2026-10-08T19:25:00.856264+00:00
8720260304030003,2026-03-06,熊本競輪,F2,A3 challenge,3,チャレンジ一般,21:29,21:24,7,https://keirin.kdreams.jp/kumamoto/racedetail/8720260304030003/?pageType=odds,2026-10-08T19:25:02.652023+00:00
8720260304030004,2026-03-06,熊本競輪,F2,A3 challenge,4,チャレンジ選抜,21:53,21:48,7,https://keirin.kdreams.jp/kumamoto/racedetail/8720260304030004/?pageType=odds,2026-10-08T19:25:04.363860+00:00
8720260304030005,2026-03-06,熊本競輪,F2,A3 challenge,5,チャレンジ選抜,22:18,22:13,7,https://keirin.kdreams.jp/kumamoto/racedetail/8720260304030005/?pageType=odds,2026-10-08T19:25:05.984451+00:00
8720260304030006,2026-03-06,熊本競輪,F2,A3 challenge,6,チャレンジ選抜,22:45,22:40,7,https://keirin.kdreams.jp/kumamoto/racedetail/8720260304030006/?pageType=odds,2026-10-08T19:25:07.784870+00:00
8720260304030007,2026-03-06,熊本競輪,F2,A3 challenge,7,チャレンジ決勝,23:12,23:07,7,https://keirin.kdreams.jp/kumamoto/racedetail/8720260304030007/?pageType=odds,2026-10-08T19:25:09.706671+00:00
8320260307010001,2026-03-07,久留米競輪,F2,A3 challenge,1,チャレンジ予選,20:40,20:35,7,https://keirin.kdreams.jp/kurume/racedetail/8320260307010001/?pageType=odds,2026-10-08T19:26:42.908268+00:00
8320260307010002,2026-03-07,久留米競輪,F2,A3 challenge,2,チャレンジ予選,21:00,20:55,7,https://keirin.kdreams.jp/kurume/racedetail/8320260307010002/?pageType=odds,2026-10-08T19:26:44.419000+00:00
8320260307010003,2026-03-07,久留米競輪,F2,A3 challenge,3,チャレンジ予選,21:20,21:15,7,https://keirin.kdreams.jp/kurume/racedetail/8320260307010003/?pageType=odds,2026-10-08T19:26:45.920389+00:00
8320260307010004,2026-03-07,久留米競輪,F2,A3 challenge,4,チャレンジ予選,21:40,21:35,7,https://keirin.kdreams.jp/kurume/racedetail/8320260307010004/?pageType=odds,2026-10-08T19:26:47.285506+00:00
2220260307010001,2026-03-07,前橋競輪,F2,A3 challenge,1,チャレンジ予選,16:03,15:58,7,https://keirin.kdreams.jp/maebashi/racedetail/2220260307010001/?pageType=odds,2026-10-08T19:27:02.913077+00:00
2220260307010002,2026-03-07,前橋競輪,F2,A3 challenge,2,チャレンジ予選,16:26,16:21,7,https://keirin.kdreams.jp/maebashi/racedetail/2220260307010002/?pageType=odds,2026-10-08T19:27:04.647895+00:00
2220260307010003,2026-03-07,前橋競輪,F2,A3 challenge,3,チャレンジ予選,16:50,16:45,7,https://keirin.kdreams.jp/maebashi/racedetail/2220260307010003/?pageType=odds,2026-10-08T19:27:06.511654+00:00
2220260307010004,2026-03-07,前橋競輪,F2,A3 challenge,4,チャレンジ予選,17:14,17:09,7,https://keirin.kdreams.jp/maebashi/racedetail/2220260307010004/?pageType=odds,2026-10-08T19:27:08.307922+00:00
4320260307010001,2026-03-07,岐阜競輪,F2,A3 challenge,1,チャレンジ予選,20:50,20:45,7,https://keirin.kdreams.jp/gifu/racedetail/4320260307010001/?pageType=odds,2026-10-08T19:26:23.250726+00:00
4320260307010002,2026-03-07,岐阜競輪,F2,A3 challenge,2,チャレンジ予選,21:10,21:05,7,https://keirin.kdreams.jp/gifu/racedetail/4320260307010002/?pageType=odds,2026-10-08T19:26:25.164670+00:00
4320260307010003,2026-03-07,岐阜競輪,F2,A3 challenge,3,チャレンジ予選,21:30,21:25,7,https://keirin.kdreams.jp/gifu/racedetail/4320260307010003/?pageType=odds,2026-10-08T19:26:27.027558+00:00
4320260307010004,2026-03-07,岐阜競輪,F2,A3 challenge,4,チャレンジ予選,21:50,21:45,7,https://keirin.kdreams.jp/gifu/racedetail/4320260307010004/?pageType=odds,2026-10-08T19:26:28.577774+00:00
8320260307020001,2026-03-08,久留米競輪,F2,A3 challenge,1,チャレンジ一般,20:40,20:35,7,https://keirin.kdreams.jp/kurume/racedetail/8320260307020001/?pageType=odds,2026-10-08T19:26:48.726895+00:00
8320260307020002,2026-03-08,久留米競輪,F2,A3 challenge,2,チャレンジ一般,21:00,20:55,7,https://keirin.kdreams.jp/kurume/racedetail/8320260307020002/?pageType=odds,2026-10-08T19:26:50.447591+00:00
8320260307020003,2026-03-08,久留米競輪,F2,A3 challenge,3,チャレンジ準決勝,21:20,21:15,7,https://keirin.kdreams.jp/kurume/racedetail/8320260307020003/?pageType=odds,2026-10-08T19:26:52.111151+00:00
8320260307020004,2026-03-08,久留米競輪,F2,A3 challenge,4,チャレンジ準決勝,21:40,21:35,7,https://keirin.kdreams.jp/kurume/racedetail/8320260307020004/?pageType=odds,2026-10-08T19:26:53.941242+00:00
2220260307020001,2026-03-08,前橋競輪,F2,A3 challenge,1,チャレンジ一般,16:06,16:01,7,https://keirin.kdreams.jp/maebashi/racedetail/2220260307020001/?pageType=odds,2026-10-08T19:27:10.212597+00:00
2220260307020002,2026-03-08,前橋競輪,F2,A3 challenge,2,チャレンジ一般,16:26,16:21,7,https://keirin.kdreams.jp/maebashi/racedetail/2220260307020002/?pageType=odds,2026-10-08T19:27:11.972642+00:00
2220260307020003,2026-03-08,前橋競輪,F2,A3 challenge,3,チャレンジ準決勝,16:46,16:41,7,https://keirin.kdreams.jp/maebashi/racedetail/2220260307020003/?pageType=odds,2026-10-08T19:27:13.737511+00:00
2220260307020004,2026-03-08,前橋競輪,F2,A3 challenge,4,チャレンジ準決勝,17:10,17:05,7,https://keirin.kdreams.jp/maebashi/racedetail/2220260307020004/?pageType=odds,2026-10-08T19:27:15.713886+00:00
4320260307020001,2026-03-08,岐阜競輪,F2,A3 challenge,1,チャレンジ一般,20:50,20:45,7,https://keirin.kdreams.jp/gifu/racedetail/4320260307020001/?pageType=odds,2026-10-08T19:26:30.218881+00:00
4320260307020002,2026-03-08,岐阜競輪,F2,A3 challenge,2,チャレンジ一般,21:10,21:05,7,https://keirin.kdreams.jp/gifu/racedetail/4320260307020002/?pageType=odds,2026-10-08T19:26:31.746161+00:00
4320260307020003,2026-03-08,岐阜競輪,F2,A3 challenge,3,チャレンジ準決勝,21:30,21:25,7,https://keirin.kdreams.jp/gifu/racedetail/4320260307020003/?pageType=odds,2026-10-08T19:26:33.299134+00:00
4320260307020004,2026-03-08,岐阜競輪,F2,A3 challenge,4,チャレンジ準決勝,21:50,21:45,7,https://keirin.kdreams.jp/gifu/racedetail/4320260307020004/?pageType=odds,2026-10-08T19:26:34.826623+00:00
8320260307030001,2026-03-09,久留米競輪,F2,A3 challenge,1,チャレンジ一般,20:40,20:35,7,https://keirin.kdreams.jp/kurume/racedetail/8320260307030001/?pageType=odds,2026-10-08T19:26:55.677290+00:00
8320260307030002,2026-03-09,久留米競輪,F2,A3 challenge,2,チャレンジ一般,21:00,20:55,7,https://keirin.kdreams.jp/kurume/racedetail/8320260307030002/?pageType=odds,2026-10-08T19:26:57.208906+00:00
8320260307030003,2026-03-09,久留米競輪,F2,A3 challenge,3,チャレンジ選抜,21:20,21:15,7,https://keirin.kdreams.jp/kurume/racedetail/8320260307030003/?pageType=odds,2026-10-08T19:26:58.945407+00:00
8320260307030008,2026-03-09,久留米競輪,F2,A3 challenge,8,チャレンジ決勝,23:00,22:55,7,https://keirin.kdreams.jp/kurume/racedetail/8320260307030008/?pageType=odds,2026-10-08T19:27:00.812318+00:00
2220260307030001,2026-03-09,前橋競輪,F2,A3 challenge,1,チャレンジ一般,16:00,15:55,7,https://keirin.kdreams.jp/maebashi/racedetail/2220260307030001/?pageType=odds,2026-10-08T19:27:17.422542+00:00
2220260307030002,2026-03-09,前橋競輪,F2,A3 challenge,2,チャレンジ一般,16:24,16:19,7,https://keirin.kdreams.jp/maebashi/racedetail/2220260307030002/?pageType=odds,2026-10-08T19:27:19.096926+00:00
2220260307030003,2026-03-09,前橋競輪,F2,A3 challenge,3,チャレンジ選抜,16:52,16:47,7,https://keirin.kdreams.jp/maebashi/racedetail/2220260307030003/?pageType=odds,2026-10-08T19:27:21.159679+00:00
2220260307030009,2026-03-09,前橋競輪,F2,A3 challenge,9,チャレンジ決勝,19:20,19:15,7,https://keirin.kdreams.jp/maebashi/racedetail/2220260307030009/?pageType=odds,2026-10-08T19:27:22.941593+00:00
2420260309010001,2026-03-09,宇都宮競輪,F2,A3 challenge,1,チャレンジ予選,11:16,11:11,7,https://keirin.kdreams.jp/utsunomiya/racedetail/2420260309010001/?pageType=odds,2026-10-08T19:27:24.687250+00:00
2420260309010002,2026-03-09,宇都宮競輪,F2,A3 challenge,2,チャレンジ予選,11:42,11:37,7,https://keirin.kdreams.jp/utsunomiya/racedetail/2420260309010002/?pageType=odds,2026-10-08T19:27:26.414524+00:00
2420260309010003,2026-03-09,宇都宮競輪,F2,A3 challenge,3,チャレンジ予選,12:08,12:03,7,https://keirin.kdreams.jp/utsunomiya/racedetail/2420260309010003/?pageType=odds,2026-10-08T19:27:28.051537+00:00
2420260309010004,2026-03-09,宇都宮競輪,F2,A3 challenge,4,チャレンジ予選,12:34,12:29,7,https://keirin.kdreams.jp/utsunomiya/racedetail/2420260309010004/?pageType=odds,2026-10-08T19:27:29.802359+00:00
4320260307030001,2026-03-09,岐阜競輪,F2,A3 challenge,1,チャレンジ一般,20:50,20:45,6,https://keirin.kdreams.jp/gifu/racedetail/4320260307030001/?pageType=odds,2026-10-08T19:26:36.494811+00:00
4320260307030002,2026-03-09,岐阜競輪,F2,A3 challenge,2,チャレンジ一般,21:10,21:05,6,https://keirin.kdreams.jp/gifu/racedetail/4320260307030002/?pageType=odds,2026-10-08T19:26:38.064091+00:00
4320260307030003,2026-03-09,岐阜競輪,F2,A3 challenge,3,チャレンジ選抜,21:30,21:25,7,https://keirin.kdreams.jp/gifu/racedetail/4320260307030003/?pageType=odds,2026-10-08T19:26:39.695606+00:00
4320260307030008,2026-03-09,岐阜競輪,F2,A3 challenge,8,チャレンジ決勝,23:10,23:05,7,https://keirin.kdreams.jp/gifu/racedetail/4320260307030008/?pageType=odds,2026-10-08T19:26:41.317630+00:00
3820260310010001,2026-03-10,静岡競輪,F2,A3 challenge,1,チャレンジ予選,16:03,15:58,7,https://keirin.kdreams.jp/shizuoka/racedetail/3820260310010001/?pageType=odds,2026-10-08T19:28:09.326923+00:00
3820260310010002,2026-03-10,静岡競輪,F2,A3 challenge,2,チャレンジ予選,16:27,16:22,7,https://keirin.kdreams.jp/shizuoka/racedetail/3820260310010002/?pageType=odds,2026-10-08T19:28:11.368981+00:00
3820260310010003,2026-03-10,静岡競輪,F2,A3 challenge,3,チャレンジ予選,16:51,16:46,7,https://keirin.kdreams.jp/shizuoka/racedetail/3820260310010003/?pageType=odds,2026-10-08T19:28:13.091913+00:00
3820260310010004,2026-03-10,静岡競輪,F2,A3 challenge,4,チャレンジ予選,17:15,17:10,7,https://keirin.kdreams.jp/shizuoka/racedetail/3820260310010004/?pageType=odds,2026-10-08T19:28:14.793058+00:00
7420260310010001,2026-03-10,高知競輪,F2,A3 challenge,1,チャレンジ予選,20:50,20:45,7,https://keirin.kdreams.jp/kochi/racedetail/7420260310010001/?pageType=odds,2026-10-08T19:27:46.890260+00:00
7420260310010002,2026-03-10,高知競輪,F2,A3 challenge,2,チャレンジ予選,21:10,21:05,7,https://keirin.kdreams.jp/kochi/racedetail/7420260310010002/?pageType=odds,2026-10-08T19:27:48.857888+00:00
7420260310010003,2026-03-10,高知競輪,F2,A3 challenge,3,チャレンジ予選,21:30,21:25,7,https://keirin.kdreams.jp/kochi/racedetail/7420260310010003/?pageType=odds,2026-10-08T19:27:50.808092+00:00
7420260310010004,2026-03-10,高知競輪,F2,A3 challenge,4,チャレンジ予選,21:50,21:45,7,https://keirin.kdreams.jp/kochi/racedetail/7420260310010004/?pageType=odds,2026-10-08T19:27:52.692184+00:00
2420260309020101,2026-03-11,宇都宮競輪,F2,A3 challenge,101,チャレンジ一般,11:21,11:16,7,https://keirin.kdreams.jp/utsunomiya/racedetail/2420260309020101/?pageType=odds,2026-10-08T19:27:31.506453+00:00
2420260309020102,2026-03-11,宇都宮競輪,F2,A3 challenge,102,チャレンジ一般,11:45,11:40,7,https://keirin.kdreams.jp/utsunomiya/racedetail/2420260309020102/?pageType=odds,2026-10-08T19:27:33.193019+00:00
2420260309020103,2026-03-11,宇都宮競輪,F2,A3 challenge,103,チャレンジ準決勝,12:09,12:04,7,https://keirin.kdreams.jp/utsunomiya/racedetail/2420260309020103/?pageType=odds,2026-10-08T19:27:34.946367+00:00
2420260309020104,2026-03-11,宇都宮競輪,F2,A3 challenge,104,チャレンジ準決勝,12:33,12:28,7,https://keirin.kdreams.jp/utsunomiya/racedetail/2420260309020104/?pageType=odds,2026-10-08T19:27:36.877618+00:00
3820260310020001,2026-03-11,静岡競輪,F2,A3 challenge,1,チャレンジ一般,16:00,15:55,7,https://keirin.kdreams.jp/shizuoka/racedetail/3820260310020001/?pageType=odds,2026-10-08T19:28:16.457086+00:00
3820260310020002,2026-03-11,静岡競輪,F2,A3 challenge,2,チャレンジ一般,16:24,16:19,7,https://keirin.kdreams.jp/shizuoka/racedetail/3820260310020002/?pageType=odds,2026-10-08T19:28:18.032439+00:00
3820260310020003,2026-03-11,静岡競輪,F2,A3 challenge,3,チャレンジ準決勝,16:52,16:47,7,https://keirin.kdreams.jp/shizuoka/racedetail/3820260310020003/?pageType=odds,2026-10-08T19:28:19.645848+00:00
3820260310020004,2026-03-11,静岡競輪,F2,A3 challenge,4,チャレンジ準決勝,17:16,17:11,7,https://keirin.kdreams.jp/shizuoka/racedetail/3820260310020004/?pageType=odds,2026-10-08T19:28:21.518113+00:00
7420260310020001,2026-03-11,高知競輪,F2,A3 challenge,1,チャレンジ一般,20:50,20:45,6,https://keirin.kdreams.jp/kochi/racedetail/7420260310020001/?pageType=odds,2026-10-08T19:27:54.294810+00:00
7420260310020002,2026-03-11,高知競輪,F2,A3 challenge,2,チャレンジ一般,21:10,21:05,7,https://keirin.kdreams.jp/kochi/racedetail/7420260310020002/?pageType=odds,2026-10-08T19:27:56.222034+00:00
7420260310020003,2026-03-11,高知競輪,F2,A3 challenge,3,チャレンジ準決勝,21:30,21:25,7,https://keirin.kdreams.jp/kochi/racedetail/7420260310020003/?pageType=odds,2026-10-08T19:27:57.914996+00:00
7420260310020004,2026-03-11,高知競輪,F2,A3 challenge,4,チャレンジ準決勝,21:50,21:45,7,https://keirin.kdreams.jp/kochi/racedetail/7420260310020004/?pageType=odds,2026-10-08T19:28:00.082933+00:00
5520260312010001,2026-03-12,和歌山競輪,F2,A3 challenge,1,チャレンジ予選,08:50,08:45,7,https://keirin.kdreams.jp/wakayama/racedetail/5520260312010001/?pageType=odds,2026-10-08T19:28:30.144286+00:00
5520260312010002,2026-03-12,和歌山競輪,F2,A3 challenge,2,チャレンジ予選,09:10,09:05,7,https://keirin.kdreams.jp/wakayama/racedetail/5520260312010002/?pageType=odds,2026-10-08T19:28:31.842149+00:00
5520260312010003,2026-03-12,和歌山競輪,F2,A3 challenge,3,チャレンジ予選,09:31,09:26,7,https://keirin.kdreams.jp/wakayama/racedetail/5520260312010003/?pageType=odds,2026-10-08T19:28:33.878820+00:00
5520260312010004,2026-03-12,和歌山競輪,F2,A3 challenge,4,チャレンジ予選,09:52,09:47,7,https://keirin.kdreams.jp/wakayama/racedetail/5520260312010004/?pageType=odds,2026-10-08T19:28:35.436255+00:00
5520260312010005,2026-03-12,和歌山競輪,F2,A3 challenge,5,チャレンジ予選,10:13,10:08,7,https://keirin.kdreams.jp/wakayama/racedetail/5520260312010005/?pageType=odds,2026-10-08T19:28:37.175654+00:00
5520260312010006,2026-03-12,和歌山競輪,F2,A3 challenge,6,チャレンジ予選,10:34,10:29,7,https://keirin.kdreams.jp/wakayama/racedetail/5520260312010006/?pageType=odds,2026-10-08T19:28:39.057885+00:00
5520260312010007,2026-03-12,和歌山競輪,F2,A3 challenge,7,チャレンジ予選,10:55,10:50,7,https://keirin.kdreams.jp/wakayama/racedetail/5520260312010007/?pageType=odds,2026-10-08T19:28:40.888876+00:00
2420260309040001,2026-03-12,宇都宮競輪,F2,A3 challenge,1,チャレンジ一般,11:16,11:11,5,https://keirin.kdreams.jp/utsunomiya/racedetail/2420260309040001/?pageType=odds,2026-10-08T19:27:38.446989+00:00
2420260309040002,2026-03-12,宇都宮競輪,F2,A3 challenge,2,チャレンジ一般,11:42,11:37,6,https://keirin.kdreams.jp/utsunomiya/racedetail/2420260309040002/?pageType=odds,2026-10-08T19:27:40.857386+00:00
2420260309040003,2026-03-12,宇都宮競輪,F2,A3 challenge,3,チャレンジ選抜,12:08,12:03,7,https://keirin.kdreams.jp/utsunomiya/racedetail/2420260309040003/?pageType=odds,2026-10-08T19:27:42.762487+00:00
2420260309040009,2026-03-12,宇都宮競輪,F2,A3 challenge,9,チャレンジ決勝,14:54,14:49,7,https://keirin.kdreams.jp/utsunomiya/racedetail/2420260309040009/?pageType=odds,2026-10-08T19:27:44.998132+00:00
3820260310030001,2026-03-12,静岡競輪,F2,A3 challenge,1,チャレンジ一般,15:55,15:50,6,https://keirin.kdreams.jp/shizuoka/racedetail/3820260310030001/?pageType=odds,2026-10-08T19:28:23.421048+00:00
3820260310030002,2026-03-12,静岡競輪,F2,A3 challenge,2,チャレンジ一般,16:25,16:20,6,https://keirin.kdreams.jp/shizuoka/racedetail/3820260310030002/?pageType=odds,2026-10-08T19:28:25.024228+00:00
3820260310030003,2026-03-12,静岡競輪,F2,A3 challenge,3,チャレンジ選抜,16:47,16:42,7,https://keirin.kdreams.jp/shizuoka/racedetail/3820260310030003/?pageType=odds,2026-10-08T19:28:26.704513+00:00
3820260310030009,2026-03-12,静岡競輪,F2,A3 challenge,9,チャレンジ決勝,19:17,19:12,7,https://keirin.kdreams.jp/shizuoka/racedetail/3820260310030009/?pageType=odds,2026-10-08T19:28:28.432071+00:00
7420260310030001,2026-03-12,高知競輪,F2,A3 challenge,1,チャレンジ一般,20:50,20:45,6,https://keirin.kdreams.jp/kochi/racedetail/7420260310030001/?pageType=odds,2026-10-08T19:28:01.755240+00:00
7420260310030002,2026-03-12,高知競輪,F2,A3 challenge,2,チャレンジ一般,21:10,21:05,7,https://keirin.kdreams.jp/kochi/racedetail/7420260310030002/?pageType=odds,2026-10-08T19:28:03.544569+00:00
7420260310030003,2026-03-12,高知競輪,F2,A3 challenge,3,チャレンジ選抜,21:30,21:25,7,https://keirin.kdreams.jp/kochi/racedetail/7420260310030003/?pageType=odds,2026-10-08T19:28:05.298161+00:00
7420260310030008,2026-03-12,高知競輪,F2,A3 challenge,8,チャレンジ決勝,23:10,23:05,7,https://keirin.kdreams.jp/kochi/racedetail/7420260310030008/?pageType=odds,2026-10-08T19:28:07.017999+00:00
5520260312020002,2026-03-13,和歌山競輪,F2,A3 challenge,2,チャレンジ一般,09:10,09:05,6,https://keirin.kdreams.jp/wakayama/racedetail/5520260312020002/?pageType=odds,2026-10-08T19:28:42.324569+00:00
5520260312020003,2026-03-13,和歌山競輪,F2,A3 challenge,3,チャレンジ選抜,09:31,09:26,7,https://keirin.kdreams.jp/wakayama/racedetail/5520260312020003/?pageType=odds,2026-10-08T19:28:44.021705+00:00
5520260312020004,2026-03-13,和歌山競輪,F2,A3 challenge,4,チャレンジ選抜,09:52,09:47,7,https://keirin.kdreams.jp/wakayama/racedetail/5520260312020004/?pageType=odds,2026-10-08T19:28:45.776017+00:00
5520260312020005,2026-03-13,和歌山競輪,F2,A3 challenge,5,チャレンジ準決勝,10:13,10:08,7,https://keirin.kdreams.jp/wakayama/racedetail/5520260312020005/?pageType=odds,2026-10-08T19:28:47.468365+00:00
5520260312020006,2026-03-13,和歌山競輪,F2,A3 challenge,6,チャレンジ準決勝,10:34,10:29,7,https://keirin.kdreams.jp/wakayama/racedetail/5520260312020006/?pageType=odds,2026-10-08T19:28:49.338053+00:00
5520260312020007,2026-03-13,和歌山競輪,F2,A3 challenge,7,チャレンジ準決勝,10:55,10:50,7,https://keirin.kdreams.jp/wakayama/racedetail/5520260312020007/?pageType=odds,2026-10-08T19:28:50.930581+00:00
4420260313010001,2026-03-13,大垣競輪,F2,A3 challenge,1,チャレンジ予選,20:40,20:35,7,https://keirin.kdreams.jp/ogaki/racedetail/4420260313010001/?pageType=odds,2026-10-08T19:29:26.030308+00:00
4420260313010002,2026-03-13,大垣競輪,F2,A3 challenge,2,チャレンジ予選,21:00,20:55,7,https://keirin.kdreams.jp/ogaki/racedetail/4420260313010002/?pageType=odds,2026-10-08T19:29:28.147681+00:00
4420260313010003,2026-03-13,大垣競輪,F2,A3 challenge,3,チャレンジ予選,21:20,21:15,7,https://keirin.kdreams.jp/ogaki/racedetail/4420260313010003/?pageType=odds,2026-10-08T19:29:29.819731+00:00
4420260313010004,2026-03-13,大垣競輪,F2,A3 challenge,4,チャレンジ予選,21:40,21:35,7,https://keirin.kdreams.jp/ogaki/racedetail/4420260313010004/?pageType=odds,2026-10-08T19:29:31.427956+00:00
6220260313010001,2026-03-13,広島競輪,F2,A3 challenge,1,チャレンジ予選,15:55,15:50,7,https://keirin.kdreams.jp/hiroshima/racedetail/6220260313010001/?pageType=odds,2026-10-08T19:29:04.362668+00:00
6220260313010002,2026-03-13,広島競輪,F2,A3 challenge,2,チャレンジ予選,16:25,16:20,7,https://keirin.kdreams.jp/hiroshima/racedetail/6220260313010002/?pageType=odds,2026-10-08T19:29:06.143671+00:00
6220260313010003,2026-03-13,広島競輪,F2,A3 challenge,3,チャレンジ予選,16:47,16:42,7,https://keirin.kdreams.jp/hiroshima/racedetail/6220260313010003/?pageType=odds,2026-10-08T19:29:08.051427+00:00
6220260313010004,2026-03-13,広島競輪,F2,A3 challenge,4,チャレンジ予選,17:11,17:06,7,https://keirin.kdreams.jp/hiroshima/racedetail/6220260313010004/?pageType=odds,2026-10-08T19:29:10.016274+00:00
5520260312030001,2026-03-14,和歌山競輪,F2,A3 challenge,1,チャレンジ一般,08:50,08:45,5,https://keirin.kdreams.jp/wakayama/racedetail/5520260312030001/?pageType=odds,2026-10-08T19:28:52.485262+00:00
5520260312030002,2026-03-14,和歌山競輪,F2,A3 challenge,2,チャレンジ一般,09:10,09:05,5,https://keirin.kdreams.jp/wakayama/racedetail/5520260312030002/?pageType=odds,2026-10-08T19:28:54.010561+00:00
5520260312030003,2026-03-14,和歌山競輪,F2,A3 challenge,3,チャレンジ一般,09:30,09:25,5,https://keirin.kdreams.jp/wakayama/racedetail/5520260312030003/?pageType=odds,2026-10-08T19:28:55.510200+00:00
5520260312030004,2026-03-14,和歌山競輪,F2,A3 challenge,4,チャレンジ選抜,09:50,09:45,7,https://keirin.kdreams.jp/wakayama/racedetail/5520260312030004/?pageType=odds,2026-10-08T19:28:57.236348+00:00
5520260312030005,2026-03-14,和歌山競輪,F2,A3 challenge,5,チャレンジ選抜,10:10,10:05,7,https://keirin.kdreams.jp/wakayama/racedetail/5520260312030005/?pageType=odds,2026-10-08T19:28:59.069494+00:00
5520260312030006,2026-03-14,和歌山競輪,F2,A3 challenge,6,チャレンジ選抜,10:30,10:25,7,https://keirin.kdreams.jp/wakayama/racedetail/5520260312030006/?pageType=odds,2026-10-08T19:29:01.015396+00:00
5520260312030007,2026-03-14,和歌山競輪,F2,A3 challenge,7,チャレンジ決勝,10:50,10:45,7,https://keirin.kdreams.jp/wakayama/racedetail/5520260312030007/?pageType=odds,2026-10-08T19:29:02.686551+00:00
4420260313020001,2026-03-14,大垣競輪,F2,A3 challenge,1,チャレンジ一般,20:40,20:35,6,https://keirin.kdreams.jp/ogaki/racedetail/4420260313020001/?pageType=odds,2026-10-08T19:29:33.122433+00:00
4420260313020002,2026-03-14,大垣競輪,F2,A3 challenge,2,チャレンジ一般,21:00,20:55,6,https://keirin.kdreams.jp/ogaki/racedetail/4420260313020002/?pageType=odds,2026-10-08T19:29:34.741761+00:00
4420260313020003,2026-03-14,大垣競輪,F2,A3 challenge,3,チャレンジ準決勝,21:20,21:15,7,https://keirin.kdreams.jp/ogaki/racedetail/4420260313020003/?pageType=odds,2026-10-08T19:29:36.428511+00:00
4420260313020004,2026-03-14,大垣競輪,F2,A3 challenge,4,チャレンジ準決勝,21:40,21:35,7,https://keirin.kdreams.jp/ogaki/racedetail/4420260313020004/?pageType=odds,2026-10-08T19:29:37.983058+00:00
5320260314010001,2026-03-14,奈良競輪,F2,A3 challenge,1,チャレンジ予選,11:12,11:07,7,https://keirin.kdreams.jp/nara/racedetail/5320260314010001/?pageType=odds,2026-10-08T19:30:23.145617+00:00
5320260314010002,2026-03-14,奈良競輪,F2,A3 challenge,2,チャレンジ予選,11:34,11:29,7,https://keirin.kdreams.jp/nara/racedetail/5320260314010002/?pageType=odds,2026-10-08T19:30:24.911739+00:00
5320260314010003,2026-03-14,奈良競輪,F2,A3 challenge,3,チャレンジ予選,11:57,11:52,7,https://keirin.kdreams.jp/nara/racedetail/5320260314010003/?pageType=odds,2026-10-08T19:30:26.557775+00:00
5320260314010004,2026-03-14,奈良競輪,F2,A3 challenge,4,チャレンジ予選,12:20,12:15,7,https://keirin.kdreams.jp/nara/racedetail/5320260314010004/?pageType=odds,2026-10-08T19:30:28.331541+00:00
6220260313020001,2026-03-14,広島競輪,F2,A3 challenge,1,チャレンジ一般,15:55,15:50,7,https://keirin.kdreams.jp/hiroshima/racedetail/6220260313020001/?pageType=odds,2026-10-08T19:29:11.735364+00:00
6220260313020002,2026-03-14,広島競輪,F2,A3 challenge,2,チャレンジ一般,16:25,16:20,7,https://keirin.kdreams.jp/hiroshima/racedetail/6220260313020002/?pageType=odds,2026-10-08T19:29:13.528974+00:00
6220260313020003,2026-03-14,広島競輪,F2,A3 challenge,3,チャレンジ準決勝,16:47,16:42,7,https://keirin.kdreams.jp/hiroshima/racedetail/6220260313020003/?pageType=odds,2026-10-08T19:29:15.380482+00:00
6220260313020004,2026-03-14,広島競輪,F2,A3 challenge,4,チャレンジ準決勝,17:11,17:06,7,https://keirin.kdreams.jp/hiroshima/racedetail/6220260313020004/?pageType=odds,2026-10-08T19:29:17.298373+00:00
8720260314010001,2026-03-14,熊本競輪,F2,A3 challenge,1,チャレンジ予選,09:00,08:55,7,https://keirin.kdreams.jp/kumamoto/racedetail/8720260314010001/?pageType=odds,2026-10-08T19:29:46.746980+00:00
8720260314010002,2026-03-14,熊本競輪,F2,A3 challenge,2,チャレンジ予選,09:20,09:15,7,https://keirin.kdreams.jp/kumamoto/racedetail/8720260314010002/?pageType=odds,2026-10-08T19:29:48.627350+00:00
8720260314010003,2026-03-14,熊本競輪,F2,A3 challenge,3,チャレンジ予選,09:40,09:35,7,https://keirin.kdreams.jp/kumamoto/racedetail/8720260314010003/?pageType=odds,2026-10-08T19:29:50.296142+00:00
8720260314010004,2026-03-14,熊本競輪,F2,A3 challenge,4,チャレンジ予選,10:00,09:55,7,https://keirin.kdreams.jp/kumamoto/racedetail/8720260314010004/?pageType=odds,2026-10-08T19:29:52.281847+00:00
8720260314010005,2026-03-14,熊本競輪,F2,A3 challenge,5,チャレンジ予選,10:20,10:15,7,https://keirin.kdreams.jp/kumamoto/racedetail/8720260314010005/?pageType=odds,2026-10-08T19:29:53.961571+00:00
8720260314010006,2026-03-14,熊本競輪,F2,A3 challenge,6,チャレンジ予選,10:40,10:35,7,https://keirin.kdreams.jp/kumamoto/racedetail/8720260314010006/?pageType=odds,2026-10-08T19:29:55.563523+00:00
8720260314010007,2026-03-14,熊本競輪,F2,A3 challenge,7,チャレンジ予選,11:00,10:55,7,https://keirin.kdreams.jp/kumamoto/racedetail/8720260314010007/?pageType=odds,2026-10-08T19:29:57.384222+00:00
4420260313030001,2026-03-15,大垣競輪,F2,A3 challenge,1,チャレンジ一般,20:40,20:35,5,https://keirin.kdreams.jp/ogaki/racedetail/4420260313030001/?pageType=odds,2026-10-08T19:29:39.663384+00:00
4420260313030002,2026-03-15,大垣競輪,F2,A3 challenge,2,チャレンジ一般,21:00,20:55,6,https://keirin.kdreams.jp/ogaki/racedetail/4420260313030002/?pageType=odds,2026-10-08T19:29:41.434486+00:00
4420260313030003,2026-03-15,大垣競輪,F2,A3 challenge,3,チャレンジ選抜,21:20,21:15,7,https://keirin.kdreams.jp/ogaki/racedetail/4420260313030003/?pageType=odds,2026-10-08T19:29:43.166450+00:00
4420260313030008,2026-03-15,大垣競輪,F2,A3 challenge,8,チャレンジ決勝,23:00,22:55,7,https://keirin.kdreams.jp/ogaki/racedetail/4420260313030008/?pageType=odds,2026-10-08T19:29:44.909930+00:00
5320260314020001,2026-03-15,奈良競輪,F2,A3 challenge,1,チャレンジ一般,11:12,11:07,6,https://keirin.kdreams.jp/nara/racedetail/5320260314020001/?pageType=odds,2026-10-08T19:30:29.903243+00:00
5320260314020002,2026-03-15,奈良競輪,F2,A3 challenge,2,チャレンジ一般,11:34,11:29,6,https://keirin.kdreams.jp/nara/racedetail/5320260314020002/?pageType=odds,2026-10-08T19:30:31.446968+00:00
5320260314020003,2026-03-15,奈良競輪,F2,A3 challenge,3,チャレンジ準決勝,11:57,11:52,7,https://keirin.kdreams.jp/nara/racedetail/5320260314020003/?pageType=odds,2026-10-08T19:30:33.337913+00:00
5320260314020004,2026-03-15,奈良競輪,F2,A3 challenge,4,チャレンジ準決勝,12:20,12:15,7,https://keirin.kdreams.jp/nara/racedetail/5320260314020004/?pageType=odds,2026-10-08T19:30:35.025364+00:00
6220260313030001,2026-03-15,広島競輪,F2,A3 challenge,1,チャレンジ一般,15:55,15:50,6,https://keirin.kdreams.jp/hiroshima/racedetail/6220260313030001/?pageType=odds,2026-10-08T19:29:18.992618+00:00
6220260313030002,2026-03-15,広島競輪,F2,A3 challenge,2,チャレンジ一般,16:25,16:20,7,https://keirin.kdreams.jp/hiroshima/racedetail/6220260313030002/?pageType=odds,2026-10-08T19:29:20.596506+00:00
6220260313030003,2026-03-15,広島競輪,F2,A3 challenge,3,チャレンジ選抜,16:47,16:42,7,https://keirin.kdreams.jp/hiroshima/racedetail/6220260313030003/?pageType=odds,2026-10-08T19:29:22.327430+00:00
6220260313030009,2026-03-15,広島競輪,F2,A3 challenge,9,チャレンジ決勝,19:17,19:12,7,https://keirin.kdreams.jp/hiroshima/racedetail/6220260313030009/?pageType=odds,2026-10-08T19:29:24.013104+00:00
8720260314020001,2026-03-15,熊本競輪,F2,A3 challenge,1,チャレンジ一般,08:50,08:45,6,https://keirin.kdreams.jp/kumamoto/racedetail/8720260314020001/?pageType=odds,2026-10-08T19:29:58.969290+00:00
8720260314020002,2026-03-15,熊本競輪,F2,A3 challenge,2,チャレンジ一般,09:10,09:05,7,https://keirin.kdreams.jp/kumamoto/racedetail/8720260314020002/?pageType=odds,2026-10-08T19:30:00.739183+00:00
8720260314020003,2026-03-15,熊本競輪,F2,A3 challenge,3,チャレンジ選抜,09:31,09:26,7,https://keirin.kdreams.jp/kumamoto/racedetail/8720260314020003/?pageType=odds,2026-10-08T19:30:02.455381+00:00
8720260314020004,2026-03-15,熊本競輪,F2,A3 challenge,4,チャレンジ選抜,09:52,09:47,7,https://keirin.kdreams.jp/kumamoto/racedetail/8720260314020004/?pageType=odds,2026-10-08T19:30:04.172911+00:00
8720260314020005,2026-03-15,熊本競輪,F2,A3 challenge,5,チャレンジ準決勝,10:13,10:08,7,https://keirin.kdreams.jp/kumamoto/racedetail/8720260314020005/?pageType=odds,2026-10-08T19:30:05.924508+00:00
8720260314020006,2026-03-15,熊本競輪,F2,A3 challenge,6,チャレンジ準決勝,10:34,10:29,7,https://keirin.kdreams.jp/kumamoto/racedetail/8720260314020006/?pageType=odds,2026-10-08T19:30:07.504690+00:00
8720260314020007,2026-03-15,熊本競輪,F2,A3 challenge,7,チャレンジ準決勝,10:55,10:50,7,https://keirin.kdreams.jp/kumamoto/racedetail/8720260314020007/?pageType=odds,2026-10-08T19:30:09.039011+00:00
5320260314030001,2026-03-16,奈良競輪,F2,A3 challenge,1,チャレンジ一般,11:21,11:16,6,https://keirin.kdreams.jp/nara/racedetail/5320260314030001/?pageType=odds,2026-10-08T19:30:36.949446+00:00
5320260314030002,2026-03-16,奈良競輪,F2,A3 challenge,2,チャレンジ一般,11:45,11:40,6,https://keirin.kdreams.jp/nara/racedetail/5320260314030002/?pageType=odds,2026-10-08T19:30:38.749507+00:00
5320260314030003,2026-03-16,奈良競輪,F2,A3 challenge,3,チャレンジ選抜,12:09,12:04,7,https://keirin.kdreams.jp/nara/racedetail/5320260314030003/?pageType=odds,2026-10-08T19:30:39.882013+00:00
5320260314030004,2026-03-16,奈良競輪,F2,A3 challenge,4,チャレンジ決勝,12:33,12:28,7,https://keirin.kdreams.jp/nara/racedetail/5320260314030004/?pageType=odds,2026-10-08T19:30:41.063871+00:00
8720260314030001,2026-03-16,熊本競輪,F2,A3 challenge,1,チャレンジ一般,08:50,08:45,6,https://keirin.kdreams.jp/kumamoto/racedetail/8720260314030001/?pageType=odds,2026-10-08T19:30:10.702948+00:00
8720260314030002,2026-03-16,熊本競輪,F2,A3 challenge,2,チャレンジ一般,09:10,09:05,6,https://keirin.kdreams.jp/kumamoto/racedetail/8720260314030002/?pageType=odds,2026-10-08T19:30:12.350232+00:00
8720260314030003,2026-03-16,熊本競輪,F2,A3 challenge,3,チャレンジ一般,09:31,09:26,7,https://keirin.kdreams.jp/kumamoto/racedetail/8720260314030003/?pageType=odds,2026-10-08T19:30:14.372372+00:00
8720260314030004,2026-03-16,熊本競輪,F2,A3 challenge,4,チャレンジ選抜,09:52,09:47,7,https://keirin.kdreams.jp/kumamoto/racedetail/8720260314030004/?pageType=odds,2026-10-08T19:30:16.093201+00:00
8720260314030005,2026-03-16,熊本競輪,F2,A3 challenge,5,チャレンジ選抜,10:13,10:08,7,https://keirin.kdreams.jp/kumamoto/racedetail/8720260314030005/?pageType=odds,2026-10-08T19:30:17.794611+00:00
8720260314030006,2026-03-16,熊本競輪,F2,A3 challenge,6,チャレンジ選抜,10:34,10:29,7,https://keirin.kdreams.jp/kumamoto/racedetail/8720260314030006/?pageType=odds,2026-10-08T19:30:19.522555+00:00
8720260314030007,2026-03-16,熊本競輪,F2,A3 challenge,7,チャレンジ決勝,10:55,10:50,7,https://keirin.kdreams.jp/kumamoto/racedetail/8720260314030007/?pageType=odds,2026-10-08T19:30:21.405379+00:00
2420260317010001,2026-03-17,宇都宮競輪,F2,A3 challenge,1,チャレンジ予選,11:16,11:11,7,https://keirin.kdreams.jp/utsunomiya/racedetail/2420260317010001/?pageType=odds,2026-10-08T19:30:42.187976+00:00
2420260317010002,2026-03-17,宇都宮競輪,F2,A3 challenge,2,チャレンジ予選,11:42,11:37,7,https://keirin.kdreams.jp/utsunomiya/racedetail/2420260317010002/?pageType=odds,2026-10-08T19:30:44.018127+00:00
2420260317010003,2026-03-17,宇都宮競輪,F2,A3 challenge,3,チャレンジ予選,12:08,12:03,7,https://keirin.kdreams.jp/utsunomiya/racedetail/2420260317010003/?pageType=odds,2026-10-08T19:30:45.647121+00:00
2420260317010004,2026-03-17,宇都宮競輪,F2,A3 challenge,4,チャレンジ予選,12:36,12:31,7,https://keirin.kdreams.jp/utsunomiya/racedetail/2420260317010004/?pageType=odds,2026-10-08T19:30:47.383848+00:00
2420260317020001,2026-03-18,宇都宮競輪,F2,A3 challenge,1,チャレンジ一般,11:16,11:11,5,https://keirin.kdreams.jp/utsunomiya/racedetail/2420260317020001/?pageType=odds,2026-10-08T19:30:48.828458+00:00
2420260317020002,2026-03-18,宇都宮競輪,F2,A3 challenge,2,チャレンジ一般,11:42,11:37,6,https://keirin.kdreams.jp/utsunomiya/racedetail/2420260317020002/?pageType=odds,2026-10-08T19:30:50.337798+00:00
2420260317020003,2026-03-18,宇都宮競輪,F2,A3 challenge,3,チャレンジ準決勝,12:08,12:03,7,https://keirin.kdreams.jp/utsunomiya/racedetail/2420260317020003/?pageType=odds,2026-10-08T19:30:52.063133+00:00
2420260317020004,2026-03-18,宇都宮競輪,F2,A3 challenge,4,チャレンジ準決勝,12:36,12:31,7,https://keirin.kdreams.jp/utsunomiya/racedetail/2420260317020004/?pageType=odds,2026-10-08T19:30:53.720431+00:00
2320260319010001,2026-03-19,取手競輪,F2,A3 challenge,1,チャレンジ予選,09:00,08:55,7,https://keirin.kdreams.jp/toride/racedetail/2320260319010001/?pageType=odds,2026-10-08T19:31:43.066042+00:00
2320260319010002,2026-03-19,取手競輪,F2,A3 challenge,2,チャレンジ予選,09:20,09:15,7,https://keirin.kdreams.jp/toride/racedetail/2320260319010002/?pageType=odds,2026-10-08T19:31:44.869417+00:00
2320260319010003,2026-03-19,取手競輪,F2,A3 challenge,3,チャレンジ予選,09:40,09:35,7,https://keirin.kdreams.jp/toride/racedetail/2320260319010003/?pageType=odds,2026-10-08T19:31:46.638677+00:00
2320260319010004,2026-03-19,取手競輪,F2,A3 challenge,4,チャレンジ予選,10:00,09:55,7,https://keirin.kdreams.jp/toride/racedetail/2320260319010004/?pageType=odds,2026-10-08T19:31:48.248534+00:00
2320260319010005,2026-03-19,取手競輪,F2,A3 challenge,5,チャレンジ予選,10:20,10:15,7,https://keirin.kdreams.jp/toride/racedetail/2320260319010005/?pageType=odds,2026-10-08T19:31:49.959878+00:00
2320260319010006,2026-03-19,取手競輪,F2,A3 challenge,6,チャレンジ予選,10:40,10:35,7,https://keirin.kdreams.jp/toride/racedetail/2320260319010006/?pageType=odds,2026-10-08T19:31:51.566030+00:00
2320260319010007,2026-03-19,取手競輪,F2,A3 challenge,7,チャレンジ予選,11:00,10:55,7,https://keirin.kdreams.jp/toride/racedetail/2320260319010007/?pageType=odds,2026-10-08T19:31:53.049734+00:00
2420260317030001,2026-03-19,宇都宮競輪,F2,A3 challenge,1,チャレンジ一般,10:55,10:50,6,https://keirin.kdreams.jp/utsunomiya/racedetail/2420260317030001/?pageType=odds,2026-10-08T19:30:55.312599+00:00
2420260317030002,2026-03-19,宇都宮競輪,F2,A3 challenge,2,チャレンジ一般,11:20,11:15,7,https://keirin.kdreams.jp/utsunomiya/racedetail/2420260317030002/?pageType=odds,2026-10-08T19:30:56.942273+00:00
2420260317030003,2026-03-19,宇都宮競輪,F2,A3 challenge,3,チャレンジ選抜,11:50,11:45,7,https://keirin.kdreams.jp/utsunomiya/racedetail/2420260317030003/?pageType=odds,2026-10-08T19:30:58.887425+00:00
2420260317030009,2026-03-19,宇都宮競輪,F2,A3 challenge,9,チャレンジ決勝,14:55,14:50,7,https://keirin.kdreams.jp/utsunomiya/racedetail/2420260317030009/?pageType=odds,2026-10-08T19:31:00.552807+00:00
8120260319010001,2026-03-19,小倉競輪,F2,A3 challenge,1,チャレンジ予選,15:57,15:52,7,https://keirin.kdreams.jp/kokura/racedetail/8120260319010001/?pageType=odds,2026-10-08T19:31:02.618046+00:00
8120260319010002,2026-03-19,小倉競輪,F2,A3 challenge,2,チャレンジ予選,16:21,16:16,7,https://keirin.kdreams.jp/kokura/racedetail/8120260319010002/?pageType=odds,2026-10-08T19:31:04.318709+00:00
8120260319010003,2026-03-19,小倉競輪,F2,A3 challenge,3,チャレンジ予選,16:50,16:45,7,https://keirin.kdreams.jp/kokura/racedetail/8120260319010003/?pageType=odds,2026-10-08T19:31:05.992158+00:00
8120260319010004,2026-03-19,小倉競輪,F2,A3 challenge,4,チャレンジ予選,17:14,17:09,7,https://keirin.kdreams.jp/kokura/racedetail/8120260319010004/?pageType=odds,2026-10-08T19:31:07.807694+00:00
8420260319010001,2026-03-19,武雄競輪,F2,A3 challenge,1,チャレンジ予選,20:50,20:45,7,https://keirin.kdreams.jp/takeo/racedetail/8420260319010001/?pageType=odds,2026-10-08T19:31:22.547133+00:00
8420260319010002,2026-03-19,武雄競輪,F2,A3 challenge,2,チャレンジ予選,21:10,21:05,7,https://keirin.kdreams.jp/takeo/racedetail/8420260319010002/?pageType=odds,2026-10-08T19:31:24.380953+00:00
8420260319010003,2026-03-19,武雄競輪,F2,A3 challenge,3,チャレンジ予選,21:30,21:25,7,https://keirin.kdreams.jp/takeo/racedetail/8420260319010003/?pageType=odds,2026-10-08T19:31:26.084119+00:00
8420260319010004,2026-03-19,武雄競輪,F2,A3 challenge,4,チャレンジ予選,21:50,21:45,7,https://keirin.kdreams.jp/takeo/racedetail/8420260319010004/?pageType=odds,2026-10-08T19:31:27.695934+00:00
2320260319020001,2026-03-20,取手競輪,F2,A3 challenge,1,チャレンジ一般,08:50,08:45,7,https://keirin.kdreams.jp/toride/racedetail/2320260319020001/?pageType=odds,2026-10-08T19:31:54.607564+00:00
2320260319020002,2026-03-20,取手競輪,F2,A3 challenge,2,チャレンジ一般,09:10,09:05,7,https://keirin.kdreams.jp/toride/racedetail/2320260319020002/?pageType=odds,2026-10-08T19:31:56.282998+00:00
2320260319020003,2026-03-20,取手競輪,F2,A3 challenge,3,チャレンジ選抜,09:31,09:26,7,https://keirin.kdreams.jp/toride/racedetail/2320260319020003/?pageType=odds,2026-10-08T19:31:57.887903+00:00
2320260319020004,2026-03-20,取手競輪,F2,A3 challenge,4,チャレンジ選抜,09:52,09:47,7,https://keirin.kdreams.jp/toride/racedetail/2320260319020004/?pageType=odds,2026-10-08T19:31:59.420409+00:00
2320260319020005,2026-03-20,取手競輪,F2,A3 challenge,5,チャレンジ準決勝,10:13,10:08,7,https://keirin.kdreams.jp/toride/racedetail/2320260319020005/?pageType=odds,2026-10-08T19:32:01.001644+00:00
2320260319020006,2026-03-20,取手競輪,F2,A3 challenge,6,チャレンジ準決勝,10:34,10:29,7,https://keirin.kdreams.jp/toride/racedetail/2320260319020006/?pageType=odds,2026-10-08T19:32:02.552941+00:00
2320260319020007,2026-03-20,取手競輪,F2,A3 challenge,7,チャレンジ準決勝,10:55,10:50,7,https://keirin.kdreams.jp/toride/racedetail/2320260319020007/?pageType=odds,2026-10-08T19:32:04.108605+00:00
8120260319020001,2026-03-20,小倉競輪,F2,A3 challenge,1,チャレンジ一般,15:57,15:52,7,https://keirin.kdreams.jp/kokura/racedetail/8120260319020001/?pageType=odds,2026-10-08T19:31:09.604615+00:00
8120260319020002,2026-03-20,小倉競輪,F2,A3 challenge,2,チャレンジ一般,16:22,16:17,7,https://keirin.kdreams.jp/kokura/racedetail/8120260319020002/?pageType=odds,2026-10-08T19:31:11.271387+00:00
8120260319020003,2026-03-20,小倉競輪,F2,A3 challenge,3,チャレンジ準決勝,16:54,16:49,7,https://keirin.kdreams.jp/kokura/racedetail/8120260319020003/?pageType=odds,2026-10-08T19:31:12.944380+00:00
8120260319020004,2026-03-20,小倉競輪,F2,A3 challenge,4,チャレンジ準決勝,17:18,17:13,7,https://keirin.kdreams.jp/kokura/racedetail/8120260319020004/?pageType=odds,2026-10-08T19:31:14.509382+00:00
8420260319020001,2026-03-20,武雄競輪,F2,A3 challenge,1,チャレンジ一般,20:50,20:45,7,https://keirin.kdreams.jp/takeo/racedetail/8420260319020001/?pageType=odds,2026-10-08T19:31:29.423495+00:00
8420260319020002,2026-03-20,武雄競輪,F2,A3 challenge,2,チャレンジ一般,21:10,21:05,7,https://keirin.kdreams.jp/takeo/racedetail/8420260319020002/?pageType=odds,2026-10-08T19:31:31.354760+00:00
8420260319020003,2026-03-20,武雄競輪,F2,A3 challenge,3,チャレンジ準決勝,21:30,21:25,7,https://keirin.kdreams.jp/takeo/racedetail/8420260319020003/?pageType=odds,2026-10-08T19:31:33.032441+00:00
8420260319020004,2026-03-20,武雄競輪,F2,A3 challenge,4,チャレンジ準決勝,21:50,21:45,7,https://keirin.kdreams.jp/takeo/racedetail/8420260319020004/?pageType=odds,2026-10-08T19:31:34.659265+00:00
2320260319030001,2026-03-21,取手競輪,F2,A3 challenge,1,チャレンジ一般,08:50,08:45,6,https://keirin.kdreams.jp/toride/racedetail/2320260319030001/?pageType=odds,2026-10-08T19:32:05.499212+00:00
2320260319030002,2026-03-21,取手競輪,F2,A3 challenge,2,チャレンジ一般,09:10,09:05,7,https://keirin.kdreams.jp/toride/racedetail/2320260319030002/?pageType=odds,2026-10-08T19:32:07.067075+00:00
2320260319030003,2026-03-21,取手競輪,F2,A3 challenge,3,チャレンジ一般,09:31,09:26,7,https://keirin.kdreams.jp/toride/racedetail/2320260319030003/?pageType=odds,2026-10-08T19:32:08.529763+00:00
2320260319030004,2026-03-21,取手競輪,F2,A3 challenge,4,チャレンジ選抜,09:52,09:47,7,https://keirin.kdreams.jp/toride/racedetail/2320260319030004/?pageType=odds,2026-10-08T19:32:10.036090+00:00
2320260319030005,2026-03-21,取手競輪,F2,A3 challenge,5,チャレンジ選抜,10:13,10:08,7,https://keirin.kdreams.jp/toride/racedetail/2320260319030005/?pageType=odds,2026-10-08T19:32:11.550806+00:00
2320260319030006,2026-03-21,取手競輪,F2,A3 challenge,6,チャレンジ選抜,10:34,10:29,7,https://keirin.kdreams.jp/toride/racedetail/2320260319030006/?pageType=odds,2026-10-08T19:32:13.121276+00:00
2320260319030007,2026-03-21,取手競輪,F2,A3 challenge,7,チャレンジ決勝,10:55,10:50,7,https://keirin.kdreams.jp/toride/racedetail/2320260319030007/?pageType=odds,2026-10-08T19:32:14.904120+00:00
8120260319030001,2026-03-21,小倉競輪,F2,A3 challenge,1,チャレンジ一般,15:57,15:52,6,https://keirin.kdreams.jp/kokura/racedetail/8120260319030001/?pageType=odds,2026-10-08T19:31:16.126613+00:00
8120260319030002,2026-03-21,小倉競輪,F2,A3 challenge,2,チャレンジ一般,16:22,16:17,7,https://keirin.kdreams.jp/kokura/racedetail/8120260319030002/?pageType=odds,2026-10-08T19:31:17.751058+00:00
8120260319030003,2026-03-21,小倉競輪,F2,A3 challenge,3,チャレンジ選抜,16:54,16:49,7,https://keirin.kdreams.jp/kokura/racedetail/8120260319030003/?pageType=odds,2026-10-08T19:31:19.395955+00:00
8120260319030009,2026-03-21,小倉競輪,F2,A3 challenge,9,チャレンジ決勝,19:22,19:17,7,https://keirin.kdreams.jp/kokura/racedetail/8120260319030009/?pageType=odds,2026-10-08T19:31:20.864233+00:00
8420260319030001,2026-03-21,武雄競輪,F2,A3 challenge,1,チャレンジ一般,20:50,20:45,7,https://keirin.kdreams.jp/takeo/racedetail/8420260319030001/?pageType=odds,2026-10-08T19:31:36.348414+00:00
8420260319030002,2026-03-21,武雄競輪,F2,A3 challenge,2,チャレンジ一般,21:10,21:05,7,https://keirin.kdreams.jp/takeo/racedetail/8420260319030002/?pageType=odds,2026-10-08T19:31:38.097900+00:00
8420260319030003,2026-03-21,武雄競輪,F2,A3 challenge,3,チャレンジ選抜,21:30,21:25,7,https://keirin.kdreams.jp/takeo/racedetail/8420260319030003/?pageType=odds,2026-10-08T19:31:39.669975+00:00
8420260319030008,2026-03-21,武雄競輪,F2,A3 challenge,8,チャレンジ決勝,23:10,23:05,7,https://keirin.kdreams.jp/takeo/racedetail/8420260319030008/?pageType=odds,2026-10-08T19:31:41.315377+00:00
4320260322010001,2026-03-22,岐阜競輪,F2,A3 challenge,1,チャレンジ予選,15:57,15:52,7,https://keirin.kdreams.jp/gifu/racedetail/4320260322010001/?pageType=odds,2026-10-08T19:32:16.610411+00:00
4320260322010002,2026-03-22,岐阜競輪,F2,A3 challenge,2,チャレンジ予選,16:22,16:17,7,https://keirin.kdreams.jp/gifu/racedetail/4320260322010002/?pageType=odds,2026-10-08T19:32:18.307390+00:00
4320260322010003,2026-03-22,岐阜競輪,F2,A3 challenge,3,チャレンジ予選,16:54,16:49,7,https://keirin.kdreams.jp/gifu/racedetail/4320260322010003/?pageType=odds,2026-10-08T19:32:19.891327+00:00
4320260322010004,2026-03-22,岐阜競輪,F2,A3 challenge,4,チャレンジ予選,17:18,17:13,7,https://keirin.kdreams.jp/gifu/racedetail/4320260322010004/?pageType=odds,2026-10-08T19:32:21.557419+00:00
4720260322010001,2026-03-22,松阪競輪,F2,A3 challenge,1,チャレンジ予選,20:50,20:45,7,https://keirin.kdreams.jp/matsusaka/racedetail/4720260322010001/?pageType=odds,2026-10-08T19:32:35.874990+00:00
4720260322010002,2026-03-22,松阪競輪,F2,A3 challenge,2,チャレンジ予選,21:10,21:05,7,https://keirin.kdreams.jp/matsusaka/racedetail/4720260322010002/?pageType=odds,2026-10-08T19:32:37.613515+00:00
4720260322010003,2026-03-22,松阪競輪,F2,A3 challenge,3,チャレンジ予選,21:30,21:25,7,https://keirin.kdreams.jp/matsusaka/racedetail/4720260322010003/?pageType=odds,2026-10-08T19:32:39.200925+00:00
4720260322010004,2026-03-22,松阪競輪,F2,A3 challenge,4,チャレンジ予選,21:50,21:45,7,https://keirin.kdreams.jp/matsusaka/racedetail/4720260322010004/?pageType=odds,2026-10-08T19:32:40.947822+00:00
2820260322010001,2026-03-22,立川競輪,F2,A3 challenge,1,チャレンジ予選,08:50,08:45,7,https://keirin.kdreams.jp/tachikawa/racedetail/2820260322010001/?pageType=odds,2026-10-08T19:33:16.336034+00:00
2820260322010002,2026-03-22,立川競輪,F2,A3 challenge,2,チャレンジ予選,09:10,09:05,7,https://keirin.kdreams.jp/tachikawa/racedetail/2820260322010002/?pageType=odds,2026-10-08T19:33:17.944836+00:00
2820260322010003,2026-03-22,立川競輪,F2,A3 challenge,3,チャレンジ予選,09:31,09:26,7,https://keirin.kdreams.jp/tachikawa/racedetail/2820260322010003/?pageType=odds,2026-10-08T19:33:19.589832+00:00
2820260322010004,2026-03-22,立川競輪,F2,A3 challenge,4,チャレンジ予選,09:52,09:47,7,https://keirin.kdreams.jp/tachikawa/racedetail/2820260322010004/?pageType=odds,2026-10-08T19:33:21.372705+00:00
2820260322010005,2026-03-22,立川競輪,F2,A3 challenge,5,チャレンジ予選,10:13,10:08,7,https://keirin.kdreams.jp/tachikawa/racedetail/2820260322010005/?pageType=odds,2026-10-08T19:33:22.936870+00:00
2820260322010006,2026-03-22,立川競輪,F2,A3 challenge,6,チャレンジ予選,10:34,10:29,7,https://keirin.kdreams.jp/tachikawa/racedetail/2820260322010006/?pageType=odds,2026-10-08T19:33:24.688707+00:00
2820260322010007,2026-03-22,立川競輪,F2,A3 challenge,7,チャレンジ予選,10:55,10:50,7,https://keirin.kdreams.jp/tachikawa/racedetail/2820260322010007/?pageType=odds,2026-10-08T19:33:26.196981+00:00
2620260322010001,2026-03-22,西武園競輪,F2,A3 challenge,1,チャレンジ予選,20:40,20:35,7,https://keirin.kdreams.jp/seibuen/racedetail/2620260322010001/?pageType=odds,2026-10-08T19:32:55.287109+00:00
2620260322010002,2026-03-22,西武園競輪,F2,A3 challenge,2,チャレンジ予選,21:00,20:55,7,https://keirin.kdreams.jp/seibuen/racedetail/2620260322010002/?pageType=odds,2026-10-08T19:32:56.910495+00:00
2620260322010003,2026-03-22,西武園競輪,F2,A3 challenge,3,チャレンジ予選,21:20,21:15,7,https://keirin.kdreams.jp/seibuen/racedetail/2620260322010003/?pageType=odds,2026-10-08T19:32:58.457323+00:00
2620260322010004,2026-03-22,西武園競輪,F2,A3 challenge,4,チャレンジ予選,21:40,21:35,7,https://keirin.kdreams.jp/seibuen/racedetail/2620260322010004/?pageType=odds,2026-10-08T19:33:00.350417+00:00
4320260322020001,2026-03-23,岐阜競輪,F2,A3 challenge,1,チャレンジ一般,16:00,15:55,6,https://keirin.kdreams.jp/gifu/racedetail/4320260322020001/?pageType=odds,2026-10-08T19:32:22.989012+00:00
4320260322020002,2026-03-23,岐阜競輪,F2,A3 challenge,2,チャレンジ一般,16:24,16:19,7,https://keirin.kdreams.jp/gifu/racedetail/4320260322020002/?pageType=odds,2026-10-08T19:32:24.428948+00:00
4320260322020003,2026-03-23,岐阜競輪,F2,A3 challenge,3,チャレンジ準決勝,16:48,16:43,7,https://keirin.kdreams.jp/gifu/racedetail/4320260322020003/?pageType=odds,2026-10-08T19:32:26.078580+00:00
4320260322020004,2026-03-23,岐阜競輪,F2,A3 challenge,4,チャレンジ準決勝,17:12,17:07,7,https://keirin.kdreams.jp/gifu/racedetail/4320260322020004/?pageType=odds,2026-10-08T19:32:27.650777+00:00
4720260322020001,2026-03-23,松阪競輪,F2,A3 challenge,1,チャレンジ一般,20:50,20:45,6,https://keirin.kdreams.jp/matsusaka/racedetail/4720260322020001/?pageType=odds,2026-10-08T19:32:42.374865+00:00
4720260322020002,2026-03-23,松阪競輪,F2,A3 challenge,2,チャレンジ一般,21:10,21:05,7,https://keirin.kdreams.jp/matsusaka/racedetail/4720260322020002/?pageType=odds,2026-10-08T19:32:44.171750+00:00
4720260322020003,2026-03-23,松阪競輪,F2,A3 challenge,3,チャレンジ準決勝,21:30,21:25,7,https://keirin.kdreams.jp/matsusaka/racedetail/4720260322020003/?pageType=odds,2026-10-08T19:32:45.853330+00:00
4720260322020004,2026-03-23,松阪競輪,F2,A3 challenge,4,チャレンジ準決勝,21:50,21:45,7,https://keirin.kdreams.jp/matsusaka/racedetail/4720260322020004/?pageType=odds,2026-10-08T19:32:47.428100+00:00
2820260322020001,2026-03-23,立川競輪,F2,A3 challenge,1,チャレンジ一般,08:50,08:45,6,https://keirin.kdreams.jp/tachikawa/racedetail/2820260322020001/?pageType=odds,2026-10-08T19:33:27.886759+00:00
2820260322020002,2026-03-23,立川競輪,F2,A3 challenge,2,チャレンジ一般,09:10,09:05,6,https://keirin.kdreams.jp/tachikawa/racedetail/2820260322020002/?pageType=odds,2026-10-08T19:33:29.591242+00:00
2820260322020003,2026-03-23,立川競輪,F2,A3 challenge,3,チャレンジ選抜,09:31,09:26,7,https://keirin.kdreams.jp/tachikawa/racedetail/2820260322020003/?pageType=odds,2026-10-08T19:33:31.348008+00:00
2820260322020004,2026-03-23,立川競輪,F2,A3 challenge,4,チャレンジ選抜,09:52,09:47,7,https://keirin.kdreams.jp/tachikawa/racedetail/2820260322020004/?pageType=odds,2026-10-08T19:33:33.353339+00:00
2820260322020005,2026-03-23,立川競輪,F2,A3 challenge,5,チャレンジ準決勝,10:13,10:08,7,https://keirin.kdreams.jp/tachikawa/racedetail/2820260322020005/?pageType=odds,2026-10-08T19:33:35.250626+00:00
2820260322020006,2026-03-23,立川競輪,F2,A3 challenge,6,チャレンジ準決勝,10:34,10:29,7,https://keirin.kdreams.jp/tachikawa/racedetail/2820260322020006/?pageType=odds,2026-10-08T19:33:37.032770+00:00
2820260322020007,2026-03-23,立川競輪,F2,A3 challenge,7,チャレンジ準決勝,10:55,10:50,7,https://keirin.kdreams.jp/tachikawa/racedetail/2820260322020007/?pageType=odds,2026-10-08T19:33:38.765030+00:00
2620260322020001,2026-03-23,西武園競輪,F2,A3 challenge,1,チャレンジ一般,20:40,20:35,7,https://keirin.kdreams.jp/seibuen/racedetail/2620260322020001/?pageType=odds,2026-10-08T19:33:02.096024+00:00
2620260322020002,2026-03-23,西武園競輪,F2,A3 challenge,2,チャレンジ一般,21:00,20:55,7,https://keirin.kdreams.jp/seibuen/racedetail/2620260322020002/?pageType=odds,2026-10-08T19:33:03.953985+00:00
2620260322020003,2026-03-23,西武園競輪,F2,A3 challenge,3,チャレンジ準決勝,21:20,21:15,7,https://keirin.kdreams.jp/seibuen/racedetail/2620260322020003/?pageType=odds,2026-10-08T19:33:05.639962+00:00
2620260322020004,2026-03-23,西武園競輪,F2,A3 challenge,4,チャレンジ準決勝,21:40,21:35,7,https://keirin.kdreams.jp/seibuen/racedetail/2620260322020004/?pageType=odds,2026-10-08T19:33:07.367696+00:00
4320260322030001,2026-03-24,岐阜競輪,F2,A3 challenge,1,チャレンジ一般,16:14,16:09,6,https://keirin.kdreams.jp/gifu/racedetail/4320260322030001/?pageType=odds,2026-10-08T19:32:29.118733+00:00
4320260322030002,2026-03-24,岐阜競輪,F2,A3 challenge,2,チャレンジ一般,16:35,16:30,7,https://keirin.kdreams.jp/gifu/racedetail/4320260322030002/?pageType=odds,2026-10-08T19:32:30.917669+00:00
4320260322030003,2026-03-24,岐阜競輪,F2,A3 challenge,3,チャレンジ選抜,16:56,16:51,7,https://keirin.kdreams.jp/gifu/racedetail/4320260322030003/?pageType=odds,2026-10-08T19:32:32.504160+00:00
4320260322030009,2026-03-24,岐阜競輪,F2,A3 challenge,9,チャレンジ決勝,19:13,19:08,7,https://keirin.kdreams.jp/gifu/racedetail/4320260322030009/?pageType=odds,2026-10-08T19:32:34.250017+00:00
4720260322030001,2026-03-24,松阪競輪,F2,A3 challenge,1,チャレンジ一般,20:50,20:45,6,https://keirin.kdreams.jp/matsusaka/racedetail/4720260322030001/?pageType=odds,2026-10-08T19:32:49.004663+00:00
4720260322030002,2026-03-24,松阪競輪,F2,A3 challenge,2,チャレンジ一般,21:10,21:05,6,https://keirin.kdreams.jp/matsusaka/racedetail/4720260322030002/?pageType=odds,2026-10-08T19:32:50.491707+00:00
4720260322030003,2026-03-24,松阪競輪,F2,A3 challenge,3,チャレンジ選抜,21:30,21:25,7,https://keirin.kdreams.jp/matsusaka/racedetail/4720260322030003/?pageType=odds,2026-10-08T19:32:52.213366+00:00
4720260322030008,2026-03-24,松阪競輪,F2,A3 challenge,8,チャレンジ決勝,23:10,23:05,7,https://keirin.kdreams.jp/matsusaka/racedetail/4720260322030008/?pageType=odds,2026-10-08T19:32:53.779418+00:00
2820260322030001,2026-03-24,立川競輪,F2,A3 challenge,1,チャレンジ一般,09:00,08:55,6,https://keirin.kdreams.jp/tachikawa/racedetail/2820260322030001/?pageType=odds,2026-10-08T19:33:40.434974+00:00
2820260322030002,2026-03-24,立川競輪,F2,A3 challenge,2,チャレンジ一般,09:20,09:15,7,https://keirin.kdreams.jp/tachikawa/racedetail/2820260322030002/?pageType=odds,2026-10-08T19:33:42.051202+00:00
2820260322030003,2026-03-24,立川競輪,F2,A3 challenge,3,チャレンジ一般,09:40,09:35,7,https://keirin.kdreams.jp/tachikawa/racedetail/2820260322030003/?pageType=odds,2026-10-08T19:33:43.870975+00:00
2820260322030004,2026-03-24,立川競輪,F2,A3 challenge,4,チャレンジ選抜,10:00,09:55,7,https://keirin.kdreams.jp/tachikawa/racedetail/2820260322030004/?pageType=odds,2026-10-08T19:33:45.604647+00:00
2820260322030005,2026-03-24,立川競輪,F2,A3 challenge,5,チャレンジ選抜,10:20,10:15,7,https://keirin.kdreams.jp/tachikawa/racedetail/2820260322030005/?pageType=odds,2026-10-08T19:33:47.409044+00:00
2820260322030006,2026-03-24,立川競輪,F2,A3 challenge,6,チャレンジ選抜,10:40,10:35,7,https://keirin.kdreams.jp/tachikawa/racedetail/2820260322030006/?pageType=odds,2026-10-08T19:33:49.255837+00:00
2820260322030007,2026-03-24,立川競輪,F2,A3 challenge,7,チャレンジ決勝,11:00,10:55,7,https://keirin.kdreams.jp/tachikawa/racedetail/2820260322030007/?pageType=odds,2026-10-08T19:33:50.894372+00:00
2620260322030001,2026-03-24,西武園競輪,F2,A3 challenge,1,チャレンジ一般,20:40,20:35,7,https://keirin.kdreams.jp/seibuen/racedetail/2620260322030001/?pageType=odds,2026-10-08T19:33:09.484971+00:00
2620260322030002,2026-03-24,西武園競輪,F2,A3 challenge,2,チャレンジ一般,21:00,20:55,7,https://keirin.kdreams.jp/seibuen/racedetail/2620260322030002/?pageType=odds,2026-10-08T19:33:11.156293+00:00
2620260322030003,2026-03-24,西武園競輪,F2,A3 challenge,3,チャレンジ選抜,21:20,21:15,7,https://keirin.kdreams.jp/seibuen/racedetail/2620260322030003/?pageType=odds,2026-10-08T19:33:13.079604+00:00
2620260322030008,2026-03-24,西武園競輪,F2,A3 challenge,8,チャレンジ決勝,23:00,22:55,7,https://keirin.kdreams.jp/seibuen/racedetail/2620260322030008/?pageType=odds,2026-10-08T19:33:14.696821+00:00
8120260326010001,2026-03-26,小倉競輪,F2,A3 challenge,1,チャレンジ予選,20:40,20:35,7,https://keirin.kdreams.jp/kokura/racedetail/8120260326010001/?pageType=odds,2026-10-08T19:33:52.552880+00:00
8120260326010002,2026-03-26,小倉競輪,F2,A3 challenge,2,チャレンジ予選,21:00,20:55,7,https://keirin.kdreams.jp/kokura/racedetail/8120260326010002/?pageType=odds,2026-10-08T19:33:54.503141+00:00
8120260326010003,2026-03-26,小倉競輪,F2,A3 challenge,3,チャレンジ予選,21:21,21:16,7,https://keirin.kdreams.jp/kokura/racedetail/8120260326010003/?pageType=odds,2026-10-08T19:33:56.316975+00:00
8120260326010004,2026-03-26,小倉競輪,F2,A3 challenge,4,チャレンジ予選,21:42,21:37,7,https://keirin.kdreams.jp/kokura/racedetail/8120260326010004/?pageType=odds,2026-10-08T19:33:57.977202+00:00
3620260326010001,2026-03-26,小田原競輪,F2,A3 challenge,1,チャレンジ予選,11:21,11:16,7,https://keirin.kdreams.jp/odawara/racedetail/3620260326010001/?pageType=odds,2026-10-08T19:34:13.870863+00:00
3620260326010002,2026-03-26,小田原競輪,F2,A3 challenge,2,チャレンジ予選,11:45,11:40,7,https://keirin.kdreams.jp/odawara/racedetail/3620260326010002/?pageType=odds,2026-10-08T19:34:15.717095+00:00
3620260326010003,2026-03-26,小田原競輪,F2,A3 challenge,3,チャレンジ予選,12:09,12:04,7,https://keirin.kdreams.jp/odawara/racedetail/3620260326010003/?pageType=odds,2026-10-08T19:34:17.449386+00:00
3620260326010004,2026-03-26,小田原競輪,F2,A3 challenge,4,チャレンジ予選,12:33,12:28,7,https://keirin.kdreams.jp/odawara/racedetail/3620260326010004/?pageType=odds,2026-10-08T19:34:19.113152+00:00
3620260326010005,2026-03-26,小田原競輪,F2,A3 challenge,5,チャレンジ予選,13:00,12:55,7,https://keirin.kdreams.jp/odawara/racedetail/3620260326010005/?pageType=odds,2026-10-08T19:34:20.844729+00:00
6120260326010001,2026-03-26,玉野競輪,F2,A3 challenge,1,チャレンジ予選,16:03,15:58,7,https://keirin.kdreams.jp/tamano/racedetail/6120260326010001/?pageType=odds,2026-10-08T19:34:37.473796+00:00
6120260326010002,2026-03-26,玉野競輪,F2,A3 challenge,2,チャレンジ予選,16:27,16:22,7,https://keirin.kdreams.jp/tamano/racedetail/6120260326010002/?pageType=odds,2026-10-08T19:34:39.322479+00:00
6120260326010003,2026-03-26,玉野競輪,F2,A3 challenge,3,チャレンジ予選,16:51,16:46,7,https://keirin.kdreams.jp/tamano/racedetail/6120260326010003/?pageType=odds,2026-10-08T19:34:40.939306+00:00
6120260326010004,2026-03-26,玉野競輪,F2,A3 challenge,4,チャレンジ予選,17:15,17:10,7,https://keirin.kdreams.jp/tamano/racedetail/6120260326010004/?pageType=odds,2026-10-08T19:34:42.529389+00:00
8120260326020001,2026-03-27,小倉競輪,F2,A3 challenge,1,チャレンジ一般,20:40,20:35,7,https://keirin.kdreams.jp/kokura/racedetail/8120260326020001/?pageType=odds,2026-10-08T19:33:59.811280+00:00
8120260326020002,2026-03-27,小倉競輪,F2,A3 challenge,2,チャレンジ一般,21:00,20:55,7,https://keirin.kdreams.jp/kokura/racedetail/8120260326020002/?pageType=odds,2026-10-08T19:34:01.560699+00:00
8120260326020003,2026-03-27,小倉競輪,F2,A3 challenge,3,チャレンジ準決勝,21:21,21:16,7,https://keirin.kdreams.jp/kokura/racedetail/8120260326020003/?pageType=odds,2026-10-08T19:34:03.530734+00:00
8120260326020004,2026-03-27,小倉競輪,F2,A3 challenge,4,チャレンジ準決勝,21:42,21:37,7,https://keirin.kdreams.jp/kokura/racedetail/8120260326020004/?pageType=odds,2026-10-08T19:34:05.189076+00:00
3620260326020001,2026-03-27,小田原競輪,F2,A3 challenge,1,チャレンジ一般,11:16,11:11,5,https://keirin.kdreams.jp/odawara/racedetail/3620260326020001/?pageType=odds,2026-10-08T19:34:22.334518+00:00
3620260326020002,2026-03-27,小田原競輪,F2,A3 challenge,2,チャレンジ一般,11:42,11:37,6,https://keirin.kdreams.jp/odawara/racedetail/3620260326020002/?pageType=odds,2026-10-08T19:34:24.055645+00:00
3620260326020003,2026-03-27,小田原競輪,F2,A3 challenge,3,チャレンジ準決勝,12:08,12:03,7,https://keirin.kdreams.jp/odawara/racedetail/3620260326020003/?pageType=odds,2026-10-08T19:34:25.722577+00:00
3620260326020004,2026-03-27,小田原競輪,F2,A3 challenge,4,チャレンジ準決勝,12:34,12:29,7,https://keirin.kdreams.jp/odawara/racedetail/3620260326020004/?pageType=odds,2026-10-08T19:34:27.359565+00:00
3620260326020005,2026-03-27,小田原競輪,F2,A3 challenge,5,チャレンジ準決勝,13:02,12:57,7,https://keirin.kdreams.jp/odawara/racedetail/3620260326020005/?pageType=odds,2026-10-08T19:34:29.129027+00:00
3120260327010001,2026-03-27,松戸競輪,F2,A3 challenge,1,チャレンジ予選,08:50,08:45,7,https://keirin.kdreams.jp/matsudo/racedetail/3120260327010001/?pageType=odds,2026-10-08T19:34:57.383422+00:00
3120260327010002,2026-03-27,松戸競輪,F2,A3 challenge,2,チャレンジ予選,09:10,09:05,7,https://keirin.kdreams.jp/matsudo/racedetail/3120260327010002/?pageType=odds,2026-10-08T19:34:59.044330+00:00
3120260327010003,2026-03-27,松戸競輪,F2,A3 challenge,3,チャレンジ予選,09:31,09:26,7,https://keirin.kdreams.jp/matsudo/racedetail/3120260327010003/?pageType=odds,2026-10-08T19:35:00.553359+00:00
3120260327010004,2026-03-27,松戸競輪,F2,A3 challenge,4,チャレンジ予選,09:52,09:47,7,https://keirin.kdreams.jp/matsudo/racedetail/3120260327010004/?pageType=odds,2026-10-08T19:35:02.002878+00:00
3120260327010005,2026-03-27,松戸競輪,F2,A3 challenge,5,チャレンジ予選,10:13,10:08,7,https://keirin.kdreams.jp/matsudo/racedetail/3120260327010005/?pageType=odds,2026-10-08T19:35:03.463549+00:00
6120260326020001,2026-03-27,玉野競輪,F2,A3 challenge,1,チャレンジ一般,16:00,15:55,7,https://keirin.kdreams.jp/tamano/racedetail/6120260326020001/?pageType=odds,2026-10-08T19:34:44.107582+00:00
6120260326020002,2026-03-27,玉野競輪,F2,A3 challenge,2,チャレンジ一般,16:24,16:19,7,https://keirin.kdreams.jp/tamano/racedetail/6120260326020002/?pageType=odds,2026-10-08T19:34:45.826024+00:00
6120260326020003,2026-03-27,玉野競輪,F2,A3 challenge,3,チャレンジ準決勝,16:52,16:47,7,https://keirin.kdreams.jp/tamano/racedetail/6120260326020003/?pageType=odds,2026-10-08T19:34:47.548576+00:00
6120260326020004,2026-03-27,玉野競輪,F2,A3 challenge,4,チャレンジ準決勝,17:16,17:11,7,https://keirin.kdreams.jp/tamano/racedetail/6120260326020004/?pageType=odds,2026-10-08T19:34:49.088748+00:00
8120260326030001,2026-03-28,小倉競輪,F2,A3 challenge,1,チャレンジ一般,20:45,20:40,6,https://keirin.kdreams.jp/kokura/racedetail/8120260326030001/?pageType=odds,2026-10-08T19:34:06.971443+00:00
8120260326030002,2026-03-28,小倉競輪,F2,A3 challenge,2,チャレンジ一般,21:05,21:00,7,https://keirin.kdreams.jp/kokura/racedetail/8120260326030002/?pageType=odds,2026-10-08T19:34:08.627592+00:00
8120260326030003,2026-03-28,小倉競輪,F2,A3 challenge,3,チャレンジ選抜,21:25,21:20,7,https://keirin.kdreams.jp/kokura/racedetail/8120260326030003/?pageType=odds,2026-10-08T19:34:10.534950+00:00
8120260326030008,2026-03-28,小倉競輪,F2,A3 challenge,8,チャレンジ決勝,23:08,23:03,7,https://keirin.kdreams.jp/kokura/racedetail/8120260326030008/?pageType=odds,2026-10-08T19:34:12.291562+00:00
3620260326030001,2026-03-28,小田原競輪,F2,A3 challenge,1,チャレンジ一般,11:45,11:40,7,https://keirin.kdreams.jp/odawara/racedetail/3620260326030001/?pageType=odds,2026-10-08T19:34:30.719530+00:00
3620260326030002,2026-03-28,小田原競輪,F2,A3 challenge,2,チャレンジ選抜,12:09,12:04,7,https://keirin.kdreams.jp/odawara/racedetail/3620260326030002/?pageType=odds,2026-10-08T19:34:32.492079+00:00
3620260326030003,2026-03-28,小田原競輪,F2,A3 challenge,3,チャレンジ選抜,12:36,12:31,7,https://keirin.kdreams.jp/odawara/racedetail/3620260326030003/?pageType=odds,2026-10-08T19:34:34.081039+00:00
3620260326030009,2026-03-28,小田原競輪,F2,A3 challenge,9,チャレンジ決勝,15:30,15:25,7,https://keirin.kdreams.jp/odawara/racedetail/3620260326030009/?pageType=odds,2026-10-08T19:34:35.879905+00:00
3120260327020001,2026-03-28,松戸競輪,F2,A3 challenge,1,チャレンジ一般,08:50,08:45,6,https://keirin.kdreams.jp/matsudo/racedetail/3120260327020001/?pageType=odds,2026-10-08T19:35:05.115354+00:00
3120260327020002,2026-03-28,松戸競輪,F2,A3 challenge,2,チャレンジ一般,09:10,09:05,7,https://keirin.kdreams.jp/matsudo/racedetail/3120260327020002/?pageType=odds,2026-10-08T19:35:06.677201+00:00
3120260327020003,2026-03-28,松戸競輪,F2,A3 challenge,3,チャレンジ準決勝,09:31,09:26,7,https://keirin.kdreams.jp/matsudo/racedetail/3120260327020003/?pageType=odds,2026-10-08T19:35:08.267488+00:00
3120260327020004,2026-03-28,松戸競輪,F2,A3 challenge,4,チャレンジ準決勝,09:52,09:47,7,https://keirin.kdreams.jp/matsudo/racedetail/3120260327020004/?pageType=odds,2026-10-08T19:35:09.740642+00:00
3120260327020005,2026-03-28,松戸競輪,F2,A3 challenge,5,チャレンジ準決勝,10:13,10:08,7,https://keirin.kdreams.jp/matsudo/racedetail/3120260327020005/?pageType=odds,2026-10-08T19:35:11.540572+00:00
6120260326030001,2026-03-28,玉野競輪,F2,A3 challenge,1,チャレンジ一般,16:00,15:55,7,https://keirin.kdreams.jp/tamano/racedetail/6120260326030001/?pageType=odds,2026-10-08T19:34:50.673204+00:00
6120260326030002,2026-03-28,玉野競輪,F2,A3 challenge,2,チャレンジ一般,16:24,16:19,7,https://keirin.kdreams.jp/tamano/racedetail/6120260326030002/?pageType=odds,2026-10-08T19:34:52.275873+00:00
6120260326030003,2026-03-28,玉野競輪,F2,A3 challenge,3,チャレンジ選抜,16:48,16:43,7,https://keirin.kdreams.jp/tamano/racedetail/6120260326030003/?pageType=odds,2026-10-08T19:34:54.039513+00:00
6120260326030009,2026-03-28,玉野競輪,F2,A3 challenge,9,チャレンジ決勝,19:20,19:15,7,https://keirin.kdreams.jp/tamano/racedetail/6120260326030009/?pageType=odds,2026-10-08T19:34:55.623429+00:00
6220260329010001,2026-03-29,広島競輪,F2,A3 challenge,1,チャレンジ予選,08:50,08:45,7,https://keirin.kdreams.jp/hiroshima/racedetail/6220260329010001/?pageType=odds,2026-10-08T19:35:21.715673+00:00
6220260329010002,2026-03-29,広島競輪,F2,A3 challenge,2,チャレンジ予選,09:10,09:05,7,https://keirin.kdreams.jp/hiroshima/racedetail/6220260329010002/?pageType=odds,2026-10-08T19:35:23.480134+00:00
6220260329010003,2026-03-29,広島競輪,F2,A3 challenge,3,チャレンジ予選,09:30,09:25,7,https://keirin.kdreams.jp/hiroshima/racedetail/6220260329010003/?pageType=odds,2026-10-08T19:35:25.198459+00:00
6220260329010004,2026-03-29,広島競輪,F2,A3 challenge,4,チャレンジ予選,09:50,09:45,7,https://keirin.kdreams.jp/hiroshima/racedetail/6220260329010004/?pageType=odds,2026-10-08T19:35:26.851187+00:00
6220260329010005,2026-03-29,広島競輪,F2,A3 challenge,5,チャレンジ予選,10:10,10:05,7,https://keirin.kdreams.jp/hiroshima/racedetail/6220260329010005/?pageType=odds,2026-10-08T19:35:28.603751+00:00
6220260329010006,2026-03-29,広島競輪,F2,A3 challenge,6,チャレンジ予選,10:30,10:25,7,https://keirin.kdreams.jp/hiroshima/racedetail/6220260329010006/?pageType=odds,2026-10-08T19:35:30.176122+00:00
6220260329010007,2026-03-29,広島競輪,F2,A3 challenge,7,チャレンジ予選,10:50,10:45,7,https://keirin.kdreams.jp/hiroshima/racedetail/6220260329010007/?pageType=odds,2026-10-08T19:35:31.892609+00:00
3120260327030001,2026-03-29,松戸競輪,F2,A3 challenge,1,チャレンジ一般,09:00,08:55,6,https://keirin.kdreams.jp/matsudo/racedetail/3120260327030001/?pageType=odds,2026-10-08T19:35:12.955091+00:00
3120260327030002,2026-03-29,松戸競輪,F2,A3 challenge,2,チャレンジ一般,09:20,09:15,6,https://keirin.kdreams.jp/matsudo/racedetail/3120260327030002/?pageType=odds,2026-10-08T19:35:14.668814+00:00
3120260327030003,2026-03-29,松戸競輪,F2,A3 challenge,3,チャレンジ選抜,09:40,09:35,7,https://keirin.kdreams.jp/matsudo/racedetail/3120260327030003/?pageType=odds,2026-10-08T19:35:16.613901+00:00
3120260327030004,2026-03-29,松戸競輪,F2,A3 challenge,4,チャレンジ選抜,10:00,09:55,7,https://keirin.kdreams.jp/matsudo/racedetail/3120260327030004/?pageType=odds,2026-10-08T19:35:18.270055+00:00
3120260327030005,2026-03-29,松戸競輪,F2,A3 challenge,5,チャレンジ決勝,10:20,10:15,7,https://keirin.kdreams.jp/matsudo/racedetail/3120260327030005/?pageType=odds,2026-10-08T19:35:19.992733+00:00
8720260329010001,2026-03-29,熊本競輪,F2,A3 challenge,1,チャレンジ予選,20:40,20:35,6,https://keirin.kdreams.jp/kumamoto/racedetail/8720260329010001/?pageType=odds,2026-10-08T19:35:57.707305+00:00
8720260329010002,2026-03-29,熊本競輪,F2,A3 challenge,2,チャレンジ予選,21:00,20:55,7,https://keirin.kdreams.jp/kumamoto/racedetail/8720260329010002/?pageType=odds,2026-10-08T19:35:59.366415+00:00
8720260329010003,2026-03-29,熊本競輪,F2,A3 challenge,3,チャレンジ予選,21:20,21:15,7,https://keirin.kdreams.jp/kumamoto/racedetail/8720260329010003/?pageType=odds,2026-10-08T19:36:00.906291+00:00
8720260329010004,2026-03-29,熊本競輪,F2,A3 challenge,4,チャレンジ予選,21:40,21:35,7,https://keirin.kdreams.jp/kumamoto/racedetail/8720260329010004/?pageType=odds,2026-10-08T19:36:02.450326+00:00
6220260329020001,2026-03-30,広島競輪,F2,A3 challenge,1,チャレンジ一般,08:50,08:45,7,https://keirin.kdreams.jp/hiroshima/racedetail/6220260329020001/?pageType=odds,2026-10-08T19:35:33.719746+00:00
6220260329020002,2026-03-30,広島競輪,F2,A3 challenge,2,チャレンジ一般,09:10,09:05,7,https://keirin.kdreams.jp/hiroshima/racedetail/6220260329020002/?pageType=odds,2026-10-08T19:35:35.484252+00:00
6220260329020003,2026-03-30,広島競輪,F2,A3 challenge,3,チャレンジ選抜,09:31,09:26,7,https://keirin.kdreams.jp/hiroshima/racedetail/6220260329020003/?pageType=odds,2026-10-08T19:35:37.261857+00:00
6220260329020004,2026-03-30,広島競輪,F2,A3 challenge,4,チャレンジ選抜,09:52,09:47,7,https://keirin.kdreams.jp/hiroshima/racedetail/6220260329020004/?pageType=odds,2026-10-08T19:35:39.198195+00:00
6220260329020005,2026-03-30,広島競輪,F2,A3 challenge,5,チャレンジ準決勝,10:13,10:08,7,https://keirin.kdreams.jp/hiroshima/racedetail/6220260329020005/?pageType=odds,2026-10-08T19:35:41.110051+00:00
6220260329020006,2026-03-30,広島競輪,F2,A3 challenge,6,チャレンジ準決勝,10:34,10:29,7,https://keirin.kdreams.jp/hiroshima/racedetail/6220260329020006/?pageType=odds,2026-10-08T19:35:42.732180+00:00
6220260329020007,2026-03-30,広島競輪,F2,A3 challenge,7,チャレンジ準決勝,10:55,10:50,7,https://keirin.kdreams.jp/hiroshima/racedetail/6220260329020007/?pageType=odds,2026-10-08T19:35:44.547318+00:00
8720260329020001,2026-03-30,熊本競輪,F2,A3 challenge,1,チャレンジ一般,20:40,20:35,6,https://keirin.kdreams.jp/kumamoto/racedetail/8720260329020001/?pageType=odds,2026-10-08T19:36:04.045135+00:00
8720260329020002,2026-03-30,熊本競輪,F2,A3 challenge,2,チャレンジ一般,21:00,20:55,7,https://keirin.kdreams.jp/kumamoto/racedetail/8720260329020002/?pageType=odds,2026-10-08T19:36:05.737788+00:00
8720260329020003,2026-03-30,熊本競輪,F2,A3 challenge,3,チャレンジ準決勝,21:20,21:15,7,https://keirin.kdreams.jp/kumamoto/racedetail/8720260329020003/?pageType=odds,2026-10-08T19:36:07.566146+00:00
8720260329020004,2026-03-30,熊本競輪,F2,A3 challenge,4,チャレンジ準決勝,21:40,21:35,7,https://keirin.kdreams.jp/kumamoto/racedetail/8720260329020004/?pageType=odds,2026-10-08T19:36:09.411516+00:00
6220260329030001,2026-03-31,広島競輪,F2,A3 challenge,1,チャレンジ一般,08:50,08:45,7,https://keirin.kdreams.jp/hiroshima/racedetail/6220260329030001/?pageType=odds,2026-10-08T19:35:46.233932+00:00
6220260329030002,2026-03-31,広島競輪,F2,A3 challenge,2,チャレンジ一般,09:10,09:05,7,https://keirin.kdreams.jp/hiroshima/racedetail/6220260329030002/?pageType=odds,2026-10-08T19:35:47.821983+00:00
6220260329030003,2026-03-31,広島競輪,F2,A3 challenge,3,チャレンジ一般,09:31,09:26,7,https://keirin.kdreams.jp/hiroshima/racedetail/6220260329030003/?pageType=odds,2026-10-08T19:35:49.427068+00:00
6220260329030004,2026-03-31,広島競輪,F2,A3 challenge,4,チャレンジ選抜,09:52,09:47,7,https://keirin.kdreams.jp/hiroshima/racedetail/6220260329030004/?pageType=odds,2026-10-08T19:35:51.064688+00:00
6220260329030005,2026-03-31,広島競輪,F2,A3 challenge,5,チャレンジ選抜,10:13,10:08,7,https://keirin.kdreams.jp/hiroshima/racedetail/6220260329030005/?pageType=odds,2026-10-08T19:35:52.632735+00:00
6220260329030006,2026-03-31,広島競輪,F2,A3 challenge,6,チャレンジ選抜,10:34,10:29,7,https://keirin.kdreams.jp/hiroshima/racedetail/6220260329030006/?pageType=odds,2026-10-08T19:35:54.374541+00:00
6220260329030007,2026-03-31,広島競輪,F2,A3 challenge,7,チャレンジ決勝,10:55,10:50,7,https://keirin.kdreams.jp/hiroshima/racedetail/6220260329030007/?pageType=odds,2026-10-08T19:35:56.127816+00:00
8720260329030001,2026-03-31,熊本競輪,F2,A3 challenge,1,チャレンジ一般,20:40,20:35,7,https://keirin.kdreams.jp/kumamoto/racedetail/8720260329030001/?pageType=odds,2026-10-08T19:36:11.496425+00:00
8720260329030002,2026-03-31,熊本競輪,F2,A3 challenge,2,チャレンジ一般,21:00,20:55,7,https://keirin.kdreams.jp/kumamoto/racedetail/8720260329030002/?pageType=odds,2026-10-08T19:36:13.153580+00:00
8720260329030003,2026-03-31,熊本競輪,F2,A3 challenge,3,チャレンジ選抜,21:20,21:15,7,https://keirin.kdreams.jp/kumamoto/racedetail/8720260329030003/?pageType=odds,2026-10-08T19:36:14.949807+00:00
8720260329030008,2026-03-31,熊本競輪,F2,A3 challenge,8,チャレンジ決勝,23:00,22:55,7,https://keirin.kdreams.jp/kumamoto/racedetail/8720260329030008/?pageType=odds,2026-10-08T19:36:16.606534+00:00
4420260401010001,2026-04-01,大垣競輪,F2,A3 challenge,1,チャレンジ予選,10:58,10:53,7,https://keirin.kdreams.jp/ogaki/racedetail/4420260401010001/?pageType=odds,2026-10-08T19:37:20.194510+00:00
4420260401010002,2026-04-01,大垣競輪,F2,A3 challenge,2,チャレンジ予選,11:26,11:21,7,https://keirin.kdreams.jp/ogaki/racedetail/4420260401010002/?pageType=odds,2026-10-08T19:37:22.129928+00:00
4420260401010003,2026-04-01,大垣競輪,F2,A3 challenge,3,チャレンジ予選,11:54,11:49,7,https://keirin.kdreams.jp/ogaki/racedetail/4420260401010003/?pageType=odds,2026-10-08T19:37:23.885609+00:00
4420260401010004,2026-04-01,大垣競輪,F2,A3 challenge,4,チャレンジ予選,12:22,12:17,7,https://keirin.kdreams.jp/ogaki/racedetail/4420260401010004/?pageType=odds,2026-10-08T19:37:25.655309+00:00
8120260401010001,2026-04-01,小倉競輪,F2,A3 challenge,1,チャレンジ予選,20:41,20:36,7,https://keirin.kdreams.jp/kokura/racedetail/8120260401010001/?pageType=odds,2026-10-08T19:36:17.703293+00:00
8120260401010002,2026-04-01,小倉競輪,F2,A3 challenge,2,チャレンジ予選,21:05,21:00,7,https://keirin.kdreams.jp/kokura/racedetail/8120260401010002/?pageType=odds,2026-10-08T19:36:18.853719+00:00
8120260401010003,2026-04-01,小倉競輪,F2,A3 challenge,3,チャレンジ予選,21:29,21:24,7,https://keirin.kdreams.jp/kokura/racedetail/8120260401010003/?pageType=odds,2026-10-08T19:36:20.705345+00:00
8120260401010004,2026-04-01,小倉競輪,F2,A3 challenge,4,チャレンジ予選,21:53,21:48,7,https://keirin.kdreams.jp/kokura/racedetail/8120260401010004/?pageType=odds,2026-10-08T19:36:22.556567+00:00
8120260401010005,2026-04-01,小倉競輪,F2,A3 challenge,5,チャレンジ予選,22:18,22:13,7,https://keirin.kdreams.jp/kokura/racedetail/8120260401010005/?pageType=odds,2026-10-08T19:36:24.276806+00:00
8120260401010006,2026-04-01,小倉競輪,F2,A3 challenge,6,チャレンジ予選,22:45,22:40,7,https://keirin.kdreams.jp/kokura/racedetail/8120260401010006/?pageType=odds,2026-10-08T19:36:25.938352+00:00
8120260401010007,2026-04-01,小倉競輪,F2,A3 challenge,7,チャレンジ予選,23:12,23:07,7,https://keirin.kdreams.jp/kokura/racedetail/8120260401010007/?pageType=odds,2026-10-08T19:36:27.594671+00:00
3620260401010001,2026-04-01,小田原競輪,F2,A3 challenge,1,チャレンジ予選,08:30,08:25,6,https://keirin.kdreams.jp/odawara/racedetail/3620260401010001/?pageType=odds,2026-10-08T19:36:54.268969+00:00
3620260401010002,2026-04-01,小田原競輪,F2,A3 challenge,2,チャレンジ予選,08:50,08:45,7,https://keirin.kdreams.jp/odawara/racedetail/3620260401010002/?pageType=odds,2026-10-08T19:36:56.108839+00:00
3620260401010003,2026-04-01,小田原競輪,F2,A3 challenge,3,チャレンジ予選,09:11,09:06,7,https://keirin.kdreams.jp/odawara/racedetail/3620260401010003/?pageType=odds,2026-10-08T19:36:57.999323+00:00
3620260401010004,2026-04-01,小田原競輪,F2,A3 challenge,4,チャレンジ予選,09:32,09:27,7,https://keirin.kdreams.jp/odawara/racedetail/3620260401010004/?pageType=odds,2026-10-08T19:36:59.663548+00:00
3620260401010005,2026-04-01,小田原競輪,F2,A3 challenge,5,チャレンジ予選,09:53,09:48,7,https://keirin.kdreams.jp/odawara/racedetail/3620260401010005/?pageType=odds,2026-10-08T19:37:01.564701+00:00
4420260401020001,2026-04-02,大垣競輪,F2,A3 challenge,1,チャレンジ一般,11:01,10:56,7,https://keirin.kdreams.jp/ogaki/racedetail/4420260401020001/?pageType=odds,2026-10-08T19:37:27.347241+00:00
4420260401020002,2026-04-02,大垣競輪,F2,A3 challenge,2,チャレンジ一般,11:25,11:20,7,https://keirin.kdreams.jp/ogaki/racedetail/4420260401020002/?pageType=odds,2026-10-08T19:37:29.010499+00:00
4420260401020003,2026-04-02,大垣競輪,F2,A3 challenge,3,チャレンジ準決勝,11:52,11:47,7,https://keirin.kdreams.jp/ogaki/racedetail/4420260401020003/?pageType=odds,2026-10-08T19:37:30.693692+00:00
4420260401020004,2026-04-02,大垣競輪,F2,A3 challenge,4,チャレンジ準決勝,12:19,12:14,7,https://keirin.kdreams.jp/ogaki/racedetail/4420260401020004/?pageType=odds,2026-10-08T19:37:32.377849+00:00
8120260401020001,2026-04-02,小倉競輪,F2,A3 challenge,1,チャレンジ一般,20:41,20:36,7,https://keirin.kdreams.jp/kokura/racedetail/8120260401020001/?pageType=odds,2026-10-08T19:36:29.353816+00:00
8120260401020002,2026-04-02,小倉競輪,F2,A3 challenge,2,チャレンジ一般,21:05,21:00,7,https://keirin.kdreams.jp/kokura/racedetail/8120260401020002/?pageType=odds,2026-10-08T19:36:31.132329+00:00
8120260401020003,2026-04-02,小倉競輪,F2,A3 challenge,3,チャレンジ選抜,21:29,21:24,7,https://keirin.kdreams.jp/kokura/racedetail/8120260401020003/?pageType=odds,2026-10-08T19:36:32.548444+00:00
8120260401020004,2026-04-02,小倉競輪,F2,A3 challenge,4,チャレンジ選抜,21:53,21:48,7,https://keirin.kdreams.jp/kokura/racedetail/8120260401020004/?pageType=odds,2026-10-08T19:36:34.232840+00:00
8120260401020005,2026-04-02,小倉競輪,F2,A3 challenge,5,チャレンジ準決勝,22:18,22:13,7,https://keirin.kdreams.jp/kokura/racedetail/8120260401020005/?pageType=odds,2026-10-08T19:36:36.210609+00:00
8120260401020006,2026-04-02,小倉競輪,F2,A3 challenge,6,チャレンジ準決勝,22:45,22:40,7,https://keirin.kdreams.jp/kokura/racedetail/8120260401020006/?pageType=odds,2026-10-08T19:36:37.998155+00:00
8120260401020007,2026-04-02,小倉競輪,F2,A3 challenge,7,チャレンジ準決勝,23:12,23:07,7,https://keirin.kdreams.jp/kokura/racedetail/8120260401020007/?pageType=odds,2026-10-08T19:36:40.020766+00:00
3620260401020001,2026-04-02,小田原競輪,F2,A3 challenge,1,チャレンジ一般,08:30,08:25,7,https://keirin.kdreams.jp/odawara/racedetail/3620260401020001/?pageType=odds,2026-10-08T19:37:03.255251+00:00
3620260401020002,2026-04-02,小田原競輪,F2,A3 challenge,2,チャレンジ一般,08:50,08:45,7,https://keirin.kdreams.jp/odawara/racedetail/3620260401020002/?pageType=odds,2026-10-08T19:37:04.972971+00:00
3620260401020003,2026-04-02,小田原競輪,F2,A3 challenge,3,チャレンジ準決勝,09:10,09:05,7,https://keirin.kdreams.jp/odawara/racedetail/3620260401020003/?pageType=odds,2026-10-08T19:37:06.648933+00:00
3620260401020004,2026-04-02,小田原競輪,F2,A3 challenge,4,チャレンジ準決勝,09:30,09:25,7,https://keirin.kdreams.jp/odawara/racedetail/3620260401020004/?pageType=odds,2026-10-08T19:37:08.433381+00:00
3620260401020005,2026-04-02,小田原競輪,F2,A3 challenge,5,チャレンジ準決勝,09:50,09:45,7,https://keirin.kdreams.jp/odawara/racedetail/3620260401020005/?pageType=odds,2026-10-08T19:37:10.104714+00:00
8420260402010003,2026-04-02,武雄競輪,F2,A3 challenge,3,チャレンジ予選,09:20,09:15,7,https://keirin.kdreams.jp/takeo/racedetail/8420260402010003/?pageType=odds,2026-10-08T19:37:41.249648+00:00
8420260402010004,2026-04-02,武雄競輪,F2,A3 challenge,4,チャレンジ予選,09:40,09:35,7,https://keirin.kdreams.jp/takeo/racedetail/8420260402010004/?pageType=odds,2026-10-08T19:37:43.066478+00:00
8420260402010005,2026-04-02,武雄競輪,F2,A3 challenge,5,チャレンジ予選,10:00,09:55,7,https://keirin.kdreams.jp/takeo/racedetail/8420260402010005/?pageType=odds,2026-10-08T19:37:44.875109+00:00
8420260402010006,2026-04-02,武雄競輪,F2,A3 challenge,6,チャレンジ予選,10:20,10:15,7,https://keirin.kdreams.jp/takeo/racedetail/8420260402010006/?pageType=odds,2026-10-08T19:37:46.608936+00:00
8420260402010007,2026-04-02,武雄競輪,F2,A3 challenge,7,チャレンジ予選,10:40,10:35,7,https://keirin.kdreams.jp/takeo/racedetail/8420260402010007/?pageType=odds,2026-10-08T19:37:48.268380+00:00
4420260401030001,2026-04-03,大垣競輪,F2,A3 challenge,1,チャレンジ一般,11:01,10:56,5,https://keirin.kdreams.jp/ogaki/racedetail/4420260401030001/?pageType=odds,2026-10-08T19:37:34.079525+00:00
4420260401030002,2026-04-03,大垣競輪,F2,A3 challenge,2,チャレンジ一般,11:25,11:20,6,https://keirin.kdreams.jp/ogaki/racedetail/4420260401030002/?pageType=odds,2026-10-08T19:37:35.674525+00:00
4420260401030003,2026-04-03,大垣競輪,F2,A3 challenge,3,チャレンジ選抜,11:52,11:47,7,https://keirin.kdreams.jp/ogaki/racedetail/4420260401030003/?pageType=odds,2026-10-08T19:37:37.716673+00:00
4420260401030009,2026-04-03,大垣競輪,F2,A3 challenge,9,チャレンジ決勝,14:43,14:38,7,https://keirin.kdreams.jp/ogaki/racedetail/4420260401030009/?pageType=odds,2026-10-08T19:37:39.554280+00:00
8120260401030001,2026-04-03,小倉競輪,F2,A3 challenge,1,チャレンジ一般,20:41,20:36,7,https://keirin.kdreams.jp/kokura/racedetail/8120260401030001/?pageType=odds,2026-10-08T19:36:41.944492+00:00
8120260401030002,2026-04-03,小倉競輪,F2,A3 challenge,2,チャレンジ一般,21:05,21:00,7,https://keirin.kdreams.jp/kokura/racedetail/8120260401030002/?pageType=odds,2026-10-08T19:36:43.961999+00:00
8120260401030003,2026-04-03,小倉競輪,F2,A3 challenge,3,チャレンジ一般,21:29,21:24,7,https://keirin.kdreams.jp/kokura/racedetail/8120260401030003/?pageType=odds,2026-10-08T19:36:45.691828+00:00
8120260401030004,2026-04-03,小倉競輪,F2,A3 challenge,4,チャレンジ選抜,21:53,21:48,7,https://keirin.kdreams.jp/kokura/racedetail/8120260401030004/?pageType=odds,2026-10-08T19:36:47.380603+00:00
8120260401030005,2026-04-03,小倉競輪,F2,A3 challenge,5,チャレンジ選抜,22:18,22:13,7,https://keirin.kdreams.jp/kokura/racedetail/8120260401030005/?pageType=odds,2026-10-08T19:36:49.299889+00:00
8120260401030006,2026-04-03,小倉競輪,F2,A3 challenge,6,チャレンジ選抜,22:45,22:40,7,https://keirin.kdreams.jp/kokura/racedetail/8120260401030006/?pageType=odds,2026-10-08T19:36:50.964754+00:00
8120260401030007,2026-04-03,小倉競輪,F2,A3 challenge,7,チャレンジ決勝,23:12,23:07,7,https://keirin.kdreams.jp/kokura/racedetail/8120260401030007/?pageType=odds,2026-10-08T19:36:52.743594+00:00
3620260401030001,2026-04-03,小田原競輪,F2,A3 challenge,1,チャレンジ一般,08:30,08:25,5,https://keirin.kdreams.jp/odawara/racedetail/3620260401030001/?pageType=odds,2026-10-08T19:37:11.857406+00:00
3620260401030002,2026-04-03,小田原競輪,F2,A3 challenge,2,チャレンジ一般,08:50,08:45,5,https://keirin.kdreams.jp/odawara/racedetail/3620260401030002/?pageType=odds,2026-10-08T19:37:13.380332+00:00
3620260401030003,2026-04-03,小田原競輪,F2,A3 challenge,3,チャレンジ選抜,09:10,09:05,7,https://keirin.kdreams.jp/odawara/racedetail/3620260401030003/?pageType=odds,2026-10-08T19:37:15.105569+00:00
3620260401030004,2026-04-03,小田原競輪,F2,A3 challenge,4,チャレンジ選抜,09:30,09:25,7,https://keirin.kdreams.jp/odawara/racedetail/3620260401030004/?pageType=odds,2026-10-08T19:37:16.794137+00:00
3620260401030005,2026-04-03,小田原競輪,F2,A3 challenge,5,チャレンジ決勝,09:50,09:45,7,https://keirin.kdreams.jp/odawara/racedetail/3620260401030005/?pageType=odds,2026-10-08T19:37:18.505411+00:00
8420260402020003,2026-04-03,武雄競輪,F2,A3 challenge,3,チャレンジ一般,09:20,09:15,6,https://keirin.kdreams.jp/takeo/racedetail/8420260402020003/?pageType=odds,2026-10-08T19:37:49.941023+00:00
8420260402020004,2026-04-03,武雄競輪,F2,A3 challenge,4,チャレンジ一般,09:40,09:35,6,https://keirin.kdreams.jp/takeo/racedetail/8420260402020004/?pageType=odds,2026-10-08T19:37:51.854577+00:00
8420260402020005,2026-04-03,武雄競輪,F2,A3 challenge,5,チャレンジ準決勝,10:00,09:55,7,https://keirin.kdreams.jp/takeo/racedetail/8420260402020005/?pageType=odds,2026-10-08T19:37:53.592499+00:00
8420260402020006,2026-04-03,武雄競輪,F2,A3 challenge,6,チャレンジ準決勝,10:20,10:15,7,https://keirin.kdreams.jp/takeo/racedetail/8420260402020006/?pageType=odds,2026-10-08T19:37:55.331897+00:00
8420260402020007,2026-04-03,武雄競輪,F2,A3 challenge,7,チャレンジ準決勝,10:40,10:35,7,https://keirin.kdreams.jp/takeo/racedetail/8420260402020007/?pageType=odds,2026-10-08T19:37:57.463111+00:00
8420260402030002,2026-04-04,武雄競輪,F2,A3 challenge,2,チャレンジ一般,08:50,08:45,6,https://keirin.kdreams.jp/takeo/racedetail/8420260402030002/?pageType=odds,2026-10-08T19:37:59.004239+00:00
8420260402030003,2026-04-04,武雄競輪,F2,A3 challenge,3,チャレンジ一般,09:11,09:06,6,https://keirin.kdreams.jp/takeo/racedetail/8420260402030003/?pageType=odds,2026-10-08T19:38:00.634852+00:00
8420260402030004,2026-04-04,武雄競輪,F2,A3 challenge,4,チャレンジ選抜,09:32,09:27,7,https://keirin.kdreams.jp/takeo/racedetail/8420260402030004/?pageType=odds,2026-10-08T19:38:02.343366+00:00
8420260402030005,2026-04-04,武雄競輪,F2,A3 challenge,5,チャレンジ選抜,09:53,09:48,7,https://keirin.kdreams.jp/takeo/racedetail/8420260402030005/?pageType=odds,2026-10-08T19:38:04.145969+00:00
8420260402030007,2026-04-04,武雄競輪,F2,A3 challenge,7,チャレンジ決勝,10:35,10:30,7,https://keirin.kdreams.jp/takeo/racedetail/8420260402030007/?pageType=odds,2026-10-08T19:38:05.954744+00:00
8720260404010001,2026-04-04,熊本競輪,F2,A3 challenge,1,チャレンジ予選,20:57,20:52,7,https://keirin.kdreams.jp/kumamoto/racedetail/8720260404010001/?pageType=odds,2026-10-08T19:38:07.801000+00:00
8720260404010002,2026-04-04,熊本競輪,F2,A3 challenge,2,チャレンジ予選,21:21,21:16,7,https://keirin.kdreams.jp/kumamoto/racedetail/8720260404010002/?pageType=odds,2026-10-08T19:38:09.475693+00:00
8720260404010003,2026-04-04,熊本競輪,F2,A3 challenge,3,チャレンジ予選,21:45,21:40,7,https://keirin.kdreams.jp/kumamoto/racedetail/8720260404010003/?pageType=odds,2026-10-08T19:38:11.319287+00:00
8720260404010004,2026-04-04,熊本競輪,F2,A3 challenge,4,チャレンジ予選,22:09,22:04,7,https://keirin.kdreams.jp/kumamoto/racedetail/8720260404010004/?pageType=odds,2026-10-08T19:38:13.053852+00:00
8720260404010005,2026-04-04,熊本競輪,F2,A3 challenge,5,チャレンジ予選,22:36,22:31,7,https://keirin.kdreams.jp/kumamoto/racedetail/8720260404010005/?pageType=odds,2026-10-08T19:38:14.693632+00:00
8720260404010006,2026-04-04,熊本競輪,F2,A3 challenge,6,チャレンジ予選,23:03,22:58,7,https://keirin.kdreams.jp/kumamoto/racedetail/8720260404010006/?pageType=odds,2026-10-08T19:38:16.710239+00:00
8720260404010007,2026-04-04,熊本競輪,F2,A3 challenge,7,チャレンジ予選,23:30,23:25,7,https://keirin.kdreams.jp/kumamoto/racedetail/8720260404010007/?pageType=odds,2026-10-08T19:38:18.541895+00:00
4520260404010001,2026-04-04,豊橋競輪,F2,A3 challenge,1,チャレンジ予選,16:07,16:02,7,https://keirin.kdreams.jp/toyohashi/racedetail/4520260404010001/?pageType=odds,2026-10-08T19:38:44.730342+00:00
4520260404010002,2026-04-04,豊橋競輪,F2,A3 challenge,2,チャレンジ予選,16:32,16:27,7,https://keirin.kdreams.jp/toyohashi/racedetail/4520260404010002/?pageType=odds,2026-10-08T19:38:46.455761+00:00
4520260404010003,2026-04-04,豊橋競輪,F2,A3 challenge,3,チャレンジ予選,16:54,16:49,7,https://keirin.kdreams.jp/toyohashi/racedetail/4520260404010003/?pageType=odds,2026-10-08T19:38:48.249939+00:00
4520260404010004,2026-04-04,豊橋競輪,F2,A3 challenge,4,チャレンジ予選,17:18,17:13,7,https://keirin.kdreams.jp/toyohashi/racedetail/4520260404010004/?pageType=odds,2026-10-08T19:38:49.872581+00:00
8720260404020001,2026-04-05,熊本競輪,F2,A3 challenge,1,チャレンジ一般,20:57,20:52,5,https://keirin.kdreams.jp/kumamoto/racedetail/8720260404020001/?pageType=odds,2026-10-08T19:38:20.386259+00:00
8720260404020002,2026-04-05,熊本競輪,F2,A3 challenge,2,チャレンジ一般,21:21,21:16,6,https://keirin.kdreams.jp/kumamoto/racedetail/8720260404020002/?pageType=odds,2026-10-08T19:38:22.094998+00:00
8720260404020003,2026-04-05,熊本競輪,F2,A3 challenge,3,チャレンジ選抜,21:45,21:40,7,https://keirin.kdreams.jp/kumamoto/racedetail/8720260404020003/?pageType=odds,2026-10-08T19:38:23.764093+00:00
8720260404020004,2026-04-05,熊本競輪,F2,A3 challenge,4,チャレンジ選抜,22:09,22:04,7,https://keirin.kdreams.jp/kumamoto/racedetail/8720260404020004/?pageType=odds,2026-10-08T19:38:25.497447+00:00
8720260404020005,2026-04-05,熊本競輪,F2,A3 challenge,5,チャレンジ準決勝,22:36,22:31,7,https://keirin.kdreams.jp/kumamoto/racedetail/8720260404020005/?pageType=odds,2026-10-08T19:38:27.195272+00:00
8720260404020006,2026-04-05,熊本競輪,F2,A3 challenge,6,チャレンジ準決勝,23:03,22:58,7,https://keirin.kdreams.jp/kumamoto/racedetail/8720260404020006/?pageType=odds,2026-10-08T19:38:28.973357+00:00
8720260404020007,2026-04-05,熊本競輪,F2,A3 challenge,7,チャレンジ準決勝,23:30,23:25,7,https://keirin.kdreams.jp/kumamoto/racedetail/8720260404020007/?pageType=odds,2026-10-08T19:38:30.690939+00:00
4520260404020001,2026-04-05,豊橋競輪,F2,A3 challenge,1,チャレンジ一般,16:10,16:05,7,https://keirin.kdreams.jp/toyohashi/racedetail/4520260404020001/?pageType=odds,2026-10-08T19:38:51.459622+00:00
4520260404020002,2026-04-05,豊橋競輪,F2,A3 challenge,2,チャレンジ一般,16:32,16:27,7,https://keirin.kdreams.jp/toyohashi/racedetail/4520260404020002/?pageType=odds,2026-10-08T19:38:53.239476+00:00
4520260404020003,2026-04-05,豊橋競輪,F2,A3 challenge,3,チャレンジ準決勝,16:54,16:49,7,https://keirin.kdreams.jp/toyohashi/racedetail/4520260404020003/?pageType=odds,2026-10-08T19:38:55.242990+00:00
4520260404020004,2026-04-05,豊橋競輪,F2,A3 challenge,4,チャレンジ準決勝,17:18,17:13,7,https://keirin.kdreams.jp/toyohashi/racedetail/4520260404020004/?pageType=odds,2026-10-08T19:38:56.987116+00:00
8720260404030001,2026-04-06,熊本競輪,F2,A3 challenge,1,チャレンジ一般,20:57,20:52,6,https://keirin.kdreams.jp/kumamoto/racedetail/8720260404030001/?pageType=odds,2026-10-08T19:38:32.243160+00:00
8720260404030002,2026-04-06,熊本競輪,F2,A3 challenge,2,チャレンジ一般,21:21,21:16,6,https://keirin.kdreams.jp/kumamoto/racedetail/8720260404030002/?pageType=odds,2026-10-08T19:38:34.042622+00:00
8720260404030003,2026-04-06,熊本競輪,F2,A3 challenge,3,チャレンジ一般,21:45,21:40,7,https://keirin.kdreams.jp/kumamoto/racedetail/8720260404030003/?pageType=odds,2026-10-08T19:38:35.766585+00:00
8720260404030004,2026-04-06,熊本競輪,F2,A3 challenge,4,チャレンジ選抜,22:09,22:04,7,https://keirin.kdreams.jp/kumamoto/racedetail/8720260404030004/?pageType=odds,2026-10-08T19:38:37.622536+00:00
8720260404030005,2026-04-06,熊本競輪,F2,A3 challenge,5,チャレンジ選抜,22:36,22:31,7,https://keirin.kdreams.jp/kumamoto/racedetail/8720260404030005/?pageType=odds,2026-10-08T19:38:39.549831+00:00
8720260404030006,2026-04-06,熊本競輪,F2,A3 challenge,6,チャレンジ選抜,23:03,22:58,7,https://keirin.kdreams.jp/kumamoto/racedetail/8720260404030006/?pageType=odds,2026-10-08T19:38:41.230181+00:00
8720260404030007,2026-04-06,熊本競輪,F2,A3 challenge,7,チャレンジ決勝,23:30,23:25,7,https://keirin.kdreams.jp/kumamoto/racedetail/8720260404030007/?pageType=odds,2026-10-08T19:38:42.946565+00:00
4520260404030001,2026-04-06,豊橋競輪,F2,A3 challenge,1,チャレンジ一般,15:59,15:54,6,https://keirin.kdreams.jp/toyohashi/racedetail/4520260404030001/?pageType=odds,2026-10-08T19:38:58.631267+00:00
4520260404030002,2026-04-06,豊橋競輪,F2,A3 challenge,2,チャレンジ一般,16:22,16:17,7,https://keirin.kdreams.jp/toyohashi/racedetail/4520260404030002/?pageType=odds,2026-10-08T19:39:00.219821+00:00
4520260404030003,2026-04-06,豊橋競輪,F2,A3 challenge,3,チャレンジ選抜,16:46,16:41,7,https://keirin.kdreams.jp/toyohashi/racedetail/4520260404030003/?pageType=odds,2026-10-08T19:39:02.015267+00:00
4520260404030009,2026-04-06,豊橋競輪,F2,A3 challenge,9,チャレンジ決勝,19:22,19:17,7,https://keirin.kdreams.jp/toyohashi/racedetail/4520260404030009/?pageType=odds,2026-10-08T19:39:03.740531+00:00
5320260407010001,2026-04-07,奈良競輪,F2,A3 challenge,1,チャレンジ予選,08:30,08:25,7,https://keirin.kdreams.jp/nara/racedetail/5320260407010001/?pageType=odds,2026-10-08T19:39:26.266288+00:00
5320260407010002,2026-04-07,奈良競輪,F2,A3 challenge,2,チャレンジ予選,08:50,08:45,7,https://keirin.kdreams.jp/nara/racedetail/5320260407010002/?pageType=odds,2026-10-08T19:39:27.922773+00:00
5320260407010003,2026-04-07,奈良競輪,F2,A3 challenge,3,チャレンジ予選,09:10,09:05,7,https://keirin.kdreams.jp/nara/racedetail/5320260407010003/?pageType=odds,2026-10-08T19:39:29.599246+00:00
5320260407010004,2026-04-07,奈良競輪,F2,A3 challenge,4,チャレンジ予選,09:30,09:25,7,https://keirin.kdreams.jp/nara/racedetail/5320260407010004/?pageType=odds,2026-10-08T19:39:31.355259+00:00
5320260407010005,2026-04-07,奈良競輪,F2,A3 challenge,5,チャレンジ予選,09:50,09:45,7,https://keirin.kdreams.jp/nara/racedetail/5320260407010005/?pageType=odds,2026-10-08T19:39:33.133957+00:00
3520260407010001,2026-04-07,平塚競輪,F2,A3 challenge,1,チャレンジ予選,20:50,20:45,7,https://keirin.kdreams.jp/hiratsuka/racedetail/3520260407010001/?pageType=odds,2026-10-08T19:39:05.779040+00:00
3520260407010002,2026-04-07,平塚競輪,F2,A3 challenge,2,チャレンジ予選,21:10,21:05,7,https://keirin.kdreams.jp/hiratsuka/racedetail/3520260407010002/?pageType=odds,2026-10-08T19:39:07.506617+00:00
3520260407010003,2026-04-07,平塚競輪,F2,A3 challenge,3,チャレンジ予選,21:30,21:25,7,https://keirin.kdreams.jp/hiratsuka/racedetail/3520260407010003/?pageType=odds,2026-10-08T19:39:09.268104+00:00
3520260407010004,2026-04-07,平塚競輪,F2,A3 challenge,4,チャレンジ予選,21:50,21:45,7,https://keirin.kdreams.jp/hiratsuka/racedetail/3520260407010004/?pageType=odds,2026-10-08T19:39:11.053043+00:00
6120260407010001,2026-04-07,玉野競輪,F2,A3 challenge,1,チャレンジ予選,20:40,20:35,7,https://keirin.kdreams.jp/tamano/racedetail/6120260407010001/?pageType=odds,2026-10-08T19:39:51.627082+00:00
6120260407010002,2026-04-07,玉野競輪,F2,A3 challenge,2,チャレンジ予選,21:00,20:55,7,https://keirin.kdreams.jp/tamano/racedetail/6120260407010002/?pageType=odds,2026-10-08T19:39:53.357597+00:00
6120260407010003,2026-04-07,玉野競輪,F2,A3 challenge,3,チャレンジ予選,21:20,21:15,7,https://keirin.kdreams.jp/tamano/racedetail/6120260407010003/?pageType=odds,2026-10-08T19:39:54.898270+00:00
6120260407010004,2026-04-07,玉野競輪,F2,A3 challenge,4,チャレンジ予選,21:40,21:35,7,https://keirin.kdreams.jp/tamano/racedetail/6120260407010004/?pageType=odds,2026-10-08T19:39:56.433143+00:00
5320260407020001,2026-04-08,奈良競輪,F2,A3 challenge,1,チャレンジ一般,08:30,08:25,6,https://keirin.kdreams.jp/nara/racedetail/5320260407020001/?pageType=odds,2026-10-08T19:39:34.744932+00:00
5320260407020002,2026-04-08,奈良競輪,F2,A3 challenge,2,チャレンジ一般,08:50,08:45,6,https://keirin.kdreams.jp/nara/racedetail/5320260407020002/?pageType=odds,2026-10-08T19:39:36.383400+00:00
5320260407020003,2026-04-08,奈良競輪,F2,A3 challenge,3,チャレンジ準決勝,09:11,09:06,7,https://keirin.kdreams.jp/nara/racedetail/5320260407020003/?pageType=odds,2026-10-08T19:39:38.082060+00:00
5320260407020004,2026-04-08,奈良競輪,F2,A3 challenge,4,チャレンジ準決勝,09:32,09:27,7,https://keirin.kdreams.jp/nara/racedetail/5320260407020004/?pageType=odds,2026-10-08T19:39:40.103370+00:00
5320260407020005,2026-04-08,奈良競輪,F2,A3 challenge,5,チャレンジ準決勝,09:53,09:48,7,https://keirin.kdreams.jp/nara/racedetail/5320260407020005/?pageType=odds,2026-10-08T19:39:41.763133+00:00
3520260407020001,2026-04-08,平塚競輪,F2,A3 challenge,1,チャレンジ一般,20:50,20:45,7,https://keirin.kdreams.jp/hiratsuka/racedetail/3520260407020001/?pageType=odds,2026-10-08T19:39:12.701651+00:00
3520260407020002,2026-04-08,平塚競輪,F2,A3 challenge,2,チャレンジ一般,21:10,21:05,7,https://keirin.kdreams.jp/hiratsuka/racedetail/3520260407020002/?pageType=odds,2026-10-08T19:39:14.013184+00:00
3520260407020003,2026-04-08,平塚競輪,F2,A3 challenge,3,チャレンジ準決勝,21:30,21:25,7,https://keirin.kdreams.jp/hiratsuka/racedetail/3520260407020003/?pageType=odds,2026-10-08T19:39:15.927670+00:00
3520260407020004,2026-04-08,平塚競輪,F2,A3 challenge,4,チャレンジ準決勝,21:50,21:45,7,https://keirin.kdreams.jp/hiratsuka/racedetail/3520260407020004/?pageType=odds,2026-10-08T19:39:17.644684+00:00
6120260407020001,2026-04-08,玉野競輪,F2,A3 challenge,1,チャレンジ一般,20:40,20:35,7,https://keirin.kdreams.jp/tamano/racedetail/6120260407020001/?pageType=odds,2026-10-08T19:39:57.978837+00:00
6120260407020002,2026-04-08,玉野競輪,F2,A3 challenge,2,チャレンジ一般,21:00,20:55,7,https://keirin.kdreams.jp/tamano/racedetail/6120260407020002/?pageType=odds,2026-10-08T19:39:59.650349+00:00
6120260407020003,2026-04-08,玉野競輪,F2,A3 challenge,3,チャレンジ準決勝,21:20,21:15,7,https://keirin.kdreams.jp/tamano/racedetail/6120260407020003/?pageType=odds,2026-10-08T19:40:01.413705+00:00
6120260407020004,2026-04-08,玉野競輪,F2,A3 challenge,4,チャレンジ準決勝,21:40,21:35,7,https://keirin.kdreams.jp/tamano/racedetail/6120260407020004/?pageType=odds,2026-10-08T19:40:03.019331+00:00
1120260409010001,2026-04-09,函館競輪,F2,A3 challenge,1,チャレンジ予選,16:09,16:04,7,https://keirin.kdreams.jp/hakodate/racedetail/1120260409010001/?pageType=odds,2026-10-08T19:40:11.297504+00:00
1120260409010002,2026-04-09,函館競輪,F2,A3 challenge,2,チャレンジ予選,16:31,16:26,7,https://keirin.kdreams.jp/hakodate/racedetail/1120260409010002/?pageType=odds,2026-10-08T19:40:13.012577+00:00
1120260409010003,2026-04-09,函館競輪,F2,A3 challenge,3,チャレンジ予選,16:53,16:48,7,https://keirin.kdreams.jp/hakodate/racedetail/1120260409010003/?pageType=odds,2026-10-08T19:40:15.032064+00:00
1120260409010004,2026-04-09,函館競輪,F2,A3 challenge,4,チャレンジ予選,17:17,17:12,7,https://keirin.kdreams.jp/hakodate/racedetail/1120260409010004/?pageType=odds,2026-10-08T19:40:16.870499+00:00
5320260407030001,2026-04-09,奈良競輪,F2,A3 challenge,1,チャレンジ一般,08:30,08:25,6,https://keirin.kdreams.jp/nara/racedetail/5320260407030001/?pageType=odds,2026-10-08T19:39:43.339622+00:00
5320260407030002,2026-04-09,奈良競輪,F2,A3 challenge,2,チャレンジ一般,08:50,08:45,6,https://keirin.kdreams.jp/nara/racedetail/5320260407030002/?pageType=odds,2026-10-08T19:39:45.088044+00:00
5320260407030003,2026-04-09,奈良競輪,F2,A3 challenge,3,チャレンジ選抜,09:11,09:06,7,https://keirin.kdreams.jp/nara/racedetail/5320260407030003/?pageType=odds,2026-10-08T19:39:46.700248+00:00
5320260407030004,2026-04-09,奈良競輪,F2,A3 challenge,4,チャレンジ選抜,09:32,09:27,7,https://keirin.kdreams.jp/nara/racedetail/5320260407030004/?pageType=odds,2026-10-08T19:39:48.390463+00:00
5320260407030006,2026-04-09,奈良競輪,F2,A3 challenge,6,チャレンジ決勝,10:14,10:09,7,https://keirin.kdreams.jp/nara/racedetail/5320260407030006/?pageType=odds,2026-10-08T19:39:50.134212+00:00
3620260409010001,2026-04-09,小田原競輪,F2,A3 challenge,1,チャレンジ予選,11:01,10:56,6,https://keirin.kdreams.jp/odawara/racedetail/3620260409010001/?pageType=odds,2026-10-08T19:40:32.188949+00:00
3620260409010002,2026-04-09,小田原競輪,F2,A3 challenge,2,チャレンジ予選,11:25,11:20,6,https://keirin.kdreams.jp/odawara/racedetail/3620260409010002/?pageType=odds,2026-10-08T19:40:33.826724+00:00
3620260409010003,2026-04-09,小田原競輪,F2,A3 challenge,3,チャレンジ予選,11:52,11:47,7,https://keirin.kdreams.jp/odawara/racedetail/3620260409010003/?pageType=odds,2026-10-08T19:40:35.485292+00:00
3620260409010004,2026-04-09,小田原競輪,F2,A3 challenge,4,チャレンジ予選,12:19,12:14,7,https://keirin.kdreams.jp/odawara/racedetail/3620260409010004/?pageType=odds,2026-10-08T19:40:37.088911+00:00
3620260409010005,2026-04-09,小田原競輪,F2,A3 challenge,5,チャレンジ予選,12:46,12:41,7,https://keirin.kdreams.jp/odawara/racedetail/3620260409010005/?pageType=odds,2026-10-08T19:40:38.863958+00:00
3520260407030001,2026-04-09,平塚競輪,F2,A3 challenge,1,チャレンジ一般,20:50,20:45,7,https://keirin.kdreams.jp/hiratsuka/racedetail/3520260407030001/?pageType=odds,2026-10-08T19:39:19.421385+00:00
3520260407030002,2026-04-09,平塚競輪,F2,A3 challenge,2,チャレンジ一般,21:10,21:05,7,https://keirin.kdreams.jp/hiratsuka/racedetail/3520260407030002/?pageType=odds,2026-10-08T19:39:21.138629+00:00
3520260407030003,2026-04-09,平塚競輪,F2,A3 challenge,3,チャレンジ選抜,21:30,21:25,7,https://keirin.kdreams.jp/hiratsuka/racedetail/3520260407030003/?pageType=odds,2026-10-08T19:39:22.931237+00:00
3520260407030008,2026-04-09,平塚競輪,F2,A3 challenge,8,チャレンジ決勝,23:10,23:05,7,https://keirin.kdreams.jp/hiratsuka/racedetail/3520260407030008/?pageType=odds,2026-10-08T19:39:24.554207+00:00
6120260407030001,2026-04-09,玉野競輪,F2,A3 challenge,1,チャレンジ一般,20:40,20:35,6,https://keirin.kdreams.jp/tamano/racedetail/6120260407030001/?pageType=odds,2026-10-08T19:40:04.556227+00:00
6120260407030002,2026-04-09,玉野競輪,F2,A3 challenge,2,チャレンジ一般,21:00,20:55,7,https://keirin.kdreams.jp/tamano/racedetail/6120260407030002/?pageType=odds,2026-10-08T19:40:06.291457+00:00
6120260407030003,2026-04-09,玉野競輪,F2,A3 challenge,3,チャレンジ選抜,21:20,21:15,7,https://keirin.kdreams.jp/tamano/racedetail/6120260407030003/?pageType=odds,2026-10-08T19:40:08.068817+00:00
6120260407030008,2026-04-09,玉野競輪,F2,A3 challenge,8,チャレンジ決勝,23:00,22:55,7,https://keirin.kdreams.jp/tamano/racedetail/6120260407030008/?pageType=odds,2026-10-08T19:40:09.793982+00:00
1120260409020001,2026-04-10,函館競輪,F2,A3 challenge,1,チャレンジ一般,16:09,16:04,7,https://keirin.kdreams.jp/hakodate/racedetail/1120260409020001/?pageType=odds,2026-10-08T19:40:18.459159+00:00
1120260409020002,2026-04-10,函館競輪,F2,A3 challenge,2,チャレンジ一般,16:31,16:26,7,https://keirin.kdreams.jp/hakodate/racedetail/1120260409020002/?pageType=odds,2026-10-08T19:40:20.092693+00:00
1120260409020003,2026-04-10,函館競輪,F2,A3 challenge,3,チャレンジ準決勝,16:53,16:48,7,https://keirin.kdreams.jp/hakodate/racedetail/1120260409020003/?pageType=odds,2026-10-08T19:40:21.896043+00:00
1120260409020004,2026-04-10,函館競輪,F2,A3 challenge,4,チャレンジ準決勝,17:17,17:12,7,https://keirin.kdreams.jp/hakodate/racedetail/1120260409020004/?pageType=odds,2026-10-08T19:40:23.752192+00:00
3620260409020001,2026-04-10,小田原競輪,F2,A3 challenge,1,チャレンジ一般,11:01,10:56,5,https://keirin.kdreams.jp/odawara/racedetail/3620260409020001/?pageType=odds,2026-10-08T19:40:40.498463+00:00
3620260409020002,2026-04-10,小田原競輪,F2,A3 challenge,2,チャレンジ一般,11:25,11:20,6,https://keirin.kdreams.jp/odawara/racedetail/3620260409020002/?pageType=odds,2026-10-08T19:40:42.035255+00:00
3620260409020003,2026-04-10,小田原競輪,F2,A3 challenge,3,チャレンジ準決勝,11:52,11:47,7,https://keirin.kdreams.jp/odawara/racedetail/3620260409020003/?pageType=odds,2026-10-08T19:40:43.727315+00:00
3620260409020004,2026-04-10,小田原競輪,F2,A3 challenge,4,チャレンジ準決勝,12:19,12:14,7,https://keirin.kdreams.jp/odawara/racedetail/3620260409020004/?pageType=odds,2026-10-08T19:40:45.384870+00:00
3620260409020005,2026-04-10,小田原競輪,F2,A3 challenge,5,チャレンジ準決勝,12:46,12:41,7,https://keirin.kdreams.jp/odawara/racedetail/3620260409020005/?pageType=odds,2026-10-08T19:40:47.231357+00:00
6320260410010001,2026-04-10,防府競輪,F2,A3 challenge,1,チャレンジ予選,08:30,08:25,7,https://keirin.kdreams.jp/hofu/racedetail/6320260410010001/?pageType=odds,2026-10-08T19:40:57.100811+00:00
6320260410010002,2026-04-10,防府競輪,F2,A3 challenge,2,チャレンジ予選,08:50,08:45,7,https://keirin.kdreams.jp/hofu/racedetail/6320260410010002/?pageType=odds,2026-10-08T19:40:58.801663+00:00
6320260410010003,2026-04-10,防府競輪,F2,A3 challenge,3,チャレンジ予選,09:11,09:06,7,https://keirin.kdreams.jp/hofu/racedetail/6320260410010003/?pageType=odds,2026-10-08T19:41:00.433053+00:00
6320260410010004,2026-04-10,防府競輪,F2,A3 challenge,4,チャレンジ予選,09:32,09:27,7,https://keirin.kdreams.jp/hofu/racedetail/6320260410010004/?pageType=odds,2026-10-08T19:41:02.329917+00:00
6320260410010005,2026-04-10,防府競輪,F2,A3 challenge,5,チャレンジ予選,09:53,09:48,7,https://keirin.kdreams.jp/hofu/racedetail/6320260410010005/?pageType=odds,2026-10-08T19:41:03.903672+00:00
6320260410010006,2026-04-10,防府競輪,F2,A3 challenge,6,チャレンジ予選,10:14,10:09,7,https://keirin.kdreams.jp/hofu/racedetail/6320260410010006/?pageType=odds,2026-10-08T19:41:05.685473+00:00
6320260410010007,2026-04-10,防府競輪,F2,A3 challenge,7,チャレンジ予選,10:35,10:30,7,https://keirin.kdreams.jp/hofu/racedetail/6320260410010007/?pageType=odds,2026-10-08T19:41:07.397287+00:00
1120260409030001,2026-04-11,函館競輪,F2,A3 challenge,1,チャレンジ一般,16:10,16:05,7,https://keirin.kdreams.jp/hakodate/racedetail/1120260409030001/?pageType=odds,2026-10-08T19:40:25.501255+00:00
1120260409030002,2026-04-11,函館競輪,F2,A3 challenge,2,チャレンジ一般,16:32,16:27,7,https://keirin.kdreams.jp/hakodate/racedetail/1120260409030002/?pageType=odds,2026-10-08T19:40:27.187653+00:00
1120260409030003,2026-04-11,函館競輪,F2,A3 challenge,3,チャレンジ選抜,16:54,16:49,7,https://keirin.kdreams.jp/hakodate/racedetail/1120260409030003/?pageType=odds,2026-10-08T19:40:28.847486+00:00
1120260409030009,2026-04-11,函館競輪,F2,A3 challenge,9,チャレンジ決勝,19:22,19:17,7,https://keirin.kdreams.jp/hakodate/racedetail/1120260409030009/?pageType=odds,2026-10-08T19:40:30.484544+00:00
4220260411010001,2026-04-11,名古屋競輪,F2,A3 challenge,1,チャレンジ予選,08:40,08:35,6,https://keirin.kdreams.jp/nagoya/racedetail/4220260411010001/?pageType=odds,2026-10-08T19:41:31.973802+00:00
4220260411010002,2026-04-11,名古屋競輪,F2,A3 challenge,2,チャレンジ予選,09:00,08:55,7,https://keirin.kdreams.jp/nagoya/racedetail/4220260411010002/?pageType=odds,2026-10-08T19:41:33.653648+00:00
4220260411010003,2026-04-11,名古屋競輪,F2,A3 challenge,3,チャレンジ予選,09:20,09:15,7,https://keirin.kdreams.jp/nagoya/racedetail/4220260411010003/?pageType=odds,2026-10-08T19:41:35.241465+00:00
4220260411010004,2026-04-11,名古屋競輪,F2,A3 challenge,4,チャレンジ予選,09:40,09:35,7,https://keirin.kdreams.jp/nagoya/racedetail/4220260411010004/?pageType=odds,2026-10-08T19:41:36.963018+00:00
4220260411010005,2026-04-11,名古屋競輪,F2,A3 challenge,5,チャレンジ予選,10:00,09:55,7,https://keirin.kdreams.jp/nagoya/racedetail/4220260411010005/?pageType=odds,2026-10-08T19:41:38.640458+00:00
4220260411010006,2026-04-11,名古屋競輪,F2,A3 challenge,6,チャレンジ予選,10:20,10:15,7,https://keirin.kdreams.jp/nagoya/racedetail/4220260411010006/?pageType=odds,2026-10-08T19:41:40.372306+00:00
4220260411010007,2026-04-11,名古屋競輪,F2,A3 challenge,7,チャレンジ予選,10:40,10:35,7,https://keirin.kdreams.jp/nagoya/racedetail/4220260411010007/?pageType=odds,2026-10-08T19:41:41.951623+00:00
3620260409030001,2026-04-11,小田原競輪,F2,A3 challenge,1,チャレンジ一般,10:59,10:54,5,https://keirin.kdreams.jp/odawara/racedetail/3620260409030001/?pageType=odds,2026-10-08T19:40:48.685288+00:00
3620260409030002,2026-04-11,小田原競輪,F2,A3 challenge,2,チャレンジ一般,11:29,11:24,6,https://keirin.kdreams.jp/odawara/racedetail/3620260409030002/?pageType=odds,2026-10-08T19:40:50.272508+00:00
3620260409030003,2026-04-11,小田原競輪,F2,A3 challenge,3,チャレンジ選抜,11:59,11:54,7,https://keirin.kdreams.jp/odawara/racedetail/3620260409030003/?pageType=odds,2026-10-08T19:40:51.963304+00:00
3620260409030004,2026-04-11,小田原競輪,F2,A3 challenge,4,チャレンジ選抜,12:29,12:24,7,https://keirin.kdreams.jp/odawara/racedetail/3620260409030004/?pageType=odds,2026-10-08T19:40:53.580142+00:00
3620260409030010,2026-04-11,小田原競輪,F2,A3 challenge,10,チャレンジ決勝,15:31,15:26,7,https://keirin.kdreams.jp/odawara/racedetail/3620260409030010/?pageType=odds,2026-10-08T19:40:55.544209+00:00
6320260410020001,2026-04-11,防府競輪,F2,A3 challenge,1,チャレンジ一般,08:30,08:25,7,https://keirin.kdreams.jp/hofu/racedetail/6320260410020001/?pageType=odds,2026-10-08T19:41:09.116104+00:00
6320260410020002,2026-04-11,防府競輪,F2,A3 challenge,2,チャレンジ一般,08:50,08:45,7,https://keirin.kdreams.jp/hofu/racedetail/6320260410020002/?pageType=odds,2026-10-08T19:41:10.827034+00:00
6320260410020003,2026-04-11,防府競輪,F2,A3 challenge,3,チャレンジ選抜,09:10,09:05,7,https://keirin.kdreams.jp/hofu/racedetail/6320260410020003/?pageType=odds,2026-10-08T19:41:12.401116+00:00
6320260410020004,2026-04-11,防府競輪,F2,A3 challenge,4,チャレンジ選抜,09:30,09:25,7,https://keirin.kdreams.jp/hofu/racedetail/6320260410020004/?pageType=odds,2026-10-08T19:41:14.129609+00:00
6320260410020005,2026-04-11,防府競輪,F2,A3 challenge,5,チャレンジ準決勝,09:50,09:45,7,https://keirin.kdreams.jp/hofu/racedetail/6320260410020005/?pageType=odds,2026-10-08T19:41:15.703930+00:00
6320260410020006,2026-04-11,防府競輪,F2,A3 challenge,6,チャレンジ準決勝,10:10,10:05,7,https://keirin.kdreams.jp/hofu/racedetail/6320260410020006/?pageType=odds,2026-10-08T19:41:17.451706+00:00
6320260410020007,2026-04-11,防府競輪,F2,A3 challenge,7,チャレンジ準決勝,10:30,10:25,7,https://keirin.kdreams.jp/hofu/racedetail/6320260410020007/?pageType=odds,2026-10-08T19:41:19.107460+00:00
4220260411020001,2026-04-12,名古屋競輪,F2,A3 challenge,1,チャレンジ一般,08:40,08:35,6,https://keirin.kdreams.jp/nagoya/racedetail/4220260411020001/?pageType=odds,2026-10-08T19:41:43.410879+00:00
4220260411020002,2026-04-12,名古屋競輪,F2,A3 challenge,2,チャレンジ一般,09:00,08:55,6,https://keirin.kdreams.jp/nagoya/racedetail/4220260411020002/?pageType=odds,2026-10-08T19:41:44.940020+00:00
4220260411020003,2026-04-12,名古屋競輪,F2,A3 challenge,3,チャレンジ選抜,09:20,09:15,7,https://keirin.kdreams.jp/nagoya/racedetail/4220260411020003/?pageType=odds,2026-10-08T19:41:46.494691+00:00
4220260411020004,2026-04-12,名古屋競輪,F2,A3 challenge,4,チャレンジ選抜,09:40,09:35,7,https://keirin.kdreams.jp/nagoya/racedetail/4220260411020004/?pageType=odds,2026-10-08T19:41:48.165252+00:00
4220260411020005,2026-04-12,名古屋競輪,F2,A3 challenge,5,チャレンジ準決勝,10:00,09:55,7,https://keirin.kdreams.jp/nagoya/racedetail/4220260411020005/?pageType=odds,2026-10-08T19:41:49.686126+00:00
4220260411020006,2026-04-12,名古屋競輪,F2,A3 challenge,6,チャレンジ準決勝,10:20,10:15,7,https://keirin.kdreams.jp/nagoya/racedetail/4220260411020006/?pageType=odds,2026-10-08T19:41:51.326577+00:00
4220260411020007,2026-04-12,名古屋競輪,F2,A3 challenge,7,チャレンジ準決勝,10:40,10:35,7,https://keirin.kdreams.jp/nagoya/racedetail/4220260411020007/?pageType=odds,2026-10-08T19:41:53.009757+00:00
6320260410030001,2026-04-12,防府競輪,F2,A3 challenge,1,チャレンジ一般,08:30,08:25,7,https://keirin.kdreams.jp/hofu/racedetail/6320260410030001/?pageType=odds,2026-10-08T19:41:20.621268+00:00
6320260410030002,2026-04-12,防府競輪,F2,A3 challenge,2,チャレンジ一般,08:50,08:45,7,https://keirin.kdreams.jp/hofu/racedetail/6320260410030002/?pageType=odds,2026-10-08T19:41:22.326082+00:00
6320260410030003,2026-04-12,防府競輪,F2,A3 challenge,3,チャレンジ一般,09:10,09:05,7,https://keirin.kdreams.jp/hofu/racedetail/6320260410030003/?pageType=odds,2026-10-08T19:41:23.950693+00:00
6320260410030004,2026-04-12,防府競輪,F2,A3 challenge,4,チャレンジ選抜,09:30,09:25,7,https://keirin.kdreams.jp/hofu/racedetail/6320260410030004/?pageType=odds,2026-10-08T19:41:25.609720+00:00
6320260410030005,2026-04-12,防府競輪,F2,A3 challenge,5,チャレンジ選抜,09:50,09:45,7,https://keirin.kdreams.jp/hofu/racedetail/6320260410030005/?pageType=odds,2026-10-08T19:41:27.128494+00:00
6320260410030006,2026-04-12,防府競輪,F2,A3 challenge,6,チャレンジ選抜,10:10,10:05,7,https://keirin.kdreams.jp/hofu/racedetail/6320260410030006/?pageType=odds,2026-10-08T19:41:28.719618+00:00
6320260410030007,2026-04-12,防府競輪,F2,A3 challenge,7,チャレンジ決勝,10:30,10:25,7,https://keirin.kdreams.jp/hofu/racedetail/6320260410030007/?pageType=odds,2026-10-08T19:41:30.335064+00:00
3720260413010001,2026-04-13,伊東競輪,F2,A3 challenge,1,チャレンジ予選,15:59,15:54,7,https://keirin.kdreams.jp/ito/racedetail/3720260413010001/?pageType=odds,2026-10-08T19:42:04.326173+00:00
3720260413010002,2026-04-13,伊東競輪,F2,A3 challenge,2,チャレンジ予選,16:22,16:17,7,https://keirin.kdreams.jp/ito/racedetail/3720260413010002/?pageType=odds,2026-10-08T19:42:05.300754+00:00
3720260413010003,2026-04-13,伊東競輪,F2,A3 challenge,3,チャレンジ予選,16:46,16:41,7,https://keirin.kdreams.jp/ito/racedetail/3720260413010003/?pageType=odds,2026-10-08T19:42:06.419941+00:00
3720260413010004,2026-04-13,伊東競輪,F2,A3 challenge,4,チャレンジ予選,17:12,17:07,7,https://keirin.kdreams.jp/ito/racedetail/3720260413010004/?pageType=odds,2026-10-08T19:42:08.386384+00:00
3720260413010005,2026-04-13,伊東競輪,F2,A3 challenge,5,チャレンジ予選,17:38,17:33,7,https://keirin.kdreams.jp/ito/racedetail/3720260413010005/?pageType=odds,2026-10-08T19:42:10.148471+00:00
4220260411030001,2026-04-13,名古屋競輪,F2,A3 challenge,1,チャレンジ一般,08:30,08:25,6,https://keirin.kdreams.jp/nagoya/racedetail/4220260411030001/?pageType=odds,2026-10-08T19:41:54.550328+00:00
4220260411030002,2026-04-13,名古屋競輪,F2,A3 challenge,2,チャレンジ一般,08:50,08:45,6,https://keirin.kdreams.jp/nagoya/racedetail/4220260411030002/?pageType=odds,2026-10-08T19:41:56.143023+00:00
4220260411030003,2026-04-13,名古屋競輪,F2,A3 challenge,3,チャレンジ一般,09:11,09:06,7,https://keirin.kdreams.jp/nagoya/racedetail/4220260411030003/?pageType=odds,2026-10-08T19:41:57.870868+00:00
4220260411030004,2026-04-13,名古屋競輪,F2,A3 challenge,4,チャレンジ選抜,09:32,09:27,7,https://keirin.kdreams.jp/nagoya/racedetail/4220260411030004/?pageType=odds,2026-10-08T19:41:59.514552+00:00
4220260411030005,2026-04-13,名古屋競輪,F2,A3 challenge,5,チャレンジ選抜,09:53,09:48,7,https://keirin.kdreams.jp/nagoya/racedetail/4220260411030005/?pageType=odds,2026-10-08T19:42:01.169372+00:00
4220260411030006,2026-04-13,名古屋競輪,F2,A3 challenge,6,チャレンジ選抜,10:14,10:09,7,https://keirin.kdreams.jp/nagoya/racedetail/4220260411030006/?pageType=odds,2026-10-08T19:42:02.248803+00:00
4220260411030007,2026-04-13,名古屋競輪,F2,A3 challenge,7,チャレンジ決勝,10:35,10:30,7,https://keirin.kdreams.jp/nagoya/racedetail/4220260411030007/?pageType=odds,2026-10-08T19:42:03.216405+00:00
4420260413010001,2026-04-13,大垣競輪,F2,A3 challenge,1,チャレンジ予選,10:58,10:53,7,https://keirin.kdreams.jp/ogaki/racedetail/4420260413010001/?pageType=odds,2026-10-08T19:42:28.524635+00:00
4420260413010002,2026-04-13,大垣競輪,F2,A3 challenge,2,チャレンジ予選,11:26,11:21,7,https://keirin.kdreams.jp/ogaki/racedetail/4420260413010002/?pageType=odds,2026-10-08T19:42:30.141579+00:00
4420260413010003,2026-04-13,大垣競輪,F2,A3 challenge,3,チャレンジ予選,11:54,11:49,7,https://keirin.kdreams.jp/ogaki/racedetail/4420260413010003/?pageType=odds,2026-10-08T19:42:31.684376+00:00
4420260413010004,2026-04-13,大垣競輪,F2,A3 challenge,4,チャレンジ予選,12:22,12:17,7,https://keirin.kdreams.jp/ogaki/racedetail/4420260413010004/?pageType=odds,2026-10-08T19:42:33.222970+00:00
4420260413010005,2026-04-13,大垣競輪,F2,A3 challenge,5,チャレンジ予選,12:52,12:47,7,https://keirin.kdreams.jp/ogaki/racedetail/4420260413010005/?pageType=odds,2026-10-08T19:42:34.972605+00:00
3720260413020001,2026-04-14,伊東競輪,F2,A3 challenge,1,チャレンジ一般,16:09,16:04,7,https://keirin.kdreams.jp/ito/racedetail/3720260413020001/?pageType=odds,2026-10-08T19:42:11.756899+00:00
3720260413020002,2026-04-14,伊東競輪,F2,A3 challenge,2,チャレンジ一般,16:31,16:26,7,https://keirin.kdreams.jp/ito/racedetail/3720260413020002/?pageType=odds,2026-10-08T19:42:13.367548+00:00
3720260413020003,2026-04-14,伊東競輪,F2,A3 challenge,3,チャレンジ準決勝,16:53,16:48,7,https://keirin.kdreams.jp/ito/racedetail/3720260413020003/?pageType=odds,2026-10-08T19:42:15.044528+00:00
3720260413020004,2026-04-14,伊東競輪,F2,A3 challenge,4,チャレンジ準決勝,17:17,17:12,7,https://keirin.kdreams.jp/ito/racedetail/3720260413020004/?pageType=odds,2026-10-08T19:42:16.758690+00:00
3720260413020005,2026-04-14,伊東競輪,F2,A3 challenge,5,チャレンジ準決勝,17:41,17:36,7,https://keirin.kdreams.jp/ito/racedetail/3720260413020005/?pageType=odds,2026-10-08T19:42:18.430337+00:00
4420260413020001,2026-04-14,大垣競輪,F2,A3 challenge,1,チャレンジ一般,11:01,10:56,5,https://keirin.kdreams.jp/ogaki/racedetail/4420260413020001/?pageType=odds,2026-10-08T19:42:36.633220+00:00
4420260413020002,2026-04-14,大垣競輪,F2,A3 challenge,2,チャレンジ一般,11:25,11:20,5,https://keirin.kdreams.jp/ogaki/racedetail/4420260413020002/?pageType=odds,2026-10-08T19:42:38.360672+00:00
4420260413020003,2026-04-14,大垣競輪,F2,A3 challenge,3,チャレンジ準決勝,11:52,11:47,7,https://keirin.kdreams.jp/ogaki/racedetail/4420260413020003/?pageType=odds,2026-10-08T19:42:40.175865+00:00
4420260413020004,2026-04-14,大垣競輪,F2,A3 challenge,4,チャレンジ準決勝,12:19,12:14,7,https://keirin.kdreams.jp/ogaki/racedetail/4420260413020004/?pageType=odds,2026-10-08T19:42:41.787544+00:00
4420260413020005,2026-04-14,大垣競輪,F2,A3 challenge,5,チャレンジ準決勝,12:46,12:41,7,https://keirin.kdreams.jp/ogaki/racedetail/4420260413020005/?pageType=odds,2026-10-08T19:42:43.504900+00:00
3720260413030001,2026-04-15,伊東競輪,F2,A3 challenge,1,チャレンジ一般,16:09,16:04,6,https://keirin.kdreams.jp/ito/racedetail/3720260413030001/?pageType=odds,2026-10-08T19:42:20.034563+00:00
3720260413030002,2026-04-15,伊東競輪,F2,A3 challenge,2,チャレンジ一般,16:31,16:26,7,https://keirin.kdreams.jp/ito/racedetail/3720260413030002/?pageType=odds,2026-10-08T19:42:21.631314+00:00
3720260413030003,2026-04-15,伊東競輪,F2,A3 challenge,3,チャレンジ選抜,16:53,16:48,7,https://keirin.kdreams.jp/ito/racedetail/3720260413030003/?pageType=odds,2026-10-08T19:42:23.567849+00:00
3720260413030004,2026-04-15,伊東競輪,F2,A3 challenge,4,チャレンジ選抜,17:17,17:12,7,https://keirin.kdreams.jp/ito/racedetail/3720260413030004/?pageType=odds,2026-10-08T19:42:25.168111+00:00
3720260413030010,2026-04-15,伊東競輪,F2,A3 challenge,10,チャレンジ決勝,19:47,19:42,7,https://keirin.kdreams.jp/ito/racedetail/3720260413030010/?pageType=odds,2026-10-08T19:42:26.855646+00:00
4420260413030001,2026-04-15,大垣競輪,F2,A3 challenge,1,チャレンジ一般,11:01,10:56,5,https://keirin.kdreams.jp/ogaki/racedetail/4420260413030001/?pageType=odds,2026-10-08T19:42:44.986391+00:00
4420260413030002,2026-04-15,大垣競輪,F2,A3 challenge,2,チャレンジ一般,11:25,11:20,6,https://keirin.kdreams.jp/ogaki/racedetail/4420260413030002/?pageType=odds,2026-10-08T19:42:46.694851+00:00
4420260413030003,2026-04-15,大垣競輪,F2,A3 challenge,3,チャレンジ選抜,11:52,11:47,7,https://keirin.kdreams.jp/ogaki/racedetail/4420260413030003/?pageType=odds,2026-10-08T19:42:48.470962+00:00
4420260413030004,2026-04-15,大垣競輪,F2,A3 challenge,4,チャレンジ選抜,12:19,12:14,7,https://keirin.kdreams.jp/ogaki/racedetail/4420260413030004/?pageType=odds,2026-10-08T19:42:50.313507+00:00
4420260413030010,2026-04-15,大垣競輪,F2,A3 challenge,10,チャレンジ決勝,15:16,15:11,7,https://keirin.kdreams.jp/ogaki/racedetail/4420260413030010/?pageType=odds,2026-10-08T19:42:52.127860+00:00
7420260415010001,2026-04-15,高知競輪,F2,A3 challenge,1,チャレンジ予選,08:30,08:25,7,https://keirin.kdreams.jp/kochi/racedetail/7420260415010001/?pageType=odds,2026-10-08T19:42:53.981631+00:00
7420260415010002,2026-04-15,高知競輪,F2,A3 challenge,2,チャレンジ予選,08:50,08:45,7,https://keirin.kdreams.jp/kochi/racedetail/7420260415010002/?pageType=odds,2026-10-08T19:42:55.659949+00:00
7420260415010003,2026-04-15,高知競輪,F2,A3 challenge,3,チャレンジ予選,09:10,09:05,7,https://keirin.kdreams.jp/kochi/racedetail/7420260415010003/?pageType=odds,2026-10-08T19:42:57.377549+00:00
7420260415010004,2026-04-15,高知競輪,F2,A3 challenge,4,チャレンジ予選,09:30,09:25,7,https://keirin.kdreams.jp/kochi/racedetail/7420260415010004/?pageType=odds,2026-10-08T19:42:59.001108+00:00
7420260415010005,2026-04-15,高知競輪,F2,A3 challenge,5,チャレンジ予選,09:50,09:45,7,https://keirin.kdreams.jp/kochi/racedetail/7420260415010005/?pageType=odds,2026-10-08T19:43:00.659204+00:00
7420260415010006,2026-04-15,高知競輪,F2,A3 challenge,6,チャレンジ予選,10:10,10:05,7,https://keirin.kdreams.jp/kochi/racedetail/7420260415010006/?pageType=odds,2026-10-08T19:43:02.307891+00:00
7420260415010007,2026-04-15,高知競輪,F2,A3 challenge,7,チャレンジ予選,10:30,10:25,7,https://keirin.kdreams.jp/kochi/racedetail/7420260415010007/?pageType=odds,2026-10-08T19:43:04.069068+00:00
7420260415020001,2026-04-16,高知競輪,F2,A3 challenge,1,チャレンジ一般,08:30,08:25,7,https://keirin.kdreams.jp/kochi/racedetail/7420260415020001/?pageType=odds,2026-10-08T19:43:05.853587+00:00
7420260415020002,2026-04-16,高知競輪,F2,A3 challenge,2,チャレンジ一般,08:50,08:45,7,https://keirin.kdreams.jp/kochi/racedetail/7420260415020002/?pageType=odds,2026-10-08T19:43:07.403612+00:00
7420260415020003,2026-04-16,高知競輪,F2,A3 challenge,3,チャレンジ選抜,09:10,09:05,7,https://keirin.kdreams.jp/kochi/racedetail/7420260415020003/?pageType=odds,2026-10-08T19:43:09.088234+00:00
7420260415020004,2026-04-16,高知競輪,F2,A3 challenge,4,チャレンジ選抜,09:30,09:25,7,https://keirin.kdreams.jp/kochi/racedetail/7420260415020004/?pageType=odds,2026-10-08T19:43:10.794913+00:00
7420260415020005,2026-04-16,高知競輪,F2,A3 challenge,5,チャレンジ準決勝,09:50,09:45,7,https://keirin.kdreams.jp/kochi/racedetail/7420260415020005/?pageType=odds,2026-10-08T19:43:12.800429+00:00
7420260415020006,2026-04-16,高知競輪,F2,A3 challenge,6,チャレンジ準決勝,10:10,10:05,7,https://keirin.kdreams.jp/kochi/racedetail/7420260415020006/?pageType=odds,2026-10-08T19:43:14.612259+00:00
7420260415020007,2026-04-16,高知競輪,F2,A3 challenge,7,チャレンジ準決勝,10:30,10:25,7,https://keirin.kdreams.jp/kochi/racedetail/7420260415020007/?pageType=odds,2026-10-08T19:43:16.913357+00:00
2520260417010001,2026-04-17,大宮競輪,F2,A3 challenge,1,チャレンジ予選,10:58,10:53,7,https://keirin.kdreams.jp/omiya/racedetail/2520260417010001/?pageType=odds,2026-10-08T19:43:30.342190+00:00
2520260417010002,2026-04-17,大宮競輪,F2,A3 challenge,2,チャレンジ予選,11:26,11:21,7,https://keirin.kdreams.jp/omiya/racedetail/2520260417010002/?pageType=odds,2026-10-08T19:43:31.924615+00:00
2520260417010003,2026-04-17,大宮競輪,F2,A3 challenge,3,チャレンジ予選,11:54,11:49,7,https://keirin.kdreams.jp/omiya/racedetail/2520260417010003/?pageType=odds,2026-10-08T19:43:33.122037+00:00
2520260417010004,2026-04-17,大宮競輪,F2,A3 challenge,4,チャレンジ予選,12:22,12:17,7,https://keirin.kdreams.jp/omiya/racedetail/2520260417010004/?pageType=odds,2026-10-08T19:43:34.848572+00:00
7420260415030001,2026-04-17,高知競輪,F2,A3 challenge,1,チャレンジ一般,08:30,08:25,7,https://keirin.kdreams.jp/kochi/racedetail/7420260415030001/?pageType=odds,2026-10-08T19:43:18.711070+00:00
7420260415030002,2026-04-17,高知競輪,F2,A3 challenge,2,チャレンジ一般,08:50,08:45,7,https://keirin.kdreams.jp/kochi/racedetail/7420260415030002/?pageType=odds,2026-10-08T19:43:20.306530+00:00
7420260415030003,2026-04-17,高知競輪,F2,A3 challenge,3,チャレンジ一般,09:11,09:06,7,https://keirin.kdreams.jp/kochi/racedetail/7420260415030003/?pageType=odds,2026-10-08T19:43:21.816348+00:00
7420260415030004,2026-04-17,高知競輪,F2,A3 challenge,4,チャレンジ選抜,09:32,09:27,7,https://keirin.kdreams.jp/kochi/racedetail/7420260415030004/?pageType=odds,2026-10-08T19:43:23.585635+00:00
7420260415030005,2026-04-17,高知競輪,F2,A3 challenge,5,チャレンジ選抜,09:53,09:48,7,https://keirin.kdreams.jp/kochi/racedetail/7420260415030005/?pageType=odds,2026-10-08T19:43:25.382002+00:00
7420260415030006,2026-04-17,高知競輪,F2,A3 challenge,6,チャレンジ選抜,10:14,10:09,7,https://keirin.kdreams.jp/kochi/racedetail/7420260415030006/?pageType=odds,2026-10-08T19:43:27.220870+00:00
7420260415030007,2026-04-17,高知競輪,F2,A3 challenge,7,チャレンジ決勝,10:35,10:30,7,https://keirin.kdreams.jp/kochi/racedetail/7420260415030007/?pageType=odds,2026-10-08T19:43:28.806002+00:00
2520260417020001,2026-04-18,大宮競輪,F2,A3 challenge,1,チャレンジ一般,11:01,10:56,7,https://keirin.kdreams.jp/omiya/racedetail/2520260417020001/?pageType=odds,2026-10-08T19:43:36.377589+00:00
2520260417020002,2026-04-18,大宮競輪,F2,A3 challenge,2,チャレンジ一般,11:25,11:20,7,https://keirin.kdreams.jp/omiya/racedetail/2520260417020002/?pageType=odds,2026-10-08T19:43:37.932481+00:00
2520260417020003,2026-04-18,大宮競輪,F2,A3 challenge,3,チャレンジ準決勝,11:52,11:47,7,https://keirin.kdreams.jp/omiya/racedetail/2520260417020003/?pageType=odds,2026-10-08T19:43:39.539316+00:00
2520260417020004,2026-04-18,大宮競輪,F2,A3 challenge,4,チャレンジ準決勝,12:19,12:14,7,https://keirin.kdreams.jp/omiya/racedetail/2520260417020004/?pageType=odds,2026-10-08T19:43:41.084946+00:00
5320260418010001,2026-04-18,奈良競輪,F2,A3 challenge,1,チャレンジ予選,16:09,16:04,7,https://keirin.kdreams.jp/nara/racedetail/5320260418010001/?pageType=odds,2026-10-08T19:43:48.985820+00:00
5320260418010002,2026-04-18,奈良競輪,F2,A3 challenge,2,チャレンジ予選,16:31,16:26,7,https://keirin.kdreams.jp/nara/racedetail/5320260418010002/?pageType=odds,2026-10-08T19:43:50.653520+00:00
5320260418010003,2026-04-18,奈良競輪,F2,A3 challenge,3,チャレンジ予選,16:53,16:48,7,https://keirin.kdreams.jp/nara/racedetail/5320260418010003/?pageType=odds,2026-10-08T19:43:52.442767+00:00
5320260418010004,2026-04-18,奈良競輪,F2,A3 challenge,4,チャレンジ予選,17:17,17:12,7,https://keirin.kdreams.jp/nara/racedetail/5320260418010004/?pageType=odds,2026-10-08T19:43:54.123738+00:00
1120260419010001,2026-04-19,函館競輪,F2,A3 challenge,1,チャレンジ予選,20:40,20:35,7,https://keirin.kdreams.jp/hakodate/racedetail/1120260419010001/?pageType=odds,2026-10-08T19:44:10.439148+00:00
1120260419010002,2026-04-19,函館競輪,F2,A3 challenge,2,チャレンジ予選,21:00,20:55,7,https://keirin.kdreams.jp/hakodate/racedetail/1120260419010002/?pageType=odds,2026-10-08T19:44:12.164531+00:00
1120260419010003,2026-04-19,函館競輪,F2,A3 challenge,3,チャレンジ予選,21:20,21:15,7,https://keirin.kdreams.jp/hakodate/racedetail/1120260419010003/?pageType=odds,2026-10-08T19:44:13.956549+00:00
1120260419010004,2026-04-19,函館競輪,F2,A3 challenge,4,チャレンジ予選,21:40,21:35,7,https://keirin.kdreams.jp/hakodate/racedetail/1120260419010004/?pageType=odds,2026-10-08T19:44:15.801979+00:00
2320260419010001,2026-04-19,取手競輪,F2,A3 challenge,1,チャレンジ予選,08:30,08:25,7,https://keirin.kdreams.jp/toride/racedetail/2320260419010001/?pageType=odds,2026-10-08T19:44:49.430337+00:00
2320260419010002,2026-04-19,取手競輪,F2,A3 challenge,2,チャレンジ予選,08:50,08:45,7,https://keirin.kdreams.jp/toride/racedetail/2320260419010002/?pageType=odds,2026-10-08T19:44:50.991309+00:00
2320260419010003,2026-04-19,取手競輪,F2,A3 challenge,3,チャレンジ予選,09:10,09:05,7,https://keirin.kdreams.jp/toride/racedetail/2320260419010003/?pageType=odds,2026-10-08T19:44:52.820077+00:00
2320260419010004,2026-04-19,取手競輪,F2,A3 challenge,4,チャレンジ予選,09:30,09:25,7,https://keirin.kdreams.jp/toride/racedetail/2320260419010004/?pageType=odds,2026-10-08T19:44:54.456351+00:00
2320260419010005,2026-04-19,取手競輪,F2,A3 challenge,5,チャレンジ予選,09:50,09:45,7,https://keirin.kdreams.jp/toride/racedetail/2320260419010005/?pageType=odds,2026-10-08T19:44:56.122614+00:00
2320260419010006,2026-04-19,取手競輪,F2,A3 challenge,6,チャレンジ予選,10:10,10:05,7,https://keirin.kdreams.jp/toride/racedetail/2320260419010006/?pageType=odds,2026-10-08T19:44:57.795665+00:00
2320260419010007,2026-04-19,取手競輪,F2,A3 challenge,7,チャレンジ予選,10:30,10:25,7,https://keirin.kdreams.jp/toride/racedetail/2320260419010007/?pageType=odds,2026-10-08T19:44:59.398739+00:00
4420260419010001,2026-04-19,大垣競輪,F2,A3 challenge,1,チャレンジ予選,20:50,20:45,7,https://keirin.kdreams.jp/ogaki/racedetail/4420260419010001/?pageType=odds,2026-10-08T19:44:30.523051+00:00
4420260419010002,2026-04-19,大垣競輪,F2,A3 challenge,2,チャレンジ予選,21:10,21:05,7,https://keirin.kdreams.jp/ogaki/racedetail/4420260419010002/?pageType=odds,2026-10-08T19:44:32.207399+00:00
4420260419010003,2026-04-19,大垣競輪,F2,A3 challenge,3,チャレンジ予選,21:30,21:25,7,https://keirin.kdreams.jp/ogaki/racedetail/4420260419010003/?pageType=odds,2026-10-08T19:44:33.586135+00:00
4420260419010004,2026-04-19,大垣競輪,F2,A3 challenge,4,チャレンジ予選,21:50,21:45,7,https://keirin.kdreams.jp/ogaki/racedetail/4420260419010004/?pageType=odds,2026-10-08T19:44:35.343776+00:00
2520260417030001,2026-04-19,大宮競輪,F2,A3 challenge,1,チャレンジ一般,11:01,10:56,7,https://keirin.kdreams.jp/omiya/racedetail/2520260417030001/?pageType=odds,2026-10-08T19:43:42.681674+00:00
2520260417030002,2026-04-19,大宮競輪,F2,A3 challenge,2,チャレンジ一般,11:25,11:20,7,https://keirin.kdreams.jp/omiya/racedetail/2520260417030002/?pageType=odds,2026-10-08T19:43:44.211081+00:00
2520260417030003,2026-04-19,大宮競輪,F2,A3 challenge,3,チャレンジ選抜,11:52,11:47,7,https://keirin.kdreams.jp/omiya/racedetail/2520260417030003/?pageType=odds,2026-10-08T19:43:45.734875+00:00
2520260417030009,2026-04-19,大宮競輪,F2,A3 challenge,9,チャレンジ決勝,14:46,14:41,7,https://keirin.kdreams.jp/omiya/racedetail/2520260417030009/?pageType=odds,2026-10-08T19:43:47.202255+00:00
5320260418020001,2026-04-19,奈良競輪,F2,A3 challenge,1,チャレンジ一般,16:09,16:04,7,https://keirin.kdreams.jp/nara/racedetail/5320260418020001/?pageType=odds,2026-10-08T19:43:55.746561+00:00
5320260418020002,2026-04-19,奈良競輪,F2,A3 challenge,2,チャレンジ一般,16:31,16:26,7,https://keirin.kdreams.jp/nara/racedetail/5320260418020002/?pageType=odds,2026-10-08T19:43:57.550739+00:00
5320260418020003,2026-04-19,奈良競輪,F2,A3 challenge,3,チャレンジ準決勝,16:53,16:48,7,https://keirin.kdreams.jp/nara/racedetail/5320260418020003/?pageType=odds,2026-10-08T19:43:59.405772+00:00
5320260418020004,2026-04-19,奈良競輪,F2,A3 challenge,4,チャレンジ準決勝,17:17,17:12,7,https://keirin.kdreams.jp/nara/racedetail/5320260418020004/?pageType=odds,2026-10-08T19:44:01.284202+00:00
1120260419020001,2026-04-20,函館競輪,F2,A3 challenge,1,チャレンジ一般,20:40,20:35,5,https://keirin.kdreams.jp/hakodate/racedetail/1120260419020001/?pageType=odds,2026-10-08T19:44:17.260436+00:00
1120260419020002,2026-04-20,函館競輪,F2,A3 challenge,2,チャレンジ一般,21:00,20:55,6,https://keirin.kdreams.jp/hakodate/racedetail/1120260419020002/?pageType=odds,2026-10-08T19:44:18.908711+00:00
1120260419020003,2026-04-20,函館競輪,F2,A3 challenge,3,チャレンジ準決勝,21:20,21:15,7,https://keirin.kdreams.jp/hakodate/racedetail/1120260419020003/?pageType=odds,2026-10-08T19:44:20.613376+00:00
1120260419020004,2026-04-20,函館競輪,F2,A3 challenge,4,チャレンジ準決勝,21:40,21:35,7,https://keirin.kdreams.jp/hakodate/racedetail/1120260419020004/?pageType=odds,2026-10-08T19:44:22.304149+00:00
2320260419020001,2026-04-20,取手競輪,F2,A3 challenge,1,チャレンジ一般,08:30,08:25,5,https://keirin.kdreams.jp/toride/racedetail/2320260419020001/?pageType=odds,2026-10-08T19:45:01.315678+00:00
2320260419020002,2026-04-20,取手競輪,F2,A3 challenge,2,チャレンジ一般,08:50,08:45,6,https://keirin.kdreams.jp/toride/racedetail/2320260419020002/?pageType=odds,2026-10-08T19:45:03.051871+00:00
2320260419020003,2026-04-20,取手競輪,F2,A3 challenge,3,チャレンジ選抜,09:10,09:05,7,https://keirin.kdreams.jp/toride/racedetail/2320260419020003/?pageType=odds,2026-10-08T19:45:04.757352+00:00
2320260419020004,2026-04-20,取手競輪,F2,A3 challenge,4,チャレンジ選抜,09:30,09:25,7,https://keirin.kdreams.jp/toride/racedetail/2320260419020004/?pageType=odds,2026-10-08T19:45:06.595716+00:00
2320260419020005,2026-04-20,取手競輪,F2,A3 challenge,5,チャレンジ準決勝,09:50,09:45,7,https://keirin.kdreams.jp/toride/racedetail/2320260419020005/?pageType=odds,2026-10-08T19:45:08.395712+00:00
2320260419020006,2026-04-20,取手競輪,F2,A3 challenge,6,チャレンジ準決勝,10:10,10:05,7,https://keirin.kdreams.jp/toride/racedetail/2320260419020006/?pageType=odds,2026-10-08T19:45:10.162933+00:00
2320260419020007,2026-04-20,取手競輪,F2,A3 challenge,7,チャレンジ準決勝,10:30,10:25,7,https://keirin.kdreams.jp/toride/racedetail/2320260419020007/?pageType=odds,2026-10-08T19:45:11.966908+00:00
4420260419020001,2026-04-20,大垣競輪,F2,A3 challenge,1,チャレンジ一般,20:50,20:45,6,https://keirin.kdreams.jp/ogaki/racedetail/4420260419020001/?pageType=odds,2026-10-08T19:44:36.815802+00:00
4420260419020002,2026-04-20,大垣競輪,F2,A3 challenge,2,チャレンジ一般,21:10,21:05,7,https://keirin.kdreams.jp/ogaki/racedetail/4420260419020002/?pageType=odds,2026-10-08T19:44:38.618130+00:00
4420260419020003,2026-04-20,大垣競輪,F2,A3 challenge,3,チャレンジ準決勝,21:30,21:25,7,https://keirin.kdreams.jp/ogaki/racedetail/4420260419020003/?pageType=odds,2026-10-08T19:44:40.285355+00:00
4420260419020004,2026-04-20,大垣競輪,F2,A3 challenge,4,チャレンジ準決勝,21:50,21:45,7,https://keirin.kdreams.jp/ogaki/racedetail/4420260419020004/?pageType=odds,2026-10-08T19:44:42.121894+00:00
5320260418030001,2026-04-20,奈良競輪,F2,A3 challenge,1,チャレンジ一般,16:09,16:04,6,https://keirin.kdreams.jp/nara/racedetail/5320260418030001/?pageType=odds,2026-10-08T19:44:02.955414+00:00
5320260418030002,2026-04-20,奈良競輪,F2,A3 challenge,2,チャレンジ一般,16:31,16:26,7,https://keirin.kdreams.jp/nara/racedetail/5320260418030002/?pageType=odds,2026-10-08T19:44:05.032821+00:00
5320260418030003,2026-04-20,奈良競輪,F2,A3 challenge,3,チャレンジ選抜,16:53,16:48,7,https://keirin.kdreams.jp/nara/racedetail/5320260418030003/?pageType=odds,2026-10-08T19:44:06.682394+00:00
5320260418030004,2026-04-20,奈良競輪,F2,A3 challenge,4,チャレンジ決勝,17:17,17:12,7,https://keirin.kdreams.jp/nara/racedetail/5320260418030004/?pageType=odds,2026-10-08T19:44:08.742747+00:00
7320260420010001,2026-04-20,小松島競輪,F2,A3 challenge,1,チャレンジ予選,11:01,10:56,7,https://keirin.kdreams.jp/komatsushima/racedetail/7320260420010001/?pageType=odds,2026-10-08T19:45:25.558134+00:00
7320260420010002,2026-04-20,小松島競輪,F2,A3 challenge,2,チャレンジ予選,11:25,11:20,7,https://keirin.kdreams.jp/komatsushima/racedetail/7320260420010002/?pageType=odds,2026-10-08T19:45:27.201654+00:00
7320260420010003,2026-04-20,小松島競輪,F2,A3 challenge,3,チャレンジ予選,11:52,11:47,7,https://keirin.kdreams.jp/komatsushima/racedetail/7320260420010003/?pageType=odds,2026-10-08T19:45:28.976385+00:00
7320260420010004,2026-04-20,小松島競輪,F2,A3 challenge,4,チャレンジ予選,12:19,12:14,7,https://keirin.kdreams.jp/komatsushima/racedetail/7320260420010004/?pageType=odds,2026-10-08T19:45:30.716819+00:00
7320260420010005,2026-04-20,小松島競輪,F2,A3 challenge,5,チャレンジ予選,12:46,12:41,7,https://keirin.kdreams.jp/komatsushima/racedetail/7320260420010005/?pageType=odds,2026-10-08T19:45:32.388372+00:00
1120260419030001,2026-04-21,函館競輪,F2,A3 challenge,1,チャレンジ一般,20:40,20:35,5,https://keirin.kdreams.jp/hakodate/racedetail/1120260419030001/?pageType=odds,2026-10-08T19:44:23.823383+00:00
1120260419030002,2026-04-21,函館競輪,F2,A3 challenge,2,チャレンジ一般,21:00,20:55,6,https://keirin.kdreams.jp/hakodate/racedetail/1120260419030002/?pageType=odds,2026-10-08T19:44:25.556358+00:00
1120260419030003,2026-04-21,函館競輪,F2,A3 challenge,3,チャレンジ選抜,21:20,21:15,7,https://keirin.kdreams.jp/hakodate/racedetail/1120260419030003/?pageType=odds,2026-10-08T19:44:27.182158+00:00
1120260419030008,2026-04-21,函館競輪,F2,A3 challenge,8,チャレンジ決勝,23:00,22:55,7,https://keirin.kdreams.jp/hakodate/racedetail/1120260419030008/?pageType=odds,2026-10-08T19:44:28.918641+00:00
2320260419030001,2026-04-21,取手競輪,F2,A3 challenge,1,チャレンジ一般,08:30,08:25,6,https://keirin.kdreams.jp/toride/racedetail/2320260419030001/?pageType=odds,2026-10-08T19:45:13.580572+00:00
2320260419030002,2026-04-21,取手競輪,F2,A3 challenge,2,チャレンジ一般,08:50,08:45,6,https://keirin.kdreams.jp/toride/racedetail/2320260419030002/?pageType=odds,2026-10-08T19:45:15.232757+00:00
2320260419030003,2026-04-21,取手競輪,F2,A3 challenge,3,チャレンジ一般,09:11,09:06,6,https://keirin.kdreams.jp/toride/racedetail/2320260419030003/?pageType=odds,2026-10-08T19:45:16.973191+00:00
2320260419030004,2026-04-21,取手競輪,F2,A3 challenge,4,チャレンジ選抜,09:32,09:27,7,https://keirin.kdreams.jp/toride/racedetail/2320260419030004/?pageType=odds,2026-10-08T19:45:18.769011+00:00
2320260419030005,2026-04-21,取手競輪,F2,A3 challenge,5,チャレンジ選抜,09:53,09:48,7,https://keirin.kdreams.jp/toride/racedetail/2320260419030005/?pageType=odds,2026-10-08T19:45:20.397875+00:00
2320260419030006,2026-04-21,取手競輪,F2,A3 challenge,6,チャレンジ選抜,10:14,10:09,7,https://keirin.kdreams.jp/toride/racedetail/2320260419030006/?pageType=odds,2026-10-08T19:45:22.197066+00:00
2320260419030007,2026-04-21,取手競輪,F2,A3 challenge,7,チャレンジ決勝,10:35,10:30,7,https://keirin.kdreams.jp/toride/racedetail/2320260419030007/?pageType=odds,2026-10-08T19:45:23.899326+00:00
4420260419030001,2026-04-21,大垣競輪,F2,A3 challenge,1,チャレンジ一般,20:50,20:45,6,https://keirin.kdreams.jp/ogaki/racedetail/4420260419030001/?pageType=odds,2026-10-08T19:44:43.594869+00:00
4420260419030002,2026-04-21,大垣競輪,F2,A3 challenge,2,チャレンジ一般,21:10,21:05,6,https://keirin.kdreams.jp/ogaki/racedetail/4420260419030002/?pageType=odds,2026-10-08T19:44:45.029995+00:00
4420260419030003,2026-04-21,大垣競輪,F2,A3 challenge,3,チャレンジ選抜,21:30,21:25,7,https://keirin.kdreams.jp/ogaki/racedetail/4420260419030003/?pageType=odds,2026-10-08T19:44:46.590027+00:00
4420260419030008,2026-04-21,大垣競輪,F2,A3 challenge,8,チャレンジ決勝,23:10,23:05,7,https://keirin.kdreams.jp/ogaki/racedetail/4420260419030008/?pageType=odds,2026-10-08T19:44:48.254814+00:00
7320260420020001,2026-04-21,小松島競輪,F2,A3 challenge,1,チャレンジ一般,10:59,10:54,7,https://keirin.kdreams.jp/komatsushima/racedetail/7320260420020001/?pageType=odds,2026-10-08T19:45:34.026774+00:00
7320260420020002,2026-04-21,小松島競輪,F2,A3 challenge,2,チャレンジ一般,11:29,11:24,7,https://keirin.kdreams.jp/komatsushima/racedetail/7320260420020002/?pageType=odds,2026-10-08T19:45:35.871995+00:00
7320260420020003,2026-04-21,小松島競輪,F2,A3 challenge,3,チャレンジ準決勝,11:59,11:54,7,https://keirin.kdreams.jp/komatsushima/racedetail/7320260420020003/?pageType=odds,2026-10-08T19:45:37.454617+00:00
7320260420020004,2026-04-21,小松島競輪,F2,A3 challenge,4,チャレンジ準決勝,12:29,12:24,7,https://keirin.kdreams.jp/komatsushima/racedetail/7320260420020004/?pageType=odds,2026-10-08T19:45:39.060129+00:00
7320260420020005,2026-04-21,小松島競輪,F2,A3 challenge,5,チャレンジ準決勝,12:59,12:54,7,https://keirin.kdreams.jp/komatsushima/racedetail/7320260420020005/?pageType=odds,2026-10-08T19:45:40.832551+00:00
8120260422010001,2026-04-22,小倉競輪,F2,A3 challenge,1,チャレンジ予選,20:41,20:36,7,https://keirin.kdreams.jp/kokura/racedetail/8120260422010001/?pageType=odds,2026-10-08T19:45:50.883146+00:00
8120260422010002,2026-04-22,小倉競輪,F2,A3 challenge,2,チャレンジ予選,21:05,21:00,7,https://keirin.kdreams.jp/kokura/racedetail/8120260422010002/?pageType=odds,2026-10-08T19:45:52.592871+00:00
8120260422010003,2026-04-22,小倉競輪,F2,A3 challenge,3,チャレンジ予選,21:29,21:24,7,https://keirin.kdreams.jp/kokura/racedetail/8120260422010003/?pageType=odds,2026-10-08T19:45:54.309019+00:00
8120260422010004,2026-04-22,小倉競輪,F2,A3 challenge,4,チャレンジ予選,21:53,21:48,7,https://keirin.kdreams.jp/kokura/racedetail/8120260422010004/?pageType=odds,2026-10-08T19:45:55.983617+00:00
8120260422010005,2026-04-22,小倉競輪,F2,A3 challenge,5,チャレンジ予選,22:18,22:13,7,https://keirin.kdreams.jp/kokura/racedetail/8120260422010005/?pageType=odds,2026-10-08T19:45:57.994795+00:00
8120260422010006,2026-04-22,小倉競輪,F2,A3 challenge,6,チャレンジ予選,22:45,22:40,7,https://keirin.kdreams.jp/kokura/racedetail/8120260422010006/?pageType=odds,2026-10-08T19:45:59.708774+00:00
8120260422010007,2026-04-22,小倉競輪,F2,A3 challenge,7,チャレンジ予選,23:12,23:07,7,https://keirin.kdreams.jp/kokura/racedetail/8120260422010007/?pageType=odds,2026-10-08T19:46:01.330719+00:00
7320260420030001,2026-04-22,小松島競輪,F2,A3 challenge,1,チャレンジ一般,10:58,10:53,7,https://keirin.kdreams.jp/komatsushima/racedetail/7320260420030001/?pageType=odds,2026-10-08T19:45:42.475114+00:00
7320260420030002,2026-04-22,小松島競輪,F2,A3 challenge,2,チャレンジ一般,11:26,11:21,7,https://keirin.kdreams.jp/komatsushima/racedetail/7320260420030002/?pageType=odds,2026-10-08T19:45:44.138473+00:00
7320260420030003,2026-04-22,小松島競輪,F2,A3 challenge,3,チャレンジ選抜,11:54,11:49,7,https://keirin.kdreams.jp/komatsushima/racedetail/7320260420030003/?pageType=odds,2026-10-08T19:45:45.811922+00:00
7320260420030004,2026-04-22,小松島競輪,F2,A3 challenge,4,チャレンジ選抜,12:22,12:17,7,https://keirin.kdreams.jp/komatsushima/racedetail/7320260420030004/?pageType=odds,2026-10-08T19:45:47.487426+00:00
7320260420030010,2026-04-22,小松島競輪,F2,A3 challenge,10,チャレンジ決勝,15:22,15:17,7,https://keirin.kdreams.jp/komatsushima/racedetail/7320260420030010/?pageType=odds,2026-10-08T19:45:49.184140+00:00
8120260422020001,2026-04-23,小倉競輪,F2,A3 challenge,1,チャレンジ一般,20:41,20:36,6,https://keirin.kdreams.jp/kokura/racedetail/8120260422020001/?pageType=odds,2026-10-08T19:46:02.865420+00:00
8120260422020002,2026-04-23,小倉競輪,F2,A3 challenge,2,チャレンジ一般,21:05,21:00,7,https://keirin.kdreams.jp/kokura/racedetail/8120260422020002/?pageType=odds,2026-10-08T19:46:04.582503+00:00
8120260422020003,2026-04-23,小倉競輪,F2,A3 challenge,3,チャレンジ選抜,21:29,21:24,7,https://keirin.kdreams.jp/kokura/racedetail/8120260422020003/?pageType=odds,2026-10-08T19:46:06.213437+00:00
8120260422020004,2026-04-23,小倉競輪,F2,A3 challenge,4,チャレンジ選抜,21:53,21:48,7,https://keirin.kdreams.jp/kokura/racedetail/8120260422020004/?pageType=odds,2026-10-08T19:46:07.787276+00:00
8120260422020005,2026-04-23,小倉競輪,F2,A3 challenge,5,チャレンジ準決勝,22:18,22:13,7,https://keirin.kdreams.jp/kokura/racedetail/8120260422020005/?pageType=odds,2026-10-08T19:46:09.680940+00:00
8120260422020006,2026-04-23,小倉競輪,F2,A3 challenge,6,チャレンジ準決勝,22:45,22:40,7,https://keirin.kdreams.jp/kokura/racedetail/8120260422020006/?pageType=odds,2026-10-08T19:46:11.299719+00:00
8120260422020007,2026-04-23,小倉競輪,F2,A3 challenge,7,チャレンジ準決勝,23:12,23:07,7,https://keirin.kdreams.jp/kokura/racedetail/8120260422020007/?pageType=odds,2026-10-08T19:46:13.011438+00:00
3520260423010001,2026-04-23,平塚競輪,F2,A3 challenge,1,チャレンジ予選,11:01,10:56,7,https://keirin.kdreams.jp/hiratsuka/racedetail/3520260423010001/?pageType=odds,2026-10-08T19:46:26.350673+00:00
3520260423010002,2026-04-23,平塚競輪,F2,A3 challenge,2,チャレンジ予選,11:25,11:20,7,https://keirin.kdreams.jp/hiratsuka/racedetail/3520260423010002/?pageType=odds,2026-10-08T19:46:28.098094+00:00
3520260423010003,2026-04-23,平塚競輪,F2,A3 challenge,3,チャレンジ予選,11:52,11:47,7,https://keirin.kdreams.jp/hiratsuka/racedetail/3520260423010003/?pageType=odds,2026-10-08T19:46:29.727688+00:00
3520260423010004,2026-04-23,平塚競輪,F2,A3 challenge,4,チャレンジ予選,12:19,12:14,7,https://keirin.kdreams.jp/hiratsuka/racedetail/3520260423010004/?pageType=odds,2026-10-08T19:46:31.502734+00:00
6120260423010001,2026-04-23,玉野競輪,F2,A3 challenge,1,チャレンジ予選,16:09,16:04,7,https://keirin.kdreams.jp/tamano/racedetail/6120260423010001/?pageType=odds,2026-10-08T19:46:47.450106+00:00
6120260423010002,2026-04-23,玉野競輪,F2,A3 challenge,2,チャレンジ予選,16:31,16:26,7,https://keirin.kdreams.jp/tamano/racedetail/6120260423010002/?pageType=odds,2026-10-08T19:46:49.054678+00:00
6120260423010003,2026-04-23,玉野競輪,F2,A3 challenge,3,チャレンジ予選,16:53,16:48,7,https://keirin.kdreams.jp/tamano/racedetail/6120260423010003/?pageType=odds,2026-10-08T19:46:50.507094+00:00
6120260423010004,2026-04-23,玉野競輪,F2,A3 challenge,4,チャレンジ予選,17:17,17:12,7,https://keirin.kdreams.jp/tamano/racedetail/6120260423010004/?pageType=odds,2026-10-08T19:46:52.062920+00:00
6120260423010005,2026-04-23,玉野競輪,F2,A3 challenge,5,チャレンジ予選,17:41,17:36,7,https://keirin.kdreams.jp/tamano/racedetail/6120260423010005/?pageType=odds,2026-10-08T19:46:53.812563+00:00
8120260422030001,2026-04-24,小倉競輪,F2,A3 challenge,1,チャレンジ一般,20:41,20:36,7,https://keirin.kdreams.jp/kokura/racedetail/8120260422030001/?pageType=odds,2026-10-08T19:46:14.634422+00:00
8120260422030002,2026-04-24,小倉競輪,F2,A3 challenge,2,チャレンジ一般,21:05,21:00,7,https://keirin.kdreams.jp/kokura/racedetail/8120260422030002/?pageType=odds,2026-10-08T19:46:16.233227+00:00
8120260422030003,2026-04-24,小倉競輪,F2,A3 challenge,3,チャレンジ一般,21:29,21:24,7,https://keirin.kdreams.jp/kokura/racedetail/8120260422030003/?pageType=odds,2026-10-08T19:46:18.132608+00:00
8120260422030004,2026-04-24,小倉競輪,F2,A3 challenge,4,チャレンジ選抜,21:53,21:48,7,https://keirin.kdreams.jp/kokura/racedetail/8120260422030004/?pageType=odds,2026-10-08T19:46:19.765066+00:00
8120260422030005,2026-04-24,小倉競輪,F2,A3 challenge,5,チャレンジ選抜,22:18,22:13,7,https://keirin.kdreams.jp/kokura/racedetail/8120260422030005/?pageType=odds,2026-10-08T19:46:21.473275+00:00
8120260422030006,2026-04-24,小倉競輪,F2,A3 challenge,6,チャレンジ選抜,22:45,22:40,7,https://keirin.kdreams.jp/kokura/racedetail/8120260422030006/?pageType=odds,2026-10-08T19:46:23.105500+00:00
8120260422030007,2026-04-24,小倉競輪,F2,A3 challenge,7,チャレンジ決勝,23:12,23:07,7,https://keirin.kdreams.jp/kokura/racedetail/8120260422030007/?pageType=odds,2026-10-08T19:46:24.736275+00:00
3520260423020001,2026-04-24,平塚競輪,F2,A3 challenge,1,チャレンジ一般,11:01,10:56,7,https://keirin.kdreams.jp/hiratsuka/racedetail/3520260423020001/?pageType=odds,2026-10-08T19:46:33.088388+00:00
3520260423020002,2026-04-24,平塚競輪,F2,A3 challenge,2,チャレンジ一般,11:25,11:20,7,https://keirin.kdreams.jp/hiratsuka/racedetail/3520260423020002/?pageType=odds,2026-10-08T19:46:34.997030+00:00
3520260423020003,2026-04-24,平塚競輪,F2,A3 challenge,3,チャレンジ準決勝,11:49,11:44,7,https://keirin.kdreams.jp/hiratsuka/racedetail/3520260423020003/?pageType=odds,2026-10-08T19:46:36.917564+00:00
3520260423020004,2026-04-24,平塚競輪,F2,A3 challenge,4,チャレンジ準決勝,12:13,12:08,7,https://keirin.kdreams.jp/hiratsuka/racedetail/3520260423020004/?pageType=odds,2026-10-08T19:46:38.828389+00:00
6120260423020001,2026-04-24,玉野競輪,F2,A3 challenge,1,チャレンジ一般,15:57,15:52,7,https://keirin.kdreams.jp/tamano/racedetail/6120260423020001/?pageType=odds,2026-10-08T19:46:55.499227+00:00
6120260423020002,2026-04-24,玉野競輪,F2,A3 challenge,2,チャレンジ一般,16:25,16:20,7,https://keirin.kdreams.jp/tamano/racedetail/6120260423020002/?pageType=odds,2026-10-08T19:46:57.044657+00:00
6120260423020003,2026-04-24,玉野競輪,F2,A3 challenge,3,チャレンジ準決勝,16:50,16:45,7,https://keirin.kdreams.jp/tamano/racedetail/6120260423020003/?pageType=odds,2026-10-08T19:46:58.685664+00:00
6120260423020004,2026-04-24,玉野競輪,F2,A3 challenge,4,チャレンジ準決勝,17:15,17:10,7,https://keirin.kdreams.jp/tamano/racedetail/6120260423020004/?pageType=odds,2026-10-08T19:47:00.318395+00:00
6120260423020005,2026-04-24,玉野競輪,F2,A3 challenge,5,チャレンジ準決勝,17:40,17:35,7,https://keirin.kdreams.jp/tamano/racedetail/6120260423020005/?pageType=odds,2026-10-08T19:47:02.078069+00:00
1120260425010001,2026-04-25,函館競輪,F2,A3 challenge,1,チャレンジ予選,20:50,20:45,7,https://keirin.kdreams.jp/hakodate/racedetail/1120260425010001/?pageType=odds,2026-10-08T19:47:12.018376+00:00
1120260425010002,2026-04-25,函館競輪,F2,A3 challenge,2,チャレンジ予選,21:10,21:05,7,https://keirin.kdreams.jp/hakodate/racedetail/1120260425010002/?pageType=odds,2026-10-08T19:47:13.572507+00:00
1120260425010003,2026-04-25,函館競輪,F2,A3 challenge,3,チャレンジ予選,21:30,21:25,7,https://keirin.kdreams.jp/hakodate/racedetail/1120260425010003/?pageType=odds,2026-10-08T19:47:14.811924+00:00
1120260425010004,2026-04-25,函館競輪,F2,A3 challenge,4,チャレンジ予選,21:50,21:45,7,https://keirin.kdreams.jp/hakodate/racedetail/1120260425010004/?pageType=odds,2026-10-08T19:47:16.378040+00:00
5320260425010001,2026-04-25,奈良競輪,F2,A3 challenge,1,チャレンジ予選,20:40,20:35,7,https://keirin.kdreams.jp/nara/racedetail/5320260425010001/?pageType=odds,2026-10-08T19:47:29.442040+00:00
5320260425010002,2026-04-25,奈良競輪,F2,A3 challenge,2,チャレンジ予選,21:00,20:55,7,https://keirin.kdreams.jp/nara/racedetail/5320260425010002/?pageType=odds,2026-10-08T19:47:31.320945+00:00
5320260425010003,2026-04-25,奈良競輪,F2,A3 challenge,3,チャレンジ予選,21:20,21:15,7,https://keirin.kdreams.jp/nara/racedetail/5320260425010003/?pageType=odds,2026-10-08T19:47:33.009646+00:00
5320260425010004,2026-04-25,奈良競輪,F2,A3 challenge,4,チャレンジ予選,21:40,21:35,7,https://keirin.kdreams.jp/nara/racedetail/5320260425010004/?pageType=odds,2026-10-08T19:47:34.670523+00:00
3520260423030001,2026-04-25,平塚競輪,F2,A3 challenge,1,チャレンジ一般,10:52,10:47,6,https://keirin.kdreams.jp/hiratsuka/racedetail/3520260423030001/?pageType=odds,2026-10-08T19:46:40.416580+00:00
3520260423030002,2026-04-25,平塚競輪,F2,A3 challenge,2,チャレンジ一般,11:18,11:13,7,https://keirin.kdreams.jp/hiratsuka/racedetail/3520260423030002/?pageType=odds,2026-10-08T19:46:42.396371+00:00
3520260423030003,2026-04-25,平塚競輪,F2,A3 challenge,3,チャレンジ選抜,11:45,11:40,7,https://keirin.kdreams.jp/hiratsuka/racedetail/3520260423030003/?pageType=odds,2026-10-08T19:46:44.084083+00:00
3520260423030009,2026-04-25,平塚競輪,F2,A3 challenge,9,チャレンジ決勝,14:52,14:47,7,https://keirin.kdreams.jp/hiratsuka/racedetail/3520260423030009/?pageType=odds,2026-10-08T19:46:45.730068+00:00
6120260423030001,2026-04-25,玉野競輪,F2,A3 challenge,1,チャレンジ一般,15:50,15:45,7,https://keirin.kdreams.jp/tamano/racedetail/6120260423030001/?pageType=odds,2026-10-08T19:47:03.845990+00:00
6120260423030002,2026-04-25,玉野競輪,F2,A3 challenge,2,チャレンジ一般,16:20,16:15,7,https://keirin.kdreams.jp/tamano/racedetail/6120260423030002/?pageType=odds,2026-10-08T19:47:05.534040+00:00
6120260423030003,2026-04-25,玉野競輪,F2,A3 challenge,3,チャレンジ選抜,16:47,16:42,7,https://keirin.kdreams.jp/tamano/racedetail/6120260423030003/?pageType=odds,2026-10-08T19:47:07.203997+00:00
6120260423030004,2026-04-25,玉野競輪,F2,A3 challenge,4,チャレンジ選抜,17:14,17:09,7,https://keirin.kdreams.jp/tamano/racedetail/6120260423030004/?pageType=odds,2026-10-08T19:47:08.816143+00:00
6120260423030010,2026-04-25,玉野競輪,F2,A3 challenge,10,チャレンジ決勝,19:50,19:45,7,https://keirin.kdreams.jp/tamano/racedetail/6120260423030010/?pageType=odds,2026-10-08T19:47:10.346211+00:00
1120260425020001,2026-04-26,函館競輪,F2,A3 challenge,1,チャレンジ一般,20:50,20:45,5,https://keirin.kdreams.jp/hakodate/racedetail/1120260425020001/?pageType=odds,2026-10-08T19:47:17.739104+00:00
1120260425020002,2026-04-26,函館競輪,F2,A3 challenge,2,チャレンジ一般,21:10,21:05,5,https://keirin.kdreams.jp/hakodate/racedetail/1120260425020002/?pageType=odds,2026-10-08T19:47:19.089649+00:00
1120260425020003,2026-04-26,函館競輪,F2,A3 challenge,3,チャレンジ準決勝,21:30,21:25,7,https://keirin.kdreams.jp/hakodate/racedetail/1120260425020003/?pageType=odds,2026-10-08T19:47:20.677273+00:00
1120260425020004,2026-04-26,函館競輪,F2,A3 challenge,4,チャレンジ準決勝,21:50,21:45,7,https://keirin.kdreams.jp/hakodate/racedetail/1120260425020004/?pageType=odds,2026-10-08T19:47:22.334234+00:00
5320260425020001,2026-04-26,奈良競輪,F2,A3 challenge,1,チャレンジ一般,20:40,20:35,6,https://keirin.kdreams.jp/nara/racedetail/5320260425020001/?pageType=odds,2026-10-08T19:47:36.265384+00:00
5320260425020002,2026-04-26,奈良競輪,F2,A3 challenge,2,チャレンジ一般,21:00,20:55,7,https://keirin.kdreams.jp/nara/racedetail/5320260425020002/?pageType=odds,2026-10-08T19:47:37.661930+00:00
5320260425020003,2026-04-26,奈良競輪,F2,A3 challenge,3,チャレンジ準決勝,21:20,21:15,7,https://keirin.kdreams.jp/nara/racedetail/5320260425020003/?pageType=odds,2026-10-08T19:47:39.454704+00:00
5320260425020004,2026-04-26,奈良競輪,F2,A3 challenge,4,チャレンジ準決勝,21:40,21:35,7,https://keirin.kdreams.jp/nara/racedetail/5320260425020004/?pageType=odds,2026-10-08T19:47:41.264524+00:00
1120260425030001,2026-04-27,函館競輪,F2,A3 challenge,1,チャレンジ一般,20:50,20:45,5,https://keirin.kdreams.jp/hakodate/racedetail/1120260425030001/?pageType=odds,2026-10-08T19:47:23.547450+00:00
1120260425030002,2026-04-27,函館競輪,F2,A3 challenge,2,チャレンジ一般,21:10,21:05,5,https://keirin.kdreams.jp/hakodate/racedetail/1120260425030002/?pageType=odds,2026-10-08T19:47:24.652873+00:00
1120260425030003,2026-04-27,函館競輪,F2,A3 challenge,3,チャレンジ選抜,21:30,21:25,7,https://keirin.kdreams.jp/hakodate/racedetail/1120260425030003/?pageType=odds,2026-10-08T19:47:26.067070+00:00
1120260425030008,2026-04-27,函館競輪,F2,A3 challenge,8,チャレンジ決勝,23:10,23:05,7,https://keirin.kdreams.jp/hakodate/racedetail/1120260425030008/?pageType=odds,2026-10-08T19:47:27.874134+00:00
5320260425030001,2026-04-27,奈良競輪,F2,A3 challenge,1,チャレンジ一般,20:40,20:35,6,https://keirin.kdreams.jp/nara/racedetail/5320260425030001/?pageType=odds,2026-10-08T19:47:42.944424+00:00
5320260425030002,2026-04-27,奈良競輪,F2,A3 challenge,2,チャレンジ一般,21:00,20:55,7,https://keirin.kdreams.jp/nara/racedetail/5320260425030002/?pageType=odds,2026-10-08T19:47:45.162812+00:00
5320260425030003,2026-04-27,奈良競輪,F2,A3 challenge,3,チャレンジ選抜,21:20,21:15,7,https://keirin.kdreams.jp/nara/racedetail/5320260425030003/?pageType=odds,2026-10-08T19:47:46.902807+00:00
5320260425030008,2026-04-27,奈良競輪,F2,A3 challenge,8,チャレンジ決勝,23:00,22:55,7,https://keirin.kdreams.jp/nara/racedetail/5320260425030008/?pageType=odds,2026-10-08T19:47:48.896431+00:00
2720260428010001,2026-04-28,京王閣競輪,F2,A3 challenge,1,チャレンジ予選,16:09,16:04,7,https://keirin.kdreams.jp/keiokaku/racedetail/2720260428010001/?pageType=odds,2026-10-08T19:48:31.258116+00:00
2720260428010002,2026-04-28,京王閣競輪,F2,A3 challenge,2,チャレンジ予選,16:31,16:26,7,https://keirin.kdreams.jp/keiokaku/racedetail/2720260428010002/?pageType=odds,2026-10-08T19:48:32.903458+00:00
2720260428010003,2026-04-28,京王閣競輪,F2,A3 challenge,3,チャレンジ予選,16:53,16:48,7,https://keirin.kdreams.jp/keiokaku/racedetail/2720260428010003/?pageType=odds,2026-10-08T19:48:34.578368+00:00
2720260428010004,2026-04-28,京王閣競輪,F2,A3 challenge,4,チャレンジ予選,17:17,17:12,7,https://keirin.kdreams.jp/keiokaku/racedetail/2720260428010004/?pageType=odds,2026-10-08T19:48:36.325049+00:00
3720260428010001,2026-04-28,伊東競輪,F2,A3 challenge,1,チャレンジ予選,20:40,20:35,7,https://keirin.kdreams.jp/ito/racedetail/3720260428010001/?pageType=odds,2026-10-08T19:48:11.018155+00:00
3720260428010002,2026-04-28,伊東競輪,F2,A3 challenge,2,チャレンジ予選,21:00,20:55,7,https://keirin.kdreams.jp/ito/racedetail/3720260428010002/?pageType=odds,2026-10-08T19:48:12.695767+00:00
3720260428010003,2026-04-28,伊東競輪,F2,A3 challenge,3,チャレンジ予選,21:20,21:15,7,https://keirin.kdreams.jp/ito/racedetail/3720260428010003/?pageType=odds,2026-10-08T19:48:14.414480+00:00
3720260428010004,2026-04-28,伊東競輪,F2,A3 challenge,4,チャレンジ予選,21:40,21:35,7,https://keirin.kdreams.jp/ito/racedetail/3720260428010004/?pageType=odds,2026-10-08T19:48:16.034891+00:00
6220260428010001,2026-04-28,広島競輪,F2,A3 challenge,1,チャレンジ予選,20:50,20:45,7,https://keirin.kdreams.jp/hiroshima/racedetail/6220260428010001/?pageType=odds,2026-10-08T19:47:50.551786+00:00
6220260428010002,2026-04-28,広島競輪,F2,A3 challenge,2,チャレンジ予選,21:10,21:05,7,https://keirin.kdreams.jp/hiroshima/racedetail/6220260428010002/?pageType=odds,2026-10-08T19:47:52.193392+00:00
6220260428010003,2026-04-28,広島競輪,F2,A3 challenge,3,チャレンジ予選,21:30,21:25,7,https://keirin.kdreams.jp/hiroshima/racedetail/6220260428010003/?pageType=odds,2026-10-08T19:47:54.099864+00:00
6220260428010004,2026-04-28,広島競輪,F2,A3 challenge,4,チャレンジ予選,21:50,21:45,7,https://keirin.kdreams.jp/hiroshima/racedetail/6220260428010004/?pageType=odds,2026-10-08T19:47:55.689179+00:00
2720260428020001,2026-04-29,京王閣競輪,F2,A3 challenge,1,チャレンジ一般,15:59,15:54,6,https://keirin.kdreams.jp/keiokaku/racedetail/2720260428020001/?pageType=odds,2026-10-08T19:48:37.865931+00:00
2720260428020002,2026-04-29,京王閣競輪,F2,A3 challenge,2,チャレンジ一般,16:22,16:17,7,https://keirin.kdreams.jp/keiokaku/racedetail/2720260428020002/?pageType=odds,2026-10-08T19:48:39.590916+00:00
2720260428020003,2026-04-29,京王閣競輪,F2,A3 challenge,3,チャレンジ準決勝,16:46,16:41,7,https://keirin.kdreams.jp/keiokaku/racedetail/2720260428020003/?pageType=odds,2026-10-08T19:48:41.497574+00:00
2720260428020004,2026-04-29,京王閣競輪,F2,A3 challenge,4,チャレンジ準決勝,17:12,17:07,7,https://keirin.kdreams.jp/keiokaku/racedetail/2720260428020004/?pageType=odds,2026-10-08T19:48:42.985522+00:00
3720260428020001,2026-04-29,伊東競輪,F2,A3 challenge,1,チャレンジ一般,20:40,20:35,7,https://keirin.kdreams.jp/ito/racedetail/3720260428020001/?pageType=odds,2026-10-08T19:48:17.687007+00:00
3720260428020002,2026-04-29,伊東競輪,F2,A3 challenge,2,チャレンジ一般,21:00,20:55,7,https://keirin.kdreams.jp/ito/racedetail/3720260428020002/?pageType=odds,2026-10-08T19:48:19.383937+00:00
3720260428020003,2026-04-29,伊東競輪,F2,A3 challenge,3,チャレンジ準決勝,21:20,21:15,7,https://keirin.kdreams.jp/ito/racedetail/3720260428020003/?pageType=odds,2026-10-08T19:48:21.095925+00:00
3720260428020004,2026-04-29,伊東競輪,F2,A3 challenge,4,チャレンジ準決勝,21:40,21:35,7,https://keirin.kdreams.jp/ito/racedetail/3720260428020004/?pageType=odds,2026-10-08T19:48:22.820407+00:00
6220260428020001,2026-04-29,広島競輪,F2,A3 challenge,1,チャレンジ一般,20:50,20:45,5,https://keirin.kdreams.jp/hiroshima/racedetail/6220260428020001/?pageType=odds,2026-10-08T19:47:57.529067+00:00
6220260428020002,2026-04-29,広島競輪,F2,A3 challenge,2,チャレンジ一般,21:10,21:05,6,https://keirin.kdreams.jp/hiroshima/racedetail/6220260428020002/?pageType=odds,2026-10-08T19:47:59.153283+00:00
6220260428020003,2026-04-29,広島競輪,F2,A3 challenge,3,チャレンジ準決勝,21:30,21:25,7,https://keirin.kdreams.jp/hiroshima/racedetail/6220260428020003/?pageType=odds,2026-10-08T19:48:00.805241+00:00
6220260428020004,2026-04-29,広島競輪,F2,A3 challenge,4,チャレンジ準決勝,21:50,21:45,7,https://keirin.kdreams.jp/hiroshima/racedetail/6220260428020004/?pageType=odds,2026-10-08T19:48:02.709326+00:00
2720260428030001,2026-04-30,京王閣競輪,F2,A3 challenge,1,チャレンジ一般,15:59,15:54,5,https://keirin.kdreams.jp/keiokaku/racedetail/2720260428030001/?pageType=odds,2026-10-08T19:48:44.785532+00:00
2720260428030002,2026-04-30,京王閣競輪,F2,A3 challenge,2,チャレンジ一般,16:22,16:17,6,https://keirin.kdreams.jp/keiokaku/racedetail/2720260428030002/?pageType=odds,2026-10-08T19:48:46.341318+00:00
2720260428030003,2026-04-30,京王閣競輪,F2,A3 challenge,3,チャレンジ選抜,16:46,16:41,7,https://keirin.kdreams.jp/keiokaku/racedetail/2720260428030003/?pageType=odds,2026-10-08T19:48:47.977389+00:00
2720260428030007,2026-04-30,京王閣競輪,F2,A3 challenge,7,チャレンジ決勝,18:30,18:25,7,https://keirin.kdreams.jp/keiokaku/racedetail/2720260428030007/?pageType=odds,2026-10-08T19:48:49.596191+00:00
3720260428030001,2026-04-30,伊東競輪,F2,A3 challenge,1,チャレンジ一般,20:40,20:35,7,https://keirin.kdreams.jp/ito/racedetail/3720260428030001/?pageType=odds,2026-10-08T19:48:24.404574+00:00
3720260428030002,2026-04-30,伊東競輪,F2,A3 challenge,2,チャレンジ一般,21:00,20:55,7,https://keirin.kdreams.jp/ito/racedetail/3720260428030002/?pageType=odds,2026-10-08T19:48:26.033055+00:00
3720260428030003,2026-04-30,伊東競輪,F2,A3 challenge,3,チャレンジ選抜,21:20,21:15,7,https://keirin.kdreams.jp/ito/racedetail/3720260428030003/?pageType=odds,2026-10-08T19:48:27.685906+00:00
3720260428030008,2026-04-30,伊東競輪,F2,A3 challenge,8,チャレンジ決勝,23:00,22:55,7,https://keirin.kdreams.jp/ito/racedetail/3720260428030008/?pageType=odds,2026-10-08T19:48:29.451651+00:00
4620260430010001,2026-04-30,富山競輪,F2,A3 challenge,1,チャレンジ予選,10:58,10:53,7,https://keirin.kdreams.jp/toyama/racedetail/4620260430010001/?pageType=odds,2026-10-08T19:48:51.325868+00:00
4620260430010002,2026-04-30,富山競輪,F2,A3 challenge,2,チャレンジ予選,11:26,11:21,7,https://keirin.kdreams.jp/toyama/racedetail/4620260430010002/?pageType=odds,2026-10-08T19:48:53.181750+00:00
4620260430010003,2026-04-30,富山競輪,F2,A3 challenge,3,チャレンジ予選,11:54,11:49,7,https://keirin.kdreams.jp/toyama/racedetail/4620260430010003/?pageType=odds,2026-10-08T19:48:54.847499+00:00
4620260430010004,2026-04-30,富山競輪,F2,A3 challenge,4,チャレンジ予選,12:22,12:17,7,https://keirin.kdreams.jp/toyama/racedetail/4620260430010004/?pageType=odds,2026-10-08T19:48:56.742342+00:00
6220260428030001,2026-04-30,広島競輪,F2,A3 challenge,1,チャレンジ一般,20:50,20:45,5,https://keirin.kdreams.jp/hiroshima/racedetail/6220260428030001/?pageType=odds,2026-10-08T19:48:04.269127+00:00
6220260428030002,2026-04-30,広島競輪,F2,A3 challenge,2,チャレンジ一般,21:10,21:05,5,https://keirin.kdreams.jp/hiroshima/racedetail/6220260428030002/?pageType=odds,2026-10-08T19:48:05.799471+00:00
6220260428030003,2026-04-30,広島競輪,F2,A3 challenge,3,チャレンジ選抜,21:30,21:25,7,https://keirin.kdreams.jp/hiroshima/racedetail/6220260428030003/?pageType=odds,2026-10-08T19:48:07.581234+00:00
6220260428030008,2026-04-30,広島競輪,F2,A3 challenge,8,チャレンジ決勝,23:10,23:05,7,https://keirin.kdreams.jp/hiroshima/racedetail/6220260428030008/?pageType=odds,2026-10-08T19:48:09.262952+00:00
