race_id,race_date,track,meeting_grade,class_scope,race_no,race_type,start_time,deadline,entry_count,source_url,captured_at_utc
5420240429030001,2024-05-01,向日町競輪,F2,A3 challenge,1,チャレンジ一般,10:55,10:50,7,https://keirin.kdreams.jp/mukomachi/racedetail/5420240429030001/?pageType=odds,2026-10-08T02:10:19.233554+00:00
5420240429030002,2024-05-01,向日町競輪,F2,A3 challenge,2,チャレンジ選抜,11:23,11:18,7,https://keirin.kdreams.jp/mukomachi/racedetail/5420240429030002/?pageType=odds,2026-10-08T02:10:21.324817+00:00
5420240429030003,2024-05-01,向日町競輪,F2,A3 challenge,3,チャレンジ選抜,11:51,11:46,7,https://keirin.kdreams.jp/mukomachi/racedetail/5420240429030003/?pageType=odds,2026-10-08T02:10:23.441195+00:00
5420240429030010,2024-05-01,向日町競輪,F2,A3 challenge,10,チャレンジ決勝,15:35,15:30,7,https://keirin.kdreams.jp/mukomachi/racedetail/5420240429030010/?pageType=odds,2026-10-08T02:10:25.478138+00:00
6120240501010001,2024-05-01,玉野競輪,F2,A3 challenge,1,チャレンジ予選,15:30,15:25,7,https://keirin.kdreams.jp/tamano/racedetail/6120240501010001/?pageType=odds,2026-10-08T02:11:12.754838+00:00
6120240501010002,2024-05-01,玉野競輪,F2,A3 challenge,2,チャレンジ予選,15:55,15:50,7,https://keirin.kdreams.jp/tamano/racedetail/6120240501010002/?pageType=odds,2026-10-08T02:11:14.863748+00:00
6120240501010003,2024-05-01,玉野競輪,F2,A3 challenge,3,チャレンジ予選,16:20,16:15,7,https://keirin.kdreams.jp/tamano/racedetail/6120240501010003/?pageType=odds,2026-10-08T02:11:16.834604+00:00
6120240501010004,2024-05-01,玉野競輪,F2,A3 challenge,4,チャレンジ予選,16:45,16:40,7,https://keirin.kdreams.jp/tamano/racedetail/6120240501010004/?pageType=odds,2026-10-08T02:11:18.715889+00:00
6120240501010005,2024-05-01,玉野競輪,F2,A3 challenge,5,チャレンジ予選,17:10,17:05,7,https://keirin.kdreams.jp/tamano/racedetail/6120240501010005/?pageType=odds,2026-10-08T02:11:20.765815+00:00
7120240501010001,2024-05-01,高松競輪,F2,A3 challenge,1,チャレンジ予選,21:00,20:55,7,https://keirin.kdreams.jp/takamatsu/racedetail/7120240501010001/?pageType=odds,2026-10-08T02:10:27.866210+00:00
7120240501010002,2024-05-01,高松競輪,F2,A3 challenge,2,チャレンジ予選,21:25,21:20,7,https://keirin.kdreams.jp/takamatsu/racedetail/7120240501010002/?pageType=odds,2026-10-08T02:10:30.053028+00:00
7120240501010003,2024-05-01,高松競輪,F2,A3 challenge,3,チャレンジ予選,21:50,21:45,7,https://keirin.kdreams.jp/takamatsu/racedetail/7120240501010003/?pageType=odds,2026-10-08T02:10:32.173886+00:00
7120240501010004,2024-05-01,高松競輪,F2,A3 challenge,4,チャレンジ予選,22:15,22:10,7,https://keirin.kdreams.jp/takamatsu/racedetail/7120240501010004/?pageType=odds,2026-10-08T02:10:34.287615+00:00
7120240501010005,2024-05-01,高松競輪,F2,A3 challenge,5,チャレンジ予選,22:40,22:35,7,https://keirin.kdreams.jp/takamatsu/racedetail/7120240501010005/?pageType=odds,2026-10-08T02:10:36.566747+00:00
7120240501010006,2024-05-01,高松競輪,F2,A3 challenge,6,チャレンジ予選,23:05,23:00,7,https://keirin.kdreams.jp/takamatsu/racedetail/7120240501010006/?pageType=odds,2026-10-08T02:10:38.818676+00:00
7120240501010007,2024-05-01,高松競輪,F2,A3 challenge,7,チャレンジ予選,23:30,23:25,7,https://keirin.kdreams.jp/takamatsu/racedetail/7120240501010007/?pageType=odds,2026-10-08T02:10:40.844209+00:00
6120240501020001,2024-05-02,玉野競輪,F2,A3 challenge,1,チャレンジ一般,15:30,15:25,6,https://keirin.kdreams.jp/tamano/racedetail/6120240501020001/?pageType=odds,2026-10-08T02:11:23.176172+00:00
6120240501020002,2024-05-02,玉野競輪,F2,A3 challenge,2,チャレンジ一般,15:55,15:50,6,https://keirin.kdreams.jp/tamano/racedetail/6120240501020002/?pageType=odds,2026-10-08T02:11:24.417857+00:00
6120240501020003,2024-05-02,玉野競輪,F2,A3 challenge,3,チャレンジ準決勝,16:20,16:15,7,https://keirin.kdreams.jp/tamano/racedetail/6120240501020003/?pageType=odds,2026-10-08T02:11:26.208785+00:00
6120240501020004,2024-05-02,玉野競輪,F2,A3 challenge,4,チャレンジ準決勝,16:45,16:40,7,https://keirin.kdreams.jp/tamano/racedetail/6120240501020004/?pageType=odds,2026-10-08T02:11:28.964853+00:00
6120240501020005,2024-05-02,玉野競輪,F2,A3 challenge,5,チャレンジ準決勝,17:10,17:05,7,https://keirin.kdreams.jp/tamano/racedetail/6120240501020005/?pageType=odds,2026-10-08T02:11:30.983425+00:00
7120240501020001,2024-05-02,高松競輪,F2,A3 challenge,1,チャレンジ一般,21:00,20:55,6,https://keirin.kdreams.jp/takamatsu/racedetail/7120240501020001/?pageType=odds,2026-10-08T02:10:43.117579+00:00
7120240501020002,2024-05-02,高松競輪,F2,A3 challenge,2,チャレンジ一般,21:25,21:20,7,https://keirin.kdreams.jp/takamatsu/racedetail/7120240501020002/?pageType=odds,2026-10-08T02:10:45.237408+00:00
7120240501020003,2024-05-02,高松競輪,F2,A3 challenge,3,チャレンジ選抜,21:50,21:45,7,https://keirin.kdreams.jp/takamatsu/racedetail/7120240501020003/?pageType=odds,2026-10-08T02:10:47.434079+00:00
7120240501020004,2024-05-02,高松競輪,F2,A3 challenge,4,チャレンジ選抜,22:15,22:10,7,https://keirin.kdreams.jp/takamatsu/racedetail/7120240501020004/?pageType=odds,2026-10-08T02:10:49.497879+00:00
7120240501020005,2024-05-02,高松競輪,F2,A3 challenge,5,チャレンジ準決勝,22:40,22:35,7,https://keirin.kdreams.jp/takamatsu/racedetail/7120240501020005/?pageType=odds,2026-10-08T02:10:51.606507+00:00
7120240501020006,2024-05-02,高松競輪,F2,A3 challenge,6,チャレンジ準決勝,23:05,23:00,7,https://keirin.kdreams.jp/takamatsu/racedetail/7120240501020006/?pageType=odds,2026-10-08T02:10:53.768271+00:00
7120240501020007,2024-05-02,高松競輪,F2,A3 challenge,7,チャレンジ準決勝,23:30,23:25,7,https://keirin.kdreams.jp/takamatsu/racedetail/7120240501020007/?pageType=odds,2026-10-08T02:10:55.737601+00:00
8320240503010001,2024-05-03,久留米競輪,F2,A3 challenge,1,チャレンジ予選,15:57,15:52,7,https://keirin.kdreams.jp/kurume/racedetail/8320240503010001/?pageType=odds,2026-10-08T02:12:14.865091+00:00
8320240503010002,2024-05-03,久留米競輪,F2,A3 challenge,2,チャレンジ予選,16:20,16:15,7,https://keirin.kdreams.jp/kurume/racedetail/8320240503010002/?pageType=odds,2026-10-08T02:12:16.923989+00:00
8320240503010003,2024-05-03,久留米競輪,F2,A3 challenge,3,チャレンジ予選,16:43,16:38,7,https://keirin.kdreams.jp/kurume/racedetail/8320240503010003/?pageType=odds,2026-10-08T02:12:19.394826+00:00
8320240503010004,2024-05-03,久留米競輪,F2,A3 challenge,4,チャレンジ予選,17:06,17:01,7,https://keirin.kdreams.jp/kurume/racedetail/8320240503010004/?pageType=odds,2026-10-08T02:12:21.525632+00:00
8320240503010005,2024-05-03,久留米競輪,F2,A3 challenge,5,チャレンジ予選,17:29,17:24,7,https://keirin.kdreams.jp/kurume/racedetail/8320240503010005/?pageType=odds,2026-10-08T02:12:23.510547+00:00
3420240503010001,2024-05-03,川崎競輪,F2,A3 challenge,1,チャレンジ予選,16:05,16:00,7,https://keirin.kdreams.jp/kawasaki/racedetail/3420240503010001/?pageType=odds,2026-10-08T02:11:42.839367+00:00
3420240503010002,2024-05-03,川崎競輪,F2,A3 challenge,2,チャレンジ予選,16:28,16:23,7,https://keirin.kdreams.jp/kawasaki/racedetail/3420240503010002/?pageType=odds,2026-10-08T02:11:44.894663+00:00
3420240503010003,2024-05-03,川崎競輪,F2,A3 challenge,3,チャレンジ予選,16:51,16:46,7,https://keirin.kdreams.jp/kawasaki/racedetail/3420240503010003/?pageType=odds,2026-10-08T02:11:46.880333+00:00
3420240503010004,2024-05-03,川崎競輪,F2,A3 challenge,4,チャレンジ予選,17:14,17:09,7,https://keirin.kdreams.jp/kawasaki/racedetail/3420240503010004/?pageType=odds,2026-10-08T02:11:48.875441+00:00
3420240503010005,2024-05-03,川崎競輪,F2,A3 challenge,5,チャレンジ予選,17:37,17:32,7,https://keirin.kdreams.jp/kawasaki/racedetail/3420240503010005/?pageType=odds,2026-10-08T02:11:50.889049+00:00
6120240501030001,2024-05-03,玉野競輪,F2,A3 challenge,1,チャレンジ一般,16:12,16:07,5,https://keirin.kdreams.jp/tamano/racedetail/6120240501030001/?pageType=odds,2026-10-08T02:11:32.754556+00:00
6120240501030002,2024-05-03,玉野競輪,F2,A3 challenge,2,チャレンジ一般,16:35,16:30,5,https://keirin.kdreams.jp/tamano/racedetail/6120240501030002/?pageType=odds,2026-10-08T02:11:34.487928+00:00
6120240501030003,2024-05-03,玉野競輪,F2,A3 challenge,3,チャレンジ選抜,16:58,16:53,7,https://keirin.kdreams.jp/tamano/racedetail/6120240501030003/?pageType=odds,2026-10-08T02:11:36.568715+00:00
6120240501030004,2024-05-03,玉野競輪,F2,A3 challenge,4,チャレンジ選抜,17:21,17:16,7,https://keirin.kdreams.jp/tamano/racedetail/6120240501030004/?pageType=odds,2026-10-08T02:11:38.528594+00:00
6120240501030011,2024-05-03,玉野競輪,F2,A3 challenge,11,チャレンジ決勝,20:06,20:01,7,https://keirin.kdreams.jp/tamano/racedetail/6120240501030011/?pageType=odds,2026-10-08T02:11:40.787184+00:00
7120240501030001,2024-05-03,高松競輪,F2,A3 challenge,1,チャレンジ一般,21:00,20:55,7,https://keirin.kdreams.jp/takamatsu/racedetail/7120240501030001/?pageType=odds,2026-10-08T02:10:57.782235+00:00
7120240501030002,2024-05-03,高松競輪,F2,A3 challenge,2,チャレンジ一般,21:25,21:20,7,https://keirin.kdreams.jp/takamatsu/racedetail/7120240501030002/?pageType=odds,2026-10-08T02:11:00.136624+00:00
7120240501030003,2024-05-03,高松競輪,F2,A3 challenge,3,チャレンジ一般,21:50,21:45,7,https://keirin.kdreams.jp/takamatsu/racedetail/7120240501030003/?pageType=odds,2026-10-08T02:11:02.527617+00:00
7120240501030004,2024-05-03,高松競輪,F2,A3 challenge,4,チャレンジ選抜,22:15,22:10,7,https://keirin.kdreams.jp/takamatsu/racedetail/7120240501030004/?pageType=odds,2026-10-08T02:11:04.469276+00:00
7120240501030005,2024-05-03,高松競輪,F2,A3 challenge,5,チャレンジ選抜,22:40,22:35,7,https://keirin.kdreams.jp/takamatsu/racedetail/7120240501030005/?pageType=odds,2026-10-08T02:11:06.537957+00:00
7120240501030006,2024-05-03,高松競輪,F2,A3 challenge,6,チャレンジ選抜,23:05,23:00,7,https://keirin.kdreams.jp/takamatsu/racedetail/7120240501030006/?pageType=odds,2026-10-08T02:11:08.518366+00:00
7120240501030007,2024-05-03,高松競輪,F2,A3 challenge,7,チャレンジ決勝,23:30,23:25,7,https://keirin.kdreams.jp/takamatsu/racedetail/7120240501030007/?pageType=odds,2026-10-08T02:11:10.536443+00:00
8320240503020001,2024-05-04,久留米競輪,F2,A3 challenge,1,チャレンジ一般,15:55,15:50,7,https://keirin.kdreams.jp/kurume/racedetail/8320240503020001/?pageType=odds,2026-10-08T02:12:25.503570+00:00
8320240503020002,2024-05-04,久留米競輪,F2,A3 challenge,2,チャレンジ一般,16:15,16:10,7,https://keirin.kdreams.jp/kurume/racedetail/8320240503020002/?pageType=odds,2026-10-08T02:12:27.459911+00:00
8320240503020003,2024-05-04,久留米競輪,F2,A3 challenge,3,チャレンジ準決勝,16:35,16:30,7,https://keirin.kdreams.jp/kurume/racedetail/8320240503020003/?pageType=odds,2026-10-08T02:12:29.708285+00:00
8320240503020004,2024-05-04,久留米競輪,F2,A3 challenge,4,チャレンジ準決勝,16:57,16:52,7,https://keirin.kdreams.jp/kurume/racedetail/8320240503020004/?pageType=odds,2026-10-08T02:12:31.788826+00:00
8320240503020005,2024-05-04,久留米競輪,F2,A3 challenge,5,チャレンジ準決勝,17:21,17:16,7,https://keirin.kdreams.jp/kurume/racedetail/8320240503020005/?pageType=odds,2026-10-08T02:12:33.895310+00:00
8620240504010001,2024-05-04,別府競輪,F2,A3 challenge,1,チャレンジ予選,21:06,21:01,7,https://keirin.kdreams.jp/beppu/racedetail/8620240504010001/?pageType=odds,2026-10-08T02:12:46.199005+00:00
8620240504010002,2024-05-04,別府競輪,F2,A3 challenge,2,チャレンジ予選,21:30,21:25,7,https://keirin.kdreams.jp/beppu/racedetail/8620240504010002/?pageType=odds,2026-10-08T02:12:48.165557+00:00
8620240504010003,2024-05-04,別府競輪,F2,A3 challenge,3,チャレンジ予選,21:54,21:49,7,https://keirin.kdreams.jp/beppu/racedetail/8620240504010003/?pageType=odds,2026-10-08T02:12:50.288058+00:00
8620240504010004,2024-05-04,別府競輪,F2,A3 challenge,4,チャレンジ予選,22:18,22:13,7,https://keirin.kdreams.jp/beppu/racedetail/8620240504010004/?pageType=odds,2026-10-08T02:12:52.312981+00:00
8620240504010005,2024-05-04,別府競輪,F2,A3 challenge,5,チャレンジ予選,22:42,22:37,7,https://keirin.kdreams.jp/beppu/racedetail/8620240504010005/?pageType=odds,2026-10-08T02:12:54.428698+00:00
8620240504010006,2024-05-04,別府競輪,F2,A3 challenge,6,チャレンジ予選,23:06,23:01,7,https://keirin.kdreams.jp/beppu/racedetail/8620240504010006/?pageType=odds,2026-10-08T02:12:56.782569+00:00
8620240504010007,2024-05-04,別府競輪,F2,A3 challenge,7,チャレンジ予選,23:30,23:25,7,https://keirin.kdreams.jp/beppu/racedetail/8620240504010007/?pageType=odds,2026-10-08T02:12:58.730759+00:00
3420240503020001,2024-05-04,川崎競輪,F2,A3 challenge,1,チャレンジ一般,16:05,16:00,7,https://keirin.kdreams.jp/kawasaki/racedetail/3420240503020001/?pageType=odds,2026-10-08T02:11:52.811632+00:00
3420240503020002,2024-05-04,川崎競輪,F2,A3 challenge,2,チャレンジ一般,16:25,16:20,7,https://keirin.kdreams.jp/kawasaki/racedetail/3420240503020002/?pageType=odds,2026-10-08T02:11:55.276947+00:00
3420240503020003,2024-05-04,川崎競輪,F2,A3 challenge,3,チャレンジ準決勝,16:45,16:40,7,https://keirin.kdreams.jp/kawasaki/racedetail/3420240503020003/?pageType=odds,2026-10-08T02:11:57.346974+00:00
3420240503020004,2024-05-04,川崎競輪,F2,A3 challenge,4,チャレンジ準決勝,17:09,17:04,7,https://keirin.kdreams.jp/kawasaki/racedetail/3420240503020004/?pageType=odds,2026-10-08T02:11:59.553923+00:00
3420240503020005,2024-05-04,川崎競輪,F2,A3 challenge,5,チャレンジ準決勝,17:33,17:28,7,https://keirin.kdreams.jp/kawasaki/racedetail/3420240503020005/?pageType=odds,2026-10-08T02:12:01.668506+00:00
8320240503030001,2024-05-05,久留米競輪,F2,A3 challenge,1,チャレンジ一般,15:55,15:50,6,https://keirin.kdreams.jp/kurume/racedetail/8320240503030001/?pageType=odds,2026-10-08T02:12:35.775940+00:00
8320240503030002,2024-05-05,久留米競輪,F2,A3 challenge,2,チャレンジ一般,16:15,16:10,7,https://keirin.kdreams.jp/kurume/racedetail/8320240503030002/?pageType=odds,2026-10-08T02:12:37.728424+00:00
8320240503030003,2024-05-05,久留米競輪,F2,A3 challenge,3,チャレンジ選抜,16:35,16:30,7,https://keirin.kdreams.jp/kurume/racedetail/8320240503030003/?pageType=odds,2026-10-08T02:12:40.024609+00:00
8320240503030004,2024-05-05,久留米競輪,F2,A3 challenge,4,チャレンジ選抜,16:57,16:52,7,https://keirin.kdreams.jp/kurume/racedetail/8320240503030004/?pageType=odds,2026-10-08T02:12:42.029840+00:00
8320240503030011,2024-05-05,久留米競輪,F2,A3 challenge,11,チャレンジ決勝,19:49,19:44,7,https://keirin.kdreams.jp/kurume/racedetail/8320240503030011/?pageType=odds,2026-10-08T02:12:44.174250+00:00
8620240504020001,2024-05-05,別府競輪,F2,A3 challenge,1,チャレンジ一般,21:06,21:01,6,https://keirin.kdreams.jp/beppu/racedetail/8620240504020001/?pageType=odds,2026-10-08T02:13:00.734106+00:00
8620240504020002,2024-05-05,別府競輪,F2,A3 challenge,2,チャレンジ一般,21:30,21:25,7,https://keirin.kdreams.jp/beppu/racedetail/8620240504020002/?pageType=odds,2026-10-08T02:13:03.322105+00:00
8620240504020003,2024-05-05,別府競輪,F2,A3 challenge,3,チャレンジ選抜,21:54,21:49,7,https://keirin.kdreams.jp/beppu/racedetail/8620240504020003/?pageType=odds,2026-10-08T02:13:05.400241+00:00
8620240504020004,2024-05-05,別府競輪,F2,A3 challenge,4,チャレンジ選抜,22:18,22:13,7,https://keirin.kdreams.jp/beppu/racedetail/8620240504020004/?pageType=odds,2026-10-08T02:13:07.631231+00:00
8620240504020005,2024-05-05,別府競輪,F2,A3 challenge,5,チャレンジ準決勝,22:42,22:37,7,https://keirin.kdreams.jp/beppu/racedetail/8620240504020005/?pageType=odds,2026-10-08T02:13:09.887331+00:00
8620240504020006,2024-05-05,別府競輪,F2,A3 challenge,6,チャレンジ準決勝,23:06,23:01,7,https://keirin.kdreams.jp/beppu/racedetail/8620240504020006/?pageType=odds,2026-10-08T02:13:12.140792+00:00
8620240504020007,2024-05-05,別府競輪,F2,A3 challenge,7,チャレンジ準決勝,23:30,23:25,7,https://keirin.kdreams.jp/beppu/racedetail/8620240504020007/?pageType=odds,2026-10-08T02:13:14.738276+00:00
3420240503030001,2024-05-05,川崎競輪,F2,A3 challenge,1,チャレンジ一般,16:05,16:00,7,https://keirin.kdreams.jp/kawasaki/racedetail/3420240503030001/?pageType=odds,2026-10-08T02:12:03.795325+00:00
3420240503030002,2024-05-05,川崎競輪,F2,A3 challenge,2,チャレンジ一般,16:25,16:20,7,https://keirin.kdreams.jp/kawasaki/racedetail/3420240503030002/?pageType=odds,2026-10-08T02:12:05.986726+00:00
3420240503030003,2024-05-05,川崎競輪,F2,A3 challenge,3,チャレンジ選抜,16:45,16:40,7,https://keirin.kdreams.jp/kawasaki/racedetail/3420240503030003/?pageType=odds,2026-10-08T02:12:08.039918+00:00
3420240503030004,2024-05-05,川崎競輪,F2,A3 challenge,4,チャレンジ選抜,17:09,17:04,7,https://keirin.kdreams.jp/kawasaki/racedetail/3420240503030004/?pageType=odds,2026-10-08T02:12:10.555258+00:00
3420240503030008,2024-05-05,川崎競輪,F2,A3 challenge,8,チャレンジ決勝,18:45,18:40,7,https://keirin.kdreams.jp/kawasaki/racedetail/3420240503030008/?pageType=odds,2026-10-08T02:12:12.770030+00:00
2720240506010001,2024-05-06,京王閣競輪,F2,A3 challenge,1,チャレンジ予選,16:00,15:55,7,https://keirin.kdreams.jp/keiokaku/racedetail/2720240506010001/?pageType=odds,2026-10-08T02:13:32.208343+00:00
2720240506010002,2024-05-06,京王閣競輪,F2,A3 challenge,2,チャレンジ予選,16:20,16:15,7,https://keirin.kdreams.jp/keiokaku/racedetail/2720240506010002/?pageType=odds,2026-10-08T02:13:34.409155+00:00
2720240506010003,2024-05-06,京王閣競輪,F2,A3 challenge,3,チャレンジ予選,16:40,16:35,7,https://keirin.kdreams.jp/keiokaku/racedetail/2720240506010003/?pageType=odds,2026-10-08T02:13:36.367325+00:00
2720240506010004,2024-05-06,京王閣競輪,F2,A3 challenge,4,チャレンジ予選,17:00,16:55,7,https://keirin.kdreams.jp/keiokaku/racedetail/2720240506010004/?pageType=odds,2026-10-08T02:13:38.682117+00:00
2720240506010005,2024-05-06,京王閣競輪,F2,A3 challenge,5,チャレンジ予選,17:25,17:20,7,https://keirin.kdreams.jp/keiokaku/racedetail/2720240506010005/?pageType=odds,2026-10-08T02:13:40.757790+00:00
8620240504030001,2024-05-06,別府競輪,F2,A3 challenge,1,チャレンジ一般,21:06,21:01,6,https://keirin.kdreams.jp/beppu/racedetail/8620240504030001/?pageType=odds,2026-10-08T02:13:16.964895+00:00
8620240504030002,2024-05-06,別府競輪,F2,A3 challenge,2,チャレンジ一般,21:30,21:25,6,https://keirin.kdreams.jp/beppu/racedetail/8620240504030002/?pageType=odds,2026-10-08T02:13:19.027246+00:00
8620240504030003,2024-05-06,別府競輪,F2,A3 challenge,3,チャレンジ一般,21:54,21:49,6,https://keirin.kdreams.jp/beppu/racedetail/8620240504030003/?pageType=odds,2026-10-08T02:13:21.469579+00:00
8620240504030004,2024-05-06,別府競輪,F2,A3 challenge,4,チャレンジ選抜,22:18,22:13,7,https://keirin.kdreams.jp/beppu/racedetail/8620240504030004/?pageType=odds,2026-10-08T02:13:23.702661+00:00
8620240504030005,2024-05-06,別府競輪,F2,A3 challenge,5,チャレンジ選抜,22:42,22:37,7,https://keirin.kdreams.jp/beppu/racedetail/8620240504030005/?pageType=odds,2026-10-08T02:13:25.916625+00:00
8620240504030006,2024-05-06,別府競輪,F2,A3 challenge,6,チャレンジ選抜,23:06,23:01,7,https://keirin.kdreams.jp/beppu/racedetail/8620240504030006/?pageType=odds,2026-10-08T02:13:27.956627+00:00
8620240504030007,2024-05-06,別府競輪,F2,A3 challenge,7,チャレンジ決勝,23:30,23:25,7,https://keirin.kdreams.jp/beppu/racedetail/8620240504030007/?pageType=odds,2026-10-08T02:13:30.054092+00:00
5520240506010001,2024-05-06,和歌山競輪,F2,A3 challenge,1,チャレンジ予選,10:55,10:50,7,https://keirin.kdreams.jp/wakayama/racedetail/5520240506010001/?pageType=odds,2026-10-08T02:14:35.648604+00:00
5520240506010002,2024-05-06,和歌山競輪,F2,A3 challenge,2,チャレンジ予選,11:20,11:15,7,https://keirin.kdreams.jp/wakayama/racedetail/5520240506010002/?pageType=odds,2026-10-08T02:14:37.638110+00:00
5520240506010003,2024-05-06,和歌山競輪,F2,A3 challenge,3,チャレンジ予選,11:45,11:40,7,https://keirin.kdreams.jp/wakayama/racedetail/5520240506010003/?pageType=odds,2026-10-08T02:14:39.658262+00:00
5520240506010004,2024-05-06,和歌山競輪,F2,A3 challenge,4,チャレンジ予選,12:10,12:05,7,https://keirin.kdreams.jp/wakayama/racedetail/5520240506010004/?pageType=odds,2026-10-08T02:14:41.604219+00:00
5520240506010005,2024-05-06,和歌山競輪,F2,A3 challenge,5,チャレンジ予選,12:35,12:30,7,https://keirin.kdreams.jp/wakayama/racedetail/5520240506010005/?pageType=odds,2026-10-08T02:14:43.877979+00:00
3620240506010001,2024-05-06,小田原競輪,F2,A3 challenge,1,チャレンジ予選,08:40,08:35,7,https://keirin.kdreams.jp/odawara/racedetail/3620240506010001/?pageType=odds,2026-10-08T02:14:04.426732+00:00
3620240506010002,2024-05-06,小田原競輪,F2,A3 challenge,2,チャレンジ予選,09:00,08:55,7,https://keirin.kdreams.jp/odawara/racedetail/3620240506010002/?pageType=odds,2026-10-08T02:14:06.389508+00:00
3620240506010003,2024-05-06,小田原競輪,F2,A3 challenge,3,チャレンジ予選,09:20,09:15,7,https://keirin.kdreams.jp/odawara/racedetail/3620240506010003/?pageType=odds,2026-10-08T02:14:08.309346+00:00
3620240506010004,2024-05-06,小田原競輪,F2,A3 challenge,4,チャレンジ予選,09:40,09:35,7,https://keirin.kdreams.jp/odawara/racedetail/3620240506010004/?pageType=odds,2026-10-08T02:14:10.369056+00:00
3620240506010005,2024-05-06,小田原競輪,F2,A3 challenge,5,チャレンジ予選,10:00,09:55,7,https://keirin.kdreams.jp/odawara/racedetail/3620240506010005/?pageType=odds,2026-10-08T02:14:12.618324+00:00
2720240506020001,2024-05-07,京王閣競輪,F2,A3 challenge,1,チャレンジ一般,16:00,15:55,7,https://keirin.kdreams.jp/keiokaku/racedetail/2720240506020001/?pageType=odds,2026-10-08T02:13:42.865140+00:00
2720240506020002,2024-05-07,京王閣競輪,F2,A3 challenge,2,チャレンジ一般,16:20,16:15,7,https://keirin.kdreams.jp/keiokaku/racedetail/2720240506020002/?pageType=odds,2026-10-08T02:13:44.944953+00:00
2720240506020003,2024-05-07,京王閣競輪,F2,A3 challenge,3,チャレンジ準決勝,16:40,16:35,7,https://keirin.kdreams.jp/keiokaku/racedetail/2720240506020003/?pageType=odds,2026-10-08T02:13:47.149564+00:00
2720240506020004,2024-05-07,京王閣競輪,F2,A3 challenge,4,チャレンジ準決勝,17:00,16:55,7,https://keirin.kdreams.jp/keiokaku/racedetail/2720240506020004/?pageType=odds,2026-10-08T02:13:49.172198+00:00
2720240506020005,2024-05-07,京王閣競輪,F2,A3 challenge,5,チャレンジ準決勝,17:25,17:20,7,https://keirin.kdreams.jp/keiokaku/racedetail/2720240506020005/?pageType=odds,2026-10-08T02:13:51.125695+00:00
5520240506020001,2024-05-07,和歌山競輪,F2,A3 challenge,1,チャレンジ一般,10:55,10:50,6,https://keirin.kdreams.jp/wakayama/racedetail/5520240506020001/?pageType=odds,2026-10-08T02:14:45.765628+00:00
5520240506020002,2024-05-07,和歌山競輪,F2,A3 challenge,2,チャレンジ一般,11:20,11:15,7,https://keirin.kdreams.jp/wakayama/racedetail/5520240506020002/?pageType=odds,2026-10-08T02:14:47.880970+00:00
5520240506020003,2024-05-07,和歌山競輪,F2,A3 challenge,3,チャレンジ準決勝,11:45,11:40,7,https://keirin.kdreams.jp/wakayama/racedetail/5520240506020003/?pageType=odds,2026-10-08T02:14:50.156638+00:00
5520240506020004,2024-05-07,和歌山競輪,F2,A3 challenge,4,チャレンジ準決勝,12:10,12:05,7,https://keirin.kdreams.jp/wakayama/racedetail/5520240506020004/?pageType=odds,2026-10-08T02:14:52.277627+00:00
5520240506020005,2024-05-07,和歌山競輪,F2,A3 challenge,5,チャレンジ準決勝,12:35,12:30,7,https://keirin.kdreams.jp/wakayama/racedetail/5520240506020005/?pageType=odds,2026-10-08T02:14:54.628863+00:00
3620240506020001,2024-05-07,小田原競輪,F2,A3 challenge,1,チャレンジ一般,08:30,08:25,5,https://keirin.kdreams.jp/odawara/racedetail/3620240506020001/?pageType=odds,2026-10-08T02:14:14.671484+00:00
3620240506020002,2024-05-07,小田原競輪,F2,A3 challenge,2,チャレンジ一般,08:50,08:45,5,https://keirin.kdreams.jp/odawara/racedetail/3620240506020002/?pageType=odds,2026-10-08T02:14:16.421977+00:00
3620240506020003,2024-05-07,小田原競輪,F2,A3 challenge,3,チャレンジ準決勝,09:10,09:05,7,https://keirin.kdreams.jp/odawara/racedetail/3620240506020003/?pageType=odds,2026-10-08T02:14:18.544512+00:00
3620240506020004,2024-05-07,小田原競輪,F2,A3 challenge,4,チャレンジ準決勝,09:30,09:25,7,https://keirin.kdreams.jp/odawara/racedetail/3620240506020004/?pageType=odds,2026-10-08T02:14:20.649626+00:00
3620240506020005,2024-05-07,小田原競輪,F2,A3 challenge,5,チャレンジ準決勝,09:50,09:45,7,https://keirin.kdreams.jp/odawara/racedetail/3620240506020005/?pageType=odds,2026-10-08T02:14:22.714343+00:00
2720240506030001,2024-05-08,京王閣競輪,F2,A3 challenge,1,チャレンジ一般,16:00,15:55,7,https://keirin.kdreams.jp/keiokaku/racedetail/2720240506030001/?pageType=odds,2026-10-08T02:13:53.395768+00:00
2720240506030002,2024-05-08,京王閣競輪,F2,A3 challenge,2,チャレンジ一般,16:20,16:15,7,https://keirin.kdreams.jp/keiokaku/racedetail/2720240506030002/?pageType=odds,2026-10-08T02:13:55.427242+00:00
2720240506030003,2024-05-08,京王閣競輪,F2,A3 challenge,3,チャレンジ選抜,16:40,16:35,7,https://keirin.kdreams.jp/keiokaku/racedetail/2720240506030003/?pageType=odds,2026-10-08T02:13:57.543652+00:00
2720240506030004,2024-05-08,京王閣競輪,F2,A3 challenge,4,チャレンジ選抜,17:00,16:55,7,https://keirin.kdreams.jp/keiokaku/racedetail/2720240506030004/?pageType=odds,2026-10-08T02:13:59.786708+00:00
2720240506030008,2024-05-08,京王閣競輪,F2,A3 challenge,8,チャレンジ決勝,18:40,18:35,7,https://keirin.kdreams.jp/keiokaku/racedetail/2720240506030008/?pageType=odds,2026-10-08T02:14:02.337495+00:00
5420240508010001,2024-05-08,向日町競輪,F2,A3 challenge,1,チャレンジ予選,20:50,20:45,7,https://keirin.kdreams.jp/mukomachi/racedetail/5420240508010001/?pageType=odds,2026-10-08T02:15:08.686647+00:00
5420240508010002,2024-05-08,向日町競輪,F2,A3 challenge,2,チャレンジ予選,21:10,21:05,7,https://keirin.kdreams.jp/mukomachi/racedetail/5420240508010002/?pageType=odds,2026-10-08T02:15:10.963587+00:00
5420240508010003,2024-05-08,向日町競輪,F2,A3 challenge,3,チャレンジ予選,21:30,21:25,7,https://keirin.kdreams.jp/mukomachi/racedetail/5420240508010003/?pageType=odds,2026-10-08T02:15:13.107627+00:00
5420240508010004,2024-05-08,向日町競輪,F2,A3 challenge,4,チャレンジ予選,21:50,21:45,7,https://keirin.kdreams.jp/mukomachi/racedetail/5420240508010004/?pageType=odds,2026-10-08T02:15:15.219927+00:00
5520240506030001,2024-05-08,和歌山競輪,F2,A3 challenge,1,チャレンジ一般,10:55,10:50,6,https://keirin.kdreams.jp/wakayama/racedetail/5520240506030001/?pageType=odds,2026-10-08T02:14:57.042292+00:00
5520240506030002,2024-05-08,和歌山競輪,F2,A3 challenge,2,チャレンジ一般,11:20,11:15,6,https://keirin.kdreams.jp/wakayama/racedetail/5520240506030002/?pageType=odds,2026-10-08T02:14:59.605090+00:00
5520240506030003,2024-05-08,和歌山競輪,F2,A3 challenge,3,チャレンジ選抜,11:45,11:40,7,https://keirin.kdreams.jp/wakayama/racedetail/5520240506030003/?pageType=odds,2026-10-08T02:15:01.844563+00:00
5520240506030004,2024-05-08,和歌山競輪,F2,A3 challenge,4,チャレンジ選抜,12:10,12:05,7,https://keirin.kdreams.jp/wakayama/racedetail/5520240506030004/?pageType=odds,2026-10-08T02:15:03.794587+00:00
5520240506030005,2024-05-08,和歌山競輪,F2,A3 challenge,5,チャレンジ決勝,12:35,12:30,7,https://keirin.kdreams.jp/wakayama/racedetail/5520240506030005/?pageType=odds,2026-10-08T02:15:06.235827+00:00
3620240506030001,2024-05-08,小田原競輪,F2,A3 challenge,1,チャレンジ一般,08:30,08:25,5,https://keirin.kdreams.jp/odawara/racedetail/3620240506030001/?pageType=odds,2026-10-08T02:14:25.073288+00:00
3620240506030002,2024-05-08,小田原競輪,F2,A3 challenge,2,チャレンジ一般,08:50,08:45,5,https://keirin.kdreams.jp/odawara/racedetail/3620240506030002/?pageType=odds,2026-10-08T02:14:27.099293+00:00
3620240506030003,2024-05-08,小田原競輪,F2,A3 challenge,3,チャレンジ選抜,09:10,09:05,7,https://keirin.kdreams.jp/odawara/racedetail/3620240506030003/?pageType=odds,2026-10-08T02:14:29.177139+00:00
3620240506030004,2024-05-08,小田原競輪,F2,A3 challenge,4,チャレンジ選抜,09:30,09:25,7,https://keirin.kdreams.jp/odawara/racedetail/3620240506030004/?pageType=odds,2026-10-08T02:14:31.226750+00:00
3620240506030005,2024-05-08,小田原競輪,F2,A3 challenge,5,チャレンジ決勝,09:50,09:45,7,https://keirin.kdreams.jp/odawara/racedetail/3620240506030005/?pageType=odds,2026-10-08T02:14:33.449254+00:00
5420240508020001,2024-05-09,向日町競輪,F2,A3 challenge,1,チャレンジ一般,20:50,20:45,6,https://keirin.kdreams.jp/mukomachi/racedetail/5420240508020001/?pageType=odds,2026-10-08T02:15:17.198504+00:00
5420240508020002,2024-05-09,向日町競輪,F2,A3 challenge,2,チャレンジ一般,21:10,21:05,7,https://keirin.kdreams.jp/mukomachi/racedetail/5420240508020002/?pageType=odds,2026-10-08T02:15:19.378656+00:00
5420240508020005,2024-05-09,向日町競輪,F2,A3 challenge,5,チャレンジ準決勝,22:10,22:05,7,https://keirin.kdreams.jp/mukomachi/racedetail/5420240508020005/?pageType=odds,2026-10-08T02:15:21.469097+00:00
5420240508020006,2024-05-09,向日町競輪,F2,A3 challenge,6,チャレンジ準決勝,22:30,22:25,7,https://keirin.kdreams.jp/mukomachi/racedetail/5420240508020006/?pageType=odds,2026-10-08T02:15:23.548116+00:00
7120240509010001,2024-05-09,高松競輪,F2,A3 challenge,1,チャレンジ予選,08:30,08:25,7,https://keirin.kdreams.jp/takamatsu/racedetail/7120240509010001/?pageType=odds,2026-10-08T02:15:34.888310+00:00
7120240509010002,2024-05-09,高松競輪,F2,A3 challenge,2,チャレンジ予選,08:50,08:45,7,https://keirin.kdreams.jp/takamatsu/racedetail/7120240509010002/?pageType=odds,2026-10-08T02:15:36.917568+00:00
7120240509010003,2024-05-09,高松競輪,F2,A3 challenge,3,チャレンジ予選,09:10,09:05,7,https://keirin.kdreams.jp/takamatsu/racedetail/7120240509010003/?pageType=odds,2026-10-08T02:15:39.118265+00:00
7120240509010004,2024-05-09,高松競輪,F2,A3 challenge,4,チャレンジ予選,09:30,09:25,7,https://keirin.kdreams.jp/takamatsu/racedetail/7120240509010004/?pageType=odds,2026-10-08T02:15:41.764735+00:00
7120240509010005,2024-05-09,高松競輪,F2,A3 challenge,5,チャレンジ予選,09:50,09:45,7,https://keirin.kdreams.jp/takamatsu/racedetail/7120240509010005/?pageType=odds,2026-10-08T02:15:43.677818+00:00
5420240508030001,2024-05-10,向日町競輪,F2,A3 challenge,1,チャレンジ一般,20:50,20:45,6,https://keirin.kdreams.jp/mukomachi/racedetail/5420240508030001/?pageType=odds,2026-10-08T02:15:25.788373+00:00
5420240508030002,2024-05-10,向日町競輪,F2,A3 challenge,2,チャレンジ一般,21:10,21:05,6,https://keirin.kdreams.jp/mukomachi/racedetail/5420240508030002/?pageType=odds,2026-10-08T02:15:27.854137+00:00
5420240508030003,2024-05-10,向日町競輪,F2,A3 challenge,3,チャレンジ選抜,21:30,21:25,7,https://keirin.kdreams.jp/mukomachi/racedetail/5420240508030003/?pageType=odds,2026-10-08T02:15:30.088334+00:00
5420240508030008,2024-05-10,向日町競輪,F2,A3 challenge,8,チャレンジ決勝,23:10,23:05,7,https://keirin.kdreams.jp/mukomachi/racedetail/5420240508030008/?pageType=odds,2026-10-08T02:15:32.185083+00:00
7120240509020001,2024-05-10,高松競輪,F2,A3 challenge,1,チャレンジ一般,08:30,08:25,7,https://keirin.kdreams.jp/takamatsu/racedetail/7120240509020001/?pageType=odds,2026-10-08T02:15:45.717705+00:00
7120240509020002,2024-05-10,高松競輪,F2,A3 challenge,2,チャレンジ一般,08:50,08:45,7,https://keirin.kdreams.jp/takamatsu/racedetail/7120240509020002/?pageType=odds,2026-10-08T02:15:47.726090+00:00
7120240509020003,2024-05-10,高松競輪,F2,A3 challenge,3,チャレンジ準決勝,09:10,09:05,7,https://keirin.kdreams.jp/takamatsu/racedetail/7120240509020003/?pageType=odds,2026-10-08T02:15:49.772622+00:00
7120240509020004,2024-05-10,高松競輪,F2,A3 challenge,4,チャレンジ準決勝,09:30,09:25,7,https://keirin.kdreams.jp/takamatsu/racedetail/7120240509020004/?pageType=odds,2026-10-08T02:15:51.894713+00:00
7120240509020005,2024-05-10,高松競輪,F2,A3 challenge,5,チャレンジ準決勝,09:50,09:45,7,https://keirin.kdreams.jp/takamatsu/racedetail/7120240509020005/?pageType=odds,2026-10-08T02:15:54.175623+00:00
1220240511010001,2024-05-11,青森競輪,F2,A3 challenge,1,チャレンジ予選,08:40,08:35,7,https://keirin.kdreams.jp/aomori/racedetail/1220240511010001/?pageType=odds,2026-10-08T02:16:07.423008+00:00
1220240511010002,2024-05-11,青森競輪,F2,A3 challenge,2,チャレンジ予選,09:00,08:55,7,https://keirin.kdreams.jp/aomori/racedetail/1220240511010002/?pageType=odds,2026-10-08T02:16:09.645700+00:00
1220240511010003,2024-05-11,青森競輪,F2,A3 challenge,3,チャレンジ予選,09:20,09:15,7,https://keirin.kdreams.jp/aomori/racedetail/1220240511010003/?pageType=odds,2026-10-08T02:16:11.675238+00:00
1220240511010004,2024-05-11,青森競輪,F2,A3 challenge,4,チャレンジ予選,09:40,09:35,7,https://keirin.kdreams.jp/aomori/racedetail/1220240511010004/?pageType=odds,2026-10-08T02:16:13.715770+00:00
1220240511010005,2024-05-11,青森競輪,F2,A3 challenge,5,チャレンジ予選,10:00,09:55,7,https://keirin.kdreams.jp/aomori/racedetail/1220240511010005/?pageType=odds,2026-10-08T02:16:15.652811+00:00
1220240511010006,2024-05-11,青森競輪,F2,A3 challenge,6,チャレンジ予選,10:20,10:15,7,https://keirin.kdreams.jp/aomori/racedetail/1220240511010006/?pageType=odds,2026-10-08T02:16:17.619688+00:00
1220240511010007,2024-05-11,青森競輪,F2,A3 challenge,7,チャレンジ予選,10:40,10:35,7,https://keirin.kdreams.jp/aomori/racedetail/1220240511010007/?pageType=odds,2026-10-08T02:16:19.548190+00:00
7120240509030001,2024-05-11,高松競輪,F2,A3 challenge,1,チャレンジ一般,08:30,08:25,6,https://keirin.kdreams.jp/takamatsu/racedetail/7120240509030001/?pageType=odds,2026-10-08T02:15:56.431830+00:00
7120240509030002,2024-05-11,高松競輪,F2,A3 challenge,2,チャレンジ一般,08:50,08:45,7,https://keirin.kdreams.jp/takamatsu/racedetail/7120240509030002/?pageType=odds,2026-10-08T02:15:58.723382+00:00
7120240509030003,2024-05-11,高松競輪,F2,A3 challenge,3,チャレンジ選抜,09:10,09:05,7,https://keirin.kdreams.jp/takamatsu/racedetail/7120240509030003/?pageType=odds,2026-10-08T02:16:00.711609+00:00
7120240509030004,2024-05-11,高松競輪,F2,A3 challenge,4,チャレンジ選抜,09:30,09:25,7,https://keirin.kdreams.jp/takamatsu/racedetail/7120240509030004/?pageType=odds,2026-10-08T02:16:02.957915+00:00
7120240509030011,2024-05-11,高松競輪,F2,A3 challenge,11,チャレンジ決勝,12:15,12:10,7,https://keirin.kdreams.jp/takamatsu/racedetail/7120240509030011/?pageType=odds,2026-10-08T02:16:05.099026+00:00
4620240512010001,2024-05-12,富山競輪,F2,A3 challenge,1,チャレンジ予選,10:28,10:23,7,https://keirin.kdreams.jp/toyama/racedetail/4620240512010001/?pageType=odds,2026-10-08T02:16:51.879202+00:00
4620240512010002,2024-05-12,富山競輪,F2,A3 challenge,2,チャレンジ予選,10:54,10:49,7,https://keirin.kdreams.jp/toyama/racedetail/4620240512010002/?pageType=odds,2026-10-08T02:16:54.035879+00:00
4620240512010003,2024-05-12,富山競輪,F2,A3 challenge,3,チャレンジ予選,11:20,11:15,7,https://keirin.kdreams.jp/toyama/racedetail/4620240512010003/?pageType=odds,2026-10-08T02:16:56.309952+00:00
4620240512010004,2024-05-12,富山競輪,F2,A3 challenge,4,チャレンジ予選,11:46,11:41,7,https://keirin.kdreams.jp/toyama/racedetail/4620240512010004/?pageType=odds,2026-10-08T02:16:58.436146+00:00
4620240512010005,2024-05-12,富山競輪,F2,A3 challenge,5,チャレンジ予選,12:14,12:09,7,https://keirin.kdreams.jp/toyama/racedetail/4620240512010005/?pageType=odds,2026-10-08T02:17:00.581268+00:00
1220240511020001,2024-05-12,青森競輪,F2,A3 challenge,1,チャレンジ一般,08:30,08:25,7,https://keirin.kdreams.jp/aomori/racedetail/1220240511020001/?pageType=odds,2026-10-08T02:16:21.637511+00:00
1220240511020002,2024-05-12,青森競輪,F2,A3 challenge,2,チャレンジ一般,08:50,08:45,7,https://keirin.kdreams.jp/aomori/racedetail/1220240511020002/?pageType=odds,2026-10-08T02:16:23.684995+00:00
1220240511020003,2024-05-12,青森競輪,F2,A3 challenge,3,チャレンジ選抜,09:10,09:05,7,https://keirin.kdreams.jp/aomori/racedetail/1220240511020003/?pageType=odds,2026-10-08T02:16:25.937017+00:00
1220240511020004,2024-05-12,青森競輪,F2,A3 challenge,4,チャレンジ選抜,09:30,09:25,7,https://keirin.kdreams.jp/aomori/racedetail/1220240511020004/?pageType=odds,2026-10-08T02:16:27.883005+00:00
1220240511020005,2024-05-12,青森競輪,F2,A3 challenge,5,チャレンジ準決勝,09:50,09:45,7,https://keirin.kdreams.jp/aomori/racedetail/1220240511020005/?pageType=odds,2026-10-08T02:16:30.316528+00:00
1220240511020006,2024-05-12,青森競輪,F2,A3 challenge,6,チャレンジ準決勝,10:10,10:05,7,https://keirin.kdreams.jp/aomori/racedetail/1220240511020006/?pageType=odds,2026-10-08T02:16:32.294751+00:00
1220240511020007,2024-05-12,青森競輪,F2,A3 challenge,7,チャレンジ準決勝,10:30,10:25,7,https://keirin.kdreams.jp/aomori/racedetail/1220240511020007/?pageType=odds,2026-10-08T02:16:34.330181+00:00
4620240512020001,2024-05-13,富山競輪,F2,A3 challenge,1,チャレンジ一般,10:28,10:23,6,https://keirin.kdreams.jp/toyama/racedetail/4620240512020001/?pageType=odds,2026-10-08T02:17:02.509954+00:00
4620240512020002,2024-05-13,富山競輪,F2,A3 challenge,2,チャレンジ一般,10:54,10:49,7,https://keirin.kdreams.jp/toyama/racedetail/4620240512020002/?pageType=odds,2026-10-08T02:17:04.533863+00:00
4620240512020003,2024-05-13,富山競輪,F2,A3 challenge,3,チャレンジ準決勝,11:20,11:15,7,https://keirin.kdreams.jp/toyama/racedetail/4620240512020003/?pageType=odds,2026-10-08T02:17:06.514663+00:00
4620240512020004,2024-05-13,富山競輪,F2,A3 challenge,4,チャレンジ準決勝,11:46,11:41,7,https://keirin.kdreams.jp/toyama/racedetail/4620240512020004/?pageType=odds,2026-10-08T02:17:08.496052+00:00
4620240512020005,2024-05-13,富山競輪,F2,A3 challenge,5,チャレンジ準決勝,12:14,12:09,7,https://keirin.kdreams.jp/toyama/racedetail/4620240512020005/?pageType=odds,2026-10-08T02:17:10.625317+00:00
1220240511030001,2024-05-13,青森競輪,F2,A3 challenge,1,チャレンジ一般,08:30,08:25,7,https://keirin.kdreams.jp/aomori/racedetail/1220240511030001/?pageType=odds,2026-10-08T02:16:36.672624+00:00
1220240511030002,2024-05-13,青森競輪,F2,A3 challenge,2,チャレンジ一般,08:50,08:45,7,https://keirin.kdreams.jp/aomori/racedetail/1220240511030002/?pageType=odds,2026-10-08T02:16:38.736584+00:00
1220240511030003,2024-05-13,青森競輪,F2,A3 challenge,3,チャレンジ一般,09:10,09:05,7,https://keirin.kdreams.jp/aomori/racedetail/1220240511030003/?pageType=odds,2026-10-08T02:16:41.006135+00:00
1220240511030004,2024-05-13,青森競輪,F2,A3 challenge,4,チャレンジ選抜,09:30,09:25,7,https://keirin.kdreams.jp/aomori/racedetail/1220240511030004/?pageType=odds,2026-10-08T02:16:43.447313+00:00
1220240511030005,2024-05-13,青森競輪,F2,A3 challenge,5,チャレンジ選抜,09:50,09:45,7,https://keirin.kdreams.jp/aomori/racedetail/1220240511030005/?pageType=odds,2026-10-08T02:16:45.514450+00:00
1220240511030006,2024-05-13,青森競輪,F2,A3 challenge,6,チャレンジ選抜,10:10,10:05,7,https://keirin.kdreams.jp/aomori/racedetail/1220240511030006/?pageType=odds,2026-10-08T02:16:47.636296+00:00
1220240511030007,2024-05-13,青森競輪,F2,A3 challenge,7,チャレンジ決勝,10:30,10:25,7,https://keirin.kdreams.jp/aomori/racedetail/1220240511030007/?pageType=odds,2026-10-08T02:16:49.802996+00:00
2520240514010001,2024-05-14,大宮競輪,F2,A3 challenge,1,チャレンジ予選,08:30,08:25,7,https://keirin.kdreams.jp/omiya/racedetail/2520240514010001/?pageType=odds,2026-10-08T02:17:23.048609+00:00
2520240514010002,2024-05-14,大宮競輪,F2,A3 challenge,2,チャレンジ予選,08:50,08:45,7,https://keirin.kdreams.jp/omiya/racedetail/2520240514010002/?pageType=odds,2026-10-08T02:17:25.155499+00:00
2520240514010003,2024-05-14,大宮競輪,F2,A3 challenge,3,チャレンジ予選,09:10,09:05,7,https://keirin.kdreams.jp/omiya/racedetail/2520240514010003/?pageType=odds,2026-10-08T02:17:27.201746+00:00
2520240514010004,2024-05-14,大宮競輪,F2,A3 challenge,4,チャレンジ予選,09:30,09:25,7,https://keirin.kdreams.jp/omiya/racedetail/2520240514010004/?pageType=odds,2026-10-08T02:17:29.239119+00:00
2520240514010005,2024-05-14,大宮競輪,F2,A3 challenge,5,チャレンジ予選,09:50,09:45,7,https://keirin.kdreams.jp/omiya/racedetail/2520240514010005/?pageType=odds,2026-10-08T02:17:31.237561+00:00
4620240512030001,2024-05-14,富山競輪,F2,A3 challenge,1,チャレンジ一般,10:28,10:23,5,https://keirin.kdreams.jp/toyama/racedetail/4620240512030001/?pageType=odds,2026-10-08T02:17:12.742001+00:00
4620240512030002,2024-05-14,富山競輪,F2,A3 challenge,2,チャレンジ一般,10:54,10:49,5,https://keirin.kdreams.jp/toyama/racedetail/4620240512030002/?pageType=odds,2026-10-08T02:17:14.585466+00:00
4620240512030003,2024-05-14,富山競輪,F2,A3 challenge,3,チャレンジ選抜,11:20,11:15,5,https://keirin.kdreams.jp/toyama/racedetail/4620240512030003/?pageType=odds,2026-10-08T02:17:16.655039+00:00
4620240512030004,2024-05-14,富山競輪,F2,A3 challenge,4,チャレンジ選抜,11:46,11:41,6,https://keirin.kdreams.jp/toyama/racedetail/4620240512030004/?pageType=odds,2026-10-08T02:17:18.651989+00:00
4620240512030010,2024-05-14,富山競輪,F2,A3 challenge,10,チャレンジ決勝,14:46,14:41,7,https://keirin.kdreams.jp/toyama/racedetail/4620240512030010/?pageType=odds,2026-10-08T02:17:20.648921+00:00
2520240514020001,2024-05-15,大宮競輪,F2,A3 challenge,1,チャレンジ一般,08:30,08:25,7,https://keirin.kdreams.jp/omiya/racedetail/2520240514020001/?pageType=odds,2026-10-08T02:17:33.150762+00:00
2520240514020002,2024-05-15,大宮競輪,F2,A3 challenge,2,チャレンジ一般,08:50,08:45,7,https://keirin.kdreams.jp/omiya/racedetail/2520240514020002/?pageType=odds,2026-10-08T02:17:35.298696+00:00
2520240514020003,2024-05-15,大宮競輪,F2,A3 challenge,3,チャレンジ準決勝,09:10,09:05,7,https://keirin.kdreams.jp/omiya/racedetail/2520240514020003/?pageType=odds,2026-10-08T02:17:37.399378+00:00
2520240514020004,2024-05-15,大宮競輪,F2,A3 challenge,4,チャレンジ準決勝,09:30,09:25,7,https://keirin.kdreams.jp/omiya/racedetail/2520240514020004/?pageType=odds,2026-10-08T02:17:39.380757+00:00
2520240514020005,2024-05-15,大宮競輪,F2,A3 challenge,5,チャレンジ準決勝,09:50,09:45,7,https://keirin.kdreams.jp/omiya/racedetail/2520240514020005/?pageType=odds,2026-10-08T02:17:41.469682+00:00
8620240516010001,2024-05-16,別府競輪,F2,A3 challenge,1,チャレンジ予選,08:40,08:35,7,https://keirin.kdreams.jp/beppu/racedetail/8620240516010001/?pageType=odds,2026-10-08T02:17:54.676676+00:00
8620240516010002,2024-05-16,別府競輪,F2,A3 challenge,2,チャレンジ予選,09:00,08:55,7,https://keirin.kdreams.jp/beppu/racedetail/8620240516010002/?pageType=odds,2026-10-08T02:17:56.730994+00:00
8620240516010003,2024-05-16,別府競輪,F2,A3 challenge,3,チャレンジ予選,09:20,09:15,7,https://keirin.kdreams.jp/beppu/racedetail/8620240516010003/?pageType=odds,2026-10-08T02:17:58.619491+00:00
8620240516010004,2024-05-16,別府競輪,F2,A3 challenge,4,チャレンジ予選,09:40,09:35,7,https://keirin.kdreams.jp/beppu/racedetail/8620240516010004/?pageType=odds,2026-10-08T02:18:00.725688+00:00
8620240516010005,2024-05-16,別府競輪,F2,A3 challenge,5,チャレンジ予選,10:00,09:55,7,https://keirin.kdreams.jp/beppu/racedetail/8620240516010005/?pageType=odds,2026-10-08T02:18:02.610058+00:00
2520240514030001,2024-05-16,大宮競輪,F2,A3 challenge,1,チャレンジ一般,08:30,08:25,6,https://keirin.kdreams.jp/omiya/racedetail/2520240514030001/?pageType=odds,2026-10-08T02:17:43.591363+00:00
2520240514030002,2024-05-16,大宮競輪,F2,A3 challenge,2,チャレンジ一般,08:50,08:45,7,https://keirin.kdreams.jp/omiya/racedetail/2520240514030002/?pageType=odds,2026-10-08T02:17:45.679803+00:00
2520240514030003,2024-05-16,大宮競輪,F2,A3 challenge,3,チャレンジ選抜,09:10,09:05,7,https://keirin.kdreams.jp/omiya/racedetail/2520240514030003/?pageType=odds,2026-10-08T02:17:48.070951+00:00
2520240514030004,2024-05-16,大宮競輪,F2,A3 challenge,4,チャレンジ選抜,09:30,09:25,7,https://keirin.kdreams.jp/omiya/racedetail/2520240514030004/?pageType=odds,2026-10-08T02:17:50.164238+00:00
2520240514030010,2024-05-16,大宮競輪,F2,A3 challenge,10,チャレンジ決勝,11:50,11:45,7,https://keirin.kdreams.jp/omiya/racedetail/2520240514030010/?pageType=odds,2026-10-08T02:17:52.502857+00:00
8320240517010001,2024-05-17,久留米競輪,F2,A3 challenge,1,チャレンジ予選,20:47,20:42,7,https://keirin.kdreams.jp/kurume/racedetail/8320240517010001/?pageType=odds,2026-10-08T02:19:10.626746+00:00
8320240517010002,2024-05-17,久留米競輪,F2,A3 challenge,2,チャレンジ予選,21:12,21:07,7,https://keirin.kdreams.jp/kurume/racedetail/8320240517010002/?pageType=odds,2026-10-08T02:19:12.828199+00:00
8320240517010003,2024-05-17,久留米競輪,F2,A3 challenge,3,チャレンジ予選,21:37,21:32,7,https://keirin.kdreams.jp/kurume/racedetail/8320240517010003/?pageType=odds,2026-10-08T02:19:14.805255+00:00
8320240517010004,2024-05-17,久留米競輪,F2,A3 challenge,4,チャレンジ予選,22:02,21:57,7,https://keirin.kdreams.jp/kurume/racedetail/8320240517010004/?pageType=odds,2026-10-08T02:19:16.831700+00:00
8320240517010005,2024-05-17,久留米競輪,F2,A3 challenge,5,チャレンジ予選,22:27,22:22,7,https://keirin.kdreams.jp/kurume/racedetail/8320240517010005/?pageType=odds,2026-10-08T02:19:19.563991+00:00
8320240517010006,2024-05-17,久留米競輪,F2,A3 challenge,6,チャレンジ予選,22:52,22:47,7,https://keirin.kdreams.jp/kurume/racedetail/8320240517010006/?pageType=odds,2026-10-08T02:19:21.704330+00:00
8320240517010007,2024-05-17,久留米競輪,F2,A3 challenge,7,チャレンジ予選,23:17,23:12,7,https://keirin.kdreams.jp/kurume/racedetail/8320240517010007/?pageType=odds,2026-10-08T02:19:23.690290+00:00
8620240516020001,2024-05-17,別府競輪,F2,A3 challenge,1,チャレンジ一般,08:30,08:25,7,https://keirin.kdreams.jp/beppu/racedetail/8620240516020001/?pageType=odds,2026-10-08T02:18:04.612676+00:00
8620240516020002,2024-05-17,別府競輪,F2,A3 challenge,2,チャレンジ一般,08:50,08:45,7,https://keirin.kdreams.jp/beppu/racedetail/8620240516020002/?pageType=odds,2026-10-08T02:18:06.408600+00:00
8620240516020003,2024-05-17,別府競輪,F2,A3 challenge,3,チャレンジ準決勝,09:10,09:05,7,https://keirin.kdreams.jp/beppu/racedetail/8620240516020003/?pageType=odds,2026-10-08T02:18:08.712596+00:00
8620240516020004,2024-05-17,別府競輪,F2,A3 challenge,4,チャレンジ準決勝,09:30,09:25,7,https://keirin.kdreams.jp/beppu/racedetail/8620240516020004/?pageType=odds,2026-10-08T02:18:10.689710+00:00
8620240516020005,2024-05-17,別府競輪,F2,A3 challenge,5,チャレンジ準決勝,09:50,09:45,7,https://keirin.kdreams.jp/beppu/racedetail/8620240516020005/?pageType=odds,2026-10-08T02:18:12.944088+00:00
4320240517010001,2024-05-17,岐阜競輪,F2,A3 challenge,1,チャレンジ予選,21:02,20:57,7,https://keirin.kdreams.jp/gifu/racedetail/4320240517010001/?pageType=odds,2026-10-08T02:18:25.603419+00:00
4320240517010002,2024-05-17,岐阜競輪,F2,A3 challenge,2,チャレンジ予選,21:26,21:21,7,https://keirin.kdreams.jp/gifu/racedetail/4320240517010002/?pageType=odds,2026-10-08T02:18:27.489081+00:00
4320240517010003,2024-05-17,岐阜競輪,F2,A3 challenge,3,チャレンジ予選,21:50,21:45,7,https://keirin.kdreams.jp/gifu/racedetail/4320240517010003/?pageType=odds,2026-10-08T02:18:29.544668+00:00
4320240517010004,2024-05-17,岐阜競輪,F2,A3 challenge,4,チャレンジ予選,22:14,22:09,7,https://keirin.kdreams.jp/gifu/racedetail/4320240517010004/?pageType=odds,2026-10-08T02:18:32.197785+00:00
4320240517010005,2024-05-17,岐阜競輪,F2,A3 challenge,5,チャレンジ予選,22:38,22:33,7,https://keirin.kdreams.jp/gifu/racedetail/4320240517010005/?pageType=odds,2026-10-08T02:18:34.508065+00:00
4320240517010006,2024-05-17,岐阜競輪,F2,A3 challenge,6,チャレンジ予選,23:04,22:59,7,https://keirin.kdreams.jp/gifu/racedetail/4320240517010006/?pageType=odds,2026-10-08T02:18:37.330850+00:00
4320240517010007,2024-05-17,岐阜競輪,F2,A3 challenge,7,チャレンジ予選,23:30,23:25,7,https://keirin.kdreams.jp/gifu/racedetail/4320240517010007/?pageType=odds,2026-10-08T02:18:39.229080+00:00
8320240517020001,2024-05-18,久留米競輪,F2,A3 challenge,1,チャレンジ一般,20:47,20:42,7,https://keirin.kdreams.jp/kurume/racedetail/8320240517020001/?pageType=odds,2026-10-08T02:19:25.661823+00:00
8320240517020002,2024-05-18,久留米競輪,F2,A3 challenge,2,チャレンジ一般,21:12,21:07,7,https://keirin.kdreams.jp/kurume/racedetail/8320240517020002/?pageType=odds,2026-10-08T02:19:28.467842+00:00
8320240517020003,2024-05-18,久留米競輪,F2,A3 challenge,3,チャレンジ選抜,21:37,21:32,7,https://keirin.kdreams.jp/kurume/racedetail/8320240517020003/?pageType=odds,2026-10-08T02:19:30.611565+00:00
8320240517020004,2024-05-18,久留米競輪,F2,A3 challenge,4,チャレンジ選抜,22:02,21:57,7,https://keirin.kdreams.jp/kurume/racedetail/8320240517020004/?pageType=odds,2026-10-08T02:19:32.627190+00:00
8320240517020005,2024-05-18,久留米競輪,F2,A3 challenge,5,チャレンジ準決勝,22:27,22:22,7,https://keirin.kdreams.jp/kurume/racedetail/8320240517020005/?pageType=odds,2026-10-08T02:19:34.754974+00:00
8320240517020006,2024-05-18,久留米競輪,F2,A3 challenge,6,チャレンジ準決勝,22:52,22:47,7,https://keirin.kdreams.jp/kurume/racedetail/8320240517020006/?pageType=odds,2026-10-08T02:19:37.021044+00:00
8320240517020007,2024-05-18,久留米競輪,F2,A3 challenge,7,チャレンジ準決勝,23:17,23:12,7,https://keirin.kdreams.jp/kurume/racedetail/8320240517020007/?pageType=odds,2026-10-08T02:19:39.174797+00:00
8620240516030001,2024-05-18,別府競輪,F2,A3 challenge,1,チャレンジ一般,08:30,08:25,6,https://keirin.kdreams.jp/beppu/racedetail/8620240516030001/?pageType=odds,2026-10-08T02:18:14.809644+00:00
8620240516030002,2024-05-18,別府競輪,F2,A3 challenge,2,チャレンジ一般,08:50,08:45,7,https://keirin.kdreams.jp/beppu/racedetail/8620240516030002/?pageType=odds,2026-10-08T02:18:16.763142+00:00
8620240516030003,2024-05-18,別府競輪,F2,A3 challenge,3,チャレンジ選抜,09:10,09:05,7,https://keirin.kdreams.jp/beppu/racedetail/8620240516030003/?pageType=odds,2026-10-08T02:18:18.732623+00:00
8620240516030004,2024-05-18,別府競輪,F2,A3 challenge,4,チャレンジ選抜,09:30,09:25,7,https://keirin.kdreams.jp/beppu/racedetail/8620240516030004/?pageType=odds,2026-10-08T02:18:20.974189+00:00
8620240516030006,2024-05-18,別府競輪,F2,A3 challenge,6,チャレンジ決勝,10:10,10:05,7,https://keirin.kdreams.jp/beppu/racedetail/8620240516030006/?pageType=odds,2026-10-08T02:18:23.247665+00:00
4320240517020001,2024-05-18,岐阜競輪,F2,A3 challenge,1,チャレンジ一般,21:02,20:57,6,https://keirin.kdreams.jp/gifu/racedetail/4320240517020001/?pageType=odds,2026-10-08T02:18:41.043123+00:00
4320240517020002,2024-05-18,岐阜競輪,F2,A3 challenge,2,チャレンジ一般,21:26,21:21,7,https://keirin.kdreams.jp/gifu/racedetail/4320240517020002/?pageType=odds,2026-10-08T02:18:42.968717+00:00
4320240517020003,2024-05-18,岐阜競輪,F2,A3 challenge,3,チャレンジ選抜,21:50,21:45,7,https://keirin.kdreams.jp/gifu/racedetail/4320240517020003/?pageType=odds,2026-10-08T02:18:44.946792+00:00
4320240517020004,2024-05-18,岐阜競輪,F2,A3 challenge,4,チャレンジ選抜,22:14,22:09,7,https://keirin.kdreams.jp/gifu/racedetail/4320240517020004/?pageType=odds,2026-10-08T02:18:47.403144+00:00
4320240517020005,2024-05-18,岐阜競輪,F2,A3 challenge,5,チャレンジ準決勝,22:38,22:33,7,https://keirin.kdreams.jp/gifu/racedetail/4320240517020005/?pageType=odds,2026-10-08T02:18:49.538880+00:00
4320240517020006,2024-05-18,岐阜競輪,F2,A3 challenge,6,チャレンジ準決勝,23:04,22:59,7,https://keirin.kdreams.jp/gifu/racedetail/4320240517020006/?pageType=odds,2026-10-08T02:18:51.612223+00:00
4320240517020007,2024-05-18,岐阜競輪,F2,A3 challenge,7,チャレンジ準決勝,23:30,23:25,7,https://keirin.kdreams.jp/gifu/racedetail/4320240517020007/?pageType=odds,2026-10-08T02:18:53.512024+00:00
8320240517030001,2024-05-19,久留米競輪,F2,A3 challenge,1,チャレンジ一般,20:47,20:42,7,https://keirin.kdreams.jp/kurume/racedetail/8320240517030001/?pageType=odds,2026-10-08T02:19:41.200968+00:00
8320240517030002,2024-05-19,久留米競輪,F2,A3 challenge,2,チャレンジ一般,21:12,21:07,7,https://keirin.kdreams.jp/kurume/racedetail/8320240517030002/?pageType=odds,2026-10-08T02:19:43.359195+00:00
8320240517030003,2024-05-19,久留米競輪,F2,A3 challenge,3,チャレンジ一般,21:37,21:32,7,https://keirin.kdreams.jp/kurume/racedetail/8320240517030003/?pageType=odds,2026-10-08T02:19:46.703792+00:00
8320240517030004,2024-05-19,久留米競輪,F2,A3 challenge,4,チャレンジ選抜,22:02,21:57,7,https://keirin.kdreams.jp/kurume/racedetail/8320240517030004/?pageType=odds,2026-10-08T02:19:50.032948+00:00
8320240517030005,2024-05-19,久留米競輪,F2,A3 challenge,5,チャレンジ選抜,22:27,22:22,7,https://keirin.kdreams.jp/kurume/racedetail/8320240517030005/?pageType=odds,2026-10-08T02:19:52.530885+00:00
8320240517030006,2024-05-19,久留米競輪,F2,A3 challenge,6,チャレンジ選抜,22:52,22:47,7,https://keirin.kdreams.jp/kurume/racedetail/8320240517030006/?pageType=odds,2026-10-08T02:19:54.994522+00:00
8320240517030007,2024-05-19,久留米競輪,F2,A3 challenge,7,チャレンジ決勝,23:17,23:12,7,https://keirin.kdreams.jp/kurume/racedetail/8320240517030007/?pageType=odds,2026-10-08T02:19:57.256904+00:00
4420240519010001,2024-05-19,大垣競輪,F2,A3 challenge,1,チャレンジ予選,11:11,11:06,6,https://keirin.kdreams.jp/ogaki/racedetail/4420240519010001/?pageType=odds,2026-10-08T02:19:59.136973+00:00
4420240519010002,2024-05-19,大垣競輪,F2,A3 challenge,2,チャレンジ予選,11:39,11:34,7,https://keirin.kdreams.jp/ogaki/racedetail/4420240519010002/?pageType=odds,2026-10-08T02:20:01.401841+00:00
4420240519010003,2024-05-19,大垣競輪,F2,A3 challenge,3,チャレンジ予選,12:07,12:02,7,https://keirin.kdreams.jp/ogaki/racedetail/4420240519010003/?pageType=odds,2026-10-08T02:20:03.802141+00:00
4420240519010004,2024-05-19,大垣競輪,F2,A3 challenge,4,チャレンジ予選,12:35,12:30,7,https://keirin.kdreams.jp/ogaki/racedetail/4420240519010004/?pageType=odds,2026-10-08T02:20:05.973085+00:00
4420240519010005,2024-05-19,大垣競輪,F2,A3 challenge,5,チャレンジ予選,13:03,12:58,7,https://keirin.kdreams.jp/ogaki/racedetail/4420240519010005/?pageType=odds,2026-10-08T02:20:08.104806+00:00
4320240517030001,2024-05-19,岐阜競輪,F2,A3 challenge,1,チャレンジ一般,21:02,20:57,5,https://keirin.kdreams.jp/gifu/racedetail/4320240517030001/?pageType=odds,2026-10-08T02:18:55.266489+00:00
4320240517030002,2024-05-19,岐阜競輪,F2,A3 challenge,2,チャレンジ一般,21:26,21:21,5,https://keirin.kdreams.jp/gifu/racedetail/4320240517030002/?pageType=odds,2026-10-08T02:18:57.272088+00:00
4320240517030003,2024-05-19,岐阜競輪,F2,A3 challenge,3,チャレンジ一般,21:50,21:45,5,https://keirin.kdreams.jp/gifu/racedetail/4320240517030003/?pageType=odds,2026-10-08T02:18:59.187357+00:00
4320240517030004,2024-05-19,岐阜競輪,F2,A3 challenge,4,チャレンジ選抜,22:14,22:09,6,https://keirin.kdreams.jp/gifu/racedetail/4320240517030004/?pageType=odds,2026-10-08T02:19:01.300904+00:00
4320240517030005,2024-05-19,岐阜競輪,F2,A3 challenge,5,チャレンジ選抜,22:38,22:33,7,https://keirin.kdreams.jp/gifu/racedetail/4320240517030005/?pageType=odds,2026-10-08T02:19:03.275031+00:00
4320240517030006,2024-05-19,岐阜競輪,F2,A3 challenge,6,チャレンジ選抜,23:04,22:59,7,https://keirin.kdreams.jp/gifu/racedetail/4320240517030006/?pageType=odds,2026-10-08T02:19:05.681837+00:00
4320240517030007,2024-05-19,岐阜競輪,F2,A3 challenge,7,チャレンジ決勝,23:30,23:25,7,https://keirin.kdreams.jp/gifu/racedetail/4320240517030007/?pageType=odds,2026-10-08T02:19:08.322868+00:00
8420240519010001,2024-05-19,武雄競輪,F2,A3 challenge,1,チャレンジ予選,08:30,08:25,7,https://keirin.kdreams.jp/takeo/racedetail/8420240519010001/?pageType=odds,2026-10-08T02:20:31.296547+00:00
8420240519010002,2024-05-19,武雄競輪,F2,A3 challenge,2,チャレンジ予選,08:50,08:45,7,https://keirin.kdreams.jp/takeo/racedetail/8420240519010002/?pageType=odds,2026-10-08T02:20:33.358968+00:00
8420240519010003,2024-05-19,武雄競輪,F2,A3 challenge,3,チャレンジ予選,09:10,09:05,7,https://keirin.kdreams.jp/takeo/racedetail/8420240519010003/?pageType=odds,2026-10-08T02:20:35.405369+00:00
8420240519010004,2024-05-19,武雄競輪,F2,A3 challenge,4,チャレンジ予選,09:30,09:25,7,https://keirin.kdreams.jp/takeo/racedetail/8420240519010004/?pageType=odds,2026-10-08T02:20:37.388167+00:00
8420240519010005,2024-05-19,武雄競輪,F2,A3 challenge,5,チャレンジ予選,09:50,09:45,7,https://keirin.kdreams.jp/takeo/racedetail/8420240519010005/?pageType=odds,2026-10-08T02:20:39.395179+00:00
8420240519010006,2024-05-19,武雄競輪,F2,A3 challenge,6,チャレンジ予選,10:10,10:05,7,https://keirin.kdreams.jp/takeo/racedetail/8420240519010006/?pageType=odds,2026-10-08T02:20:41.412068+00:00
8420240519010007,2024-05-19,武雄競輪,F2,A3 challenge,7,チャレンジ予選,10:30,10:25,7,https://keirin.kdreams.jp/takeo/racedetail/8420240519010007/?pageType=odds,2026-10-08T02:20:43.454248+00:00
4420240519020001,2024-05-20,大垣競輪,F2,A3 challenge,1,チャレンジ一般,11:11,11:06,5,https://keirin.kdreams.jp/ogaki/racedetail/4420240519020001/?pageType=odds,2026-10-08T02:20:10.032973+00:00
4420240519020002,2024-05-20,大垣競輪,F2,A3 challenge,2,チャレンジ一般,11:39,11:34,6,https://keirin.kdreams.jp/ogaki/racedetail/4420240519020002/?pageType=odds,2026-10-08T02:20:12.511766+00:00
4420240519020003,2024-05-20,大垣競輪,F2,A3 challenge,3,チャレンジ準決勝,12:07,12:02,7,https://keirin.kdreams.jp/ogaki/racedetail/4420240519020003/?pageType=odds,2026-10-08T02:20:14.739837+00:00
4420240519020004,2024-05-20,大垣競輪,F2,A3 challenge,4,チャレンジ準決勝,12:35,12:30,7,https://keirin.kdreams.jp/ogaki/racedetail/4420240519020004/?pageType=odds,2026-10-08T02:20:16.978761+00:00
4420240519020005,2024-05-20,大垣競輪,F2,A3 challenge,5,チャレンジ準決勝,13:03,12:58,7,https://keirin.kdreams.jp/ogaki/racedetail/4420240519020005/?pageType=odds,2026-10-08T02:20:19.202763+00:00
5320240520010001,2024-05-20,奈良競輪,F2,A3 challenge,1,チャレンジ予選,08:40,08:35,7,https://keirin.kdreams.jp/nara/racedetail/5320240520010001/?pageType=odds,2026-10-08T02:21:14.393802+00:00
5320240520010002,2024-05-20,奈良競輪,F2,A3 challenge,2,チャレンジ予選,09:00,08:55,7,https://keirin.kdreams.jp/nara/racedetail/5320240520010002/?pageType=odds,2026-10-08T02:21:16.705461+00:00
5320240520010003,2024-05-20,奈良競輪,F2,A3 challenge,3,チャレンジ予選,09:20,09:15,7,https://keirin.kdreams.jp/nara/racedetail/5320240520010003/?pageType=odds,2026-10-08T02:21:18.601945+00:00
5320240520010004,2024-05-20,奈良競輪,F2,A3 challenge,4,チャレンジ予選,09:40,09:35,7,https://keirin.kdreams.jp/nara/racedetail/5320240520010004/?pageType=odds,2026-10-08T02:21:20.668056+00:00
5320240520010005,2024-05-20,奈良競輪,F2,A3 challenge,5,チャレンジ予選,10:00,09:55,7,https://keirin.kdreams.jp/nara/racedetail/5320240520010005/?pageType=odds,2026-10-08T02:21:22.696149+00:00
8420240519020001,2024-05-20,武雄競輪,F2,A3 challenge,1,チャレンジ一般,08:30,08:25,6,https://keirin.kdreams.jp/takeo/racedetail/8420240519020001/?pageType=odds,2026-10-08T02:20:45.266685+00:00
8420240519020002,2024-05-20,武雄競輪,F2,A3 challenge,2,チャレンジ一般,08:50,08:45,7,https://keirin.kdreams.jp/takeo/racedetail/8420240519020002/?pageType=odds,2026-10-08T02:20:47.285189+00:00
8420240519020003,2024-05-20,武雄競輪,F2,A3 challenge,3,チャレンジ選抜,09:10,09:05,7,https://keirin.kdreams.jp/takeo/racedetail/8420240519020003/?pageType=odds,2026-10-08T02:20:49.399012+00:00
8420240519020004,2024-05-20,武雄競輪,F2,A3 challenge,4,チャレンジ選抜,09:30,09:25,7,https://keirin.kdreams.jp/takeo/racedetail/8420240519020004/?pageType=odds,2026-10-08T02:20:51.350196+00:00
8420240519020005,2024-05-20,武雄競輪,F2,A3 challenge,5,チャレンジ準決勝,09:50,09:45,7,https://keirin.kdreams.jp/takeo/racedetail/8420240519020005/?pageType=odds,2026-10-08T02:20:53.306619+00:00
8420240519020006,2024-05-20,武雄競輪,F2,A3 challenge,6,チャレンジ準決勝,10:10,10:05,7,https://keirin.kdreams.jp/takeo/racedetail/8420240519020006/?pageType=odds,2026-10-08T02:20:55.578195+00:00
8420240519020007,2024-05-20,武雄競輪,F2,A3 challenge,7,チャレンジ準決勝,10:30,10:25,7,https://keirin.kdreams.jp/takeo/racedetail/8420240519020007/?pageType=odds,2026-10-08T02:20:58.244754+00:00
4420240519030001,2024-05-21,大垣競輪,F2,A3 challenge,1,チャレンジ一般,10:59,10:54,5,https://keirin.kdreams.jp/ogaki/racedetail/4420240519030001/?pageType=odds,2026-10-08T02:20:21.384623+00:00
4420240519030002,2024-05-21,大垣競輪,F2,A3 challenge,2,チャレンジ一般,11:27,11:22,6,https://keirin.kdreams.jp/ogaki/racedetail/4420240519030002/?pageType=odds,2026-10-08T02:20:23.277774+00:00
4420240519030003,2024-05-21,大垣競輪,F2,A3 challenge,3,チャレンジ選抜,11:55,11:50,7,https://keirin.kdreams.jp/ogaki/racedetail/4420240519030003/?pageType=odds,2026-10-08T02:20:25.366611+00:00
4420240519030004,2024-05-21,大垣競輪,F2,A3 challenge,4,チャレンジ選抜,12:23,12:18,7,https://keirin.kdreams.jp/ogaki/racedetail/4420240519030004/?pageType=odds,2026-10-08T02:20:27.406223+00:00
4420240519030011,2024-05-21,大垣競輪,F2,A3 challenge,11,チャレンジ決勝,15:41,15:36,7,https://keirin.kdreams.jp/ogaki/racedetail/4420240519030011/?pageType=odds,2026-10-08T02:20:29.385700+00:00
5320240520020001,2024-05-21,奈良競輪,F2,A3 challenge,1,チャレンジ一般,08:40,08:35,7,https://keirin.kdreams.jp/nara/racedetail/5320240520020001/?pageType=odds,2026-10-08T02:21:24.840688+00:00
5320240520020002,2024-05-21,奈良競輪,F2,A3 challenge,2,チャレンジ一般,09:00,08:55,7,https://keirin.kdreams.jp/nara/racedetail/5320240520020002/?pageType=odds,2026-10-08T02:21:26.879738+00:00
5320240520020003,2024-05-21,奈良競輪,F2,A3 challenge,3,チャレンジ準決勝,09:20,09:15,7,https://keirin.kdreams.jp/nara/racedetail/5320240520020003/?pageType=odds,2026-10-08T02:21:28.839413+00:00
5320240520020004,2024-05-21,奈良競輪,F2,A3 challenge,4,チャレンジ準決勝,09:40,09:35,7,https://keirin.kdreams.jp/nara/racedetail/5320240520020004/?pageType=odds,2026-10-08T02:21:30.738708+00:00
5320240520020005,2024-05-21,奈良競輪,F2,A3 challenge,5,チャレンジ準決勝,10:00,09:55,7,https://keirin.kdreams.jp/nara/racedetail/5320240520020005/?pageType=odds,2026-10-08T02:21:32.663876+00:00
8420240519030001,2024-05-21,武雄競輪,F2,A3 challenge,1,チャレンジ一般,08:30,08:25,7,https://keirin.kdreams.jp/takeo/racedetail/8420240519030001/?pageType=odds,2026-10-08T02:21:00.152486+00:00
8420240519030002,2024-05-21,武雄競輪,F2,A3 challenge,2,チャレンジ一般,08:50,08:45,7,https://keirin.kdreams.jp/takeo/racedetail/8420240519030002/?pageType=odds,2026-10-08T02:21:02.676621+00:00
8420240519030003,2024-05-21,武雄競輪,F2,A3 challenge,3,チャレンジ一般,09:10,09:05,7,https://keirin.kdreams.jp/takeo/racedetail/8420240519030003/?pageType=odds,2026-10-08T02:21:04.552721+00:00
8420240519030004,2024-05-21,武雄競輪,F2,A3 challenge,4,チャレンジ選抜,09:30,09:25,7,https://keirin.kdreams.jp/takeo/racedetail/8420240519030004/?pageType=odds,2026-10-08T02:21:06.468561+00:00
8420240519030005,2024-05-21,武雄競輪,F2,A3 challenge,5,チャレンジ選抜,09:50,09:45,7,https://keirin.kdreams.jp/takeo/racedetail/8420240519030005/?pageType=odds,2026-10-08T02:21:08.383956+00:00
8420240519030006,2024-05-21,武雄競輪,F2,A3 challenge,6,チャレンジ選抜,10:10,10:05,7,https://keirin.kdreams.jp/takeo/racedetail/8420240519030006/?pageType=odds,2026-10-08T02:21:10.398627+00:00
8420240519030007,2024-05-21,武雄競輪,F2,A3 challenge,7,チャレンジ決勝,10:30,10:25,7,https://keirin.kdreams.jp/takeo/racedetail/8420240519030007/?pageType=odds,2026-10-08T02:21:12.480877+00:00
5320240520030001,2024-05-22,奈良競輪,F2,A3 challenge,1,チャレンジ一般,08:40,08:35,6,https://keirin.kdreams.jp/nara/racedetail/5320240520030001/?pageType=odds,2026-10-08T02:21:34.563282+00:00
5320240520030002,2024-05-22,奈良競輪,F2,A3 challenge,2,チャレンジ一般,09:00,08:55,7,https://keirin.kdreams.jp/nara/racedetail/5320240520030002/?pageType=odds,2026-10-08T02:21:36.623385+00:00
5320240520030003,2024-05-22,奈良競輪,F2,A3 challenge,3,チャレンジ選抜,09:20,09:15,7,https://keirin.kdreams.jp/nara/racedetail/5320240520030003/?pageType=odds,2026-10-08T02:21:38.657791+00:00
5320240520030004,2024-05-22,奈良競輪,F2,A3 challenge,4,チャレンジ選抜,09:40,09:35,7,https://keirin.kdreams.jp/nara/racedetail/5320240520030004/?pageType=odds,2026-10-08T02:21:41.242896+00:00
5320240520030005,2024-05-22,奈良競輪,F2,A3 challenge,5,チャレンジ決勝,10:00,09:55,7,https://keirin.kdreams.jp/nara/racedetail/5320240520030005/?pageType=odds,2026-10-08T02:21:43.338667+00:00
7520240522010001,2024-05-22,松山競輪,F2,A3 challenge,1,チャレンジ予選,15:25,15:20,7,https://keirin.kdreams.jp/matsuyama/racedetail/7520240522010001/?pageType=odds,2026-10-08T02:21:45.796692+00:00
7520240522010002,2024-05-22,松山競輪,F2,A3 challenge,2,チャレンジ予選,15:50,15:45,7,https://keirin.kdreams.jp/matsuyama/racedetail/7520240522010002/?pageType=odds,2026-10-08T02:21:48.041861+00:00
7520240522010003,2024-05-22,松山競輪,F2,A3 challenge,3,チャレンジ予選,16:15,16:10,7,https://keirin.kdreams.jp/matsuyama/racedetail/7520240522010003/?pageType=odds,2026-10-08T02:21:50.428390+00:00
7520240522010004,2024-05-22,松山競輪,F2,A3 challenge,4,チャレンジ予選,16:40,16:35,7,https://keirin.kdreams.jp/matsuyama/racedetail/7520240522010004/?pageType=odds,2026-10-08T02:21:53.059827+00:00
7520240522010005,2024-05-22,松山競輪,F2,A3 challenge,5,チャレンジ予選,17:05,17:00,7,https://keirin.kdreams.jp/matsuyama/racedetail/7520240522010005/?pageType=odds,2026-10-08T02:21:55.064965+00:00
2220240523010001,2024-05-23,前橋競輪,F2,A3 challenge,1,チャレンジ予選,20:50,20:45,7,https://keirin.kdreams.jp/maebashi/racedetail/2220240523010001/?pageType=odds,2026-10-08T02:23:04.088406+00:00
2220240523010002,2024-05-23,前橋競輪,F2,A3 challenge,2,チャレンジ予選,21:15,21:10,7,https://keirin.kdreams.jp/maebashi/racedetail/2220240523010002/?pageType=odds,2026-10-08T02:23:06.671019+00:00
2220240523010003,2024-05-23,前橋競輪,F2,A3 challenge,3,チャレンジ予選,21:40,21:35,7,https://keirin.kdreams.jp/maebashi/racedetail/2220240523010003/?pageType=odds,2026-10-08T02:23:08.883042+00:00
2220240523010004,2024-05-23,前橋競輪,F2,A3 challenge,4,チャレンジ予選,22:05,22:00,7,https://keirin.kdreams.jp/maebashi/racedetail/2220240523010004/?pageType=odds,2026-10-08T02:23:10.975012+00:00
2220240523010005,2024-05-23,前橋競輪,F2,A3 challenge,5,チャレンジ予選,22:30,22:25,7,https://keirin.kdreams.jp/maebashi/racedetail/2220240523010005/?pageType=odds,2026-10-08T02:23:13.363749+00:00
2220240523010006,2024-05-23,前橋競輪,F2,A3 challenge,6,チャレンジ予選,22:55,22:50,7,https://keirin.kdreams.jp/maebashi/racedetail/2220240523010006/?pageType=odds,2026-10-08T02:23:15.464864+00:00
2220240523010007,2024-05-23,前橋競輪,F2,A3 challenge,7,チャレンジ予選,23:20,23:15,7,https://keirin.kdreams.jp/maebashi/racedetail/2220240523010007/?pageType=odds,2026-10-08T02:23:17.361150+00:00
8120240523010001,2024-05-23,小倉競輪,F2,A3 challenge,1,チャレンジ予選,21:00,20:55,7,https://keirin.kdreams.jp/kokura/racedetail/8120240523010001/?pageType=odds,2026-10-08T02:22:18.726209+00:00
8120240523010002,2024-05-23,小倉競輪,F2,A3 challenge,2,チャレンジ予選,21:25,21:20,7,https://keirin.kdreams.jp/kokura/racedetail/8120240523010002/?pageType=odds,2026-10-08T02:22:20.809687+00:00
8120240523010003,2024-05-23,小倉競輪,F2,A3 challenge,3,チャレンジ予選,21:50,21:45,7,https://keirin.kdreams.jp/kokura/racedetail/8120240523010003/?pageType=odds,2026-10-08T02:22:22.989676+00:00
8120240523010004,2024-05-23,小倉競輪,F2,A3 challenge,4,チャレンジ予選,22:15,22:10,7,https://keirin.kdreams.jp/kokura/racedetail/8120240523010004/?pageType=odds,2026-10-08T02:22:25.292741+00:00
8120240523010005,2024-05-23,小倉競輪,F2,A3 challenge,5,チャレンジ予選,22:40,22:35,7,https://keirin.kdreams.jp/kokura/racedetail/8120240523010005/?pageType=odds,2026-10-08T02:22:27.334999+00:00
8120240523010006,2024-05-23,小倉競輪,F2,A3 challenge,6,チャレンジ予選,23:05,23:00,7,https://keirin.kdreams.jp/kokura/racedetail/8120240523010006/?pageType=odds,2026-10-08T02:22:29.675591+00:00
8120240523010007,2024-05-23,小倉競輪,F2,A3 challenge,7,チャレンジ予選,23:30,23:25,7,https://keirin.kdreams.jp/kokura/racedetail/8120240523010007/?pageType=odds,2026-10-08T02:22:31.695514+00:00
7520240522020001,2024-05-23,松山競輪,F2,A3 challenge,1,チャレンジ一般,15:39,15:34,7,https://keirin.kdreams.jp/matsuyama/racedetail/7520240522020001/?pageType=odds,2026-10-08T02:21:57.104378+00:00
7520240522020002,2024-05-23,松山競輪,F2,A3 challenge,2,チャレンジ一般,16:04,15:59,7,https://keirin.kdreams.jp/matsuyama/racedetail/7520240522020002/?pageType=odds,2026-10-08T02:21:59.112103+00:00
7520240522020003,2024-05-23,松山競輪,F2,A3 challenge,3,チャレンジ準決勝,16:29,16:24,7,https://keirin.kdreams.jp/matsuyama/racedetail/7520240522020003/?pageType=odds,2026-10-08T02:22:01.137693+00:00
7520240522020004,2024-05-23,松山競輪,F2,A3 challenge,4,チャレンジ準決勝,16:54,16:49,7,https://keirin.kdreams.jp/matsuyama/racedetail/7520240522020004/?pageType=odds,2026-10-08T02:22:03.331895+00:00
7520240522020005,2024-05-23,松山競輪,F2,A3 challenge,5,チャレンジ準決勝,17:19,17:14,7,https://keirin.kdreams.jp/matsuyama/racedetail/7520240522020005/?pageType=odds,2026-10-08T02:22:05.389260+00:00
2220240523020001,2024-05-24,前橋競輪,F2,A3 challenge,1,チャレンジ一般,20:50,20:45,6,https://keirin.kdreams.jp/maebashi/racedetail/2220240523020001/?pageType=odds,2026-10-08T02:23:19.318631+00:00
2220240523020002,2024-05-24,前橋競輪,F2,A3 challenge,2,チャレンジ一般,21:15,21:10,7,https://keirin.kdreams.jp/maebashi/racedetail/2220240523020002/?pageType=odds,2026-10-08T02:23:21.594424+00:00
2220240523020003,2024-05-24,前橋競輪,F2,A3 challenge,3,チャレンジ選抜,21:40,21:35,7,https://keirin.kdreams.jp/maebashi/racedetail/2220240523020003/?pageType=odds,2026-10-08T02:23:23.593070+00:00
2220240523020004,2024-05-24,前橋競輪,F2,A3 challenge,4,チャレンジ選抜,22:05,22:00,7,https://keirin.kdreams.jp/maebashi/racedetail/2220240523020004/?pageType=odds,2026-10-08T02:23:26.063642+00:00
2220240523020005,2024-05-24,前橋競輪,F2,A3 challenge,5,チャレンジ準決勝,22:30,22:25,7,https://keirin.kdreams.jp/maebashi/racedetail/2220240523020005/?pageType=odds,2026-10-08T02:23:28.296298+00:00
2220240523020006,2024-05-24,前橋競輪,F2,A3 challenge,6,チャレンジ準決勝,22:55,22:50,7,https://keirin.kdreams.jp/maebashi/racedetail/2220240523020006/?pageType=odds,2026-10-08T02:23:30.639461+00:00
2220240523020007,2024-05-24,前橋競輪,F2,A3 challenge,7,チャレンジ準決勝,23:20,23:15,7,https://keirin.kdreams.jp/maebashi/racedetail/2220240523020007/?pageType=odds,2026-10-08T02:23:32.761521+00:00
8120240523020001,2024-05-24,小倉競輪,F2,A3 challenge,1,チャレンジ一般,21:00,20:55,6,https://keirin.kdreams.jp/kokura/racedetail/8120240523020001/?pageType=odds,2026-10-08T02:22:33.902086+00:00
8120240523020002,2024-05-24,小倉競輪,F2,A3 challenge,2,チャレンジ一般,21:25,21:20,7,https://keirin.kdreams.jp/kokura/racedetail/8120240523020002/?pageType=odds,2026-10-08T02:22:36.104790+00:00
8120240523020003,2024-05-24,小倉競輪,F2,A3 challenge,3,チャレンジ選抜,21:50,21:45,7,https://keirin.kdreams.jp/kokura/racedetail/8120240523020003/?pageType=odds,2026-10-08T02:22:38.323693+00:00
8120240523020004,2024-05-24,小倉競輪,F2,A3 challenge,4,チャレンジ選抜,22:15,22:10,7,https://keirin.kdreams.jp/kokura/racedetail/8120240523020004/?pageType=odds,2026-10-08T02:22:40.819195+00:00
8120240523020005,2024-05-24,小倉競輪,F2,A3 challenge,5,チャレンジ準決勝,22:40,22:35,7,https://keirin.kdreams.jp/kokura/racedetail/8120240523020005/?pageType=odds,2026-10-08T02:22:42.762155+00:00
8120240523020006,2024-05-24,小倉競輪,F2,A3 challenge,6,チャレンジ準決勝,23:05,23:00,7,https://keirin.kdreams.jp/kokura/racedetail/8120240523020006/?pageType=odds,2026-10-08T02:22:44.695031+00:00
8120240523020007,2024-05-24,小倉競輪,F2,A3 challenge,7,チャレンジ準決勝,23:30,23:25,7,https://keirin.kdreams.jp/kokura/racedetail/8120240523020007/?pageType=odds,2026-10-08T02:22:46.747320+00:00
4320240524010001,2024-05-24,岐阜競輪,F2,A3 challenge,1,チャレンジ予選,10:40,10:35,7,https://keirin.kdreams.jp/gifu/racedetail/4320240524010001/?pageType=odds,2026-10-08T02:23:50.259508+00:00
4320240524010002,2024-05-24,岐阜競輪,F2,A3 challenge,2,チャレンジ予選,11:05,11:00,7,https://keirin.kdreams.jp/gifu/racedetail/4320240524010002/?pageType=odds,2026-10-08T02:23:52.166722+00:00
4320240524010003,2024-05-24,岐阜競輪,F2,A3 challenge,3,チャレンジ予選,11:31,11:26,7,https://keirin.kdreams.jp/gifu/racedetail/4320240524010003/?pageType=odds,2026-10-08T02:23:54.076353+00:00
4320240524010004,2024-05-24,岐阜競輪,F2,A3 challenge,4,チャレンジ予選,11:58,11:53,7,https://keirin.kdreams.jp/gifu/racedetail/4320240524010004/?pageType=odds,2026-10-08T02:23:56.292768+00:00
4320240524010005,2024-05-24,岐阜競輪,F2,A3 challenge,5,チャレンジ予選,12:28,12:23,7,https://keirin.kdreams.jp/gifu/racedetail/4320240524010005/?pageType=odds,2026-10-08T02:23:58.206561+00:00
7520240522030001,2024-05-24,松山競輪,F2,A3 challenge,1,チャレンジ一般,15:39,15:34,7,https://keirin.kdreams.jp/matsuyama/racedetail/7520240522030001/?pageType=odds,2026-10-08T02:22:07.840120+00:00
7520240522030002,2024-05-24,松山競輪,F2,A3 challenge,2,チャレンジ一般,16:04,15:59,7,https://keirin.kdreams.jp/matsuyama/racedetail/7520240522030002/?pageType=odds,2026-10-08T02:22:09.990015+00:00
7520240522030003,2024-05-24,松山競輪,F2,A3 challenge,3,チャレンジ選抜,16:29,16:24,7,https://keirin.kdreams.jp/matsuyama/racedetail/7520240522030003/?pageType=odds,2026-10-08T02:22:11.855614+00:00
7520240522030004,2024-05-24,松山競輪,F2,A3 challenge,4,チャレンジ選抜,16:54,16:49,7,https://keirin.kdreams.jp/matsuyama/racedetail/7520240522030004/?pageType=odds,2026-10-08T02:22:14.262825+00:00
7520240522030010,2024-05-24,松山競輪,F2,A3 challenge,10,チャレンジ決勝,19:27,19:22,7,https://keirin.kdreams.jp/matsuyama/racedetail/7520240522030010/?pageType=odds,2026-10-08T02:22:16.680947+00:00
2220240523030001,2024-05-25,前橋競輪,F2,A3 challenge,1,チャレンジ一般,21:00,20:55,6,https://keirin.kdreams.jp/maebashi/racedetail/2220240523030001/?pageType=odds,2026-10-08T02:23:34.725539+00:00
2220240523030002,2024-05-25,前橋競輪,F2,A3 challenge,2,チャレンジ一般,21:25,21:20,6,https://keirin.kdreams.jp/maebashi/racedetail/2220240523030002/?pageType=odds,2026-10-08T02:23:36.564141+00:00
2220240523030003,2024-05-25,前橋競輪,F2,A3 challenge,3,チャレンジ一般,21:50,21:45,7,https://keirin.kdreams.jp/maebashi/racedetail/2220240523030003/?pageType=odds,2026-10-08T02:23:38.526287+00:00
2220240523030004,2024-05-25,前橋競輪,F2,A3 challenge,4,チャレンジ選抜,22:15,22:10,7,https://keirin.kdreams.jp/maebashi/racedetail/2220240523030004/?pageType=odds,2026-10-08T02:23:40.717642+00:00
2220240523030005,2024-05-25,前橋競輪,F2,A3 challenge,5,チャレンジ選抜,22:40,22:35,7,https://keirin.kdreams.jp/maebashi/racedetail/2220240523030005/?pageType=odds,2026-10-08T02:23:43.007331+00:00
2220240523030006,2024-05-25,前橋競輪,F2,A3 challenge,6,チャレンジ選抜,23:05,23:00,7,https://keirin.kdreams.jp/maebashi/racedetail/2220240523030006/?pageType=odds,2026-10-08T02:23:45.605096+00:00
2220240523030007,2024-05-25,前橋競輪,F2,A3 challenge,7,チャレンジ決勝,23:30,23:25,7,https://keirin.kdreams.jp/maebashi/racedetail/2220240523030007/?pageType=odds,2026-10-08T02:23:48.164987+00:00
8120240523030001,2024-05-25,小倉競輪,F2,A3 challenge,1,チャレンジ一般,20:50,20:45,6,https://keirin.kdreams.jp/kokura/racedetail/8120240523030001/?pageType=odds,2026-10-08T02:22:48.713868+00:00
8120240523030002,2024-05-25,小倉競輪,F2,A3 challenge,2,チャレンジ一般,21:15,21:10,6,https://keirin.kdreams.jp/kokura/racedetail/8120240523030002/?pageType=odds,2026-10-08T02:22:50.945997+00:00
8120240523030003,2024-05-25,小倉競輪,F2,A3 challenge,3,チャレンジ一般,21:40,21:35,7,https://keirin.kdreams.jp/kokura/racedetail/8120240523030003/?pageType=odds,2026-10-08T02:22:53.093265+00:00
8120240523030004,2024-05-25,小倉競輪,F2,A3 challenge,4,チャレンジ選抜,22:05,22:00,7,https://keirin.kdreams.jp/kokura/racedetail/8120240523030004/?pageType=odds,2026-10-08T02:22:55.077930+00:00
8120240523030005,2024-05-25,小倉競輪,F2,A3 challenge,5,チャレンジ選抜,22:30,22:25,7,https://keirin.kdreams.jp/kokura/racedetail/8120240523030005/?pageType=odds,2026-10-08T02:22:57.713304+00:00
8120240523030006,2024-05-25,小倉競輪,F2,A3 challenge,6,チャレンジ選抜,22:55,22:50,7,https://keirin.kdreams.jp/kokura/racedetail/8120240523030006/?pageType=odds,2026-10-08T02:22:59.983410+00:00
8120240523030007,2024-05-25,小倉競輪,F2,A3 challenge,7,チャレンジ決勝,23:20,23:15,7,https://keirin.kdreams.jp/kokura/racedetail/8120240523030007/?pageType=odds,2026-10-08T02:23:01.959669+00:00
4320240524020001,2024-05-25,岐阜競輪,F2,A3 challenge,1,チャレンジ一般,10:40,10:35,6,https://keirin.kdreams.jp/gifu/racedetail/4320240524020001/?pageType=odds,2026-10-08T02:24:00.618673+00:00
4320240524020002,2024-05-25,岐阜競輪,F2,A3 challenge,2,チャレンジ一般,11:05,11:00,6,https://keirin.kdreams.jp/gifu/racedetail/4320240524020002/?pageType=odds,2026-10-08T02:24:02.743761+00:00
4320240524020003,2024-05-25,岐阜競輪,F2,A3 challenge,3,チャレンジ準決勝,11:31,11:26,7,https://keirin.kdreams.jp/gifu/racedetail/4320240524020003/?pageType=odds,2026-10-08T02:24:05.170355+00:00
4320240524020004,2024-05-25,岐阜競輪,F2,A3 challenge,4,チャレンジ準決勝,11:58,11:53,7,https://keirin.kdreams.jp/gifu/racedetail/4320240524020004/?pageType=odds,2026-10-08T02:24:07.216184+00:00
4320240524020005,2024-05-25,岐阜競輪,F2,A3 challenge,5,チャレンジ準決勝,12:28,12:23,7,https://keirin.kdreams.jp/gifu/racedetail/4320240524020005/?pageType=odds,2026-10-08T02:24:09.436210+00:00
4320240524030001,2024-05-26,岐阜競輪,F2,A3 challenge,1,チャレンジ一般,10:40,10:35,5,https://keirin.kdreams.jp/gifu/racedetail/4320240524030001/?pageType=odds,2026-10-08T02:24:11.620641+00:00
4320240524030002,2024-05-26,岐阜競輪,F2,A3 challenge,2,チャレンジ一般,11:05,11:00,6,https://keirin.kdreams.jp/gifu/racedetail/4320240524030002/?pageType=odds,2026-10-08T02:24:13.553047+00:00
4320240524030003,2024-05-26,岐阜競輪,F2,A3 challenge,3,チャレンジ選抜,11:31,11:26,7,https://keirin.kdreams.jp/gifu/racedetail/4320240524030003/?pageType=odds,2026-10-08T02:24:15.556506+00:00
4320240524030004,2024-05-26,岐阜競輪,F2,A3 challenge,4,チャレンジ選抜,11:58,11:53,7,https://keirin.kdreams.jp/gifu/racedetail/4320240524030004/?pageType=odds,2026-10-08T02:24:17.699545+00:00
4320240524030010,2024-05-26,岐阜競輪,F2,A3 challenge,10,チャレンジ決勝,15:05,15:00,7,https://keirin.kdreams.jp/gifu/racedetail/4320240524030010/?pageType=odds,2026-10-08T02:24:19.833574+00:00
4720240526010001,2024-05-26,松阪競輪,F2,A3 challenge,1,チャレンジ予選,20:50,20:45,7,https://keirin.kdreams.jp/matsusaka/racedetail/4720240526010001/?pageType=odds,2026-10-08T02:24:21.982409+00:00
4720240526010002,2024-05-26,松阪競輪,F2,A3 challenge,2,チャレンジ予選,21:10,21:05,7,https://keirin.kdreams.jp/matsusaka/racedetail/4720240526010002/?pageType=odds,2026-10-08T02:24:24.005319+00:00
4720240526010003,2024-05-26,松阪競輪,F2,A3 challenge,3,チャレンジ予選,21:30,21:25,7,https://keirin.kdreams.jp/matsusaka/racedetail/4720240526010003/?pageType=odds,2026-10-08T02:24:26.047282+00:00
4720240526010004,2024-05-26,松阪競輪,F2,A3 challenge,4,チャレンジ予選,21:50,21:45,7,https://keirin.kdreams.jp/matsusaka/racedetail/4720240526010004/?pageType=odds,2026-10-08T02:24:28.355501+00:00
2520240527010003,2024-05-27,大宮競輪,F2,A3 challenge,3,チャレンジ予選,09:10,09:05,7,https://keirin.kdreams.jp/omiya/racedetail/2520240527010003/?pageType=odds,2026-10-08T02:25:20.608030+00:00
2520240527010004,2024-05-27,大宮競輪,F2,A3 challenge,4,チャレンジ予選,09:30,09:25,7,https://keirin.kdreams.jp/omiya/racedetail/2520240527010004/?pageType=odds,2026-10-08T02:25:22.664140+00:00
2520240527010005,2024-05-27,大宮競輪,F2,A3 challenge,5,チャレンジ予選,09:50,09:45,7,https://keirin.kdreams.jp/omiya/racedetail/2520240527010005/?pageType=odds,2026-10-08T02:25:24.647957+00:00
2520240527010006,2024-05-27,大宮競輪,F2,A3 challenge,6,チャレンジ予選,10:10,10:05,7,https://keirin.kdreams.jp/omiya/racedetail/2520240527010006/?pageType=odds,2026-10-08T02:25:26.756048+00:00
2520240527010007,2024-05-27,大宮競輪,F2,A3 challenge,7,チャレンジ予選,10:30,10:25,7,https://keirin.kdreams.jp/omiya/racedetail/2520240527010007/?pageType=odds,2026-10-08T02:25:28.770314+00:00
3120240527010001,2024-05-27,松戸競輪,F2,A3 challenge,1,チャレンジ予選,15:28,15:23,7,https://keirin.kdreams.jp/matsudo/racedetail/3120240527010001/?pageType=odds,2026-10-08T02:24:46.902746+00:00
3120240527010002,2024-05-27,松戸競輪,F2,A3 challenge,2,チャレンジ予選,15:52,15:47,7,https://keirin.kdreams.jp/matsudo/racedetail/3120240527010002/?pageType=odds,2026-10-08T02:24:49.104873+00:00
3120240527010003,2024-05-27,松戸競輪,F2,A3 challenge,3,チャレンジ予選,16:17,16:12,7,https://keirin.kdreams.jp/matsudo/racedetail/3120240527010003/?pageType=odds,2026-10-08T02:24:51.454158+00:00
3120240527010004,2024-05-27,松戸競輪,F2,A3 challenge,4,チャレンジ予選,16:42,16:37,7,https://keirin.kdreams.jp/matsudo/racedetail/3120240527010004/?pageType=odds,2026-10-08T02:24:53.439341+00:00
3120240527010005,2024-05-27,松戸競輪,F2,A3 challenge,5,チャレンジ予選,17:07,17:02,7,https://keirin.kdreams.jp/matsudo/racedetail/3120240527010005/?pageType=odds,2026-10-08T02:24:55.387160+00:00
4720240526020001,2024-05-27,松阪競輪,F2,A3 challenge,1,チャレンジ一般,20:50,20:45,7,https://keirin.kdreams.jp/matsusaka/racedetail/4720240526020001/?pageType=odds,2026-10-08T02:24:30.358244+00:00
4720240526020002,2024-05-27,松阪競輪,F2,A3 challenge,2,チャレンジ一般,21:10,21:05,7,https://keirin.kdreams.jp/matsusaka/racedetail/4720240526020002/?pageType=odds,2026-10-08T02:24:32.324428+00:00
4720240526020003,2024-05-27,松阪競輪,F2,A3 challenge,3,チャレンジ準決勝,21:30,21:25,7,https://keirin.kdreams.jp/matsusaka/racedetail/4720240526020003/?pageType=odds,2026-10-08T02:24:34.332512+00:00
4720240526020004,2024-05-27,松阪競輪,F2,A3 challenge,4,チャレンジ準決勝,21:50,21:45,7,https://keirin.kdreams.jp/matsusaka/racedetail/4720240526020004/?pageType=odds,2026-10-08T02:24:36.289481+00:00
8520240528010001,2024-05-28,佐世保競輪,F2,A3 challenge,1,チャレンジ予選,08:40,08:35,7,https://keirin.kdreams.jp/sasebo/racedetail/8520240528010001/?pageType=odds,2026-10-08T02:25:51.174289+00:00
8520240528010002,2024-05-28,佐世保競輪,F2,A3 challenge,2,チャレンジ予選,09:00,08:55,7,https://keirin.kdreams.jp/sasebo/racedetail/8520240528010002/?pageType=odds,2026-10-08T02:25:53.344982+00:00
8520240528010003,2024-05-28,佐世保競輪,F2,A3 challenge,3,チャレンジ予選,09:20,09:15,7,https://keirin.kdreams.jp/sasebo/racedetail/8520240528010003/?pageType=odds,2026-10-08T02:25:55.249955+00:00
8520240528010004,2024-05-28,佐世保競輪,F2,A3 challenge,4,チャレンジ予選,09:40,09:35,7,https://keirin.kdreams.jp/sasebo/racedetail/8520240528010004/?pageType=odds,2026-10-08T02:25:57.316808+00:00
8520240528010005,2024-05-28,佐世保競輪,F2,A3 challenge,5,チャレンジ予選,10:00,09:55,7,https://keirin.kdreams.jp/sasebo/racedetail/8520240528010005/?pageType=odds,2026-10-08T02:25:59.224533+00:00
8520240528010006,2024-05-28,佐世保競輪,F2,A3 challenge,6,チャレンジ予選,10:20,10:15,7,https://keirin.kdreams.jp/sasebo/racedetail/8520240528010006/?pageType=odds,2026-10-08T02:26:01.261859+00:00
8520240528010007,2024-05-28,佐世保競輪,F2,A3 challenge,7,チャレンジ予選,10:40,10:35,7,https://keirin.kdreams.jp/sasebo/racedetail/8520240528010007/?pageType=odds,2026-10-08T02:26:03.331458+00:00
2520240527020003,2024-05-28,大宮競輪,F2,A3 challenge,3,チャレンジ一般,09:10,09:05,7,https://keirin.kdreams.jp/omiya/racedetail/2520240527020003/?pageType=odds,2026-10-08T02:25:31.020864+00:00
2520240527020004,2024-05-28,大宮競輪,F2,A3 challenge,4,チャレンジ一般,09:30,09:25,7,https://keirin.kdreams.jp/omiya/racedetail/2520240527020004/?pageType=odds,2026-10-08T02:25:33.097357+00:00
2520240527020005,2024-05-28,大宮競輪,F2,A3 challenge,5,チャレンジ準決勝,09:50,09:45,7,https://keirin.kdreams.jp/omiya/racedetail/2520240527020005/?pageType=odds,2026-10-08T02:25:35.355253+00:00
2520240527020006,2024-05-28,大宮競輪,F2,A3 challenge,6,チャレンジ準決勝,10:10,10:05,7,https://keirin.kdreams.jp/omiya/racedetail/2520240527020006/?pageType=odds,2026-10-08T02:25:37.475720+00:00
2520240527020007,2024-05-28,大宮競輪,F2,A3 challenge,7,チャレンジ準決勝,10:30,10:25,7,https://keirin.kdreams.jp/omiya/racedetail/2520240527020007/?pageType=odds,2026-10-08T02:25:39.883410+00:00
3120240527020001,2024-05-28,松戸競輪,F2,A3 challenge,1,チャレンジ一般,15:28,15:23,6,https://keirin.kdreams.jp/matsudo/racedetail/3120240527020001/?pageType=odds,2026-10-08T02:24:57.476106+00:00
3120240527020002,2024-05-28,松戸競輪,F2,A3 challenge,2,チャレンジ一般,15:52,15:47,7,https://keirin.kdreams.jp/matsudo/racedetail/3120240527020002/?pageType=odds,2026-10-08T02:25:00.075452+00:00
3120240527020003,2024-05-28,松戸競輪,F2,A3 challenge,3,チャレンジ準決勝,16:17,16:12,7,https://keirin.kdreams.jp/matsudo/racedetail/3120240527020003/?pageType=odds,2026-10-08T02:25:02.493405+00:00
3120240527020004,2024-05-28,松戸競輪,F2,A3 challenge,4,チャレンジ準決勝,16:42,16:37,7,https://keirin.kdreams.jp/matsudo/racedetail/3120240527020004/?pageType=odds,2026-10-08T02:25:05.089387+00:00
3120240527020005,2024-05-28,松戸競輪,F2,A3 challenge,5,チャレンジ準決勝,17:07,17:02,7,https://keirin.kdreams.jp/matsudo/racedetail/3120240527020005/?pageType=odds,2026-10-08T02:25:07.099952+00:00
4720240526030001,2024-05-28,松阪競輪,F2,A3 challenge,1,チャレンジ一般,20:50,20:45,6,https://keirin.kdreams.jp/matsusaka/racedetail/4720240526030001/?pageType=odds,2026-10-08T02:24:38.483198+00:00
4720240526030002,2024-05-28,松阪競輪,F2,A3 challenge,2,チャレンジ一般,21:10,21:05,7,https://keirin.kdreams.jp/matsusaka/racedetail/4720240526030002/?pageType=odds,2026-10-08T02:24:40.615530+00:00
4720240526030003,2024-05-28,松阪競輪,F2,A3 challenge,3,チャレンジ選抜,21:30,21:25,7,https://keirin.kdreams.jp/matsusaka/racedetail/4720240526030003/?pageType=odds,2026-10-08T02:24:42.746965+00:00
4720240526030008,2024-05-28,松阪競輪,F2,A3 challenge,8,チャレンジ決勝,23:10,23:05,7,https://keirin.kdreams.jp/matsusaka/racedetail/4720240526030008/?pageType=odds,2026-10-08T02:24:44.983192+00:00
8520240528020001,2024-05-29,佐世保競輪,F2,A3 challenge,1,チャレンジ一般,08:40,08:35,6,https://keirin.kdreams.jp/sasebo/racedetail/8520240528020001/?pageType=odds,2026-10-08T02:26:05.488734+00:00
8520240528020002,2024-05-29,佐世保競輪,F2,A3 challenge,2,チャレンジ一般,09:00,08:55,7,https://keirin.kdreams.jp/sasebo/racedetail/8520240528020002/?pageType=odds,2026-10-08T02:26:07.448329+00:00
8520240528020003,2024-05-29,佐世保競輪,F2,A3 challenge,3,チャレンジ選抜,09:20,09:15,7,https://keirin.kdreams.jp/sasebo/racedetail/8520240528020003/?pageType=odds,2026-10-08T02:26:09.669102+00:00
8520240528020004,2024-05-29,佐世保競輪,F2,A3 challenge,4,チャレンジ選抜,09:40,09:35,7,https://keirin.kdreams.jp/sasebo/racedetail/8520240528020004/?pageType=odds,2026-10-08T02:26:11.813062+00:00
8520240528020005,2024-05-29,佐世保競輪,F2,A3 challenge,5,チャレンジ準決勝,10:00,09:55,7,https://keirin.kdreams.jp/sasebo/racedetail/8520240528020005/?pageType=odds,2026-10-08T02:26:13.904532+00:00
8520240528020006,2024-05-29,佐世保競輪,F2,A3 challenge,6,チャレンジ準決勝,10:20,10:15,7,https://keirin.kdreams.jp/sasebo/racedetail/8520240528020006/?pageType=odds,2026-10-08T02:26:16.267490+00:00
8520240528020007,2024-05-29,佐世保競輪,F2,A3 challenge,7,チャレンジ準決勝,10:40,10:35,7,https://keirin.kdreams.jp/sasebo/racedetail/8520240528020007/?pageType=odds,2026-10-08T02:26:18.666865+00:00
2520240527030002,2024-05-29,大宮競輪,F2,A3 challenge,2,チャレンジ一般,08:50,08:45,5,https://keirin.kdreams.jp/omiya/racedetail/2520240527030002/?pageType=odds,2026-10-08T02:25:41.971354+00:00
2520240527030003,2024-05-29,大宮競輪,F2,A3 challenge,3,チャレンジ一般,09:10,09:05,5,https://keirin.kdreams.jp/omiya/racedetail/2520240527030003/?pageType=odds,2026-10-08T02:25:43.842531+00:00
2520240527030004,2024-05-29,大宮競輪,F2,A3 challenge,4,チャレンジ選抜,09:30,09:25,7,https://keirin.kdreams.jp/omiya/racedetail/2520240527030004/?pageType=odds,2026-10-08T02:25:45.868267+00:00
2520240527030005,2024-05-29,大宮競輪,F2,A3 challenge,5,チャレンジ選抜,09:50,09:45,7,https://keirin.kdreams.jp/omiya/racedetail/2520240527030005/?pageType=odds,2026-10-08T02:25:48.060566+00:00
2520240527030007,2024-05-29,大宮競輪,F2,A3 challenge,7,チャレンジ決勝,10:30,10:25,7,https://keirin.kdreams.jp/omiya/racedetail/2520240527030007/?pageType=odds,2026-10-08T02:25:49.417115+00:00
3120240527030001,2024-05-29,松戸競輪,F2,A3 challenge,1,チャレンジ一般,15:28,15:23,6,https://keirin.kdreams.jp/matsudo/racedetail/3120240527030001/?pageType=odds,2026-10-08T02:25:09.029678+00:00
3120240527030002,2024-05-29,松戸競輪,F2,A3 challenge,2,チャレンジ一般,15:52,15:47,7,https://keirin.kdreams.jp/matsudo/racedetail/3120240527030002/?pageType=odds,2026-10-08T02:25:11.538509+00:00
3120240527030003,2024-05-29,松戸競輪,F2,A3 challenge,3,チャレンジ選抜,16:16,16:11,7,https://keirin.kdreams.jp/matsudo/racedetail/3120240527030003/?pageType=odds,2026-10-08T02:25:13.608798+00:00
3120240527030004,2024-05-29,松戸競輪,F2,A3 challenge,4,チャレンジ選抜,16:42,16:37,7,https://keirin.kdreams.jp/matsudo/racedetail/3120240527030004/?pageType=odds,2026-10-08T02:25:16.513464+00:00
3120240527030010,2024-05-29,松戸競輪,F2,A3 challenge,10,チャレンジ決勝,19:29,19:24,7,https://keirin.kdreams.jp/matsudo/racedetail/3120240527030010/?pageType=odds,2026-10-08T02:25:18.634784+00:00
8520240528030001,2024-05-30,佐世保競輪,F2,A3 challenge,1,チャレンジ一般,08:30,08:25,6,https://keirin.kdreams.jp/sasebo/racedetail/8520240528030001/?pageType=odds,2026-10-08T02:26:20.653273+00:00
8520240528030002,2024-05-30,佐世保競輪,F2,A3 challenge,2,チャレンジ一般,08:50,08:45,7,https://keirin.kdreams.jp/sasebo/racedetail/8520240528030002/?pageType=odds,2026-10-08T02:26:22.883237+00:00
8520240528030003,2024-05-30,佐世保競輪,F2,A3 challenge,3,チャレンジ一般,09:10,09:05,7,https://keirin.kdreams.jp/sasebo/racedetail/8520240528030003/?pageType=odds,2026-10-08T02:26:25.604856+00:00
8520240528030004,2024-05-30,佐世保競輪,F2,A3 challenge,4,チャレンジ選抜,09:30,09:25,7,https://keirin.kdreams.jp/sasebo/racedetail/8520240528030004/?pageType=odds,2026-10-08T02:26:27.556314+00:00
8520240528030005,2024-05-30,佐世保競輪,F2,A3 challenge,5,チャレンジ選抜,09:50,09:45,7,https://keirin.kdreams.jp/sasebo/racedetail/8520240528030005/?pageType=odds,2026-10-08T02:26:29.579052+00:00
8520240528030006,2024-05-30,佐世保競輪,F2,A3 challenge,6,チャレンジ選抜,10:10,10:05,7,https://keirin.kdreams.jp/sasebo/racedetail/8520240528030006/?pageType=odds,2026-10-08T02:26:31.687237+00:00
8520240528030007,2024-05-30,佐世保競輪,F2,A3 challenge,7,チャレンジ決勝,10:30,10:25,7,https://keirin.kdreams.jp/sasebo/racedetail/8520240528030007/?pageType=odds,2026-10-08T02:26:33.755276+00:00
3620240531010001,2024-05-31,小田原競輪,F2,A3 challenge,1,チャレンジ予選,08:30,08:25,6,https://keirin.kdreams.jp/odawara/racedetail/3620240531010001/?pageType=odds,2026-10-08T02:26:35.836014+00:00
3620240531010002,2024-05-31,小田原競輪,F2,A3 challenge,2,チャレンジ予選,08:50,08:45,6,https://keirin.kdreams.jp/odawara/racedetail/3620240531010002/?pageType=odds,2026-10-08T02:26:38.155033+00:00
3620240531010003,2024-05-31,小田原競輪,F2,A3 challenge,3,チャレンジ予選,09:10,09:05,7,https://keirin.kdreams.jp/odawara/racedetail/3620240531010003/?pageType=odds,2026-10-08T02:26:40.211369+00:00
3620240531010004,2024-05-31,小田原競輪,F2,A3 challenge,4,チャレンジ予選,09:30,09:25,7,https://keirin.kdreams.jp/odawara/racedetail/3620240531010004/?pageType=odds,2026-10-08T02:26:42.285921+00:00
3620240531010005,2024-05-31,小田原競輪,F2,A3 challenge,5,チャレンジ予選,09:50,09:45,7,https://keirin.kdreams.jp/odawara/racedetail/3620240531010005/?pageType=odds,2026-10-08T02:26:44.358686+00:00
3620240531010006,2024-05-31,小田原競輪,F2,A3 challenge,6,チャレンジ予選,10:10,10:05,7,https://keirin.kdreams.jp/odawara/racedetail/3620240531010006/?pageType=odds,2026-10-08T02:26:46.433509+00:00
3620240531010007,2024-05-31,小田原競輪,F2,A3 challenge,7,チャレンジ予選,10:30,10:25,7,https://keirin.kdreams.jp/odawara/racedetail/3620240531010007/?pageType=odds,2026-10-08T02:26:48.706554+00:00
2720240601010001,2024-06-01,京王閣競輪,F2,A3 challenge,1,チャレンジ予選,21:06,21:01,7,https://keirin.kdreams.jp/keiokaku/racedetail/2720240601010001/?pageType=odds,2026-10-08T02:28:23.121739+00:00
2720240601010002,2024-06-01,京王閣競輪,F2,A3 challenge,2,チャレンジ予選,21:30,21:25,7,https://keirin.kdreams.jp/keiokaku/racedetail/2720240601010002/?pageType=odds,2026-10-08T02:28:25.145321+00:00
2720240601010003,2024-06-01,京王閣競輪,F2,A3 challenge,3,チャレンジ予選,21:54,21:49,7,https://keirin.kdreams.jp/keiokaku/racedetail/2720240601010003/?pageType=odds,2026-10-08T02:28:27.473429+00:00
2720240601010004,2024-06-01,京王閣競輪,F2,A3 challenge,4,チャレンジ予選,22:18,22:13,7,https://keirin.kdreams.jp/keiokaku/racedetail/2720240601010004/?pageType=odds,2026-10-08T02:28:29.374808+00:00
2720240601010005,2024-06-01,京王閣競輪,F2,A3 challenge,5,チャレンジ予選,22:42,22:37,7,https://keirin.kdreams.jp/keiokaku/racedetail/2720240601010005/?pageType=odds,2026-10-08T02:28:31.376908+00:00
2720240601010006,2024-06-01,京王閣競輪,F2,A3 challenge,6,チャレンジ予選,23:06,23:01,7,https://keirin.kdreams.jp/keiokaku/racedetail/2720240601010006/?pageType=odds,2026-10-08T02:28:33.279906+00:00
2720240601010007,2024-06-01,京王閣競輪,F2,A3 challenge,7,チャレンジ予選,23:30,23:25,7,https://keirin.kdreams.jp/keiokaku/racedetail/2720240601010007/?pageType=odds,2026-10-08T02:28:35.357679+00:00
8620240601010001,2024-06-01,別府競輪,F2,A3 challenge,1,チャレンジ予選,15:30,15:25,7,https://keirin.kdreams.jp/beppu/racedetail/8620240601010001/?pageType=odds,2026-10-08T02:27:20.953483+00:00
8620240601010002,2024-06-01,別府競輪,F2,A3 challenge,2,チャレンジ予選,15:54,15:49,7,https://keirin.kdreams.jp/beppu/racedetail/8620240601010002/?pageType=odds,2026-10-08T02:27:23.039803+00:00
8620240601010003,2024-06-01,別府競輪,F2,A3 challenge,3,チャレンジ予選,16:19,16:14,7,https://keirin.kdreams.jp/beppu/racedetail/8620240601010003/?pageType=odds,2026-10-08T02:27:24.939303+00:00
8620240601010004,2024-06-01,別府競輪,F2,A3 challenge,4,チャレンジ予選,16:44,16:39,7,https://keirin.kdreams.jp/beppu/racedetail/8620240601010004/?pageType=odds,2026-10-08T02:27:27.078545+00:00
8620240601010005,2024-06-01,別府競輪,F2,A3 challenge,5,チャレンジ予選,17:09,17:04,7,https://keirin.kdreams.jp/beppu/racedetail/8620240601010005/?pageType=odds,2026-10-08T02:27:29.062138+00:00
3620240531020001,2024-06-01,小田原競輪,F2,A3 challenge,1,チャレンジ一般,08:30,08:25,6,https://keirin.kdreams.jp/odawara/racedetail/3620240531020001/?pageType=odds,2026-10-08T02:26:50.780150+00:00
3620240531020002,2024-06-01,小田原競輪,F2,A3 challenge,2,チャレンジ一般,08:50,08:45,6,https://keirin.kdreams.jp/odawara/racedetail/3620240531020002/?pageType=odds,2026-10-08T02:26:52.772161+00:00
3620240531020003,2024-06-01,小田原競輪,F2,A3 challenge,3,チャレンジ選抜,09:10,09:05,7,https://keirin.kdreams.jp/odawara/racedetail/3620240531020003/?pageType=odds,2026-10-08T02:26:54.950239+00:00
3620240531020004,2024-06-01,小田原競輪,F2,A3 challenge,4,チャレンジ選抜,09:30,09:25,7,https://keirin.kdreams.jp/odawara/racedetail/3620240531020004/?pageType=odds,2026-10-08T02:26:57.058311+00:00
3620240531020005,2024-06-01,小田原競輪,F2,A3 challenge,5,チャレンジ準決勝,09:50,09:45,7,https://keirin.kdreams.jp/odawara/racedetail/3620240531020005/?pageType=odds,2026-10-08T02:26:59.142895+00:00
3620240531020006,2024-06-01,小田原競輪,F2,A3 challenge,6,チャレンジ準決勝,10:10,10:05,7,https://keirin.kdreams.jp/odawara/racedetail/3620240531020006/?pageType=odds,2026-10-08T02:27:01.261920+00:00
3620240531020007,2024-06-01,小田原競輪,F2,A3 challenge,7,チャレンジ準決勝,10:30,10:25,7,https://keirin.kdreams.jp/odawara/racedetail/3620240531020007/?pageType=odds,2026-10-08T02:27:03.267282+00:00
4320240601010001,2024-06-01,岐阜競輪,F2,A3 challenge,1,チャレンジ予選,10:40,10:35,7,https://keirin.kdreams.jp/gifu/racedetail/4320240601010001/?pageType=odds,2026-10-08T02:27:52.407285+00:00
4320240601010002,2024-06-01,岐阜競輪,F2,A3 challenge,2,チャレンジ予選,11:05,11:00,7,https://keirin.kdreams.jp/gifu/racedetail/4320240601010002/?pageType=odds,2026-10-08T02:27:54.529162+00:00
4320240601010003,2024-06-01,岐阜競輪,F2,A3 challenge,3,チャレンジ予選,11:30,11:25,7,https://keirin.kdreams.jp/gifu/racedetail/4320240601010003/?pageType=odds,2026-10-08T02:27:56.873490+00:00
4320240601010004,2024-06-01,岐阜競輪,F2,A3 challenge,4,チャレンジ予選,11:58,11:53,7,https://keirin.kdreams.jp/gifu/racedetail/4320240601010004/?pageType=odds,2026-10-08T02:27:58.879452+00:00
4320240601010005,2024-06-01,岐阜競輪,F2,A3 challenge,5,チャレンジ予選,12:26,12:21,7,https://keirin.kdreams.jp/gifu/racedetail/4320240601010005/?pageType=odds,2026-10-08T02:28:00.913727+00:00
2720240601020001,2024-06-02,京王閣競輪,F2,A3 challenge,1,チャレンジ一般,21:06,21:01,5,https://keirin.kdreams.jp/keiokaku/racedetail/2720240601020001/?pageType=odds,2026-10-08T02:28:37.245237+00:00
2720240601020002,2024-06-02,京王閣競輪,F2,A3 challenge,2,チャレンジ一般,21:30,21:25,5,https://keirin.kdreams.jp/keiokaku/racedetail/2720240601020002/?pageType=odds,2026-10-08T02:28:38.933506+00:00
2720240601020003,2024-06-02,京王閣競輪,F2,A3 challenge,3,チャレンジ選抜,21:54,21:49,7,https://keirin.kdreams.jp/keiokaku/racedetail/2720240601020003/?pageType=odds,2026-10-08T02:28:40.924799+00:00
2720240601020004,2024-06-02,京王閣競輪,F2,A3 challenge,4,チャレンジ選抜,22:18,22:13,7,https://keirin.kdreams.jp/keiokaku/racedetail/2720240601020004/?pageType=odds,2026-10-08T02:28:43.111387+00:00
2720240601020005,2024-06-02,京王閣競輪,F2,A3 challenge,5,チャレンジ準決勝,22:42,22:37,7,https://keirin.kdreams.jp/keiokaku/racedetail/2720240601020005/?pageType=odds,2026-10-08T02:28:45.158860+00:00
2720240601020006,2024-06-02,京王閣競輪,F2,A3 challenge,6,チャレンジ準決勝,23:06,23:01,7,https://keirin.kdreams.jp/keiokaku/racedetail/2720240601020006/?pageType=odds,2026-10-08T02:28:47.433319+00:00
2720240601020007,2024-06-02,京王閣競輪,F2,A3 challenge,7,チャレンジ準決勝,23:30,23:25,7,https://keirin.kdreams.jp/keiokaku/racedetail/2720240601020007/?pageType=odds,2026-10-08T02:28:49.407086+00:00
8620240601020001,2024-06-02,別府競輪,F2,A3 challenge,1,チャレンジ一般,15:30,15:25,5,https://keirin.kdreams.jp/beppu/racedetail/8620240601020001/?pageType=odds,2026-10-08T02:27:30.850621+00:00
8620240601020002,2024-06-02,別府競輪,F2,A3 challenge,2,チャレンジ一般,15:54,15:49,6,https://keirin.kdreams.jp/beppu/racedetail/8620240601020002/?pageType=odds,2026-10-08T02:27:32.881063+00:00
8620240601020003,2024-06-02,別府競輪,F2,A3 challenge,3,チャレンジ準決勝,16:19,16:14,7,https://keirin.kdreams.jp/beppu/racedetail/8620240601020003/?pageType=odds,2026-10-08T02:27:35.333737+00:00
8620240601020004,2024-06-02,別府競輪,F2,A3 challenge,4,チャレンジ準決勝,16:44,16:39,7,https://keirin.kdreams.jp/beppu/racedetail/8620240601020004/?pageType=odds,2026-10-08T02:27:37.765833+00:00
8620240601020005,2024-06-02,別府競輪,F2,A3 challenge,5,チャレンジ準決勝,17:09,17:04,7,https://keirin.kdreams.jp/beppu/racedetail/8620240601020005/?pageType=odds,2026-10-08T02:27:39.671330+00:00
3620240531030001,2024-06-02,小田原競輪,F2,A3 challenge,1,チャレンジ一般,08:30,08:25,6,https://keirin.kdreams.jp/odawara/racedetail/3620240531030001/?pageType=odds,2026-10-08T02:27:05.401504+00:00
3620240531030002,2024-06-02,小田原競輪,F2,A3 challenge,2,チャレンジ一般,08:50,08:45,6,https://keirin.kdreams.jp/odawara/racedetail/3620240531030002/?pageType=odds,2026-10-08T02:27:07.443302+00:00
3620240531030003,2024-06-02,小田原競輪,F2,A3 challenge,3,チャレンジ一般,09:10,09:05,6,https://keirin.kdreams.jp/odawara/racedetail/3620240531030003/?pageType=odds,2026-10-08T02:27:09.531277+00:00
3620240531030004,2024-06-02,小田原競輪,F2,A3 challenge,4,チャレンジ選抜,09:30,09:25,7,https://keirin.kdreams.jp/odawara/racedetail/3620240531030004/?pageType=odds,2026-10-08T02:27:12.119861+00:00
3620240531030005,2024-06-02,小田原競輪,F2,A3 challenge,5,チャレンジ選抜,09:50,09:45,7,https://keirin.kdreams.jp/odawara/racedetail/3620240531030005/?pageType=odds,2026-10-08T02:27:14.092491+00:00
3620240531030006,2024-06-02,小田原競輪,F2,A3 challenge,6,チャレンジ選抜,10:10,10:05,7,https://keirin.kdreams.jp/odawara/racedetail/3620240531030006/?pageType=odds,2026-10-08T02:27:16.427996+00:00
3620240531030007,2024-06-02,小田原競輪,F2,A3 challenge,7,チャレンジ決勝,10:30,10:25,7,https://keirin.kdreams.jp/odawara/racedetail/3620240531030007/?pageType=odds,2026-10-08T02:27:18.878831+00:00
4320240601020001,2024-06-02,岐阜競輪,F2,A3 challenge,1,チャレンジ一般,10:40,10:35,7,https://keirin.kdreams.jp/gifu/racedetail/4320240601020001/?pageType=odds,2026-10-08T02:28:02.949436+00:00
4320240601020002,2024-06-02,岐阜競輪,F2,A3 challenge,2,チャレンジ一般,11:05,11:00,7,https://keirin.kdreams.jp/gifu/racedetail/4320240601020002/?pageType=odds,2026-10-08T02:28:05.011493+00:00
4320240601020003,2024-06-02,岐阜競輪,F2,A3 challenge,3,チャレンジ準決勝,11:30,11:25,7,https://keirin.kdreams.jp/gifu/racedetail/4320240601020003/?pageType=odds,2026-10-08T02:28:06.982489+00:00
4320240601020004,2024-06-02,岐阜競輪,F2,A3 challenge,4,チャレンジ準決勝,11:58,11:53,7,https://keirin.kdreams.jp/gifu/racedetail/4320240601020004/?pageType=odds,2026-10-08T02:28:09.035679+00:00
4320240601020005,2024-06-02,岐阜競輪,F2,A3 challenge,5,チャレンジ準決勝,12:26,12:21,7,https://keirin.kdreams.jp/gifu/racedetail/4320240601020005/?pageType=odds,2026-10-08T02:28:10.984702+00:00
2720240601030001,2024-06-03,京王閣競輪,F2,A3 challenge,1,チャレンジ一般,21:06,21:01,5,https://keirin.kdreams.jp/keiokaku/racedetail/2720240601030001/?pageType=odds,2026-10-08T02:28:51.253678+00:00
2720240601030002,2024-06-03,京王閣競輪,F2,A3 challenge,2,チャレンジ一般,21:30,21:25,5,https://keirin.kdreams.jp/keiokaku/racedetail/2720240601030002/?pageType=odds,2026-10-08T02:28:53.067318+00:00
2720240601030003,2024-06-03,京王閣競輪,F2,A3 challenge,3,チャレンジ一般,21:54,21:49,6,https://keirin.kdreams.jp/keiokaku/racedetail/2720240601030003/?pageType=odds,2026-10-08T02:28:54.964213+00:00
2720240601030004,2024-06-03,京王閣競輪,F2,A3 challenge,4,チャレンジ選抜,22:18,22:13,7,https://keirin.kdreams.jp/keiokaku/racedetail/2720240601030004/?pageType=odds,2026-10-08T02:28:57.401359+00:00
2720240601030005,2024-06-03,京王閣競輪,F2,A3 challenge,5,チャレンジ選抜,22:42,22:37,7,https://keirin.kdreams.jp/keiokaku/racedetail/2720240601030005/?pageType=odds,2026-10-08T02:28:59.614058+00:00
2720240601030006,2024-06-03,京王閣競輪,F2,A3 challenge,6,チャレンジ選抜,23:06,23:01,7,https://keirin.kdreams.jp/keiokaku/racedetail/2720240601030006/?pageType=odds,2026-10-08T02:29:02.063628+00:00
2720240601030007,2024-06-03,京王閣競輪,F2,A3 challenge,7,チャレンジ決勝,23:30,23:25,7,https://keirin.kdreams.jp/keiokaku/racedetail/2720240601030007/?pageType=odds,2026-10-08T02:29:04.148526+00:00
8620240601030001,2024-06-03,別府競輪,F2,A3 challenge,1,チャレンジ一般,15:40,15:35,5,https://keirin.kdreams.jp/beppu/racedetail/8620240601030001/?pageType=odds,2026-10-08T02:27:41.719670+00:00
8620240601030002,2024-06-03,別府競輪,F2,A3 challenge,2,チャレンジ一般,16:10,16:05,5,https://keirin.kdreams.jp/beppu/racedetail/8620240601030002/?pageType=odds,2026-10-08T02:27:44.283427+00:00
8620240601030003,2024-06-03,別府競輪,F2,A3 challenge,3,チャレンジ選抜,16:40,16:35,7,https://keirin.kdreams.jp/beppu/racedetail/8620240601030003/?pageType=odds,2026-10-08T02:27:46.326833+00:00
8620240601030004,2024-06-03,別府競輪,F2,A3 challenge,4,チャレンジ選抜,17:04,16:59,7,https://keirin.kdreams.jp/beppu/racedetail/8620240601030004/?pageType=odds,2026-10-08T02:27:48.359997+00:00
8620240601030010,2024-06-03,別府競輪,F2,A3 challenge,10,チャレンジ決勝,19:30,19:25,7,https://keirin.kdreams.jp/beppu/racedetail/8620240601030010/?pageType=odds,2026-10-08T02:27:50.323907+00:00
8120240603010001,2024-06-03,小倉競輪,F2,A3 challenge,1,チャレンジ予選,15:30,15:25,6,https://keirin.kdreams.jp/kokura/racedetail/8120240603010001/?pageType=odds,2026-10-08T02:29:06.474900+00:00
8120240603010002,2024-06-03,小倉競輪,F2,A3 challenge,2,チャレンジ予選,16:00,15:55,7,https://keirin.kdreams.jp/kokura/racedetail/8120240603010002/?pageType=odds,2026-10-08T02:29:09.026876+00:00
8120240603010003,2024-06-03,小倉競輪,F2,A3 challenge,3,チャレンジ予選,16:30,16:25,7,https://keirin.kdreams.jp/kokura/racedetail/8120240603010003/?pageType=odds,2026-10-08T02:29:11.047109+00:00
8120240603010004,2024-06-03,小倉競輪,F2,A3 challenge,4,チャレンジ予選,16:56,16:51,7,https://keirin.kdreams.jp/kokura/racedetail/8120240603010004/?pageType=odds,2026-10-08T02:29:13.481437+00:00
8120240603010005,2024-06-03,小倉競輪,F2,A3 challenge,5,チャレンジ予選,17:20,17:15,7,https://keirin.kdreams.jp/kokura/racedetail/8120240603010005/?pageType=odds,2026-10-08T02:29:15.889557+00:00
4320240601030001,2024-06-03,岐阜競輪,F2,A3 challenge,1,チャレンジ一般,10:40,10:35,6,https://keirin.kdreams.jp/gifu/racedetail/4320240601030001/?pageType=odds,2026-10-08T02:28:13.018718+00:00
4320240601030002,2024-06-03,岐阜競輪,F2,A3 challenge,2,チャレンジ一般,11:05,11:00,6,https://keirin.kdreams.jp/gifu/racedetail/4320240601030002/?pageType=odds,2026-10-08T02:28:15.103794+00:00
4320240601030003,2024-06-03,岐阜競輪,F2,A3 challenge,3,チャレンジ選抜,11:30,11:25,7,https://keirin.kdreams.jp/gifu/racedetail/4320240601030003/?pageType=odds,2026-10-08T02:28:17.167171+00:00
4320240601030004,2024-06-03,岐阜競輪,F2,A3 challenge,4,チャレンジ選抜,11:58,11:53,7,https://keirin.kdreams.jp/gifu/racedetail/4320240601030004/?pageType=odds,2026-10-08T02:28:19.135952+00:00
4320240601030010,2024-06-03,岐阜競輪,F2,A3 challenge,10,チャレンジ決勝,15:04,14:59,7,https://keirin.kdreams.jp/gifu/racedetail/4320240601030010/?pageType=odds,2026-10-08T02:28:21.200970+00:00
8120240603020001,2024-06-04,小倉競輪,F2,A3 challenge,1,チャレンジ一般,15:25,15:20,5,https://keirin.kdreams.jp/kokura/racedetail/8120240603020001/?pageType=odds,2026-10-08T02:29:17.821351+00:00
8120240603020002,2024-06-04,小倉競輪,F2,A3 challenge,2,チャレンジ一般,15:51,15:46,5,https://keirin.kdreams.jp/kokura/racedetail/8120240603020002/?pageType=odds,2026-10-08T02:29:19.986316+00:00
8120240603020003,2024-06-04,小倉競輪,F2,A3 challenge,3,チャレンジ準決勝,16:17,16:12,7,https://keirin.kdreams.jp/kokura/racedetail/8120240603020003/?pageType=odds,2026-10-08T02:29:22.296464+00:00
8120240603020004,2024-06-04,小倉競輪,F2,A3 challenge,4,チャレンジ準決勝,16:43,16:38,7,https://keirin.kdreams.jp/kokura/racedetail/8120240603020004/?pageType=odds,2026-10-08T02:29:24.265236+00:00
8120240603020005,2024-06-04,小倉競輪,F2,A3 challenge,5,チャレンジ準決勝,17:09,17:04,7,https://keirin.kdreams.jp/kokura/racedetail/8120240603020005/?pageType=odds,2026-10-08T02:29:26.880911+00:00
7120240604010001,2024-06-04,高松競輪,F2,A3 challenge,1,チャレンジ予選,08:30,08:25,6,https://keirin.kdreams.jp/takamatsu/racedetail/7120240604010001/?pageType=odds,2026-10-08T02:29:37.357013+00:00
7120240604010002,2024-06-04,高松競輪,F2,A3 challenge,2,チャレンジ予選,08:50,08:45,6,https://keirin.kdreams.jp/takamatsu/racedetail/7120240604010002/?pageType=odds,2026-10-08T02:29:39.383242+00:00
7120240604010003,2024-06-04,高松競輪,F2,A3 challenge,3,チャレンジ予選,09:10,09:05,6,https://keirin.kdreams.jp/takamatsu/racedetail/7120240604010003/?pageType=odds,2026-10-08T02:29:41.333832+00:00
7120240604010004,2024-06-04,高松競輪,F2,A3 challenge,4,チャレンジ予選,09:30,09:25,7,https://keirin.kdreams.jp/takamatsu/racedetail/7120240604010004/?pageType=odds,2026-10-08T02:29:43.604533+00:00
7120240604010005,2024-06-04,高松競輪,F2,A3 challenge,5,チャレンジ予選,09:50,09:45,7,https://keirin.kdreams.jp/takamatsu/racedetail/7120240604010005/?pageType=odds,2026-10-08T02:29:45.798480+00:00
7120240604010006,2024-06-04,高松競輪,F2,A3 challenge,6,チャレンジ予選,10:10,10:05,7,https://keirin.kdreams.jp/takamatsu/racedetail/7120240604010006/?pageType=odds,2026-10-08T02:29:47.755338+00:00
7120240604010007,2024-06-04,高松競輪,F2,A3 challenge,7,チャレンジ予選,10:30,10:25,7,https://keirin.kdreams.jp/takamatsu/racedetail/7120240604010007/?pageType=odds,2026-10-08T02:29:49.688536+00:00
8120240603030001,2024-06-05,小倉競輪,F2,A3 challenge,1,チャレンジ一般,15:57,15:52,7,https://keirin.kdreams.jp/kokura/racedetail/8120240603030001/?pageType=odds,2026-10-08T02:29:29.112985+00:00
8120240603030002,2024-06-05,小倉競輪,F2,A3 challenge,2,チャレンジ選抜,16:23,16:18,7,https://keirin.kdreams.jp/kokura/racedetail/8120240603030002/?pageType=odds,2026-10-08T02:29:31.159869+00:00
8120240603030003,2024-06-05,小倉競輪,F2,A3 challenge,3,チャレンジ選抜,16:49,16:44,7,https://keirin.kdreams.jp/kokura/racedetail/8120240603030003/?pageType=odds,2026-10-08T02:29:33.123347+00:00
8120240603030009,2024-06-05,小倉競輪,F2,A3 challenge,9,チャレンジ決勝,19:25,19:20,7,https://keirin.kdreams.jp/kokura/racedetail/8120240603030009/?pageType=odds,2026-10-08T02:29:35.414416+00:00
7120240604020001,2024-06-05,高松競輪,F2,A3 challenge,1,チャレンジ一般,08:30,08:25,6,https://keirin.kdreams.jp/takamatsu/racedetail/7120240604020001/?pageType=odds,2026-10-08T02:29:51.558866+00:00
7120240604020002,2024-06-05,高松競輪,F2,A3 challenge,2,チャレンジ一般,08:50,08:45,7,https://keirin.kdreams.jp/takamatsu/racedetail/7120240604020002/?pageType=odds,2026-10-08T02:29:53.810537+00:00
7120240604020003,2024-06-05,高松競輪,F2,A3 challenge,3,チャレンジ選抜,09:10,09:05,7,https://keirin.kdreams.jp/takamatsu/racedetail/7120240604020003/?pageType=odds,2026-10-08T02:29:56.152716+00:00
7120240604020004,2024-06-05,高松競輪,F2,A3 challenge,4,チャレンジ選抜,09:30,09:25,7,https://keirin.kdreams.jp/takamatsu/racedetail/7120240604020004/?pageType=odds,2026-10-08T02:29:58.289167+00:00
7120240604020005,2024-06-05,高松競輪,F2,A3 challenge,5,チャレンジ準決勝,09:50,09:45,7,https://keirin.kdreams.jp/takamatsu/racedetail/7120240604020005/?pageType=odds,2026-10-08T02:30:00.243380+00:00
7120240604020006,2024-06-05,高松競輪,F2,A3 challenge,6,チャレンジ準決勝,10:10,10:05,7,https://keirin.kdreams.jp/takamatsu/racedetail/7120240604020006/?pageType=odds,2026-10-08T02:30:02.399805+00:00
7120240604020007,2024-06-05,高松競輪,F2,A3 challenge,7,チャレンジ準決勝,10:30,10:25,7,https://keirin.kdreams.jp/takamatsu/racedetail/7120240604020007/?pageType=odds,2026-10-08T02:30:04.476909+00:00
7120240604030001,2024-06-06,高松競輪,F2,A3 challenge,1,チャレンジ一般,08:30,08:25,7,https://keirin.kdreams.jp/takamatsu/racedetail/7120240604030001/?pageType=odds,2026-10-08T02:30:06.548471+00:00
7120240604030002,2024-06-06,高松競輪,F2,A3 challenge,2,チャレンジ一般,08:50,08:45,7,https://keirin.kdreams.jp/takamatsu/racedetail/7120240604030002/?pageType=odds,2026-10-08T02:30:08.637498+00:00
7120240604030003,2024-06-06,高松競輪,F2,A3 challenge,3,チャレンジ一般,09:10,09:05,7,https://keirin.kdreams.jp/takamatsu/racedetail/7120240604030003/?pageType=odds,2026-10-08T02:30:10.606770+00:00
7120240604030004,2024-06-06,高松競輪,F2,A3 challenge,4,チャレンジ選抜,09:30,09:25,7,https://keirin.kdreams.jp/takamatsu/racedetail/7120240604030004/?pageType=odds,2026-10-08T02:30:12.514267+00:00
7120240604030005,2024-06-06,高松競輪,F2,A3 challenge,5,チャレンジ選抜,09:50,09:45,7,https://keirin.kdreams.jp/takamatsu/racedetail/7120240604030005/?pageType=odds,2026-10-08T02:30:14.449556+00:00
7120240604030006,2024-06-06,高松競輪,F2,A3 challenge,6,チャレンジ選抜,10:10,10:05,7,https://keirin.kdreams.jp/takamatsu/racedetail/7120240604030006/?pageType=odds,2026-10-08T02:30:16.534249+00:00
7120240604030007,2024-06-06,高松競輪,F2,A3 challenge,7,チャレンジ決勝,10:30,10:25,7,https://keirin.kdreams.jp/takamatsu/racedetail/7120240604030007/?pageType=odds,2026-10-08T02:30:18.481953+00:00
4620240607010001,2024-06-07,富山競輪,F2,A3 challenge,1,チャレンジ予選,10:43,10:38,7,https://keirin.kdreams.jp/toyama/racedetail/4620240607010001/?pageType=odds,2026-10-08T02:30:46.287243+00:00
4620240607010002,2024-06-07,富山競輪,F2,A3 challenge,2,チャレンジ予選,11:08,11:03,7,https://keirin.kdreams.jp/toyama/racedetail/4620240607010002/?pageType=odds,2026-10-08T02:30:48.511549+00:00
4620240607010003,2024-06-07,富山競輪,F2,A3 challenge,3,チャレンジ予選,11:33,11:28,7,https://keirin.kdreams.jp/toyama/racedetail/4620240607010003/?pageType=odds,2026-10-08T02:30:50.479520+00:00
4620240607010004,2024-06-07,富山競輪,F2,A3 challenge,4,チャレンジ予選,11:58,11:53,7,https://keirin.kdreams.jp/toyama/racedetail/4620240607010004/?pageType=odds,2026-10-08T02:30:52.476406+00:00
4620240607010005,2024-06-07,富山競輪,F2,A3 challenge,5,チャレンジ予選,12:26,12:21,7,https://keirin.kdreams.jp/toyama/racedetail/4620240607010005/?pageType=odds,2026-10-08T02:30:54.383775+00:00
7520240607010001,2024-06-07,松山競輪,F2,A3 challenge,1,チャレンジ予選,20:50,20:45,7,https://keirin.kdreams.jp/matsuyama/racedetail/7520240607010001/?pageType=odds,2026-10-08T02:30:20.682774+00:00
7520240607010002,2024-06-07,松山競輪,F2,A3 challenge,2,チャレンジ予選,21:10,21:05,7,https://keirin.kdreams.jp/matsuyama/racedetail/7520240607010002/?pageType=odds,2026-10-08T02:30:22.604025+00:00
7520240607010003,2024-06-07,松山競輪,F2,A3 challenge,3,チャレンジ予選,21:30,21:25,7,https://keirin.kdreams.jp/matsuyama/racedetail/7520240607010003/?pageType=odds,2026-10-08T02:30:24.769454+00:00
7520240607010004,2024-06-07,松山競輪,F2,A3 challenge,4,チャレンジ予選,21:50,21:45,7,https://keirin.kdreams.jp/matsuyama/racedetail/7520240607010004/?pageType=odds,2026-10-08T02:30:27.124040+00:00
4520240607010001,2024-06-07,豊橋競輪,F2,A3 challenge,1,チャレンジ予選,20:40,20:35,7,https://keirin.kdreams.jp/toyohashi/racedetail/4520240607010001/?pageType=odds,2026-10-08T02:31:18.521892+00:00
4520240607010002,2024-06-07,豊橋競輪,F2,A3 challenge,2,チャレンジ予選,21:00,20:55,7,https://keirin.kdreams.jp/toyohashi/racedetail/4520240607010002/?pageType=odds,2026-10-08T02:31:20.559469+00:00
4520240607010003,2024-06-07,豊橋競輪,F2,A3 challenge,3,チャレンジ予選,21:20,21:15,7,https://keirin.kdreams.jp/toyohashi/racedetail/4520240607010003/?pageType=odds,2026-10-08T02:31:22.794010+00:00
4520240607010004,2024-06-07,豊橋競輪,F2,A3 challenge,4,チャレンジ予選,21:40,21:35,7,https://keirin.kdreams.jp/toyohashi/racedetail/4520240607010004/?pageType=odds,2026-10-08T02:31:24.764747+00:00
2420240608010001,2024-06-08,宇都宮競輪,F2,A3 challenge,1,チャレンジ予選,09:00,08:55,7,https://keirin.kdreams.jp/utsunomiya/racedetail/2420240608010001/?pageType=odds,2026-10-08T02:31:43.271980+00:00
2420240608010002,2024-06-08,宇都宮競輪,F2,A3 challenge,2,チャレンジ予選,09:20,09:15,7,https://keirin.kdreams.jp/utsunomiya/racedetail/2420240608010002/?pageType=odds,2026-10-08T02:31:45.459857+00:00
2420240608010003,2024-06-08,宇都宮競輪,F2,A3 challenge,3,チャレンジ予選,09:40,09:35,7,https://keirin.kdreams.jp/utsunomiya/racedetail/2420240608010003/?pageType=odds,2026-10-08T02:31:47.364024+00:00
2420240608010004,2024-06-08,宇都宮競輪,F2,A3 challenge,4,チャレンジ予選,10:00,09:55,7,https://keirin.kdreams.jp/utsunomiya/racedetail/2420240608010004/?pageType=odds,2026-10-08T02:31:49.284725+00:00
2420240608010005,2024-06-08,宇都宮競輪,F2,A3 challenge,5,チャレンジ予選,10:20,10:15,7,https://keirin.kdreams.jp/utsunomiya/racedetail/2420240608010005/?pageType=odds,2026-10-08T02:31:51.156378+00:00
2420240608010006,2024-06-08,宇都宮競輪,F2,A3 challenge,6,チャレンジ予選,10:40,10:35,7,https://keirin.kdreams.jp/utsunomiya/racedetail/2420240608010006/?pageType=odds,2026-10-08T02:31:53.122948+00:00
2420240608010007,2024-06-08,宇都宮競輪,F2,A3 challenge,7,チャレンジ予選,11:00,10:55,7,https://keirin.kdreams.jp/utsunomiya/racedetail/2420240608010007/?pageType=odds,2026-10-08T02:31:55.026932+00:00
4620240607020001,2024-06-08,富山競輪,F2,A3 challenge,1,チャレンジ一般,10:43,10:38,7,https://keirin.kdreams.jp/toyama/racedetail/4620240607020001/?pageType=odds,2026-10-08T02:30:56.338175+00:00
4620240607020002,2024-06-08,富山競輪,F2,A3 challenge,2,チャレンジ一般,11:08,11:03,7,https://keirin.kdreams.jp/toyama/racedetail/4620240607020002/?pageType=odds,2026-10-08T02:30:58.361955+00:00
4620240607020003,2024-06-08,富山競輪,F2,A3 challenge,3,チャレンジ準決勝,11:33,11:28,7,https://keirin.kdreams.jp/toyama/racedetail/4620240607020003/?pageType=odds,2026-10-08T02:31:00.404213+00:00
4620240607020004,2024-06-08,富山競輪,F2,A3 challenge,4,チャレンジ準決勝,11:58,11:53,7,https://keirin.kdreams.jp/toyama/racedetail/4620240607020004/?pageType=odds,2026-10-08T02:31:02.402234+00:00
4620240607020005,2024-06-08,富山競輪,F2,A3 challenge,5,チャレンジ準決勝,12:26,12:21,7,https://keirin.kdreams.jp/toyama/racedetail/4620240607020005/?pageType=odds,2026-10-08T02:31:04.637792+00:00
7520240607020001,2024-06-08,松山競輪,F2,A3 challenge,1,チャレンジ一般,20:50,20:45,7,https://keirin.kdreams.jp/matsuyama/racedetail/7520240607020001/?pageType=odds,2026-10-08T02:30:29.346332+00:00
7520240607020002,2024-06-08,松山競輪,F2,A3 challenge,2,チャレンジ一般,21:10,21:05,7,https://keirin.kdreams.jp/matsuyama/racedetail/7520240607020002/?pageType=odds,2026-10-08T02:30:31.686832+00:00
7520240607020003,2024-06-08,松山競輪,F2,A3 challenge,3,チャレンジ準決勝,21:30,21:25,7,https://keirin.kdreams.jp/matsuyama/racedetail/7520240607020003/?pageType=odds,2026-10-08T02:30:33.902034+00:00
7520240607020004,2024-06-08,松山競輪,F2,A3 challenge,4,チャレンジ準決勝,21:50,21:45,7,https://keirin.kdreams.jp/matsuyama/racedetail/7520240607020004/?pageType=odds,2026-10-08T02:30:35.928009+00:00
4520240607020001,2024-06-08,豊橋競輪,F2,A3 challenge,1,チャレンジ一般,20:40,20:35,6,https://keirin.kdreams.jp/toyohashi/racedetail/4520240607020001/?pageType=odds,2026-10-08T02:31:26.633667+00:00
4520240607020002,2024-06-08,豊橋競輪,F2,A3 challenge,2,チャレンジ一般,21:00,20:55,6,https://keirin.kdreams.jp/toyohashi/racedetail/4520240607020002/?pageType=odds,2026-10-08T02:31:28.451596+00:00
4520240607020003,2024-06-08,豊橋競輪,F2,A3 challenge,3,チャレンジ準決勝,21:20,21:15,7,https://keirin.kdreams.jp/toyohashi/racedetail/4520240607020003/?pageType=odds,2026-10-08T02:31:30.984749+00:00
4520240607020004,2024-06-08,豊橋競輪,F2,A3 challenge,4,チャレンジ準決勝,21:40,21:35,7,https://keirin.kdreams.jp/toyohashi/racedetail/4520240607020004/?pageType=odds,2026-10-08T02:31:32.923688+00:00
2420240608020001,2024-06-09,宇都宮競輪,F2,A3 challenge,1,チャレンジ一般,09:00,08:55,7,https://keirin.kdreams.jp/utsunomiya/racedetail/2420240608020001/?pageType=odds,2026-10-08T02:31:57.109649+00:00
2420240608020002,2024-06-09,宇都宮競輪,F2,A3 challenge,2,チャレンジ一般,09:20,09:15,7,https://keirin.kdreams.jp/utsunomiya/racedetail/2420240608020002/?pageType=odds,2026-10-08T02:31:59.177640+00:00
2420240608020003,2024-06-09,宇都宮競輪,F2,A3 challenge,3,チャレンジ選抜,09:40,09:35,7,https://keirin.kdreams.jp/utsunomiya/racedetail/2420240608020003/?pageType=odds,2026-10-08T02:32:01.176544+00:00
2420240608020004,2024-06-09,宇都宮競輪,F2,A3 challenge,4,チャレンジ選抜,10:00,09:55,7,https://keirin.kdreams.jp/utsunomiya/racedetail/2420240608020004/?pageType=odds,2026-10-08T02:32:03.239415+00:00
2420240608020005,2024-06-09,宇都宮競輪,F2,A3 challenge,5,チャレンジ準決勝,10:20,10:15,7,https://keirin.kdreams.jp/utsunomiya/racedetail/2420240608020005/?pageType=odds,2026-10-08T02:32:05.673067+00:00
2420240608020006,2024-06-09,宇都宮競輪,F2,A3 challenge,6,チャレンジ準決勝,10:40,10:35,7,https://keirin.kdreams.jp/utsunomiya/racedetail/2420240608020006/?pageType=odds,2026-10-08T02:32:08.075979+00:00
2420240608020007,2024-06-09,宇都宮競輪,F2,A3 challenge,7,チャレンジ準決勝,11:00,10:55,7,https://keirin.kdreams.jp/utsunomiya/racedetail/2420240608020007/?pageType=odds,2026-10-08T02:32:10.166911+00:00
4620240607030001,2024-06-09,富山競輪,F2,A3 challenge,1,チャレンジ一般,10:43,10:38,6,https://keirin.kdreams.jp/toyama/racedetail/4620240607030001/?pageType=odds,2026-10-08T02:31:06.711080+00:00
4620240607030002,2024-06-09,富山競輪,F2,A3 challenge,2,チャレンジ一般,11:08,11:03,7,https://keirin.kdreams.jp/toyama/racedetail/4620240607030002/?pageType=odds,2026-10-08T02:31:09.133139+00:00
4620240607030003,2024-06-09,富山競輪,F2,A3 challenge,3,チャレンジ選抜,11:33,11:28,7,https://keirin.kdreams.jp/toyama/racedetail/4620240607030003/?pageType=odds,2026-10-08T02:31:11.559786+00:00
4620240607030004,2024-06-09,富山競輪,F2,A3 challenge,4,チャレンジ選抜,11:58,11:53,7,https://keirin.kdreams.jp/toyama/racedetail/4620240607030004/?pageType=odds,2026-10-08T02:31:13.702452+00:00
4620240607030011,2024-06-09,富山競輪,F2,A3 challenge,11,チャレンジ決勝,15:25,15:20,7,https://keirin.kdreams.jp/toyama/racedetail/4620240607030011/?pageType=odds,2026-10-08T02:31:16.253698+00:00
7520240607030001,2024-06-09,松山競輪,F2,A3 challenge,1,チャレンジ一般,20:50,20:45,7,https://keirin.kdreams.jp/matsuyama/racedetail/7520240607030001/?pageType=odds,2026-10-08T02:30:38.030822+00:00
7520240607030002,2024-06-09,松山競輪,F2,A3 challenge,2,チャレンジ一般,21:10,21:05,7,https://keirin.kdreams.jp/matsuyama/racedetail/7520240607030002/?pageType=odds,2026-10-08T02:30:39.985406+00:00
7520240607030003,2024-06-09,松山競輪,F2,A3 challenge,3,チャレンジ選抜,21:30,21:25,7,https://keirin.kdreams.jp/matsuyama/racedetail/7520240607030003/?pageType=odds,2026-10-08T02:30:42.155386+00:00
7520240607030008,2024-06-09,松山競輪,F2,A3 challenge,8,チャレンジ決勝,23:10,23:05,7,https://keirin.kdreams.jp/matsuyama/racedetail/7520240607030008/?pageType=odds,2026-10-08T02:30:44.155884+00:00
4520240607030001,2024-06-09,豊橋競輪,F2,A3 challenge,1,チャレンジ一般,20:40,20:35,5,https://keirin.kdreams.jp/toyohashi/racedetail/4520240607030001/?pageType=odds,2026-10-08T02:31:34.757015+00:00
4520240607030002,2024-06-09,豊橋競輪,F2,A3 challenge,2,チャレンジ一般,21:00,20:55,6,https://keirin.kdreams.jp/toyohashi/racedetail/4520240607030002/?pageType=odds,2026-10-08T02:31:37.269212+00:00
4520240607030003,2024-06-09,豊橋競輪,F2,A3 challenge,3,チャレンジ選抜,21:20,21:15,7,https://keirin.kdreams.jp/toyohashi/racedetail/4520240607030003/?pageType=odds,2026-10-08T02:31:39.242052+00:00
4520240607030008,2024-06-09,豊橋競輪,F2,A3 challenge,8,チャレンジ決勝,23:00,22:55,7,https://keirin.kdreams.jp/toyohashi/racedetail/4520240607030008/?pageType=odds,2026-10-08T02:31:41.238353+00:00
2420240608030001,2024-06-10,宇都宮競輪,F2,A3 challenge,1,チャレンジ一般,09:00,08:55,7,https://keirin.kdreams.jp/utsunomiya/racedetail/2420240608030001/?pageType=odds,2026-10-08T02:32:12.437945+00:00
2420240608030002,2024-06-10,宇都宮競輪,F2,A3 challenge,2,チャレンジ一般,09:20,09:15,7,https://keirin.kdreams.jp/utsunomiya/racedetail/2420240608030002/?pageType=odds,2026-10-08T02:32:14.398659+00:00
2420240608030003,2024-06-10,宇都宮競輪,F2,A3 challenge,3,チャレンジ一般,09:40,09:35,7,https://keirin.kdreams.jp/utsunomiya/racedetail/2420240608030003/?pageType=odds,2026-10-08T02:32:16.415520+00:00
2420240608030004,2024-06-10,宇都宮競輪,F2,A3 challenge,4,チャレンジ選抜,10:00,09:55,7,https://keirin.kdreams.jp/utsunomiya/racedetail/2420240608030004/?pageType=odds,2026-10-08T02:32:18.436509+00:00
2420240608030005,2024-06-10,宇都宮競輪,F2,A3 challenge,5,チャレンジ選抜,10:20,10:15,7,https://keirin.kdreams.jp/utsunomiya/racedetail/2420240608030005/?pageType=odds,2026-10-08T02:32:20.632300+00:00
2420240608030006,2024-06-10,宇都宮競輪,F2,A3 challenge,6,チャレンジ選抜,10:40,10:35,7,https://keirin.kdreams.jp/utsunomiya/racedetail/2420240608030006/?pageType=odds,2026-10-08T02:32:22.592660+00:00
2420240608030007,2024-06-10,宇都宮競輪,F2,A3 challenge,7,チャレンジ決勝,11:00,10:55,7,https://keirin.kdreams.jp/utsunomiya/racedetail/2420240608030007/?pageType=odds,2026-10-08T02:32:24.541193+00:00
1220240610010001,2024-06-10,青森競輪,F2,A3 challenge,1,チャレンジ予選,20:40,20:35,7,https://keirin.kdreams.jp/aomori/racedetail/1220240610010001/?pageType=odds,2026-10-08T02:32:26.582488+00:00
1220240610010002,2024-06-10,青森競輪,F2,A3 challenge,2,チャレンジ予選,21:00,20:55,7,https://keirin.kdreams.jp/aomori/racedetail/1220240610010002/?pageType=odds,2026-10-08T02:32:28.675340+00:00
1220240610010003,2024-06-10,青森競輪,F2,A3 challenge,3,チャレンジ予選,21:20,21:15,7,https://keirin.kdreams.jp/aomori/racedetail/1220240610010003/?pageType=odds,2026-10-08T02:32:31.033552+00:00
1220240610010004,2024-06-10,青森競輪,F2,A3 challenge,4,チャレンジ予選,21:40,21:35,7,https://keirin.kdreams.jp/aomori/racedetail/1220240610010004/?pageType=odds,2026-10-08T02:32:33.249321+00:00
1220240610020001,2024-06-11,青森競輪,F2,A3 challenge,1,チャレンジ一般,20:40,20:35,7,https://keirin.kdreams.jp/aomori/racedetail/1220240610020001/?pageType=odds,2026-10-08T02:32:35.450428+00:00
1220240610020002,2024-06-11,青森競輪,F2,A3 challenge,2,チャレンジ一般,21:00,20:55,7,https://keirin.kdreams.jp/aomori/racedetail/1220240610020002/?pageType=odds,2026-10-08T02:32:37.467383+00:00
1220240610020003,2024-06-11,青森競輪,F2,A3 challenge,3,チャレンジ準決勝,21:20,21:15,7,https://keirin.kdreams.jp/aomori/racedetail/1220240610020003/?pageType=odds,2026-10-08T02:32:39.522364+00:00
1220240610020004,2024-06-11,青森競輪,F2,A3 challenge,4,チャレンジ準決勝,21:40,21:35,7,https://keirin.kdreams.jp/aomori/racedetail/1220240610020004/?pageType=odds,2026-10-08T02:32:41.782205+00:00
1220240610030001,2024-06-12,青森競輪,F2,A3 challenge,1,チャレンジ一般,20:40,20:35,7,https://keirin.kdreams.jp/aomori/racedetail/1220240610030001/?pageType=odds,2026-10-08T02:32:43.781196+00:00
1220240610030002,2024-06-12,青森競輪,F2,A3 challenge,2,チャレンジ一般,21:00,20:55,7,https://keirin.kdreams.jp/aomori/racedetail/1220240610030002/?pageType=odds,2026-10-08T02:32:45.949044+00:00
1220240610030003,2024-06-12,青森競輪,F2,A3 challenge,3,チャレンジ選抜,21:20,21:15,7,https://keirin.kdreams.jp/aomori/racedetail/1220240610030003/?pageType=odds,2026-10-08T02:32:48.107557+00:00
1220240610030008,2024-06-12,青森競輪,F2,A3 challenge,8,チャレンジ決勝,23:00,22:55,7,https://keirin.kdreams.jp/aomori/racedetail/1220240610030008/?pageType=odds,2026-10-08T02:32:50.130994+00:00
2820240613010001,2024-06-13,立川競輪,F2,A3 challenge,1,チャレンジ予選,08:40,08:35,7,https://keirin.kdreams.jp/tachikawa/racedetail/2820240613010001/?pageType=odds,2026-10-08T02:32:53.333413+00:00
2820240613010002,2024-06-13,立川競輪,F2,A3 challenge,2,チャレンジ予選,09:00,08:55,7,https://keirin.kdreams.jp/tachikawa/racedetail/2820240613010002/?pageType=odds,2026-10-08T02:32:55.759972+00:00
2820240613010003,2024-06-13,立川競輪,F2,A3 challenge,3,チャレンジ予選,09:20,09:15,7,https://keirin.kdreams.jp/tachikawa/racedetail/2820240613010003/?pageType=odds,2026-10-08T02:32:58.666685+00:00
2820240613010004,2024-06-13,立川競輪,F2,A3 challenge,4,チャレンジ予選,09:40,09:35,7,https://keirin.kdreams.jp/tachikawa/racedetail/2820240613010004/?pageType=odds,2026-10-08T02:33:01.473508+00:00
2820240613010005,2024-06-13,立川競輪,F2,A3 challenge,5,チャレンジ予選,10:00,09:55,7,https://keirin.kdreams.jp/tachikawa/racedetail/2820240613010005/?pageType=odds,2026-10-08T02:33:03.864024+00:00
2820240613010006,2024-06-13,立川競輪,F2,A3 challenge,6,チャレンジ予選,10:20,10:15,7,https://keirin.kdreams.jp/tachikawa/racedetail/2820240613010006/?pageType=odds,2026-10-08T02:33:06.072570+00:00
2820240613010007,2024-06-13,立川競輪,F2,A3 challenge,7,チャレンジ予選,10:40,10:35,7,https://keirin.kdreams.jp/tachikawa/racedetail/2820240613010007/?pageType=odds,2026-10-08T02:33:08.135375+00:00
6120240614010001,2024-06-14,玉野競輪,F2,A3 challenge,1,チャレンジ予選,15:42,15:37,7,https://keirin.kdreams.jp/tamano/racedetail/6120240614010001/?pageType=odds,2026-10-08T02:33:40.439438+00:00
6120240614010002,2024-06-14,玉野競輪,F2,A3 challenge,2,チャレンジ予選,16:06,16:01,7,https://keirin.kdreams.jp/tamano/racedetail/6120240614010002/?pageType=odds,2026-10-08T02:33:42.930993+00:00
6120240614010003,2024-06-14,玉野競輪,F2,A3 challenge,3,チャレンジ予選,16:30,16:25,7,https://keirin.kdreams.jp/tamano/racedetail/6120240614010003/?pageType=odds,2026-10-08T02:33:45.477526+00:00
6120240614010004,2024-06-14,玉野競輪,F2,A3 challenge,4,チャレンジ予選,16:55,16:50,7,https://keirin.kdreams.jp/tamano/racedetail/6120240614010004/?pageType=odds,2026-10-08T02:33:47.746333+00:00
6120240614010005,2024-06-14,玉野競輪,F2,A3 challenge,5,チャレンジ予選,17:20,17:15,7,https://keirin.kdreams.jp/tamano/racedetail/6120240614010005/?pageType=odds,2026-10-08T02:33:49.733300+00:00
2820240613020001,2024-06-14,立川競輪,F2,A3 challenge,1,チャレンジ一般,08:40,08:35,7,https://keirin.kdreams.jp/tachikawa/racedetail/2820240613020001/?pageType=odds,2026-10-08T02:33:10.228697+00:00
2820240613020002,2024-06-14,立川競輪,F2,A3 challenge,2,チャレンジ一般,09:00,08:55,7,https://keirin.kdreams.jp/tachikawa/racedetail/2820240613020002/?pageType=odds,2026-10-08T02:33:12.590214+00:00
2820240613020003,2024-06-14,立川競輪,F2,A3 challenge,3,チャレンジ選抜,09:20,09:15,7,https://keirin.kdreams.jp/tachikawa/racedetail/2820240613020003/?pageType=odds,2026-10-08T02:33:14.878371+00:00
2820240613020004,2024-06-14,立川競輪,F2,A3 challenge,4,チャレンジ選抜,09:40,09:35,7,https://keirin.kdreams.jp/tachikawa/racedetail/2820240613020004/?pageType=odds,2026-10-08T02:33:16.873818+00:00
2820240613020005,2024-06-14,立川競輪,F2,A3 challenge,5,チャレンジ準決勝,10:00,09:55,7,https://keirin.kdreams.jp/tachikawa/racedetail/2820240613020005/?pageType=odds,2026-10-08T02:33:18.971111+00:00
2820240613020006,2024-06-14,立川競輪,F2,A3 challenge,6,チャレンジ準決勝,10:20,10:15,7,https://keirin.kdreams.jp/tachikawa/racedetail/2820240613020006/?pageType=odds,2026-10-08T02:33:21.169304+00:00
2820240613020007,2024-06-14,立川競輪,F2,A3 challenge,7,チャレンジ準決勝,10:40,10:35,7,https://keirin.kdreams.jp/tachikawa/racedetail/2820240613020007/?pageType=odds,2026-10-08T02:33:23.504465+00:00
6120240614020001,2024-06-15,玉野競輪,F2,A3 challenge,1,チャレンジ一般,15:42,15:37,6,https://keirin.kdreams.jp/tamano/racedetail/6120240614020001/?pageType=odds,2026-10-08T02:33:51.651971+00:00
6120240614020002,2024-06-15,玉野競輪,F2,A3 challenge,2,チャレンジ一般,16:06,16:01,7,https://keirin.kdreams.jp/tamano/racedetail/6120240614020002/?pageType=odds,2026-10-08T02:33:53.872066+00:00
6120240614020003,2024-06-15,玉野競輪,F2,A3 challenge,3,チャレンジ準決勝,16:30,16:25,7,https://keirin.kdreams.jp/tamano/racedetail/6120240614020003/?pageType=odds,2026-10-08T02:33:55.889237+00:00
6120240614020004,2024-06-15,玉野競輪,F2,A3 challenge,4,チャレンジ準決勝,16:55,16:50,7,https://keirin.kdreams.jp/tamano/racedetail/6120240614020004/?pageType=odds,2026-10-08T02:33:57.870700+00:00
6120240614020005,2024-06-15,玉野競輪,F2,A3 challenge,5,チャレンジ準決勝,17:20,17:15,7,https://keirin.kdreams.jp/tamano/racedetail/6120240614020005/?pageType=odds,2026-10-08T02:34:00.362589+00:00
2820240613030001,2024-06-15,立川競輪,F2,A3 challenge,1,チャレンジ一般,08:40,08:35,5,https://keirin.kdreams.jp/tachikawa/racedetail/2820240613030001/?pageType=odds,2026-10-08T02:33:25.369109+00:00
2820240613030002,2024-06-15,立川競輪,F2,A3 challenge,2,チャレンジ一般,09:00,08:55,5,https://keirin.kdreams.jp/tachikawa/racedetail/2820240613030002/?pageType=odds,2026-10-08T02:33:27.278689+00:00
2820240613030003,2024-06-15,立川競輪,F2,A3 challenge,3,チャレンジ一般,09:20,09:15,5,https://keirin.kdreams.jp/tachikawa/racedetail/2820240613030003/?pageType=odds,2026-10-08T02:33:29.232318+00:00
2820240613030004,2024-06-15,立川競輪,F2,A3 challenge,4,チャレンジ選抜,09:40,09:35,6,https://keirin.kdreams.jp/tachikawa/racedetail/2820240613030004/?pageType=odds,2026-10-08T02:33:31.838385+00:00
2820240613030005,2024-06-15,立川競輪,F2,A3 challenge,5,チャレンジ選抜,10:00,09:55,6,https://keirin.kdreams.jp/tachikawa/racedetail/2820240613030005/?pageType=odds,2026-10-08T02:33:34.027791+00:00
2820240613030006,2024-06-15,立川競輪,F2,A3 challenge,6,チャレンジ選抜,10:20,10:15,7,https://keirin.kdreams.jp/tachikawa/racedetail/2820240613030006/?pageType=odds,2026-10-08T02:33:36.088765+00:00
2820240613030007,2024-06-15,立川競輪,F2,A3 challenge,7,チャレンジ決勝,10:40,10:35,7,https://keirin.kdreams.jp/tachikawa/racedetail/2820240613030007/?pageType=odds,2026-10-08T02:33:38.456485+00:00
2620240615010001,2024-06-15,西武園競輪,F2,A3 challenge,1,チャレンジ予選,15:23,15:18,7,https://keirin.kdreams.jp/seibuen/racedetail/2620240615010001/?pageType=odds,2026-10-08T02:34:15.312463+00:00
2620240615010002,2024-06-15,西武園競輪,F2,A3 challenge,2,チャレンジ予選,15:48,15:43,7,https://keirin.kdreams.jp/seibuen/racedetail/2620240615010002/?pageType=odds,2026-10-08T02:34:17.890866+00:00
2620240615010003,2024-06-15,西武園競輪,F2,A3 challenge,3,チャレンジ予選,16:14,16:09,7,https://keirin.kdreams.jp/seibuen/racedetail/2620240615010003/?pageType=odds,2026-10-08T02:34:20.115167+00:00
2620240615010004,2024-06-15,西武園競輪,F2,A3 challenge,4,チャレンジ予選,16:40,16:35,7,https://keirin.kdreams.jp/seibuen/racedetail/2620240615010004/?pageType=odds,2026-10-08T02:34:22.135575+00:00
2620240615010005,2024-06-15,西武園競輪,F2,A3 challenge,5,チャレンジ予選,17:06,17:01,7,https://keirin.kdreams.jp/seibuen/racedetail/2620240615010005/?pageType=odds,2026-10-08T02:34:24.391587+00:00
1320240616010001,2024-06-16,いわき平競輪,F2,A3 challenge,1,チャレンジ予選,21:02,20:57,7,https://keirin.kdreams.jp/iwakitaira/racedetail/1320240616010001/?pageType=odds,2026-10-08T02:34:48.588551+00:00
1320240616010002,2024-06-16,いわき平競輪,F2,A3 challenge,2,チャレンジ予選,21:26,21:21,7,https://keirin.kdreams.jp/iwakitaira/racedetail/1320240616010002/?pageType=odds,2026-10-08T02:34:50.743900+00:00
1320240616010003,2024-06-16,いわき平競輪,F2,A3 challenge,3,チャレンジ予選,21:50,21:45,7,https://keirin.kdreams.jp/iwakitaira/racedetail/1320240616010003/?pageType=odds,2026-10-08T02:34:52.805960+00:00
1320240616010004,2024-06-16,いわき平競輪,F2,A3 challenge,4,チャレンジ予選,22:14,22:09,7,https://keirin.kdreams.jp/iwakitaira/racedetail/1320240616010004/?pageType=odds,2026-10-08T02:34:55.367536+00:00
1320240616010005,2024-06-16,いわき平競輪,F2,A3 challenge,5,チャレンジ予選,22:38,22:33,7,https://keirin.kdreams.jp/iwakitaira/racedetail/1320240616010005/?pageType=odds,2026-10-08T02:34:57.782820+00:00
1320240616010006,2024-06-16,いわき平競輪,F2,A3 challenge,6,チャレンジ予選,23:04,22:59,7,https://keirin.kdreams.jp/iwakitaira/racedetail/1320240616010006/?pageType=odds,2026-10-08T02:35:00.382002+00:00
1320240616010007,2024-06-16,いわき平競輪,F2,A3 challenge,7,チャレンジ予選,23:30,23:25,7,https://keirin.kdreams.jp/iwakitaira/racedetail/1320240616010007/?pageType=odds,2026-10-08T02:35:02.554560+00:00
8120240616010001,2024-06-16,小倉競輪,F2,A3 challenge,1,チャレンジ予選,20:50,20:45,6,https://keirin.kdreams.jp/kokura/racedetail/8120240616010001/?pageType=odds,2026-10-08T02:35:39.066223+00:00
8120240616010002,2024-06-16,小倉競輪,F2,A3 challenge,2,チャレンジ予選,21:14,21:09,6,https://keirin.kdreams.jp/kokura/racedetail/8120240616010002/?pageType=odds,2026-10-08T02:35:41.329471+00:00
8120240616010003,2024-06-16,小倉競輪,F2,A3 challenge,3,チャレンジ予選,21:38,21:33,7,https://keirin.kdreams.jp/kokura/racedetail/8120240616010003/?pageType=odds,2026-10-08T02:35:43.524358+00:00
8120240616010004,2024-06-16,小倉競輪,F2,A3 challenge,4,チャレンジ予選,22:02,21:57,7,https://keirin.kdreams.jp/kokura/racedetail/8120240616010004/?pageType=odds,2026-10-08T02:35:45.999630+00:00
8120240616010005,2024-06-16,小倉競輪,F2,A3 challenge,5,チャレンジ予選,22:26,22:21,7,https://keirin.kdreams.jp/kokura/racedetail/8120240616010005/?pageType=odds,2026-10-08T02:35:48.200108+00:00
8120240616010006,2024-06-16,小倉競輪,F2,A3 challenge,6,チャレンジ予選,22:52,22:47,7,https://keirin.kdreams.jp/kokura/racedetail/8120240616010006/?pageType=odds,2026-10-08T02:35:50.360778+00:00
8120240616010007,2024-06-16,小倉競輪,F2,A3 challenge,7,チャレンジ予選,23:18,23:13,7,https://keirin.kdreams.jp/kokura/racedetail/8120240616010007/?pageType=odds,2026-10-08T02:35:52.485441+00:00
6120240614030001,2024-06-16,玉野競輪,F2,A3 challenge,1,チャレンジ一般,15:58,15:53,6,https://keirin.kdreams.jp/tamano/racedetail/6120240614030001/?pageType=odds,2026-10-08T02:34:02.722647+00:00
6120240614030002,2024-06-16,玉野競輪,F2,A3 challenge,2,チャレンジ一般,16:23,16:18,6,https://keirin.kdreams.jp/tamano/racedetail/6120240614030002/?pageType=odds,2026-10-08T02:34:05.265603+00:00
6120240614030003,2024-06-16,玉野競輪,F2,A3 challenge,3,チャレンジ選抜,16:48,16:43,7,https://keirin.kdreams.jp/tamano/racedetail/6120240614030003/?pageType=odds,2026-10-08T02:34:07.374814+00:00
6120240614030004,2024-06-16,玉野競輪,F2,A3 challenge,4,チャレンジ選抜,17:13,17:08,7,https://keirin.kdreams.jp/tamano/racedetail/6120240614030004/?pageType=odds,2026-10-08T02:34:09.414283+00:00
6120240614030011,2024-06-16,玉野競輪,F2,A3 challenge,11,チャレンジ決勝,20:08,20:03,7,https://keirin.kdreams.jp/tamano/racedetail/6120240614030011/?pageType=odds,2026-10-08T02:34:12.871257+00:00
2620240615020001,2024-06-16,西武園競輪,F2,A3 challenge,1,チャレンジ一般,15:23,15:18,7,https://keirin.kdreams.jp/seibuen/racedetail/2620240615020001/?pageType=odds,2026-10-08T02:34:26.368076+00:00
2620240615020002,2024-06-16,西武園競輪,F2,A3 challenge,2,チャレンジ一般,15:48,15:43,7,https://keirin.kdreams.jp/seibuen/racedetail/2620240615020002/?pageType=odds,2026-10-08T02:34:28.698361+00:00
2620240615020003,2024-06-16,西武園競輪,F2,A3 challenge,3,チャレンジ準決勝,16:14,16:09,7,https://keirin.kdreams.jp/seibuen/racedetail/2620240615020003/?pageType=odds,2026-10-08T02:34:30.712131+00:00
2620240615020004,2024-06-16,西武園競輪,F2,A3 challenge,4,チャレンジ準決勝,16:40,16:35,7,https://keirin.kdreams.jp/seibuen/racedetail/2620240615020004/?pageType=odds,2026-10-08T02:34:32.814144+00:00
2620240615020005,2024-06-16,西武園競輪,F2,A3 challenge,5,チャレンジ準決勝,17:06,17:01,7,https://keirin.kdreams.jp/seibuen/racedetail/2620240615020005/?pageType=odds,2026-10-08T02:34:35.038288+00:00
1320240616020001,2024-06-17,いわき平競輪,F2,A3 challenge,1,チャレンジ一般,21:02,20:57,7,https://keirin.kdreams.jp/iwakitaira/racedetail/1320240616020001/?pageType=odds,2026-10-08T02:35:04.592675+00:00
1320240616020002,2024-06-17,いわき平競輪,F2,A3 challenge,2,チャレンジ一般,21:26,21:21,7,https://keirin.kdreams.jp/iwakitaira/racedetail/1320240616020002/?pageType=odds,2026-10-08T02:35:06.902807+00:00
1320240616020003,2024-06-17,いわき平競輪,F2,A3 challenge,3,チャレンジ選抜,21:50,21:45,7,https://keirin.kdreams.jp/iwakitaira/racedetail/1320240616020003/?pageType=odds,2026-10-08T02:35:09.027801+00:00
1320240616020004,2024-06-17,いわき平競輪,F2,A3 challenge,4,チャレンジ選抜,22:14,22:09,7,https://keirin.kdreams.jp/iwakitaira/racedetail/1320240616020004/?pageType=odds,2026-10-08T02:35:11.047128+00:00
1320240616020005,2024-06-17,いわき平競輪,F2,A3 challenge,5,チャレンジ準決勝,22:38,22:33,7,https://keirin.kdreams.jp/iwakitaira/racedetail/1320240616020005/?pageType=odds,2026-10-08T02:35:13.474831+00:00
1320240616020006,2024-06-17,いわき平競輪,F2,A3 challenge,6,チャレンジ準決勝,23:04,22:59,7,https://keirin.kdreams.jp/iwakitaira/racedetail/1320240616020006/?pageType=odds,2026-10-08T02:35:15.881179+00:00
1320240616020007,2024-06-17,いわき平競輪,F2,A3 challenge,7,チャレンジ準決勝,23:30,23:25,7,https://keirin.kdreams.jp/iwakitaira/racedetail/1320240616020007/?pageType=odds,2026-10-08T02:35:18.165358+00:00
8120240616020001,2024-06-17,小倉競輪,F2,A3 challenge,1,チャレンジ一般,21:14,21:09,7,https://keirin.kdreams.jp/kokura/racedetail/8120240616020001/?pageType=odds,2026-10-08T02:35:54.550640+00:00
8120240616020002,2024-06-17,小倉競輪,F2,A3 challenge,2,チャレンジ選抜,21:38,21:33,7,https://keirin.kdreams.jp/kokura/racedetail/8120240616020002/?pageType=odds,2026-10-08T02:35:57.223060+00:00
8120240616020003,2024-06-17,小倉競輪,F2,A3 challenge,3,チャレンジ選抜,22:02,21:57,7,https://keirin.kdreams.jp/kokura/racedetail/8120240616020003/?pageType=odds,2026-10-08T02:35:59.233167+00:00
8120240616020004,2024-06-17,小倉競輪,F2,A3 challenge,4,チャレンジ準決勝,22:26,22:21,7,https://keirin.kdreams.jp/kokura/racedetail/8120240616020004/?pageType=odds,2026-10-08T02:36:01.396362+00:00
8120240616020005,2024-06-17,小倉競輪,F2,A3 challenge,5,チャレンジ準決勝,22:52,22:47,7,https://keirin.kdreams.jp/kokura/racedetail/8120240616020005/?pageType=odds,2026-10-08T02:36:03.663158+00:00
8120240616020006,2024-06-17,小倉競輪,F2,A3 challenge,6,チャレンジ準決勝,23:18,23:13,7,https://keirin.kdreams.jp/kokura/racedetail/8120240616020006/?pageType=odds,2026-10-08T02:36:05.672252+00:00
2620240615030001,2024-06-17,西武園競輪,F2,A3 challenge,1,チャレンジ一般,15:23,15:18,7,https://keirin.kdreams.jp/seibuen/racedetail/2620240615030001/?pageType=odds,2026-10-08T02:34:37.177587+00:00
2620240615030002,2024-06-17,西武園競輪,F2,A3 challenge,2,チャレンジ一般,15:48,15:43,7,https://keirin.kdreams.jp/seibuen/racedetail/2620240615030002/?pageType=odds,2026-10-08T02:34:39.833616+00:00
2620240615030003,2024-06-17,西武園競輪,F2,A3 challenge,3,チャレンジ選抜,16:14,16:09,7,https://keirin.kdreams.jp/seibuen/racedetail/2620240615030003/?pageType=odds,2026-10-08T02:34:41.930747+00:00
2620240615030004,2024-06-17,西武園競輪,F2,A3 challenge,4,チャレンジ選抜,16:40,16:35,7,https://keirin.kdreams.jp/seibuen/racedetail/2620240615030004/?pageType=odds,2026-10-08T02:34:44.128262+00:00
2620240615030010,2024-06-17,西武園競輪,F2,A3 challenge,10,チャレンジ決勝,19:17,19:12,7,https://keirin.kdreams.jp/seibuen/racedetail/2620240615030010/?pageType=odds,2026-10-08T02:34:46.304467+00:00
1320240616030001,2024-06-18,いわき平競輪,F2,A3 challenge,1,チャレンジ一般,21:02,20:57,6,https://keirin.kdreams.jp/iwakitaira/racedetail/1320240616030001/?pageType=odds,2026-10-08T02:35:21.008909+00:00
1320240616030002,2024-06-18,いわき平競輪,F2,A3 challenge,2,チャレンジ一般,21:26,21:21,6,https://keirin.kdreams.jp/iwakitaira/racedetail/1320240616030002/?pageType=odds,2026-10-08T02:35:23.561632+00:00
1320240616030003,2024-06-18,いわき平競輪,F2,A3 challenge,3,チャレンジ一般,21:50,21:45,6,https://keirin.kdreams.jp/iwakitaira/racedetail/1320240616030003/?pageType=odds,2026-10-08T02:35:26.212051+00:00
1320240616030004,2024-06-18,いわき平競輪,F2,A3 challenge,4,チャレンジ選抜,22:14,22:09,7,https://keirin.kdreams.jp/iwakitaira/racedetail/1320240616030004/?pageType=odds,2026-10-08T02:35:28.758402+00:00
1320240616030005,2024-06-18,いわき平競輪,F2,A3 challenge,5,チャレンジ選抜,22:38,22:33,7,https://keirin.kdreams.jp/iwakitaira/racedetail/1320240616030005/?pageType=odds,2026-10-08T02:35:31.695240+00:00
1320240616030006,2024-06-18,いわき平競輪,F2,A3 challenge,6,チャレンジ選抜,23:04,22:59,7,https://keirin.kdreams.jp/iwakitaira/racedetail/1320240616030006/?pageType=odds,2026-10-08T02:35:34.196486+00:00
1320240616030007,2024-06-18,いわき平競輪,F2,A3 challenge,7,チャレンジ決勝,23:30,23:25,7,https://keirin.kdreams.jp/iwakitaira/racedetail/1320240616030007/?pageType=odds,2026-10-08T02:35:36.846857+00:00
8620240618010001,2024-06-18,別府競輪,F2,A3 challenge,1,チャレンジ予選,08:30,08:25,6,https://keirin.kdreams.jp/beppu/racedetail/8620240618010001/?pageType=odds,2026-10-08T02:36:19.826858+00:00
8620240618010002,2024-06-18,別府競輪,F2,A3 challenge,2,チャレンジ予選,08:50,08:45,7,https://keirin.kdreams.jp/beppu/racedetail/8620240618010002/?pageType=odds,2026-10-08T02:36:21.724257+00:00
8620240618010003,2024-06-18,別府競輪,F2,A3 challenge,3,チャレンジ予選,09:10,09:05,7,https://keirin.kdreams.jp/beppu/racedetail/8620240618010003/?pageType=odds,2026-10-08T02:36:23.631252+00:00
8620240618010004,2024-06-18,別府競輪,F2,A3 challenge,4,チャレンジ予選,09:30,09:25,7,https://keirin.kdreams.jp/beppu/racedetail/8620240618010004/?pageType=odds,2026-10-08T02:36:25.715966+00:00
8620240618010005,2024-06-18,別府競輪,F2,A3 challenge,5,チャレンジ予選,09:50,09:45,7,https://keirin.kdreams.jp/beppu/racedetail/8620240618010005/?pageType=odds,2026-10-08T02:36:27.711134+00:00
8620240618010006,2024-06-18,別府競輪,F2,A3 challenge,6,チャレンジ予選,10:10,10:05,7,https://keirin.kdreams.jp/beppu/racedetail/8620240618010006/?pageType=odds,2026-10-08T02:36:29.641620+00:00
8620240618010007,2024-06-18,別府競輪,F2,A3 challenge,7,チャレンジ予選,10:30,10:25,7,https://keirin.kdreams.jp/beppu/racedetail/8620240618010007/?pageType=odds,2026-10-08T02:36:31.669663+00:00
8120240616030001,2024-06-18,小倉競輪,F2,A3 challenge,1,チャレンジ一般,21:14,21:09,6,https://keirin.kdreams.jp/kokura/racedetail/8120240616030001/?pageType=odds,2026-10-08T02:36:07.689169+00:00
8120240616030002,2024-06-18,小倉競輪,F2,A3 challenge,2,チャレンジ一般,21:38,21:33,6,https://keirin.kdreams.jp/kokura/racedetail/8120240616030002/?pageType=odds,2026-10-08T02:36:09.537476+00:00
8120240616030003,2024-06-18,小倉競輪,F2,A3 challenge,3,チャレンジ選抜,22:02,21:57,7,https://keirin.kdreams.jp/kokura/racedetail/8120240616030003/?pageType=odds,2026-10-08T02:36:11.487803+00:00
8120240616030004,2024-06-18,小倉競輪,F2,A3 challenge,4,チャレンジ選抜,22:26,22:21,7,https://keirin.kdreams.jp/kokura/racedetail/8120240616030004/?pageType=odds,2026-10-08T02:36:13.592692+00:00
8120240616030005,2024-06-18,小倉競輪,F2,A3 challenge,5,チャレンジ選抜,22:52,22:47,7,https://keirin.kdreams.jp/kokura/racedetail/8120240616030005/?pageType=odds,2026-10-08T02:36:16.070500+00:00
8120240616030006,2024-06-18,小倉競輪,F2,A3 challenge,6,チャレンジ決勝,23:18,23:13,7,https://keirin.kdreams.jp/kokura/racedetail/8120240616030006/?pageType=odds,2026-10-08T02:36:18.022184+00:00
8620240618020001,2024-06-19,別府競輪,F2,A3 challenge,1,チャレンジ一般,08:30,08:25,6,https://keirin.kdreams.jp/beppu/racedetail/8620240618020001/?pageType=odds,2026-10-08T02:36:33.618865+00:00
8620240618020002,2024-06-19,別府競輪,F2,A3 challenge,2,チャレンジ一般,08:50,08:45,7,https://keirin.kdreams.jp/beppu/racedetail/8620240618020002/?pageType=odds,2026-10-08T02:36:36.055521+00:00
8620240618020003,2024-06-19,別府競輪,F2,A3 challenge,3,チャレンジ選抜,09:10,09:05,7,https://keirin.kdreams.jp/beppu/racedetail/8620240618020003/?pageType=odds,2026-10-08T02:36:37.980126+00:00
8620240618020004,2024-06-19,別府競輪,F2,A3 challenge,4,チャレンジ選抜,09:30,09:25,7,https://keirin.kdreams.jp/beppu/racedetail/8620240618020004/?pageType=odds,2026-10-08T02:36:41.112335+00:00
8620240618020005,2024-06-19,別府競輪,F2,A3 challenge,5,チャレンジ準決勝,09:50,09:45,7,https://keirin.kdreams.jp/beppu/racedetail/8620240618020005/?pageType=odds,2026-10-08T02:36:43.565609+00:00
8620240618020006,2024-06-19,別府競輪,F2,A3 challenge,6,チャレンジ準決勝,10:10,10:05,7,https://keirin.kdreams.jp/beppu/racedetail/8620240618020006/?pageType=odds,2026-10-08T02:36:45.674118+00:00
8620240618020007,2024-06-19,別府競輪,F2,A3 challenge,7,チャレンジ準決勝,10:30,10:25,7,https://keirin.kdreams.jp/beppu/racedetail/8620240618020007/?pageType=odds,2026-10-08T02:36:47.771693+00:00
2120240619010001,2024-06-19,弥彦競輪,F2,A3 challenge,1,チャレンジ予選,10:35,10:30,7,https://keirin.kdreams.jp/yahiko/racedetail/2120240619010001/?pageType=odds,2026-10-08T02:37:04.894225+00:00
2120240619010002,2024-06-19,弥彦競輪,F2,A3 challenge,2,チャレンジ予選,11:03,10:58,7,https://keirin.kdreams.jp/yahiko/racedetail/2120240619010002/?pageType=odds,2026-10-08T02:37:06.911945+00:00
2120240619010003,2024-06-19,弥彦競輪,F2,A3 challenge,3,チャレンジ予選,11:32,11:27,7,https://keirin.kdreams.jp/yahiko/racedetail/2120240619010003/?pageType=odds,2026-10-08T02:37:08.927165+00:00
2120240619010004,2024-06-19,弥彦競輪,F2,A3 challenge,4,チャレンジ予選,12:01,11:56,7,https://keirin.kdreams.jp/yahiko/racedetail/2120240619010004/?pageType=odds,2026-10-08T02:37:11.171970+00:00
2120240619010005,2024-06-19,弥彦競輪,F2,A3 challenge,5,チャレンジ予選,12:30,12:25,7,https://keirin.kdreams.jp/yahiko/racedetail/2120240619010005/?pageType=odds,2026-10-08T02:37:13.366123+00:00
8620240618030001,2024-06-20,別府競輪,F2,A3 challenge,1,チャレンジ一般,08:30,08:25,5,https://keirin.kdreams.jp/beppu/racedetail/8620240618030001/?pageType=odds,2026-10-08T02:36:49.992754+00:00
8620240618030002,2024-06-20,別府競輪,F2,A3 challenge,2,チャレンジ一般,08:50,08:45,5,https://keirin.kdreams.jp/beppu/racedetail/8620240618030002/?pageType=odds,2026-10-08T02:36:51.752251+00:00
8620240618030003,2024-06-20,別府競輪,F2,A3 challenge,3,チャレンジ一般,09:10,09:05,5,https://keirin.kdreams.jp/beppu/racedetail/8620240618030003/?pageType=odds,2026-10-08T02:36:53.524642+00:00
8620240618030004,2024-06-20,別府競輪,F2,A3 challenge,4,チャレンジ選抜,09:30,09:25,7,https://keirin.kdreams.jp/beppu/racedetail/8620240618030004/?pageType=odds,2026-10-08T02:36:55.685683+00:00
8620240618030005,2024-06-20,別府競輪,F2,A3 challenge,5,チャレンジ選抜,09:50,09:45,7,https://keirin.kdreams.jp/beppu/racedetail/8620240618030005/?pageType=odds,2026-10-08T02:36:57.840102+00:00
8620240618030006,2024-06-20,別府競輪,F2,A3 challenge,6,チャレンジ選抜,10:10,10:05,7,https://keirin.kdreams.jp/beppu/racedetail/8620240618030006/?pageType=odds,2026-10-08T02:36:59.960306+00:00
8620240618030007,2024-06-20,別府競輪,F2,A3 challenge,7,チャレンジ決勝,10:30,10:25,7,https://keirin.kdreams.jp/beppu/racedetail/8620240618030007/?pageType=odds,2026-10-08T02:37:02.625557+00:00
4820240620010001,2024-06-20,四日市競輪,F2,A3 challenge,1,チャレンジ予選,15:38,15:33,6,https://keirin.kdreams.jp/yokkaichi/racedetail/4820240620010001/?pageType=odds,2026-10-08T02:37:35.994457+00:00
4820240620010002,2024-06-20,四日市競輪,F2,A3 challenge,2,チャレンジ予選,16:03,15:58,7,https://keirin.kdreams.jp/yokkaichi/racedetail/4820240620010002/?pageType=odds,2026-10-08T02:37:38.148616+00:00
4820240620010003,2024-06-20,四日市競輪,F2,A3 challenge,3,チャレンジ予選,16:28,16:23,7,https://keirin.kdreams.jp/yokkaichi/racedetail/4820240620010003/?pageType=odds,2026-10-08T02:37:40.896428+00:00
4820240620010004,2024-06-20,四日市競輪,F2,A3 challenge,4,チャレンジ予選,16:53,16:48,7,https://keirin.kdreams.jp/yokkaichi/racedetail/4820240620010004/?pageType=odds,2026-10-08T02:37:42.801897+00:00
4820240620010005,2024-06-20,四日市競輪,F2,A3 challenge,5,チャレンジ予選,17:18,17:13,7,https://keirin.kdreams.jp/yokkaichi/racedetail/4820240620010005/?pageType=odds,2026-10-08T02:37:44.807743+00:00
2120240619020001,2024-06-20,弥彦競輪,F2,A3 challenge,1,チャレンジ一般,10:35,10:30,7,https://keirin.kdreams.jp/yahiko/racedetail/2120240619020001/?pageType=odds,2026-10-08T02:37:15.549847+00:00
2120240619020002,2024-06-20,弥彦競輪,F2,A3 challenge,2,チャレンジ一般,11:03,10:58,7,https://keirin.kdreams.jp/yahiko/racedetail/2120240619020002/?pageType=odds,2026-10-08T02:37:17.784125+00:00
2120240619020003,2024-06-20,弥彦競輪,F2,A3 challenge,3,チャレンジ準決勝,11:32,11:27,7,https://keirin.kdreams.jp/yahiko/racedetail/2120240619020003/?pageType=odds,2026-10-08T02:37:19.891728+00:00
2120240619020004,2024-06-20,弥彦競輪,F2,A3 challenge,4,チャレンジ準決勝,12:01,11:56,7,https://keirin.kdreams.jp/yahiko/racedetail/2120240619020004/?pageType=odds,2026-10-08T02:37:21.900342+00:00
2120240619020005,2024-06-20,弥彦競輪,F2,A3 challenge,5,チャレンジ準決勝,12:30,12:25,7,https://keirin.kdreams.jp/yahiko/racedetail/2120240619020005/?pageType=odds,2026-10-08T02:37:23.982924+00:00
4820240620020001,2024-06-21,四日市競輪,F2,A3 challenge,1,チャレンジ一般,15:33,15:28,6,https://keirin.kdreams.jp/yokkaichi/racedetail/4820240620020001/?pageType=odds,2026-10-08T02:37:46.706650+00:00
4820240620020002,2024-06-21,四日市競輪,F2,A3 challenge,2,チャレンジ一般,15:58,15:53,6,https://keirin.kdreams.jp/yokkaichi/racedetail/4820240620020002/?pageType=odds,2026-10-08T02:37:49.078028+00:00
4820240620020003,2024-06-21,四日市競輪,F2,A3 challenge,3,チャレンジ準決勝,16:23,16:18,7,https://keirin.kdreams.jp/yokkaichi/racedetail/4820240620020003/?pageType=odds,2026-10-08T02:37:51.784733+00:00
4820240620020004,2024-06-21,四日市競輪,F2,A3 challenge,4,チャレンジ準決勝,16:48,16:43,7,https://keirin.kdreams.jp/yokkaichi/racedetail/4820240620020004/?pageType=odds,2026-10-08T02:37:53.791562+00:00
4820240620020005,2024-06-21,四日市競輪,F2,A3 challenge,5,チャレンジ準決勝,17:14,17:09,7,https://keirin.kdreams.jp/yokkaichi/racedetail/4820240620020005/?pageType=odds,2026-10-08T02:37:56.453909+00:00
2120240619030001,2024-06-21,弥彦競輪,F2,A3 challenge,1,チャレンジ一般,10:35,10:30,6,https://keirin.kdreams.jp/yahiko/racedetail/2120240619030001/?pageType=odds,2026-10-08T02:37:25.880745+00:00
2120240619030002,2024-06-21,弥彦競輪,F2,A3 challenge,2,チャレンジ一般,11:03,10:58,7,https://keirin.kdreams.jp/yahiko/racedetail/2120240619030002/?pageType=odds,2026-10-08T02:37:27.811431+00:00
2120240619030003,2024-06-21,弥彦競輪,F2,A3 challenge,3,チャレンジ選抜,11:32,11:27,7,https://keirin.kdreams.jp/yahiko/racedetail/2120240619030003/?pageType=odds,2026-10-08T02:37:29.825284+00:00
2120240619030004,2024-06-21,弥彦競輪,F2,A3 challenge,4,チャレンジ選抜,12:01,11:56,7,https://keirin.kdreams.jp/yahiko/racedetail/2120240619030004/?pageType=odds,2026-10-08T02:37:32.088443+00:00
2120240619030010,2024-06-21,弥彦競輪,F2,A3 challenge,10,チャレンジ決勝,15:10,15:05,7,https://keirin.kdreams.jp/yahiko/racedetail/2120240619030010/?pageType=odds,2026-10-08T02:37:34.071233+00:00
3120240621010001,2024-06-21,松戸競輪,F2,A3 challenge,1,チャレンジ予選,15:28,15:23,6,https://keirin.kdreams.jp/matsudo/racedetail/3120240621010001/?pageType=odds,2026-10-08T02:38:09.325864+00:00
3120240621010002,2024-06-21,松戸競輪,F2,A3 challenge,2,チャレンジ予選,15:52,15:47,7,https://keirin.kdreams.jp/matsudo/racedetail/3120240621010002/?pageType=odds,2026-10-08T02:38:11.498867+00:00
3120240621010003,2024-06-21,松戸競輪,F2,A3 challenge,3,チャレンジ予選,16:16,16:11,7,https://keirin.kdreams.jp/matsudo/racedetail/3120240621010003/?pageType=odds,2026-10-08T02:38:13.571211+00:00
3120240621010004,2024-06-21,松戸競輪,F2,A3 challenge,4,チャレンジ予選,16:41,16:36,7,https://keirin.kdreams.jp/matsudo/racedetail/3120240621010004/?pageType=odds,2026-10-08T02:38:15.647823+00:00
3120240621010005,2024-06-21,松戸競輪,F2,A3 challenge,5,チャレンジ予選,17:06,17:01,7,https://keirin.kdreams.jp/matsudo/racedetail/3120240621010005/?pageType=odds,2026-10-08T02:38:17.714388+00:00
3720240622010001,2024-06-22,伊東競輪,F2,A3 challenge,1,チャレンジ予選,20:50,20:45,7,https://keirin.kdreams.jp/ito/racedetail/3720240622010001/?pageType=odds,2026-10-08T02:38:42.360349+00:00
3720240622010002,2024-06-22,伊東競輪,F2,A3 challenge,2,チャレンジ予選,21:10,21:05,7,https://keirin.kdreams.jp/ito/racedetail/3720240622010002/?pageType=odds,2026-10-08T02:38:44.857984+00:00
3720240622010003,2024-06-22,伊東競輪,F2,A3 challenge,3,チャレンジ予選,21:30,21:25,7,https://keirin.kdreams.jp/ito/racedetail/3720240622010003/?pageType=odds,2026-10-08T02:38:47.129519+00:00
3720240622010004,2024-06-22,伊東競輪,F2,A3 challenge,4,チャレンジ予選,21:50,21:45,7,https://keirin.kdreams.jp/ito/racedetail/3720240622010004/?pageType=odds,2026-10-08T02:38:49.098829+00:00
4820240620030001,2024-06-22,四日市競輪,F2,A3 challenge,1,チャレンジ一般,15:36,15:31,6,https://keirin.kdreams.jp/yokkaichi/racedetail/4820240620030001/?pageType=odds,2026-10-08T02:37:58.723769+00:00
4820240620030002,2024-06-22,四日市競輪,F2,A3 challenge,2,チャレンジ一般,16:00,15:55,6,https://keirin.kdreams.jp/yokkaichi/racedetail/4820240620030002/?pageType=odds,2026-10-08T02:38:00.627970+00:00
4820240620030003,2024-06-22,四日市競輪,F2,A3 challenge,3,チャレンジ選抜,16:24,16:19,7,https://keirin.kdreams.jp/yokkaichi/racedetail/4820240620030003/?pageType=odds,2026-10-08T02:38:02.764998+00:00
4820240620030004,2024-06-22,四日市競輪,F2,A3 challenge,4,チャレンジ選抜,16:48,16:43,7,https://keirin.kdreams.jp/yokkaichi/racedetail/4820240620030004/?pageType=odds,2026-10-08T02:38:05.178408+00:00
4820240620030010,2024-06-22,四日市競輪,F2,A3 challenge,10,チャレンジ決勝,19:33,19:28,7,https://keirin.kdreams.jp/yokkaichi/racedetail/4820240620030010/?pageType=odds,2026-10-08T02:38:07.439808+00:00
8120240622010001,2024-06-22,小倉競輪,F2,A3 challenge,1,チャレンジ予選,20:40,20:35,7,https://keirin.kdreams.jp/kokura/racedetail/8120240622010001/?pageType=odds,2026-10-08T02:39:08.508741+00:00
8120240622010002,2024-06-22,小倉競輪,F2,A3 challenge,2,チャレンジ予選,21:00,20:55,7,https://keirin.kdreams.jp/kokura/racedetail/8120240622010002/?pageType=odds,2026-10-08T02:39:10.642071+00:00
8120240622010003,2024-06-22,小倉競輪,F2,A3 challenge,3,チャレンジ予選,21:20,21:15,7,https://keirin.kdreams.jp/kokura/racedetail/8120240622010003/?pageType=odds,2026-10-08T02:39:12.843965+00:00
8120240622010004,2024-06-22,小倉競輪,F2,A3 challenge,4,チャレンジ予選,21:40,21:35,7,https://keirin.kdreams.jp/kokura/racedetail/8120240622010004/?pageType=odds,2026-10-08T02:39:14.939576+00:00
3120240621020001,2024-06-22,松戸競輪,F2,A3 challenge,1,チャレンジ一般,15:28,15:23,5,https://keirin.kdreams.jp/matsudo/racedetail/3120240621020001/?pageType=odds,2026-10-08T02:38:19.512788+00:00
3120240621020002,2024-06-22,松戸競輪,F2,A3 challenge,2,チャレンジ一般,15:52,15:47,6,https://keirin.kdreams.jp/matsudo/racedetail/3120240621020002/?pageType=odds,2026-10-08T02:38:21.424691+00:00
3120240621020003,2024-06-22,松戸競輪,F2,A3 challenge,3,チャレンジ準決勝,16:16,16:11,7,https://keirin.kdreams.jp/matsudo/racedetail/3120240621020003/?pageType=odds,2026-10-08T02:38:23.494571+00:00
3120240621020004,2024-06-22,松戸競輪,F2,A3 challenge,4,チャレンジ準決勝,16:41,16:36,7,https://keirin.kdreams.jp/matsudo/racedetail/3120240621020004/?pageType=odds,2026-10-08T02:38:25.635622+00:00
3120240621020005,2024-06-22,松戸競輪,F2,A3 challenge,5,チャレンジ準決勝,17:06,17:01,7,https://keirin.kdreams.jp/matsudo/racedetail/3120240621020005/?pageType=odds,2026-10-08T02:38:27.661894+00:00
3720240622020001,2024-06-23,伊東競輪,F2,A3 challenge,1,チャレンジ一般,20:50,20:45,6,https://keirin.kdreams.jp/ito/racedetail/3720240622020001/?pageType=odds,2026-10-08T02:38:51.229896+00:00
3720240622020002,2024-06-23,伊東競輪,F2,A3 challenge,2,チャレンジ一般,21:10,21:05,6,https://keirin.kdreams.jp/ito/racedetail/3720240622020002/?pageType=odds,2026-10-08T02:38:53.111805+00:00
3720240622020003,2024-06-23,伊東競輪,F2,A3 challenge,3,チャレンジ準決勝,21:30,21:25,7,https://keirin.kdreams.jp/ito/racedetail/3720240622020003/?pageType=odds,2026-10-08T02:38:55.220338+00:00
3720240622020004,2024-06-23,伊東競輪,F2,A3 challenge,4,チャレンジ準決勝,21:50,21:45,7,https://keirin.kdreams.jp/ito/racedetail/3720240622020004/?pageType=odds,2026-10-08T02:38:58.093774+00:00
8120240622020001,2024-06-23,小倉競輪,F2,A3 challenge,1,チャレンジ一般,20:40,20:35,6,https://keirin.kdreams.jp/kokura/racedetail/8120240622020001/?pageType=odds,2026-10-08T02:39:17.421935+00:00
8120240622020002,2024-06-23,小倉競輪,F2,A3 challenge,2,チャレンジ一般,21:00,20:55,6,https://keirin.kdreams.jp/kokura/racedetail/8120240622020002/?pageType=odds,2026-10-08T02:39:19.383556+00:00
8120240622020003,2024-06-23,小倉競輪,F2,A3 challenge,3,チャレンジ準決勝,21:20,21:15,7,https://keirin.kdreams.jp/kokura/racedetail/8120240622020003/?pageType=odds,2026-10-08T02:39:21.471930+00:00
8120240622020004,2024-06-23,小倉競輪,F2,A3 challenge,4,チャレンジ準決勝,21:40,21:35,7,https://keirin.kdreams.jp/kokura/racedetail/8120240622020004/?pageType=odds,2026-10-08T02:39:23.594017+00:00
3120240621030001,2024-06-23,松戸競輪,F2,A3 challenge,1,チャレンジ一般,15:28,15:23,6,https://keirin.kdreams.jp/matsudo/racedetail/3120240621030001/?pageType=odds,2026-10-08T02:38:29.848614+00:00
3120240621030002,2024-06-23,松戸競輪,F2,A3 challenge,2,チャレンジ一般,15:52,15:47,6,https://keirin.kdreams.jp/matsudo/racedetail/3120240621030002/?pageType=odds,2026-10-08T02:38:31.714962+00:00
3120240621030003,2024-06-23,松戸競輪,F2,A3 challenge,3,チャレンジ選抜,16:16,16:11,7,https://keirin.kdreams.jp/matsudo/racedetail/3120240621030003/?pageType=odds,2026-10-08T02:38:34.333808+00:00
3120240621030004,2024-06-23,松戸競輪,F2,A3 challenge,4,チャレンジ選抜,16:42,16:37,7,https://keirin.kdreams.jp/matsudo/racedetail/3120240621030004/?pageType=odds,2026-10-08T02:38:36.266820+00:00
3120240621030010,2024-06-23,松戸競輪,F2,A3 challenge,10,チャレンジ決勝,19:29,19:24,7,https://keirin.kdreams.jp/matsudo/racedetail/3120240621030010/?pageType=odds,2026-10-08T02:38:39.705624+00:00
3720240622030001,2024-06-24,伊東競輪,F2,A3 challenge,1,チャレンジ一般,20:50,20:45,6,https://keirin.kdreams.jp/ito/racedetail/3720240622030001/?pageType=odds,2026-10-08T02:39:00.027318+00:00
3720240622030002,2024-06-24,伊東競輪,F2,A3 challenge,2,チャレンジ一般,21:10,21:05,6,https://keirin.kdreams.jp/ito/racedetail/3720240622030002/?pageType=odds,2026-10-08T02:39:01.938460+00:00
3720240622030003,2024-06-24,伊東競輪,F2,A3 challenge,3,チャレンジ選抜,21:30,21:25,7,https://keirin.kdreams.jp/ito/racedetail/3720240622030003/?pageType=odds,2026-10-08T02:39:04.077571+00:00
3720240622030008,2024-06-24,伊東競輪,F2,A3 challenge,8,チャレンジ決勝,23:10,23:05,7,https://keirin.kdreams.jp/ito/racedetail/3720240622030008/?pageType=odds,2026-10-08T02:39:06.316913+00:00
8120240622030001,2024-06-24,小倉競輪,F2,A3 challenge,1,チャレンジ一般,20:40,20:35,6,https://keirin.kdreams.jp/kokura/racedetail/8120240622030001/?pageType=odds,2026-10-08T02:39:25.594558+00:00
8120240622030002,2024-06-24,小倉競輪,F2,A3 challenge,2,チャレンジ一般,21:00,20:55,6,https://keirin.kdreams.jp/kokura/racedetail/8120240622030002/?pageType=odds,2026-10-08T02:39:27.633409+00:00
8120240622030003,2024-06-24,小倉競輪,F2,A3 challenge,3,チャレンジ選抜,21:20,21:15,7,https://keirin.kdreams.jp/kokura/racedetail/8120240622030003/?pageType=odds,2026-10-08T02:39:30.100888+00:00
8120240622030008,2024-06-24,小倉競輪,F2,A3 challenge,8,チャレンジ決勝,23:00,22:55,7,https://keirin.kdreams.jp/kokura/racedetail/8120240622030008/?pageType=odds,2026-10-08T02:39:32.329796+00:00
2120240625010001,2024-06-25,弥彦競輪,F2,A3 challenge,1,チャレンジ予選,21:06,21:01,7,https://keirin.kdreams.jp/yahiko/racedetail/2120240625010001/?pageType=odds,2026-10-08T02:39:34.459724+00:00
2120240625010002,2024-06-25,弥彦競輪,F2,A3 challenge,2,チャレンジ予選,21:30,21:25,7,https://keirin.kdreams.jp/yahiko/racedetail/2120240625010002/?pageType=odds,2026-10-08T02:39:36.709153+00:00
2120240625010003,2024-06-25,弥彦競輪,F2,A3 challenge,3,チャレンジ予選,21:54,21:49,7,https://keirin.kdreams.jp/yahiko/racedetail/2120240625010003/?pageType=odds,2026-10-08T02:39:38.921666+00:00
2120240625010004,2024-06-25,弥彦競輪,F2,A3 challenge,4,チャレンジ予選,22:18,22:13,7,https://keirin.kdreams.jp/yahiko/racedetail/2120240625010004/?pageType=odds,2026-10-08T02:39:41.044178+00:00
2120240625010005,2024-06-25,弥彦競輪,F2,A3 challenge,5,チャレンジ予選,22:42,22:37,7,https://keirin.kdreams.jp/yahiko/racedetail/2120240625010005/?pageType=odds,2026-10-08T02:39:43.128151+00:00
2120240625010006,2024-06-25,弥彦競輪,F2,A3 challenge,6,チャレンジ予選,23:06,23:01,7,https://keirin.kdreams.jp/yahiko/racedetail/2120240625010006/?pageType=odds,2026-10-08T02:39:45.168117+00:00
2120240625010007,2024-06-25,弥彦競輪,F2,A3 challenge,7,チャレンジ予選,23:30,23:25,7,https://keirin.kdreams.jp/yahiko/racedetail/2120240625010007/?pageType=odds,2026-10-08T02:39:47.196440+00:00
5420240626010001,2024-06-26,向日町競輪,F2,A3 challenge,1,チャレンジ予選,10:45,10:40,7,https://keirin.kdreams.jp/mukomachi/racedetail/5420240626010001/?pageType=odds,2026-10-08T02:41:08.197308+00:00
5420240626010002,2024-06-26,向日町競輪,F2,A3 challenge,2,チャレンジ予選,11:10,11:05,7,https://keirin.kdreams.jp/mukomachi/racedetail/5420240626010002/?pageType=odds,2026-10-08T02:41:10.172697+00:00
5420240626010003,2024-06-26,向日町競輪,F2,A3 challenge,3,チャレンジ予選,11:35,11:30,7,https://keirin.kdreams.jp/mukomachi/racedetail/5420240626010003/?pageType=odds,2026-10-08T02:41:12.587940+00:00
5420240626010004,2024-06-26,向日町競輪,F2,A3 challenge,4,チャレンジ予選,12:03,11:58,7,https://keirin.kdreams.jp/mukomachi/racedetail/5420240626010004/?pageType=odds,2026-10-08T02:41:14.817760+00:00
5420240626010005,2024-06-26,向日町競輪,F2,A3 challenge,5,チャレンジ予選,12:31,12:26,7,https://keirin.kdreams.jp/mukomachi/racedetail/5420240626010005/?pageType=odds,2026-10-08T02:41:17.090795+00:00
2120240625020001,2024-06-26,弥彦競輪,F2,A3 challenge,1,チャレンジ一般,21:06,21:01,7,https://keirin.kdreams.jp/yahiko/racedetail/2120240625020001/?pageType=odds,2026-10-08T02:39:49.733441+00:00
2120240625020002,2024-06-26,弥彦競輪,F2,A3 challenge,2,チャレンジ一般,21:30,21:25,7,https://keirin.kdreams.jp/yahiko/racedetail/2120240625020002/?pageType=odds,2026-10-08T02:39:51.741661+00:00
2120240625020003,2024-06-26,弥彦競輪,F2,A3 challenge,3,チャレンジ選抜,21:54,21:49,7,https://keirin.kdreams.jp/yahiko/racedetail/2120240625020003/?pageType=odds,2026-10-08T02:39:53.823282+00:00
2120240625020004,2024-06-26,弥彦競輪,F2,A3 challenge,4,チャレンジ選抜,22:18,22:13,7,https://keirin.kdreams.jp/yahiko/racedetail/2120240625020004/?pageType=odds,2026-10-08T02:39:55.907885+00:00
2120240625020005,2024-06-26,弥彦競輪,F2,A3 challenge,5,チャレンジ準決勝,22:42,22:37,7,https://keirin.kdreams.jp/yahiko/racedetail/2120240625020005/?pageType=odds,2026-10-08T02:39:58.056516+00:00
2120240625020006,2024-06-26,弥彦競輪,F2,A3 challenge,6,チャレンジ準決勝,23:06,23:01,7,https://keirin.kdreams.jp/yahiko/racedetail/2120240625020006/?pageType=odds,2026-10-08T02:40:00.287354+00:00
2120240625020007,2024-06-26,弥彦競輪,F2,A3 challenge,7,チャレンジ準決勝,23:30,23:25,7,https://keirin.kdreams.jp/yahiko/racedetail/2120240625020007/?pageType=odds,2026-10-08T02:40:02.752682+00:00
1220240626010001,2024-06-26,青森競輪,F2,A3 challenge,1,チャレンジ予選,08:30,08:25,7,https://keirin.kdreams.jp/aomori/racedetail/1220240626010001/?pageType=odds,2026-10-08T02:40:22.129676+00:00
1220240626010002,2024-06-26,青森競輪,F2,A3 challenge,2,チャレンジ予選,08:50,08:45,7,https://keirin.kdreams.jp/aomori/racedetail/1220240626010002/?pageType=odds,2026-10-08T02:40:23.601100+00:00
1220240626010003,2024-06-26,青森競輪,F2,A3 challenge,3,チャレンジ予選,09:10,09:05,7,https://keirin.kdreams.jp/aomori/racedetail/1220240626010003/?pageType=odds,2026-10-08T02:40:26.024777+00:00
1220240626010004,2024-06-26,青森競輪,F2,A3 challenge,4,チャレンジ予選,09:30,09:25,7,https://keirin.kdreams.jp/aomori/racedetail/1220240626010004/?pageType=odds,2026-10-08T02:40:28.455035+00:00
1220240626010005,2024-06-26,青森競輪,F2,A3 challenge,5,チャレンジ予選,09:50,09:45,7,https://keirin.kdreams.jp/aomori/racedetail/1220240626010005/?pageType=odds,2026-10-08T02:40:30.693430+00:00
1220240626010006,2024-06-26,青森競輪,F2,A3 challenge,6,チャレンジ予選,10:10,10:05,7,https://keirin.kdreams.jp/aomori/racedetail/1220240626010006/?pageType=odds,2026-10-08T02:40:32.985038+00:00
1220240626010007,2024-06-26,青森競輪,F2,A3 challenge,7,チャレンジ予選,10:30,10:25,7,https://keirin.kdreams.jp/aomori/racedetail/1220240626010007/?pageType=odds,2026-10-08T02:40:35.128301+00:00
5420240626020001,2024-06-27,向日町競輪,F2,A3 challenge,1,チャレンジ一般,10:45,10:40,7,https://keirin.kdreams.jp/mukomachi/racedetail/5420240626020001/?pageType=odds,2026-10-08T02:41:19.386387+00:00
5420240626020002,2024-06-27,向日町競輪,F2,A3 challenge,2,チャレンジ一般,11:10,11:05,7,https://keirin.kdreams.jp/mukomachi/racedetail/5420240626020002/?pageType=odds,2026-10-08T02:41:21.803997+00:00
5420240626020003,2024-06-27,向日町競輪,F2,A3 challenge,3,チャレンジ準決勝,11:35,11:30,7,https://keirin.kdreams.jp/mukomachi/racedetail/5420240626020003/?pageType=odds,2026-10-08T02:41:23.988271+00:00
5420240626020004,2024-06-27,向日町競輪,F2,A3 challenge,4,チャレンジ準決勝,12:03,11:58,7,https://keirin.kdreams.jp/mukomachi/racedetail/5420240626020004/?pageType=odds,2026-10-08T02:41:26.183818+00:00
5420240626020005,2024-06-27,向日町競輪,F2,A3 challenge,5,チャレンジ準決勝,12:31,12:26,7,https://keirin.kdreams.jp/mukomachi/racedetail/5420240626020005/?pageType=odds,2026-10-08T02:41:28.259775+00:00
3420240627010001,2024-06-27,川崎競輪,F2,A3 challenge,1,チャレンジ予選,15:35,15:30,6,https://keirin.kdreams.jp/kawasaki/racedetail/3420240627010001/?pageType=odds,2026-10-08T02:41:41.513889+00:00
3420240627010002,2024-06-27,川崎競輪,F2,A3 challenge,2,チャレンジ予選,15:57,15:52,6,https://keirin.kdreams.jp/kawasaki/racedetail/3420240627010002/?pageType=odds,2026-10-08T02:41:43.372793+00:00
3420240627010003,2024-06-27,川崎競輪,F2,A3 challenge,3,チャレンジ予選,16:25,16:20,6,https://keirin.kdreams.jp/kawasaki/racedetail/3420240627010003/?pageType=odds,2026-10-08T02:41:45.890009+00:00
3420240627010004,2024-06-27,川崎競輪,F2,A3 challenge,4,チャレンジ予選,16:49,16:44,7,https://keirin.kdreams.jp/kawasaki/racedetail/3420240627010004/?pageType=odds,2026-10-08T02:41:48.039747+00:00
3420240627010005,2024-06-27,川崎競輪,F2,A3 challenge,5,チャレンジ予選,17:15,17:10,7,https://keirin.kdreams.jp/kawasaki/racedetail/3420240627010005/?pageType=odds,2026-10-08T02:41:50.151839+00:00
2120240625030001,2024-06-27,弥彦競輪,F2,A3 challenge,1,チャレンジ一般,21:06,21:01,7,https://keirin.kdreams.jp/yahiko/racedetail/2120240625030001/?pageType=odds,2026-10-08T02:40:05.183201+00:00
2120240625030002,2024-06-27,弥彦競輪,F2,A3 challenge,2,チャレンジ一般,21:30,21:25,7,https://keirin.kdreams.jp/yahiko/racedetail/2120240625030002/?pageType=odds,2026-10-08T02:40:07.329092+00:00
2120240625030003,2024-06-27,弥彦競輪,F2,A3 challenge,3,チャレンジ一般,21:54,21:49,7,https://keirin.kdreams.jp/yahiko/racedetail/2120240625030003/?pageType=odds,2026-10-08T02:40:10.010998+00:00
2120240625030004,2024-06-27,弥彦競輪,F2,A3 challenge,4,チャレンジ選抜,22:18,22:13,7,https://keirin.kdreams.jp/yahiko/racedetail/2120240625030004/?pageType=odds,2026-10-08T02:40:12.899135+00:00
2120240625030005,2024-06-27,弥彦競輪,F2,A3 challenge,5,チャレンジ選抜,22:42,22:37,7,https://keirin.kdreams.jp/yahiko/racedetail/2120240625030005/?pageType=odds,2026-10-08T02:40:15.482053+00:00
2120240625030006,2024-06-27,弥彦競輪,F2,A3 challenge,6,チャレンジ選抜,23:06,23:01,7,https://keirin.kdreams.jp/yahiko/racedetail/2120240625030006/?pageType=odds,2026-10-08T02:40:17.731385+00:00
2120240625030007,2024-06-27,弥彦競輪,F2,A3 challenge,7,チャレンジ決勝,23:30,23:25,7,https://keirin.kdreams.jp/yahiko/racedetail/2120240625030007/?pageType=odds,2026-10-08T02:40:20.139616+00:00
1220240626020001,2024-06-27,青森競輪,F2,A3 challenge,1,チャレンジ一般,08:30,08:25,5,https://keirin.kdreams.jp/aomori/racedetail/1220240626020001/?pageType=odds,2026-10-08T02:40:37.316294+00:00
1220240626020002,2024-06-27,青森競輪,F2,A3 challenge,2,チャレンジ一般,08:50,08:45,6,https://keirin.kdreams.jp/aomori/racedetail/1220240626020002/?pageType=odds,2026-10-08T02:40:39.326445+00:00
1220240626020003,2024-06-27,青森競輪,F2,A3 challenge,3,チャレンジ選抜,09:10,09:05,7,https://keirin.kdreams.jp/aomori/racedetail/1220240626020003/?pageType=odds,2026-10-08T02:40:41.474274+00:00
1220240626020004,2024-06-27,青森競輪,F2,A3 challenge,4,チャレンジ選抜,09:30,09:25,7,https://keirin.kdreams.jp/aomori/racedetail/1220240626020004/?pageType=odds,2026-10-08T02:40:43.669997+00:00
1220240626020005,2024-06-27,青森競輪,F2,A3 challenge,5,チャレンジ準決勝,09:50,09:45,7,https://keirin.kdreams.jp/aomori/racedetail/1220240626020005/?pageType=odds,2026-10-08T02:40:46.143245+00:00
1220240626020006,2024-06-27,青森競輪,F2,A3 challenge,6,チャレンジ準決勝,10:10,10:05,7,https://keirin.kdreams.jp/aomori/racedetail/1220240626020006/?pageType=odds,2026-10-08T02:40:48.365771+00:00
1220240626020007,2024-06-27,青森競輪,F2,A3 challenge,7,チャレンジ準決勝,10:30,10:25,7,https://keirin.kdreams.jp/aomori/racedetail/1220240626020007/?pageType=odds,2026-10-08T02:40:50.453459+00:00
5420240626030001,2024-06-28,向日町競輪,F2,A3 challenge,1,チャレンジ一般,10:45,10:40,6,https://keirin.kdreams.jp/mukomachi/racedetail/5420240626030001/?pageType=odds,2026-10-08T02:41:30.456546+00:00
5420240626030002,2024-06-28,向日町競輪,F2,A3 challenge,2,チャレンジ一般,11:10,11:05,6,https://keirin.kdreams.jp/mukomachi/racedetail/5420240626030002/?pageType=odds,2026-10-08T02:41:32.324032+00:00
5420240626030003,2024-06-28,向日町競輪,F2,A3 challenge,3,チャレンジ選抜,11:35,11:30,7,https://keirin.kdreams.jp/mukomachi/racedetail/5420240626030003/?pageType=odds,2026-10-08T02:41:34.688302+00:00
5420240626030004,2024-06-28,向日町競輪,F2,A3 challenge,4,チャレンジ選抜,12:03,11:58,7,https://keirin.kdreams.jp/mukomachi/racedetail/5420240626030004/?pageType=odds,2026-10-08T02:41:36.710460+00:00
5420240626030010,2024-06-28,向日町競輪,F2,A3 challenge,10,チャレンジ決勝,15:04,14:59,7,https://keirin.kdreams.jp/mukomachi/racedetail/5420240626030010/?pageType=odds,2026-10-08T02:41:38.772068+00:00
4620240628010001,2024-06-28,富山競輪,F2,A3 challenge,1,チャレンジ予選,10:38,10:33,6,https://keirin.kdreams.jp/toyama/racedetail/4620240628010001/?pageType=odds,2026-10-08T02:42:16.652464+00:00
4620240628010002,2024-06-28,富山競輪,F2,A3 challenge,2,チャレンジ予選,11:03,10:58,6,https://keirin.kdreams.jp/toyama/racedetail/4620240628010002/?pageType=odds,2026-10-08T02:42:18.750269+00:00
4620240628010003,2024-06-28,富山競輪,F2,A3 challenge,3,チャレンジ予選,11:28,11:23,6,https://keirin.kdreams.jp/toyama/racedetail/4620240628010003/?pageType=odds,2026-10-08T02:42:20.633212+00:00
4620240628010004,2024-06-28,富山競輪,F2,A3 challenge,4,チャレンジ予選,11:53,11:48,7,https://keirin.kdreams.jp/toyama/racedetail/4620240628010004/?pageType=odds,2026-10-08T02:42:22.786442+00:00
4620240628010005,2024-06-28,富山競輪,F2,A3 challenge,5,チャレンジ予選,12:23,12:18,6,https://keirin.kdreams.jp/toyama/racedetail/4620240628010005/?pageType=odds,2026-10-08T02:42:24.880669+00:00
3420240627020001,2024-06-28,川崎競輪,F2,A3 challenge,1,チャレンジ一般,15:45,15:40,5,https://keirin.kdreams.jp/kawasaki/racedetail/3420240627020001/?pageType=odds,2026-10-08T02:41:52.285709+00:00
3420240627020002,2024-06-28,川崎競輪,F2,A3 challenge,2,チャレンジ一般,16:09,16:04,6,https://keirin.kdreams.jp/kawasaki/racedetail/3420240627020002/?pageType=odds,2026-10-08T02:41:54.542423+00:00
3420240627020003,2024-06-28,川崎競輪,F2,A3 challenge,3,チャレンジ準決勝,16:33,16:28,7,https://keirin.kdreams.jp/kawasaki/racedetail/3420240627020003/?pageType=odds,2026-10-08T02:41:56.718685+00:00
3420240627020004,2024-06-28,川崎競輪,F2,A3 challenge,4,チャレンジ準決勝,16:56,16:51,7,https://keirin.kdreams.jp/kawasaki/racedetail/3420240627020004/?pageType=odds,2026-10-08T02:41:58.865485+00:00
3420240627020005,2024-06-28,川崎競輪,F2,A3 challenge,5,チャレンジ準決勝,17:24,17:19,7,https://keirin.kdreams.jp/kawasaki/racedetail/3420240627020005/?pageType=odds,2026-10-08T02:42:01.238806+00:00
1220240626030001,2024-06-28,青森競輪,F2,A3 challenge,1,チャレンジ一般,08:30,08:25,6,https://keirin.kdreams.jp/aomori/racedetail/1220240626030001/?pageType=odds,2026-10-08T02:40:52.460425+00:00
1220240626030002,2024-06-28,青森競輪,F2,A3 challenge,2,チャレンジ一般,08:50,08:45,6,https://keirin.kdreams.jp/aomori/racedetail/1220240626030002/?pageType=odds,2026-10-08T02:40:54.343569+00:00
1220240626030003,2024-06-28,青森競輪,F2,A3 challenge,3,チャレンジ一般,09:10,09:05,7,https://keirin.kdreams.jp/aomori/racedetail/1220240626030003/?pageType=odds,2026-10-08T02:40:56.412152+00:00
1220240626030004,2024-06-28,青森競輪,F2,A3 challenge,4,チャレンジ選抜,09:30,09:25,7,https://keirin.kdreams.jp/aomori/racedetail/1220240626030004/?pageType=odds,2026-10-08T02:40:58.810449+00:00
1220240626030005,2024-06-28,青森競輪,F2,A3 challenge,5,チャレンジ選抜,09:50,09:45,7,https://keirin.kdreams.jp/aomori/racedetail/1220240626030005/?pageType=odds,2026-10-08T02:41:00.953914+00:00
1220240626030006,2024-06-28,青森競輪,F2,A3 challenge,6,チャレンジ選抜,10:10,10:05,7,https://keirin.kdreams.jp/aomori/racedetail/1220240626030006/?pageType=odds,2026-10-08T02:41:03.181501+00:00
1220240626030007,2024-06-28,青森競輪,F2,A3 challenge,7,チャレンジ決勝,10:30,10:25,7,https://keirin.kdreams.jp/aomori/racedetail/1220240626030007/?pageType=odds,2026-10-08T02:41:06.161626+00:00
4620240628020001,2024-06-29,富山競輪,F2,A3 challenge,1,チャレンジ一般,10:38,10:33,5,https://keirin.kdreams.jp/toyama/racedetail/4620240628020001/?pageType=odds,2026-10-08T02:42:26.789522+00:00
4620240628020002,2024-06-29,富山競輪,F2,A3 challenge,2,チャレンジ一般,11:03,10:58,6,https://keirin.kdreams.jp/toyama/racedetail/4620240628020002/?pageType=odds,2026-10-08T02:42:29.261661+00:00
4620240628020003,2024-06-29,富山競輪,F2,A3 challenge,3,チャレンジ準決勝,11:28,11:23,7,https://keirin.kdreams.jp/toyama/racedetail/4620240628020003/?pageType=odds,2026-10-08T02:42:31.485269+00:00
4620240628020004,2024-06-29,富山競輪,F2,A3 challenge,4,チャレンジ準決勝,11:53,11:48,7,https://keirin.kdreams.jp/toyama/racedetail/4620240628020004/?pageType=odds,2026-10-08T02:42:33.623426+00:00
4620240628020005,2024-06-29,富山競輪,F2,A3 challenge,5,チャレンジ準決勝,12:23,12:18,7,https://keirin.kdreams.jp/toyama/racedetail/4620240628020005/?pageType=odds,2026-10-08T02:42:35.773040+00:00
3420240627030001,2024-06-29,川崎競輪,F2,A3 challenge,1,チャレンジ一般,15:55,15:50,7,https://keirin.kdreams.jp/kawasaki/racedetail/3420240627030001/?pageType=odds,2026-10-08T02:42:03.696207+00:00
3420240627030002,2024-06-29,川崎競輪,F2,A3 challenge,2,チャレンジ一般,16:20,16:15,7,https://keirin.kdreams.jp/kawasaki/racedetail/3420240627030002/?pageType=odds,2026-10-08T02:42:05.865229+00:00
3420240627030003,2024-06-29,川崎競輪,F2,A3 challenge,3,チャレンジ選抜,16:45,16:40,7,https://keirin.kdreams.jp/kawasaki/racedetail/3420240627030003/?pageType=odds,2026-10-08T02:42:08.108412+00:00
3420240627030004,2024-06-29,川崎競輪,F2,A3 challenge,4,チャレンジ選抜,17:10,17:05,7,https://keirin.kdreams.jp/kawasaki/racedetail/3420240627030004/?pageType=odds,2026-10-08T02:42:10.243359+00:00
3420240627030008,2024-06-29,川崎競輪,F2,A3 challenge,8,チャレンジ決勝,18:50,18:45,7,https://keirin.kdreams.jp/kawasaki/racedetail/3420240627030008/?pageType=odds,2026-10-08T02:42:12.272109+00:00
2320240627040009,2024-06-30,取手競輪,G3,A3 challenge,9,Ａ級チャレンジＦ,14:40,14:35,9,https://keirin.kdreams.jp/toride/racedetail/2320240627040009/?pageType=odds,2026-10-08T02:42:14.773747+00:00
4620240628030001,2024-06-30,富山競輪,F2,A3 challenge,1,チャレンジ一般,10:38,10:33,5,https://keirin.kdreams.jp/toyama/racedetail/4620240628030001/?pageType=odds,2026-10-08T02:42:37.689519+00:00
4620240628030002,2024-06-30,富山競輪,F2,A3 challenge,2,チャレンジ一般,11:03,10:58,5,https://keirin.kdreams.jp/toyama/racedetail/4620240628030002/?pageType=odds,2026-10-08T02:42:39.744077+00:00
4620240628030003,2024-06-30,富山競輪,F2,A3 challenge,3,チャレンジ選抜,11:28,11:23,7,https://keirin.kdreams.jp/toyama/racedetail/4620240628030003/?pageType=odds,2026-10-08T02:42:42.150591+00:00
4620240628030004,2024-06-30,富山競輪,F2,A3 challenge,4,チャレンジ選抜,11:55,11:50,7,https://keirin.kdreams.jp/toyama/racedetail/4620240628030004/?pageType=odds,2026-10-08T02:42:44.528128+00:00
4620240628030010,2024-06-30,富山競輪,F2,A3 challenge,10,チャレンジ決勝,15:00,14:55,7,https://keirin.kdreams.jp/toyama/racedetail/4620240628030010/?pageType=odds,2026-10-08T02:42:46.640494+00:00
