race_id,race_date,track,meeting_grade,class_scope,race_no,race_type,start_time,deadline,entry_count,source_url,captured_at_utc,predicted_line_formation,line_status,line_provider,line_source
3720240830030006,2024-09-01,伊東競輪,F2,A1/A2,6,Ａ級特一般,13:11,13:06,7,https://keirin.kdreams.jp/ito/racedetail/3720240830030006/?pageType=odds,2026-10-05T01:35:22.713470+00:00,5-2-7/4-1/6-3,published,ひかり・小田競,楽天Kドリームス 並び予想
3720240830030007,2024-09-01,伊東競輪,F2,A1/A2,7,Ａ級特一般,13:40,13:35,7,https://keirin.kdreams.jp/ito/racedetail/3720240830030007/?pageType=odds,2026-10-05T01:35:24.548626+00:00,5-1-6/2-7/3-4,published,ひかり・小田競,楽天Kドリームス 並び予想
3720240830030008,2024-09-01,伊東競輪,F2,A1/A2,8,Ａ級特選,14:09,14:04,7,https://keirin.kdreams.jp/ito/racedetail/3720240830030008/?pageType=odds,2026-10-05T01:35:26.413339+00:00,1-5-6/3/4-7-2,published,ひかり・小田競,楽天Kドリームス 並び予想
3720240830030009,2024-09-01,伊東競輪,F2,A1/A2,9,Ａ級特選,14:40,14:35,7,https://keirin.kdreams.jp/ito/racedetail/3720240830030009/?pageType=odds,2026-10-05T01:35:28.132559+00:00,4-1-7/6-2-5-3,published,ひかり・小田競,楽天Kドリームス 並び予想
3720240830030012,2024-09-01,伊東競輪,F2,A1/A2,12,Ａ級決勝,16:30,16:25,7,https://keirin.kdreams.jp/ito/racedetail/3720240830030012/?pageType=odds,2026-10-05T01:35:29.895314+00:00,2-7/6-3/1/4-5,published,ひかり・小田競,楽天Kドリームス 並び予想
2220240901010001,2024-09-01,前橋競輪,F1,A1/A2,1,Ａ級予選,10:40,10:35,7,https://keirin.kdreams.jp/maebashi/racedetail/2220240901010001/?pageType=odds,2026-10-05T01:35:31.665975+00:00,1-5-6/4-2/3-7,published,アオケイ,楽天Kドリームス 並び予想
2220240901010002,2024-09-01,前橋競輪,F1,A1/A2,2,Ａ級予選,11:05,11:00,7,https://keirin.kdreams.jp/maebashi/racedetail/2220240901010002/?pageType=odds,2026-10-05T01:35:33.517863+00:00,5-1-7/4-2/3-6,published,アオケイ,楽天Kドリームス 並び予想
2220240901010003,2024-09-01,前橋競輪,F1,A1/A2,3,Ａ級予選,11:30,11:25,7,https://keirin.kdreams.jp/maebashi/racedetail/2220240901010003/?pageType=odds,2026-10-05T01:35:35.281147+00:00,1-7/4-2/3-5-6,published,アオケイ,楽天Kドリームス 並び予想
2220240901010004,2024-09-01,前橋競輪,F1,A1/A2,4,Ａ級予選,11:58,11:53,7,https://keirin.kdreams.jp/maebashi/racedetail/2220240901010004/?pageType=odds,2026-10-05T01:35:37.232286+00:00,5-1/2-7/3-4-6,published,アオケイ,楽天Kドリームス 並び予想
2220240901010005,2024-09-01,前橋競輪,F1,A1/A2,5,Ａ級初日特選,12:26,12:21,7,https://keirin.kdreams.jp/maebashi/racedetail/2220240901010005/?pageType=odds,2026-10-05T01:35:39.092556+00:00,6-1/2-5-7/3-4,published,アオケイ,楽天Kドリームス 並び予想
5520240831020008,2024-09-01,和歌山競輪,F2,A1/A2,8,Ａ級特一般,13:50,13:45,7,https://keirin.kdreams.jp/wakayama/racedetail/5520240831020008/?pageType=odds,2026-10-05T01:38:10.435793+00:00,2-7-1-3-5/4/6,published,競輪研究,楽天Kドリームス 並び予想
5520240831020009,2024-09-01,和歌山競輪,F2,A1/A2,9,Ａ級特一般,14:20,14:15,7,https://keirin.kdreams.jp/wakayama/racedetail/5520240831020009/?pageType=odds,2026-10-05T01:38:12.444151+00:00,1-5-4-2/3-7/6,published,競輪研究,楽天Kドリームス 並び予想
5520240831020010,2024-09-01,和歌山競輪,F2,A1/A2,10,Ａ級準決勝,14:55,14:50,7,https://keirin.kdreams.jp/wakayama/racedetail/5520240831020010/?pageType=odds,2026-10-05T01:38:14.187212+00:00,2-7-4/3/6-1-5,published,競輪研究,楽天Kドリームス 並び予想
5520240831020011,2024-09-01,和歌山競輪,F2,A1/A2,11,Ａ級準決勝,15:30,15:25,7,https://keirin.kdreams.jp/wakayama/racedetail/5520240831020011/?pageType=odds,2026-10-05T01:38:16.162527+00:00,6-1/5-2/3-4-7,published,競輪研究,楽天Kドリームス 並び予想
5520240831020012,2024-09-01,和歌山競輪,F2,A1/A2,12,Ａ級準決勝,16:05,16:00,7,https://keirin.kdreams.jp/wakayama/racedetail/5520240831020012/?pageType=odds,2026-10-05T01:38:17.917955+00:00,6-1-5-3/4-2-7,published,競輪研究,楽天Kドリームス 並び予想
5320240831020001,2024-09-01,奈良競輪,F2,A1/A2,1,Ａ級一般,20:58,20:53,7,https://keirin.kdreams.jp/nara/racedetail/5320240831020001/?pageType=odds,2026-10-05T01:36:37.040154+00:00,6-2-1-7-4/3/5,published,競輪研究,楽天Kドリームス 並び予想
5320240831020002,2024-09-01,奈良競輪,F2,A1/A2,2,Ａ級一般,21:22,21:17,7,https://keirin.kdreams.jp/nara/racedetail/5320240831020002/?pageType=odds,2026-10-05T01:36:38.775251+00:00,1-2/6-3/4/5-7,published,競輪研究,楽天Kドリームス 並び予想
5320240831020003,2024-09-01,奈良競輪,F2,A1/A2,3,Ａ級選抜,21:46,21:41,7,https://keirin.kdreams.jp/nara/racedetail/5320240831020003/?pageType=odds,2026-10-05T01:36:40.741707+00:00,2-6-1-7-4/3-5,published,競輪研究,楽天Kドリームス 並び予想
5320240831020004,2024-09-01,奈良競輪,F2,A1/A2,4,Ａ級選抜,22:10,22:05,7,https://keirin.kdreams.jp/nara/racedetail/5320240831020004/?pageType=odds,2026-10-05T01:36:42.614212+00:00,1-2-4/6-3/5-7,published,競輪研究,楽天Kドリームス 並び予想
5320240831020005,2024-09-01,奈良競輪,F2,A1/A2,5,Ａ級準決勝,22:34,22:29,7,https://keirin.kdreams.jp/nara/racedetail/5320240831020005/?pageType=odds,2026-10-05T01:36:44.361712+00:00,1-4/2-7/5/6-3,published,競輪研究,楽天Kドリームス 並び予想
5320240831020006,2024-09-01,奈良競輪,F2,A1/A2,6,Ａ級準決勝,22:58,22:53,7,https://keirin.kdreams.jp/nara/racedetail/5320240831020006/?pageType=odds,2026-10-05T01:36:46.033813+00:00,1-6/2-5-7/4-3,published,競輪研究,楽天Kドリームス 並び予想
5320240831020007,2024-09-01,奈良競輪,F2,A1/A2,7,Ａ級準決勝,23:22,23:17,7,https://keirin.kdreams.jp/nara/racedetail/5320240831020007/?pageType=odds,2026-10-05T01:36:47.838571+00:00,1-2-7/6/4-3-5,published,競輪研究,楽天Kドリームス 並び予想
7520240901010001,2024-09-01,松山競輪,F1,A1/A2,1,Ａ級予選,15:35,15:30,7,https://keirin.kdreams.jp/matsuyama/racedetail/7520240901010001/?pageType=odds,2026-10-05T01:35:58.889936+00:00,4-1-7/6/5-3-2,published,金星社,楽天Kドリームス 並び予想
7520240901010002,2024-09-01,松山競輪,F1,A1/A2,2,Ａ級予選,16:00,15:55,7,https://keirin.kdreams.jp/matsuyama/racedetail/7520240901010002/?pageType=odds,2026-10-05T01:36:00.844828+00:00,6-1-4-2/7-3-5,published,金星社,楽天Kドリームス 並び予想
7520240901010003,2024-09-01,松山競輪,F1,A1/A2,3,Ａ級予選,16:25,16:20,7,https://keirin.kdreams.jp/matsuyama/racedetail/7520240901010003/?pageType=odds,2026-10-05T01:36:02.610621+00:00,1-2-6/5/7-4-3,published,金星社,楽天Kドリームス 並び予想
7520240901010004,2024-09-01,松山競輪,F1,A1/A2,4,Ａ級予選,16:50,16:45,7,https://keirin.kdreams.jp/matsuyama/racedetail/7520240901010004/?pageType=odds,2026-10-05T01:36:04.571293+00:00,4-1-5/3/7-2/6,published,金星社,楽天Kドリームス 並び予想
7520240901010005,2024-09-01,松山競輪,F1,A1/A2,5,Ａ級初日特選,17:15,17:10,7,https://keirin.kdreams.jp/matsuyama/racedetail/7520240901010005/?pageType=odds,2026-10-05T01:36:06.466259+00:00,5-1/4-2-6/3-7,published,金星社,楽天Kドリームス 並び予想
2820240830030005,2024-09-01,立川競輪,F2,A1/A2,5,Ａ級特一般,12:48,12:43,7,https://keirin.kdreams.jp/tachikawa/racedetail/2820240830030005/?pageType=odds,2026-10-05T01:37:17.506073+00:00,3-5-7/1/2-4/6,published,アオケイ,楽天Kドリームス 並び予想
2820240830030006,2024-09-01,立川競輪,F2,A1/A2,6,Ａ級特一般,13:18,13:13,7,https://keirin.kdreams.jp/tachikawa/racedetail/2820240830030006/?pageType=odds,2026-10-05T01:37:19.282325+00:00,1-5-4/7-2-6/3,published,アオケイ,楽天Kドリームス 並び予想
2820240830030009,2024-09-01,立川競輪,F2,A1/A2,9,Ａ級特選,15:00,14:55,7,https://keirin.kdreams.jp/tachikawa/racedetail/2820240830030009/?pageType=odds,2026-10-05T01:37:21.018646+00:00,2-5/1/3-4/6/7,published,アオケイ,楽天Kドリームス 並び予想
2820240830030010,2024-09-01,立川競輪,F2,A1/A2,10,Ａ級特選,15:35,15:30,7,https://keirin.kdreams.jp/tachikawa/racedetail/2820240830030010/?pageType=odds,2026-10-05T01:37:22.830808+00:00,5-1/6-2/4-3/7,published,アオケイ,楽天Kドリームス 並び予想
2820240830030011,2024-09-01,立川競輪,F2,A1/A2,11,Ａ級決勝,16:15,16:10,7,https://keirin.kdreams.jp/tachikawa/racedetail/2820240830030011/?pageType=odds,2026-10-05T01:37:24.623298+00:00,7-1-6/2-5/4-3,published,アオケイ,楽天Kドリームス 並び予想
1220240830030001,2024-09-01,青森競輪,F1,A1/A2,1,Ａ級一般,15:40,15:35,7,https://keirin.kdreams.jp/aomori/racedetail/1220240830030001/?pageType=odds,2026-10-05T01:34:57.519271+00:00,1-4/2-7/5-3/6,published,アオケイ,楽天Kドリームス 並び予想
1220240830030002,2024-09-01,青森競輪,F1,A1/A2,2,Ａ級一般,16:05,16:00,7,https://keirin.kdreams.jp/aomori/racedetail/1220240830030002/?pageType=odds,2026-10-05T01:34:59.342654+00:00,1-5/2-6-7/4-3,published,アオケイ,楽天Kドリームス 並び予想
1220240830030003,2024-09-01,青森競輪,F1,A1/A2,3,Ａ級特選,16:30,16:25,7,https://keirin.kdreams.jp/aomori/racedetail/1220240830030003/?pageType=odds,2026-10-05T01:35:01.152531+00:00,1-4/2-7/3-5/6,published,アオケイ,楽天Kドリームス 並び予想
1220240830030004,2024-09-01,青森競輪,F1,A1/A2,4,Ａ級特選,16:56,16:51,7,https://keirin.kdreams.jp/aomori/racedetail/1220240830030004/?pageType=odds,2026-10-05T01:35:02.936520+00:00,1-7/2-4-3/5/6,published,アオケイ,楽天Kドリームス 並び予想
1220240830030011,2024-09-01,青森競輪,F1,A1/A2,11,Ａ級決勝,20:01,19:56,7,https://keirin.kdreams.jp/aomori/racedetail/1220240830030011/?pageType=odds,2026-10-05T01:35:04.747079+00:00,1-6/2-7/3-5-4,published,アオケイ,楽天Kドリームス 並び予想
7120240831020001,2024-09-01,高松競輪,F2,A1/A2,1,Ａ級一般,08:30,08:25,7,https://keirin.kdreams.jp/takamatsu/racedetail/7120240831020001/?pageType=odds,2026-10-05T01:37:37.448496+00:00,2-4-7-1/5/3-6,published,競輪毎日,楽天Kドリームス 並び予想
7120240831020002,2024-09-01,高松競輪,F2,A1/A2,2,Ａ級一般,08:50,08:45,7,https://keirin.kdreams.jp/takamatsu/racedetail/7120240831020002/?pageType=odds,2026-10-05T01:37:39.109275+00:00,5-1-7/2-4/3-6,published,競輪毎日,楽天Kドリームス 並び予想
7120240831020003,2024-09-01,高松競輪,F2,A1/A2,3,Ａ級選抜,09:10,09:05,7,https://keirin.kdreams.jp/takamatsu/racedetail/7120240831020003/?pageType=odds,2026-10-05T01:37:40.702232+00:00,2-4-3/7/6-5-1,published,競輪毎日,楽天Kドリームス 並び予想
7120240831020004,2024-09-01,高松競輪,F2,A1/A2,4,Ａ級選抜,09:30,09:25,7,https://keirin.kdreams.jp/takamatsu/racedetail/7120240831020004/?pageType=odds,2026-10-05T01:37:42.620713+00:00,1-6-4/2/7-3-5,published,競輪毎日,楽天Kドリームス 並び予想
7120240831020005,2024-09-01,高松競輪,F2,A1/A2,5,Ａ級準決勝,09:50,09:45,7,https://keirin.kdreams.jp/takamatsu/racedetail/7120240831020005/?pageType=odds,2026-10-05T01:37:44.420097+00:00,1-7/2-4/3-5-6,published,競輪毎日,楽天Kドリームス 並び予想
7120240831020006,2024-09-01,高松競輪,F2,A1/A2,6,Ａ級準決勝,10:10,10:05,7,https://keirin.kdreams.jp/takamatsu/racedetail/7120240831020006/?pageType=odds,2026-10-05T01:37:46.316375+00:00,1-7-4/5-2-3-6,published,競輪毎日,楽天Kドリームス 並び予想
7120240831020007,2024-09-01,高松競輪,F2,A1/A2,7,Ａ級準決勝,10:30,10:25,7,https://keirin.kdreams.jp/takamatsu/racedetail/7120240831020007/?pageType=odds,2026-10-05T01:37:48.071227+00:00,1-7/4-2-6/5-3,published,競輪毎日,楽天Kドリームス 並び予想
2220240901020001,2024-09-02,前橋競輪,F1,A1/A2,1,Ａ級一般,10:40,10:35,7,https://keirin.kdreams.jp/maebashi/racedetail/2220240901020001/?pageType=odds,2026-10-05T01:35:40.880301+00:00,1-6/4-2-5/3-7,published,アオケイ,楽天Kドリームス 並び予想
2220240901020002,2024-09-02,前橋競輪,F1,A1/A2,2,Ａ級一般,11:05,11:00,7,https://keirin.kdreams.jp/maebashi/racedetail/2220240901020002/?pageType=odds,2026-10-05T01:35:42.704728+00:00,1-7-5/2-4/3-6,published,アオケイ,楽天Kドリームス 並び予想
2220240901020003,2024-09-02,前橋競輪,F1,A1/A2,3,Ａ級準決勝,11:30,11:25,7,https://keirin.kdreams.jp/maebashi/racedetail/2220240901020003/?pageType=odds,2026-10-05T01:35:44.419242+00:00,1-5-6/7-2/3-4,published,アオケイ,楽天Kドリームス 並び予想
2220240901020004,2024-09-02,前橋競輪,F1,A1/A2,4,Ａ級準決勝,11:58,11:53,7,https://keirin.kdreams.jp/maebashi/racedetail/2220240901020004/?pageType=odds,2026-10-05T01:35:46.195902+00:00,4-1-6/2-5/7-3,published,アオケイ,楽天Kドリームス 並び予想
2220240901020005,2024-09-02,前橋競輪,F1,A1/A2,5,Ａ級準決勝,12:26,12:21,7,https://keirin.kdreams.jp/maebashi/racedetail/2220240901020005/?pageType=odds,2026-10-05T01:35:48.080230+00:00,5-1/4-2-7/6-3,published,アオケイ,楽天Kドリームス 並び予想
5520240831030008,2024-09-02,和歌山競輪,F2,A1/A2,8,Ａ級特一般,14:15,14:10,6,https://keirin.kdreams.jp/wakayama/racedetail/5520240831030008/?pageType=odds,2026-10-05T01:38:19.761965+00:00,6-1-4/3/2-5,published,競輪研究,楽天Kドリームス 並び予想
5520240831030009,2024-09-02,和歌山競輪,F2,A1/A2,9,Ａ級特一般,14:45,14:40,7,https://keirin.kdreams.jp/wakayama/racedetail/5520240831030009/?pageType=odds,2026-10-05T01:38:21.425381+00:00,6-5-1/2-7/4-3,published,競輪研究,楽天Kドリームス 並び予想
5520240831030010,2024-09-02,和歌山競輪,F2,A1/A2,10,Ａ級特選,15:20,15:15,7,https://keirin.kdreams.jp/wakayama/racedetail/5520240831030010/?pageType=odds,2026-10-05T01:38:23.038116+00:00,6-1/2/4/3-7-5,published,競輪研究,楽天Kドリームス 並び予想
5520240831030011,2024-09-02,和歌山競輪,F2,A1/A2,11,Ａ級特選,15:55,15:50,7,https://keirin.kdreams.jp/wakayama/racedetail/5520240831030011/?pageType=odds,2026-10-05T01:38:24.754628+00:00,6-7-1/5-2/3-4,published,競輪研究,楽天Kドリームス 並び予想
5520240831030012,2024-09-02,和歌山競輪,F2,A1/A2,12,Ａ級決勝,16:35,16:30,7,https://keirin.kdreams.jp/wakayama/racedetail/5520240831030012/?pageType=odds,2026-10-05T01:38:26.796242+00:00,1-4/6-2/3-5-7,published,競輪研究,楽天Kドリームス 並び予想
5320240831030001,2024-09-02,奈良競輪,F2,A1/A2,1,Ａ級一般,20:58,20:53,7,https://keirin.kdreams.jp/nara/racedetail/5320240831030001/?pageType=odds,2026-10-05T01:36:49.540646+00:00,1-5-2-7-6/3/4,published,競輪研究,楽天Kドリームス 並び予想
5320240831030002,2024-09-02,奈良競輪,F2,A1/A2,2,Ａ級一般,21:22,21:17,7,https://keirin.kdreams.jp/nara/racedetail/5320240831030002/?pageType=odds,2026-10-05T01:36:51.300789+00:00,5-1/6-2-3/4-7,published,競輪研究,楽天Kドリームス 並び予想
5320240831030003,2024-09-02,奈良競輪,F2,A1/A2,3,Ａ級一般,21:46,21:41,7,https://keirin.kdreams.jp/nara/racedetail/5320240831030003/?pageType=odds,2026-10-05T01:36:53.043325+00:00,2-7-1/3/5/4-6,published,競輪研究,楽天Kドリームス 並び予想
5320240831030004,2024-09-02,奈良競輪,F2,A1/A2,4,Ａ級特選,22:10,22:05,7,https://keirin.kdreams.jp/nara/racedetail/5320240831030004/?pageType=odds,2026-10-05T01:36:54.878018+00:00,3-5/1/2/4-6-7,published,競輪研究,楽天Kドリームス 並び予想
5320240831030005,2024-09-02,奈良競輪,F2,A1/A2,5,Ａ級特選,22:34,22:29,7,https://keirin.kdreams.jp/nara/racedetail/5320240831030005/?pageType=odds,2026-10-05T01:36:56.526739+00:00,1-2-7/6/5-3-4,published,競輪研究,楽天Kドリームス 並び予想
5320240831030006,2024-09-02,奈良競輪,F2,A1/A2,6,Ａ級特選,22:58,22:53,7,https://keirin.kdreams.jp/nara/racedetail/5320240831030006/?pageType=odds,2026-10-05T01:36:58.240317+00:00,3-1-6/5/7-2-4,published,競輪研究,楽天Kドリームス 並び予想
5320240831030007,2024-09-02,奈良競輪,F2,A1/A2,7,Ａ級決勝,23:22,23:17,7,https://keirin.kdreams.jp/nara/racedetail/5320240831030007/?pageType=odds,2026-10-05T01:36:59.860188+00:00,1-5-6/7/3-2-4,published,競輪研究,楽天Kドリームス 並び予想
7520240901020001,2024-09-02,松山競輪,F1,A1/A2,1,Ａ級一般,15:35,15:30,7,https://keirin.kdreams.jp/matsuyama/racedetail/7520240901020001/?pageType=odds,2026-10-05T01:36:08.326027+00:00,7-3-1/2-6/4/5,published,金星社,楽天Kドリームス 並び予想
7520240901020002,2024-09-02,松山競輪,F1,A1/A2,2,Ａ級一般,16:00,15:55,7,https://keirin.kdreams.jp/matsuyama/racedetail/7520240901020002/?pageType=odds,2026-10-05T01:36:10.061355+00:00,2-6-1/5/4-3-7,published,金星社,楽天Kドリームス 並び予想
7520240901020003,2024-09-02,松山競輪,F1,A1/A2,3,Ａ級準決勝,16:25,16:20,7,https://keirin.kdreams.jp/matsuyama/racedetail/7520240901020003/?pageType=odds,2026-10-05T01:36:11.879409+00:00,5-1-4/6-2/3-7,published,金星社,楽天Kドリームス 並び予想
7520240901020004,2024-09-02,松山競輪,F1,A1/A2,4,Ａ級準決勝,16:50,16:45,7,https://keirin.kdreams.jp/matsuyama/racedetail/7520240901020004/?pageType=odds,2026-10-05T01:36:13.792248+00:00,1-5-2/6/7-3-4,published,金星社,楽天Kドリームス 並び予想
7520240901020005,2024-09-02,松山競輪,F1,A1/A2,5,Ａ級準決勝,17:15,17:10,7,https://keirin.kdreams.jp/matsuyama/racedetail/7520240901020005/?pageType=odds,2026-10-05T01:36:15.487111+00:00,1-4-7/5-2/6-3,published,金星社,楽天Kドリームス 並び予想
8720240902010001,2024-09-02,熊本競輪,F1,A1/A2,1,Ａ級予選,10:50,10:45,7,https://keirin.kdreams.jp/kumamoto/racedetail/8720240902010001/?pageType=odds,2026-10-05T01:38:28.634528+00:00,4-1-6/5-2-7-3,published,コンドル出版社,楽天Kドリームス 並び予想
8720240902010002,2024-09-02,熊本競輪,F1,A1/A2,2,Ａ級予選,11:15,11:10,7,https://keirin.kdreams.jp/kumamoto/racedetail/8720240902010002/?pageType=odds,2026-10-05T01:38:30.346952+00:00,3-4/7-2/1-5-6,published,コンドル出版社,楽天Kドリームス 並び予想
8720240902010003,2024-09-02,熊本競輪,F1,A1/A2,3,Ａ級予選,11:41,11:36,7,https://keirin.kdreams.jp/kumamoto/racedetail/8720240902010003/?pageType=odds,2026-10-05T01:38:32.105195+00:00,7-2/4-1/3-5-6,published,コンドル出版社,楽天Kドリームス 並び予想
8720240902010004,2024-09-02,熊本競輪,F1,A1/A2,4,Ａ級予選,12:07,12:02,7,https://keirin.kdreams.jp/kumamoto/racedetail/8720240902010004/?pageType=odds,2026-10-05T01:38:33.952916+00:00,4-1-6/5-2/7-3,published,コンドル出版社,楽天Kドリームス 並び予想
8720240902010005,2024-09-02,熊本競輪,F1,A1/A2,5,Ａ級初日特選,12:34,12:29,7,https://keirin.kdreams.jp/kumamoto/racedetail/8720240902010005/?pageType=odds,2026-10-05T01:38:35.844636+00:00,1-4/2-5/7-3/6,published,コンドル出版社,楽天Kドリームス 並び予想
7120240831030001,2024-09-02,高松競輪,F2,A1/A2,1,Ａ級一般,08:30,08:25,7,https://keirin.kdreams.jp/takamatsu/racedetail/7120240831030001/?pageType=odds,2026-10-05T01:37:49.886582+00:00,5-1/2-7/4-3/6,published,競輪毎日,楽天Kドリームス 並び予想
7120240831030002,2024-09-02,高松競輪,F2,A1/A2,2,Ａ級一般,08:50,08:45,7,https://keirin.kdreams.jp/takamatsu/racedetail/7120240831030002/?pageType=odds,2026-10-05T01:37:51.436963+00:00,1-7-4/2/5-3-6,published,競輪毎日,楽天Kドリームス 並び予想
7120240831030003,2024-09-02,高松競輪,F2,A1/A2,3,Ａ級一般,09:10,09:05,7,https://keirin.kdreams.jp/takamatsu/racedetail/7120240831030003/?pageType=odds,2026-10-05T01:37:53.220756+00:00,1-7-5/3/4-2-6,published,競輪毎日,楽天Kドリームス 並び予想
7120240831030004,2024-09-02,高松競輪,F2,A1/A2,4,Ａ級特選,09:30,09:25,7,https://keirin.kdreams.jp/takamatsu/racedetail/7120240831030004/?pageType=odds,2026-10-05T01:37:54.996202+00:00,1-5-4/6/2-7-3,published,競輪毎日,楽天Kドリームス 並び予想
7120240831030005,2024-09-02,高松競輪,F2,A1/A2,5,Ａ級特選,09:50,09:45,7,https://keirin.kdreams.jp/takamatsu/racedetail/7120240831030005/?pageType=odds,2026-10-05T01:37:56.601244+00:00,3-1-6/2-7/5-4,published,競輪毎日,楽天Kドリームス 並び予想
7120240831030006,2024-09-02,高松競輪,F2,A1/A2,6,Ａ級特選,10:10,10:05,7,https://keirin.kdreams.jp/takamatsu/racedetail/7120240831030006/?pageType=odds,2026-10-05T01:37:58.354718+00:00,5-1-6/2/3-7-4,published,競輪毎日,楽天Kドリームス 並び予想
7120240831030007,2024-09-02,高松競輪,F2,A1/A2,7,Ａ級決勝,10:30,10:25,7,https://keirin.kdreams.jp/takamatsu/racedetail/7120240831030007/?pageType=odds,2026-10-05T01:38:00.087448+00:00,6-2-4/7-1/5-3,published,競輪毎日,楽天Kドリームス 並び予想
2220240901030001,2024-09-03,前橋競輪,F1,A1/A2,1,Ａ級一般,10:40,10:35,7,https://keirin.kdreams.jp/maebashi/racedetail/2220240901030001/?pageType=odds,2026-10-05T01:35:50.239955+00:00,1-7/4-2-6/5-3,published,アオケイ,楽天Kドリームス 並び予想
2220240901030002,2024-09-03,前橋競輪,F1,A1/A2,2,Ａ級一般,11:05,11:00,7,https://keirin.kdreams.jp/maebashi/racedetail/2220240901030002/?pageType=odds,2026-10-05T01:35:51.184800+00:00,5-6-1/7-2/3-4,published,アオケイ,楽天Kドリームス 並び予想
2220240901030003,2024-09-03,前橋競輪,F1,A1/A2,3,Ａ級特選,11:30,11:25,7,https://keirin.kdreams.jp/maebashi/racedetail/2220240901030003/?pageType=odds,2026-10-05T01:35:52.623329+00:00,5-3-1/2-7-4/6,published,アオケイ,楽天Kドリームス 並び予想
2220240901030004,2024-09-03,前橋競輪,F1,A1/A2,4,Ａ級特選,11:58,11:53,7,https://keirin.kdreams.jp/maebashi/racedetail/2220240901030004/?pageType=odds,2026-10-05T01:35:54.509929+00:00,4-1-6/2-5-7-3,published,アオケイ,楽天Kドリームス 並び予想
2220240901030011,2024-09-03,前橋競輪,F1,A1/A2,11,Ａ級決勝,15:42,15:37,7,https://keirin.kdreams.jp/maebashi/racedetail/2220240901030011/?pageType=odds,2026-10-05T01:35:56.585750+00:00,1-4-6/7-3/5-2,published,アオケイ,楽天Kドリームス 並び予想
4220240903010001,2024-09-03,名古屋競輪,F1,A1/A2,1,Ａ級予選,15:30,15:25,7,https://keirin.kdreams.jp/nagoya/racedetail/4220240903010001/?pageType=odds,2026-10-05T01:38:57.124364+00:00,7-1-5/2-6/4-3,published,中部競輪,楽天Kドリームス 並び予想
4220240903010002,2024-09-03,名古屋競輪,F1,A1/A2,2,Ａ級予選,15:56,15:51,7,https://keirin.kdreams.jp/nagoya/racedetail/4220240903010002/?pageType=odds,2026-10-05T01:38:58.893378+00:00,1-5/2-7/3/4/6,published,中部競輪,楽天Kドリームス 並び予想
4220240903010003,2024-09-03,名古屋競輪,F1,A1/A2,3,Ａ級予選,16:22,16:17,7,https://keirin.kdreams.jp/nagoya/racedetail/4220240903010003/?pageType=odds,2026-10-05T01:39:00.625101+00:00,5-4-1/6-2/3-7,published,中部競輪,楽天Kドリームス 並び予想
4220240903010004,2024-09-03,名古屋競輪,F1,A1/A2,4,Ａ級予選,16:49,16:44,7,https://keirin.kdreams.jp/nagoya/racedetail/4220240903010004/?pageType=odds,2026-10-05T01:39:02.695963+00:00,7-3-1/5-2-4/6,published,中部競輪,楽天Kドリームス 並び予想
4220240903010005,2024-09-03,名古屋競輪,F1,A1/A2,5,Ａ級初日特選,17:16,17:11,7,https://keirin.kdreams.jp/nagoya/racedetail/4220240903010005/?pageType=odds,2026-10-05T01:39:04.654411+00:00,6-1-4/2-5-3-7,published,中部競輪,楽天Kドリームス 並び予想
2120240903010001,2024-09-03,弥彦競輪,F2,A1/A2,1,Ａ級予選,20:40,20:35,7,https://keirin.kdreams.jp/yahiko/racedetail/2120240903010001/?pageType=odds,2026-10-05T01:40:02.385155+00:00,2-1-4/3-6/5-7,published,新潟スポーツ,楽天Kドリームス 並び予想
2120240903010002,2024-09-03,弥彦競輪,F2,A1/A2,2,Ａ級予選,21:05,21:00,7,https://keirin.kdreams.jp/yahiko/racedetail/2120240903010002/?pageType=odds,2026-10-05T01:40:04.203356+00:00,1-4-7/2-6/5-3,published,新潟スポーツ,楽天Kドリームス 並び予想
2120240903010003,2024-09-03,弥彦競輪,F2,A1/A2,3,Ａ級予選,21:30,21:25,7,https://keirin.kdreams.jp/yahiko/racedetail/2120240903010003/?pageType=odds,2026-10-05T01:40:06.018198+00:00,2-1-6/4-3-5/7,published,新潟スポーツ,楽天Kドリームス 並び予想
2120240903010004,2024-09-03,弥彦競輪,F2,A1/A2,4,Ａ級予選,21:55,21:50,7,https://keirin.kdreams.jp/yahiko/racedetail/2120240903010004/?pageType=odds,2026-10-05T01:40:07.868415+00:00,2-1-5/4-3/7-6,published,新潟スポーツ,楽天Kドリームス 並び予想
2120240903010005,2024-09-03,弥彦競輪,F2,A1/A2,5,Ａ級予選,22:20,22:15,7,https://keirin.kdreams.jp/yahiko/racedetail/2120240903010005/?pageType=odds,2026-10-05T01:40:09.560211+00:00,6-1/2-3-7/4-5,published,新潟スポーツ,楽天Kドリームス 並び予想
2120240903010006,2024-09-03,弥彦競輪,F2,A1/A2,6,Ａ級予選,22:45,22:40,7,https://keirin.kdreams.jp/yahiko/racedetail/2120240903010006/?pageType=odds,2026-10-05T01:40:11.226952+00:00,1-2-6/3-4/5-7,published,新潟スポーツ,楽天Kドリームス 並び予想
2120240903010007,2024-09-03,弥彦競輪,F2,A1/A2,7,Ａ級初日特選,23:10,23:05,7,https://keirin.kdreams.jp/yahiko/racedetail/2120240903010007/?pageType=odds,2026-10-05T01:40:13.116080+00:00,1-4/2-5-6/3-7,published,新潟スポーツ,楽天Kドリームス 並び予想
7520240901030001,2024-09-03,松山競輪,F1,A1/A2,1,Ａ級一般,15:35,15:30,6,https://keirin.kdreams.jp/matsuyama/racedetail/7520240901030001/?pageType=odds,2026-10-05T01:36:17.210793+00:00,2-4-5-6/3-1,published,金星社,楽天Kドリームス 並び予想
7520240901030002,2024-09-03,松山競輪,F1,A1/A2,2,Ａ級一般,16:00,15:55,7,https://keirin.kdreams.jp/matsuyama/racedetail/7520240901030002/?pageType=odds,2026-10-05T01:36:18.938869+00:00,3-7-5/6/1-4-2,published,金星社,楽天Kドリームス 並び予想
7520240901030003,2024-09-03,松山競輪,F1,A1/A2,3,Ａ級特選,16:25,16:20,7,https://keirin.kdreams.jp/matsuyama/racedetail/7520240901030003/?pageType=odds,2026-10-05T01:36:20.835715+00:00,2-4-1-6/3-5-7,published,金星社,楽天Kドリームス 並び予想
7520240901030004,2024-09-03,松山競輪,F1,A1/A2,4,Ａ級特選,16:50,16:45,7,https://keirin.kdreams.jp/matsuyama/racedetail/7520240901030004/?pageType=odds,2026-10-05T01:36:22.585435+00:00,2-1-7/5/3/6-4,published,金星社,楽天Kドリームス 並び予想
7520240901030011,2024-09-03,松山競輪,F1,A1/A2,11,Ａ級決勝,20:02,19:57,7,https://keirin.kdreams.jp/matsuyama/racedetail/7520240901030011/?pageType=odds,2026-10-05T01:36:24.371651+00:00,6-2-4-5/1/3-7,published,金星社,楽天Kドリームス 並び予想
8720240902020001,2024-09-03,熊本競輪,F1,A1/A2,1,Ａ級一般,10:50,10:45,7,https://keirin.kdreams.jp/kumamoto/racedetail/8720240902020001/?pageType=odds,2026-10-05T01:38:37.740209+00:00,1-5/7-2-6/3/4,published,コンドル出版社,楽天Kドリームス 並び予想
8720240902020002,2024-09-03,熊本競輪,F1,A1/A2,2,Ａ級一般,11:15,11:10,7,https://keirin.kdreams.jp/kumamoto/racedetail/8720240902020002/?pageType=odds,2026-10-05T01:38:39.502283+00:00,1-6-4/2-5/3-7,published,コンドル出版社,楽天Kドリームス 並び予想
8720240902020003,2024-09-03,熊本競輪,F1,A1/A2,3,Ａ級準決勝,11:41,11:36,7,https://keirin.kdreams.jp/kumamoto/racedetail/8720240902020003/?pageType=odds,2026-10-05T01:38:41.182744+00:00,7-1/5-2/4-3-6,published,コンドル出版社,楽天Kドリームス 並び予想
8720240902020004,2024-09-03,熊本競輪,F1,A1/A2,4,Ａ級準決勝,12:07,12:02,7,https://keirin.kdreams.jp/kumamoto/racedetail/8720240902020004/?pageType=odds,2026-10-05T01:38:43.113633+00:00,5-1/7-2/3-4-6,published,コンドル出版社,楽天Kドリームス 並び予想
8720240902020005,2024-09-03,熊本競輪,F1,A1/A2,5,Ａ級準決勝,12:34,12:29,7,https://keirin.kdreams.jp/kumamoto/racedetail/8720240902020005/?pageType=odds,2026-10-05T01:38:45.636440+00:00,1-7/5-2/3-6/4,published,コンドル出版社,楽天Kドリームス 並び予想
6120240903010001,2024-09-03,玉野競輪,F2,A1/A2,1,Ａ級予選,20:50,20:45,7,https://keirin.kdreams.jp/tamano/racedetail/6120240903010001/?pageType=odds,2026-10-05T01:39:25.107297+00:00,3-1/6-2-5/7-4,published,競輪毎日,楽天Kドリームス 並び予想
6120240903010002,2024-09-03,玉野競輪,F2,A1/A2,2,Ａ級予選,21:15,21:10,7,https://keirin.kdreams.jp/tamano/racedetail/6120240903010002/?pageType=odds,2026-10-05T01:39:26.801148+00:00,3-1/6-2/4-5-7,published,競輪毎日,楽天Kドリームス 並び予想
6120240903010003,2024-09-03,玉野競輪,F2,A1/A2,3,Ａ級予選,21:40,21:35,7,https://keirin.kdreams.jp/tamano/racedetail/6120240903010003/?pageType=odds,2026-10-05T01:39:28.558068+00:00,1-2-6/5/4-3-7,published,競輪毎日,楽天Kドリームス 並び予想
6120240903010004,2024-09-03,玉野競輪,F2,A1/A2,4,Ａ級予選,22:05,22:00,7,https://keirin.kdreams.jp/tamano/racedetail/6120240903010004/?pageType=odds,2026-10-05T01:39:30.266203+00:00,2-1-3-7/5-4/6,published,競輪毎日,楽天Kドリームス 並び予想
6120240903010005,2024-09-03,玉野競輪,F2,A1/A2,5,Ａ級予選,22:30,22:25,7,https://keirin.kdreams.jp/tamano/racedetail/6120240903010005/?pageType=odds,2026-10-05T01:39:32.021098+00:00,2-1-4/5-3-6/7,published,競輪毎日,楽天Kドリームス 並び予想
6120240903010006,2024-09-03,玉野競輪,F2,A1/A2,6,Ａ級予選,22:55,22:50,7,https://keirin.kdreams.jp/tamano/racedetail/6120240903010006/?pageType=odds,2026-10-05T01:39:33.634018+00:00,1-2-6/4-3-5/7,published,競輪毎日,楽天Kドリームス 並び予想
6120240903010007,2024-09-03,玉野競輪,F2,A1/A2,7,Ａ級初日特選,23:20,23:15,7,https://keirin.kdreams.jp/tamano/racedetail/6120240903010007/?pageType=odds,2026-10-05T01:39:35.705789+00:00,3-1/5-2/4/6-7,published,競輪毎日,楽天Kドリームス 並び予想
4220240903020001,2024-09-04,名古屋競輪,F1,A1/A2,1,Ａ級一般,15:30,15:25,7,https://keirin.kdreams.jp/nagoya/racedetail/4220240903020001/?pageType=odds,2026-10-05T01:39:06.416519+00:00,7-3-4/1/6/2-5,published,中部競輪,楽天Kドリームス 並び予想
4220240903020002,2024-09-04,名古屋競輪,F1,A1/A2,2,Ａ級一般,15:56,15:51,7,https://keirin.kdreams.jp/nagoya/racedetail/4220240903020002/?pageType=odds,2026-10-05T01:39:08.376679+00:00,1-4-5/2/3-6-7,published,中部競輪,楽天Kドリームス 並び予想
4220240903020003,2024-09-04,名古屋競輪,F1,A1/A2,3,Ａ級準決勝,16:22,16:17,7,https://keirin.kdreams.jp/nagoya/racedetail/4220240903020003/?pageType=odds,2026-10-05T01:39:10.141692+00:00,1-7/4-2/3-5-6,published,中部競輪,楽天Kドリームス 並び予想
4220240903020004,2024-09-04,名古屋競輪,F1,A1/A2,4,Ａ級準決勝,16:49,16:44,7,https://keirin.kdreams.jp/nagoya/racedetail/4220240903020004/?pageType=odds,2026-10-05T01:39:11.999212+00:00,4-1-6/7-2/5-3,published,中部競輪,楽天Kドリームス 並び予想
4220240903020005,2024-09-04,名古屋競輪,F1,A1/A2,5,Ａ級準決勝,17:16,17:11,7,https://keirin.kdreams.jp/nagoya/racedetail/4220240903020005/?pageType=odds,2026-10-05T01:39:13.806532+00:00,1-4-6/7-2-5/3,published,中部競輪,楽天Kドリームス 並び予想
2120240903020001,2024-09-04,弥彦競輪,F2,A1/A2,1,Ａ級一般,20:40,20:35,7,https://keirin.kdreams.jp/yahiko/racedetail/2120240903020001/?pageType=odds,2026-10-05T01:40:14.900028+00:00,1-3-2/4-6/7-5,published,新潟スポーツ,楽天Kドリームス 並び予想
2120240903020002,2024-09-04,弥彦競輪,F2,A1/A2,2,Ａ級一般,21:05,21:00,7,https://keirin.kdreams.jp/yahiko/racedetail/2120240903020002/?pageType=odds,2026-10-05T01:40:16.937353+00:00,1-4-7/3/2-5-6,published,新潟スポーツ,楽天Kドリームス 並び予想
2120240903020003,2024-09-04,弥彦競輪,F2,A1/A2,3,Ａ級選抜,21:30,21:25,7,https://keirin.kdreams.jp/yahiko/racedetail/2120240903020003/?pageType=odds,2026-10-05T01:40:18.744260+00:00,3-1/4-2-6/5-7,published,新潟スポーツ,楽天Kドリームス 並び予想
2120240903020004,2024-09-04,弥彦競輪,F2,A1/A2,4,Ａ級選抜,21:55,21:50,7,https://keirin.kdreams.jp/yahiko/racedetail/2120240903020004/?pageType=odds,2026-10-05T01:40:20.503060+00:00,1-6/4-5-2/3-7,published,新潟スポーツ,楽天Kドリームス 並び予想
2120240903020005,2024-09-04,弥彦競輪,F2,A1/A2,5,Ａ級準決勝,22:20,22:15,7,https://keirin.kdreams.jp/yahiko/racedetail/2120240903020005/?pageType=odds,2026-10-05T01:40:22.229763+00:00,1-4/3-2-7/5-6,published,新潟スポーツ,楽天Kドリームス 並び予想
2120240903020006,2024-09-04,弥彦競輪,F2,A1/A2,6,Ａ級準決勝,22:45,22:40,7,https://keirin.kdreams.jp/yahiko/racedetail/2120240903020006/?pageType=odds,2026-10-05T01:40:24.083049+00:00,1-5/3-4/6-2-7,published,新潟スポーツ,楽天Kドリームス 並び予想
2120240903020007,2024-09-04,弥彦競輪,F2,A1/A2,7,Ａ級準決勝,23:10,23:05,7,https://keirin.kdreams.jp/yahiko/racedetail/2120240903020007/?pageType=odds,2026-10-05T01:40:25.814585+00:00,1-3-6/5-2/4-7,published,新潟スポーツ,楽天Kドリームス 並び予想
8720240902030001,2024-09-04,熊本競輪,F1,A1/A2,1,Ａ級一般,10:50,10:45,7,https://keirin.kdreams.jp/kumamoto/racedetail/8720240902030001/?pageType=odds,2026-10-05T01:38:47.658970+00:00,2-7/4-6-1/5-3,published,コンドル出版社,楽天Kドリームス 並び予想
8720240902030002,2024-09-04,熊本競輪,F1,A1/A2,2,Ａ級一般,11:15,11:10,7,https://keirin.kdreams.jp/kumamoto/racedetail/8720240902030002/?pageType=odds,2026-10-05T01:38:49.648578+00:00,3-7-5/1/4-2/6,published,コンドル出版社,楽天Kドリームス 並び予想
8720240902030003,2024-09-04,熊本競輪,F1,A1/A2,3,Ａ級特選,11:41,11:36,7,https://keirin.kdreams.jp/kumamoto/racedetail/8720240902030003/?pageType=odds,2026-10-05T01:38:51.636310+00:00,1-6/4-2-5/3-7,published,コンドル出版社,楽天Kドリームス 並び予想
8720240902030004,2024-09-04,熊本競輪,F1,A1/A2,4,Ａ級特選,12:07,12:02,7,https://keirin.kdreams.jp/kumamoto/racedetail/8720240902030004/?pageType=odds,2026-10-05T01:38:53.515124+00:00,2-7/6-4-1/5-3,published,コンドル出版社,楽天Kドリームス 並び予想
8720240902030011,2024-09-04,熊本競輪,F1,A1/A2,11,Ａ級決勝,15:51,15:46,7,https://keirin.kdreams.jp/kumamoto/racedetail/8720240902030011/?pageType=odds,2026-10-05T01:38:55.310064+00:00,4-1/2-6-5/3-7,published,コンドル出版社,楽天Kドリームス 並び予想
6120240903020001,2024-09-04,玉野競輪,F2,A1/A2,1,Ａ級一般,20:50,20:45,7,https://keirin.kdreams.jp/tamano/racedetail/6120240903020001/?pageType=odds,2026-10-05T01:39:37.508136+00:00,2-7-5/1-4/6-3,published,競輪毎日,楽天Kドリームス 並び予想
6120240903020002,2024-09-04,玉野競輪,F2,A1/A2,2,Ａ級一般,21:15,21:10,7,https://keirin.kdreams.jp/tamano/racedetail/6120240903020002/?pageType=odds,2026-10-05T01:39:39.321670+00:00,6-1-2/7/3-5-4,published,競輪毎日,楽天Kドリームス 並び予想
6120240903020003,2024-09-04,玉野競輪,F2,A1/A2,3,Ａ級選抜,21:40,21:35,7,https://keirin.kdreams.jp/tamano/racedetail/6120240903020003/?pageType=odds,2026-10-05T01:39:41.023452+00:00,2-3-1/4/5/6/7,published,競輪毎日,楽天Kドリームス 並び予想
6120240903020004,2024-09-04,玉野競輪,F2,A1/A2,4,Ａ級選抜,22:05,22:00,7,https://keirin.kdreams.jp/tamano/racedetail/6120240903020004/?pageType=odds,2026-10-05T01:39:42.950251+00:00,5-1-6/2-4/3-7,published,競輪毎日,楽天Kドリームス 並び予想
6120240903020005,2024-09-04,玉野競輪,F2,A1/A2,5,Ａ級準決勝,22:30,22:25,7,https://keirin.kdreams.jp/tamano/racedetail/6120240903020005/?pageType=odds,2026-10-05T01:39:44.692086+00:00,4-7/1-5-6/3-2,published,競輪毎日,楽天Kドリームス 並び予想
6120240903020006,2024-09-04,玉野競輪,F2,A1/A2,6,Ａ級準決勝,22:55,22:50,7,https://keirin.kdreams.jp/tamano/racedetail/6120240903020006/?pageType=odds,2026-10-05T01:39:46.423229+00:00,2-1/7-3-4/6-5,published,競輪毎日,楽天Kドリームス 並び予想
6120240903020007,2024-09-04,玉野競輪,F2,A1/A2,7,Ａ級準決勝,23:20,23:15,7,https://keirin.kdreams.jp/tamano/racedetail/6120240903020007/?pageType=odds,2026-10-05T01:39:48.190311+00:00,2-1-7/3-5/6-4,published,競輪毎日,楽天Kドリームス 並び予想
1220240904010003,2024-09-04,青森競輪,F2,A1/A2,3,Ａ級特予選,09:10,09:05,7,https://keirin.kdreams.jp/aomori/racedetail/1220240904010003/?pageType=odds,2026-10-05T01:40:39.557320+00:00,7-3-4/5-1/6-2,published,アオケイ,楽天Kドリームス 並び予想
1220240904010004,2024-09-04,青森競輪,F2,A1/A2,4,Ａ級特予選,09:30,09:25,7,https://keirin.kdreams.jp/aomori/racedetail/1220240904010004/?pageType=odds,2026-10-05T01:40:41.191749+00:00,5-3/7-2/1-4-6,published,アオケイ,楽天Kドリームス 並び予想
1220240904010005,2024-09-04,青森競輪,F2,A1/A2,5,Ａ級特予選,09:50,09:45,7,https://keirin.kdreams.jp/aomori/racedetail/1220240904010005/?pageType=odds,2026-10-05T01:40:42.799962+00:00,5-1/4-2/3-7/6,published,アオケイ,楽天Kドリームス 並び予想
1220240904010006,2024-09-04,青森競輪,F2,A1/A2,6,Ａ級特予選,10:10,10:05,7,https://keirin.kdreams.jp/aomori/racedetail/1220240904010006/?pageType=odds,2026-10-05T01:40:44.456711+00:00,1-7-5/2-6/4-3,published,アオケイ,楽天Kドリームス 並び予想
1220240904010007,2024-09-04,青森競輪,F2,A1/A2,7,Ａ級初日特選,10:30,10:25,7,https://keirin.kdreams.jp/aomori/racedetail/1220240904010007/?pageType=odds,2026-10-05T01:40:46.080085+00:00,2-6/5-1/7-3/4,published,アオケイ,楽天Kドリームス 並び予想
4220240903030001,2024-09-05,名古屋競輪,F1,A1/A2,1,Ａ級一般,15:30,15:25,7,https://keirin.kdreams.jp/nagoya/racedetail/4220240903030001/?pageType=odds,2026-10-05T01:39:15.635838+00:00,1-7/4-5-3/2/6,published,中部競輪,楽天Kドリームス 並び予想
4220240903030002,2024-09-05,名古屋競輪,F1,A1/A2,2,Ａ級一般,15:56,15:51,7,https://keirin.kdreams.jp/nagoya/racedetail/4220240903030002/?pageType=odds,2026-10-05T01:39:17.583968+00:00,4-5-1/3/6/7-2,published,中部競輪,楽天Kドリームス 並び予想
4220240903030003,2024-09-05,名古屋競輪,F1,A1/A2,3,Ａ級特選,16:22,16:17,7,https://keirin.kdreams.jp/nagoya/racedetail/4220240903030003/?pageType=odds,2026-10-05T01:39:19.364693+00:00,4-1/2-7/6/5-3,published,中部競輪,楽天Kドリームス 並び予想
4220240903030004,2024-09-05,名古屋競輪,F1,A1/A2,4,Ａ級特選,16:49,16:44,7,https://keirin.kdreams.jp/nagoya/racedetail/4220240903030004/?pageType=odds,2026-10-05T01:39:21.110317+00:00,1-5-6/4/7-2-3,published,中部競輪,楽天Kドリームス 並び予想
4220240903030011,2024-09-05,名古屋競輪,F1,A1/A2,11,Ａ級決勝,19:58,19:53,7,https://keirin.kdreams.jp/nagoya/racedetail/4220240903030011/?pageType=odds,2026-10-05T01:39:23.168819+00:00,6-2-5/4-1/3-7,published,中部競輪,楽天Kドリームス 並び予想
2120240903030001,2024-09-05,弥彦競輪,F2,A1/A2,1,Ａ級一般,20:40,20:35,7,https://keirin.kdreams.jp/yahiko/racedetail/2120240903030001/?pageType=odds,2026-10-05T01:40:27.561792+00:00,1-2-5/7-3/4-6,published,新潟スポーツ,楽天Kドリームス 並び予想
2120240903030002,2024-09-05,弥彦競輪,F2,A1/A2,2,Ａ級一般,21:05,21:00,7,https://keirin.kdreams.jp/yahiko/racedetail/2120240903030002/?pageType=odds,2026-10-05T01:40:29.396149+00:00,1-4-5-7/3-2-6,published,新潟スポーツ,楽天Kドリームス 並び予想
2120240903030003,2024-09-05,弥彦競輪,F2,A1/A2,3,Ａ級一般,21:30,21:25,7,https://keirin.kdreams.jp/yahiko/racedetail/2120240903030003/?pageType=odds,2026-10-05T01:40:31.057413+00:00,1-4-6-7/3-2-5,published,新潟スポーツ,楽天Kドリームス 並び予想
2120240903030004,2024-09-05,弥彦競輪,F2,A1/A2,4,Ａ級特選,21:55,21:50,7,https://keirin.kdreams.jp/yahiko/racedetail/2120240903030004/?pageType=odds,2026-10-05T01:40:32.803290+00:00,5-1-7/3-2-4/6,published,新潟スポーツ,楽天Kドリームス 並び予想
2120240903030005,2024-09-05,弥彦競輪,F2,A1/A2,5,Ａ級特選,22:20,22:15,7,https://keirin.kdreams.jp/yahiko/racedetail/2120240903030005/?pageType=odds,2026-10-05T01:40:34.467138+00:00,6-1-5/2-7/3-4,published,新潟スポーツ,楽天Kドリームス 並び予想
2120240903030006,2024-09-05,弥彦競輪,F2,A1/A2,6,Ａ級特選,22:45,22:40,7,https://keirin.kdreams.jp/yahiko/racedetail/2120240903030006/?pageType=odds,2026-10-05T01:40:36.266064+00:00,1-3-6/5-2/7-4,published,新潟スポーツ,楽天Kドリームス 並び予想
2120240903030007,2024-09-05,弥彦競輪,F2,A1/A2,7,Ａ級決勝,23:10,23:05,7,https://keirin.kdreams.jp/yahiko/racedetail/2120240903030007/?pageType=odds,2026-10-05T01:40:37.818593+00:00,6-1/2-3/5-4/7,published,新潟スポーツ,楽天Kドリームス 並び予想
6120240903030001,2024-09-05,玉野競輪,F2,A1/A2,1,Ａ級一般,20:50,20:45,7,https://keirin.kdreams.jp/tamano/racedetail/6120240903030001/?pageType=odds,2026-10-05T01:39:49.939248+00:00,4-1-7/6/2-3-5,published,競輪毎日,楽天Kドリームス 並び予想
6120240903030002,2024-09-05,玉野競輪,F2,A1/A2,2,Ａ級一般,21:15,21:10,7,https://keirin.kdreams.jp/tamano/racedetail/6120240903030002/?pageType=odds,2026-10-05T01:39:51.651434+00:00,7-1-2/4/3-5-6,published,競輪毎日,楽天Kドリームス 並び予想
6120240903030003,2024-09-05,玉野競輪,F2,A1/A2,3,Ａ級一般,21:40,21:35,7,https://keirin.kdreams.jp/tamano/racedetail/6120240903030003/?pageType=odds,2026-10-05T01:39:53.372019+00:00,1-6-7/3/2-4-5,published,競輪毎日,楽天Kドリームス 並び予想
6120240903030004,2024-09-05,玉野競輪,F2,A1/A2,4,Ａ級特選,22:05,22:00,7,https://keirin.kdreams.jp/tamano/racedetail/6120240903030004/?pageType=odds,2026-10-05T01:39:55.212117+00:00,2-1/4-5/6-7/3,published,競輪毎日,楽天Kドリームス 並び予想
6120240903030005,2024-09-05,玉野競輪,F2,A1/A2,5,Ａ級特選,22:30,22:25,7,https://keirin.kdreams.jp/tamano/racedetail/6120240903030005/?pageType=odds,2026-10-05T01:39:56.990569+00:00,1-3/2-4-7/6-5,published,競輪毎日,楽天Kドリームス 並び予想
6120240903030006,2024-09-05,玉野競輪,F2,A1/A2,6,Ａ級特選,22:55,22:50,7,https://keirin.kdreams.jp/tamano/racedetail/6120240903030006/?pageType=odds,2026-10-05T01:39:58.762062+00:00,1-5-3/4-2/7-6,published,競輪毎日,楽天Kドリームス 並び予想
6120240903030007,2024-09-05,玉野競輪,F2,A1/A2,7,Ａ級決勝,23:20,23:15,7,https://keirin.kdreams.jp/tamano/racedetail/6120240903030007/?pageType=odds,2026-10-05T01:40:00.575758+00:00,5-3-1/6/4-2-7,published,競輪毎日,楽天Kドリームス 並び予想
1220240904020003,2024-09-05,青森競輪,F2,A1/A2,3,Ａ級特一般,09:10,09:05,6,https://keirin.kdreams.jp/aomori/racedetail/1220240904020003/?pageType=odds,2026-10-05T01:40:47.736611+00:00,4-2/1-5/3-6,published,アオケイ,楽天Kドリームス 並び予想
1220240904020004,2024-09-05,青森競輪,F2,A1/A2,4,Ａ級特一般,09:30,09:25,7,https://keirin.kdreams.jp/aomori/racedetail/1220240904020004/?pageType=odds,2026-10-05T01:40:49.495923+00:00,3-5-1/4/6-2-7,published,アオケイ,楽天Kドリームス 並び予想
1220240904020005,2024-09-05,青森競輪,F2,A1/A2,5,Ａ級準決勝,09:50,09:45,7,https://keirin.kdreams.jp/aomori/racedetail/1220240904020005/?pageType=odds,2026-10-05T01:40:51.216749+00:00,6-1/5-2/3-4-7,published,アオケイ,楽天Kドリームス 並び予想
1220240904020006,2024-09-05,青森競輪,F2,A1/A2,6,Ａ級準決勝,10:10,10:05,7,https://keirin.kdreams.jp/aomori/racedetail/1220240904020006/?pageType=odds,2026-10-05T01:40:53.030059+00:00,4-1/2-7/6-3-5,published,アオケイ,楽天Kドリームス 並び予想
1220240904020007,2024-09-05,青森競輪,F2,A1/A2,7,Ａ級準決勝,10:30,10:25,7,https://keirin.kdreams.jp/aomori/racedetail/1220240904020007/?pageType=odds,2026-10-05T01:40:54.788494+00:00,4-1-7/2/6-3/5,published,アオケイ,楽天Kドリームス 並び予想
7120240905010001,2024-09-05,高松競輪,F2,A1/A2,1,Ａ級特予選,08:40,08:35,7,https://keirin.kdreams.jp/takamatsu/racedetail/7120240905010001/?pageType=odds,2026-10-05T01:41:05.494899+00:00,5-3/1-6/4-2-7,published,競輪毎日,楽天Kドリームス 並び予想
7120240905010002,2024-09-05,高松競輪,F2,A1/A2,2,Ａ級特予選,09:00,08:55,7,https://keirin.kdreams.jp/takamatsu/racedetail/7120240905010002/?pageType=odds,2026-10-05T01:41:07.203157+00:00,1-5/2-4-6/7-3,published,競輪毎日,楽天Kドリームス 並び予想
7120240905010003,2024-09-05,高松競輪,F2,A1/A2,3,Ａ級特予選,09:20,09:15,7,https://keirin.kdreams.jp/takamatsu/racedetail/7120240905010003/?pageType=odds,2026-10-05T01:41:08.843991+00:00,1-3-5/6/7-2-4,published,競輪毎日,楽天Kドリームス 並び予想
7120240905010004,2024-09-05,高松競輪,F2,A1/A2,4,Ａ級特予選,09:40,09:35,7,https://keirin.kdreams.jp/takamatsu/racedetail/7120240905010004/?pageType=odds,2026-10-05T01:41:10.814966+00:00,5-1-7/2/3/4/6,published,競輪毎日,楽天Kドリームス 並び予想
7120240905010005,2024-09-05,高松競輪,F2,A1/A2,5,Ａ級初日特選,10:00,09:55,7,https://keirin.kdreams.jp/takamatsu/racedetail/7120240905010005/?pageType=odds,2026-10-05T01:41:12.594448+00:00,3-5/1-6/2-7/4,published,競輪毎日,楽天Kドリームス 並び予想
1320240906010006,2024-09-06,いわき平競輪,F2,A1/A2,6,Ａ級予選,17:45,17:40,7,https://keirin.kdreams.jp/iwakitaira/racedetail/1320240906010006/?pageType=odds,2026-10-05T01:41:58.941766+00:00,3-7-1-6/5-4-2,published,アオケイ,楽天Kドリームス 並び予想
1320240906010007,2024-09-06,いわき平競輪,F2,A1/A2,7,Ａ級予選,18:10,18:05,7,https://keirin.kdreams.jp/iwakitaira/racedetail/1320240906010007/?pageType=odds,2026-10-05T01:42:00.646125+00:00,4-5-1/2-7-3-6,published,アオケイ,楽天Kドリームス 並び予想
1320240906010008,2024-09-06,いわき平競輪,F2,A1/A2,8,Ａ級予選,18:35,18:30,7,https://keirin.kdreams.jp/iwakitaira/racedetail/1320240906010008/?pageType=odds,2026-10-05T01:42:02.556574+00:00,7-3-1/4/5-2/6,published,アオケイ,楽天Kドリームス 並び予想
1320240906010009,2024-09-06,いわき平競輪,F2,A1/A2,9,Ａ級予選,19:00,18:55,7,https://keirin.kdreams.jp/iwakitaira/racedetail/1320240906010009/?pageType=odds,2026-10-05T01:42:04.394369+00:00,5-1-6/2/3-7/4,published,アオケイ,楽天Kドリームス 並び予想
1320240906010010,2024-09-06,いわき平競輪,F2,A1/A2,10,Ａ級予選,19:27,19:22,7,https://keirin.kdreams.jp/iwakitaira/racedetail/1320240906010010/?pageType=odds,2026-10-05T01:42:06.157252+00:00,1-7-4/6-2/5-3,published,アオケイ,楽天Kドリームス 並び予想
1320240906010011,2024-09-06,いわき平競輪,F2,A1/A2,11,Ａ級予選,19:56,19:51,7,https://keirin.kdreams.jp/iwakitaira/racedetail/1320240906010011/?pageType=odds,2026-10-05T01:42:07.881522+00:00,1-5-6/2-4/7-3,published,アオケイ,楽天Kドリームス 並び予想
1320240906010012,2024-09-06,いわき平競輪,F2,A1/A2,12,Ａ級初日特選,20:25,20:20,7,https://keirin.kdreams.jp/iwakitaira/racedetail/1320240906010012/?pageType=odds,2026-10-05T01:42:09.723820+00:00,7-1-5/4-3-6/2,published,アオケイ,楽天Kドリームス 並び予想
8620240906010001,2024-09-06,別府競輪,F1,A1/A2,1,Ａ級予選,15:35,15:30,7,https://keirin.kdreams.jp/beppu/racedetail/8620240906010001/?pageType=odds,2026-10-05T01:41:32.449906+00:00,7-2/4-1/5/3-6,published,ダービー,楽天Kドリームス 並び予想
8620240906010002,2024-09-06,別府競輪,F1,A1/A2,2,Ａ級予選,15:59,15:54,7,https://keirin.kdreams.jp/beppu/racedetail/8620240906010002/?pageType=odds,2026-10-05T01:41:34.226859+00:00,7-1/5-3/2-4-6,published,ダービー,楽天Kドリームス 並び予想
8620240906010003,2024-09-06,別府競輪,F1,A1/A2,3,Ａ級予選,16:23,16:18,7,https://keirin.kdreams.jp/beppu/racedetail/8620240906010003/?pageType=odds,2026-10-05T01:41:36.150236+00:00,5-2/3/1-7-4-6,published,ダービー,楽天Kドリームス 並び予想
8620240906010004,2024-09-06,別府競輪,F1,A1/A2,4,Ａ級予選,16:47,16:42,7,https://keirin.kdreams.jp/beppu/racedetail/8620240906010004/?pageType=odds,2026-10-05T01:41:37.939311+00:00,2-7-5/1/4-3-6,published,ダービー,楽天Kドリームス 並び予想
8620240906010005,2024-09-06,別府競輪,F1,A1/A2,5,Ａ級初日特選,17:11,17:06,7,https://keirin.kdreams.jp/beppu/racedetail/8620240906010005/?pageType=odds,2026-10-05T01:41:39.621241+00:00,7-5-2/6/1-4-3,published,ダービー,楽天Kドリームス 並び予想
7320240906010003,2024-09-06,小松島競輪,F2,A1/A2,3,Ａ級予選,21:30,21:25,7,https://keirin.kdreams.jp/komatsushima/racedetail/7320240906010003/?pageType=odds,2026-10-05T01:42:36.683748+00:00,1-2-6/5-3/7-4,published,競輪毎日,楽天Kドリームス 並び予想
7320240906010004,2024-09-06,小松島競輪,F2,A1/A2,4,Ａ級予選,21:50,21:45,7,https://keirin.kdreams.jp/komatsushima/racedetail/7320240906010004/?pageType=odds,2026-10-05T01:42:38.370566+00:00,1-2/3-5/6-4-7,published,競輪毎日,楽天Kドリームス 並び予想
7320240906010005,2024-09-06,小松島競輪,F2,A1/A2,5,Ａ級予選,22:10,22:05,7,https://keirin.kdreams.jp/komatsushima/racedetail/7320240906010005/?pageType=odds,2026-10-05T01:42:40.306744+00:00,2-1-4-7/5-3-6,published,競輪毎日,楽天Kドリームス 並び予想
7320240906010006,2024-09-06,小松島競輪,F2,A1/A2,6,Ａ級予選,22:30,22:25,7,https://keirin.kdreams.jp/komatsushima/racedetail/7320240906010006/?pageType=odds,2026-10-05T01:42:42.182692+00:00,4-1-2-6/5-3-7,published,競輪毎日,楽天Kドリームス 並び予想
7320240906010007,2024-09-06,小松島競輪,F2,A1/A2,7,Ａ級予選,22:50,22:45,7,https://keirin.kdreams.jp/komatsushima/racedetail/7320240906010007/?pageType=odds,2026-10-05T01:42:43.821617+00:00,2-1-6-7/5-3/4,published,競輪毎日,楽天Kドリームス 並び予想
7320240906010008,2024-09-06,小松島競輪,F2,A1/A2,8,Ａ級予選,23:10,23:05,7,https://keirin.kdreams.jp/komatsushima/racedetail/7320240906010008/?pageType=odds,2026-10-05T01:42:45.463596+00:00,1-3-5/4-2/6-7,published,競輪毎日,楽天Kドリームス 並び予想
7320240906010009,2024-09-06,小松島競輪,F2,A1/A2,9,Ａ級初日特選,23:30,23:25,7,https://keirin.kdreams.jp/komatsushima/racedetail/7320240906010009/?pageType=odds,2026-10-05T01:42:46.975340+00:00,2-1/6-7/3-4-5,published,競輪毎日,楽天Kドリームス 並び予想
4720240906010005,2024-09-06,松阪競輪,F2,A1/A2,5,Ａ級特予選,22:00,21:55,7,https://keirin.kdreams.jp/matsusaka/racedetail/4720240906010005/?pageType=odds,2026-10-05T01:43:13.532257+00:00,6-1-3/5/2-4-7,published,中部競輪,楽天Kドリームス 並び予想
4720240906010006,2024-09-06,松阪競輪,F2,A1/A2,6,Ａ級特予選,22:20,22:15,7,https://keirin.kdreams.jp/matsusaka/racedetail/4720240906010006/?pageType=odds,2026-10-05T01:43:15.451601+00:00,1-3-6/4-2/7-5,published,中部競輪,楽天Kドリームス 並び予想
4720240906010007,2024-09-06,松阪競輪,F2,A1/A2,7,Ａ級特予選,22:40,22:35,7,https://keirin.kdreams.jp/matsusaka/racedetail/4720240906010007/?pageType=odds,2026-10-05T01:43:17.111942+00:00,6-2-3/4-1/5-7,published,中部競輪,楽天Kドリームス 並び予想
4720240906010008,2024-09-06,松阪競輪,F2,A1/A2,8,Ａ級特予選,23:00,22:55,7,https://keirin.kdreams.jp/matsusaka/racedetail/4720240906010008/?pageType=odds,2026-10-05T01:43:18.772391+00:00,2-1/3-4-5/7-6,published,中部競輪,楽天Kドリームス 並び予想
4720240906010009,2024-09-06,松阪競輪,F2,A1/A2,9,Ａ級初日特選,23:20,23:15,7,https://keirin.kdreams.jp/matsusaka/racedetail/4720240906010009/?pageType=odds,2026-10-05T01:43:20.391744+00:00,1-7/6-2/4-3-5,published,中部競輪,楽天Kドリームス 並び予想
2820240906010001,2024-09-06,立川競輪,F1,A1/A2,1,Ａ級予選,10:45,10:40,7,https://keirin.kdreams.jp/tachikawa/racedetail/2820240906010001/?pageType=odds,2026-10-05T01:43:38.519961+00:00,1-5-7/2-4/6-3,published,アオケイ,楽天Kドリームス 並び予想
2820240906010002,2024-09-06,立川競輪,F1,A1/A2,2,Ａ級予選,11:13,11:08,7,https://keirin.kdreams.jp/tachikawa/racedetail/2820240906010002/?pageType=odds,2026-10-05T01:43:40.159787+00:00,4-1-7/2-5/3-6,published,アオケイ,楽天Kドリームス 並び予想
2820240906010003,2024-09-06,立川競輪,F1,A1/A2,3,Ａ級予選,11:41,11:36,7,https://keirin.kdreams.jp/tachikawa/racedetail/2820240906010003/?pageType=odds,2026-10-05T01:43:41.657452+00:00,5-1-3/2-7-4/6,published,アオケイ,楽天Kドリームス 並び予想
2820240906010004,2024-09-06,立川競輪,F1,A1/A2,4,Ａ級予選,12:10,12:05,7,https://keirin.kdreams.jp/tachikawa/racedetail/2820240906010004/?pageType=odds,2026-10-05T01:43:43.300644+00:00,1-5/4-7-2/3-6,published,アオケイ,楽天Kドリームス 並び予想
2820240906010005,2024-09-06,立川競輪,F1,A1/A2,5,Ａ級初日特選,12:39,12:34,7,https://keirin.kdreams.jp/tachikawa/racedetail/2820240906010005/?pageType=odds,2026-10-05T01:43:45.077211+00:00,7-2/4-1/3-6/5,published,アオケイ,楽天Kドリームス 並び予想
1220240904030002,2024-09-06,青森競輪,F2,A1/A2,2,Ａ級特一般,08:50,08:45,6,https://keirin.kdreams.jp/aomori/racedetail/1220240904030002/?pageType=odds,2026-10-05T01:40:56.551940+00:00,6-1-4/2-5/3,published,アオケイ,楽天Kドリームス 並び予想
1220240904030003,2024-09-06,青森競輪,F2,A1/A2,3,Ａ級特一般,09:10,09:05,7,https://keirin.kdreams.jp/aomori/racedetail/1220240904030003/?pageType=odds,2026-10-05T01:40:58.377520+00:00,1-4/7-2-5/6-3,published,アオケイ,楽天Kドリームス 並び予想
1220240904030004,2024-09-06,青森競輪,F2,A1/A2,4,Ａ級特選,09:30,09:25,7,https://keirin.kdreams.jp/aomori/racedetail/1220240904030004/?pageType=odds,2026-10-05T01:41:00.272633+00:00,5-1/2-4/6-3/7,published,アオケイ,楽天Kドリームス 並び予想
1220240904030005,2024-09-06,青森競輪,F2,A1/A2,5,Ａ級特選,09:50,09:45,7,https://keirin.kdreams.jp/aomori/racedetail/1220240904030005/?pageType=odds,2026-10-05T01:41:01.968921+00:00,7-4-1/5-2/6-3,published,アオケイ,楽天Kドリームス 並び予想
1220240904030007,2024-09-06,青森競輪,F2,A1/A2,7,Ａ級決勝,10:30,10:25,7,https://keirin.kdreams.jp/aomori/racedetail/1220240904030007/?pageType=odds,2026-10-05T01:41:03.705080+00:00,3-5-1/6-2-4-7,published,アオケイ,楽天Kドリームス 並び予想
7120240905020001,2024-09-06,高松競輪,F2,A1/A2,1,Ａ級特一般,08:40,08:35,7,https://keirin.kdreams.jp/takamatsu/racedetail/7120240905020001/?pageType=odds,2026-10-05T01:41:14.406789+00:00,4-1/6-3/7-5-2,published,競輪毎日,楽天Kドリームス 並び予想
7120240905020002,2024-09-06,高松競輪,F2,A1/A2,2,Ａ級特一般,09:00,08:55,7,https://keirin.kdreams.jp/takamatsu/racedetail/7120240905020002/?pageType=odds,2026-10-05T01:41:16.177961+00:00,4-7-1/2-5/3-6,published,競輪毎日,楽天Kドリームス 並び予想
7120240905020003,2024-09-06,高松競輪,F2,A1/A2,3,Ａ級準決勝,09:20,09:15,7,https://keirin.kdreams.jp/takamatsu/racedetail/7120240905020003/?pageType=odds,2026-10-05T01:41:17.956809+00:00,5-1/6-2-4/7-3,published,競輪毎日,楽天Kドリームス 並び予想
7120240905020004,2024-09-06,高松競輪,F2,A1/A2,4,Ａ級準決勝,09:40,09:35,7,https://keirin.kdreams.jp/takamatsu/racedetail/7120240905020004/?pageType=odds,2026-10-05T01:41:19.773136+00:00,2-5-3/4/7-1-6,published,競輪毎日,楽天Kドリームス 並び予想
7120240905020005,2024-09-06,高松競輪,F2,A1/A2,5,Ａ級準決勝,10:00,09:55,7,https://keirin.kdreams.jp/takamatsu/racedetail/7120240905020005/?pageType=odds,2026-10-05T01:41:21.640443+00:00,1-7-5/2-4/3-6,published,競輪毎日,楽天Kドリームス 並び予想
1320240906020006,2024-09-07,いわき平競輪,F2,A1/A2,6,Ａ級一般,17:45,17:40,7,https://keirin.kdreams.jp/iwakitaira/racedetail/1320240906020006/?pageType=odds,2026-10-05T01:42:11.477413+00:00,3-7-5/1/2-4-6,published,アオケイ,楽天Kドリームス 並び予想
1320240906020007,2024-09-07,いわき平競輪,F2,A1/A2,7,Ａ級一般,18:10,18:05,7,https://keirin.kdreams.jp/iwakitaira/racedetail/1320240906020007/?pageType=odds,2026-10-05T01:42:13.361360+00:00,1-7-6/5-2/3-4,published,アオケイ,楽天Kドリームス 並び予想
1320240906020008,2024-09-07,いわき平競輪,F2,A1/A2,8,Ａ級選抜,18:35,18:30,7,https://keirin.kdreams.jp/iwakitaira/racedetail/1320240906020008/?pageType=odds,2026-10-05T01:42:15.089417+00:00,4-1-7-3/6-2-5,published,アオケイ,楽天Kドリームス 並び予想
1320240906020009,2024-09-07,いわき平競輪,F2,A1/A2,9,Ａ級選抜,19:00,18:55,7,https://keirin.kdreams.jp/iwakitaira/racedetail/1320240906020009/?pageType=odds,2026-10-05T01:42:16.814839+00:00,4-1/6/3-5-7-2,published,アオケイ,楽天Kドリームス 並び予想
1320240906020010,2024-09-07,いわき平競輪,F2,A1/A2,10,Ａ級準決勝,19:27,19:22,7,https://keirin.kdreams.jp/iwakitaira/racedetail/1320240906020010/?pageType=odds,2026-10-05T01:42:18.818805+00:00,5-7-1/2-6/3-4,published,アオケイ,楽天Kドリームス 並び予想
1320240906020011,2024-09-07,いわき平競輪,F2,A1/A2,11,Ａ級準決勝,19:56,19:51,7,https://keirin.kdreams.jp/iwakitaira/racedetail/1320240906020011/?pageType=odds,2026-10-05T01:42:20.529858+00:00,4-1-6/5-2/3-7,published,アオケイ,楽天Kドリームス 並び予想
1320240906020012,2024-09-07,いわき平競輪,F2,A1/A2,12,Ａ級準決勝,20:25,20:20,7,https://keirin.kdreams.jp/iwakitaira/racedetail/1320240906020012/?pageType=odds,2026-10-05T01:42:22.355918+00:00,7-1/2-4/5-3-6,published,アオケイ,楽天Kドリームス 並び予想
8620240906020001,2024-09-07,別府競輪,F1,A1/A2,1,Ａ級一般,15:35,15:30,7,https://keirin.kdreams.jp/beppu/racedetail/8620240906020001/?pageType=odds,2026-10-05T01:41:41.379283+00:00,5-3-6/2-4/1-7,published,ダービー,楽天Kドリームス 並び予想
8620240906020002,2024-09-07,別府競輪,F1,A1/A2,2,Ａ級一般,15:59,15:54,7,https://keirin.kdreams.jp/beppu/racedetail/8620240906020002/?pageType=odds,2026-10-05T01:41:43.193895+00:00,7-1-2/3-5-4/6,published,ダービー,楽天Kドリームス 並び予想
8620240906020003,2024-09-07,別府競輪,F1,A1/A2,3,Ａ級準決勝,16:23,16:18,7,https://keirin.kdreams.jp/beppu/racedetail/8620240906020003/?pageType=odds,2026-10-05T01:41:44.904230+00:00,7-1-5/2-4/6-3,published,ダービー,楽天Kドリームス 並び予想
8620240906020004,2024-09-07,別府競輪,F1,A1/A2,4,Ａ級準決勝,16:47,16:42,7,https://keirin.kdreams.jp/beppu/racedetail/8620240906020004/?pageType=odds,2026-10-05T01:41:46.778954+00:00,3-6/1-7/2-5-4,published,ダービー,楽天Kドリームス 並び予想
8620240906020005,2024-09-07,別府競輪,F1,A1/A2,5,Ａ級準決勝,17:11,17:06,7,https://keirin.kdreams.jp/beppu/racedetail/8620240906020005/?pageType=odds,2026-10-05T01:41:47.963546+00:00,3-5/7-1-4/6-2,published,ダービー,楽天Kドリームス 並び予想
7320240906020003,2024-09-07,小松島競輪,F2,A1/A2,3,Ａ級一般,21:30,21:25,7,https://keirin.kdreams.jp/komatsushima/racedetail/7320240906020003/?pageType=odds,2026-10-05T01:42:48.679486+00:00,4-1-6/2/3/5/7,published,競輪毎日,楽天Kドリームス 並び予想
7320240906020004,2024-09-07,小松島競輪,F2,A1/A2,4,Ａ級一般,21:50,21:45,7,https://keirin.kdreams.jp/komatsushima/racedetail/7320240906020004/?pageType=odds,2026-10-05T01:42:50.566593+00:00,1-3-2-5-4/6/7,published,競輪毎日,楽天Kドリームス 並び予想
7320240906020005,2024-09-07,小松島競輪,F2,A1/A2,5,Ａ級選抜,22:10,22:05,7,https://keirin.kdreams.jp/komatsushima/racedetail/7320240906020005/?pageType=odds,2026-10-05T01:42:52.382539+00:00,2-1/3-6/4-5/7,published,競輪毎日,楽天Kドリームス 並び予想
7320240906020006,2024-09-07,小松島競輪,F2,A1/A2,6,Ａ級選抜,22:30,22:25,7,https://keirin.kdreams.jp/komatsushima/racedetail/7320240906020006/?pageType=odds,2026-10-05T01:42:54.046972+00:00,1-2-4/7-3/6-5,published,競輪毎日,楽天Kドリームス 並び予想
7320240906020007,2024-09-07,小松島競輪,F2,A1/A2,7,Ａ級準決勝,22:50,22:45,7,https://keirin.kdreams.jp/komatsushima/racedetail/7320240906020007/?pageType=odds,2026-10-05T01:42:55.695076+00:00,5-1-6/7/3-2-4,published,競輪毎日,楽天Kドリームス 並び予想
7320240906020008,2024-09-07,小松島競輪,F2,A1/A2,8,Ａ級準決勝,23:10,23:05,7,https://keirin.kdreams.jp/komatsushima/racedetail/7320240906020008/?pageType=odds,2026-10-05T01:42:57.690751+00:00,1-6-7/2-3/4/5,published,競輪毎日,楽天Kドリームス 並び予想
7320240906020009,2024-09-07,小松島競輪,F2,A1/A2,9,Ａ級準決勝,23:30,23:25,7,https://keirin.kdreams.jp/komatsushima/racedetail/7320240906020009/?pageType=odds,2026-10-05T01:42:59.402063+00:00,1-2/3-4/7-5-6,published,競輪毎日,楽天Kドリームス 並び予想
4720240906020005,2024-09-07,松阪競輪,F2,A1/A2,5,Ａ級特一般,22:00,21:55,7,https://keirin.kdreams.jp/matsusaka/racedetail/4720240906020005/?pageType=odds,2026-10-05T01:43:21.984865+00:00,4-1-3/2-6/5-7,published,中部競輪,楽天Kドリームス 並び予想
4720240906020006,2024-09-07,松阪競輪,F2,A1/A2,6,Ａ級特一般,22:20,22:15,7,https://keirin.kdreams.jp/matsusaka/racedetail/4720240906020006/?pageType=odds,2026-10-05T01:43:23.533424+00:00,5-2/3-1-4/6-7,published,中部競輪,楽天Kドリームス 並び予想
4720240906020007,2024-09-07,松阪競輪,F2,A1/A2,7,Ａ級準決勝,22:40,22:35,7,https://keirin.kdreams.jp/matsusaka/racedetail/4720240906020007/?pageType=odds,2026-10-05T01:43:25.210511+00:00,1-4/3-2/7-5-6,published,中部競輪,楽天Kドリームス 並び予想
4720240906020008,2024-09-07,松阪競輪,F2,A1/A2,8,Ａ級準決勝,23:00,22:55,7,https://keirin.kdreams.jp/matsusaka/racedetail/4720240906020008/?pageType=odds,2026-10-05T01:43:26.842429+00:00,1-2-6/7/4-3-5,published,中部競輪,楽天Kドリームス 並び予想
4720240906020009,2024-09-07,松阪競輪,F2,A1/A2,9,Ａ級準決勝,23:20,23:15,7,https://keirin.kdreams.jp/matsusaka/racedetail/4720240906020009/?pageType=odds,2026-10-05T01:43:28.381606+00:00,2-1-4/3-5/7-6,published,中部競輪,楽天Kドリームス 並び予想
2820240906020001,2024-09-07,立川競輪,F1,A1/A2,1,Ａ級一般,10:45,10:40,7,https://keirin.kdreams.jp/tachikawa/racedetail/2820240906020001/?pageType=odds,2026-10-05T01:43:46.809803+00:00,7-1-6/4-2-5/3,published,アオケイ,楽天Kドリームス 並び予想
2820240906020002,2024-09-07,立川競輪,F1,A1/A2,2,Ａ級一般,11:13,11:08,7,https://keirin.kdreams.jp/tachikawa/racedetail/2820240906020002/?pageType=odds,2026-10-05T01:43:48.394554+00:00,5-1-4/2/7-3-6,published,アオケイ,楽天Kドリームス 並び予想
2820240906020003,2024-09-07,立川競輪,F1,A1/A2,3,Ａ級準決勝,11:41,11:36,7,https://keirin.kdreams.jp/tachikawa/racedetail/2820240906020003/?pageType=odds,2026-10-05T01:43:50.146990+00:00,1-3-5/2-4-7/6,published,アオケイ,楽天Kドリームス 並び予想
2820240906020004,2024-09-07,立川競輪,F1,A1/A2,4,Ａ級準決勝,12:10,12:05,7,https://keirin.kdreams.jp/tachikawa/racedetail/2820240906020004/?pageType=odds,2026-10-05T01:43:51.717608+00:00,1-4/7-2-6/5-3,published,アオケイ,楽天Kドリームス 並び予想
2820240906020005,2024-09-07,立川競輪,F1,A1/A2,5,Ａ級準決勝,12:39,12:34,7,https://keirin.kdreams.jp/tachikawa/racedetail/2820240906020005/?pageType=odds,2026-10-05T01:43:53.342340+00:00,1-5/7-2-6/3-4,published,アオケイ,楽天Kドリームス 並び予想
7120240905030001,2024-09-07,高松競輪,F2,A1/A2,1,Ａ級特一般,08:30,08:25,7,https://keirin.kdreams.jp/takamatsu/racedetail/7120240905030001/?pageType=odds,2026-10-05T01:41:23.364487+00:00,1-4/2-6/5-3/7,published,競輪毎日,楽天Kドリームス 並び予想
7120240905030002,2024-09-07,高松競輪,F2,A1/A2,2,Ａ級特一般,08:50,08:45,7,https://keirin.kdreams.jp/takamatsu/racedetail/7120240905030002/?pageType=odds,2026-10-05T01:41:25.217252+00:00,1-6/2-4/5-3-7,published,競輪毎日,楽天Kドリームス 並び予想
7120240905030003,2024-09-07,高松競輪,F2,A1/A2,3,Ａ級特選,09:10,09:05,7,https://keirin.kdreams.jp/takamatsu/racedetail/7120240905030003/?pageType=odds,2026-10-05T01:41:26.983808+00:00,1-5-6/7-2/3-4,published,競輪毎日,楽天Kドリームス 並び予想
7120240905030004,2024-09-07,高松競輪,F2,A1/A2,4,Ａ級特選,09:30,09:25,7,https://keirin.kdreams.jp/takamatsu/racedetail/7120240905030004/?pageType=odds,2026-10-05T01:41:28.847295+00:00,2-7-5/4-1/3-6,published,競輪毎日,楽天Kドリームス 並び予想
7120240905030005,2024-09-07,高松競輪,F2,A1/A2,5,Ａ級決勝,09:50,09:45,7,https://keirin.kdreams.jp/takamatsu/racedetail/7120240905030005/?pageType=odds,2026-10-05T01:41:30.603189+00:00,5-1-7/3/4-6-2,published,競輪毎日,楽天Kドリームス 並び予想
1320240906030005,2024-09-08,いわき平競輪,F2,A1/A2,5,Ａ級一般,17:20,17:15,7,https://keirin.kdreams.jp/iwakitaira/racedetail/1320240906030005/?pageType=odds,2026-10-05T01:42:24.032852+00:00,4-7-1/6/2-3-5,published,アオケイ,楽天Kドリームス 並び予想
1320240906030006,2024-09-08,いわき平競輪,F2,A1/A2,6,Ａ級一般,17:46,17:41,7,https://keirin.kdreams.jp/iwakitaira/racedetail/1320240906030006/?pageType=odds,2026-10-05T01:42:25.818210+00:00,4-1-6-2/3/5-7,published,アオケイ,楽天Kドリームス 並び予想
1320240906030007,2024-09-08,いわき平競輪,F2,A1/A2,7,Ａ級一般,18:12,18:07,7,https://keirin.kdreams.jp/iwakitaira/racedetail/1320240906030007/?pageType=odds,2026-10-05T01:42:27.715567+00:00,1-4/2-5/7-3-6,published,アオケイ,楽天Kドリームス 並び予想
1320240906030008,2024-09-08,いわき平競輪,F2,A1/A2,8,Ａ級特選,18:38,18:33,7,https://keirin.kdreams.jp/iwakitaira/racedetail/1320240906030008/?pageType=odds,2026-10-05T01:42:29.566928+00:00,1-7/2-5/4-3-6,published,アオケイ,楽天Kドリームス 並び予想
1320240906030009,2024-09-08,いわき平競輪,F2,A1/A2,9,Ａ級特選,19:04,18:59,7,https://keirin.kdreams.jp/iwakitaira/racedetail/1320240906030009/?pageType=odds,2026-10-05T01:42:31.243331+00:00,4-2-3-6/1-5/7,published,アオケイ,楽天Kドリームス 並び予想
1320240906030010,2024-09-08,いわき平競輪,F2,A1/A2,10,Ａ級特選,19:32,19:27,7,https://keirin.kdreams.jp/iwakitaira/racedetail/1320240906030010/?pageType=odds,2026-10-05T01:42:33.015795+00:00,1-6/2-4-7/5-3,published,アオケイ,楽天Kドリームス 並び予想
1320240906030012,2024-09-08,いわき平競輪,F2,A1/A2,12,Ａ級決勝,20:35,20:30,7,https://keirin.kdreams.jp/iwakitaira/racedetail/1320240906030012/?pageType=odds,2026-10-05T01:42:34.843195+00:00,2-6-4/1/3-5-7,published,アオケイ,楽天Kドリームス 並び予想
3720240908010001,2024-09-08,伊東競輪,F1,A1/A2,1,Ａ級予選,15:33,15:28,7,https://keirin.kdreams.jp/ito/racedetail/3720240908010001/?pageType=odds,2026-10-05T01:44:02.985285+00:00,2-5-1-6/3-7-4,published,ひかり・小田競,楽天Kドリームス 並び予想
3720240908010002,2024-09-08,伊東競輪,F1,A1/A2,2,Ａ級予選,15:58,15:53,7,https://keirin.kdreams.jp/ito/racedetail/3720240908010002/?pageType=odds,2026-10-05T01:44:04.606421+00:00,5-1-7/2/6-3-4,published,ひかり・小田競,楽天Kドリームス 並び予想
3720240908010003,2024-09-08,伊東競輪,F1,A1/A2,3,Ａ級予選,16:24,16:19,7,https://keirin.kdreams.jp/ito/racedetail/3720240908010003/?pageType=odds,2026-10-05T01:44:06.176691+00:00,2-5-6/1/7-3-4,published,ひかり・小田競,楽天Kドリームス 並び予想
3720240908010004,2024-09-08,伊東競輪,F1,A1/A2,4,Ａ級予選,16:50,16:45,7,https://keirin.kdreams.jp/ito/racedetail/3720240908010004/?pageType=odds,2026-10-05T01:44:07.899166+00:00,5-2/1-7/3-4-6,published,ひかり・小田競,楽天Kドリームス 並び予想
3720240908010005,2024-09-08,伊東競輪,F1,A1/A2,5,Ａ級初日特選,17:16,17:11,7,https://keirin.kdreams.jp/ito/racedetail/3720240908010005/?pageType=odds,2026-10-05T01:44:09.630985+00:00,2-4/1/3-5-7/6,published,ひかり・小田競,楽天Kドリームス 並び予想
8620240906030001,2024-09-08,別府競輪,F1,A1/A2,1,Ａ級一般,15:35,15:30,7,https://keirin.kdreams.jp/beppu/racedetail/8620240906030001/?pageType=odds,2026-10-05T01:41:49.669799+00:00,1-5-3/7/4-2-6,published,ダービー,楽天Kドリームス 並び予想
8620240906030002,2024-09-08,別府競輪,F1,A1/A2,2,Ａ級一般,15:59,15:54,7,https://keirin.kdreams.jp/beppu/racedetail/8620240906030002/?pageType=odds,2026-10-05T01:41:51.443028+00:00,1-6-5/4-2/3-7,published,ダービー,楽天Kドリームス 並び予想
8620240906030003,2024-09-08,別府競輪,F1,A1/A2,3,Ａ級特選,16:23,16:18,7,https://keirin.kdreams.jp/beppu/racedetail/8620240906030003/?pageType=odds,2026-10-05T01:41:53.372184+00:00,2-7-5/4/6-1-3,published,ダービー,楽天Kドリームス 並び予想
8620240906030004,2024-09-08,別府競輪,F1,A1/A2,4,Ａ級特選,16:48,16:43,7,https://keirin.kdreams.jp/beppu/racedetail/8620240906030004/?pageType=odds,2026-10-05T01:41:55.133127+00:00,5-1-3-7/2-6-4,published,ダービー,楽天Kドリームス 並び予想
8620240906030011,2024-09-08,別府競輪,F1,A1/A2,11,Ａ級決勝,19:57,19:52,7,https://keirin.kdreams.jp/beppu/racedetail/8620240906030011/?pageType=odds,2026-10-05T01:41:57.022629+00:00,7-1-4/6-2/3-5,published,ダービー,楽天Kドリームス 並び予想
7320240906030002,2024-09-08,小松島競輪,F2,A1/A2,2,Ａ級一般,21:10,21:05,6,https://keirin.kdreams.jp/komatsushima/racedetail/7320240906030002/?pageType=odds,2026-10-05T01:43:01.077178+00:00,1-6/2-5/3-4,published,競輪毎日,楽天Kドリームス 並び予想
7320240906030003,2024-09-08,小松島競輪,F2,A1/A2,3,Ａ級一般,21:30,21:25,7,https://keirin.kdreams.jp/komatsushima/racedetail/7320240906030003/?pageType=odds,2026-10-05T01:43:02.868056+00:00,1-2-7/3-4/5/6,published,競輪毎日,楽天Kドリームス 並び予想
7320240906030004,2024-09-08,小松島競輪,F2,A1/A2,4,Ａ級一般,21:50,21:45,7,https://keirin.kdreams.jp/komatsushima/racedetail/7320240906030004/?pageType=odds,2026-10-05T01:43:04.569758+00:00,3-1-2-7/4-5-6,published,競輪毎日,楽天Kドリームス 並び予想
7320240906030005,2024-09-08,小松島競輪,F2,A1/A2,5,Ａ級特選,22:10,22:05,7,https://keirin.kdreams.jp/komatsushima/racedetail/7320240906030005/?pageType=odds,2026-10-05T01:43:06.404694+00:00,4-2-5/1-7/6-3,published,競輪毎日,楽天Kドリームス 並び予想
7320240906030006,2024-09-08,小松島競輪,F2,A1/A2,6,Ａ級特選,22:30,22:25,7,https://keirin.kdreams.jp/komatsushima/racedetail/7320240906030006/?pageType=odds,2026-10-05T01:43:08.249571+00:00,3-1-2-7/4/5/6,published,競輪毎日,楽天Kドリームス 並び予想
7320240906030007,2024-09-08,小松島競輪,F2,A1/A2,7,Ａ級特選,22:50,22:45,7,https://keirin.kdreams.jp/komatsushima/racedetail/7320240906030007/?pageType=odds,2026-10-05T01:43:10.147758+00:00,3-1-6/2-7/4-5,published,競輪毎日,楽天Kドリームス 並び予想
7320240906030009,2024-09-08,小松島競輪,F2,A1/A2,9,Ａ級決勝,23:30,23:25,7,https://keirin.kdreams.jp/komatsushima/racedetail/7320240906030009/?pageType=odds,2026-10-05T01:43:11.806946+00:00,2-6-1-7/3-5/4,published,競輪毎日,楽天Kドリームス 並び予想
4720240906030004,2024-09-08,松阪競輪,F2,A1/A2,4,Ａ級特一般,21:40,21:35,7,https://keirin.kdreams.jp/matsusaka/racedetail/4720240906030004/?pageType=odds,2026-10-05T01:43:30.164165+00:00,6-1/2-7/3-4/5,published,中部競輪,楽天Kドリームス 並び予想
4720240906030005,2024-09-08,松阪競輪,F2,A1/A2,5,Ａ級特一般,22:00,21:55,7,https://keirin.kdreams.jp/matsusaka/racedetail/4720240906030005/?pageType=odds,2026-10-05T01:43:31.962801+00:00,4-1/3-2/5-6-7,published,中部競輪,楽天Kドリームス 並び予想
4720240906030006,2024-09-08,松阪競輪,F2,A1/A2,6,Ａ級特選,22:20,22:15,7,https://keirin.kdreams.jp/matsusaka/racedetail/4720240906030006/?pageType=odds,2026-10-05T01:43:33.610818+00:00,1-3-4/2-6-7/5,published,中部競輪,楽天Kドリームス 並び予想
4720240906030007,2024-09-08,松阪競輪,F2,A1/A2,7,Ａ級特選,22:40,22:35,7,https://keirin.kdreams.jp/matsusaka/racedetail/4720240906030007/?pageType=odds,2026-10-05T01:43:35.210897+00:00,4-1-3/2-5-6/7,published,中部競輪,楽天Kドリームス 並び予想
4720240906030009,2024-09-08,松阪競輪,F2,A1/A2,9,Ａ級決勝,23:20,23:15,7,https://keirin.kdreams.jp/matsusaka/racedetail/4720240906030009/?pageType=odds,2026-10-05T01:43:36.918934+00:00,1-5/3-4-2/7-6,published,中部競輪,楽天Kドリームス 並び予想
2820240906030001,2024-09-08,立川競輪,F1,A1/A2,1,Ａ級一般,10:45,10:40,7,https://keirin.kdreams.jp/tachikawa/racedetail/2820240906030001/?pageType=odds,2026-10-05T01:43:54.745753+00:00,6-1/2-5-3/4/7,published,アオケイ,楽天Kドリームス 並び予想
2820240906030002,2024-09-08,立川競輪,F1,A1/A2,2,Ａ級一般,11:13,11:08,7,https://keirin.kdreams.jp/tachikawa/racedetail/2820240906030002/?pageType=odds,2026-10-05T01:43:56.248210+00:00,1-6/2-7-4/3/5,published,アオケイ,楽天Kドリームス 並び予想
2820240906030003,2024-09-08,立川競輪,F1,A1/A2,3,Ａ級特選,11:41,11:36,7,https://keirin.kdreams.jp/tachikawa/racedetail/2820240906030003/?pageType=odds,2026-10-05T01:43:57.991064+00:00,1-7/2-6/4-3/5,published,アオケイ,楽天Kドリームス 並び予想
2820240906030004,2024-09-08,立川競輪,F1,A1/A2,4,Ａ級特選,12:10,12:05,7,https://keirin.kdreams.jp/tachikawa/racedetail/2820240906030004/?pageType=odds,2026-10-05T01:43:59.759116+00:00,1-4/5-2-6/7-3,published,アオケイ,楽天Kドリームス 並び予想
2820240906030008,2024-09-08,立川競輪,F1,A1/A2,8,Ａ級決勝,14:10,14:05,7,https://keirin.kdreams.jp/tachikawa/racedetail/2820240906030008/?pageType=odds,2026-10-05T01:44:01.370053+00:00,5-1/6-2/3-7-4,published,アオケイ,楽天Kドリームス 並び予想
3720240908020001,2024-09-09,伊東競輪,F1,A1/A2,1,Ａ級一般,15:33,15:28,6,https://keirin.kdreams.jp/ito/racedetail/3720240908020001/?pageType=odds,2026-10-05T01:44:11.374567+00:00,5-1-3/4-2-6,published,ひかり・小田競,楽天Kドリームス 並び予想
3720240908020002,2024-09-09,伊東競輪,F1,A1/A2,2,Ａ級一般,15:58,15:53,7,https://keirin.kdreams.jp/ito/racedetail/3720240908020002/?pageType=odds,2026-10-05T01:44:12.971359+00:00,5-1/3/7-2-4/6,published,ひかり・小田競,楽天Kドリームス 並び予想
3720240908020003,2024-09-09,伊東競輪,F1,A1/A2,3,Ａ級準決勝,16:24,16:19,7,https://keirin.kdreams.jp/ito/racedetail/3720240908020003/?pageType=odds,2026-10-05T01:44:14.637676+00:00,5-2/1-4-6/7-3,published,ひかり・小田競,楽天Kドリームス 並び予想
3720240908020004,2024-09-09,伊東競輪,F1,A1/A2,4,Ａ級準決勝,16:50,16:45,7,https://keirin.kdreams.jp/ito/racedetail/3720240908020004/?pageType=odds,2026-10-05T01:44:16.315609+00:00,5-1-6/7-2/3-4,published,ひかり・小田競,楽天Kドリームス 並び予想
3720240908020005,2024-09-09,伊東競輪,F1,A1/A2,5,Ａ級準決勝,17:16,17:11,7,https://keirin.kdreams.jp/ito/racedetail/3720240908020005/?pageType=odds,2026-10-05T01:44:17.997906+00:00,1-5-7/2-6/3-4,published,ひかり・小田競,楽天Kドリームス 並び予想
2120240909010003,2024-09-09,弥彦競輪,F2,A1/A2,3,Ａ級予選,21:30,21:25,7,https://keirin.kdreams.jp/yahiko/racedetail/2120240909010003/?pageType=odds,2026-10-05T01:46:09.451177+00:00,2-1-3-7/5-4-6,published,新潟スポーツ,楽天Kドリームス 並び予想
2120240909010004,2024-09-09,弥彦競輪,F2,A1/A2,4,Ａ級予選,21:50,21:45,7,https://keirin.kdreams.jp/yahiko/racedetail/2120240909010004/?pageType=odds,2026-10-05T01:46:11.205720+00:00,3-1-5/2-4-6/7,published,新潟スポーツ,楽天Kドリームス 並び予想
2120240909010005,2024-09-09,弥彦競輪,F2,A1/A2,5,Ａ級予選,22:10,22:05,7,https://keirin.kdreams.jp/yahiko/racedetail/2120240909010005/?pageType=odds,2026-10-05T01:46:12.974619+00:00,4-1-6/7/3-2-5,published,新潟スポーツ,楽天Kドリームス 並び予想
2120240909010006,2024-09-09,弥彦競輪,F2,A1/A2,6,Ａ級予選,22:30,22:25,7,https://keirin.kdreams.jp/yahiko/racedetail/2120240909010006/?pageType=odds,2026-10-05T01:46:14.794435+00:00,2-1-3-4/6-5/7,published,新潟スポーツ,楽天Kドリームス 並び予想
2120240909010007,2024-09-09,弥彦競輪,F2,A1/A2,7,Ａ級予選,22:50,22:45,7,https://keirin.kdreams.jp/yahiko/racedetail/2120240909010007/?pageType=odds,2026-10-05T01:46:16.519226+00:00,1-2-5/3-4-6/7,published,新潟スポーツ,楽天Kドリームス 並び予想
2120240909010008,2024-09-09,弥彦競輪,F2,A1/A2,8,Ａ級予選,23:10,23:05,7,https://keirin.kdreams.jp/yahiko/racedetail/2120240909010008/?pageType=odds,2026-10-05T01:46:18.280292+00:00,1-2-3/7-4-5/6,published,新潟スポーツ,楽天Kドリームス 並び予想
2120240909010009,2024-09-09,弥彦競輪,F2,A1/A2,9,Ａ級初日特選,23:30,23:25,7,https://keirin.kdreams.jp/yahiko/racedetail/2120240909010009/?pageType=odds,2026-10-05T01:46:20.144122+00:00,3-1-7/5-4-2/6,published,新潟スポーツ,楽天Kドリームス 並び予想
6120240909010001,2024-09-09,玉野競輪,F1,A1/A2,1,Ａ級予選,10:40,10:35,7,https://keirin.kdreams.jp/tamano/racedetail/6120240909010001/?pageType=odds,2026-10-05T01:45:03.457902+00:00,1-7-5/2/3-6/4,published,競輪毎日,楽天Kドリームス 並び予想
6120240909010002,2024-09-09,玉野競輪,F1,A1/A2,2,Ａ級予選,11:08,11:03,7,https://keirin.kdreams.jp/tamano/racedetail/6120240909010002/?pageType=odds,2026-10-05T01:45:05.381266+00:00,2-4-7/5-1/3-6,published,競輪毎日,楽天Kドリームス 並び予想
6120240909010003,2024-09-09,玉野競輪,F1,A1/A2,3,Ａ級予選,11:36,11:31,7,https://keirin.kdreams.jp/tamano/racedetail/6120240909010003/?pageType=odds,2026-10-05T01:45:07.150453+00:00,7-1/2-4/3-5-6,published,競輪毎日,楽天Kドリームス 並び予想
6120240909010004,2024-09-09,玉野競輪,F1,A1/A2,4,Ａ級予選,12:06,12:01,7,https://keirin.kdreams.jp/tamano/racedetail/6120240909010004/?pageType=odds,2026-10-05T01:45:09.087478+00:00,1-3-4/7-2-5/6,published,競輪毎日,楽天Kドリームス 並び予想
6120240909010005,2024-09-09,玉野競輪,F1,A1/A2,5,Ａ級初日特選,12:36,12:31,7,https://keirin.kdreams.jp/tamano/racedetail/6120240909010005/?pageType=odds,2026-10-05T01:45:11.285676+00:00,3-6-1-4/2/5/7,published,競輪毎日,楽天Kドリームス 並び予想
4520240909010006,2024-09-09,豊橋競輪,F2,A1/A2,6,Ａ級予選,17:35,17:30,7,https://keirin.kdreams.jp/toyohashi/racedetail/4520240909010006/?pageType=odds,2026-10-05T01:45:31.214675+00:00,1-7-4/6/5-2-3,published,中部競輪,楽天Kドリームス 並び予想
4520240909010007,2024-09-09,豊橋競輪,F2,A1/A2,7,Ａ級予選,18:00,17:55,7,https://keirin.kdreams.jp/toyohashi/racedetail/4520240909010007/?pageType=odds,2026-10-05T01:45:33.214876+00:00,2-6/1-7/5-3-4,published,中部競輪,楽天Kドリームス 並び予想
4520240909010008,2024-09-09,豊橋競輪,F2,A1/A2,8,Ａ級予選,18:25,18:20,7,https://keirin.kdreams.jp/toyohashi/racedetail/4520240909010008/?pageType=odds,2026-10-05T01:45:34.936577+00:00,1-5-7/2/3-4/6,published,中部競輪,楽天Kドリームス 並び予想
4520240909010009,2024-09-09,豊橋競輪,F2,A1/A2,9,Ａ級予選,18:50,18:45,7,https://keirin.kdreams.jp/toyohashi/racedetail/4520240909010009/?pageType=odds,2026-10-05T01:45:36.655637+00:00,4-1/6/7-2-3-5,published,中部競輪,楽天Kドリームス 並び予想
4520240909010010,2024-09-09,豊橋競輪,F2,A1/A2,10,Ａ級予選,19:15,19:10,7,https://keirin.kdreams.jp/toyohashi/racedetail/4520240909010010/?pageType=odds,2026-10-05T01:45:38.429853+00:00,1-4-6/2-5/7-3,published,中部競輪,楽天Kドリームス 並び予想
4520240909010011,2024-09-09,豊橋競輪,F2,A1/A2,11,Ａ級予選,19:45,19:40,7,https://keirin.kdreams.jp/toyohashi/racedetail/4520240909010011/?pageType=odds,2026-10-05T01:45:40.119443+00:00,4-1-7/6-2/3-5,published,中部競輪,楽天Kドリームス 並び予想
4520240909010012,2024-09-09,豊橋競輪,F2,A1/A2,12,Ａ級初日特選,20:15,20:10,7,https://keirin.kdreams.jp/toyohashi/racedetail/4520240909010012/?pageType=odds,2026-10-05T01:45:41.990069+00:00,7-1/6-2/5-3/4,published,中部競輪,楽天Kドリームス 並び予想
1220240909010003,2024-09-09,青森競輪,F2,A1/A2,3,Ａ級予選,21:20,21:15,7,https://keirin.kdreams.jp/aomori/racedetail/1220240909010003/?pageType=odds,2026-10-05T01:44:27.677571+00:00,3-1-5/4-2/7-6,published,アオケイ,楽天Kドリームス 並び予想
1220240909010004,2024-09-09,青森競輪,F2,A1/A2,4,Ａ級予選,21:40,21:35,7,https://keirin.kdreams.jp/aomori/racedetail/1220240909010004/?pageType=odds,2026-10-05T01:44:29.556934+00:00,3-2-5/4-1/7-6,published,アオケイ,楽天Kドリームス 並び予想
1220240909010005,2024-09-09,青森競輪,F2,A1/A2,5,Ａ級予選,22:00,21:55,7,https://keirin.kdreams.jp/aomori/racedetail/1220240909010005/?pageType=odds,2026-10-05T01:44:31.044890+00:00,2-1-5/6/3-4-7,published,アオケイ,楽天Kドリームス 並び予想
1220240909010006,2024-09-09,青森競輪,F2,A1/A2,6,Ａ級予選,22:20,22:15,7,https://keirin.kdreams.jp/aomori/racedetail/1220240909010006/?pageType=odds,2026-10-05T01:44:32.667158+00:00,1-2-4/6-3/7-5,published,アオケイ,楽天Kドリームス 並び予想
1220240909010007,2024-09-09,青森競輪,F2,A1/A2,7,Ａ級予選,22:40,22:35,7,https://keirin.kdreams.jp/aomori/racedetail/1220240909010007/?pageType=odds,2026-10-05T01:44:34.222379+00:00,2-1-6/5-3/4/7,published,アオケイ,楽天Kドリームス 並び予想
1220240909010008,2024-09-09,青森競輪,F2,A1/A2,8,Ａ級予選,23:00,22:55,7,https://keirin.kdreams.jp/aomori/racedetail/1220240909010008/?pageType=odds,2026-10-05T01:44:35.668497+00:00,1-2-5/7-3/4-6,published,アオケイ,楽天Kドリームス 並び予想
1220240909010009,2024-09-09,青森競輪,F2,A1/A2,9,Ａ級初日特選,23:20,23:15,7,https://keirin.kdreams.jp/aomori/racedetail/1220240909010009/?pageType=odds,2026-10-05T01:44:37.153004+00:00,3-2/1-4/5/6/7,published,アオケイ,楽天Kドリームス 並び予想
3720240908030001,2024-09-10,伊東競輪,F1,A1/A2,1,Ａ級一般,15:33,15:28,7,https://keirin.kdreams.jp/ito/racedetail/3720240908030001/?pageType=odds,2026-10-05T01:44:19.708628+00:00,2-6/1-5/3-7-4,published,ひかり・小田競,楽天Kドリームス 並び予想
3720240908030002,2024-09-10,伊東競輪,F1,A1/A2,2,Ａ級一般,15:58,15:53,7,https://keirin.kdreams.jp/ito/racedetail/3720240908030002/?pageType=odds,2026-10-05T01:44:21.289813+00:00,1-7-5/2-4-6/3,published,ひかり・小田競,楽天Kドリームス 並び予想
3720240908030003,2024-09-10,伊東競輪,F1,A1/A2,3,Ａ級特選,16:24,16:19,7,https://keirin.kdreams.jp/ito/racedetail/3720240908030003/?pageType=odds,2026-10-05T01:44:22.827622+00:00,1/7-3-6/2/4/5,published,ひかり・小田競,楽天Kドリームス 並び予想
3720240908030004,2024-09-10,伊東競輪,F1,A1/A2,4,Ａ級特選,16:50,16:45,7,https://keirin.kdreams.jp/ito/racedetail/3720240908030004/?pageType=odds,2026-10-05T01:44:24.375287+00:00,5-1-7/2/3/4/6,published,ひかり・小田競,楽天Kドリームス 並び予想
3720240908030011,2024-09-10,伊東競輪,F1,A1/A2,11,Ａ級決勝,20:04,19:59,7,https://keirin.kdreams.jp/ito/racedetail/3720240908030011/?pageType=odds,2026-10-05T01:44:26.138995+00:00,2-7/4-6-1/3/5,published,ひかり・小田競,楽天Kドリームス 並び予想
4620240910010001,2024-09-10,富山競輪,F1,A1/A2,1,Ａ級予選,10:53,10:48,6,https://keirin.kdreams.jp/toyama/racedetail/4620240910010001/?pageType=odds,2026-10-05T01:47:14.826189+00:00,1-6/5-2/4-3,published,中部競輪,楽天Kドリームス 並び予想
4620240910010002,2024-09-10,富山競輪,F1,A1/A2,2,Ａ級予選,11:21,11:16,7,https://keirin.kdreams.jp/toyama/racedetail/4620240910010002/?pageType=odds,2026-10-05T01:47:16.643007+00:00,7-5-2/4-1/6-3,published,中部競輪,楽天Kドリームス 並び予想
4620240910010003,2024-09-10,富山競輪,F1,A1/A2,3,Ａ級予選,11:50,11:45,7,https://keirin.kdreams.jp/toyama/racedetail/4620240910010003/?pageType=odds,2026-10-05T01:47:18.625213+00:00,4-2-7/1-5/3-6,published,中部競輪,楽天Kドリームス 並び予想
4620240910010004,2024-09-10,富山競輪,F1,A1/A2,4,Ａ級予選,12:19,12:14,7,https://keirin.kdreams.jp/toyama/racedetail/4620240910010004/?pageType=odds,2026-10-05T01:47:20.590618+00:00,7-1-5/4-2/6-3,published,中部競輪,楽天Kドリームス 並び予想
4620240910010005,2024-09-10,富山競輪,F1,A1/A2,5,Ａ級初日特選,12:49,12:44,7,https://keirin.kdreams.jp/toyama/racedetail/4620240910010005/?pageType=odds,2026-10-05T01:47:22.337429+00:00,1-4-7/2-5-3/6,published,中部競輪,楽天Kドリームス 並び予想
2120240909020003,2024-09-10,弥彦競輪,F2,A1/A2,3,Ａ級一般,21:30,21:25,7,https://keirin.kdreams.jp/yahiko/racedetail/2120240909020003/?pageType=odds,2026-10-05T01:46:21.861294+00:00,2-1/3-4/5-6-7,published,新潟スポーツ,楽天Kドリームス 並び予想
2120240909020004,2024-09-10,弥彦競輪,F2,A1/A2,4,Ａ級一般,21:50,21:45,7,https://keirin.kdreams.jp/yahiko/racedetail/2120240909020004/?pageType=odds,2026-10-05T01:46:23.638601+00:00,2-1-3/6/7-5-4,published,新潟スポーツ,楽天Kドリームス 並び予想
2120240909020005,2024-09-10,弥彦競輪,F2,A1/A2,5,Ａ級選抜,22:10,22:05,7,https://keirin.kdreams.jp/yahiko/racedetail/2120240909020005/?pageType=odds,2026-10-05T01:46:25.278610+00:00,2-1-5/4/3-6-7,published,新潟スポーツ,楽天Kドリームス 並び予想
2120240909020006,2024-09-10,弥彦競輪,F2,A1/A2,6,Ａ級選抜,22:30,22:25,7,https://keirin.kdreams.jp/yahiko/racedetail/2120240909020006/?pageType=odds,2026-10-05T01:46:27.294134+00:00,2-1-4-5-7/3/6,published,新潟スポーツ,楽天Kドリームス 並び予想
2120240909020007,2024-09-10,弥彦競輪,F2,A1/A2,7,Ａ級準決勝,22:50,22:45,7,https://keirin.kdreams.jp/yahiko/racedetail/2120240909020007/?pageType=odds,2026-10-05T01:46:28.959296+00:00,1-7/3-2-4/6-5,published,新潟スポーツ,楽天Kドリームス 並び予想
2120240909020008,2024-09-10,弥彦競輪,F2,A1/A2,8,Ａ級準決勝,23:10,23:05,7,https://keirin.kdreams.jp/yahiko/racedetail/2120240909020008/?pageType=odds,2026-10-05T01:46:30.858684+00:00,2-1/6-3/4/5-7,published,新潟スポーツ,楽天Kドリームス 並び予想
2120240909020009,2024-09-10,弥彦競輪,F2,A1/A2,9,Ａ級準決勝,23:30,23:25,7,https://keirin.kdreams.jp/yahiko/racedetail/2120240909020009/?pageType=odds,2026-10-05T01:46:32.750666+00:00,2-1-7/3-4-6/5,published,新潟スポーツ,楽天Kドリームス 並び予想
8420240910010001,2024-09-10,武雄競輪,F1,A1/A2,1,Ａ級予選,10:56,10:51,7,https://keirin.kdreams.jp/takeo/racedetail/8420240910010001/?pageType=odds,2026-10-05T01:46:47.346827+00:00,5-1/7-3/2-4-6,published,百万弗,楽天Kドリームス 並び予想
8420240910010002,2024-09-10,武雄競輪,F1,A1/A2,2,Ａ級予選,11:24,11:19,7,https://keirin.kdreams.jp/takeo/racedetail/8420240910010002/?pageType=odds,2026-10-05T01:46:48.980088+00:00,4-7-1/2-5/3/6,published,百万弗,楽天Kドリームス 並び予想
8420240910010003,2024-09-10,武雄競輪,F1,A1/A2,3,Ａ級予選,11:54,11:49,7,https://keirin.kdreams.jp/takeo/racedetail/8420240910010003/?pageType=odds,2026-10-05T01:46:50.828796+00:00,7-1-4/5-2/3-6,published,百万弗,楽天Kドリームス 並び予想
8420240910010004,2024-09-10,武雄競輪,F1,A1/A2,4,Ａ級予選,12:24,12:19,7,https://keirin.kdreams.jp/takeo/racedetail/8420240910010004/?pageType=odds,2026-10-05T01:46:52.638721+00:00,7-1/2-5-6/3-4,published,百万弗,楽天Kドリームス 並び予想
8420240910010005,2024-09-10,武雄競輪,F1,A1/A2,5,Ａ級初日特選,12:55,12:50,7,https://keirin.kdreams.jp/takeo/racedetail/8420240910010005/?pageType=odds,2026-10-05T01:46:54.370846+00:00,4-7-1/6-2/5-3,published,百万弗,楽天Kドリームス 並び予想
6120240909020001,2024-09-10,玉野競輪,F1,A1/A2,1,Ａ級一般,10:40,10:35,7,https://keirin.kdreams.jp/tamano/racedetail/6120240909020001/?pageType=odds,2026-10-05T01:45:13.221110+00:00,1-7-5/4-2/3/6,published,競輪毎日,楽天Kドリームス 並び予想
6120240909020002,2024-09-10,玉野競輪,F1,A1/A2,2,Ａ級一般,11:08,11:03,7,https://keirin.kdreams.jp/tamano/racedetail/6120240909020002/?pageType=odds,2026-10-05T01:45:14.943033+00:00,5-1-6/4/7-2-3,published,競輪毎日,楽天Kドリームス 並び予想
6120240909020003,2024-09-10,玉野競輪,F1,A1/A2,3,Ａ級準決勝,11:36,11:31,7,https://keirin.kdreams.jp/tamano/racedetail/6120240909020003/?pageType=odds,2026-10-05T01:45:16.686731+00:00,4-1/2-7/5-3-6,published,競輪毎日,楽天Kドリームス 並び予想
6120240909020004,2024-09-10,玉野競輪,F1,A1/A2,4,Ａ級準決勝,12:06,12:01,7,https://keirin.kdreams.jp/tamano/racedetail/6120240909020004/?pageType=odds,2026-10-05T01:45:18.457419+00:00,7-1-4-6/3-2-5,published,競輪毎日,楽天Kドリームス 並び予想
6120240909020005,2024-09-10,玉野競輪,F1,A1/A2,5,Ａ級準決勝,12:36,12:31,7,https://keirin.kdreams.jp/tamano/racedetail/6120240909020005/?pageType=odds,2026-10-05T01:45:20.335482+00:00,4-2/1-5/6-3/7,published,競輪毎日,楽天Kドリームス 並び予想
4520240909020006,2024-09-10,豊橋競輪,F2,A1/A2,6,Ａ級一般,17:35,17:30,7,https://keirin.kdreams.jp/toyohashi/racedetail/4520240909020006/?pageType=odds,2026-10-05T01:45:43.832649+00:00,3-4-7/1/5-2/6,published,中部競輪,楽天Kドリームス 並び予想
4520240909020007,2024-09-10,豊橋競輪,F2,A1/A2,7,Ａ級一般,18:00,17:55,7,https://keirin.kdreams.jp/toyohashi/racedetail/4520240909020007/?pageType=odds,2026-10-05T01:45:45.637138+00:00,5-2-6/1-4/7-3,published,中部競輪,楽天Kドリームス 並び予想
4520240909020008,2024-09-10,豊橋競輪,F2,A1/A2,8,Ａ級選抜,18:25,18:20,7,https://keirin.kdreams.jp/toyohashi/racedetail/4520240909020008/?pageType=odds,2026-10-05T01:45:47.367099+00:00,1-7-2/3-6/4/5,published,中部競輪,楽天Kドリームス 並び予想
4520240909020009,2024-09-10,豊橋競輪,F2,A1/A2,9,Ａ級選抜,18:50,18:45,7,https://keirin.kdreams.jp/toyohashi/racedetail/4520240909020009/?pageType=odds,2026-10-05T01:45:49.139258+00:00,5-1-7/3-4/2-6,published,中部競輪,楽天Kドリームス 並び予想
4520240909020010,2024-09-10,豊橋競輪,F2,A1/A2,10,Ａ級準決勝,19:15,19:10,7,https://keirin.kdreams.jp/toyohashi/racedetail/4520240909020010/?pageType=odds,2026-10-05T01:45:50.833426+00:00,1-7/5-2/6-3-4,published,中部競輪,楽天Kドリームス 並び予想
4520240909020011,2024-09-10,豊橋競輪,F2,A1/A2,11,Ａ級準決勝,19:45,19:40,7,https://keirin.kdreams.jp/toyohashi/racedetail/4520240909020011/?pageType=odds,2026-10-05T01:45:52.650497+00:00,1-5-6/2-7/3-4,published,中部競輪,楽天Kドリームス 並び予想
4520240909020012,2024-09-10,豊橋競輪,F2,A1/A2,12,Ａ級準決勝,20:15,20:10,7,https://keirin.kdreams.jp/toyohashi/racedetail/4520240909020012/?pageType=odds,2026-10-05T01:45:54.465047+00:00,1-4/2-5/3-7/6,published,中部競輪,楽天Kドリームス 並び予想
1220240909020003,2024-09-10,青森競輪,F2,A1/A2,3,Ａ級一般,21:20,21:15,7,https://keirin.kdreams.jp/aomori/racedetail/1220240909020003/?pageType=odds,2026-10-05T01:44:38.885030+00:00,5-1/2/4/7-3-6,published,アオケイ,楽天Kドリームス 並び予想
1220240909020004,2024-09-10,青森競輪,F2,A1/A2,4,Ａ級一般,21:40,21:35,7,https://keirin.kdreams.jp/aomori/racedetail/1220240909020004/?pageType=odds,2026-10-05T01:44:40.126537+00:00,5-1-7/2/3/4/6,published,アオケイ,楽天Kドリームス 並び予想
1220240909020005,2024-09-10,青森競輪,F2,A1/A2,5,Ａ級選抜,22:00,21:55,7,https://keirin.kdreams.jp/aomori/racedetail/1220240909020005/?pageType=odds,2026-10-05T01:44:41.425216+00:00,1-4-6/2/3-5-7,published,アオケイ,楽天Kドリームス 並び予想
1220240909020006,2024-09-10,青森競輪,F2,A1/A2,6,Ａ級選抜,22:20,22:15,7,https://keirin.kdreams.jp/aomori/racedetail/1220240909020006/?pageType=odds,2026-10-05T01:44:43.380755+00:00,6-1-7/3-4/2-5,published,アオケイ,楽天Kドリームス 並び予想
1220240909020007,2024-09-10,青森競輪,F2,A1/A2,7,Ａ級準決勝,22:40,22:35,7,https://keirin.kdreams.jp/aomori/racedetail/1220240909020007/?pageType=odds,2026-10-05T01:44:45.200242+00:00,2-1/3-4/6-5-7,published,アオケイ,楽天Kドリームス 並び予想
1220240909020008,2024-09-10,青森競輪,F2,A1/A2,8,Ａ級準決勝,23:00,22:55,7,https://keirin.kdreams.jp/aomori/racedetail/1220240909020008/?pageType=odds,2026-10-05T01:44:47.010729+00:00,1-2-4/3-5/6-7,published,アオケイ,楽天Kドリームス 並び予想
1220240909020009,2024-09-10,青森競輪,F2,A1/A2,9,Ａ級準決勝,23:20,23:15,7,https://keirin.kdreams.jp/aomori/racedetail/1220240909020009/?pageType=odds,2026-10-05T01:44:49.106071+00:00,1-5-7/2-3/6-4,published,アオケイ,楽天Kドリームス 並び予想
4620240910020001,2024-09-11,富山競輪,F1,A1/A2,1,Ａ級一般,10:53,10:48,6,https://keirin.kdreams.jp/toyama/racedetail/4620240910020001/?pageType=odds,2026-10-05T01:47:23.962396+00:00,6-4-2/3/5-1,published,中部競輪,楽天Kドリームス 並び予想
4620240910020002,2024-09-11,富山競輪,F1,A1/A2,2,Ａ級一般,11:21,11:16,6,https://keirin.kdreams.jp/toyama/racedetail/4620240910020002/?pageType=odds,2026-10-05T01:47:25.778368+00:00,6-4-1/2-5-3,published,中部競輪,楽天Kドリームス 並び予想
4620240910020003,2024-09-11,富山競輪,F1,A1/A2,3,Ａ級準決勝,11:50,11:45,7,https://keirin.kdreams.jp/toyama/racedetail/4620240910020003/?pageType=odds,2026-10-05T01:47:27.699054+00:00,6-2-4/7-1/5-3,published,中部競輪,楽天Kドリームス 並び予想
4620240910020004,2024-09-11,富山競輪,F1,A1/A2,4,Ａ級準決勝,12:19,12:14,7,https://keirin.kdreams.jp/toyama/racedetail/4620240910020004/?pageType=odds,2026-10-05T01:47:29.874809+00:00,1-5-4/2-7-6/3,published,中部競輪,楽天Kドリームス 並び予想
4620240910020005,2024-09-11,富山競輪,F1,A1/A2,5,Ａ級準決勝,12:49,12:44,7,https://keirin.kdreams.jp/toyama/racedetail/4620240910020005/?pageType=odds,2026-10-05T01:47:31.731829+00:00,6-3/4-1-7/5-2,published,中部競輪,楽天Kドリームス 並び予想
2120240909030002,2024-09-11,弥彦競輪,F2,A1/A2,2,Ａ級一般,21:10,21:05,7,https://keirin.kdreams.jp/yahiko/racedetail/2120240909030002/?pageType=odds,2026-10-05T01:46:34.521256+00:00,1-6/5-2-7/3-4,published,新潟スポーツ,楽天Kドリームス 並び予想
2120240909030003,2024-09-11,弥彦競輪,F2,A1/A2,3,Ａ級一般,21:30,21:25,7,https://keirin.kdreams.jp/yahiko/racedetail/2120240909030003/?pageType=odds,2026-10-05T01:46:36.203066+00:00,6-3-7/2-1-4/5,published,新潟スポーツ,楽天Kドリームス 並び予想
2120240909030004,2024-09-11,弥彦競輪,F2,A1/A2,4,Ａ級一般,21:50,21:45,7,https://keirin.kdreams.jp/yahiko/racedetail/2120240909030004/?pageType=odds,2026-10-05T01:46:37.968510+00:00,1-2-6/4/7-3-5,published,新潟スポーツ,楽天Kドリームス 並び予想
2120240909030005,2024-09-11,弥彦競輪,F2,A1/A2,5,Ａ級特選,22:10,22:05,7,https://keirin.kdreams.jp/yahiko/racedetail/2120240909030005/?pageType=odds,2026-10-05T01:46:40.164434+00:00,1-3/2-4-6/5-7,published,新潟スポーツ,楽天Kドリームス 並び予想
2120240909030006,2024-09-11,弥彦競輪,F2,A1/A2,6,Ａ級特選,22:30,22:25,7,https://keirin.kdreams.jp/yahiko/racedetail/2120240909030006/?pageType=odds,2026-10-05T01:46:41.825669+00:00,5-1/2-3/6-4/7,published,新潟スポーツ,楽天Kドリームス 並び予想
2120240909030007,2024-09-11,弥彦競輪,F2,A1/A2,7,Ａ級特選,22:50,22:45,7,https://keirin.kdreams.jp/yahiko/racedetail/2120240909030007/?pageType=odds,2026-10-05T01:46:43.775703+00:00,1-2/5-3/4-6/7,published,新潟スポーツ,楽天Kドリームス 並び予想
2120240909030009,2024-09-11,弥彦競輪,F2,A1/A2,9,Ａ級決勝,23:30,23:25,7,https://keirin.kdreams.jp/yahiko/racedetail/2120240909030009/?pageType=odds,2026-10-05T01:46:45.546184+00:00,3-6-1/2-4-7/5,published,新潟スポーツ,楽天Kドリームス 並び予想
3120240911010001,2024-09-11,松戸競輪,F1,A1/A2,1,Ａ級予選,15:28,15:23,7,https://keirin.kdreams.jp/matsudo/racedetail/3120240911010001/?pageType=odds,2026-10-05T01:47:42.313686+00:00,1-6/2-4/7-3-5,published,アオケイ,楽天Kドリームス 並び予想
3120240911010002,2024-09-11,松戸競輪,F1,A1/A2,2,Ａ級予選,15:52,15:47,7,https://keirin.kdreams.jp/matsudo/racedetail/3120240911010002/?pageType=odds,2026-10-05T01:47:44.330844+00:00,1-5/3-6-4/7-2,published,アオケイ,楽天Kドリームス 並び予想
3120240911010003,2024-09-11,松戸競輪,F1,A1/A2,3,Ａ級予選,16:16,16:11,7,https://keirin.kdreams.jp/matsudo/racedetail/3120240911010003/?pageType=odds,2026-10-05T01:47:46.031085+00:00,5-3/7-1/2-4-6,published,アオケイ,楽天Kドリームス 並び予想
3120240911010004,2024-09-11,松戸競輪,F1,A1/A2,4,Ａ級予選,16:41,16:36,7,https://keirin.kdreams.jp/matsudo/racedetail/3120240911010004/?pageType=odds,2026-10-05T01:47:47.871031+00:00,7-2/5-4-1/3-6,published,アオケイ,楽天Kドリームス 並び予想
3120240911010005,2024-09-11,松戸競輪,F1,A1/A2,5,Ａ級初日特選,17:06,17:01,7,https://keirin.kdreams.jp/matsudo/racedetail/3120240911010005/?pageType=odds,2026-10-05T01:47:49.669474+00:00,1-4-6/2-5/3-7,published,アオケイ,楽天Kドリームス 並び予想
8420240910020001,2024-09-11,武雄競輪,F1,A1/A2,1,Ａ級一般,10:56,10:51,7,https://keirin.kdreams.jp/takeo/racedetail/8420240910020001/?pageType=odds,2026-10-05T01:46:56.222471+00:00,7-1/2-5/6-3/4,published,百万弗,楽天Kドリームス 並び予想
8420240910020002,2024-09-11,武雄競輪,F1,A1/A2,2,Ａ級一般,11:24,11:19,7,https://keirin.kdreams.jp/takeo/racedetail/8420240910020002/?pageType=odds,2026-10-05T01:46:57.897450+00:00,1-4-5/2-7-3/6,published,百万弗,楽天Kドリームス 並び予想
8420240910020003,2024-09-11,武雄競輪,F1,A1/A2,3,Ａ級準決勝,11:54,11:49,7,https://keirin.kdreams.jp/takeo/racedetail/8420240910020003/?pageType=odds,2026-10-05T01:46:59.902659+00:00,1-5/7-2-4-3/6,published,百万弗,楽天Kドリームス 並び予想
8420240910020004,2024-09-11,武雄競輪,F1,A1/A2,4,Ａ級準決勝,12:24,12:19,7,https://keirin.kdreams.jp/takeo/racedetail/8420240910020004/?pageType=odds,2026-10-05T01:47:01.769583+00:00,1-7-4/3-5-2-6,published,百万弗,楽天Kドリームス 並び予想
8420240910020005,2024-09-11,武雄競輪,F1,A1/A2,5,Ａ級準決勝,12:55,12:50,7,https://keirin.kdreams.jp/takeo/racedetail/8420240910020005/?pageType=odds,2026-10-05T01:47:03.884418+00:00,1-5-4-6/2/3-7,published,百万弗,楽天Kドリームス 並び予想
6120240909030001,2024-09-11,玉野競輪,F1,A1/A2,1,Ａ級一般,10:40,10:35,7,https://keirin.kdreams.jp/tamano/racedetail/6120240909030001/?pageType=odds,2026-10-05T01:45:22.088532+00:00,1-5/2-3-7/4/6,published,競輪毎日,楽天Kドリームス 並び予想
6120240909030002,2024-09-11,玉野競輪,F1,A1/A2,2,Ａ級一般,11:08,11:03,7,https://keirin.kdreams.jp/tamano/racedetail/6120240909030002/?pageType=odds,2026-10-05T01:45:23.882434+00:00,5-6-2/4/7-3-1,published,競輪毎日,楽天Kドリームス 並び予想
6120240909030003,2024-09-11,玉野競輪,F1,A1/A2,3,Ａ級特選,11:36,11:31,7,https://keirin.kdreams.jp/tamano/racedetail/6120240909030003/?pageType=odds,2026-10-05T01:45:25.667686+00:00,1-5/2/7-3/4-6,published,競輪毎日,楽天Kドリームス 並び予想
6120240909030004,2024-09-11,玉野競輪,F1,A1/A2,4,Ａ級特選,12:06,12:01,7,https://keirin.kdreams.jp/tamano/racedetail/6120240909030004/?pageType=odds,2026-10-05T01:45:27.389919+00:00,5-1/6-2-4/7-3,published,競輪毎日,楽天Kドリームス 並び予想
6120240909030011,2024-09-11,玉野競輪,F1,A1/A2,11,Ａ級決勝,15:50,15:45,7,https://keirin.kdreams.jp/tamano/racedetail/6120240909030011/?pageType=odds,2026-10-05T01:45:29.496616+00:00,4-2-1/7/5-3-6,published,競輪毎日,楽天Kドリームス 並び予想
4520240909030005,2024-09-11,豊橋競輪,F2,A1/A2,5,Ａ級一般,17:10,17:05,6,https://keirin.kdreams.jp/toyohashi/racedetail/4520240909030005/?pageType=odds,2026-10-05T01:45:56.697300+00:00,4-3/1/5-2-6,published,中部競輪,楽天Kドリームス 並び予想
4520240909030006,2024-09-11,豊橋競輪,F2,A1/A2,6,Ａ級一般,17:35,17:30,6,https://keirin.kdreams.jp/toyohashi/racedetail/4520240909030006/?pageType=odds,2026-10-05T01:45:58.482593+00:00,6-1-3/4-5-2,published,中部競輪,楽天Kドリームス 並び予想
4520240909030007,2024-09-11,豊橋競輪,F2,A1/A2,7,Ａ級一般,18:00,17:55,7,https://keirin.kdreams.jp/toyohashi/racedetail/4520240909030007/?pageType=odds,2026-10-05T01:46:00.386284+00:00,1-6/2-4/3/5-7,published,中部競輪,楽天Kドリームス 並び予想
4520240909030008,2024-09-11,豊橋競輪,F2,A1/A2,8,Ａ級特選,18:25,18:20,7,https://keirin.kdreams.jp/toyohashi/racedetail/4520240909030008/?pageType=odds,2026-10-05T01:46:02.231388+00:00,2-7-1/5/4-3-6,published,中部競輪,楽天Kドリームス 並び予想
4520240909030009,2024-09-11,豊橋競輪,F2,A1/A2,9,Ａ級特選,18:50,18:45,7,https://keirin.kdreams.jp/toyohashi/racedetail/4520240909030009/?pageType=odds,2026-10-05T01:46:04.081163+00:00,1-6/5-2-7/3-4,published,中部競輪,楽天Kドリームス 並び予想
4520240909030010,2024-09-11,豊橋競輪,F2,A1/A2,10,Ａ級特選,19:15,19:10,7,https://keirin.kdreams.jp/toyohashi/racedetail/4520240909030010/?pageType=odds,2026-10-05T01:46:05.806682+00:00,1-5-6/2-4/7-3,published,中部競輪,楽天Kドリームス 並び予想
4520240909030012,2024-09-11,豊橋競輪,F2,A1/A2,12,Ａ級決勝,20:15,20:10,7,https://keirin.kdreams.jp/toyohashi/racedetail/4520240909030012/?pageType=odds,2026-10-05T01:46:07.742413+00:00,7-1-5/3-4-2-6,published,中部競輪,楽天Kドリームス 並び予想
1220240909030002,2024-09-11,青森競輪,F2,A1/A2,2,Ａ級一般,21:00,20:55,7,https://keirin.kdreams.jp/aomori/racedetail/1220240909030002/?pageType=odds,2026-10-05T01:44:51.035026+00:00,2-1-5/3/7-4-6,published,アオケイ,楽天Kドリームス 並び予想
1220240909030003,2024-09-11,青森競輪,F2,A1/A2,3,Ａ級一般,21:20,21:15,7,https://keirin.kdreams.jp/aomori/racedetail/1220240909030003/?pageType=odds,2026-10-05T01:44:52.917191+00:00,6-1-3/2-4-5/7,published,アオケイ,楽天Kドリームス 並び予想
1220240909030004,2024-09-11,青森競輪,F2,A1/A2,4,Ａ級一般,21:40,21:35,7,https://keirin.kdreams.jp/aomori/racedetail/1220240909030004/?pageType=odds,2026-10-05T01:44:54.625956+00:00,5-3-4-6/2/1/7,published,アオケイ,楽天Kドリームス 並び予想
1220240909030005,2024-09-11,青森競輪,F2,A1/A2,5,Ａ級特選,22:00,21:55,7,https://keirin.kdreams.jp/aomori/racedetail/1220240909030005/?pageType=odds,2026-10-05T01:44:56.358703+00:00,3-4/5-1-2/6-7,published,アオケイ,楽天Kドリームス 並び予想
1220240909030006,2024-09-11,青森競輪,F2,A1/A2,6,Ａ級特選,22:20,22:15,7,https://keirin.kdreams.jp/aomori/racedetail/1220240909030006/?pageType=odds,2026-10-05T01:44:58.037321+00:00,1-2/4-3/5-6-7,published,アオケイ,楽天Kドリームス 並び予想
1220240909030007,2024-09-11,青森競輪,F2,A1/A2,7,Ａ級特選,22:40,22:35,7,https://keirin.kdreams.jp/aomori/racedetail/1220240909030007/?pageType=odds,2026-10-05T01:44:59.842099+00:00,1-3-6/4-2/7-5,published,アオケイ,楽天Kドリームス 並び予想
1220240909030009,2024-09-11,青森競輪,F2,A1/A2,9,Ａ級決勝,23:20,23:15,7,https://keirin.kdreams.jp/aomori/racedetail/1220240909030009/?pageType=odds,2026-10-05T01:45:01.570835+00:00,1-4/3-2/5-6-7,published,アオケイ,楽天Kドリームス 並び予想
8320240912010003,2024-09-12,久留米競輪,F2,A1/A2,3,Ａ級予選,21:30,21:25,7,https://keirin.kdreams.jp/kurume/racedetail/8320240912010003/?pageType=odds,2026-10-05T01:48:38.023102+00:00,1-4-6/2-3/7-5,published,コンドル出版社,楽天Kドリームス 並び予想
8320240912010004,2024-09-12,久留米競輪,F2,A1/A2,4,Ａ級予選,21:50,21:45,7,https://keirin.kdreams.jp/kurume/racedetail/8320240912010004/?pageType=odds,2026-10-05T01:48:39.725288+00:00,1-2-5/3-4/6-7,published,コンドル出版社,楽天Kドリームス 並び予想
8320240912010005,2024-09-12,久留米競輪,F2,A1/A2,5,Ａ級予選,22:10,22:05,7,https://keirin.kdreams.jp/kurume/racedetail/8320240912010005/?pageType=odds,2026-10-05T01:48:41.416637+00:00,1-3-6-7/4-2-5,published,コンドル出版社,楽天Kドリームス 並び予想
8320240912010006,2024-09-12,久留米競輪,F2,A1/A2,6,Ａ級予選,22:30,22:25,7,https://keirin.kdreams.jp/kurume/racedetail/8320240912010006/?pageType=odds,2026-10-05T01:48:43.322766+00:00,1-2/3-4/6-5-7,published,コンドル出版社,楽天Kドリームス 並び予想
8320240912010007,2024-09-12,久留米競輪,F2,A1/A2,7,Ａ級予選,22:50,22:45,7,https://keirin.kdreams.jp/kurume/racedetail/8320240912010007/?pageType=odds,2026-10-05T01:48:45.225494+00:00,2-1-7/4-3-5/6,published,コンドル出版社,楽天Kドリームス 並び予想
8320240912010008,2024-09-12,久留米競輪,F2,A1/A2,8,Ａ級予選,23:10,23:05,7,https://keirin.kdreams.jp/kurume/racedetail/8320240912010008/?pageType=odds,2026-10-05T01:48:46.992316+00:00,2-1-7/5-3/6-4,published,コンドル出版社,楽天Kドリームス 並び予想
8320240912010009,2024-09-12,久留米競輪,F2,A1/A2,9,Ａ級初日特選,23:30,23:25,7,https://keirin.kdreams.jp/kurume/racedetail/8320240912010009/?pageType=odds,2026-10-05T01:48:48.736195+00:00,1-7-2/3/4-5/6,published,コンドル出版社,楽天Kドリームス 並び予想
1120240912010008,2024-09-12,函館競輪,F2,A1/A2,8,Ａ級特予選,18:30,18:25,7,https://keirin.kdreams.jp/hakodate/racedetail/1120240912010008/?pageType=odds,2026-10-05T01:48:09.963478+00:00,4-1/5-3-7/6-2,published,北競,楽天Kドリームス 並び予想
1120240912010009,2024-09-12,函館競輪,F2,A1/A2,9,Ａ級特予選,18:55,18:50,7,https://keirin.kdreams.jp/hakodate/racedetail/1120240912010009/?pageType=odds,2026-10-05T01:48:11.802122+00:00,2-5-3/6/1-7-4,published,北競,楽天Kドリームス 並び予想
1120240912010010,2024-09-12,函館競輪,F2,A1/A2,10,Ａ級特予選,19:20,19:15,7,https://keirin.kdreams.jp/hakodate/racedetail/1120240912010010/?pageType=odds,2026-10-05T01:48:13.400891+00:00,4-1/2-7/6/5-3,published,北競,楽天Kドリームス 並び予想
1120240912010011,2024-09-12,函館競輪,F2,A1/A2,11,Ａ級特予選,19:45,19:40,7,https://keirin.kdreams.jp/hakodate/racedetail/1120240912010011/?pageType=odds,2026-10-05T01:48:15.224106+00:00,6-5-1/4-2/3-7,published,北競,楽天Kドリームス 並び予想
1120240912010012,2024-09-12,函館競輪,F2,A1/A2,12,Ａ級初日特選,20:15,20:10,7,https://keirin.kdreams.jp/hakodate/racedetail/1120240912010012/?pageType=odds,2026-10-05T01:48:17.340721+00:00,4-1-7/6-2/3-5,published,北競,楽天Kドリームス 並び予想
4620240910030001,2024-09-12,富山競輪,F1,A1/A2,1,Ａ級一般,10:53,10:48,5,https://keirin.kdreams.jp/toyama/racedetail/4620240910030001/?pageType=odds,2026-10-05T01:47:33.393883+00:00,1-4/3/5-2,published,中部競輪,楽天Kドリームス 並び予想
4620240910030002,2024-09-12,富山競輪,F1,A1/A2,2,Ａ級一般,11:21,11:16,5,https://keirin.kdreams.jp/toyama/racedetail/4620240910030002/?pageType=odds,2026-10-05T01:47:35.048232+00:00,2/3/1/5/4,published,中部競輪,楽天Kドリームス 並び予想
4620240910030003,2024-09-12,富山競輪,F1,A1/A2,3,Ａ級特選,11:50,11:45,7,https://keirin.kdreams.jp/toyama/racedetail/4620240910030003/?pageType=odds,2026-10-05T01:47:36.759627+00:00,5-1-6/2-4/7-3,published,中部競輪,楽天Kドリームス 並び予想
4620240910030004,2024-09-12,富山競輪,F1,A1/A2,4,Ａ級特選,12:19,12:14,7,https://keirin.kdreams.jp/toyama/racedetail/4620240910030004/?pageType=odds,2026-10-05T01:47:38.614864+00:00,2-3-5/7-4-1/6,published,中部競輪,楽天Kドリームス 並び予想
4620240910030011,2024-09-12,富山競輪,F1,A1/A2,11,Ａ級決勝,16:00,15:55,7,https://keirin.kdreams.jp/toyama/racedetail/4620240910030011/?pageType=odds,2026-10-05T01:47:40.393241+00:00,6-1-5/2/3-7/4,published,中部競輪,楽天Kドリームス 並び予想
3120240911020001,2024-09-12,松戸競輪,F1,A1/A2,1,Ａ級一般,15:28,15:23,7,https://keirin.kdreams.jp/matsudo/racedetail/3120240911020001/?pageType=odds,2026-10-05T01:47:51.849046+00:00,1-7/5-2-6/4-3,published,アオケイ,楽天Kドリームス 並び予想
3120240911020002,2024-09-12,松戸競輪,F1,A1/A2,2,Ａ級一般,15:52,15:47,7,https://keirin.kdreams.jp/matsudo/racedetail/3120240911020002/?pageType=odds,2026-10-05T01:47:53.581896+00:00,5-1-7/2-6/4-3,published,アオケイ,楽天Kドリームス 並び予想
3120240911020003,2024-09-12,松戸競輪,F1,A1/A2,3,Ａ級準決勝,16:16,16:11,7,https://keirin.kdreams.jp/matsudo/racedetail/3120240911020003/?pageType=odds,2026-10-05T01:47:55.462672+00:00,1-4/5-6-2/7-3,published,アオケイ,楽天Kドリームス 並び予想
3120240911020004,2024-09-12,松戸競輪,F1,A1/A2,4,Ａ級準決勝,16:41,16:36,7,https://keirin.kdreams.jp/matsudo/racedetail/3120240911020004/?pageType=odds,2026-10-05T01:47:57.269107+00:00,5-1/4-2-6/3-7,published,アオケイ,楽天Kドリームス 並び予想
3120240911020005,2024-09-12,松戸競輪,F1,A1/A2,5,Ａ級準決勝,17:06,17:01,7,https://keirin.kdreams.jp/matsudo/racedetail/3120240911020005/?pageType=odds,2026-10-05T01:47:59.132976+00:00,7-5-1/2/4-3-6,published,アオケイ,楽天Kドリームス 並び予想
4720240912010005,2024-09-12,松阪競輪,F2,A1/A2,5,Ａ級特予選,22:00,21:55,7,https://keirin.kdreams.jp/matsusaka/racedetail/4720240912010005/?pageType=odds,2026-10-05T01:49:15.292456+00:00,2-1-7/6/4-3-5,published,中部競輪,楽天Kドリームス 並び予想
4720240912010006,2024-09-12,松阪競輪,F2,A1/A2,6,Ａ級特予選,22:20,22:15,7,https://keirin.kdreams.jp/matsusaka/racedetail/4720240912010006/?pageType=odds,2026-10-05T01:49:16.982762+00:00,1-2/4-3-7/5-6,published,中部競輪,楽天Kドリームス 並び予想
4720240912010007,2024-09-12,松阪競輪,F2,A1/A2,7,Ａ級特予選,22:40,22:35,7,https://keirin.kdreams.jp/matsusaka/racedetail/4720240912010007/?pageType=odds,2026-10-05T01:49:19.131971+00:00,1-2-4/3-5/6-7,published,中部競輪,楽天Kドリームス 並び予想
4720240912010008,2024-09-12,松阪競輪,F2,A1/A2,8,Ａ級特予選,23:00,22:55,7,https://keirin.kdreams.jp/matsusaka/racedetail/4720240912010008/?pageType=odds,2026-10-05T01:49:20.886960+00:00,1-2-7/3-5/4-6,published,中部競輪,楽天Kドリームス 並び予想
4720240912010009,2024-09-12,松阪競輪,F2,A1/A2,9,Ａ級初日特選,23:20,23:15,7,https://keirin.kdreams.jp/matsusaka/racedetail/4720240912010009/?pageType=odds,2026-10-05T01:49:22.568439+00:00,5-2-3-6/1/4-7,published,中部競輪,楽天Kドリームス 並び予想
8420240910030001,2024-09-12,武雄競輪,F1,A1/A2,1,Ａ級一般,10:56,10:51,7,https://keirin.kdreams.jp/takeo/racedetail/8420240910030001/?pageType=odds,2026-10-05T01:47:05.617220+00:00,1-7-3-4/2-5/6,published,百万弗,楽天Kドリームス 並び予想
8420240910030002,2024-09-12,武雄競輪,F1,A1/A2,2,Ａ級一般,11:24,11:19,7,https://keirin.kdreams.jp/takeo/racedetail/8420240910030002/?pageType=odds,2026-10-05T01:47:07.376505+00:00,4/1/3-6/5-2-7,published,百万弗,楽天Kドリームス 並び予想
8420240910030003,2024-09-12,武雄競輪,F1,A1/A2,3,Ａ級特選,11:54,11:49,7,https://keirin.kdreams.jp/takeo/racedetail/8420240910030003/?pageType=odds,2026-10-05T01:47:09.466801+00:00,1-7/2-5-6/4-3,published,百万弗,楽天Kドリームス 並び予想
8420240910030004,2024-09-12,武雄競輪,F1,A1/A2,4,Ａ級特選,12:24,12:19,7,https://keirin.kdreams.jp/takeo/racedetail/8420240910030004/?pageType=odds,2026-10-05T01:47:11.230937+00:00,5-1-6/2-7/3-4,published,百万弗,楽天Kドリームス 並び予想
8420240910030011,2024-09-12,武雄競輪,F1,A1/A2,11,Ａ級決勝,16:06,16:01,7,https://keirin.kdreams.jp/takeo/racedetail/8420240910030011/?pageType=odds,2026-10-05T01:47:13.046868+00:00,1-7/2-6-5-4/3,published,百万弗,楽天Kドリームス 並び予想
8320240912020003,2024-09-13,久留米競輪,F2,A1/A2,3,Ａ級一般,21:30,21:25,7,https://keirin.kdreams.jp/kurume/racedetail/8320240912020003/?pageType=odds,2026-10-05T01:48:50.402286+00:00,1-5-7-2/4/3-6,published,コンドル出版社,楽天Kドリームス 並び予想
8320240912020004,2024-09-13,久留米競輪,F2,A1/A2,4,Ａ級一般,21:50,21:45,7,https://keirin.kdreams.jp/kurume/racedetail/8320240912020004/?pageType=odds,2026-10-05T01:48:52.158004+00:00,2-1-3/5-4/6-7,published,コンドル出版社,楽天Kドリームス 並び予想
8320240912020005,2024-09-13,久留米競輪,F2,A1/A2,5,Ａ級選抜,22:10,22:05,7,https://keirin.kdreams.jp/kurume/racedetail/8320240912020005/?pageType=odds,2026-10-05T01:48:53.799341+00:00,1-3-5/2/4-6-7,published,コンドル出版社,楽天Kドリームス 並び予想
8320240912020006,2024-09-13,久留米競輪,F2,A1/A2,6,Ａ級選抜,22:30,22:25,7,https://keirin.kdreams.jp/kurume/racedetail/8320240912020006/?pageType=odds,2026-10-05T01:48:55.683584+00:00,1-4/2-3-5/6-7,published,コンドル出版社,楽天Kドリームス 並び予想
8320240912020007,2024-09-13,久留米競輪,F2,A1/A2,7,Ａ級準決勝,22:50,22:45,7,https://keirin.kdreams.jp/kurume/racedetail/8320240912020007/?pageType=odds,2026-10-05T01:48:57.692314+00:00,1-6-7/2-5/4-3,published,コンドル出版社,楽天Kドリームス 並び予想
8320240912020008,2024-09-13,久留米競輪,F2,A1/A2,8,Ａ級準決勝,23:10,23:05,7,https://keirin.kdreams.jp/kurume/racedetail/8320240912020008/?pageType=odds,2026-10-05T01:48:59.265997+00:00,1-7/5-2/4-3-6,published,コンドル出版社,楽天Kドリームス 並び予想
8320240912020009,2024-09-13,久留米競輪,F2,A1/A2,9,Ａ級準決勝,23:30,23:25,7,https://keirin.kdreams.jp/kurume/racedetail/8320240912020009/?pageType=odds,2026-10-05T01:49:01.157304+00:00,1-2-6/5-3/4-7,published,コンドル出版社,楽天Kドリームス 並び予想
1120240912020008,2024-09-13,函館競輪,F2,A1/A2,8,Ａ級特一般,18:30,18:25,7,https://keirin.kdreams.jp/hakodate/racedetail/1120240912020008/?pageType=odds,2026-10-05T01:48:19.092198+00:00,1-4/7-2/5-3/6,published,北競,楽天Kドリームス 並び予想
1120240912020009,2024-09-13,函館競輪,F2,A1/A2,9,Ａ級特一般,18:55,18:50,7,https://keirin.kdreams.jp/hakodate/racedetail/1120240912020009/?pageType=odds,2026-10-05T01:48:21.240382+00:00,1-5/4-7-2/3-6,published,北競,楽天Kドリームス 並び予想
1120240912020010,2024-09-13,函館競輪,F2,A1/A2,10,Ａ級準決勝,19:20,19:15,7,https://keirin.kdreams.jp/hakodate/racedetail/1120240912020010/?pageType=odds,2026-10-05T01:48:23.006033+00:00,2-4-5/3/1-7/6,published,北競,楽天Kドリームス 並び予想
1120240912020011,2024-09-13,函館競輪,F2,A1/A2,11,Ａ級準決勝,19:45,19:40,7,https://keirin.kdreams.jp/hakodate/racedetail/1120240912020011/?pageType=odds,2026-10-05T01:48:24.804752+00:00,3-7/4-1/6-2-5,published,北競,楽天Kドリームス 並び予想
1120240912020012,2024-09-13,函館競輪,F2,A1/A2,12,Ａ級準決勝,20:15,20:10,7,https://keirin.kdreams.jp/hakodate/racedetail/1120240912020012/?pageType=odds,2026-10-05T01:48:26.500555+00:00,5-1-6/7-2/3-4,published,北競,楽天Kドリームス 並び予想
3120240911030001,2024-09-13,松戸競輪,F1,A1/A2,1,Ａ級一般,15:27,15:22,7,https://keirin.kdreams.jp/matsudo/racedetail/3120240911030001/?pageType=odds,2026-10-05T01:48:00.856152+00:00,7/2-5/1/4-3-6,published,アオケイ,楽天Kドリームス 並び予想
3120240911030002,2024-09-13,松戸競輪,F1,A1/A2,2,Ａ級一般,15:51,15:46,7,https://keirin.kdreams.jp/matsudo/racedetail/3120240911030002/?pageType=odds,2026-10-05T01:48:02.766413+00:00,1-6/5-2/3-7-4,published,アオケイ,楽天Kドリームス 並び予想
3120240911030003,2024-09-13,松戸競輪,F1,A1/A2,3,Ａ級特選,16:16,16:11,7,https://keirin.kdreams.jp/matsudo/racedetail/3120240911030003/?pageType=odds,2026-10-05T01:48:04.557971+00:00,1-6/4-2-7/5-3,published,アオケイ,楽天Kドリームス 並び予想
3120240911030004,2024-09-13,松戸競輪,F1,A1/A2,4,Ａ級特選,16:42,16:37,7,https://keirin.kdreams.jp/matsudo/racedetail/3120240911030004/?pageType=odds,2026-10-05T01:48:06.267417+00:00,1-5-6/2-7/4-3,published,アオケイ,楽天Kドリームス 並び予想
3120240911030011,2024-09-13,松戸競輪,F1,A1/A2,11,Ａ級決勝,20:00,19:55,7,https://keirin.kdreams.jp/matsudo/racedetail/3120240911030011/?pageType=odds,2026-10-05T01:48:08.158892+00:00,5-1/4/2-6/3-7,published,アオケイ,楽天Kドリームス 並び予想
4720240912020005,2024-09-13,松阪競輪,F2,A1/A2,5,Ａ級特一般,22:00,21:55,7,https://keirin.kdreams.jp/matsusaka/racedetail/4720240912020005/?pageType=odds,2026-10-05T01:49:24.704126+00:00,3-2-1-7/4/6-5,published,中部競輪,楽天Kドリームス 並び予想
4720240912020006,2024-09-13,松阪競輪,F2,A1/A2,6,Ａ級特一般,22:20,22:15,7,https://keirin.kdreams.jp/matsusaka/racedetail/4720240912020006/?pageType=odds,2026-10-05T01:49:26.393076+00:00,2/1-4-6-3-7/5,published,中部競輪,楽天Kドリームス 並び予想
4720240912020007,2024-09-13,松阪競輪,F2,A1/A2,7,Ａ級準決勝,22:40,22:35,7,https://keirin.kdreams.jp/matsusaka/racedetail/4720240912020007/?pageType=odds,2026-10-05T01:49:28.193269+00:00,1-4/3-2/6/7-5,published,中部競輪,楽天Kドリームス 並び予想
4720240912020008,2024-09-13,松阪競輪,F2,A1/A2,8,Ａ級準決勝,23:00,22:55,7,https://keirin.kdreams.jp/matsusaka/racedetail/4720240912020008/?pageType=odds,2026-10-05T01:49:30.147676+00:00,2-1/4-3/5-6/7,published,中部競輪,楽天Kドリームス 並び予想
4720240912020009,2024-09-13,松阪競輪,F2,A1/A2,9,Ａ級準決勝,23:20,23:15,7,https://keirin.kdreams.jp/matsusaka/racedetail/4720240912020009/?pageType=odds,2026-10-05T01:49:31.718191+00:00,1-4-7/2/3/5-6,published,中部競輪,楽天Kドリームス 並び予想
1320240914010001,2024-09-14,いわき平競輪,F1,A1/A2,1,Ａ級予選,10:30,10:25,7,https://keirin.kdreams.jp/iwakitaira/racedetail/1320240914010001/?pageType=odds,2026-10-05T01:49:41.959185+00:00,4-1-3-6/5-2-7,published,アオケイ,楽天Kドリームス 並び予想
1320240914010002,2024-09-14,いわき平競輪,F1,A1/A2,2,Ａ級予選,10:55,10:50,7,https://keirin.kdreams.jp/iwakitaira/racedetail/1320240914010002/?pageType=odds,2026-10-05T01:49:43.577761+00:00,4-1-6/5-2/7-3,published,アオケイ,楽天Kドリームス 並び予想
1320240914010003,2024-09-14,いわき平競輪,F1,A1/A2,3,Ａ級予選,11:21,11:16,7,https://keirin.kdreams.jp/iwakitaira/racedetail/1320240914010003/?pageType=odds,2026-10-05T01:49:45.242911+00:00,1-4/6-2/5-3-7,published,アオケイ,楽天Kドリームス 並び予想
1320240914010004,2024-09-14,いわき平競輪,F1,A1/A2,4,Ａ級予選,11:47,11:42,7,https://keirin.kdreams.jp/iwakitaira/racedetail/1320240914010004/?pageType=odds,2026-10-05T01:49:47.046625+00:00,4-1-5/3-7-2/6,published,アオケイ,楽天Kドリームス 並び予想
1320240914010005,2024-09-14,いわき平競輪,F1,A1/A2,5,Ａ級初日特選,12:17,12:12,7,https://keirin.kdreams.jp/iwakitaira/racedetail/1320240914010005/?pageType=odds,2026-10-05T01:49:48.809956+00:00,5-1/2-7/3-6-4,published,アオケイ,楽天Kドリームス 並び予想
8320240912030002,2024-09-14,久留米競輪,F2,A1/A2,2,Ａ級一般,21:10,21:05,7,https://keirin.kdreams.jp/kurume/racedetail/8320240912030002/?pageType=odds,2026-10-05T01:49:03.072962+00:00,3-7/1/2/4-6-5,published,コンドル出版社,楽天Kドリームス 並び予想
8320240912030003,2024-09-14,久留米競輪,F2,A1/A2,3,Ａ級一般,21:30,21:25,7,https://keirin.kdreams.jp/kurume/racedetail/8320240912030003/?pageType=odds,2026-10-05T01:49:04.994065+00:00,1-6/5-2-4/3-7,published,コンドル出版社,楽天Kドリームス 並び予想
8320240912030004,2024-09-14,久留米競輪,F2,A1/A2,4,Ａ級一般,21:50,21:45,7,https://keirin.kdreams.jp/kurume/racedetail/8320240912030004/?pageType=odds,2026-10-05T01:49:06.716827+00:00,4-1/7-3-2/5/6,published,コンドル出版社,楽天Kドリームス 並び予想
8320240912030005,2024-09-14,久留米競輪,F2,A1/A2,5,Ａ級特選,22:10,22:05,7,https://keirin.kdreams.jp/kurume/racedetail/8320240912030005/?pageType=odds,2026-10-05T01:49:08.503644+00:00,2-1/6-3-4/7-5,published,コンドル出版社,楽天Kドリームス 並び予想
8320240912030006,2024-09-14,久留米競輪,F2,A1/A2,6,Ａ級特選,22:30,22:25,7,https://keirin.kdreams.jp/kurume/racedetail/8320240912030006/?pageType=odds,2026-10-05T01:49:10.217031+00:00,4-1/2-5-7/6-3,published,コンドル出版社,楽天Kドリームス 並び予想
8320240912030007,2024-09-14,久留米競輪,F2,A1/A2,7,Ａ級特選,22:50,22:45,7,https://keirin.kdreams.jp/kurume/racedetail/8320240912030007/?pageType=odds,2026-10-05T01:49:12.041913+00:00,1-6/3-2-7/4-5,published,コンドル出版社,楽天Kドリームス 並び予想
8320240912030009,2024-09-14,久留米競輪,F2,A1/A2,9,Ａ級決勝,23:30,23:25,7,https://keirin.kdreams.jp/kurume/racedetail/8320240912030009/?pageType=odds,2026-10-05T01:49:13.665698+00:00,1-2/6-3-4/5-7,published,コンドル出版社,楽天Kドリームス 並び予想
1120240912030006,2024-09-14,函館競輪,F2,A1/A2,6,Ａ級特一般,17:55,17:50,7,https://keirin.kdreams.jp/hakodate/racedetail/1120240912030006/?pageType=odds,2026-10-05T01:48:28.773030+00:00,1-5/7-2/3/6-4,published,北競,楽天Kドリームス 並び予想
1120240912030007,2024-09-14,函館競輪,F2,A1/A2,7,Ａ級特一般,18:20,18:15,7,https://keirin.kdreams.jp/hakodate/racedetail/1120240912030007/?pageType=odds,2026-10-05T01:48:30.857061+00:00,6-4-1/7/5-3/2,published,北競,楽天Kドリームス 並び予想
1120240912030008,2024-09-14,函館競輪,F2,A1/A2,8,Ａ級特選,18:45,18:40,7,https://keirin.kdreams.jp/hakodate/racedetail/1120240912030008/?pageType=odds,2026-10-05T01:48:32.683481+00:00,1-7-5/6/4-2-3,published,北競,楽天Kドリームス 並び予想
1120240912030009,2024-09-14,函館競輪,F2,A1/A2,9,Ａ級特選,19:10,19:05,7,https://keirin.kdreams.jp/hakodate/racedetail/1120240912030009/?pageType=odds,2026-10-05T01:48:34.371473+00:00,4-1-5/2-7/6-3,published,北競,楽天Kドリームス 並び予想
1120240912030012,2024-09-14,函館競輪,F2,A1/A2,12,Ａ級決勝,20:30,20:25,7,https://keirin.kdreams.jp/hakodate/racedetail/1120240912030012/?pageType=odds,2026-10-05T01:48:36.397827+00:00,4-2/1-3-7-5/6,published,北競,楽天Kドリームス 並び予想
2220240914010008,2024-09-14,前橋競輪,F2,A1/A2,8,Ａ級特予選,18:40,18:35,7,https://keirin.kdreams.jp/maebashi/racedetail/2220240914010008/?pageType=odds,2026-10-05T01:50:07.644602+00:00,1-7/5-2-6/3-4,published,アオケイ,楽天Kドリームス 並び予想
2220240914010009,2024-09-14,前橋競輪,F2,A1/A2,9,Ａ級特予選,19:05,19:00,7,https://keirin.kdreams.jp/maebashi/racedetail/2220240914010009/?pageType=odds,2026-10-05T01:50:09.303241+00:00,1-4/2-6/3-5-7,published,アオケイ,楽天Kドリームス 並び予想
2220240914010010,2024-09-14,前橋競輪,F2,A1/A2,10,Ａ級特予選,19:30,19:25,7,https://keirin.kdreams.jp/maebashi/racedetail/2220240914010010/?pageType=odds,2026-10-05T01:50:11.004507+00:00,4-1-3/6/2-7-5,published,アオケイ,楽天Kドリームス 並び予想
2220240914010011,2024-09-14,前橋競輪,F2,A1/A2,11,Ａ級特予選,19:55,19:50,7,https://keirin.kdreams.jp/maebashi/racedetail/2220240914010011/?pageType=odds,2026-10-05T01:50:12.707519+00:00,6-1-4/2-7/5-3,published,アオケイ,楽天Kドリームス 並び予想
2220240914010012,2024-09-14,前橋競輪,F2,A1/A2,12,Ａ級初日特選,20:25,20:20,7,https://keirin.kdreams.jp/maebashi/racedetail/2220240914010012/?pageType=odds,2026-10-05T01:50:14.375117+00:00,2-7-1-4-6/3-5,published,アオケイ,楽天Kドリームス 並び予想
4720240912030004,2024-09-14,松阪競輪,F2,A1/A2,4,Ａ級特一般,21:40,21:35,7,https://keirin.kdreams.jp/matsusaka/racedetail/4720240912030004/?pageType=odds,2026-10-05T01:49:33.440375+00:00,3-5-1/2/4-6/7,published,中部競輪,楽天Kドリームス 並び予想
4720240912030005,2024-09-14,松阪競輪,F2,A1/A2,5,Ａ級特一般,22:00,21:55,7,https://keirin.kdreams.jp/matsusaka/racedetail/4720240912030005/?pageType=odds,2026-10-05T01:49:35.066909+00:00,2-1-5-7/3/4/6,published,中部競輪,楽天Kドリームス 並び予想
4720240912030006,2024-09-14,松阪競輪,F2,A1/A2,6,Ａ級特選,22:20,22:15,7,https://keirin.kdreams.jp/matsusaka/racedetail/4720240912030006/?pageType=odds,2026-10-05T01:49:36.887558+00:00,5-1/6-3-7/2/4,published,中部競輪,楽天Kドリームス 並び予想
4720240912030007,2024-09-14,松阪競輪,F2,A1/A2,7,Ａ級特選,22:40,22:35,7,https://keirin.kdreams.jp/matsusaka/racedetail/4720240912030007/?pageType=odds,2026-10-05T01:49:38.824027+00:00,1-2-3/4-6/7-5,published,中部競輪,楽天Kドリームス 並び予想
4720240912030009,2024-09-14,松阪競輪,F2,A1/A2,9,Ａ級決勝,23:20,23:15,7,https://keirin.kdreams.jp/matsusaka/racedetail/4720240912030009/?pageType=odds,2026-10-05T01:49:40.374416+00:00,1-6/3-7/5-4/2,published,中部競輪,楽天Kドリームス 並び予想
1320240914020001,2024-09-15,いわき平競輪,F1,A1/A2,1,Ａ級一般,10:30,10:25,7,https://keirin.kdreams.jp/iwakitaira/racedetail/1320240914020001/?pageType=odds,2026-10-05T01:49:50.552840+00:00,2-7-5-4/1/3-6,published,アオケイ,楽天Kドリームス 並び予想
1320240914020002,2024-09-15,いわき平競輪,F1,A1/A2,2,Ａ級一般,10:55,10:50,7,https://keirin.kdreams.jp/iwakitaira/racedetail/1320240914020002/?pageType=odds,2026-10-05T01:49:52.247678+00:00,1-7-3/4-5-2/6,published,アオケイ,楽天Kドリームス 並び予想
1320240914020003,2024-09-15,いわき平競輪,F1,A1/A2,3,Ａ級準決勝,11:21,11:16,7,https://keirin.kdreams.jp/iwakitaira/racedetail/1320240914020003/?pageType=odds,2026-10-05T01:49:54.030627+00:00,7-1/6-2/3-4-5,published,アオケイ,楽天Kドリームス 並び予想
1320240914020004,2024-09-15,いわき平競輪,F1,A1/A2,4,Ａ級準決勝,11:47,11:42,7,https://keirin.kdreams.jp/iwakitaira/racedetail/1320240914020004/?pageType=odds,2026-10-05T01:49:55.727713+00:00,5-1/2-4-6/7-3,published,アオケイ,楽天Kドリームス 並び予想
1320240914020005,2024-09-15,いわき平競輪,F1,A1/A2,5,Ａ級準決勝,12:17,12:12,7,https://keirin.kdreams.jp/iwakitaira/racedetail/1320240914020005/?pageType=odds,2026-10-05T01:49:57.404609+00:00,1-7-4/2-5/6-3,published,アオケイ,楽天Kドリームス 並び予想
3720240915010001,2024-09-15,伊東競輪,F2,A1/A2,1,Ａ級予選,20:50,20:45,7,https://keirin.kdreams.jp/ito/racedetail/3720240915010001/?pageType=odds,2026-10-05T01:51:02.164293+00:00,1-2-5/6-3-4/7,published,ひかり・小田競,楽天Kドリームス 並び予想
3720240915010002,2024-09-15,伊東競輪,F2,A1/A2,2,Ａ級予選,21:14,21:09,7,https://keirin.kdreams.jp/ito/racedetail/3720240915010002/?pageType=odds,2026-10-05T01:51:03.854383+00:00,2-1/3-5-7/4-6,published,ひかり・小田競,楽天Kドリームス 並び予想
3720240915010003,2024-09-15,伊東競輪,F2,A1/A2,3,Ａ級予選,21:38,21:33,7,https://keirin.kdreams.jp/ito/racedetail/3720240915010003/?pageType=odds,2026-10-05T01:51:05.712605+00:00,3-1-6/5-2-4/7,published,ひかり・小田競,楽天Kドリームス 並び予想
3720240915010004,2024-09-15,伊東競輪,F2,A1/A2,4,Ａ級予選,22:02,21:57,7,https://keirin.kdreams.jp/ito/racedetail/3720240915010004/?pageType=odds,2026-10-05T01:51:07.490918+00:00,3-1-4/5-2/7-6,published,ひかり・小田競,楽天Kドリームス 並び予想
3720240915010005,2024-09-15,伊東競輪,F2,A1/A2,5,Ａ級予選,22:26,22:21,7,https://keirin.kdreams.jp/ito/racedetail/3720240915010005/?pageType=odds,2026-10-05T01:51:09.433275+00:00,1-2-6/3/7/5-4,published,ひかり・小田競,楽天Kドリームス 並び予想
3720240915010006,2024-09-15,伊東競輪,F2,A1/A2,6,Ａ級予選,22:52,22:47,7,https://keirin.kdreams.jp/ito/racedetail/3720240915010006/?pageType=odds,2026-10-05T01:51:11.148323+00:00,1-2-6-7/5-3-4,published,ひかり・小田競,楽天Kドリームス 並び予想
3720240915010007,2024-09-15,伊東競輪,F2,A1/A2,7,Ａ級初日特選,23:18,23:13,7,https://keirin.kdreams.jp/ito/racedetail/3720240915010007/?pageType=odds,2026-10-05T01:51:13.014233+00:00,3-1-7/4/5-2-6,published,ひかり・小田競,楽天Kドリームス 並び予想
2220240914020008,2024-09-15,前橋競輪,F2,A1/A2,8,Ａ級特一般,18:40,18:35,7,https://keirin.kdreams.jp/maebashi/racedetail/2220240914020008/?pageType=odds,2026-10-05T01:50:16.410837+00:00,7-1-4/5-2/3-6,published,アオケイ,楽天Kドリームス 並び予想
2220240914020009,2024-09-15,前橋競輪,F2,A1/A2,9,Ａ級特一般,19:05,19:00,7,https://keirin.kdreams.jp/maebashi/racedetail/2220240914020009/?pageType=odds,2026-10-05T01:50:18.143946+00:00,5-4-2/1/3-7-6,published,アオケイ,楽天Kドリームス 並び予想
2220240914020010,2024-09-15,前橋競輪,F2,A1/A2,10,Ａ級準決勝,19:30,19:25,7,https://keirin.kdreams.jp/maebashi/racedetail/2220240914020010/?pageType=odds,2026-10-05T01:50:19.807977+00:00,7-1/2-4/5-3-6,published,アオケイ,楽天Kドリームス 並び予想
2220240914020011,2024-09-15,前橋競輪,F2,A1/A2,11,Ａ級準決勝,19:55,19:50,7,https://keirin.kdreams.jp/maebashi/racedetail/2220240914020011/?pageType=odds,2026-10-05T01:50:21.584615+00:00,5-1-4/6-2/7-3,published,アオケイ,楽天Kドリームス 並び予想
2220240914020012,2024-09-15,前橋競輪,F2,A1/A2,12,Ａ級準決勝,20:25,20:20,7,https://keirin.kdreams.jp/maebashi/racedetail/2220240914020012/?pageType=odds,2026-10-05T01:50:23.339598+00:00,7-1-5/4-2/3/6,published,アオケイ,楽天Kドリームス 並び予想
3520240915010008,2024-09-15,平塚競輪,F2,A1/A2,8,Ａ級特予選,18:31,18:26,6,https://keirin.kdreams.jp/hiratsuka/racedetail/3520240915010008/?pageType=odds,2026-10-05T01:50:33.878371+00:00,1-3-5/2/4/6,published,小田競・サイクル,楽天Kドリームス 並び予想
3520240915010009,2024-09-15,平塚競輪,F2,A1/A2,9,Ａ級特予選,18:59,18:54,7,https://keirin.kdreams.jp/hiratsuka/racedetail/3520240915010009/?pageType=odds,2026-10-05T01:50:35.643031+00:00,1-4/7-5-2/3/6,published,小田競・サイクル,楽天Kドリームス 並び予想
3520240915010010,2024-09-15,平塚競輪,F2,A1/A2,10,Ａ級特予選,19:28,19:23,7,https://keirin.kdreams.jp/hiratsuka/racedetail/3520240915010010/?pageType=odds,2026-10-05T01:50:37.184888+00:00,1-5-6/7-2-3/4,published,小田競・サイクル,楽天Kドリームス 並び予想
3520240915010011,2024-09-15,平塚競輪,F2,A1/A2,11,Ａ級特予選,19:58,19:53,7,https://keirin.kdreams.jp/hiratsuka/racedetail/3520240915010011/?pageType=odds,2026-10-05T01:50:38.912322+00:00,2-5/1/6/3-7-4,published,小田競・サイクル,楽天Kドリームス 並び予想
3520240915010012,2024-09-15,平塚競輪,F2,A1/A2,12,Ａ級初日特選,20:30,20:25,7,https://keirin.kdreams.jp/hiratsuka/racedetail/3520240915010012/?pageType=odds,2026-10-05T01:50:40.545593+00:00,2-7/1-6/4/5-3,published,小田競・サイクル,楽天Kドリームス 並び予想
1320240914030001,2024-09-16,いわき平競輪,F1,A1/A2,1,Ａ級一般,10:30,10:25,6,https://keirin.kdreams.jp/iwakitaira/racedetail/1320240914030001/?pageType=odds,2026-10-05T01:49:58.961354+00:00,5-1-2-6/4-3,published,アオケイ,楽天Kドリームス 並び予想
1320240914030002,2024-09-16,いわき平競輪,F1,A1/A2,2,Ａ級一般,10:55,10:50,7,https://keirin.kdreams.jp/iwakitaira/racedetail/1320240914030002/?pageType=odds,2026-10-05T01:50:00.564034+00:00,1-4-6/2/7-3-5,published,アオケイ,楽天Kドリームス 並び予想
1320240914030003,2024-09-16,いわき平競輪,F1,A1/A2,3,Ａ級特選,11:20,11:15,7,https://keirin.kdreams.jp/iwakitaira/racedetail/1320240914030003/?pageType=odds,2026-10-05T01:50:02.285239+00:00,1-7/6-2/3-4/5,published,アオケイ,楽天Kドリームス 並び予想
1320240914030004,2024-09-16,いわき平競輪,F1,A1/A2,4,Ａ級特選,11:45,11:40,7,https://keirin.kdreams.jp/iwakitaira/racedetail/1320240914030004/?pageType=odds,2026-10-05T01:50:04.051279+00:00,1-4-7/2-5-3/6,published,アオケイ,楽天Kドリームス 並び予想
1320240914030011,2024-09-16,いわき平競輪,F1,A1/A2,11,Ａ級決勝,15:40,15:35,7,https://keirin.kdreams.jp/iwakitaira/racedetail/1320240914030011/?pageType=odds,2026-10-05T01:50:05.899543+00:00,4-1-5/2-7/3-6,published,アオケイ,楽天Kドリームス 並び予想
3720240915020001,2024-09-16,伊東競輪,F2,A1/A2,1,Ａ級一般,20:50,20:45,7,https://keirin.kdreams.jp/ito/racedetail/3720240915020001/?pageType=odds,2026-10-05T01:51:14.898880+00:00,1-2-3/4-5-7-6,published,ひかり・小田競,楽天Kドリームス 並び予想
3720240915020002,2024-09-16,伊東競輪,F2,A1/A2,2,Ａ級一般,21:14,21:09,7,https://keirin.kdreams.jp/ito/racedetail/3720240915020002/?pageType=odds,2026-10-05T01:51:16.756407+00:00,1-4-5/2-7/6-3,published,ひかり・小田競,楽天Kドリームス 並び予想
3720240915020003,2024-09-16,伊東競輪,F2,A1/A2,3,Ａ級選抜,21:38,21:33,7,https://keirin.kdreams.jp/ito/racedetail/3720240915020003/?pageType=odds,2026-10-05T01:51:18.686538+00:00,1-4/3-2/5/6-7,published,ひかり・小田競,楽天Kドリームス 並び予想
3720240915020004,2024-09-16,伊東競輪,F2,A1/A2,4,Ａ級選抜,22:02,21:57,7,https://keirin.kdreams.jp/ito/racedetail/3720240915020004/?pageType=odds,2026-10-05T01:51:20.361138+00:00,2-1-7/5/4-3-6,published,ひかり・小田競,楽天Kドリームス 並び予想
3720240915020005,2024-09-16,伊東競輪,F2,A1/A2,5,Ａ級準決勝,22:26,22:21,7,https://keirin.kdreams.jp/ito/racedetail/3720240915020005/?pageType=odds,2026-10-05T01:51:22.142960+00:00,6-1/5-2-4/3-7,published,ひかり・小田競,楽天Kドリームス 並び予想
3720240915020006,2024-09-16,伊東競輪,F2,A1/A2,6,Ａ級準決勝,22:52,22:47,7,https://keirin.kdreams.jp/ito/racedetail/3720240915020006/?pageType=odds,2026-10-05T01:51:23.857428+00:00,1-3/7-2-5/4-6,published,ひかり・小田競,楽天Kドリームス 並び予想
3720240915020007,2024-09-16,伊東競輪,F2,A1/A2,7,Ａ級準決勝,23:18,23:13,7,https://keirin.kdreams.jp/ito/racedetail/3720240915020007/?pageType=odds,2026-10-05T01:51:25.625927+00:00,1-5/2-3-4/6-7,published,ひかり・小田競,楽天Kドリームス 並び予想
2220240914030006,2024-09-16,前橋競輪,F2,A1/A2,6,Ａ級特一般,17:54,17:49,7,https://keirin.kdreams.jp/maebashi/racedetail/2220240914030006/?pageType=odds,2026-10-05T01:50:25.076436+00:00,7-1/6-2/5-4-3,published,アオケイ,楽天Kドリームス 並び予想
2220240914030007,2024-09-16,前橋競輪,F2,A1/A2,7,Ａ級特一般,18:19,18:14,7,https://keirin.kdreams.jp/maebashi/racedetail/2220240914030007/?pageType=odds,2026-10-05T01:50:26.760882+00:00,4-2-6/1-7/5-3,published,アオケイ,楽天Kドリームス 並び予想
2220240914030008,2024-09-16,前橋競輪,F2,A1/A2,8,Ａ級特選,18:44,18:39,7,https://keirin.kdreams.jp/maebashi/racedetail/2220240914030008/?pageType=odds,2026-10-05T01:50:28.445100+00:00,1-4-6/2/7-3-5,published,アオケイ,楽天Kドリームス 並び予想
2220240914030009,2024-09-16,前橋競輪,F2,A1/A2,9,Ａ級特選,19:09,19:04,7,https://keirin.kdreams.jp/maebashi/racedetail/2220240914030009/?pageType=odds,2026-10-05T01:50:30.127616+00:00,1-7/4-3/5-2-6,published,アオケイ,楽天Kドリームス 並び予想
2220240914030012,2024-09-16,前橋競輪,F2,A1/A2,12,Ａ級決勝,20:35,20:30,7,https://keirin.kdreams.jp/maebashi/racedetail/2220240914030012/?pageType=odds,2026-10-05T01:50:32.153436+00:00,6-5-1/2/7-3/4,published,アオケイ,楽天Kドリームス 並び予想
3520240915020008,2024-09-16,平塚競輪,F2,A1/A2,8,Ａ級特一般,18:30,18:25,6,https://keirin.kdreams.jp/hiratsuka/racedetail/3520240915020008/?pageType=odds,2026-10-05T01:50:43.331613+00:00,1-3-6/5-2-4,published,小田競・サイクル,楽天Kドリームス 並び予想
3520240915020009,2024-09-16,平塚競輪,F2,A1/A2,9,Ａ級特一般,18:57,18:52,7,https://keirin.kdreams.jp/hiratsuka/racedetail/3520240915020009/?pageType=odds,2026-10-05T01:50:45.304756+00:00,5-2-6-3-1/4-7,published,小田競・サイクル,楽天Kドリームス 並び予想
3520240915020010,2024-09-16,平塚競輪,F2,A1/A2,10,Ａ級準決勝,19:27,19:22,7,https://keirin.kdreams.jp/hiratsuka/racedetail/3520240915020010/?pageType=odds,2026-10-05T01:50:47.210484+00:00,4-1/6-2/7/3-5,published,小田競・サイクル,楽天Kドリームス 並び予想
3520240915020011,2024-09-16,平塚競輪,F2,A1/A2,11,Ａ級準決勝,19:58,19:53,7,https://keirin.kdreams.jp/hiratsuka/racedetail/3520240915020011/?pageType=odds,2026-10-05T01:50:49.066476+00:00,5-1/7-3/4-2-6,published,小田競・サイクル,楽天Kドリームス 並び予想
3520240915020012,2024-09-16,平塚競輪,F2,A1/A2,12,Ａ級準決勝,20:30,20:25,7,https://keirin.kdreams.jp/hiratsuka/racedetail/3520240915020012/?pageType=odds,2026-10-05T01:50:50.881753+00:00,1-5-4/7-2/3-6,published,小田競・サイクル,楽天Kドリームス 並び予想
2720240917010001,2024-09-17,京王閣競輪,F1,A1/A2,1,Ａ級予選,15:47,15:42,7,https://keirin.kdreams.jp/keiokaku/racedetail/2720240917010001/?pageType=odds,2026-10-05T01:51:40.305040+00:00,1-4/2-7/5-3-6,published,アオケイ,楽天Kドリームス 並び予想
2720240917010002,2024-09-17,京王閣競輪,F1,A1/A2,2,Ａ級予選,16:09,16:04,7,https://keirin.kdreams.jp/keiokaku/racedetail/2720240917010002/?pageType=odds,2026-10-05T01:51:42.072873+00:00,5-1/2-7/3-6/4,published,アオケイ,楽天Kドリームス 並び予想
2720240917010003,2024-09-17,京王閣競輪,F1,A1/A2,3,Ａ級予選,16:31,16:26,7,https://keirin.kdreams.jp/keiokaku/racedetail/2720240917010003/?pageType=odds,2026-10-05T01:51:43.786205+00:00,7-2-4/5-1/6-3,published,アオケイ,楽天Kドリームス 並び予想
2720240917010004,2024-09-17,京王閣競輪,F1,A1/A2,4,Ａ級予選,16:56,16:51,7,https://keirin.kdreams.jp/keiokaku/racedetail/2720240917010004/?pageType=odds,2026-10-05T01:51:45.550664+00:00,3-5-6/1-4/7-2,published,アオケイ,楽天Kドリームス 並び予想
2720240917010005,2024-09-17,京王閣競輪,F1,A1/A2,5,Ａ級初日特選,17:20,17:15,7,https://keirin.kdreams.jp/keiokaku/racedetail/2720240917010005/?pageType=odds,2026-10-05T01:51:47.319761+00:00,7-4-1/2-5/6-3,published,アオケイ,楽天Kドリームス 並び予想
3720240915030001,2024-09-17,伊東競輪,F2,A1/A2,1,Ａ級一般,20:50,20:45,7,https://keirin.kdreams.jp/ito/racedetail/3720240915030001/?pageType=odds,2026-10-05T01:51:27.335033+00:00,1-4/7-2/5-3-6,published,ひかり・小田競,楽天Kドリームス 並び予想
3720240915030002,2024-09-17,伊東競輪,F2,A1/A2,2,Ａ級一般,21:14,21:09,7,https://keirin.kdreams.jp/ito/racedetail/3720240915030002/?pageType=odds,2026-10-05T01:51:29.103443+00:00,3-2-1-4-5/6/7,published,ひかり・小田競,楽天Kドリームス 並び予想
3720240915030003,2024-09-17,伊東競輪,F2,A1/A2,3,Ａ級一般,21:38,21:33,7,https://keirin.kdreams.jp/ito/racedetail/3720240915030003/?pageType=odds,2026-10-05T01:51:30.923694+00:00,6-1-7/2-3-4/5,published,ひかり・小田競,楽天Kドリームス 並び予想
3720240915030004,2024-09-17,伊東競輪,F2,A1/A2,4,Ａ級特選,22:02,21:57,7,https://keirin.kdreams.jp/ito/racedetail/3720240915030004/?pageType=odds,2026-10-05T01:51:32.693872+00:00,6-1/2-3/5-4-7,published,ひかり・小田競,楽天Kドリームス 並び予想
3720240915030005,2024-09-17,伊東競輪,F2,A1/A2,5,Ａ級特選,22:26,22:21,7,https://keirin.kdreams.jp/ito/racedetail/3720240915030005/?pageType=odds,2026-10-05T01:51:34.727400+00:00,4-1-7/2-5/6-3,published,ひかり・小田競,楽天Kドリームス 並び予想
3720240915030006,2024-09-17,伊東競輪,F2,A1/A2,6,Ａ級特選,22:52,22:47,7,https://keirin.kdreams.jp/ito/racedetail/3720240915030006/?pageType=odds,2026-10-05T01:51:36.473137+00:00,1-2-3-5/7-6-4,published,ひかり・小田競,楽天Kドリームス 並び予想
3720240915030007,2024-09-17,伊東競輪,F2,A1/A2,7,Ａ級決勝,23:18,23:13,7,https://keirin.kdreams.jp/ito/racedetail/3720240915030007/?pageType=odds,2026-10-05T01:51:38.681120+00:00,1-6/4-2-5/7-3,published,ひかり・小田競,楽天Kドリームス 並び予想
4620240917010001,2024-09-17,富山競輪,F1,A1/A2,1,Ａ級予選,10:40,10:35,7,https://keirin.kdreams.jp/toyama/racedetail/4620240917010001/?pageType=odds,2026-10-05T01:53:12.853747+00:00,2/1/5-6/7-3/4,published,中部競輪,楽天Kドリームス 並び予想
4620240917010002,2024-09-17,富山競輪,F1,A1/A2,2,Ａ級予選,11:08,11:03,7,https://keirin.kdreams.jp/toyama/racedetail/4620240917010002/?pageType=odds,2026-10-05T01:53:14.456861+00:00,1-7-4/3/5-2-6,published,中部競輪,楽天Kドリームス 並び予想
4620240917010003,2024-09-17,富山競輪,F1,A1/A2,3,Ａ級予選,11:36,11:31,7,https://keirin.kdreams.jp/toyama/racedetail/4620240917010003/?pageType=odds,2026-10-05T01:53:16.440310+00:00,5-1-7/2-4/3-6,published,中部競輪,楽天Kドリームス 並び予想
4620240917010004,2024-09-17,富山競輪,F1,A1/A2,4,Ａ級予選,12:06,12:01,7,https://keirin.kdreams.jp/toyama/racedetail/4620240917010004/?pageType=odds,2026-10-05T01:53:18.203450+00:00,4-1-6/7-3-2/5,published,中部競輪,楽天Kドリームス 並び予想
4620240917010005,2024-09-17,富山競輪,F1,A1/A2,5,Ａ級初日特選,12:36,12:31,7,https://keirin.kdreams.jp/toyama/racedetail/4620240917010005/?pageType=odds,2026-10-05T01:53:19.992433+00:00,4-2/5-3/6-7/1,published,中部競輪,楽天Kドリームス 並び予想
3520240915030006,2024-09-17,平塚競輪,F2,A1/A2,6,Ａ級特一般,17:39,17:34,6,https://keirin.kdreams.jp/hiratsuka/racedetail/3520240915030006/?pageType=odds,2026-10-05T01:50:52.610658+00:00,4-1-3/2-6-5,published,小田競・サイクル,楽天Kドリームス 並び予想
3520240915030007,2024-09-17,平塚競輪,F2,A1/A2,7,Ａ級特一般,18:05,18:00,7,https://keirin.kdreams.jp/hiratsuka/racedetail/3520240915030007/?pageType=odds,2026-10-05T01:50:54.501723+00:00,4-6-1/2-7/3-5,published,小田競・サイクル,楽天Kドリームス 並び予想
3520240915030008,2024-09-17,平塚競輪,F2,A1/A2,8,Ａ級特選,18:33,18:28,7,https://keirin.kdreams.jp/hiratsuka/racedetail/3520240915030008/?pageType=odds,2026-10-05T01:50:56.378543+00:00,2-7-4/1-3/5-6,published,小田競・サイクル,楽天Kドリームス 並び予想
3520240915030009,2024-09-17,平塚競輪,F2,A1/A2,9,Ａ級特選,19:01,18:56,7,https://keirin.kdreams.jp/hiratsuka/racedetail/3520240915030009/?pageType=odds,2026-10-05T01:50:58.193628+00:00,4-1-7/2/6-3-5,published,小田競・サイクル,楽天Kドリームス 並び予想
3520240915030012,2024-09-17,平塚競輪,F2,A1/A2,12,Ａ級決勝,20:35,20:30,7,https://keirin.kdreams.jp/hiratsuka/racedetail/3520240915030012/?pageType=odds,2026-10-05T01:51:00.105823+00:00,1-4/2-5/7-3/6,published,小田競・サイクル,楽天Kドリームス 並び予想
4720240917010006,2024-09-17,松阪競輪,F2,A1/A2,6,Ａ級予選,10:30,10:25,7,https://keirin.kdreams.jp/matsusaka/racedetail/4720240917010006/?pageType=odds,2026-10-05T01:52:34.810227+00:00,1-7/2-5-6/4-3,published,中部競輪,楽天Kドリームス 並び予想
4720240917010007,2024-09-17,松阪競輪,F2,A1/A2,7,Ａ級予選,10:50,10:45,7,https://keirin.kdreams.jp/matsusaka/racedetail/4720240917010007/?pageType=odds,2026-10-05T01:52:36.529332+00:00,1-5-6/2/3-7-4,published,中部競輪,楽天Kドリームス 並び予想
4720240917010008,2024-09-17,松阪競輪,F2,A1/A2,8,Ａ級予選,11:17,11:12,7,https://keirin.kdreams.jp/matsusaka/racedetail/4720240917010008/?pageType=odds,2026-10-05T01:52:38.185589+00:00,1-3-5/4-2-7/6,published,中部競輪,楽天Kドリームス 並び予想
4720240917010009,2024-09-17,松阪競輪,F2,A1/A2,9,Ａ級予選,11:44,11:39,7,https://keirin.kdreams.jp/matsusaka/racedetail/4720240917010009/?pageType=odds,2026-10-05T01:52:40.045651+00:00,1-6/5-2/3-4-7,published,中部競輪,楽天Kドリームス 並び予想
4720240917010010,2024-09-17,松阪競輪,F2,A1/A2,10,Ａ級予選,12:11,12:06,7,https://keirin.kdreams.jp/matsusaka/racedetail/4720240917010010/?pageType=odds,2026-10-05T01:52:41.623738+00:00,1-5-7/2-6/3-4,published,中部競輪,楽天Kドリームス 並び予想
4720240917010011,2024-09-17,松阪競輪,F2,A1/A2,11,Ａ級予選,12:38,12:33,7,https://keirin.kdreams.jp/matsusaka/racedetail/4720240917010011/?pageType=odds,2026-10-05T01:52:43.372533+00:00,7-1-4/3/5-2-6,published,中部競輪,楽天Kドリームス 並び予想
4720240917010012,2024-09-17,松阪競輪,F2,A1/A2,12,Ａ級初日特選,13:05,13:00,7,https://keirin.kdreams.jp/matsusaka/racedetail/4720240917010012/?pageType=odds,2026-10-05T01:52:45.146141+00:00,5-2-6/1/7-3/4,published,中部競輪,楽天Kドリームス 並び予想
7420240917010001,2024-09-17,高知競輪,F1,A1/A2,1,Ａ級予選,10:53,10:48,7,https://keirin.kdreams.jp/kochi/racedetail/7420240917010001/?pageType=odds,2026-10-05T01:52:07.401297+00:00,4-1/2-7/3-5/6,published,福ちゃん出版社,楽天Kドリームス 並び予想
7420240917010002,2024-09-17,高知競輪,F1,A1/A2,2,Ａ級予選,11:21,11:16,7,https://keirin.kdreams.jp/kochi/racedetail/7420240917010002/?pageType=odds,2026-10-05T01:52:09.579673+00:00,5-1/2-6/4-7-3,published,福ちゃん出版社,楽天Kドリームス 並び予想
7420240917010003,2024-09-17,高知競輪,F1,A1/A2,3,Ａ級予選,11:50,11:45,7,https://keirin.kdreams.jp/kochi/racedetail/7420240917010003/?pageType=odds,2026-10-05T01:52:11.382230+00:00,4-1/2-6/7-3-5,published,福ちゃん出版社,楽天Kドリームス 並び予想
7420240917010004,2024-09-17,高知競輪,F1,A1/A2,4,Ａ級予選,12:19,12:14,7,https://keirin.kdreams.jp/kochi/racedetail/7420240917010004/?pageType=odds,2026-10-05T01:52:13.083211+00:00,1-4-6-3/7-2-5,published,福ちゃん出版社,楽天Kドリームス 並び予想
7420240917010005,2024-09-17,高知競輪,F1,A1/A2,5,Ａ級初日特選,12:49,12:44,7,https://keirin.kdreams.jp/kochi/racedetail/7420240917010005/?pageType=odds,2026-10-05T01:52:14.732614+00:00,5-1/7-2-4/6-3,published,福ちゃん出版社,楽天Kドリームス 並び予想
2720240917020001,2024-09-18,京王閣競輪,F1,A1/A2,1,Ａ級一般,15:47,15:42,5,https://keirin.kdreams.jp/keiokaku/racedetail/2720240917020001/?pageType=odds,2026-10-05T01:51:48.802563+00:00,1-3-5/4-2,published,アオケイ,楽天Kドリームス 並び予想
2720240917020002,2024-09-18,京王閣競輪,F1,A1/A2,2,Ａ級一般,16:09,16:04,6,https://keirin.kdreams.jp/keiokaku/racedetail/2720240917020002/?pageType=odds,2026-10-05T01:51:50.721977+00:00,1-3-5/4-2/6,published,アオケイ,楽天Kドリームス 並び予想
2720240917020003,2024-09-18,京王閣競輪,F1,A1/A2,3,Ａ級準決勝,16:31,16:26,7,https://keirin.kdreams.jp/keiokaku/racedetail/2720240917020003/?pageType=odds,2026-10-05T01:51:52.601586+00:00,1-4/7-2-6/5-3,published,アオケイ,楽天Kドリームス 並び予想
2720240917020004,2024-09-18,京王閣競輪,F1,A1/A2,4,Ａ級準決勝,16:56,16:51,7,https://keirin.kdreams.jp/keiokaku/racedetail/2720240917020004/?pageType=odds,2026-10-05T01:51:54.418599+00:00,6-2/3-5-4-1-7,published,アオケイ,楽天Kドリームス 並び予想
2720240917020005,2024-09-18,京王閣競輪,F1,A1/A2,5,Ａ級準決勝,17:20,17:15,7,https://keirin.kdreams.jp/keiokaku/racedetail/2720240917020005/?pageType=odds,2026-10-05T01:51:56.115686+00:00,1-4-6/2-5/7-3,published,アオケイ,楽天Kドリームス 並び予想
1120240918010005,2024-09-18,函館競輪,F2,A1/A2,5,Ａ級特予選,22:00,21:55,7,https://keirin.kdreams.jp/hakodate/racedetail/1120240918010005/?pageType=odds,2026-10-05T01:54:04.679802+00:00,1-2/3-5-7/4-6,published,北競,楽天Kドリームス 並び予想
1120240918010006,2024-09-18,函館競輪,F2,A1/A2,6,Ａ級特予選,22:20,22:15,7,https://keirin.kdreams.jp/hakodate/racedetail/1120240918010006/?pageType=odds,2026-10-05T01:54:06.436091+00:00,1-3-6/2-4-5/7,published,北競,楽天Kドリームス 並び予想
1120240918010007,2024-09-18,函館競輪,F2,A1/A2,7,Ａ級特予選,22:40,22:35,7,https://keirin.kdreams.jp/hakodate/racedetail/1120240918010007/?pageType=odds,2026-10-05T01:54:08.107870+00:00,1-3-6/2-4/5-7,published,北競,楽天Kドリームス 並び予想
1120240918010008,2024-09-18,函館競輪,F2,A1/A2,8,Ａ級特予選,23:00,22:55,7,https://keirin.kdreams.jp/hakodate/racedetail/1120240918010008/?pageType=odds,2026-10-05T01:54:09.969294+00:00,1-4/2-7/3-5-6,published,北競,楽天Kドリームス 並び予想
1120240918010009,2024-09-18,函館競輪,F2,A1/A2,9,Ａ級初日特選,23:20,23:15,7,https://keirin.kdreams.jp/hakodate/racedetail/1120240918010009/?pageType=odds,2026-10-05T01:54:11.662326+00:00,2-1/3/4-5-6/7,published,北競,楽天Kドリームス 並び予想
2520240918010003,2024-09-18,大宮競輪,F2,A1/A2,3,Ａ級特予選,09:10,09:05,7,https://keirin.kdreams.jp/omiya/racedetail/2520240918010003/?pageType=odds,2026-10-05T01:55:08.960050+00:00,1-5/2/6/7-3-4,published,アオケイ,楽天Kドリームス 並び予想
2520240918010004,2024-09-18,大宮競輪,F2,A1/A2,4,Ａ級特予選,09:30,09:25,7,https://keirin.kdreams.jp/omiya/racedetail/2520240918010004/?pageType=odds,2026-10-05T01:55:10.611353+00:00,6-4-1/7-3-2-5,published,アオケイ,楽天Kドリームス 並び予想
2520240918010005,2024-09-18,大宮競輪,F2,A1/A2,5,Ａ級特予選,09:50,09:45,7,https://keirin.kdreams.jp/omiya/racedetail/2520240918010005/?pageType=odds,2026-10-05T01:55:12.313184+00:00,6-1/3/4/2-7-5,published,アオケイ,楽天Kドリームス 並び予想
2520240918010006,2024-09-18,大宮競輪,F2,A1/A2,6,Ａ級特予選,10:10,10:05,7,https://keirin.kdreams.jp/omiya/racedetail/2520240918010006/?pageType=odds,2026-10-05T01:55:14.311983+00:00,1-4-7/6-2/3-5,published,アオケイ,楽天Kドリームス 並び予想
2520240918010007,2024-09-18,大宮競輪,F2,A1/A2,7,Ａ級初日特選,10:30,10:25,7,https://keirin.kdreams.jp/omiya/racedetail/2520240918010007/?pageType=odds,2026-10-05T01:55:15.968017+00:00,1-5/2-6-4/3-7,published,アオケイ,楽天Kドリームス 並び予想
4620240917020001,2024-09-18,富山競輪,F1,A1/A2,1,Ａ級一般,10:40,10:35,6,https://keirin.kdreams.jp/toyama/racedetail/4620240917020001/?pageType=odds,2026-10-05T01:53:21.640293+00:00,1-4/6-2/5-3,published,中部競輪,楽天Kドリームス 並び予想
4620240917020002,2024-09-18,富山競輪,F1,A1/A2,2,Ａ級一般,11:08,11:03,7,https://keirin.kdreams.jp/toyama/racedetail/4620240917020002/?pageType=odds,2026-10-05T01:53:23.388238+00:00,5-1-4/7-3/6-2,published,中部競輪,楽天Kドリームス 並び予想
4620240917020003,2024-09-18,富山競輪,F1,A1/A2,3,Ａ級準決勝,11:36,11:31,7,https://keirin.kdreams.jp/toyama/racedetail/4620240917020003/?pageType=odds,2026-10-05T01:53:25.225424+00:00,5-1-6/7-2/3-4,published,中部競輪,楽天Kドリームス 並び予想
4620240917020004,2024-09-18,富山競輪,F1,A1/A2,4,Ａ級準決勝,12:06,12:01,7,https://keirin.kdreams.jp/toyama/racedetail/4620240917020004/?pageType=odds,2026-10-05T01:53:26.994135+00:00,1-7/4-2-6/3-5,published,中部競輪,楽天Kドリームス 並び予想
4620240917020005,2024-09-18,富山競輪,F1,A1/A2,5,Ａ級準決勝,12:36,12:31,7,https://keirin.kdreams.jp/toyama/racedetail/4620240917020005/?pageType=odds,2026-10-05T01:53:28.636332+00:00,1-7-4/2-5/6-3,published,中部競輪,楽天Kドリームス 並び予想
3120240918010003,2024-09-18,松戸競輪,F2,A1/A2,3,Ａ級予選,21:30,21:25,7,https://keirin.kdreams.jp/matsudo/racedetail/3120240918010003/?pageType=odds,2026-10-05T01:54:30.948081+00:00,3-1/2-4-5/6-7,published,アオケイ,楽天Kドリームス 並び予想
3120240918010004,2024-09-18,松戸競輪,F2,A1/A2,4,Ａ級予選,21:50,21:45,7,https://keirin.kdreams.jp/matsudo/racedetail/3120240918010004/?pageType=odds,2026-10-05T01:54:32.718789+00:00,3-1-4/2-6/5-7,published,アオケイ,楽天Kドリームス 並び予想
3120240918010005,2024-09-18,松戸競輪,F2,A1/A2,5,Ａ級予選,22:10,22:05,7,https://keirin.kdreams.jp/matsudo/racedetail/3120240918010005/?pageType=odds,2026-10-05T01:54:34.889153+00:00,1-2/5-3/4-6-7,published,アオケイ,楽天Kドリームス 並び予想
3120240918010006,2024-09-18,松戸競輪,F2,A1/A2,6,Ａ級予選,22:30,22:25,7,https://keirin.kdreams.jp/matsudo/racedetail/3120240918010006/?pageType=odds,2026-10-05T01:54:36.615728+00:00,1-4-6/7/3-2/5,published,アオケイ,楽天Kドリームス 並び予想
3120240918010007,2024-09-18,松戸競輪,F2,A1/A2,7,Ａ級予選,22:50,22:45,7,https://keirin.kdreams.jp/matsudo/racedetail/3120240918010007/?pageType=odds,2026-10-05T01:54:38.437640+00:00,1-2/3-5-6/7-4,published,アオケイ,楽天Kドリームス 並び予想
3120240918010008,2024-09-18,松戸競輪,F2,A1/A2,8,Ａ級予選,23:10,23:05,7,https://keirin.kdreams.jp/matsudo/racedetail/3120240918010008/?pageType=odds,2026-10-05T01:54:40.161870+00:00,1-2-7/3-4/5-6,published,アオケイ,楽天Kドリームス 並び予想
3120240918010009,2024-09-18,松戸競輪,F2,A1/A2,9,Ａ級初日特選,23:30,23:25,7,https://keirin.kdreams.jp/matsudo/racedetail/3120240918010009/?pageType=odds,2026-10-05T01:54:41.943039+00:00,6-2/5-1/4-7-3,published,アオケイ,楽天Kドリームス 並び予想
4720240917020006,2024-09-18,松阪競輪,F2,A1/A2,6,Ａ級一般,10:30,10:25,6,https://keirin.kdreams.jp/matsusaka/racedetail/4720240917020006/?pageType=odds,2026-10-05T01:52:46.866851+00:00,6-1-4/2-5-3,published,中部競輪,楽天Kドリームス 並び予想
4720240917020007,2024-09-18,松阪競輪,F2,A1/A2,7,Ａ級一般,10:50,10:45,7,https://keirin.kdreams.jp/matsusaka/racedetail/4720240917020007/?pageType=odds,2026-10-05T01:52:48.726780+00:00,7-1-4/2-5/3-6,published,中部競輪,楽天Kドリームス 並び予想
4720240917020008,2024-09-18,松阪競輪,F2,A1/A2,8,Ａ級選抜,11:17,11:12,7,https://keirin.kdreams.jp/matsusaka/racedetail/4720240917020008/?pageType=odds,2026-10-05T01:52:50.466923+00:00,1-7/2-4-6/5-3,published,中部競輪,楽天Kドリームス 並び予想
4720240917020009,2024-09-18,松阪競輪,F2,A1/A2,9,Ａ級選抜,11:44,11:39,7,https://keirin.kdreams.jp/matsusaka/racedetail/4720240917020009/?pageType=odds,2026-10-05T01:52:52.351891+00:00,1-5/7-2-4/3/6,published,中部競輪,楽天Kドリームス 並び予想
4720240917020010,2024-09-18,松阪競輪,F2,A1/A2,10,Ａ級準決勝,12:11,12:06,7,https://keirin.kdreams.jp/matsusaka/racedetail/4720240917020010/?pageType=odds,2026-10-05T01:52:54.460954+00:00,1-7/4-2/6-3-5,published,中部競輪,楽天Kドリームス 並び予想
4720240917020011,2024-09-18,松阪競輪,F2,A1/A2,11,Ａ級準決勝,12:38,12:33,7,https://keirin.kdreams.jp/matsusaka/racedetail/4720240917020011/?pageType=odds,2026-10-05T01:52:56.236005+00:00,1-4/2-5-6/3-7,published,中部競輪,楽天Kドリームス 並び予想
4720240917020012,2024-09-18,松阪競輪,F2,A1/A2,12,Ａ級準決勝,13:05,13:00,7,https://keirin.kdreams.jp/matsusaka/racedetail/4720240917020012/?pageType=odds,2026-10-05T01:52:58.137456+00:00,2-6/1-5/4-3-7,published,中部競輪,楽天Kドリームス 並び予想
5120240918010001,2024-09-18,福井競輪,F1,A1/A2,1,Ａ級予選,10:34,10:29,7,https://keirin.kdreams.jp/fukui/racedetail/5120240918010001/?pageType=odds,2026-10-05T01:53:39.693269+00:00,1-5-3-7/4-2-6,published,福井中部,楽天Kドリームス 並び予想
5120240918010002,2024-09-18,福井競輪,F1,A1/A2,2,Ａ級予選,11:02,10:57,7,https://keirin.kdreams.jp/fukui/racedetail/5120240918010002/?pageType=odds,2026-10-05T01:53:41.452064+00:00,1-7/2-5/4-3-6,published,福井中部,楽天Kドリームス 並び予想
5120240918010003,2024-09-18,福井競輪,F1,A1/A2,3,Ａ級予選,11:30,11:25,7,https://keirin.kdreams.jp/fukui/racedetail/5120240918010003/?pageType=odds,2026-10-05T01:53:43.080574+00:00,7-1/4-2-6/3-5,published,福井中部,楽天Kドリームス 並び予想
5120240918010004,2024-09-18,福井競輪,F1,A1/A2,4,Ａ級予選,12:00,11:55,7,https://keirin.kdreams.jp/fukui/racedetail/5120240918010004/?pageType=odds,2026-10-05T01:53:45.048715+00:00,1-4-6/2-7/3-5,published,福井中部,楽天Kドリームス 並び予想
5120240918010005,2024-09-18,福井競輪,F1,A1/A2,5,Ａ級初日特選,12:30,12:25,7,https://keirin.kdreams.jp/fukui/racedetail/5120240918010005/?pageType=odds,2026-10-05T01:53:46.784886+00:00,1-7/5-2/3-6/4,published,福井中部,楽天Kドリームス 並び予想
7420240917020001,2024-09-18,高知競輪,F1,A1/A2,1,Ａ級一般,10:53,10:48,7,https://keirin.kdreams.jp/kochi/racedetail/7420240917020001/?pageType=odds,2026-10-05T01:52:16.461064+00:00,7-2/1-5/3-4-6,published,福ちゃん出版社,楽天Kドリームス 並び予想
7420240917020002,2024-09-18,高知競輪,F1,A1/A2,2,Ａ級一般,11:21,11:16,7,https://keirin.kdreams.jp/kochi/racedetail/7420240917020002/?pageType=odds,2026-10-05T01:52:18.230899+00:00,1-4-6/7-2/5-3,published,福ちゃん出版社,楽天Kドリームス 並び予想
7420240917020003,2024-09-18,高知競輪,F1,A1/A2,3,Ａ級準決勝,11:50,11:45,7,https://keirin.kdreams.jp/kochi/racedetail/7420240917020003/?pageType=odds,2026-10-05T01:52:20.351290+00:00,1-4/7-2-5/3-6,published,福ちゃん出版社,楽天Kドリームス 並び予想
7420240917020004,2024-09-18,高知競輪,F1,A1/A2,4,Ａ級準決勝,12:19,12:14,7,https://keirin.kdreams.jp/kochi/racedetail/7420240917020004/?pageType=odds,2026-10-05T01:52:22.009466+00:00,1-7/6-4-2/3-5,published,福ちゃん出版社,楽天Kドリームス 並び予想
7420240917020005,2024-09-18,高知競輪,F1,A1/A2,5,Ａ級準決勝,12:49,12:44,7,https://keirin.kdreams.jp/kochi/racedetail/7420240917020005/?pageType=odds,2026-10-05T01:52:23.705918+00:00,4-1-6/2-7/3-5,published,福ちゃん出版社,楽天Kドリームス 並び予想
2720240917030001,2024-09-19,京王閣競輪,F1,A1/A2,1,Ａ級一般,15:47,15:42,6,https://keirin.kdreams.jp/keiokaku/racedetail/2720240917030001/?pageType=odds,2026-10-05T01:51:57.852521+00:00,1-5/2-6/4-3,published,アオケイ,楽天Kドリームス 並び予想
2720240917030002,2024-09-19,京王閣競輪,F1,A1/A2,2,Ａ級一般,16:09,16:04,6,https://keirin.kdreams.jp/keiokaku/racedetail/2720240917030002/?pageType=odds,2026-10-05T01:51:59.662326+00:00,3-5-1/4-2/6,published,アオケイ,楽天Kドリームス 並び予想
2720240917030003,2024-09-19,京王閣競輪,F1,A1/A2,3,Ａ級特選,16:31,16:26,7,https://keirin.kdreams.jp/keiokaku/racedetail/2720240917030003/?pageType=odds,2026-10-05T01:52:01.607538+00:00,1-5-6-4/3/7-2,published,アオケイ,楽天Kドリームス 並び予想
2720240917030004,2024-09-19,京王閣競輪,F1,A1/A2,4,Ａ級特選,16:56,16:51,7,https://keirin.kdreams.jp/keiokaku/racedetail/2720240917030004/?pageType=odds,2026-10-05T01:52:03.641342+00:00,6-1/7-2-4/3-5,published,アオケイ,楽天Kドリームス 並び予想
2720240917030011,2024-09-19,京王閣競輪,F1,A1/A2,11,Ａ級決勝,19:58,19:53,7,https://keirin.kdreams.jp/keiokaku/racedetail/2720240917030011/?pageType=odds,2026-10-05T01:52:05.575505+00:00,5-1-7/2-4/3-6,published,アオケイ,楽天Kドリームス 並び予想
1120240918020005,2024-09-19,函館競輪,F2,A1/A2,5,Ａ級特一般,22:00,21:55,7,https://keirin.kdreams.jp/hakodate/racedetail/1120240918020005/?pageType=odds,2026-10-05T01:54:13.392923+00:00,1-4-6/2-7/3-5,published,北競,楽天Kドリームス 並び予想
1120240918020006,2024-09-19,函館競輪,F2,A1/A2,6,Ａ級特一般,22:20,22:15,7,https://keirin.kdreams.jp/hakodate/racedetail/1120240918020006/?pageType=odds,2026-10-05T01:54:14.982541+00:00,1-2-4-6/3/5/7,published,北競,楽天Kドリームス 並び予想
1120240918020007,2024-09-19,函館競輪,F2,A1/A2,7,Ａ級準決勝,22:40,22:35,7,https://keirin.kdreams.jp/hakodate/racedetail/1120240918020007/?pageType=odds,2026-10-05T01:54:16.674156+00:00,2-3/1-5-6/4-7,published,北競,楽天Kドリームス 並び予想
1120240918020008,2024-09-19,函館競輪,F2,A1/A2,8,Ａ級準決勝,23:00,22:55,7,https://keirin.kdreams.jp/hakodate/racedetail/1120240918020008/?pageType=odds,2026-10-05T01:54:18.369986+00:00,3-1/4/2-6/7-5,published,北競,楽天Kドリームス 並び予想
1120240918020009,2024-09-19,函館競輪,F2,A1/A2,9,Ａ級準決勝,23:20,23:15,7,https://keirin.kdreams.jp/hakodate/racedetail/1120240918020009/?pageType=odds,2026-10-05T01:54:20.259548+00:00,2-1-6/3-4/5-7,published,北競,楽天Kドリームス 並び予想
2520240918020003,2024-09-19,大宮競輪,F2,A1/A2,3,Ａ級特一般,09:20,09:15,7,https://keirin.kdreams.jp/omiya/racedetail/2520240918020003/?pageType=odds,2026-10-05T01:55:17.894436+00:00,1-4-6/7-2/5-3,published,アオケイ,楽天Kドリームス 並び予想
2520240918020004,2024-09-19,大宮競輪,F2,A1/A2,4,Ａ級特一般,09:40,09:35,7,https://keirin.kdreams.jp/omiya/racedetail/2520240918020004/?pageType=odds,2026-10-05T01:55:19.675532+00:00,1/2-4-6/3-7-5,published,アオケイ,楽天Kドリームス 並び予想
2520240918020005,2024-09-19,大宮競輪,F2,A1/A2,5,Ａ級準決勝,10:00,09:55,7,https://keirin.kdreams.jp/omiya/racedetail/2520240918020005/?pageType=odds,2026-10-05T01:55:21.517187+00:00,6-1/2-5/7-4-3,published,アオケイ,楽天Kドリームス 並び予想
2520240918020006,2024-09-19,大宮競輪,F2,A1/A2,6,Ａ級準決勝,10:20,10:15,7,https://keirin.kdreams.jp/omiya/racedetail/2520240918020006/?pageType=odds,2026-10-05T01:55:23.133935+00:00,1-7/5-2/4-3-6,published,アオケイ,楽天Kドリームス 並び予想
2520240918020007,2024-09-19,大宮競輪,F2,A1/A2,7,Ａ級準決勝,10:40,10:35,7,https://keirin.kdreams.jp/omiya/racedetail/2520240918020007/?pageType=odds,2026-10-05T01:55:25.057497+00:00,5-1/2-4/7-3-6,published,アオケイ,楽天Kドリームス 並び予想
4620240917030001,2024-09-19,富山競輪,F1,A1/A2,1,Ａ級一般,10:40,10:35,6,https://keirin.kdreams.jp/toyama/racedetail/4620240917030001/?pageType=odds,2026-10-05T01:53:30.284712+00:00,4-1-3/6-2-5,published,中部競輪,楽天Kドリームス 並び予想
4620240917030002,2024-09-19,富山競輪,F1,A1/A2,2,Ａ級一般,11:08,11:03,7,https://keirin.kdreams.jp/toyama/racedetail/4620240917030002/?pageType=odds,2026-10-05T01:53:32.425782+00:00,6-1/2-5-4/3-7,published,中部競輪,楽天Kドリームス 並び予想
4620240917030003,2024-09-19,富山競輪,F1,A1/A2,3,Ａ級特選,11:36,11:31,7,https://keirin.kdreams.jp/toyama/racedetail/4620240917030003/?pageType=odds,2026-10-05T01:53:34.203342+00:00,5-1-6/7-2-4/3,published,中部競輪,楽天Kドリームス 並び予想
4620240917030004,2024-09-19,富山競輪,F1,A1/A2,4,Ａ級特選,12:06,12:01,7,https://keirin.kdreams.jp/toyama/racedetail/4620240917030004/?pageType=odds,2026-10-05T01:53:36.002036+00:00,5-1-7/2/6-3/4,published,中部競輪,楽天Kドリームス 並び予想
4620240917030011,2024-09-19,富山競輪,F1,A1/A2,11,Ａ級決勝,15:50,15:45,7,https://keirin.kdreams.jp/toyama/racedetail/4620240917030011/?pageType=odds,2026-10-05T01:53:37.822843+00:00,7-5/1-4/2/3-6,published,中部競輪,楽天Kドリームス 並び予想
3120240918020003,2024-09-19,松戸競輪,F2,A1/A2,3,Ａ級一般,21:30,21:25,7,https://keirin.kdreams.jp/matsudo/racedetail/3120240918020003/?pageType=odds,2026-10-05T01:54:43.608899+00:00,2-1/7-3-4/5/6,published,アオケイ,楽天Kドリームス 並び予想
3120240918020004,2024-09-19,松戸競輪,F2,A1/A2,4,Ａ級一般,21:50,21:45,7,https://keirin.kdreams.jp/matsudo/racedetail/3120240918020004/?pageType=odds,2026-10-05T01:54:45.683604+00:00,7/1-2-4/3-5/6,published,アオケイ,楽天Kドリームス 並び予想
3120240918020005,2024-09-19,松戸競輪,F2,A1/A2,5,Ａ級選抜,22:10,22:05,7,https://keirin.kdreams.jp/matsudo/racedetail/3120240918020005/?pageType=odds,2026-10-05T01:54:47.370410+00:00,1-2-3-7/5-4-6,published,アオケイ,楽天Kドリームス 並び予想
3120240918020006,2024-09-19,松戸競輪,F2,A1/A2,6,Ａ級選抜,22:30,22:25,7,https://keirin.kdreams.jp/matsudo/racedetail/3120240918020006/?pageType=odds,2026-10-05T01:54:49.340073+00:00,2-1-5-4/3-6/7,published,アオケイ,楽天Kドリームス 並び予想
3120240918020007,2024-09-19,松戸競輪,F2,A1/A2,7,Ａ級準決勝,22:50,22:45,7,https://keirin.kdreams.jp/matsudo/racedetail/3120240918020007/?pageType=odds,2026-10-05T01:54:51.128341+00:00,5-1/3-4/6-7-2,published,アオケイ,楽天Kドリームス 並び予想
3120240918020008,2024-09-19,松戸競輪,F2,A1/A2,8,Ａ級準決勝,23:10,23:05,7,https://keirin.kdreams.jp/matsudo/racedetail/3120240918020008/?pageType=odds,2026-10-05T01:54:52.894818+00:00,2-1-7/3-5/6-4,published,アオケイ,楽天Kドリームス 並び予想
3120240918020009,2024-09-19,松戸競輪,F2,A1/A2,9,Ａ級準決勝,23:30,23:25,7,https://keirin.kdreams.jp/matsudo/racedetail/3120240918020009/?pageType=odds,2026-10-05T01:54:54.898738+00:00,1-3/2-4-6/5-7,published,アオケイ,楽天Kドリームス 並び予想
4720240917030005,2024-09-19,松阪競輪,F2,A1/A2,5,Ａ級一般,10:10,10:05,7,https://keirin.kdreams.jp/matsusaka/racedetail/4720240917030005/?pageType=odds,2026-10-05T01:52:59.918076+00:00,2-7-5/1/3-6/4,published,中部競輪,楽天Kドリームス 並び予想
4720240917030006,2024-09-19,松阪競輪,F2,A1/A2,6,Ａ級一般,10:30,10:25,7,https://keirin.kdreams.jp/matsusaka/racedetail/4720240917030006/?pageType=odds,2026-10-05T01:53:01.531972+00:00,5-2/4-3-6/1-7,published,中部競輪,楽天Kドリームス 並び予想
4720240917030007,2024-09-19,松阪競輪,F2,A1/A2,7,Ａ級一般,10:50,10:45,7,https://keirin.kdreams.jp/matsusaka/racedetail/4720240917030007/?pageType=odds,2026-10-05T01:53:03.738611+00:00,1-4-7-3/5-2-6,published,中部競輪,楽天Kドリームス 並び予想
4720240917030008,2024-09-19,松阪競輪,F2,A1/A2,8,Ａ級特選,11:17,11:12,7,https://keirin.kdreams.jp/matsusaka/racedetail/4720240917030008/?pageType=odds,2026-10-05T01:53:05.597347+00:00,7-1/2-5-4/3-6,published,中部競輪,楽天Kドリームス 並び予想
4720240917030009,2024-09-19,松阪競輪,F2,A1/A2,9,Ａ級特選,11:44,11:39,7,https://keirin.kdreams.jp/matsusaka/racedetail/4720240917030009/?pageType=odds,2026-10-05T01:53:07.279399+00:00,4-1-6/7-2/3-5,published,中部競輪,楽天Kドリームス 並び予想
4720240917030010,2024-09-19,松阪競輪,F2,A1/A2,10,Ａ級特選,12:11,12:06,7,https://keirin.kdreams.jp/matsusaka/racedetail/4720240917030010/?pageType=odds,2026-10-05T01:53:09.075931+00:00,1-4-6/7-2-3-5,published,中部競輪,楽天Kドリームス 並び予想
4720240917030012,2024-09-19,松阪競輪,F2,A1/A2,12,Ａ級決勝,13:05,13:00,7,https://keirin.kdreams.jp/matsusaka/racedetail/4720240917030012/?pageType=odds,2026-10-05T01:53:10.951700+00:00,5-1-4/2-6/3-7,published,中部競輪,楽天Kドリームス 並び予想
5120240918020001,2024-09-19,福井競輪,F1,A1/A2,1,Ａ級一般,10:34,10:29,7,https://keirin.kdreams.jp/fukui/racedetail/5120240918020001/?pageType=odds,2026-10-05T01:53:47.904332+00:00,1-7-6/3/2-5/4,published,福井中部,楽天Kドリームス 並び予想
5120240918020002,2024-09-19,福井競輪,F1,A1/A2,2,Ａ級一般,11:02,10:57,7,https://keirin.kdreams.jp/fukui/racedetail/5120240918020002/?pageType=odds,2026-10-05T01:53:48.943559+00:00,7-1/3/5-2-4/6,published,福井中部,楽天Kドリームス 並び予想
5120240918020003,2024-09-19,福井競輪,F1,A1/A2,3,Ａ級準決勝,11:30,11:25,7,https://keirin.kdreams.jp/fukui/racedetail/5120240918020003/?pageType=odds,2026-10-05T01:53:50.487509+00:00,6-1/4-7-2/5-3,published,福井中部,楽天Kドリームス 並び予想
5120240918020004,2024-09-19,福井競輪,F1,A1/A2,4,Ａ級準決勝,12:00,11:55,7,https://keirin.kdreams.jp/fukui/racedetail/5120240918020004/?pageType=odds,2026-10-05T01:53:52.171912+00:00,4-1-5/7-2/6-3,published,福井中部,楽天Kドリームス 並び予想
5120240918020005,2024-09-19,福井競輪,F1,A1/A2,5,Ａ級準決勝,12:30,12:25,7,https://keirin.kdreams.jp/fukui/racedetail/5120240918020005/?pageType=odds,2026-10-05T01:53:53.950036+00:00,2-7-5/6-1/3-4,published,福井中部,楽天Kドリームス 並び予想
7420240917030001,2024-09-19,高知競輪,F1,A1/A2,1,Ａ級一般,10:53,10:48,7,https://keirin.kdreams.jp/kochi/racedetail/7420240917030001/?pageType=odds,2026-10-05T01:52:25.526899+00:00,5-2/1-7/4-3-6,published,福ちゃん出版社,楽天Kドリームス 並び予想
7420240917030002,2024-09-19,高知競輪,F1,A1/A2,2,Ａ級一般,11:21,11:16,7,https://keirin.kdreams.jp/kochi/racedetail/7420240917030002/?pageType=odds,2026-10-05T01:52:27.289191+00:00,5-1/2-6/7-4-3,published,福ちゃん出版社,楽天Kドリームス 並び予想
7420240917030003,2024-09-19,高知競輪,F1,A1/A2,3,Ａ級特選,11:50,11:45,7,https://keirin.kdreams.jp/kochi/racedetail/7420240917030003/?pageType=odds,2026-10-05T01:52:29.342859+00:00,6-1/2-4/5-7-3,published,福ちゃん出版社,楽天Kドリームス 並び予想
7420240917030004,2024-09-19,高知競輪,F1,A1/A2,4,Ａ級特選,12:19,12:14,7,https://keirin.kdreams.jp/kochi/racedetail/7420240917030004/?pageType=odds,2026-10-05T01:52:31.287480+00:00,5-1/2-3-7-4/6,published,福ちゃん出版社,楽天Kドリームス 並び予想
7420240917030011,2024-09-19,高知競輪,F1,A1/A2,11,Ａ級決勝,16:00,15:55,7,https://keirin.kdreams.jp/kochi/racedetail/7420240917030011/?pageType=odds,2026-10-05T01:52:32.927426+00:00,5-6-1/2/4-3/7,published,福ちゃん出版社,楽天Kドリームス 並び予想
8520240920010001,2024-09-20,佐世保競輪,F1,A1/A2,1,Ａ級予選,15:50,15:45,7,https://keirin.kdreams.jp/sasebo/racedetail/8520240920010001/?pageType=odds,2026-10-05T01:56:01.491179+00:00,4-1/7-2/5-3-6,published,百万弗,楽天Kドリームス 並び予想
8520240920010002,2024-09-20,佐世保競輪,F1,A1/A2,2,Ａ級予選,16:13,16:08,7,https://keirin.kdreams.jp/sasebo/racedetail/8520240920010002/?pageType=odds,2026-10-05T01:56:03.059763+00:00,4-3/5-1/7-2/6,published,百万弗,楽天Kドリームス 並び予想
8520240920010003,2024-09-20,佐世保競輪,F1,A1/A2,3,Ａ級予選,16:36,16:31,7,https://keirin.kdreams.jp/sasebo/racedetail/8520240920010003/?pageType=odds,2026-10-05T01:56:04.848600+00:00,1-4/7-2/3-5/6,published,百万弗,楽天Kドリームス 並び予想
8520240920010004,2024-09-20,佐世保競輪,F1,A1/A2,4,Ａ級予選,16:59,16:54,7,https://keirin.kdreams.jp/sasebo/racedetail/8520240920010004/?pageType=odds,2026-10-05T01:56:06.688812+00:00,7-4-1/6-2/5-3,published,百万弗,楽天Kドリームス 並び予想
8520240920010005,2024-09-20,佐世保競輪,F1,A1/A2,5,Ａ級初日特選,17:22,17:17,7,https://keirin.kdreams.jp/sasebo/racedetail/8520240920010005/?pageType=odds,2026-10-05T01:56:08.459038+00:00,5-1/4-2-6/7-3,published,百万弗,楽天Kドリームス 並び予想
1120240918030004,2024-09-20,函館競輪,F2,A1/A2,4,Ａ級特一般,21:40,21:35,7,https://keirin.kdreams.jp/hakodate/racedetail/1120240918030004/?pageType=odds,2026-10-05T01:54:22.154804+00:00,1-2-7/3-5/4-6,published,北競,楽天Kドリームス 並び予想
1120240918030005,2024-09-20,函館競輪,F2,A1/A2,5,Ａ級特一般,22:00,21:55,7,https://keirin.kdreams.jp/hakodate/racedetail/1120240918030005/?pageType=odds,2026-10-05T01:54:23.779939+00:00,1-6-2-7/3-5/4,published,北競,楽天Kドリームス 並び予想
1120240918030006,2024-09-20,函館競輪,F2,A1/A2,6,Ａ級特選,22:20,22:15,7,https://keirin.kdreams.jp/hakodate/racedetail/1120240918030006/?pageType=odds,2026-10-05T01:54:25.669702+00:00,1-2/3-6-7/4-5,published,北競,楽天Kドリームス 並び予想
1120240918030007,2024-09-20,函館競輪,F2,A1/A2,7,Ａ級特選,22:40,22:35,7,https://keirin.kdreams.jp/hakodate/racedetail/1120240918030007/?pageType=odds,2026-10-05T01:54:27.350923+00:00,2-1-5/3-6/4-7,published,北競,楽天Kドリームス 並び予想
1120240918030009,2024-09-20,函館競輪,F2,A1/A2,9,Ａ級決勝,23:20,23:15,7,https://keirin.kdreams.jp/hakodate/racedetail/1120240918030009/?pageType=odds,2026-10-05T01:54:29.293397+00:00,2-1/3-7/4-5/6,published,北競,楽天Kドリームス 並び予想
2520240918030002,2024-09-20,大宮競輪,F2,A1/A2,2,Ａ級特一般,08:50,08:45,7,https://keirin.kdreams.jp/omiya/racedetail/2520240918030002/?pageType=odds,2026-10-05T01:55:26.634335+00:00,4-1/2-5-7/6-3,published,アオケイ,楽天Kドリームス 並び予想
2520240918030003,2024-09-20,大宮競輪,F2,A1/A2,3,Ａ級特一般,09:10,09:05,7,https://keirin.kdreams.jp/omiya/racedetail/2520240918030003/?pageType=odds,2026-10-05T01:55:28.507942+00:00,1-7-5-3/4-2/6,published,アオケイ,楽天Kドリームス 並び予想
2520240918030004,2024-09-20,大宮競輪,F2,A1/A2,4,Ａ級特選,09:30,09:25,7,https://keirin.kdreams.jp/omiya/racedetail/2520240918030004/?pageType=odds,2026-10-05T01:55:30.345600+00:00,7-5-4-1/2/3/6,published,アオケイ,楽天Kドリームス 並び予想
2520240918030005,2024-09-20,大宮競輪,F2,A1/A2,5,Ａ級特選,09:50,09:45,7,https://keirin.kdreams.jp/omiya/racedetail/2520240918030005/?pageType=odds,2026-10-05T01:55:32.293390+00:00,1-5/4-7-3-2/6,published,アオケイ,楽天Kドリームス 並び予想
2520240918030007,2024-09-20,大宮競輪,F2,A1/A2,7,Ａ級決勝,10:30,10:25,7,https://keirin.kdreams.jp/omiya/racedetail/2520240918030007/?pageType=odds,2026-10-05T01:55:34.150076+00:00,7-1/2-5/6-4-3,published,アオケイ,楽天Kドリームス 並び予想
7520240920010008,2024-09-20,松山競輪,F2,A1/A2,8,Ａ級特予選,18:39,18:34,7,https://keirin.kdreams.jp/matsuyama/racedetail/7520240920010008/?pageType=odds,2026-10-05T01:55:35.714638+00:00,1-7/4-2-6/5-3,published,金星社,楽天Kドリームス 並び予想
7520240920010009,2024-09-20,松山競輪,F2,A1/A2,9,Ａ級特予選,19:03,18:58,7,https://keirin.kdreams.jp/matsuyama/racedetail/7520240920010009/?pageType=odds,2026-10-05T01:55:37.422291+00:00,1-4/7-2/3-5-6,published,金星社,楽天Kドリームス 並び予想
7520240920010010,2024-09-20,松山競輪,F2,A1/A2,10,Ａ級特予選,19:28,19:23,7,https://keirin.kdreams.jp/matsuyama/racedetail/7520240920010010/?pageType=odds,2026-10-05T01:55:39.072110+00:00,1-7-4/5-2/6-3,published,金星社,楽天Kドリームス 並び予想
7520240920010011,2024-09-20,松山競輪,F2,A1/A2,11,Ａ級特予選,19:55,19:50,7,https://keirin.kdreams.jp/matsuyama/racedetail/7520240920010011/?pageType=odds,2026-10-05T01:55:40.716327+00:00,1-5-6/2/7/3-4,published,金星社,楽天Kドリームス 並び予想
7520240920010012,2024-09-20,松山競輪,F2,A1/A2,12,Ａ級初日特選,20:25,20:20,7,https://keirin.kdreams.jp/matsuyama/racedetail/7520240920010012/?pageType=odds,2026-10-05T01:55:42.495268+00:00,1-4-7/2/3-6-5,published,金星社,楽天Kドリームス 並び予想
3120240918030002,2024-09-20,松戸競輪,F2,A1/A2,2,Ａ級一般,21:10,21:05,7,https://keirin.kdreams.jp/matsudo/racedetail/3120240918030002/?pageType=odds,2026-10-05T01:54:56.669149+00:00,1-3/6/4-2/5-7,published,アオケイ,楽天Kドリームス 並び予想
3120240918030003,2024-09-20,松戸競輪,F2,A1/A2,3,Ａ級一般,21:30,21:25,7,https://keirin.kdreams.jp/matsudo/racedetail/3120240918030003/?pageType=odds,2026-10-05T01:54:58.421038+00:00,3-1-4/7/2-5-6,published,アオケイ,楽天Kドリームス 並び予想
3120240918030004,2024-09-20,松戸競輪,F2,A1/A2,4,Ａ級一般,21:50,21:45,7,https://keirin.kdreams.jp/matsudo/racedetail/3120240918030004/?pageType=odds,2026-10-05T01:55:00.289213+00:00,3-1-4/5/7-2-6,published,アオケイ,楽天Kドリームス 並び予想
3120240918030005,2024-09-20,松戸競輪,F2,A1/A2,5,Ａ級特選,22:10,22:05,7,https://keirin.kdreams.jp/matsudo/racedetail/3120240918030005/?pageType=odds,2026-10-05T01:55:02.238954+00:00,3-1/4-2-6/5-7,published,アオケイ,楽天Kドリームス 並び予想
3120240918030006,2024-09-20,松戸競輪,F2,A1/A2,6,Ａ級特選,22:30,22:25,7,https://keirin.kdreams.jp/matsudo/racedetail/3120240918030006/?pageType=odds,2026-10-05T01:55:03.918235+00:00,1-6/2-3/5-4/7,published,アオケイ,楽天Kドリームス 並び予想
3120240918030007,2024-09-20,松戸競輪,F2,A1/A2,7,Ａ級特選,22:50,22:45,7,https://keirin.kdreams.jp/matsudo/racedetail/3120240918030007/?pageType=odds,2026-10-05T01:55:05.654704+00:00,1-4-7/2-3/5-6,published,アオケイ,楽天Kドリームス 並び予想
3120240918030009,2024-09-20,松戸競輪,F2,A1/A2,9,Ａ級決勝,23:30,23:25,7,https://keirin.kdreams.jp/matsudo/racedetail/3120240918030009/?pageType=odds,2026-10-05T01:55:07.218568+00:00,6-1/2-4/3/5-7,published,アオケイ,楽天Kドリームス 並び予想
5120240918030001,2024-09-20,福井競輪,F1,A1/A2,1,Ａ級一般,10:34,10:29,6,https://keirin.kdreams.jp/fukui/racedetail/5120240918030001/?pageType=odds,2026-10-05T01:53:55.581549+00:00,2-4-1/6-3/5,published,福井中部,楽天Kドリームス 並び予想
5120240918030002,2024-09-20,福井競輪,F1,A1/A2,2,Ａ級一般,11:02,10:57,7,https://keirin.kdreams.jp/fukui/racedetail/5120240918030002/?pageType=odds,2026-10-05T01:53:57.415317+00:00,4-1/3/5/7-2-6,published,福井中部,楽天Kドリームス 並び予想
5120240918030003,2024-09-20,福井競輪,F1,A1/A2,3,Ａ級特選,11:30,11:25,7,https://keirin.kdreams.jp/fukui/racedetail/5120240918030003/?pageType=odds,2026-10-05T01:53:59.508055+00:00,4-1/7-2/5/6-3,published,福井中部,楽天Kドリームス 並び予想
5120240918030004,2024-09-20,福井競輪,F1,A1/A2,4,Ａ級特選,12:00,11:55,7,https://keirin.kdreams.jp/fukui/racedetail/5120240918030004/?pageType=odds,2026-10-05T01:54:01.087800+00:00,1-7-4/6-2/5-3,published,福井中部,楽天Kドリームス 並び予想
5120240918030008,2024-09-20,福井競輪,F1,A1/A2,8,Ａ級決勝,14:04,13:59,7,https://keirin.kdreams.jp/fukui/racedetail/5120240918030008/?pageType=odds,2026-10-05T01:54:02.999915+00:00,7-3/4-1/2-5-6,published,福井中部,楽天Kドリームス 並び予想
8520240920020001,2024-09-21,佐世保競輪,F1,A1/A2,1,Ａ級一般,15:50,15:45,7,https://keirin.kdreams.jp/sasebo/racedetail/8520240920020001/?pageType=odds,2026-10-05T01:56:10.159956+00:00,7-1/4/2-5/3-6,published,百万弗,楽天Kドリームス 並び予想
8520240920020002,2024-09-21,佐世保競輪,F1,A1/A2,2,Ａ級一般,16:13,16:08,7,https://keirin.kdreams.jp/sasebo/racedetail/8520240920020002/?pageType=odds,2026-10-05T01:56:12.015564+00:00,1-5-4/2-7/6-3,published,百万弗,楽天Kドリームス 並び予想
8520240920020003,2024-09-21,佐世保競輪,F1,A1/A2,3,Ａ級準決勝,16:36,16:31,7,https://keirin.kdreams.jp/sasebo/racedetail/8520240920020003/?pageType=odds,2026-10-05T01:56:13.718224+00:00,7-1/2-5/6-3-4,published,百万弗,楽天Kドリームス 並び予想
8520240920020004,2024-09-21,佐世保競輪,F1,A1/A2,4,Ａ級準決勝,16:59,16:54,7,https://keirin.kdreams.jp/sasebo/racedetail/8520240920020004/?pageType=odds,2026-10-05T01:56:15.917046+00:00,4-1-6/2-5/3-7,published,百万弗,楽天Kドリームス 並び予想
8520240920020005,2024-09-21,佐世保競輪,F1,A1/A2,5,Ａ級準決勝,17:22,17:17,7,https://keirin.kdreams.jp/sasebo/racedetail/8520240920020005/?pageType=odds,2026-10-05T01:56:17.630100+00:00,5-1-7/2/4-3-6,published,百万弗,楽天Kドリームス 並び予想
2420240921010003,2024-09-21,宇都宮競輪,F2,A1/A2,3,Ａ級予選,21:20,21:15,7,https://keirin.kdreams.jp/utsunomiya/racedetail/2420240921010003/?pageType=odds,2026-10-05T01:57:31.404478+00:00,1-3/4/5/7-2-6,published,アオケイ,楽天Kドリームス 並び予想
2420240921010004,2024-09-21,宇都宮競輪,F2,A1/A2,4,Ａ級予選,21:40,21:35,7,https://keirin.kdreams.jp/utsunomiya/racedetail/2420240921010004/?pageType=odds,2026-10-05T01:57:33.185436+00:00,2-1-7-6/4-3-5,published,アオケイ,楽天Kドリームス 並び予想
2420240921010005,2024-09-21,宇都宮競輪,F2,A1/A2,5,Ａ級予選,22:00,21:55,7,https://keirin.kdreams.jp/utsunomiya/racedetail/2420240921010005/?pageType=odds,2026-10-05T01:57:34.935681+00:00,1-4-2-3/5-6-7,published,アオケイ,楽天Kドリームス 並び予想
2420240921010006,2024-09-21,宇都宮競輪,F2,A1/A2,6,Ａ級予選,22:20,22:15,7,https://keirin.kdreams.jp/utsunomiya/racedetail/2420240921010006/?pageType=odds,2026-10-05T01:57:36.712296+00:00,1-2-6-7/4-3-5,published,アオケイ,楽天Kドリームス 並び予想
2420240921010007,2024-09-21,宇都宮競輪,F2,A1/A2,7,Ａ級予選,22:40,22:35,7,https://keirin.kdreams.jp/utsunomiya/racedetail/2420240921010007/?pageType=odds,2026-10-05T01:57:38.265555+00:00,1-3-4-5/7-2-6,published,アオケイ,楽天Kドリームス 並び予想
2420240921010008,2024-09-21,宇都宮競輪,F2,A1/A2,8,Ａ級予選,23:00,22:55,7,https://keirin.kdreams.jp/utsunomiya/racedetail/2420240921010008/?pageType=odds,2026-10-05T01:57:40.312599+00:00,2-1-4/6/7-3-5,published,アオケイ,楽天Kドリームス 並び予想
2420240921010009,2024-09-21,宇都宮競輪,F2,A1/A2,9,Ａ級初日特選,23:20,23:15,7,https://keirin.kdreams.jp/utsunomiya/racedetail/2420240921010009/?pageType=odds,2026-10-05T01:57:42.000485+00:00,7-6-2/1-5/4-3,published,アオケイ,楽天Kドリームス 並び予想
3620240921010001,2024-09-21,小田原競輪,F1,A1/A2,1,Ａ級予選,11:07,11:02,7,https://keirin.kdreams.jp/odawara/racedetail/3620240921010001/?pageType=odds,2026-10-05T01:57:05.097819+00:00,1-5-6/2-4/7-3,published,小田競・サイクル,楽天Kドリームス 並び予想
3620240921010002,2024-09-21,小田原競輪,F1,A1/A2,2,Ａ級予選,11:32,11:27,7,https://keirin.kdreams.jp/odawara/racedetail/3620240921010002/?pageType=odds,2026-10-05T01:57:06.765316+00:00,2-7-5/1-4/3-6,published,小田競・サイクル,楽天Kドリームス 並び予想
3620240921010003,2024-09-21,小田原競輪,F1,A1/A2,3,Ａ級予選,11:57,11:52,7,https://keirin.kdreams.jp/odawara/racedetail/3620240921010003/?pageType=odds,2026-10-05T01:57:08.496794+00:00,3-1-5/2-7/6-4,published,小田競・サイクル,楽天Kドリームス 並び予想
3620240921010004,2024-09-21,小田原競輪,F1,A1/A2,4,Ａ級予選,12:22,12:17,7,https://keirin.kdreams.jp/odawara/racedetail/3620240921010004/?pageType=odds,2026-10-05T01:57:10.307799+00:00,4-3-1/5/7-2/6,published,小田競・サイクル,楽天Kドリームス 並び予想
3620240921010005,2024-09-21,小田原競輪,F1,A1/A2,5,Ａ級初日特選,12:50,12:45,7,https://keirin.kdreams.jp/odawara/racedetail/3620240921010005/?pageType=odds,2026-10-05T01:57:12.073216+00:00,6-1/5-2-4/7/3,published,小田競・サイクル,楽天Kドリームス 並び予想
7520240920020008,2024-09-21,松山競輪,F2,A1/A2,8,Ａ級特一般,18:40,18:35,7,https://keirin.kdreams.jp/matsuyama/racedetail/7520240920020008/?pageType=odds,2026-10-05T01:55:44.147032+00:00,7-1/5-2/4/3-6,published,金星社,楽天Kドリームス 並び予想
7520240920020009,2024-09-21,松山競輪,F2,A1/A2,9,Ａ級特一般,19:04,18:59,7,https://keirin.kdreams.jp/matsuyama/racedetail/7520240920020009/?pageType=odds,2026-10-05T01:55:46.019035+00:00,2-4-7/6-1/5-3,published,金星社,楽天Kドリームス 並び予想
7520240920020010,2024-09-21,松山競輪,F2,A1/A2,10,Ａ級準決勝,19:30,19:25,7,https://keirin.kdreams.jp/matsuyama/racedetail/7520240920020010/?pageType=odds,2026-10-05T01:55:47.757270+00:00,7-1/5-2/4-3-6,published,金星社,楽天Kドリームス 並び予想
7520240920020011,2024-09-21,松山競輪,F2,A1/A2,11,Ａ級準決勝,19:57,19:52,7,https://keirin.kdreams.jp/matsuyama/racedetail/7520240920020011/?pageType=odds,2026-10-05T01:55:49.398780+00:00,1-3-6-5/7-2-4,published,金星社,楽天Kドリームス 並び予想
7520240920020012,2024-09-21,松山競輪,F2,A1/A2,12,Ａ級準決勝,20:25,20:20,7,https://keirin.kdreams.jp/matsuyama/racedetail/7520240920020012/?pageType=odds,2026-10-05T01:55:51.130840+00:00,3-1-5/6/7-2-4,published,金星社,楽天Kドリームス 並び予想
8720240921010003,2024-09-21,熊本競輪,F2,A1/A2,3,Ａ級予選,21:30,21:25,7,https://keirin.kdreams.jp/kumamoto/racedetail/8720240921010003/?pageType=odds,2026-10-05T01:56:28.046681+00:00,1-3/5-2-6/4/7,published,コンドル出版社,楽天Kドリームス 並び予想
8720240921010004,2024-09-21,熊本競輪,F2,A1/A2,4,Ａ級予選,21:50,21:45,7,https://keirin.kdreams.jp/kumamoto/racedetail/8720240921010004/?pageType=odds,2026-10-05T01:56:29.716388+00:00,1-3/4-2-5/6/7,published,コンドル出版社,楽天Kドリームス 並び予想
8720240921010005,2024-09-21,熊本競輪,F2,A1/A2,5,Ａ級予選,22:10,22:05,7,https://keirin.kdreams.jp/kumamoto/racedetail/8720240921010005/?pageType=odds,2026-10-05T01:56:31.684701+00:00,6-1/2-5-7/3-4,published,コンドル出版社,楽天Kドリームス 並び予想
8720240921010006,2024-09-21,熊本競輪,F2,A1/A2,6,Ａ級予選,22:30,22:25,7,https://keirin.kdreams.jp/kumamoto/racedetail/8720240921010006/?pageType=odds,2026-10-05T01:56:33.392960+00:00,3-1-6/4-2-7/5,published,コンドル出版社,楽天Kドリームス 並び予想
8720240921010007,2024-09-21,熊本競輪,F2,A1/A2,7,Ａ級予選,22:50,22:45,7,https://keirin.kdreams.jp/kumamoto/racedetail/8720240921010007/?pageType=odds,2026-10-05T01:56:34.990566+00:00,1-2-4/6-3-5/7,published,コンドル出版社,楽天Kドリームス 並び予想
8720240921010008,2024-09-21,熊本競輪,F2,A1/A2,8,Ａ級予選,23:10,23:05,7,https://keirin.kdreams.jp/kumamoto/racedetail/8720240921010008/?pageType=odds,2026-10-05T01:56:36.781182+00:00,2-1-6/7-3/4-5,published,コンドル出版社,楽天Kドリームス 並び予想
8720240921010009,2024-09-21,熊本競輪,F2,A1/A2,9,Ａ級初日特選,23:30,23:25,7,https://keirin.kdreams.jp/kumamoto/racedetail/8720240921010009/?pageType=odds,2026-10-05T01:56:38.490463+00:00,1-5-3-6/2-4-7,published,コンドル出版社,楽天Kドリームス 並び予想
8520240920030001,2024-09-22,佐世保競輪,F1,A1/A2,1,Ａ級一般,15:55,15:50,6,https://keirin.kdreams.jp/sasebo/racedetail/8520240920030001/?pageType=odds,2026-10-05T01:56:19.478176+00:00,2-5/6-1/3-4,published,百万弗,楽天Kドリームス 並び予想
8520240920030002,2024-09-22,佐世保競輪,F1,A1/A2,2,Ａ級一般,16:18,16:13,7,https://keirin.kdreams.jp/sasebo/racedetail/8520240920030002/?pageType=odds,2026-10-05T01:56:21.275209+00:00,5-1/3/4/2-7/6,published,百万弗,楽天Kドリームス 並び予想
8520240920030003,2024-09-22,佐世保競輪,F1,A1/A2,3,Ａ級特選,16:41,16:36,7,https://keirin.kdreams.jp/sasebo/racedetail/8520240920030003/?pageType=odds,2026-10-05T01:56:23.151556+00:00,3-7/4-1/6/2-5,published,百万弗,楽天Kドリームス 並び予想
8520240920030004,2024-09-22,佐世保競輪,F1,A1/A2,4,Ａ級特選,17:05,17:00,7,https://keirin.kdreams.jp/sasebo/racedetail/8520240920030004/?pageType=odds,2026-10-05T01:56:24.949226+00:00,3-4/1-5-6/7-2,published,百万弗,楽天Kドリームス 並び予想
8520240920030011,2024-09-22,佐世保競輪,F1,A1/A2,11,Ａ級決勝,20:04,19:59,7,https://keirin.kdreams.jp/sasebo/racedetail/8520240920030011/?pageType=odds,2026-10-05T01:56:26.685668+00:00,6-4-3-1/2-7/5,published,百万弗,楽天Kドリームス 並び予想
2420240921020003,2024-09-22,宇都宮競輪,F2,A1/A2,3,Ａ級一般,21:20,21:15,7,https://keirin.kdreams.jp/utsunomiya/racedetail/2420240921020003/?pageType=odds,2026-10-05T01:57:44.133585+00:00,6-1-4/3/7-2-5,published,アオケイ,楽天Kドリームス 並び予想
2420240921020004,2024-09-22,宇都宮競輪,F2,A1/A2,4,Ａ級一般,21:40,21:35,7,https://keirin.kdreams.jp/utsunomiya/racedetail/2420240921020004/?pageType=odds,2026-10-05T01:57:45.891050+00:00,1-2-3-6/5/4-7,published,アオケイ,楽天Kドリームス 並び予想
2420240921020005,2024-09-22,宇都宮競輪,F2,A1/A2,5,Ａ級選抜,22:00,21:55,7,https://keirin.kdreams.jp/utsunomiya/racedetail/2420240921020005/?pageType=odds,2026-10-05T01:57:47.743411+00:00,1-5/3/7-2-6-4,published,アオケイ,楽天Kドリームス 並び予想
2420240921020006,2024-09-22,宇都宮競輪,F2,A1/A2,6,Ａ級選抜,22:20,22:15,7,https://keirin.kdreams.jp/utsunomiya/racedetail/2420240921020006/?pageType=odds,2026-10-05T01:57:49.655734+00:00,4-6/7/1-2/3-5,published,アオケイ,楽天Kドリームス 並び予想
2420240921020007,2024-09-22,宇都宮競輪,F2,A1/A2,7,Ａ級準決勝,22:40,22:35,7,https://keirin.kdreams.jp/utsunomiya/racedetail/2420240921020007/?pageType=odds,2026-10-05T01:57:51.338330+00:00,3-1/2-6/5-4-7,published,アオケイ,楽天Kドリームス 並び予想
2420240921020008,2024-09-22,宇都宮競輪,F2,A1/A2,8,Ａ級準決勝,23:00,22:55,7,https://keirin.kdreams.jp/utsunomiya/racedetail/2420240921020008/?pageType=odds,2026-10-05T01:57:53.131860+00:00,2-1-4-7/5-3-6,published,アオケイ,楽天Kドリームス 並び予想
2420240921020009,2024-09-22,宇都宮競輪,F2,A1/A2,9,Ａ級準決勝,23:20,23:15,7,https://keirin.kdreams.jp/utsunomiya/racedetail/2420240921020009/?pageType=odds,2026-10-05T01:57:54.805915+00:00,1-3/2/4-6/5-7,published,アオケイ,楽天Kドリームス 並び予想
7320240922010006,2024-09-22,小松島競輪,F2,A1/A2,6,Ａ級予選,10:40,10:35,7,https://keirin.kdreams.jp/komatsushima/racedetail/7320240922010006/?pageType=odds,2026-10-05T01:58:09.816591+00:00,7-1/5-3/4-2-6,published,競輪毎日,楽天Kドリームス 並び予想
7320240922010007,2024-09-22,小松島競輪,F2,A1/A2,7,Ａ級予選,11:00,10:55,7,https://keirin.kdreams.jp/komatsushima/racedetail/7320240922010007/?pageType=odds,2026-10-05T01:58:11.507099+00:00,4-1-6-5/2-7/3,published,競輪毎日,楽天Kドリームス 並び予想
7320240922010008,2024-09-22,小松島競輪,F2,A1/A2,8,Ａ級予選,11:23,11:18,7,https://keirin.kdreams.jp/komatsushima/racedetail/7320240922010008/?pageType=odds,2026-10-05T01:58:13.331558+00:00,6-1/5-2/3-7-4,published,競輪毎日,楽天Kドリームス 並び予想
7320240922010009,2024-09-22,小松島競輪,F2,A1/A2,9,Ａ級予選,11:50,11:45,7,https://keirin.kdreams.jp/komatsushima/racedetail/7320240922010009/?pageType=odds,2026-10-05T01:58:15.296442+00:00,5-1-7/2/4-3/6,published,競輪毎日,楽天Kドリームス 並び予想
7320240922010010,2024-09-22,小松島競輪,F2,A1/A2,10,Ａ級予選,12:17,12:12,7,https://keirin.kdreams.jp/komatsushima/racedetail/7320240922010010/?pageType=odds,2026-10-05T01:58:17.264135+00:00,1-6/4-2/5-3-7,published,競輪毎日,楽天Kドリームス 並び予想
7320240922010011,2024-09-22,小松島競輪,F2,A1/A2,11,Ａ級予選,12:44,12:39,7,https://keirin.kdreams.jp/komatsushima/racedetail/7320240922010011/?pageType=odds,2026-10-05T01:58:19.041458+00:00,1-4-7/6-2/5-3,published,競輪毎日,楽天Kドリームス 並び予想
7320240922010012,2024-09-22,小松島競輪,F2,A1/A2,12,Ａ級初日特選,13:28,13:23,7,https://keirin.kdreams.jp/komatsushima/racedetail/7320240922010012/?pageType=odds,2026-10-05T01:58:20.693551+00:00,5-1/2-4/6/3-7,published,競輪毎日,楽天Kドリームス 並び予想
3620240921020001,2024-09-22,小田原競輪,F1,A1/A2,1,Ａ級一般,11:07,11:02,7,https://keirin.kdreams.jp/odawara/racedetail/3620240921020001/?pageType=odds,2026-10-05T01:57:14.326752+00:00,5-1-3/6/7-2-4,published,小田競・サイクル,楽天Kドリームス 並び予想
3620240921020002,2024-09-22,小田原競輪,F1,A1/A2,2,Ａ級一般,11:32,11:27,7,https://keirin.kdreams.jp/odawara/racedetail/3620240921020002/?pageType=odds,2026-10-05T01:57:16.089238+00:00,2-6/1/3-5-4/7,published,小田競・サイクル,楽天Kドリームス 並び予想
3620240921020003,2024-09-22,小田原競輪,F1,A1/A2,3,Ａ級準決勝,11:57,11:52,7,https://keirin.kdreams.jp/odawara/racedetail/3620240921020003/?pageType=odds,2026-10-05T01:57:17.787386+00:00,7-1-6/5-2/4-3,published,小田競・サイクル,楽天Kドリームス 並び予想
3620240921020004,2024-09-22,小田原競輪,F1,A1/A2,4,Ａ級準決勝,12:22,12:17,7,https://keirin.kdreams.jp/odawara/racedetail/3620240921020004/?pageType=odds,2026-10-05T01:57:19.567117+00:00,1-5-7/6-2/4-3,published,小田競・サイクル,楽天Kドリームス 並び予想
3620240921020005,2024-09-22,小田原競輪,F1,A1/A2,5,Ａ級準決勝,12:50,12:45,7,https://keirin.kdreams.jp/odawara/racedetail/3620240921020005/?pageType=odds,2026-10-05T01:57:21.280641+00:00,6-1-2/4/7-3-5,published,小田競・サイクル,楽天Kドリームス 並び予想
7520240920030006,2024-09-22,松山競輪,F2,A1/A2,6,Ａ級特一般,17:46,17:41,7,https://keirin.kdreams.jp/matsuyama/racedetail/7520240920030006/?pageType=odds,2026-10-05T01:55:52.908614+00:00,1-5/7-2-4/6-3,published,金星社,楽天Kドリームス 並び予想
7520240920030007,2024-09-22,松山競輪,F2,A1/A2,7,Ａ級特一般,18:12,18:07,7,https://keirin.kdreams.jp/matsuyama/racedetail/7520240920030007/?pageType=odds,2026-10-05T01:55:54.508362+00:00,1/7/4-2-5/3-6,published,金星社,楽天Kドリームス 並び予想
7520240920030008,2024-09-22,松山競輪,F2,A1/A2,8,Ａ級特選,18:38,18:33,7,https://keirin.kdreams.jp/matsuyama/racedetail/7520240920030008/?pageType=odds,2026-10-05T01:55:56.100182+00:00,5-1-4/3/6-2-7,published,金星社,楽天Kドリームス 並び予想
7520240920030009,2024-09-22,松山競輪,F2,A1/A2,9,Ａ級特選,19:04,18:59,7,https://keirin.kdreams.jp/matsuyama/racedetail/7520240920030009/?pageType=odds,2026-10-05T01:55:57.901665+00:00,1-4-7/5-2/3-6,published,金星社,楽天Kドリームス 並び予想
7520240920030012,2024-09-22,松山競輪,F2,A1/A2,12,Ａ級決勝,20:30,20:25,7,https://keirin.kdreams.jp/matsuyama/racedetail/7520240920030012/?pageType=odds,2026-10-05T01:55:59.754817+00:00,4-1/2/5-3-7-6,published,金星社,楽天Kドリームス 並び予想
8720240921020003,2024-09-22,熊本競輪,F2,A1/A2,3,Ａ級一般,21:30,21:25,7,https://keirin.kdreams.jp/kumamoto/racedetail/8720240921020003/?pageType=odds,2026-10-05T01:56:40.136213+00:00,6-1/2/5/4-3/7,published,コンドル出版社,楽天Kドリームス 並び予想
8720240921020004,2024-09-22,熊本競輪,F2,A1/A2,4,Ａ級一般,21:50,21:45,7,https://keirin.kdreams.jp/kumamoto/racedetail/8720240921020004/?pageType=odds,2026-10-05T01:56:41.856968+00:00,1-3-4/6-2-5-7,published,コンドル出版社,楽天Kドリームス 並び予想
8720240921020005,2024-09-22,熊本競輪,F2,A1/A2,5,Ａ級選抜,22:10,22:05,7,https://keirin.kdreams.jp/kumamoto/racedetail/8720240921020005/?pageType=odds,2026-10-05T01:56:43.680947+00:00,1-4/2-5/3/6-7,published,コンドル出版社,楽天Kドリームス 並び予想
8720240921020006,2024-09-22,熊本競輪,F2,A1/A2,6,Ａ級選抜,22:30,22:25,7,https://keirin.kdreams.jp/kumamoto/racedetail/8720240921020006/?pageType=odds,2026-10-05T01:56:44.779745+00:00,3-1-6/2-7/4/5,published,コンドル出版社,楽天Kドリームス 並び予想
8720240921020007,2024-09-22,熊本競輪,F2,A1/A2,7,Ａ級準決勝,22:50,22:45,7,https://keirin.kdreams.jp/kumamoto/racedetail/8720240921020007/?pageType=odds,2026-10-05T01:56:46.249309+00:00,1-3-7/4-2/5-6,published,コンドル出版社,楽天Kドリームス 並び予想
8720240921020008,2024-09-22,熊本競輪,F2,A1/A2,8,Ａ級準決勝,23:10,23:05,7,https://keirin.kdreams.jp/kumamoto/racedetail/8720240921020008/?pageType=odds,2026-10-05T01:56:48.090656+00:00,1-4/6-2-7/3-5,published,コンドル出版社,楽天Kドリームス 並び予想
8720240921020009,2024-09-22,熊本競輪,F2,A1/A2,9,Ａ級準決勝,23:30,23:25,7,https://keirin.kdreams.jp/kumamoto/racedetail/8720240921020009/?pageType=odds,2026-10-05T01:56:49.907106+00:00,1-2/4-3-5/7-6,published,コンドル出版社,楽天Kドリームス 並び予想
1120240923010008,2024-09-23,函館競輪,F2,A1/A2,8,Ａ級特予選,18:30,18:25,7,https://keirin.kdreams.jp/hakodate/racedetail/1120240923010008/?pageType=odds,2026-10-05T01:58:46.078974+00:00,5-1/2-4-6/3-7,published,北競,楽天Kドリームス 並び予想
1120240923010009,2024-09-23,函館競輪,F2,A1/A2,9,Ａ級特予選,18:55,18:50,7,https://keirin.kdreams.jp/hakodate/racedetail/1120240923010009/?pageType=odds,2026-10-05T01:58:47.849853+00:00,4-2/7-1/3-5-6,published,北競,楽天Kドリームス 並び予想
1120240923010010,2024-09-23,函館競輪,F2,A1/A2,10,Ａ級特予選,19:20,19:15,7,https://keirin.kdreams.jp/hakodate/racedetail/1120240923010010/?pageType=odds,2026-10-05T01:58:49.578865+00:00,1-7/6-2/5-3-4,published,北競,楽天Kドリームス 並び予想
1120240923010011,2024-09-23,函館競輪,F2,A1/A2,11,Ａ級特予選,19:45,19:40,7,https://keirin.kdreams.jp/hakodate/racedetail/1120240923010011/?pageType=odds,2026-10-05T01:58:51.469640+00:00,3-1-5/2-7-4-6,published,北競,楽天Kドリームス 並び予想
1120240923010012,2024-09-23,函館競輪,F2,A1/A2,12,Ａ級初日特選,20:15,20:10,7,https://keirin.kdreams.jp/hakodate/racedetail/1120240923010012/?pageType=odds,2026-10-05T01:58:53.786071+00:00,1-4-6/5-2/7-3,published,北競,楽天Kドリームス 並び予想
2420240921030002,2024-09-23,宇都宮競輪,F2,A1/A2,2,Ａ級一般,21:00,20:55,7,https://keirin.kdreams.jp/utsunomiya/racedetail/2420240921030002/?pageType=odds,2026-10-05T01:57:56.694239+00:00,5-4-1-7/2/3/6,published,アオケイ,楽天Kドリームス 並び予想
2420240921030003,2024-09-23,宇都宮競輪,F2,A1/A2,3,Ａ級一般,21:20,21:15,7,https://keirin.kdreams.jp/utsunomiya/racedetail/2420240921030003/?pageType=odds,2026-10-05T01:57:58.320958+00:00,7-2-1/3/4/5-6,published,アオケイ,楽天Kドリームス 並び予想
2420240921030004,2024-09-23,宇都宮競輪,F2,A1/A2,4,Ａ級一般,21:40,21:35,7,https://keirin.kdreams.jp/utsunomiya/racedetail/2420240921030004/?pageType=odds,2026-10-05T01:58:00.312849+00:00,1-2-4-7/3-6-5,published,アオケイ,楽天Kドリームス 並び予想
2420240921030005,2024-09-23,宇都宮競輪,F2,A1/A2,5,Ａ級特選,22:00,21:55,7,https://keirin.kdreams.jp/utsunomiya/racedetail/2420240921030005/?pageType=odds,2026-10-05T01:58:02.537600+00:00,2-4-7/1-3/6-5,published,アオケイ,楽天Kドリームス 並び予想
2420240921030006,2024-09-23,宇都宮競輪,F2,A1/A2,6,Ａ級特選,22:20,22:15,7,https://keirin.kdreams.jp/utsunomiya/racedetail/2420240921030006/?pageType=odds,2026-10-05T01:58:04.250629+00:00,2-1-7/3-4-6-5,published,アオケイ,楽天Kドリームス 並び予想
2420240921030007,2024-09-23,宇都宮競輪,F2,A1/A2,7,Ａ級特選,22:40,22:35,7,https://keirin.kdreams.jp/utsunomiya/racedetail/2420240921030007/?pageType=odds,2026-10-05T01:58:06.124424+00:00,2-1/3-6/7-4-5,published,アオケイ,楽天Kドリームス 並び予想
2420240921030009,2024-09-23,宇都宮競輪,F2,A1/A2,9,Ａ級決勝,23:20,23:15,7,https://keirin.kdreams.jp/utsunomiya/racedetail/2420240921030009/?pageType=odds,2026-10-05T01:58:07.986381+00:00,1-6/3-2/5-4-7,published,アオケイ,楽天Kドリームス 並び予想
7320240922020006,2024-09-23,小松島競輪,F2,A1/A2,6,Ａ級一般,10:40,10:35,7,https://keirin.kdreams.jp/komatsushima/racedetail/7320240922020006/?pageType=odds,2026-10-05T01:58:22.468833+00:00,6-1/7-2-4/3-5,published,競輪毎日,楽天Kドリームス 並び予想
7320240922020007,2024-09-23,小松島競輪,F2,A1/A2,7,Ａ級一般,11:00,10:55,7,https://keirin.kdreams.jp/komatsushima/racedetail/7320240922020007/?pageType=odds,2026-10-05T01:58:24.286615+00:00,4-7-5-1/2-3-6,published,競輪毎日,楽天Kドリームス 並び予想
7320240922020008,2024-09-23,小松島競輪,F2,A1/A2,8,Ａ級選抜,11:23,11:18,7,https://keirin.kdreams.jp/komatsushima/racedetail/7320240922020008/?pageType=odds,2026-10-05T01:58:26.162604+00:00,4-2/1-5/3-6/7,published,競輪毎日,楽天Kドリームス 並び予想
7320240922020009,2024-09-23,小松島競輪,F2,A1/A2,9,Ａ級選抜,11:50,11:45,7,https://keirin.kdreams.jp/komatsushima/racedetail/7320240922020009/?pageType=odds,2026-10-05T01:58:27.883040+00:00,7-3-1/6/2-4-5,published,競輪毎日,楽天Kドリームス 並び予想
7320240922020010,2024-09-23,小松島競輪,F2,A1/A2,10,Ａ級準決勝,12:17,12:12,7,https://keirin.kdreams.jp/komatsushima/racedetail/7320240922020010/?pageType=odds,2026-10-05T01:58:29.666636+00:00,7-5-1/6-2/3-4,published,競輪毎日,楽天Kドリームス 並び予想
7320240922020011,2024-09-23,小松島競輪,F2,A1/A2,11,Ａ級準決勝,12:44,12:39,7,https://keirin.kdreams.jp/komatsushima/racedetail/7320240922020011/?pageType=odds,2026-10-05T01:58:31.410598+00:00,5-1/7-2-4/6-3,published,競輪毎日,楽天Kドリームス 並び予想
7320240922020012,2024-09-23,小松島競輪,F2,A1/A2,12,Ａ級準決勝,13:28,13:23,7,https://keirin.kdreams.jp/komatsushima/racedetail/7320240922020012/?pageType=odds,2026-10-05T01:58:33.212163+00:00,1-5-6/4-2/7-3,published,競輪毎日,楽天Kドリームス 並び予想
3620240921030001,2024-09-23,小田原競輪,F1,A1/A2,1,Ａ級一般,11:07,11:02,7,https://keirin.kdreams.jp/odawara/racedetail/3620240921030001/?pageType=odds,2026-10-05T01:57:22.960088+00:00,1-5/7/6-2-3/4,published,小田競・サイクル,楽天Kドリームス 並び予想
3620240921030002,2024-09-23,小田原競輪,F1,A1/A2,2,Ａ級一般,11:32,11:27,7,https://keirin.kdreams.jp/odawara/racedetail/3620240921030002/?pageType=odds,2026-10-05T01:57:24.716894+00:00,7-2-5-1/3-4-6,published,小田競・サイクル,楽天Kドリームス 並び予想
3620240921030003,2024-09-23,小田原競輪,F1,A1/A2,3,Ａ級特選,11:57,11:52,7,https://keirin.kdreams.jp/odawara/racedetail/3620240921030003/?pageType=odds,2026-10-05T01:57:26.411886+00:00,5-2/1/6-3/4/7,published,小田競・サイクル,楽天Kドリームス 並び予想
3620240921030004,2024-09-23,小田原競輪,F1,A1/A2,4,Ａ級特選,12:22,12:17,7,https://keirin.kdreams.jp/odawara/racedetail/3620240921030004/?pageType=odds,2026-10-05T01:57:27.993158+00:00,4-1-7/3/2-6/5,published,小田競・サイクル,楽天Kドリームス 並び予想
3620240921030011,2024-09-23,小田原競輪,F1,A1/A2,11,Ａ級決勝,15:49,15:44,7,https://keirin.kdreams.jp/odawara/racedetail/3620240921030011/?pageType=odds,2026-10-05T01:57:29.630889+00:00,1-7-4/2/6-3/5,published,小田競・サイクル,楽天Kドリームス 並び予想
2120240923010001,2024-09-23,弥彦競輪,F1,A1/A2,1,Ａ級予選,15:46,15:41,7,https://keirin.kdreams.jp/yahiko/racedetail/2120240923010001/?pageType=odds,2026-10-05T01:59:13.815439+00:00,1-4/2-7/6-3-5,published,新潟スポーツ,楽天Kドリームス 並び予想
2120240923010002,2024-09-23,弥彦競輪,F1,A1/A2,2,Ａ級予選,16:12,16:07,7,https://keirin.kdreams.jp/yahiko/racedetail/2120240923010002/?pageType=odds,2026-10-05T01:59:15.576556+00:00,1-6/5-2/3-4-7,published,新潟スポーツ,楽天Kドリームス 並び予想
2120240923010003,2024-09-23,弥彦競輪,F1,A1/A2,3,Ａ級予選,16:40,16:35,7,https://keirin.kdreams.jp/yahiko/racedetail/2120240923010003/?pageType=odds,2026-10-05T01:59:17.524997+00:00,4-1/2-6-5/3-7,published,新潟スポーツ,楽天Kドリームス 並び予想
2120240923010004,2024-09-23,弥彦競輪,F1,A1/A2,4,Ａ級予選,17:05,17:00,7,https://keirin.kdreams.jp/yahiko/racedetail/2120240923010004/?pageType=odds,2026-10-05T01:59:19.245689+00:00,1-5-3-7/4-2-6,published,新潟スポーツ,楽天Kドリームス 並び予想
2120240923010005,2024-09-23,弥彦競輪,F1,A1/A2,5,Ａ級初日特選,17:30,17:25,7,https://keirin.kdreams.jp/yahiko/racedetail/2120240923010005/?pageType=odds,2026-10-05T01:59:21.085422+00:00,1-4/2-7/3-6/5,published,新潟スポーツ,楽天Kドリームス 並び予想
8720240921030002,2024-09-23,熊本競輪,F2,A1/A2,2,Ａ級一般,21:10,21:05,7,https://keirin.kdreams.jp/kumamoto/racedetail/8720240921030002/?pageType=odds,2026-10-05T01:56:51.917306+00:00,1-4/2/7/6-3-5,published,コンドル出版社,楽天Kドリームス 並び予想
8720240921030003,2024-09-23,熊本競輪,F2,A1/A2,3,Ａ級一般,21:30,21:25,7,https://keirin.kdreams.jp/kumamoto/racedetail/8720240921030003/?pageType=odds,2026-10-05T01:56:53.723702+00:00,5-1-6/2/3-4-7,published,コンドル出版社,楽天Kドリームス 並び予想
8720240921030004,2024-09-23,熊本競輪,F2,A1/A2,4,Ａ級一般,21:50,21:45,7,https://keirin.kdreams.jp/kumamoto/racedetail/8720240921030004/?pageType=odds,2026-10-05T01:56:55.686227+00:00,4-1/6-2-3/5-7,published,コンドル出版社,楽天Kドリームス 並び予想
8720240921030005,2024-09-23,熊本競輪,F2,A1/A2,5,Ａ級特選,22:10,22:05,7,https://keirin.kdreams.jp/kumamoto/racedetail/8720240921030005/?pageType=odds,2026-10-05T01:56:57.915408+00:00,1-2/3-4-5/7-6,published,コンドル出版社,楽天Kドリームス 並び予想
8720240921030006,2024-09-23,熊本競輪,F2,A1/A2,6,Ａ級特選,22:30,22:25,7,https://keirin.kdreams.jp/kumamoto/racedetail/8720240921030006/?pageType=odds,2026-10-05T01:56:59.636699+00:00,5-1/2-3/6-4-7,published,コンドル出版社,楽天Kドリームス 並び予想
8720240921030007,2024-09-23,熊本競輪,F2,A1/A2,7,Ａ級特選,22:50,22:45,7,https://keirin.kdreams.jp/kumamoto/racedetail/8720240921030007/?pageType=odds,2026-10-05T01:57:01.453865+00:00,1-3-7/2-5/6-4,published,コンドル出版社,楽天Kドリームス 並び予想
8720240921030009,2024-09-23,熊本競輪,F2,A1/A2,9,Ａ級決勝,23:30,23:25,7,https://keirin.kdreams.jp/kumamoto/racedetail/8720240921030009/?pageType=odds,2026-10-05T01:57:03.193931+00:00,1-3/4-5-7/2-6,published,コンドル出版社,楽天Kドリームス 並び予想
1120240923020008,2024-09-24,函館競輪,F2,A1/A2,8,Ａ級特一般,18:30,18:25,7,https://keirin.kdreams.jp/hakodate/racedetail/1120240923020008/?pageType=odds,2026-10-05T01:58:55.659698+00:00,4-2-7/1/3/5/6,published,北競,楽天Kドリームス 並び予想
1120240923020009,2024-09-24,函館競輪,F2,A1/A2,9,Ａ級特一般,18:55,18:50,7,https://keirin.kdreams.jp/hakodate/racedetail/1120240923020009/?pageType=odds,2026-10-05T01:58:57.451485+00:00,1-6/2-7-4/5-3,published,北競,楽天Kドリームス 並び予想
1120240923020010,2024-09-24,函館競輪,F2,A1/A2,10,Ａ級準決勝,19:20,19:15,7,https://keirin.kdreams.jp/hakodate/racedetail/1120240923020010/?pageType=odds,2026-10-05T01:58:59.206205+00:00,6-1/2-5/7-3-4,published,北競,楽天Kドリームス 並び予想
1120240923020011,2024-09-24,函館競輪,F2,A1/A2,11,Ａ級準決勝,19:45,19:40,7,https://keirin.kdreams.jp/hakodate/racedetail/1120240923020011/?pageType=odds,2026-10-05T01:59:00.931754+00:00,1-5-6/2-4/3-7,published,北競,楽天Kドリームス 並び予想
1120240923020012,2024-09-24,函館競輪,F2,A1/A2,12,Ａ級準決勝,20:15,20:10,7,https://keirin.kdreams.jp/hakodate/racedetail/1120240923020012/?pageType=odds,2026-10-05T01:59:02.692918+00:00,5-1/3/7-2-4-6,published,北競,楽天Kドリームス 並び予想
7320240922030006,2024-09-24,小松島競輪,F2,A1/A2,6,Ａ級一般,10:40,10:35,7,https://keirin.kdreams.jp/komatsushima/racedetail/7320240922030006/?pageType=odds,2026-10-05T01:58:34.979140+00:00,6-2-4/3-7-1-5,published,競輪毎日,楽天Kドリームス 並び予想
7320240922030008,2024-09-24,小松島競輪,F2,A1/A2,8,Ａ級一般,11:28,11:23,7,https://keirin.kdreams.jp/komatsushima/racedetail/7320240922030008/?pageType=odds,2026-10-05T01:58:36.866198+00:00,1-5/4-2-7/6-3,published,競輪毎日,楽天Kドリームス 並び予想
7320240922030009,2024-09-24,小松島競輪,F2,A1/A2,9,Ａ級特選,11:56,11:51,7,https://keirin.kdreams.jp/komatsushima/racedetail/7320240922030009/?pageType=odds,2026-10-05T01:58:38.620244+00:00,4-1-6/2-7/5-3,published,競輪毎日,楽天Kドリームス 並び予想
7320240922030010,2024-09-24,小松島競輪,F2,A1/A2,10,Ａ級特選,12:24,12:19,7,https://keirin.kdreams.jp/komatsushima/racedetail/7320240922030010/?pageType=odds,2026-10-05T01:58:40.845058+00:00,2-4/7-1/3-5-6,published,競輪毎日,楽天Kドリームス 並び予想
7320240922030011,2024-09-24,小松島競輪,F2,A1/A2,11,Ａ級特選,12:53,12:48,7,https://keirin.kdreams.jp/komatsushima/racedetail/7320240922030011/?pageType=odds,2026-10-05T01:58:42.550400+00:00,5-1/2-4/6/7-3,published,競輪毎日,楽天Kドリームス 並び予想
7320240922030012,2024-09-24,小松島競輪,F2,A1/A2,12,Ａ級決勝,13:25,13:20,7,https://keirin.kdreams.jp/komatsushima/racedetail/7320240922030012/?pageType=odds,2026-10-05T01:58:44.270090+00:00,1-6/7-2-5/4-3,published,競輪毎日,楽天Kドリームス 並び予想
3420240924010001,2024-09-24,川崎競輪,F2,A1/A2,1,Ａ級予選,20:40,20:35,7,https://keirin.kdreams.jp/kawasaki/racedetail/3420240924010001/?pageType=odds,2026-10-05T01:59:40.829666+00:00,3-1-7/2-4/5-6,published,小田競・サイクル,楽天Kドリームス 並び予想
3420240924010002,2024-09-24,川崎競輪,F2,A1/A2,2,Ａ級予選,21:05,21:00,7,https://keirin.kdreams.jp/kawasaki/racedetail/3420240924010002/?pageType=odds,2026-10-05T01:59:42.356917+00:00,1-2/3-6/4-7/5,published,小田競・サイクル,楽天Kドリームス 並び予想
3420240924010003,2024-09-24,川崎競輪,F2,A1/A2,3,Ａ級予選,21:30,21:25,7,https://keirin.kdreams.jp/kawasaki/racedetail/3420240924010003/?pageType=odds,2026-10-05T01:59:44.144851+00:00,2-1-6/3-4/7-5,published,小田競・サイクル,楽天Kドリームス 並び予想
3420240924010004,2024-09-24,川崎競輪,F2,A1/A2,4,Ａ級予選,21:55,21:50,7,https://keirin.kdreams.jp/kawasaki/racedetail/3420240924010004/?pageType=odds,2026-10-05T01:59:45.903489+00:00,1-3/4-2-7/6-5,published,小田競・サイクル,楽天Kドリームス 並び予想
3420240924010005,2024-09-24,川崎競輪,F2,A1/A2,5,Ａ級予選,22:20,22:15,7,https://keirin.kdreams.jp/kawasaki/racedetail/3420240924010005/?pageType=odds,2026-10-05T01:59:47.655618+00:00,1-2/3-5/7-4-6,published,小田競・サイクル,楽天Kドリームス 並び予想
3420240924010006,2024-09-24,川崎競輪,F2,A1/A2,6,Ａ級予選,22:45,22:40,7,https://keirin.kdreams.jp/kawasaki/racedetail/3420240924010006/?pageType=odds,2026-10-05T01:59:49.727112+00:00,1-2-5-6/4/7-3,published,小田競・サイクル,楽天Kドリームス 並び予想
3420240924010007,2024-09-24,川崎競輪,F2,A1/A2,7,Ａ級初日特選,23:10,23:05,7,https://keirin.kdreams.jp/kawasaki/racedetail/3420240924010007/?pageType=odds,2026-10-05T01:59:51.494358+00:00,5-1/2-4/6-7-3,published,小田競・サイクル,楽天Kドリームス 並び予想
2120240923020001,2024-09-24,弥彦競輪,F1,A1/A2,1,Ａ級一般,15:46,15:41,7,https://keirin.kdreams.jp/yahiko/racedetail/2120240923020001/?pageType=odds,2026-10-05T01:59:22.831672+00:00,7-2-5-3/1/4/6,published,新潟スポーツ,楽天Kドリームス 並び予想
2120240923020002,2024-09-24,弥彦競輪,F1,A1/A2,2,Ａ級一般,16:12,16:07,7,https://keirin.kdreams.jp/yahiko/racedetail/2120240923020002/?pageType=odds,2026-10-05T01:59:24.565588+00:00,1-5/7-4-2/3-6,published,新潟スポーツ,楽天Kドリームス 並び予想
2120240923020003,2024-09-24,弥彦競輪,F1,A1/A2,3,Ａ級準決勝,16:40,16:35,7,https://keirin.kdreams.jp/yahiko/racedetail/2120240923020003/?pageType=odds,2026-10-05T01:59:26.421603+00:00,5-2/3-6/1/4-7,published,新潟スポーツ,楽天Kドリームス 並び予想
2120240923020004,2024-09-24,弥彦競輪,F1,A1/A2,4,Ａ級準決勝,17:05,17:00,7,https://keirin.kdreams.jp/yahiko/racedetail/2120240923020004/?pageType=odds,2026-10-05T01:59:28.126581+00:00,4-2-6/5-1/3-7,published,新潟スポーツ,楽天Kドリームス 並び予想
2120240923020005,2024-09-24,弥彦競輪,F1,A1/A2,5,Ａ級準決勝,17:30,17:25,7,https://keirin.kdreams.jp/yahiko/racedetail/2120240923020005/?pageType=odds,2026-10-05T01:59:29.869509+00:00,4-1/7-5-2/3-6,published,新潟スポーツ,楽天Kドリームス 並び予想
1120240923030006,2024-09-25,函館競輪,F2,A1/A2,6,Ａ級特一般,17:40,17:35,7,https://keirin.kdreams.jp/hakodate/racedetail/1120240923030006/?pageType=odds,2026-10-05T01:59:04.499237+00:00,1-7-4/3/2-5-6,published,北競,楽天Kドリームス 並び予想
1120240923030007,2024-09-25,函館競輪,F2,A1/A2,7,Ａ級特一般,18:05,18:00,7,https://keirin.kdreams.jp/hakodate/racedetail/1120240923030007/?pageType=odds,2026-10-05T01:59:06.271102+00:00,1-5/2-4-6/3-7,published,北競,楽天Kドリームス 並び予想
1120240923030008,2024-09-25,函館競輪,F2,A1/A2,8,Ａ級特選,18:30,18:25,7,https://keirin.kdreams.jp/hakodate/racedetail/1120240923030008/?pageType=odds,2026-10-05T01:59:08.177846+00:00,1-5/2-4-6/3-7,published,北競,楽天Kドリームス 並び予想
1120240923030009,2024-09-25,函館競輪,F2,A1/A2,9,Ａ級特選,18:55,18:50,7,https://keirin.kdreams.jp/hakodate/racedetail/1120240923030009/?pageType=odds,2026-10-05T01:59:10.197460+00:00,1-4/7-2-5/3-6,published,北競,楽天Kドリームス 並び予想
1120240923030012,2024-09-25,函館競輪,F2,A1/A2,12,Ａ級決勝,20:15,20:10,7,https://keirin.kdreams.jp/hakodate/racedetail/1120240923030012/?pageType=odds,2026-10-05T01:59:12.070456+00:00,1-3-7/4-6-2-5,published,北競,楽天Kドリームス 並び予想
3420240924020001,2024-09-25,川崎競輪,F2,A1/A2,1,Ａ級一般,20:40,20:35,7,https://keirin.kdreams.jp/kawasaki/racedetail/3420240924020001/?pageType=odds,2026-10-05T01:59:53.307583+00:00,6-1/2-3/4-5/7,published,小田競・サイクル,楽天Kドリームス 並び予想
3420240924020002,2024-09-25,川崎競輪,F2,A1/A2,2,Ａ級一般,21:05,21:00,7,https://keirin.kdreams.jp/kawasaki/racedetail/3420240924020002/?pageType=odds,2026-10-05T01:59:54.977432+00:00,1-4-7/6-2/5-3,published,小田競・サイクル,楽天Kドリームス 並び予想
3420240924020003,2024-09-25,川崎競輪,F2,A1/A2,3,Ａ級選抜,21:30,21:25,7,https://keirin.kdreams.jp/kawasaki/racedetail/3420240924020003/?pageType=odds,2026-10-05T01:59:56.750509+00:00,1-2-3/4-6/7-5,published,小田競・サイクル,楽天Kドリームス 並び予想
3420240924020004,2024-09-25,川崎競輪,F2,A1/A2,4,Ａ級選抜,21:55,21:50,7,https://keirin.kdreams.jp/kawasaki/racedetail/3420240924020004/?pageType=odds,2026-10-05T01:59:58.550354+00:00,1-5-6/2-3-4/7,published,小田競・サイクル,楽天Kドリームス 並び予想
3420240924020005,2024-09-25,川崎競輪,F2,A1/A2,5,Ａ級準決勝,22:20,22:15,7,https://keirin.kdreams.jp/kawasaki/racedetail/3420240924020005/?pageType=odds,2026-10-05T02:00:00.277433+00:00,5-1/2-4/7-3-6,published,小田競・サイクル,楽天Kドリームス 並び予想
3420240924020006,2024-09-25,川崎競輪,F2,A1/A2,6,Ａ級準決勝,22:45,22:40,7,https://keirin.kdreams.jp/kawasaki/racedetail/3420240924020006/?pageType=odds,2026-10-05T02:00:02.076742+00:00,3-1/2-4-6/7-5,published,小田競・サイクル,楽天Kドリームス 並び予想
3420240924020007,2024-09-25,川崎競輪,F2,A1/A2,7,Ａ級準決勝,23:10,23:05,7,https://keirin.kdreams.jp/kawasaki/racedetail/3420240924020007/?pageType=odds,2026-10-05T02:00:03.840298+00:00,2-1-5/7-3/4-6,published,小田競・サイクル,楽天Kドリームス 並び予想
2120240923030001,2024-09-25,弥彦競輪,F1,A1/A2,1,Ａ級一般,15:46,15:41,7,https://keirin.kdreams.jp/yahiko/racedetail/2120240923030001/?pageType=odds,2026-10-05T01:59:31.702190+00:00,5-3-2-6/1/4/7,published,新潟スポーツ,楽天Kドリームス 並び予想
2120240923030002,2024-09-25,弥彦競輪,F1,A1/A2,2,Ａ級一般,16:12,16:07,7,https://keirin.kdreams.jp/yahiko/racedetail/2120240923030002/?pageType=odds,2026-10-05T01:59:33.459935+00:00,5-4-2/1/7-3/6,published,新潟スポーツ,楽天Kドリームス 並び予想
2120240923030003,2024-09-25,弥彦競輪,F1,A1/A2,3,Ａ級特選,16:40,16:35,7,https://keirin.kdreams.jp/yahiko/racedetail/2120240923030003/?pageType=odds,2026-10-05T01:59:35.221711+00:00,1-7/2-4-5/6-3,published,新潟スポーツ,楽天Kドリームス 並び予想
2120240923030004,2024-09-25,弥彦競輪,F1,A1/A2,4,Ａ級特選,17:05,17:00,7,https://keirin.kdreams.jp/yahiko/racedetail/2120240923030004/?pageType=odds,2026-10-05T01:59:37.122727+00:00,4-7-2/1-5/6-3,published,新潟スポーツ,楽天Kドリームス 並び予想
2120240923030011,2024-09-25,弥彦競輪,F1,A1/A2,11,Ａ級決勝,20:00,19:55,7,https://keirin.kdreams.jp/yahiko/racedetail/2120240923030011/?pageType=odds,2026-10-05T01:59:39.127953+00:00,3-7/1-6/5/2-4,published,新潟スポーツ,楽天Kドリームス 並び予想
5120240925010001,2024-09-25,福井競輪,F1,A1/A2,1,Ａ級予選,10:45,10:40,7,https://keirin.kdreams.jp/fukui/racedetail/5120240925010001/?pageType=odds,2026-10-05T02:00:19.109155+00:00,3-5-1-6/4-7-2,published,福井中部,楽天Kドリームス 並び予想
5120240925010002,2024-09-25,福井競輪,F1,A1/A2,2,Ａ級予選,11:10,11:05,7,https://keirin.kdreams.jp/fukui/racedetail/5120240925010002/?pageType=odds,2026-10-05T02:00:20.909234+00:00,1-7/5-2/6-3-4,published,福井中部,楽天Kドリームス 並び予想
5120240925010003,2024-09-25,福井競輪,F1,A1/A2,3,Ａ級予選,11:38,11:33,7,https://keirin.kdreams.jp/fukui/racedetail/5120240925010003/?pageType=odds,2026-10-05T02:00:22.616444+00:00,1-3-5/7-4-2/6,published,福井中部,楽天Kドリームス 並び予想
5120240925010004,2024-09-25,福井競輪,F1,A1/A2,4,Ａ級予選,12:06,12:01,7,https://keirin.kdreams.jp/fukui/racedetail/5120240925010004/?pageType=odds,2026-10-05T02:00:24.495071+00:00,7-5-2/3-4-1-6,published,福井中部,楽天Kドリームス 並び予想
5120240925010005,2024-09-25,福井競輪,F1,A1/A2,5,Ａ級初日特選,12:36,12:31,7,https://keirin.kdreams.jp/fukui/racedetail/5120240925010005/?pageType=odds,2026-10-05T02:00:26.212257+00:00,1-6/4-2-7/5-3,published,福井中部,楽天Kドリームス 並び予想
2820240925010003,2024-09-25,立川競輪,F2,A1/A2,3,Ａ級特予選,09:16,09:11,7,https://keirin.kdreams.jp/tachikawa/racedetail/2820240925010003/?pageType=odds,2026-10-05T02:00:46.717132+00:00,1-7/4-2-6/5-3,published,アオケイ,楽天Kドリームス 並び予想
2820240925010004,2024-09-25,立川競輪,F2,A1/A2,4,Ａ級特予選,09:36,09:31,7,https://keirin.kdreams.jp/tachikawa/racedetail/2820240925010004/?pageType=odds,2026-10-05T02:00:48.801275+00:00,1-4/3-6/5-7-2,published,アオケイ,楽天Kドリームス 並び予想
2820240925010005,2024-09-25,立川競輪,F2,A1/A2,5,Ａ級特予選,09:56,09:51,7,https://keirin.kdreams.jp/tachikawa/racedetail/2820240925010005/?pageType=odds,2026-10-05T02:00:50.440671+00:00,1-5/4-2-6/7-3,published,アオケイ,楽天Kドリームス 並び予想
2820240925010006,2024-09-25,立川競輪,F2,A1/A2,6,Ａ級特予選,10:16,10:11,7,https://keirin.kdreams.jp/tachikawa/racedetail/2820240925010006/?pageType=odds,2026-10-05T02:00:52.253617+00:00,5-1/2-6/4-7-3,published,アオケイ,楽天Kドリームス 並び予想
2820240925010007,2024-09-25,立川競輪,F2,A1/A2,7,Ａ級初日特選,10:36,10:31,7,https://keirin.kdreams.jp/tachikawa/racedetail/2820240925010007/?pageType=odds,2026-10-05T02:00:54.293449+00:00,3-5/1/2-7/4-6,published,アオケイ,楽天Kドリームス 並び予想
8620240926010001,2024-09-26,別府競輪,F2,A1/A2,1,Ａ級予選,08:30,08:25,7,https://keirin.kdreams.jp/beppu/racedetail/8620240926010001/?pageType=odds,2026-10-05T02:01:14.004109+00:00,1-7-3/6/4-2-5,published,ダービー,楽天Kドリームス 並び予想
8620240926010002,2024-09-26,別府競輪,F2,A1/A2,2,Ａ級予選,08:50,08:45,7,https://keirin.kdreams.jp/beppu/racedetail/8620240926010002/?pageType=odds,2026-10-05T02:01:15.783786+00:00,5-1-4/2/3-7/6,published,ダービー,楽天Kドリームス 並び予想
8620240926010003,2024-09-26,別府競輪,F2,A1/A2,3,Ａ級予選,09:10,09:05,7,https://keirin.kdreams.jp/beppu/racedetail/8620240926010003/?pageType=odds,2026-10-05T02:01:17.597806+00:00,4-7-1/2-6/5-3,published,ダービー,楽天Kドリームス 並び予想
8620240926010004,2024-09-26,別府競輪,F2,A1/A2,4,Ａ級予選,09:30,09:25,7,https://keirin.kdreams.jp/beppu/racedetail/8620240926010004/?pageType=odds,2026-10-05T02:01:19.666654+00:00,1-4-7/3-5/6-2,published,ダービー,楽天Kドリームス 並び予想
8620240926010005,2024-09-26,別府競輪,F2,A1/A2,5,Ａ級予選,09:50,09:45,7,https://keirin.kdreams.jp/beppu/racedetail/8620240926010005/?pageType=odds,2026-10-05T02:01:21.366141+00:00,1-4/3/2-5-7/6,published,ダービー,楽天Kドリームス 並び予想
8620240926010006,2024-09-26,別府競輪,F2,A1/A2,6,Ａ級予選,10:10,10:05,7,https://keirin.kdreams.jp/beppu/racedetail/8620240926010006/?pageType=odds,2026-10-05T02:01:22.958467+00:00,5-1-7/2-4/3-6,published,ダービー,楽天Kドリームス 並び予想
8620240926010007,2024-09-26,別府競輪,F2,A1/A2,7,Ａ級初日特選,10:30,10:25,7,https://keirin.kdreams.jp/beppu/racedetail/8620240926010007/?pageType=odds,2026-10-05T02:01:24.977030+00:00,6-2-4/1/3-5-7,published,ダービー,楽天Kドリームス 並び予想
4820240926010001,2024-09-26,四日市競輪,F1,A1/A2,1,Ａ級予選,15:20,15:15,7,https://keirin.kdreams.jp/yokkaichi/racedetail/4820240926010001/?pageType=odds,2026-10-05T02:02:29.323595+00:00,7-2-5/1-4/6-3,published,富山中部,楽天Kドリームス 並び予想
4820240926010002,2024-09-26,四日市競輪,F1,A1/A2,2,Ａ級予選,15:45,15:40,7,https://keirin.kdreams.jp/yokkaichi/racedetail/4820240926010002/?pageType=odds,2026-10-05T02:02:31.056403+00:00,5-1-6/2-4/7-3,published,富山中部,楽天Kドリームス 並び予想
4820240926010003,2024-09-26,四日市競輪,F1,A1/A2,3,Ａ級予選,16:10,16:05,7,https://keirin.kdreams.jp/yokkaichi/racedetail/4820240926010003/?pageType=odds,2026-10-05T02:02:33.133953+00:00,1-5/7-2-6/4-3,published,富山中部,楽天Kドリームス 並び予想
4820240926010004,2024-09-26,四日市競輪,F1,A1/A2,4,Ａ級予選,16:35,16:30,7,https://keirin.kdreams.jp/yokkaichi/racedetail/4820240926010004/?pageType=odds,2026-10-05T02:02:34.952371+00:00,1-6/2-4-7/5-3,published,富山中部,楽天Kドリームス 並び予想
4820240926010005,2024-09-26,四日市競輪,F1,A1/A2,5,Ａ級初日特選,17:00,16:55,7,https://keirin.kdreams.jp/yokkaichi/racedetail/4820240926010005/?pageType=odds,2026-10-05T02:02:36.827063+00:00,1-4/3-7/5-6-2,published,富山中部,楽天Kドリームス 並び予想
3420240924030001,2024-09-26,川崎競輪,F2,A1/A2,1,Ａ級一般,20:40,20:35,7,https://keirin.kdreams.jp/kawasaki/racedetail/3420240924030001/?pageType=odds,2026-10-05T02:00:06.005695+00:00,4-1/2-5/7-3-6,published,小田競・サイクル,楽天Kドリームス 並び予想
3420240924030002,2024-09-26,川崎競輪,F2,A1/A2,2,Ａ級一般,21:05,21:00,7,https://keirin.kdreams.jp/kawasaki/racedetail/3420240924030002/?pageType=odds,2026-10-05T02:00:07.786281+00:00,1-4/2-5/6-3/7,published,小田競・サイクル,楽天Kドリームス 並び予想
3420240924030003,2024-09-26,川崎競輪,F2,A1/A2,3,Ａ級一般,21:30,21:25,7,https://keirin.kdreams.jp/kawasaki/racedetail/3420240924030003/?pageType=odds,2026-10-05T02:00:09.632542+00:00,1-5/2-4-7/6-3,published,小田競・サイクル,楽天Kドリームス 並び予想
3420240924030004,2024-09-26,川崎競輪,F2,A1/A2,4,Ａ級特選,21:55,21:50,7,https://keirin.kdreams.jp/kawasaki/racedetail/3420240924030004/?pageType=odds,2026-10-05T02:00:11.501561+00:00,1-2/3-5/4/6-7,published,小田競・サイクル,楽天Kドリームス 並び予想
3420240924030005,2024-09-26,川崎競輪,F2,A1/A2,5,Ａ級特選,22:20,22:15,7,https://keirin.kdreams.jp/kawasaki/racedetail/3420240924030005/?pageType=odds,2026-10-05T02:00:13.365037+00:00,2-1-6/5-4/7-3,published,小田競・サイクル,楽天Kドリームス 並び予想
3420240924030006,2024-09-26,川崎競輪,F2,A1/A2,6,Ａ級特選,22:45,22:40,7,https://keirin.kdreams.jp/kawasaki/racedetail/3420240924030006/?pageType=odds,2026-10-05T02:00:15.321948+00:00,1-4-7/2-3/6-5,published,小田競・サイクル,楽天Kドリームス 並び予想
3420240924030007,2024-09-26,川崎競輪,F2,A1/A2,7,Ａ級決勝,23:10,23:05,7,https://keirin.kdreams.jp/kawasaki/racedetail/3420240924030007/?pageType=odds,2026-10-05T02:00:17.239266+00:00,7-1-3-6/4-5-2,published,小田競・サイクル,楽天Kドリームス 並び予想
3520240926010006,2024-09-26,平塚競輪,F2,A1/A2,6,Ａ級予選,17:36,17:31,7,https://keirin.kdreams.jp/hiratsuka/racedetail/3520240926010006/?pageType=odds,2026-10-05T02:01:51.072905+00:00,5-1/3-4/2-7-6,published,小田競・サイクル,楽天Kドリームス 並び予想
3520240926010007,2024-09-26,平塚競輪,F2,A1/A2,7,Ａ級予選,18:03,17:58,7,https://keirin.kdreams.jp/hiratsuka/racedetail/3520240926010007/?pageType=odds,2026-10-05T02:01:52.960788+00:00,4-1-3/5-2-7/6,published,小田競・サイクル,楽天Kドリームス 並び予想
3520240926010008,2024-09-26,平塚競輪,F2,A1/A2,8,Ａ級予選,18:31,18:26,7,https://keirin.kdreams.jp/hiratsuka/racedetail/3520240926010008/?pageType=odds,2026-10-05T02:01:54.883382+00:00,1-5-6/7-3/2-4,published,小田競・サイクル,楽天Kドリームス 並び予想
3520240926010009,2024-09-26,平塚競輪,F2,A1/A2,9,Ａ級予選,18:59,18:54,7,https://keirin.kdreams.jp/hiratsuka/racedetail/3520240926010009/?pageType=odds,2026-10-05T02:01:56.647600+00:00,1-4-5/7-2/6-3,published,小田競・サイクル,楽天Kドリームス 並び予想
3520240926010010,2024-09-26,平塚競輪,F2,A1/A2,10,Ａ級予選,19:28,19:23,7,https://keirin.kdreams.jp/hiratsuka/racedetail/3520240926010010/?pageType=odds,2026-10-05T02:01:58.603578+00:00,3-5-7-1/6-2-4,published,小田競・サイクル,楽天Kドリームス 並び予想
3520240926010011,2024-09-26,平塚競輪,F2,A1/A2,11,Ａ級予選,19:58,19:53,7,https://keirin.kdreams.jp/hiratsuka/racedetail/3520240926010011/?pageType=odds,2026-10-05T02:02:00.279681+00:00,1-5-6/3/7-2-4,published,小田競・サイクル,楽天Kドリームス 並び予想
3520240926010012,2024-09-26,平塚競輪,F2,A1/A2,12,Ａ級初日特選,20:30,20:25,7,https://keirin.kdreams.jp/hiratsuka/racedetail/3520240926010012/?pageType=odds,2026-10-05T02:02:02.108947+00:00,3-4-2/6/7-1-5,published,小田競・サイクル,楽天Kドリームス 並び予想
5120240925020001,2024-09-26,福井競輪,F1,A1/A2,1,Ａ級一般,10:35,10:30,7,https://keirin.kdreams.jp/fukui/racedetail/5120240925020001/?pageType=odds,2026-10-05T02:00:28.135363+00:00,5-3-7/1/6/2-4,published,福井中部,楽天Kドリームス 並び予想
5120240925020002,2024-09-26,福井競輪,F1,A1/A2,2,Ａ級一般,11:01,10:56,7,https://keirin.kdreams.jp/fukui/racedetail/5120240925020002/?pageType=odds,2026-10-05T02:00:29.997819+00:00,1-3/7-4-5-6-2,published,福井中部,楽天Kドリームス 並び予想
5120240925020003,2024-09-26,福井競輪,F1,A1/A2,3,Ａ級準決勝,11:28,11:23,7,https://keirin.kdreams.jp/fukui/racedetail/5120240925020003/?pageType=odds,2026-10-05T02:00:31.773958+00:00,3-1-5/2-6/7-4,published,福井中部,楽天Kドリームス 並び予想
5120240925020004,2024-09-26,福井競輪,F1,A1/A2,4,Ａ級準決勝,11:55,11:50,7,https://keirin.kdreams.jp/fukui/racedetail/5120240925020004/?pageType=odds,2026-10-05T02:00:33.494822+00:00,4-1/6-2-5/7-3,published,福井中部,楽天Kドリームス 並び予想
5120240925020005,2024-09-26,福井競輪,F1,A1/A2,5,Ａ級準決勝,12:23,12:18,7,https://keirin.kdreams.jp/fukui/racedetail/5120240925020005/?pageType=odds,2026-10-05T02:00:35.425408+00:00,7-1-4/2-6/5-3,published,福井中部,楽天Kドリームス 並び予想
2820240925020003,2024-09-26,立川競輪,F2,A1/A2,3,Ａ級特一般,09:20,09:15,7,https://keirin.kdreams.jp/tachikawa/racedetail/2820240925020003/?pageType=odds,2026-10-05T02:00:56.267705+00:00,4-1/5-2-7/3/6,published,アオケイ,楽天Kドリームス 並び予想
2820240925020004,2024-09-26,立川競輪,F2,A1/A2,4,Ａ級特一般,09:40,09:35,7,https://keirin.kdreams.jp/tachikawa/racedetail/2820240925020004/?pageType=odds,2026-10-05T02:00:58.000647+00:00,5-1/6-4-2/3-7,published,アオケイ,楽天Kドリームス 並び予想
2820240925020005,2024-09-26,立川競輪,F2,A1/A2,5,Ａ級準決勝,10:00,09:55,7,https://keirin.kdreams.jp/tachikawa/racedetail/2820240925020005/?pageType=odds,2026-10-05T02:00:59.658403+00:00,1-7-4/2-5/6-3,published,アオケイ,楽天Kドリームス 並び予想
2820240925020006,2024-09-26,立川競輪,F2,A1/A2,6,Ａ級準決勝,10:20,10:15,7,https://keirin.kdreams.jp/tachikawa/racedetail/2820240925020006/?pageType=odds,2026-10-05T02:01:01.597936+00:00,1-4/7-2/5-3/6,published,アオケイ,楽天Kドリームス 並び予想
2820240925020007,2024-09-26,立川競輪,F2,A1/A2,7,Ａ級準決勝,10:40,10:35,7,https://keirin.kdreams.jp/tachikawa/racedetail/2820240925020007/?pageType=odds,2026-10-05T02:01:03.346352+00:00,1-5-7/2-4/6-3,published,アオケイ,楽天Kドリームス 並び予想
8620240926020001,2024-09-27,別府競輪,F2,A1/A2,1,Ａ級一般,08:30,08:25,7,https://keirin.kdreams.jp/beppu/racedetail/8620240926020001/?pageType=odds,2026-10-05T02:01:26.574455+00:00,1-2/3-7/4-6/5,published,ダービー,楽天Kドリームス 並び予想
8620240926020002,2024-09-27,別府競輪,F2,A1/A2,2,Ａ級一般,08:50,08:45,7,https://keirin.kdreams.jp/beppu/racedetail/8620240926020002/?pageType=odds,2026-10-05T02:01:28.194250+00:00,1/2/5-4-3-7/6,published,ダービー,楽天Kドリームス 並び予想
8620240926020003,2024-09-27,別府競輪,F2,A1/A2,3,Ａ級選抜,09:10,09:05,7,https://keirin.kdreams.jp/beppu/racedetail/8620240926020003/?pageType=odds,2026-10-05T02:01:29.943256+00:00,1/3-5-6/7-2/4,published,ダービー,楽天Kドリームス 並び予想
8620240926020004,2024-09-27,別府競輪,F2,A1/A2,4,Ａ級選抜,09:30,09:25,7,https://keirin.kdreams.jp/beppu/racedetail/8620240926020004/?pageType=odds,2026-10-05T02:01:31.748029+00:00,7-4-5-2/1-6/3,published,ダービー,楽天Kドリームス 並び予想
8620240926020005,2024-09-27,別府競輪,F2,A1/A2,5,Ａ級準決勝,09:50,09:45,7,https://keirin.kdreams.jp/beppu/racedetail/8620240926020005/?pageType=odds,2026-10-05T02:01:33.474026+00:00,4-1/2-7/3-5-6,published,ダービー,楽天Kドリームス 並び予想
8620240926020006,2024-09-27,別府競輪,F2,A1/A2,6,Ａ級準決勝,10:10,10:05,7,https://keirin.kdreams.jp/beppu/racedetail/8620240926020006/?pageType=odds,2026-10-05T02:01:35.300089+00:00,7-1/5-2/4/3-6,published,ダービー,楽天Kドリームス 並び予想
8620240926020007,2024-09-27,別府競輪,F2,A1/A2,7,Ａ級準決勝,10:30,10:25,7,https://keirin.kdreams.jp/beppu/racedetail/8620240926020007/?pageType=odds,2026-10-05T02:01:37.033051+00:00,5-1/7-2/3-4/6,published,ダービー,楽天Kドリームス 並び予想
4820240926020001,2024-09-27,四日市競輪,F1,A1/A2,1,Ａ級一般,15:20,15:15,7,https://keirin.kdreams.jp/yokkaichi/racedetail/4820240926020001/?pageType=odds,2026-10-05T02:02:38.599579+00:00,7-4-2/1-5/3-6,published,富山中部,楽天Kドリームス 並び予想
4820240926020002,2024-09-27,四日市競輪,F1,A1/A2,2,Ａ級一般,15:45,15:40,7,https://keirin.kdreams.jp/yokkaichi/racedetail/4820240926020002/?pageType=odds,2026-10-05T02:02:40.759120+00:00,3-4-1-6-5/2-7,published,富山中部,楽天Kドリームス 並び予想
4820240926020003,2024-09-27,四日市競輪,F1,A1/A2,3,Ａ級準決勝,16:11,16:06,7,https://keirin.kdreams.jp/yokkaichi/racedetail/4820240926020003/?pageType=odds,2026-10-05T02:02:42.478910+00:00,1-5-6/4-2/3-7,published,富山中部,楽天Kドリームス 並び予想
4820240926020004,2024-09-27,四日市競輪,F1,A1/A2,4,Ａ級準決勝,16:37,16:32,7,https://keirin.kdreams.jp/yokkaichi/racedetail/4820240926020004/?pageType=odds,2026-10-05T02:02:44.223250+00:00,6-1/4-2/3-5-7,published,富山中部,楽天Kドリームス 並び予想
4820240926020005,2024-09-27,四日市競輪,F1,A1/A2,5,Ａ級準決勝,17:03,16:58,7,https://keirin.kdreams.jp/yokkaichi/racedetail/4820240926020005/?pageType=odds,2026-10-05T02:02:46.313152+00:00,5-1/3-7/2-4-6,published,富山中部,楽天Kドリームス 並び予想
5620240927010003,2024-09-27,岸和田競輪,F2,A1/A2,3,Ａ級予選,21:20,21:15,7,https://keirin.kdreams.jp/kishiwada/racedetail/5620240927010003/?pageType=odds,2026-10-05T02:02:54.354341+00:00,2-1-6/3-4/7-5,published,競輪研究,楽天Kドリームス 並び予想
5620240927010004,2024-09-27,岸和田競輪,F2,A1/A2,4,Ａ級予選,21:40,21:35,7,https://keirin.kdreams.jp/kishiwada/racedetail/5620240927010004/?pageType=odds,2026-10-05T02:02:55.437243+00:00,3-4-1-7/2-6/5,published,競輪研究,楽天Kドリームス 並び予想
5620240927010005,2024-09-27,岸和田競輪,F2,A1/A2,5,Ａ級予選,22:00,21:55,7,https://keirin.kdreams.jp/kishiwada/racedetail/5620240927010005/?pageType=odds,2026-10-05T02:02:56.737412+00:00,3-1-7/5/6/2-4,published,競輪研究,楽天Kドリームス 並び予想
5620240927010006,2024-09-27,岸和田競輪,F2,A1/A2,6,Ａ級予選,22:20,22:15,7,https://keirin.kdreams.jp/kishiwada/racedetail/5620240927010006/?pageType=odds,2026-10-05T02:02:58.641348+00:00,1-2-4-5/6-3-7,published,競輪研究,楽天Kドリームス 並び予想
5620240927010007,2024-09-27,岸和田競輪,F2,A1/A2,7,Ａ級予選,22:40,22:35,7,https://keirin.kdreams.jp/kishiwada/racedetail/5620240927010007/?pageType=odds,2026-10-05T02:03:00.359954+00:00,2-1-3/6-4/7-5,published,競輪研究,楽天Kドリームス 並び予想
5620240927010008,2024-09-27,岸和田競輪,F2,A1/A2,8,Ａ級予選,23:00,22:55,7,https://keirin.kdreams.jp/kishiwada/racedetail/5620240927010008/?pageType=odds,2026-10-05T02:03:02.335586+00:00,1-2-5/7/4-3-6,published,競輪研究,楽天Kドリームス 並び予想
5620240927010009,2024-09-27,岸和田競輪,F2,A1/A2,9,Ａ級初日特選,23:20,23:15,7,https://keirin.kdreams.jp/kishiwada/racedetail/5620240927010009/?pageType=odds,2026-10-05T02:03:04.077519+00:00,1/2/7-3/6-4-5,published,競輪研究,楽天Kドリームス 並び予想
3520240926020006,2024-09-27,平塚競輪,F2,A1/A2,6,Ａ級一般,17:36,17:31,7,https://keirin.kdreams.jp/hiratsuka/racedetail/3520240926020006/?pageType=odds,2026-10-05T02:02:03.869372+00:00,7-1-5/3/4/6-2,published,小田競・サイクル,楽天Kドリームス 並び予想
3520240926020007,2024-09-27,平塚競輪,F2,A1/A2,7,Ａ級一般,18:03,17:58,7,https://keirin.kdreams.jp/hiratsuka/racedetail/3520240926020007/?pageType=odds,2026-10-05T02:02:05.627806+00:00,5-1/2-7/6/3-4,published,小田競・サイクル,楽天Kドリームス 並び予想
3520240926020008,2024-09-27,平塚競輪,F2,A1/A2,8,Ａ級選抜,18:30,18:25,7,https://keirin.kdreams.jp/hiratsuka/racedetail/3520240926020008/?pageType=odds,2026-10-05T02:02:07.565871+00:00,6-1/2-5/4/7-3,published,小田競・サイクル,楽天Kドリームス 並び予想
3520240926020009,2024-09-27,平塚競輪,F2,A1/A2,9,Ａ級選抜,18:57,18:52,7,https://keirin.kdreams.jp/hiratsuka/racedetail/3520240926020009/?pageType=odds,2026-10-05T02:02:08.967273+00:00,3-6/1-4/7-2-5,published,小田競・サイクル,楽天Kドリームス 並び予想
3520240926020010,2024-09-27,平塚競輪,F2,A1/A2,10,Ａ級準決勝,19:28,19:23,7,https://keirin.kdreams.jp/hiratsuka/racedetail/3520240926020010/?pageType=odds,2026-10-05T02:02:10.959817+00:00,4-1/5-3-6/7-2,published,小田競・サイクル,楽天Kドリームス 並び予想
3520240926020011,2024-09-27,平塚競輪,F2,A1/A2,11,Ａ級準決勝,19:59,19:54,7,https://keirin.kdreams.jp/hiratsuka/racedetail/3520240926020011/?pageType=odds,2026-10-05T02:02:12.798953+00:00,1-5/7-2/4-3-6,published,小田競・サイクル,楽天Kドリームス 並び予想
3520240926020012,2024-09-27,平塚競輪,F2,A1/A2,12,Ａ級準決勝,20:30,20:25,7,https://keirin.kdreams.jp/hiratsuka/racedetail/3520240926020012/?pageType=odds,2026-10-05T02:02:14.518103+00:00,1-3-7/2-5-4/6,published,小田競・サイクル,楽天Kドリームス 並び予想
4720240927010003,2024-09-27,松阪競輪,F2,A1/A2,3,Ａ級予選,21:30,21:25,7,https://keirin.kdreams.jp/matsusaka/racedetail/4720240927010003/?pageType=odds,2026-10-05T02:03:31.673395+00:00,1-2-5/7/3-4-6,published,中部競輪,楽天Kドリームス 並び予想
4720240927010004,2024-09-27,松阪競輪,F2,A1/A2,4,Ａ級予選,21:50,21:45,7,https://keirin.kdreams.jp/matsusaka/racedetail/4720240927010004/?pageType=odds,2026-10-05T02:03:33.478379+00:00,1-5/2-3/4-6-7,published,中部競輪,楽天Kドリームス 並び予想
4720240927010005,2024-09-27,松阪競輪,F2,A1/A2,5,Ａ級予選,22:10,22:05,7,https://keirin.kdreams.jp/matsusaka/racedetail/4720240927010005/?pageType=odds,2026-10-05T02:03:35.166442+00:00,1-3-6/4-2/5-7,published,中部競輪,楽天Kドリームス 並び予想
4720240927010006,2024-09-27,松阪競輪,F2,A1/A2,6,Ａ級予選,22:30,22:25,7,https://keirin.kdreams.jp/matsusaka/racedetail/4720240927010006/?pageType=odds,2026-10-05T02:03:36.900364+00:00,4-1/2-3/5-6/7,published,中部競輪,楽天Kドリームス 並び予想
4720240927010007,2024-09-27,松阪競輪,F2,A1/A2,7,Ａ級予選,22:50,22:45,7,https://keirin.kdreams.jp/matsusaka/racedetail/4720240927010007/?pageType=odds,2026-10-05T02:03:38.527922+00:00,5-1/2-3-6/7-4,published,中部競輪,楽天Kドリームス 並び予想
4720240927010008,2024-09-27,松阪競輪,F2,A1/A2,8,Ａ級予選,23:10,23:05,7,https://keirin.kdreams.jp/matsusaka/racedetail/4720240927010008/?pageType=odds,2026-10-05T02:03:40.220801+00:00,1-2-7/3/6/5-4,published,中部競輪,楽天Kドリームス 並び予想
4720240927010009,2024-09-27,松阪競輪,F2,A1/A2,9,Ａ級初日特選,23:30,23:25,7,https://keirin.kdreams.jp/matsusaka/racedetail/4720240927010009/?pageType=odds,2026-10-05T02:03:42.468008+00:00,1-2/3-5/4/6/7,published,中部競輪,楽天Kドリームス 並び予想
5120240925030001,2024-09-27,福井競輪,F1,A1/A2,1,Ａ級一般,10:35,10:30,7,https://keirin.kdreams.jp/fukui/racedetail/5120240925030001/?pageType=odds,2026-10-05T02:00:37.588977+00:00,1-5-7-3-4/6-2,published,福井中部,楽天Kドリームス 並び予想
5120240925030002,2024-09-27,福井競輪,F1,A1/A2,2,Ａ級一般,11:01,10:56,7,https://keirin.kdreams.jp/fukui/racedetail/5120240925030002/?pageType=odds,2026-10-05T02:00:39.257368+00:00,5-1-4/6/7-2-3,published,福井中部,楽天Kドリームス 並び予想
5120240925030003,2024-09-27,福井競輪,F1,A1/A2,3,Ａ級特選,11:28,11:23,7,https://keirin.kdreams.jp/fukui/racedetail/5120240925030003/?pageType=odds,2026-10-05T02:00:41.026625+00:00,4-1-6/5-2/3-7,published,福井中部,楽天Kドリームス 並び予想
5120240925030004,2024-09-27,福井競輪,F1,A1/A2,4,Ａ級特選,11:55,11:50,7,https://keirin.kdreams.jp/fukui/racedetail/5120240925030004/?pageType=odds,2026-10-05T02:00:42.740529+00:00,6-1/2-5-7/4-3,published,福井中部,楽天Kドリームス 並び予想
5120240925030011,2024-09-27,福井競輪,F1,A1/A2,11,Ａ級決勝,15:41,15:36,7,https://keirin.kdreams.jp/fukui/racedetail/5120240925030011/?pageType=odds,2026-10-05T02:00:44.656754+00:00,1-5-6/2-7/4-3,published,福井中部,楽天Kドリームス 並び予想
2820240925030002,2024-09-27,立川競輪,F2,A1/A2,2,Ａ級特一般,09:00,08:55,7,https://keirin.kdreams.jp/tachikawa/racedetail/2820240925030002/?pageType=odds,2026-10-05T02:01:05.228488+00:00,4-1-5/6-2/7-3,published,アオケイ,楽天Kドリームス 並び予想
2820240925030003,2024-09-27,立川競輪,F2,A1/A2,3,Ａ級特一般,09:20,09:15,7,https://keirin.kdreams.jp/tachikawa/racedetail/2820240925030003/?pageType=odds,2026-10-05T02:01:06.990545+00:00,4-1/2-7-6/3-5,published,アオケイ,楽天Kドリームス 並び予想
2820240925030004,2024-09-27,立川競輪,F2,A1/A2,4,Ａ級特選,09:40,09:35,7,https://keirin.kdreams.jp/tachikawa/racedetail/2820240925030004/?pageType=odds,2026-10-05T02:01:08.756402+00:00,3-7/1/6-2-4/5,published,アオケイ,楽天Kドリームス 並び予想
2820240925030005,2024-09-27,立川競輪,F2,A1/A2,5,Ａ級特選,10:00,09:55,7,https://keirin.kdreams.jp/tachikawa/racedetail/2820240925030005/?pageType=odds,2026-10-05T02:01:10.487906+00:00,1-7/2-5/3/4/6,published,アオケイ,楽天Kドリームス 並び予想
2820240925030007,2024-09-27,立川競輪,F2,A1/A2,7,Ａ級決勝,10:40,10:35,7,https://keirin.kdreams.jp/tachikawa/racedetail/2820240925030007/?pageType=odds,2026-10-05T02:01:12.339412+00:00,7-6-1/2-3-5/4,published,アオケイ,楽天Kドリームス 並び予想
8620240926030001,2024-09-28,別府競輪,F2,A1/A2,1,Ａ級一般,08:30,08:25,7,https://keirin.kdreams.jp/beppu/racedetail/8620240926030001/?pageType=odds,2026-10-05T02:01:39.058622+00:00,5-1/3/7/6-4-2,published,ダービー,楽天Kドリームス 並び予想
8620240926030002,2024-09-28,別府競輪,F2,A1/A2,2,Ａ級一般,08:50,08:45,7,https://keirin.kdreams.jp/beppu/racedetail/8620240926030002/?pageType=odds,2026-10-05T02:01:40.774379+00:00,7-1-4/3-6/5-2,published,ダービー,楽天Kドリームス 並び予想
8620240926030003,2024-09-28,別府競輪,F2,A1/A2,3,Ａ級一般,09:10,09:05,7,https://keirin.kdreams.jp/beppu/racedetail/8620240926030003/?pageType=odds,2026-10-05T02:01:42.493780+00:00,7-1-5/2/6/4-3,published,ダービー,楽天Kドリームス 並び予想
8620240926030004,2024-09-28,別府競輪,F2,A1/A2,4,Ａ級特選,09:30,09:25,7,https://keirin.kdreams.jp/beppu/racedetail/8620240926030004/?pageType=odds,2026-10-05T02:01:44.212684+00:00,1-4-5/7-2/6-3,published,ダービー,楽天Kドリームス 並び予想
8620240926030005,2024-09-28,別府競輪,F2,A1/A2,5,Ａ級特選,09:50,09:45,7,https://keirin.kdreams.jp/beppu/racedetail/8620240926030005/?pageType=odds,2026-10-05T02:01:45.834875+00:00,4-1-6/7-2/5-3,published,ダービー,楽天Kドリームス 並び予想
8620240926030006,2024-09-28,別府競輪,F2,A1/A2,6,Ａ級特選,10:10,10:05,7,https://keirin.kdreams.jp/beppu/racedetail/8620240926030006/?pageType=odds,2026-10-05T02:01:47.626427+00:00,1-7-5/4-2/3-6,published,ダービー,楽天Kドリームス 並び予想
8620240926030007,2024-09-28,別府競輪,F2,A1/A2,7,Ａ級決勝,10:30,10:25,7,https://keirin.kdreams.jp/beppu/racedetail/8620240926030007/?pageType=odds,2026-10-05T02:01:49.343179+00:00,1-6-5/3/4-2-7,published,ダービー,楽天Kドリームス 並び予想
5520240928010008,2024-09-28,和歌山競輪,F2,A1/A2,8,Ａ級特予選,14:00,13:55,7,https://keirin.kdreams.jp/wakayama/racedetail/5520240928010008/?pageType=odds,2026-10-05T02:04:09.605469+00:00,2-7-4/1-6/5-3,published,競輪研究,楽天Kドリームス 並び予想
5520240928010009,2024-09-28,和歌山競輪,F2,A1/A2,9,Ａ級特予選,14:25,14:20,7,https://keirin.kdreams.jp/wakayama/racedetail/5520240928010009/?pageType=odds,2026-10-05T02:04:11.378235+00:00,6-2/3-7/1/4-5,published,競輪研究,楽天Kドリームス 並び予想
5520240928010010,2024-09-28,和歌山競輪,F2,A1/A2,10,Ａ級特予選,14:55,14:50,7,https://keirin.kdreams.jp/wakayama/racedetail/5520240928010010/?pageType=odds,2026-10-05T02:04:13.138886+00:00,1-5-6/7-2-3/4,published,競輪研究,楽天Kドリームス 並び予想
5520240928010011,2024-09-28,和歌山競輪,F2,A1/A2,11,Ａ級特予選,15:30,15:25,7,https://keirin.kdreams.jp/wakayama/racedetail/5520240928010011/?pageType=odds,2026-10-05T02:04:15.127838+00:00,4-1-6/2-5/7-3,published,競輪研究,楽天Kドリームス 並び予想
5520240928010012,2024-09-28,和歌山競輪,F2,A1/A2,12,Ａ級初日特選,16:10,16:05,7,https://keirin.kdreams.jp/wakayama/racedetail/5520240928010012/?pageType=odds,2026-10-05T02:04:16.969824+00:00,4-1/2-6/7-5-3,published,競輪研究,楽天Kドリームス 並び予想
4820240926030001,2024-09-28,四日市競輪,F1,A1/A2,1,Ａ級一般,15:35,15:30,6,https://keirin.kdreams.jp/yokkaichi/racedetail/4820240926030001/?pageType=odds,2026-10-05T02:02:47.886815+00:00,2-5-1/4/6-3,published,富山中部,楽天Kドリームス 並び予想
4820240926030002,2024-09-28,四日市競輪,F1,A1/A2,2,Ａ級一般,16:00,15:55,7,https://keirin.kdreams.jp/yokkaichi/racedetail/4820240926030002/?pageType=odds,2026-10-05T02:02:49.618469+00:00,1-7-4/6/5-2-3,published,富山中部,楽天Kドリームス 並び予想
4820240926030003,2024-09-28,四日市競輪,F1,A1/A2,3,Ａ級特選,16:25,16:20,7,https://keirin.kdreams.jp/yokkaichi/racedetail/4820240926030003/?pageType=odds,2026-10-05T02:02:50.840023+00:00,5-3-4/1-7/2-6,published,富山中部,楽天Kドリームス 並び予想
4820240926030004,2024-09-28,四日市競輪,F1,A1/A2,4,Ａ級特選,16:50,16:45,7,https://keirin.kdreams.jp/yokkaichi/racedetail/4820240926030004/?pageType=odds,2026-10-05T02:02:51.929860+00:00,5-1/3/2-6/7-4,published,富山中部,楽天Kドリームス 並び予想
4820240926030011,2024-09-28,四日市競輪,F1,A1/A2,11,Ａ級決勝,20:01,19:56,7,https://keirin.kdreams.jp/yokkaichi/racedetail/4820240926030011/?pageType=odds,2026-10-05T02:02:53.214722+00:00,4-7-1/3-6/5-2,published,富山中部,楽天Kドリームス 並び予想
5620240927020003,2024-09-28,岸和田競輪,F2,A1/A2,3,Ａ級一般,21:20,21:15,6,https://keirin.kdreams.jp/kishiwada/racedetail/5620240927020003/?pageType=odds,2026-10-05T02:03:05.674778+00:00,1/2/4-3-6/5,published,競輪研究,楽天Kドリームス 並び予想
5620240927020004,2024-09-28,岸和田競輪,F2,A1/A2,4,Ａ級一般,21:40,21:35,7,https://keirin.kdreams.jp/kishiwada/racedetail/5620240927020004/?pageType=odds,2026-10-05T02:03:07.428016+00:00,4-1-2/3/5-6/7,published,競輪研究,楽天Kドリームス 並び予想
5620240927020005,2024-09-28,岸和田競輪,F2,A1/A2,5,Ａ級選抜,22:00,21:55,7,https://keirin.kdreams.jp/kishiwada/racedetail/5620240927020005/?pageType=odds,2026-10-05T02:03:09.332480+00:00,3-1-5-7-4/2/6,published,競輪研究,楽天Kドリームス 並び予想
5620240927020006,2024-09-28,岸和田競輪,F2,A1/A2,6,Ａ級選抜,22:20,22:15,7,https://keirin.kdreams.jp/kishiwada/racedetail/5620240927020006/?pageType=odds,2026-10-05T02:03:11.241639+00:00,1-2/3-4-5/7-6,published,競輪研究,楽天Kドリームス 並び予想
5620240927020007,2024-09-28,岸和田競輪,F2,A1/A2,7,Ａ級準決勝,22:40,22:35,7,https://keirin.kdreams.jp/kishiwada/racedetail/5620240927020007/?pageType=odds,2026-10-05T02:03:13.105253+00:00,2-1-7/4-3/5-6,published,競輪研究,楽天Kドリームス 並び予想
5620240927020008,2024-09-28,岸和田競輪,F2,A1/A2,8,Ａ級準決勝,23:00,22:55,7,https://keirin.kdreams.jp/kishiwada/racedetail/5620240927020008/?pageType=odds,2026-10-05T02:03:14.877396+00:00,1-5/4/3-2-6/7,published,競輪研究,楽天Kドリームス 並び予想
5620240927020009,2024-09-28,岸和田競輪,F2,A1/A2,9,Ａ級準決勝,23:20,23:15,7,https://keirin.kdreams.jp/kishiwada/racedetail/5620240927020009/?pageType=odds,2026-10-05T02:03:16.704098+00:00,4-2/5-1-3-6/7,published,競輪研究,楽天Kドリームス 並び予想
3520240926030005,2024-09-28,平塚競輪,F2,A1/A2,5,Ａ級一般,17:05,17:00,7,https://keirin.kdreams.jp/hiratsuka/racedetail/3520240926030005/?pageType=odds,2026-10-05T02:02:16.494262+00:00,1-7/6-4-2/3-5,published,小田競・サイクル,楽天Kドリームス 並び予想
3520240926030006,2024-09-28,平塚競輪,F2,A1/A2,6,Ａ級一般,17:30,17:25,7,https://keirin.kdreams.jp/hiratsuka/racedetail/3520240926030006/?pageType=odds,2026-10-05T02:02:18.193982+00:00,1-5/2-4-7/3-6,published,小田競・サイクル,楽天Kドリームス 並び予想
3520240926030007,2024-09-28,平塚競輪,F2,A1/A2,7,Ａ級一般,17:57,17:52,7,https://keirin.kdreams.jp/hiratsuka/racedetail/3520240926030007/?pageType=odds,2026-10-05T02:02:20.016171+00:00,1-5/6-2-4/7-3,published,小田競・サイクル,楽天Kドリームス 並び予想
3520240926030008,2024-09-28,平塚競輪,F2,A1/A2,8,Ａ級特選,18:25,18:20,7,https://keirin.kdreams.jp/hiratsuka/racedetail/3520240926030008/?pageType=odds,2026-10-05T02:02:21.886519+00:00,4-1/2-5-6/3/7,published,小田競・サイクル,楽天Kドリームス 並び予想
3520240926030009,2024-09-28,平塚競輪,F2,A1/A2,9,Ａ級特選,18:54,18:49,7,https://keirin.kdreams.jp/hiratsuka/racedetail/3520240926030009/?pageType=odds,2026-10-05T02:02:23.750899+00:00,1-7-4-3/5-2-6,published,小田競・サイクル,楽天Kドリームス 並び予想
3520240926030010,2024-09-28,平塚競輪,F2,A1/A2,10,Ａ級特選,19:24,19:19,7,https://keirin.kdreams.jp/hiratsuka/racedetail/3520240926030010/?pageType=odds,2026-10-05T02:02:25.541206+00:00,1-4-3/6/5-2-7,published,小田競・サイクル,楽天Kドリームス 並び予想
3520240926030012,2024-09-28,平塚競輪,F2,A1/A2,12,Ａ級決勝,20:30,20:25,7,https://keirin.kdreams.jp/hiratsuka/racedetail/3520240926030012/?pageType=odds,2026-10-05T02:02:27.539059+00:00,4-3/5-1/2-6-7,published,小田競・サイクル,楽天Kドリームス 並び予想
4720240927020003,2024-09-28,松阪競輪,F2,A1/A2,3,Ａ級一般,21:30,21:25,6,https://keirin.kdreams.jp/matsusaka/racedetail/4720240927020003/?pageType=odds,2026-10-05T02:03:44.167846+00:00,2-4-5/1-6/3,published,中部競輪,楽天Kドリームス 並び予想
4720240927020004,2024-09-28,松阪競輪,F2,A1/A2,4,Ａ級一般,21:50,21:45,6,https://keirin.kdreams.jp/matsusaka/racedetail/4720240927020004/?pageType=odds,2026-10-05T02:03:45.970902+00:00,2-1-4-3/5/6,published,中部競輪,楽天Kドリームス 並び予想
4720240927020005,2024-09-28,松阪競輪,F2,A1/A2,5,Ａ級選抜,22:10,22:05,7,https://keirin.kdreams.jp/matsusaka/racedetail/4720240927020005/?pageType=odds,2026-10-05T02:03:47.785137+00:00,1-2/3-7/5-4-6,published,中部競輪,楽天Kドリームス 並び予想
4720240927020006,2024-09-28,松阪競輪,F2,A1/A2,6,Ａ級選抜,22:30,22:25,7,https://keirin.kdreams.jp/matsusaka/racedetail/4720240927020006/?pageType=odds,2026-10-05T02:03:49.520980+00:00,2-1-4-6/7/3-5,published,中部競輪,楽天Kドリームス 並び予想
4720240927020007,2024-09-28,松阪競輪,F2,A1/A2,7,Ａ級準決勝,22:50,22:45,7,https://keirin.kdreams.jp/matsusaka/racedetail/4720240927020007/?pageType=odds,2026-10-05T02:03:51.278221+00:00,2-5/6-1/7-4/3,published,中部競輪,楽天Kドリームス 並び予想
4720240927020008,2024-09-28,松阪競輪,F2,A1/A2,8,Ａ級準決勝,23:10,23:05,7,https://keirin.kdreams.jp/matsusaka/racedetail/4720240927020008/?pageType=odds,2026-10-05T02:03:52.986479+00:00,1-3/2-6/7-4-5,published,中部競輪,楽天Kドリームス 並び予想
4720240927020009,2024-09-28,松阪競輪,F2,A1/A2,9,Ａ級準決勝,23:30,23:25,7,https://keirin.kdreams.jp/matsusaka/racedetail/4720240927020009/?pageType=odds,2026-10-05T02:03:54.820623+00:00,1-5-7/4-2/6-3,published,中部競輪,楽天Kドリームス 並び予想
8320240929010008,2024-09-29,久留米競輪,F2,A1/A2,8,Ａ級特予選,18:36,18:31,7,https://keirin.kdreams.jp/kurume/racedetail/8320240929010008/?pageType=odds,2026-10-05T02:05:34.580841+00:00,3-5/4-1-6/7-2,published,コンドル出版社,楽天Kドリームス 並び予想
8320240929010009,2024-09-29,久留米競輪,F2,A1/A2,9,Ａ級特予選,18:59,18:54,7,https://keirin.kdreams.jp/kurume/racedetail/8320240929010009/?pageType=odds,2026-10-05T02:05:36.466752+00:00,5-3-4/1/7-2/6,published,コンドル出版社,楽天Kドリームス 並び予想
8320240929010010,2024-09-29,久留米競輪,F2,A1/A2,10,Ａ級特予選,19:24,19:19,7,https://keirin.kdreams.jp/kurume/racedetail/8320240929010010/?pageType=odds,2026-10-05T02:05:38.197878+00:00,7-1/2-5/4-3-6,published,コンドル出版社,楽天Kドリームス 並び予想
8320240929010011,2024-09-29,久留米競輪,F2,A1/A2,11,Ａ級特予選,19:49,19:44,7,https://keirin.kdreams.jp/kurume/racedetail/8320240929010011/?pageType=odds,2026-10-05T02:05:40.082571+00:00,7-2-4/6-1/5-3,published,コンドル出版社,楽天Kドリームス 並び予想
8320240929010012,2024-09-29,久留米競輪,F2,A1/A2,12,Ａ級初日特選,20:15,20:10,7,https://keirin.kdreams.jp/kurume/racedetail/8320240929010012/?pageType=odds,2026-10-05T02:05:41.797783+00:00,2-4-6/1-5/3-7,published,コンドル出版社,楽天Kドリームス 並び予想
5520240928020008,2024-09-29,和歌山競輪,F2,A1/A2,8,Ａ級特一般,14:00,13:55,7,https://keirin.kdreams.jp/wakayama/racedetail/5520240928020008/?pageType=odds,2026-10-05T02:04:18.848061+00:00,7-4-1/5-2-3/6,published,競輪研究,楽天Kドリームス 並び予想
5520240928020009,2024-09-29,和歌山競輪,F2,A1/A2,9,Ａ級特一般,14:30,14:25,7,https://keirin.kdreams.jp/wakayama/racedetail/5520240928020009/?pageType=odds,2026-10-05T02:04:20.600049+00:00,5-1-3-6/4-2-7,published,競輪研究,楽天Kドリームス 並び予想
5520240928020010,2024-09-29,和歌山競輪,F2,A1/A2,10,Ａ級準決勝,15:05,15:00,7,https://keirin.kdreams.jp/wakayama/racedetail/5520240928020010/?pageType=odds,2026-10-05T02:04:22.551838+00:00,1-4/2-5-7/3-6,published,競輪研究,楽天Kドリームス 並び予想
5520240928020011,2024-09-29,和歌山競輪,F2,A1/A2,11,Ａ級準決勝,15:45,15:40,7,https://keirin.kdreams.jp/wakayama/racedetail/5520240928020011/?pageType=odds,2026-10-05T02:04:24.526553+00:00,1-7/6-2/5-3/4,published,競輪研究,楽天Kドリームス 並び予想
5520240928020012,2024-09-29,和歌山競輪,F2,A1/A2,12,Ａ級準決勝,16:25,16:20,7,https://keirin.kdreams.jp/wakayama/racedetail/5520240928020012/?pageType=odds,2026-10-05T02:04:26.436083+00:00,4-2/7-5-1/3-6,published,競輪研究,楽天Kドリームス 並び予想
7320240929010001,2024-09-29,小松島競輪,F1,A1/A2,1,Ａ級予選,10:36,10:31,7,https://keirin.kdreams.jp/komatsushima/racedetail/7320240929010001/?pageType=odds,2026-10-05T02:05:05.975757+00:00,5-1-7/3-4/6-2,published,競輪毎日,楽天Kドリームス 並び予想
7320240929010002,2024-09-29,小松島競輪,F1,A1/A2,2,Ａ級予選,11:03,10:58,7,https://keirin.kdreams.jp/komatsushima/racedetail/7320240929010002/?pageType=odds,2026-10-05T02:05:07.845445+00:00,5-3/1-4-6/2-7,published,競輪毎日,楽天Kドリームス 並び予想
7320240929010003,2024-09-29,小松島競輪,F1,A1/A2,3,Ａ級予選,11:30,11:25,7,https://keirin.kdreams.jp/komatsushima/racedetail/7320240929010003/?pageType=odds,2026-10-05T02:05:09.538299+00:00,7-5-1/6-2/3-4,published,競輪毎日,楽天Kドリームス 並び予想
7320240929010004,2024-09-29,小松島競輪,F1,A1/A2,4,Ａ級予選,11:57,11:52,7,https://keirin.kdreams.jp/komatsushima/racedetail/7320240929010004/?pageType=odds,2026-10-05T02:05:11.387432+00:00,2-5-4-6/7-1/3,published,競輪毎日,楽天Kドリームス 並び予想
7320240929010005,2024-09-29,小松島競輪,F1,A1/A2,5,Ａ級初日特選,12:24,12:19,7,https://keirin.kdreams.jp/komatsushima/racedetail/7320240929010005/?pageType=odds,2026-10-05T02:05:13.220900+00:00,5-1-7/2/6-4-3,published,競輪毎日,楽天Kドリームス 並び予想
5620240927030002,2024-09-29,岸和田競輪,F2,A1/A2,2,Ａ級一般,21:00,20:55,6,https://keirin.kdreams.jp/kishiwada/racedetail/5620240927030002/?pageType=odds,2026-10-05T02:03:18.591747+00:00,1-5-4/3-2-6,published,競輪研究,楽天Kドリームス 並び予想
5620240927030003,2024-09-29,岸和田競輪,F2,A1/A2,3,Ａ級一般,21:20,21:15,6,https://keirin.kdreams.jp/kishiwada/racedetail/5620240927030003/?pageType=odds,2026-10-05T02:03:20.357847+00:00,1-3-6/2-4/5,published,競輪研究,楽天Kドリームス 並び予想
5620240927030004,2024-09-29,岸和田競輪,F2,A1/A2,4,Ａ級一般,21:40,21:35,6,https://keirin.kdreams.jp/kishiwada/racedetail/5620240927030004/?pageType=odds,2026-10-05T02:03:22.028608+00:00,4-3-2/1/5/6,published,競輪研究,楽天Kドリームス 並び予想
5620240927030005,2024-09-29,岸和田競輪,F2,A1/A2,5,Ａ級特選,22:00,21:55,7,https://keirin.kdreams.jp/kishiwada/racedetail/5620240927030005/?pageType=odds,2026-10-05T02:03:23.766074+00:00,2-1-6/4-3/7-5,published,競輪研究,楽天Kドリームス 並び予想
5620240927030006,2024-09-29,岸和田競輪,F2,A1/A2,6,Ａ級特選,22:20,22:15,7,https://keirin.kdreams.jp/kishiwada/racedetail/5620240927030006/?pageType=odds,2026-10-05T02:03:26.014847+00:00,1-3/2-6-7/4-5,published,競輪研究,楽天Kドリームス 並び予想
5620240927030007,2024-09-29,岸和田競輪,F2,A1/A2,7,Ａ級特選,22:40,22:35,7,https://keirin.kdreams.jp/kishiwada/racedetail/5620240927030007/?pageType=odds,2026-10-05T02:03:27.779216+00:00,1-3/4-2-5/7-6,published,競輪研究,楽天Kドリームス 並び予想
5620240927030009,2024-09-29,岸和田競輪,F2,A1/A2,9,Ａ級決勝,23:20,23:15,7,https://keirin.kdreams.jp/kishiwada/racedetail/5620240927030009/?pageType=odds,2026-10-05T02:03:29.596192+00:00,1-5/2-7/6-3-4,published,競輪研究,楽天Kドリームス 並び予想
3420240929010001,2024-09-29,川崎競輪,F1,A1/A2,1,Ａ級予選,16:07,16:02,7,https://keirin.kdreams.jp/kawasaki/racedetail/3420240929010001/?pageType=odds,2026-10-05T02:04:38.208566+00:00,1-4-6/5-2/3/7,published,小田競・サイクル,楽天Kドリームス 並び予想
3420240929010002,2024-09-29,川崎競輪,F1,A1/A2,2,Ａ級予選,16:30,16:25,7,https://keirin.kdreams.jp/kawasaki/racedetail/3420240929010002/?pageType=odds,2026-10-05T02:04:40.237785+00:00,1-5/2-7/6-3-4,published,小田競・サイクル,楽天Kドリームス 並び予想
3420240929010003,2024-09-29,川崎競輪,F1,A1/A2,3,Ａ級予選,16:53,16:48,7,https://keirin.kdreams.jp/kawasaki/racedetail/3420240929010003/?pageType=odds,2026-10-05T02:04:42.056901+00:00,4-1-5/7-2/3-6,published,小田競・サイクル,楽天Kドリームス 並び予想
3420240929010004,2024-09-29,川崎競輪,F1,A1/A2,4,Ａ級予選,17:16,17:11,7,https://keirin.kdreams.jp/kawasaki/racedetail/3420240929010004/?pageType=odds,2026-10-05T02:04:43.916395+00:00,1-7-5/2-4/6-3,published,小田競・サイクル,楽天Kドリームス 並び予想
3420240929010005,2024-09-29,川崎競輪,F1,A1/A2,5,Ａ級初日特選,17:39,17:34,7,https://keirin.kdreams.jp/kawasaki/racedetail/3420240929010005/?pageType=odds,2026-10-05T02:04:45.697996+00:00,1-6/4-3/5-7-2,published,小田競・サイクル,楽天Kドリームス 並び予想
2120240929010006,2024-09-29,弥彦競輪,F2,A1/A2,6,Ａ級予選,13:14,13:09,7,https://keirin.kdreams.jp/yahiko/racedetail/2120240929010006/?pageType=odds,2026-10-05T02:06:01.137263+00:00,7-4-1/6-2/3-5,published,新潟スポーツ,楽天Kドリームス 並び予想
2120240929010007,2024-09-29,弥彦競輪,F2,A1/A2,7,Ａ級予選,13:43,13:38,7,https://keirin.kdreams.jp/yahiko/racedetail/2120240929010007/?pageType=odds,2026-10-05T02:06:02.912959+00:00,4-1/7-2/3-5-6,published,新潟スポーツ,楽天Kドリームス 並び予想
2120240929010008,2024-09-29,弥彦競輪,F2,A1/A2,8,Ａ級予選,14:15,14:10,7,https://keirin.kdreams.jp/yahiko/racedetail/2120240929010008/?pageType=odds,2026-10-05T02:06:04.707455+00:00,4-3/1-6/5-2-7,published,新潟スポーツ,楽天Kドリームス 並び予想
2120240929010009,2024-09-29,弥彦競輪,F2,A1/A2,9,Ａ級予選,14:50,14:45,7,https://keirin.kdreams.jp/yahiko/racedetail/2120240929010009/?pageType=odds,2026-10-05T02:06:06.433509+00:00,1-5-7/6-2/3-4,published,新潟スポーツ,楽天Kドリームス 並び予想
2120240929010010,2024-09-29,弥彦競輪,F2,A1/A2,10,Ａ級予選,15:26,15:21,7,https://keirin.kdreams.jp/yahiko/racedetail/2120240929010010/?pageType=odds,2026-10-05T02:06:08.295213+00:00,4-1-6/2-7-3/5,published,新潟スポーツ,楽天Kドリームス 並び予想
2120240929010011,2024-09-29,弥彦競輪,F2,A1/A2,11,Ａ級予選,16:02,15:57,7,https://keirin.kdreams.jp/yahiko/racedetail/2120240929010011/?pageType=odds,2026-10-05T02:06:10.190121+00:00,1-7-4/5-2/3-6,published,新潟スポーツ,楽天Kドリームス 並び予想
2120240929010012,2024-09-29,弥彦競輪,F2,A1/A2,12,Ａ級初日特選,16:40,16:35,7,https://keirin.kdreams.jp/yahiko/racedetail/2120240929010012/?pageType=odds,2026-10-05T02:06:12.077249+00:00,3-7-4/5-6-2/1,published,新潟スポーツ,楽天Kドリームス 並び予想
4720240927030002,2024-09-29,松阪競輪,F2,A1/A2,2,Ａ級一般,21:10,21:05,6,https://keirin.kdreams.jp/matsusaka/racedetail/4720240927030002/?pageType=odds,2026-10-05T02:03:56.449209+00:00,1-2-4-3/5/6,published,中部競輪,楽天Kドリームス 並び予想
4720240927030003,2024-09-29,松阪競輪,F2,A1/A2,3,Ａ級一般,21:30,21:25,6,https://keirin.kdreams.jp/matsusaka/racedetail/4720240927030003/?pageType=odds,2026-10-05T02:03:58.165313+00:00,6-1/4-2-3/5,published,中部競輪,楽天Kドリームス 並び予想
4720240927030004,2024-09-29,松阪競輪,F2,A1/A2,4,Ａ級一般,21:50,21:45,7,https://keirin.kdreams.jp/matsusaka/racedetail/4720240927030004/?pageType=odds,2026-10-05T02:03:59.877857+00:00,2-1-3/4-7/5/6,published,中部競輪,楽天Kドリームス 並び予想
4720240927030005,2024-09-29,松阪競輪,F2,A1/A2,5,Ａ級特選,22:10,22:05,7,https://keirin.kdreams.jp/matsusaka/racedetail/4720240927030005/?pageType=odds,2026-10-05T02:04:01.637936+00:00,1-4/3-5-7/6-2,published,中部競輪,楽天Kドリームス 並び予想
4720240927030006,2024-09-29,松阪競輪,F2,A1/A2,6,Ａ級特選,22:30,22:25,7,https://keirin.kdreams.jp/matsusaka/racedetail/4720240927030006/?pageType=odds,2026-10-05T02:04:03.852526+00:00,2-1/4-3-7/6-5,published,中部競輪,楽天Kドリームス 並び予想
4720240927030007,2024-09-29,松阪競輪,F2,A1/A2,7,Ａ級特選,22:50,22:45,7,https://keirin.kdreams.jp/matsusaka/racedetail/4720240927030007/?pageType=odds,2026-10-05T02:04:05.699869+00:00,1-4/6-2/7-3/5,published,中部競輪,楽天Kドリームス 並び予想
4720240927030009,2024-09-29,松阪競輪,F2,A1/A2,9,Ａ級決勝,23:30,23:25,7,https://keirin.kdreams.jp/matsusaka/racedetail/4720240927030009/?pageType=odds,2026-10-05T02:04:07.638975+00:00,1-2/6-3-5/4/7,published,中部競輪,楽天Kドリームス 並び予想
8320240929020008,2024-09-30,久留米競輪,F2,A1/A2,8,Ａ級特一般,18:36,18:31,7,https://keirin.kdreams.jp/kurume/racedetail/8320240929020008/?pageType=odds,2026-10-05T02:05:43.604384+00:00,1-4-2/7/5-3-6,published,コンドル出版社,楽天Kドリームス 並び予想
8320240929020009,2024-09-30,久留米競輪,F2,A1/A2,9,Ａ級特一般,18:59,18:54,7,https://keirin.kdreams.jp/kurume/racedetail/8320240929020009/?pageType=odds,2026-10-05T02:05:45.343782+00:00,7-1/2-5/4/6-3,published,コンドル出版社,楽天Kドリームス 並び予想
8320240929020010,2024-09-30,久留米競輪,F2,A1/A2,10,Ａ級準決勝,19:24,19:19,7,https://keirin.kdreams.jp/kurume/racedetail/8320240929020010/?pageType=odds,2026-10-05T02:05:47.014598+00:00,1-7-4/6/5-2-3,published,コンドル出版社,楽天Kドリームス 並び予想
8320240929020011,2024-09-30,久留米競輪,F2,A1/A2,11,Ａ級準決勝,19:49,19:44,7,https://keirin.kdreams.jp/kurume/racedetail/8320240929020011/?pageType=odds,2026-10-05T02:05:48.825866+00:00,5-1/7-2-6/4-3,published,コンドル出版社,楽天Kドリームス 並び予想
8320240929020012,2024-09-30,久留米競輪,F2,A1/A2,12,Ａ級準決勝,20:15,20:10,7,https://keirin.kdreams.jp/kurume/racedetail/8320240929020012/?pageType=odds,2026-10-05T02:05:50.600535+00:00,1-5-6/2-7/4-3,published,コンドル出版社,楽天Kドリームス 並び予想
5520240928030008,2024-09-30,和歌山競輪,F2,A1/A2,8,Ａ級特一般,14:00,13:55,7,https://keirin.kdreams.jp/wakayama/racedetail/5520240928030008/?pageType=odds,2026-10-05T02:04:28.319657+00:00,7-1-5/3/4-2-6,published,競輪研究,楽天Kドリームス 並び予想
5520240928030009,2024-09-30,和歌山競輪,F2,A1/A2,9,Ａ級特一般,14:30,14:25,7,https://keirin.kdreams.jp/wakayama/racedetail/5520240928030009/?pageType=odds,2026-10-05T02:04:30.279505+00:00,2-4-7-3/6/5-1,published,競輪研究,楽天Kドリームス 並び予想
5520240928030010,2024-09-30,和歌山競輪,F2,A1/A2,10,Ａ級特選,15:05,15:00,7,https://keirin.kdreams.jp/wakayama/racedetail/5520240928030010/?pageType=odds,2026-10-05T02:04:32.168696+00:00,1-5/2-4-7/3/6,published,競輪研究,楽天Kドリームス 並び予想
5520240928030011,2024-09-30,和歌山競輪,F2,A1/A2,11,Ａ級特選,15:45,15:40,7,https://keirin.kdreams.jp/wakayama/racedetail/5520240928030011/?pageType=odds,2026-10-05T02:04:33.968159+00:00,3-6-2/1/5-7/4,published,競輪研究,楽天Kドリームス 並び予想
5520240928030012,2024-09-30,和歌山競輪,F2,A1/A2,12,Ａ級決勝,16:25,16:20,7,https://keirin.kdreams.jp/wakayama/racedetail/5520240928030012/?pageType=odds,2026-10-05T02:04:36.046651+00:00,6-5-2/4-1/3-7,published,競輪研究,楽天Kドリームス 並び予想
7320240929020001,2024-09-30,小松島競輪,F1,A1/A2,1,Ａ級一般,10:36,10:31,7,https://keirin.kdreams.jp/komatsushima/racedetail/7320240929020001/?pageType=odds,2026-10-05T02:05:15.046105+00:00,5-1-6/2-7/4-3,published,競輪毎日,楽天Kドリームス 並び予想
7320240929020002,2024-09-30,小松島競輪,F1,A1/A2,2,Ａ級一般,11:03,10:58,7,https://keirin.kdreams.jp/komatsushima/racedetail/7320240929020002/?pageType=odds,2026-10-05T02:05:17.132418+00:00,1-4-6/3-5/7-2,published,競輪毎日,楽天Kドリームス 並び予想
7320240929020003,2024-09-30,小松島競輪,F1,A1/A2,3,Ａ級準決勝,11:30,11:25,7,https://keirin.kdreams.jp/komatsushima/racedetail/7320240929020003/?pageType=odds,2026-10-05T02:05:19.095179+00:00,5-1/6-2/3-4-7,published,競輪毎日,楽天Kドリームス 並び予想
7320240929020004,2024-09-30,小松島競輪,F1,A1/A2,4,Ａ級準決勝,11:57,11:52,7,https://keirin.kdreams.jp/komatsushima/racedetail/7320240929020004/?pageType=odds,2026-10-05T02:05:20.926661+00:00,6-4-1/2-5/7-3,published,競輪毎日,楽天Kドリームス 並び予想
7320240929020005,2024-09-30,小松島競輪,F1,A1/A2,5,Ａ級準決勝,12:24,12:19,7,https://keirin.kdreams.jp/komatsushima/racedetail/7320240929020005/?pageType=odds,2026-10-05T02:05:22.826143+00:00,1-5-7-3/2-6-4,published,競輪毎日,楽天Kドリームス 並び予想
3620240930010001,2024-09-30,小田原競輪,F2,A1/A2,1,Ａ級特予選,08:40,08:35,7,https://keirin.kdreams.jp/odawara/racedetail/3620240930010001/?pageType=odds,2026-10-05T02:07:18.113120+00:00,1-5-4/6/7-2-3,published,小田競・サイクル,楽天Kドリームス 並び予想
3620240930010002,2024-09-30,小田原競輪,F2,A1/A2,2,Ａ級特予選,09:00,08:55,7,https://keirin.kdreams.jp/odawara/racedetail/3620240930010002/?pageType=odds,2026-10-05T02:07:19.807181+00:00,7-4-1/6-2/3-5,published,小田競・サイクル,楽天Kドリームス 並び予想
3620240930010003,2024-09-30,小田原競輪,F2,A1/A2,3,Ａ級特予選,09:20,09:15,7,https://keirin.kdreams.jp/odawara/racedetail/3620240930010003/?pageType=odds,2026-10-05T02:07:21.557454+00:00,1-7/5-2-4/3-6,published,小田競・サイクル,楽天Kドリームス 並び予想
3620240930010004,2024-09-30,小田原競輪,F2,A1/A2,4,Ａ級特予選,09:40,09:35,7,https://keirin.kdreams.jp/odawara/racedetail/3620240930010004/?pageType=odds,2026-10-05T02:07:23.369069+00:00,4-3-1-7/2-5-6,published,小田競・サイクル,楽天Kドリームス 並び予想
3620240930010005,2024-09-30,小田原競輪,F2,A1/A2,5,Ａ級初日特選,10:00,09:55,7,https://keirin.kdreams.jp/odawara/racedetail/3620240930010005/?pageType=odds,2026-10-05T02:07:25.144258+00:00,5-1/2-6/4/7-3,published,小田競・サイクル,楽天Kドリームス 並び予想
3420240929020001,2024-09-30,川崎競輪,F1,A1/A2,1,Ａ級一般,16:07,16:02,7,https://keirin.kdreams.jp/kawasaki/racedetail/3420240929020001/?pageType=odds,2026-10-05T02:04:47.575463+00:00,1-6/5-2/4-7-3,published,小田競・サイクル,楽天Kドリームス 並び予想
3420240929020002,2024-09-30,川崎競輪,F1,A1/A2,2,Ａ級一般,16:30,16:25,7,https://keirin.kdreams.jp/kawasaki/racedetail/3420240929020002/?pageType=odds,2026-10-05T02:04:49.483174+00:00,7-1/2/6-4/5-3,published,小田競・サイクル,楽天Kドリームス 並び予想
3420240929020003,2024-09-30,川崎競輪,F1,A1/A2,3,Ａ級準決勝,16:53,16:48,7,https://keirin.kdreams.jp/kawasaki/racedetail/3420240929020003/?pageType=odds,2026-10-05T02:04:51.210207+00:00,1/4/2-5-6/3-7,published,小田競・サイクル,楽天Kドリームス 並び予想
3420240929020004,2024-09-30,川崎競輪,F1,A1/A2,4,Ａ級準決勝,17:16,17:11,7,https://keirin.kdreams.jp/kawasaki/racedetail/3420240929020004/?pageType=odds,2026-10-05T02:04:53.080864+00:00,7-1/2/6/3-4-5,published,小田競・サイクル,楽天Kドリームス 並び予想
3420240929020005,2024-09-30,川崎競輪,F1,A1/A2,5,Ａ級準決勝,17:39,17:34,7,https://keirin.kdreams.jp/kawasaki/racedetail/3420240929020005/?pageType=odds,2026-10-05T02:04:55.058192+00:00,1-6-5/2-4/3-7,published,小田競・サイクル,楽天Kドリームス 並び予想
2120240929020006,2024-09-30,弥彦競輪,F2,A1/A2,6,Ａ級一般,13:14,13:09,7,https://keirin.kdreams.jp/yahiko/racedetail/2120240929020006/?pageType=odds,2026-10-05T02:06:13.812879+00:00,3-1-5/6/2-7-4,published,新潟スポーツ,楽天Kドリームス 並び予想
2120240929020007,2024-09-30,弥彦競輪,F2,A1/A2,7,Ａ級一般,13:43,13:38,7,https://keirin.kdreams.jp/yahiko/racedetail/2120240929020007/?pageType=odds,2026-10-05T02:06:15.669492+00:00,1-4-5/3/2-7-6,published,新潟スポーツ,楽天Kドリームス 並び予想
2120240929020008,2024-09-30,弥彦競輪,F2,A1/A2,8,Ａ級選抜,14:15,14:10,7,https://keirin.kdreams.jp/yahiko/racedetail/2120240929020008/?pageType=odds,2026-10-05T02:06:17.439851+00:00,1-5-4/2-7/6-3,published,新潟スポーツ,楽天Kドリームス 並び予想
2120240929020009,2024-09-30,弥彦競輪,F2,A1/A2,9,Ａ級選抜,14:50,14:45,7,https://keirin.kdreams.jp/yahiko/racedetail/2120240929020009/?pageType=odds,2026-10-05T02:06:19.257346+00:00,1-4/6-2/3-7-5,published,新潟スポーツ,楽天Kドリームス 並び予想
2120240929020010,2024-09-30,弥彦競輪,F2,A1/A2,10,Ａ級準決勝,15:26,15:21,7,https://keirin.kdreams.jp/yahiko/racedetail/2120240929020010/?pageType=odds,2026-10-05T02:06:21.040696+00:00,6-1/2-5-4/7-3,published,新潟スポーツ,楽天Kドリームス 並び予想
2120240929020011,2024-09-30,弥彦競輪,F2,A1/A2,11,Ａ級準決勝,16:02,15:57,7,https://keirin.kdreams.jp/yahiko/racedetail/2120240929020011/?pageType=odds,2026-10-05T02:06:22.847948+00:00,4-1-7/5-2/3-6,published,新潟スポーツ,楽天Kドリームス 並び予想
2120240929020012,2024-09-30,弥彦競輪,F2,A1/A2,12,Ａ級準決勝,16:40,16:35,7,https://keirin.kdreams.jp/yahiko/racedetail/2120240929020012/?pageType=odds,2026-10-05T02:06:24.508667+00:00,1-4-6/2/3-7-5,published,新潟スポーツ,楽天Kドリームス 並び予想
7520240930010001,2024-09-30,松山競輪,F2,A1/A2,1,Ａ級予選,20:58,20:53,7,https://keirin.kdreams.jp/matsuyama/racedetail/7520240930010001/?pageType=odds,2026-10-05T02:06:39.282093+00:00,1-2/4-3/7/6-5,published,金星社,楽天Kドリームス 並び予想
7520240930010002,2024-09-30,松山競輪,F2,A1/A2,2,Ａ級予選,21:22,21:17,7,https://keirin.kdreams.jp/matsuyama/racedetail/7520240930010002/?pageType=odds,2026-10-05T02:06:41.013376+00:00,1-3/5-2-4/7-6,published,金星社,楽天Kドリームス 並び予想
7520240930010003,2024-09-30,松山競輪,F2,A1/A2,3,Ａ級予選,21:46,21:41,7,https://keirin.kdreams.jp/matsuyama/racedetail/7520240930010003/?pageType=odds,2026-10-05T02:06:42.885847+00:00,1-6/2-3-7/4-5,published,金星社,楽天Kドリームス 並び予想
7520240930010004,2024-09-30,松山競輪,F2,A1/A2,4,Ａ級予選,22:10,22:05,7,https://keirin.kdreams.jp/matsuyama/racedetail/7520240930010004/?pageType=odds,2026-10-05T02:06:44.676953+00:00,1-2-5/7/3-4-6,published,金星社,楽天Kドリームス 並び予想
7520240930010005,2024-09-30,松山競輪,F2,A1/A2,5,Ａ級予選,22:34,22:29,7,https://keirin.kdreams.jp/matsuyama/racedetail/7520240930010005/?pageType=odds,2026-10-05T02:06:46.523421+00:00,1-2-4-7/6-3-5,published,金星社,楽天Kドリームス 並び予想
7520240930010006,2024-09-30,松山競輪,F2,A1/A2,6,Ａ級予選,22:58,22:53,7,https://keirin.kdreams.jp/matsuyama/racedetail/7520240930010006/?pageType=odds,2026-10-05T02:06:48.227651+00:00,1-2-7/5/6-3-4,published,金星社,楽天Kドリームス 並び予想
7520240930010007,2024-09-30,松山競輪,F2,A1/A2,7,Ａ級初日特選,23:22,23:17,7,https://keirin.kdreams.jp/matsuyama/racedetail/7520240930010007/?pageType=odds,2026-10-05T02:06:50.043668+00:00,1-3-6/2-7/4-5,published,金星社,楽天Kドリームス 並び予想
4520240930010001,2024-09-30,豊橋競輪,F2,A1/A2,1,Ａ級予選,20:50,20:45,7,https://keirin.kdreams.jp/toyohashi/racedetail/4520240930010001/?pageType=odds,2026-10-05T02:07:45.787991+00:00,5-1-3-6/4-2-7,published,中部競輪,楽天Kドリームス 並び予想
4520240930010002,2024-09-30,豊橋競輪,F2,A1/A2,2,Ａ級予選,21:14,21:09,7,https://keirin.kdreams.jp/toyohashi/racedetail/4520240930010002/?pageType=odds,2026-10-05T02:07:47.675035+00:00,1-2-7/3-6/5-4,published,中部競輪,楽天Kドリームス 並び予想
4520240930010003,2024-09-30,豊橋競輪,F2,A1/A2,3,Ａ級予選,21:38,21:33,7,https://keirin.kdreams.jp/toyohashi/racedetail/4520240930010003/?pageType=odds,2026-10-05T02:07:49.156928+00:00,2-1/5-3-6/4-7,published,中部競輪,楽天Kドリームス 並び予想
4520240930010004,2024-09-30,豊橋競輪,F2,A1/A2,4,Ａ級予選,22:02,21:57,7,https://keirin.kdreams.jp/toyohashi/racedetail/4520240930010004/?pageType=odds,2026-10-05T02:07:51.026370+00:00,1-3-4/6-2/5-7,published,中部競輪,楽天Kドリームス 並び予想
4520240930010005,2024-09-30,豊橋競輪,F2,A1/A2,5,Ａ級予選,22:26,22:21,7,https://keirin.kdreams.jp/toyohashi/racedetail/4520240930010005/?pageType=odds,2026-10-05T02:07:52.797738+00:00,1-2-5/3-4/6-7,published,中部競輪,楽天Kドリームス 並び予想
4520240930010006,2024-09-30,豊橋競輪,F2,A1/A2,6,Ａ級予選,22:50,22:45,7,https://keirin.kdreams.jp/toyohashi/racedetail/4520240930010006/?pageType=odds,2026-10-05T02:07:54.539591+00:00,1-2-7/5-3/6-4,published,中部競輪,楽天Kドリームス 並び予想
4520240930010007,2024-09-30,豊橋競輪,F2,A1/A2,7,Ａ級初日特選,23:14,23:09,7,https://keirin.kdreams.jp/toyohashi/racedetail/4520240930010007/?pageType=odds,2026-10-05T02:07:56.279741+00:00,1-5-7/2-3/4-6,published,中部競輪,楽天Kドリームス 並び予想
8320240929030006,2024-10-01,久留米競輪,F2,A1/A2,6,Ａ級特一般,17:53,17:48,7,https://keirin.kdreams.jp/kurume/racedetail/8320240929030006/?pageType=odds,2026-10-05T02:05:52.339162+00:00,1/2-4-5/6/3-7,published,コンドル出版社,楽天Kドリームス 並び予想
8320240929030007,2024-10-01,久留米競輪,F2,A1/A2,7,Ａ級特一般,18:18,18:13,7,https://keirin.kdreams.jp/kurume/racedetail/8320240929030007/?pageType=odds,2026-10-05T02:05:53.680919+00:00,4-7-1/6/3-5-2,published,コンドル出版社,楽天Kドリームス 並び予想
8320240929030008,2024-10-01,久留米競輪,F2,A1/A2,8,Ａ級特選,18:43,18:38,7,https://keirin.kdreams.jp/kurume/racedetail/8320240929030008/?pageType=odds,2026-10-05T02:05:55.702026+00:00,7-1-3/4/2-5-6,published,コンドル出版社,楽天Kドリームス 並び予想
8320240929030009,2024-10-01,久留米競輪,F2,A1/A2,9,Ａ級特選,19:08,19:03,7,https://keirin.kdreams.jp/kurume/racedetail/8320240929030009/?pageType=odds,2026-10-05T02:05:57.509908+00:00,4-1-7/2-5-6/3,published,コンドル出版社,楽天Kドリームス 並び予想
8320240929030012,2024-10-01,久留米競輪,F2,A1/A2,12,Ａ級決勝,20:26,20:21,7,https://keirin.kdreams.jp/kurume/racedetail/8320240929030012/?pageType=odds,2026-10-05T02:05:59.301627+00:00,1-5-6/7-2/3/4,published,コンドル出版社,楽天Kドリームス 並び予想
1120241001010001,2024-10-01,函館競輪,F1,A1/A2,1,Ａ級予選,15:40,15:35,7,https://keirin.kdreams.jp/hakodate/racedetail/1120241001010001/?pageType=odds,2026-10-05T02:08:23.433849+00:00,5-1-3/6/4-7-2,published,北競,楽天Kドリームス 並び予想
1120241001010002,2024-10-01,函館競輪,F1,A1/A2,2,Ａ級予選,16:05,16:00,7,https://keirin.kdreams.jp/hakodate/racedetail/1120241001010002/?pageType=odds,2026-10-05T02:08:25.401594+00:00,4-2/7-1/6-3-5,published,北競,楽天Kドリームス 並び予想
1120241001010003,2024-10-01,函館競輪,F1,A1/A2,3,Ａ級予選,16:30,16:25,7,https://keirin.kdreams.jp/hakodate/racedetail/1120241001010003/?pageType=odds,2026-10-05T02:08:27.149131+00:00,5-2/1-6/3-7-4,published,北競,楽天Kドリームス 並び予想
1120241001010004,2024-10-01,函館競輪,F1,A1/A2,4,Ａ級予選,16:55,16:50,7,https://keirin.kdreams.jp/hakodate/racedetail/1120241001010004/?pageType=odds,2026-10-05T02:08:28.919583+00:00,1-4-7/3/5-2-6,published,北競,楽天Kドリームス 並び予想
1120241001010005,2024-10-01,函館競輪,F1,A1/A2,5,Ａ級初日特選,17:20,17:15,7,https://keirin.kdreams.jp/hakodate/racedetail/1120241001010005/?pageType=odds,2026-10-05T02:08:30.638731+00:00,4-1/7-2-5/6-3,published,北競,楽天Kドリームス 並び予想
7320240929030001,2024-10-01,小松島競輪,F1,A1/A2,1,Ａ級一般,10:36,10:31,7,https://keirin.kdreams.jp/komatsushima/racedetail/7320240929030001/?pageType=odds,2026-10-05T02:05:25.036361+00:00,1-4-6/7-2/3-5,published,競輪毎日,楽天Kドリームス 並び予想
7320240929030002,2024-10-01,小松島競輪,F1,A1/A2,2,Ａ級一般,11:03,10:58,7,https://keirin.kdreams.jp/komatsushima/racedetail/7320240929030002/?pageType=odds,2026-10-05T02:05:26.778564+00:00,3-4-7/5-1/6-2,published,競輪毎日,楽天Kドリームス 並び予想
7320240929030003,2024-10-01,小松島競輪,F1,A1/A2,3,Ａ級特選,11:30,11:25,7,https://keirin.kdreams.jp/komatsushima/racedetail/7320240929030003/?pageType=odds,2026-10-05T02:05:28.858791+00:00,3-5/1-2/4-6/7,published,競輪毎日,楽天Kドリームス 並び予想
7320240929030004,2024-10-01,小松島競輪,F1,A1/A2,4,Ａ級特選,11:57,11:52,7,https://keirin.kdreams.jp/komatsushima/racedetail/7320240929030004/?pageType=odds,2026-10-05T02:05:30.591671+00:00,1-7/2-4/6-3-5,published,競輪毎日,楽天Kドリームス 並び予想
7320240929030011,2024-10-01,小松島競輪,F1,A1/A2,11,Ａ級決勝,15:33,15:28,7,https://keirin.kdreams.jp/komatsushima/racedetail/7320240929030011/?pageType=odds,2026-10-05T02:05:32.588159+00:00,1-6/7-2-4-5/3,published,競輪毎日,楽天Kドリームス 並び予想
3620240930020001,2024-10-01,小田原競輪,F2,A1/A2,1,Ａ級特一般,08:40,08:35,7,https://keirin.kdreams.jp/odawara/racedetail/3620240930020001/?pageType=odds,2026-10-05T02:07:27.083726+00:00,1-5/6/4-3-7-2,published,小田競・サイクル,楽天Kドリームス 並び予想
3620240930020002,2024-10-01,小田原競輪,F2,A1/A2,2,Ａ級特一般,09:00,08:55,7,https://keirin.kdreams.jp/odawara/racedetail/3620240930020002/?pageType=odds,2026-10-05T02:07:29.118989+00:00,1-4-5-2-6/3-7,published,小田競・サイクル,楽天Kドリームス 並び予想
3620240930020003,2024-10-01,小田原競輪,F2,A1/A2,3,Ａ級準決勝,09:20,09:15,7,https://keirin.kdreams.jp/odawara/racedetail/3620240930020003/?pageType=odds,2026-10-05T02:07:30.840396+00:00,4-2-7/1/3-5-6,published,小田競・サイクル,楽天Kドリームス 並び予想
3620240930020004,2024-10-01,小田原競輪,F2,A1/A2,4,Ａ級準決勝,09:40,09:35,7,https://keirin.kdreams.jp/odawara/racedetail/3620240930020004/?pageType=odds,2026-10-05T02:07:32.725595+00:00,1-7/2-4/6-5-3,published,小田競・サイクル,楽天Kドリームス 並び予想
3620240930020005,2024-10-01,小田原競輪,F2,A1/A2,5,Ａ級準決勝,10:00,09:55,7,https://keirin.kdreams.jp/odawara/racedetail/3620240930020005/?pageType=odds,2026-10-05T02:07:34.616618+00:00,5-1-6/2-4/3-7,published,小田競・サイクル,楽天Kドリームス 並び予想
3420240929030001,2024-10-01,川崎競輪,F1,A1/A2,1,Ａ級一般,15:57,15:52,7,https://keirin.kdreams.jp/kawasaki/racedetail/3420240929030001/?pageType=odds,2026-10-05T02:04:56.840863+00:00,1-4-6/3/2-5-7,published,小田競・サイクル,楽天Kドリームス 並び予想
3420240929030002,2024-10-01,川崎競輪,F1,A1/A2,2,Ａ級一般,16:22,16:17,7,https://keirin.kdreams.jp/kawasaki/racedetail/3420240929030002/?pageType=odds,2026-10-05T02:04:58.578548+00:00,4-7-1/6-2/3-5,published,小田競・サイクル,楽天Kドリームス 並び予想
3420240929030003,2024-10-01,川崎競輪,F1,A1/A2,3,Ａ級特選,16:47,16:42,7,https://keirin.kdreams.jp/kawasaki/racedetail/3420240929030003/?pageType=odds,2026-10-05T02:05:00.595369+00:00,6-1/4/5-2/3-7,published,小田競・サイクル,楽天Kドリームス 並び予想
3420240929030004,2024-10-01,川崎競輪,F1,A1/A2,4,Ａ級特選,17:12,17:07,7,https://keirin.kdreams.jp/kawasaki/racedetail/3420240929030004/?pageType=odds,2026-10-05T02:05:02.533766+00:00,5-3/1/2/6/7-4,published,小田競・サイクル,楽天Kドリームス 並び予想
3420240929030011,2024-10-01,川崎競輪,F1,A1/A2,11,Ａ級決勝,20:08,20:03,7,https://keirin.kdreams.jp/kawasaki/racedetail/3420240929030011/?pageType=odds,2026-10-05T02:05:04.269929+00:00,1-6/2-7-4/5-3,published,小田競・サイクル,楽天Kドリームス 並び予想
2120240929030005,2024-10-01,弥彦競輪,F2,A1/A2,5,Ａ級一般,12:40,12:35,7,https://keirin.kdreams.jp/yahiko/racedetail/2120240929030005/?pageType=odds,2026-10-05T02:06:26.586021+00:00,1-4-3/6/5-7-2,published,新潟スポーツ,楽天Kドリームス 並び予想
2120240929030006,2024-10-01,弥彦競輪,F2,A1/A2,6,Ａ級一般,13:10,13:05,7,https://keirin.kdreams.jp/yahiko/racedetail/2120240929030006/?pageType=odds,2026-10-05T02:06:28.387437+00:00,6-1/3/5/4-7-2,published,新潟スポーツ,楽天Kドリームス 並び予想
2120240929030007,2024-10-01,弥彦競輪,F2,A1/A2,7,Ａ級一般,13:40,13:35,7,https://keirin.kdreams.jp/yahiko/racedetail/2120240929030007/?pageType=odds,2026-10-05T02:06:30.139726+00:00,1-4/5-2/3-7/6,published,新潟スポーツ,楽天Kドリームス 並び予想
2120240929030008,2024-10-01,弥彦競輪,F2,A1/A2,8,Ａ級特選,14:10,14:05,7,https://keirin.kdreams.jp/yahiko/racedetail/2120240929030008/?pageType=odds,2026-10-05T02:06:31.897169+00:00,4-1-6/7-2/5-3,published,新潟スポーツ,楽天Kドリームス 並び予想
2120240929030009,2024-10-01,弥彦競輪,F2,A1/A2,9,Ａ級特選,14:40,14:35,7,https://keirin.kdreams.jp/yahiko/racedetail/2120240929030009/?pageType=odds,2026-10-05T02:06:33.738463+00:00,1-5/7-2/4-3-6,published,新潟スポーツ,楽天Kドリームス 並び予想
2120240929030010,2024-10-01,弥彦競輪,F2,A1/A2,10,Ａ級特選,15:13,15:08,7,https://keirin.kdreams.jp/yahiko/racedetail/2120240929030010/?pageType=odds,2026-10-05T02:06:35.543530+00:00,1-7-3/4/5-2-6,published,新潟スポーツ,楽天Kドリームス 並び予想
2120240929030012,2024-10-01,弥彦競輪,F2,A1/A2,12,Ａ級決勝,16:30,16:25,7,https://keirin.kdreams.jp/yahiko/racedetail/2120240929030012/?pageType=odds,2026-10-05T02:06:37.422962+00:00,1-3/2-6/5/7-4,published,新潟スポーツ,楽天Kドリームス 並び予想
7520240930020001,2024-10-01,松山競輪,F2,A1/A2,1,Ａ級一般,20:58,20:53,7,https://keirin.kdreams.jp/matsuyama/racedetail/7520240930020001/?pageType=odds,2026-10-05T02:06:52.451675+00:00,1-2-4/7/6-5-3,published,金星社,楽天Kドリームス 並び予想
7520240930020002,2024-10-01,松山競輪,F2,A1/A2,2,Ａ級一般,21:22,21:17,7,https://keirin.kdreams.jp/matsuyama/racedetail/7520240930020002/?pageType=odds,2026-10-05T02:06:54.286833+00:00,2-5-1-3/6-4/7,published,金星社,楽天Kドリームス 並び予想
7520240930020003,2024-10-01,松山競輪,F2,A1/A2,3,Ａ級選抜,21:46,21:41,7,https://keirin.kdreams.jp/matsuyama/racedetail/7520240930020003/?pageType=odds,2026-10-05T02:06:56.112628+00:00,4-1-7/5/3-2-6,published,金星社,楽天Kドリームス 並び予想
7520240930020004,2024-10-01,松山競輪,F2,A1/A2,4,Ａ級選抜,22:10,22:05,7,https://keirin.kdreams.jp/matsuyama/racedetail/7520240930020004/?pageType=odds,2026-10-05T02:06:58.017526+00:00,1-6/4/5/7-2-3,published,金星社,楽天Kドリームス 並び予想
7520240930020005,2024-10-01,松山競輪,F2,A1/A2,5,Ａ級準決勝,22:34,22:29,7,https://keirin.kdreams.jp/matsuyama/racedetail/7520240930020005/?pageType=odds,2026-10-05T02:07:00.155083+00:00,1-2-7/3-4/6-5,published,金星社,楽天Kドリームス 並び予想
7520240930020006,2024-10-01,松山競輪,F2,A1/A2,6,Ａ級準決勝,22:58,22:53,7,https://keirin.kdreams.jp/matsuyama/racedetail/7520240930020006/?pageType=odds,2026-10-05T02:07:01.971348+00:00,1-3/4-2-7/5-6,published,金星社,楽天Kドリームス 並び予想
7520240930020007,2024-10-01,松山競輪,F2,A1/A2,7,Ａ級準決勝,23:22,23:17,7,https://keirin.kdreams.jp/matsuyama/racedetail/7520240930020007/?pageType=odds,2026-10-05T02:07:03.771583+00:00,1-2-6/3-4-5-7,published,金星社,楽天Kドリームス 並び予想
4720241001010001,2024-10-01,松阪競輪,F1,A1/A2,1,Ａ級予選,10:55,10:50,7,https://keirin.kdreams.jp/matsusaka/racedetail/4720241001010001/?pageType=odds,2026-10-05T02:08:49.137308+00:00,1-4-7/3/2-5-6,published,中部競輪,楽天Kドリームス 並び予想
4720241001010002,2024-10-01,松阪競輪,F1,A1/A2,2,Ａ級予選,11:20,11:15,7,https://keirin.kdreams.jp/matsusaka/racedetail/4720241001010002/?pageType=odds,2026-10-05T02:08:50.868604+00:00,5-1-3/7/6-2-4,published,中部競輪,楽天Kドリームス 並び予想
4720241001010003,2024-10-01,松阪競輪,F1,A1/A2,3,Ａ級予選,11:46,11:41,7,https://keirin.kdreams.jp/matsusaka/racedetail/4720241001010003/?pageType=odds,2026-10-05T02:08:52.678796+00:00,1-5/6-2/7-3-4,published,中部競輪,楽天Kドリームス 並び予想
4720241001010004,2024-10-01,松阪競輪,F1,A1/A2,4,Ａ級予選,12:12,12:07,7,https://keirin.kdreams.jp/matsusaka/racedetail/4720241001010004/?pageType=odds,2026-10-05T02:08:54.382918+00:00,5-1-7/2/3-4-6,published,中部競輪,楽天Kドリームス 並び予想
4720241001010005,2024-10-01,松阪競輪,F1,A1/A2,5,Ａ級初日特選,12:39,12:34,7,https://keirin.kdreams.jp/matsusaka/racedetail/4720241001010005/?pageType=odds,2026-10-05T02:08:56.288220+00:00,4-1-7-6/2/5-3,published,中部競輪,楽天Kドリームス 並び予想
2820241001010001,2024-10-01,立川競輪,F1,A1/A2,1,Ａ級予選,10:41,10:36,7,https://keirin.kdreams.jp/tachikawa/racedetail/2820241001010001/?pageType=odds,2026-10-05T02:09:16.562088+00:00,4-1/7-2-5/3-6,published,アオケイ,楽天Kドリームス 並び予想
2820241001010002,2024-10-01,立川競輪,F1,A1/A2,2,Ａ級予選,11:08,11:03,7,https://keirin.kdreams.jp/tachikawa/racedetail/2820241001010002/?pageType=odds,2026-10-05T02:09:18.519734+00:00,6-4-1/2-7/5-3,published,アオケイ,楽天Kドリームス 並び予想
2820241001010003,2024-10-01,立川競輪,F1,A1/A2,3,Ａ級予選,11:35,11:30,7,https://keirin.kdreams.jp/tachikawa/racedetail/2820241001010003/?pageType=odds,2026-10-05T02:09:20.315169+00:00,6-2/1-5/7-3-4,published,アオケイ,楽天Kドリームス 並び予想
2820241001010004,2024-10-01,立川競輪,F1,A1/A2,4,Ａ級予選,12:02,11:57,7,https://keirin.kdreams.jp/tachikawa/racedetail/2820241001010004/?pageType=odds,2026-10-05T02:09:22.069152+00:00,4-1-7/2-6/5-3,published,アオケイ,楽天Kドリームス 並び予想
2820241001010005,2024-10-01,立川競輪,F1,A1/A2,5,Ａ級初日特選,12:31,12:26,7,https://keirin.kdreams.jp/tachikawa/racedetail/2820241001010005/?pageType=odds,2026-10-05T02:09:23.863136+00:00,7-2-1/5-3-6/4,published,アオケイ,楽天Kドリームス 並び予想
4520240930020001,2024-10-01,豊橋競輪,F2,A1/A2,1,Ａ級一般,20:50,20:45,7,https://keirin.kdreams.jp/toyohashi/racedetail/4520240930020001/?pageType=odds,2026-10-05T02:07:58.106814+00:00,4-3-1/5-2-7/6,published,中部競輪,楽天Kドリームス 並び予想
4520240930020002,2024-10-01,豊橋競輪,F2,A1/A2,2,Ａ級一般,21:14,21:09,7,https://keirin.kdreams.jp/toyohashi/racedetail/4520240930020002/?pageType=odds,2026-10-05T02:07:59.843826+00:00,6-1-7/4-2-3/5,published,中部競輪,楽天Kドリームス 並び予想
4520240930020003,2024-10-01,豊橋競輪,F2,A1/A2,3,Ａ級選抜,21:38,21:33,7,https://keirin.kdreams.jp/toyohashi/racedetail/4520240930020003/?pageType=odds,2026-10-05T02:08:01.501747+00:00,7-3/1-6/4/5-2,published,中部競輪,楽天Kドリームス 並び予想
4520240930020004,2024-10-01,豊橋競輪,F2,A1/A2,4,Ａ級選抜,22:02,21:57,7,https://keirin.kdreams.jp/toyohashi/racedetail/4520240930020004/?pageType=odds,2026-10-05T02:08:03.296895+00:00,1-4-3/2-5-6/7,published,中部競輪,楽天Kドリームス 並び予想
4520240930020005,2024-10-01,豊橋競輪,F2,A1/A2,5,Ａ級準決勝,22:26,22:21,7,https://keirin.kdreams.jp/toyohashi/racedetail/4520240930020005/?pageType=odds,2026-10-05T02:08:05.090562+00:00,1-4/3-2/7-5/6,published,中部競輪,楽天Kドリームス 並び予想
4520240930020006,2024-10-01,豊橋競輪,F2,A1/A2,6,Ａ級準決勝,22:50,22:45,7,https://keirin.kdreams.jp/toyohashi/racedetail/4520240930020006/?pageType=odds,2026-10-05T02:08:06.858385+00:00,2-1-5/4-3-6/7,published,中部競輪,楽天Kドリームス 並び予想
4520240930020007,2024-10-01,豊橋競輪,F2,A1/A2,7,Ａ級準決勝,23:14,23:09,7,https://keirin.kdreams.jp/toyohashi/racedetail/4520240930020007/?pageType=odds,2026-10-05T02:08:08.597377+00:00,1-2/3-5-7/6-4,published,中部競輪,楽天Kドリームス 並び予想
1120241001020001,2024-10-02,函館競輪,F1,A1/A2,1,Ａ級一般,15:40,15:35,7,https://keirin.kdreams.jp/hakodate/racedetail/1120241001020001/?pageType=odds,2026-10-05T02:08:32.776563+00:00,1-7-4/2-5/3/6,published,北競,楽天Kドリームス 並び予想
1120241001020002,2024-10-02,函館競輪,F1,A1/A2,2,Ａ級一般,16:05,16:00,7,https://keirin.kdreams.jp/hakodate/racedetail/1120241001020002/?pageType=odds,2026-10-05T02:08:34.593983+00:00,5-2-3/6/1-4-7,published,北競,楽天Kドリームス 並び予想
1120241001020003,2024-10-02,函館競輪,F1,A1/A2,3,Ａ級準決勝,16:30,16:25,7,https://keirin.kdreams.jp/hakodate/racedetail/1120241001020003/?pageType=odds,2026-10-05T02:08:36.337348+00:00,7-3-6/1-5/4-2,published,北競,楽天Kドリームス 並び予想
1120241001020004,2024-10-02,函館競輪,F1,A1/A2,4,Ａ級準決勝,16:55,16:50,7,https://keirin.kdreams.jp/hakodate/racedetail/1120241001020004/?pageType=odds,2026-10-05T02:08:38.182873+00:00,4-7-1/2-5/3-6,published,北競,楽天Kドリームス 並び予想
1120241001020005,2024-10-02,函館競輪,F1,A1/A2,5,Ａ級準決勝,17:20,17:15,7,https://keirin.kdreams.jp/hakodate/racedetail/1120241001020005/?pageType=odds,2026-10-05T02:08:40.021452+00:00,1-5-7/2-4-6/3,published,北競,楽天Kドリームス 並び予想
3620240930030001,2024-10-02,小田原競輪,F2,A1/A2,1,Ａ級特一般,08:30,08:25,7,https://keirin.kdreams.jp/odawara/racedetail/3620240930030001/?pageType=odds,2026-10-05T02:07:36.234158+00:00,1-5-3/4-2/6/7,published,小田競・サイクル,楽天Kドリームス 並び予想
3620240930030002,2024-10-02,小田原競輪,F2,A1/A2,2,Ａ級特一般,08:50,08:45,7,https://keirin.kdreams.jp/odawara/racedetail/3620240930030002/?pageType=odds,2026-10-05T02:07:38.468336+00:00,7-4-1/2-5/3-6,published,小田競・サイクル,楽天Kドリームス 並び予想
3620240930030003,2024-10-02,小田原競輪,F2,A1/A2,3,Ａ級特選,09:10,09:05,7,https://keirin.kdreams.jp/odawara/racedetail/3620240930030003/?pageType=odds,2026-10-05T02:07:40.219017+00:00,4-1/7-2-6/5-3,published,小田競・サイクル,楽天Kドリームス 並び予想
3620240930030004,2024-10-02,小田原競輪,F2,A1/A2,4,Ａ級特選,09:30,09:25,7,https://keirin.kdreams.jp/odawara/racedetail/3620240930030004/?pageType=odds,2026-10-05T02:07:41.852700+00:00,1-7-3-4/2/5/6,published,小田競・サイクル,楽天Kドリームス 並び予想
3620240930030005,2024-10-02,小田原競輪,F2,A1/A2,5,Ａ級決勝,09:50,09:45,7,https://keirin.kdreams.jp/odawara/racedetail/3620240930030005/?pageType=odds,2026-10-05T02:07:43.681313+00:00,7-1/5-2/3/4-6,published,小田競・サイクル,楽天Kドリームス 並び予想
7520240930030001,2024-10-02,松山競輪,F2,A1/A2,1,Ａ級一般,20:58,20:53,7,https://keirin.kdreams.jp/matsuyama/racedetail/7520240930030001/?pageType=odds,2026-10-05T02:07:05.488512+00:00,2-3/1/6/4-5-7,published,金星社,楽天Kドリームス 並び予想
7520240930030002,2024-10-02,松山競輪,F2,A1/A2,2,Ａ級一般,21:22,21:17,7,https://keirin.kdreams.jp/matsuyama/racedetail/7520240930030002/?pageType=odds,2026-10-05T02:07:07.358068+00:00,1-4-6-7/3-5-2,published,金星社,楽天Kドリームス 並び予想
7520240930030003,2024-10-02,松山競輪,F2,A1/A2,3,Ａ級一般,21:46,21:41,7,https://keirin.kdreams.jp/matsuyama/racedetail/7520240930030003/?pageType=odds,2026-10-05T02:07:09.113945+00:00,1-3-4/2-6/7-5,published,金星社,楽天Kドリームス 並び予想
7520240930030004,2024-10-02,松山競輪,F2,A1/A2,4,Ａ級特選,22:10,22:05,7,https://keirin.kdreams.jp/matsuyama/racedetail/7520240930030004/?pageType=odds,2026-10-05T02:07:11.256719+00:00,7-1/4/2-3/5/6,published,金星社,楽天Kドリームス 並び予想
7520240930030005,2024-10-02,松山競輪,F2,A1/A2,5,Ａ級特選,22:34,22:29,7,https://keirin.kdreams.jp/matsuyama/racedetail/7520240930030005/?pageType=odds,2026-10-05T02:07:12.919901+00:00,2-1-3/7/6-4-5,published,金星社,楽天Kドリームス 並び予想
7520240930030006,2024-10-02,松山競輪,F2,A1/A2,6,Ａ級特選,22:58,22:53,7,https://keirin.kdreams.jp/matsuyama/racedetail/7520240930030006/?pageType=odds,2026-10-05T02:07:14.620713+00:00,7-1/3/2-4/5-6,published,金星社,楽天Kドリームス 並び予想
7520240930030007,2024-10-02,松山競輪,F2,A1/A2,7,Ａ級決勝,23:22,23:17,7,https://keirin.kdreams.jp/matsuyama/racedetail/7520240930030007/?pageType=odds,2026-10-05T02:07:16.435702+00:00,1-3-6/4/5-2-7,published,金星社,楽天Kドリームス 並び予想
4720241001020001,2024-10-02,松阪競輪,F1,A1/A2,1,Ａ級一般,10:55,10:50,7,https://keirin.kdreams.jp/matsusaka/racedetail/4720241001020001/?pageType=odds,2026-10-05T02:08:58.297626+00:00,6-3-7-1/4/2-5,published,中部競輪,楽天Kドリームス 並び予想
4720241001020002,2024-10-02,松阪競輪,F1,A1/A2,2,Ａ級一般,11:20,11:15,7,https://keirin.kdreams.jp/matsusaka/racedetail/4720241001020002/?pageType=odds,2026-10-05T02:09:00.020667+00:00,7-4-1/5-2/3-6,published,中部競輪,楽天Kドリームス 並び予想
4720241001020003,2024-10-02,松阪競輪,F1,A1/A2,3,Ａ級準決勝,11:46,11:41,7,https://keirin.kdreams.jp/matsusaka/racedetail/4720241001020003/?pageType=odds,2026-10-05T02:09:01.847059+00:00,1-7-6/3-5-2/4,published,中部競輪,楽天Kドリームス 並び予想
4720241001020004,2024-10-02,松阪競輪,F1,A1/A2,4,Ａ級準決勝,12:12,12:07,7,https://keirin.kdreams.jp/matsusaka/racedetail/4720241001020004/?pageType=odds,2026-10-05T02:09:03.873263+00:00,1-4-6/7-2/5-3,published,中部競輪,楽天Kドリームス 並び予想
4720241001020005,2024-10-02,松阪競輪,F1,A1/A2,5,Ａ級準決勝,12:39,12:34,7,https://keirin.kdreams.jp/matsusaka/racedetail/4720241001020005/?pageType=odds,2026-10-05T02:09:05.660456+00:00,5-7-1/2-4-3/6,published,中部競輪,楽天Kドリームス 並び予想
2820241001020001,2024-10-02,立川競輪,F1,A1/A2,1,Ａ級一般,10:50,10:45,7,https://keirin.kdreams.jp/tachikawa/racedetail/2820241001020001/?pageType=odds,2026-10-05T02:09:25.608177+00:00,7-1-4/2-6/5-3,published,アオケイ,楽天Kドリームス 並び予想
2820241001020002,2024-10-02,立川競輪,F1,A1/A2,2,Ａ級一般,11:15,11:10,7,https://keirin.kdreams.jp/tachikawa/racedetail/2820241001020002/?pageType=odds,2026-10-05T02:09:27.445018+00:00,4-2-5/1-6/3-7,published,アオケイ,楽天Kドリームス 並び予想
2820241001020003,2024-10-02,立川競輪,F1,A1/A2,3,Ａ級準決勝,11:40,11:35,7,https://keirin.kdreams.jp/tachikawa/racedetail/2820241001020003/?pageType=odds,2026-10-05T02:09:29.166313+00:00,5-1-6/2-4/3-7,published,アオケイ,楽天Kドリームス 並び予想
2820241001020004,2024-10-02,立川競輪,F1,A1/A2,4,Ａ級準決勝,12:07,12:02,7,https://keirin.kdreams.jp/tachikawa/racedetail/2820241001020004/?pageType=odds,2026-10-05T02:09:31.432940+00:00,1-6-5/2-4/7-3,published,アオケイ,楽天Kドリームス 並び予想
2820241001020005,2024-10-02,立川競輪,F1,A1/A2,5,Ａ級準決勝,12:34,12:29,7,https://keirin.kdreams.jp/tachikawa/racedetail/2820241001020005/?pageType=odds,2026-10-05T02:09:33.287155+00:00,5-3/4/1-7/2-6,published,アオケイ,楽天Kドリームス 並び予想
4520240930030001,2024-10-02,豊橋競輪,F2,A1/A2,1,Ａ級一般,20:50,20:45,6,https://keirin.kdreams.jp/toyohashi/racedetail/4520240930030001/?pageType=odds,2026-10-05T02:08:10.223503+00:00,5-1-6/2-3-4,published,中部競輪,楽天Kドリームス 並び予想
4520240930030002,2024-10-02,豊橋競輪,F2,A1/A2,2,Ａ級一般,21:14,21:09,7,https://keirin.kdreams.jp/toyohashi/racedetail/4520240930030002/?pageType=odds,2026-10-05T02:08:11.972258+00:00,1-3/7-2/4-5-6,published,中部競輪,楽天Kドリームス 並び予想
4520240930030003,2024-10-02,豊橋競輪,F2,A1/A2,3,Ａ級一般,21:38,21:33,7,https://keirin.kdreams.jp/toyohashi/racedetail/4520240930030003/?pageType=odds,2026-10-05T02:08:13.785272+00:00,1-2/3/5-4-6/7,published,中部競輪,楽天Kドリームス 並び予想
4520240930030004,2024-10-02,豊橋競輪,F2,A1/A2,4,Ａ級特選,22:02,21:57,7,https://keirin.kdreams.jp/toyohashi/racedetail/4520240930030004/?pageType=odds,2026-10-05T02:08:15.668951+00:00,2-5-7/1/3/6-4,published,中部競輪,楽天Kドリームス 並び予想
4520240930030005,2024-10-02,豊橋競輪,F2,A1/A2,5,Ａ級特選,22:26,22:21,7,https://keirin.kdreams.jp/toyohashi/racedetail/4520240930030005/?pageType=odds,2026-10-05T02:08:17.613512+00:00,5-1/2-4/7-3-6,published,中部競輪,楽天Kドリームス 並び予想
4520240930030006,2024-10-02,豊橋競輪,F2,A1/A2,6,Ａ級特選,22:50,22:45,7,https://keirin.kdreams.jp/toyohashi/racedetail/4520240930030006/?pageType=odds,2026-10-05T02:08:19.556748+00:00,1-3-2/5-6-4/7,published,中部競輪,楽天Kドリームス 並び予想
4520240930030007,2024-10-02,豊橋競輪,F2,A1/A2,7,Ａ級決勝,23:14,23:09,7,https://keirin.kdreams.jp/toyohashi/racedetail/4520240930030007/?pageType=odds,2026-10-05T02:08:21.647834+00:00,1-4-6/2/3-7-5,published,中部競輪,楽天Kドリームス 並び予想
1120241001030001,2024-10-03,函館競輪,F1,A1/A2,1,Ａ級一般,16:05,16:00,7,https://keirin.kdreams.jp/hakodate/racedetail/1120241001030001/?pageType=odds,2026-10-05T02:08:41.821874+00:00,1-7/5-3/6-2/4,published,北競,楽天Kドリームス 並び予想
1120241001030002,2024-10-03,函館競輪,F1,A1/A2,2,Ａ級特選,16:30,16:25,7,https://keirin.kdreams.jp/hakodate/racedetail/1120241001030002/?pageType=odds,2026-10-05T02:08:43.656189+00:00,2-7-5/3-1/4-6,published,北競,楽天Kドリームス 並び予想
1120241001030003,2024-10-03,函館競輪,F1,A1/A2,3,Ａ級特選,16:55,16:50,7,https://keirin.kdreams.jp/hakodate/racedetail/1120241001030003/?pageType=odds,2026-10-05T02:08:45.653527+00:00,1-4-5/7-2/3-6,published,北競,楽天Kドリームス 並び予想
1120241001030010,2024-10-03,函館競輪,F1,A1/A2,10,Ａ級決勝,20:02,19:57,7,https://keirin.kdreams.jp/hakodate/racedetail/1120241001030010/?pageType=odds,2026-10-05T02:08:47.382056+00:00,6-1-4/5-2/3/7,published,北競,楽天Kドリームス 並び予想
4220241003010001,2024-10-03,名古屋競輪,F1,A1/A2,1,Ａ級予選,15:25,15:20,7,https://keirin.kdreams.jp/nagoya/racedetail/4220241003010001/?pageType=odds,2026-10-05T02:10:23.481628+00:00,4-2-1/3-7-5/6,published,中部競輪,楽天Kドリームス 並び予想
4220241003010002,2024-10-03,名古屋競輪,F1,A1/A2,2,Ａ級予選,15:50,15:45,7,https://keirin.kdreams.jp/nagoya/racedetail/4220241003010002/?pageType=odds,2026-10-05T02:10:25.376675+00:00,4-2/1-7/6-3-5,published,中部競輪,楽天Kドリームス 並び予想
4220241003010003,2024-10-03,名古屋競輪,F1,A1/A2,3,Ａ級予選,16:15,16:10,7,https://keirin.kdreams.jp/nagoya/racedetail/4220241003010003/?pageType=odds,2026-10-05T02:10:27.154587+00:00,2-7-1/3-6-5/4,published,中部競輪,楽天Kドリームス 並び予想
4220241003010004,2024-10-03,名古屋競輪,F1,A1/A2,4,Ａ級予選,16:40,16:35,7,https://keirin.kdreams.jp/nagoya/racedetail/4220241003010004/?pageType=odds,2026-10-05T02:10:28.895452+00:00,7-4-1/6-2/5-3,published,中部競輪,楽天Kドリームス 並び予想
4220241003010005,2024-10-03,名古屋競輪,F1,A1/A2,5,Ａ級初日特選,17:06,17:01,7,https://keirin.kdreams.jp/nagoya/racedetail/4220241003010005/?pageType=odds,2026-10-05T02:10:30.700297+00:00,1-7/6-2/3-5/4,published,中部競輪,楽天Kドリームス 並び予想
4720241001030001,2024-10-03,松阪競輪,F1,A1/A2,1,Ａ級一般,10:55,10:50,7,https://keirin.kdreams.jp/matsusaka/racedetail/4720241001030001/?pageType=odds,2026-10-05T02:09:07.479488+00:00,6-2-4-3/7-1/5,published,中部競輪,楽天Kドリームス 並び予想
4720241001030002,2024-10-03,松阪競輪,F1,A1/A2,2,Ａ級一般,11:20,11:15,7,https://keirin.kdreams.jp/matsusaka/racedetail/4720241001030002/?pageType=odds,2026-10-05T02:09:09.350798+00:00,3-6/4-1-7/2-5,published,中部競輪,楽天Kドリームス 並び予想
4720241001030003,2024-10-03,松阪競輪,F1,A1/A2,3,Ａ級特選,11:46,11:41,7,https://keirin.kdreams.jp/matsusaka/racedetail/4720241001030003/?pageType=odds,2026-10-05T02:09:11.011121+00:00,1-5/2-6/3/7-4,published,中部競輪,楽天Kドリームス 並び予想
4720241001030004,2024-10-03,松阪競輪,F1,A1/A2,4,Ａ級特選,12:12,12:07,7,https://keirin.kdreams.jp/matsusaka/racedetail/4720241001030004/?pageType=odds,2026-10-05T02:09:12.788355+00:00,2-5-6/4-1/7-3,published,中部競輪,楽天Kドリームス 並び予想
4720241001030011,2024-10-03,松阪競輪,F1,A1/A2,11,Ａ級決勝,15:56,15:51,7,https://keirin.kdreams.jp/matsusaka/racedetail/4720241001030011/?pageType=odds,2026-10-05T02:09:14.650920+00:00,1-7/2/5-4-6-3,published,中部競輪,楽天Kドリームス 並び予想
2820241001030001,2024-10-03,立川競輪,F1,A1/A2,1,Ａ級一般,10:50,10:45,7,https://keirin.kdreams.jp/tachikawa/racedetail/2820241001030001/?pageType=odds,2026-10-05T02:09:35.123196+00:00,1-5-7/2-4/6-3,published,アオケイ,楽天Kドリームス 並び予想
2820241001030002,2024-10-03,立川競輪,F1,A1/A2,2,Ａ級一般,11:15,11:10,7,https://keirin.kdreams.jp/tachikawa/racedetail/2820241001030002/?pageType=odds,2026-10-05T02:09:37.099704+00:00,1-6-5/4-2/7-3,published,アオケイ,楽天Kドリームス 並び予想
2820241001030003,2024-10-03,立川競輪,F1,A1/A2,3,Ａ級特選,11:40,11:35,7,https://keirin.kdreams.jp/tachikawa/racedetail/2820241001030003/?pageType=odds,2026-10-05T02:09:38.864982+00:00,1-5-6/7-2/3-4,published,アオケイ,楽天Kドリームス 並び予想
2820241001030004,2024-10-03,立川競輪,F1,A1/A2,4,Ａ級特選,12:07,12:02,7,https://keirin.kdreams.jp/tachikawa/racedetail/2820241001030004/?pageType=odds,2026-10-05T02:09:40.753685+00:00,1-5/2-6/4-3-7,published,アオケイ,楽天Kドリームス 並び予想
2820241001030008,2024-10-03,立川競輪,F1,A1/A2,8,Ａ級決勝,13:59,13:54,7,https://keirin.kdreams.jp/tachikawa/racedetail/2820241001030008/?pageType=odds,2026-10-05T02:09:42.627480+00:00,4-1-6/2-7-3/5,published,アオケイ,楽天Kドリームス 並び予想
1220241003010001,2024-10-03,青森競輪,F2,A1/A2,1,Ａ級予選,20:50,20:45,7,https://keirin.kdreams.jp/aomori/racedetail/1220241003010001/?pageType=odds,2026-10-05T02:09:44.334648+00:00,7-1/5-2-6/3-4,published,アオケイ,楽天Kドリームス 並び予想
1220241003010002,2024-10-03,青森競輪,F2,A1/A2,2,Ａ級予選,21:14,21:09,7,https://keirin.kdreams.jp/aomori/racedetail/1220241003010002/?pageType=odds,2026-10-05T02:09:46.376866+00:00,4-1-3/2-5/7-6,published,アオケイ,楽天Kドリームス 並び予想
1220241003010003,2024-10-03,青森競輪,F2,A1/A2,3,Ａ級予選,21:38,21:33,7,https://keirin.kdreams.jp/aomori/racedetail/1220241003010003/?pageType=odds,2026-10-05T02:09:48.085089+00:00,1-4-6-2/3-5-7,published,アオケイ,楽天Kドリームス 並び予想
1220241003010004,2024-10-03,青森競輪,F2,A1/A2,4,Ａ級予選,22:02,21:57,7,https://keirin.kdreams.jp/aomori/racedetail/1220241003010004/?pageType=odds,2026-10-05T02:09:49.801396+00:00,1-2-5/4-3-6-7,published,アオケイ,楽天Kドリームス 並び予想
1220241003010005,2024-10-03,青森競輪,F2,A1/A2,5,Ａ級予選,22:26,22:21,7,https://keirin.kdreams.jp/aomori/racedetail/1220241003010005/?pageType=odds,2026-10-05T02:09:51.674261+00:00,2-1-7/5-3-4/6,published,アオケイ,楽天Kドリームス 並び予想
1220241003010006,2024-10-03,青森競輪,F2,A1/A2,6,Ａ級予選,22:50,22:45,7,https://keirin.kdreams.jp/aomori/racedetail/1220241003010006/?pageType=odds,2026-10-05T02:09:53.309036+00:00,1-2-3-5/4-7/6,published,アオケイ,楽天Kドリームス 並び予想
1220241003010007,2024-10-03,青森競輪,F2,A1/A2,7,Ａ級初日特選,23:14,23:09,7,https://keirin.kdreams.jp/aomori/racedetail/1220241003010007/?pageType=odds,2026-10-05T02:09:55.126664+00:00,1-6/5-2/4-3/7,published,アオケイ,楽天Kドリームス 並び予想
2320241004010001,2024-10-04,取手競輪,F2,A1/A2,1,Ａ級予選,08:40,08:35,7,https://keirin.kdreams.jp/toride/racedetail/2320241004010001/?pageType=odds,2026-10-05T02:10:52.071870+00:00,1-6/5-2/3-4-7,published,アオケイ,楽天Kドリームス 並び予想
2320241004010002,2024-10-04,取手競輪,F2,A1/A2,2,Ａ級予選,09:00,08:55,7,https://keirin.kdreams.jp/toride/racedetail/2320241004010002/?pageType=odds,2026-10-05T02:10:54.022374+00:00,7-1-3/6/2-4-5,published,アオケイ,楽天Kドリームス 並び予想
2320241004010003,2024-10-04,取手競輪,F2,A1/A2,3,Ａ級予選,09:20,09:15,7,https://keirin.kdreams.jp/toride/racedetail/2320241004010003/?pageType=odds,2026-10-05T02:10:55.801636+00:00,5-3/7-2/6/4-1,published,アオケイ,楽天Kドリームス 並び予想
2320241004010004,2024-10-04,取手競輪,F2,A1/A2,4,Ａ級予選,09:40,09:35,7,https://keirin.kdreams.jp/toride/racedetail/2320241004010004/?pageType=odds,2026-10-05T02:10:57.681423+00:00,1-4-6/2-5/7-3,published,アオケイ,楽天Kドリームス 並び予想
2320241004010005,2024-10-04,取手競輪,F2,A1/A2,5,Ａ級予選,10:00,09:55,7,https://keirin.kdreams.jp/toride/racedetail/2320241004010005/?pageType=odds,2026-10-05T02:10:59.609853+00:00,1-7-5/2-6/4-3,published,アオケイ,楽天Kドリームス 並び予想
2320241004010006,2024-10-04,取手競輪,F2,A1/A2,6,Ａ級予選,10:20,10:15,7,https://keirin.kdreams.jp/toride/racedetail/2320241004010006/?pageType=odds,2026-10-05T02:11:01.330210+00:00,4-1-6/3-5/7-2,published,アオケイ,楽天Kドリームス 並び予想
2320241004010007,2024-10-04,取手競輪,F2,A1/A2,7,Ａ級初日特選,10:40,10:35,7,https://keirin.kdreams.jp/toride/racedetail/2320241004010007/?pageType=odds,2026-10-05T02:11:03.172398+00:00,1-5-6/2-4/7-3,published,アオケイ,楽天Kドリームス 並び予想
4220241003020001,2024-10-04,名古屋競輪,F1,A1/A2,1,Ａ級一般,15:25,15:20,7,https://keirin.kdreams.jp/nagoya/racedetail/4220241003020001/?pageType=odds,2026-10-05T02:10:32.656416+00:00,2-7/4-1/5/3/6,published,中部競輪,楽天Kドリームス 並び予想
4220241003020002,2024-10-04,名古屋競輪,F1,A1/A2,2,Ａ級一般,15:50,15:45,7,https://keirin.kdreams.jp/nagoya/racedetail/4220241003020002/?pageType=odds,2026-10-05T02:10:34.318878+00:00,4-6-2/3-7/5-1,published,中部競輪,楽天Kドリームス 並び予想
4220241003020003,2024-10-04,名古屋競輪,F1,A1/A2,3,Ａ級準決勝,16:15,16:10,7,https://keirin.kdreams.jp/nagoya/racedetail/4220241003020003/?pageType=odds,2026-10-05T02:10:36.004501+00:00,1-5/2-6/4-3-7,published,中部競輪,楽天Kドリームス 並び予想
4220241003020004,2024-10-04,名古屋競輪,F1,A1/A2,4,Ａ級準決勝,16:40,16:35,7,https://keirin.kdreams.jp/nagoya/racedetail/4220241003020004/?pageType=odds,2026-10-05T02:10:37.808564+00:00,7-4-1/3/2-5-6,published,中部競輪,楽天Kドリームス 並び予想
4220241003020005,2024-10-04,名古屋競輪,F1,A1/A2,5,Ａ級準決勝,17:06,17:01,7,https://keirin.kdreams.jp/nagoya/racedetail/4220241003020005/?pageType=odds,2026-10-05T02:10:39.485719+00:00,4-1-6/7-2/5-3,published,中部競輪,楽天Kドリームス 並び予想
1220241003020001,2024-10-04,青森競輪,F2,A1/A2,1,Ａ級一般,20:50,20:45,7,https://keirin.kdreams.jp/aomori/racedetail/1220241003020001/?pageType=odds,2026-10-05T02:09:56.843143+00:00,5-3-1/2-7/6-4,published,アオケイ,楽天Kドリームス 並び予想
1220241003020002,2024-10-04,青森競輪,F2,A1/A2,2,Ａ級一般,21:14,21:09,7,https://keirin.kdreams.jp/aomori/racedetail/1220241003020002/?pageType=odds,2026-10-05T02:09:58.944387+00:00,1-6/2/5/3-4-7,published,アオケイ,楽天Kドリームス 並び予想
1220241003020003,2024-10-04,青森競輪,F2,A1/A2,3,Ａ級選抜,21:38,21:33,7,https://keirin.kdreams.jp/aomori/racedetail/1220241003020003/?pageType=odds,2026-10-05T02:10:00.755873+00:00,4-2/1/6/3-7-5,published,アオケイ,楽天Kドリームス 並び予想
1220241003020004,2024-10-04,青森競輪,F2,A1/A2,4,Ａ級選抜,22:02,21:57,7,https://keirin.kdreams.jp/aomori/racedetail/1220241003020004/?pageType=odds,2026-10-05T02:10:02.702089+00:00,1-4/7-2-3/5-6,published,アオケイ,楽天Kドリームス 並び予想
1220241003020005,2024-10-04,青森競輪,F2,A1/A2,5,Ａ級準決勝,22:26,22:21,7,https://keirin.kdreams.jp/aomori/racedetail/1220241003020005/?pageType=odds,2026-10-05T02:10:04.471016+00:00,5-1/3-2-4/7-6,published,アオケイ,楽天Kドリームス 並び予想
1220241003020006,2024-10-04,青森競輪,F2,A1/A2,6,Ａ級準決勝,22:50,22:45,7,https://keirin.kdreams.jp/aomori/racedetail/1220241003020006/?pageType=odds,2026-10-05T02:10:06.240085+00:00,1-3/4-2/7-5-6,published,アオケイ,楽天Kドリームス 並び予想
1220241003020007,2024-10-04,青森競輪,F2,A1/A2,7,Ａ級準決勝,23:14,23:09,7,https://keirin.kdreams.jp/aomori/racedetail/1220241003020007/?pageType=odds,2026-10-05T02:10:07.954619+00:00,2-1-5/3-6/4-7,published,アオケイ,楽天Kドリームス 並び予想
2320241004020001,2024-10-05,取手競輪,F2,A1/A2,1,Ａ級一般,08:40,08:35,7,https://keirin.kdreams.jp/toride/racedetail/2320241004020001/?pageType=odds,2026-10-05T02:11:05.242902+00:00,5-1-6/2/3-4-7,published,アオケイ,楽天Kドリームス 並び予想
2320241004020002,2024-10-05,取手競輪,F2,A1/A2,2,Ａ級一般,09:00,08:55,7,https://keirin.kdreams.jp/toride/racedetail/2320241004020002/?pageType=odds,2026-10-05T02:11:07.118429+00:00,1-5-7/2/4/3-6,published,アオケイ,楽天Kドリームス 並び予想
2320241004020003,2024-10-05,取手競輪,F2,A1/A2,3,Ａ級選抜,09:20,09:15,7,https://keirin.kdreams.jp/toride/racedetail/2320241004020003/?pageType=odds,2026-10-05T02:11:08.806998+00:00,2-5/1-6/3-7-4,published,アオケイ,楽天Kドリームス 並び予想
2320241004020004,2024-10-05,取手競輪,F2,A1/A2,4,Ａ級選抜,09:40,09:35,7,https://keirin.kdreams.jp/toride/racedetail/2320241004020004/?pageType=odds,2026-10-05T02:11:10.623567+00:00,1-4-7-3/6/2-5,published,アオケイ,楽天Kドリームス 並び予想
2320241004020005,2024-10-05,取手競輪,F2,A1/A2,5,Ａ級準決勝,10:00,09:55,7,https://keirin.kdreams.jp/toride/racedetail/2320241004020005/?pageType=odds,2026-10-05T02:11:12.353735+00:00,1-5/2-7-4/6-3,published,アオケイ,楽天Kドリームス 並び予想
2320241004020006,2024-10-05,取手競輪,F2,A1/A2,6,Ａ級準決勝,10:20,10:15,7,https://keirin.kdreams.jp/toride/racedetail/2320241004020006/?pageType=odds,2026-10-05T02:11:14.062732+00:00,1-6-3/5-2/7-4,published,アオケイ,楽天Kドリームス 並び予想
2320241004020007,2024-10-05,取手競輪,F2,A1/A2,7,Ａ級準決勝,10:40,10:35,7,https://keirin.kdreams.jp/toride/racedetail/2320241004020007/?pageType=odds,2026-10-05T02:11:15.739658+00:00,1-6/7/2-5/3-4,published,アオケイ,楽天Kドリームス 並び予想
4220241003030001,2024-10-05,名古屋競輪,F1,A1/A2,1,Ａ級一般,15:25,15:20,7,https://keirin.kdreams.jp/nagoya/racedetail/4220241003030001/?pageType=odds,2026-10-05T02:10:41.638309+00:00,1-4-6/2-5/7-3,published,中部競輪,楽天Kドリームス 並び予想
4220241003030002,2024-10-05,名古屋競輪,F1,A1/A2,2,Ａ級一般,15:50,15:45,7,https://keirin.kdreams.jp/nagoya/racedetail/4220241003030002/?pageType=odds,2026-10-05T02:10:43.660788+00:00,1-5-4/7-2-3/6,published,中部競輪,楽天Kドリームス 並び予想
4220241003030003,2024-10-05,名古屋競輪,F1,A1/A2,3,Ａ級特選,16:15,16:10,7,https://keirin.kdreams.jp/nagoya/racedetail/4220241003030003/?pageType=odds,2026-10-05T02:10:45.666721+00:00,7-4-1/2/5-3-6,published,中部競輪,楽天Kドリームス 並び予想
4220241003030004,2024-10-05,名古屋競輪,F1,A1/A2,4,Ａ級特選,16:40,16:35,7,https://keirin.kdreams.jp/nagoya/racedetail/4220241003030004/?pageType=odds,2026-10-05T02:10:47.966907+00:00,7-2/5-1/4-6-3,published,中部競輪,楽天Kドリームス 並び予想
4220241003030011,2024-10-05,名古屋競輪,F1,A1/A2,11,Ａ級決勝,19:55,19:50,7,https://keirin.kdreams.jp/nagoya/racedetail/4220241003030011/?pageType=odds,2026-10-05T02:10:49.989023+00:00,1-7-3/4-2-5/6,published,中部競輪,楽天Kドリームス 並び予想
1220241003030001,2024-10-05,青森競輪,F2,A1/A2,1,Ａ級一般,20:50,20:45,7,https://keirin.kdreams.jp/aomori/racedetail/1220241003030001/?pageType=odds,2026-10-05T02:10:10.112789+00:00,4-2-6/1-5/7-3,published,アオケイ,楽天Kドリームス 並び予想
1220241003030002,2024-10-05,青森競輪,F2,A1/A2,2,Ａ級一般,21:14,21:09,7,https://keirin.kdreams.jp/aomori/racedetail/1220241003030002/?pageType=odds,2026-10-05T02:10:12.090272+00:00,4-1-2/5-3/7-6,published,アオケイ,楽天Kドリームス 並び予想
1220241003030003,2024-10-05,青森競輪,F2,A1/A2,3,Ａ級一般,21:38,21:33,7,https://keirin.kdreams.jp/aomori/racedetail/1220241003030003/?pageType=odds,2026-10-05T02:10:13.926484+00:00,3-4/1/2/5-6/7,published,アオケイ,楽天Kドリームス 並び予想
1220241003030004,2024-10-05,青森競輪,F2,A1/A2,4,Ａ級特選,22:02,21:57,7,https://keirin.kdreams.jp/aomori/racedetail/1220241003030004/?pageType=odds,2026-10-05T02:10:16.132651+00:00,1-3-4/2-5/6-7,published,アオケイ,楽天Kドリームス 並び予想
1220241003030005,2024-10-05,青森競輪,F2,A1/A2,5,Ａ級特選,22:26,22:21,7,https://keirin.kdreams.jp/aomori/racedetail/1220241003030005/?pageType=odds,2026-10-05T02:10:17.865035+00:00,2-1/3-5/6-4-7,published,アオケイ,楽天Kドリームス 並び予想
1220241003030006,2024-10-05,青森競輪,F2,A1/A2,6,Ａ級特選,22:50,22:45,7,https://keirin.kdreams.jp/aomori/racedetail/1220241003030006/?pageType=odds,2026-10-05T02:10:19.848440+00:00,2-1-7/3-5/4-6,published,アオケイ,楽天Kドリームス 並び予想
1220241003030007,2024-10-05,青森競輪,F2,A1/A2,7,Ａ級決勝,23:14,23:09,7,https://keirin.kdreams.jp/aomori/racedetail/1220241003030007/?pageType=odds,2026-10-05T02:10:21.594915+00:00,1-5-6/4-2/3-7,published,アオケイ,楽天Kドリームス 並び予想
8320241006010005,2024-10-06,久留米競輪,F2,A1/A2,5,Ａ級特予選,22:00,21:55,7,https://keirin.kdreams.jp/kurume/racedetail/8320241006010005/?pageType=odds,2026-10-05T02:11:57.553435+00:00,1-3/2-4/5-6-7,published,コンドル出版社,楽天Kドリームス 並び予想
8320241006010006,2024-10-06,久留米競輪,F2,A1/A2,6,Ａ級特予選,22:20,22:15,7,https://keirin.kdreams.jp/kurume/racedetail/8320241006010006/?pageType=odds,2026-10-05T02:11:59.242611+00:00,2-1/5-7/4-3-6,published,コンドル出版社,楽天Kドリームス 並び予想
8320241006010007,2024-10-06,久留米競輪,F2,A1/A2,7,Ａ級特予選,22:40,22:35,7,https://keirin.kdreams.jp/kurume/racedetail/8320241006010007/?pageType=odds,2026-10-05T02:12:01.105412+00:00,1-5/3-2-7/4-6,published,コンドル出版社,楽天Kドリームス 並び予想
8320241006010008,2024-10-06,久留米競輪,F2,A1/A2,8,Ａ級特予選,23:00,22:55,7,https://keirin.kdreams.jp/kurume/racedetail/8320241006010008/?pageType=odds,2026-10-05T02:12:02.907633+00:00,1-5-7/3-2/4-6,published,コンドル出版社,楽天Kドリームス 並び予想
8320241006010009,2024-10-06,久留米競輪,F2,A1/A2,9,Ａ級初日特選,23:20,23:15,7,https://keirin.kdreams.jp/kurume/racedetail/8320241006010009/?pageType=odds,2026-10-05T02:12:04.662878+00:00,1-3/2/4-7-5/6,published,コンドル出版社,楽天Kドリームス 並び予想
2320241004030001,2024-10-06,取手競輪,F2,A1/A2,1,Ａ級一般,08:30,08:25,7,https://keirin.kdreams.jp/toride/racedetail/2320241004030001/?pageType=odds,2026-10-05T02:11:17.499579+00:00,1-5-6/3/2-4-7,published,アオケイ,楽天Kドリームス 並び予想
2320241004030002,2024-10-06,取手競輪,F2,A1/A2,2,Ａ級一般,08:50,08:45,7,https://keirin.kdreams.jp/toride/racedetail/2320241004030002/?pageType=odds,2026-10-05T02:11:19.192889+00:00,3-4/1/6/7/5-2,published,アオケイ,楽天Kドリームス 並び予想
2320241004030003,2024-10-06,取手競輪,F2,A1/A2,3,Ａ級一般,09:10,09:05,7,https://keirin.kdreams.jp/toride/racedetail/2320241004030003/?pageType=odds,2026-10-05T02:11:20.840549+00:00,2-7-1/5/3-6-4,published,アオケイ,楽天Kドリームス 並び予想
2320241004030004,2024-10-06,取手競輪,F2,A1/A2,4,Ａ級特選,09:30,09:25,7,https://keirin.kdreams.jp/toride/racedetail/2320241004030004/?pageType=odds,2026-10-05T02:11:22.994520+00:00,4-1/5-2/3-7-6,published,アオケイ,楽天Kドリームス 並び予想
2320241004030005,2024-10-06,取手競輪,F2,A1/A2,5,Ａ級特選,09:50,09:45,7,https://keirin.kdreams.jp/toride/racedetail/2320241004030005/?pageType=odds,2026-10-05T02:11:24.729691+00:00,7-1-3/6/2-5-4,published,アオケイ,楽天Kドリームス 並び予想
2320241004030006,2024-10-06,取手競輪,F2,A1/A2,6,Ａ級特選,10:10,10:05,7,https://keirin.kdreams.jp/toride/racedetail/2320241004030006/?pageType=odds,2026-10-05T02:11:26.507070+00:00,5-1/6-2/4-3-7,published,アオケイ,楽天Kドリームス 並び予想
2320241004030007,2024-10-06,取手競輪,F2,A1/A2,7,Ａ級決勝,10:30,10:25,7,https://keirin.kdreams.jp/toride/racedetail/2320241004030007/?pageType=odds,2026-10-05T02:11:28.243351+00:00,5-1-7/4-2/6-3,published,アオケイ,楽天Kドリームス 並び予想
4820241006010003,2024-10-06,四日市競輪,F2,A1/A2,3,Ａ級予選,21:30,21:25,7,https://keirin.kdreams.jp/yokkaichi/racedetail/4820241006010003/?pageType=odds,2026-10-05T02:12:52.031924+00:00,1-3-5/6-2/4-7,published,富山中部,楽天Kドリームス 並び予想
4820241006010004,2024-10-06,四日市競輪,F2,A1/A2,4,Ａ級予選,21:50,21:45,7,https://keirin.kdreams.jp/yokkaichi/racedetail/4820241006010004/?pageType=odds,2026-10-05T02:12:53.709037+00:00,1-3-6-7/4/5-2,published,富山中部,楽天Kドリームス 並び予想
4820241006010005,2024-10-06,四日市競輪,F2,A1/A2,5,Ａ級予選,22:10,22:05,7,https://keirin.kdreams.jp/yokkaichi/racedetail/4820241006010005/?pageType=odds,2026-10-05T02:12:55.414585+00:00,1-2-7/5/6/3-4,published,富山中部,楽天Kドリームス 並び予想
4820241006010006,2024-10-06,四日市競輪,F2,A1/A2,6,Ａ級予選,22:30,22:25,7,https://keirin.kdreams.jp/yokkaichi/racedetail/4820241006010006/?pageType=odds,2026-10-05T02:12:57.214128+00:00,4-1-5/2-3-6-7,published,富山中部,楽天Kドリームス 並び予想
4820241006010007,2024-10-06,四日市競輪,F2,A1/A2,7,Ａ級予選,22:50,22:45,7,https://keirin.kdreams.jp/yokkaichi/racedetail/4820241006010007/?pageType=odds,2026-10-05T02:12:59.101386+00:00,3-1-7/5-2/4-6,published,富山中部,楽天Kドリームス 並び予想
4820241006010008,2024-10-06,四日市競輪,F2,A1/A2,8,Ａ級予選,23:10,23:05,7,https://keirin.kdreams.jp/yokkaichi/racedetail/4820241006010008/?pageType=odds,2026-10-05T02:13:00.722718+00:00,1-2-7/6-3/5-4,published,富山中部,楽天Kドリームス 並び予想
4820241006010009,2024-10-06,四日市競輪,F2,A1/A2,9,Ａ級初日特選,23:30,23:25,7,https://keirin.kdreams.jp/yokkaichi/racedetail/4820241006010009/?pageType=odds,2026-10-05T02:13:02.539389+00:00,1-2/6-3/4-5-7,published,富山中部,楽天Kドリームス 並び予想
4620241006010001,2024-10-06,富山競輪,F1,A1/A2,1,Ａ級予選,10:28,10:23,7,https://keirin.kdreams.jp/toyama/racedetail/4620241006010001/?pageType=odds,2026-10-05T02:12:25.213701+00:00,4-1-7/3/2-5-6,published,中部競輪,楽天Kドリームス 並び予想
4620241006010002,2024-10-06,富山競輪,F1,A1/A2,2,Ａ級予選,10:53,10:48,7,https://keirin.kdreams.jp/toyama/racedetail/4620241006010002/?pageType=odds,2026-10-05T02:12:26.709932+00:00,1-4/6-2/5-3-7,published,中部競輪,楽天Kドリームス 並び予想
4620241006010003,2024-10-06,富山競輪,F1,A1/A2,3,Ａ級予選,11:18,11:13,7,https://keirin.kdreams.jp/toyama/racedetail/4620241006010003/?pageType=odds,2026-10-05T02:12:28.465675+00:00,1-4/2-5-6/7-3,published,中部競輪,楽天Kドリームス 並び予想
4620241006010004,2024-10-06,富山競輪,F1,A1/A2,4,Ａ級予選,11:44,11:39,7,https://keirin.kdreams.jp/toyama/racedetail/4620241006010004/?pageType=odds,2026-10-05T02:12:30.294665+00:00,7-1-5/2-4/3-6,published,中部競輪,楽天Kドリームス 並び予想
4620241006010005,2024-10-06,富山競輪,F1,A1/A2,5,Ａ級初日特選,12:10,12:05,7,https://keirin.kdreams.jp/toyama/racedetail/4620241006010005/?pageType=odds,2026-10-05T02:12:32.171922+00:00,6-5-1/4-2-7/3,published,中部競輪,楽天Kドリームス 並び予想
3520241006010001,2024-10-06,平塚競輪,F1,A1/A2,1,Ａ級予選,15:25,15:20,7,https://keirin.kdreams.jp/hiratsuka/racedetail/3520241006010001/?pageType=odds,2026-10-05T02:11:30.012103+00:00,3-1-5/7-2/6-4,published,小田競・サイクル,楽天Kドリームス 並び予想
3520241006010002,2024-10-06,平塚競輪,F1,A1/A2,2,Ａ級予選,15:49,15:44,7,https://keirin.kdreams.jp/hiratsuka/racedetail/3520241006010002/?pageType=odds,2026-10-05T02:11:31.720511+00:00,7-4-1/2-5-3-6,published,小田競・サイクル,楽天Kドリームス 並び予想
3520241006010003,2024-10-06,平塚競輪,F1,A1/A2,3,Ａ級予選,16:13,16:08,7,https://keirin.kdreams.jp/hiratsuka/racedetail/3520241006010003/?pageType=odds,2026-10-05T02:11:33.535262+00:00,1-5-6/2/7-3-4,published,小田競・サイクル,楽天Kドリームス 並び予想
3520241006010004,2024-10-06,平塚競輪,F1,A1/A2,4,Ａ級予選,16:37,16:32,7,https://keirin.kdreams.jp/hiratsuka/racedetail/3520241006010004/?pageType=odds,2026-10-05T02:11:35.319426+00:00,4-7-1/5-2/3/6,published,小田競・サイクル,楽天Kドリームス 並び予想
3520241006010005,2024-10-06,平塚競輪,F1,A1/A2,5,Ａ級初日特選,17:04,16:59,7,https://keirin.kdreams.jp/hiratsuka/racedetail/3520241006010005/?pageType=odds,2026-10-05T02:11:37.176998+00:00,5-3/1-7/6-2-4,published,小田競・サイクル,楽天Kドリームス 並び予想
8320241006020005,2024-10-07,久留米競輪,F2,A1/A2,5,Ａ級特一般,22:00,21:55,7,https://keirin.kdreams.jp/kurume/racedetail/8320241006020005/?pageType=odds,2026-10-05T02:12:06.497068+00:00,1-4/2-5-7/3-6,published,コンドル出版社,楽天Kドリームス 並び予想
8320241006020006,2024-10-07,久留米競輪,F2,A1/A2,6,Ａ級特一般,22:20,22:15,7,https://keirin.kdreams.jp/kurume/racedetail/8320241006020006/?pageType=odds,2026-10-05T02:12:08.216115+00:00,1-5/2-3/4-6-7,published,コンドル出版社,楽天Kドリームス 並び予想
8320241006020007,2024-10-07,久留米競輪,F2,A1/A2,7,Ａ級準決勝,22:40,22:35,7,https://keirin.kdreams.jp/kurume/racedetail/8320241006020007/?pageType=odds,2026-10-05T02:12:09.956402+00:00,1-6-5/4-2/3-7,published,コンドル出版社,楽天Kドリームス 並び予想
8320241006020008,2024-10-07,久留米競輪,F2,A1/A2,8,Ａ級準決勝,23:00,22:55,7,https://keirin.kdreams.jp/kurume/racedetail/8320241006020008/?pageType=odds,2026-10-05T02:12:12.272016+00:00,1-3/2/4-5-7/6,published,コンドル出版社,楽天Kドリームス 並び予想
8320241006020009,2024-10-07,久留米競輪,F2,A1/A2,9,Ａ級準決勝,23:20,23:15,7,https://keirin.kdreams.jp/kurume/racedetail/8320241006020009/?pageType=odds,2026-10-05T02:12:14.132372+00:00,1-2-7/3-6/4-5,published,コンドル出版社,楽天Kドリームス 並び予想
4820241006020003,2024-10-07,四日市競輪,F2,A1/A2,3,Ａ級一般,21:30,21:25,7,https://keirin.kdreams.jp/yokkaichi/racedetail/4820241006020003/?pageType=odds,2026-10-05T02:13:04.395850+00:00,1-4-7/3-2/5-6,published,富山中部,楽天Kドリームス 並び予想
4820241006020004,2024-10-07,四日市競輪,F2,A1/A2,4,Ａ級一般,21:50,21:45,7,https://keirin.kdreams.jp/yokkaichi/racedetail/4820241006020004/?pageType=odds,2026-10-05T02:13:06.192124+00:00,1-4/2-6/5/7-3,published,富山中部,楽天Kドリームス 並び予想
4820241006020005,2024-10-07,四日市競輪,F2,A1/A2,5,Ａ級選抜,22:10,22:05,7,https://keirin.kdreams.jp/yokkaichi/racedetail/4820241006020005/?pageType=odds,2026-10-05T02:13:08.078908+00:00,1-2-4/6/5-3-7,published,富山中部,楽天Kドリームス 並び予想
4820241006020006,2024-10-07,四日市競輪,F2,A1/A2,6,Ａ級選抜,22:30,22:25,7,https://keirin.kdreams.jp/yokkaichi/racedetail/4820241006020006/?pageType=odds,2026-10-05T02:13:09.937469+00:00,2-3-1/7/5-4-6,published,富山中部,楽天Kドリームス 並び予想
4820241006020007,2024-10-07,四日市競輪,F2,A1/A2,7,Ａ級準決勝,22:50,22:45,7,https://keirin.kdreams.jp/yokkaichi/racedetail/4820241006020007/?pageType=odds,2026-10-05T02:13:11.672477+00:00,4-1-6/2-3/7-5,published,富山中部,楽天Kドリームス 並び予想
4820241006020008,2024-10-07,四日市競輪,F2,A1/A2,8,Ａ級準決勝,23:10,23:05,7,https://keirin.kdreams.jp/yokkaichi/racedetail/4820241006020008/?pageType=odds,2026-10-05T02:13:13.491700+00:00,1-4/7-2-5/3-6,published,富山中部,楽天Kドリームス 並び予想
4820241006020009,2024-10-07,四日市競輪,F2,A1/A2,9,Ａ級準決勝,23:30,23:25,7,https://keirin.kdreams.jp/yokkaichi/racedetail/4820241006020009/?pageType=odds,2026-10-05T02:13:15.171092+00:00,6-1/3-2-4/5-7,published,富山中部,楽天Kドリームス 並び予想
4620241006020001,2024-10-07,富山競輪,F1,A1/A2,1,Ａ級一般,10:28,10:23,7,https://keirin.kdreams.jp/toyama/racedetail/4620241006020001/?pageType=odds,2026-10-05T02:12:33.999486+00:00,1-7/2-5/4-3-6,published,中部競輪,楽天Kドリームス 並び予想
4620241006020002,2024-10-07,富山競輪,F1,A1/A2,2,Ａ級一般,10:53,10:48,7,https://keirin.kdreams.jp/toyama/racedetail/4620241006020002/?pageType=odds,2026-10-05T02:12:36.088278+00:00,1-7-5/3/4-2-6,published,中部競輪,楽天Kドリームス 並び予想
4620241006020003,2024-10-07,富山競輪,F1,A1/A2,3,Ａ級準決勝,11:18,11:13,7,https://keirin.kdreams.jp/toyama/racedetail/4620241006020003/?pageType=odds,2026-10-05T02:12:37.809104+00:00,7-1/2-5/4/6-3,published,中部競輪,楽天Kドリームス 並び予想
4620241006020004,2024-10-07,富山競輪,F1,A1/A2,4,Ａ級準決勝,11:44,11:39,7,https://keirin.kdreams.jp/toyama/racedetail/4620241006020004/?pageType=odds,2026-10-05T02:12:39.633554+00:00,5-1/6-2/7-3/4,published,中部競輪,楽天Kドリームス 並び予想
4620241006020005,2024-10-07,富山競輪,F1,A1/A2,5,Ａ級準決勝,12:10,12:05,7,https://keirin.kdreams.jp/toyama/racedetail/4620241006020005/?pageType=odds,2026-10-05T02:12:41.458128+00:00,1-7-3-4/2-5-6,published,中部競輪,楽天Kドリームス 並び予想
3520241006020001,2024-10-07,平塚競輪,F1,A1/A2,1,Ａ級一般,15:25,15:20,7,https://keirin.kdreams.jp/hiratsuka/racedetail/3520241006020001/?pageType=odds,2026-10-05T02:11:38.912589+00:00,3-1-4/2-7-6/5,published,小田競・サイクル,楽天Kドリームス 並び予想
3520241006020002,2024-10-07,平塚競輪,F1,A1/A2,2,Ａ級一般,15:50,15:45,7,https://keirin.kdreams.jp/hiratsuka/racedetail/3520241006020002/?pageType=odds,2026-10-05T02:11:40.929107+00:00,5-2-6/1-4-7/3,published,小田競・サイクル,楽天Kドリームス 並び予想
3520241006020003,2024-10-07,平塚競輪,F1,A1/A2,3,Ａ級準決勝,16:16,16:11,7,https://keirin.kdreams.jp/hiratsuka/racedetail/3520241006020003/?pageType=odds,2026-10-05T02:11:42.757664+00:00,3-5/2-7/1-4-6,published,小田競・サイクル,楽天Kドリームス 並び予想
3520241006020004,2024-10-07,平塚競輪,F1,A1/A2,4,Ａ級準決勝,16:42,16:37,7,https://keirin.kdreams.jp/hiratsuka/racedetail/3520241006020004/?pageType=odds,2026-10-05T02:11:44.574660+00:00,4-1/5-2/3-7-6,published,小田競・サイクル,楽天Kドリームス 並び予想
3520241006020005,2024-10-07,平塚競輪,F1,A1/A2,5,Ａ級準決勝,17:08,17:03,7,https://keirin.kdreams.jp/hiratsuka/racedetail/3520241006020005/?pageType=odds,2026-10-05T02:11:46.456320+00:00,7-1/2-6/4-3-5,published,小田競・サイクル,楽天Kドリームス 並び予想
6120241007010008,2024-10-07,玉野競輪,F2,A1/A2,8,Ａ級特予選,18:17,18:12,7,https://keirin.kdreams.jp/tamano/racedetail/6120241007010008/?pageType=odds,2026-10-05T02:13:56.443868+00:00,2-5-6/7-1/4-3,published,競輪毎日,楽天Kドリームス 並び予想
6120241007010009,2024-10-07,玉野競輪,F2,A1/A2,9,Ａ級特予選,18:44,18:39,7,https://keirin.kdreams.jp/tamano/racedetail/6120241007010009/?pageType=odds,2026-10-05T02:13:58.254334+00:00,7-4/5-1/2/3-6,published,競輪毎日,楽天Kドリームス 並び予想
6120241007010010,2024-10-07,玉野競輪,F2,A1/A2,10,Ａ級特予選,19:14,19:09,7,https://keirin.kdreams.jp/tamano/racedetail/6120241007010010/?pageType=odds,2026-10-05T02:14:00.164119+00:00,5-1/3-6/2-4-7,published,競輪毎日,楽天Kドリームス 並び予想
6120241007010011,2024-10-07,玉野競輪,F2,A1/A2,11,Ａ級特予選,19:44,19:39,7,https://keirin.kdreams.jp/tamano/racedetail/6120241007010011/?pageType=odds,2026-10-05T02:14:02.028264+00:00,5-2/1-3-7/6-4,published,競輪毎日,楽天Kドリームス 並び予想
6120241007010012,2024-10-07,玉野競輪,F2,A1/A2,12,Ａ級初日特選,20:15,20:10,7,https://keirin.kdreams.jp/tamano/racedetail/6120241007010012/?pageType=odds,2026-10-05T02:14:04.188704+00:00,5-1-4/2-6/7-3,published,競輪毎日,楽天Kドリームス 並び予想
2620241007010001,2024-10-07,西武園競輪,F1,A1/A2,1,Ａ級予選,10:34,10:29,7,https://keirin.kdreams.jp/seibuen/racedetail/2620241007010001/?pageType=odds,2026-10-05T02:13:29.364661+00:00,4-1-6/2-5/7-3,published,アオケイ,楽天Kドリームス 並び予想
2620241007010002,2024-10-07,西武園競輪,F1,A1/A2,2,Ａ級予選,11:00,10:55,7,https://keirin.kdreams.jp/seibuen/racedetail/2620241007010002/?pageType=odds,2026-10-05T02:13:31.156533+00:00,5-2/4/1-3-6/7,published,アオケイ,楽天Kドリームス 並び予想
2620241007010003,2024-10-07,西武園競輪,F1,A1/A2,3,Ａ級予選,11:26,11:21,7,https://keirin.kdreams.jp/seibuen/racedetail/2620241007010003/?pageType=odds,2026-10-05T02:13:32.820210+00:00,1-4-7/6-2/5-3,published,アオケイ,楽天Kドリームス 並び予想
2620241007010004,2024-10-07,西武園競輪,F1,A1/A2,4,Ａ級予選,11:52,11:47,7,https://keirin.kdreams.jp/seibuen/racedetail/2620241007010004/?pageType=odds,2026-10-05T02:13:34.851738+00:00,7-2-4/1/3-6/5,published,アオケイ,楽天Kドリームス 並び予想
2620241007010005,2024-10-07,西武園競輪,F1,A1/A2,5,Ａ級初日特選,12:20,12:15,7,https://keirin.kdreams.jp/seibuen/racedetail/2620241007010005/?pageType=odds,2026-10-05T02:13:36.555066+00:00,1-7/3-5/6/4-2,published,アオケイ,楽天Kドリームス 並び予想
8320241006030004,2024-10-08,久留米競輪,F2,A1/A2,4,Ａ級特一般,21:40,21:35,7,https://keirin.kdreams.jp/kurume/racedetail/8320241006030004/?pageType=odds,2026-10-05T02:12:16.341038+00:00,1-3/2-4/5-6/7,published,コンドル出版社,楽天Kドリームス 並び予想
8320241006030005,2024-10-08,久留米競輪,F2,A1/A2,5,Ａ級特一般,22:00,21:55,7,https://keirin.kdreams.jp/kurume/racedetail/8320241006030005/?pageType=odds,2026-10-05T02:12:18.172081+00:00,1-3-2/5-4-6/7,published,コンドル出版社,楽天Kドリームス 並び予想
8320241006030006,2024-10-08,久留米競輪,F2,A1/A2,6,Ａ級特選,22:20,22:15,7,https://keirin.kdreams.jp/kurume/racedetail/8320241006030006/?pageType=odds,2026-10-05T02:12:19.962308+00:00,1-6-5/2/3/4/7,published,コンドル出版社,楽天Kドリームス 並び予想
8320241006030007,2024-10-08,久留米競輪,F2,A1/A2,7,Ａ級特選,22:40,22:35,7,https://keirin.kdreams.jp/kurume/racedetail/8320241006030007/?pageType=odds,2026-10-05T02:12:21.747578+00:00,2-1/5-3-6/4-7,published,コンドル出版社,楽天Kドリームス 並び予想
8320241006030009,2024-10-08,久留米競輪,F2,A1/A2,9,Ａ級決勝,23:20,23:15,7,https://keirin.kdreams.jp/kurume/racedetail/8320241006030009/?pageType=odds,2026-10-05T02:12:23.500881+00:00,1-7/2/5/6-3-4,published,コンドル出版社,楽天Kドリームス 並び予想
5520241008010001,2024-10-08,和歌山競輪,F1,A1/A2,1,Ａ級予選,10:45,10:40,7,https://keirin.kdreams.jp/wakayama/racedetail/5520241008010001/?pageType=odds,2026-10-05T02:14:51.306254+00:00,2-6/4-1-5/3-7,published,競輪研究,楽天Kドリームス 並び予想
5520241008010002,2024-10-08,和歌山競輪,F1,A1/A2,2,Ａ級予選,11:10,11:05,7,https://keirin.kdreams.jp/wakayama/racedetail/5520241008010002/?pageType=odds,2026-10-05T02:14:53.172448+00:00,1-5-3/4/7-2-6,published,競輪研究,楽天Kドリームス 並び予想
5520241008010003,2024-10-08,和歌山競輪,F1,A1/A2,3,Ａ級予選,11:35,11:30,7,https://keirin.kdreams.jp/wakayama/racedetail/5520241008010003/?pageType=odds,2026-10-05T02:14:54.937786+00:00,1-4/3-6/2-5-7,published,競輪研究,楽天Kドリームス 並び予想
5520241008010004,2024-10-08,和歌山競輪,F1,A1/A2,4,Ａ級予選,12:00,11:55,7,https://keirin.kdreams.jp/wakayama/racedetail/5520241008010004/?pageType=odds,2026-10-05T02:14:56.691767+00:00,5-1-4/6-2/7-3,published,競輪研究,楽天Kドリームス 並び予想
5520241008010005,2024-10-08,和歌山競輪,F1,A1/A2,5,Ａ級初日特選,12:25,12:20,7,https://keirin.kdreams.jp/wakayama/racedetail/5520241008010005/?pageType=odds,2026-10-05T02:14:58.348210+00:00,5-2/1-7/4-3/6,published,競輪研究,楽天Kドリームス 並び予想
4820241006030002,2024-10-08,四日市競輪,F2,A1/A2,2,Ａ級一般,21:10,21:05,7,https://keirin.kdreams.jp/yokkaichi/racedetail/4820241006030002/?pageType=odds,2026-10-05T02:13:16.948349+00:00,4-1-2-6/3-7/5,published,富山中部,楽天Kドリームス 並び予想
4820241006030003,2024-10-08,四日市競輪,F2,A1/A2,3,Ａ級一般,21:30,21:25,7,https://keirin.kdreams.jp/yokkaichi/racedetail/4820241006030003/?pageType=odds,2026-10-05T02:13:18.706756+00:00,1-5/4-2-3/6/7,published,富山中部,楽天Kドリームス 並び予想
4820241006030004,2024-10-08,四日市競輪,F2,A1/A2,4,Ａ級一般,21:50,21:45,7,https://keirin.kdreams.jp/yokkaichi/racedetail/4820241006030004/?pageType=odds,2026-10-05T02:13:20.475451+00:00,1-5-7/2-3/4-6,published,富山中部,楽天Kドリームス 並び予想
4820241006030005,2024-10-08,四日市競輪,F2,A1/A2,5,Ａ級特選,22:10,22:05,7,https://keirin.kdreams.jp/yokkaichi/racedetail/4820241006030005/?pageType=odds,2026-10-05T02:13:22.160462+00:00,1-4-2/5-3-7/6,published,富山中部,楽天Kドリームス 並び予想
4820241006030006,2024-10-08,四日市競輪,F2,A1/A2,6,Ａ級特選,22:30,22:25,7,https://keirin.kdreams.jp/yokkaichi/racedetail/4820241006030006/?pageType=odds,2026-10-05T02:13:23.952034+00:00,5-1/2-6/7-4/3,published,富山中部,楽天Kドリームス 並び予想
4820241006030007,2024-10-08,四日市競輪,F2,A1/A2,7,Ａ級特選,22:50,22:45,7,https://keirin.kdreams.jp/yokkaichi/racedetail/4820241006030007/?pageType=odds,2026-10-05T02:13:25.706021+00:00,3-1-7/2-4/5-6,published,富山中部,楽天Kドリームス 並び予想
4820241006030009,2024-10-08,四日市競輪,F2,A1/A2,9,Ａ級決勝,23:30,23:25,7,https://keirin.kdreams.jp/yokkaichi/racedetail/4820241006030009/?pageType=odds,2026-10-05T02:13:27.544633+00:00,1-5-4-6/3-2-7,published,富山中部,楽天Kドリームス 並び予想
4620241006030001,2024-10-08,富山競輪,F1,A1/A2,1,Ａ級一般,10:28,10:23,7,https://keirin.kdreams.jp/toyama/racedetail/4620241006030001/?pageType=odds,2026-10-05T02:12:43.127609+00:00,7-1-4/3/5-2-6,published,中部競輪,楽天Kドリームス 並び予想
4620241006030002,2024-10-08,富山競輪,F1,A1/A2,2,Ａ級一般,10:53,10:48,7,https://keirin.kdreams.jp/toyama/racedetail/4620241006030002/?pageType=odds,2026-10-05T02:12:44.727359+00:00,5-1-6/3/4-7-2,published,中部競輪,楽天Kドリームス 並び予想
4620241006030003,2024-10-08,富山競輪,F1,A1/A2,3,Ａ級特選,11:18,11:13,7,https://keirin.kdreams.jp/toyama/racedetail/4620241006030003/?pageType=odds,2026-10-05T02:12:46.561782+00:00,1-5/7-2/3-4-6,published,中部競輪,楽天Kドリームス 並び予想
4620241006030004,2024-10-08,富山競輪,F1,A1/A2,4,Ａ級特選,11:44,11:39,7,https://keirin.kdreams.jp/toyama/racedetail/4620241006030004/?pageType=odds,2026-10-05T02:12:48.302580+00:00,1-5/7-2-4/3-6,published,中部競輪,楽天Kドリームス 並び予想
4620241006030011,2024-10-08,富山競輪,F1,A1/A2,11,Ａ級決勝,15:20,15:15,7,https://keirin.kdreams.jp/toyama/racedetail/4620241006030011/?pageType=odds,2026-10-05T02:12:50.355140+00:00,1-5/2-7/6-3-4,published,中部競輪,楽天Kドリームス 並び予想
8120241008010001,2024-10-08,小倉競輪,F1,A1/A2,1,Ａ級予選,15:16,15:11,7,https://keirin.kdreams.jp/kokura/racedetail/8120241008010001/?pageType=odds,2026-10-05T02:14:24.730885+00:00,5-2-7/1-4/6-3,published,コンドル出版社,楽天Kドリームス 並び予想
8120241008010002,2024-10-08,小倉競輪,F1,A1/A2,2,Ａ級予選,15:40,15:35,7,https://keirin.kdreams.jp/kokura/racedetail/8120241008010002/?pageType=odds,2026-10-05T02:14:26.488544+00:00,7-2-1/3-4-5/6,published,コンドル出版社,楽天Kドリームス 並び予想
8120241008010003,2024-10-08,小倉競輪,F1,A1/A2,3,Ａ級予選,16:06,16:01,7,https://keirin.kdreams.jp/kokura/racedetail/8120241008010003/?pageType=odds,2026-10-05T02:14:28.189081+00:00,7-4-2/1/6/5-3,published,コンドル出版社,楽天Kドリームス 並び予想
8120241008010004,2024-10-08,小倉競輪,F1,A1/A2,4,Ａ級予選,16:30,16:25,7,https://keirin.kdreams.jp/kokura/racedetail/8120241008010004/?pageType=odds,2026-10-05T02:14:29.943433+00:00,2-7-1-5/4-3-6,published,コンドル出版社,楽天Kドリームス 並び予想
8120241008010005,2024-10-08,小倉競輪,F1,A1/A2,5,Ａ級初日特選,16:54,16:49,7,https://keirin.kdreams.jp/kokura/racedetail/8120241008010005/?pageType=odds,2026-10-05T02:14:31.765830+00:00,7-1/2-5/3/6-4,published,コンドル出版社,楽天Kドリームス 並び予想
3520241006030001,2024-10-08,平塚競輪,F1,A1/A2,1,Ａ級一般,15:31,15:26,7,https://keirin.kdreams.jp/hiratsuka/racedetail/3520241006030001/?pageType=odds,2026-10-05T02:11:48.250750+00:00,7-1-3/4/2-5-6,published,小田競・サイクル,楽天Kドリームス 並び予想
3520241006030002,2024-10-08,平塚競輪,F1,A1/A2,2,Ａ級一般,15:55,15:50,7,https://keirin.kdreams.jp/hiratsuka/racedetail/3520241006030002/?pageType=odds,2026-10-05T02:11:50.091391+00:00,4-7-1/5-2/3/6,published,小田競・サイクル,楽天Kドリームス 並び予想
3520241006030003,2024-10-08,平塚競輪,F1,A1/A2,3,Ａ級特選,16:20,16:15,7,https://keirin.kdreams.jp/hiratsuka/racedetail/3520241006030003/?pageType=odds,2026-10-05T02:11:51.985479+00:00,1-4-5/3-6-7-2,published,小田競・サイクル,楽天Kドリームス 並び予想
3520241006030004,2024-10-08,平塚競輪,F1,A1/A2,4,Ａ級特選,16:45,16:40,7,https://keirin.kdreams.jp/hiratsuka/racedetail/3520241006030004/?pageType=odds,2026-10-05T02:11:53.941066+00:00,7-3/4-1/6-2-5,published,小田競・サイクル,楽天Kドリームス 並び予想
3520241006030011,2024-10-08,平塚競輪,F1,A1/A2,11,Ａ級決勝,20:00,19:55,7,https://keirin.kdreams.jp/hiratsuka/racedetail/3520241006030011/?pageType=odds,2026-10-05T02:11:55.721251+00:00,1-6/7-2/5-3/4,published,小田競・サイクル,楽天Kドリームス 並び予想
6120241007020008,2024-10-08,玉野競輪,F2,A1/A2,8,Ａ級特一般,18:22,18:17,7,https://keirin.kdreams.jp/tamano/racedetail/6120241007020008/?pageType=odds,2026-10-05T02:14:06.080009+00:00,4-1-7/2/3-5-6,published,競輪毎日,楽天Kドリームス 並び予想
6120241007020009,2024-10-08,玉野競輪,F2,A1/A2,9,Ａ級特一般,18:51,18:46,7,https://keirin.kdreams.jp/tamano/racedetail/6120241007020009/?pageType=odds,2026-10-05T02:14:07.861574+00:00,1-4/2-3-6/5-7,published,競輪毎日,楽天Kドリームス 並び予想
6120241007020010,2024-10-08,玉野競輪,F2,A1/A2,10,Ａ級準決勝,19:20,19:15,7,https://keirin.kdreams.jp/tamano/racedetail/6120241007020010/?pageType=odds,2026-10-05T02:14:09.610473+00:00,1-7/2-3/4-5-6,published,競輪毎日,楽天Kドリームス 並び予想
6120241007020011,2024-10-08,玉野競輪,F2,A1/A2,11,Ａ級準決勝,19:50,19:45,7,https://keirin.kdreams.jp/tamano/racedetail/6120241007020011/?pageType=odds,2026-10-05T02:14:11.550274+00:00,7-1/5-2/4-3-6,published,競輪毎日,楽天Kドリームス 並び予想
6120241007020012,2024-10-08,玉野競輪,F2,A1/A2,12,Ａ級準決勝,20:25,20:20,7,https://keirin.kdreams.jp/tamano/racedetail/6120241007020012/?pageType=odds,2026-10-05T02:14:13.347762+00:00,1-5-4/2-7/3-6,published,競輪毎日,楽天Kドリームス 並び予想
2620241007020001,2024-10-08,西武園競輪,F1,A1/A2,1,Ａ級一般,10:34,10:29,7,https://keirin.kdreams.jp/seibuen/racedetail/2620241007020001/?pageType=odds,2026-10-05T02:13:38.272721+00:00,2-6/1/4/3-7/5,published,アオケイ,楽天Kドリームス 並び予想
2620241007020002,2024-10-08,西武園競輪,F1,A1/A2,2,Ａ級一般,11:00,10:55,7,https://keirin.kdreams.jp/seibuen/racedetail/2620241007020002/?pageType=odds,2026-10-05T02:13:40.130689+00:00,4-6/1-7/2-5/3,published,アオケイ,楽天Kドリームス 並び予想
2620241007020003,2024-10-08,西武園競輪,F1,A1/A2,3,Ａ級準決勝,11:26,11:21,7,https://keirin.kdreams.jp/seibuen/racedetail/2620241007020003/?pageType=odds,2026-10-05T02:13:41.895652+00:00,2-7/1/5-3/4-6,published,アオケイ,楽天Kドリームス 並び予想
2620241007020004,2024-10-08,西武園競輪,F1,A1/A2,4,Ａ級準決勝,11:52,11:47,7,https://keirin.kdreams.jp/seibuen/racedetail/2620241007020004/?pageType=odds,2026-10-05T02:13:43.881876+00:00,2-7-4/5-1/6-3,published,アオケイ,楽天Kドリームス 並び予想
2620241007020005,2024-10-08,西武園競輪,F1,A1/A2,5,Ａ級準決勝,12:20,12:15,7,https://keirin.kdreams.jp/seibuen/racedetail/2620241007020005/?pageType=odds,2026-10-05T02:13:45.663109+00:00,1-5/4-3/7-2-6,published,アオケイ,楽天Kドリームス 並び予想
5520241008020001,2024-10-09,和歌山競輪,F1,A1/A2,1,Ａ級一般,10:45,10:40,6,https://keirin.kdreams.jp/wakayama/racedetail/5520241008020001/?pageType=odds,2026-10-05T02:15:00.256825+00:00,1-4/6/3-5-2,published,競輪研究,楽天Kドリームス 並び予想
5520241008020002,2024-10-09,和歌山競輪,F1,A1/A2,2,Ａ級一般,11:10,11:05,6,https://keirin.kdreams.jp/wakayama/racedetail/5520241008020002/?pageType=odds,2026-10-05T02:15:01.827796+00:00,3-5-2/1-4-6,published,競輪研究,楽天Kドリームス 並び予想
5520241008020003,2024-10-09,和歌山競輪,F1,A1/A2,3,Ａ級準決勝,11:35,11:30,7,https://keirin.kdreams.jp/wakayama/racedetail/5520241008020003/?pageType=odds,2026-10-05T02:15:03.646340+00:00,4-1-6/2-5/3-7,published,競輪研究,楽天Kドリームス 並び予想
5520241008020004,2024-10-09,和歌山競輪,F1,A1/A2,4,Ａ級準決勝,12:00,11:55,7,https://keirin.kdreams.jp/wakayama/racedetail/5520241008020004/?pageType=odds,2026-10-05T02:15:05.424165+00:00,7-2/1-4-6/5-3,published,競輪研究,楽天Kドリームス 並び予想
5520241008020005,2024-10-09,和歌山競輪,F1,A1/A2,5,Ａ級準決勝,12:30,12:25,7,https://keirin.kdreams.jp/wakayama/racedetail/5520241008020005/?pageType=odds,2026-10-05T02:15:06.607984+00:00,3-6/1-4/2-5/7,published,競輪研究,楽天Kドリームス 並び予想
2420241009010003,2024-10-09,宇都宮競輪,F2,A1/A2,3,Ａ級予選,21:20,21:15,7,https://keirin.kdreams.jp/utsunomiya/racedetail/2420241009010003/?pageType=odds,2026-10-05T02:16:19.055231+00:00,2-1-5/7/4-3-6,published,アオケイ,楽天Kドリームス 並び予想
2420241009010004,2024-10-09,宇都宮競輪,F2,A1/A2,4,Ａ級予選,21:40,21:35,7,https://keirin.kdreams.jp/utsunomiya/racedetail/2420241009010004/?pageType=odds,2026-10-05T02:16:20.717331+00:00,1-5-6/7/4-2-3,published,アオケイ,楽天Kドリームス 並び予想
2420241009010005,2024-10-09,宇都宮競輪,F2,A1/A2,5,Ａ級予選,22:00,21:55,7,https://keirin.kdreams.jp/utsunomiya/racedetail/2420241009010005/?pageType=odds,2026-10-05T02:16:22.296424+00:00,2-1-3/6-5/7-4,published,アオケイ,楽天Kドリームス 並び予想
2420241009010006,2024-10-09,宇都宮競輪,F2,A1/A2,6,Ａ級予選,22:20,22:15,7,https://keirin.kdreams.jp/utsunomiya/racedetail/2420241009010006/?pageType=odds,2026-10-05T02:16:23.779978+00:00,1-2/6-7/5-3-4,published,アオケイ,楽天Kドリームス 並び予想
2420241009010007,2024-10-09,宇都宮競輪,F2,A1/A2,7,Ａ級予選,22:40,22:35,7,https://keirin.kdreams.jp/utsunomiya/racedetail/2420241009010007/?pageType=odds,2026-10-05T02:16:25.351340+00:00,1-2-4/6/7/3-5,published,アオケイ,楽天Kドリームス 並び予想
2420241009010008,2024-10-09,宇都宮競輪,F2,A1/A2,8,Ａ級予選,23:00,22:55,7,https://keirin.kdreams.jp/utsunomiya/racedetail/2420241009010008/?pageType=odds,2026-10-05T02:16:26.913350+00:00,1-3-5-7/6/4-2,published,アオケイ,楽天Kドリームス 並び予想
2420241009010009,2024-10-09,宇都宮競輪,F2,A1/A2,9,Ａ級初日特選,23:20,23:15,7,https://keirin.kdreams.jp/utsunomiya/racedetail/2420241009010009/?pageType=odds,2026-10-05T02:16:28.434359+00:00,2-7-1/4/5-6-3,published,アオケイ,楽天Kドリームス 並び予想
8120241008020001,2024-10-09,小倉競輪,F1,A1/A2,1,Ａ級一般,15:36,15:31,7,https://keirin.kdreams.jp/kokura/racedetail/8120241008020001/?pageType=odds,2026-10-05T02:14:33.519763+00:00,7-4-1/2/3-5-6,published,コンドル出版社,楽天Kドリームス 並び予想
8120241008020002,2024-10-09,小倉競輪,F1,A1/A2,2,Ａ級一般,16:06,16:01,7,https://keirin.kdreams.jp/kokura/racedetail/8120241008020002/?pageType=odds,2026-10-05T02:14:35.293349+00:00,7-1-4/2/3-6-5,published,コンドル出版社,楽天Kドリームス 並び予想
8120241008020003,2024-10-09,小倉競輪,F1,A1/A2,3,Ａ級準決勝,16:30,16:25,7,https://keirin.kdreams.jp/kokura/racedetail/8120241008020003/?pageType=odds,2026-10-05T02:14:37.009449+00:00,4-1-7/2-5-6/3,published,コンドル出版社,楽天Kドリームス 並び予想
8120241008020004,2024-10-09,小倉競輪,F1,A1/A2,4,Ａ級準決勝,16:54,16:49,7,https://keirin.kdreams.jp/kokura/racedetail/8120241008020004/?pageType=odds,2026-10-05T02:14:38.677176+00:00,1-7/2-5-6/3-4,published,コンドル出版社,楽天Kドリームス 並び予想
8120241008020005,2024-10-09,小倉競輪,F1,A1/A2,5,Ａ級準決勝,17:20,17:15,7,https://keirin.kdreams.jp/kokura/racedetail/8120241008020005/?pageType=odds,2026-10-05T02:14:40.624749+00:00,1-5/7-2/3-4-6,published,コンドル出版社,楽天Kドリームス 並び予想
4720241009010005,2024-10-09,松阪競輪,F2,A1/A2,5,Ａ級特予選,22:10,22:05,7,https://keirin.kdreams.jp/matsusaka/racedetail/4720241009010005/?pageType=odds,2026-10-05T02:15:53.788321+00:00,2-1-5/3-6/4-7,published,中部競輪,楽天Kドリームス 並び予想
4720241009010006,2024-10-09,松阪競輪,F2,A1/A2,6,Ａ級特予選,22:30,22:25,7,https://keirin.kdreams.jp/matsusaka/racedetail/4720241009010006/?pageType=odds,2026-10-05T02:15:55.595909+00:00,1-5-7/3-2-4-6,published,中部競輪,楽天Kドリームス 並び予想
4720241009010007,2024-10-09,松阪競輪,F2,A1/A2,7,Ａ級特予選,22:50,22:45,7,https://keirin.kdreams.jp/matsusaka/racedetail/4720241009010007/?pageType=odds,2026-10-05T02:15:57.269286+00:00,3-1-5-6/2-4/7,published,中部競輪,楽天Kドリームス 並び予想
4720241009010008,2024-10-09,松阪競輪,F2,A1/A2,8,Ａ級特予選,23:10,23:05,7,https://keirin.kdreams.jp/matsusaka/racedetail/4720241009010008/?pageType=odds,2026-10-05T02:15:59.036985+00:00,1-3/5-2-6/7-4,published,中部競輪,楽天Kドリームス 並び予想
4720241009010009,2024-10-09,松阪競輪,F2,A1/A2,9,Ａ級初日特選,23:30,23:25,7,https://keirin.kdreams.jp/matsusaka/racedetail/4720241009010009/?pageType=odds,2026-10-05T02:16:00.697942+00:00,4-1/6-3-2/5-7,published,中部競輪,楽天Kドリームス 並び予想
6120241007030006,2024-10-09,玉野競輪,F2,A1/A2,6,Ａ級特一般,17:57,17:52,7,https://keirin.kdreams.jp/tamano/racedetail/6120241007030006/?pageType=odds,2026-10-05T02:14:15.271386+00:00,5-3-1/4-7-2/6,published,競輪毎日,楽天Kドリームス 並び予想
6120241007030007,2024-10-09,玉野競輪,F2,A1/A2,7,Ａ級特一般,18:22,18:17,7,https://keirin.kdreams.jp/tamano/racedetail/6120241007030007/?pageType=odds,2026-10-05T02:14:17.136698+00:00,1-6/2-7-5/3-4,published,競輪毎日,楽天Kドリームス 並び予想
6120241007030008,2024-10-09,玉野競輪,F2,A1/A2,8,Ａ級特選,18:47,18:42,7,https://keirin.kdreams.jp/tamano/racedetail/6120241007030008/?pageType=odds,2026-10-05T02:14:19.011873+00:00,7-1-4/6-2/3-5,published,競輪毎日,楽天Kドリームス 並び予想
6120241007030009,2024-10-09,玉野競輪,F2,A1/A2,9,Ａ級特選,19:12,19:07,7,https://keirin.kdreams.jp/tamano/racedetail/6120241007030009/?pageType=odds,2026-10-05T02:14:20.899145+00:00,5-1-6/7-2/3-4,published,競輪毎日,楽天Kドリームス 並び予想
6120241007030012,2024-10-09,玉野競輪,F2,A1/A2,12,Ａ級決勝,20:35,20:30,7,https://keirin.kdreams.jp/tamano/racedetail/6120241007030012/?pageType=odds,2026-10-05T02:14:22.963981+00:00,3-4-1/6-2/7-5,published,競輪毎日,楽天Kドリームス 並び予想
2620241007030001,2024-10-09,西武園競輪,F1,A1/A2,1,Ａ級一般,10:34,10:29,7,https://keirin.kdreams.jp/seibuen/racedetail/2620241007030001/?pageType=odds,2026-10-05T02:13:47.536103+00:00,1-4-6/2/7-3/5,published,アオケイ,楽天Kドリームス 並び予想
2620241007030002,2024-10-09,西武園競輪,F1,A1/A2,2,Ａ級一般,11:00,10:55,7,https://keirin.kdreams.jp/seibuen/racedetail/2620241007030002/?pageType=odds,2026-10-05T02:13:49.299433+00:00,5-2/1/6/3-7-4,published,アオケイ,楽天Kドリームス 並び予想
2620241007030003,2024-10-09,西武園競輪,F1,A1/A2,3,Ａ級特選,11:26,11:21,7,https://keirin.kdreams.jp/seibuen/racedetail/2620241007030003/?pageType=odds,2026-10-05T02:13:51.118562+00:00,7-2/5-1-6/3-4,published,アオケイ,楽天Kドリームス 並び予想
2620241007030004,2024-10-09,西武園競輪,F1,A1/A2,4,Ａ級特選,11:52,11:47,7,https://keirin.kdreams.jp/seibuen/racedetail/2620241007030004/?pageType=odds,2026-10-05T02:13:52.834869+00:00,1-4/2-7/6/3-5,published,アオケイ,楽天Kドリームス 並び予想
2620241007030011,2024-10-09,西武園競輪,F1,A1/A2,11,Ａ級決勝,15:45,15:40,7,https://keirin.kdreams.jp/seibuen/racedetail/2620241007030011/?pageType=odds,2026-10-05T02:13:54.650882+00:00,1-7-3/6-2/4-5,published,アオケイ,楽天Kドリームス 並び予想
6320241009010001,2024-10-09,防府競輪,F2,A1/A2,1,Ａ級予選,08:40,08:35,7,https://keirin.kdreams.jp/hofu/racedetail/6320241009010001/?pageType=odds,2026-10-05T02:15:17.265016+00:00,1-7/2-6/5-3/4,published,リズム,楽天Kドリームス 並び予想
6320241009010002,2024-10-09,防府競輪,F2,A1/A2,2,Ａ級予選,09:00,08:55,7,https://keirin.kdreams.jp/hofu/racedetail/6320241009010002/?pageType=odds,2026-10-05T02:15:18.947122+00:00,4-1-5/2-6/3-7,published,リズム,楽天Kドリームス 並び予想
6320241009010003,2024-10-09,防府競輪,F2,A1/A2,3,Ａ級予選,09:20,09:15,7,https://keirin.kdreams.jp/hofu/racedetail/6320241009010003/?pageType=odds,2026-10-05T02:15:20.923130+00:00,7-1-4/5-2/3-6,published,リズム,楽天Kドリームス 並び予想
6320241009010004,2024-10-09,防府競輪,F2,A1/A2,4,Ａ級予選,09:40,09:35,7,https://keirin.kdreams.jp/hofu/racedetail/6320241009010004/?pageType=odds,2026-10-05T02:15:22.726016+00:00,2-4-7/6/5-1-3,published,リズム,楽天Kドリームス 並び予想
6320241009010005,2024-10-09,防府競輪,F2,A1/A2,5,Ａ級予選,10:00,09:55,7,https://keirin.kdreams.jp/hofu/racedetail/6320241009010005/?pageType=odds,2026-10-05T02:15:24.365701+00:00,1-6-4/7-2/5-3,published,リズム,楽天Kドリームス 並び予想
6320241009010006,2024-10-09,防府競輪,F2,A1/A2,6,Ａ級予選,10:20,10:15,7,https://keirin.kdreams.jp/hofu/racedetail/6320241009010006/?pageType=odds,2026-10-05T02:15:26.109995+00:00,1-7-5/2/4-3/6,published,リズム,楽天Kドリームス 並び予想
6320241009010007,2024-10-09,防府競輪,F2,A1/A2,7,Ａ級初日特選,10:40,10:35,7,https://keirin.kdreams.jp/hofu/racedetail/6320241009010007/?pageType=odds,2026-10-05T02:15:27.823317+00:00,6-1/4-2-7/3-5,published,リズム,楽天Kドリームス 並び予想
5520241008030001,2024-10-10,和歌山競輪,F1,A1/A2,1,Ａ級一般,10:45,10:40,6,https://keirin.kdreams.jp/wakayama/racedetail/5520241008030001/?pageType=odds,2026-10-05T02:15:08.123041+00:00,1/6/3-5-2-4,published,競輪研究,楽天Kドリームス 並び予想
5520241008030002,2024-10-10,和歌山競輪,F1,A1/A2,2,Ａ級一般,11:10,11:05,7,https://keirin.kdreams.jp/wakayama/racedetail/5520241008030002/?pageType=odds,2026-10-05T02:15:09.807698+00:00,2-4-5/3-7-1/6,published,競輪研究,楽天Kドリームス 並び予想
5520241008030003,2024-10-10,和歌山競輪,F1,A1/A2,3,Ａ級特選,11:35,11:30,7,https://keirin.kdreams.jp/wakayama/racedetail/5520241008030003/?pageType=odds,2026-10-05T02:15:11.985181+00:00,5-1-7/2-3-6/4,published,競輪研究,楽天Kドリームス 並び予想
5520241008030004,2024-10-10,和歌山競輪,F1,A1/A2,4,Ａ級特選,12:00,11:55,7,https://keirin.kdreams.jp/wakayama/racedetail/5520241008030004/?pageType=odds,2026-10-05T02:15:13.647973+00:00,5-1-6/4-2/7-3,published,競輪研究,楽天Kドリームス 並び予想
5520241008030011,2024-10-10,和歌山競輪,F1,A1/A2,11,Ａ級決勝,16:00,15:55,7,https://keirin.kdreams.jp/wakayama/racedetail/5520241008030011/?pageType=odds,2026-10-05T02:15:15.491510+00:00,6-1-2/3-5-7/4,published,競輪研究,楽天Kドリームス 並び予想
2420241009020003,2024-10-10,宇都宮競輪,F2,A1/A2,3,Ａ級一般,21:20,21:15,7,https://keirin.kdreams.jp/utsunomiya/racedetail/2420241009020003/?pageType=odds,2026-10-05T02:16:30.219191+00:00,1-2-6/4-3/5-7,published,アオケイ,楽天Kドリームス 並び予想
2420241009020004,2024-10-10,宇都宮競輪,F2,A1/A2,4,Ａ級一般,21:40,21:35,7,https://keirin.kdreams.jp/utsunomiya/racedetail/2420241009020004/?pageType=odds,2026-10-05T02:16:31.907866+00:00,3-2/1-7/4-6/5,published,アオケイ,楽天Kドリームス 並び予想
2420241009020005,2024-10-10,宇都宮競輪,F2,A1/A2,5,Ａ級選抜,22:00,21:55,7,https://keirin.kdreams.jp/utsunomiya/racedetail/2420241009020005/?pageType=odds,2026-10-05T02:16:33.802072+00:00,1-5-2-6-7/3-4,published,アオケイ,楽天Kドリームス 並び予想
2420241009020006,2024-10-10,宇都宮競輪,F2,A1/A2,6,Ａ級選抜,22:20,22:15,7,https://keirin.kdreams.jp/utsunomiya/racedetail/2420241009020006/?pageType=odds,2026-10-05T02:16:35.676176+00:00,4-2-5-6/1/3/7,published,アオケイ,楽天Kドリームス 並び予想
2420241009020007,2024-10-10,宇都宮競輪,F2,A1/A2,7,Ａ級準決勝,22:40,22:35,7,https://keirin.kdreams.jp/utsunomiya/racedetail/2420241009020007/?pageType=odds,2026-10-05T02:16:37.408678+00:00,1-4/6-2/3-5-7,published,アオケイ,楽天Kドリームス 並び予想
2420241009020008,2024-10-10,宇都宮競輪,F2,A1/A2,8,Ａ級準決勝,23:00,22:55,7,https://keirin.kdreams.jp/utsunomiya/racedetail/2420241009020008/?pageType=odds,2026-10-05T02:16:39.257956+00:00,3-1/2-4/6-5/7,published,アオケイ,楽天Kドリームス 並び予想
2420241009020009,2024-10-10,宇都宮競輪,F2,A1/A2,9,Ａ級準決勝,23:20,23:15,7,https://keirin.kdreams.jp/utsunomiya/racedetail/2420241009020009/?pageType=odds,2026-10-05T02:16:41.095480+00:00,2-1-5/4-3/7-6,published,アオケイ,楽天Kドリームス 並び予想
8120241008030001,2024-10-10,小倉競輪,F1,A1/A2,1,Ａ級一般,15:45,15:40,7,https://keirin.kdreams.jp/kokura/racedetail/8120241008030001/?pageType=odds,2026-10-05T02:14:42.457184+00:00,1-5/2-7/4/6-3,published,コンドル出版社,楽天Kドリームス 並び予想
8120241008030002,2024-10-10,小倉競輪,F1,A1/A2,2,Ａ級一般,16:15,16:10,7,https://keirin.kdreams.jp/kokura/racedetail/8120241008030002/?pageType=odds,2026-10-05T02:14:44.296300+00:00,1-7-4/2/5-3/6,published,コンドル出版社,楽天Kドリームス 並び予想
8120241008030003,2024-10-10,小倉競輪,F1,A1/A2,3,Ａ級特選,16:45,16:40,7,https://keirin.kdreams.jp/kokura/racedetail/8120241008030003/?pageType=odds,2026-10-05T02:14:46.001887+00:00,4-3/1-7/6-5-2,published,コンドル出版社,楽天Kドリームス 並び予想
8120241008030004,2024-10-10,小倉競輪,F1,A1/A2,4,Ａ級特選,17:10,17:05,7,https://keirin.kdreams.jp/kokura/racedetail/8120241008030004/?pageType=odds,2026-10-05T02:14:47.727698+00:00,5-7-1/2/3/4/6,published,コンドル出版社,楽天Kドリームス 並び予想
8120241008030011,2024-10-10,小倉競輪,F1,A1/A2,11,Ａ級決勝,20:05,20:00,7,https://keirin.kdreams.jp/kokura/racedetail/8120241008030011/?pageType=odds,2026-10-05T02:14:49.536570+00:00,1/6-2/4/3-5-7,published,コンドル出版社,楽天Kドリームス 並び予想
4720241009020005,2024-10-10,松阪競輪,F2,A1/A2,5,Ａ級特一般,22:10,22:05,7,https://keirin.kdreams.jp/matsusaka/racedetail/4720241009020005/?pageType=odds,2026-10-05T02:16:02.550745+00:00,4-1-6/3/2-5-7,published,中部競輪,楽天Kドリームス 並び予想
4720241009020006,2024-10-10,松阪競輪,F2,A1/A2,6,Ａ級特一般,22:30,22:25,7,https://keirin.kdreams.jp/matsusaka/racedetail/4720241009020006/?pageType=odds,2026-10-05T02:16:04.208437+00:00,3-1-4/7-2/6-5,published,中部競輪,楽天Kドリームス 並び予想
4720241009020007,2024-10-10,松阪競輪,F2,A1/A2,7,Ａ級準決勝,22:50,22:45,7,https://keirin.kdreams.jp/matsusaka/racedetail/4720241009020007/?pageType=odds,2026-10-05T02:16:05.937916+00:00,1-6-7/4-2/5-3,published,中部競輪,楽天Kドリームス 並び予想
4720241009020008,2024-10-10,松阪競輪,F2,A1/A2,8,Ａ級準決勝,23:10,23:05,7,https://keirin.kdreams.jp/matsusaka/racedetail/4720241009020008/?pageType=odds,2026-10-05T02:16:07.576170+00:00,3-1-7/2-6/5-4,published,中部競輪,楽天Kドリームス 並び予想
4720241009020009,2024-10-10,松阪競輪,F2,A1/A2,9,Ａ級準決勝,23:30,23:25,7,https://keirin.kdreams.jp/matsusaka/racedetail/4720241009020009/?pageType=odds,2026-10-05T02:16:09.381498+00:00,2-1-4/7-3/5-6,published,中部競輪,楽天Kドリームス 並び予想
6320241009020001,2024-10-10,防府競輪,F2,A1/A2,1,Ａ級一般,08:30,08:25,7,https://keirin.kdreams.jp/hofu/racedetail/6320241009020001/?pageType=odds,2026-10-05T02:15:29.466601+00:00,1-5-7/4-2/3-6,published,リズム,楽天Kドリームス 並び予想
6320241009020002,2024-10-10,防府競輪,F2,A1/A2,2,Ａ級一般,08:50,08:45,7,https://keirin.kdreams.jp/hofu/racedetail/6320241009020002/?pageType=odds,2026-10-05T02:15:31.222116+00:00,1-7/2-6/4/3-5,published,リズム,楽天Kドリームス 並び予想
6320241009020003,2024-10-10,防府競輪,F2,A1/A2,3,Ａ級選抜,09:10,09:05,7,https://keirin.kdreams.jp/hofu/racedetail/6320241009020003/?pageType=odds,2026-10-05T02:15:32.942855+00:00,1-7-2-3/5/6-4,published,リズム,楽天Kドリームス 並び予想
6320241009020004,2024-10-10,防府競輪,F2,A1/A2,4,Ａ級選抜,09:30,09:25,7,https://keirin.kdreams.jp/hofu/racedetail/6320241009020004/?pageType=odds,2026-10-05T02:15:34.563422+00:00,5-6-1/3/4/2-7,published,リズム,楽天Kドリームス 並び予想
6320241009020005,2024-10-10,防府競輪,F2,A1/A2,5,Ａ級準決勝,09:50,09:45,7,https://keirin.kdreams.jp/hofu/racedetail/6320241009020005/?pageType=odds,2026-10-05T02:15:36.408197+00:00,4-1/7-2/6/3-5,published,リズム,楽天Kドリームス 並び予想
6320241009020006,2024-10-10,防府競輪,F2,A1/A2,6,Ａ級準決勝,10:10,10:05,7,https://keirin.kdreams.jp/hofu/racedetail/6320241009020006/?pageType=odds,2026-10-05T02:15:38.354338+00:00,1-5/2-7-4/3-6,published,リズム,楽天Kドリームス 並び予想
6320241009020007,2024-10-10,防府競輪,F2,A1/A2,7,Ａ級準決勝,10:30,10:25,7,https://keirin.kdreams.jp/hofu/racedetail/6320241009020007/?pageType=odds,2026-10-05T02:15:40.079245+00:00,1-5-6/4-2/7-3,published,リズム,楽天Kドリームス 並び予想
2420241009030002,2024-10-11,宇都宮競輪,F2,A1/A2,2,Ａ級一般,21:00,20:55,7,https://keirin.kdreams.jp/utsunomiya/racedetail/2420241009030002/?pageType=odds,2026-10-05T02:16:43.152890+00:00,1-4-3/6-2/7-5,published,アオケイ,楽天Kドリームス 並び予想
2420241009030003,2024-10-11,宇都宮競輪,F2,A1/A2,3,Ａ級一般,21:20,21:15,7,https://keirin.kdreams.jp/utsunomiya/racedetail/2420241009030003/?pageType=odds,2026-10-05T02:16:45.109633+00:00,5-4/1/2-3-7/6,published,アオケイ,楽天Kドリームス 並び予想
2420241009030004,2024-10-11,宇都宮競輪,F2,A1/A2,4,Ａ級一般,21:40,21:35,7,https://keirin.kdreams.jp/utsunomiya/racedetail/2420241009030004/?pageType=odds,2026-10-05T02:16:47.042040+00:00,3-4-2-5/1/6/7,published,アオケイ,楽天Kドリームス 並び予想
2420241009030005,2024-10-11,宇都宮競輪,F2,A1/A2,5,Ａ級特選,22:00,21:55,7,https://keirin.kdreams.jp/utsunomiya/racedetail/2420241009030005/?pageType=odds,2026-10-05T02:16:48.992108+00:00,1-2-5/6-3/7-4,published,アオケイ,楽天Kドリームス 並び予想
2420241009030006,2024-10-11,宇都宮競輪,F2,A1/A2,6,Ａ級特選,22:20,22:15,7,https://keirin.kdreams.jp/utsunomiya/racedetail/2420241009030006/?pageType=odds,2026-10-05T02:16:50.821612+00:00,4-1-6/7/3-2-5,published,アオケイ,楽天Kドリームス 並び予想
2420241009030007,2024-10-11,宇都宮競輪,F2,A1/A2,7,Ａ級特選,22:40,22:35,7,https://keirin.kdreams.jp/utsunomiya/racedetail/2420241009030007/?pageType=odds,2026-10-05T02:16:52.637297+00:00,1-3/6-2-7/4-5,published,アオケイ,楽天Kドリームス 並び予想
2420241009030009,2024-10-11,宇都宮競輪,F2,A1/A2,9,Ａ級決勝,23:20,23:15,7,https://keirin.kdreams.jp/utsunomiya/racedetail/2420241009030009/?pageType=odds,2026-10-05T02:16:54.855817+00:00,3-1/2-6/5/4-7,published,アオケイ,楽天Kドリームス 並び予想
4720241009030004,2024-10-11,松阪競輪,F2,A1/A2,4,Ａ級特一般,21:50,21:45,6,https://keirin.kdreams.jp/matsusaka/racedetail/4720241009030004/?pageType=odds,2026-10-05T02:16:11.031494+00:00,2/1-4/6/3-5,published,中部競輪,楽天Kドリームス 並び予想
4720241009030005,2024-10-11,松阪競輪,F2,A1/A2,5,Ａ級特一般,22:10,22:05,7,https://keirin.kdreams.jp/matsusaka/racedetail/4720241009030005/?pageType=odds,2026-10-05T02:16:12.661568+00:00,1-2-6/7/3-5-4,published,中部競輪,楽天Kドリームス 並び予想
4720241009030006,2024-10-11,松阪競輪,F2,A1/A2,6,Ａ級特選,22:30,22:25,7,https://keirin.kdreams.jp/matsusaka/racedetail/4720241009030006/?pageType=odds,2026-10-05T02:16:14.243593+00:00,3-1/4-2/7-5-6,published,中部競輪,楽天Kドリームス 並び予想
4720241009030007,2024-10-11,松阪競輪,F2,A1/A2,7,Ａ級特選,22:50,22:45,7,https://keirin.kdreams.jp/matsusaka/racedetail/4720241009030007/?pageType=odds,2026-10-05T02:16:15.914446+00:00,1-4-7/5/6/3-2,published,中部競輪,楽天Kドリームス 並び予想
4720241009030009,2024-10-11,松阪競輪,F2,A1/A2,9,Ａ級決勝,23:30,23:25,7,https://keirin.kdreams.jp/matsusaka/racedetail/4720241009030009/?pageType=odds,2026-10-05T02:16:17.418566+00:00,5-4-1/7/6-3-2,published,中部競輪,楽天Kドリームス 並び予想
5120241011010008,2024-10-11,福井競輪,F2,A1/A2,8,Ａ級特予選,13:50,13:45,7,https://keirin.kdreams.jp/fukui/racedetail/5120241011010008/?pageType=odds,2026-10-05T02:16:56.671312+00:00,7-2-3-6/1-5-4,published,福井中部,楽天Kドリームス 並び予想
5120241011010009,2024-10-11,福井競輪,F2,A1/A2,9,Ａ級特予選,14:21,14:16,7,https://keirin.kdreams.jp/fukui/racedetail/5120241011010009/?pageType=odds,2026-10-05T02:16:58.584608+00:00,4-1-3/6/5-2-7,published,福井中部,楽天Kドリームス 並び予想
5120241011010010,2024-10-11,福井競輪,F2,A1/A2,10,Ａ級特予選,14:55,14:50,7,https://keirin.kdreams.jp/fukui/racedetail/5120241011010010/?pageType=odds,2026-10-05T02:17:00.250733+00:00,1-6-4/7-3-2/5,published,福井中部,楽天Kドリームス 並び予想
5120241011010011,2024-10-11,福井競輪,F2,A1/A2,11,Ａ級特予選,15:30,15:25,7,https://keirin.kdreams.jp/fukui/racedetail/5120241011010011/?pageType=odds,2026-10-05T02:17:02.022161+00:00,1-4-7/2-5/6-3,published,福井中部,楽天Kドリームス 並び予想
5120241011010012,2024-10-11,福井競輪,F2,A1/A2,12,Ａ級初日特選,16:10,16:05,7,https://keirin.kdreams.jp/fukui/racedetail/5120241011010012/?pageType=odds,2026-10-05T02:17:03.718963+00:00,1-7/4-3-6/2-5,published,福井中部,楽天Kドリームス 並び予想
6320241009030001,2024-10-11,防府競輪,F2,A1/A2,1,Ａ級一般,08:30,08:25,6,https://keirin.kdreams.jp/hofu/racedetail/6320241009030001/?pageType=odds,2026-10-05T02:15:41.741972+00:00,5-3-2/1/4-6,published,リズム,楽天Kドリームス 並び予想
6320241009030002,2024-10-11,防府競輪,F2,A1/A2,2,Ａ級一般,08:50,08:45,7,https://keirin.kdreams.jp/hofu/racedetail/6320241009030002/?pageType=odds,2026-10-05T02:15:43.348746+00:00,4-1/2-6/5/7-3,published,リズム,楽天Kドリームス 並び予想
6320241009030003,2024-10-11,防府競輪,F2,A1/A2,3,Ａ級一般,09:10,09:05,7,https://keirin.kdreams.jp/hofu/racedetail/6320241009030003/?pageType=odds,2026-10-05T02:15:45.026806+00:00,1-6/7-3/2-5-4,published,リズム,楽天Kドリームス 並び予想
6320241009030004,2024-10-11,防府競輪,F2,A1/A2,4,Ａ級特選,09:30,09:25,7,https://keirin.kdreams.jp/hofu/racedetail/6320241009030004/?pageType=odds,2026-10-05T02:15:46.915541+00:00,1-6/2-5/3-4-7,published,リズム,楽天Kドリームス 並び予想
6320241009030005,2024-10-11,防府競輪,F2,A1/A2,5,Ａ級特選,09:50,09:45,7,https://keirin.kdreams.jp/hofu/racedetail/6320241009030005/?pageType=odds,2026-10-05T02:15:48.641524+00:00,1-4/7/5-2/3-6,published,リズム,楽天Kドリームス 並び予想
6320241009030006,2024-10-11,防府競輪,F2,A1/A2,6,Ａ級特選,10:10,10:05,7,https://keirin.kdreams.jp/hofu/racedetail/6320241009030006/?pageType=odds,2026-10-05T02:15:50.310540+00:00,7-1/2-4-6/5-3,published,リズム,楽天Kドリームス 並び予想
6320241009030007,2024-10-11,防府競輪,F2,A1/A2,7,Ａ級決勝,10:30,10:25,7,https://keirin.kdreams.jp/hofu/racedetail/6320241009030007/?pageType=odds,2026-10-05T02:15:52.038196+00:00,5-1/6-2/7-4-3,published,リズム,楽天Kドリームス 並び予想
1320241012010003,2024-10-12,いわき平競輪,F2,A1/A2,3,Ａ級予選,21:30,21:25,7,https://keirin.kdreams.jp/iwakitaira/racedetail/1320241012010003/?pageType=odds,2026-10-05T02:17:23.396649+00:00,1-2-6/4-3-5/7,published,アオケイ,楽天Kドリームス 並び予想
1320241012010004,2024-10-12,いわき平競輪,F2,A1/A2,4,Ａ級予選,21:50,21:45,7,https://keirin.kdreams.jp/iwakitaira/racedetail/1320241012010004/?pageType=odds,2026-10-05T02:17:25.189984+00:00,2-1-4/6-3/7-5,published,アオケイ,楽天Kドリームス 並び予想
1320241012010005,2024-10-12,いわき平競輪,F2,A1/A2,5,Ａ級予選,22:10,22:05,7,https://keirin.kdreams.jp/iwakitaira/racedetail/1320241012010005/?pageType=odds,2026-10-05T02:17:26.846078+00:00,1-2-5-6/3-4/7,published,アオケイ,楽天Kドリームス 並び予想
1320241012010006,2024-10-12,いわき平競輪,F2,A1/A2,6,Ａ級予選,22:30,22:25,7,https://keirin.kdreams.jp/iwakitaira/racedetail/1320241012010006/?pageType=odds,2026-10-05T02:17:28.503672+00:00,1-2/3-5-6/7-4,published,アオケイ,楽天Kドリームス 並び予想
1320241012010007,2024-10-12,いわき平競輪,F2,A1/A2,7,Ａ級予選,22:50,22:45,7,https://keirin.kdreams.jp/iwakitaira/racedetail/1320241012010007/?pageType=odds,2026-10-05T02:17:30.132683+00:00,1-2-3/5-4-6/7,published,アオケイ,楽天Kドリームス 並び予想
1320241012010008,2024-10-12,いわき平競輪,F2,A1/A2,8,Ａ級予選,23:10,23:05,7,https://keirin.kdreams.jp/iwakitaira/racedetail/1320241012010008/?pageType=odds,2026-10-05T02:17:32.046252+00:00,1-2-5/4-3/6-7,published,アオケイ,楽天Kドリームス 並び予想
1320241012010009,2024-10-12,いわき平競輪,F2,A1/A2,9,Ａ級初日特選,23:30,23:25,7,https://keirin.kdreams.jp/iwakitaira/racedetail/1320241012010009/?pageType=odds,2026-10-05T02:17:33.709100+00:00,4-2-5/1-3/7-6,published,アオケイ,楽天Kドリームス 並び予想
7520241012010003,2024-10-12,松山競輪,F2,A1/A2,3,Ａ級予選,21:20,21:15,7,https://keirin.kdreams.jp/matsuyama/racedetail/7520241012010003/?pageType=odds,2026-10-05T02:17:59.725402+00:00,1-3-7/4-2/5-6,published,金星社,楽天Kドリームス 並び予想
7520241012010004,2024-10-12,松山競輪,F2,A1/A2,4,Ａ級予選,21:40,21:35,7,https://keirin.kdreams.jp/matsuyama/racedetail/7520241012010004/?pageType=odds,2026-10-05T02:18:02.261487+00:00,1-6-7/3-2/5-4,published,金星社,楽天Kドリームス 並び予想
7520241012010005,2024-10-12,松山競輪,F2,A1/A2,5,Ａ級予選,22:00,21:55,7,https://keirin.kdreams.jp/matsuyama/racedetail/7520241012010005/?pageType=odds,2026-10-05T02:18:04.096940+00:00,1-2-6/4-3/5-7,published,金星社,楽天Kドリームス 並び予想
7520241012010006,2024-10-12,松山競輪,F2,A1/A2,6,Ａ級予選,22:20,22:15,7,https://keirin.kdreams.jp/matsuyama/racedetail/7520241012010006/?pageType=odds,2026-10-05T02:18:06.148287+00:00,1-2/4-3-6/5-7,published,金星社,楽天Kドリームス 並び予想
7520241012010007,2024-10-12,松山競輪,F2,A1/A2,7,Ａ級予選,22:40,22:35,7,https://keirin.kdreams.jp/matsuyama/racedetail/7520241012010007/?pageType=odds,2026-10-05T02:18:07.879412+00:00,1-2-7/3-4/5-6,published,金星社,楽天Kドリームス 並び予想
7520241012010008,2024-10-12,松山競輪,F2,A1/A2,8,Ａ級予選,23:00,22:55,7,https://keirin.kdreams.jp/matsuyama/racedetail/7520241012010008/?pageType=odds,2026-10-05T02:18:09.854103+00:00,1-2-6/5-3/4-7,published,金星社,楽天Kドリームス 並び予想
7520241012010009,2024-10-12,松山競輪,F2,A1/A2,9,Ａ級初日特選,23:20,23:15,7,https://keirin.kdreams.jp/matsuyama/racedetail/7520241012010009/?pageType=odds,2026-10-05T02:18:11.964205+00:00,1/2/3-6/5-4-7,published,金星社,楽天Kドリームス 並び予想
5120241011020008,2024-10-12,福井競輪,F2,A1/A2,8,Ａ級特一般,13:50,13:45,6,https://keirin.kdreams.jp/fukui/racedetail/5120241011020008/?pageType=odds,2026-10-05T02:17:05.374369+00:00,4-3-6-1/2/5,published,福井中部,楽天Kドリームス 並び予想
5120241011020009,2024-10-12,福井競輪,F2,A1/A2,9,Ａ級特一般,14:21,14:16,7,https://keirin.kdreams.jp/fukui/racedetail/5120241011020009/?pageType=odds,2026-10-05T02:17:07.092741+00:00,4-1-3-7/6-2-5,published,福井中部,楽天Kドリームス 並び予想
5120241011020010,2024-10-12,福井競輪,F2,A1/A2,10,Ａ級準決勝,14:55,14:50,7,https://keirin.kdreams.jp/fukui/racedetail/5120241011020010/?pageType=odds,2026-10-05T02:17:09.087011+00:00,4-7-1/6-2/5-3,published,福井中部,楽天Kドリームス 並び予想
5120241011020011,2024-10-12,福井競輪,F2,A1/A2,11,Ａ級準決勝,15:30,15:25,7,https://keirin.kdreams.jp/fukui/racedetail/5120241011020011/?pageType=odds,2026-10-05T02:17:10.874099+00:00,7-1/5-2-4/3-6,published,福井中部,楽天Kドリームス 並び予想
5120241011020012,2024-10-12,福井競輪,F2,A1/A2,12,Ａ級準決勝,16:10,16:05,7,https://keirin.kdreams.jp/fukui/racedetail/5120241011020012/?pageType=odds,2026-10-05T02:17:12.697836+00:00,1-4-6/2-7/5-3,published,福井中部,楽天Kドリームス 並び予想
1320241012020003,2024-10-13,いわき平競輪,F2,A1/A2,3,Ａ級一般,21:30,21:25,7,https://keirin.kdreams.jp/iwakitaira/racedetail/1320241012020003/?pageType=odds,2026-10-05T02:17:35.505971+00:00,1-5-2-4/3/7-6,published,アオケイ,楽天Kドリームス 並び予想
1320241012020004,2024-10-13,いわき平競輪,F2,A1/A2,4,Ａ級一般,21:50,21:45,7,https://keirin.kdreams.jp/iwakitaira/racedetail/1320241012020004/?pageType=odds,2026-10-05T02:17:37.177881+00:00,1-3/2-4-5/6/7,published,アオケイ,楽天Kドリームス 並び予想
1320241012020005,2024-10-13,いわき平競輪,F2,A1/A2,5,Ａ級選抜,22:10,22:05,7,https://keirin.kdreams.jp/iwakitaira/racedetail/1320241012020005/?pageType=odds,2026-10-05T02:17:39.058929+00:00,1-5/6/7-2-3-4,published,アオケイ,楽天Kドリームス 並び予想
1320241012020006,2024-10-13,いわき平競輪,F2,A1/A2,6,Ａ級選抜,22:30,22:25,7,https://keirin.kdreams.jp/iwakitaira/racedetail/1320241012020006/?pageType=odds,2026-10-05T02:17:40.727241+00:00,5-1-4/3-2-6/7,published,アオケイ,楽天Kドリームス 並び予想
1320241012020007,2024-10-13,いわき平競輪,F2,A1/A2,7,Ａ級準決勝,22:50,22:45,7,https://keirin.kdreams.jp/iwakitaira/racedetail/1320241012020007/?pageType=odds,2026-10-05T02:17:42.498626+00:00,4-1/3-2/5-6/7,published,アオケイ,楽天Kドリームス 並び予想
1320241012020008,2024-10-13,いわき平競輪,F2,A1/A2,8,Ａ級準決勝,23:10,23:05,7,https://keirin.kdreams.jp/iwakitaira/racedetail/1320241012020008/?pageType=odds,2026-10-05T02:17:44.060186+00:00,2-1-6/3-4/5-7,published,アオケイ,楽天Kドリームス 並び予想
1320241012020009,2024-10-13,いわき平競輪,F2,A1/A2,9,Ａ級準決勝,23:30,23:25,7,https://keirin.kdreams.jp/iwakitaira/racedetail/1320241012020009/?pageType=odds,2026-10-05T02:17:45.675372+00:00,1-2/3-5/6-4-7,published,アオケイ,楽天Kドリームス 並び予想
4620241013010001,2024-10-13,富山競輪,F1,A1/A2,1,Ａ級予選,10:36,10:31,6,https://keirin.kdreams.jp/toyama/racedetail/4620241013010001/?pageType=odds,2026-10-05T02:18:39.645607+00:00,5-1/2/4-3/6,published,中部競輪,楽天Kドリームス 並び予想
4620241013010002,2024-10-13,富山競輪,F1,A1/A2,2,Ａ級予選,11:02,10:57,7,https://keirin.kdreams.jp/toyama/racedetail/4620241013010002/?pageType=odds,2026-10-05T02:18:41.665683+00:00,1-4-7/5-2/3-6,published,中部競輪,楽天Kドリームス 並び予想
4620241013010003,2024-10-13,富山競輪,F1,A1/A2,3,Ａ級予選,11:28,11:23,7,https://keirin.kdreams.jp/toyama/racedetail/4620241013010003/?pageType=odds,2026-10-05T02:18:43.378888+00:00,1-5/4-6-2/7-3,published,中部競輪,楽天Kドリームス 並び予想
4620241013010004,2024-10-13,富山競輪,F1,A1/A2,4,Ａ級予選,11:54,11:49,7,https://keirin.kdreams.jp/toyama/racedetail/4620241013010004/?pageType=odds,2026-10-05T02:18:45.090847+00:00,1-7-4/6/2-5-3,published,中部競輪,楽天Kドリームス 並び予想
4620241013010005,2024-10-13,富山競輪,F1,A1/A2,5,Ａ級初日特選,12:23,12:18,7,https://keirin.kdreams.jp/toyama/racedetail/4620241013010005/?pageType=odds,2026-10-05T02:18:46.840131+00:00,2-4/3-7/1/6-5,published,中部競輪,楽天Kドリームス 並び予想
7520241012020003,2024-10-13,松山競輪,F2,A1/A2,3,Ａ級一般,21:20,21:15,7,https://keirin.kdreams.jp/matsuyama/racedetail/7520241012020003/?pageType=odds,2026-10-05T02:18:13.757989+00:00,1-5-6/7/3-2-4,published,金星社,楽天Kドリームス 並び予想
7520241012020004,2024-10-13,松山競輪,F2,A1/A2,4,Ａ級一般,21:40,21:35,7,https://keirin.kdreams.jp/matsuyama/racedetail/7520241012020004/?pageType=odds,2026-10-05T02:18:15.563214+00:00,1-3/2-5/4-6-7,published,金星社,楽天Kドリームス 並び予想
7520241012020005,2024-10-13,松山競輪,F2,A1/A2,5,Ａ級選抜,22:00,21:55,7,https://keirin.kdreams.jp/matsuyama/racedetail/7520241012020005/?pageType=odds,2026-10-05T02:18:17.498045+00:00,1-3-5/2-6/4-7,published,金星社,楽天Kドリームス 並び予想
7520241012020006,2024-10-13,松山競輪,F2,A1/A2,6,Ａ級選抜,22:20,22:15,7,https://keirin.kdreams.jp/matsuyama/racedetail/7520241012020006/?pageType=odds,2026-10-05T02:18:19.275923+00:00,3-2-1-7/4-5-6,published,金星社,楽天Kドリームス 並び予想
7520241012020007,2024-10-13,松山競輪,F2,A1/A2,7,Ａ級準決勝,22:40,22:35,7,https://keirin.kdreams.jp/matsuyama/racedetail/7520241012020007/?pageType=odds,2026-10-05T02:18:21.128318+00:00,4-1-7/2-3/6-5,published,金星社,楽天Kドリームス 並び予想
7520241012020008,2024-10-13,松山競輪,F2,A1/A2,8,Ａ級準決勝,23:00,22:55,7,https://keirin.kdreams.jp/matsuyama/racedetail/7520241012020008/?pageType=odds,2026-10-05T02:18:22.996039+00:00,1-3/2-6-5/7-4,published,金星社,楽天Kドリームス 並び予想
7520241012020009,2024-10-13,松山競輪,F2,A1/A2,9,Ａ級準決勝,23:20,23:15,7,https://keirin.kdreams.jp/matsuyama/racedetail/7520241012020009/?pageType=odds,2026-10-05T02:18:24.935290+00:00,1-4-6/3-2-5-7,published,金星社,楽天Kドリームス 並び予想
5120241011030005,2024-10-13,福井競輪,F2,A1/A2,5,Ａ級特一般,12:21,12:16,7,https://keirin.kdreams.jp/fukui/racedetail/5120241011030005/?pageType=odds,2026-10-05T02:17:14.469995+00:00,5-7-1/3-2/4/6,published,福井中部,楽天Kドリームス 並び予想
5120241011030006,2024-10-13,福井競輪,F2,A1/A2,6,Ａ級特一般,12:50,12:45,7,https://keirin.kdreams.jp/fukui/racedetail/5120241011030006/?pageType=odds,2026-10-05T02:17:16.380430+00:00,6-1-3/5/7-2-4,published,福井中部,楽天Kドリームス 並び予想
5120241011030007,2024-10-13,福井競輪,F2,A1/A2,7,Ａ級特選,13:20,13:15,7,https://keirin.kdreams.jp/fukui/racedetail/5120241011030007/?pageType=odds,2026-10-05T02:17:18.229884+00:00,2-5-7-1/3-6-4,published,福井中部,楽天Kドリームス 並び予想
5120241011030008,2024-10-13,福井競輪,F2,A1/A2,8,Ａ級特選,13:50,13:45,7,https://keirin.kdreams.jp/fukui/racedetail/5120241011030008/?pageType=odds,2026-10-05T02:17:20.022202+00:00,5-1/2-7/6-4-3,published,福井中部,楽天Kドリームス 並び予想
5120241011030012,2024-10-13,福井競輪,F2,A1/A2,12,Ａ級決勝,16:10,16:05,7,https://keirin.kdreams.jp/fukui/racedetail/5120241011030012/?pageType=odds,2026-10-05T02:17:21.768273+00:00,1-7-4/3-5-2-6,published,福井中部,楽天Kドリームス 並び予想
1320241012030002,2024-10-14,いわき平競輪,F2,A1/A2,2,Ａ級一般,21:10,21:05,7,https://keirin.kdreams.jp/iwakitaira/racedetail/1320241012030002/?pageType=odds,2026-10-05T02:17:47.366560+00:00,3-1-4/7-2/5/6,published,アオケイ,楽天Kドリームス 並び予想
1320241012030003,2024-10-14,いわき平競輪,F2,A1/A2,3,Ａ級一般,21:30,21:25,7,https://keirin.kdreams.jp/iwakitaira/racedetail/1320241012030003/?pageType=odds,2026-10-05T02:17:49.091479+00:00,3-1-2/5/7-4-6,published,アオケイ,楽天Kドリームス 並び予想
1320241012030004,2024-10-14,いわき平競輪,F2,A1/A2,4,Ａ級一般,21:50,21:45,7,https://keirin.kdreams.jp/iwakitaira/racedetail/1320241012030004/?pageType=odds,2026-10-05T02:17:50.724144+00:00,1-3-5/2-7/6-4,published,アオケイ,楽天Kドリームス 並び予想
1320241012030005,2024-10-14,いわき平競輪,F2,A1/A2,5,Ａ級特選,22:10,22:05,7,https://keirin.kdreams.jp/iwakitaira/racedetail/1320241012030005/?pageType=odds,2026-10-05T02:17:52.482990+00:00,2-1-3/7/5-4-6,published,アオケイ,楽天Kドリームス 並び予想
1320241012030006,2024-10-14,いわき平競輪,F2,A1/A2,6,Ａ級特選,22:30,22:25,7,https://keirin.kdreams.jp/iwakitaira/racedetail/1320241012030006/?pageType=odds,2026-10-05T02:17:54.276743+00:00,7-1/2-4-6/3-5,published,アオケイ,楽天Kドリームス 並び予想
1320241012030007,2024-10-14,いわき平競輪,F2,A1/A2,7,Ａ級特選,22:50,22:45,7,https://keirin.kdreams.jp/iwakitaira/racedetail/1320241012030007/?pageType=odds,2026-10-05T02:17:56.205003+00:00,1-2-6/4-3/5/7,published,アオケイ,楽天Kドリームス 並び予想
1320241012030009,2024-10-14,いわき平競輪,F2,A1/A2,9,Ａ級決勝,23:30,23:25,7,https://keirin.kdreams.jp/iwakitaira/racedetail/1320241012030009/?pageType=odds,2026-10-05T02:17:58.058990+00:00,6-7-1-3/4-2-5,published,アオケイ,楽天Kドリームス 並び予想
4220241014010001,2024-10-14,名古屋競輪,F2,A1/A2,1,Ａ級予選,08:40,08:35,7,https://keirin.kdreams.jp/nagoya/racedetail/4220241014010001/?pageType=odds,2026-10-05T02:19:06.430281+00:00,1-4-6/3/5-7-2,published,中部競輪,楽天Kドリームス 並び予想
4220241014010002,2024-10-14,名古屋競輪,F2,A1/A2,2,Ａ級予選,09:00,08:55,7,https://keirin.kdreams.jp/nagoya/racedetail/4220241014010002/?pageType=odds,2026-10-05T02:19:08.232368+00:00,1-4-7/5-3-2-6,published,中部競輪,楽天Kドリームス 並び予想
4220241014010003,2024-10-14,名古屋競輪,F2,A1/A2,3,Ａ級予選,09:20,09:15,7,https://keirin.kdreams.jp/nagoya/racedetail/4220241014010003/?pageType=odds,2026-10-05T02:19:10.053926+00:00,4-1-6/5/2-7-3,published,中部競輪,楽天Kドリームス 並び予想
4220241014010004,2024-10-14,名古屋競輪,F2,A1/A2,4,Ａ級予選,09:40,09:35,7,https://keirin.kdreams.jp/nagoya/racedetail/4220241014010004/?pageType=odds,2026-10-05T02:19:11.731661+00:00,1-7-3/6/2-4-5,published,中部競輪,楽天Kドリームス 並び予想
4220241014010005,2024-10-14,名古屋競輪,F2,A1/A2,5,Ａ級予選,10:00,09:55,7,https://keirin.kdreams.jp/nagoya/racedetail/4220241014010005/?pageType=odds,2026-10-05T02:19:13.447627+00:00,1-4-5/6/2-7-3,published,中部競輪,楽天Kドリームス 並び予想
4220241014010006,2024-10-14,名古屋競輪,F2,A1/A2,6,Ａ級予選,10:20,10:15,7,https://keirin.kdreams.jp/nagoya/racedetail/4220241014010006/?pageType=odds,2026-10-05T02:19:15.627693+00:00,1-4-7/6-2/5-3,published,中部競輪,楽天Kドリームス 並び予想
4220241014010007,2024-10-14,名古屋競輪,F2,A1/A2,7,Ａ級初日特選,10:40,10:35,7,https://keirin.kdreams.jp/nagoya/racedetail/4220241014010007/?pageType=odds,2026-10-05T02:19:17.377958+00:00,7-1-5/3/2-6-4,published,中部競輪,楽天Kドリームス 並び予想
4620241013020001,2024-10-14,富山競輪,F1,A1/A2,1,Ａ級一般,10:39,10:34,6,https://keirin.kdreams.jp/toyama/racedetail/4620241013020001/?pageType=odds,2026-10-05T02:18:48.667319+00:00,1-5/6-2/3/4,published,中部競輪,楽天Kドリームス 並び予想
4620241013020002,2024-10-14,富山競輪,F1,A1/A2,2,Ａ級一般,11:06,11:01,6,https://keirin.kdreams.jp/toyama/racedetail/4620241013020002/?pageType=odds,2026-10-05T02:18:50.410418+00:00,1-5/4/2-6/3,published,中部競輪,楽天Kドリームス 並び予想
4620241013020003,2024-10-14,富山競輪,F1,A1/A2,3,Ａ級準決勝,11:33,11:28,7,https://keirin.kdreams.jp/toyama/racedetail/4620241013020003/?pageType=odds,2026-10-05T02:18:52.192832+00:00,5-1-6/2-4/3/7,published,中部競輪,楽天Kドリームス 並び予想
4620241013020004,2024-10-14,富山競輪,F1,A1/A2,4,Ａ級準決勝,12:02,11:57,7,https://keirin.kdreams.jp/toyama/racedetail/4620241013020004/?pageType=odds,2026-10-05T02:18:53.930612+00:00,4-1-6/7-2/5-3,published,中部競輪,楽天Kドリームス 並び予想
4620241013020005,2024-10-14,富山競輪,F1,A1/A2,5,Ａ級準決勝,12:32,12:27,7,https://keirin.kdreams.jp/toyama/racedetail/4620241013020005/?pageType=odds,2026-10-05T02:18:55.674734+00:00,4-1/2/5-3-7/6,published,中部競輪,楽天Kドリームス 並び予想
7520241012030002,2024-10-14,松山競輪,F2,A1/A2,2,Ａ級一般,21:00,20:55,7,https://keirin.kdreams.jp/matsuyama/racedetail/7520241012030002/?pageType=odds,2026-10-05T02:18:26.744606+00:00,1-4-7-5/2-3/6,published,金星社,楽天Kドリームス 並び予想
7520241012030003,2024-10-14,松山競輪,F2,A1/A2,3,Ａ級一般,21:20,21:15,7,https://keirin.kdreams.jp/matsuyama/racedetail/7520241012030003/?pageType=odds,2026-10-05T02:18:28.555186+00:00,2-1-4/5/3-6-7,published,金星社,楽天Kドリームス 並び予想
7520241012030004,2024-10-14,松山競輪,F2,A1/A2,4,Ａ級一般,21:40,21:35,7,https://keirin.kdreams.jp/matsuyama/racedetail/7520241012030004/?pageType=odds,2026-10-05T02:18:30.469633+00:00,5-1-6/3-2-4/7,published,金星社,楽天Kドリームス 並び予想
7520241012030005,2024-10-14,松山競輪,F2,A1/A2,5,Ａ級特選,22:00,21:55,7,https://keirin.kdreams.jp/matsuyama/racedetail/7520241012030005/?pageType=odds,2026-10-05T02:18:32.354010+00:00,1-2-6/3-5-7/4,published,金星社,楽天Kドリームス 並び予想
7520241012030006,2024-10-14,松山競輪,F2,A1/A2,6,Ａ級特選,22:20,22:15,7,https://keirin.kdreams.jp/matsuyama/racedetail/7520241012030006/?pageType=odds,2026-10-05T02:18:34.287016+00:00,1-5/2-4/3-7/6,published,金星社,楽天Kドリームス 並び予想
7520241012030007,2024-10-14,松山競輪,F2,A1/A2,7,Ａ級特選,22:40,22:35,7,https://keirin.kdreams.jp/matsuyama/racedetail/7520241012030007/?pageType=odds,2026-10-05T02:18:36.162007+00:00,1-3/7-2-4/5-6,published,金星社,楽天Kドリームス 並び予想
7520241012030009,2024-10-14,松山競輪,F2,A1/A2,9,Ａ級決勝,23:20,23:15,7,https://keirin.kdreams.jp/matsuyama/racedetail/7520241012030009/?pageType=odds,2026-10-05T02:18:38.009227+00:00,1-6-5/2-7/4-3,published,金星社,楽天Kドリームス 並び予想
6120241014010001,2024-10-14,玉野競輪,F1,A1/A2,1,Ａ級予選,10:45,10:40,7,https://keirin.kdreams.jp/tamano/racedetail/6120241014010001/?pageType=odds,2026-10-05T02:19:45.111428+00:00,7-1-6/5-2/4-3,published,競輪毎日,楽天Kドリームス 並び予想
6120241014010002,2024-10-14,玉野競輪,F1,A1/A2,2,Ａ級予選,11:10,11:05,7,https://keirin.kdreams.jp/tamano/racedetail/6120241014010002/?pageType=odds,2026-10-05T02:19:47.009752+00:00,4-2-6/1/5/7-3,published,競輪毎日,楽天Kドリームス 並び予想
6120241014010003,2024-10-14,玉野競輪,F1,A1/A2,3,Ａ級予選,11:35,11:30,7,https://keirin.kdreams.jp/tamano/racedetail/6120241014010003/?pageType=odds,2026-10-05T02:19:48.795543+00:00,5-3-7/1-6/4-2,published,競輪毎日,楽天Kドリームス 並び予想
6120241014010004,2024-10-14,玉野競輪,F1,A1/A2,4,Ａ級予選,12:05,12:00,7,https://keirin.kdreams.jp/tamano/racedetail/6120241014010004/?pageType=odds,2026-10-05T02:19:50.499202+00:00,6-4-1/2-5/7-3,published,競輪毎日,楽天Kドリームス 並び予想
6120241014010005,2024-10-14,玉野競輪,F1,A1/A2,5,Ａ級初日特選,12:35,12:30,7,https://keirin.kdreams.jp/tamano/racedetail/6120241014010005/?pageType=odds,2026-10-05T02:19:52.189221+00:00,2-7/1/5-4-3/6,published,競輪毎日,楽天Kドリームス 並び予想
8520241015010003,2024-10-15,佐世保競輪,F2,A1/A2,3,Ａ級予選,21:20,21:15,7,https://keirin.kdreams.jp/sasebo/racedetail/8520241015010003/?pageType=odds,2026-10-05T02:21:15.448319+00:00,4-1-5/3-2/6-7,published,百万弗,楽天Kドリームス 並び予想
8520241015010004,2024-10-15,佐世保競輪,F2,A1/A2,4,Ａ級予選,21:40,21:35,7,https://keirin.kdreams.jp/sasebo/racedetail/8520241015010004/?pageType=odds,2026-10-05T02:21:17.328182+00:00,4-2/1-3/5/7-6,published,百万弗,楽天Kドリームス 並び予想
8520241015010005,2024-10-15,佐世保競輪,F2,A1/A2,5,Ａ級予選,22:00,21:55,7,https://keirin.kdreams.jp/sasebo/racedetail/8520241015010005/?pageType=odds,2026-10-05T02:21:19.068788+00:00,7-1/4-3/5-2-6,published,百万弗,楽天Kドリームス 並び予想
8520241015010006,2024-10-15,佐世保競輪,F2,A1/A2,6,Ａ級予選,22:20,22:15,7,https://keirin.kdreams.jp/sasebo/racedetail/8520241015010006/?pageType=odds,2026-10-05T02:21:20.797020+00:00,2-1-4/5-3/7-6,published,百万弗,楽天Kドリームス 並び予想
8520241015010007,2024-10-15,佐世保競輪,F2,A1/A2,7,Ａ級予選,22:40,22:35,7,https://keirin.kdreams.jp/sasebo/racedetail/8520241015010007/?pageType=odds,2026-10-05T02:21:22.483698+00:00,2-1-4/5-3/6-7,published,百万弗,楽天Kドリームス 並び予想
8520241015010008,2024-10-15,佐世保競輪,F2,A1/A2,8,Ａ級予選,23:00,22:55,7,https://keirin.kdreams.jp/sasebo/racedetail/8520241015010008/?pageType=odds,2026-10-05T02:21:24.349086+00:00,1-3-6-4-5/7-2,published,百万弗,楽天Kドリームス 並び予想
8520241015010009,2024-10-15,佐世保競輪,F2,A1/A2,9,Ａ級初日特選,23:20,23:15,7,https://keirin.kdreams.jp/sasebo/racedetail/8520241015010009/?pageType=odds,2026-10-05T02:21:26.042330+00:00,1-6-2-7/3-5/4,published,百万弗,楽天Kドリームス 並び予想
4220241014020001,2024-10-15,名古屋競輪,F2,A1/A2,1,Ａ級一般,08:30,08:25,6,https://keirin.kdreams.jp/nagoya/racedetail/4220241014020001/?pageType=odds,2026-10-05T02:19:19.053486+00:00,2-4-1/6-3/5,published,中部競輪,楽天Kドリームス 並び予想
4220241014020002,2024-10-15,名古屋競輪,F2,A1/A2,2,Ａ級一般,08:50,08:45,7,https://keirin.kdreams.jp/nagoya/racedetail/4220241014020002/?pageType=odds,2026-10-05T02:19:21.024568+00:00,5-2-4/1/3/7/6,published,中部競輪,楽天Kドリームス 並び予想
4220241014020003,2024-10-15,名古屋競輪,F2,A1/A2,3,Ａ級選抜,09:10,09:05,7,https://keirin.kdreams.jp/nagoya/racedetail/4220241014020003/?pageType=odds,2026-10-05T02:19:22.782825+00:00,7-5-2/3/4-1-6,published,中部競輪,楽天Kドリームス 並び予想
4220241014020004,2024-10-15,名古屋競輪,F2,A1/A2,4,Ａ級選抜,09:30,09:25,7,https://keirin.kdreams.jp/nagoya/racedetail/4220241014020004/?pageType=odds,2026-10-05T02:19:24.697502+00:00,7-5-1/2/3-4-6,published,中部競輪,楽天Kドリームス 並び予想
4220241014020005,2024-10-15,名古屋競輪,F2,A1/A2,5,Ａ級準決勝,09:50,09:45,7,https://keirin.kdreams.jp/nagoya/racedetail/4220241014020005/?pageType=odds,2026-10-05T02:19:26.470098+00:00,7-2/3-5/4-1/6,published,中部競輪,楽天Kドリームス 並び予想
4220241014020006,2024-10-15,名古屋競輪,F2,A1/A2,6,Ａ級準決勝,10:10,10:05,7,https://keirin.kdreams.jp/nagoya/racedetail/4220241014020006/?pageType=odds,2026-10-05T02:19:28.380068+00:00,1-5-6/4-2/3-7,published,中部競輪,楽天Kドリームス 並び予想
4220241014020007,2024-10-15,名古屋競輪,F2,A1/A2,7,Ａ級準決勝,10:30,10:25,7,https://keirin.kdreams.jp/nagoya/racedetail/4220241014020007/?pageType=odds,2026-10-05T02:19:30.210696+00:00,7-1/5-3-6/2-4,published,中部競輪,楽天Kドリームス 並び予想
5520241015010008,2024-10-15,和歌山競輪,F2,A1/A2,8,Ａ級特予選,13:45,13:40,7,https://keirin.kdreams.jp/wakayama/racedetail/5520241015010008/?pageType=odds,2026-10-05T02:21:51.779437+00:00,7-1/3-4/5-2-6,published,競輪研究,楽天Kドリームス 並び予想
5520241015010009,2024-10-15,和歌山競輪,F2,A1/A2,9,Ａ級特予選,14:20,14:15,7,https://keirin.kdreams.jp/wakayama/racedetail/5520241015010009/?pageType=odds,2026-10-05T02:21:53.403227+00:00,1-5-4/6-2/7-3,published,競輪研究,楽天Kドリームス 並び予想
5520241015010010,2024-10-15,和歌山競輪,F2,A1/A2,10,Ａ級特予選,14:55,14:50,7,https://keirin.kdreams.jp/wakayama/racedetail/5520241015010010/?pageType=odds,2026-10-05T02:21:55.097657+00:00,5-7-1/2-4/6-3,published,競輪研究,楽天Kドリームス 並び予想
5520241015010011,2024-10-15,和歌山競輪,F2,A1/A2,11,Ａ級特予選,15:30,15:25,7,https://keirin.kdreams.jp/wakayama/racedetail/5520241015010011/?pageType=odds,2026-10-05T02:21:56.765991+00:00,1-4-3-6/7-2-5,published,競輪研究,楽天Kドリームス 並び予想
5520241015010012,2024-10-15,和歌山競輪,F2,A1/A2,12,Ａ級初日特選,16:05,16:00,7,https://keirin.kdreams.jp/wakayama/racedetail/5520241015010012/?pageType=odds,2026-10-05T02:21:58.429647+00:00,5-1/4-2-6/3-7,published,競輪研究,楽天Kドリームス 並び予想
4820241015010008,2024-10-15,四日市競輪,F2,A1/A2,8,Ａ級特予選,18:36,18:31,7,https://keirin.kdreams.jp/yokkaichi/racedetail/4820241015010008/?pageType=odds,2026-10-05T02:22:17.623365+00:00,6-2/5-1/3-7-4,published,富山中部,楽天Kドリームス 並び予想
4820241015010009,2024-10-15,四日市競輪,F2,A1/A2,9,Ａ級特予選,19:02,18:57,7,https://keirin.kdreams.jp/yokkaichi/racedetail/4820241015010009/?pageType=odds,2026-10-05T02:22:19.276248+00:00,4-1-3-6/2-7-5,published,富山中部,楽天Kドリームス 並び予想
4820241015010010,2024-10-15,四日市競輪,F2,A1/A2,10,Ａ級特予選,19:28,19:23,7,https://keirin.kdreams.jp/yokkaichi/racedetail/4820241015010010/?pageType=odds,2026-10-05T02:22:21.006610+00:00,7-4-1/3-6/5-2,published,富山中部,楽天Kドリームス 並び予想
4820241015010011,2024-10-15,四日市競輪,F2,A1/A2,11,Ａ級特予選,19:54,19:49,7,https://keirin.kdreams.jp/yokkaichi/racedetail/4820241015010011/?pageType=odds,2026-10-05T02:22:22.817796+00:00,5-3-7/4-1/6-2,published,富山中部,楽天Kドリームス 並び予想
4820241015010012,2024-10-15,四日市競輪,F2,A1/A2,12,Ａ級初日特選,20:20,20:15,7,https://keirin.kdreams.jp/yokkaichi/racedetail/4820241015010012/?pageType=odds,2026-10-05T02:22:24.295378+00:00,1-7/5-2/3/4-6,published,富山中部,楽天Kドリームス 並び予想
4620241013030001,2024-10-15,富山競輪,F1,A1/A2,1,Ａ級一般,10:28,10:23,6,https://keirin.kdreams.jp/toyama/racedetail/4620241013030001/?pageType=odds,2026-10-05T02:18:57.401212+00:00,5-1/2-6/3-4,published,中部競輪,楽天Kドリームス 並び予想
4620241013030002,2024-10-15,富山競輪,F1,A1/A2,2,Ａ級一般,10:54,10:49,6,https://keirin.kdreams.jp/toyama/racedetail/4620241013030002/?pageType=odds,2026-10-05T02:18:59.030426+00:00,4-2/5/6-1-3,published,中部競輪,楽天Kドリームス 並び予想
4620241013030003,2024-10-15,富山競輪,F1,A1/A2,3,Ａ級特選,11:20,11:15,7,https://keirin.kdreams.jp/toyama/racedetail/4620241013030003/?pageType=odds,2026-10-05T02:19:00.873919+00:00,1-7/3/4-2/5/6,published,中部競輪,楽天Kドリームス 並び予想
4620241013030004,2024-10-15,富山競輪,F1,A1/A2,4,Ａ級特選,11:49,11:44,7,https://keirin.kdreams.jp/toyama/racedetail/4620241013030004/?pageType=odds,2026-10-05T02:19:02.725924+00:00,1-5/2/7-3/4/6,published,中部競輪,楽天Kドリームス 並び予想
4620241013030011,2024-10-15,富山競輪,F1,A1/A2,11,Ａ級決勝,15:36,15:31,7,https://keirin.kdreams.jp/toyama/racedetail/4620241013030011/?pageType=odds,2026-10-05T02:19:04.564328+00:00,2-1/4-3-5/6/7,published,中部競輪,楽天Kドリームス 並び予想
3120241015010003,2024-10-15,松戸競輪,F2,A1/A2,3,Ａ級予選,21:30,21:25,7,https://keirin.kdreams.jp/matsudo/racedetail/3120241015010003/?pageType=odds,2026-10-05T02:20:40.018643+00:00,3-5/6/1-4/7-2,published,アオケイ,楽天Kドリームス 並び予想
3120241015010004,2024-10-15,松戸競輪,F2,A1/A2,4,Ａ級予選,21:50,21:45,7,https://keirin.kdreams.jp/matsudo/racedetail/3120241015010004/?pageType=odds,2026-10-05T02:20:41.813513+00:00,2-1-4/5/7-3-6,published,アオケイ,楽天Kドリームス 並び予想
3120241015010005,2024-10-15,松戸競輪,F2,A1/A2,5,Ａ級予選,22:10,22:05,7,https://keirin.kdreams.jp/matsudo/racedetail/3120241015010005/?pageType=odds,2026-10-05T02:20:43.490952+00:00,1-2-3/7-4/5-6,published,アオケイ,楽天Kドリームス 並び予想
3120241015010006,2024-10-15,松戸競輪,F2,A1/A2,6,Ａ級予選,22:30,22:25,7,https://keirin.kdreams.jp/matsudo/racedetail/3120241015010006/?pageType=odds,2026-10-05T02:20:45.207737+00:00,1-3-5/2-6/7-4,published,アオケイ,楽天Kドリームス 並び予想
3120241015010007,2024-10-15,松戸競輪,F2,A1/A2,7,Ａ級予選,22:50,22:45,7,https://keirin.kdreams.jp/matsudo/racedetail/3120241015010007/?pageType=odds,2026-10-05T02:20:47.083199+00:00,1-2-4/3-6/5-7,published,アオケイ,楽天Kドリームス 並び予想
3120241015010008,2024-10-15,松戸競輪,F2,A1/A2,8,Ａ級予選,23:10,23:05,7,https://keirin.kdreams.jp/matsudo/racedetail/3120241015010008/?pageType=odds,2026-10-05T02:20:48.720606+00:00,1-3-6/4-2/5-7,published,アオケイ,楽天Kドリームス 並び予想
3120241015010009,2024-10-15,松戸競輪,F2,A1/A2,9,Ａ級初日特選,23:30,23:25,7,https://keirin.kdreams.jp/matsudo/racedetail/3120241015010009/?pageType=odds,2026-10-05T02:20:50.498291+00:00,1-6/2-7/4-3/5,published,アオケイ,楽天Kドリームス 並び予想
6120241014020001,2024-10-15,玉野競輪,F1,A1/A2,1,Ａ級一般,10:40,10:35,7,https://keirin.kdreams.jp/tamano/racedetail/6120241014020001/?pageType=odds,2026-10-05T02:19:54.087653+00:00,1-7-4/5-2/3-6,published,競輪毎日,楽天Kドリームス 並び予想
6120241014020002,2024-10-15,玉野競輪,F1,A1/A2,2,Ａ級一般,11:05,11:00,7,https://keirin.kdreams.jp/tamano/racedetail/6120241014020002/?pageType=odds,2026-10-05T02:19:55.913573+00:00,6-1-4/5-2/3/7,published,競輪毎日,楽天Kドリームス 並び予想
6120241014020003,2024-10-15,玉野競輪,F1,A1/A2,3,Ａ級準決勝,11:35,11:30,7,https://keirin.kdreams.jp/tamano/racedetail/6120241014020003/?pageType=odds,2026-10-05T02:19:57.856185+00:00,5-1/7-2-6/4-3,published,競輪毎日,楽天Kドリームス 並び予想
6120241014020004,2024-10-15,玉野競輪,F1,A1/A2,4,Ａ級準決勝,12:05,12:00,7,https://keirin.kdreams.jp/tamano/racedetail/6120241014020004/?pageType=odds,2026-10-05T02:19:59.718383+00:00,1-7/2-6/3/5-4,published,競輪毎日,楽天Kドリームス 並び予想
6120241014020005,2024-10-15,玉野競輪,F1,A1/A2,5,Ａ級準決勝,12:35,12:30,7,https://keirin.kdreams.jp/tamano/racedetail/6120241014020005/?pageType=odds,2026-10-05T02:20:01.627359+00:00,7-1-5/4-2/3-6,published,競輪毎日,楽天Kドリームス 並び予想
1220241015010001,2024-10-15,青森競輪,F1,A1/A2,1,Ａ級予選,15:43,15:38,7,https://keirin.kdreams.jp/aomori/racedetail/1220241015010001/?pageType=odds,2026-10-05T02:20:13.086148+00:00,1-4-6/7-2/3-5,published,アオケイ,楽天Kドリームス 並び予想
1220241015010002,2024-10-15,青森競輪,F1,A1/A2,2,Ａ級予選,16:08,16:03,7,https://keirin.kdreams.jp/aomori/racedetail/1220241015010002/?pageType=odds,2026-10-05T02:20:14.800069+00:00,1-3-4/6/5-2-7,published,アオケイ,楽天Kドリームス 並び予想
1220241015010003,2024-10-15,青森競輪,F1,A1/A2,3,Ａ級予選,16:33,16:28,7,https://keirin.kdreams.jp/aomori/racedetail/1220241015010003/?pageType=odds,2026-10-05T02:20:16.537151+00:00,1-7/2-5/4-3-6,published,アオケイ,楽天Kドリームス 並び予想
1220241015010004,2024-10-15,青森競輪,F1,A1/A2,4,Ａ級予選,16:58,16:53,7,https://keirin.kdreams.jp/aomori/racedetail/1220241015010004/?pageType=odds,2026-10-05T02:20:18.258214+00:00,1-6/2-5/7-3-4,published,アオケイ,楽天Kドリームス 並び予想
1220241015010005,2024-10-15,青森競輪,F1,A1/A2,5,Ａ級初日特選,17:23,17:18,7,https://keirin.kdreams.jp/aomori/racedetail/1220241015010005/?pageType=odds,2026-10-05T02:20:20.221033+00:00,1-4/3/6/5-7-2,published,アオケイ,楽天Kドリームス 並び予想
8520241015020003,2024-10-16,佐世保競輪,F2,A1/A2,3,Ａ級一般,21:20,21:15,7,https://keirin.kdreams.jp/sasebo/racedetail/8520241015020003/?pageType=odds,2026-10-05T02:21:27.653144+00:00,1-3-4/2-5/6/7,published,百万弗,楽天Kドリームス 並び予想
8520241015020004,2024-10-16,佐世保競輪,F2,A1/A2,4,Ａ級一般,21:40,21:35,7,https://keirin.kdreams.jp/sasebo/racedetail/8520241015020004/?pageType=odds,2026-10-05T02:21:29.482859+00:00,6-2-3/1-7/4-5,published,百万弗,楽天Kドリームス 並び予想
8520241015020005,2024-10-16,佐世保競輪,F2,A1/A2,5,Ａ級選抜,22:00,21:55,7,https://keirin.kdreams.jp/sasebo/racedetail/8520241015020005/?pageType=odds,2026-10-05T02:21:31.150434+00:00,1-5/4-2/3-6-7,published,百万弗,楽天Kドリームス 並び予想
8520241015020006,2024-10-16,佐世保競輪,F2,A1/A2,6,Ａ級選抜,22:20,22:15,7,https://keirin.kdreams.jp/sasebo/racedetail/8520241015020006/?pageType=odds,2026-10-05T02:21:32.968234+00:00,2-6/1/4-3/7-5,published,百万弗,楽天Kドリームス 並び予想
8520241015020007,2024-10-16,佐世保競輪,F2,A1/A2,7,Ａ級準決勝,22:40,22:35,7,https://keirin.kdreams.jp/sasebo/racedetail/8520241015020007/?pageType=odds,2026-10-05T02:21:34.675931+00:00,1-2/7-3/5-4-6,published,百万弗,楽天Kドリームス 並び予想
8520241015020008,2024-10-16,佐世保競輪,F2,A1/A2,8,Ａ級準決勝,23:00,22:55,7,https://keirin.kdreams.jp/sasebo/racedetail/8520241015020008/?pageType=odds,2026-10-05T02:21:36.500543+00:00,4-1-7/2-3-5/6,published,百万弗,楽天Kドリームス 並び予想
8520241015020009,2024-10-16,佐世保競輪,F2,A1/A2,9,Ａ級準決勝,23:20,23:15,7,https://keirin.kdreams.jp/sasebo/racedetail/8520241015020009/?pageType=odds,2026-10-05T02:21:38.257549+00:00,1-2-3-7/6-4/5,published,百万弗,楽天Kドリームス 並び予想
4220241014030001,2024-10-16,名古屋競輪,F2,A1/A2,1,Ａ級一般,08:30,08:25,6,https://keirin.kdreams.jp/nagoya/racedetail/4220241014030001/?pageType=odds,2026-10-05T02:19:32.153623+00:00,6-1/4/2-3-5,published,中部競輪,楽天Kドリームス 並び予想
4220241014030002,2024-10-16,名古屋競輪,F2,A1/A2,2,Ａ級一般,08:50,08:45,7,https://keirin.kdreams.jp/nagoya/racedetail/4220241014030002/?pageType=odds,2026-10-05T02:19:34.219689+00:00,7-1-5/3/2-4-6,published,中部競輪,楽天Kドリームス 並び予想
4220241014030003,2024-10-16,名古屋競輪,F2,A1/A2,3,Ａ級一般,09:10,09:05,7,https://keirin.kdreams.jp/nagoya/racedetail/4220241014030003/?pageType=odds,2026-10-05T02:19:36.068195+00:00,2-5-7/1/4/3-6,published,中部競輪,楽天Kドリームス 並び予想
4220241014030004,2024-10-16,名古屋競輪,F2,A1/A2,4,Ａ級特選,09:30,09:25,7,https://keirin.kdreams.jp/nagoya/racedetail/4220241014030004/?pageType=odds,2026-10-05T02:19:37.904205+00:00,6-2/7-1/3-5-4,published,中部競輪,楽天Kドリームス 並び予想
4220241014030005,2024-10-16,名古屋競輪,F2,A1/A2,5,Ａ級特選,09:50,09:45,7,https://keirin.kdreams.jp/nagoya/racedetail/4220241014030005/?pageType=odds,2026-10-05T02:19:39.619684+00:00,5-1/7-2/6/3-4,published,中部競輪,楽天Kドリームス 並び予想
4220241014030006,2024-10-16,名古屋競輪,F2,A1/A2,6,Ａ級特選,10:10,10:05,7,https://keirin.kdreams.jp/nagoya/racedetail/4220241014030006/?pageType=odds,2026-10-05T02:19:41.474800+00:00,4-1-6/2-5-3-7,published,中部競輪,楽天Kドリームス 並び予想
4220241014030007,2024-10-16,名古屋競輪,F2,A1/A2,7,Ａ級決勝,10:30,10:25,7,https://keirin.kdreams.jp/nagoya/racedetail/4220241014030007/?pageType=odds,2026-10-05T02:19:43.357671+00:00,1-5-4/6-2/3-7,published,中部競輪,楽天Kドリームス 並び予想
5520241015020008,2024-10-16,和歌山競輪,F2,A1/A2,8,Ａ級特一般,13:45,13:40,7,https://keirin.kdreams.jp/wakayama/racedetail/5520241015020008/?pageType=odds,2026-10-05T02:22:00.447612+00:00,5-2-7/1-6/4-3,published,競輪研究,楽天Kドリームス 並び予想
5520241015020009,2024-10-16,和歌山競輪,F2,A1/A2,9,Ａ級特一般,14:20,14:15,7,https://keirin.kdreams.jp/wakayama/racedetail/5520241015020009/?pageType=odds,2026-10-05T02:22:02.181539+00:00,6-4-2/1/3-7-5,published,競輪研究,楽天Kドリームス 並び予想
5520241015020010,2024-10-16,和歌山競輪,F2,A1/A2,10,Ａ級準決勝,14:55,14:50,7,https://keirin.kdreams.jp/wakayama/racedetail/5520241015020010/?pageType=odds,2026-10-05T02:22:04.040766+00:00,1-7/4-6-2/5-3,published,競輪研究,楽天Kドリームス 並び予想
5520241015020011,2024-10-16,和歌山競輪,F2,A1/A2,11,Ａ級準決勝,15:30,15:25,7,https://keirin.kdreams.jp/wakayama/racedetail/5520241015020011/?pageType=odds,2026-10-05T02:22:05.777898+00:00,6-3/1-7/2-5-4,published,競輪研究,楽天Kドリームス 並び予想
5520241015020012,2024-10-16,和歌山競輪,F2,A1/A2,12,Ａ級準決勝,16:05,16:00,7,https://keirin.kdreams.jp/wakayama/racedetail/5520241015020012/?pageType=odds,2026-10-05T02:22:07.460852+00:00,5-7-1/2-4/6-3,published,競輪研究,楽天Kドリームス 並び予想
4820241015020008,2024-10-16,四日市競輪,F2,A1/A2,8,Ａ級特一般,18:36,18:31,7,https://keirin.kdreams.jp/yokkaichi/racedetail/4820241015020008/?pageType=odds,2026-10-05T02:22:25.971986+00:00,1-4-7/5/6-2-3,published,富山中部,楽天Kドリームス 並び予想
4820241015020009,2024-10-16,四日市競輪,F2,A1/A2,9,Ａ級特一般,19:02,18:57,7,https://keirin.kdreams.jp/yokkaichi/racedetail/4820241015020009/?pageType=odds,2026-10-05T02:22:27.549006+00:00,7-1-4/2-6/3-5,published,富山中部,楽天Kドリームス 並び予想
4820241015020010,2024-10-16,四日市競輪,F2,A1/A2,10,Ａ級準決勝,19:28,19:23,7,https://keirin.kdreams.jp/yokkaichi/racedetail/4820241015020010/?pageType=odds,2026-10-05T02:22:29.360475+00:00,7-1/2-4-6/3-5,published,富山中部,楽天Kドリームス 並び予想
4820241015020011,2024-10-16,四日市競輪,F2,A1/A2,11,Ａ級準決勝,19:54,19:49,7,https://keirin.kdreams.jp/yokkaichi/racedetail/4820241015020011/?pageType=odds,2026-10-05T02:22:31.271423+00:00,1-5-6/4-2/7-3,published,富山中部,楽天Kドリームス 並び予想
4820241015020012,2024-10-16,四日市競輪,F2,A1/A2,12,Ａ級準決勝,20:20,20:15,7,https://keirin.kdreams.jp/yokkaichi/racedetail/4820241015020012/?pageType=odds,2026-10-05T02:22:32.887080+00:00,1-4-7/5-2/3-6,published,富山中部,楽天Kドリームス 並び予想
3120241015020003,2024-10-16,松戸競輪,F2,A1/A2,3,Ａ級一般,21:30,21:25,7,https://keirin.kdreams.jp/matsudo/racedetail/3120241015020003/?pageType=odds,2026-10-05T02:20:52.220202+00:00,3-2/1-4/5-6-7,published,アオケイ,楽天Kドリームス 並び予想
3120241015020004,2024-10-16,松戸競輪,F2,A1/A2,4,Ａ級一般,21:50,21:45,7,https://keirin.kdreams.jp/matsudo/racedetail/3120241015020004/?pageType=odds,2026-10-05T02:20:54.127661+00:00,7-5/1/6-3/2-4,published,アオケイ,楽天Kドリームス 並び予想
3120241015020005,2024-10-16,松戸競輪,F2,A1/A2,5,Ａ級選抜,22:10,22:05,7,https://keirin.kdreams.jp/matsudo/racedetail/3120241015020005/?pageType=odds,2026-10-05T02:20:55.903286+00:00,1-7/2-4/5-3/6,published,アオケイ,楽天Kドリームス 並び予想
3120241015020006,2024-10-16,松戸競輪,F2,A1/A2,6,Ａ級選抜,22:30,22:25,7,https://keirin.kdreams.jp/matsudo/racedetail/3120241015020006/?pageType=odds,2026-10-05T02:20:57.724227+00:00,5-1-7/6/2-3-4,published,アオケイ,楽天Kドリームス 並び予想
3120241015020007,2024-10-16,松戸競輪,F2,A1/A2,7,Ａ級準決勝,22:50,22:45,7,https://keirin.kdreams.jp/matsudo/racedetail/3120241015020007/?pageType=odds,2026-10-05T02:20:59.690332+00:00,2-1/5-6-7/3-4,published,アオケイ,楽天Kドリームス 並び予想
3120241015020008,2024-10-16,松戸競輪,F2,A1/A2,8,Ａ級準決勝,23:10,23:05,7,https://keirin.kdreams.jp/matsudo/racedetail/3120241015020008/?pageType=odds,2026-10-05T02:21:01.552814+00:00,1-2-6/4/3-5/7,published,アオケイ,楽天Kドリームス 並び予想
3120241015020009,2024-10-16,松戸競輪,F2,A1/A2,9,Ａ級準決勝,23:30,23:25,7,https://keirin.kdreams.jp/matsudo/racedetail/3120241015020009/?pageType=odds,2026-10-05T02:21:03.549847+00:00,3-4/1-2-7/5-6,published,アオケイ,楽天Kドリームス 並び予想
6120241014030001,2024-10-16,玉野競輪,F1,A1/A2,1,Ａ級一般,10:40,10:35,7,https://keirin.kdreams.jp/tamano/racedetail/6120241014030001/?pageType=odds,2026-10-05T02:20:03.859542+00:00,2-5/1/3-7/4-6,published,競輪毎日,楽天Kドリームス 並び予想
6120241014030002,2024-10-16,玉野競輪,F1,A1/A2,2,Ａ級一般,11:05,11:00,7,https://keirin.kdreams.jp/tamano/racedetail/6120241014030002/?pageType=odds,2026-10-05T02:20:05.649915+00:00,2-7/1/3-5/6-4,published,競輪毎日,楽天Kドリームス 並び予想
6120241014030003,2024-10-16,玉野競輪,F1,A1/A2,3,Ａ級特選,11:35,11:30,7,https://keirin.kdreams.jp/tamano/racedetail/6120241014030003/?pageType=odds,2026-10-05T02:20:07.473273+00:00,1-7-6/3/5-2-4,published,競輪毎日,楽天Kドリームス 並び予想
6120241014030004,2024-10-16,玉野競輪,F1,A1/A2,4,Ａ級特選,12:05,12:00,7,https://keirin.kdreams.jp/tamano/racedetail/6120241014030004/?pageType=odds,2026-10-05T02:20:09.261452+00:00,2-1/5-3/7-4/6,published,競輪毎日,楽天Kドリームス 並び予想
6120241014030011,2024-10-16,玉野競輪,F1,A1/A2,11,Ａ級決勝,15:55,15:50,7,https://keirin.kdreams.jp/tamano/racedetail/6120241014030011/?pageType=odds,2026-10-05T02:20:11.204281+00:00,1-5-6/2-4/3-7,published,競輪毎日,楽天Kドリームス 並び予想
1220241015020001,2024-10-16,青森競輪,F1,A1/A2,1,Ａ級一般,15:43,15:38,7,https://keirin.kdreams.jp/aomori/racedetail/1220241015020001/?pageType=odds,2026-10-05T02:20:21.953072+00:00,4-1-5-3/6/2-7,published,アオケイ,楽天Kドリームス 並び予想
1220241015020002,2024-10-16,青森競輪,F1,A1/A2,2,Ａ級一般,16:08,16:03,7,https://keirin.kdreams.jp/aomori/racedetail/1220241015020002/?pageType=odds,2026-10-05T02:20:23.567409+00:00,2-6-1-5/4-3-7,published,アオケイ,楽天Kドリームス 並び予想
1220241015020003,2024-10-16,青森競輪,F1,A1/A2,3,Ａ級準決勝,16:33,16:28,7,https://keirin.kdreams.jp/aomori/racedetail/1220241015020003/?pageType=odds,2026-10-05T02:20:25.387585+00:00,1-5-6/7-2/4-3,published,アオケイ,楽天Kドリームス 並び予想
1220241015020004,2024-10-16,青森競輪,F1,A1/A2,4,Ａ級準決勝,16:58,16:53,7,https://keirin.kdreams.jp/aomori/racedetail/1220241015020004/?pageType=odds,2026-10-05T02:20:27.072483+00:00,4-1-6/5-2/3-7,published,アオケイ,楽天Kドリームス 並び予想
1220241015020005,2024-10-16,青森競輪,F1,A1/A2,5,Ａ級準決勝,17:23,17:18,7,https://keirin.kdreams.jp/aomori/racedetail/1220241015020005/?pageType=odds,2026-10-05T02:20:28.927636+00:00,5-1-6/2-7/3-4,published,アオケイ,楽天Kドリームス 並び予想
8520241015030002,2024-10-17,佐世保競輪,F2,A1/A2,2,Ａ級一般,21:00,20:55,7,https://keirin.kdreams.jp/sasebo/racedetail/8520241015030002/?pageType=odds,2026-10-05T02:21:40.007897+00:00,2-1/3-5-7/6-4,published,百万弗,楽天Kドリームス 並び予想
8520241015030003,2024-10-17,佐世保競輪,F2,A1/A2,3,Ａ級一般,21:20,21:15,7,https://keirin.kdreams.jp/sasebo/racedetail/8520241015030003/?pageType=odds,2026-10-05T02:21:41.634212+00:00,1-3/2-5/7-4/6,published,百万弗,楽天Kドリームス 並び予想
8520241015030004,2024-10-17,佐世保競輪,F2,A1/A2,4,Ａ級一般,21:40,21:35,7,https://keirin.kdreams.jp/sasebo/racedetail/8520241015030004/?pageType=odds,2026-10-05T02:21:43.162459+00:00,1-2/3-6-7/5-4,published,百万弗,楽天Kドリームス 並び予想
8520241015030005,2024-10-17,佐世保競輪,F2,A1/A2,5,Ａ級特選,22:00,21:55,7,https://keirin.kdreams.jp/sasebo/racedetail/8520241015030005/?pageType=odds,2026-10-05T02:21:45.050859+00:00,3-1-4/6/2-5/7,published,百万弗,楽天Kドリームス 並び予想
8520241015030006,2024-10-17,佐世保競輪,F2,A1/A2,6,Ａ級特選,22:20,22:15,7,https://keirin.kdreams.jp/sasebo/racedetail/8520241015030006/?pageType=odds,2026-10-05T02:21:46.644552+00:00,1-3-2-5/4/6-7,published,百万弗,楽天Kドリームス 並び予想
8520241015030007,2024-10-17,佐世保競輪,F2,A1/A2,7,Ａ級特選,22:40,22:35,7,https://keirin.kdreams.jp/sasebo/racedetail/8520241015030007/?pageType=odds,2026-10-05T02:21:48.318169+00:00,2-1-7/6-3/5-4,published,百万弗,楽天Kドリームス 並び予想
8520241015030009,2024-10-17,佐世保競輪,F2,A1/A2,9,Ａ級決勝,23:20,23:15,7,https://keirin.kdreams.jp/sasebo/racedetail/8520241015030009/?pageType=odds,2026-10-05T02:21:50.063814+00:00,1-3/2-5/6/7-4,published,百万弗,楽天Kドリームス 並び予想
5520241015030007,2024-10-17,和歌山競輪,F2,A1/A2,7,Ａ級特一般,13:45,13:40,7,https://keirin.kdreams.jp/wakayama/racedetail/5520241015030007/?pageType=odds,2026-10-05T02:22:09.196106+00:00,1-7/6-2/5-3-4,published,競輪研究,楽天Kドリームス 並び予想
5520241015030008,2024-10-17,和歌山競輪,F2,A1/A2,8,Ａ級特一般,14:20,14:15,7,https://keirin.kdreams.jp/wakayama/racedetail/5520241015030008/?pageType=odds,2026-10-05T02:22:10.726018+00:00,2-5/6-4-1/3-7,published,競輪研究,楽天Kドリームス 並び予想
5520241015030009,2024-10-17,和歌山競輪,F2,A1/A2,9,Ａ級特選,14:55,14:50,7,https://keirin.kdreams.jp/wakayama/racedetail/5520241015030009/?pageType=odds,2026-10-05T02:22:12.500779+00:00,2-7/4/5-3-1-6,published,競輪研究,楽天Kドリームス 並び予想
5520241015030010,2024-10-17,和歌山競輪,F2,A1/A2,10,Ａ級特選,15:30,15:25,7,https://keirin.kdreams.jp/wakayama/racedetail/5520241015030010/?pageType=odds,2026-10-05T02:22:14.162053+00:00,1-4-5-6/2-3-7,published,競輪研究,楽天Kドリームス 並び予想
5520241015030011,2024-10-17,和歌山競輪,F2,A1/A2,11,Ａ級決勝,16:05,16:00,7,https://keirin.kdreams.jp/wakayama/racedetail/5520241015030011/?pageType=odds,2026-10-05T02:22:15.891483+00:00,2-5/6-1/3-7/4,published,競輪研究,楽天Kドリームス 並び予想
4820241015030006,2024-10-17,四日市競輪,F2,A1/A2,6,Ａ級特一般,17:45,17:40,7,https://keirin.kdreams.jp/yokkaichi/racedetail/4820241015030006/?pageType=odds,2026-10-05T02:22:34.663815+00:00,6-2-4/1/5-3/7,published,富山中部,楽天Kドリームス 並び予想
4820241015030007,2024-10-17,四日市競輪,F2,A1/A2,7,Ａ級特一般,18:11,18:06,7,https://keirin.kdreams.jp/yokkaichi/racedetail/4820241015030007/?pageType=odds,2026-10-05T02:22:36.296049+00:00,7-1/5-2-6/3-4,published,富山中部,楽天Kドリームス 並び予想
4820241015030008,2024-10-17,四日市競輪,F2,A1/A2,8,Ａ級特選,18:37,18:32,7,https://keirin.kdreams.jp/yokkaichi/racedetail/4820241015030008/?pageType=odds,2026-10-05T02:22:38.099502+00:00,5-1-7/6/4-2-3,published,富山中部,楽天Kドリームス 並び予想
4820241015030009,2024-10-17,四日市競輪,F2,A1/A2,9,Ａ級特選,19:03,18:58,7,https://keirin.kdreams.jp/yokkaichi/racedetail/4820241015030009/?pageType=odds,2026-10-05T02:22:39.936230+00:00,1-5/2/6/7-3-4,published,富山中部,楽天Kドリームス 並び予想
4820241015030012,2024-10-17,四日市競輪,F2,A1/A2,12,Ａ級決勝,20:30,20:25,7,https://keirin.kdreams.jp/yokkaichi/racedetail/4820241015030012/?pageType=odds,2026-10-05T02:22:41.822253+00:00,1-7/4-2/5-3/6,published,富山中部,楽天Kドリームス 並び予想
3120241015030002,2024-10-17,松戸競輪,F2,A1/A2,2,Ａ級一般,21:10,21:05,7,https://keirin.kdreams.jp/matsudo/racedetail/3120241015030002/?pageType=odds,2026-10-05T02:21:05.259626+00:00,2-5/3-1/7-4-6,published,アオケイ,楽天Kドリームス 並び予想
3120241015030003,2024-10-17,松戸競輪,F2,A1/A2,3,Ａ級一般,21:30,21:25,7,https://keirin.kdreams.jp/matsudo/racedetail/3120241015030003/?pageType=odds,2026-10-05T02:21:06.941653+00:00,1-2/3-6/4-5-7,published,アオケイ,楽天Kドリームス 並び予想
3120241015030004,2024-10-17,松戸競輪,F2,A1/A2,4,Ａ級一般,21:50,21:45,7,https://keirin.kdreams.jp/matsudo/racedetail/3120241015030004/?pageType=odds,2026-10-05T02:21:08.176856+00:00,5-1-2/7/3-4/6,published,アオケイ,楽天Kドリームス 並び予想
3120241015030005,2024-10-17,松戸競輪,F2,A1/A2,5,Ａ級特選,22:10,22:05,7,https://keirin.kdreams.jp/matsudo/racedetail/3120241015030005/?pageType=odds,2026-10-05T02:21:09.326911+00:00,1-6/5-2/3-4/7,published,アオケイ,楽天Kドリームス 並び予想
3120241015030006,2024-10-17,松戸競輪,F2,A1/A2,6,Ａ級特選,22:30,22:25,7,https://keirin.kdreams.jp/matsudo/racedetail/3120241015030006/?pageType=odds,2026-10-05T02:21:10.455973+00:00,2-4/1-3-5/7-6,published,アオケイ,楽天Kドリームス 並び予想
3120241015030007,2024-10-17,松戸競輪,F2,A1/A2,7,Ａ級特選,22:50,22:45,7,https://keirin.kdreams.jp/matsudo/racedetail/3120241015030007/?pageType=odds,2026-10-05T02:21:11.719043+00:00,1-4/2-3/6/7-5,published,アオケイ,楽天Kドリームス 並び予想
3120241015030009,2024-10-17,松戸競輪,F2,A1/A2,9,Ａ級決勝,23:30,23:25,7,https://keirin.kdreams.jp/matsudo/racedetail/3120241015030009/?pageType=odds,2026-10-05T02:21:13.606628+00:00,1-5/2-6/3/4-7,published,アオケイ,楽天Kドリームス 並び予想
8420241017010008,2024-10-17,武雄競輪,F2,A1/A2,8,Ａ級特予選,10:55,10:50,7,https://keirin.kdreams.jp/takeo/racedetail/8420241017010008/?pageType=odds,2026-10-05T02:22:43.551779+00:00,5-1-6/2-7/3-4,published,百万弗,楽天Kドリームス 並び予想
8420241017010009,2024-10-17,武雄競輪,F2,A1/A2,9,Ａ級特予選,11:20,11:15,7,https://keirin.kdreams.jp/takeo/racedetail/8420241017010009/?pageType=odds,2026-10-05T02:22:45.506603+00:00,4-7-1/3/5-2-6,published,百万弗,楽天Kドリームス 並び予想
8420241017010010,2024-10-17,武雄競輪,F2,A1/A2,10,Ａ級特予選,11:50,11:45,7,https://keirin.kdreams.jp/takeo/racedetail/8420241017010010/?pageType=odds,2026-10-05T02:22:47.449496+00:00,1-5/3/7-2-4/6,published,百万弗,楽天Kドリームス 並び予想
8420241017010011,2024-10-17,武雄競輪,F2,A1/A2,11,Ａ級特予選,12:20,12:15,7,https://keirin.kdreams.jp/takeo/racedetail/8420241017010011/?pageType=odds,2026-10-05T02:22:49.196172+00:00,7-5-1/2-4/3/6,published,百万弗,楽天Kドリームス 並び予想
8420241017010012,2024-10-17,武雄競輪,F2,A1/A2,12,Ａ級初日特選,12:50,12:45,7,https://keirin.kdreams.jp/takeo/racedetail/8420241017010012/?pageType=odds,2026-10-05T02:22:50.841906+00:00,3-4/2-7/5-1-6,published,百万弗,楽天Kドリームス 並び予想
1220241015030001,2024-10-17,青森競輪,F1,A1/A2,1,Ａ級一般,15:43,15:38,7,https://keirin.kdreams.jp/aomori/racedetail/1220241015030001/?pageType=odds,2026-10-05T02:20:30.653106+00:00,1-6/5-2/4/3-7,published,アオケイ,楽天Kドリームス 並び予想
1220241015030002,2024-10-17,青森競輪,F1,A1/A2,2,Ａ級一般,16:08,16:03,7,https://keirin.kdreams.jp/aomori/racedetail/1220241015030002/?pageType=odds,2026-10-05T02:20:32.424898+00:00,1-4-3/6/5-2-7,published,アオケイ,楽天Kドリームス 並び予想
1220241015030003,2024-10-17,青森競輪,F1,A1/A2,3,Ａ級特選,16:33,16:28,7,https://keirin.kdreams.jp/aomori/racedetail/1220241015030003/?pageType=odds,2026-10-05T02:20:34.489203+00:00,1-5/2-7/4/3-6,published,アオケイ,楽天Kドリームス 並び予想
1220241015030004,2024-10-17,青森競輪,F1,A1/A2,4,Ａ級特選,16:58,16:53,7,https://keirin.kdreams.jp/aomori/racedetail/1220241015030004/?pageType=odds,2026-10-05T02:20:36.415661+00:00,2-6-1/3-5/4-7,published,アオケイ,楽天Kドリームス 並び予想
1220241015030011,2024-10-17,青森競輪,F1,A1/A2,11,Ａ級決勝,20:02,19:57,7,https://keirin.kdreams.jp/aomori/racedetail/1220241015030011/?pageType=odds,2026-10-05T02:20:38.214538+00:00,5-1-4/7-2/6-3,published,アオケイ,楽天Kドリームス 並び予想
1120241018010008,2024-10-18,函館競輪,F2,A1/A2,8,Ａ級特予選,18:30,18:25,7,https://keirin.kdreams.jp/hakodate/racedetail/1120241018010008/?pageType=odds,2026-10-05T02:23:10.709598+00:00,4-1/2-5/7-3-6,published,北競,楽天Kドリームス 並び予想
1120241018010009,2024-10-18,函館競輪,F2,A1/A2,9,Ａ級特予選,18:55,18:50,7,https://keirin.kdreams.jp/hakodate/racedetail/1120241018010009/?pageType=odds,2026-10-05T02:23:12.667228+00:00,3-1-5/6/2-4-7,published,北競,楽天Kドリームス 並び予想
1120241018010010,2024-10-18,函館競輪,F2,A1/A2,10,Ａ級特予選,19:20,19:15,7,https://keirin.kdreams.jp/hakodate/racedetail/1120241018010010/?pageType=odds,2026-10-05T02:23:14.349184+00:00,1-5-3/6/4-7-2,published,北競,楽天Kドリームス 並び予想
1120241018010011,2024-10-18,函館競輪,F2,A1/A2,11,Ａ級特予選,19:45,19:40,7,https://keirin.kdreams.jp/hakodate/racedetail/1120241018010011/?pageType=odds,2026-10-05T02:23:16.200016+00:00,1-5-3/7-2-4-6,published,北競,楽天Kドリームス 並び予想
1120241018010012,2024-10-18,函館競輪,F2,A1/A2,12,Ａ級初日特選,20:15,20:10,7,https://keirin.kdreams.jp/hakodate/racedetail/1120241018010012/?pageType=odds,2026-10-05T02:23:18.179273+00:00,3-5/1-7/2-6-4,published,北競,楽天Kドリームス 並び予想
2420241018010006,2024-10-18,宇都宮競輪,F2,A1/A2,6,Ａ級予選,17:50,17:45,7,https://keirin.kdreams.jp/utsunomiya/racedetail/2420241018010006/?pageType=odds,2026-10-05T02:24:42.983197+00:00,3-5-4/1-7/6-2,published,アオケイ,楽天Kドリームス 並び予想
2420241018010007,2024-10-18,宇都宮競輪,F2,A1/A2,7,Ａ級予選,18:15,18:10,7,https://keirin.kdreams.jp/utsunomiya/racedetail/2420241018010007/?pageType=odds,2026-10-05T02:24:45.199111+00:00,4-1/5-2/7-3-6,published,アオケイ,楽天Kドリームス 並び予想
2420241018010008,2024-10-18,宇都宮競輪,F2,A1/A2,8,Ａ級予選,18:40,18:35,7,https://keirin.kdreams.jp/utsunomiya/racedetail/2420241018010008/?pageType=odds,2026-10-05T02:24:47.003726+00:00,5-1/4-2-6/3-7,published,アオケイ,楽天Kドリームス 並び予想
2420241018010009,2024-10-18,宇都宮競輪,F2,A1/A2,9,Ａ級予選,19:05,19:00,7,https://keirin.kdreams.jp/utsunomiya/racedetail/2420241018010009/?pageType=odds,2026-10-05T02:24:48.861849+00:00,5-2/1-4/6/3-7,published,アオケイ,楽天Kドリームス 並び予想
2420241018010010,2024-10-18,宇都宮競輪,F2,A1/A2,10,Ａ級予選,19:30,19:25,7,https://keirin.kdreams.jp/utsunomiya/racedetail/2420241018010010/?pageType=odds,2026-10-05T02:24:50.665508+00:00,6-2/1-7-4/3-5,published,アオケイ,楽天Kドリームス 並び予想
2420241018010011,2024-10-18,宇都宮競輪,F2,A1/A2,11,Ａ級予選,19:55,19:50,7,https://keirin.kdreams.jp/utsunomiya/racedetail/2420241018010011/?pageType=odds,2026-10-05T02:24:52.434588+00:00,3-7/6-2/1-5-4,published,アオケイ,楽天Kドリームス 並び予想
2420241018010012,2024-10-18,宇都宮競輪,F2,A1/A2,12,Ａ級初日特選,20:25,20:20,7,https://keirin.kdreams.jp/utsunomiya/racedetail/2420241018010012/?pageType=odds,2026-10-05T02:24:54.219458+00:00,3-6/7-1-4/2-5,published,アオケイ,楽天Kドリームス 並び予想
5620241018010001,2024-10-18,岸和田競輪,F1,A1/A2,1,Ａ級予選,10:59,10:54,7,https://keirin.kdreams.jp/kishiwada/racedetail/5620241018010001/?pageType=odds,2026-10-05T02:23:38.098299+00:00,7-1-3/6/5-2-4,published,競輪研究,楽天Kドリームス 並び予想
5620241018010002,2024-10-18,岸和田競輪,F1,A1/A2,2,Ａ級予選,11:24,11:19,7,https://keirin.kdreams.jp/kishiwada/racedetail/5620241018010002/?pageType=odds,2026-10-05T02:23:39.759589+00:00,1-7/4/2-5-3/6,published,競輪研究,楽天Kドリームス 並び予想
5620241018010003,2024-10-18,岸和田競輪,F1,A1/A2,3,Ａ級予選,11:49,11:44,7,https://keirin.kdreams.jp/kishiwada/racedetail/5620241018010003/?pageType=odds,2026-10-05T02:23:41.605557+00:00,4-1/7/2-6/5-3,published,競輪研究,楽天Kドリームス 並び予想
5620241018010004,2024-10-18,岸和田競輪,F1,A1/A2,4,Ａ級予選,12:17,12:12,7,https://keirin.kdreams.jp/kishiwada/racedetail/5620241018010004/?pageType=odds,2026-10-05T02:23:43.328291+00:00,1-5-6-3/7/4-2,published,競輪研究,楽天Kドリームス 並び予想
5620241018010005,2024-10-18,岸和田競輪,F1,A1/A2,5,Ａ級初日特選,12:45,12:40,7,https://keirin.kdreams.jp/kishiwada/racedetail/5620241018010005/?pageType=odds,2026-10-05T02:23:45.430760+00:00,1-7/2-4-5/6-3,published,競輪研究,楽天Kドリームス 並び予想
7520241018010006,2024-10-18,松山競輪,F2,A1/A2,6,Ａ級予選,17:31,17:26,7,https://keirin.kdreams.jp/matsuyama/racedetail/7520241018010006/?pageType=odds,2026-10-05T02:24:03.979069+00:00,4-2/1/5-3-6/7,published,金星社,楽天Kドリームス 並び予想
7520241018010007,2024-10-18,松山競輪,F2,A1/A2,7,Ａ級予選,17:57,17:52,7,https://keirin.kdreams.jp/matsuyama/racedetail/7520241018010007/?pageType=odds,2026-10-05T02:24:05.862204+00:00,1-5/7-2/3-4-6,published,金星社,楽天Kドリームス 並び予想
7520241018010008,2024-10-18,松山競輪,F2,A1/A2,8,Ａ級予選,18:23,18:18,7,https://keirin.kdreams.jp/matsuyama/racedetail/7520241018010008/?pageType=odds,2026-10-05T02:24:07.615453+00:00,7-1/2-4/3-5-6,published,金星社,楽天Kドリームス 並び予想
7520241018010009,2024-10-18,松山競輪,F2,A1/A2,9,Ａ級予選,18:50,18:45,7,https://keirin.kdreams.jp/matsuyama/racedetail/7520241018010009/?pageType=odds,2026-10-05T02:24:09.502046+00:00,4-1-7/2-6/3-5,published,金星社,楽天Kドリームス 並び予想
7520241018010010,2024-10-18,松山競輪,F2,A1/A2,10,Ａ級予選,19:17,19:12,7,https://keirin.kdreams.jp/matsuyama/racedetail/7520241018010010/?pageType=odds,2026-10-05T02:24:11.716490+00:00,1-7/2-4/5-3-6,published,金星社,楽天Kドリームス 並び予想
7520241018010011,2024-10-18,松山競輪,F2,A1/A2,11,Ａ級予選,19:48,19:43,7,https://keirin.kdreams.jp/matsuyama/racedetail/7520241018010011/?pageType=odds,2026-10-05T02:24:13.553941+00:00,2-5-6/1-7/4-3,published,金星社,楽天Kドリームス 並び予想
7520241018010012,2024-10-18,松山競輪,F2,A1/A2,12,Ａ級初日特選,20:20,20:15,7,https://keirin.kdreams.jp/matsuyama/racedetail/7520241018010012/?pageType=odds,2026-10-05T02:24:15.222012+00:00,1-4/2-6/5-3/7,published,金星社,楽天Kドリームス 並び予想
8420241017020008,2024-10-18,武雄競輪,F2,A1/A2,8,Ａ級特一般,10:55,10:50,7,https://keirin.kdreams.jp/takeo/racedetail/8420241017020008/?pageType=odds,2026-10-05T02:22:52.664275+00:00,2-7/4-1-6/5-3,published,百万弗,楽天Kドリームス 並び予想
8420241017020009,2024-10-18,武雄競輪,F2,A1/A2,9,Ａ級特一般,11:20,11:15,7,https://keirin.kdreams.jp/takeo/racedetail/8420241017020009/?pageType=odds,2026-10-05T02:22:54.487482+00:00,3-4-1/7-2-5-6,published,百万弗,楽天Kドリームス 並び予想
8420241017020010,2024-10-18,武雄競輪,F2,A1/A2,10,Ａ級準決勝,11:50,11:45,7,https://keirin.kdreams.jp/takeo/racedetail/8420241017020010/?pageType=odds,2026-10-05T02:22:56.270889+00:00,2-5/1-4-7/6-3,published,百万弗,楽天Kドリームス 並び予想
8420241017020011,2024-10-18,武雄競輪,F2,A1/A2,11,Ａ級準決勝,12:20,12:15,7,https://keirin.kdreams.jp/takeo/racedetail/8420241017020011/?pageType=odds,2026-10-05T02:22:57.873101+00:00,1-7-3/2-5-4-6,published,百万弗,楽天Kドリームス 並び予想
8420241017020012,2024-10-18,武雄競輪,F2,A1/A2,12,Ａ級準決勝,12:50,12:45,7,https://keirin.kdreams.jp/takeo/racedetail/8420241017020012/?pageType=odds,2026-10-05T02:22:59.690360+00:00,2-7-4/1/6-3-5,published,百万弗,楽天Kドリームス 並び予想
1120241018020008,2024-10-19,函館競輪,F2,A1/A2,8,Ａ級特一般,18:30,18:25,7,https://keirin.kdreams.jp/hakodate/racedetail/1120241018020008/?pageType=odds,2026-10-05T02:23:20.140051+00:00,2-7/1/3-6/4/5,published,北競,楽天Kドリームス 並び予想
1120241018020009,2024-10-19,函館競輪,F2,A1/A2,9,Ａ級特一般,18:55,18:50,7,https://keirin.kdreams.jp/hakodate/racedetail/1120241018020009/?pageType=odds,2026-10-05T02:23:21.955902+00:00,7-1/6-2/4/3-5,published,北競,楽天Kドリームス 並び予想
1120241018020010,2024-10-19,函館競輪,F2,A1/A2,10,Ａ級準決勝,19:20,19:15,7,https://keirin.kdreams.jp/hakodate/racedetail/1120241018020010/?pageType=odds,2026-10-05T02:23:23.829800+00:00,4-1-6/2-7/3-5,published,北競,楽天Kドリームス 並び予想
1120241018020011,2024-10-19,函館競輪,F2,A1/A2,11,Ａ級準決勝,19:45,19:40,7,https://keirin.kdreams.jp/hakodate/racedetail/1120241018020011/?pageType=odds,2026-10-05T02:23:25.725656+00:00,1-3-6/4/5-2-7,published,北競,楽天Kドリームス 並び予想
1120241018020012,2024-10-19,函館競輪,F2,A1/A2,12,Ａ級準決勝,20:15,20:10,7,https://keirin.kdreams.jp/hakodate/racedetail/1120241018020012/?pageType=odds,2026-10-05T02:23:27.403178+00:00,4-1-6/3/7/5-2,published,北競,楽天Kドリームス 並び予想
2420241018020006,2024-10-19,宇都宮競輪,F2,A1/A2,6,Ａ級一般,17:50,17:45,7,https://keirin.kdreams.jp/utsunomiya/racedetail/2420241018020006/?pageType=odds,2026-10-05T02:24:56.014793+00:00,6-1-3/5-2-7-4,published,アオケイ,楽天Kドリームス 並び予想
2420241018020007,2024-10-19,宇都宮競輪,F2,A1/A2,7,Ａ級一般,18:15,18:10,7,https://keirin.kdreams.jp/utsunomiya/racedetail/2420241018020007/?pageType=odds,2026-10-05T02:24:57.882595+00:00,7-3-1-6/2-4-5,published,アオケイ,楽天Kドリームス 並び予想
2420241018020008,2024-10-19,宇都宮競輪,F2,A1/A2,8,Ａ級選抜,18:40,18:35,7,https://keirin.kdreams.jp/utsunomiya/racedetail/2420241018020008/?pageType=odds,2026-10-05T02:24:59.792810+00:00,7-1-4/6-2/5-3,published,アオケイ,楽天Kドリームス 並び予想
2420241018020009,2024-10-19,宇都宮競輪,F2,A1/A2,9,Ａ級選抜,19:05,19:00,7,https://keirin.kdreams.jp/utsunomiya/racedetail/2420241018020009/?pageType=odds,2026-10-05T02:25:02.010766+00:00,1-7/2/3-4-6/5,published,アオケイ,楽天Kドリームス 並び予想
2420241018020010,2024-10-19,宇都宮競輪,F2,A1/A2,10,Ａ級準決勝,19:30,19:25,7,https://keirin.kdreams.jp/utsunomiya/racedetail/2420241018020010/?pageType=odds,2026-10-05T02:25:04.063951+00:00,7-2/4-3-6/1-5,published,アオケイ,楽天Kドリームス 並び予想
2420241018020011,2024-10-19,宇都宮競輪,F2,A1/A2,11,Ａ級準決勝,19:55,19:50,7,https://keirin.kdreams.jp/utsunomiya/racedetail/2420241018020011/?pageType=odds,2026-10-05T02:25:05.908320+00:00,4-1/7-3-5/6-2,published,アオケイ,楽天Kドリームス 並び予想
2420241018020012,2024-10-19,宇都宮競輪,F2,A1/A2,12,Ａ級準決勝,20:25,20:20,7,https://keirin.kdreams.jp/utsunomiya/racedetail/2420241018020012/?pageType=odds,2026-10-05T02:25:07.977148+00:00,4-2/1-5/6/7-3,published,アオケイ,楽天Kドリームス 並び予想
5620241018020001,2024-10-19,岸和田競輪,F1,A1/A2,1,Ａ級一般,10:59,10:54,7,https://keirin.kdreams.jp/kishiwada/racedetail/5620241018020001/?pageType=odds,2026-10-05T02:23:47.272957+00:00,1-6/4/7/3-5-2,published,競輪研究,楽天Kドリームス 並び予想
5620241018020002,2024-10-19,岸和田競輪,F1,A1/A2,2,Ａ級一般,11:24,11:19,7,https://keirin.kdreams.jp/kishiwada/racedetail/5620241018020002/?pageType=odds,2026-10-05T02:23:48.780338+00:00,4-2-6/1/3/7/5,published,競輪研究,楽天Kドリームス 並び予想
5620241018020003,2024-10-19,岸和田競輪,F1,A1/A2,3,Ａ級準決勝,11:49,11:44,7,https://keirin.kdreams.jp/kishiwada/racedetail/5620241018020003/?pageType=odds,2026-10-05T02:23:50.537127+00:00,3-4/6-1/2-7-5,published,競輪研究,楽天Kドリームス 並び予想
5620241018020004,2024-10-19,岸和田競輪,F1,A1/A2,4,Ａ級準決勝,12:17,12:12,7,https://keirin.kdreams.jp/kishiwada/racedetail/5620241018020004/?pageType=odds,2026-10-05T02:23:52.336707+00:00,1-5/2-7/3-6/4,published,競輪研究,楽天Kドリームス 並び予想
5620241018020005,2024-10-19,岸和田競輪,F1,A1/A2,5,Ａ級準決勝,12:45,12:40,7,https://keirin.kdreams.jp/kishiwada/racedetail/5620241018020005/?pageType=odds,2026-10-05T02:23:54.070329+00:00,1-4/2-6/5/7-3,published,競輪研究,楽天Kドリームス 並び予想
7520241018020006,2024-10-19,松山競輪,F2,A1/A2,6,Ａ級一般,17:31,17:26,7,https://keirin.kdreams.jp/matsuyama/racedetail/7520241018020006/?pageType=odds,2026-10-05T02:24:17.016346+00:00,2-4-7/1-6/5-3,published,金星社,楽天Kドリームス 並び予想
7520241018020007,2024-10-19,松山競輪,F2,A1/A2,7,Ａ級一般,17:57,17:52,7,https://keirin.kdreams.jp/matsuyama/racedetail/7520241018020007/?pageType=odds,2026-10-05T02:24:18.868409+00:00,3-7/1-4-6/2-5,published,金星社,楽天Kドリームス 並び予想
7520241018020008,2024-10-19,松山競輪,F2,A1/A2,8,Ａ級選抜,18:23,18:18,7,https://keirin.kdreams.jp/matsuyama/racedetail/7520241018020008/?pageType=odds,2026-10-05T02:24:20.693983+00:00,4-1/2-6-5/7-3,published,金星社,楽天Kドリームス 並び予想
7520241018020009,2024-10-19,松山競輪,F2,A1/A2,9,Ａ級選抜,18:50,18:45,7,https://keirin.kdreams.jp/matsuyama/racedetail/7520241018020009/?pageType=odds,2026-10-05T02:24:22.425705+00:00,5-1-3/4-2-7/6,published,金星社,楽天Kドリームス 並び予想
7520241018020010,2024-10-19,松山競輪,F2,A1/A2,10,Ａ級準決勝,19:17,19:12,7,https://keirin.kdreams.jp/matsuyama/racedetail/7520241018020010/?pageType=odds,2026-10-05T02:24:24.221407+00:00,1-2-6-5/4-7-3,published,金星社,楽天Kドリームス 並び予想
7520241018020011,2024-10-19,松山競輪,F2,A1/A2,11,Ａ級準決勝,19:48,19:43,7,https://keirin.kdreams.jp/matsuyama/racedetail/7520241018020011/?pageType=odds,2026-10-05T02:24:26.000302+00:00,7-1/4-2-6/5-3,published,金星社,楽天Kドリームス 並び予想
7520241018020012,2024-10-19,松山競輪,F2,A1/A2,12,Ａ級準決勝,20:20,20:15,7,https://keirin.kdreams.jp/matsuyama/racedetail/7520241018020012/?pageType=odds,2026-10-05T02:24:28.011093+00:00,5-4-1/6-2/3-7,published,金星社,楽天Kドリームス 並び予想
8420241017030006,2024-10-19,武雄競輪,F2,A1/A2,6,Ａ級特一般,10:10,10:05,7,https://keirin.kdreams.jp/takeo/racedetail/8420241017030006/?pageType=odds,2026-10-05T02:23:01.623691+00:00,1-6/7-2-5/3-4,published,百万弗,楽天Kドリームス 並び予想
8420241017030007,2024-10-19,武雄競輪,F2,A1/A2,7,Ａ級特一般,10:30,10:25,7,https://keirin.kdreams.jp/takeo/racedetail/8420241017030007/?pageType=odds,2026-10-05T02:23:03.290686+00:00,1-7/2-4-5/3-6,published,百万弗,楽天Kドリームス 並び予想
8420241017030008,2024-10-19,武雄競輪,F2,A1/A2,8,Ａ級特選,10:55,10:50,7,https://keirin.kdreams.jp/takeo/racedetail/8420241017030008/?pageType=odds,2026-10-05T02:23:05.040846+00:00,3-1/6-5-2/4/7,published,百万弗,楽天Kドリームス 並び予想
8420241017030009,2024-10-19,武雄競輪,F2,A1/A2,9,Ａ級特選,11:20,11:15,7,https://keirin.kdreams.jp/takeo/racedetail/8420241017030009/?pageType=odds,2026-10-05T02:23:06.926662+00:00,4-1-7/3-5-2-6,published,百万弗,楽天Kドリームス 並び予想
8420241017030012,2024-10-19,武雄競輪,F2,A1/A2,12,Ａ級決勝,12:50,12:45,7,https://keirin.kdreams.jp/takeo/racedetail/8420241017030012/?pageType=odds,2026-10-05T02:23:08.893764+00:00,7-4-3-1/2-5/6,published,百万弗,楽天Kドリームス 並び予想
7120241019010001,2024-10-19,高松競輪,F2,A1/A2,1,Ａ級予選,08:40,08:35,7,https://keirin.kdreams.jp/takamatsu/racedetail/7120241019010001/?pageType=odds,2026-10-05T02:25:23.626826+00:00,1-5-6/7-2/3-4,published,競輪毎日,楽天Kドリームス 並び予想
7120241019010002,2024-10-19,高松競輪,F2,A1/A2,2,Ａ級予選,09:00,08:55,7,https://keirin.kdreams.jp/takamatsu/racedetail/7120241019010002/?pageType=odds,2026-10-05T02:25:25.381825+00:00,1-4-6/7-2/3-5,published,競輪毎日,楽天Kドリームス 並び予想
7120241019010003,2024-10-19,高松競輪,F2,A1/A2,3,Ａ級予選,09:20,09:15,7,https://keirin.kdreams.jp/takamatsu/racedetail/7120241019010003/?pageType=odds,2026-10-05T02:25:27.116480+00:00,2-7-5/4-1-6-3,published,競輪毎日,楽天Kドリームス 並び予想
7120241019010004,2024-10-19,高松競輪,F2,A1/A2,4,Ａ級予選,09:40,09:35,7,https://keirin.kdreams.jp/takamatsu/racedetail/7120241019010004/?pageType=odds,2026-10-05T02:25:29.009659+00:00,2-4/1/7-3-5/6,published,競輪毎日,楽天Kドリームス 並び予想
7120241019010005,2024-10-19,高松競輪,F2,A1/A2,5,Ａ級予選,10:00,09:55,7,https://keirin.kdreams.jp/takamatsu/racedetail/7120241019010005/?pageType=odds,2026-10-05T02:25:30.715871+00:00,1-4-5/6-2/7-3,published,競輪毎日,楽天Kドリームス 並び予想
7120241019010006,2024-10-19,高松競輪,F2,A1/A2,6,Ａ級予選,10:20,10:15,7,https://keirin.kdreams.jp/takamatsu/racedetail/7120241019010006/?pageType=odds,2026-10-05T02:25:32.362174+00:00,7-3-5/2-1-4-6,published,競輪毎日,楽天Kドリームス 並び予想
7120241019010007,2024-10-19,高松競輪,F2,A1/A2,7,Ａ級初日特選,10:40,10:35,7,https://keirin.kdreams.jp/takamatsu/racedetail/7120241019010007/?pageType=odds,2026-10-05T02:25:34.087062+00:00,7-1-3-5/4-2/6,published,競輪毎日,楽天Kドリームス 並び予想
1120241018030006,2024-10-20,函館競輪,F2,A1/A2,6,Ａ級特一般,17:40,17:35,7,https://keirin.kdreams.jp/hakodate/racedetail/1120241018030006/?pageType=odds,2026-10-05T02:23:29.236355+00:00,3-5-1/6/2-4-7,published,北競,楽天Kドリームス 並び予想
1120241018030007,2024-10-20,函館競輪,F2,A1/A2,7,Ａ級特一般,18:05,18:00,7,https://keirin.kdreams.jp/hakodate/racedetail/1120241018030007/?pageType=odds,2026-10-05T02:23:31.072632+00:00,7-1/2-6-4/3/5,published,北競,楽天Kドリームス 並び予想
1120241018030008,2024-10-20,函館競輪,F2,A1/A2,8,Ａ級特選,18:30,18:25,7,https://keirin.kdreams.jp/hakodate/racedetail/1120241018030008/?pageType=odds,2026-10-05T02:23:32.796005+00:00,1-7/2-4/3-5-6,published,北競,楽天Kドリームス 並び予想
1120241018030009,2024-10-20,函館競輪,F2,A1/A2,9,Ａ級特選,18:55,18:50,7,https://keirin.kdreams.jp/hakodate/racedetail/1120241018030009/?pageType=odds,2026-10-05T02:23:34.563647+00:00,5-3/2-6-4-1-7,published,北競,楽天Kドリームス 並び予想
1120241018030012,2024-10-20,函館競輪,F2,A1/A2,12,Ａ級決勝,20:15,20:10,7,https://keirin.kdreams.jp/hakodate/racedetail/1120241018030012/?pageType=odds,2026-10-05T02:23:36.215060+00:00,1-4-6/5-3-7-2,published,北競,楽天Kドリームス 並び予想
2420241018030005,2024-10-20,宇都宮競輪,F2,A1/A2,5,Ａ級一般,17:25,17:20,7,https://keirin.kdreams.jp/utsunomiya/racedetail/2420241018030005/?pageType=odds,2026-10-05T02:25:09.777177+00:00,5-1/2-4-7/6-3,published,アオケイ,楽天Kドリームス 並び予想
2420241018030006,2024-10-20,宇都宮競輪,F2,A1/A2,6,Ａ級一般,17:50,17:45,7,https://keirin.kdreams.jp/utsunomiya/racedetail/2420241018030006/?pageType=odds,2026-10-05T02:25:11.732545+00:00,7-2/1/4-6/3-5,published,アオケイ,楽天Kドリームス 並び予想
2420241018030007,2024-10-20,宇都宮競輪,F2,A1/A2,7,Ａ級一般,18:15,18:10,7,https://keirin.kdreams.jp/utsunomiya/racedetail/2420241018030007/?pageType=odds,2026-10-05T02:25:13.716977+00:00,3-5-1/6/7-2-4,published,アオケイ,楽天Kドリームス 並び予想
2420241018030008,2024-10-20,宇都宮競輪,F2,A1/A2,8,Ａ級特選,18:40,18:35,7,https://keirin.kdreams.jp/utsunomiya/racedetail/2420241018030008/?pageType=odds,2026-10-05T02:25:15.637647+00:00,5-7-2/1-4/3-6,published,アオケイ,楽天Kドリームス 並び予想
2420241018030009,2024-10-20,宇都宮競輪,F2,A1/A2,9,Ａ級特選,19:05,19:00,7,https://keirin.kdreams.jp/utsunomiya/racedetail/2420241018030009/?pageType=odds,2026-10-05T02:25:17.417327+00:00,4-2/5-1/7-3/6,published,アオケイ,楽天Kドリームス 並び予想
2420241018030010,2024-10-20,宇都宮競輪,F2,A1/A2,10,Ａ級特選,19:30,19:25,7,https://keirin.kdreams.jp/utsunomiya/racedetail/2420241018030010/?pageType=odds,2026-10-05T02:25:19.384547+00:00,7-1/5-3-6/2-4,published,アオケイ,楽天Kドリームス 並び予想
2420241018030012,2024-10-20,宇都宮競輪,F2,A1/A2,12,Ａ級決勝,20:30,20:25,7,https://keirin.kdreams.jp/utsunomiya/racedetail/2420241018030012/?pageType=odds,2026-10-05T02:25:21.376075+00:00,1-7/5-2/4/6-3,published,アオケイ,楽天Kドリームス 並び予想
5620241018030001,2024-10-20,岸和田競輪,F1,A1/A2,1,Ａ級一般,10:59,10:54,7,https://keirin.kdreams.jp/kishiwada/racedetail/5620241018030001/?pageType=odds,2026-10-05T02:23:55.760212+00:00,3-7-1/2/5/4/6,published,競輪研究,楽天Kドリームス 並び予想
5620241018030002,2024-10-20,岸和田競輪,F1,A1/A2,2,Ａ級一般,11:24,11:19,7,https://keirin.kdreams.jp/kishiwada/racedetail/5620241018030002/?pageType=odds,2026-10-05T02:23:57.335358+00:00,1-7-2-4/5/3-6,published,競輪研究,楽天Kドリームス 並び予想
5620241018030003,2024-10-20,岸和田競輪,F1,A1/A2,3,Ａ級特選,11:49,11:44,7,https://keirin.kdreams.jp/kishiwada/racedetail/5620241018030003/?pageType=odds,2026-10-05T02:23:59.009271+00:00,1-4/2-5/7-3-6,published,競輪研究,楽天Kドリームス 並び予想
5620241018030004,2024-10-20,岸和田競輪,F1,A1/A2,4,Ａ級特選,12:17,12:12,7,https://keirin.kdreams.jp/kishiwada/racedetail/5620241018030004/?pageType=odds,2026-10-05T02:24:00.785163+00:00,1-6/5-2/3/7-4,published,競輪研究,楽天Kドリームス 並び予想
5620241018030008,2024-10-20,岸和田競輪,F1,A1/A2,8,Ａ級決勝,14:13,14:08,7,https://keirin.kdreams.jp/kishiwada/racedetail/5620241018030008/?pageType=odds,2026-10-05T02:24:02.555056+00:00,4-1/7-5-2/6-3,published,競輪研究,楽天Kドリームス 並び予想
7520241018030005,2024-10-20,松山競輪,F2,A1/A2,5,Ａ級一般,17:30,17:25,7,https://keirin.kdreams.jp/matsuyama/racedetail/7520241018030005/?pageType=odds,2026-10-05T02:24:29.857875+00:00,1-4-2-6-7/3/5,published,金星社,楽天Kドリームス 並び予想
7520241018030006,2024-10-20,松山競輪,F2,A1/A2,6,Ａ級一般,17:55,17:50,7,https://keirin.kdreams.jp/matsuyama/racedetail/7520241018030006/?pageType=odds,2026-10-05T02:24:31.833474+00:00,1-6/3-4-2/5-7,published,金星社,楽天Kドリームス 並び予想
7520241018030007,2024-10-20,松山競輪,F2,A1/A2,7,Ａ級一般,18:20,18:15,7,https://keirin.kdreams.jp/matsuyama/racedetail/7520241018030007/?pageType=odds,2026-10-05T02:24:33.564857+00:00,7-1-4-6/2/3/5,published,金星社,楽天Kドリームス 並び予想
7520241018030008,2024-10-20,松山競輪,F2,A1/A2,8,Ａ級特選,18:45,18:40,7,https://keirin.kdreams.jp/matsuyama/racedetail/7520241018030008/?pageType=odds,2026-10-05T02:24:35.428876+00:00,2-6-4/7-1/3-5,published,金星社,楽天Kドリームス 並び予想
7520241018030009,2024-10-20,松山競輪,F2,A1/A2,9,Ａ級特選,19:10,19:05,7,https://keirin.kdreams.jp/matsuyama/racedetail/7520241018030009/?pageType=odds,2026-10-05T02:24:37.373850+00:00,6-2-4/3-7/5-1,published,金星社,楽天Kドリームス 並び予想
7520241018030010,2024-10-20,松山競輪,F2,A1/A2,10,Ａ級特選,19:35,19:30,7,https://keirin.kdreams.jp/matsuyama/racedetail/7520241018030010/?pageType=odds,2026-10-05T02:24:39.291304+00:00,1-4-7/2/3-5-6,published,金星社,楽天Kドリームス 並び予想
7520241018030012,2024-10-20,松山競輪,F2,A1/A2,12,Ａ級決勝,20:35,20:30,7,https://keirin.kdreams.jp/matsuyama/racedetail/7520241018030012/?pageType=odds,2026-10-05T02:24:41.150734+00:00,1-5/4-2/3-7/6,published,金星社,楽天Kドリームス 並び予想
7120241019020001,2024-10-20,高松競輪,F2,A1/A2,1,Ａ級一般,08:30,08:25,7,https://keirin.kdreams.jp/takamatsu/racedetail/7120241019020001/?pageType=odds,2026-10-05T02:25:35.805790+00:00,1-7-4/3/5/6-2,published,競輪毎日,楽天Kドリームス 並び予想
7120241019020002,2024-10-20,高松競輪,F2,A1/A2,2,Ａ級一般,08:50,08:45,7,https://keirin.kdreams.jp/takamatsu/racedetail/7120241019020002/?pageType=odds,2026-10-05T02:25:37.619542+00:00,2-4-6/7/5-3-1,published,競輪毎日,楽天Kドリームス 並び予想
7120241019020003,2024-10-20,高松競輪,F2,A1/A2,3,Ａ級選抜,09:10,09:05,7,https://keirin.kdreams.jp/takamatsu/racedetail/7120241019020003/?pageType=odds,2026-10-05T02:25:39.310298+00:00,1-7/2-4-6/3/5,published,競輪毎日,楽天Kドリームス 並び予想
7120241019020004,2024-10-20,高松競輪,F2,A1/A2,4,Ａ級選抜,09:30,09:25,7,https://keirin.kdreams.jp/takamatsu/racedetail/7120241019020004/?pageType=odds,2026-10-05T02:25:41.028422+00:00,2-5-7/1/3/4/6,published,競輪毎日,楽天Kドリームス 並び予想
7120241019020005,2024-10-20,高松競輪,F2,A1/A2,5,Ａ級準決勝,09:50,09:45,7,https://keirin.kdreams.jp/takamatsu/racedetail/7120241019020005/?pageType=odds,2026-10-05T02:25:42.696061+00:00,1-7/5-2/3-4-6,published,競輪毎日,楽天Kドリームス 並び予想
7120241019020006,2024-10-20,高松競輪,F2,A1/A2,6,Ａ級準決勝,10:10,10:05,7,https://keirin.kdreams.jp/takamatsu/racedetail/7120241019020006/?pageType=odds,2026-10-05T02:25:44.726009+00:00,1-4-7/2-6/3-5,published,競輪毎日,楽天Kドリームス 並び予想
7120241019020007,2024-10-20,高松競輪,F2,A1/A2,7,Ａ級準決勝,10:30,10:25,7,https://keirin.kdreams.jp/takamatsu/racedetail/7120241019020007/?pageType=odds,2026-10-05T02:25:46.382669+00:00,1-5/4-2/7-3-6,published,競輪毎日,楽天Kドリームス 並び予想
8320241021010001,2024-10-21,久留米競輪,F1,A1/A2,1,Ａ級予選,16:00,15:55,7,https://keirin.kdreams.jp/kurume/racedetail/8320241021010001/?pageType=odds,2026-10-05T02:27:04.871645+00:00,1-7-3/6/5-2-4,published,コンドル出版社,楽天Kドリームス 並び予想
8320241021010002,2024-10-21,久留米競輪,F1,A1/A2,2,Ａ級予選,16:23,16:18,7,https://keirin.kdreams.jp/kurume/racedetail/8320241021010002/?pageType=odds,2026-10-05T02:27:06.627799+00:00,3-7/4-1/6-2-5,published,コンドル出版社,楽天Kドリームス 並び予想
8320241021010003,2024-10-21,久留米競輪,F1,A1/A2,3,Ａ級予選,16:46,16:41,7,https://keirin.kdreams.jp/kurume/racedetail/8320241021010003/?pageType=odds,2026-10-05T02:27:07.761791+00:00,5-1-7-4/6/3-2,published,コンドル出版社,楽天Kドリームス 並び予想
8320241021010004,2024-10-21,久留米競輪,F1,A1/A2,4,Ａ級予選,17:09,17:04,7,https://keirin.kdreams.jp/kurume/racedetail/8320241021010004/?pageType=odds,2026-10-05T02:27:09.007603+00:00,4-1-3/6/2-7-5,published,コンドル出版社,楽天Kドリームス 並び予想
8320241021010005,2024-10-21,久留米競輪,F1,A1/A2,5,Ａ級初日特選,17:32,17:27,7,https://keirin.kdreams.jp/kurume/racedetail/8320241021010005/?pageType=odds,2026-10-05T02:27:10.779741+00:00,7-1/2-5/4-3-6,published,コンドル出版社,楽天Kドリームス 並び予想
4320241021010003,2024-10-21,岐阜競輪,F2,A1/A2,3,Ａ級予選,21:30,21:25,7,https://keirin.kdreams.jp/gifu/racedetail/4320241021010003/?pageType=odds,2026-10-05T02:26:00.479370+00:00,4-1-5/2-3/6-7,published,中部競輪・ひかり,楽天Kドリームス 並び予想
4320241021010004,2024-10-21,岐阜競輪,F2,A1/A2,4,Ａ級予選,21:50,21:45,7,https://keirin.kdreams.jp/gifu/racedetail/4320241021010004/?pageType=odds,2026-10-05T02:26:02.081201+00:00,1-2/4-3/7-5-6,published,中部競輪・ひかり,楽天Kドリームス 並び予想
4320241021010005,2024-10-21,岐阜競輪,F2,A1/A2,5,Ａ級予選,22:10,22:05,7,https://keirin.kdreams.jp/gifu/racedetail/4320241021010005/?pageType=odds,2026-10-05T02:26:03.759365+00:00,1-5/3-2-4/6-7,published,中部競輪・ひかり,楽天Kドリームス 並び予想
4320241021010006,2024-10-21,岐阜競輪,F2,A1/A2,6,Ａ級予選,22:30,22:25,7,https://keirin.kdreams.jp/gifu/racedetail/4320241021010006/?pageType=odds,2026-10-05T02:26:05.446727+00:00,5-1-6/7/2-3-4,published,中部競輪・ひかり,楽天Kドリームス 並び予想
4320241021010007,2024-10-21,岐阜競輪,F2,A1/A2,7,Ａ級予選,22:50,22:45,7,https://keirin.kdreams.jp/gifu/racedetail/4320241021010007/?pageType=odds,2026-10-05T02:26:07.365892+00:00,1-2-7/4-3/5-6,published,中部競輪・ひかり,楽天Kドリームス 並び予想
4320241021010008,2024-10-21,岐阜競輪,F2,A1/A2,8,Ａ級予選,23:10,23:05,7,https://keirin.kdreams.jp/gifu/racedetail/4320241021010008/?pageType=odds,2026-10-05T02:26:09.024667+00:00,1-2-5/7-3/6-4,published,中部競輪・ひかり,楽天Kドリームス 並び予想
4320241021010009,2024-10-21,岐阜競輪,F2,A1/A2,9,Ａ級初日特選,23:30,23:25,7,https://keirin.kdreams.jp/gifu/racedetail/4320241021010009/?pageType=odds,2026-10-05T02:26:10.880311+00:00,7-1-3/2-5/6-4,published,中部競輪・ひかり,楽天Kドリームス 並び予想
2620241021010003,2024-10-21,西武園競輪,F2,A1/A2,3,Ａ級予選,21:20,21:15,7,https://keirin.kdreams.jp/seibuen/racedetail/2620241021010003/?pageType=odds,2026-10-05T02:27:30.806616+00:00,5-1-2/4-3/7-6,published,アオケイ,楽天Kドリームス 並び予想
2620241021010004,2024-10-21,西武園競輪,F2,A1/A2,4,Ａ級予選,21:40,21:35,7,https://keirin.kdreams.jp/seibuen/racedetail/2620241021010004/?pageType=odds,2026-10-05T02:27:32.781192+00:00,4-1/5-7/6-2-3,published,アオケイ,楽天Kドリームス 並び予想
2620241021010005,2024-10-21,西武園競輪,F2,A1/A2,5,Ａ級予選,22:00,21:55,7,https://keirin.kdreams.jp/seibuen/racedetail/2620241021010005/?pageType=odds,2026-10-05T02:27:34.572701+00:00,4-3-1/7/6-2-5,published,アオケイ,楽天Kドリームス 並び予想
2620241021010006,2024-10-21,西武園競輪,F2,A1/A2,6,Ａ級予選,22:20,22:15,7,https://keirin.kdreams.jp/seibuen/racedetail/2620241021010006/?pageType=odds,2026-10-05T02:27:36.314792+00:00,1-2-3-7/5-4-6,published,アオケイ,楽天Kドリームス 並び予想
2620241021010007,2024-10-21,西武園競輪,F2,A1/A2,7,Ａ級予選,22:40,22:35,7,https://keirin.kdreams.jp/seibuen/racedetail/2620241021010007/?pageType=odds,2026-10-05T02:27:38.032148+00:00,2-1-4/3/5/6/7,published,アオケイ,楽天Kドリームス 並び予想
2620241021010008,2024-10-21,西武園競輪,F2,A1/A2,8,Ａ級予選,23:00,22:55,7,https://keirin.kdreams.jp/seibuen/racedetail/2620241021010008/?pageType=odds,2026-10-05T02:27:39.654912+00:00,1-2-6-7/5-4-3,published,アオケイ,楽天Kドリームス 並び予想
2620241021010009,2024-10-21,西武園競輪,F2,A1/A2,9,Ａ級初日特選,23:20,23:15,7,https://keirin.kdreams.jp/seibuen/racedetail/2620241021010009/?pageType=odds,2026-10-05T02:27:41.440198+00:00,1-6/4-3/2-7-5,published,アオケイ,楽天Kドリームス 並び予想
6320241021010001,2024-10-21,防府競輪,F1,A1/A2,1,Ａ級予選,10:40,10:35,7,https://keirin.kdreams.jp/hofu/racedetail/6320241021010001/?pageType=odds,2026-10-05T02:26:37.110887+00:00,4-1-6/3-7-5/2,published,リズム,楽天Kドリームス 並び予想
6320241021010002,2024-10-21,防府競輪,F1,A1/A2,2,Ａ級予選,11:08,11:03,7,https://keirin.kdreams.jp/hofu/racedetail/6320241021010002/?pageType=odds,2026-10-05T02:26:39.059620+00:00,1-5/2/6/7-3/4,published,リズム,楽天Kドリームス 並び予想
6320241021010003,2024-10-21,防府競輪,F1,A1/A2,3,Ａ級予選,11:36,11:31,7,https://keirin.kdreams.jp/hofu/racedetail/6320241021010003/?pageType=odds,2026-10-05T02:26:40.923415+00:00,1-4/7-2-6/3-5,published,リズム,楽天Kドリームス 並び予想
6320241021010004,2024-10-21,防府競輪,F1,A1/A2,4,Ａ級予選,12:06,12:01,7,https://keirin.kdreams.jp/hofu/racedetail/6320241021010004/?pageType=odds,2026-10-05T02:26:42.738333+00:00,7-1-4/2-6/5-3,published,リズム,楽天Kドリームス 並び予想
6320241021010005,2024-10-21,防府競輪,F1,A1/A2,5,Ａ級初日特選,12:36,12:31,7,https://keirin.kdreams.jp/hofu/racedetail/6320241021010005/?pageType=odds,2026-10-05T02:26:44.525516+00:00,4-1/2-6/5/7-3,published,リズム,楽天Kドリームス 並び予想
7120241019030001,2024-10-21,高松競輪,F2,A1/A2,1,Ａ級一般,08:30,08:25,7,https://keirin.kdreams.jp/takamatsu/racedetail/7120241019030001/?pageType=odds,2026-10-05T02:25:48.058989+00:00,1-5/2/3/4-7-6,published,競輪毎日,楽天Kドリームス 並び予想
7120241019030002,2024-10-21,高松競輪,F2,A1/A2,2,Ａ級一般,08:50,08:45,7,https://keirin.kdreams.jp/takamatsu/racedetail/7120241019030002/?pageType=odds,2026-10-05T02:25:49.982250+00:00,6-3-1/7/4-5-2,published,競輪毎日,楽天Kドリームス 並び予想
7120241019030003,2024-10-21,高松競輪,F2,A1/A2,3,Ａ級一般,09:10,09:05,7,https://keirin.kdreams.jp/takamatsu/racedetail/7120241019030003/?pageType=odds,2026-10-05T02:25:51.608755+00:00,1-2-5/6/7-3-4,published,競輪毎日,楽天Kドリームス 並び予想
7120241019030004,2024-10-21,高松競輪,F2,A1/A2,4,Ａ級特選,09:30,09:25,7,https://keirin.kdreams.jp/takamatsu/racedetail/7120241019030004/?pageType=odds,2026-10-05T02:25:53.512577+00:00,1-4/5-2-6/7-3,published,競輪毎日,楽天Kドリームス 並び予想
7120241019030005,2024-10-21,高松競輪,F2,A1/A2,5,Ａ級特選,09:50,09:45,7,https://keirin.kdreams.jp/takamatsu/racedetail/7120241019030005/?pageType=odds,2026-10-05T02:25:55.274691+00:00,3-4/6-1-7/5-2,published,競輪毎日,楽天Kドリームス 並び予想
7120241019030006,2024-10-21,高松競輪,F2,A1/A2,6,Ａ級特選,10:10,10:05,7,https://keirin.kdreams.jp/takamatsu/racedetail/7120241019030006/?pageType=odds,2026-10-05T02:25:57.081675+00:00,5-1/2-6/4-3-7,published,競輪毎日,楽天Kドリームス 並び予想
7120241019030007,2024-10-21,高松競輪,F2,A1/A2,7,Ａ級決勝,10:30,10:25,7,https://keirin.kdreams.jp/takamatsu/racedetail/7120241019030007/?pageType=odds,2026-10-05T02:25:58.752281+00:00,3-1-7/6-2-5/4,published,競輪毎日,楽天Kドリームス 並び予想
8320241021020001,2024-10-22,久留米競輪,F1,A1/A2,1,Ａ級一般,16:00,15:55,7,https://keirin.kdreams.jp/kurume/racedetail/8320241021020001/?pageType=odds,2026-10-05T02:27:12.739616+00:00,4-3-7-1/5-2-6,published,コンドル出版社,楽天Kドリームス 並び予想
8320241021020002,2024-10-22,久留米競輪,F1,A1/A2,2,Ａ級一般,16:23,16:18,7,https://keirin.kdreams.jp/kurume/racedetail/8320241021020002/?pageType=odds,2026-10-05T02:27:14.522532+00:00,7-2-5-4/1/3/6,published,コンドル出版社,楽天Kドリームス 並び予想
8320241021020003,2024-10-22,久留米競輪,F1,A1/A2,3,Ａ級準決勝,16:46,16:41,7,https://keirin.kdreams.jp/kurume/racedetail/8320241021020003/?pageType=odds,2026-10-05T02:27:16.394100+00:00,7-1/5-3/4-2-6,published,コンドル出版社,楽天Kドリームス 並び予想
8320241021020004,2024-10-22,久留米競輪,F1,A1/A2,4,Ａ級準決勝,17:09,17:04,7,https://keirin.kdreams.jp/kurume/racedetail/8320241021020004/?pageType=odds,2026-10-05T02:27:18.147055+00:00,1-7/5-2/3/6-4,published,コンドル出版社,楽天Kドリームス 並び予想
8320241021020005,2024-10-22,久留米競輪,F1,A1/A2,5,Ａ級準決勝,17:32,17:27,7,https://keirin.kdreams.jp/kurume/racedetail/8320241021020005/?pageType=odds,2026-10-05T02:27:20.047127+00:00,2-5/3-6/7-4-1,published,コンドル出版社,楽天Kドリームス 並び予想
4320241021020003,2024-10-22,岐阜競輪,F2,A1/A2,3,Ａ級一般,21:30,21:25,7,https://keirin.kdreams.jp/gifu/racedetail/4320241021020003/?pageType=odds,2026-10-05T02:26:12.681912+00:00,1-6/2-7/5-3-4,published,中部競輪・ひかり,楽天Kドリームス 並び予想
4320241021020004,2024-10-22,岐阜競輪,F2,A1/A2,4,Ａ級一般,21:50,21:45,7,https://keirin.kdreams.jp/gifu/racedetail/4320241021020004/?pageType=odds,2026-10-05T02:26:14.393795+00:00,2-1-5/3-6/7-4,published,中部競輪・ひかり,楽天Kドリームス 並び予想
4320241021020005,2024-10-22,岐阜競輪,F2,A1/A2,5,Ａ級選抜,22:10,22:05,7,https://keirin.kdreams.jp/gifu/racedetail/4320241021020005/?pageType=odds,2026-10-05T02:26:16.014146+00:00,1-4/2-7/6-5-3,published,中部競輪・ひかり,楽天Kドリームス 並び予想
4320241021020006,2024-10-22,岐阜競輪,F2,A1/A2,6,Ａ級選抜,22:30,22:25,7,https://keirin.kdreams.jp/gifu/racedetail/4320241021020006/?pageType=odds,2026-10-05T02:26:17.978200+00:00,1-4/3-2-5/6-7,published,中部競輪・ひかり,楽天Kドリームス 並び予想
4320241021020007,2024-10-22,岐阜競輪,F2,A1/A2,7,Ａ級準決勝,22:50,22:45,7,https://keirin.kdreams.jp/gifu/racedetail/4320241021020007/?pageType=odds,2026-10-05T02:26:19.620572+00:00,3-1-4/7/2-5-6,published,中部競輪・ひかり,楽天Kドリームス 並び予想
4320241021020008,2024-10-22,岐阜競輪,F2,A1/A2,8,Ａ級準決勝,23:10,23:05,7,https://keirin.kdreams.jp/gifu/racedetail/4320241021020008/?pageType=odds,2026-10-05T02:26:21.345469+00:00,2-1/3-6/4-5-7,published,中部競輪・ひかり,楽天Kドリームス 並び予想
4320241021020009,2024-10-22,岐阜競輪,F2,A1/A2,9,Ａ級準決勝,23:30,23:25,7,https://keirin.kdreams.jp/gifu/racedetail/4320241021020009/?pageType=odds,2026-10-05T02:26:23.000135+00:00,3-1/2-4-5/7-6,published,中部競輪・ひかり,楽天Kドリームス 並び予想
2820241022010001,2024-10-22,立川競輪,F1,A1/A2,1,Ａ級予選,10:56,10:51,7,https://keirin.kdreams.jp/tachikawa/racedetail/2820241022010001/?pageType=odds,2026-10-05T02:28:08.509476+00:00,1-5-6/7-3-2/4,published,アオケイ,楽天Kドリームス 並び予想
2820241022010002,2024-10-22,立川競輪,F1,A1/A2,2,Ａ級予選,11:24,11:19,7,https://keirin.kdreams.jp/tachikawa/racedetail/2820241022010002/?pageType=odds,2026-10-05T02:28:10.254152+00:00,4-1/2-5-6/7-3,published,アオケイ,楽天Kドリームス 並び予想
2820241022010003,2024-10-22,立川競輪,F1,A1/A2,3,Ａ級予選,11:54,11:49,7,https://keirin.kdreams.jp/tachikawa/racedetail/2820241022010003/?pageType=odds,2026-10-05T02:28:12.083112+00:00,5-1-7/2/4-3-6,published,アオケイ,楽天Kドリームス 並び予想
2820241022010004,2024-10-22,立川競輪,F1,A1/A2,4,Ａ級予選,12:24,12:19,7,https://keirin.kdreams.jp/tachikawa/racedetail/2820241022010004/?pageType=odds,2026-10-05T02:28:13.840992+00:00,1-7-4/5-2/3-6,published,アオケイ,楽天Kドリームス 並び予想
2820241022010005,2024-10-22,立川競輪,F1,A1/A2,5,Ａ級初日特選,12:55,12:50,7,https://keirin.kdreams.jp/tachikawa/racedetail/2820241022010005/?pageType=odds,2026-10-05T02:28:15.722670+00:00,3-1-4-6/2-5-7,published,アオケイ,楽天Kドリームス 並び予想
2620241021020003,2024-10-22,西武園競輪,F2,A1/A2,3,Ａ級一般,21:20,21:15,7,https://keirin.kdreams.jp/seibuen/racedetail/2620241021020003/?pageType=odds,2026-10-05T02:27:43.205589+00:00,3-1-6/2-7/4-5,published,アオケイ,楽天Kドリームス 並び予想
2620241021020004,2024-10-22,西武園競輪,F2,A1/A2,4,Ａ級一般,21:40,21:35,7,https://keirin.kdreams.jp/seibuen/racedetail/2620241021020004/?pageType=odds,2026-10-05T02:27:45.025101+00:00,2-1-4/6-3/7-5,published,アオケイ,楽天Kドリームス 並び予想
2620241021020005,2024-10-22,西武園競輪,F2,A1/A2,5,Ａ級選抜,22:00,21:55,7,https://keirin.kdreams.jp/seibuen/racedetail/2620241021020005/?pageType=odds,2026-10-05T02:27:46.845749+00:00,5-2-3/1-6/4/7,published,アオケイ,楽天Kドリームス 並び予想
2620241021020006,2024-10-22,西武園競輪,F2,A1/A2,6,Ａ級選抜,22:20,22:15,7,https://keirin.kdreams.jp/seibuen/racedetail/2620241021020006/?pageType=odds,2026-10-05T02:27:48.727785+00:00,5-6-1/4-3-2-7,published,アオケイ,楽天Kドリームス 並び予想
2620241021020007,2024-10-22,西武園競輪,F2,A1/A2,7,Ａ級準決勝,22:40,22:35,7,https://keirin.kdreams.jp/seibuen/racedetail/2620241021020007/?pageType=odds,2026-10-05T02:27:50.590805+00:00,6-1-4/2-3/7-5,published,アオケイ,楽天Kドリームス 並び予想
2620241021020008,2024-10-22,西武園競輪,F2,A1/A2,8,Ａ級準決勝,23:00,22:55,7,https://keirin.kdreams.jp/seibuen/racedetail/2620241021020008/?pageType=odds,2026-10-05T02:27:52.367202+00:00,1-4-3/2/7/6-5,published,アオケイ,楽天Kドリームス 並び予想
2620241021020009,2024-10-22,西武園競輪,F2,A1/A2,9,Ａ級準決勝,23:20,23:15,7,https://keirin.kdreams.jp/seibuen/racedetail/2620241021020009/?pageType=odds,2026-10-05T02:27:54.126850+00:00,1-4-2/6/3-5-7,published,アオケイ,楽天Kドリームス 並び予想
6320241021020001,2024-10-22,防府競輪,F1,A1/A2,1,Ａ級一般,10:40,10:35,6,https://keirin.kdreams.jp/hofu/racedetail/6320241021020001/?pageType=odds,2026-10-05T02:26:46.346894+00:00,1-5/4-3-2/6,published,リズム,楽天Kドリームス 並び予想
6320241021020002,2024-10-22,防府競輪,F1,A1/A2,2,Ａ級一般,11:08,11:03,7,https://keirin.kdreams.jp/hofu/racedetail/6320241021020002/?pageType=odds,2026-10-05T02:26:48.282679+00:00,5-1/2/3-7/4/6,published,リズム,楽天Kドリームス 並び予想
6320241021020003,2024-10-22,防府競輪,F1,A1/A2,3,Ａ級準決勝,11:36,11:31,7,https://keirin.kdreams.jp/hofu/racedetail/6320241021020003/?pageType=odds,2026-10-05T02:26:50.409406+00:00,7-2/6-1-4/5-3,published,リズム,楽天Kドリームス 並び予想
6320241021020004,2024-10-22,防府競輪,F1,A1/A2,4,Ａ級準決勝,12:06,12:01,7,https://keirin.kdreams.jp/hofu/racedetail/6320241021020004/?pageType=odds,2026-10-05T02:26:52.233987+00:00,7-1/2-6-4/5-3,published,リズム,楽天Kドリームス 並び予想
6320241021020005,2024-10-22,防府競輪,F1,A1/A2,5,Ａ級準決勝,12:36,12:31,7,https://keirin.kdreams.jp/hofu/racedetail/6320241021020005/?pageType=odds,2026-10-05T02:26:53.974360+00:00,1-7-4/2-6/5-3,published,リズム,楽天Kドリームス 並び予想
8320241021030001,2024-10-23,久留米競輪,F1,A1/A2,1,Ａ級一般,15:55,15:50,7,https://keirin.kdreams.jp/kurume/racedetail/8320241021030001/?pageType=odds,2026-10-05T02:27:21.735662+00:00,6/1/4/7-3-5-2,published,コンドル出版社,楽天Kドリームス 並び予想
8320241021030002,2024-10-23,久留米競輪,F1,A1/A2,2,Ａ級一般,16:20,16:15,7,https://keirin.kdreams.jp/kurume/racedetail/8320241021030002/?pageType=odds,2026-10-05T02:27:23.492661+00:00,1-5/4/7-3-2-6,published,コンドル出版社,楽天Kドリームス 並び予想
8320241021030003,2024-10-23,久留米競輪,F1,A1/A2,3,Ａ級特選,16:45,16:40,7,https://keirin.kdreams.jp/kurume/racedetail/8320241021030003/?pageType=odds,2026-10-05T02:27:25.319750+00:00,6-1-5/2/4-3-7,published,コンドル出版社,楽天Kドリームス 並び予想
8320241021030004,2024-10-23,久留米競輪,F1,A1/A2,4,Ａ級特選,17:10,17:05,7,https://keirin.kdreams.jp/kurume/racedetail/8320241021030004/?pageType=odds,2026-10-05T02:27:27.047530+00:00,1-5/2-6/3-4-7,published,コンドル出版社,楽天Kドリームス 並び予想
8320241021030011,2024-10-23,久留米競輪,F1,A1/A2,11,Ａ級決勝,20:12,20:07,7,https://keirin.kdreams.jp/kurume/racedetail/8320241021030011/?pageType=odds,2026-10-05T02:27:28.940010+00:00,4-5-1-6/3/2-7,published,コンドル出版社,楽天Kドリームス 並び予想
4320241021030002,2024-10-23,岐阜競輪,F2,A1/A2,2,Ａ級一般,21:10,21:05,7,https://keirin.kdreams.jp/gifu/racedetail/4320241021030002/?pageType=odds,2026-10-05T02:26:24.747564+00:00,1-4/3-2-5/6-7,published,中部競輪・ひかり,楽天Kドリームス 並び予想
4320241021030003,2024-10-23,岐阜競輪,F2,A1/A2,3,Ａ級一般,21:30,21:25,7,https://keirin.kdreams.jp/gifu/racedetail/4320241021030003/?pageType=odds,2026-10-05T02:26:26.552247+00:00,1-2/7-3-6/5-4,published,中部競輪・ひかり,楽天Kドリームス 並び予想
4320241021030004,2024-10-23,岐阜競輪,F2,A1/A2,4,Ａ級一般,21:50,21:45,7,https://keirin.kdreams.jp/gifu/racedetail/4320241021030004/?pageType=odds,2026-10-05T02:26:28.355913+00:00,1-7-6/3-2/5-4,published,中部競輪・ひかり,楽天Kドリームス 並び予想
4320241021030005,2024-10-23,岐阜競輪,F2,A1/A2,5,Ａ級特選,22:10,22:05,7,https://keirin.kdreams.jp/gifu/racedetail/4320241021030005/?pageType=odds,2026-10-05T02:26:30.108115+00:00,1-3-4/2-7/5-6,published,中部競輪・ひかり,楽天Kドリームス 並び予想
4320241021030006,2024-10-23,岐阜競輪,F2,A1/A2,6,Ａ級特選,22:30,22:25,7,https://keirin.kdreams.jp/gifu/racedetail/4320241021030006/?pageType=odds,2026-10-05T02:26:31.741236+00:00,2-1/4-6-3/7-5,published,中部競輪・ひかり,楽天Kドリームス 並び予想
4320241021030007,2024-10-23,岐阜競輪,F2,A1/A2,7,Ａ級特選,22:50,22:45,7,https://keirin.kdreams.jp/gifu/racedetail/4320241021030007/?pageType=odds,2026-10-05T02:26:33.456878+00:00,1-5/2-3/4-6/7,published,中部競輪・ひかり,楽天Kドリームス 並び予想
4320241021030009,2024-10-23,岐阜競輪,F2,A1/A2,9,Ａ級決勝,23:30,23:25,7,https://keirin.kdreams.jp/gifu/racedetail/4320241021030009/?pageType=odds,2026-10-05T02:26:35.260569+00:00,2-7/1-3/5-4-6,published,中部競輪・ひかり,楽天Kドリームス 並び予想
2820241022020001,2024-10-23,立川競輪,F1,A1/A2,1,Ａ級一般,10:56,10:51,6,https://keirin.kdreams.jp/tachikawa/racedetail/2820241022020001/?pageType=odds,2026-10-05T02:28:17.409904+00:00,4-2-5-3/1/6,published,アオケイ,楽天Kドリームス 並び予想
2820241022020002,2024-10-23,立川競輪,F1,A1/A2,2,Ａ級一般,11:24,11:19,7,https://keirin.kdreams.jp/tachikawa/racedetail/2820241022020002/?pageType=odds,2026-10-05T02:28:19.209079+00:00,4-2/1-6/3-5-7,published,アオケイ,楽天Kドリームス 並び予想
2820241022020003,2024-10-23,立川競輪,F1,A1/A2,3,Ａ級準決勝,11:54,11:49,7,https://keirin.kdreams.jp/tachikawa/racedetail/2820241022020003/?pageType=odds,2026-10-05T02:28:20.923195+00:00,2-5-6/3-7-1/4,published,アオケイ,楽天Kドリームス 並び予想
2820241022020004,2024-10-23,立川競輪,F1,A1/A2,4,Ａ級準決勝,12:24,12:19,7,https://keirin.kdreams.jp/tachikawa/racedetail/2820241022020004/?pageType=odds,2026-10-05T02:28:22.777865+00:00,1-4-6/2/7-3/5,published,アオケイ,楽天Kドリームス 並び予想
2820241022020005,2024-10-23,立川競輪,F1,A1/A2,5,Ａ級準決勝,12:55,12:50,7,https://keirin.kdreams.jp/tachikawa/racedetail/2820241022020005/?pageType=odds,2026-10-05T02:28:24.455718+00:00,3-5-1/4-2/7-6,published,アオケイ,楽天Kドリームス 並び予想
2620241021030002,2024-10-23,西武園競輪,F2,A1/A2,2,Ａ級一般,21:00,20:55,7,https://keirin.kdreams.jp/seibuen/racedetail/2620241021030002/?pageType=odds,2026-10-05T02:27:55.918491+00:00,2-1-4/6/5-3-7,published,アオケイ,楽天Kドリームス 並び予想
2620241021030003,2024-10-23,西武園競輪,F2,A1/A2,3,Ａ級一般,21:20,21:15,7,https://keirin.kdreams.jp/seibuen/racedetail/2620241021030003/?pageType=odds,2026-10-05T02:27:57.555568+00:00,4-1-3/2-5/7-6,published,アオケイ,楽天Kドリームス 並び予想
2620241021030004,2024-10-23,西武園競輪,F2,A1/A2,4,Ａ級一般,21:40,21:35,7,https://keirin.kdreams.jp/seibuen/racedetail/2620241021030004/?pageType=odds,2026-10-05T02:27:59.293558+00:00,5-7/2-1/3-4-6,published,アオケイ,楽天Kドリームス 並び予想
2620241021030005,2024-10-23,西武園競輪,F2,A1/A2,5,Ａ級特選,22:00,21:55,7,https://keirin.kdreams.jp/seibuen/racedetail/2620241021030005/?pageType=odds,2026-10-05T02:28:01.054186+00:00,3-1-2/7-4/6-5,published,アオケイ,楽天Kドリームス 並び予想
2620241021030006,2024-10-23,西武園競輪,F2,A1/A2,6,Ａ級特選,22:20,22:15,7,https://keirin.kdreams.jp/seibuen/racedetail/2620241021030006/?pageType=odds,2026-10-05T02:28:03.110900+00:00,1-2-5/7/4-3-6,published,アオケイ,楽天Kドリームス 並び予想
2620241021030007,2024-10-23,西武園競輪,F2,A1/A2,7,Ａ級特選,22:40,22:35,7,https://keirin.kdreams.jp/seibuen/racedetail/2620241021030007/?pageType=odds,2026-10-05T02:28:05.023051+00:00,2-1-3/6-4/7-5,published,アオケイ,楽天Kドリームス 並び予想
2620241021030009,2024-10-23,西武園競輪,F2,A1/A2,9,Ａ級決勝,23:20,23:15,7,https://keirin.kdreams.jp/seibuen/racedetail/2620241021030009/?pageType=odds,2026-10-05T02:28:06.728802+00:00,1-4/6/2-5-7-3,published,アオケイ,楽天Kドリームス 並び予想
6320241021030001,2024-10-23,防府競輪,F1,A1/A2,1,Ａ級一般,10:40,10:35,7,https://keirin.kdreams.jp/hofu/racedetail/6320241021030001/?pageType=odds,2026-10-05T02:26:55.787976+00:00,3-5-1/2-6/7/4,published,リズム,楽天Kドリームス 並び予想
6320241021030002,2024-10-23,防府競輪,F1,A1/A2,2,Ａ級一般,11:08,11:03,7,https://keirin.kdreams.jp/hofu/racedetail/6320241021030002/?pageType=odds,2026-10-05T02:26:57.658064+00:00,4-3/1/2-6/7-5,published,リズム,楽天Kドリームス 並び予想
6320241021030003,2024-10-23,防府競輪,F1,A1/A2,3,Ａ級特選,11:36,11:31,7,https://keirin.kdreams.jp/hofu/racedetail/6320241021030003/?pageType=odds,2026-10-05T02:26:59.440614+00:00,1-6/5-3/2-7/4,published,リズム,楽天Kドリームス 並び予想
6320241021030004,2024-10-23,防府競輪,F1,A1/A2,4,Ａ級特選,12:06,12:01,7,https://keirin.kdreams.jp/hofu/racedetail/6320241021030004/?pageType=odds,2026-10-05T02:27:01.224679+00:00,1-5-6/4-2/3-7,published,リズム,楽天Kドリームス 並び予想
6320241021030011,2024-10-23,防府競輪,F1,A1/A2,11,Ａ級決勝,15:50,15:45,7,https://keirin.kdreams.jp/hofu/racedetail/6320241021030011/?pageType=odds,2026-10-05T02:27:03.054452+00:00,1-7/2-3-6/4-5,published,リズム,楽天Kドリームス 並び予想
1220241023010001,2024-10-23,青森競輪,F1,A1/A2,1,Ａ級予選,15:43,15:38,7,https://keirin.kdreams.jp/aomori/racedetail/1220241023010001/?pageType=odds,2026-10-05T02:28:34.682593+00:00,1-7/6-2/5-3-4,published,アオケイ,楽天Kドリームス 並び予想
1220241023010002,2024-10-23,青森競輪,F1,A1/A2,2,Ａ級予選,16:08,16:03,7,https://keirin.kdreams.jp/aomori/racedetail/1220241023010002/?pageType=odds,2026-10-05T02:28:36.392783+00:00,1-4-6/2-5/7-3,published,アオケイ,楽天Kドリームス 並び予想
1220241023010003,2024-10-23,青森競輪,F1,A1/A2,3,Ａ級予選,16:33,16:28,7,https://keirin.kdreams.jp/aomori/racedetail/1220241023010003/?pageType=odds,2026-10-05T02:28:38.120735+00:00,1-7/5-2/3-4-6,published,アオケイ,楽天Kドリームス 並び予想
1220241023010004,2024-10-23,青森競輪,F1,A1/A2,4,Ａ級予選,16:58,16:53,7,https://keirin.kdreams.jp/aomori/racedetail/1220241023010004/?pageType=odds,2026-10-05T02:28:40.116179+00:00,6-1/7-2-4/3-5,published,アオケイ,楽天Kドリームス 並び予想
1220241023010005,2024-10-23,青森競輪,F1,A1/A2,5,Ａ級初日特選,17:23,17:18,7,https://keirin.kdreams.jp/aomori/racedetail/1220241023010005/?pageType=odds,2026-10-05T02:28:41.673554+00:00,4-1/2-5/3-6-7,published,アオケイ,楽天Kドリームス 並び予想
8420241024010001,2024-10-24,武雄競輪,F2,A1/A2,1,Ａ級予選,20:50,20:45,7,https://keirin.kdreams.jp/takeo/racedetail/8420241024010001/?pageType=odds,2026-10-05T02:29:36.895909+00:00,1-5-4/2-3-6/7,published,百万弗,楽天Kドリームス 並び予想
8420241024010002,2024-10-24,武雄競輪,F2,A1/A2,2,Ａ級予選,21:14,21:09,7,https://keirin.kdreams.jp/takeo/racedetail/8420241024010002/?pageType=odds,2026-10-05T02:29:38.514566+00:00,1-4-5-6/2-3/7,published,百万弗,楽天Kドリームス 並び予想
8420241024010003,2024-10-24,武雄競輪,F2,A1/A2,3,Ａ級予選,21:38,21:33,7,https://keirin.kdreams.jp/takeo/racedetail/8420241024010003/?pageType=odds,2026-10-05T02:29:40.198889+00:00,1-5/2-3-7/6-4,published,百万弗,楽天Kドリームス 並び予想
8420241024010004,2024-10-24,武雄競輪,F2,A1/A2,4,Ａ級予選,22:02,21:57,7,https://keirin.kdreams.jp/takeo/racedetail/8420241024010004/?pageType=odds,2026-10-05T02:29:41.832010+00:00,1-2/3-6-4/5-7,published,百万弗,楽天Kドリームス 並び予想
8420241024010005,2024-10-24,武雄競輪,F2,A1/A2,5,Ａ級予選,22:26,22:21,7,https://keirin.kdreams.jp/takeo/racedetail/8420241024010005/?pageType=odds,2026-10-05T02:29:43.499961+00:00,1-2-6/3-4/5-7,published,百万弗,楽天Kドリームス 並び予想
8420241024010006,2024-10-24,武雄競輪,F2,A1/A2,6,Ａ級予選,22:50,22:45,7,https://keirin.kdreams.jp/takeo/racedetail/8420241024010006/?pageType=odds,2026-10-05T02:29:45.216608+00:00,1-2-5/3-4-6/7,published,百万弗,楽天Kドリームス 並び予想
8420241024010007,2024-10-24,武雄競輪,F2,A1/A2,7,Ａ級初日特選,23:14,23:09,7,https://keirin.kdreams.jp/takeo/racedetail/8420241024010007/?pageType=odds,2026-10-05T02:29:46.968335+00:00,4-1-6/2/3/5/7,published,百万弗,楽天Kドリームス 並び予想
8720241024010001,2024-10-24,熊本競輪,F2,A1/A2,1,Ａ級予選,08:40,08:35,7,https://keirin.kdreams.jp/kumamoto/racedetail/8720241024010001/?pageType=odds,2026-10-05T02:29:00.682182+00:00,1-4/7-2-5/3-6,published,コンドル出版社,楽天Kドリームス 並び予想
8720241024010002,2024-10-24,熊本競輪,F2,A1/A2,2,Ａ級予選,09:00,08:55,7,https://keirin.kdreams.jp/kumamoto/racedetail/8720241024010002/?pageType=odds,2026-10-05T02:29:02.391393+00:00,4-1-5/7-2/6-3,published,コンドル出版社,楽天Kドリームス 並び予想
8720241024010003,2024-10-24,熊本競輪,F2,A1/A2,3,Ａ級予選,09:20,09:15,7,https://keirin.kdreams.jp/kumamoto/racedetail/8720241024010003/?pageType=odds,2026-10-05T02:29:04.150305+00:00,5-1/2-4-6/7-3,published,コンドル出版社,楽天Kドリームス 並び予想
8720241024010004,2024-10-24,熊本競輪,F2,A1/A2,4,Ａ級予選,09:40,09:35,7,https://keirin.kdreams.jp/kumamoto/racedetail/8720241024010004/?pageType=odds,2026-10-05T02:29:05.941962+00:00,1-4/7-3-6/5-2,published,コンドル出版社,楽天Kドリームス 並び予想
8720241024010005,2024-10-24,熊本競輪,F2,A1/A2,5,Ａ級予選,10:00,09:55,7,https://keirin.kdreams.jp/kumamoto/racedetail/8720241024010005/?pageType=odds,2026-10-05T02:29:07.857026+00:00,5-1-7/6-2/3-4,published,コンドル出版社,楽天Kドリームス 並び予想
8720241024010006,2024-10-24,熊本競輪,F2,A1/A2,6,Ａ級予選,10:20,10:15,7,https://keirin.kdreams.jp/kumamoto/racedetail/8720241024010006/?pageType=odds,2026-10-05T02:29:09.485266+00:00,4-7-1/5-2/3-6,published,コンドル出版社,楽天Kドリームス 並び予想
8720241024010007,2024-10-24,熊本競輪,F2,A1/A2,7,Ａ級初日特選,10:40,10:35,7,https://keirin.kdreams.jp/kumamoto/racedetail/8720241024010007/?pageType=odds,2026-10-05T02:29:11.256185+00:00,1-7/2-5/4/6-3,published,コンドル出版社,楽天Kドリームス 並び予想
2820241022030001,2024-10-24,立川競輪,F1,A1/A2,1,Ａ級一般,10:40,10:35,7,https://keirin.kdreams.jp/tachikawa/racedetail/2820241022030001/?pageType=odds,2026-10-05T02:28:26.167424+00:00,3-7-1-5/2-4/6,published,アオケイ,楽天Kドリームス 並び予想
2820241022030002,2024-10-24,立川競輪,F1,A1/A2,2,Ａ級一般,11:08,11:03,7,https://keirin.kdreams.jp/tachikawa/racedetail/2820241022030002/?pageType=odds,2026-10-05T02:28:27.904266+00:00,2-4-6/1-7/5-3,published,アオケイ,楽天Kドリームス 並び予想
2820241022030003,2024-10-24,立川競輪,F1,A1/A2,3,Ａ級特選,11:36,11:31,7,https://keirin.kdreams.jp/tachikawa/racedetail/2820241022030003/?pageType=odds,2026-10-05T02:28:29.697922+00:00,1-5/2-6/3-7-4,published,アオケイ,楽天Kドリームス 並び予想
2820241022030004,2024-10-24,立川競輪,F1,A1/A2,4,Ａ級特選,12:06,12:01,7,https://keirin.kdreams.jp/tachikawa/racedetail/2820241022030004/?pageType=odds,2026-10-05T02:28:31.321611+00:00,5-1/4-2/3-7/6,published,アオケイ,楽天Kドリームス 並び予想
2820241022030008,2024-10-24,立川競輪,F1,A1/A2,8,Ａ級決勝,14:10,14:05,7,https://keirin.kdreams.jp/tachikawa/racedetail/2820241022030008/?pageType=odds,2026-10-05T02:28:33.005211+00:00,4-7-1/2/3-5-6,published,アオケイ,楽天Kドリームス 並び予想
1220241023020001,2024-10-24,青森競輪,F1,A1/A2,1,Ａ級一般,15:43,15:38,7,https://keirin.kdreams.jp/aomori/racedetail/1220241023020001/?pageType=odds,2026-10-05T02:28:43.468839+00:00,4-1/2-5/6-3-7,published,アオケイ,楽天Kドリームス 並び予想
1220241023020002,2024-10-24,青森競輪,F1,A1/A2,2,Ａ級一般,16:08,16:03,7,https://keirin.kdreams.jp/aomori/racedetail/1220241023020002/?pageType=odds,2026-10-05T02:28:45.242628+00:00,1-5/2-6/4-7-3,published,アオケイ,楽天Kドリームス 並び予想
1220241023020003,2024-10-24,青森競輪,F1,A1/A2,3,Ａ級準決勝,16:33,16:28,7,https://keirin.kdreams.jp/aomori/racedetail/1220241023020003/?pageType=odds,2026-10-05T02:28:46.907360+00:00,4-1-5/2-7/6-3,published,アオケイ,楽天Kドリームス 並び予想
1220241023020004,2024-10-24,青森競輪,F1,A1/A2,4,Ａ級準決勝,16:58,16:53,7,https://keirin.kdreams.jp/aomori/racedetail/1220241023020004/?pageType=odds,2026-10-05T02:28:48.771428+00:00,1-5-6/2-7/4-3,published,アオケイ,楽天Kドリームス 並び予想
1220241023020005,2024-10-24,青森競輪,F1,A1/A2,5,Ａ級準決勝,17:23,17:18,7,https://keirin.kdreams.jp/aomori/racedetail/1220241023020005/?pageType=odds,2026-10-05T02:28:50.445496+00:00,5-2-6/1-7/3-4,published,アオケイ,楽天Kドリームス 並び予想
4620241025010006,2024-10-25,富山競輪,F2,A1/A2,6,Ａ級予選,12:40,12:35,7,https://keirin.kdreams.jp/toyama/racedetail/4620241025010006/?pageType=odds,2026-10-05T02:31:08.825160+00:00,3/5-1/7-2/4/6,published,中部競輪,楽天Kドリームス 並び予想
4620241025010007,2024-10-25,富山競輪,F2,A1/A2,7,Ａ級予選,13:10,13:05,7,https://keirin.kdreams.jp/toyama/racedetail/4620241025010007/?pageType=odds,2026-10-05T02:31:10.511319+00:00,7-4-1/2-6/3-5,published,中部競輪,楽天Kドリームス 並び予想
4620241025010008,2024-10-25,富山競輪,F2,A1/A2,8,Ａ級予選,13:40,13:35,7,https://keirin.kdreams.jp/toyama/racedetail/4620241025010008/?pageType=odds,2026-10-05T02:31:12.282726+00:00,1-5/4-2/3-7/6,published,中部競輪,楽天Kドリームス 並び予想
4620241025010009,2024-10-25,富山競輪,F2,A1/A2,9,Ａ級予選,14:11,14:06,7,https://keirin.kdreams.jp/toyama/racedetail/4620241025010009/?pageType=odds,2026-10-05T02:31:13.981075+00:00,1-7-4-6/2/5-3,published,中部競輪,楽天Kドリームス 並び予想
4620241025010010,2024-10-25,富山競輪,F2,A1/A2,10,Ａ級予選,14:42,14:37,7,https://keirin.kdreams.jp/toyama/racedetail/4620241025010010/?pageType=odds,2026-10-05T02:31:15.850939+00:00,1-6/3/5-2-7/4,published,中部競輪,楽天Kドリームス 並び予想
4620241025010011,2024-10-25,富山競輪,F2,A1/A2,11,Ａ級予選,15:15,15:10,7,https://keirin.kdreams.jp/toyama/racedetail/4620241025010011/?pageType=odds,2026-10-05T02:31:17.553443+00:00,2-5/1-6/7-3-4,published,中部競輪,楽天Kドリームス 並び予想
4620241025010012,2024-10-25,富山競輪,F2,A1/A2,12,Ａ級初日特選,15:55,15:50,7,https://keirin.kdreams.jp/toyama/racedetail/4620241025010012/?pageType=odds,2026-10-05T02:31:19.384163+00:00,1/6-2/3-5-7/4,published,中部競輪,楽天Kドリームス 並び予想
7320241025010001,2024-10-25,小松島競輪,F1,A1/A2,1,Ａ級予選,10:40,10:35,7,https://keirin.kdreams.jp/komatsushima/racedetail/7320241025010001/?pageType=odds,2026-10-05T02:30:41.535701+00:00,1-5-3/2-4-7/6,published,競輪毎日,楽天Kドリームス 並び予想
7320241025010002,2024-10-25,小松島競輪,F1,A1/A2,2,Ａ級予選,11:05,11:00,7,https://keirin.kdreams.jp/komatsushima/racedetail/7320241025010002/?pageType=odds,2026-10-05T02:30:43.051719+00:00,1-4-6/2-5/3-7,published,競輪毎日,楽天Kドリームス 並び予想
7320241025010003,2024-10-25,小松島競輪,F1,A1/A2,3,Ａ級予選,11:30,11:25,7,https://keirin.kdreams.jp/komatsushima/racedetail/7320241025010003/?pageType=odds,2026-10-05T02:30:44.745530+00:00,2-5/4-1-6/3-7,published,競輪毎日,楽天Kドリームス 並び予想
7320241025010004,2024-10-25,小松島競輪,F1,A1/A2,4,Ａ級予選,11:55,11:50,7,https://keirin.kdreams.jp/komatsushima/racedetail/7320241025010004/?pageType=odds,2026-10-05T02:30:46.600566+00:00,7-1-4/2-5/6-3,published,競輪毎日,楽天Kドリームス 並び予想
7320241025010005,2024-10-25,小松島競輪,F1,A1/A2,5,Ａ級初日特選,12:25,12:20,7,https://keirin.kdreams.jp/komatsushima/racedetail/7320241025010005/?pageType=odds,2026-10-05T02:30:48.267878+00:00,3-7/4-1-6/2-5,published,競輪毎日,楽天Kドリームス 並び予想
3520241025010008,2024-10-25,平塚競輪,F2,A1/A2,8,Ａ級特予選,18:24,18:19,7,https://keirin.kdreams.jp/hiratsuka/racedetail/3520241025010008/?pageType=odds,2026-10-05T02:30:14.348834+00:00,1-7-6/5-2/3-4,published,小田競・サイクル,楽天Kドリームス 並び予想
3520241025010009,2024-10-25,平塚競輪,F2,A1/A2,9,Ａ級特予選,18:52,18:47,7,https://keirin.kdreams.jp/hiratsuka/racedetail/3520241025010009/?pageType=odds,2026-10-05T02:30:16.023407+00:00,1-4/5/7-2/3-6,published,小田競・サイクル,楽天Kドリームス 並び予想
3520241025010010,2024-10-25,平塚競輪,F2,A1/A2,10,Ａ級特予選,19:22,19:17,7,https://keirin.kdreams.jp/hiratsuka/racedetail/3520241025010010/?pageType=odds,2026-10-05T02:30:17.631898+00:00,7-1/2-4-6/3-5,published,小田競・サイクル,楽天Kドリームス 並び予想
3520241025010011,2024-10-25,平塚競輪,F2,A1/A2,11,Ａ級特予選,19:53,19:48,7,https://keirin.kdreams.jp/hiratsuka/racedetail/3520241025010011/?pageType=odds,2026-10-05T02:30:19.320181+00:00,1-4/6/2-5/7-3,published,小田競・サイクル,楽天Kドリームス 並び予想
3520241025010012,2024-10-25,平塚競輪,F2,A1/A2,12,Ａ級初日特選,20:30,20:25,7,https://keirin.kdreams.jp/hiratsuka/racedetail/3520241025010012/?pageType=odds,2026-10-05T02:30:21.420671+00:00,1-7/6-2/5/3-4,published,小田競・サイクル,楽天Kドリームス 並び予想
8420241024020001,2024-10-25,武雄競輪,F2,A1/A2,1,Ａ級一般,20:50,20:45,7,https://keirin.kdreams.jp/takeo/racedetail/8420241024020001/?pageType=odds,2026-10-05T02:29:48.767475+00:00,2-4-6/1/3/5/7,published,百万弗,楽天Kドリームス 並び予想
8420241024020002,2024-10-25,武雄競輪,F2,A1/A2,2,Ａ級一般,21:14,21:09,7,https://keirin.kdreams.jp/takeo/racedetail/8420241024020002/?pageType=odds,2026-10-05T02:29:50.505538+00:00,1-2-6-5/3/4/7,published,百万弗,楽天Kドリームス 並び予想
8420241024020003,2024-10-25,武雄競輪,F2,A1/A2,3,Ａ級選抜,21:38,21:33,7,https://keirin.kdreams.jp/takeo/racedetail/8420241024020003/?pageType=odds,2026-10-05T02:29:52.234303+00:00,1-7/2-4/5-3-6,published,百万弗,楽天Kドリームス 並び予想
8420241024020004,2024-10-25,武雄競輪,F2,A1/A2,4,Ａ級選抜,22:02,21:57,7,https://keirin.kdreams.jp/takeo/racedetail/8420241024020004/?pageType=odds,2026-10-05T02:29:54.041760+00:00,1-7/2-3-6/5-4,published,百万弗,楽天Kドリームス 並び予想
8420241024020005,2024-10-25,武雄競輪,F2,A1/A2,5,Ａ級準決勝,22:26,22:21,7,https://keirin.kdreams.jp/takeo/racedetail/8420241024020005/?pageType=odds,2026-10-05T02:29:55.980943+00:00,5-1-3/7/4-2-6,published,百万弗,楽天Kドリームス 並び予想
8420241024020006,2024-10-25,武雄競輪,F2,A1/A2,6,Ａ級準決勝,22:50,22:45,7,https://keirin.kdreams.jp/takeo/racedetail/8420241024020006/?pageType=odds,2026-10-05T02:29:58.058290+00:00,2-1/4-3/5-7-6,published,百万弗,楽天Kドリームス 並び予想
8420241024020007,2024-10-25,武雄競輪,F2,A1/A2,7,Ａ級準決勝,23:14,23:09,7,https://keirin.kdreams.jp/takeo/racedetail/8420241024020007/?pageType=odds,2026-10-05T02:29:59.871855+00:00,3-1-6/4/5-2-7,published,百万弗,楽天Kドリームス 並び予想
8720241024020001,2024-10-25,熊本競輪,F2,A1/A2,1,Ａ級一般,08:30,08:25,7,https://keirin.kdreams.jp/kumamoto/racedetail/8720241024020001/?pageType=odds,2026-10-05T02:29:13.096766+00:00,1-7-5/3-2/4-6,published,コンドル出版社,楽天Kドリームス 並び予想
8720241024020002,2024-10-25,熊本競輪,F2,A1/A2,2,Ａ級一般,08:50,08:45,7,https://keirin.kdreams.jp/kumamoto/racedetail/8720241024020002/?pageType=odds,2026-10-05T02:29:14.758708+00:00,1-5/3-7/4-2-6,published,コンドル出版社,楽天Kドリームス 並び予想
8720241024020003,2024-10-25,熊本競輪,F2,A1/A2,3,Ａ級選抜,09:10,09:05,7,https://keirin.kdreams.jp/kumamoto/racedetail/8720241024020003/?pageType=odds,2026-10-05T02:29:16.365269+00:00,5-3/4-1-6/2-7,published,コンドル出版社,楽天Kドリームス 並び予想
8720241024020004,2024-10-25,熊本競輪,F2,A1/A2,4,Ａ級選抜,09:30,09:25,7,https://keirin.kdreams.jp/kumamoto/racedetail/8720241024020004/?pageType=odds,2026-10-05T02:29:18.026710+00:00,4-1-7/3-5/2-6,published,コンドル出版社,楽天Kドリームス 並び予想
8720241024020005,2024-10-25,熊本競輪,F2,A1/A2,5,Ａ級準決勝,09:50,09:45,7,https://keirin.kdreams.jp/kumamoto/racedetail/8720241024020005/?pageType=odds,2026-10-05T02:29:19.746240+00:00,1-7-4/5-2/6-3,published,コンドル出版社,楽天Kドリームス 並び予想
8720241024020006,2024-10-25,熊本競輪,F2,A1/A2,6,Ａ級準決勝,10:10,10:05,7,https://keirin.kdreams.jp/kumamoto/racedetail/8720241024020006/?pageType=odds,2026-10-05T02:29:21.510221+00:00,1-4-6/2-5/7-3,published,コンドル出版社,楽天Kドリームス 並び予想
8720241024020007,2024-10-25,熊本競輪,F2,A1/A2,7,Ａ級準決勝,10:30,10:25,7,https://keirin.kdreams.jp/kumamoto/racedetail/8720241024020007/?pageType=odds,2026-10-05T02:29:23.308268+00:00,4-1-6/2/3-5-7,published,コンドル出版社,楽天Kドリームス 並び予想
1220241023030001,2024-10-25,青森競輪,F1,A1/A2,1,Ａ級一般,15:43,15:38,7,https://keirin.kdreams.jp/aomori/racedetail/1220241023030001/?pageType=odds,2026-10-05T02:28:52.093782+00:00,1-5/6-2/3-4/7,published,アオケイ,楽天Kドリームス 並び予想
1220241023030002,2024-10-25,青森競輪,F1,A1/A2,2,Ａ級一般,16:08,16:03,7,https://keirin.kdreams.jp/aomori/racedetail/1220241023030002/?pageType=odds,2026-10-05T02:28:53.977682+00:00,5-1/7-2/4-3-6,published,アオケイ,楽天Kドリームス 並び予想
1220241023030003,2024-10-25,青森競輪,F1,A1/A2,3,Ａ級特選,16:33,16:28,7,https://keirin.kdreams.jp/aomori/racedetail/1220241023030003/?pageType=odds,2026-10-05T02:28:55.594586+00:00,6-1/2-5-4/7-3,published,アオケイ,楽天Kドリームス 並び予想
1220241023030004,2024-10-25,青森競輪,F1,A1/A2,4,Ａ級特選,16:58,16:53,7,https://keirin.kdreams.jp/aomori/racedetail/1220241023030004/?pageType=odds,2026-10-05T02:28:57.236691+00:00,1-6/2-7-5/3-4,published,アオケイ,楽天Kドリームス 並び予想
1220241023030011,2024-10-25,青森競輪,F1,A1/A2,11,Ａ級決勝,20:02,19:57,7,https://keirin.kdreams.jp/aomori/racedetail/1220241023030011/?pageType=odds,2026-10-05T02:28:58.912651+00:00,5-1-6/2/3-7-4,published,アオケイ,楽天Kドリームス 並び予想
4620241025020006,2024-10-26,富山競輪,F2,A1/A2,6,Ａ級一般,12:53,12:48,7,https://keirin.kdreams.jp/toyama/racedetail/4620241025020006/?pageType=odds,2026-10-05T02:31:21.142288+00:00,1-6/4-2-7-3/5,published,中部競輪,楽天Kドリームス 並び予想
4620241025020007,2024-10-26,富山競輪,F2,A1/A2,7,Ａ級一般,13:23,13:18,7,https://keirin.kdreams.jp/toyama/racedetail/4620241025020007/?pageType=odds,2026-10-05T02:31:22.831665+00:00,5-1/2-7-4/3-6,published,中部競輪,楽天Kドリームス 並び予想
4620241025020008,2024-10-26,富山競輪,F2,A1/A2,8,Ａ級選抜,13:53,13:48,7,https://keirin.kdreams.jp/toyama/racedetail/4620241025020008/?pageType=odds,2026-10-05T02:31:24.523198+00:00,1-7-5/4-2-3/6,published,中部競輪,楽天Kドリームス 並び予想
4620241025020009,2024-10-26,富山競輪,F2,A1/A2,9,Ａ級選抜,14:23,14:18,7,https://keirin.kdreams.jp/toyama/racedetail/4620241025020009/?pageType=odds,2026-10-05T02:31:26.387734+00:00,5-1/6-2/7-3-4,published,中部競輪,楽天Kドリームス 並び予想
4620241025020010,2024-10-26,富山競輪,F2,A1/A2,10,Ａ級準決勝,14:53,14:48,7,https://keirin.kdreams.jp/toyama/racedetail/4620241025020010/?pageType=odds,2026-10-05T02:31:28.032546+00:00,4-1-7/2-5/6-3,published,中部競輪,楽天Kドリームス 並び予想
4620241025020011,2024-10-26,富山競輪,F2,A1/A2,11,Ａ級準決勝,15:28,15:23,7,https://keirin.kdreams.jp/toyama/racedetail/4620241025020011/?pageType=odds,2026-10-05T02:31:29.843832+00:00,7-2/1-5-6/3-4,published,中部競輪,楽天Kドリームス 並び予想
4620241025020012,2024-10-26,富山競輪,F2,A1/A2,12,Ａ級準決勝,16:03,15:58,7,https://keirin.kdreams.jp/toyama/racedetail/4620241025020012/?pageType=odds,2026-10-05T02:31:31.527966+00:00,7-2-3/1-4/5-6,published,中部競輪,楽天Kドリームス 並び予想
7320241025020001,2024-10-26,小松島競輪,F1,A1/A2,1,Ａ級一般,10:40,10:35,7,https://keirin.kdreams.jp/komatsushima/racedetail/7320241025020001/?pageType=odds,2026-10-05T02:30:50.013904+00:00,1-4-7/5-2/3/6,published,競輪毎日,楽天Kドリームス 並び予想
7320241025020002,2024-10-26,小松島競輪,F1,A1/A2,2,Ａ級一般,11:05,11:00,7,https://keirin.kdreams.jp/komatsushima/racedetail/7320241025020002/?pageType=odds,2026-10-05T02:30:51.715425+00:00,7-2/1-4/6-3-5,published,競輪毎日,楽天Kドリームス 並び予想
7320241025020003,2024-10-26,小松島競輪,F1,A1/A2,3,Ａ級準決勝,11:30,11:25,7,https://keirin.kdreams.jp/komatsushima/racedetail/7320241025020003/?pageType=odds,2026-10-05T02:30:53.712344+00:00,1-5/4-6-3/7-2,published,競輪毎日,楽天Kドリームス 並び予想
7320241025020004,2024-10-26,小松島競輪,F1,A1/A2,4,Ａ級準決勝,11:55,11:50,7,https://keirin.kdreams.jp/komatsushima/racedetail/7320241025020004/?pageType=odds,2026-10-05T02:30:55.894378+00:00,7-1-4/5-2/3/6,published,競輪毎日,楽天Kドリームス 並び予想
7320241025020005,2024-10-26,小松島競輪,F1,A1/A2,5,Ａ級準決勝,12:25,12:20,7,https://keirin.kdreams.jp/komatsushima/racedetail/7320241025020005/?pageType=odds,2026-10-05T02:30:57.781973+00:00,2-4-7/6-1/5-3,published,競輪毎日,楽天Kドリームス 並び予想
3520241025020008,2024-10-26,平塚競輪,F2,A1/A2,8,Ａ級特一般,18:16,18:11,7,https://keirin.kdreams.jp/hiratsuka/racedetail/3520241025020008/?pageType=odds,2026-10-05T02:30:23.226394+00:00,4-1/5-2-6/7-3,published,小田競・サイクル,楽天Kドリームス 並び予想
3520241025020009,2024-10-26,平塚競輪,F2,A1/A2,9,Ａ級特一般,18:42,18:37,7,https://keirin.kdreams.jp/hiratsuka/racedetail/3520241025020009/?pageType=odds,2026-10-05T02:30:24.984449+00:00,1-5/2-6/4-3-7,published,小田競・サイクル,楽天Kドリームス 並び予想
3520241025020010,2024-10-26,平塚競輪,F2,A1/A2,10,Ａ級準決勝,19:17,19:12,7,https://keirin.kdreams.jp/hiratsuka/racedetail/3520241025020010/?pageType=odds,2026-10-05T02:30:26.872099+00:00,4-1-6/7-2/5-3,published,小田競・サイクル,楽天Kドリームス 並び予想
3520241025020011,2024-10-26,平塚競輪,F2,A1/A2,11,Ａ級準決勝,19:53,19:48,7,https://keirin.kdreams.jp/hiratsuka/racedetail/3520241025020011/?pageType=odds,2026-10-05T02:30:28.662313+00:00,5-1-6/7-2/3-4,published,小田競・サイクル,楽天Kドリームス 並び予想
3520241025020012,2024-10-26,平塚競輪,F2,A1/A2,12,Ａ級準決勝,20:30,20:25,7,https://keirin.kdreams.jp/hiratsuka/racedetail/3520241025020012/?pageType=odds,2026-10-05T02:30:30.527105+00:00,5-1/6/3-4/7-2,published,小田競・サイクル,楽天Kドリームス 並び予想
8420241024030001,2024-10-26,武雄競輪,F2,A1/A2,1,Ａ級一般,20:50,20:45,7,https://keirin.kdreams.jp/takeo/racedetail/8420241024030001/?pageType=odds,2026-10-05T02:30:01.725191+00:00,3-1-2/4-6/7-5,published,百万弗,楽天Kドリームス 並び予想
8420241024030002,2024-10-26,武雄競輪,F2,A1/A2,2,Ａ級一般,21:14,21:09,7,https://keirin.kdreams.jp/takeo/racedetail/8420241024030002/?pageType=odds,2026-10-05T02:30:03.639753+00:00,3-1-5/4-2/6/7,published,百万弗,楽天Kドリームス 並び予想
8420241024030003,2024-10-26,武雄競輪,F2,A1/A2,3,Ａ級一般,21:38,21:33,7,https://keirin.kdreams.jp/takeo/racedetail/8420241024030003/?pageType=odds,2026-10-05T02:30:05.444526+00:00,1-2-4-3-7/5/6,published,百万弗,楽天Kドリームス 並び予想
8420241024030004,2024-10-26,武雄競輪,F2,A1/A2,4,Ａ級特選,22:02,21:57,7,https://keirin.kdreams.jp/takeo/racedetail/8420241024030004/?pageType=odds,2026-10-05T02:30:07.023801+00:00,,parse_failure,,
8420241024030005,2024-10-26,武雄競輪,F2,A1/A2,5,Ａ級特選,22:26,22:21,7,https://keirin.kdreams.jp/takeo/racedetail/8420241024030005/?pageType=odds,2026-10-05T02:30:08.765593+00:00,2-3-7/4-1/6-5,published,百万弗,楽天Kドリームス 並び予想
8420241024030006,2024-10-26,武雄競輪,F2,A1/A2,6,Ａ級特選,22:50,22:45,7,https://keirin.kdreams.jp/takeo/racedetail/8420241024030006/?pageType=odds,2026-10-05T02:30:10.460269+00:00,1-2/3-4-6/7-5,published,百万弗,楽天Kドリームス 並び予想
8420241024030007,2024-10-26,武雄競輪,F2,A1/A2,7,Ａ級決勝,23:14,23:09,7,https://keirin.kdreams.jp/takeo/racedetail/8420241024030007/?pageType=odds,2026-10-05T02:30:12.293266+00:00,5-2-1-7-4/3/6,published,百万弗,楽天Kドリームス 並び予想
8720241024030001,2024-10-26,熊本競輪,F2,A1/A2,1,Ａ級一般,08:30,08:25,6,https://keirin.kdreams.jp/kumamoto/racedetail/8720241024030001/?pageType=odds,2026-10-05T02:29:24.867984+00:00,1-4/2-6/5-3,published,コンドル出版社,楽天Kドリームス 並び予想
8720241024030002,2024-10-26,熊本競輪,F2,A1/A2,2,Ａ級一般,08:50,08:45,7,https://keirin.kdreams.jp/kumamoto/racedetail/8720241024030002/?pageType=odds,2026-10-05T02:29:26.668541+00:00,6-1-4/2/5-3-7,published,コンドル出版社,楽天Kドリームス 並び予想
8720241024030003,2024-10-26,熊本競輪,F2,A1/A2,3,Ａ級一般,09:10,09:05,7,https://keirin.kdreams.jp/kumamoto/racedetail/8720241024030003/?pageType=odds,2026-10-05T02:29:28.418989+00:00,6-1/3/7/4-2-5,published,コンドル出版社,楽天Kドリームス 並び予想
8720241024030004,2024-10-26,熊本競輪,F2,A1/A2,4,Ａ級特選,09:30,09:25,7,https://keirin.kdreams.jp/kumamoto/racedetail/8720241024030004/?pageType=odds,2026-10-05T02:29:30.236056+00:00,4-1/6/2-5/7-3,published,コンドル出版社,楽天Kドリームス 並び予想
8720241024030005,2024-10-26,熊本競輪,F2,A1/A2,5,Ａ級特選,09:50,09:45,7,https://keirin.kdreams.jp/kumamoto/racedetail/8720241024030005/?pageType=odds,2026-10-05T02:29:31.897512+00:00,4-1-6/2/3-5-7,published,コンドル出版社,楽天Kドリームス 並び予想
8720241024030006,2024-10-26,熊本競輪,F2,A1/A2,6,Ａ級特選,10:10,10:05,7,https://keirin.kdreams.jp/kumamoto/racedetail/8720241024030006/?pageType=odds,2026-10-05T02:29:33.541843+00:00,5-1/3-6/2-4-7,published,コンドル出版社,楽天Kドリームス 並び予想
8720241024030007,2024-10-26,熊本競輪,F2,A1/A2,7,Ａ級決勝,10:30,10:25,7,https://keirin.kdreams.jp/kumamoto/racedetail/8720241024030007/?pageType=odds,2026-10-05T02:29:35.137815+00:00,2-4-5/1/7-3-6,published,コンドル出版社,楽天Kドリームス 並び予想
4520241026010001,2024-10-26,豊橋競輪,F1,A1/A2,1,Ａ級予選,15:35,15:30,7,https://keirin.kdreams.jp/toyohashi/racedetail/4520241026010001/?pageType=odds,2026-10-05T02:31:45.844218+00:00,3-1-7/5-4-2/6,published,中部競輪,楽天Kドリームス 並び予想
4520241026010002,2024-10-26,豊橋競輪,F1,A1/A2,2,Ａ級予選,16:00,15:55,7,https://keirin.kdreams.jp/toyohashi/racedetail/4520241026010002/?pageType=odds,2026-10-05T02:31:47.613672+00:00,7-4-1/2-5-3/6,published,中部競輪,楽天Kドリームス 並び予想
4520241026010003,2024-10-26,豊橋競輪,F1,A1/A2,3,Ａ級予選,16:25,16:20,7,https://keirin.kdreams.jp/toyohashi/racedetail/4520241026010003/?pageType=odds,2026-10-05T02:31:49.363334+00:00,1-5/7-2/3-4-6,published,中部競輪,楽天Kドリームス 並び予想
4520241026010004,2024-10-26,豊橋競輪,F1,A1/A2,4,Ａ級予選,16:50,16:45,7,https://keirin.kdreams.jp/toyohashi/racedetail/4520241026010004/?pageType=odds,2026-10-05T02:31:51.028459+00:00,7-1-5/2-4-6/3,published,中部競輪,楽天Kドリームス 並び予想
4520241026010005,2024-10-26,豊橋競輪,F1,A1/A2,5,Ａ級初日特選,17:15,17:10,7,https://keirin.kdreams.jp/toyohashi/racedetail/4520241026010005/?pageType=odds,2026-10-05T02:31:52.615728+00:00,4-6-3/5-1/2-7,published,中部競輪,楽天Kドリームス 並び予想
8320241027010005,2024-10-27,久留米競輪,F2,A1/A2,5,Ａ級特予選,22:00,21:55,7,https://keirin.kdreams.jp/kurume/racedetail/8320241027010005/?pageType=odds,2026-10-05T02:32:50.839061+00:00,2-5/3-1/6/4-7,published,コンドル出版社,楽天Kドリームス 並び予想
8320241027010006,2024-10-27,久留米競輪,F2,A1/A2,6,Ａ級特予選,22:20,22:15,7,https://keirin.kdreams.jp/kurume/racedetail/8320241027010006/?pageType=odds,2026-10-05T02:32:52.494520+00:00,1-3-7/2-5/4-6,published,コンドル出版社,楽天Kドリームス 並び予想
8320241027010007,2024-10-27,久留米競輪,F2,A1/A2,7,Ａ級特予選,22:40,22:35,7,https://keirin.kdreams.jp/kurume/racedetail/8320241027010007/?pageType=odds,2026-10-05T02:32:54.277343+00:00,2-1-6/3-5/4-7,published,コンドル出版社,楽天Kドリームス 並び予想
8320241027010008,2024-10-27,久留米競輪,F2,A1/A2,8,Ａ級特予選,23:00,22:55,7,https://keirin.kdreams.jp/kurume/racedetail/8320241027010008/?pageType=odds,2026-10-05T02:32:56.160432+00:00,1-2/3-5-7/4-6,published,コンドル出版社,楽天Kドリームス 並び予想
8320241027010009,2024-10-27,久留米競輪,F2,A1/A2,9,Ａ級初日特選,23:20,23:15,7,https://keirin.kdreams.jp/kurume/racedetail/8320241027010009/?pageType=odds,2026-10-05T02:32:57.721345+00:00,2-5/6-1/7/4-3,published,コンドル出版社,楽天Kドリームス 並び予想
3720241027010003,2024-10-27,伊東競輪,F2,A1/A2,3,Ａ級予選,21:30,21:25,7,https://keirin.kdreams.jp/ito/racedetail/3720241027010003/?pageType=odds,2026-10-05T02:32:12.282451+00:00,5-1-6/7-2/4-3,published,ひかり・小田競,楽天Kドリームス 並び予想
3720241027010004,2024-10-27,伊東競輪,F2,A1/A2,4,Ａ級予選,21:50,21:45,7,https://keirin.kdreams.jp/ito/racedetail/3720241027010004/?pageType=odds,2026-10-05T02:32:14.171095+00:00,2-1-3/4/5/7-6,published,ひかり・小田競,楽天Kドリームス 並び予想
3720241027010005,2024-10-27,伊東競輪,F2,A1/A2,5,Ａ級予選,22:10,22:05,7,https://keirin.kdreams.jp/ito/racedetail/3720241027010005/?pageType=odds,2026-10-05T02:32:15.882226+00:00,4-1/2-3-7/6-5,published,ひかり・小田競,楽天Kドリームス 並び予想
3720241027010006,2024-10-27,伊東競輪,F2,A1/A2,6,Ａ級予選,22:30,22:25,7,https://keirin.kdreams.jp/ito/racedetail/3720241027010006/?pageType=odds,2026-10-05T02:32:17.688492+00:00,1-3-4/7-2/5-6,published,ひかり・小田競,楽天Kドリームス 並び予想
3720241027010007,2024-10-27,伊東競輪,F2,A1/A2,7,Ａ級予選,22:50,22:45,7,https://keirin.kdreams.jp/ito/racedetail/3720241027010007/?pageType=odds,2026-10-05T02:32:19.510323+00:00,2-1-6/4-5/7-3,published,ひかり・小田競,楽天Kドリームス 並び予想
3720241027010008,2024-10-27,伊東競輪,F2,A1/A2,8,Ａ級予選,23:10,23:05,7,https://keirin.kdreams.jp/ito/racedetail/3720241027010008/?pageType=odds,2026-10-05T02:32:21.194230+00:00,2-1-4/6/7/5-3,published,ひかり・小田競,楽天Kドリームス 並び予想
3720241027010009,2024-10-27,伊東競輪,F2,A1/A2,9,Ａ級初日特選,23:30,23:25,7,https://keirin.kdreams.jp/ito/racedetail/3720241027010009/?pageType=odds,2026-10-05T02:32:23.031127+00:00,1-7-4/2-6-3-5,published,ひかり・小田競,楽天Kドリームス 並び予想
5320241027010008,2024-10-27,奈良競輪,F2,A1/A2,8,Ａ級特予選,10:55,10:50,7,https://keirin.kdreams.jp/nara/racedetail/5320241027010008/?pageType=odds,2026-10-05T02:33:16.239805+00:00,1-4-5/6-2/3-7,published,競輪研究,楽天Kドリームス 並び予想
5320241027010009,2024-10-27,奈良競輪,F2,A1/A2,9,Ａ級特予選,11:20,11:15,7,https://keirin.kdreams.jp/nara/racedetail/5320241027010009/?pageType=odds,2026-10-05T02:33:17.981260+00:00,5-1-7/2-4/6-3,published,競輪研究,楽天Kドリームス 並び予想
5320241027010010,2024-10-27,奈良競輪,F2,A1/A2,10,Ａ級特予選,11:50,11:45,7,https://keirin.kdreams.jp/nara/racedetail/5320241027010010/?pageType=odds,2026-10-05T02:33:19.797273+00:00,1-4-6/2/5-3/7,published,競輪研究,楽天Kドリームス 並び予想
5320241027010011,2024-10-27,奈良競輪,F2,A1/A2,11,Ａ級特予選,12:20,12:15,7,https://keirin.kdreams.jp/nara/racedetail/5320241027010011/?pageType=odds,2026-10-05T02:33:21.645218+00:00,1-7-4/6-2/5-3,published,競輪研究,楽天Kドリームス 並び予想
5320241027010012,2024-10-27,奈良競輪,F2,A1/A2,12,Ａ級初日特選,12:50,12:45,7,https://keirin.kdreams.jp/nara/racedetail/5320241027010012/?pageType=odds,2026-10-05T02:33:23.453753+00:00,7-2/6-4-1/5-3,published,競輪研究,楽天Kドリームス 並び予想
4620241025030005,2024-10-27,富山競輪,F2,A1/A2,5,Ａ級一般,12:23,12:18,7,https://keirin.kdreams.jp/toyama/racedetail/4620241025030005/?pageType=odds,2026-10-05T02:31:33.416803+00:00,3-6/5-1/7-4-2,published,中部競輪,楽天Kドリームス 並び予想
4620241025030006,2024-10-27,富山競輪,F2,A1/A2,6,Ａ級一般,12:53,12:48,7,https://keirin.kdreams.jp/toyama/racedetail/4620241025030006/?pageType=odds,2026-10-05T02:31:35.161872+00:00,5-1/2/3-7-4/6,published,中部競輪,楽天Kドリームス 並び予想
4620241025030007,2024-10-27,富山競輪,F2,A1/A2,7,Ａ級一般,13:23,13:18,7,https://keirin.kdreams.jp/toyama/racedetail/4620241025030007/?pageType=odds,2026-10-05T02:31:36.897117+00:00,1-4/7-2/6/3-5,published,中部競輪,楽天Kドリームス 並び予想
4620241025030008,2024-10-27,富山競輪,F2,A1/A2,8,Ａ級特選,13:53,13:48,7,https://keirin.kdreams.jp/toyama/racedetail/4620241025030008/?pageType=odds,2026-10-05T02:31:38.520946+00:00,1-5-4-7/6-2-3,published,中部競輪,楽天Kドリームス 並び予想
4620241025030009,2024-10-27,富山競輪,F2,A1/A2,9,Ａ級特選,14:23,14:18,7,https://keirin.kdreams.jp/toyama/racedetail/4620241025030009/?pageType=odds,2026-10-05T02:31:40.309983+00:00,4-3-7/2/1-5-6,published,中部競輪,楽天Kドリームス 並び予想
4620241025030010,2024-10-27,富山競輪,F2,A1/A2,10,Ａ級特選,14:53,14:48,7,https://keirin.kdreams.jp/toyama/racedetail/4620241025030010/?pageType=odds,2026-10-05T02:31:42.275721+00:00,7-1/2-5/3-4/6,published,中部競輪,楽天Kドリームス 並び予想
4620241025030012,2024-10-27,富山競輪,F2,A1/A2,12,Ａ級決勝,16:03,15:58,7,https://keirin.kdreams.jp/toyama/racedetail/4620241025030012/?pageType=odds,2026-10-05T02:31:44.035252+00:00,5-1/6-2/4-7/3,published,中部競輪,楽天Kドリームス 並び予想
7320241025030001,2024-10-27,小松島競輪,F1,A1/A2,1,Ａ級一般,10:40,10:35,7,https://keirin.kdreams.jp/komatsushima/racedetail/7320241025030001/?pageType=odds,2026-10-05T02:30:59.638108+00:00,1-7/2/3-5/6-4,published,競輪毎日,楽天Kドリームス 並び予想
7320241025030002,2024-10-27,小松島競輪,F1,A1/A2,2,Ａ級一般,11:05,11:00,7,https://keirin.kdreams.jp/komatsushima/racedetail/7320241025030002/?pageType=odds,2026-10-05T02:31:01.591328+00:00,1-4-6/7-2/3-5,published,競輪毎日,楽天Kドリームス 並び予想
7320241025030003,2024-10-27,小松島競輪,F1,A1/A2,3,Ａ級特選,11:30,11:25,7,https://keirin.kdreams.jp/komatsushima/racedetail/7320241025030003/?pageType=odds,2026-10-05T02:31:03.471740+00:00,7-4-2/3-1-5-6,published,競輪毎日,楽天Kドリームス 並び予想
7320241025030004,2024-10-27,小松島競輪,F1,A1/A2,4,Ａ級特選,11:55,11:50,7,https://keirin.kdreams.jp/komatsushima/racedetail/7320241025030004/?pageType=odds,2026-10-05T02:31:05.178253+00:00,7-4-1/2-5/6-3,published,競輪毎日,楽天Kドリームス 並び予想
7320241025030011,2024-10-27,小松島競輪,F1,A1/A2,11,Ａ級決勝,15:30,15:25,7,https://keirin.kdreams.jp/komatsushima/racedetail/7320241025030011/?pageType=odds,2026-10-05T02:31:06.895103+00:00,3-5/2-7-4/1-6,published,競輪毎日,楽天Kドリームス 並び予想
3520241025030006,2024-10-27,平塚競輪,F2,A1/A2,6,Ａ級特一般,17:30,17:25,7,https://keirin.kdreams.jp/hiratsuka/racedetail/3520241025030006/?pageType=odds,2026-10-05T02:30:32.567254+00:00,4-1-6/2-7/5-3,published,小田競・サイクル,楽天Kドリームス 並び予想
3520241025030007,2024-10-27,平塚競輪,F2,A1/A2,7,Ａ級特一般,17:57,17:52,7,https://keirin.kdreams.jp/hiratsuka/racedetail/3520241025030007/?pageType=odds,2026-10-05T02:30:34.332206+00:00,1-7/2-5-4/3-6,published,小田競・サイクル,楽天Kドリームス 並び予想
3520241025030008,2024-10-27,平塚競輪,F2,A1/A2,8,Ａ級特選,18:25,18:20,7,https://keirin.kdreams.jp/hiratsuka/racedetail/3520241025030008/?pageType=odds,2026-10-05T02:30:35.984971+00:00,2-7/1-6/3-4-5,published,小田競・サイクル,楽天Kドリームス 並び予想
3520241025030009,2024-10-27,平塚競輪,F2,A1/A2,9,Ａ級特選,18:53,18:48,7,https://keirin.kdreams.jp/hiratsuka/racedetail/3520241025030009/?pageType=odds,2026-10-05T02:30:37.744669+00:00,1-7-3/5/4/2-6,published,小田競・サイクル,楽天Kドリームス 並び予想
3520241025030012,2024-10-27,平塚競輪,F2,A1/A2,12,Ａ級決勝,20:35,20:30,7,https://keirin.kdreams.jp/hiratsuka/racedetail/3520241025030012/?pageType=odds,2026-10-05T02:30:39.707552+00:00,1-3/2-7-5/6-4,published,小田競・サイクル,楽天Kドリームス 並び予想
4520241026020001,2024-10-27,豊橋競輪,F1,A1/A2,1,Ａ級一般,15:35,15:30,7,https://keirin.kdreams.jp/toyohashi/racedetail/4520241026020001/?pageType=odds,2026-10-05T02:31:54.326377+00:00,5-4-1/2-6/7-3,published,中部競輪,楽天Kドリームス 並び予想
4520241026020002,2024-10-27,豊橋競輪,F1,A1/A2,2,Ａ級一般,16:00,15:55,7,https://keirin.kdreams.jp/toyohashi/racedetail/4520241026020002/?pageType=odds,2026-10-05T02:31:56.147034+00:00,4-1-3/7/6-2-5,published,中部競輪,楽天Kドリームス 並び予想
4520241026020003,2024-10-27,豊橋競輪,F1,A1/A2,3,Ａ級準決勝,16:25,16:20,7,https://keirin.kdreams.jp/toyohashi/racedetail/4520241026020003/?pageType=odds,2026-10-05T02:31:58.071620+00:00,1-4-6/7-2/5-3,published,中部競輪,楽天Kドリームス 並び予想
4520241026020004,2024-10-27,豊橋競輪,F1,A1/A2,4,Ａ級準決勝,16:50,16:45,7,https://keirin.kdreams.jp/toyohashi/racedetail/4520241026020004/?pageType=odds,2026-10-05T02:31:59.758725+00:00,5-1/6-2/7-3/4,published,中部競輪,楽天Kドリームス 並び予想
4520241026020005,2024-10-27,豊橋競輪,F1,A1/A2,5,Ａ級準決勝,17:15,17:10,7,https://keirin.kdreams.jp/toyohashi/racedetail/4520241026020005/?pageType=odds,2026-10-05T02:32:01.644227+00:00,2-5-6/1-7/3-4,published,中部競輪,楽天Kドリームス 並び予想
8320241027020005,2024-10-28,久留米競輪,F2,A1/A2,5,Ａ級特一般,22:00,21:55,7,https://keirin.kdreams.jp/kurume/racedetail/8320241027020005/?pageType=odds,2026-10-05T02:33:00.085264+00:00,2-3/1-7/4-5/6,published,コンドル出版社,楽天Kドリームス 並び予想
8320241027020006,2024-10-28,久留米競輪,F2,A1/A2,6,Ａ級特一般,22:20,22:15,7,https://keirin.kdreams.jp/kurume/racedetail/8320241027020006/?pageType=odds,2026-10-05T02:33:01.796286+00:00,2-6-7/1/3-4/5,published,コンドル出版社,楽天Kドリームス 並び予想
8320241027020007,2024-10-28,久留米競輪,F2,A1/A2,7,Ａ級準決勝,22:40,22:35,7,https://keirin.kdreams.jp/kurume/racedetail/8320241027020007/?pageType=odds,2026-10-05T02:33:03.549713+00:00,4-1/2-6/5-3-7,published,コンドル出版社,楽天Kドリームス 並び予想
8320241027020008,2024-10-28,久留米競輪,F2,A1/A2,8,Ａ級準決勝,23:00,22:55,7,https://keirin.kdreams.jp/kurume/racedetail/8320241027020008/?pageType=odds,2026-10-05T02:33:05.513155+00:00,1-2-5/6-3/4-7,published,コンドル出版社,楽天Kドリームス 並び予想
8320241027020009,2024-10-28,久留米競輪,F2,A1/A2,9,Ａ級準決勝,23:20,23:15,7,https://keirin.kdreams.jp/kurume/racedetail/8320241027020009/?pageType=odds,2026-10-05T02:33:06.787986+00:00,2-1-3/6/4-5-7,published,コンドル出版社,楽天Kドリームス 並び予想
3720241027020003,2024-10-28,伊東競輪,F2,A1/A2,3,Ａ級一般,21:30,21:25,7,https://keirin.kdreams.jp/ito/racedetail/3720241027020003/?pageType=odds,2026-10-05T02:32:25.369112+00:00,5-1/2-4/3-7/6,published,ひかり・小田競,楽天Kドリームス 並び予想
3720241027020004,2024-10-28,伊東競輪,F2,A1/A2,4,Ａ級一般,21:50,21:45,7,https://keirin.kdreams.jp/ito/racedetail/3720241027020004/?pageType=odds,2026-10-05T02:32:27.015161+00:00,5-1/3-4/7-2/6,published,ひかり・小田競,楽天Kドリームス 並び予想
3720241027020005,2024-10-28,伊東競輪,F2,A1/A2,5,Ａ級選抜,22:10,22:05,7,https://keirin.kdreams.jp/ito/racedetail/3720241027020005/?pageType=odds,2026-10-05T02:32:28.950282+00:00,4-1-2/6/3-5-7,published,ひかり・小田競,楽天Kドリームス 並び予想
3720241027020006,2024-10-28,伊東競輪,F2,A1/A2,6,Ａ級選抜,22:30,22:25,7,https://keirin.kdreams.jp/ito/racedetail/3720241027020006/?pageType=odds,2026-10-05T02:32:30.946705+00:00,2-1-3-7/5-4-6,published,ひかり・小田競,楽天Kドリームス 並び予想
3720241027020007,2024-10-28,伊東競輪,F2,A1/A2,7,Ａ級準決勝,22:50,22:45,7,https://keirin.kdreams.jp/ito/racedetail/3720241027020007/?pageType=odds,2026-10-05T02:32:32.975737+00:00,4-1-2/3/5-6/7,published,ひかり・小田競,楽天Kドリームス 並び予想
3720241027020008,2024-10-28,伊東競輪,F2,A1/A2,8,Ａ級準決勝,23:10,23:05,7,https://keirin.kdreams.jp/ito/racedetail/3720241027020008/?pageType=odds,2026-10-05T02:32:34.763554+00:00,1-3-4/5-2/6/7,published,ひかり・小田競,楽天Kドリームス 並び予想
3720241027020009,2024-10-28,伊東競輪,F2,A1/A2,9,Ａ級準決勝,23:30,23:25,7,https://keirin.kdreams.jp/ito/racedetail/3720241027020009/?pageType=odds,2026-10-05T02:32:36.555366+00:00,1-2-6-7/5-4-3,published,ひかり・小田競,楽天Kドリームス 並び予想
1120241028010001,2024-10-28,函館競輪,F1,A1/A2,1,Ａ級予選,15:40,15:35,7,https://keirin.kdreams.jp/hakodate/racedetail/1120241028010001/?pageType=odds,2026-10-05T02:34:21.246089+00:00,7-1-3/6/5-4-2,published,北競,楽天Kドリームス 並び予想
1120241028010002,2024-10-28,函館競輪,F1,A1/A2,2,Ａ級予選,16:05,16:00,7,https://keirin.kdreams.jp/hakodate/racedetail/1120241028010002/?pageType=odds,2026-10-05T02:34:23.169083+00:00,2-7-4/1-6/5-3,published,北競,楽天Kドリームス 並び予想
1120241028010003,2024-10-28,函館競輪,F1,A1/A2,3,Ａ級予選,16:30,16:25,7,https://keirin.kdreams.jp/hakodate/racedetail/1120241028010003/?pageType=odds,2026-10-05T02:34:24.959288+00:00,7-1-4/5-3-2/6,published,北競,楽天Kドリームス 並び予想
1120241028010004,2024-10-28,函館競輪,F1,A1/A2,4,Ａ級予選,16:55,16:50,7,https://keirin.kdreams.jp/hakodate/racedetail/1120241028010004/?pageType=odds,2026-10-05T02:34:27.103687+00:00,1-5/7-4-2/3-6,published,北競,楽天Kドリームス 並び予想
1120241028010005,2024-10-28,函館競輪,F1,A1/A2,5,Ａ級初日特選,17:20,17:15,7,https://keirin.kdreams.jp/hakodate/racedetail/1120241028010005/?pageType=odds,2026-10-05T02:34:28.770747+00:00,1-5/2-7/3/4/6,published,北競,楽天Kドリームス 並び予想
5320241027020008,2024-10-28,奈良競輪,F2,A1/A2,8,Ａ級特一般,10:55,10:50,7,https://keirin.kdreams.jp/nara/racedetail/5320241027020008/?pageType=odds,2026-10-05T02:33:25.275672+00:00,1/6-2/3-5/7-4,published,競輪研究,楽天Kドリームス 並び予想
5320241027020009,2024-10-28,奈良競輪,F2,A1/A2,9,Ａ級特一般,11:20,11:15,7,https://keirin.kdreams.jp/nara/racedetail/5320241027020009/?pageType=odds,2026-10-05T02:33:27.075656+00:00,5-1/2-4/6/3-7,published,競輪研究,楽天Kドリームス 並び予想
5320241027020010,2024-10-28,奈良競輪,F2,A1/A2,10,Ａ級準決勝,11:50,11:45,7,https://keirin.kdreams.jp/nara/racedetail/5320241027020010/?pageType=odds,2026-10-05T02:33:28.990748+00:00,1-5/2-7/4-3-6,published,競輪研究,楽天Kドリームス 並び予想
5320241027020011,2024-10-28,奈良競輪,F2,A1/A2,11,Ａ級準決勝,12:20,12:15,7,https://keirin.kdreams.jp/nara/racedetail/5320241027020011/?pageType=odds,2026-10-05T02:33:30.714370+00:00,4-1/7-2/3-5-6,published,競輪研究,楽天Kドリームス 並び予想
5320241027020012,2024-10-28,奈良競輪,F2,A1/A2,12,Ａ級準決勝,12:50,12:45,7,https://keirin.kdreams.jp/nara/racedetail/5320241027020012/?pageType=odds,2026-10-05T02:33:32.966229+00:00,1-7/4-2-6/5-3,published,競輪研究,楽天Kドリームス 並び予想
4520241026030001,2024-10-28,豊橋競輪,F1,A1/A2,1,Ａ級一般,15:35,15:30,7,https://keirin.kdreams.jp/toyohashi/racedetail/4520241026030001/?pageType=odds,2026-10-05T02:32:03.515927+00:00,5-2-3/1-4/7/6,published,中部競輪,楽天Kドリームス 並び予想
4520241026030002,2024-10-28,豊橋競輪,F1,A1/A2,2,Ａ級一般,16:00,15:55,7,https://keirin.kdreams.jp/toyohashi/racedetail/4520241026030002/?pageType=odds,2026-10-05T02:32:05.358392+00:00,4-7-1-6/2/5-3,published,中部競輪,楽天Kドリームス 並び予想
4520241026030003,2024-10-28,豊橋競輪,F1,A1/A2,3,Ａ級特選,16:25,16:20,7,https://keirin.kdreams.jp/toyohashi/racedetail/4520241026030003/?pageType=odds,2026-10-05T02:32:07.052717+00:00,5-2/4-7-1/3-6,published,中部競輪,楽天Kドリームス 並び予想
4520241026030004,2024-10-28,豊橋競輪,F1,A1/A2,4,Ａ級特選,16:50,16:45,7,https://keirin.kdreams.jp/toyohashi/racedetail/4520241026030004/?pageType=odds,2026-10-05T02:32:08.770179+00:00,1-4/5-2-7/6-3,published,中部競輪,楽天Kドリームス 並び予想
4520241026030011,2024-10-28,豊橋競輪,F1,A1/A2,11,Ａ級決勝,19:50,19:45,7,https://keirin.kdreams.jp/toyohashi/racedetail/4520241026030011/?pageType=odds,2026-10-05T02:32:10.549814+00:00,6-2-1/5-3/7-4,published,中部競輪,楽天Kドリームス 並び予想
1220241028010001,2024-10-28,青森競輪,F2,A1/A2,1,Ａ級予選,08:40,08:35,7,https://keirin.kdreams.jp/aomori/racedetail/1220241028010001/?pageType=odds,2026-10-05T02:33:43.777767+00:00,1-5/2-6/4-3-7,published,アオケイ,楽天Kドリームス 並び予想
1220241028010002,2024-10-28,青森競輪,F2,A1/A2,2,Ａ級予選,09:00,08:55,7,https://keirin.kdreams.jp/aomori/racedetail/1220241028010002/?pageType=odds,2026-10-05T02:33:45.574363+00:00,2-5-6/1/7/3-4,published,アオケイ,楽天Kドリームス 並び予想
1220241028010003,2024-10-28,青森競輪,F2,A1/A2,3,Ａ級予選,09:20,09:15,7,https://keirin.kdreams.jp/aomori/racedetail/1220241028010003/?pageType=odds,2026-10-05T02:33:47.289456+00:00,1-4-6/7-2/3-5,published,アオケイ,楽天Kドリームス 並び予想
1220241028010004,2024-10-28,青森競輪,F2,A1/A2,4,Ａ級予選,09:40,09:35,7,https://keirin.kdreams.jp/aomori/racedetail/1220241028010004/?pageType=odds,2026-10-05T02:33:49.150928+00:00,5-1/7-2-4/3-6,published,アオケイ,楽天Kドリームス 並び予想
1220241028010005,2024-10-28,青森競輪,F2,A1/A2,5,Ａ級予選,10:00,09:55,7,https://keirin.kdreams.jp/aomori/racedetail/1220241028010005/?pageType=odds,2026-10-05T02:33:50.943165+00:00,7-5-2/6/3-1-4,published,アオケイ,楽天Kドリームス 並び予想
1220241028010006,2024-10-28,青森競輪,F2,A1/A2,6,Ａ級予選,10:20,10:15,7,https://keirin.kdreams.jp/aomori/racedetail/1220241028010006/?pageType=odds,2026-10-05T02:33:52.786592+00:00,5-1-3/4/7-2-6,published,アオケイ,楽天Kドリームス 並び予想
1220241028010007,2024-10-28,青森競輪,F2,A1/A2,7,Ａ級初日特選,10:40,10:35,7,https://keirin.kdreams.jp/aomori/racedetail/1220241028010007/?pageType=odds,2026-10-05T02:33:54.545389+00:00,1-5/2-7/4-6-3,published,アオケイ,楽天Kドリームス 並び予想
8320241027030004,2024-10-29,久留米競輪,F2,A1/A2,4,Ａ級特一般,21:40,21:35,7,https://keirin.kdreams.jp/kurume/racedetail/8320241027030004/?pageType=odds,2026-10-05T02:33:07.900837+00:00,1-6/2-4-7/3-5,published,コンドル出版社,楽天Kドリームス 並び予想
8320241027030005,2024-10-29,久留米競輪,F2,A1/A2,5,Ａ級特一般,22:00,21:55,7,https://keirin.kdreams.jp/kurume/racedetail/8320241027030005/?pageType=odds,2026-10-05T02:33:09.128907+00:00,1-3-7/2-4-6/5,published,コンドル出版社,楽天Kドリームス 並び予想
8320241027030006,2024-10-29,久留米競輪,F2,A1/A2,6,Ａ級特選,22:20,22:15,7,https://keirin.kdreams.jp/kurume/racedetail/8320241027030006/?pageType=odds,2026-10-05T02:33:10.885407+00:00,1-5/2-3-7/4-6,published,コンドル出版社,楽天Kドリームス 並び予想
8320241027030007,2024-10-29,久留米競輪,F2,A1/A2,7,Ａ級特選,22:40,22:35,7,https://keirin.kdreams.jp/kurume/racedetail/8320241027030007/?pageType=odds,2026-10-05T02:33:12.705967+00:00,4-2-6/3-1/5-7,published,コンドル出版社,楽天Kドリームス 並び予想
8320241027030009,2024-10-29,久留米競輪,F2,A1/A2,9,Ａ級決勝,23:20,23:15,7,https://keirin.kdreams.jp/kurume/racedetail/8320241027030009/?pageType=odds,2026-10-05T02:33:14.499373+00:00,1/2-5/4-3-7/6,published,コンドル出版社,楽天Kドリームス 並び予想
3720241027030002,2024-10-29,伊東競輪,F2,A1/A2,2,Ａ級一般,21:10,21:05,7,https://keirin.kdreams.jp/ito/racedetail/3720241027030002/?pageType=odds,2026-10-05T02:32:38.469920+00:00,1-3/6-2/4-7-5,published,ひかり・小田競,楽天Kドリームス 並び予想
3720241027030003,2024-10-29,伊東競輪,F2,A1/A2,3,Ａ級一般,21:30,21:25,7,https://keirin.kdreams.jp/ito/racedetail/3720241027030003/?pageType=odds,2026-10-05T02:32:40.214152+00:00,1-4/2-6/7-3/5,published,ひかり・小田競,楽天Kドリームス 並び予想
3720241027030004,2024-10-29,伊東競輪,F2,A1/A2,4,Ａ級一般,21:50,21:45,7,https://keirin.kdreams.jp/ito/racedetail/3720241027030004/?pageType=odds,2026-10-05T02:32:41.973209+00:00,3-1-7/2-4/5/6,published,ひかり・小田競,楽天Kドリームス 並び予想
3720241027030005,2024-10-29,伊東競輪,F2,A1/A2,5,Ａ級特選,22:10,22:05,7,https://keirin.kdreams.jp/ito/racedetail/3720241027030005/?pageType=odds,2026-10-05T02:32:43.818373+00:00,2-1-4-5/3-6-7,published,ひかり・小田競,楽天Kドリームス 並び予想
3720241027030006,2024-10-29,伊東競輪,F2,A1/A2,6,Ａ級特選,22:30,22:25,7,https://keirin.kdreams.jp/ito/racedetail/3720241027030006/?pageType=odds,2026-10-05T02:32:45.564585+00:00,3-2-1-6/4/5/7,published,ひかり・小田競,楽天Kドリームス 並び予想
3720241027030007,2024-10-29,伊東競輪,F2,A1/A2,7,Ａ級特選,22:50,22:45,7,https://keirin.kdreams.jp/ito/racedetail/3720241027030007/?pageType=odds,2026-10-05T02:32:47.354334+00:00,1-3-7/2-6/4/5,published,ひかり・小田競,楽天Kドリームス 並び予想
3720241027030009,2024-10-29,伊東競輪,F2,A1/A2,9,Ａ級決勝,23:30,23:25,7,https://keirin.kdreams.jp/ito/racedetail/3720241027030009/?pageType=odds,2026-10-05T02:32:49.170643+00:00,1-5-4/3/7-2-6,published,ひかり・小田競,楽天Kドリームス 並び予想
1120241028020001,2024-10-29,函館競輪,F1,A1/A2,1,Ａ級一般,15:40,15:35,7,https://keirin.kdreams.jp/hakodate/racedetail/1120241028020001/?pageType=odds,2026-10-05T02:34:30.591184+00:00,2-4/1-7-5/6-3,published,北競,楽天Kドリームス 並び予想
1120241028020002,2024-10-29,函館競輪,F1,A1/A2,2,Ａ級一般,16:05,16:00,7,https://keirin.kdreams.jp/hakodate/racedetail/1120241028020002/?pageType=odds,2026-10-05T02:34:32.567644+00:00,7-1-6/2-5-4/3,published,北競,楽天Kドリームス 並び予想
1120241028020003,2024-10-29,函館競輪,F1,A1/A2,3,Ａ級準決勝,16:30,16:25,7,https://keirin.kdreams.jp/hakodate/racedetail/1120241028020003/?pageType=odds,2026-10-05T02:34:34.425523+00:00,5-1/4-2/3-7/6,published,北競,楽天Kドリームス 並び予想
1120241028020004,2024-10-29,函館競輪,F1,A1/A2,4,Ａ級準決勝,16:55,16:50,7,https://keirin.kdreams.jp/hakodate/racedetail/1120241028020004/?pageType=odds,2026-10-05T02:34:36.124234+00:00,4-1/2-7/6/5-3,published,北競,楽天Kドリームス 並び予想
1120241028020005,2024-10-29,函館競輪,F1,A1/A2,5,Ａ級準決勝,17:20,17:15,7,https://keirin.kdreams.jp/hakodate/racedetail/1120241028020005/?pageType=odds,2026-10-05T02:34:37.848801+00:00,1-5-6/2-7/4-3,published,北競,楽天Kドリームス 並び予想
5320241027030007,2024-10-29,奈良競輪,F2,A1/A2,7,Ａ級特一般,10:30,10:25,7,https://keirin.kdreams.jp/nara/racedetail/5320241027030007/?pageType=odds,2026-10-05T02:33:34.897665+00:00,5-1/2-7-4/6-3,published,競輪研究,楽天Kドリームス 並び予想
5320241027030008,2024-10-29,奈良競輪,F2,A1/A2,8,Ａ級特一般,10:55,10:50,7,https://keirin.kdreams.jp/nara/racedetail/5320241027030008/?pageType=odds,2026-10-05T02:33:36.569118+00:00,1-7/2-5/3-4/6,published,競輪研究,楽天Kドリームス 並び予想
5320241027030009,2024-10-29,奈良競輪,F2,A1/A2,9,Ａ級特選,11:20,11:15,7,https://keirin.kdreams.jp/nara/racedetail/5320241027030009/?pageType=odds,2026-10-05T02:33:38.339961+00:00,1-4-6/5-7-2/3,published,競輪研究,楽天Kドリームス 並び予想
5320241027030010,2024-10-29,奈良競輪,F2,A1/A2,10,Ａ級特選,11:50,11:45,7,https://keirin.kdreams.jp/nara/racedetail/5320241027030010/?pageType=odds,2026-10-05T02:33:40.064423+00:00,2-7/1-4/5-3-6,published,競輪研究,楽天Kドリームス 並び予想
5320241027030012,2024-10-29,奈良競輪,F2,A1/A2,12,Ａ級決勝,12:50,12:45,7,https://keirin.kdreams.jp/nara/racedetail/5320241027030012/?pageType=odds,2026-10-05T02:33:41.779397+00:00,5-1/3/7-2-4/6,published,競輪研究,楽天Kドリームス 並び予想
4620241029010008,2024-10-29,富山競輪,F2,A1/A2,8,Ａ級特予選,13:52,13:47,7,https://keirin.kdreams.jp/toyama/racedetail/4620241029010008/?pageType=odds,2026-10-05T02:35:15.487069+00:00,1-7-5/2-6/4-3,published,中部競輪,楽天Kドリームス 並び予想
4620241029010009,2024-10-29,富山競輪,F2,A1/A2,9,Ａ級特予選,14:22,14:17,7,https://keirin.kdreams.jp/toyama/racedetail/4620241029010009/?pageType=odds,2026-10-05T02:35:17.453615+00:00,4-1-6/3/2-5/7,published,中部競輪,楽天Kドリームス 並び予想
4620241029010010,2024-10-29,富山競輪,F2,A1/A2,10,Ａ級特予選,14:54,14:49,7,https://keirin.kdreams.jp/toyama/racedetail/4620241029010010/?pageType=odds,2026-10-05T02:35:19.570530+00:00,1-7-4/6-2/5-3,published,中部競輪,楽天Kドリームス 並び予想
4620241029010011,2024-10-29,富山競輪,F2,A1/A2,11,Ａ級特予選,15:29,15:24,7,https://keirin.kdreams.jp/toyama/racedetail/4620241029010011/?pageType=odds,2026-10-05T02:35:21.389678+00:00,2-7-4/6-1/5-3,published,中部競輪,楽天Kドリームス 並び予想
4620241029010012,2024-10-29,富山競輪,F2,A1/A2,12,Ａ級初日特選,16:04,15:59,7,https://keirin.kdreams.jp/toyama/racedetail/4620241029010012/?pageType=odds,2026-10-05T02:35:23.094703+00:00,5-1/2-4-7/6-3,published,中部競輪,楽天Kドリームス 並び予想
1220241028020001,2024-10-29,青森競輪,F2,A1/A2,1,Ａ級一般,08:40,08:35,7,https://keirin.kdreams.jp/aomori/racedetail/1220241028020001/?pageType=odds,2026-10-05T02:33:56.234640+00:00,1-3-5/4/2-7/6,published,アオケイ,楽天Kドリームス 並び予想
1220241028020002,2024-10-29,青森競輪,F2,A1/A2,2,Ａ級一般,09:00,08:55,7,https://keirin.kdreams.jp/aomori/racedetail/1220241028020002/?pageType=odds,2026-10-05T02:33:58.148994+00:00,4-1-2-6/3-7-5,published,アオケイ,楽天Kドリームス 並び予想
1220241028020003,2024-10-29,青森競輪,F2,A1/A2,3,Ａ級選抜,09:20,09:15,7,https://keirin.kdreams.jp/aomori/racedetail/1220241028020003/?pageType=odds,2026-10-05T02:33:59.763407+00:00,1-7/2-5-6/4-3,published,アオケイ,楽天Kドリームス 並び予想
1220241028020004,2024-10-29,青森競輪,F2,A1/A2,4,Ａ級選抜,09:40,09:35,7,https://keirin.kdreams.jp/aomori/racedetail/1220241028020004/?pageType=odds,2026-10-05T02:34:01.599611+00:00,4-1-5/7-2/3-6,published,アオケイ,楽天Kドリームス 並び予想
1220241028020005,2024-10-29,青森競輪,F2,A1/A2,5,Ａ級準決勝,10:00,09:55,7,https://keirin.kdreams.jp/aomori/racedetail/1220241028020005/?pageType=odds,2026-10-05T02:34:03.389377+00:00,1-4/7-2/5-3-6,published,アオケイ,楽天Kドリームス 並び予想
1220241028020006,2024-10-29,青森競輪,F2,A1/A2,6,Ａ級準決勝,10:20,10:15,7,https://keirin.kdreams.jp/aomori/racedetail/1220241028020006/?pageType=odds,2026-10-05T02:34:05.211654+00:00,5-2/1/6-4-3/7,published,アオケイ,楽天Kドリームス 並び予想
1220241028020007,2024-10-29,青森競輪,F2,A1/A2,7,Ａ級準決勝,10:40,10:35,7,https://keirin.kdreams.jp/aomori/racedetail/1220241028020007/?pageType=odds,2026-10-05T02:34:06.929653+00:00,1-5-4/2-7/6-3,published,アオケイ,楽天Kドリームス 並び予想
7120241029010001,2024-10-29,高松競輪,F1,A1/A2,1,Ａ級予選,10:36,10:31,7,https://keirin.kdreams.jp/takamatsu/racedetail/7120241029010001/?pageType=odds,2026-10-05T02:34:48.433236+00:00,1-4-6/2-5/3-7,published,競輪毎日,楽天Kドリームス 並び予想
7120241029010002,2024-10-29,高松競輪,F1,A1/A2,2,Ａ級予選,11:03,10:58,7,https://keirin.kdreams.jp/takamatsu/racedetail/7120241029010002/?pageType=odds,2026-10-05T02:34:50.312877+00:00,1-7/2-4/5-3-6,published,競輪毎日,楽天Kドリームス 並び予想
7120241029010003,2024-10-29,高松競輪,F1,A1/A2,3,Ａ級予選,11:30,11:25,7,https://keirin.kdreams.jp/takamatsu/racedetail/7120241029010003/?pageType=odds,2026-10-05T02:34:52.013642+00:00,2-5-4/3/1-7-6,published,競輪毎日,楽天Kドリームス 並び予想
7120241029010004,2024-10-29,高松競輪,F1,A1/A2,4,Ａ級予選,11:57,11:52,7,https://keirin.kdreams.jp/takamatsu/racedetail/7120241029010004/?pageType=odds,2026-10-05T02:34:53.748546+00:00,1-5-6/4-2/7-3,published,競輪毎日,楽天Kドリームス 並び予想
7120241029010005,2024-10-29,高松競輪,F1,A1/A2,5,Ａ級初日特選,12:25,12:20,7,https://keirin.kdreams.jp/takamatsu/racedetail/7120241029010005/?pageType=odds,2026-10-05T02:34:55.510109+00:00,1-4-7/2-5/3-6,published,競輪毎日,楽天Kドリームス 並び予想
1120241028030001,2024-10-30,函館競輪,F1,A1/A2,1,Ａ級一般,15:40,15:35,7,https://keirin.kdreams.jp/hakodate/racedetail/1120241028030001/?pageType=odds,2026-10-05T02:34:39.688577+00:00,1-7-5/6-2/4-3,published,北競,楽天Kドリームス 並び予想
1120241028030002,2024-10-30,函館競輪,F1,A1/A2,2,Ａ級一般,16:05,16:00,7,https://keirin.kdreams.jp/hakodate/racedetail/1120241028030002/?pageType=odds,2026-10-05T02:34:41.384146+00:00,4-1/2-7/3-5-6,published,北競,楽天Kドリームス 並び予想
1120241028030003,2024-10-30,函館競輪,F1,A1/A2,3,Ａ級特選,16:30,16:25,7,https://keirin.kdreams.jp/hakodate/racedetail/1120241028030003/?pageType=odds,2026-10-05T02:34:43.100519+00:00,6-1/2/5/4-7-3,published,北競,楽天Kドリームス 並び予想
1120241028030004,2024-10-30,函館競輪,F1,A1/A2,4,Ａ級特選,16:55,16:50,7,https://keirin.kdreams.jp/hakodate/racedetail/1120241028030004/?pageType=odds,2026-10-05T02:34:44.943903+00:00,1-4/7-2/6/3-5,published,北競,楽天Kドリームス 並び予想
1120241028030010,2024-10-30,函館競輪,F1,A1/A2,10,Ａ級決勝,19:32,19:27,7,https://keirin.kdreams.jp/hakodate/racedetail/1120241028030010/?pageType=odds,2026-10-05T02:34:46.591530+00:00,5-1/2-6/3-4/7,published,北競,楽天Kドリームス 並び予想
2220241030010001,2024-10-30,前橋競輪,F2,A1/A2,1,Ａ級予選,20:50,20:45,7,https://keirin.kdreams.jp/maebashi/racedetail/2220241030010001/?pageType=odds,2026-10-05T02:35:42.771089+00:00,7-2-4/1-3-5/6,published,アオケイ,楽天Kドリームス 並び予想
2220241030010002,2024-10-30,前橋競輪,F2,A1/A2,2,Ａ級予選,21:15,21:10,7,https://keirin.kdreams.jp/maebashi/racedetail/2220241030010002/?pageType=odds,2026-10-05T02:35:44.534858+00:00,2-3-1-4/5-6-7,published,アオケイ,楽天Kドリームス 並び予想
2220241030010003,2024-10-30,前橋競輪,F2,A1/A2,3,Ａ級予選,21:40,21:35,7,https://keirin.kdreams.jp/maebashi/racedetail/2220241030010003/?pageType=odds,2026-10-05T02:35:46.279026+00:00,1-2-5-7/6/4-3,published,アオケイ,楽天Kドリームス 並び予想
2220241030010004,2024-10-30,前橋競輪,F2,A1/A2,4,Ａ級予選,22:05,22:00,7,https://keirin.kdreams.jp/maebashi/racedetail/2220241030010004/?pageType=odds,2026-10-05T02:35:48.123954+00:00,1-2-4/6/3-5-7,published,アオケイ,楽天Kドリームス 並び予想
2220241030010005,2024-10-30,前橋競輪,F2,A1/A2,5,Ａ級予選,22:30,22:25,7,https://keirin.kdreams.jp/maebashi/racedetail/2220241030010005/?pageType=odds,2026-10-05T02:35:49.808107+00:00,1-2-7/6/3-4-5,published,アオケイ,楽天Kドリームス 並び予想
2220241030010006,2024-10-30,前橋競輪,F2,A1/A2,6,Ａ級予選,22:55,22:50,7,https://keirin.kdreams.jp/maebashi/racedetail/2220241030010006/?pageType=odds,2026-10-05T02:35:51.745785+00:00,1-2-4-6-7/3-5,published,アオケイ,楽天Kドリームス 並び予想
2220241030010007,2024-10-30,前橋競輪,F2,A1/A2,7,Ａ級初日特選,23:20,23:15,7,https://keirin.kdreams.jp/maebashi/racedetail/2220241030010007/?pageType=odds,2026-10-05T02:35:53.545813+00:00,7-3/4-1-6/2-5,published,アオケイ,楽天Kドリームス 並び予想
4620241029020008,2024-10-30,富山競輪,F2,A1/A2,8,Ａ級特一般,13:42,13:37,5,https://keirin.kdreams.jp/toyama/racedetail/4620241029020008/?pageType=odds,2026-10-05T02:35:24.702381+00:00,4-1/2/5-3,published,中部競輪,楽天Kドリームス 並び予想
4620241029020009,2024-10-30,富山競輪,F2,A1/A2,9,Ａ級特一般,14:12,14:07,6,https://keirin.kdreams.jp/toyama/racedetail/4620241029020009/?pageType=odds,2026-10-05T02:35:26.481418+00:00,6-1/2-5/3-4,published,中部競輪,楽天Kドリームス 並び予想
4620241029020010,2024-10-30,富山競輪,F2,A1/A2,10,Ａ級準決勝,14:46,14:41,7,https://keirin.kdreams.jp/toyama/racedetail/4620241029020010/?pageType=odds,2026-10-05T02:35:28.262526+00:00,5-1-2/6/3-7-4,published,中部競輪,楽天Kドリームス 並び予想
4620241029020011,2024-10-30,富山競輪,F2,A1/A2,11,Ａ級準決勝,15:21,15:16,7,https://keirin.kdreams.jp/toyama/racedetail/4620241029020011/?pageType=odds,2026-10-05T02:35:30.135940+00:00,4-1-7/3-5-2/6,published,中部競輪,楽天Kドリームス 並び予想
4620241029020012,2024-10-30,富山競輪,F2,A1/A2,12,Ａ級準決勝,15:57,15:52,7,https://keirin.kdreams.jp/toyama/racedetail/4620241029020012/?pageType=odds,2026-10-05T02:35:31.850309+00:00,1-4/2-7-3/5/6,published,中部競輪,楽天Kドリームス 並び予想
2120241030010008,2024-10-30,弥彦競輪,F2,A1/A2,8,Ａ級特予選,14:02,13:57,7,https://keirin.kdreams.jp/yahiko/racedetail/2120241030010008/?pageType=odds,2026-10-05T02:37:22.238122+00:00,5-1-4/2/3-7/6,published,新潟スポーツ,楽天Kドリームス 並び予想
2120241030010009,2024-10-30,弥彦競輪,F2,A1/A2,9,Ａ級特予選,14:34,14:29,7,https://keirin.kdreams.jp/yahiko/racedetail/2120241030010009/?pageType=odds,2026-10-05T02:37:23.987781+00:00,4-7-1/6/5-2-3,published,新潟スポーツ,楽天Kドリームス 並び予想
2120241030010010,2024-10-30,弥彦競輪,F2,A1/A2,10,Ａ級特予選,15:08,15:03,7,https://keirin.kdreams.jp/yahiko/racedetail/2120241030010010/?pageType=odds,2026-10-05T02:37:25.857044+00:00,2-7-5/4-1/6-3,published,新潟スポーツ,楽天Kドリームス 並び予想
2120241030010011,2024-10-30,弥彦競輪,F2,A1/A2,11,Ａ級特予選,15:44,15:39,7,https://keirin.kdreams.jp/yahiko/racedetail/2120241030010011/?pageType=odds,2026-10-05T02:37:27.710667+00:00,5-1-4/2-6/7-3,published,新潟スポーツ,楽天Kドリームス 並び予想
2120241030010012,2024-10-30,弥彦競輪,F2,A1/A2,12,Ａ級初日特選,16:22,16:17,7,https://keirin.kdreams.jp/yahiko/racedetail/2120241030010012/?pageType=odds,2026-10-05T02:37:29.966853+00:00,7-1-5/2-6/4-3,published,新潟スポーツ,楽天Kドリームス 並び予想
3120241030010001,2024-10-30,松戸競輪,F1,A1/A2,1,Ａ級予選,15:28,15:23,7,https://keirin.kdreams.jp/matsudo/racedetail/3120241030010001/?pageType=odds,2026-10-05T02:36:19.215985+00:00,3-7-5/4-2/6-1,published,アオケイ,楽天Kドリームス 並び予想
3120241030010002,2024-10-30,松戸競輪,F1,A1/A2,2,Ａ級予選,15:52,15:47,7,https://keirin.kdreams.jp/matsudo/racedetail/3120241030010002/?pageType=odds,2026-10-05T02:36:21.064623+00:00,5-2/1-7/6/4-3,published,アオケイ,楽天Kドリームス 並び予想
3120241030010003,2024-10-30,松戸競輪,F1,A1/A2,3,Ａ級予選,16:16,16:11,7,https://keirin.kdreams.jp/matsudo/racedetail/3120241030010003/?pageType=odds,2026-10-05T02:36:22.847214+00:00,5-1-6/4-2/7/3,published,アオケイ,楽天Kドリームス 並び予想
3120241030010004,2024-10-30,松戸競輪,F1,A1/A2,4,Ａ級予選,16:41,16:36,7,https://keirin.kdreams.jp/matsudo/racedetail/3120241030010004/?pageType=odds,2026-10-05T02:36:24.657310+00:00,7-1-4/6-2/3-5,published,アオケイ,楽天Kドリームス 並び予想
3120241030010005,2024-10-30,松戸競輪,F1,A1/A2,5,Ａ級初日特選,17:06,17:01,7,https://keirin.kdreams.jp/matsudo/racedetail/3120241030010005/?pageType=odds,2026-10-05T02:36:26.470475+00:00,2-7-4/1/5-3-6,published,アオケイ,楽天Kドリームス 並び予想
4720241030010001,2024-10-30,松阪競輪,F2,A1/A2,1,Ａ級予選,20:40,20:35,7,https://keirin.kdreams.jp/matsusaka/racedetail/4720241030010001/?pageType=odds,2026-10-05T02:36:45.427393+00:00,1-3-7/2-4/6-5,published,中部競輪,楽天Kドリームス 並び予想
4720241030010002,2024-10-30,松阪競輪,F2,A1/A2,2,Ａ級予選,21:05,21:00,7,https://keirin.kdreams.jp/matsusaka/racedetail/4720241030010002/?pageType=odds,2026-10-05T02:36:47.098514+00:00,3-1-6/2/7/4-5,published,中部競輪,楽天Kドリームス 並び予想
4720241030010003,2024-10-30,松阪競輪,F2,A1/A2,3,Ａ級予選,21:30,21:25,7,https://keirin.kdreams.jp/matsusaka/racedetail/4720241030010003/?pageType=odds,2026-10-05T02:36:48.898673+00:00,1-2/3-5/6-4-7,published,中部競輪,楽天Kドリームス 並び予想
4720241030010004,2024-10-30,松阪競輪,F2,A1/A2,4,Ａ級予選,21:55,21:50,7,https://keirin.kdreams.jp/matsusaka/racedetail/4720241030010004/?pageType=odds,2026-10-05T02:36:50.720968+00:00,1-3-4/5/6-2-7,published,中部競輪,楽天Kドリームス 並び予想
4720241030010005,2024-10-30,松阪競輪,F2,A1/A2,5,Ａ級予選,22:20,22:15,7,https://keirin.kdreams.jp/matsusaka/racedetail/4720241030010005/?pageType=odds,2026-10-05T02:36:52.473309+00:00,1-2-3-4/6/7-5,published,中部競輪,楽天Kドリームス 並び予想
4720241030010006,2024-10-30,松阪競輪,F2,A1/A2,6,Ａ級予選,22:45,22:40,7,https://keirin.kdreams.jp/matsusaka/racedetail/4720241030010006/?pageType=odds,2026-10-05T02:36:54.370458+00:00,2-1-6/4-3-5/7,published,中部競輪,楽天Kドリームス 並び予想
4720241030010007,2024-10-30,松阪競輪,F2,A1/A2,7,Ａ級初日特選,23:10,23:05,7,https://keirin.kdreams.jp/matsusaka/racedetail/4720241030010007/?pageType=odds,2026-10-05T02:36:56.113733+00:00,1-6/2-7/3/4-5,published,中部競輪,楽天Kドリームス 並び予想
1220241028030001,2024-10-30,青森競輪,F2,A1/A2,1,Ａ級一般,08:30,08:25,6,https://keirin.kdreams.jp/aomori/racedetail/1220241028030001/?pageType=odds,2026-10-05T02:34:08.652864+00:00,1-3/4/5-2-6,published,アオケイ,楽天Kドリームス 並び予想
1220241028030002,2024-10-30,青森競輪,F2,A1/A2,2,Ａ級一般,08:50,08:45,7,https://keirin.kdreams.jp/aomori/racedetail/1220241028030002/?pageType=odds,2026-10-05T02:34:10.456150+00:00,1-5-6/2-7/3-4,published,アオケイ,楽天Kドリームス 並び予想
1220241028030003,2024-10-30,青森競輪,F2,A1/A2,3,Ａ級一般,09:10,09:05,7,https://keirin.kdreams.jp/aomori/racedetail/1220241028030003/?pageType=odds,2026-10-05T02:34:12.269124+00:00,5-1/6/4-3-2/7,published,アオケイ,楽天Kドリームス 並び予想
1220241028030004,2024-10-30,青森競輪,F2,A1/A2,4,Ａ級特選,09:30,09:25,7,https://keirin.kdreams.jp/aomori/racedetail/1220241028030004/?pageType=odds,2026-10-05T02:34:14.070898+00:00,5-1-7/2-6/3-4,published,アオケイ,楽天Kドリームス 並び予想
1220241028030005,2024-10-30,青森競輪,F2,A1/A2,5,Ａ級特選,09:50,09:45,7,https://keirin.kdreams.jp/aomori/racedetail/1220241028030005/?pageType=odds,2026-10-05T02:34:15.914803+00:00,1-6/3-2/5/7-4,published,アオケイ,楽天Kドリームス 並び予想
1220241028030006,2024-10-30,青森競輪,F2,A1/A2,6,Ａ級特選,10:10,10:05,7,https://keirin.kdreams.jp/aomori/racedetail/1220241028030006/?pageType=odds,2026-10-05T02:34:17.692422+00:00,1-5/7-2/4-3-6,published,アオケイ,楽天Kドリームス 並び予想
1220241028030007,2024-10-30,青森競輪,F2,A1/A2,7,Ａ級決勝,10:30,10:25,7,https://keirin.kdreams.jp/aomori/racedetail/1220241028030007/?pageType=odds,2026-10-05T02:34:19.422090+00:00,4-1-5/3/2-7-6,published,アオケイ,楽天Kドリームス 並び予想
7120241029020001,2024-10-30,高松競輪,F1,A1/A2,1,Ａ級一般,10:36,10:31,7,https://keirin.kdreams.jp/takamatsu/racedetail/7120241029020001/?pageType=odds,2026-10-05T02:34:57.396510+00:00,4-1/7-2/3-6-5,published,競輪毎日,楽天Kドリームス 並び予想
7120241029020002,2024-10-30,高松競輪,F1,A1/A2,2,Ａ級一般,11:03,10:58,7,https://keirin.kdreams.jp/takamatsu/racedetail/7120241029020002/?pageType=odds,2026-10-05T02:34:59.146472+00:00,5-1/3/6/2-7-4,published,競輪毎日,楽天Kドリームス 並び予想
7120241029020003,2024-10-30,高松競輪,F1,A1/A2,3,Ａ級準決勝,11:30,11:25,7,https://keirin.kdreams.jp/takamatsu/racedetail/7120241029020003/?pageType=odds,2026-10-05T02:35:00.826896+00:00,1-4-3/6/5-2-7,published,競輪毎日,楽天Kドリームス 並び予想
7120241029020004,2024-10-30,高松競輪,F1,A1/A2,4,Ａ級準決勝,11:57,11:52,7,https://keirin.kdreams.jp/takamatsu/racedetail/7120241029020004/?pageType=odds,2026-10-05T02:35:02.754938+00:00,4-1/7-2/3-5-6,published,競輪毎日,楽天Kドリームス 並び予想
7120241029020005,2024-10-30,高松競輪,F1,A1/A2,5,Ａ級準決勝,12:25,12:20,7,https://keirin.kdreams.jp/takamatsu/racedetail/7120241029020005/?pageType=odds,2026-10-05T02:35:04.477027+00:00,1-3-5/6/7-2-4,published,競輪毎日,楽天Kドリームス 並び予想
2220241030020001,2024-10-31,前橋競輪,F2,A1/A2,1,Ａ級一般,20:50,20:45,7,https://keirin.kdreams.jp/maebashi/racedetail/2220241030020001/?pageType=odds,2026-10-05T02:35:55.388461+00:00,1-2-5-4/3/6/7,published,アオケイ,楽天Kドリームス 並び予想
2220241030020002,2024-10-31,前橋競輪,F2,A1/A2,2,Ａ級一般,21:15,21:10,7,https://keirin.kdreams.jp/maebashi/racedetail/2220241030020002/?pageType=odds,2026-10-05T02:35:57.168831+00:00,5-1-6-2-4-7/3,published,アオケイ,楽天Kドリームス 並び予想
2220241030020003,2024-10-31,前橋競輪,F2,A1/A2,3,Ａ級選抜,21:40,21:35,7,https://keirin.kdreams.jp/maebashi/racedetail/2220241030020003/?pageType=odds,2026-10-05T02:35:59.101352+00:00,1-4/3-2-5/6/7,published,アオケイ,楽天Kドリームス 並び予想
2220241030020004,2024-10-31,前橋競輪,F2,A1/A2,4,Ａ級選抜,22:05,22:00,7,https://keirin.kdreams.jp/maebashi/racedetail/2220241030020004/?pageType=odds,2026-10-05T02:36:00.882956+00:00,1-2-4-6/3-5/7,published,アオケイ,楽天Kドリームス 並び予想
2220241030020005,2024-10-31,前橋競輪,F2,A1/A2,5,Ａ級準決勝,22:30,22:25,7,https://keirin.kdreams.jp/maebashi/racedetail/2220241030020005/?pageType=odds,2026-10-05T02:36:02.660685+00:00,4-2-6/7-1/3-5,published,アオケイ,楽天Kドリームス 並び予想
2220241030020006,2024-10-31,前橋競輪,F2,A1/A2,6,Ａ級準決勝,22:55,22:50,7,https://keirin.kdreams.jp/maebashi/racedetail/2220241030020006/?pageType=odds,2026-10-05T02:36:04.435620+00:00,4-3/2-1/6-5-7,published,アオケイ,楽天Kドリームス 並び予想
2220241030020007,2024-10-31,前橋競輪,F2,A1/A2,7,Ａ級準決勝,23:20,23:15,7,https://keirin.kdreams.jp/maebashi/racedetail/2220241030020007/?pageType=odds,2026-10-05T02:36:06.390813+00:00,3-2-5/1-4-7/6,published,アオケイ,楽天Kドリームス 並び予想
4620241029030006,2024-10-31,富山競輪,F2,A1/A2,6,Ａ級特一般,12:42,12:37,5,https://keirin.kdreams.jp/toyama/racedetail/4620241029030006/?pageType=odds,2026-10-05T02:35:33.528610+00:00,1-3/2-4/5,published,中部競輪,楽天Kドリームス 並び予想
4620241029030007,2024-10-31,富山競輪,F2,A1/A2,7,Ａ級特一般,13:12,13:07,6,https://keirin.kdreams.jp/toyama/racedetail/4620241029030007/?pageType=odds,2026-10-05T02:35:35.290695+00:00,5-1/2-4/3-6,published,中部競輪,楽天Kドリームス 並び予想
4620241029030008,2024-10-31,富山競輪,F2,A1/A2,8,Ａ級特選,13:42,13:37,7,https://keirin.kdreams.jp/toyama/racedetail/4620241029030008/?pageType=odds,2026-10-05T02:35:37.238736+00:00,1-4/3/5-7-2/6,published,中部競輪,楽天Kドリームス 並び予想
4620241029030009,2024-10-31,富山競輪,F2,A1/A2,9,Ａ級特選,14:12,14:07,7,https://keirin.kdreams.jp/toyama/racedetail/4620241029030009/?pageType=odds,2026-10-05T02:35:38.962175+00:00,1-5-6/3-7-4/2,published,中部競輪,楽天Kドリームス 並び予想
4620241029030012,2024-10-31,富山競輪,F2,A1/A2,12,Ａ級決勝,15:57,15:52,7,https://keirin.kdreams.jp/toyama/racedetail/4620241029030012/?pageType=odds,2026-10-05T02:35:40.853613+00:00,1-4-6/2-5/3/7,published,中部競輪,楽天Kドリームス 並び予想
2120241030020008,2024-10-31,弥彦競輪,F2,A1/A2,8,Ａ級特一般,14:02,13:57,7,https://keirin.kdreams.jp/yahiko/racedetail/2120241030020008/?pageType=odds,2026-10-05T02:37:31.867923+00:00,1-4-2/7-3/5/6,published,新潟スポーツ,楽天Kドリームス 並び予想
2120241030020009,2024-10-31,弥彦競輪,F2,A1/A2,9,Ａ級特一般,14:34,14:29,7,https://keirin.kdreams.jp/yahiko/racedetail/2120241030020009/?pageType=odds,2026-10-05T02:37:33.893003+00:00,4-1/6-2/3-7/5,published,新潟スポーツ,楽天Kドリームス 並び予想
2120241030020010,2024-10-31,弥彦競輪,F2,A1/A2,10,Ａ級準決勝,15:08,15:03,7,https://keirin.kdreams.jp/yahiko/racedetail/2120241030020010/?pageType=odds,2026-10-05T02:37:35.696960+00:00,3-5/7-1-4/6-2,published,新潟スポーツ,楽天Kドリームス 並び予想
2120241030020011,2024-10-31,弥彦競輪,F2,A1/A2,11,Ａ級準決勝,15:44,15:39,7,https://keirin.kdreams.jp/yahiko/racedetail/2120241030020011/?pageType=odds,2026-10-05T02:37:37.942373+00:00,7-1-5/2-4-3/6,published,新潟スポーツ,楽天Kドリームス 並び予想
2120241030020012,2024-10-31,弥彦競輪,F2,A1/A2,12,Ａ級準決勝,16:22,16:17,7,https://keirin.kdreams.jp/yahiko/racedetail/2120241030020012/?pageType=odds,2026-10-05T02:37:39.714452+00:00,5-3/4-7-1/6-2,published,新潟スポーツ,楽天Kドリームス 並び予想
3120241030020001,2024-10-31,松戸競輪,F1,A1/A2,1,Ａ級一般,15:28,15:23,7,https://keirin.kdreams.jp/matsudo/racedetail/3120241030020001/?pageType=odds,2026-10-05T02:36:28.237507+00:00,1-5/2-4/6-3-7,published,アオケイ,楽天Kドリームス 並び予想
3120241030020002,2024-10-31,松戸競輪,F1,A1/A2,2,Ａ級一般,15:52,15:47,7,https://keirin.kdreams.jp/matsudo/racedetail/3120241030020002/?pageType=odds,2026-10-05T02:36:30.280464+00:00,1-4-5/2/7-3/6,published,アオケイ,楽天Kドリームス 並び予想
3120241030020003,2024-10-31,松戸競輪,F1,A1/A2,3,Ａ級準決勝,16:16,16:11,7,https://keirin.kdreams.jp/matsudo/racedetail/3120241030020003/?pageType=odds,2026-10-05T02:36:32.355624+00:00,7-1/2-5-6/4-3,published,アオケイ,楽天Kドリームス 並び予想
3120241030020004,2024-10-31,松戸競輪,F1,A1/A2,4,Ａ級準決勝,16:41,16:36,7,https://keirin.kdreams.jp/matsudo/racedetail/3120241030020004/?pageType=odds,2026-10-05T02:36:34.295216+00:00,4-1/2-5-6/3-7,published,アオケイ,楽天Kドリームス 並び予想
3120241030020005,2024-10-31,松戸競輪,F1,A1/A2,5,Ａ級準決勝,17:06,17:01,7,https://keirin.kdreams.jp/matsudo/racedetail/3120241030020005/?pageType=odds,2026-10-05T02:36:36.100359+00:00,5-1-6/7-2/3-4,published,アオケイ,楽天Kドリームス 並び予想
4720241030020001,2024-10-31,松阪競輪,F2,A1/A2,1,Ａ級一般,20:40,20:35,7,https://keirin.kdreams.jp/matsusaka/racedetail/4720241030020001/?pageType=odds,2026-10-05T02:36:57.957887+00:00,3-1-5-7/4-2-6,published,中部競輪,楽天Kドリームス 並び予想
4720241030020002,2024-10-31,松阪競輪,F2,A1/A2,2,Ａ級一般,21:05,21:00,7,https://keirin.kdreams.jp/matsusaka/racedetail/4720241030020002/?pageType=odds,2026-10-05T02:36:59.666148+00:00,4-1-7/2-6/3/5,published,中部競輪,楽天Kドリームス 並び予想
4720241030020003,2024-10-31,松阪競輪,F2,A1/A2,3,Ａ級選抜,21:30,21:25,7,https://keirin.kdreams.jp/matsusaka/racedetail/4720241030020003/?pageType=odds,2026-10-05T02:37:01.486607+00:00,2-3/6-1-5/7-4,published,中部競輪,楽天Kドリームス 並び予想
4720241030020004,2024-10-31,松阪競輪,F2,A1/A2,4,Ａ級選抜,21:55,21:50,7,https://keirin.kdreams.jp/matsusaka/racedetail/4720241030020004/?pageType=odds,2026-10-05T02:37:03.290935+00:00,1-7/2/4-6-3-5,published,中部競輪,楽天Kドリームス 並び予想
4720241030020005,2024-10-31,松阪競輪,F2,A1/A2,5,Ａ級準決勝,22:20,22:15,7,https://keirin.kdreams.jp/matsusaka/racedetail/4720241030020005/?pageType=odds,2026-10-05T02:37:05.052637+00:00,1-6/2-3/5-7/4,published,中部競輪,楽天Kドリームス 並び予想
4720241030020006,2024-10-31,松阪競輪,F2,A1/A2,6,Ａ級準決勝,22:45,22:40,7,https://keirin.kdreams.jp/matsusaka/racedetail/4720241030020006/?pageType=odds,2026-10-05T02:37:06.706500+00:00,1-5-7/4-2/6-3,published,中部競輪,楽天Kドリームス 並び予想
4720241030020007,2024-10-31,松阪競輪,F2,A1/A2,7,Ａ級準決勝,23:10,23:05,7,https://keirin.kdreams.jp/matsusaka/racedetail/4720241030020007/?pageType=odds,2026-10-05T02:37:08.552126+00:00,1-3-7/2-5/6-4,published,中部競輪,楽天Kドリームス 並び予想
7120241029030001,2024-10-31,高松競輪,F1,A1/A2,1,Ａ級一般,10:36,10:31,7,https://keirin.kdreams.jp/takamatsu/racedetail/7120241029030001/?pageType=odds,2026-10-05T02:35:06.387302+00:00,1-5/2-7-4/3/6,published,競輪毎日,楽天Kドリームス 並び予想
7120241029030002,2024-10-31,高松競輪,F1,A1/A2,2,Ａ級一般,11:03,10:58,7,https://keirin.kdreams.jp/takamatsu/racedetail/7120241029030002/?pageType=odds,2026-10-05T02:35:08.112516+00:00,1-4-2-6/5-3-7,published,競輪毎日,楽天Kドリームス 並び予想
7120241029030003,2024-10-31,高松競輪,F1,A1/A2,3,Ａ級特選,11:30,11:25,7,https://keirin.kdreams.jp/takamatsu/racedetail/7120241029030003/?pageType=odds,2026-10-05T02:35:10.003380+00:00,4-1-7/5-2/3-6,published,競輪毎日,楽天Kドリームス 並び予想
7120241029030004,2024-10-31,高松競輪,F1,A1/A2,4,Ａ級特選,11:57,11:52,7,https://keirin.kdreams.jp/takamatsu/racedetail/7120241029030004/?pageType=odds,2026-10-05T02:35:11.990974+00:00,1-7/4-2/5-3-6,published,競輪毎日,楽天Kドリームス 並び予想
7120241029030010,2024-10-31,高松競輪,F1,A1/A2,10,Ａ級決勝,14:59,14:54,7,https://keirin.kdreams.jp/takamatsu/racedetail/7120241029030010/?pageType=odds,2026-10-05T02:35:13.704844+00:00,6-1/5-2/7-3-4,published,競輪毎日,楽天Kドリームス 並び予想
