race_id,race_date,track,meeting_grade,race_no,race_type,start_time,deadline,entry_count,source_url,captured_at_utc,predicted_line_formation,line_status,line_provider,line_source
2420240401010006,2024-04-01,宇都宮競輪,F1,6,Ｓ級予選,13:06,13:01,7,https://keirin.kdreams.jp/utsunomiya/racedetail/2420240401010006/?pageType=result,2026-08-31T03:13:36.556608+00:00,6-2-4/7-1/3-5,published,アオケイ,楽天Kドリームス 並び予想
2420240401010007,2024-04-01,宇都宮競輪,F1,7,Ｓ級予選,13:36,13:31,7,https://keirin.kdreams.jp/utsunomiya/racedetail/2420240401010007/?pageType=result,2026-08-31T03:13:38.673461+00:00,4-1-6/2-5/3-7,published,アオケイ,楽天Kドリームス 並び予想
2420240401010008,2024-04-01,宇都宮競輪,F1,8,Ｓ級予選,14:08,14:03,7,https://keirin.kdreams.jp/utsunomiya/racedetail/2420240401010008/?pageType=result,2026-08-31T03:13:40.790036+00:00,4-1-5/6/7-2-3,published,アオケイ,楽天Kドリームス 並び予想
2420240401010009,2024-04-01,宇都宮競輪,F1,9,Ｓ級予選,14:42,14:37,7,https://keirin.kdreams.jp/utsunomiya/racedetail/2420240401010009/?pageType=result,2026-08-31T03:13:42.547340+00:00,1-7/5-2/6-4-3,published,アオケイ,楽天Kドリームス 並び予想
2420240401010010,2024-04-01,宇都宮競輪,F1,10,Ｓ級予選,15:17,15:12,7,https://keirin.kdreams.jp/utsunomiya/racedetail/2420240401010010/?pageType=result,2026-08-31T03:13:44.127984+00:00,1-4-7/6-2/3-5,published,アオケイ,楽天Kドリームス 並び予想
2420240401010011,2024-04-01,宇都宮競輪,F1,11,Ｓ級予選,15:52,15:47,7,https://keirin.kdreams.jp/utsunomiya/racedetail/2420240401010011/?pageType=result,2026-08-31T03:13:45.728193+00:00,5-7-1/6-2/4-3,published,アオケイ,楽天Kドリームス 並び予想
2420240401010012,2024-04-01,宇都宮競輪,F1,12,Ｓ級初特選,16:30,16:25,7,https://keirin.kdreams.jp/utsunomiya/racedetail/2420240401010012/?pageType=result,2026-08-31T03:13:47.992581+00:00,7-4-1/3-6/2-5,published,アオケイ,楽天Kドリームス 並び予想
8120240401010008,2024-04-01,小倉競輪,F1,8,Ｓ級予選,18:45,18:40,7,https://keirin.kdreams.jp/kokura/racedetail/8120240401010008/?pageType=result,2026-08-31T03:13:07.696924+00:00,4-1/7-2/6/5-3,published,コンドル出版社,楽天Kドリームス 並び予想
8120240401010009,2024-04-01,小倉競輪,F1,9,Ｓ級予選,19:10,19:05,7,https://keirin.kdreams.jp/kokura/racedetail/8120240401010009/?pageType=result,2026-08-31T03:13:09.242359+00:00,1-5/2-4/7-3-6,published,コンドル出版社,楽天Kドリームス 並び予想
8120240401010010,2024-04-01,小倉競輪,F1,10,Ｓ級予選,19:35,19:30,7,https://keirin.kdreams.jp/kokura/racedetail/8120240401010010/?pageType=result,2026-08-31T03:13:10.824219+00:00,5-1-6/7-2/3-4,published,コンドル出版社,楽天Kドリームス 並び予想
8120240401010011,2024-04-01,小倉競輪,F1,11,Ｓ級予選,20:00,19:55,7,https://keirin.kdreams.jp/kokura/racedetail/8120240401010011/?pageType=result,2026-08-31T03:13:12.370372+00:00,7-4-1/2-5/3-6,published,コンドル出版社,楽天Kドリームス 並び予想
8120240401010012,2024-04-01,小倉競輪,F1,12,Ｓ級初日特選,20:25,20:20,7,https://keirin.kdreams.jp/kokura/racedetail/8120240401010012/?pageType=result,2026-08-31T03:13:15.003763+00:00,7-1-3/5-2/4-6,published,コンドル出版社,楽天Kドリームス 並び予想
2420240401020006,2024-04-02,宇都宮競輪,F1,6,Ｓ級一般,13:06,13:01,7,https://keirin.kdreams.jp/utsunomiya/racedetail/2420240401020006/?pageType=result,2026-08-31T03:13:50.134407+00:00,2-5/1/6-3-7/4,published,アオケイ,楽天Kドリームス 並び予想
2420240401020007,2024-04-02,宇都宮競輪,F1,7,Ｓ級一般,13:36,13:31,7,https://keirin.kdreams.jp/utsunomiya/racedetail/2420240401020007/?pageType=result,2026-08-31T03:13:51.854145+00:00,6-2-1/4-7/5-3,published,アオケイ,楽天Kドリームス 並び予想
2420240401020008,2024-04-02,宇都宮競輪,F1,8,Ｓ級選抜,14:08,14:03,7,https://keirin.kdreams.jp/utsunomiya/racedetail/2420240401020008/?pageType=result,2026-08-31T03:13:53.434778+00:00,3-1-7/2/6/5-4,published,アオケイ,楽天Kドリームス 並び予想
2420240401020009,2024-04-02,宇都宮競輪,F1,9,Ｓ級選抜,14:42,14:37,7,https://keirin.kdreams.jp/utsunomiya/racedetail/2420240401020009/?pageType=result,2026-08-31T03:13:55.029009+00:00,7-2-3/6/4-1-5,published,アオケイ,楽天Kドリームス 並び予想
2420240401020010,2024-04-02,宇都宮競輪,F1,10,Ｓ級準決勝,15:17,15:12,7,https://keirin.kdreams.jp/utsunomiya/racedetail/2420240401020010/?pageType=result,2026-08-31T03:13:56.609182+00:00,1-5/7-2-4/3/6,published,アオケイ,楽天Kドリームス 並び予想
2420240401020011,2024-04-02,宇都宮競輪,F1,11,Ｓ級準決勝,15:52,15:47,7,https://keirin.kdreams.jp/utsunomiya/racedetail/2420240401020011/?pageType=result,2026-08-31T03:13:58.157124+00:00,2-5-1/4/6/7-3,published,アオケイ,楽天Kドリームス 並び予想
2420240401020012,2024-04-02,宇都宮競輪,F1,12,Ｓ級準決勝,16:30,16:25,7,https://keirin.kdreams.jp/utsunomiya/racedetail/2420240401020012/?pageType=result,2026-08-31T03:13:59.961184+00:00,5-1/7-2-4/3-6,published,アオケイ,楽天Kドリームス 並び予想
8120240401020008,2024-04-02,小倉競輪,F1,8,Ｓ級一般,18:45,18:40,7,https://keirin.kdreams.jp/kokura/racedetail/8120240401020008/?pageType=result,2026-08-31T03:13:16.920321+00:00,1-4-7/2-6/5-3,published,コンドル出版社,楽天Kドリームス 並び予想
8120240401020009,2024-04-02,小倉競輪,F1,9,Ｓ級一般,19:10,19:05,7,https://keirin.kdreams.jp/kokura/racedetail/8120240401020009/?pageType=result,2026-08-31T03:13:20.069116+00:00,1-5/2-7/3-6/4,published,コンドル出版社,楽天Kドリームス 並び予想
8120240401020010,2024-04-02,小倉競輪,F1,10,Ｓ級準決勝,19:35,19:30,7,https://keirin.kdreams.jp/kokura/racedetail/8120240401020010/?pageType=result,2026-08-31T03:13:22.085357+00:00,6-1/4-7-2/5-3,published,コンドル出版社,楽天Kドリームス 並び予想
8120240401020011,2024-04-02,小倉競輪,F1,11,Ｓ級準決勝,20:00,19:55,7,https://keirin.kdreams.jp/kokura/racedetail/8120240401020011/?pageType=result,2026-08-31T03:13:23.959788+00:00,1-7/2-4/5-3-6,published,コンドル出版社,楽天Kドリームス 並び予想
8120240401020012,2024-04-02,小倉競輪,F1,12,Ｓ級準決勝,20:25,20:20,7,https://keirin.kdreams.jp/kokura/racedetail/8120240401020012/?pageType=result,2026-08-31T03:13:25.728497+00:00,5-1-3-6/7-2/4,published,コンドル出版社,楽天Kドリームス 並び予想
6120240402010008,2024-04-02,玉野競輪,F1,8,Ｓ級予選,18:35,18:30,7,https://keirin.kdreams.jp/tamano/racedetail/6120240402010008/?pageType=result,2026-08-31T03:14:12.686600+00:00,1-7/6-2/5-3-4,published,競輪毎日,楽天Kドリームス 並び予想
6120240402010009,2024-04-02,玉野競輪,F1,9,Ｓ級予選,19:00,18:55,7,https://keirin.kdreams.jp/tamano/racedetail/6120240402010009/?pageType=result,2026-08-31T03:14:14.298781+00:00,1-6/5-2/3-7-4,published,競輪毎日,楽天Kドリームス 並び予想
6120240402010010,2024-04-02,玉野競輪,F1,10,Ｓ級予選,19:25,19:20,7,https://keirin.kdreams.jp/tamano/racedetail/6120240402010010/?pageType=result,2026-08-31T03:14:17.038173+00:00,7-1/4-2/5-3-6,published,競輪毎日,楽天Kドリームス 並び予想
6120240402010011,2024-04-02,玉野競輪,F1,11,Ｓ級予選,19:50,19:45,7,https://keirin.kdreams.jp/tamano/racedetail/6120240402010011/?pageType=result,2026-08-31T03:14:18.921307+00:00,1-2-7/3-5/4-6,published,競輪毎日,楽天Kドリームス 並び予想
6120240402010012,2024-04-02,玉野競輪,F1,12,Ｓ級初日特選,20:15,20:10,7,https://keirin.kdreams.jp/tamano/racedetail/6120240402010012/?pageType=result,2026-08-31T03:14:20.635358+00:00,2-7/4-1/6-3-5,published,競輪毎日,楽天Kドリームス 並び予想
2420240401030005,2024-04-03,宇都宮競輪,F1,5,Ｓ級一般,12:36,12:31,7,https://keirin.kdreams.jp/utsunomiya/racedetail/2420240401030005/?pageType=result,2026-08-31T03:14:01.538645+00:00,1-4/2-7/6/5-3,published,アオケイ,楽天Kドリームス 並び予想
2420240401030006,2024-04-03,宇都宮競輪,F1,6,Ｓ級一般,13:06,13:01,7,https://keirin.kdreams.jp/utsunomiya/racedetail/2420240401030006/?pageType=result,2026-08-31T03:14:03.146501+00:00,5-3-7/4/6-1-2,published,アオケイ,楽天Kドリームス 並び予想
2420240401030007,2024-04-03,宇都宮競輪,F1,7,Ｓ級一般,13:36,13:31,7,https://keirin.kdreams.jp/utsunomiya/racedetail/2420240401030007/?pageType=result,2026-08-31T03:14:04.745892+00:00,6-4-1/5-2/3-7,published,アオケイ,楽天Kドリームス 並び予想
2420240401030008,2024-04-03,宇都宮競輪,F1,8,Ｓ級特選,14:08,14:03,7,https://keirin.kdreams.jp/utsunomiya/racedetail/2420240401030008/?pageType=result,2026-08-31T03:14:06.352808+00:00,1-7-5/4-2/6-3,published,アオケイ,楽天Kドリームス 並び予想
2420240401030009,2024-04-03,宇都宮競輪,F1,9,Ｓ級特選,14:42,14:37,7,https://keirin.kdreams.jp/utsunomiya/racedetail/2420240401030009/?pageType=result,2026-08-31T03:14:07.906681+00:00,5-1/7-2/3-4-6,published,アオケイ,楽天Kドリームス 並び予想
2420240401030010,2024-04-03,宇都宮競輪,F1,10,Ｓ級特選,15:17,15:12,7,https://keirin.kdreams.jp/utsunomiya/racedetail/2420240401030010/?pageType=result,2026-08-31T03:14:09.507806+00:00,1-5-4/7-2/6-3,published,アオケイ,楽天Kドリームス 並び予想
2420240401030012,2024-04-03,宇都宮競輪,F1,12,Ｓ級決勝,16:30,16:25,7,https://keirin.kdreams.jp/utsunomiya/racedetail/2420240401030012/?pageType=result,2026-08-31T03:14:11.077497+00:00,1-7/5-2/4/6-3,published,アオケイ,楽天Kドリームス 並び予想
8120240401030006,2024-04-03,小倉競輪,F1,6,Ｓ級一般,18:05,18:00,7,https://keirin.kdreams.jp/kokura/racedetail/8120240401030006/?pageType=result,2026-08-31T03:13:28.423849+00:00,1-4/2-5-7/3-6,published,コンドル出版社,楽天Kドリームス 並び予想
8120240401030007,2024-04-03,小倉競輪,F1,7,Ｓ級一般,18:30,18:25,7,https://keirin.kdreams.jp/kokura/racedetail/8120240401030007/?pageType=result,2026-08-31T03:13:30.204836+00:00,1-7/2-5-6/4-3,published,コンドル出版社,楽天Kドリームス 並び予想
8120240401030008,2024-04-03,小倉競輪,F1,8,Ｓ級特選,18:55,18:50,7,https://keirin.kdreams.jp/kokura/racedetail/8120240401030008/?pageType=result,2026-08-31T03:13:31.788717+00:00,2-7-4/1-5/6-3,published,コンドル出版社,楽天Kドリームス 並び予想
8120240401030009,2024-04-03,小倉競輪,F1,9,Ｓ級特選,19:20,19:15,7,https://keirin.kdreams.jp/kokura/racedetail/8120240401030009/?pageType=result,2026-08-31T03:13:33.368642+00:00,1-4/7-2/6/3-5,published,コンドル出版社,楽天Kドリームス 並び予想
8120240401030012,2024-04-03,小倉競輪,F1,12,Ｓ級決勝,20:35,20:30,7,https://keirin.kdreams.jp/kokura/racedetail/8120240401030012/?pageType=result,2026-08-31T03:13:35.000874+00:00,3-5-1/4/7-2-6,published,コンドル出版社,楽天Kドリームス 並び予想
6120240402020008,2024-04-03,玉野競輪,F1,8,Ｓ級一般,18:45,18:40,7,https://keirin.kdreams.jp/tamano/racedetail/6120240402020008/?pageType=result,2026-08-31T03:14:22.267441+00:00,3-1/2-6-5/4/7,published,競輪毎日,楽天Kドリームス 並び予想
6120240402020009,2024-04-03,玉野競輪,F1,9,Ｓ級一般,19:10,19:05,7,https://keirin.kdreams.jp/tamano/racedetail/6120240402020009/?pageType=result,2026-08-31T03:14:23.850116+00:00,7-1/2-5-6/4-3,published,競輪毎日,楽天Kドリームス 並び予想
6120240402020010,2024-04-03,玉野競輪,F1,10,Ｓ級準決勝,19:35,19:30,7,https://keirin.kdreams.jp/tamano/racedetail/6120240402020010/?pageType=result,2026-08-31T03:14:26.645893+00:00,3-5-6/1-4/2-7,published,競輪毎日,楽天Kドリームス 並び予想
6120240402020011,2024-04-03,玉野競輪,F1,11,Ｓ級準決勝,20:00,19:55,7,https://keirin.kdreams.jp/tamano/racedetail/6120240402020011/?pageType=result,2026-08-31T03:14:28.485855+00:00,4-2-6/1/7-3-5,published,競輪毎日,楽天Kドリームス 並び予想
6120240402020012,2024-04-03,玉野競輪,F1,12,Ｓ級準決勝,20:25,20:20,7,https://keirin.kdreams.jp/tamano/racedetail/6120240402020012/?pageType=result,2026-08-31T03:14:30.424051+00:00,7-1-6/4-2/5-3,published,競輪毎日,楽天Kドリームス 並び予想
5520240404010006,2024-04-04,和歌山競輪,F1,6,Ｓ級予選,13:00,12:55,7,https://keirin.kdreams.jp/wakayama/racedetail/5520240404010006/?pageType=result,2026-08-31T03:16:13.080041+00:00,1-4/7-5-2/6-3,published,競輪研究,楽天Kドリームス 並び予想
5520240404010007,2024-04-04,和歌山競輪,F1,7,Ｓ級予選,13:25,13:20,7,https://keirin.kdreams.jp/wakayama/racedetail/5520240404010007/?pageType=result,2026-08-31T03:16:15.634478+00:00,7-1-4/6-2/5-3,published,競輪研究,楽天Kドリームス 並び予想
5520240404010008,2024-04-04,和歌山競輪,F1,8,Ｓ級予選,13:55,13:50,7,https://keirin.kdreams.jp/wakayama/racedetail/5520240404010008/?pageType=result,2026-08-31T03:16:17.382914+00:00,5-1-6/7-2/3-4,published,競輪研究,楽天Kドリームス 並び予想
5520240404010009,2024-04-04,和歌山競輪,F1,9,Ｓ級予選,14:25,14:20,7,https://keirin.kdreams.jp/wakayama/racedetail/5520240404010009/?pageType=result,2026-08-31T03:16:18.947094+00:00,1-5-4/2-7/6-3,published,競輪研究,楽天Kドリームス 並び予想
5520240404010010,2024-04-04,和歌山競輪,F1,10,Ｓ級予選,14:55,14:50,7,https://keirin.kdreams.jp/wakayama/racedetail/5520240404010010/?pageType=result,2026-08-31T03:16:20.527130+00:00,6-3/1-5/2-4-7,published,競輪研究,楽天Kドリームス 並び予想
5520240404010011,2024-04-04,和歌山競輪,F1,11,Ｓ級予選,15:35,15:30,7,https://keirin.kdreams.jp/wakayama/racedetail/5520240404010011/?pageType=result,2026-08-31T03:16:22.082257+00:00,7-1-4/2-5/6-3,published,競輪研究,楽天Kドリームス 並び予想
5520240404010012,2024-04-04,和歌山競輪,F1,12,Ｓ級初特選,16:15,16:10,7,https://keirin.kdreams.jp/wakayama/racedetail/5520240404010012/?pageType=result,2026-08-31T03:16:23.684654+00:00,7-5-1/4-2/6-3,published,競輪研究,楽天Kドリームス 並び予想
6120240402030006,2024-04-04,玉野競輪,F1,6,Ｓ級一般,18:11,18:06,7,https://keirin.kdreams.jp/tamano/racedetail/6120240402030006/?pageType=result,2026-08-31T03:14:32.031374+00:00,1/7-2/3-5-6/4,published,競輪毎日,楽天Kドリームス 並び予想
6120240402030007,2024-04-04,玉野競輪,F1,7,Ｓ級一般,18:35,18:30,7,https://keirin.kdreams.jp/tamano/racedetail/6120240402030007/?pageType=result,2026-08-31T03:14:33.597744+00:00,3-1-5/2-7/4/6,published,競輪毎日,楽天Kドリームス 並び予想
6120240402030008,2024-04-04,玉野競輪,F1,8,Ｓ級特選,18:59,18:54,7,https://keirin.kdreams.jp/tamano/racedetail/6120240402030008/?pageType=result,2026-08-31T03:14:35.221688+00:00,5-2/1-7/4-3-6,published,競輪毎日,楽天Kドリームス 並び予想
6120240402030009,2024-04-04,玉野競輪,F1,9,Ｓ級特選,19:23,19:18,7,https://keirin.kdreams.jp/tamano/racedetail/6120240402030009/?pageType=result,2026-08-31T03:14:36.906838+00:00,1-7-4/2/5-3-6,published,競輪毎日,楽天Kドリームス 並び予想
6120240402030012,2024-04-04,玉野競輪,F1,12,Ｓ級決勝,20:35,20:30,7,https://keirin.kdreams.jp/tamano/racedetail/6120240402030012/?pageType=result,2026-08-31T03:14:39.413649+00:00,5-2-7/1-6/3-4,published,競輪毎日,楽天Kドリームス 並び予想
1320240405010008,2024-04-05,いわき平競輪,F1,8,Ｓ級予選,18:35,18:30,7,https://keirin.kdreams.jp/iwakitaira/racedetail/1320240405010008/?pageType=result,2026-08-31T03:16:48.076200+00:00,5-1/2-4-6/3-7,published,アオケイ,楽天Kドリームス 並び予想
1320240405010009,2024-04-05,いわき平競輪,F1,9,Ｓ級予選,19:00,18:55,7,https://keirin.kdreams.jp/iwakitaira/racedetail/1320240405010009/?pageType=result,2026-08-31T03:16:49.626857+00:00,7-1-4/5-2/6-3,published,アオケイ,楽天Kドリームス 並び予想
1320240405010010,2024-04-05,いわき平競輪,F1,10,Ｓ級予選,19:25,19:20,7,https://keirin.kdreams.jp/iwakitaira/racedetail/1320240405010010/?pageType=result,2026-08-31T03:16:51.191217+00:00,6-1/4-2-5/3-7,published,アオケイ,楽天Kドリームス 並び予想
1320240405010011,2024-04-05,いわき平競輪,F1,11,Ｓ級予選,19:50,19:45,7,https://keirin.kdreams.jp/iwakitaira/racedetail/1320240405010011/?pageType=result,2026-08-31T03:16:52.719576+00:00,1-4-3/7-5-2/6,published,アオケイ,楽天Kドリームス 並び予想
1320240405010012,2024-04-05,いわき平競輪,F1,12,Ｓ級初日特選,20:20,20:15,7,https://keirin.kdreams.jp/iwakitaira/racedetail/1320240405010012/?pageType=result,2026-08-31T03:16:54.313449+00:00,2-5-1/7-3/4/6,published,アオケイ,楽天Kドリームス 並び予想
5520240404020006,2024-04-05,和歌山競輪,F1,6,Ｓ級一般,13:00,12:55,7,https://keirin.kdreams.jp/wakayama/racedetail/5520240404020006/?pageType=result,2026-08-31T03:16:25.238629+00:00,1-3-5/6/2-4-7,published,競輪研究,楽天Kドリームス 並び予想
5520240404020007,2024-04-05,和歌山競輪,F1,7,Ｓ級一般,13:25,13:20,7,https://keirin.kdreams.jp/wakayama/racedetail/5520240404020007/?pageType=result,2026-08-31T03:16:26.820837+00:00,1-5-7/2-4/6-3,published,競輪研究,楽天Kドリームス 並び予想
5520240404020008,2024-04-05,和歌山競輪,F1,8,Ｓ級選抜,13:55,13:50,7,https://keirin.kdreams.jp/wakayama/racedetail/5520240404020008/?pageType=result,2026-08-31T03:16:28.427679+00:00,1-5-7/6-2/4-3,published,競輪研究,楽天Kドリームス 並び予想
5520240404020009,2024-04-05,和歌山競輪,F1,9,Ｓ級選抜,14:25,14:20,7,https://keirin.kdreams.jp/wakayama/racedetail/5520240404020009/?pageType=result,2026-08-31T03:16:30.221800+00:00,1-2-5-7/4-3-6,published,競輪研究,楽天Kドリームス 並び予想
5520240404020010,2024-04-05,和歌山競輪,F1,10,Ｓ級準決勝,14:55,14:50,7,https://keirin.kdreams.jp/wakayama/racedetail/5520240404020010/?pageType=result,2026-08-31T03:16:31.833917+00:00,7-2/6-3/5-1-4,published,競輪研究,楽天Kドリームス 並び予想
5520240404020011,2024-04-05,和歌山競輪,F1,11,Ｓ級準決勝,15:35,15:30,7,https://keirin.kdreams.jp/wakayama/racedetail/5520240404020011/?pageType=result,2026-08-31T03:16:34.250822+00:00,6-2/4-1/3-7-5,published,競輪研究,楽天Kドリームス 並び予想
5520240404020012,2024-04-05,和歌山競輪,F1,12,Ｓ級準決勝,16:15,16:10,7,https://keirin.kdreams.jp/wakayama/racedetail/5520240404020012/?pageType=result,2026-08-31T03:16:35.829016+00:00,5-4-1/7-2/6-3,published,競輪研究,楽天Kドリームス 並び予想
1320240405020008,2024-04-06,いわき平競輪,F1,8,Ｓ級一般,18:35,18:30,7,https://keirin.kdreams.jp/iwakitaira/racedetail/1320240405020008/?pageType=result,2026-08-31T03:16:55.847188+00:00,7-1/6-2-4/5-3,published,アオケイ,楽天Kドリームス 並び予想
1320240405020009,2024-04-06,いわき平競輪,F1,9,Ｓ級一般,19:00,18:55,7,https://keirin.kdreams.jp/iwakitaira/racedetail/1320240405020009/?pageType=result,2026-08-31T03:16:57.422223+00:00,1-5-6/2/3-7/4,published,アオケイ,楽天Kドリームス 並び予想
1320240405020010,2024-04-06,いわき平競輪,F1,10,Ｓ級準決勝,19:25,19:20,7,https://keirin.kdreams.jp/iwakitaira/racedetail/1320240405020010/?pageType=result,2026-08-31T03:16:58.953830+00:00,1-5-6/7-2/3-4,published,アオケイ,楽天Kドリームス 並び予想
1320240405020011,2024-04-06,いわき平競輪,F1,11,Ｓ級準決勝,19:50,19:45,7,https://keirin.kdreams.jp/iwakitaira/racedetail/1320240405020011/?pageType=result,2026-08-31T03:17:00.517438+00:00,7-2/1-4/3-5-6,published,アオケイ,楽天Kドリームス 並び予想
1320240405020012,2024-04-06,いわき平競輪,F1,12,Ｓ級準決勝,20:20,20:15,7,https://keirin.kdreams.jp/iwakitaira/racedetail/1320240405020012/?pageType=result,2026-08-31T03:17:02.088810+00:00,4-1-7/2-5/6-3,published,アオケイ,楽天Kドリームス 並び予想
5520240404030005,2024-04-06,和歌山競輪,F1,5,Ｓ級一般,12:30,12:25,6,https://keirin.kdreams.jp/wakayama/racedetail/5520240404030005/?pageType=result,2026-08-31T03:16:37.200481+00:00,2-3-4/5-1-6,published,競輪研究,楽天Kドリームス 並び予想
5520240404030006,2024-04-06,和歌山競輪,F1,6,Ｓ級一般,13:00,12:55,7,https://keirin.kdreams.jp/wakayama/racedetail/5520240404030006/?pageType=result,2026-08-31T03:16:38.749560+00:00,6-4-1/3/5-7-2,published,競輪研究,楽天Kドリームス 並び予想
5520240404030007,2024-04-06,和歌山競輪,F1,7,Ｓ級一般,13:25,13:20,7,https://keirin.kdreams.jp/wakayama/racedetail/5520240404030007/?pageType=result,2026-08-31T03:16:40.329797+00:00,6-4-2/3-5-7-1,published,競輪研究,楽天Kドリームス 並び予想
5520240404030008,2024-04-06,和歌山競輪,F1,8,Ｓ級特選,13:55,13:50,7,https://keirin.kdreams.jp/wakayama/racedetail/5520240404030008/?pageType=result,2026-08-31T03:16:41.875947+00:00,4-2/6-5-1/3-7,published,競輪研究,楽天Kドリームス 並び予想
5520240404030009,2024-04-06,和歌山競輪,F1,9,Ｓ級特選,14:25,14:20,7,https://keirin.kdreams.jp/wakayama/racedetail/5520240404030009/?pageType=result,2026-08-31T03:16:43.434548+00:00,2-7-3/6-4-5-1,published,競輪研究,楽天Kドリームス 並び予想
5520240404030010,2024-04-06,和歌山競輪,F1,10,Ｓ級特選,14:55,14:50,7,https://keirin.kdreams.jp/wakayama/racedetail/5520240404030010/?pageType=result,2026-08-31T03:16:44.977411+00:00,1-7/6-3-5/4-2,published,競輪研究,楽天Kドリームス 並び予想
5520240404030012,2024-04-06,和歌山競輪,F1,12,Ｓ級決勝,16:15,16:10,7,https://keirin.kdreams.jp/wakayama/racedetail/5520240404030012/?pageType=result,2026-08-31T03:16:46.548520+00:00,7-1/2-4/6-5-3,published,競輪研究,楽天Kドリームス 並び予想
1320240405030006,2024-04-07,いわき平競輪,F1,6,Ｓ級一般,17:45,17:40,7,https://keirin.kdreams.jp/iwakitaira/racedetail/1320240405030006/?pageType=result,2026-08-31T03:17:03.706734+00:00,4-1/3-6/5-7-2,published,アオケイ,楽天Kドリームス 並び予想
1320240405030007,2024-04-07,いわき平競輪,F1,7,Ｓ級一般,18:10,18:05,7,https://keirin.kdreams.jp/iwakitaira/racedetail/1320240405030007/?pageType=result,2026-08-31T03:17:05.280977+00:00,7-1-5/4-2/6-3,published,アオケイ,楽天Kドリームス 並び予想
1320240405030008,2024-04-07,いわき平競輪,F1,8,Ｓ級特選,18:35,18:30,7,https://keirin.kdreams.jp/iwakitaira/racedetail/1320240405030008/?pageType=result,2026-08-31T03:17:06.851050+00:00,5-1/2-4-6/3-7,published,アオケイ,楽天Kドリームス 並び予想
1320240405030009,2024-04-07,いわき平競輪,F1,9,Ｓ級特選,19:00,18:55,7,https://keirin.kdreams.jp/iwakitaira/racedetail/1320240405030009/?pageType=result,2026-08-31T03:17:08.423899+00:00,5-3-1/2/4/6/7,published,アオケイ,楽天Kドリームス 並び予想
1320240405030012,2024-04-07,いわき平競輪,F1,12,Ｓ級決勝,20:30,20:25,7,https://keirin.kdreams.jp/iwakitaira/racedetail/1320240405030012/?pageType=result,2026-08-31T03:17:09.974309+00:00,1-5/7-2/4-3-6,published,アオケイ,楽天Kドリームス 並び予想
8520240408010006,2024-04-08,佐世保競輪,F1,6,Ｓ級予選,18:00,17:55,7,https://keirin.kdreams.jp/sasebo/racedetail/8520240408010006/?pageType=result,2026-08-31T03:17:45.057379+00:00,1-4-6/7-3/5-2,published,百万弗,楽天Kドリームス 並び予想
8520240408010007,2024-04-08,佐世保競輪,F1,7,Ｓ級予選,18:25,18:20,7,https://keirin.kdreams.jp/sasebo/racedetail/8520240408010007/?pageType=result,2026-08-31T03:17:46.840263+00:00,7-1/2-5/3-4-6,published,百万弗,楽天Kドリームス 並び予想
8520240408010008,2024-04-08,佐世保競輪,F1,8,Ｓ級予選,18:50,18:45,7,https://keirin.kdreams.jp/sasebo/racedetail/8520240408010008/?pageType=result,2026-08-31T03:17:48.533033+00:00,1-4-6/5-2/3-7,published,百万弗,楽天Kドリームス 並び予想
8520240408010009,2024-04-08,佐世保競輪,F1,9,Ｓ級予選,19:15,19:10,7,https://keirin.kdreams.jp/sasebo/racedetail/8520240408010009/?pageType=result,2026-08-31T03:17:51.260371+00:00,5-1-4/2-7/3/6,published,百万弗,楽天Kドリームス 並び予想
8520240408010010,2024-04-08,佐世保競輪,F1,10,Ｓ級予選,19:40,19:35,7,https://keirin.kdreams.jp/sasebo/racedetail/8520240408010010/?pageType=result,2026-08-31T03:17:53.110806+00:00,6-1/4-2-7/3-5,published,百万弗,楽天Kドリームス 並び予想
8520240408010011,2024-04-08,佐世保競輪,F1,11,Ｓ級予選,20:05,20:00,7,https://keirin.kdreams.jp/sasebo/racedetail/8520240408010011/?pageType=result,2026-08-31T03:17:54.776366+00:00,7-2-5/1-6/3-4,published,百万弗,楽天Kドリームス 並び予想
8520240408010012,2024-04-08,佐世保競輪,F1,12,Ｓ級初特選,20:30,20:25,7,https://keirin.kdreams.jp/sasebo/racedetail/8520240408010012/?pageType=result,2026-08-31T03:17:56.312884+00:00,7-2/5-1/4-6-3,published,百万弗,楽天Kドリームス 並び予想
3620240408010006,2024-04-08,小田原競輪,F1,6,Ｓ級予選,13:10,13:05,7,https://keirin.kdreams.jp/odawara/racedetail/3620240408010006/?pageType=result,2026-08-31T03:17:11.582180+00:00,7-2-1/5/4-3-6,published,小田競・サイクル,楽天Kドリームス 並び予想
3620240408010007,2024-04-08,小田原競輪,F1,7,Ｓ級予選,13:35,13:30,7,https://keirin.kdreams.jp/odawara/racedetail/3620240408010007/?pageType=result,2026-08-31T03:17:13.123015+00:00,4-1/2-6/3-5-7,published,小田競・サイクル,楽天Kドリームス 並び予想
3620240408010008,2024-04-08,小田原競輪,F1,8,Ｓ級予選,14:00,13:55,7,https://keirin.kdreams.jp/odawara/racedetail/3620240408010008/?pageType=result,2026-08-31T03:17:14.699235+00:00,3-7/6-1/5-2-4,published,小田競・サイクル,楽天Kドリームス 並び予想
3620240408010009,2024-04-08,小田原競輪,F1,9,Ｓ級予選,14:25,14:20,7,https://keirin.kdreams.jp/odawara/racedetail/3620240408010009/?pageType=result,2026-08-31T03:17:16.249165+00:00,1-4/2-7/3/5-6,published,小田競・サイクル,楽天Kドリームス 並び予想
3620240408010010,2024-04-08,小田原競輪,F1,10,Ｓ級予選,14:50,14:45,7,https://keirin.kdreams.jp/odawara/racedetail/3620240408010010/?pageType=result,2026-08-31T03:17:17.826813+00:00,5-1-7/6-2/3-4,published,小田競・サイクル,楽天Kドリームス 並び予想
3620240408010011,2024-04-08,小田原競輪,F1,11,Ｓ級予選,15:15,15:10,7,https://keirin.kdreams.jp/odawara/racedetail/3620240408010011/?pageType=result,2026-08-31T03:17:19.387709+00:00,1-4/6-2/3-7-5,published,小田競・サイクル,楽天Kドリームス 並び予想
3620240408010012,2024-04-08,小田原競輪,F1,12,Ｓ級初特選,15:40,15:35,7,https://keirin.kdreams.jp/odawara/racedetail/3620240408010012/?pageType=result,2026-08-31T03:17:20.932298+00:00,1/2-5/3/6-4-7,published,小田競・サイクル,楽天Kドリームス 並び予想
2820240408010006,2024-04-08,立川競輪,F1,6,Ｓ級予選,13:20,13:15,7,https://keirin.kdreams.jp/tachikawa/racedetail/2820240408010006/?pageType=result,2026-08-31T03:18:20.378201+00:00,5-1-6/7/2-4-3,published,アオケイ,楽天Kドリームス 並び予想
2820240408010007,2024-04-08,立川競輪,F1,7,Ｓ級予選,13:45,13:40,7,https://keirin.kdreams.jp/tachikawa/racedetail/2820240408010007/?pageType=result,2026-08-31T03:18:21.893222+00:00,6-1/2-5/3-4-7,published,アオケイ,楽天Kドリームス 並び予想
2820240408010008,2024-04-08,立川競輪,F1,8,Ｓ級予選,14:10,14:05,7,https://keirin.kdreams.jp/tachikawa/racedetail/2820240408010008/?pageType=result,2026-08-31T03:18:23.455362+00:00,6-1-2/3-7/5-4,published,アオケイ,楽天Kドリームス 並び予想
2820240408010009,2024-04-08,立川競輪,F1,9,Ｓ級予選,14:35,14:30,7,https://keirin.kdreams.jp/tachikawa/racedetail/2820240408010009/?pageType=result,2026-08-31T03:18:24.977571+00:00,1-5-3/6/4-7-2,published,アオケイ,楽天Kドリームス 並び予想
2820240408010010,2024-04-08,立川競輪,F1,10,Ｓ級予選,15:00,14:55,7,https://keirin.kdreams.jp/tachikawa/racedetail/2820240408010010/?pageType=result,2026-08-31T03:18:26.558760+00:00,7-1/4-2-5/6-3,published,アオケイ,楽天Kドリームス 並び予想
2820240408010011,2024-04-08,立川競輪,F1,11,Ｓ級予選,15:25,15:20,7,https://keirin.kdreams.jp/tachikawa/racedetail/2820240408010011/?pageType=result,2026-08-31T03:18:28.126384+00:00,3-7-1-5/2-4-6,published,アオケイ,楽天Kドリームス 並び予想
2820240408010012,2024-04-08,立川競輪,F1,12,Ｓ級初特選,15:50,15:45,7,https://keirin.kdreams.jp/tachikawa/racedetail/2820240408010012/?pageType=result,2026-08-31T03:18:29.712353+00:00,1-4/2-7/5-6-3,published,アオケイ,楽天Kドリームス 並び予想
8520240408020006,2024-04-09,佐世保競輪,F1,6,Ｓ級一般,18:00,17:55,5,https://keirin.kdreams.jp/sasebo/racedetail/8520240408020006/?pageType=result,2026-08-31T03:17:57.707859+00:00,2-5/1/3-4,published,百万弗,楽天Kドリームス 並び予想
8520240408020007,2024-04-09,佐世保競輪,F1,7,Ｓ級一般,18:25,18:20,6,https://keirin.kdreams.jp/sasebo/racedetail/8520240408020007/?pageType=result,2026-08-31T03:17:59.052264+00:00,1/3/6-4-5-2,published,百万弗,楽天Kドリームス 並び予想
8520240408020008,2024-04-09,佐世保競輪,F1,8,Ｓ級選抜,18:50,18:45,7,https://keirin.kdreams.jp/sasebo/racedetail/8520240408020008/?pageType=result,2026-08-31T03:18:00.606197+00:00,6-4-1/2-5-7/3,published,百万弗,楽天Kドリームス 並び予想
8520240408020009,2024-04-09,佐世保競輪,F1,9,Ｓ級選抜,19:15,19:10,7,https://keirin.kdreams.jp/sasebo/racedetail/8520240408020009/?pageType=result,2026-08-31T03:18:02.137859+00:00,5-3/7-2/6-1/4,published,百万弗,楽天Kドリームス 並び予想
8520240408020010,2024-04-09,佐世保競輪,F1,10,Ｓ級準決勝,19:40,19:35,7,https://keirin.kdreams.jp/sasebo/racedetail/8520240408020010/?pageType=result,2026-08-31T03:18:03.760657+00:00,1-7/2-4/6-3/5,published,百万弗,楽天Kドリームス 並び予想
8520240408020011,2024-04-09,佐世保競輪,F1,11,Ｓ級準決勝,20:05,20:00,7,https://keirin.kdreams.jp/sasebo/racedetail/8520240408020011/?pageType=result,2026-08-31T03:18:05.317062+00:00,1-5-7/2-6/4-3,published,百万弗,楽天Kドリームス 並び予想
8520240408020012,2024-04-09,佐世保競輪,F1,12,Ｓ級準決勝,20:30,20:25,7,https://keirin.kdreams.jp/sasebo/racedetail/8520240408020012/?pageType=result,2026-08-31T03:18:06.876798+00:00,7-1-4/6-2/3-5,published,百万弗,楽天Kドリームス 並び予想
3620240408020006,2024-04-09,小田原競輪,F1,6,Ｓ級一般,13:10,13:05,7,https://keirin.kdreams.jp/odawara/racedetail/3620240408020006/?pageType=result,2026-08-31T03:17:22.509584+00:00,1-7/5-3/4-6/2,published,小田競・サイクル,楽天Kドリームス 並び予想
3620240408020007,2024-04-09,小田原競輪,F1,7,Ｓ級一般,13:35,13:30,7,https://keirin.kdreams.jp/odawara/racedetail/3620240408020007/?pageType=result,2026-08-31T03:17:24.055032+00:00,1-6/7-2-5/4-3,published,小田競・サイクル,楽天Kドリームス 並び予想
3620240408020008,2024-04-09,小田原競輪,F1,8,Ｓ級選抜,14:00,13:55,7,https://keirin.kdreams.jp/odawara/racedetail/3620240408020008/?pageType=result,2026-08-31T03:17:25.641207+00:00,5-1-4/6/7-2-3,published,小田競・サイクル,楽天Kドリームス 並び予想
3620240408020009,2024-04-09,小田原競輪,F1,9,Ｓ級選抜,14:25,14:20,7,https://keirin.kdreams.jp/odawara/racedetail/3620240408020009/?pageType=result,2026-08-31T03:17:27.209441+00:00,4-1-5/2-7/6-3,published,小田競・サイクル,楽天Kドリームス 並び予想
3620240408020010,2024-04-09,小田原競輪,F1,10,Ｓ級準決勝,14:50,14:45,7,https://keirin.kdreams.jp/odawara/racedetail/3620240408020010/?pageType=result,2026-08-31T03:17:28.817131+00:00,7-3/1-4-6/2-5,published,小田競・サイクル,楽天Kドリームス 並び予想
3620240408020011,2024-04-09,小田原競輪,F1,11,Ｓ級準決勝,15:15,15:10,7,https://keirin.kdreams.jp/odawara/racedetail/3620240408020011/?pageType=result,2026-08-31T03:17:30.377947+00:00,3-7/2-5-6/4-1,published,小田競・サイクル,楽天Kドリームス 並び予想
3620240408020012,2024-04-09,小田原競輪,F1,12,Ｓ級準決勝,15:40,15:35,7,https://keirin.kdreams.jp/odawara/racedetail/3620240408020012/?pageType=result,2026-08-31T03:17:31.931137+00:00,3-4/1-7/5/2-6,published,小田競・サイクル,楽天Kドリームス 並び予想
2820240408020006,2024-04-09,立川競輪,F1,6,Ｓ級一般,13:20,13:15,6,https://keirin.kdreams.jp/tachikawa/racedetail/2820240408020006/?pageType=result,2026-08-31T03:18:31.110787+00:00,4-1/2-6/3-5,published,アオケイ,楽天Kドリームス 並び予想
2820240408020007,2024-04-09,立川競輪,F1,7,Ｓ級一般,13:45,13:40,7,https://keirin.kdreams.jp/tachikawa/racedetail/2820240408020007/?pageType=result,2026-08-31T03:18:32.683378+00:00,1-5-6/4/3-2-7,published,アオケイ,楽天Kドリームス 並び予想
2820240408020008,2024-04-09,立川競輪,F1,8,Ｓ級選抜,14:10,14:05,7,https://keirin.kdreams.jp/tachikawa/racedetail/2820240408020008/?pageType=result,2026-08-31T03:18:34.267550+00:00,1-6/2-7-4/5-3,published,アオケイ,楽天Kドリームス 並び予想
2820240408020009,2024-04-09,立川競輪,F1,9,Ｓ級選抜,14:35,14:30,7,https://keirin.kdreams.jp/tachikawa/racedetail/2820240408020009/?pageType=result,2026-08-31T03:18:35.815751+00:00,2-5-7/1-6/4-3,published,アオケイ,楽天Kドリームス 並び予想
2820240408020010,2024-04-09,立川競輪,F1,10,Ｓ級準決勝,15:00,14:55,7,https://keirin.kdreams.jp/tachikawa/racedetail/2820240408020010/?pageType=result,2026-08-31T03:18:37.366412+00:00,7-1-6/3/4/5-2,published,アオケイ,楽天Kドリームス 並び予想
2820240408020011,2024-04-09,立川競輪,F1,11,Ｓ級準決勝,15:25,15:20,7,https://keirin.kdreams.jp/tachikawa/racedetail/2820240408020011/?pageType=result,2026-08-31T03:18:39.026170+00:00,4-1-6/7-2/5-3,published,アオケイ,楽天Kドリームス 並び予想
2820240408020012,2024-04-09,立川競輪,F1,12,Ｓ級準決勝,15:50,15:45,7,https://keirin.kdreams.jp/tachikawa/racedetail/2820240408020012/?pageType=result,2026-08-31T03:18:40.568034+00:00,1-4/2-7-5/6-3,published,アオケイ,楽天Kドリームス 並び予想
8520240408030005,2024-04-10,佐世保競輪,F1,5,Ｓ級一般,17:35,17:30,5,https://keirin.kdreams.jp/sasebo/racedetail/8520240408030005/?pageType=result,2026-08-31T03:18:08.274884+00:00,1-4-5/2-3,published,百万弗,楽天Kドリームス 並び予想
8520240408030006,2024-04-10,佐世保競輪,F1,6,Ｓ級一般,18:00,17:55,6,https://keirin.kdreams.jp/sasebo/racedetail/8520240408030006/?pageType=result,2026-08-31T03:18:09.679598+00:00,6-2-4/5-1-3,published,百万弗,楽天Kドリームス 並び予想
8520240408030007,2024-04-10,佐世保競輪,F1,7,Ｓ級一般,18:25,18:20,6,https://keirin.kdreams.jp/sasebo/racedetail/8520240408030007/?pageType=result,2026-08-31T03:18:11.035546+00:00,3-2/6/4-5-1,published,百万弗,楽天Kドリームス 並び予想
8520240408030008,2024-04-10,佐世保競輪,F1,8,Ｓ級特選,18:50,18:45,7,https://keirin.kdreams.jp/sasebo/racedetail/8520240408030008/?pageType=result,2026-08-31T03:18:13.711055+00:00,7-1-4/5-2/6-3,published,百万弗,楽天Kドリームス 並び予想
8520240408030009,2024-04-10,佐世保競輪,F1,9,Ｓ級特選,19:15,19:10,7,https://keirin.kdreams.jp/sasebo/racedetail/8520240408030009/?pageType=result,2026-08-31T03:18:15.528155+00:00,2-7-6/4-1/5-3,published,百万弗,楽天Kドリームス 並び予想
8520240408030010,2024-04-10,佐世保競輪,F1,10,Ｓ級特選,19:40,19:35,7,https://keirin.kdreams.jp/sasebo/racedetail/8520240408030010/?pageType=result,2026-08-31T03:18:17.265138+00:00,1-7-4/2-6/3-5,published,百万弗,楽天Kドリームス 並び予想
8520240408030012,2024-04-10,佐世保競輪,F1,12,Ｓ級決勝,20:30,20:25,7,https://keirin.kdreams.jp/sasebo/racedetail/8520240408030012/?pageType=result,2026-08-31T03:18:18.795651+00:00,6-4-1/7-2/3-5,published,百万弗,楽天Kドリームス 並び予想
3620240408030005,2024-04-10,小田原競輪,F1,5,Ｓ級一般,12:45,12:40,6,https://keirin.kdreams.jp/odawara/racedetail/3620240408030005/?pageType=result,2026-08-31T03:17:33.338964+00:00,1-4/5-2/3-6,published,小田競・サイクル,楽天Kドリームス 並び予想
3620240408030006,2024-04-10,小田原競輪,F1,6,Ｓ級一般,13:10,13:05,6,https://keirin.kdreams.jp/odawara/racedetail/3620240408030006/?pageType=result,2026-08-31T03:17:34.721556+00:00,5-1-3/4/6-2,published,小田競・サイクル,楽天Kドリームス 並び予想
3620240408030007,2024-04-10,小田原競輪,F1,7,Ｓ級一般,13:35,13:30,7,https://keirin.kdreams.jp/odawara/racedetail/3620240408030007/?pageType=result,2026-08-31T03:17:36.302294+00:00,2-7-4/6-1/5-3,published,小田競・サイクル,楽天Kドリームス 並び予想
3620240408030008,2024-04-10,小田原競輪,F1,8,Ｓ級特選,14:00,13:55,7,https://keirin.kdreams.jp/odawara/racedetail/3620240408030008/?pageType=result,2026-08-31T03:17:37.839753+00:00,1-4/5-2/6-7-3,published,小田競・サイクル,楽天Kドリームス 並び予想
3620240408030009,2024-04-10,小田原競輪,F1,9,Ｓ級特選,14:25,14:20,7,https://keirin.kdreams.jp/odawara/racedetail/3620240408030009/?pageType=result,2026-08-31T03:17:39.422146+00:00,1-4-7/5-2/6-3,published,小田競・サイクル,楽天Kドリームス 並び予想
3620240408030010,2024-04-10,小田原競輪,F1,10,Ｓ級特選,14:50,14:45,7,https://keirin.kdreams.jp/odawara/racedetail/3620240408030010/?pageType=result,2026-08-31T03:17:40.983034+00:00,1-7-5/2/3-6/4,published,小田競・サイクル,楽天Kドリームス 並び予想
3620240408030012,2024-04-10,小田原競輪,F1,12,Ｓ級決勝,15:40,15:35,7,https://keirin.kdreams.jp/odawara/racedetail/3620240408030012/?pageType=result,2026-08-31T03:17:42.528814+00:00,2-5/1/3-6/4-7,published,小田競・サイクル,楽天Kドリームス 並び予想
2820240408030005,2024-04-10,立川競輪,F1,5,Ｓ級一般,12:55,12:50,5,https://keirin.kdreams.jp/tachikawa/racedetail/2820240408030005/?pageType=result,2026-08-31T03:18:42.897375+00:00,4-3-1/2-5,published,アオケイ,楽天Kドリームス 並び予想
2820240408030006,2024-04-10,立川競輪,F1,6,Ｓ級一般,13:20,13:15,6,https://keirin.kdreams.jp/tachikawa/racedetail/2820240408030006/?pageType=result,2026-08-31T03:18:44.541048+00:00,5-1-3/2-4-6,published,アオケイ,楽天Kドリームス 並び予想
2820240408030007,2024-04-10,立川競輪,F1,7,Ｓ級一般,13:45,13:40,6,https://keirin.kdreams.jp/tachikawa/racedetail/2820240408030007/?pageType=result,2026-08-31T03:18:46.165329+00:00,1-4-6/5-2-3,published,アオケイ,楽天Kドリームス 並び予想
2820240408030009,2024-04-10,立川競輪,F1,9,Ｓ級特選,14:35,14:30,7,https://keirin.kdreams.jp/tachikawa/racedetail/2820240408030009/?pageType=result,2026-08-31T03:18:47.731324+00:00,1-5/2-4-6/3-7,published,アオケイ,楽天Kドリームス 並び予想
2820240408030010,2024-04-10,立川競輪,F1,10,Ｓ級特選,15:00,14:55,7,https://keirin.kdreams.jp/tachikawa/racedetail/2820240408030010/?pageType=result,2026-08-31T03:18:49.267493+00:00,1-4/2-7/3-6-5,published,アオケイ,楽天Kドリームス 並び予想
2820240408030011,2024-04-10,立川競輪,F1,11,Ｓ級特選,15:25,15:20,7,https://keirin.kdreams.jp/tachikawa/racedetail/2820240408030011/?pageType=result,2026-08-31T03:18:50.851849+00:00,5-1-6/2-4/3/7,published,アオケイ,楽天Kドリームス 並び予想
2820240408030012,2024-04-10,立川競輪,F1,12,Ｓ級決勝,15:50,15:45,7,https://keirin.kdreams.jp/tachikawa/racedetail/2820240408030012/?pageType=result,2026-08-31T03:18:52.424060+00:00,1-4/2-5/7/3-6,published,アオケイ,楽天Kドリームス 並び予想
5320240411010006,2024-04-11,奈良競輪,F1,6,Ｓ級予選,17:42,17:37,7,https://keirin.kdreams.jp/nara/racedetail/5320240411010006/?pageType=result,2026-08-31T03:21:07.297968+00:00,7-5-1/2-4/3-6,published,競輪研究,楽天Kドリームス 並び予想
5320240411010007,2024-04-11,奈良競輪,F1,7,Ｓ級予選,18:06,18:01,7,https://keirin.kdreams.jp/nara/racedetail/5320240411010007/?pageType=result,2026-08-31T03:21:08.901609+00:00,4-7-3/6-1/2-5,published,競輪研究,楽天Kドリームス 並び予想
5320240411010008,2024-04-11,奈良競輪,F1,8,Ｓ級予選,18:31,18:26,7,https://keirin.kdreams.jp/nara/racedetail/5320240411010008/?pageType=result,2026-08-31T03:21:10.503732+00:00,5-1-7/2-4/6-3,published,競輪研究,楽天Kドリームス 並び予想
5320240411010009,2024-04-11,奈良競輪,F1,9,Ｓ級予選,18:56,18:51,7,https://keirin.kdreams.jp/nara/racedetail/5320240411010009/?pageType=result,2026-08-31T03:21:12.035913+00:00,7-5-2/1-6/3-4,published,競輪研究,楽天Kドリームス 並び予想
5320240411010010,2024-04-11,奈良競輪,F1,10,Ｓ級予選,19:24,19:19,7,https://keirin.kdreams.jp/nara/racedetail/5320240411010010/?pageType=result,2026-08-31T03:21:13.610461+00:00,1-5-4/6-2/3-7,published,競輪研究,楽天Kドリームス 並び予想
5320240411010011,2024-04-11,奈良競輪,F1,11,Ｓ級予選,19:52,19:47,7,https://keirin.kdreams.jp/nara/racedetail/5320240411010011/?pageType=result,2026-08-31T03:21:15.174976+00:00,1-7/2-5-6/4-3,published,競輪研究,楽天Kドリームス 並び予想
5320240411010012,2024-04-11,奈良競輪,F1,12,Ｓ級初特選,20:20,20:15,7,https://keirin.kdreams.jp/nara/racedetail/5320240411010012/?pageType=result,2026-08-31T03:21:16.709934+00:00,3-5/1/2/7-4/6,published,競輪研究,楽天Kドリームス 並び予想
4720240411010006,2024-04-11,松阪競輪,F1,6,Ｓ級予選,13:05,13:00,7,https://keirin.kdreams.jp/matsusaka/racedetail/4720240411010006/?pageType=result,2026-08-31T03:20:28.511679+00:00,1-5-7/4-3/6-2,published,中部競輪,楽天Kドリームス 並び予想
4720240411010007,2024-04-11,松阪競輪,F1,7,Ｓ級予選,13:33,13:28,7,https://keirin.kdreams.jp/matsusaka/racedetail/4720240411010007/?pageType=result,2026-08-31T03:20:30.280655+00:00,4-3-1/6/5-2-7,published,中部競輪,楽天Kドリームス 並び予想
4720240411010008,2024-04-11,松阪競輪,F1,8,Ｓ級予選,14:01,13:56,7,https://keirin.kdreams.jp/matsusaka/racedetail/4720240411010008/?pageType=result,2026-08-31T03:20:31.818194+00:00,4-1-6/7-2/3-5,published,中部競輪,楽天Kドリームス 並び予想
4720240411010009,2024-04-11,松阪競輪,F1,9,Ｓ級予選,14:30,14:25,7,https://keirin.kdreams.jp/matsusaka/racedetail/4720240411010009/?pageType=result,2026-08-31T03:20:33.390863+00:00,2-4/5-1-7/6-3,published,中部競輪,楽天Kドリームス 並び予想
4720240411010010,2024-04-11,松阪競輪,F1,10,Ｓ級予選,15:01,14:56,7,https://keirin.kdreams.jp/matsusaka/racedetail/4720240411010010/?pageType=result,2026-08-31T03:20:34.955377+00:00,1-7/4-2-6/5-3,published,中部競輪,楽天Kドリームス 並び予想
4720240411010011,2024-04-11,松阪競輪,F1,11,Ｓ級予選,15:35,15:30,7,https://keirin.kdreams.jp/matsusaka/racedetail/4720240411010011/?pageType=result,2026-08-31T03:20:36.550233+00:00,5-2-6/1-7/4-3,published,中部競輪,楽天Kドリームス 並び予想
4720240411010012,2024-04-11,松阪競輪,F1,12,Ｓ級初特選,16:11,16:06,7,https://keirin.kdreams.jp/matsusaka/racedetail/4720240411010012/?pageType=result,2026-08-31T03:20:38.091937+00:00,1-4-6/3-7/2-5,published,中部競輪,楽天Kドリームス 並び予想
5320240411020006,2024-04-12,奈良競輪,F1,6,Ｓ級一般,17:42,17:37,7,https://keirin.kdreams.jp/nara/racedetail/5320240411020006/?pageType=result,2026-08-31T03:21:18.317222+00:00,7-1-3/6-2/4-5,published,競輪研究,楽天Kドリームス 並び予想
5320240411020007,2024-04-12,奈良競輪,F1,7,Ｓ級一般,18:06,18:01,7,https://keirin.kdreams.jp/nara/racedetail/5320240411020007/?pageType=result,2026-08-31T03:21:19.864030+00:00,1-4-6/5-2/3-7,published,競輪研究,楽天Kドリームス 並び予想
5320240411020008,2024-04-12,奈良競輪,F1,8,Ｓ級選抜,18:31,18:26,7,https://keirin.kdreams.jp/nara/racedetail/5320240411020008/?pageType=result,2026-08-31T03:21:21.435895+00:00,5-1-7/2/4-3-6,published,競輪研究,楽天Kドリームス 並び予想
5320240411020009,2024-04-12,奈良競輪,F1,9,Ｓ級選抜,18:56,18:51,7,https://keirin.kdreams.jp/nara/racedetail/5320240411020009/?pageType=result,2026-08-31T03:21:22.991959+00:00,2-7-4-5/3/6-1,published,競輪研究,楽天Kドリームス 並び予想
5320240411020010,2024-04-12,奈良競輪,F1,10,Ｓ級準決勝,19:24,19:19,7,https://keirin.kdreams.jp/nara/racedetail/5320240411020010/?pageType=result,2026-08-31T03:21:24.577116+00:00,1-4-6/5-2/7-3,published,競輪研究,楽天Kドリームス 並び予想
5320240411020011,2024-04-12,奈良競輪,F1,11,Ｓ級準決勝,19:52,19:47,7,https://keirin.kdreams.jp/nara/racedetail/5320240411020011/?pageType=result,2026-08-31T03:21:26.133905+00:00,5-7-1/4-2/6-3,published,競輪研究,楽天Kドリームス 並び予想
5320240411020012,2024-04-12,奈良競輪,F1,12,Ｓ級準決勝,20:20,20:15,7,https://keirin.kdreams.jp/nara/racedetail/5320240411020012/?pageType=result,2026-08-31T03:21:27.724084+00:00,4-1-6/2-7/5-3,published,競輪研究,楽天Kドリームス 並び予想
4720240411020006,2024-04-12,松阪競輪,F1,6,Ｓ級一般,13:05,13:00,7,https://keirin.kdreams.jp/matsusaka/racedetail/4720240411020006/?pageType=result,2026-08-31T03:20:39.670591+00:00,1-5/7-2/4/6-3,published,中部競輪,楽天Kドリームス 並び予想
4720240411020007,2024-04-12,松阪競輪,F1,7,Ｓ級一般,13:33,13:28,7,https://keirin.kdreams.jp/matsusaka/racedetail/4720240411020007/?pageType=result,2026-08-31T03:20:42.158212+00:00,1-6/5-4-2/3-7,published,中部競輪,楽天Kドリームス 並び予想
4720240411020008,2024-04-12,松阪競輪,F1,8,Ｓ級選抜,14:01,13:56,7,https://keirin.kdreams.jp/matsusaka/racedetail/4720240411020008/?pageType=result,2026-08-31T03:20:43.988994+00:00,5-1-6/3/7-2-4,published,中部競輪,楽天Kドリームス 並び予想
4720240411020009,2024-04-12,松阪競輪,F1,9,Ｓ級選抜,14:30,14:25,7,https://keirin.kdreams.jp/matsusaka/racedetail/4720240411020009/?pageType=result,2026-08-31T03:20:45.733681+00:00,1-6/7-2-4/5-3,published,中部競輪,楽天Kドリームス 並び予想
4720240411020010,2024-04-12,松阪競輪,F1,10,Ｓ級準決勝,15:01,14:56,7,https://keirin.kdreams.jp/matsusaka/racedetail/4720240411020010/?pageType=result,2026-08-31T03:20:47.292714+00:00,5-3-1/6/2-4-7,published,中部競輪,楽天Kドリームス 並び予想
4720240411020011,2024-04-12,松阪競輪,F1,11,Ｓ級準決勝,15:35,15:30,7,https://keirin.kdreams.jp/matsusaka/racedetail/4720240411020011/?pageType=result,2026-08-31T03:20:48.881550+00:00,4-2/7-1/3-5-6,published,中部競輪,楽天Kドリームス 並び予想
4720240411020012,2024-04-12,松阪競輪,F1,12,Ｓ級準決勝,16:11,16:06,7,https://keirin.kdreams.jp/matsusaka/racedetail/4720240411020012/?pageType=result,2026-08-31T03:20:50.437841+00:00,6-1-4/2/3-5-7,published,中部競輪,楽天Kドリームス 並び予想
8320240413010006,2024-04-13,久留米競輪,F1,6,Ｓ級予選,17:55,17:50,7,https://keirin.kdreams.jp/kurume/racedetail/8320240413010006/?pageType=result,2026-08-31T03:21:40.394427+00:00,4-2/5-1/7-3-6,published,コンドル出版社,楽天Kドリームス 並び予想
8320240413010007,2024-04-13,久留米競輪,F1,7,Ｓ級予選,18:18,18:13,7,https://keirin.kdreams.jp/kurume/racedetail/8320240413010007/?pageType=result,2026-08-31T03:21:41.969001+00:00,4-1-6/5/7-3-2,published,コンドル出版社,楽天Kドリームス 並び予想
8320240413010008,2024-04-13,久留米競輪,F1,8,Ｓ級予選,18:41,18:36,7,https://keirin.kdreams.jp/kurume/racedetail/8320240413010008/?pageType=result,2026-08-31T03:21:43.510735+00:00,1-7-3-6/4-2-5,published,コンドル出版社,楽天Kドリームス 並び予想
8320240413010009,2024-04-13,久留米競輪,F1,9,Ｓ級予選,19:04,18:59,7,https://keirin.kdreams.jp/kurume/racedetail/8320240413010009/?pageType=result,2026-08-31T03:21:45.095472+00:00,1-4/5-2-6/7-3,published,コンドル出版社,楽天Kドリームス 並び予想
8320240413010010,2024-04-13,久留米競輪,F1,10,Ｓ級予選,19:29,19:24,7,https://keirin.kdreams.jp/kurume/racedetail/8320240413010010/?pageType=result,2026-08-31T03:21:46.634500+00:00,3-4-7/1/5/6-2,published,コンドル出版社,楽天Kドリームス 並び予想
8320240413010011,2024-04-13,久留米競輪,F1,11,Ｓ級予選,19:54,19:49,7,https://keirin.kdreams.jp/kurume/racedetail/8320240413010011/?pageType=result,2026-08-31T03:21:48.166120+00:00,7-4-1/6-2/5-3,published,コンドル出版社,楽天Kドリームス 並び予想
8320240413010012,2024-04-13,久留米競輪,F1,12,Ｓ級初特選,20:20,20:15,7,https://keirin.kdreams.jp/kurume/racedetail/8320240413010012/?pageType=result,2026-08-31T03:21:49.771084+00:00,7-2/1-6/4/3-5,published,コンドル出版社,楽天Kドリームス 並び予想
5320240411030005,2024-04-13,奈良競輪,F1,5,Ｓ級一般,17:18,17:13,7,https://keirin.kdreams.jp/nara/racedetail/5320240411030005/?pageType=result,2026-08-31T03:21:29.275174+00:00,5-1-6/7-2/3-4,published,競輪研究,楽天Kドリームス 並び予想
5320240411030006,2024-04-13,奈良競輪,F1,6,Ｓ級一般,17:42,17:37,7,https://keirin.kdreams.jp/nara/racedetail/5320240411030006/?pageType=result,2026-08-31T03:21:30.853899+00:00,7-2/6/3-5-1-4,published,競輪研究,楽天Kドリームス 並び予想
5320240411030007,2024-04-13,奈良競輪,F1,7,Ｓ級一般,18:06,18:01,7,https://keirin.kdreams.jp/nara/racedetail/5320240411030007/?pageType=result,2026-08-31T03:21:32.420404+00:00,6-2/1/5-3-7/4,published,競輪研究,楽天Kドリームス 並び予想
5320240411030008,2024-04-13,奈良競輪,F1,8,Ｓ級特選,18:31,18:26,7,https://keirin.kdreams.jp/nara/racedetail/5320240411030008/?pageType=result,2026-08-31T03:21:33.989002+00:00,1-4-6/5-2/7-3,published,競輪研究,楽天Kドリームス 並び予想
5320240411030009,2024-04-13,奈良競輪,F1,9,Ｓ級特選,18:56,18:51,7,https://keirin.kdreams.jp/nara/racedetail/5320240411030009/?pageType=result,2026-08-31T03:21:35.620128+00:00,4-1-6/5-2/3-7,published,競輪研究,楽天Kドリームス 並び予想
5320240411030010,2024-04-13,奈良競輪,F1,10,Ｓ級特選,19:24,19:19,7,https://keirin.kdreams.jp/nara/racedetail/5320240411030010/?pageType=result,2026-08-31T03:21:37.188098+00:00,2-3/6-1/5-4/7,published,競輪研究,楽天Kドリームス 並び予想
5320240411030012,2024-04-13,奈良競輪,F1,12,Ｓ級決勝,20:30,20:25,7,https://keirin.kdreams.jp/nara/racedetail/5320240411030012/?pageType=result,2026-08-31T03:21:38.810012+00:00,1/2/7/3-6-5/4,published,競輪研究,楽天Kドリームス 並び予想
4720240411030005,2024-04-13,松阪競輪,F1,5,Ｓ級一般,12:37,12:32,7,https://keirin.kdreams.jp/matsusaka/racedetail/4720240411030005/?pageType=result,2026-08-31T03:20:52.174505+00:00,6-1-5/3/2-7-4,published,中部競輪,楽天Kドリームス 並び予想
4720240411030006,2024-04-13,松阪競輪,F1,6,Ｓ級一般,13:05,13:00,7,https://keirin.kdreams.jp/matsusaka/racedetail/4720240411030006/?pageType=result,2026-08-31T03:20:56.797265+00:00,5-1-3/6/2-7-4,published,中部競輪,楽天Kドリームス 並び予想
4720240411030007,2024-04-13,松阪競輪,F1,7,Ｓ級一般,13:33,13:28,7,https://keirin.kdreams.jp/matsusaka/racedetail/4720240411030007/?pageType=result,2026-08-31T03:20:58.955380+00:00,1/2-7-4/6-3/5,published,中部競輪,楽天Kドリームス 並び予想
4720240411030008,2024-04-13,松阪競輪,F1,8,Ｓ級特選,14:01,13:56,7,https://keirin.kdreams.jp/matsusaka/racedetail/4720240411030008/?pageType=result,2026-08-31T03:21:00.784035+00:00,4-1/2-5-6/3-7,published,中部競輪,楽天Kドリームス 並び予想
4720240411030009,2024-04-13,松阪競輪,F1,9,Ｓ級特選,14:30,14:25,7,https://keirin.kdreams.jp/matsusaka/racedetail/4720240411030009/?pageType=result,2026-08-31T03:21:02.582254+00:00,5-1-6/4-2/7-3,published,中部競輪,楽天Kドリームス 並び予想
4720240411030010,2024-04-13,松阪競輪,F1,10,Ｓ級特選,15:01,14:56,7,https://keirin.kdreams.jp/matsusaka/racedetail/4720240411030010/?pageType=result,2026-08-31T03:21:04.117752+00:00,1-7-4/2-6/5-3,published,中部競輪,楽天Kドリームス 並び予想
4720240411030012,2024-04-13,松阪競輪,F1,12,Ｓ級決勝,16:11,16:06,7,https://keirin.kdreams.jp/matsusaka/racedetail/4720240411030012/?pageType=result,2026-08-31T03:21:05.692100+00:00,1-7/2/3-6/4-5,published,中部競輪,楽天Kドリームス 並び予想
8320240413020006,2024-04-14,久留米競輪,F1,6,Ｓ級一般,17:55,17:50,7,https://keirin.kdreams.jp/kurume/racedetail/8320240413020006/?pageType=result,2026-08-31T03:21:51.326381+00:00,2-7-4/5-1/6-3,published,コンドル出版社,楽天Kドリームス 並び予想
8320240413020007,2024-04-14,久留米競輪,F1,7,Ｓ級一般,18:18,18:13,7,https://keirin.kdreams.jp/kurume/racedetail/8320240413020007/?pageType=result,2026-08-31T03:21:52.948757+00:00,7-1-5/3/2-4-6,published,コンドル出版社,楽天Kドリームス 並び予想
8320240413020008,2024-04-14,久留米競輪,F1,8,Ｓ級選抜,18:41,18:36,7,https://keirin.kdreams.jp/kurume/racedetail/8320240413020008/?pageType=result,2026-08-31T03:21:54.541485+00:00,2-7-4-1-6/5-3,published,コンドル出版社,楽天Kドリームス 並び予想
8320240413020009,2024-04-14,久留米競輪,F1,9,Ｓ級選抜,19:04,18:59,7,https://keirin.kdreams.jp/kurume/racedetail/8320240413020009/?pageType=result,2026-08-31T03:21:56.160485+00:00,5-2-6/1/4/3/7,published,コンドル出版社,楽天Kドリームス 並び予想
8320240413020010,2024-04-14,久留米競輪,F1,10,Ｓ級準決勝,19:29,19:24,7,https://keirin.kdreams.jp/kurume/racedetail/8320240413020010/?pageType=result,2026-08-31T03:21:57.740484+00:00,4-1-6/7-2/3-5,published,コンドル出版社,楽天Kドリームス 並び予想
8320240413020011,2024-04-14,久留米競輪,F1,11,Ｓ級準決勝,19:54,19:49,7,https://keirin.kdreams.jp/kurume/racedetail/8320240413020011/?pageType=result,2026-08-31T03:21:59.337413+00:00,1-5/2-7/3-4-6,published,コンドル出版社,楽天Kドリームス 並び予想
8320240413020012,2024-04-14,久留米競輪,F1,12,Ｓ級準決勝,20:20,20:15,7,https://keirin.kdreams.jp/kurume/racedetail/8320240413020012/?pageType=result,2026-08-31T03:22:00.885395+00:00,4-1/7-2/5/6-3,published,コンドル出版社,楽天Kドリームス 並び予想
8320240413030005,2024-04-15,久留米競輪,F1,5,Ｓ級一般,17:32,17:27,7,https://keirin.kdreams.jp/kurume/racedetail/8320240413030005/?pageType=result,2026-08-31T03:22:02.429408+00:00,2-7-4/1/3-5-6,published,コンドル出版社,楽天Kドリームス 並び予想
8320240413030006,2024-04-15,久留米競輪,F1,6,Ｓ級一般,17:55,17:50,7,https://keirin.kdreams.jp/kurume/racedetail/8320240413030006/?pageType=result,2026-08-31T03:22:05.283848+00:00,6-5-2/7-1/4-3,published,コンドル出版社,楽天Kドリームス 並び予想
8320240413030007,2024-04-15,久留米競輪,F1,7,Ｓ級一般,18:18,18:13,7,https://keirin.kdreams.jp/kurume/racedetail/8320240413030007/?pageType=result,2026-08-31T03:22:07.121855+00:00,6-4-1/2/5-3-7,published,コンドル出版社,楽天Kドリームス 並び予想
8320240413030008,2024-04-15,久留米競輪,F1,8,Ｓ級特選,18:41,18:36,7,https://keirin.kdreams.jp/kurume/racedetail/8320240413030008/?pageType=result,2026-08-31T03:22:08.885868+00:00,1-7/5-2/6-3-4,published,コンドル出版社,楽天Kドリームス 並び予想
8320240413030009,2024-04-15,久留米競輪,F1,9,Ｓ級特選,19:04,18:59,7,https://keirin.kdreams.jp/kurume/racedetail/8320240413030009/?pageType=result,2026-08-31T03:22:10.476435+00:00,4-1/2-5-7/3-6,published,コンドル出版社,楽天Kドリームス 並び予想
8320240413030010,2024-04-15,久留米競輪,F1,10,Ｓ級特選,19:32,19:27,7,https://keirin.kdreams.jp/kurume/racedetail/8320240413030010/?pageType=result,2026-08-31T03:22:12.082543+00:00,1-7-5/2-4/3-6,published,コンドル出版社,楽天Kドリームス 並び予想
8320240413030012,2024-04-15,久留米競輪,F1,12,Ｓ級決勝,20:35,20:30,7,https://keirin.kdreams.jp/kurume/racedetail/8320240413030012/?pageType=result,2026-08-31T03:22:13.708784+00:00,1-4-6/3/5/7-2,published,コンドル出版社,楽天Kドリームス 並び予想
5420240415010008,2024-04-15,向日町競輪,F1,8,Ｓ級予選,14:30,14:25,7,https://keirin.kdreams.jp/mukomachi/racedetail/5420240415010008/?pageType=result,2026-08-31T03:22:15.295571+00:00,5-1-6/2-4/7-3,published,競輪研究,楽天Kドリームス 並び予想
5420240415010009,2024-04-15,向日町競輪,F1,9,Ｓ級予選,15:02,14:57,7,https://keirin.kdreams.jp/mukomachi/racedetail/5420240415010009/?pageType=result,2026-08-31T03:22:16.853875+00:00,1-4-7/5-2/3-6,published,競輪研究,楽天Kドリームス 並び予想
5420240415010010,2024-04-15,向日町競輪,F1,10,Ｓ級予選,15:34,15:29,7,https://keirin.kdreams.jp/mukomachi/racedetail/5420240415010010/?pageType=result,2026-08-31T03:22:18.381884+00:00,1-6/4-2/5-7-3,published,競輪研究,楽天Kドリームス 並び予想
5420240415010011,2024-04-15,向日町競輪,F1,11,Ｓ級予選,16:06,16:01,7,https://keirin.kdreams.jp/mukomachi/racedetail/5420240415010011/?pageType=result,2026-08-31T03:22:19.992412+00:00,7-1/2-6/3-5/4,published,競輪研究,楽天Kドリームス 並び予想
5420240415010012,2024-04-15,向日町競輪,F1,12,Ｓ級初日特選,16:40,16:35,7,https://keirin.kdreams.jp/mukomachi/racedetail/5420240415010012/?pageType=result,2026-08-31T03:22:21.566811+00:00,6-1/4-2-7/3-5,published,競輪研究,楽天Kドリームス 並び予想
2520240415010006,2024-04-15,大宮競輪,F1,6,Ｓ級予選,13:07,13:02,7,https://keirin.kdreams.jp/omiya/racedetail/2520240415010006/?pageType=result,2026-08-31T03:22:40.006279+00:00,1-4/5-2/3-7/6,published,アオケイ,楽天Kドリームス 並び予想
2520240415010007,2024-04-15,大宮競輪,F1,7,Ｓ級予選,13:38,13:33,7,https://keirin.kdreams.jp/omiya/racedetail/2520240415010007/?pageType=result,2026-08-31T03:22:42.594303+00:00,4-1/2-7-5/6-3,published,アオケイ,楽天Kドリームス 並び予想
2520240415010008,2024-04-15,大宮競輪,F1,8,Ｓ級予選,14:10,14:05,7,https://keirin.kdreams.jp/omiya/racedetail/2520240415010008/?pageType=result,2026-08-31T03:22:44.274370+00:00,7-1-4/5-2/6-3,published,アオケイ,楽天Kドリームス 並び予想
2520240415010009,2024-04-15,大宮競輪,F1,9,Ｓ級予選,14:42,14:37,7,https://keirin.kdreams.jp/omiya/racedetail/2520240415010009/?pageType=result,2026-08-31T03:22:45.852232+00:00,5-1-7/2-4/3-6,published,アオケイ,楽天Kドリームス 並び予想
2520240415010010,2024-04-15,大宮競輪,F1,10,Ｓ級予選,15:14,15:09,7,https://keirin.kdreams.jp/omiya/racedetail/2520240415010010/?pageType=result,2026-08-31T03:22:47.383250+00:00,1-5/4-2-6/7-3,published,アオケイ,楽天Kドリームス 並び予想
2520240415010011,2024-04-15,大宮競輪,F1,11,Ｓ級予選,15:50,15:45,7,https://keirin.kdreams.jp/omiya/racedetail/2520240415010011/?pageType=result,2026-08-31T03:22:48.946931+00:00,3-4/5-1-7/2-6,published,アオケイ,楽天Kドリームス 並び予想
2520240415010012,2024-04-15,大宮競輪,F1,12,Ｓ級初特選,16:30,16:25,7,https://keirin.kdreams.jp/omiya/racedetail/2520240415010012/?pageType=result,2026-08-31T03:22:50.512241+00:00,4-2/1/7/6-3-5,published,アオケイ,楽天Kドリームス 並び予想
5420240415020008,2024-04-16,向日町競輪,F1,8,Ｓ級一般,14:30,14:25,7,https://keirin.kdreams.jp/mukomachi/racedetail/5420240415020008/?pageType=result,2026-08-31T03:22:24.029073+00:00,1-7-4/6/3-5-2,published,競輪研究,楽天Kドリームス 並び予想
5420240415020009,2024-04-16,向日町競輪,F1,9,Ｓ級一般,15:02,14:57,7,https://keirin.kdreams.jp/mukomachi/racedetail/5420240415020009/?pageType=result,2026-08-31T03:22:25.838025+00:00,1-5/6-2/4/3-7,published,競輪研究,楽天Kドリームス 並び予想
5420240415020010,2024-04-16,向日町競輪,F1,10,Ｓ級準決勝,15:34,15:29,7,https://keirin.kdreams.jp/mukomachi/racedetail/5420240415020010/?pageType=result,2026-08-31T03:22:27.420067+00:00,1-5/2-4-6/7-3,published,競輪研究,楽天Kドリームス 並び予想
5420240415020011,2024-04-16,向日町競輪,F1,11,Ｓ級準決勝,16:06,16:01,7,https://keirin.kdreams.jp/mukomachi/racedetail/5420240415020011/?pageType=result,2026-08-31T03:22:28.984305+00:00,5-1-7/4-2/6-3,published,競輪研究,楽天Kドリームス 並び予想
5420240415020012,2024-04-16,向日町競輪,F1,12,Ｓ級準決勝,16:40,16:35,7,https://keirin.kdreams.jp/mukomachi/racedetail/5420240415020012/?pageType=result,2026-08-31T03:22:30.596692+00:00,5-1-6/2-4-7/3,published,競輪研究,楽天Kドリームス 並び予想
4820240416010006,2024-04-16,四日市競輪,F1,6,Ｓ級予選,18:00,17:55,7,https://keirin.kdreams.jp/yokkaichi/racedetail/4820240416010006/?pageType=result,2026-08-31T03:23:20.789859+00:00,5-1/4-2/7-3/6,published,富山中部,楽天Kドリームス 並び予想
4820240416010007,2024-04-16,四日市競輪,F1,7,Ｓ級予選,18:25,18:20,7,https://keirin.kdreams.jp/yokkaichi/racedetail/4820240416010007/?pageType=result,2026-08-31T03:23:22.345336+00:00,1-4-6/2-5/7-3,published,富山中部,楽天Kドリームス 並び予想
4820240416010008,2024-04-16,四日市競輪,F1,8,Ｓ級予選,18:50,18:45,7,https://keirin.kdreams.jp/yokkaichi/racedetail/4820240416010008/?pageType=result,2026-08-31T03:23:23.951959+00:00,1-4/5-2-6/3-7,published,富山中部,楽天Kドリームス 並び予想
4820240416010009,2024-04-16,四日市競輪,F1,9,Ｓ級予選,19:15,19:10,7,https://keirin.kdreams.jp/yokkaichi/racedetail/4820240416010009/?pageType=result,2026-08-31T03:23:25.492801+00:00,7-4-1/6-2/5-3,published,富山中部,楽天Kドリームス 並び予想
4820240416010010,2024-04-16,四日市競輪,F1,10,Ｓ級予選,19:40,19:35,7,https://keirin.kdreams.jp/yokkaichi/racedetail/4820240416010010/?pageType=result,2026-08-31T03:23:27.103815+00:00,2-5-7/1/4-3/6,published,富山中部,楽天Kドリームス 並び予想
4820240416010011,2024-04-16,四日市競輪,F1,11,Ｓ級予選,20:05,20:00,7,https://keirin.kdreams.jp/yokkaichi/racedetail/4820240416010011/?pageType=result,2026-08-31T03:23:28.684076+00:00,6-3/4-1-7/2-5,published,富山中部,楽天Kドリームス 並び予想
4820240416010012,2024-04-16,四日市競輪,F1,12,Ｓ級初特選,20:30,20:25,7,https://keirin.kdreams.jp/yokkaichi/racedetail/4820240416010012/?pageType=result,2026-08-31T03:23:30.451201+00:00,1-7-4/5-3-2/6,published,富山中部,楽天Kドリームス 並び予想
2520240415020006,2024-04-16,大宮競輪,F1,6,Ｓ級一般,13:07,13:02,7,https://keirin.kdreams.jp/omiya/racedetail/2520240415020006/?pageType=result,2026-08-31T03:22:52.982880+00:00,1-7-5/3/6-2-4,published,アオケイ,楽天Kドリームス 並び予想
2520240415020007,2024-04-16,大宮競輪,F1,7,Ｓ級一般,13:38,13:33,7,https://keirin.kdreams.jp/omiya/racedetail/2520240415020007/?pageType=result,2026-08-31T03:22:55.031726+00:00,4-1/7-2-5/3-6,published,アオケイ,楽天Kドリームス 並び予想
2520240415020008,2024-04-16,大宮競輪,F1,8,Ｓ級選抜,14:10,14:05,7,https://keirin.kdreams.jp/omiya/racedetail/2520240415020008/?pageType=result,2026-08-31T03:22:57.798842+00:00,1-7/4-2/3-5-6,published,アオケイ,楽天Kドリームス 並び予想
2520240415020009,2024-04-16,大宮競輪,F1,9,Ｓ級選抜,14:42,14:37,7,https://keirin.kdreams.jp/omiya/racedetail/2520240415020009/?pageType=result,2026-08-31T03:22:59.805815+00:00,1/5-2/6-3/4-7,published,アオケイ,楽天Kドリームス 並び予想
2520240415020010,2024-04-16,大宮競輪,F1,10,Ｓ級準決勝,15:14,15:09,7,https://keirin.kdreams.jp/omiya/racedetail/2520240415020010/?pageType=result,2026-08-31T03:23:01.505359+00:00,1-4-5/7-2/6-3,published,アオケイ,楽天Kドリームス 並び予想
2520240415020011,2024-04-16,大宮競輪,F1,11,Ｓ級準決勝,15:50,15:45,7,https://keirin.kdreams.jp/omiya/racedetail/2520240415020011/?pageType=result,2026-08-31T03:23:03.103394+00:00,5-1-4/6-2/3-7,published,アオケイ,楽天Kドリームス 並び予想
2520240415020012,2024-04-16,大宮競輪,F1,12,Ｓ級準決勝,16:30,16:25,7,https://keirin.kdreams.jp/omiya/racedetail/2520240415020012/?pageType=result,2026-08-31T03:23:06.320228+00:00,7-1/2-4/5-3/6,published,アオケイ,楽天Kドリームス 並び予想
5420240415030006,2024-04-17,向日町競輪,F1,6,Ｓ級一般,13:26,13:21,7,https://keirin.kdreams.jp/mukomachi/racedetail/5420240415030006/?pageType=result,2026-08-31T03:22:32.145191+00:00,1-5/2-6/7-3/4,published,競輪研究,楽天Kドリームス 並び予想
5420240415030007,2024-04-17,向日町競輪,F1,7,Ｓ級一般,13:58,13:53,7,https://keirin.kdreams.jp/mukomachi/racedetail/5420240415030007/?pageType=result,2026-08-31T03:22:33.732806+00:00,1-7/6-5-2/3-4,published,競輪研究,楽天Kドリームス 並び予想
5420240415030008,2024-04-17,向日町競輪,F1,8,Ｓ級特選,14:30,14:25,7,https://keirin.kdreams.jp/mukomachi/racedetail/5420240415030008/?pageType=result,2026-08-31T03:22:35.274411+00:00,7-1/2-6/5-3/4,published,競輪研究,楽天Kドリームス 並び予想
5420240415030009,2024-04-17,向日町競輪,F1,9,Ｓ級特選,15:02,14:57,7,https://keirin.kdreams.jp/mukomachi/racedetail/5420240415030009/?pageType=result,2026-08-31T03:22:36.808848+00:00,2-6/7-1/3-4/5,published,競輪研究,楽天Kドリームス 並び予想
5420240415030012,2024-04-17,向日町競輪,F1,12,Ｓ級決勝,16:40,16:35,7,https://keirin.kdreams.jp/mukomachi/racedetail/5420240415030012/?pageType=result,2026-08-31T03:22:38.429838+00:00,1-5-3-6/2/4-7,published,競輪研究,楽天Kドリームス 並び予想
4820240416020006,2024-04-17,四日市競輪,F1,6,Ｓ級一般,18:00,17:55,7,https://keirin.kdreams.jp/yokkaichi/racedetail/4820240416020006/?pageType=result,2026-08-31T03:23:32.045683+00:00,1-4-6/5-3/7-2,published,富山中部,楽天Kドリームス 並び予想
4820240416020007,2024-04-17,四日市競輪,F1,7,Ｓ級一般,18:25,18:20,7,https://keirin.kdreams.jp/yokkaichi/racedetail/4820240416020007/?pageType=result,2026-08-31T03:23:33.574359+00:00,1-4/2-5/7-3/6,published,富山中部,楽天Kドリームス 並び予想
4820240416020008,2024-04-17,四日市競輪,F1,8,Ｓ級選抜,18:50,18:45,7,https://keirin.kdreams.jp/yokkaichi/racedetail/4820240416020008/?pageType=result,2026-08-31T03:23:35.298961+00:00,7-1/2-4/3-6-5,published,富山中部,楽天Kドリームス 並び予想
4820240416020009,2024-04-17,四日市競輪,F1,9,Ｓ級選抜,19:15,19:10,7,https://keirin.kdreams.jp/yokkaichi/racedetail/4820240416020009/?pageType=result,2026-08-31T03:23:37.822567+00:00,7-5-1/4-2/3/6,published,富山中部,楽天Kドリームス 並び予想
4820240416020010,2024-04-17,四日市競輪,F1,10,Ｓ級準決勝,19:40,19:35,7,https://keirin.kdreams.jp/yokkaichi/racedetail/4820240416020010/?pageType=result,2026-08-31T03:23:39.563048+00:00,1-5/2/4/3-7/6,published,富山中部,楽天Kドリームス 並び予想
4820240416020011,2024-04-17,四日市競輪,F1,11,Ｓ級準決勝,20:05,20:00,7,https://keirin.kdreams.jp/yokkaichi/racedetail/4820240416020011/?pageType=result,2026-08-31T03:23:41.108346+00:00,3-5-7/1/4-2-6,published,富山中部,楽天Kドリームス 並び予想
4820240416020012,2024-04-17,四日市競輪,F1,12,Ｓ級準決勝,20:30,20:25,7,https://keirin.kdreams.jp/yokkaichi/racedetail/4820240416020012/?pageType=result,2026-08-31T03:23:42.696389+00:00,5-1-3/2-7-4/6,published,富山中部,楽天Kドリームス 並び予想
2520240415030005,2024-04-17,大宮競輪,F1,5,Ｓ級一般,12:36,12:31,7,https://keirin.kdreams.jp/omiya/racedetail/2520240415030005/?pageType=result,2026-08-31T03:23:08.249130+00:00,4-1/7-2/6/5-3,published,アオケイ,楽天Kドリームス 並び予想
2520240415030006,2024-04-17,大宮競輪,F1,6,Ｓ級一般,13:07,13:02,7,https://keirin.kdreams.jp/omiya/racedetail/2520240415030006/?pageType=result,2026-08-31T03:23:09.951358+00:00,6-1/2-5/4/7-3,published,アオケイ,楽天Kドリームス 並び予想
2520240415030007,2024-04-17,大宮競輪,F1,7,Ｓ級一般,13:38,13:33,7,https://keirin.kdreams.jp/omiya/racedetail/2520240415030007/?pageType=result,2026-08-31T03:23:11.486010+00:00,1-4/2/6-5-3/7,published,アオケイ,楽天Kドリームス 並び予想
2520240415030008,2024-04-17,大宮競輪,F1,8,Ｓ級特選,14:10,14:05,7,https://keirin.kdreams.jp/omiya/racedetail/2520240415030008/?pageType=result,2026-08-31T03:23:13.062981+00:00,6-1-7/2-5/3-4,published,アオケイ,楽天Kドリームス 並び予想
2520240415030009,2024-04-17,大宮競輪,F1,9,Ｓ級特選,14:42,14:37,7,https://keirin.kdreams.jp/omiya/racedetail/2520240415030009/?pageType=result,2026-08-31T03:23:14.595736+00:00,1-7/5-2-4/6-3,published,アオケイ,楽天Kドリームス 並び予想
2520240415030010,2024-04-17,大宮競輪,F1,10,Ｓ級特選,15:14,15:09,7,https://keirin.kdreams.jp/omiya/racedetail/2520240415030010/?pageType=result,2026-08-31T03:23:17.253619+00:00,4-1/7-2-6/5-3,published,アオケイ,楽天Kドリームス 並び予想
2520240415030012,2024-04-17,大宮競輪,F1,12,Ｓ級決勝,16:30,16:25,7,https://keirin.kdreams.jp/omiya/racedetail/2520240415030012/?pageType=result,2026-08-31T03:23:19.079330+00:00,1-2/7-3/4/6-5,published,アオケイ,楽天Kドリームス 並び予想
7520240417010008,2024-04-17,松山競輪,F1,8,Ｓ級予選,14:23,14:18,7,https://keirin.kdreams.jp/matsuyama/racedetail/7520240417010008/?pageType=result,2026-08-31T03:23:56.549176+00:00,1-7-4/6-2/3-5,published,金星社,楽天Kドリームス 並び予想
7520240417010009,2024-04-17,松山競輪,F1,9,Ｓ級予選,14:55,14:50,7,https://keirin.kdreams.jp/matsuyama/racedetail/7520240417010009/?pageType=result,2026-08-31T03:23:58.105928+00:00,5-3/1-6/2-7-4,published,金星社,楽天Kドリームス 並び予想
7520240417010010,2024-04-17,松山競輪,F1,10,Ｓ級予選,15:27,15:22,7,https://keirin.kdreams.jp/matsuyama/racedetail/7520240417010010/?pageType=result,2026-08-31T03:23:59.746389+00:00,4-1-5/3-6/2-7,published,金星社,楽天Kドリームス 並び予想
7520240417010011,2024-04-17,松山競輪,F1,11,Ｓ級予選,16:00,15:55,7,https://keirin.kdreams.jp/matsuyama/racedetail/7520240417010011/?pageType=result,2026-08-31T03:24:01.344517+00:00,1-5/2-7/3-4-6,published,金星社,楽天Kドリームス 並び予想
7520240417010012,2024-04-17,松山競輪,F1,12,Ｓ級初日特選,16:35,16:30,7,https://keirin.kdreams.jp/matsuyama/racedetail/7520240417010012/?pageType=result,2026-08-31T03:24:03.629791+00:00,1-4-6/3/5-2-7,published,金星社,楽天Kドリームス 並び予想
1120240418010006,2024-04-18,函館競輪,F1,6,Ｓ級予選,17:45,17:40,7,https://keirin.kdreams.jp/hakodate/racedetail/1120240418010006/?pageType=result,2026-08-31T03:24:26.669308+00:00,4-1/2-7/6-3-5,published,北競,楽天Kドリームス 並び予想
1120240418010007,2024-04-18,函館競輪,F1,7,Ｓ級予選,18:10,18:05,7,https://keirin.kdreams.jp/hakodate/racedetail/1120240418010007/?pageType=result,2026-08-31T03:24:28.215775+00:00,1-5/6-2/4-3-7,published,北競,楽天Kドリームス 並び予想
1120240418010008,2024-04-18,函館競輪,F1,8,Ｓ級予選,18:35,18:30,7,https://keirin.kdreams.jp/hakodate/racedetail/1120240418010008/?pageType=result,2026-08-31T03:24:29.801233+00:00,5-2-6/1/4-3/7,published,北競,楽天Kドリームス 並び予想
1120240418010009,2024-04-18,函館競輪,F1,9,Ｓ級予選,19:00,18:55,7,https://keirin.kdreams.jp/hakodate/racedetail/1120240418010009/?pageType=result,2026-08-31T03:24:31.395052+00:00,1-7-5/2/3-4/6,published,北競,楽天Kドリームス 並び予想
1120240418010010,2024-04-18,函館競輪,F1,10,Ｓ級予選,19:25,19:20,7,https://keirin.kdreams.jp/hakodate/racedetail/1120240418010010/?pageType=result,2026-08-31T03:24:34.149826+00:00,1-5/4-2-7/6-3,published,北競,楽天Kドリームス 並び予想
1120240418010011,2024-04-18,函館競輪,F1,11,Ｓ級予選,19:50,19:45,7,https://keirin.kdreams.jp/hakodate/racedetail/1120240418010011/?pageType=result,2026-08-31T03:24:36.010797+00:00,1-4-5/6-2/7-3,published,北競,楽天Kドリームス 並び予想
1120240418010012,2024-04-18,函館競輪,F1,12,Ｓ級初特選,20:20,20:15,7,https://keirin.kdreams.jp/hakodate/racedetail/1120240418010012/?pageType=result,2026-08-31T03:24:37.717808+00:00,1-6/4-2/3/5/7,published,北競,楽天Kドリームス 並び予想
4820240416030005,2024-04-18,四日市競輪,F1,5,Ｓ級一般,17:35,17:30,6,https://keirin.kdreams.jp/yokkaichi/racedetail/4820240416030005/?pageType=result,2026-08-31T03:23:44.119469+00:00,5-2-4/1-6-3,published,富山中部,楽天Kドリームス 並び予想
4820240416030006,2024-04-18,四日市競輪,F1,6,Ｓ級一般,18:00,17:55,6,https://keirin.kdreams.jp/yokkaichi/racedetail/4820240416030006/?pageType=result,2026-08-31T03:23:45.508886+00:00,1-5-3/2-6-4,published,富山中部,楽天Kドリームス 並び予想
4820240416030007,2024-04-18,四日市競輪,F1,7,Ｓ級一般,18:25,18:20,6,https://keirin.kdreams.jp/yokkaichi/racedetail/4820240416030007/?pageType=result,2026-08-31T03:23:46.926155+00:00,1-5/4-2/6-3,published,富山中部,楽天Kドリームス 並び予想
4820240416030008,2024-04-18,四日市競輪,F1,8,Ｓ級特選,18:50,18:45,7,https://keirin.kdreams.jp/yokkaichi/racedetail/4820240416030008/?pageType=result,2026-08-31T03:23:48.486069+00:00,6-5-1/4-2/3-7,published,富山中部,楽天Kドリームス 並び予想
4820240416030009,2024-04-18,四日市競輪,F1,9,Ｓ級特選,19:15,19:10,7,https://keirin.kdreams.jp/yokkaichi/racedetail/4820240416030009/?pageType=result,2026-08-31T03:23:50.057633+00:00,7-4-2/6-1/3-5,published,富山中部,楽天Kドリームス 並び予想
4820240416030010,2024-04-18,四日市競輪,F1,10,Ｓ級特選,19:40,19:35,7,https://keirin.kdreams.jp/yokkaichi/racedetail/4820240416030010/?pageType=result,2026-08-31T03:23:52.967078+00:00,1-5/7-2-4/3-6,published,富山中部,楽天Kドリームス 並び予想
4820240416030012,2024-04-18,四日市競輪,F1,12,Ｓ級決勝,20:35,20:30,7,https://keirin.kdreams.jp/yokkaichi/racedetail/4820240416030012/?pageType=result,2026-08-31T03:23:54.835508+00:00,5-1/2-4-7/6-3,published,富山中部,楽天Kドリームス 並び予想
7520240417020008,2024-04-18,松山競輪,F1,8,Ｓ級一般,14:23,14:18,7,https://keirin.kdreams.jp/matsuyama/racedetail/7520240417020008/?pageType=result,2026-08-31T03:24:06.774653+00:00,1-6/4-2-7/5-3,published,金星社,楽天Kドリームス 並び予想
7520240417020009,2024-04-18,松山競輪,F1,9,Ｓ級一般,14:55,14:50,7,https://keirin.kdreams.jp/matsuyama/racedetail/7520240417020009/?pageType=result,2026-08-31T03:24:08.932187+00:00,1-6/4-2/3-7-5,published,金星社,楽天Kドリームス 並び予想
7520240417020010,2024-04-18,松山競輪,F1,10,Ｓ級準決勝,15:27,15:22,7,https://keirin.kdreams.jp/matsuyama/racedetail/7520240417020010/?pageType=result,2026-08-31T03:24:10.688434+00:00,4-7-1/5-2-3-6,published,金星社,楽天Kドリームス 並び予想
7520240417020011,2024-04-18,松山競輪,F1,11,Ｓ級準決勝,16:00,15:55,7,https://keirin.kdreams.jp/matsuyama/racedetail/7520240417020011/?pageType=result,2026-08-31T03:24:12.409423+00:00,5-3-7/1/6-2-4,published,金星社,楽天Kドリームス 並び予想
7520240417020012,2024-04-18,松山競輪,F1,12,Ｓ級準決勝,16:35,16:30,7,https://keirin.kdreams.jp/matsuyama/racedetail/7520240417020012/?pageType=result,2026-08-31T03:24:14.017954+00:00,6-3/5-2/4-1/7,published,金星社,楽天Kドリームス 並び予想
1120240418020006,2024-04-19,函館競輪,F1,6,Ｓ級一般,17:45,17:40,7,https://keirin.kdreams.jp/hakodate/racedetail/1120240418020006/?pageType=result,2026-08-31T03:24:39.382470+00:00,1-6/2-5/3-4/7,published,北競,楽天Kドリームス 並び予想
1120240418020007,2024-04-19,函館競輪,F1,7,Ｓ級一般,18:10,18:05,7,https://keirin.kdreams.jp/hakodate/racedetail/1120240418020007/?pageType=result,2026-08-31T03:24:40.965064+00:00,1-5/3-4/2/6-7,published,北競,楽天Kドリームス 並び予想
1120240418020008,2024-04-19,函館競輪,F1,8,Ｓ級選抜,18:35,18:30,7,https://keirin.kdreams.jp/hakodate/racedetail/1120240418020008/?pageType=result,2026-08-31T03:24:42.571122+00:00,7-1-3/6/5-2-4,published,北競,楽天Kドリームス 並び予想
1120240418020009,2024-04-19,函館競輪,F1,9,Ｓ級選抜,19:00,18:55,7,https://keirin.kdreams.jp/hakodate/racedetail/1120240418020009/?pageType=result,2026-08-31T03:24:44.143611+00:00,1-7-5/6-2/3/4,published,北競,楽天Kドリームス 並び予想
1120240418020010,2024-04-19,函館競輪,F1,10,Ｓ級準決勝,19:25,19:20,7,https://keirin.kdreams.jp/hakodate/racedetail/1120240418020010/?pageType=result,2026-08-31T03:24:45.709793+00:00,1-7-4/5-2-3/6,published,北競,楽天Kドリームス 並び予想
1120240418020011,2024-04-19,函館競輪,F1,11,Ｓ級準決勝,19:50,19:45,7,https://keirin.kdreams.jp/hakodate/racedetail/1120240418020011/?pageType=result,2026-08-31T03:24:47.328913+00:00,1-5/6-2/3-7-4,published,北競,楽天Kドリームス 並び予想
1120240418020012,2024-04-19,函館競輪,F1,12,Ｓ級準決勝,20:20,20:15,7,https://keirin.kdreams.jp/hakodate/racedetail/1120240418020012/?pageType=result,2026-08-31T03:24:48.928007+00:00,4-1-6/2-7/5-3,published,北競,楽天Kドリームス 並び予想
7520240417030006,2024-04-19,松山競輪,F1,6,Ｓ級一般,13:19,13:14,6,https://keirin.kdreams.jp/matsuyama/racedetail/7520240417030006/?pageType=result,2026-08-31T03:24:16.346899+00:00,1-2-6/3-5/4,published,金星社,楽天Kドリームス 並び予想
7520240417030007,2024-04-19,松山競輪,F1,7,Ｓ級一般,13:51,13:46,6,https://keirin.kdreams.jp/matsuyama/racedetail/7520240417030007/?pageType=result,2026-08-31T03:24:18.058915+00:00,1-5-6/4-3-2,published,金星社,楽天Kドリームス 並び予想
7520240417030008,2024-04-19,松山競輪,F1,8,Ｓ級特選,14:23,14:18,7,https://keirin.kdreams.jp/matsuyama/racedetail/7520240417030008/?pageType=result,2026-08-31T03:24:21.013086+00:00,7-1/2-6/4/5-3,published,金星社,楽天Kドリームス 並び予想
7520240417030009,2024-04-19,松山競輪,F1,9,Ｓ級特選,14:55,14:50,7,https://keirin.kdreams.jp/matsuyama/racedetail/7520240417030009/?pageType=result,2026-08-31T03:24:23.051640+00:00,1-5/2/4-6/7-3,published,金星社,楽天Kドリームス 並び予想
7520240417030012,2024-04-19,松山競輪,F1,12,Ｓ級決勝,16:35,16:30,7,https://keirin.kdreams.jp/matsuyama/racedetail/7520240417030012/?pageType=result,2026-08-31T03:24:24.899700+00:00,2-6/1-4-7/3-5,published,金星社,楽天Kドリームス 並び予想
1120240418030005,2024-04-20,函館競輪,F1,5,Ｓ級一般,17:20,17:15,7,https://keirin.kdreams.jp/hakodate/racedetail/1120240418030005/?pageType=result,2026-08-31T03:24:51.337200+00:00,4-1/2-6-5/3-7,published,北競,楽天Kドリームス 並び予想
1120240418030006,2024-04-20,函館競輪,F1,6,Ｓ級一般,17:46,17:41,7,https://keirin.kdreams.jp/hakodate/racedetail/1120240418030006/?pageType=result,2026-08-31T03:24:53.317857+00:00,5-1/2-7-4/6-3,published,北競,楽天Kドリームス 並び予想
1120240418030007,2024-04-20,函館競輪,F1,7,Ｓ級一般,18:12,18:07,7,https://keirin.kdreams.jp/hakodate/racedetail/1120240418030007/?pageType=result,2026-08-31T03:24:55.035601+00:00,3-7-1/2-4/5-6,published,北競,楽天Kドリームス 並び予想
1120240418030008,2024-04-20,函館競輪,F1,8,Ｓ級特選,18:38,18:33,7,https://keirin.kdreams.jp/hakodate/racedetail/1120240418030008/?pageType=result,2026-08-31T03:24:57.806664+00:00,1-4-3/2-5-7/6,published,北競,楽天Kドリームス 並び予想
1120240418030009,2024-04-20,函館競輪,F1,9,Ｓ級特選,19:05,19:00,7,https://keirin.kdreams.jp/hakodate/racedetail/1120240418030009/?pageType=result,2026-08-31T03:24:59.893598+00:00,1-7-4/2-5/3-6,published,北競,楽天Kドリームス 並び予想
1120240418030010,2024-04-20,函館競輪,F1,10,Ｓ級特選,19:32,19:27,7,https://keirin.kdreams.jp/hakodate/racedetail/1120240418030010/?pageType=result,2026-08-31T03:25:01.610127+00:00,1-7-4/5-3-2-6,published,北競,楽天Kドリームス 並び予想
1120240418030012,2024-04-20,函館競輪,F1,12,Ｓ級決勝,20:35,20:30,7,https://keirin.kdreams.jp/hakodate/racedetail/1120240418030012/?pageType=result,2026-08-31T03:25:03.244091+00:00,5-1/2-6/7-3/4,published,北競,楽天Kドリームス 並び予想
4320240420010008,2024-04-20,岐阜競輪,F1,8,Ｓ級予選,13:57,13:52,7,https://keirin.kdreams.jp/gifu/racedetail/4320240420010008/?pageType=result,2026-08-31T03:25:04.820773+00:00,1-5/6/3-7/4-2,published,中部競輪,楽天Kドリームス 並び予想
4320240420010009,2024-04-20,岐阜競輪,F1,9,Ｓ級予選,14:29,14:24,7,https://keirin.kdreams.jp/gifu/racedetail/4320240420010009/?pageType=result,2026-08-31T03:25:07.332574+00:00,6-1-5/7-2/4-3,published,中部競輪,楽天Kドリームス 並び予想
4320240420010010,2024-04-20,岐阜競輪,F1,10,Ｓ級予選,15:03,14:58,7,https://keirin.kdreams.jp/gifu/racedetail/4320240420010010/?pageType=result,2026-08-31T03:25:09.172219+00:00,1-7/5/4-2-6-3,published,中部競輪,楽天Kドリームス 並び予想
4320240420010011,2024-04-20,岐阜競輪,F1,11,Ｓ級予選,15:37,15:32,7,https://keirin.kdreams.jp/gifu/racedetail/4320240420010011/?pageType=result,2026-08-31T03:25:10.919998+00:00,4-2/6-1/7-3-5,published,中部競輪,楽天Kドリームス 並び予想
4320240420010012,2024-04-20,岐阜競輪,F1,12,Ｓ級初日特選,16:13,16:08,7,https://keirin.kdreams.jp/gifu/racedetail/4320240420010012/?pageType=result,2026-08-31T03:25:12.518688+00:00,2-6/3-1/4/5-7,published,中部競輪,楽天Kドリームス 並び予想
8620240421010006,2024-04-21,別府競輪,F1,6,Ｓ級予選,17:52,17:47,7,https://keirin.kdreams.jp/beppu/racedetail/8620240421010006/?pageType=result,2026-08-31T03:27:02.187609+00:00,1-5/2-7/4-3-6,published,ダービー,楽天Kドリームス 並び予想
8620240421010007,2024-04-21,別府競輪,F1,7,Ｓ級予選,18:16,18:11,7,https://keirin.kdreams.jp/beppu/racedetail/8620240421010007/?pageType=result,2026-08-31T03:27:03.898037+00:00,1-4-6/2-5/7-3,published,ダービー,楽天Kドリームス 並び予想
8620240421010008,2024-04-21,別府競輪,F1,8,Ｓ級予選,18:40,18:35,7,https://keirin.kdreams.jp/beppu/racedetail/8620240421010008/?pageType=result,2026-08-31T03:27:05.457553+00:00,7-3/1/2-6/4-5,published,ダービー,楽天Kドリームス 並び予想
8620240421010009,2024-04-21,別府競輪,F1,9,Ｓ級予選,19:04,18:59,7,https://keirin.kdreams.jp/beppu/racedetail/8620240421010009/?pageType=result,2026-08-31T03:27:06.877215+00:00,5-1/4-7-2/6-3,published,ダービー,楽天Kドリームス 並び予想
8620240421010010,2024-04-21,別府競輪,F1,10,Ｓ級予選,19:28,19:23,7,https://keirin.kdreams.jp/beppu/racedetail/8620240421010010/?pageType=result,2026-08-31T03:27:08.271486+00:00,1-7-5/2-6/4-3,published,ダービー,楽天Kドリームス 並び予想
8620240421010011,2024-04-21,別府競輪,F1,11,Ｓ級予選,19:53,19:48,7,https://keirin.kdreams.jp/beppu/racedetail/8620240421010011/?pageType=result,2026-08-31T03:27:09.720292+00:00,5-1-7/4-2/6-3,published,ダービー,楽天Kドリームス 並び予想
8620240421010012,2024-04-21,別府競輪,F1,12,Ｓ級初特選,20:20,20:15,7,https://keirin.kdreams.jp/beppu/racedetail/8620240421010012/?pageType=result,2026-08-31T03:27:11.143821+00:00,2-7-5/1-6/4-3,published,ダービー,楽天Kドリームス 並び予想
4320240420020008,2024-04-21,岐阜競輪,F1,8,Ｓ級一般,13:57,13:52,7,https://keirin.kdreams.jp/gifu/racedetail/4320240420020008/?pageType=result,2026-08-31T03:25:14.077580+00:00,5-1/2-4-6/7-3,published,中部競輪,楽天Kドリームス 並び予想
4320240420020009,2024-04-21,岐阜競輪,F1,9,Ｓ級一般,14:29,14:24,7,https://keirin.kdreams.jp/gifu/racedetail/4320240420020009/?pageType=result,2026-08-31T03:25:15.648197+00:00,2-7-3/5/1-6-4,published,中部競輪,楽天Kドリームス 並び予想
4320240420020010,2024-04-21,岐阜競輪,F1,10,Ｓ級準決勝,15:03,14:58,7,https://keirin.kdreams.jp/gifu/racedetail/4320240420020010/?pageType=result,2026-08-31T03:25:17.204681+00:00,2-6/4-1/3-5/7,published,中部競輪,楽天Kドリームス 並び予想
4320240420020011,2024-04-21,岐阜競輪,F1,11,Ｓ級準決勝,15:37,15:32,7,https://keirin.kdreams.jp/gifu/racedetail/4320240420020011/?pageType=result,2026-08-31T03:25:18.808133+00:00,5-1/2-6/3-7-4,published,中部競輪,楽天Kドリームス 並び予想
4320240420020012,2024-04-21,岐阜競輪,F1,12,Ｓ級準決勝,16:13,16:08,7,https://keirin.kdreams.jp/gifu/racedetail/4320240420020012/?pageType=result,2026-08-31T03:25:20.374063+00:00,5-1-7/6-2/3-4,published,中部競輪,楽天Kドリームス 並び予想
8620240421020006,2024-04-22,別府競輪,F1,6,Ｓ級一般,17:52,17:47,7,https://keirin.kdreams.jp/beppu/racedetail/8620240421020006/?pageType=result,2026-08-31T03:27:12.642823+00:00,1-4/6-2/5-7-3,published,ダービー,楽天Kドリームス 並び予想
8620240421020007,2024-04-22,別府競輪,F1,7,Ｓ級一般,18:16,18:11,7,https://keirin.kdreams.jp/beppu/racedetail/8620240421020007/?pageType=result,2026-08-31T03:27:14.050997+00:00,1-4-5/3/2-7-6,published,ダービー,楽天Kドリームス 並び予想
8620240421020008,2024-04-22,別府競輪,F1,8,Ｓ級選抜,18:40,18:35,7,https://keirin.kdreams.jp/beppu/racedetail/8620240421020008/?pageType=result,2026-08-31T03:27:15.509706+00:00,1-4-6/7-2/3/5,published,ダービー,楽天Kドリームス 並び予想
8620240421020009,2024-04-22,別府競輪,F1,9,Ｓ級選抜,19:04,18:59,7,https://keirin.kdreams.jp/beppu/racedetail/8620240421020009/?pageType=result,2026-08-31T03:27:16.951888+00:00,1-4/2/6/3-5-7,published,ダービー,楽天Kドリームス 並び予想
8620240421020010,2024-04-22,別府競輪,F1,10,Ｓ級準決勝,19:28,19:23,7,https://keirin.kdreams.jp/beppu/racedetail/8620240421020010/?pageType=result,2026-08-31T03:27:18.370640+00:00,1-7/4-2-6/5-3,published,ダービー,楽天Kドリームス 並び予想
8620240421020011,2024-04-22,別府競輪,F1,11,Ｓ級準決勝,19:53,19:48,7,https://keirin.kdreams.jp/beppu/racedetail/8620240421020011/?pageType=result,2026-08-31T03:27:19.856225+00:00,4-2/6-1/3-5-7,published,ダービー,楽天Kドリームス 並び予想
8620240421020012,2024-04-22,別府競輪,F1,12,Ｓ級準決勝,20:20,20:15,7,https://keirin.kdreams.jp/beppu/racedetail/8620240421020012/?pageType=result,2026-08-31T03:27:21.281147+00:00,1-7-4/5-2/3-6,published,ダービー,楽天Kドリームス 並び予想
4320240420030006,2024-04-22,岐阜競輪,F1,6,Ｓ級一般,12:57,12:52,7,https://keirin.kdreams.jp/gifu/racedetail/4320240420030006/?pageType=result,2026-08-31T03:25:21.915107+00:00,1-6/2-4-7/3-5,published,中部競輪,楽天Kドリームス 並び予想
4320240420030007,2024-04-22,岐阜競輪,F1,7,Ｓ級一般,13:27,13:22,7,https://keirin.kdreams.jp/gifu/racedetail/4320240420030007/?pageType=result,2026-08-31T03:25:23.511033+00:00,3-7-4/5-1/2-6,published,中部競輪,楽天Kドリームス 並び予想
4320240420030008,2024-04-22,岐阜競輪,F1,8,Ｓ級特選,13:57,13:52,7,https://keirin.kdreams.jp/gifu/racedetail/4320240420030008/?pageType=result,2026-08-31T03:25:25.055088+00:00,5-1-7/3/4-2-6,published,中部競輪,楽天Kドリームス 並び予想
4320240420030009,2024-04-22,岐阜競輪,F1,9,Ｓ級特選,14:29,14:24,7,https://keirin.kdreams.jp/gifu/racedetail/4320240420030009/?pageType=result,2026-08-31T03:25:27.517988+00:00,1-4-5/7-2/3-6,published,中部競輪,楽天Kドリームス 並び予想
4320240420030012,2024-04-22,岐阜競輪,F1,12,Ｓ級決勝,16:13,16:08,7,https://keirin.kdreams.jp/gifu/racedetail/4320240420030012/?pageType=result,2026-08-31T03:25:29.458395+00:00,3-1-7/4/6-5-2,published,中部競輪,楽天Kドリームス 並び予想
8620240421030005,2024-04-23,別府競輪,F1,5,Ｓ級一般,17:28,17:23,7,https://keirin.kdreams.jp/beppu/racedetail/8620240421030005/?pageType=result,2026-08-31T03:27:22.729941+00:00,6-1/7-2/3-4-5,published,ダービー,楽天Kドリームス 並び予想
8620240421030006,2024-04-23,別府競輪,F1,6,Ｓ級一般,17:52,17:47,7,https://keirin.kdreams.jp/beppu/racedetail/8620240421030006/?pageType=result,2026-08-31T03:27:24.197854+00:00,1-5-6/7-2-4/3,published,ダービー,楽天Kドリームス 並び予想
8620240421030007,2024-04-23,別府競輪,F1,7,Ｓ級一般,18:17,18:12,7,https://keirin.kdreams.jp/beppu/racedetail/8620240421030007/?pageType=result,2026-08-31T03:27:25.661168+00:00,3-5/4-1/2-7-6,published,ダービー,楽天Kドリームス 並び予想
8620240421030008,2024-04-23,別府競輪,F1,8,Ｓ級特選,18:42,18:37,7,https://keirin.kdreams.jp/beppu/racedetail/8620240421030008/?pageType=result,2026-08-31T03:27:27.080060+00:00,7-1-4/2/3-5-6,published,ダービー,楽天Kドリームス 並び予想
8620240421030009,2024-04-23,別府競輪,F1,9,Ｓ級特選,19:08,19:03,7,https://keirin.kdreams.jp/beppu/racedetail/8620240421030009/?pageType=result,2026-08-31T03:27:29.699471+00:00,6-1-4/5-2/3-7,published,ダービー,楽天Kドリームス 並び予想
8620240421030010,2024-04-23,別府競輪,F1,10,Ｓ級特選,19:34,19:29,7,https://keirin.kdreams.jp/beppu/racedetail/8620240421030010/?pageType=result,2026-08-31T03:27:31.548643+00:00,1-7/6-2/4-3-5,published,ダービー,楽天Kドリームス 並び予想
8620240421030012,2024-04-23,別府競輪,F1,12,Ｓ級決勝,20:30,20:25,7,https://keirin.kdreams.jp/beppu/racedetail/8620240421030012/?pageType=result,2026-08-31T03:27:33.230297+00:00,7-2/1-5/6-4-3,published,ダービー,楽天Kドリームス 並び予想
3520240423010006,2024-04-23,平塚競輪,F1,6,Ｓ級予選,17:36,17:31,7,https://keirin.kdreams.jp/hiratsuka/racedetail/3520240423010006/?pageType=result,2026-08-31T03:27:34.844976+00:00,7-5-1/3-4/6-2,published,小田競・サイクル,楽天Kドリームス 並び予想
3520240423010007,2024-04-23,平塚競輪,F1,7,Ｓ級予選,18:02,17:57,7,https://keirin.kdreams.jp/hiratsuka/racedetail/3520240423010007/?pageType=result,2026-08-31T03:27:36.394934+00:00,1/7-2-5/4-3-6,published,小田競・サイクル,楽天Kドリームス 並び予想
3520240423010008,2024-04-23,平塚競輪,F1,8,Ｓ級予選,18:28,18:23,7,https://keirin.kdreams.jp/hiratsuka/racedetail/3520240423010008/?pageType=result,2026-08-31T03:27:37.973688+00:00,4-1/3/7/5-2-6,published,小田競・サイクル,楽天Kドリームス 並び予想
3520240423010009,2024-04-23,平塚競輪,F1,9,Ｓ級予選,18:56,18:51,7,https://keirin.kdreams.jp/hiratsuka/racedetail/3520240423010009/?pageType=result,2026-08-31T03:27:39.544939+00:00,6-1-7/2-5/3-4,published,小田競・サイクル,楽天Kドリームス 並び予想
3520240423010010,2024-04-23,平塚競輪,F1,10,Ｓ級予選,19:24,19:19,7,https://keirin.kdreams.jp/hiratsuka/racedetail/3520240423010010/?pageType=result,2026-08-31T03:27:41.158837+00:00,1-4-5/7-3-2-6,published,小田競・サイクル,楽天Kドリームス 並び予想
3520240423010011,2024-04-23,平塚競輪,F1,11,Ｓ級予選,19:53,19:48,7,https://keirin.kdreams.jp/hiratsuka/racedetail/3520240423010011/?pageType=result,2026-08-31T03:27:42.705514+00:00,1-7-4-3/5/6-2,published,小田競・サイクル,楽天Kドリームス 並び予想
3520240423010012,2024-04-23,平塚競輪,F1,12,Ｓ級初特選,20:25,20:20,7,https://keirin.kdreams.jp/hiratsuka/racedetail/3520240423010012/?pageType=result,2026-08-31T03:27:44.257060+00:00,1-5/6-2-4/7-3,published,小田競・サイクル,楽天Kドリームス 並び予想
3520240423020006,2024-04-24,平塚競輪,F1,6,Ｓ級一般,17:36,17:31,5,https://keirin.kdreams.jp/hiratsuka/racedetail/3520240423020006/?pageType=result,2026-08-31T03:27:45.639427+00:00,5-1/2/4-3,published,小田競・サイクル,楽天Kドリームス 並び予想
3520240423020007,2024-04-24,平塚競輪,F1,7,Ｓ級一般,18:02,17:57,5,https://keirin.kdreams.jp/hiratsuka/racedetail/3520240423020007/?pageType=result,2026-08-31T03:27:46.972877+00:00,2-3-5/1-4,published,小田競・サイクル,楽天Kドリームス 並び予想
3520240423020008,2024-04-24,平塚競輪,F1,8,Ｓ級選抜,18:28,18:23,6,https://keirin.kdreams.jp/hiratsuka/racedetail/3520240423020008/?pageType=result,2026-08-31T03:27:48.408587+00:00,2-6-3/4-1-5,published,小田競・サイクル,楽天Kドリームス 並び予想
3520240423020009,2024-04-24,平塚競輪,F1,9,Ｓ級選抜,18:56,18:51,7,https://keirin.kdreams.jp/hiratsuka/racedetail/3520240423020009/?pageType=result,2026-08-31T03:27:49.964842+00:00,7-2-5/1/3/6-4,published,小田競・サイクル,楽天Kドリームス 並び予想
3520240423020010,2024-04-24,平塚競輪,F1,10,Ｓ級準決勝,19:24,19:19,7,https://keirin.kdreams.jp/hiratsuka/racedetail/3520240423020010/?pageType=result,2026-08-31T03:27:51.553145+00:00,7-2/6-1/4-3-5,published,小田競・サイクル,楽天Kドリームス 並び予想
3520240423020011,2024-04-24,平塚競輪,F1,11,Ｓ級準決勝,19:53,19:48,7,https://keirin.kdreams.jp/hiratsuka/racedetail/3520240423020011/?pageType=result,2026-08-31T03:27:53.164726+00:00,6-1/5-2/3-7-4,published,小田競・サイクル,楽天Kドリームス 並び予想
3520240423020012,2024-04-24,平塚競輪,F1,12,Ｓ級準決勝,20:25,20:20,7,https://keirin.kdreams.jp/hiratsuka/racedetail/3520240423020012/?pageType=result,2026-08-31T03:27:54.752386+00:00,5-1-6/7-2/3-4,published,小田競・サイクル,楽天Kドリームス 並び予想
5120240424010006,2024-04-24,福井競輪,F1,6,Ｓ級予選,13:07,13:02,7,https://keirin.kdreams.jp/fukui/racedetail/5120240424010006/?pageType=result,2026-08-31T03:28:08.527636+00:00,4-1-3-6/2-5-7,published,福井中部,楽天Kドリームス 並び予想
5120240424010007,2024-04-24,福井競輪,F1,7,Ｓ級予選,13:38,13:33,7,https://keirin.kdreams.jp/fukui/racedetail/5120240424010007/?pageType=result,2026-08-31T03:28:11.010841+00:00,4-6-1/2-5/3-7,published,福井中部,楽天Kドリームス 並び予想
5120240424010008,2024-04-24,福井競輪,F1,8,Ｓ級予選,14:10,14:05,7,https://keirin.kdreams.jp/fukui/racedetail/5120240424010008/?pageType=result,2026-08-31T03:28:12.880944+00:00,6-1/2-5-3/7-4,published,福井中部,楽天Kドリームス 並び予想
5120240424010009,2024-04-24,福井競輪,F1,9,Ｓ級予選,14:42,14:37,7,https://keirin.kdreams.jp/fukui/racedetail/5120240424010009/?pageType=result,2026-08-31T03:28:14.594043+00:00,6-1/4-2-7/3-5,published,福井中部,楽天Kドリームス 並び予想
5120240424010010,2024-04-24,福井競輪,F1,10,Ｓ級予選,15:14,15:09,7,https://keirin.kdreams.jp/fukui/racedetail/5120240424010010/?pageType=result,2026-08-31T03:28:16.195993+00:00,1-7/5-2/6-3/4,published,福井中部,楽天Kドリームス 並び予想
5120240424010011,2024-04-24,福井競輪,F1,11,Ｓ級予選,15:50,15:45,7,https://keirin.kdreams.jp/fukui/racedetail/5120240424010011/?pageType=result,2026-08-31T03:28:17.778372+00:00,1-7/5-2-6/3-4,published,福井中部,楽天Kドリームス 並び予想
5120240424010012,2024-04-24,福井競輪,F1,12,Ｓ級初特選,16:33,16:28,7,https://keirin.kdreams.jp/fukui/racedetail/5120240424010012/?pageType=result,2026-08-31T03:28:19.352252+00:00,5-1/2/3-6/4-7,published,福井中部,楽天Kドリームス 並び予想
7420240424010006,2024-04-24,高知競輪,F1,6,Ｓ級予選,13:02,12:57,7,https://keirin.kdreams.jp/kochi/racedetail/7420240424010006/?pageType=result,2026-08-31T03:28:48.247228+00:00,2-5/7-1/4-3-6,published,福ちゃん出版社,楽天Kドリームス 並び予想
7420240424010007,2024-04-24,高知競輪,F1,7,Ｓ級予選,13:33,13:28,7,https://keirin.kdreams.jp/kochi/racedetail/7420240424010007/?pageType=result,2026-08-31T03:28:50.236927+00:00,4-1-7/3-5/6-2,published,福ちゃん出版社,楽天Kドリームス 並び予想
7420240424010008,2024-04-24,高知競輪,F1,8,Ｓ級予選,14:05,14:00,7,https://keirin.kdreams.jp/kochi/racedetail/7420240424010008/?pageType=result,2026-08-31T03:28:52.582974+00:00,6-2/5-1/4-3-7,published,福ちゃん出版社,楽天Kドリームス 並び予想
7420240424010009,2024-04-24,高知競輪,F1,9,Ｓ級予選,14:37,14:32,7,https://keirin.kdreams.jp/kochi/racedetail/7420240424010009/?pageType=result,2026-08-31T03:28:54.564424+00:00,7-2-4/6-1/3-5,published,福ちゃん出版社,楽天Kドリームス 並び予想
7420240424010010,2024-04-24,高知競輪,F1,10,Ｓ級予選,15:09,15:04,7,https://keirin.kdreams.jp/kochi/racedetail/7420240424010010/?pageType=result,2026-08-31T03:28:56.421643+00:00,1-7/4/6-3/5-2,published,福ちゃん出版社,楽天Kドリームス 並び予想
7420240424010011,2024-04-24,高知競輪,F1,11,Ｓ級予選,15:45,15:40,7,https://keirin.kdreams.jp/kochi/racedetail/7420240424010011/?pageType=result,2026-08-31T03:28:58.138968+00:00,7-1-4/2-5-3-6,published,福ちゃん出版社,楽天Kドリームス 並び予想
7420240424010012,2024-04-24,高知競輪,F1,12,Ｓ級初特選,16:23,16:18,7,https://keirin.kdreams.jp/kochi/racedetail/7420240424010012/?pageType=result,2026-08-31T03:28:59.959825+00:00,5-1/6-2/4-3-7,published,福ちゃん出版社,楽天Kドリームス 並び予想
3520240423030005,2024-04-25,平塚競輪,F1,5,Ｓ級一般,17:11,17:06,6,https://keirin.kdreams.jp/hiratsuka/racedetail/3520240423030005/?pageType=result,2026-08-31T03:27:56.181451+00:00,1-6/3/4-5-2,published,小田競・サイクル,楽天Kドリームス 並び予想
3520240423030006,2024-04-25,平塚競輪,F1,6,Ｓ級一般,17:37,17:32,6,https://keirin.kdreams.jp/hiratsuka/racedetail/3520240423030006/?pageType=result,2026-08-31T03:27:57.703124+00:00,6-3-1/5-4-2,published,小田競・サイクル,楽天Kドリームス 並び予想
3520240423030007,2024-04-25,平塚競輪,F1,7,Ｓ級一般,18:03,17:58,7,https://keirin.kdreams.jp/hiratsuka/racedetail/3520240423030007/?pageType=result,2026-08-31T03:28:00.451149+00:00,1-4/5-3/2-6-7,published,小田競・サイクル,楽天Kドリームス 並び予想
3520240423030008,2024-04-25,平塚競輪,F1,8,Ｓ級特選,18:29,18:24,7,https://keirin.kdreams.jp/hiratsuka/racedetail/3520240423030008/?pageType=result,2026-08-31T03:28:02.157735+00:00,6-1-4/2-7/3-5,published,小田競・サイクル,楽天Kドリームス 並び予想
3520240423030009,2024-04-25,平塚競輪,F1,9,Ｓ級特選,18:58,18:53,7,https://keirin.kdreams.jp/hiratsuka/racedetail/3520240423030009/?pageType=result,2026-08-31T03:28:03.739556+00:00,1-4-6/2-7/3-5,published,小田競・サイクル,楽天Kドリームス 並び予想
3520240423030010,2024-04-25,平塚競輪,F1,10,Ｓ級特選,19:29,19:24,7,https://keirin.kdreams.jp/hiratsuka/racedetail/3520240423030010/?pageType=result,2026-08-31T03:28:05.365016+00:00,2-7/6-1/4-5-3,published,小田競・サイクル,楽天Kドリームス 並び予想
3520240423030012,2024-04-25,平塚競輪,F1,12,Ｓ級決勝,20:35,20:30,7,https://keirin.kdreams.jp/hiratsuka/racedetail/3520240423030012/?pageType=result,2026-08-31T03:28:06.940991+00:00,1-4-7/3/6-2-5,published,小田競・サイクル,楽天Kドリームス 並び予想
5120240424020006,2024-04-25,福井競輪,F1,6,Ｓ級一般,13:07,13:02,7,https://keirin.kdreams.jp/fukui/racedetail/5120240424020006/?pageType=result,2026-08-31T03:28:22.109065+00:00,4-5-1/7-3-2-6,published,福井中部,楽天Kドリームス 並び予想
5120240424020007,2024-04-25,福井競輪,F1,7,Ｓ級一般,13:38,13:33,7,https://keirin.kdreams.jp/fukui/racedetail/5120240424020007/?pageType=result,2026-08-31T03:28:23.925883+00:00,7-1/2-6-4/5-3,published,福井中部,楽天Kドリームス 並び予想
5120240424020008,2024-04-25,福井競輪,F1,8,Ｓ級選抜,14:10,14:05,7,https://keirin.kdreams.jp/fukui/racedetail/5120240424020008/?pageType=result,2026-08-31T03:28:26.774885+00:00,5-1/2-6/4-3-7,published,福井中部,楽天Kドリームス 並び予想
5120240424020009,2024-04-25,福井競輪,F1,9,Ｓ級選抜,14:42,14:37,7,https://keirin.kdreams.jp/fukui/racedetail/5120240424020009/?pageType=result,2026-08-31T03:28:29.569956+00:00,5-1-6/7-2/4-3,published,福井中部,楽天Kドリームス 並び予想
5120240424020010,2024-04-25,福井競輪,F1,10,Ｓ級準決勝,15:14,15:09,7,https://keirin.kdreams.jp/fukui/racedetail/5120240424020010/?pageType=result,2026-08-31T03:28:31.589507+00:00,1/2-4-6/3-5-7,published,福井中部,楽天Kドリームス 並び予想
5120240424020011,2024-04-25,福井競輪,F1,11,Ｓ級準決勝,15:50,15:45,7,https://keirin.kdreams.jp/fukui/racedetail/5120240424020011/?pageType=result,2026-08-31T03:28:33.280363+00:00,7-1-6/2-5/3-4,published,福井中部,楽天Kドリームス 並び予想
5120240424020012,2024-04-25,福井競輪,F1,12,Ｓ級準決勝,16:33,16:28,7,https://keirin.kdreams.jp/fukui/racedetail/5120240424020012/?pageType=result,2026-08-31T03:28:35.017581+00:00,1-5/6-2-4/3-7,published,福井中部,楽天Kドリームス 並び予想
7420240424020006,2024-04-25,高知競輪,F1,6,Ｓ級一般,13:02,12:57,7,https://keirin.kdreams.jp/kochi/racedetail/7420240424020006/?pageType=result,2026-08-31T03:29:01.556833+00:00,1-7-5/6-2/3-4,published,福ちゃん出版社,楽天Kドリームス 並び予想
7420240424020007,2024-04-25,高知競輪,F1,7,Ｓ級一般,13:33,13:28,7,https://keirin.kdreams.jp/kochi/racedetail/7420240424020007/?pageType=result,2026-08-31T03:29:03.127796+00:00,2-4-6/1/7-3-5,published,福ちゃん出版社,楽天Kドリームス 並び予想
7420240424020008,2024-04-25,高知競輪,F1,8,Ｓ級選抜,14:05,14:00,7,https://keirin.kdreams.jp/kochi/racedetail/7420240424020008/?pageType=result,2026-08-31T03:29:04.718692+00:00,2-7-5/1/6-4-3,published,福ちゃん出版社,楽天Kドリームス 並び予想
7420240424020009,2024-04-25,高知競輪,F1,9,Ｓ級選抜,14:37,14:32,7,https://keirin.kdreams.jp/kochi/racedetail/7420240424020009/?pageType=result,2026-08-31T03:29:06.357613+00:00,1-4/5-2-7/6-3,published,福ちゃん出版社,楽天Kドリームス 並び予想
7420240424020010,2024-04-25,高知競輪,F1,10,Ｓ級準決勝,15:09,15:04,7,https://keirin.kdreams.jp/kochi/racedetail/7420240424020010/?pageType=result,2026-08-31T03:29:09.001221+00:00,1-5-6/7-2/3-4,published,福ちゃん出版社,楽天Kドリームス 並び予想
7420240424020011,2024-04-25,高知競輪,F1,11,Ｓ級準決勝,15:45,15:40,7,https://keirin.kdreams.jp/kochi/racedetail/7420240424020011/?pageType=result,2026-08-31T03:29:11.830334+00:00,6-2-7/1-5/4-3,published,福ちゃん出版社,楽天Kドリームス 並び予想
7420240424020012,2024-04-25,高知競輪,F1,12,Ｓ級準決勝,16:23,16:18,7,https://keirin.kdreams.jp/kochi/racedetail/7420240424020012/?pageType=result,2026-08-31T03:29:14.053807+00:00,4-3/1-6/2-5/7,published,福ちゃん出版社,楽天Kドリームス 並び予想
3720240426010006,2024-04-26,伊東競輪,F1,6,Ｓ級予選,13:22,13:17,7,https://keirin.kdreams.jp/ito/racedetail/3720240426010006/?pageType=result,2026-08-31T03:29:29.739600+00:00,2-6/3/5-1-7-4,published,ひかり・小田競,楽天Kドリームス 並び予想
3720240426010007,2024-04-26,伊東競輪,F1,7,Ｓ級予選,13:52,13:47,7,https://keirin.kdreams.jp/ito/racedetail/3720240426010007/?pageType=result,2026-08-31T03:29:32.080108+00:00,6-2/1-7/3-4/5,published,ひかり・小田競,楽天Kドリームス 並び予想
3720240426010008,2024-04-26,伊東競輪,F1,8,Ｓ級予選,14:23,14:18,7,https://keirin.kdreams.jp/ito/racedetail/3720240426010008/?pageType=result,2026-08-31T03:29:34.066298+00:00,2-7-5/3-4-1/6,published,ひかり・小田競,楽天Kドリームス 並び予想
3720240426010009,2024-04-26,伊東競輪,F1,9,Ｓ級予選,14:56,14:51,7,https://keirin.kdreams.jp/ito/racedetail/3720240426010009/?pageType=result,2026-08-31T03:29:35.734861+00:00,5-3-7/6-1/2-4,published,ひかり・小田競,楽天Kドリームス 並び予想
3720240426010010,2024-04-26,伊東競輪,F1,10,Ｓ級予選,15:29,15:24,7,https://keirin.kdreams.jp/ito/racedetail/3720240426010010/?pageType=result,2026-08-31T03:29:37.291607+00:00,1-6-4/5-2/7-3,published,ひかり・小田競,楽天Kドリームス 並び予想
3720240426010011,2024-04-26,伊東競輪,F1,11,Ｓ級予選,16:05,16:00,7,https://keirin.kdreams.jp/ito/racedetail/3720240426010011/?pageType=result,2026-08-31T03:29:38.908300+00:00,7-1/2-4/5-3-6,published,ひかり・小田競,楽天Kドリームス 並び予想
3720240426010012,2024-04-26,伊東競輪,F1,12,Ｓ級初特選,16:45,16:40,7,https://keirin.kdreams.jp/ito/racedetail/3720240426010012/?pageType=result,2026-08-31T03:29:40.467023+00:00,3-6/7-2-4/1-5,published,ひかり・小田競,楽天Kドリームス 並び予想
5120240424030005,2024-04-26,福井競輪,F1,5,Ｓ級一般,12:36,12:31,6,https://keirin.kdreams.jp/fukui/racedetail/5120240424030005/?pageType=result,2026-08-31T03:28:36.395336+00:00,3-4/1/5/6-2,published,福井中部,楽天Kドリームス 並び予想
5120240424030006,2024-04-26,福井競輪,F1,6,Ｓ級一般,13:07,13:02,6,https://keirin.kdreams.jp/fukui/racedetail/5120240424030006/?pageType=result,2026-08-31T03:28:37.807945+00:00,6-1-3/5-2-4,published,福井中部,楽天Kドリームス 並び予想
5120240424030007,2024-04-26,福井競輪,F1,7,Ｓ級一般,13:38,13:33,6,https://keirin.kdreams.jp/fukui/racedetail/5120240424030007/?pageType=result,2026-08-31T03:28:39.216605+00:00,3-6-1-5/2/4,published,福井中部,楽天Kドリームス 並び予想
5120240424030009,2024-04-26,福井競輪,F1,9,Ｓ級特選,14:42,14:37,7,https://keirin.kdreams.jp/fukui/racedetail/5120240424030009/?pageType=result,2026-08-31T03:28:40.814982+00:00,1-7-5/2-6/4-3,published,福井中部,楽天Kドリームス 並び予想
5120240424030010,2024-04-26,福井競輪,F1,10,Ｓ級特選,15:14,15:09,7,https://keirin.kdreams.jp/fukui/racedetail/5120240424030010/?pageType=result,2026-08-31T03:28:42.394819+00:00,5-1/6-2/4-3-7,published,福井中部,楽天Kドリームス 並び予想
5120240424030011,2024-04-26,福井競輪,F1,11,Ｓ級特選,15:50,15:45,7,https://keirin.kdreams.jp/fukui/racedetail/5120240424030011/?pageType=result,2026-08-31T03:28:43.970388+00:00,4-5-1/6-2/7-3,published,福井中部,楽天Kドリームス 並び予想
5120240424030012,2024-04-26,福井競輪,F1,12,Ｓ級決勝,16:33,16:28,7,https://keirin.kdreams.jp/fukui/racedetail/5120240424030012/?pageType=result,2026-08-31T03:28:45.595907+00:00,1-7/4-2/3-6/5,published,福井中部,楽天Kドリームス 並び予想
7420240424030005,2024-04-26,高知競輪,F1,5,Ｓ級一般,12:31,12:26,7,https://keirin.kdreams.jp/kochi/racedetail/7420240424030005/?pageType=result,2026-08-31T03:29:15.902436+00:00,3-5/4-7-1/6-2,published,福ちゃん出版社,楽天Kドリームス 並び予想
7420240424030006,2024-04-26,高知競輪,F1,6,Ｓ級一般,13:02,12:57,7,https://keirin.kdreams.jp/kochi/racedetail/7420240424030006/?pageType=result,2026-08-31T03:29:17.662909+00:00,2-4-6/1/5-3/7,published,福ちゃん出版社,楽天Kドリームス 並び予想
7420240424030007,2024-04-26,高知競輪,F1,7,Ｓ級一般,13:33,13:28,7,https://keirin.kdreams.jp/kochi/racedetail/7420240424030007/?pageType=result,2026-08-31T03:29:19.209648+00:00,5-2-6/1-4/3-7,published,福ちゃん出版社,楽天Kドリームス 並び予想
7420240424030008,2024-04-26,高知競輪,F1,8,Ｓ級特選,14:05,14:00,7,https://keirin.kdreams.jp/kochi/racedetail/7420240424030008/?pageType=result,2026-08-31T03:29:20.807236+00:00,6-2-5/1/7-3-4,published,福ちゃん出版社,楽天Kドリームス 並び予想
7420240424030009,2024-04-26,高知競輪,F1,9,Ｓ級特選,14:37,14:32,7,https://keirin.kdreams.jp/kochi/racedetail/7420240424030009/?pageType=result,2026-08-31T03:29:22.376194+00:00,3-7/5-1-4/6-2,published,福ちゃん出版社,楽天Kドリームス 並び予想
7420240424030010,2024-04-26,高知競輪,F1,10,Ｓ級特選,15:09,15:04,7,https://keirin.kdreams.jp/kochi/racedetail/7420240424030010/?pageType=result,2026-08-31T03:29:23.985773+00:00,3-4/1-7/6-2/5,published,福ちゃん出版社,楽天Kドリームス 並び予想
7420240424030012,2024-04-26,高知競輪,F1,12,Ｓ級決勝,16:23,16:18,7,https://keirin.kdreams.jp/kochi/racedetail/7420240424030012/?pageType=result,2026-08-31T03:29:25.556092+00:00,1-7/2/4/3-5-6,published,福ちゃん出版社,楽天Kドリームス 並び予想
3720240426020006,2024-04-27,伊東競輪,F1,6,Ｓ級一般,13:22,13:17,6,https://keirin.kdreams.jp/ito/racedetail/3720240426020006/?pageType=result,2026-08-31T03:29:41.954999+00:00,5-1-4/2/6-3,published,ひかり・小田競,楽天Kドリームス 並び予想
3720240426020007,2024-04-27,伊東競輪,F1,7,Ｓ級一般,13:52,13:47,7,https://keirin.kdreams.jp/ito/racedetail/3720240426020007/?pageType=result,2026-08-31T03:29:43.501797+00:00,1-6/5-2/4/3-7,published,ひかり・小田競,楽天Kドリームス 並び予想
3720240426020008,2024-04-27,伊東競輪,F1,8,Ｓ級選抜,14:23,14:18,7,https://keirin.kdreams.jp/ito/racedetail/3720240426020008/?pageType=result,2026-08-31T03:29:45.108411+00:00,4-1/2-5/7-3/6,published,ひかり・小田競,楽天Kドリームス 並び予想
3720240426020009,2024-04-27,伊東競輪,F1,9,Ｓ級選抜,14:56,14:51,7,https://keirin.kdreams.jp/ito/racedetail/3720240426020009/?pageType=result,2026-08-31T03:29:46.653685+00:00,1-2-6/3-4-5-7,published,ひかり・小田競,楽天Kドリームス 並び予想
3720240426020010,2024-04-27,伊東競輪,F1,10,Ｓ級準決勝,15:29,15:24,7,https://keirin.kdreams.jp/ito/racedetail/3720240426020010/?pageType=result,2026-08-31T03:29:48.290142+00:00,1-5-6/2-4/3-7,published,ひかり・小田競,楽天Kドリームス 並び予想
3720240426020011,2024-04-27,伊東競輪,F1,11,Ｓ級準決勝,16:05,16:00,7,https://keirin.kdreams.jp/ito/racedetail/3720240426020011/?pageType=result,2026-08-31T03:29:49.872555+00:00,2-5/1-6/4-3-7,published,ひかり・小田競,楽天Kドリームス 並び予想
3720240426020012,2024-04-27,伊東競輪,F1,12,Ｓ級準決勝,16:45,16:40,7,https://keirin.kdreams.jp/ito/racedetail/3720240426020012/?pageType=result,2026-08-31T03:29:51.441810+00:00,7-3/5-1-6/4-2,published,ひかり・小田競,楽天Kドリームス 並び予想
4620240427010006,2024-04-27,富山競輪,F1,6,Ｓ級予選,12:57,12:52,7,https://keirin.kdreams.jp/toyama/racedetail/4620240427010006/?pageType=result,2026-08-31T03:30:03.532966+00:00,5-1-4/6-2/3-7,published,中部競輪,楽天Kドリームス 並び予想
4620240427010007,2024-04-27,富山競輪,F1,7,Ｓ級予選,13:27,13:22,7,https://keirin.kdreams.jp/toyama/racedetail/4620240427010007/?pageType=result,2026-08-31T03:30:05.101701+00:00,5-1/7-2/4-3-6,published,中部競輪,楽天Kドリームス 並び予想
4620240427010008,2024-04-27,富山競輪,F1,8,Ｓ級予選,13:57,13:52,7,https://keirin.kdreams.jp/toyama/racedetail/4620240427010008/?pageType=result,2026-08-31T03:30:06.678263+00:00,1-4/6/5-3/7-2,published,中部競輪,楽天Kドリームス 並び予想
4620240427010009,2024-04-27,富山競輪,F1,9,Ｓ級予選,14:28,14:23,7,https://keirin.kdreams.jp/toyama/racedetail/4620240427010009/?pageType=result,2026-08-31T03:30:08.228784+00:00,7-1/6-2/4/5-3,published,中部競輪,楽天Kドリームス 並び予想
4620240427010010,2024-04-27,富山競輪,F1,10,Ｓ級予選,15:00,14:55,7,https://keirin.kdreams.jp/toyama/racedetail/4620240427010010/?pageType=result,2026-08-31T03:30:09.846317+00:00,1-7/6-2/5-3-4,published,中部競輪,楽天Kドリームス 並び予想
4620240427010011,2024-04-27,富山競輪,F1,11,Ｓ級予選,15:35,15:30,7,https://keirin.kdreams.jp/toyama/racedetail/4620240427010011/?pageType=result,2026-08-31T03:30:11.427427+00:00,4-1-7/3-5/6-2,published,中部競輪,楽天Kドリームス 並び予想
4620240427010012,2024-04-27,富山競輪,F1,12,Ｓ級初特選,16:17,16:12,7,https://keirin.kdreams.jp/toyama/racedetail/4620240427010012/?pageType=result,2026-08-31T03:30:14.091846+00:00,1-7/4-2-6/5-3,published,中部競輪,楽天Kドリームス 並び予想
3720240426030005,2024-04-28,伊東競輪,F1,5,Ｓ級一般,12:52,12:47,5,https://keirin.kdreams.jp/ito/racedetail/3720240426030005/?pageType=result,2026-08-31T03:29:52.834040+00:00,4-1/3/2-5,published,ひかり・小田競,楽天Kドリームス 並び予想
3720240426030006,2024-04-28,伊東競輪,F1,6,Ｓ級一般,13:22,13:17,6,https://keirin.kdreams.jp/ito/racedetail/3720240426030006/?pageType=result,2026-08-31T03:29:54.202406+00:00,5-1/4-2/6-3,published,ひかり・小田競,楽天Kドリームス 並び予想
3720240426030007,2024-04-28,伊東競輪,F1,7,Ｓ級一般,13:52,13:47,6,https://keirin.kdreams.jp/ito/racedetail/3720240426030007/?pageType=result,2026-08-31T03:29:55.625926+00:00,2-1-6/5/3-4,published,ひかり・小田競,楽天Kドリームス 並び予想
3720240426030008,2024-04-28,伊東競輪,F1,8,Ｓ級特選,14:23,14:18,7,https://keirin.kdreams.jp/ito/racedetail/3720240426030008/?pageType=result,2026-08-31T03:29:57.175860+00:00,5-2/1-4/7-3-6,published,ひかり・小田競,楽天Kドリームス 並び予想
3720240426030009,2024-04-28,伊東競輪,F1,9,Ｓ級特選,14:56,14:51,7,https://keirin.kdreams.jp/ito/racedetail/3720240426030009/?pageType=result,2026-08-31T03:29:58.769140+00:00,4-1-3-6/7-2-5,published,ひかり・小田競,楽天Kドリームス 並び予想
3720240426030010,2024-04-28,伊東競輪,F1,10,Ｓ級特選,15:29,15:24,7,https://keirin.kdreams.jp/ito/racedetail/3720240426030010/?pageType=result,2026-08-31T03:30:00.332092+00:00,7-3/2-6/5-1/4,published,ひかり・小田競,楽天Kドリームス 並び予想
3720240426030012,2024-04-28,伊東競輪,F1,12,Ｓ級決勝,16:45,16:40,7,https://keirin.kdreams.jp/ito/racedetail/3720240426030012/?pageType=result,2026-08-31T03:30:01.905829+00:00,1-7/5-2/3-6/4,published,ひかり・小田競,楽天Kドリームス 並び予想
4620240427020006,2024-04-28,富山競輪,F1,6,Ｓ級一般,12:57,12:52,7,https://keirin.kdreams.jp/toyama/racedetail/4620240427020006/?pageType=result,2026-08-31T03:30:17.192145+00:00,1-5/4-2-7/3/6,published,中部競輪,楽天Kドリームス 並び予想
4620240427020007,2024-04-28,富山競輪,F1,7,Ｓ級一般,13:27,13:22,7,https://keirin.kdreams.jp/toyama/racedetail/4620240427020007/?pageType=result,2026-08-31T03:30:19.326585+00:00,1-7/5-2-6/3-4,published,中部競輪,楽天Kドリームス 並び予想
4620240427020008,2024-04-28,富山競輪,F1,8,Ｓ級選抜,13:57,13:52,7,https://keirin.kdreams.jp/toyama/racedetail/4620240427020008/?pageType=result,2026-08-31T03:30:21.209669+00:00,1-4-7/2-6/5-3,published,中部競輪,楽天Kドリームス 並び予想
4620240427020009,2024-04-28,富山競輪,F1,9,Ｓ級選抜,14:28,14:23,7,https://keirin.kdreams.jp/toyama/racedetail/4620240427020009/?pageType=result,2026-08-31T03:30:22.913428+00:00,1-5-3/7-2-4/6,published,中部競輪,楽天Kドリームス 並び予想
4620240427020010,2024-04-28,富山競輪,F1,10,Ｓ級準決勝,15:00,14:55,7,https://keirin.kdreams.jp/toyama/racedetail/4620240427020010/?pageType=result,2026-08-31T03:30:24.548452+00:00,4-1/2-5/6/3-7,published,中部競輪,楽天Kドリームス 並び予想
4620240427020011,2024-04-28,富山競輪,F1,11,Ｓ級準決勝,15:35,15:30,7,https://keirin.kdreams.jp/toyama/racedetail/4620240427020011/?pageType=result,2026-08-31T03:30:27.069978+00:00,1-7-4/3-6/5-2,published,中部競輪,楽天Kドリームス 並び予想
4620240427020012,2024-04-28,富山競輪,F1,12,Ｓ級準決勝,16:17,16:12,7,https://keirin.kdreams.jp/toyama/racedetail/4620240427020012/?pageType=result,2026-08-31T03:30:28.967310+00:00,1-5-7/2-4/3-6,published,中部競輪,楽天Kドリームス 並び予想
2720240429010006,2024-04-29,京王閣競輪,F1,6,Ｓ級予選,17:48,17:43,7,https://keirin.kdreams.jp/keiokaku/racedetail/2720240429010006/?pageType=result,2026-08-31T03:30:43.452179+00:00,7-1-5/3/2-4-6,published,アオケイ,楽天Kドリームス 並び予想
2720240429010007,2024-04-29,京王閣競輪,F1,7,Ｓ級予選,18:13,18:08,7,https://keirin.kdreams.jp/keiokaku/racedetail/2720240429010007/?pageType=result,2026-08-31T03:30:44.907866+00:00,1-5-3/6/4-2/7,published,アオケイ,楽天Kドリームス 並び予想
2720240429010008,2024-04-29,京王閣競輪,F1,8,Ｓ級予選,18:38,18:33,7,https://keirin.kdreams.jp/keiokaku/racedetail/2720240429010008/?pageType=result,2026-08-31T03:30:46.471215+00:00,7-5-1/3/2-4-6,published,アオケイ,楽天Kドリームス 並び予想
2720240429010009,2024-04-29,京王閣競輪,F1,9,Ｓ級予選,19:03,18:58,7,https://keirin.kdreams.jp/keiokaku/racedetail/2720240429010009/?pageType=result,2026-08-31T03:30:48.082849+00:00,3-7/5-1/6-2-4,published,アオケイ,楽天Kドリームス 並び予想
2720240429010010,2024-04-29,京王閣競輪,F1,10,Ｓ級予選,19:28,19:23,7,https://keirin.kdreams.jp/keiokaku/racedetail/2720240429010010/?pageType=result,2026-08-31T03:30:49.657765+00:00,3-5/1-7-4/6-2,published,アオケイ,楽天Kドリームス 並び予想
2720240429010011,2024-04-29,京王閣競輪,F1,11,Ｓ級予選,19:54,19:49,7,https://keirin.kdreams.jp/keiokaku/racedetail/2720240429010011/?pageType=result,2026-08-31T03:30:51.264770+00:00,1-4-7/2-5/6-3,published,アオケイ,楽天Kドリームス 並び予想
2720240429010012,2024-04-29,京王閣競輪,F1,12,Ｓ級初特選,20:20,20:15,7,https://keirin.kdreams.jp/keiokaku/racedetail/2720240429010012/?pageType=result,2026-08-31T03:30:52.853000+00:00,5-2-4/1-7/6-3,published,アオケイ,楽天Kドリームス 並び予想
4620240427030005,2024-04-29,富山競輪,F1,5,Ｓ級一般,12:36,12:31,7,https://keirin.kdreams.jp/toyama/racedetail/4620240427030005/?pageType=result,2026-08-31T03:30:30.679072+00:00,1-4/6/7-2/5-3,published,中部競輪,楽天Kドリームス 並び予想
4620240427030006,2024-04-29,富山競輪,F1,6,Ｓ級一般,13:06,13:01,7,https://keirin.kdreams.jp/toyama/racedetail/4620240427030006/?pageType=result,2026-08-31T03:30:33.327614+00:00,7-1-5/2-6/4-3,published,中部競輪,楽天Kドリームス 並び予想
4620240427030007,2024-04-29,富山競輪,F1,7,Ｓ級一般,13:37,13:32,7,https://keirin.kdreams.jp/toyama/racedetail/4620240427030007/?pageType=result,2026-08-31T03:30:35.348726+00:00,4-5-1/2-7/6-3,published,中部競輪,楽天Kドリームス 並び予想
4620240427030008,2024-04-29,富山競輪,F1,8,Ｓ級特選,14:08,14:03,7,https://keirin.kdreams.jp/toyama/racedetail/4620240427030008/?pageType=result,2026-08-31T03:30:37.111243+00:00,4-1-5/7-2/3-6,published,中部競輪,楽天Kドリームス 並び予想
4620240427030009,2024-04-29,富山競輪,F1,9,Ｓ級特選,14:41,14:36,7,https://keirin.kdreams.jp/toyama/racedetail/4620240427030009/?pageType=result,2026-08-31T03:30:38.679566+00:00,7-1-5/2-4/6-3,published,中部競輪,楽天Kドリームス 並び予想
4620240427030010,2024-04-29,富山競輪,F1,10,Ｓ級特選,15:14,15:09,7,https://keirin.kdreams.jp/toyama/racedetail/4620240427030010/?pageType=result,2026-08-31T03:30:40.286635+00:00,5-7-1/2-4/6-3,published,中部競輪,楽天Kドリームス 並び予想
4620240427030012,2024-04-29,富山競輪,F1,12,Ｓ級決勝,16:30,16:25,7,https://keirin.kdreams.jp/toyama/racedetail/4620240427030012/?pageType=result,2026-08-31T03:30:41.854900+00:00,4-1-5/6-2/3/7,published,中部競輪,楽天Kドリームス 並び予想
2720240429020006,2024-04-30,京王閣競輪,F1,6,Ｓ級一般,17:48,17:43,6,https://keirin.kdreams.jp/keiokaku/racedetail/2720240429020006/?pageType=result,2026-08-31T03:30:54.277962+00:00,1-5/2-4-6/3,published,アオケイ,楽天Kドリームス 並び予想
2720240429020007,2024-04-30,京王閣競輪,F1,7,Ｓ級一般,18:13,18:08,6,https://keirin.kdreams.jp/keiokaku/racedetail/2720240429020007/?pageType=result,2026-08-31T03:30:56.739269+00:00,1-3/6/4-5-2,published,アオケイ,楽天Kドリームス 並び予想
2720240429020008,2024-04-30,京王閣競輪,F1,8,Ｓ級選抜,18:38,18:33,7,https://keirin.kdreams.jp/keiokaku/racedetail/2720240429020008/?pageType=result,2026-08-31T03:30:58.573541+00:00,1-7/5/4-2-6/3,published,アオケイ,楽天Kドリームス 並び予想
2720240429020009,2024-04-30,京王閣競輪,F1,9,Ｓ級選抜,19:03,18:58,7,https://keirin.kdreams.jp/keiokaku/racedetail/2720240429020009/?pageType=result,2026-08-31T03:31:00.351513+00:00,2-5-3/1/4/6/7,published,アオケイ,楽天Kドリームス 並び予想
2720240429020010,2024-04-30,京王閣競輪,F1,10,Ｓ級準決勝,19:28,19:23,7,https://keirin.kdreams.jp/keiokaku/racedetail/2720240429020010/?pageType=result,2026-08-31T03:31:01.929715+00:00,4-2/1-7/6-3-5,published,アオケイ,楽天Kドリームス 並び予想
2720240429020011,2024-04-30,京王閣競輪,F1,11,Ｓ級準決勝,19:54,19:49,7,https://keirin.kdreams.jp/keiokaku/racedetail/2720240429020011/?pageType=result,2026-08-31T03:31:03.550883+00:00,4-1-7/6-2/5-3,published,アオケイ,楽天Kドリームス 並び予想
2720240429020012,2024-04-30,京王閣競輪,F1,12,Ｓ級準決勝,20:20,20:15,7,https://keirin.kdreams.jp/keiokaku/racedetail/2720240429020012/?pageType=result,2026-08-31T03:31:05.132264+00:00,5-3/6-4-1/2-7,published,アオケイ,楽天Kドリームス 並び予想
4820240430010006,2024-04-30,四日市競輪,F1,6,Ｓ級予選,17:53,17:48,7,https://keirin.kdreams.jp/yokkaichi/racedetail/4820240430010006/?pageType=result,2026-08-31T03:33:16.470064+00:00,1-7-3/2-5/6-4,published,富山中部,楽天Kドリームス 並び予想
4820240430010007,2024-04-30,四日市競輪,F1,7,Ｓ級予選,18:18,18:13,7,https://keirin.kdreams.jp/yokkaichi/racedetail/4820240430010007/?pageType=result,2026-08-31T03:33:18.109765+00:00,1-4/2-6/7-3-5,published,富山中部,楽天Kドリームス 並び予想
4820240430010008,2024-04-30,四日市競輪,F1,8,Ｓ級予選,18:43,18:38,7,https://keirin.kdreams.jp/yokkaichi/racedetail/4820240430010008/?pageType=result,2026-08-31T03:33:21.062578+00:00,3-6/4-1/5/7-2,published,富山中部,楽天Kドリームス 並び予想
4820240430010009,2024-04-30,四日市競輪,F1,9,Ｓ級予選,19:08,19:03,7,https://keirin.kdreams.jp/yokkaichi/racedetail/4820240430010009/?pageType=result,2026-08-31T03:33:22.898621+00:00,1-7-4/5-2/6-3,published,富山中部,楽天Kドリームス 並び予想
4820240430010010,2024-04-30,四日市競輪,F1,10,Ｓ級予選,19:33,19:28,7,https://keirin.kdreams.jp/yokkaichi/racedetail/4820240430010010/?pageType=result,2026-08-31T03:33:24.542873+00:00,6/1-4/2-7/5-3,published,富山中部,楽天Kドリームス 並び予想
4820240430010011,2024-04-30,四日市競輪,F1,11,Ｓ級予選,19:59,19:54,7,https://keirin.kdreams.jp/yokkaichi/racedetail/4820240430010011/?pageType=result,2026-08-31T03:33:26.034649+00:00,5-3-7/1-4/6-2,published,富山中部,楽天Kドリームス 並び予想
4820240430010012,2024-04-30,四日市競輪,F1,12,Ｓ級初特選,20:25,20:20,7,https://keirin.kdreams.jp/yokkaichi/racedetail/4820240430010012/?pageType=result,2026-08-31T03:33:27.628624+00:00,5-1/2-3/7-4-6,published,富山中部,楽天Kドリームス 並び予想
2720240429030005,2024-05-01,京王閣競輪,F1,5,Ｓ級一般,17:25,17:20,7,https://keirin.kdreams.jp/keiokaku/racedetail/2720240429030005/?pageType=result,2026-08-31T03:31:07.941735+00:00,2-7/1/3-4/6-5,published,アオケイ,楽天Kドリームス 並び予想
2720240429030006,2024-05-01,京王閣競輪,F1,6,Ｓ級一般,17:51,17:46,7,https://keirin.kdreams.jp/keiokaku/racedetail/2720240429030006/?pageType=result,2026-08-31T03:31:09.766082+00:00,4-7-1/6/3-5-2,published,アオケイ,楽天Kドリームス 並び予想
2720240429030007,2024-05-01,京王閣競輪,F1,7,Ｓ級一般,18:17,18:12,7,https://keirin.kdreams.jp/keiokaku/racedetail/2720240429030007/?pageType=result,2026-08-31T03:31:11.560412+00:00,1-7-4-6/2/3-5,published,アオケイ,楽天Kドリームス 並び予想
2720240429030008,2024-05-01,京王閣競輪,F1,8,Ｓ級特選,18:43,18:38,7,https://keirin.kdreams.jp/keiokaku/racedetail/2720240429030008/?pageType=result,2026-08-31T03:31:13.150619+00:00,1-7/6-2-5/3-4,published,アオケイ,楽天Kドリームス 並び予想
2720240429030009,2024-05-01,京王閣競輪,F1,9,Ｓ級特選,19:09,19:04,7,https://keirin.kdreams.jp/keiokaku/racedetail/2720240429030009/?pageType=result,2026-08-31T03:31:14.787725+00:00,1-5-3/4-2-7/6,published,アオケイ,楽天Kドリームス 並び予想
2720240429030010,2024-05-01,京王閣競輪,F1,10,Ｓ級特選,19:35,19:30,7,https://keirin.kdreams.jp/keiokaku/racedetail/2720240429030010/?pageType=result,2026-08-31T03:31:16.431185+00:00,7-3/1-5-4/6-2,published,アオケイ,楽天Kドリームス 並び予想
2720240429030012,2024-05-01,京王閣競輪,F1,12,Ｓ級決勝,20:30,20:25,7,https://keirin.kdreams.jp/keiokaku/racedetail/2720240429030012/?pageType=result,2026-08-31T03:31:18.023519+00:00,1-4-3/2-7/5-6,published,アオケイ,楽天Kドリームス 並び予想
4820240430020006,2024-05-01,四日市競輪,F1,6,Ｓ級一般,17:46,17:41,7,https://keirin.kdreams.jp/yokkaichi/racedetail/4820240430020006/?pageType=result,2026-08-31T03:33:29.174873+00:00,5-1-7/4-2/3/6,published,富山中部,楽天Kドリームス 並び予想
4820240430020007,2024-05-01,四日市競輪,F1,7,Ｓ級一般,18:12,18:07,7,https://keirin.kdreams.jp/yokkaichi/racedetail/4820240430020007/?pageType=result,2026-08-31T03:33:30.771937+00:00,1-4-7/3/6/2-5,published,富山中部,楽天Kドリームス 並び予想
4820240430020008,2024-05-01,四日市競輪,F1,8,Ｓ級選抜,18:38,18:33,7,https://keirin.kdreams.jp/yokkaichi/racedetail/4820240430020008/?pageType=result,2026-08-31T03:33:32.297248+00:00,4-7/2-1/3-6/5,published,富山中部,楽天Kドリームス 並び予想
4820240430020009,2024-05-01,四日市競輪,F1,9,Ｓ級選抜,19:04,18:59,7,https://keirin.kdreams.jp/yokkaichi/racedetail/4820240430020009/?pageType=result,2026-08-31T03:33:33.851160+00:00,5-1-7/2/3-4-6,published,富山中部,楽天Kドリームス 並び予想
4820240430020010,2024-05-01,四日市競輪,F1,10,Ｓ級準決勝,19:30,19:25,7,https://keirin.kdreams.jp/yokkaichi/racedetail/4820240430020010/?pageType=result,2026-08-31T03:33:35.363162+00:00,4-7-1/6-2/3-5,published,富山中部,楽天Kドリームス 並び予想
4820240430020011,2024-05-01,四日市競輪,F1,11,Ｓ級準決勝,19:57,19:52,7,https://keirin.kdreams.jp/yokkaichi/racedetail/4820240430020011/?pageType=result,2026-08-31T03:33:36.954057+00:00,7-1/2-5-4/6-3,published,富山中部,楽天Kドリームス 並び予想
4820240430020012,2024-05-01,四日市競輪,F1,12,Ｓ級準決勝,20:25,20:20,7,https://keirin.kdreams.jp/yokkaichi/racedetail/4820240430020012/?pageType=result,2026-08-31T03:33:39.553931+00:00,7-3/5-2/4-1-6,published,富山中部,楽天Kドリームス 並び予想
4820240430030005,2024-05-02,四日市競輪,F1,5,Ｓ級一般,17:40,17:35,7,https://keirin.kdreams.jp/yokkaichi/racedetail/4820240430030005/?pageType=result,2026-08-31T03:33:41.508030+00:00,1-5/4-2-6/7-3,published,富山中部,楽天Kドリームス 並び予想
4820240430030006,2024-05-02,四日市競輪,F1,6,Ｓ級一般,18:05,18:00,7,https://keirin.kdreams.jp/yokkaichi/racedetail/4820240430030006/?pageType=result,2026-08-31T03:33:43.177412+00:00,1-6/2-5/4-3-7,published,富山中部,楽天Kドリームス 並び予想
4820240430030007,2024-05-02,四日市競輪,F1,7,Ｓ級一般,18:30,18:25,7,https://keirin.kdreams.jp/yokkaichi/racedetail/4820240430030007/?pageType=result,2026-08-31T03:33:44.687319+00:00,5-1/2-7-4/6-3,published,富山中部,楽天Kドリームス 並び予想
4820240430030008,2024-05-02,四日市競輪,F1,8,Ｓ級特選,18:55,18:50,7,https://keirin.kdreams.jp/yokkaichi/racedetail/4820240430030008/?pageType=result,2026-08-31T03:33:46.236300+00:00,4-1/7-2/3-5-6,published,富山中部,楽天Kドリームス 並び予想
4820240430030009,2024-05-02,四日市競輪,F1,9,Ｓ級特選,19:20,19:15,7,https://keirin.kdreams.jp/yokkaichi/racedetail/4820240430030009/?pageType=result,2026-08-31T03:33:48.721144+00:00,3-1-7/4-2-5/6,published,富山中部,楽天Kドリームス 並び予想
4820240430030010,2024-05-02,四日市競輪,F1,10,Ｓ級特選,19:45,19:40,7,https://keirin.kdreams.jp/yokkaichi/racedetail/4820240430030010/?pageType=result,2026-08-31T03:33:50.549567+00:00,2-4/6-1-5/3/7,published,富山中部,楽天Kドリームス 並び予想
4820240430030012,2024-05-02,四日市競輪,F1,12,Ｓ級決勝,20:35,20:30,7,https://keirin.kdreams.jp/yokkaichi/racedetail/4820240430030012/?pageType=result,2026-08-31T03:33:52.202849+00:00,6-2/1-4/3-5-7,published,富山中部,楽天Kドリームス 並び予想
2420240503010006,2024-05-03,宇都宮競輪,F1,6,Ｓ級予選,13:05,13:00,7,https://keirin.kdreams.jp/utsunomiya/racedetail/2420240503010006/?pageType=result,2026-08-31T03:33:53.775118+00:00,1-5-7/3/6-2-4,published,アオケイ,楽天Kドリームス 並び予想
2420240503010007,2024-05-03,宇都宮競輪,F1,7,Ｓ級予選,13:35,13:30,7,https://keirin.kdreams.jp/utsunomiya/racedetail/2420240503010007/?pageType=result,2026-08-31T03:33:55.292142+00:00,2-7-5/6-1/3/4,published,アオケイ,楽天Kドリームス 並び予想
2420240503010008,2024-05-03,宇都宮競輪,F1,8,Ｓ級予選,14:05,14:00,7,https://keirin.kdreams.jp/utsunomiya/racedetail/2420240503010008/?pageType=result,2026-08-31T03:33:56.834844+00:00,5-3-2/6/1-7-4,published,アオケイ,楽天Kドリームス 並び予想
2420240503010009,2024-05-03,宇都宮競輪,F1,9,Ｓ級予選,14:36,14:31,7,https://keirin.kdreams.jp/utsunomiya/racedetail/2420240503010009/?pageType=result,2026-08-31T03:33:58.364603+00:00,1-4-6/5-2/7-3,published,アオケイ,楽天Kドリームス 並び予想
2420240503010010,2024-05-03,宇都宮競輪,F1,10,Ｓ級予選,15:07,15:02,7,https://keirin.kdreams.jp/utsunomiya/racedetail/2420240503010010/?pageType=result,2026-08-31T03:33:59.949202+00:00,3-7-5/1-6/2-4,published,アオケイ,楽天Kドリームス 並び予想
2420240503010011,2024-05-03,宇都宮競輪,F1,11,Ｓ級予選,15:38,15:33,7,https://keirin.kdreams.jp/utsunomiya/racedetail/2420240503010011/?pageType=result,2026-08-31T03:34:01.590480+00:00,4-2/1-5-6/3-7,published,アオケイ,楽天Kドリームス 並び予想
2420240503010012,2024-05-03,宇都宮競輪,F1,12,Ｓ級初特選,16:10,16:05,7,https://keirin.kdreams.jp/utsunomiya/racedetail/2420240503010012/?pageType=result,2026-08-31T03:34:03.169486+00:00,1-5/2/3-6/4/7,published,アオケイ,楽天Kドリームス 並び予想
2420240503020006,2024-05-04,宇都宮競輪,F1,6,Ｓ級一般,13:05,13:00,7,https://keirin.kdreams.jp/utsunomiya/racedetail/2420240503020006/?pageType=result,2026-08-31T03:34:04.728034+00:00,2-5-3/6/7-1-4,published,アオケイ,楽天Kドリームス 並び予想
2420240503020007,2024-05-04,宇都宮競輪,F1,7,Ｓ級一般,13:35,13:30,7,https://keirin.kdreams.jp/utsunomiya/racedetail/2420240503020007/?pageType=result,2026-08-31T03:34:06.247611+00:00,2-4/1-5/3-7-6,published,アオケイ,楽天Kドリームス 並び予想
2420240503020008,2024-05-04,宇都宮競輪,F1,8,Ｓ級選抜,14:05,14:00,7,https://keirin.kdreams.jp/utsunomiya/racedetail/2420240503020008/?pageType=result,2026-08-31T03:34:07.778269+00:00,3-1/2-4-6/5/7,published,アオケイ,楽天Kドリームス 並び予想
2420240503020009,2024-05-04,宇都宮競輪,F1,9,Ｓ級選抜,14:36,14:31,7,https://keirin.kdreams.jp/utsunomiya/racedetail/2420240503020009/?pageType=result,2026-08-31T03:34:09.295090+00:00,5-2/4-1-6/7-3,published,アオケイ,楽天Kドリームス 並び予想
2420240503020010,2024-05-04,宇都宮競輪,F1,10,Ｓ級準決勝,15:07,15:02,7,https://keirin.kdreams.jp/utsunomiya/racedetail/2420240503020010/?pageType=result,2026-08-31T03:34:10.882012+00:00,1-7-4/6-5-3-2,published,アオケイ,楽天Kドリームス 並び予想
2420240503020011,2024-05-04,宇都宮競輪,F1,11,Ｓ級準決勝,15:38,15:33,7,https://keirin.kdreams.jp/utsunomiya/racedetail/2420240503020011/?pageType=result,2026-08-31T03:34:12.410219+00:00,4-1-6/3-5/7-2,published,アオケイ,楽天Kドリームス 並び予想
2420240503020012,2024-05-04,宇都宮競輪,F1,12,Ｓ級準決勝,16:10,16:05,7,https://keirin.kdreams.jp/utsunomiya/racedetail/2420240503020012/?pageType=result,2026-08-31T03:34:13.967544+00:00,1-5/4-7-2/6-3,published,アオケイ,楽天Kドリームス 並び予想
2420240503030005,2024-05-05,宇都宮競輪,F1,5,Ｓ級一般,12:35,12:30,6,https://keirin.kdreams.jp/utsunomiya/racedetail/2420240503030005/?pageType=result,2026-08-31T03:34:15.333744+00:00,1-4/5-2-3/6,published,アオケイ,楽天Kドリームス 並び予想
2420240503030006,2024-05-05,宇都宮競輪,F1,6,Ｓ級一般,13:05,13:00,7,https://keirin.kdreams.jp/utsunomiya/racedetail/2420240503030006/?pageType=result,2026-08-31T03:34:16.879188+00:00,4-1/2-6/3-5-7,published,アオケイ,楽天Kドリームス 並び予想
2420240503030007,2024-05-05,宇都宮競輪,F1,7,Ｓ級一般,13:35,13:30,7,https://keirin.kdreams.jp/utsunomiya/racedetail/2420240503030007/?pageType=result,2026-08-31T03:34:18.550017+00:00,4-2-7/5/1-3-6,published,アオケイ,楽天Kドリームス 並び予想
2420240503030008,2024-05-05,宇都宮競輪,F1,8,Ｓ級特選,14:05,14:00,7,https://keirin.kdreams.jp/utsunomiya/racedetail/2420240503030008/?pageType=result,2026-08-31T03:34:21.032923+00:00,5-1-4/3-7/6-2,published,アオケイ,楽天Kドリームス 並び予想
2420240503030009,2024-05-05,宇都宮競輪,F1,9,Ｓ級特選,14:36,14:31,7,https://keirin.kdreams.jp/utsunomiya/racedetail/2420240503030009/?pageType=result,2026-08-31T03:34:22.741269+00:00,7-1/2-6/4/5-3,published,アオケイ,楽天Kドリームス 並び予想
2420240503030010,2024-05-05,宇都宮競輪,F1,10,Ｓ級特選,15:07,15:02,7,https://keirin.kdreams.jp/utsunomiya/racedetail/2420240503030010/?pageType=result,2026-08-31T03:34:25.157086+00:00,7-1/4-2/3-5/6,published,アオケイ,楽天Kドリームス 並び予想
2420240503030012,2024-05-05,宇都宮競輪,F1,12,Ｓ級決勝,16:10,16:05,7,https://keirin.kdreams.jp/utsunomiya/racedetail/2420240503030012/?pageType=result,2026-08-31T03:34:26.879104+00:00,1-5/2-7/3/4/6,published,アオケイ,楽天Kドリームス 並び予想
2320240506010008,2024-05-06,取手競輪,F1,8,Ｓ級予選,14:10,14:05,7,https://keirin.kdreams.jp/toride/racedetail/2320240506010008/?pageType=result,2026-08-31T03:35:30.718796+00:00,1-4-6/2-7/5-3,published,アオケイ,楽天Kドリームス 並び予想
2320240506010009,2024-05-06,取手競輪,F1,9,Ｓ級予選,14:35,14:30,7,https://keirin.kdreams.jp/toride/racedetail/2320240506010009/?pageType=result,2026-08-31T03:35:32.437428+00:00,1-5/4/2-7/6-3,published,アオケイ,楽天Kドリームス 並び予想
2320240506010010,2024-05-06,取手競輪,F1,10,Ｓ級予選,15:00,14:55,7,https://keirin.kdreams.jp/toride/racedetail/2320240506010010/?pageType=result,2026-08-31T03:35:34.088941+00:00,1-4/2-5/6/7-3,published,アオケイ,楽天Kドリームス 並び予想
2320240506010011,2024-05-06,取手競輪,F1,11,Ｓ級予選,15:25,15:20,7,https://keirin.kdreams.jp/toride/racedetail/2320240506010011/?pageType=result,2026-08-31T03:35:35.680465+00:00,1-5-4/2-6/3-7,published,アオケイ,楽天Kドリームス 並び予想
2320240506010012,2024-05-06,取手競輪,F1,12,Ｓ級初日特選,15:50,15:45,7,https://keirin.kdreams.jp/toride/racedetail/2320240506010012/?pageType=result,2026-08-31T03:35:37.279921+00:00,4-1/3/2-6/7-5,published,アオケイ,楽天Kドリームス 並び予想
8120240506010008,2024-05-06,小倉競輪,F1,8,Ｓ級予選,18:50,18:45,7,https://keirin.kdreams.jp/kokura/racedetail/8120240506010008/?pageType=result,2026-08-31T03:34:28.503197+00:00,1-4/5-2-6/3-7,published,コンドル出版社,楽天Kドリームス 並び予想
8120240506010009,2024-05-06,小倉競輪,F1,9,Ｓ級予選,19:15,19:10,7,https://keirin.kdreams.jp/kokura/racedetail/8120240506010009/?pageType=result,2026-08-31T03:34:30.897942+00:00,4-7-3/5-1/2-6,published,コンドル出版社,楽天Kドリームス 並び予想
8120240506010010,2024-05-06,小倉競輪,F1,10,Ｓ級予選,19:40,19:35,7,https://keirin.kdreams.jp/kokura/racedetail/8120240506010010/?pageType=result,2026-08-31T03:34:32.860434+00:00,7-1/2-6/4-3-5,published,コンドル出版社,楽天Kドリームス 並び予想
8120240506010011,2024-05-06,小倉競輪,F1,11,Ｓ級予選,20:05,20:00,7,https://keirin.kdreams.jp/kokura/racedetail/8120240506010011/?pageType=result,2026-08-31T03:34:34.581943+00:00,4-7-1/2-5/6-3,published,コンドル出版社,楽天Kドリームス 並び予想
8120240506010012,2024-05-06,小倉競輪,F1,12,Ｓ級初日特選,20:30,20:25,7,https://keirin.kdreams.jp/kokura/racedetail/8120240506010012/?pageType=result,2026-08-31T03:34:36.150015+00:00,5-1-6/2-4/3-7,published,コンドル出版社,楽天Kドリームス 並び予想
6120240506010006,2024-05-06,玉野競輪,F1,6,Ｓ級予選,13:10,13:05,7,https://keirin.kdreams.jp/tamano/racedetail/6120240506010006/?pageType=result,2026-08-31T03:34:54.873446+00:00,4-1-7/6-2/3-5,published,競輪毎日,楽天Kドリームス 並び予想
6120240506010007,2024-05-06,玉野競輪,F1,7,Ｓ級予選,13:35,13:30,7,https://keirin.kdreams.jp/tamano/racedetail/6120240506010007/?pageType=result,2026-08-31T03:34:56.717092+00:00,1-4-6/2-5/7-3,published,競輪毎日,楽天Kドリームス 並び予想
6120240506010008,2024-05-06,玉野競輪,F1,8,Ｓ級予選,14:00,13:55,7,https://keirin.kdreams.jp/tamano/racedetail/6120240506010008/?pageType=result,2026-08-31T03:34:58.401980+00:00,7-1/5-2/4-3-6,published,競輪毎日,楽天Kドリームス 並び予想
6120240506010009,2024-05-06,玉野競輪,F1,9,Ｓ級予選,14:25,14:20,7,https://keirin.kdreams.jp/tamano/racedetail/6120240506010009/?pageType=result,2026-08-31T03:34:59.985882+00:00,1-5/2-7/6-3-4,published,競輪毎日,楽天Kドリームス 並び予想
6120240506010010,2024-05-06,玉野競輪,F1,10,Ｓ級予選,14:50,14:45,7,https://keirin.kdreams.jp/tamano/racedetail/6120240506010010/?pageType=result,2026-08-31T03:35:01.548102+00:00,6-1/2-7-5/3-4,published,競輪毎日,楽天Kドリームス 並び予想
6120240506010011,2024-05-06,玉野競輪,F1,11,Ｓ級予選,15:15,15:10,7,https://keirin.kdreams.jp/tamano/racedetail/6120240506010011/?pageType=result,2026-08-31T03:35:03.109332+00:00,6-1/4-2/3-7-5,published,競輪毎日,楽天Kドリームス 並び予想
6120240506010012,2024-05-06,玉野競輪,F1,12,Ｓ級初特選,15:40,15:35,7,https://keirin.kdreams.jp/tamano/racedetail/6120240506010012/?pageType=result,2026-08-31T03:35:04.736407+00:00,2-6/1-5/3-7-4,published,競輪毎日,楽天Kドリームス 並び予想
2320240506020008,2024-05-07,取手競輪,F1,8,Ｓ級一般,14:10,14:05,7,https://keirin.kdreams.jp/toride/racedetail/2320240506020008/?pageType=result,2026-08-31T03:35:38.877166+00:00,4-1-5/7-2/6-3,published,アオケイ,楽天Kドリームス 並び予想
2320240506020009,2024-05-07,取手競輪,F1,9,Ｓ級一般,14:35,14:30,7,https://keirin.kdreams.jp/toride/racedetail/2320240506020009/?pageType=result,2026-08-31T03:35:40.451921+00:00,1-7-4/2/6/3-5,published,アオケイ,楽天Kドリームス 並び予想
2320240506020010,2024-05-07,取手競輪,F1,10,Ｓ級準決勝,15:00,14:55,7,https://keirin.kdreams.jp/toride/racedetail/2320240506020010/?pageType=result,2026-08-31T03:35:42.084444+00:00,1-5-6/3/4-7-2,published,アオケイ,楽天Kドリームス 並び予想
2320240506020011,2024-05-07,取手競輪,F1,11,Ｓ級準決勝,15:25,15:20,7,https://keirin.kdreams.jp/toride/racedetail/2320240506020011/?pageType=result,2026-08-31T03:35:43.645361+00:00,6-1/2/4/5-7-3,published,アオケイ,楽天Kドリームス 並び予想
2320240506020012,2024-05-07,取手競輪,F1,12,Ｓ級準決勝,15:50,15:45,7,https://keirin.kdreams.jp/toride/racedetail/2320240506020012/?pageType=result,2026-08-31T03:35:45.239786+00:00,2-4/6-1/3-5-7,published,アオケイ,楽天Kドリームス 並び予想
8120240506020008,2024-05-07,小倉競輪,F1,8,Ｓ級一般,18:50,18:45,7,https://keirin.kdreams.jp/kokura/racedetail/8120240506020008/?pageType=result,2026-08-31T03:34:37.718612+00:00,3-1-5/6/2-4-7,published,コンドル出版社,楽天Kドリームス 並び予想
8120240506020009,2024-05-07,小倉競輪,F1,9,Ｓ級一般,19:15,19:10,7,https://keirin.kdreams.jp/kokura/racedetail/8120240506020009/?pageType=result,2026-08-31T03:34:39.308945+00:00,7-1-5/2-6/4-3,published,コンドル出版社,楽天Kドリームス 並び予想
8120240506020010,2024-05-07,小倉競輪,F1,10,Ｓ級準決勝,19:40,19:35,7,https://keirin.kdreams.jp/kokura/racedetail/8120240506020010/?pageType=result,2026-08-31T03:34:40.921760+00:00,7-2/6-4-1/5-3,published,コンドル出版社,楽天Kドリームス 並び予想
8120240506020011,2024-05-07,小倉競輪,F1,11,Ｓ級準決勝,20:05,20:00,7,https://keirin.kdreams.jp/kokura/racedetail/8120240506020011/?pageType=result,2026-08-31T03:34:42.526046+00:00,2-6/1-5/4-7/3,published,コンドル出版社,楽天Kドリームス 並び予想
8120240506020012,2024-05-07,小倉競輪,F1,12,Ｓ級準決勝,20:30,20:25,7,https://keirin.kdreams.jp/kokura/racedetail/8120240506020012/?pageType=result,2026-08-31T03:34:44.099098+00:00,1-5-6/4-2/7-3,published,コンドル出版社,楽天Kドリームス 並び予想
6120240506020006,2024-05-07,玉野競輪,F1,6,Ｓ級一般,13:10,13:05,7,https://keirin.kdreams.jp/tamano/racedetail/6120240506020006/?pageType=result,2026-08-31T03:35:06.322776+00:00,2-4/1/7-3/5/6,published,競輪毎日,楽天Kドリームス 並び予想
6120240506020007,2024-05-07,玉野競輪,F1,7,Ｓ級一般,13:35,13:30,7,https://keirin.kdreams.jp/tamano/racedetail/6120240506020007/?pageType=result,2026-08-31T03:35:07.945810+00:00,4-2/5-1/6-3/7,published,競輪毎日,楽天Kドリームス 並び予想
6120240506020008,2024-05-07,玉野競輪,F1,8,Ｓ級選抜,14:00,13:55,7,https://keirin.kdreams.jp/tamano/racedetail/6120240506020008/?pageType=result,2026-08-31T03:35:09.537303+00:00,3-5/7-1/6-2-4,published,競輪毎日,楽天Kドリームス 並び予想
6120240506020009,2024-05-07,玉野競輪,F1,9,Ｓ級選抜,14:25,14:20,7,https://keirin.kdreams.jp/tamano/racedetail/6120240506020009/?pageType=result,2026-08-31T03:35:11.124068+00:00,1-3-7/5/6-2-4,published,競輪毎日,楽天Kドリームス 並び予想
6120240506020010,2024-05-07,玉野競輪,F1,10,Ｓ級準決勝,14:50,14:45,7,https://keirin.kdreams.jp/tamano/racedetail/6120240506020010/?pageType=result,2026-08-31T03:35:12.688872+00:00,1-7-4/2-5/6-3,published,競輪毎日,楽天Kドリームス 並び予想
6120240506020011,2024-05-07,玉野競輪,F1,11,Ｓ級準決勝,15:15,15:10,7,https://keirin.kdreams.jp/tamano/racedetail/6120240506020011/?pageType=result,2026-08-31T03:35:14.325056+00:00,7-1-6/5-2/3-4,published,競輪毎日,楽天Kドリームス 並び予想
6120240506020012,2024-05-07,玉野競輪,F1,12,Ｓ級準決勝,15:40,15:35,7,https://keirin.kdreams.jp/tamano/racedetail/6120240506020012/?pageType=result,2026-08-31T03:35:16.960011+00:00,7-4-1-6/5-2-3,published,競輪毎日,楽天Kドリームス 並び予想
2320240506030006,2024-05-08,取手競輪,F1,6,Ｓ級一般,13:20,13:15,7,https://keirin.kdreams.jp/toride/racedetail/2320240506030006/?pageType=result,2026-08-31T03:35:46.810328+00:00,1-4/6/2-7/3-5,published,アオケイ,楽天Kドリームス 並び予想
2320240506030007,2024-05-08,取手競輪,F1,7,Ｓ級一般,13:45,13:40,7,https://keirin.kdreams.jp/toride/racedetail/2320240506030007/?pageType=result,2026-08-31T03:35:48.429718+00:00,1-5/2/3-4-7-6,published,アオケイ,楽天Kドリームス 並び予想
2320240506030008,2024-05-08,取手競輪,F1,8,Ｓ級特選,14:10,14:05,7,https://keirin.kdreams.jp/toride/racedetail/2320240506030008/?pageType=result,2026-08-31T03:35:50.019005+00:00,5-1/4-2/6-3-7,published,アオケイ,楽天Kドリームス 並び予想
2320240506030009,2024-05-08,取手競輪,F1,9,Ｓ級特選,14:35,14:30,7,https://keirin.kdreams.jp/toride/racedetail/2320240506030009/?pageType=result,2026-08-31T03:35:51.632947+00:00,5-3/6-1/7-2-4,published,アオケイ,楽天Kドリームス 並び予想
2320240506030012,2024-05-08,取手競輪,F1,12,Ｓ級決勝,15:50,15:45,7,https://keirin.kdreams.jp/toride/racedetail/2320240506030012/?pageType=result,2026-08-31T03:35:53.200448+00:00,1-5-4/2-6/3-7,published,アオケイ,楽天Kドリームス 並び予想
8120240506030006,2024-05-08,小倉競輪,F1,6,Ｓ級一般,18:00,17:55,7,https://keirin.kdreams.jp/kokura/racedetail/8120240506030006/?pageType=result,2026-08-31T03:34:45.732593+00:00,7-1-5/3-2-4-6,published,コンドル出版社,楽天Kドリームス 並び予想
8120240506030007,2024-05-08,小倉競輪,F1,7,Ｓ級一般,18:25,18:20,7,https://keirin.kdreams.jp/kokura/racedetail/8120240506030007/?pageType=result,2026-08-31T03:34:47.315676+00:00,1-7/2-5/6-3-4,published,コンドル出版社,楽天Kドリームス 並び予想
8120240506030008,2024-05-08,小倉競輪,F1,8,Ｓ級特選,18:50,18:45,7,https://keirin.kdreams.jp/kokura/racedetail/8120240506030008/?pageType=result,2026-08-31T03:34:48.902946+00:00,1-4/2-6/7-3-5,published,コンドル出版社,楽天Kドリームス 並び予想
8120240506030009,2024-05-08,小倉競輪,F1,9,Ｓ級特選,19:15,19:10,7,https://keirin.kdreams.jp/kokura/racedetail/8120240506030009/?pageType=result,2026-08-31T03:34:50.492069+00:00,1-7-4/2-6/5-3,published,コンドル出版社,楽天Kドリームス 並び予想
8120240506030012,2024-05-08,小倉競輪,F1,12,Ｓ級決勝,20:30,20:25,7,https://keirin.kdreams.jp/kokura/racedetail/8120240506030012/?pageType=result,2026-08-31T03:34:52.111332+00:00,5-1/2-6/3-7/4,published,コンドル出版社,楽天Kドリームス 並び予想
6120240506030005,2024-05-08,玉野競輪,F1,5,Ｓ級一般,12:45,12:40,6,https://keirin.kdreams.jp/tamano/racedetail/6120240506030005/?pageType=result,2026-08-31T03:35:18.620859+00:00,1-3-6/5-4-2,published,競輪毎日,楽天Kドリームス 並び予想
6120240506030006,2024-05-08,玉野競輪,F1,6,Ｓ級一般,13:10,13:05,6,https://keirin.kdreams.jp/tamano/racedetail/6120240506030006/?pageType=result,2026-08-31T03:35:20.144900+00:00,2-5/1/4-3/6,published,競輪毎日,楽天Kドリームス 並び予想
6120240506030007,2024-05-08,玉野競輪,F1,7,Ｓ級一般,13:35,13:30,6,https://keirin.kdreams.jp/tamano/racedetail/6120240506030007/?pageType=result,2026-08-31T03:35:21.515598+00:00,4-1/2/3-6/5,published,競輪毎日,楽天Kドリームス 並び予想
6120240506030008,2024-05-08,玉野競輪,F1,8,Ｓ級特選,14:00,13:55,7,https://keirin.kdreams.jp/tamano/racedetail/6120240506030008/?pageType=result,2026-08-31T03:35:23.100459+00:00,4-1/2-3-7/6-5,published,競輪毎日,楽天Kドリームス 並び予想
6120240506030009,2024-05-08,玉野競輪,F1,9,Ｓ級特選,14:25,14:20,7,https://keirin.kdreams.jp/tamano/racedetail/6120240506030009/?pageType=result,2026-08-31T03:35:24.697064+00:00,4-1/6-5-2/3-7,published,競輪毎日,楽天Kドリームス 並び予想
6120240506030010,2024-05-08,玉野競輪,F1,10,Ｓ級特選,14:50,14:45,7,https://keirin.kdreams.jp/tamano/racedetail/6120240506030010/?pageType=result,2026-08-31T03:35:26.329744+00:00,1-4/6-2-5/7-3,published,競輪毎日,楽天Kドリームス 並び予想
6120240506030012,2024-05-08,玉野競輪,F1,12,Ｓ級決勝,15:40,15:35,7,https://keirin.kdreams.jp/tamano/racedetail/6120240506030012/?pageType=result,2026-08-31T03:35:28.841625+00:00,4-1-3/5/2-7-6,published,競輪毎日,楽天Kドリームス 並び予想
1120240509010006,2024-05-09,函館競輪,F1,6,Ｓ級予選,17:45,17:40,7,https://keirin.kdreams.jp/hakodate/racedetail/1120240509010006/?pageType=result,2026-08-31T03:35:54.813947+00:00,4-1/3-7/6-2-5,published,北競,楽天Kドリームス 並び予想
1120240509010007,2024-05-09,函館競輪,F1,7,Ｓ級予選,18:10,18:05,7,https://keirin.kdreams.jp/hakodate/racedetail/1120240509010007/?pageType=result,2026-08-31T03:35:56.368631+00:00,5-1-7/4-2/6-3,published,北競,楽天Kドリームス 並び予想
1120240509010008,2024-05-09,函館競輪,F1,8,Ｓ級予選,18:35,18:30,7,https://keirin.kdreams.jp/hakodate/racedetail/1120240509010008/?pageType=result,2026-08-31T03:35:58.753272+00:00,7-2/1-5/6-3-4,published,北競,楽天Kドリームス 並び予想
1120240509010009,2024-05-09,函館競輪,F1,9,Ｓ級予選,19:00,18:55,7,https://keirin.kdreams.jp/hakodate/racedetail/1120240509010009/?pageType=result,2026-08-31T03:36:00.595804+00:00,1-7/2-5-4/3-6,published,北競,楽天Kドリームス 並び予想
1120240509010010,2024-05-09,函館競輪,F1,10,Ｓ級予選,19:25,19:20,7,https://keirin.kdreams.jp/hakodate/racedetail/1120240509010010/?pageType=result,2026-08-31T03:36:02.331314+00:00,1-4-7/6-2/5-3,published,北競,楽天Kドリームス 並び予想
1120240509010011,2024-05-09,函館競輪,F1,11,Ｓ級予選,19:50,19:45,7,https://keirin.kdreams.jp/hakodate/racedetail/1120240509010011/?pageType=result,2026-08-31T03:36:03.956351+00:00,5-2-4/1-7/6-3,published,北競,楽天Kドリームス 並び予想
1120240509010012,2024-05-09,函館競輪,F1,12,Ｓ級初特選,20:20,20:15,7,https://keirin.kdreams.jp/hakodate/racedetail/1120240509010012/?pageType=result,2026-08-31T03:36:05.543736+00:00,1-4/6-2/7-3-5,published,北競,楽天Kドリームス 並び予想
4420240509010006,2024-05-09,大垣競輪,F1,6,Ｓ級予選,12:50,12:45,7,https://keirin.kdreams.jp/ogaki/racedetail/4420240509010006/?pageType=result,2026-08-31T03:36:30.669091+00:00,1-6/2-4/7-3-5,published,ひかり,楽天Kドリームス 並び予想
4420240509010007,2024-05-09,大垣競輪,F1,7,Ｓ級予選,13:20,13:15,7,https://keirin.kdreams.jp/ogaki/racedetail/4420240509010007/?pageType=result,2026-08-31T03:36:32.306709+00:00,5-1-6/4-2/3-7,published,ひかり,楽天Kドリームス 並び予想
4420240509010008,2024-05-09,大垣競輪,F1,8,Ｓ級予選,13:52,13:47,7,https://keirin.kdreams.jp/ogaki/racedetail/4420240509010008/?pageType=result,2026-08-31T03:36:33.871056+00:00,1-5-3/6/2-7-4,published,ひかり,楽天Kドリームス 並び予想
4420240509010009,2024-05-09,大垣競輪,F1,9,Ｓ級予選,14:27,14:22,7,https://keirin.kdreams.jp/ogaki/racedetail/4420240509010009/?pageType=result,2026-08-31T03:36:35.452185+00:00,7-1-6/2-5/4-3,published,ひかり,楽天Kドリームス 並び予想
4420240509010010,2024-05-09,大垣競輪,F1,10,Ｓ級予選,15:04,14:59,7,https://keirin.kdreams.jp/ogaki/racedetail/4420240509010010/?pageType=result,2026-08-31T03:36:36.892900+00:00,4-1-6/7-2/5-3,published,ひかり,楽天Kドリームス 並び予想
4420240509010011,2024-05-09,大垣競輪,F1,11,Ｓ級予選,15:43,15:38,7,https://keirin.kdreams.jp/ogaki/racedetail/4420240509010011/?pageType=result,2026-08-31T03:36:38.483485+00:00,1-6/2-5-4/7-3,published,ひかり,楽天Kドリームス 並び予想
4420240509010012,2024-05-09,大垣競輪,F1,12,Ｓ級初特選,16:25,16:20,7,https://keirin.kdreams.jp/ogaki/racedetail/4420240509010012/?pageType=result,2026-08-31T03:36:40.050651+00:00,5-1/2/7-3/6-4,published,ひかり,楽天Kドリームス 並び予想
1120240509020006,2024-05-10,函館競輪,F1,6,Ｓ級一般,17:45,17:40,7,https://keirin.kdreams.jp/hakodate/racedetail/1120240509020006/?pageType=result,2026-08-31T03:36:07.163603+00:00,4-1/7-2/3-5/6,published,北競,楽天Kドリームス 並び予想
1120240509020007,2024-05-10,函館競輪,F1,7,Ｓ級一般,18:10,18:05,7,https://keirin.kdreams.jp/hakodate/racedetail/1120240509020007/?pageType=result,2026-08-31T03:36:08.689571+00:00,3-1-7/2-4/5-6,published,北競,楽天Kドリームス 並び予想
1120240509020008,2024-05-10,函館競輪,F1,8,Ｓ級選抜,18:35,18:30,7,https://keirin.kdreams.jp/hakodate/racedetail/1120240509020008/?pageType=result,2026-08-31T03:36:10.288421+00:00,7-2/4-1/5/6-3,published,北競,楽天Kドリームス 並び予想
1120240509020009,2024-05-10,函館競輪,F1,9,Ｓ級選抜,19:00,18:55,7,https://keirin.kdreams.jp/hakodate/racedetail/1120240509020009/?pageType=result,2026-08-31T03:36:11.868946+00:00,5-1/4-3-6/7-2,published,北競,楽天Kドリームス 並び予想
1120240509020010,2024-05-10,函館競輪,F1,10,Ｓ級準決勝,19:25,19:20,7,https://keirin.kdreams.jp/hakodate/racedetail/1120240509020010/?pageType=result,2026-08-31T03:36:14.532186+00:00,3-5-1/6-2/4-7,published,北競,楽天Kドリームス 並び予想
1120240509020011,2024-05-10,函館競輪,F1,11,Ｓ級準決勝,19:50,19:45,7,https://keirin.kdreams.jp/hakodate/racedetail/1120240509020011/?pageType=result,2026-08-31T03:36:16.356997+00:00,5-3/1-4/6-2-7,published,北競,楽天Kドリームス 並び予想
1120240509020012,2024-05-10,函館競輪,F1,12,Ｓ級準決勝,20:20,20:15,7,https://keirin.kdreams.jp/hakodate/racedetail/1120240509020012/?pageType=result,2026-08-31T03:36:18.035588+00:00,1-3-4/6/2-7-5,published,北競,楽天Kドリームス 並び予想
4420240509020006,2024-05-10,大垣競輪,F1,6,Ｓ級一般,12:50,12:45,6,https://keirin.kdreams.jp/ogaki/racedetail/4420240509020006/?pageType=result,2026-08-31T03:36:41.434108+00:00,4-1/3-6/2-5,published,ひかり,楽天Kドリームス 並び予想
4420240509020007,2024-05-10,大垣競輪,F1,7,Ｓ級一般,13:20,13:15,7,https://keirin.kdreams.jp/ogaki/racedetail/4420240509020007/?pageType=result,2026-08-31T03:36:43.053118+00:00,1-7/5-2/6/3-4,published,ひかり,楽天Kドリームス 並び予想
4420240509020008,2024-05-10,大垣競輪,F1,8,Ｓ級選抜,13:52,13:47,7,https://keirin.kdreams.jp/ogaki/racedetail/4420240509020008/?pageType=result,2026-08-31T03:36:44.588032+00:00,6-1/2-5/3/4-7,published,ひかり,楽天Kドリームス 並び予想
4420240509020009,2024-05-10,大垣競輪,F1,9,Ｓ級選抜,14:27,14:22,7,https://keirin.kdreams.jp/ogaki/racedetail/4420240509020009/?pageType=result,2026-08-31T03:36:47.407894+00:00,1-4/6/7-2-5-3,published,ひかり,楽天Kドリームス 並び予想
4420240509020010,2024-05-10,大垣競輪,F1,10,Ｓ級準決勝,15:04,14:59,7,https://keirin.kdreams.jp/ogaki/racedetail/4420240509020010/?pageType=result,2026-08-31T03:36:49.241886+00:00,3-1/2-6-4/5-7,published,ひかり,楽天Kドリームス 並び予想
4420240509020011,2024-05-10,大垣競輪,F1,11,Ｓ級準決勝,15:43,15:38,7,https://keirin.kdreams.jp/ogaki/racedetail/4420240509020011/?pageType=result,2026-08-31T03:36:50.986768+00:00,1-5/2/3-7/6-4,published,ひかり,楽天Kドリームス 並び予想
4420240509020012,2024-05-10,大垣競輪,F1,12,Ｓ級準決勝,16:25,16:20,7,https://keirin.kdreams.jp/ogaki/racedetail/4420240509020012/?pageType=result,2026-08-31T03:36:52.542903+00:00,5-1-3/4/2-7-6,published,ひかり,楽天Kドリームス 並び予想
1120240509030005,2024-05-11,函館競輪,F1,5,Ｓ級一般,17:20,17:15,7,https://keirin.kdreams.jp/hakodate/racedetail/1120240509030005/?pageType=result,2026-08-31T03:36:19.582430+00:00,4-1-5/2-6/3-7,published,北競,楽天Kドリームス 並び予想
1120240509030006,2024-05-11,函館競輪,F1,6,Ｓ級一般,17:46,17:41,7,https://keirin.kdreams.jp/hakodate/racedetail/1120240509030006/?pageType=result,2026-08-31T03:36:21.190266+00:00,1-7/2-4/5-3-6,published,北競,楽天Kドリームス 並び予想
1120240509030007,2024-05-11,函館競輪,F1,7,Ｓ級一般,18:12,18:07,7,https://keirin.kdreams.jp/hakodate/racedetail/1120240509030007/?pageType=result,2026-08-31T03:36:22.744825+00:00,4-2/1-7/6-3-5,published,北競,楽天Kドリームス 並び予想
1120240509030008,2024-05-11,函館競輪,F1,8,Ｓ級特選,18:38,18:33,7,https://keirin.kdreams.jp/hakodate/racedetail/1120240509030008/?pageType=result,2026-08-31T03:36:24.289004+00:00,4-1-6/7-2/5-3,published,北競,楽天Kドリームス 並び予想
1120240509030009,2024-05-11,函館競輪,F1,9,Ｓ級特選,19:05,19:00,7,https://keirin.kdreams.jp/hakodate/racedetail/1120240509030009/?pageType=result,2026-08-31T03:36:25.901629+00:00,4-1/6-2/3-7-5,published,北競,楽天Kドリームス 並び予想
1120240509030010,2024-05-11,函館競輪,F1,10,Ｓ級特選,19:32,19:27,7,https://keirin.kdreams.jp/hakodate/racedetail/1120240509030010/?pageType=result,2026-08-31T03:36:27.463460+00:00,1-7-4/2-5/6-3,published,北競,楽天Kドリームス 並び予想
1120240509030012,2024-05-11,函館競輪,F1,12,Ｓ級決勝,20:35,20:30,7,https://keirin.kdreams.jp/hakodate/racedetail/1120240509030012/?pageType=result,2026-08-31T03:36:29.033960+00:00,1-6/4-7-2/3-5,published,北競,楽天Kドリームス 並び予想
4420240509030005,2024-05-11,大垣競輪,F1,5,Ｓ級一般,12:22,12:17,6,https://keirin.kdreams.jp/ogaki/racedetail/4420240509030005/?pageType=result,2026-08-31T03:36:54.012249+00:00,5-1-6/4-2-3,published,ひかり,楽天Kドリームス 並び予想
4420240509030006,2024-05-11,大垣競輪,F1,6,Ｓ級一般,12:50,12:45,6,https://keirin.kdreams.jp/ogaki/racedetail/4420240509030006/?pageType=result,2026-08-31T03:36:55.419660+00:00,1-5-4/6-3-2,published,ひかり,楽天Kドリームス 並び予想
4420240509030007,2024-05-11,大垣競輪,F1,7,Ｓ級一般,13:20,13:15,6,https://keirin.kdreams.jp/ogaki/racedetail/4420240509030007/?pageType=result,2026-08-31T03:36:56.822861+00:00,5-1/4/6-2-3,published,ひかり,楽天Kドリームス 並び予想
4420240509030008,2024-05-11,大垣競輪,F1,8,Ｓ級特選,13:52,13:47,7,https://keirin.kdreams.jp/ogaki/racedetail/4420240509030008/?pageType=result,2026-08-31T03:36:58.440944+00:00,3-7/1-5/6/2-4,published,ひかり,楽天Kドリームス 並び予想
4420240509030009,2024-05-11,大垣競輪,F1,9,Ｓ級特選,14:27,14:22,7,https://keirin.kdreams.jp/ogaki/racedetail/4420240509030009/?pageType=result,2026-08-31T03:37:00.021230+00:00,3-1-6/5/7-4-2,published,ひかり,楽天Kドリームス 並び予想
4420240509030010,2024-05-11,大垣競輪,F1,10,Ｓ級特選,15:04,14:59,7,https://keirin.kdreams.jp/ogaki/racedetail/4420240509030010/?pageType=result,2026-08-31T03:37:01.657483+00:00,5-1/2-4-7/3-6,published,ひかり,楽天Kドリームス 並び予想
4420240509030012,2024-05-11,大垣競輪,F1,12,Ｓ級決勝,16:25,16:20,7,https://keirin.kdreams.jp/ogaki/racedetail/4420240509030012/?pageType=result,2026-08-31T03:37:03.199526+00:00,1-3/5-2/6/7-4,published,ひかり,楽天Kドリームス 並び予想
5320240512010006,2024-05-12,奈良競輪,F1,6,Ｓ級予選,17:40,17:35,7,https://keirin.kdreams.jp/nara/racedetail/5320240512010006/?pageType=result,2026-08-31T03:38:34.222919+00:00,7-1-3/6/4-2-5,published,競輪研究,楽天Kドリームス 並び予想
5320240512010007,2024-05-12,奈良競輪,F1,7,Ｓ級予選,18:05,18:00,7,https://keirin.kdreams.jp/nara/racedetail/5320240512010007/?pageType=result,2026-08-31T03:38:35.825767+00:00,5-3-1-6/4-2-7,published,競輪研究,楽天Kドリームス 並び予想
5320240512010008,2024-05-12,奈良競輪,F1,8,Ｓ級予選,18:30,18:25,7,https://keirin.kdreams.jp/nara/racedetail/5320240512010008/?pageType=result,2026-08-31T03:38:37.397095+00:00,7-1/6-2/4/5-3,published,競輪研究,楽天Kドリームス 並び予想
5320240512010009,2024-05-12,奈良競輪,F1,9,Ｓ級予選,18:56,18:51,7,https://keirin.kdreams.jp/nara/racedetail/5320240512010009/?pageType=result,2026-08-31T03:38:38.971111+00:00,1-5-3-6/2-4-7,published,競輪研究,楽天Kドリームス 並び予想
5320240512010010,2024-05-12,奈良競輪,F1,10,Ｓ級予選,19:24,19:19,7,https://keirin.kdreams.jp/nara/racedetail/5320240512010010/?pageType=result,2026-08-31T03:38:40.525137+00:00,4-7-1/5-2/6-3,published,競輪研究,楽天Kドリームス 並び予想
5320240512010011,2024-05-12,奈良競輪,F1,11,Ｓ級予選,19:52,19:47,7,https://keirin.kdreams.jp/nara/racedetail/5320240512010011/?pageType=result,2026-08-31T03:38:43.484551+00:00,1-4-5/2-7/3/6,published,競輪研究,楽天Kドリームス 並び予想
5320240512010012,2024-05-12,奈良競輪,F1,12,Ｓ級初特選,20:20,20:15,7,https://keirin.kdreams.jp/nara/racedetail/5320240512010012/?pageType=result,2026-08-31T03:38:45.320077+00:00,4-6/5-1/2-7-3,published,競輪研究,楽天Kドリームス 並び予想
5320240512020006,2024-05-13,奈良競輪,F1,6,Ｓ級一般,17:40,17:35,7,https://keirin.kdreams.jp/nara/racedetail/5320240512020006/?pageType=result,2026-08-31T03:38:47.996877+00:00,5-2/7-1/3-4-6,published,競輪研究,楽天Kドリームス 並び予想
5320240512020007,2024-05-13,奈良競輪,F1,7,Ｓ級一般,18:05,18:00,7,https://keirin.kdreams.jp/nara/racedetail/5320240512020007/?pageType=result,2026-08-31T03:38:50.116862+00:00,7-1-4/5-2/3-6,published,競輪研究,楽天Kドリームス 並び予想
5320240512020008,2024-05-13,奈良競輪,F1,8,Ｓ級選抜,18:30,18:25,7,https://keirin.kdreams.jp/nara/racedetail/5320240512020008/?pageType=result,2026-08-31T03:38:51.974571+00:00,1-7-4/5-2-3/6,published,競輪研究,楽天Kドリームス 並び予想
5320240512020009,2024-05-13,奈良競輪,F1,9,Ｓ級選抜,18:56,18:51,7,https://keirin.kdreams.jp/nara/racedetail/5320240512020009/?pageType=result,2026-08-31T03:38:53.692012+00:00,2-5-4/1/3/6/7,published,競輪研究,楽天Kドリームス 並び予想
5320240512020010,2024-05-13,奈良競輪,F1,10,Ｓ級準決勝,19:24,19:19,7,https://keirin.kdreams.jp/nara/racedetail/5320240512020010/?pageType=result,2026-08-31T03:38:55.287955+00:00,3-4/1-5-6/7-2,published,競輪研究,楽天Kドリームス 並び予想
5320240512020011,2024-05-13,奈良競輪,F1,11,Ｓ級準決勝,19:52,19:47,7,https://keirin.kdreams.jp/nara/racedetail/5320240512020011/?pageType=result,2026-08-31T03:38:57.783146+00:00,5-1-7/6/3-2-4,published,競輪研究,楽天Kドリームス 並び予想
5320240512020012,2024-05-13,奈良競輪,F1,12,Ｓ級準決勝,20:20,20:15,7,https://keirin.kdreams.jp/nara/racedetail/5320240512020012/?pageType=result,2026-08-31T03:38:59.759934+00:00,7-5-1/4/6-2-3,published,競輪研究,楽天Kドリームス 並び予想
2120240513010006,2024-05-13,弥彦競輪,F1,6,Ｓ級予選,13:07,13:02,7,https://keirin.kdreams.jp/yahiko/racedetail/2120240513010006/?pageType=result,2026-08-31T03:39:39.208497+00:00,2-4-6/1-7/5-3,published,新潟スポーツ,楽天Kドリームス 並び予想
2120240513010007,2024-05-13,弥彦競輪,F1,7,Ｓ級予選,13:38,13:33,7,https://keirin.kdreams.jp/yahiko/racedetail/2120240513010007/?pageType=result,2026-08-31T03:39:40.796182+00:00,7-1-3/6/2-5-4,published,新潟スポーツ,楽天Kドリームス 並び予想
2120240513010008,2024-05-13,弥彦競輪,F1,8,Ｓ級予選,14:10,14:05,7,https://keirin.kdreams.jp/yahiko/racedetail/2120240513010008/?pageType=result,2026-08-31T03:39:42.367512+00:00,5-1/2-6/3-7-4,published,新潟スポーツ,楽天Kドリームス 並び予想
2120240513010009,2024-05-13,弥彦競輪,F1,9,Ｓ級予選,14:43,14:38,7,https://keirin.kdreams.jp/yahiko/racedetail/2120240513010009/?pageType=result,2026-08-31T03:39:43.953831+00:00,1-4-7/2-5/6-3,published,新潟スポーツ,楽天Kドリームス 並び予想
2120240513010010,2024-05-13,弥彦競輪,F1,10,Ｓ級予選,15:17,15:12,7,https://keirin.kdreams.jp/yahiko/racedetail/2120240513010010/?pageType=result,2026-08-31T03:39:45.521144+00:00,2-5/6-1/3-7-4,published,新潟スポーツ,楽天Kドリームス 並び予想
2120240513010011,2024-05-13,弥彦競輪,F1,11,Ｓ級予選,15:51,15:46,7,https://keirin.kdreams.jp/yahiko/racedetail/2120240513010011/?pageType=result,2026-08-31T03:39:47.081219+00:00,2-7/1-5-4/6-3,published,新潟スポーツ,楽天Kドリームス 並び予想
2120240513010012,2024-05-13,弥彦競輪,F1,12,Ｓ級初特選,16:25,16:20,7,https://keirin.kdreams.jp/yahiko/racedetail/2120240513010012/?pageType=result,2026-08-31T03:39:48.722859+00:00,1-5/6-2/3/7-4,published,新潟スポーツ,楽天Kドリームス 並び予想
6120240513010008,2024-05-13,玉野競輪,F1,8,Ｓ級予選,18:50,18:45,7,https://keirin.kdreams.jp/tamano/racedetail/6120240513010008/?pageType=result,2026-08-31T03:39:13.974971+00:00,1-7/5-2/3-4-6,published,競輪毎日,楽天Kドリームス 並び予想
6120240513010009,2024-05-13,玉野競輪,F1,9,Ｓ級予選,19:15,19:10,7,https://keirin.kdreams.jp/tamano/racedetail/6120240513010009/?pageType=result,2026-08-31T03:39:15.589914+00:00,1-4-6/5-2/7-3,published,競輪毎日,楽天Kドリームス 並び予想
6120240513010010,2024-05-13,玉野競輪,F1,10,Ｓ級予選,19:40,19:35,7,https://keirin.kdreams.jp/tamano/racedetail/6120240513010010/?pageType=result,2026-08-31T03:39:17.145583+00:00,4-3-6/5-1/2-7,published,競輪毎日,楽天Kドリームス 並び予想
6120240513010011,2024-05-13,玉野競輪,F1,11,Ｓ級予選,20:05,20:00,7,https://keirin.kdreams.jp/tamano/racedetail/6120240513010011/?pageType=result,2026-08-31T03:39:18.742355+00:00,5-1-3/7-2/4-6,published,競輪毎日,楽天Kドリームス 並び予想
6120240513010012,2024-05-13,玉野競輪,F1,12,Ｓ級初日特選,20:30,20:25,7,https://keirin.kdreams.jp/tamano/racedetail/6120240513010012/?pageType=result,2026-08-31T03:39:21.350777+00:00,2-7/1/3-6-5/4,published,競輪毎日,楽天Kドリームス 並び予想
5320240512030005,2024-05-14,奈良競輪,F1,5,Ｓ級一般,17:15,17:10,7,https://keirin.kdreams.jp/nara/racedetail/5320240512030005/?pageType=result,2026-08-31T03:39:01.509618+00:00,5-2-6/1-7-4/3,published,競輪研究,楽天Kドリームス 並び予想
5320240512030006,2024-05-14,奈良競輪,F1,6,Ｓ級一般,17:40,17:35,7,https://keirin.kdreams.jp/nara/racedetail/5320240512030006/?pageType=result,2026-08-31T03:39:03.114024+00:00,4-2-6/7-1/3-5,published,競輪研究,楽天Kドリームス 並び予想
5320240512030007,2024-05-14,奈良競輪,F1,7,Ｓ級一般,18:06,18:01,7,https://keirin.kdreams.jp/nara/racedetail/5320240512030007/?pageType=result,2026-08-31T03:39:04.719994+00:00,1-5-2-7/4-3-6,published,競輪研究,楽天Kドリームス 並び予想
5320240512030008,2024-05-14,奈良競輪,F1,8,Ｓ級特選,18:33,18:28,7,https://keirin.kdreams.jp/nara/racedetail/5320240512030008/?pageType=result,2026-08-31T03:39:06.305910+00:00,5-1-6/2-7-3-4,published,競輪研究,楽天Kドリームス 並び予想
5320240512030009,2024-05-14,奈良競輪,F1,9,Ｓ級特選,19:00,18:55,7,https://keirin.kdreams.jp/nara/racedetail/5320240512030009/?pageType=result,2026-08-31T03:39:07.909690+00:00,4-1-7/2/5-3/6,published,競輪研究,楽天Kドリームス 並び予想
5320240512030010,2024-05-14,奈良競輪,F1,10,Ｓ級特選,19:30,19:25,7,https://keirin.kdreams.jp/nara/racedetail/5320240512030010/?pageType=result,2026-08-31T03:39:10.686584+00:00,7-3/1-4-6/2-5,published,競輪研究,楽天Kドリームス 並び予想
5320240512030012,2024-05-14,奈良競輪,F1,12,Ｓ級決勝,20:35,20:30,7,https://keirin.kdreams.jp/nara/racedetail/5320240512030012/?pageType=result,2026-08-31T03:39:12.416770+00:00,2-7/4-1-6/3-5,published,競輪研究,楽天Kドリームス 並び予想
2120240513020006,2024-05-14,弥彦競輪,F1,6,Ｓ級一般,13:07,13:02,7,https://keirin.kdreams.jp/yahiko/racedetail/2120240513020006/?pageType=result,2026-08-31T03:39:50.274683+00:00,4-1/6/7-3-5-2,published,新潟スポーツ,楽天Kドリームス 並び予想
2120240513020007,2024-05-14,弥彦競輪,F1,7,Ｓ級一般,13:38,13:33,7,https://keirin.kdreams.jp/yahiko/racedetail/2120240513020007/?pageType=result,2026-08-31T03:39:51.878408+00:00,2-7/5-4-1/3-6,published,新潟スポーツ,楽天Kドリームス 並び予想
2120240513020008,2024-05-14,弥彦競輪,F1,8,Ｓ級選抜,14:10,14:05,7,https://keirin.kdreams.jp/yahiko/racedetail/2120240513020008/?pageType=result,2026-08-31T03:39:53.458262+00:00,6-1-4/3-7-2/5,published,新潟スポーツ,楽天Kドリームス 並び予想
2120240513020009,2024-05-14,弥彦競輪,F1,9,Ｓ級選抜,14:43,14:38,7,https://keirin.kdreams.jp/yahiko/racedetail/2120240513020009/?pageType=result,2026-08-31T03:39:55.052934+00:00,1-4/3/5-2-7/6,published,新潟スポーツ,楽天Kドリームス 並び予想
2120240513020010,2024-05-14,弥彦競輪,F1,10,Ｓ級準決勝,15:17,15:12,7,https://keirin.kdreams.jp/yahiko/racedetail/2120240513020010/?pageType=result,2026-08-31T03:39:56.639470+00:00,1-5/2-7/4-3-6,published,新潟スポーツ,楽天Kドリームス 並び予想
2120240513020011,2024-05-14,弥彦競輪,F1,11,Ｓ級準決勝,15:51,15:46,7,https://keirin.kdreams.jp/yahiko/racedetail/2120240513020011/?pageType=result,2026-08-31T03:39:58.263834+00:00,1-7/5-2/3-4-6,published,新潟スポーツ,楽天Kドリームス 並び予想
2120240513020012,2024-05-14,弥彦競輪,F1,12,Ｓ級準決勝,16:25,16:20,7,https://keirin.kdreams.jp/yahiko/racedetail/2120240513020012/?pageType=result,2026-08-31T03:39:59.888835+00:00,7-4-1/2-5/3-6,published,新潟スポーツ,楽天Kドリームス 並び予想
6120240513020008,2024-05-14,玉野競輪,F1,8,Ｓ級一般,18:50,18:45,7,https://keirin.kdreams.jp/tamano/racedetail/6120240513020008/?pageType=result,2026-08-31T03:39:23.172390+00:00,6-1/4-2/5/7-3,published,競輪毎日,楽天Kドリームス 並び予想
6120240513020009,2024-05-14,玉野競輪,F1,9,Ｓ級一般,19:15,19:10,7,https://keirin.kdreams.jp/tamano/racedetail/6120240513020009/?pageType=result,2026-08-31T03:39:24.900814+00:00,5-1/2-7/4/3-6,published,競輪毎日,楽天Kドリームス 並び予想
6120240513020010,2024-05-14,玉野競輪,F1,10,Ｓ級準決勝,19:40,19:35,7,https://keirin.kdreams.jp/tamano/racedetail/6120240513020010/?pageType=result,2026-08-31T03:39:26.469207+00:00,7-1-5/6/4-2-3,published,競輪毎日,楽天Kドリームス 並び予想
6120240513020011,2024-05-14,玉野競輪,F1,11,Ｓ級準決勝,20:05,20:00,7,https://keirin.kdreams.jp/tamano/racedetail/6120240513020011/?pageType=result,2026-08-31T03:39:28.091663+00:00,1-7-5/2-6/4-3,published,競輪毎日,楽天Kドリームス 並び予想
6120240513020012,2024-05-14,玉野競輪,F1,12,Ｓ級準決勝,20:30,20:25,7,https://keirin.kdreams.jp/tamano/racedetail/6120240513020012/?pageType=result,2026-08-31T03:39:29.657486+00:00,1-3-4-6/5-2-7,published,競輪毎日,楽天Kドリームス 並び予想
5520240515010006,2024-05-15,和歌山競輪,F1,6,Ｓ級予選,13:00,12:55,7,https://keirin.kdreams.jp/wakayama/racedetail/5520240515010006/?pageType=result,2026-08-31T03:40:16.208238+00:00,5-2/1-6/3-4-7,published,競輪研究,楽天Kドリームス 並び予想
5520240515010007,2024-05-15,和歌山競輪,F1,7,Ｓ級予選,13:30,13:25,7,https://keirin.kdreams.jp/wakayama/racedetail/5520240515010007/?pageType=result,2026-08-31T03:40:17.776009+00:00,1-5-6/2-4/3-7,published,競輪研究,楽天Kドリームス 並び予想
5520240515010008,2024-05-15,和歌山競輪,F1,8,Ｓ級予選,14:00,13:55,7,https://keirin.kdreams.jp/wakayama/racedetail/5520240515010008/?pageType=result,2026-08-31T03:40:20.247471+00:00,2-5-1/3/6/7-4,published,競輪研究,楽天Kドリームス 並び予想
5520240515010009,2024-05-15,和歌山競輪,F1,9,Ｓ級予選,14:30,14:25,7,https://keirin.kdreams.jp/wakayama/racedetail/5520240515010009/?pageType=result,2026-08-31T03:40:21.959268+00:00,1-7-3/6/2-4-5,published,競輪研究,楽天Kドリームス 並び予想
5520240515010010,2024-05-15,和歌山競輪,F1,10,Ｓ級予選,15:00,14:55,7,https://keirin.kdreams.jp/wakayama/racedetail/5520240515010010/?pageType=result,2026-08-31T03:40:23.570013+00:00,6-1/7-2/5-3-4,published,競輪研究,楽天Kドリームス 並び予想
5520240515010011,2024-05-15,和歌山競輪,F1,11,Ｓ級予選,15:35,15:30,7,https://keirin.kdreams.jp/wakayama/racedetail/5520240515010011/?pageType=result,2026-08-31T03:40:25.414196+00:00,1-4-7/6/5-2-3,published,競輪研究,楽天Kドリームス 並び予想
5520240515010012,2024-05-15,和歌山競輪,F1,12,Ｓ級初特選,16:15,16:10,7,https://keirin.kdreams.jp/wakayama/racedetail/5520240515010012/?pageType=result,2026-08-31T03:40:27.810649+00:00,6-5-1/2-4/7-3,published,競輪研究,楽天Kドリームス 並び予想
2120240513030005,2024-05-15,弥彦競輪,F1,5,Ｓ級一般,12:37,12:32,7,https://keirin.kdreams.jp/yahiko/racedetail/2120240513030005/?pageType=result,2026-08-31T03:40:01.551522+00:00,5-7-1/2-6/4-3,published,新潟スポーツ,楽天Kドリームス 並び予想
2120240513030006,2024-05-15,弥彦競輪,F1,6,Ｓ級一般,13:07,13:02,7,https://keirin.kdreams.jp/yahiko/racedetail/2120240513030006/?pageType=result,2026-08-31T03:40:03.953873+00:00,1-6/2-5-4/3-7,published,新潟スポーツ,楽天Kドリームス 並び予想
2120240513030007,2024-05-15,弥彦競輪,F1,7,Ｓ級一般,13:38,13:33,7,https://keirin.kdreams.jp/yahiko/racedetail/2120240513030007/?pageType=result,2026-08-31T03:40:05.990322+00:00,7-1/6-3/4-5-2,published,新潟スポーツ,楽天Kドリームス 並び予想
2120240513030008,2024-05-15,弥彦競輪,F1,8,Ｓ級特選,14:10,14:05,7,https://keirin.kdreams.jp/yahiko/racedetail/2120240513030008/?pageType=result,2026-08-31T03:40:08.921958+00:00,1-5-3/4-2-7/6,published,新潟スポーツ,楽天Kドリームス 並び予想
2120240513030009,2024-05-15,弥彦競輪,F1,9,Ｓ級特選,14:43,14:38,7,https://keirin.kdreams.jp/yahiko/racedetail/2120240513030009/?pageType=result,2026-08-31T03:40:11.010993+00:00,5-1-7/3/4-2-6,published,新潟スポーツ,楽天Kドリームス 並び予想
2120240513030010,2024-05-15,弥彦競輪,F1,10,Ｓ級特選,15:17,15:12,7,https://keirin.kdreams.jp/yahiko/racedetail/2120240513030010/?pageType=result,2026-08-31T03:40:12.867267+00:00,7-1-4/6/2-5-3,published,新潟スポーツ,楽天Kドリームス 並び予想
2120240513030012,2024-05-15,弥彦競輪,F1,12,Ｓ級決勝,16:25,16:20,7,https://keirin.kdreams.jp/yahiko/racedetail/2120240513030012/?pageType=result,2026-08-31T03:40:14.604829+00:00,7-1/3/2-5/6-4,published,新潟スポーツ,楽天Kドリームス 並び予想
6120240513030006,2024-05-15,玉野競輪,F1,6,Ｓ級一般,18:00,17:55,7,https://keirin.kdreams.jp/tamano/racedetail/6120240513030006/?pageType=result,2026-08-31T03:39:31.260167+00:00,1-7/2-4/3-5/6,published,競輪毎日,楽天Kドリームス 並び予想
6120240513030007,2024-05-15,玉野競輪,F1,7,Ｓ級一般,18:25,18:20,7,https://keirin.kdreams.jp/tamano/racedetail/6120240513030007/?pageType=result,2026-08-31T03:39:32.852616+00:00,7-5-1/6-2/4-3,published,競輪毎日,楽天Kドリームス 並び予想
6120240513030008,2024-05-15,玉野競輪,F1,8,Ｓ級特選,18:50,18:45,7,https://keirin.kdreams.jp/tamano/racedetail/6120240513030008/?pageType=result,2026-08-31T03:39:34.452113+00:00,4-1/2/7-3-5/6,published,競輪毎日,楽天Kドリームス 並び予想
6120240513030009,2024-05-15,玉野競輪,F1,9,Ｓ級特選,19:15,19:10,7,https://keirin.kdreams.jp/tamano/racedetail/6120240513030009/?pageType=result,2026-08-31T03:39:36.044803+00:00,5-1-4/2-7/6-3,published,競輪毎日,楽天Kドリームス 並び予想
6120240513030012,2024-05-15,玉野競輪,F1,12,Ｓ級決勝,20:30,20:25,7,https://keirin.kdreams.jp/tamano/racedetail/6120240513030012/?pageType=result,2026-08-31T03:39:37.639454+00:00,1-6/7-2-5/4-3,published,競輪毎日,楽天Kドリームス 並び予想
5520240515020006,2024-05-16,和歌山競輪,F1,6,Ｓ級一般,13:05,13:00,7,https://keirin.kdreams.jp/wakayama/racedetail/5520240515020006/?pageType=result,2026-08-31T03:40:29.553040+00:00,5-1/4-2-6/7-3,published,競輪研究,楽天Kドリームス 並び予想
5520240515020007,2024-05-16,和歌山競輪,F1,7,Ｓ級一般,13:35,13:30,7,https://keirin.kdreams.jp/wakayama/racedetail/5520240515020007/?pageType=result,2026-08-31T03:40:31.206719+00:00,2-6/1-4/5-3/7,published,競輪研究,楽天Kドリームス 並び予想
5520240515020008,2024-05-16,和歌山競輪,F1,8,Ｓ級選抜,14:05,14:00,7,https://keirin.kdreams.jp/wakayama/racedetail/5520240515020008/?pageType=result,2026-08-31T03:40:32.809787+00:00,7-1-4/3-5-2-6,published,競輪研究,楽天Kドリームス 並び予想
5520240515020009,2024-05-16,和歌山競輪,F1,9,Ｓ級選抜,14:35,14:30,7,https://keirin.kdreams.jp/wakayama/racedetail/5520240515020009/?pageType=result,2026-08-31T03:40:35.378629+00:00,4-1-5/3-6-2/7,published,競輪研究,楽天Kドリームス 並び予想
5520240515020010,2024-05-16,和歌山競輪,F1,10,Ｓ級準決勝,15:05,15:00,7,https://keirin.kdreams.jp/wakayama/racedetail/5520240515020010/?pageType=result,2026-08-31T03:40:37.224148+00:00,3-7/5-1-6/2-4,published,競輪研究,楽天Kドリームス 並び予想
5520240515020011,2024-05-16,和歌山競輪,F1,11,Ｓ級準決勝,15:35,15:30,7,https://keirin.kdreams.jp/wakayama/racedetail/5520240515020011/?pageType=result,2026-08-31T03:40:38.945622+00:00,5-2/6-1/4-3-7,published,競輪研究,楽天Kドリームス 並び予想
5520240515020012,2024-05-16,和歌山競輪,F1,12,Ｓ級準決勝,16:10,16:05,7,https://keirin.kdreams.jp/wakayama/racedetail/5520240515020012/?pageType=result,2026-08-31T03:40:40.601551+00:00,1-3-7-6/4-2-5,published,競輪研究,楽天Kドリームス 並び予想
5520240515030005,2024-05-17,和歌山競輪,F1,5,Ｓ級一般,12:35,12:30,6,https://keirin.kdreams.jp/wakayama/racedetail/5520240515030005/?pageType=result,2026-08-31T03:40:41.977617+00:00,4-1/5-2/3-6,published,競輪研究,楽天Kドリームス 並び予想
5520240515030006,2024-05-17,和歌山競輪,F1,6,Ｓ級一般,13:05,13:00,7,https://keirin.kdreams.jp/wakayama/racedetail/5520240515030006/?pageType=result,2026-08-31T03:40:43.554207+00:00,5-1-6/3-2-4-7,published,競輪研究,楽天Kドリームス 並び予想
5520240515030007,2024-05-17,和歌山競輪,F1,7,Ｓ級一般,13:35,13:30,7,https://keirin.kdreams.jp/wakayama/racedetail/5520240515030007/?pageType=result,2026-08-31T03:40:45.099930+00:00,1-5/2-4-6/7-3,published,競輪研究,楽天Kドリームス 並び予想
5520240515030008,2024-05-17,和歌山競輪,F1,8,Ｓ級特選,14:05,14:00,7,https://keirin.kdreams.jp/wakayama/racedetail/5520240515030008/?pageType=result,2026-08-31T03:40:46.715294+00:00,7-1-4/6-2/3-5,published,競輪研究,楽天Kドリームス 並び予想
5520240515030009,2024-05-17,和歌山競輪,F1,9,Ｓ級特選,14:35,14:30,7,https://keirin.kdreams.jp/wakayama/racedetail/5520240515030009/?pageType=result,2026-08-31T03:40:48.275511+00:00,4-1-6/7-2-5-3,published,競輪研究,楽天Kドリームス 並び予想
5520240515030010,2024-05-17,和歌山競輪,F1,10,Ｓ級特選,15:05,15:00,7,https://keirin.kdreams.jp/wakayama/racedetail/5520240515030010/?pageType=result,2026-08-31T03:40:49.877249+00:00,5-1-3/6/4-7-2,published,競輪研究,楽天Kドリームス 並び予想
5520240515030012,2024-05-17,和歌山競輪,F1,12,Ｓ級決勝,16:10,16:05,7,https://keirin.kdreams.jp/wakayama/racedetail/5520240515030012/?pageType=result,2026-08-31T03:40:51.585805+00:00,6-7-1/2-5/3/4,published,競輪研究,楽天Kドリームス 並び予想
3620240518010006,2024-05-18,小田原競輪,F1,6,Ｓ級予選,13:35,13:30,7,https://keirin.kdreams.jp/odawara/racedetail/3620240518010006/?pageType=result,2026-08-31T03:42:24.484183+00:00,4-1-6/5-2/3-7,published,小田競・サイクル,楽天Kドリームス 並び予想
3620240518010007,2024-05-18,小田原競輪,F1,7,Ｓ級予選,14:03,13:58,7,https://keirin.kdreams.jp/odawara/racedetail/3620240518010007/?pageType=result,2026-08-31T03:42:27.173229+00:00,1-5/7-2-6/4-3,published,小田競・サイクル,楽天Kドリームス 並び予想
3620240518010008,2024-05-18,小田原競輪,F1,8,Ｓ級予選,14:31,14:26,7,https://keirin.kdreams.jp/odawara/racedetail/3620240518010008/?pageType=result,2026-08-31T03:42:29.124857+00:00,1-4-6/7-2/5-3,published,小田競・サイクル,楽天Kドリームス 並び予想
3620240518010009,2024-05-18,小田原競輪,F1,9,Ｓ級予選,14:59,14:54,7,https://keirin.kdreams.jp/odawara/racedetail/3620240518010009/?pageType=result,2026-08-31T03:42:30.873283+00:00,5-4-2/6-1/7-3,published,小田競・サイクル,楽天Kドリームス 並び予想
3620240518010010,2024-05-18,小田原競輪,F1,10,Ｓ級予選,15:30,15:25,7,https://keirin.kdreams.jp/odawara/racedetail/3620240518010010/?pageType=result,2026-08-31T03:42:32.450343+00:00,7-1/2-4/3-5-6,published,小田競・サイクル,楽天Kドリームス 並び予想
3620240518010011,2024-05-18,小田原競輪,F1,11,Ｓ級予選,16:01,15:56,7,https://keirin.kdreams.jp/odawara/racedetail/3620240518010011/?pageType=result,2026-08-31T03:42:34.048902+00:00,1-4-5/2-6/7-3,published,小田競・サイクル,楽天Kドリームス 並び予想
3620240518010012,2024-05-18,小田原競輪,F1,12,Ｓ級初特選,16:33,16:28,7,https://keirin.kdreams.jp/odawara/racedetail/3620240518010012/?pageType=result,2026-08-31T03:42:35.655521+00:00,1-7-4/5-2/6-3,published,小田競・サイクル,楽天Kドリームス 並び予想
3620240518020006,2024-05-19,小田原競輪,F1,6,Ｓ級一般,13:35,13:30,7,https://keirin.kdreams.jp/odawara/racedetail/3620240518020006/?pageType=result,2026-08-31T03:42:37.292814+00:00,4-3-6/5-1/2-7,published,小田競・サイクル,楽天Kドリームス 並び予想
3620240518020007,2024-05-19,小田原競輪,F1,7,Ｓ級一般,14:03,13:58,7,https://keirin.kdreams.jp/odawara/racedetail/3620240518020007/?pageType=result,2026-08-31T03:42:39.807444+00:00,1-7-4/2-5-3-6,published,小田競・サイクル,楽天Kドリームス 並び予想
3620240518020008,2024-05-19,小田原競輪,F1,8,Ｓ級選抜,14:31,14:26,7,https://keirin.kdreams.jp/odawara/racedetail/3620240518020008/?pageType=result,2026-08-31T03:42:41.642699+00:00,4-3/6-1/2-7/5,published,小田競・サイクル,楽天Kドリームス 並び予想
3620240518020009,2024-05-19,小田原競輪,F1,9,Ｓ級選抜,14:59,14:54,7,https://keirin.kdreams.jp/odawara/racedetail/3620240518020009/?pageType=result,2026-08-31T03:42:43.377135+00:00,4-1-6/3/5-2-7,published,小田競・サイクル,楽天Kドリームス 並び予想
3620240518020010,2024-05-19,小田原競輪,F1,10,Ｓ級準決勝,15:30,15:25,7,https://keirin.kdreams.jp/odawara/racedetail/3620240518020010/?pageType=result,2026-08-31T03:42:44.970352+00:00,6-1/5-2/3-7-4,published,小田競・サイクル,楽天Kドリームス 並び予想
3620240518020011,2024-05-19,小田原競輪,F1,11,Ｓ級準決勝,16:01,15:56,7,https://keirin.kdreams.jp/odawara/racedetail/3620240518020011/?pageType=result,2026-08-31T03:42:48.033296+00:00,7-1-6/2-4/3-5,published,小田競・サイクル,楽天Kドリームス 並び予想
3620240518020012,2024-05-19,小田原競輪,F1,12,Ｓ級準決勝,16:33,16:28,7,https://keirin.kdreams.jp/odawara/racedetail/3620240518020012/?pageType=result,2026-08-31T03:42:49.851740+00:00,1-7/2-5/3-4-6,published,小田競・サイクル,楽天Kドリームス 並び予想
6120240519010006,2024-05-19,玉野競輪,F1,6,Ｓ級予選,13:23,13:18,7,https://keirin.kdreams.jp/tamano/racedetail/6120240519010006/?pageType=result,2026-08-31T03:43:02.780704+00:00,5-1-4/2-7/6-3,published,競輪毎日,楽天Kドリームス 並び予想
6120240519010007,2024-05-19,玉野競輪,F1,7,Ｓ級予選,13:51,13:46,7,https://keirin.kdreams.jp/tamano/racedetail/6120240519010007/?pageType=result,2026-08-31T03:43:04.370350+00:00,1-6/4-2-7/3-5,published,競輪毎日,楽天Kドリームス 並び予想
6120240519010008,2024-05-19,玉野競輪,F1,8,Ｓ級予選,14:19,14:14,7,https://keirin.kdreams.jp/tamano/racedetail/6120240519010008/?pageType=result,2026-08-31T03:43:05.973019+00:00,7-5-1/2-4/3-6,published,競輪毎日,楽天Kドリームス 並び予想
6120240519010009,2024-05-19,玉野競輪,F1,9,Ｓ級予選,14:47,14:42,7,https://keirin.kdreams.jp/tamano/racedetail/6120240519010009/?pageType=result,2026-08-31T03:43:07.525646+00:00,1-5/4-2/6-3/7,published,競輪毎日,楽天Kドリームス 並び予想
6120240519010010,2024-05-19,玉野競輪,F1,10,Ｓ級予選,15:16,15:11,7,https://keirin.kdreams.jp/tamano/racedetail/6120240519010010/?pageType=result,2026-08-31T03:43:09.181192+00:00,5-3/1-7/6-4-2,published,競輪毎日,楽天Kドリームス 並び予想
6120240519010011,2024-05-19,玉野競輪,F1,11,Ｓ級予選,15:46,15:41,7,https://keirin.kdreams.jp/tamano/racedetail/6120240519010011/?pageType=result,2026-08-31T03:43:10.735999+00:00,6-1/5-2/3-7-4,published,競輪毎日,楽天Kドリームス 並び予想
6120240519010012,2024-05-19,玉野競輪,F1,12,Ｓ級初特選,16:17,16:12,7,https://keirin.kdreams.jp/tamano/racedetail/6120240519010012/?pageType=result,2026-08-31T03:43:12.312474+00:00,4-1/3/2-6/7-5,published,競輪毎日,楽天Kドリームス 並び予想
3620240518030005,2024-05-20,小田原競輪,F1,5,Ｓ級一般,13:07,13:02,6,https://keirin.kdreams.jp/odawara/racedetail/3620240518030005/?pageType=result,2026-08-31T03:42:51.426319+00:00,5-1-2-6/3/4,published,小田競・サイクル,楽天Kドリームス 並び予想
3620240518030006,2024-05-20,小田原競輪,F1,6,Ｓ級一般,13:35,13:30,7,https://keirin.kdreams.jp/odawara/racedetail/3620240518030006/?pageType=result,2026-08-31T03:42:52.978029+00:00,4-1-6/3/5-7-2,published,小田競・サイクル,楽天Kドリームス 並び予想
3620240518030007,2024-05-20,小田原競輪,F1,7,Ｓ級一般,14:03,13:58,7,https://keirin.kdreams.jp/odawara/racedetail/3620240518030007/?pageType=result,2026-08-31T03:42:54.569297+00:00,5-7-1/2-4/3-6,published,小田競・サイクル,楽天Kドリームス 並び予想
3620240518030008,2024-05-20,小田原競輪,F1,8,Ｓ級特選,14:31,14:26,7,https://keirin.kdreams.jp/odawara/racedetail/3620240518030008/?pageType=result,2026-08-31T03:42:56.138933+00:00,1-5-4/2-6/7-3,published,小田競・サイクル,楽天Kドリームス 並び予想
3620240518030009,2024-05-20,小田原競輪,F1,9,Ｓ級特選,14:59,14:54,7,https://keirin.kdreams.jp/odawara/racedetail/3620240518030009/?pageType=result,2026-08-31T03:42:57.781615+00:00,4-1-6/5-2/3-7,published,小田競・サイクル,楽天Kドリームス 並び予想
3620240518030010,2024-05-20,小田原競輪,F1,10,Ｓ級特選,15:30,15:25,7,https://keirin.kdreams.jp/odawara/racedetail/3620240518030010/?pageType=result,2026-08-31T03:42:59.421525+00:00,5-1-4/7-2/6-3,published,小田競・サイクル,楽天Kドリームス 並び予想
3620240518030012,2024-05-20,小田原競輪,F1,12,Ｓ級決勝,16:33,16:28,7,https://keirin.kdreams.jp/odawara/racedetail/3620240518030012/?pageType=result,2026-08-31T03:43:01.213153+00:00,7-5-2/1/6-3-4,published,小田競・サイクル,楽天Kドリームス 並び予想
6120240519020006,2024-05-20,玉野競輪,F1,6,Ｓ級一般,13:23,13:18,7,https://keirin.kdreams.jp/tamano/racedetail/6120240519020006/?pageType=result,2026-08-31T03:43:13.889608+00:00,2-5-1-6/4/7-3,published,競輪毎日,楽天Kドリームス 並び予想
6120240519020007,2024-05-20,玉野競輪,F1,7,Ｓ級一般,13:51,13:46,7,https://keirin.kdreams.jp/tamano/racedetail/6120240519020007/?pageType=result,2026-08-31T03:43:15.494024+00:00,5-1-6/2-4/3/7,published,競輪毎日,楽天Kドリームス 並び予想
6120240519020008,2024-05-20,玉野競輪,F1,8,Ｓ級選抜,14:19,14:14,7,https://keirin.kdreams.jp/tamano/racedetail/6120240519020008/?pageType=result,2026-08-31T03:43:17.035957+00:00,4-1-3/6-2/5-7,published,競輪毎日,楽天Kドリームス 並び予想
6120240519020009,2024-05-20,玉野競輪,F1,9,Ｓ級選抜,14:47,14:42,7,https://keirin.kdreams.jp/tamano/racedetail/6120240519020009/?pageType=result,2026-08-31T03:43:18.629755+00:00,7-2/1/3-4/6-5,published,競輪毎日,楽天Kドリームス 並び予想
6120240519020010,2024-05-20,玉野競輪,F1,10,Ｓ級準決勝,15:16,15:11,7,https://keirin.kdreams.jp/tamano/racedetail/6120240519020010/?pageType=result,2026-08-31T03:43:20.170371+00:00,7-1-5/4-2-3-6,published,競輪毎日,楽天Kドリームス 並び予想
6120240519020011,2024-05-20,玉野競輪,F1,11,Ｓ級準決勝,15:46,15:41,7,https://keirin.kdreams.jp/tamano/racedetail/6120240519020011/?pageType=result,2026-08-31T03:43:21.768211+00:00,4-1-3/6/5-7-2,published,競輪毎日,楽天Kドリームス 並び予想
6120240519020012,2024-05-20,玉野競輪,F1,12,Ｓ級準決勝,16:17,16:12,7,https://keirin.kdreams.jp/tamano/racedetail/6120240519020012/?pageType=result,2026-08-31T03:43:24.328058+00:00,2-5-1/6-3/4-7,published,競輪毎日,楽天Kドリームス 並び予想
2620240520010008,2024-05-20,西武園競輪,F1,8,Ｓ級予選,18:14,18:09,7,https://keirin.kdreams.jp/seibuen/racedetail/2620240520010008/?pageType=result,2026-08-31T03:43:38.628434+00:00,4-1/5-2-7/6-3,published,アオケイ,楽天Kドリームス 並び予想
2620240520010009,2024-05-20,西武園競輪,F1,9,Ｓ級予選,18:42,18:37,7,https://keirin.kdreams.jp/seibuen/racedetail/2620240520010009/?pageType=result,2026-08-31T03:43:40.191696+00:00,4-2/5-1/6/3-7,published,アオケイ,楽天Kドリームス 並び予想
2620240520010010,2024-05-20,西武園競輪,F1,10,Ｓ級予選,19:14,19:09,7,https://keirin.kdreams.jp/seibuen/racedetail/2620240520010010/?pageType=result,2026-08-31T03:43:41.779400+00:00,1-7-5/6-2/3-4,published,アオケイ,楽天Kドリームス 並び予想
2620240520010011,2024-05-20,西武園競輪,F1,11,Ｓ級予選,19:49,19:44,7,https://keirin.kdreams.jp/seibuen/racedetail/2620240520010011/?pageType=result,2026-08-31T03:43:43.309818+00:00,6-1/2-7-4/5-3,published,アオケイ,楽天Kドリームス 並び予想
2620240520010012,2024-05-20,西武園競輪,F1,12,Ｓ級初日特選,20:25,20:20,7,https://keirin.kdreams.jp/seibuen/racedetail/2620240520010012/?pageType=result,2026-08-31T03:43:44.894702+00:00,4-1/2/5-3-6/7,published,アオケイ,楽天Kドリームス 並び予想
6120240519030005,2024-05-21,玉野競輪,F1,5,Ｓ級一般,12:55,12:50,7,https://keirin.kdreams.jp/tamano/racedetail/6120240519030005/?pageType=result,2026-08-31T03:43:26.071437+00:00,4-1-5/6-2/7-3,published,競輪毎日,楽天Kドリームス 並び予想
6120240519030006,2024-05-21,玉野競輪,F1,6,Ｓ級一般,13:23,13:18,7,https://keirin.kdreams.jp/tamano/racedetail/6120240519030006/?pageType=result,2026-08-31T03:43:27.656757+00:00,1-5/6-2/4-7-3,published,競輪毎日,楽天Kドリームス 並び予想
6120240519030007,2024-05-21,玉野競輪,F1,7,Ｓ級一般,13:51,13:46,7,https://keirin.kdreams.jp/tamano/racedetail/6120240519030007/?pageType=result,2026-08-31T03:43:30.328982+00:00,7-3-1/6/2-5-4,published,競輪毎日,楽天Kドリームス 並び予想
6120240519030008,2024-05-21,玉野競輪,F1,8,Ｓ級特選,14:19,14:14,7,https://keirin.kdreams.jp/tamano/racedetail/6120240519030008/?pageType=result,2026-08-31T03:43:32.151181+00:00,4-2/1-5/7/3-6,published,競輪毎日,楽天Kドリームス 並び予想
6120240519030009,2024-05-21,玉野競輪,F1,9,Ｓ級特選,14:47,14:42,7,https://keirin.kdreams.jp/tamano/racedetail/6120240519030009/?pageType=result,2026-08-31T03:43:33.854683+00:00,6-1/2-5/3-4-7,published,競輪毎日,楽天Kドリームス 並び予想
6120240519030010,2024-05-21,玉野競輪,F1,10,Ｓ級特選,15:16,15:11,7,https://keirin.kdreams.jp/tamano/racedetail/6120240519030010/?pageType=result,2026-08-31T03:43:35.472879+00:00,4-1-6/2-7/3-5,published,競輪毎日,楽天Kドリームス 並び予想
6120240519030012,2024-05-21,玉野競輪,F1,12,Ｓ級決勝,16:17,16:12,7,https://keirin.kdreams.jp/tamano/racedetail/6120240519030012/?pageType=result,2026-08-31T03:43:37.023727+00:00,3-4/2/1-5-6/7,published,競輪毎日,楽天Kドリームス 並び予想
2620240520020008,2024-05-21,西武園競輪,F1,8,Ｓ級一般,18:14,18:09,7,https://keirin.kdreams.jp/seibuen/racedetail/2620240520020008/?pageType=result,2026-08-31T03:43:46.467218+00:00,6-1-5/2-4/7-3,published,アオケイ,楽天Kドリームス 並び予想
2620240520020009,2024-05-21,西武園競輪,F1,9,Ｓ級一般,18:42,18:37,7,https://keirin.kdreams.jp/seibuen/racedetail/2620240520020009/?pageType=result,2026-08-31T03:43:48.059399+00:00,5-1/6-2/3-7-4,published,アオケイ,楽天Kドリームス 並び予想
2620240520020010,2024-05-21,西武園競輪,F1,10,Ｓ級準決勝,19:14,19:09,7,https://keirin.kdreams.jp/seibuen/racedetail/2620240520020010/?pageType=result,2026-08-31T03:43:49.656649+00:00,1-6/5-2/4/7-3,published,アオケイ,楽天Kドリームス 並び予想
2620240520020011,2024-05-21,西武園競輪,F1,11,Ｓ級準決勝,19:49,19:44,7,https://keirin.kdreams.jp/seibuen/racedetail/2620240520020011/?pageType=result,2026-08-31T03:43:51.261853+00:00,1-6/2/4/7-3-5,published,アオケイ,楽天Kドリームス 並び予想
2620240520020012,2024-05-21,西武園競輪,F1,12,Ｓ級準決勝,20:25,20:20,7,https://keirin.kdreams.jp/seibuen/racedetail/2620240520020012/?pageType=result,2026-08-31T03:43:52.834767+00:00,2-6/7-1/4-3-5,published,アオケイ,楽天Kドリームス 並び予想
3620240522010006,2024-05-22,小田原競輪,F1,6,Ｓ級予選,13:31,13:26,7,https://keirin.kdreams.jp/odawara/racedetail/3620240522010006/?pageType=result,2026-08-31T03:44:02.176298+00:00,6-2/4-1-7/3-5,published,小田競・サイクル,楽天Kドリームス 並び予想
3620240522010007,2024-05-22,小田原競輪,F1,7,Ｓ級予選,14:00,13:55,7,https://keirin.kdreams.jp/odawara/racedetail/3620240522010007/?pageType=result,2026-08-31T03:44:03.742485+00:00,1-7-6/2-4/5-3,published,小田競・サイクル,楽天Kドリームス 並び予想
3620240522010008,2024-05-22,小田原競輪,F1,8,Ｓ級予選,14:29,14:24,7,https://keirin.kdreams.jp/odawara/racedetail/3620240522010008/?pageType=result,2026-08-31T03:44:05.350011+00:00,5-4-1/6-2/7-3,published,小田競・サイクル,楽天Kドリームス 並び予想
3620240522010009,2024-05-22,小田原競輪,F1,9,Ｓ級予選,14:58,14:53,7,https://keirin.kdreams.jp/odawara/racedetail/3620240522010009/?pageType=result,2026-08-31T03:44:06.907108+00:00,1-5/6-2/3-7-4,published,小田競・サイクル,楽天Kドリームス 並び予想
3620240522010010,2024-05-22,小田原競輪,F1,10,Ｓ級予選,15:29,15:24,7,https://keirin.kdreams.jp/odawara/racedetail/3620240522010010/?pageType=result,2026-08-31T03:44:09.578315+00:00,5-1-3/4-7-2/6,published,小田競・サイクル,楽天Kドリームス 並び予想
3620240522010011,2024-05-22,小田原競輪,F1,11,Ｓ級予選,16:00,15:55,7,https://keirin.kdreams.jp/odawara/racedetail/3620240522010011/?pageType=result,2026-08-31T03:44:11.272330+00:00,5-2-4/7-1/6-3,published,小田競・サイクル,楽天Kドリームス 並び予想
3620240522010012,2024-05-22,小田原競輪,F1,12,Ｓ級初特選,16:33,16:28,7,https://keirin.kdreams.jp/odawara/racedetail/3620240522010012/?pageType=result,2026-08-31T03:44:12.992913+00:00,7-1/4-2/5-3/6,published,小田競・サイクル,楽天Kドリームス 並び予想
2620240520030006,2024-05-22,西武園競輪,F1,6,Ｓ級一般,17:18,17:13,7,https://keirin.kdreams.jp/seibuen/racedetail/2620240520030006/?pageType=result,2026-08-31T03:43:54.443973+00:00,6-1-4/7-2/3/5,published,アオケイ,楽天Kドリームス 並び予想
2620240520030007,2024-05-22,西武園競輪,F1,7,Ｓ級一般,17:46,17:41,7,https://keirin.kdreams.jp/seibuen/racedetail/2620240520030007/?pageType=result,2026-08-31T03:43:56.017818+00:00,1-5-6/4-2/7-3,published,アオケイ,楽天Kドリームス 並び予想
2620240520030008,2024-05-22,西武園競輪,F1,8,Ｓ級特選,18:14,18:09,7,https://keirin.kdreams.jp/seibuen/racedetail/2620240520030008/?pageType=result,2026-08-31T03:43:57.446797+00:00,1-7-3-6/4-5-2,published,アオケイ,楽天Kドリームス 並び予想
2620240520030009,2024-05-22,西武園競輪,F1,9,Ｓ級特選,18:42,18:37,7,https://keirin.kdreams.jp/seibuen/racedetail/2620240520030009/?pageType=result,2026-08-31T03:43:59.033020+00:00,5-4-1/7/2-6-3,published,アオケイ,楽天Kドリームス 並び予想
2620240520030012,2024-05-22,西武園競輪,F1,12,Ｓ級決勝,20:25,20:20,7,https://keirin.kdreams.jp/seibuen/racedetail/2620240520030012/?pageType=result,2026-08-31T03:44:00.582743+00:00,1-5/2/4-3-7-6,published,アオケイ,楽天Kドリームス 並び予想
8620240523010008,2024-05-23,別府競輪,F1,8,Ｓ級予選,18:43,18:38,7,https://keirin.kdreams.jp/beppu/racedetail/8620240523010008/?pageType=result,2026-08-31T03:44:38.461973+00:00,1-7-3/5/6-2-4,published,ダービー,楽天Kドリームス 並び予想
8620240523010009,2024-05-23,別府競輪,F1,9,Ｓ級予選,19:07,19:02,7,https://keirin.kdreams.jp/beppu/racedetail/8620240523010009/?pageType=result,2026-08-31T03:44:39.902153+00:00,5-1-7/2-6/4-3,published,ダービー,楽天Kドリームス 並び予想
8620240523010010,2024-05-23,別府競輪,F1,10,Ｓ級予選,19:31,19:26,7,https://keirin.kdreams.jp/beppu/racedetail/8620240523010010/?pageType=result,2026-08-31T03:44:41.278790+00:00,4-2-7/3-1-5/6,published,ダービー,楽天Kドリームス 並び予想
8620240523010011,2024-05-23,別府競輪,F1,11,Ｓ級予選,19:55,19:50,7,https://keirin.kdreams.jp/beppu/racedetail/8620240523010011/?pageType=result,2026-08-31T03:44:42.738073+00:00,7-3-4/1/5-2/6,published,ダービー,楽天Kドリームス 並び予想
8620240523010012,2024-05-23,別府競輪,F1,12,Ｓ級初日特選,20:20,20:15,7,https://keirin.kdreams.jp/beppu/racedetail/8620240523010012/?pageType=result,2026-08-31T03:44:44.130525+00:00,7-1-5/2-4-6/3,published,ダービー,楽天Kドリームス 並び予想
3620240522020006,2024-05-23,小田原競輪,F1,6,Ｓ級一般,13:31,13:26,6,https://keirin.kdreams.jp/odawara/racedetail/3620240522020006/?pageType=result,2026-08-31T03:44:14.391004+00:00,4-3-6/1/5-2,published,小田競・サイクル,楽天Kドリームス 並び予想
3620240522020007,2024-05-23,小田原競輪,F1,7,Ｓ級一般,14:00,13:55,6,https://keirin.kdreams.jp/odawara/racedetail/3620240522020007/?pageType=result,2026-08-31T03:44:16.829634+00:00,1-6/2-4/3-5,published,小田競・サイクル,楽天Kドリームス 並び予想
3620240522020008,2024-05-23,小田原競輪,F1,8,Ｓ級選抜,14:29,14:24,7,https://keirin.kdreams.jp/odawara/racedetail/3620240522020008/?pageType=result,2026-08-31T03:44:18.682844+00:00,4-1-2-7/5-3-6,published,小田競・サイクル,楽天Kドリームス 並び予想
3620240522020009,2024-05-23,小田原競輪,F1,9,Ｓ級選抜,14:58,14:53,7,https://keirin.kdreams.jp/odawara/racedetail/3620240522020009/?pageType=result,2026-08-31T03:44:20.414379+00:00,1-4-7/3-5-2/6,published,小田競・サイクル,楽天Kドリームス 並び予想
3620240522020010,2024-05-23,小田原競輪,F1,10,Ｓ級準決勝,15:29,15:24,7,https://keirin.kdreams.jp/odawara/racedetail/3620240522020010/?pageType=result,2026-08-31T03:44:21.996394+00:00,1-4/2-7/3-5-6,published,小田競・サイクル,楽天Kドリームス 並び予想
3620240522020011,2024-05-23,小田原競輪,F1,11,Ｓ級準決勝,16:00,15:55,7,https://keirin.kdreams.jp/odawara/racedetail/3620240522020011/?pageType=result,2026-08-31T03:44:23.584415+00:00,4-1/5-2/3-7-6,published,小田競・サイクル,楽天Kドリームス 並び予想
3620240522020012,2024-05-23,小田原競輪,F1,12,Ｓ級準決勝,16:33,16:28,7,https://keirin.kdreams.jp/odawara/racedetail/3620240522020012/?pageType=result,2026-08-31T03:44:25.706347+00:00,7-1/6-2/5-4-3,published,小田競・サイクル,楽天Kドリームス 並び予想
5120240523010006,2024-05-23,福井競輪,F1,6,Ｓ級予選,13:16,13:11,7,https://keirin.kdreams.jp/fukui/racedetail/5120240523010006/?pageType=result,2026-08-31T03:45:04.308479+00:00,5-1-4/7-2-3/6,published,福井中部,楽天Kドリームス 並び予想
5120240523010007,2024-05-23,福井競輪,F1,7,Ｓ級予選,13:46,13:41,7,https://keirin.kdreams.jp/fukui/racedetail/5120240523010007/?pageType=result,2026-08-31T03:45:05.897483+00:00,4-7-1-2/5-3-6,published,福井中部,楽天Kドリームス 並び予想
5120240523010008,2024-05-23,福井競輪,F1,8,Ｓ級予選,14:16,14:11,7,https://keirin.kdreams.jp/fukui/racedetail/5120240523010008/?pageType=result,2026-08-31T03:45:07.528964+00:00,1-7/2-5/4-3/6,published,福井中部,楽天Kドリームス 並び予想
5120240523010009,2024-05-23,福井競輪,F1,9,Ｓ級予選,14:46,14:41,7,https://keirin.kdreams.jp/fukui/racedetail/5120240523010009/?pageType=result,2026-08-31T03:45:09.114037+00:00,5-1-7/2-4/3-6,published,福井中部,楽天Kドリームス 並び予想
5120240523010010,2024-05-23,福井競輪,F1,10,Ｓ級予選,15:19,15:14,7,https://keirin.kdreams.jp/fukui/racedetail/5120240523010010/?pageType=result,2026-08-31T03:45:10.697412+00:00,6-1-4/2-5/3-7,published,福井中部,楽天Kドリームス 並び予想
5120240523010011,2024-05-23,福井競輪,F1,11,Ｓ級予選,15:52,15:47,7,https://keirin.kdreams.jp/fukui/racedetail/5120240523010011/?pageType=result,2026-08-31T03:45:12.239186+00:00,1-4-7/2-6/3-5,published,福井中部,楽天Kドリームス 並び予想
5120240523010012,2024-05-23,福井競輪,F1,12,Ｓ級初特選,16:25,16:20,7,https://keirin.kdreams.jp/fukui/racedetail/5120240523010012/?pageType=result,2026-08-31T03:45:13.869435+00:00,3-6/1/2-4/7-5,published,福井中部,楽天Kドリームス 並び予想
8620240523020008,2024-05-24,別府競輪,F1,8,Ｓ級一般,18:43,18:38,7,https://keirin.kdreams.jp/beppu/racedetail/8620240523020008/?pageType=result,2026-08-31T03:44:46.875660+00:00,6-2/1-5/4-7-3,published,ダービー,楽天Kドリームス 並び予想
8620240523020009,2024-05-24,別府競輪,F1,9,Ｓ級一般,19:07,19:02,7,https://keirin.kdreams.jp/beppu/racedetail/8620240523020009/?pageType=result,2026-08-31T03:44:48.594067+00:00,4-1/3/6/7-5-2,published,ダービー,楽天Kドリームス 並び予想
8620240523020010,2024-05-24,別府競輪,F1,10,Ｓ級準決勝,19:31,19:26,7,https://keirin.kdreams.jp/beppu/racedetail/8620240523020010/?pageType=result,2026-08-31T03:44:50.417796+00:00,4-1-5/2-7/6-3,published,ダービー,楽天Kドリームス 並び予想
8620240523020011,2024-05-24,別府競輪,F1,11,Ｓ級準決勝,19:55,19:50,7,https://keirin.kdreams.jp/beppu/racedetail/8620240523020011/?pageType=result,2026-08-31T03:44:52.994312+00:00,5-1-7/3/4-2-6,published,ダービー,楽天Kドリームス 並び予想
8620240523020012,2024-05-24,別府競輪,F1,12,Ｓ級準決勝,20:20,20:15,7,https://keirin.kdreams.jp/beppu/racedetail/8620240523020012/?pageType=result,2026-08-31T03:44:54.808346+00:00,2-4/5/1-7-3-6,published,ダービー,楽天Kドリームス 並び予想
3620240522030005,2024-05-24,小田原競輪,F1,5,Ｓ級一般,13:02,12:57,5,https://keirin.kdreams.jp/odawara/racedetail/3620240522030005/?pageType=result,2026-08-31T03:44:27.477027+00:00,4-1/3/5-2,published,小田競・サイクル,楽天Kドリームス 並び予想
3620240522030006,2024-05-24,小田原競輪,F1,6,Ｓ級一般,13:31,13:26,5,https://keirin.kdreams.jp/odawara/racedetail/3620240522030006/?pageType=result,2026-08-31T03:44:29.048953+00:00,1/2-5/4-3,published,小田競・サイクル,楽天Kドリームス 並び予想
3620240522030007,2024-05-24,小田原競輪,F1,7,Ｓ級一般,14:00,13:55,6,https://keirin.kdreams.jp/odawara/racedetail/3620240522030007/?pageType=result,2026-08-31T03:44:30.572809+00:00,6-1/2-4/3-5,published,小田競・サイクル,楽天Kドリームス 並び予想
3620240522030008,2024-05-24,小田原競輪,F1,8,Ｓ級特選,14:29,14:24,7,https://keirin.kdreams.jp/odawara/racedetail/3620240522030008/?pageType=result,2026-08-31T03:44:32.143703+00:00,6-1/2-5-4/3-7,published,小田競・サイクル,楽天Kドリームス 並び予想
3620240522030009,2024-05-24,小田原競輪,F1,9,Ｓ級特選,14:58,14:53,7,https://keirin.kdreams.jp/odawara/racedetail/3620240522030009/?pageType=result,2026-08-31T03:44:33.792816+00:00,1-5/2-6/3-4-7,published,小田競・サイクル,楽天Kドリームス 並び予想
3620240522030010,2024-05-24,小田原競輪,F1,10,Ｓ級特選,15:29,15:24,7,https://keirin.kdreams.jp/odawara/racedetail/3620240522030010/?pageType=result,2026-08-31T03:44:35.427222+00:00,4-1-6/7-2-3-5,published,小田競・サイクル,楽天Kドリームス 並び予想
3620240522030012,2024-05-24,小田原競輪,F1,12,Ｓ級決勝,16:33,16:28,7,https://keirin.kdreams.jp/odawara/racedetail/3620240522030012/?pageType=result,2026-08-31T03:44:37.017571+00:00,1-5-6/3-4/7-2,published,小田競・サイクル,楽天Kドリームス 並び予想
5120240523020006,2024-05-24,福井競輪,F1,6,Ｓ級一般,13:16,13:11,7,https://keirin.kdreams.jp/fukui/racedetail/5120240523020006/?pageType=result,2026-08-31T03:45:15.468420+00:00,3-7-1-5-6/2/4,published,福井中部,楽天Kドリームス 並び予想
5120240523020007,2024-05-24,福井競輪,F1,7,Ｓ級一般,13:46,13:41,7,https://keirin.kdreams.jp/fukui/racedetail/5120240523020007/?pageType=result,2026-08-31T03:45:17.097966+00:00,1-6/7-2/5-3/4,published,福井中部,楽天Kドリームス 並び予想
5120240523020008,2024-05-24,福井競輪,F1,8,Ｓ級選抜,14:16,14:11,7,https://keirin.kdreams.jp/fukui/racedetail/5120240523020008/?pageType=result,2026-08-31T03:45:18.669117+00:00,4-1/7-5-2/3-6,published,福井中部,楽天Kドリームス 並び予想
5120240523020009,2024-05-24,福井競輪,F1,9,Ｓ級選抜,14:46,14:41,7,https://keirin.kdreams.jp/fukui/racedetail/5120240523020009/?pageType=result,2026-08-31T03:45:20.276733+00:00,1-7/4-3/6-5-2,published,福井中部,楽天Kドリームス 並び予想
5120240523020010,2024-05-24,福井競輪,F1,10,Ｓ級準決勝,15:19,15:14,7,https://keirin.kdreams.jp/fukui/racedetail/5120240523020010/?pageType=result,2026-08-31T03:45:21.833696+00:00,5-4-2/1-6/7-3,published,福井中部,楽天Kドリームス 並び予想
5120240523020011,2024-05-24,福井競輪,F1,11,Ｓ級準決勝,15:52,15:47,7,https://keirin.kdreams.jp/fukui/racedetail/5120240523020011/?pageType=result,2026-08-31T03:45:23.456206+00:00,4-1-6/2/5-7-3,published,福井中部,楽天Kドリームス 並び予想
5120240523020012,2024-05-24,福井競輪,F1,12,Ｓ級準決勝,16:25,16:20,7,https://keirin.kdreams.jp/fukui/racedetail/5120240523020012/?pageType=result,2026-08-31T03:45:25.015582+00:00,5-1/2/4-3-7/6,published,福井中部,楽天Kドリームス 並び予想
8620240523030006,2024-05-25,別府競輪,F1,6,Ｓ級一般,17:55,17:50,7,https://keirin.kdreams.jp/beppu/racedetail/8620240523030006/?pageType=result,2026-08-31T03:44:56.530754+00:00,1-7-3/6/2-5-4,published,ダービー,楽天Kドリームス 並び予想
8620240523030007,2024-05-25,別府競輪,F1,7,Ｓ級一般,18:20,18:15,7,https://keirin.kdreams.jp/beppu/racedetail/8620240523030007/?pageType=result,2026-08-31T03:44:58.060130+00:00,1-7-3/2/6-4-5,published,ダービー,楽天Kドリームス 並び予想
8620240523030008,2024-05-25,別府競輪,F1,8,Ｓ級特選,18:45,18:40,7,https://keirin.kdreams.jp/beppu/racedetail/8620240523030008/?pageType=result,2026-08-31T03:44:59.660134+00:00,3-4/1-7-5/6-2,published,ダービー,楽天Kドリームス 並び予想
8620240523030009,2024-05-25,別府競輪,F1,9,Ｓ級特選,19:10,19:05,7,https://keirin.kdreams.jp/beppu/racedetail/8620240523030009/?pageType=result,2026-08-31T03:45:01.348058+00:00,5-1-3/2-4-7/6,published,ダービー,楽天Kドリームス 並び予想
8620240523030012,2024-05-25,別府競輪,F1,12,Ｓ級決勝,20:30,20:25,7,https://keirin.kdreams.jp/beppu/racedetail/8620240523030012/?pageType=result,2026-08-31T03:45:02.771974+00:00,3-1-7-5-6/2-4,published,ダービー,楽天Kドリームス 並び予想
5120240523030005,2024-05-25,福井競輪,F1,5,Ｓ級一般,12:33,12:28,7,https://keirin.kdreams.jp/fukui/racedetail/5120240523030005/?pageType=result,2026-08-31T03:45:28.216067+00:00,7-1-6/2-4/5-3,published,福井中部,楽天Kドリームス 並び予想
5120240523030006,2024-05-25,福井競輪,F1,6,Ｓ級一般,13:03,12:58,7,https://keirin.kdreams.jp/fukui/racedetail/5120240523030006/?pageType=result,2026-08-31T03:45:30.040186+00:00,4-1/5-2-7/3-6,published,福井中部,楽天Kドリームス 並び予想
5120240523030007,2024-05-25,福井競輪,F1,7,Ｓ級一般,13:35,13:30,7,https://keirin.kdreams.jp/fukui/racedetail/5120240523030007/?pageType=result,2026-08-31T03:45:31.744060+00:00,2-5/4-1-7/3-6,published,福井中部,楽天Kドリームス 並び予想
5120240523030009,2024-05-25,福井競輪,F1,9,Ｓ級特選,14:39,14:34,7,https://keirin.kdreams.jp/fukui/racedetail/5120240523030009/?pageType=result,2026-08-31T03:45:33.367276+00:00,1-5/6-2/3-7-4,published,福井中部,楽天Kドリームス 並び予想
5120240523030010,2024-05-25,福井競輪,F1,10,Ｓ級特選,15:12,15:07,7,https://keirin.kdreams.jp/fukui/racedetail/5120240523030010/?pageType=result,2026-08-31T03:45:34.916250+00:00,5-3/1-7-4/2/6,published,福井中部,楽天Kドリームス 並び予想
5120240523030011,2024-05-25,福井競輪,F1,11,Ｓ級特選,15:45,15:40,7,https://keirin.kdreams.jp/fukui/racedetail/5120240523030011/?pageType=result,2026-08-31T03:45:36.514683+00:00,5-7-1/2/3-4-6,published,福井中部,楽天Kドリームス 並び予想
5120240523030012,2024-05-25,福井競輪,F1,12,Ｓ級決勝,16:25,16:20,7,https://keirin.kdreams.jp/fukui/racedetail/5120240523030012/?pageType=result,2026-08-31T03:45:38.065120+00:00,1-3-4-7/6-2/5,published,福井中部,楽天Kドリームス 並び予想
8420240526010006,2024-05-26,武雄競輪,F1,6,Ｓ級予選,17:24,17:19,7,https://keirin.kdreams.jp/takeo/racedetail/8420240526010006/?pageType=result,2026-08-31T03:46:12.019701+00:00,5-2/6-1/3-7-4,published,百万弗,楽天Kドリームス 並び予想
8420240526010007,2024-05-26,武雄競輪,F1,7,Ｓ級予選,17:48,17:43,7,https://keirin.kdreams.jp/takeo/racedetail/8420240526010007/?pageType=result,2026-08-31T03:46:13.578876+00:00,5-2/1-6-4/3-7,published,百万弗,楽天Kドリームス 並び予想
8420240526010008,2024-05-26,武雄競輪,F1,8,Ｓ級予選,18:14,18:09,7,https://keirin.kdreams.jp/takeo/racedetail/8420240526010008/?pageType=result,2026-08-31T03:46:15.166076+00:00,3-4/5-1-6/2-7,published,百万弗,楽天Kドリームス 並び予想
8420240526010009,2024-05-26,武雄競輪,F1,9,Ｓ級予選,18:41,18:36,7,https://keirin.kdreams.jp/takeo/racedetail/8420240526010009/?pageType=result,2026-08-31T03:46:17.693214+00:00,6-1/2-5/3-7-4,published,百万弗,楽天Kドリームス 並び予想
8420240526010010,2024-05-26,武雄競輪,F1,10,Ｓ級予選,19:12,19:07,7,https://keirin.kdreams.jp/takeo/racedetail/8420240526010010/?pageType=result,2026-08-31T03:46:19.472982+00:00,7-1-4/5-2/3/6,published,百万弗,楽天Kドリームス 並び予想
8420240526010011,2024-05-26,武雄競輪,F1,11,Ｓ級予選,19:44,19:39,7,https://keirin.kdreams.jp/takeo/racedetail/8420240526010011/?pageType=result,2026-08-31T03:46:21.147929+00:00,7-4-2/6/5-1-3,published,百万弗,楽天Kドリームス 並び予想
8420240526010012,2024-05-26,武雄競輪,F1,12,Ｓ級初特選,20:20,20:15,7,https://keirin.kdreams.jp/takeo/racedetail/8420240526010012/?pageType=result,2026-08-31T03:46:22.725994+00:00,4/1/6-2/7-3/5,published,百万弗,楽天Kドリームス 並び予想
5420240527010006,2024-05-27,向日町競輪,F1,6,Ｓ級予選,13:26,13:21,7,https://keirin.kdreams.jp/mukomachi/racedetail/5420240527010006/?pageType=result,2026-08-31T03:46:47.689722+00:00,1-5/2-4-6/3-7,published,競輪研究,楽天Kドリームス 並び予想
5420240527010007,2024-05-27,向日町競輪,F1,7,Ｓ級予選,13:58,13:53,7,https://keirin.kdreams.jp/mukomachi/racedetail/5420240527010007/?pageType=result,2026-08-31T03:46:49.230859+00:00,6-1/7-2/5-3-4,published,競輪研究,楽天Kドリームス 並び予想
5420240527010008,2024-05-27,向日町競輪,F1,8,Ｓ級予選,14:30,14:25,7,https://keirin.kdreams.jp/mukomachi/racedetail/5420240527010008/?pageType=result,2026-08-31T03:46:51.843312+00:00,5-2-6/7-3-4-1,published,競輪研究,楽天Kドリームス 並び予想
5420240527010009,2024-05-27,向日町競輪,F1,9,Ｓ級予選,15:02,14:57,7,https://keirin.kdreams.jp/mukomachi/racedetail/5420240527010009/?pageType=result,2026-08-31T03:46:53.822645+00:00,6-1/2-5/4-3-7,published,競輪研究,楽天Kドリームス 並び予想
5420240527010010,2024-05-27,向日町競輪,F1,10,Ｓ級予選,15:34,15:29,7,https://keirin.kdreams.jp/mukomachi/racedetail/5420240527010010/?pageType=result,2026-08-31T03:46:55.482338+00:00,5-1-7/4-2/6-3,published,競輪研究,楽天Kドリームス 並び予想
5420240527010011,2024-05-27,向日町競輪,F1,11,Ｓ級予選,16:06,16:01,7,https://keirin.kdreams.jp/mukomachi/racedetail/5420240527010011/?pageType=result,2026-08-31T03:46:57.060523+00:00,2-6/7-4-1/5-3,published,競輪研究,楽天Kドリームス 並び予想
5420240527010012,2024-05-27,向日町競輪,F1,12,Ｓ級初特選,16:40,16:35,7,https://keirin.kdreams.jp/mukomachi/racedetail/5420240527010012/?pageType=result,2026-08-31T03:46:58.600378+00:00,2-1/5-3-7/6-4,published,競輪研究,楽天Kドリームス 並び予想
8420240526020006,2024-05-27,武雄競輪,F1,6,Ｓ級一般,17:24,17:19,7,https://keirin.kdreams.jp/takeo/racedetail/8420240526020006/?pageType=result,2026-08-31T03:46:24.334775+00:00,3-6/1-5/7-2/4,published,百万弗,楽天Kドリームス 並び予想
8420240526020007,2024-05-27,武雄競輪,F1,7,Ｓ級一般,17:48,17:43,7,https://keirin.kdreams.jp/takeo/racedetail/8420240526020007/?pageType=result,2026-08-31T03:46:25.885069+00:00,1-6/4-3/5-2/7,published,百万弗,楽天Kドリームス 並び予想
8420240526020008,2024-05-27,武雄競輪,F1,8,Ｓ級選抜,18:14,18:09,7,https://keirin.kdreams.jp/takeo/racedetail/8420240526020008/?pageType=result,2026-08-31T03:46:27.483483+00:00,7-3-5/2/4-6-1,published,百万弗,楽天Kドリームス 並び予想
8420240526020009,2024-05-27,武雄競輪,F1,9,Ｓ級選抜,18:41,18:36,7,https://keirin.kdreams.jp/takeo/racedetail/8420240526020009/?pageType=result,2026-08-31T03:46:29.961304+00:00,2-4-5/1/7-3/6,published,百万弗,楽天Kドリームス 並び予想
8420240526020010,2024-05-27,武雄競輪,F1,10,Ｓ級準決勝,19:12,19:07,7,https://keirin.kdreams.jp/takeo/racedetail/8420240526020010/?pageType=result,2026-08-31T03:46:31.842850+00:00,1-5/2-6/3-7/4,published,百万弗,楽天Kドリームス 並び予想
8420240526020011,2024-05-27,武雄競輪,F1,11,Ｓ級準決勝,19:44,19:39,7,https://keirin.kdreams.jp/takeo/racedetail/8420240526020011/?pageType=result,2026-08-31T03:46:33.520900+00:00,3-4/6-1-5/7-2,published,百万弗,楽天Kドリームス 並び予想
8420240526020012,2024-05-27,武雄競輪,F1,12,Ｓ級準決勝,20:20,20:15,7,https://keirin.kdreams.jp/takeo/racedetail/8420240526020012/?pageType=result,2026-08-31T03:46:35.112687+00:00,1-5-6/2-4/7-3,published,百万弗,楽天Kドリームス 並び予想
5420240527020006,2024-05-28,向日町競輪,F1,6,Ｓ級一般,13:26,13:21,7,https://keirin.kdreams.jp/mukomachi/racedetail/5420240527020006/?pageType=result,2026-08-31T03:47:00.209127+00:00,5-1/3-4/6-2/7,published,競輪研究,楽天Kドリームス 並び予想
5420240527020007,2024-05-28,向日町競輪,F1,7,Ｓ級一般,13:58,13:53,7,https://keirin.kdreams.jp/mukomachi/racedetail/5420240527020007/?pageType=result,2026-08-31T03:47:01.769413+00:00,5-1-6/2-4/3-7,published,競輪研究,楽天Kドリームス 並び予想
5420240527020008,2024-05-28,向日町競輪,F1,8,Ｓ級選抜,14:30,14:25,7,https://keirin.kdreams.jp/mukomachi/racedetail/5420240527020008/?pageType=result,2026-08-31T03:47:03.363629+00:00,4-2-5/1/7-3-6,published,競輪研究,楽天Kドリームス 並び予想
5420240527020009,2024-05-28,向日町競輪,F1,9,Ｓ級選抜,15:02,14:57,7,https://keirin.kdreams.jp/mukomachi/racedetail/5420240527020009/?pageType=result,2026-08-31T03:47:04.921358+00:00,3-7-1/2-4-5/6,published,競輪研究,楽天Kドリームス 並び予想
5420240527020010,2024-05-28,向日町競輪,F1,10,Ｓ級準決勝,15:34,15:29,7,https://keirin.kdreams.jp/mukomachi/racedetail/5420240527020010/?pageType=result,2026-08-31T03:47:06.508315+00:00,1-5/7-2-6/4-3,published,競輪研究,楽天Kドリームス 並び予想
5420240527020011,2024-05-28,向日町競輪,F1,11,Ｓ級準決勝,16:06,16:01,7,https://keirin.kdreams.jp/mukomachi/racedetail/5420240527020011/?pageType=result,2026-08-31T03:47:08.126366+00:00,4-7/1/6-2/3-5,published,競輪研究,楽天Kドリームス 並び予想
5420240527020012,2024-05-28,向日町競輪,F1,12,Ｓ級準決勝,16:40,16:35,7,https://keirin.kdreams.jp/mukomachi/racedetail/5420240527020012/?pageType=result,2026-08-31T03:47:09.711492+00:00,5-7-1/2-4/6-3,published,競輪研究,楽天Kドリームス 並び予想
8420240526030005,2024-05-28,武雄競輪,F1,5,Ｓ級一般,17:10,17:05,7,https://keirin.kdreams.jp/takeo/racedetail/8420240526030005/?pageType=result,2026-08-31T03:46:36.660717+00:00,7-1-3/2-5/4-6,published,百万弗,楽天Kドリームス 並び予想
8420240526030006,2024-05-28,武雄競輪,F1,6,Ｓ級一般,17:35,17:30,7,https://keirin.kdreams.jp/takeo/racedetail/8420240526030006/?pageType=result,2026-08-31T03:46:38.263847+00:00,1-4/6-2/5/3-7,published,百万弗,楽天Kドリームス 並び予想
8420240526030007,2024-05-28,武雄競輪,F1,7,Ｓ級一般,18:02,17:57,7,https://keirin.kdreams.jp/takeo/racedetail/8420240526030007/?pageType=result,2026-08-31T03:46:39.824298+00:00,3-5/4-7-1/6-2,published,百万弗,楽天Kドリームス 並び予想
8420240526030008,2024-05-28,武雄競輪,F1,8,Ｓ級特選,18:30,18:25,7,https://keirin.kdreams.jp/takeo/racedetail/8420240526030008/?pageType=result,2026-08-31T03:46:41.411740+00:00,7-2/6-1/4-5-3,published,百万弗,楽天Kドリームス 並び予想
8420240526030009,2024-05-28,武雄競輪,F1,9,Ｓ級特選,18:58,18:53,7,https://keirin.kdreams.jp/takeo/racedetail/8420240526030009/?pageType=result,2026-08-31T03:46:42.958241+00:00,7-2/1-5/6-3-4,published,百万弗,楽天Kドリームス 並び予想
8420240526030010,2024-05-28,武雄競輪,F1,10,Ｓ級特選,19:27,19:22,7,https://keirin.kdreams.jp/takeo/racedetail/8420240526030010/?pageType=result,2026-08-31T03:46:44.551472+00:00,1-6-4/5-2/7-3,published,百万弗,楽天Kドリームス 並び予想
8420240526030012,2024-05-28,武雄競輪,F1,12,Ｓ級決勝,20:35,20:30,7,https://keirin.kdreams.jp/takeo/racedetail/8420240526030012/?pageType=result,2026-08-31T03:46:46.087812+00:00,1-5-7/4/2-6/3,published,百万弗,楽天Kドリームス 並び予想
6120240528010008,2024-05-28,玉野競輪,F1,8,Ｓ級予選,14:10,14:05,7,https://keirin.kdreams.jp/tamano/racedetail/6120240528010008/?pageType=result,2026-08-31T03:47:22.420550+00:00,1-6/4-2/3-7-5,published,競輪毎日,楽天Kドリームス 並び予想
6120240528010009,2024-05-28,玉野競輪,F1,9,Ｓ級予選,14:42,14:37,7,https://keirin.kdreams.jp/tamano/racedetail/6120240528010009/?pageType=result,2026-08-31T03:47:23.953562+00:00,1-4/7-2/6/3-5,published,競輪毎日,楽天Kドリームス 並び予想
6120240528010010,2024-05-28,玉野競輪,F1,10,Ｓ級予選,15:14,15:09,7,https://keirin.kdreams.jp/tamano/racedetail/6120240528010010/?pageType=result,2026-08-31T03:47:25.508252+00:00,1-5-7/2-4/3-6,published,競輪毎日,楽天Kドリームス 並び予想
6120240528010011,2024-05-28,玉野競輪,F1,11,Ｓ級予選,15:50,15:45,7,https://keirin.kdreams.jp/tamano/racedetail/6120240528010011/?pageType=result,2026-08-31T03:47:27.089200+00:00,4-2-6/1/7-3-5,published,競輪毎日,楽天Kドリームス 並び予想
6120240528010012,2024-05-28,玉野競輪,F1,12,Ｓ級初日特選,16:30,16:25,7,https://keirin.kdreams.jp/tamano/racedetail/6120240528010012/?pageType=result,2026-08-31T03:47:28.661679+00:00,5-2-6/1/4-7/3,published,競輪毎日,楽天Kドリームス 並び予想
1120240529010006,2024-05-29,函館競輪,F1,6,Ｓ級予選,17:45,17:40,7,https://keirin.kdreams.jp/hakodate/racedetail/1120240529010006/?pageType=result,2026-08-31T03:47:48.428401+00:00,5-1-2/6/3-7-4,published,北競,楽天Kドリームス 並び予想
1120240529010007,2024-05-29,函館競輪,F1,7,Ｓ級予選,18:10,18:05,7,https://keirin.kdreams.jp/hakodate/racedetail/1120240529010007/?pageType=result,2026-08-31T03:47:49.968373+00:00,5-1/3/6/7-2-4,published,北競,楽天Kドリームス 並び予想
1120240529010008,2024-05-29,函館競輪,F1,8,Ｓ級予選,18:35,18:30,7,https://keirin.kdreams.jp/hakodate/racedetail/1120240529010008/?pageType=result,2026-08-31T03:47:51.593584+00:00,1-4/6-2/3-7-5,published,北競,楽天Kドリームス 並び予想
1120240529010009,2024-05-29,函館競輪,F1,9,Ｓ級予選,19:00,18:55,7,https://keirin.kdreams.jp/hakodate/racedetail/1120240529010009/?pageType=result,2026-08-31T03:47:53.132283+00:00,1-5-3/7-2-6-4,published,北競,楽天Kドリームス 並び予想
1120240529010010,2024-05-29,函館競輪,F1,10,Ｓ級予選,19:25,19:20,7,https://keirin.kdreams.jp/hakodate/racedetail/1120240529010010/?pageType=result,2026-08-31T03:47:54.706879+00:00,4-1-5/7-2-3-6,published,北競,楽天Kドリームス 並び予想
1120240529010011,2024-05-29,函館競輪,F1,11,Ｓ級予選,19:50,19:45,7,https://keirin.kdreams.jp/hakodate/racedetail/1120240529010011/?pageType=result,2026-08-31T03:47:56.313922+00:00,3-1-5/6-2/4-7,published,北競,楽天Kドリームス 並び予想
1120240529010012,2024-05-29,函館競輪,F1,12,Ｓ級初特選,20:20,20:15,7,https://keirin.kdreams.jp/hakodate/racedetail/1120240529010012/?pageType=result,2026-08-31T03:47:58.681591+00:00,1-5/6-2/4-3-7,published,北競,楽天Kドリームス 並び予想
5420240527030005,2024-05-29,向日町競輪,F1,5,Ｓ級一般,12:55,12:50,7,https://keirin.kdreams.jp/mukomachi/racedetail/5420240527030005/?pageType=result,2026-08-31T03:47:11.288575+00:00,4-1-7/6-2/3-5,published,競輪研究,楽天Kドリームス 並び予想
5420240527030006,2024-05-29,向日町競輪,F1,6,Ｓ級一般,13:26,13:21,7,https://keirin.kdreams.jp/mukomachi/racedetail/5420240527030006/?pageType=result,2026-08-31T03:47:12.863098+00:00,1-4-6/2-5/7-3,published,競輪研究,楽天Kドリームス 並び予想
5420240527030007,2024-05-29,向日町競輪,F1,7,Ｓ級一般,13:58,13:53,7,https://keirin.kdreams.jp/mukomachi/racedetail/5420240527030007/?pageType=result,2026-08-31T03:47:14.433812+00:00,7-3/1/2/5-4/6,published,競輪研究,楽天Kドリームス 並び予想
5420240527030008,2024-05-29,向日町競輪,F1,8,Ｓ級特選,14:30,14:25,7,https://keirin.kdreams.jp/mukomachi/racedetail/5420240527030008/?pageType=result,2026-08-31T03:47:16.023272+00:00,6-2/1-4/3-5/7,published,競輪研究,楽天Kドリームス 並び予想
5420240527030009,2024-05-29,向日町競輪,F1,9,Ｓ級特選,15:02,14:57,7,https://keirin.kdreams.jp/mukomachi/racedetail/5420240527030009/?pageType=result,2026-08-31T03:47:17.629516+00:00,4-2/1-5-7/6-3,published,競輪研究,楽天Kドリームス 並び予想
5420240527030010,2024-05-29,向日町競輪,F1,10,Ｓ級特選,15:34,15:29,7,https://keirin.kdreams.jp/mukomachi/racedetail/5420240527030010/?pageType=result,2026-08-31T03:47:19.265204+00:00,1-4-7/2/3-5-6,published,競輪研究,楽天Kドリームス 並び予想
5420240527030012,2024-05-29,向日町競輪,F1,12,Ｓ級決勝,16:40,16:35,7,https://keirin.kdreams.jp/mukomachi/racedetail/5420240527030012/?pageType=result,2026-08-31T03:47:20.813665+00:00,7-5-1/2-3/4-6,published,競輪研究,楽天Kドリームス 並び予想
4620240529010006,2024-05-29,富山競輪,F1,6,Ｓ級予選,13:19,13:14,6,https://keirin.kdreams.jp/toyama/racedetail/4620240529010006/?pageType=result,2026-08-31T03:48:22.674813+00:00,1-4/2/3-5/6,published,中部競輪,楽天Kドリームス 並び予想
4620240529010007,2024-05-29,富山競輪,F1,7,Ｓ級予選,13:51,13:46,6,https://keirin.kdreams.jp/toyama/racedetail/4620240529010007/?pageType=result,2026-08-31T03:48:24.149094+00:00,1-5/6-3-2/4,published,中部競輪,楽天Kドリームス 並び予想
4620240529010008,2024-05-29,富山競輪,F1,8,Ｓ級予選,14:23,14:18,7,https://keirin.kdreams.jp/toyama/racedetail/4620240529010008/?pageType=result,2026-08-31T03:48:25.696562+00:00,6-1/2-4/3-7/5,published,中部競輪,楽天Kドリームス 並び予想
4620240529010009,2024-05-29,富山競輪,F1,9,Ｓ級予選,14:55,14:50,7,https://keirin.kdreams.jp/toyama/racedetail/4620240529010009/?pageType=result,2026-08-31T03:48:27.276805+00:00,4-3-7/6-1/2-5,published,中部競輪,楽天Kドリームス 並び予想
4620240529010010,2024-05-29,富山競輪,F1,10,Ｓ級予選,15:27,15:22,7,https://keirin.kdreams.jp/toyama/racedetail/4620240529010010/?pageType=result,2026-08-31T03:48:28.804887+00:00,5-1-4/6-3-2/7,published,中部競輪,楽天Kドリームス 並び予想
4620240529010011,2024-05-29,富山競輪,F1,11,Ｓ級予選,16:00,15:55,7,https://keirin.kdreams.jp/toyama/racedetail/4620240529010011/?pageType=result,2026-08-31T03:48:30.406788+00:00,4-1-7/2-5/6-3,published,中部競輪,楽天Kドリームス 並び予想
4620240529010012,2024-05-29,富山競輪,F1,12,Ｓ級初特選,16:35,16:30,7,https://keirin.kdreams.jp/toyama/racedetail/4620240529010012/?pageType=result,2026-08-31T03:48:31.956346+00:00,5-1/6-2/3-7/4,published,中部競輪,楽天Kドリームス 並び予想
6120240528020008,2024-05-29,玉野競輪,F1,8,Ｓ級一般,14:10,14:05,7,https://keirin.kdreams.jp/tamano/racedetail/6120240528020008/?pageType=result,2026-08-31T03:47:30.252300+00:00,4-1-5/7-2/6-3,published,競輪毎日,楽天Kドリームス 並び予想
6120240528020009,2024-05-29,玉野競輪,F1,9,Ｓ級一般,14:42,14:37,7,https://keirin.kdreams.jp/tamano/racedetail/6120240528020009/?pageType=result,2026-08-31T03:47:31.816121+00:00,5-1/2-6/4-3/7,published,競輪毎日,楽天Kドリームス 並び予想
6120240528020010,2024-05-29,玉野競輪,F1,10,Ｓ級準決勝,15:14,15:09,7,https://keirin.kdreams.jp/tamano/racedetail/6120240528020010/?pageType=result,2026-08-31T03:47:33.397203+00:00,1-5/2-7/4-3-6,published,競輪毎日,楽天Kドリームス 並び予想
6120240528020011,2024-05-29,玉野競輪,F1,11,Ｓ級準決勝,15:50,15:45,7,https://keirin.kdreams.jp/tamano/racedetail/6120240528020011/?pageType=result,2026-08-31T03:47:34.943324+00:00,1-4-6/2-5/3-7,published,競輪毎日,楽天Kドリームス 並び予想
6120240528020012,2024-05-29,玉野競輪,F1,12,Ｓ級準決勝,16:30,16:25,7,https://keirin.kdreams.jp/tamano/racedetail/6120240528020012/?pageType=result,2026-08-31T03:47:36.666997+00:00,7-1/6-2/3-5-4,published,競輪毎日,楽天Kドリームス 並び予想
3720240530010006,2024-05-30,伊東競輪,F1,6,Ｓ級予選,17:42,17:37,7,https://keirin.kdreams.jp/ito/racedetail/3720240530010006/?pageType=result,2026-08-31T03:48:58.737812+00:00,1-7-5/4-3/2-6,published,ひかり・小田競,楽天Kドリームス 並び予想
3720240530010007,2024-05-30,伊東競輪,F1,7,Ｓ級予選,18:08,18:03,7,https://keirin.kdreams.jp/ito/racedetail/3720240530010007/?pageType=result,2026-08-31T03:49:00.321512+00:00,5-6-1/2-7/3-4,published,ひかり・小田競,楽天Kドリームス 並び予想
3720240530010008,2024-05-30,伊東競輪,F1,8,Ｓ級予選,18:34,18:29,7,https://keirin.kdreams.jp/ito/racedetail/3720240530010008/?pageType=result,2026-08-31T03:49:01.858421+00:00,4-1-5/7-3/6-2,published,ひかり・小田競,楽天Kドリームス 並び予想
3720240530010009,2024-05-30,伊東競輪,F1,9,Ｓ級予選,19:01,18:56,7,https://keirin.kdreams.jp/ito/racedetail/3720240530010009/?pageType=result,2026-08-31T03:49:03.444192+00:00,3-4/6-1/2-7-5,published,ひかり・小田競,楽天Kドリームス 並び予想
3720240530010010,2024-05-30,伊東競輪,F1,10,Ｓ級予選,19:28,19:23,7,https://keirin.kdreams.jp/ito/racedetail/3720240530010010/?pageType=result,2026-08-31T03:49:04.983395+00:00,7-3/6-1-5/2-4,published,ひかり・小田競,楽天Kドリームス 並び予想
3720240530010011,2024-05-30,伊東競輪,F1,11,Ｓ級予選,19:57,19:52,7,https://keirin.kdreams.jp/ito/racedetail/3720240530010011/?pageType=result,2026-08-31T03:49:07.486113+00:00,6-1-4/2-7/5-3,published,ひかり・小田競,楽天Kドリームス 並び予想
3720240530010012,2024-05-30,伊東競輪,F1,12,Ｓ級初特選,20:28,20:23,7,https://keirin.kdreams.jp/ito/racedetail/3720240530010012/?pageType=result,2026-08-31T03:49:09.212667+00:00,7-3-1/6/2-5-4,published,ひかり・小田競,楽天Kドリームス 並び予想
1120240529020006,2024-05-30,函館競輪,F1,6,Ｓ級一般,17:45,17:40,7,https://keirin.kdreams.jp/hakodate/racedetail/1120240529020006/?pageType=result,2026-08-31T03:48:00.550889+00:00,1-7-5-3/2/6-4,published,北競,楽天Kドリームス 並び予想
1120240529020007,2024-05-30,函館競輪,F1,7,Ｓ級一般,18:10,18:05,7,https://keirin.kdreams.jp/hakodate/racedetail/1120240529020007/?pageType=result,2026-08-31T03:48:02.234188+00:00,1-6/5-2-7/4-3,published,北競,楽天Kドリームス 並び予想
1120240529020008,2024-05-30,函館競輪,F1,8,Ｓ級選抜,18:35,18:30,7,https://keirin.kdreams.jp/hakodate/racedetail/1120240529020008/?pageType=result,2026-08-31T03:48:03.884515+00:00,1-4-7-3/2/5/6,published,北競,楽天Kドリームス 並び予想
1120240529020009,2024-05-30,函館競輪,F1,9,Ｓ級選抜,19:00,18:55,7,https://keirin.kdreams.jp/hakodate/racedetail/1120240529020009/?pageType=result,2026-08-31T03:48:05.454808+00:00,6-4-1/3/2-5/7,published,北競,楽天Kドリームス 並び予想
1120240529020010,2024-05-30,函館競輪,F1,10,Ｓ級準決勝,19:25,19:20,7,https://keirin.kdreams.jp/hakodate/racedetail/1120240529020010/?pageType=result,2026-08-31T03:48:07.076929+00:00,1-7/5-2/6-3/4,published,北競,楽天Kドリームス 並び予想
1120240529020011,2024-05-30,函館競輪,F1,11,Ｓ級準決勝,19:50,19:45,7,https://keirin.kdreams.jp/hakodate/racedetail/1120240529020011/?pageType=result,2026-08-31T03:48:08.671187+00:00,1-4-6/5-2/3-7,published,北競,楽天Kドリームス 並び予想
1120240529020012,2024-05-30,函館競輪,F1,12,Ｓ級準決勝,20:20,20:15,7,https://keirin.kdreams.jp/hakodate/racedetail/1120240529020012/?pageType=result,2026-08-31T03:48:10.299496+00:00,7-1/2-5/4-6-3,published,北競,楽天Kドリームス 並び予想
4620240529020006,2024-05-30,富山競輪,F1,6,Ｓ級一般,13:19,13:14,6,https://keirin.kdreams.jp/toyama/racedetail/4620240529020006/?pageType=result,2026-08-31T03:48:33.397284+00:00,1-6/4-2/3-5,published,中部競輪,楽天Kドリームス 並び予想
4620240529020007,2024-05-30,富山競輪,F1,7,Ｓ級一般,13:51,13:46,7,https://keirin.kdreams.jp/toyama/racedetail/4620240529020007/?pageType=result,2026-08-31T03:48:34.939911+00:00,7-1/2-4/5-3/6,published,中部競輪,楽天Kドリームス 並び予想
4620240529020008,2024-05-30,富山競輪,F1,8,Ｓ級選抜,14:23,14:18,7,https://keirin.kdreams.jp/toyama/racedetail/4620240529020008/?pageType=result,2026-08-31T03:48:38.012287+00:00,1-5-4-6/2-7-3,published,中部競輪,楽天Kドリームス 並び予想
4620240529020009,2024-05-30,富山競輪,F1,9,Ｓ級選抜,14:55,14:50,7,https://keirin.kdreams.jp/toyama/racedetail/4620240529020009/?pageType=result,2026-08-31T03:48:39.890689+00:00,7-3/1-6/5-2/4,published,中部競輪,楽天Kドリームス 並び予想
4620240529020010,2024-05-30,富山競輪,F1,10,Ｓ級準決勝,15:27,15:22,7,https://keirin.kdreams.jp/toyama/racedetail/4620240529020010/?pageType=result,2026-08-31T03:48:41.622766+00:00,3-5-1/2-4-7/6,published,中部競輪,楽天Kドリームス 並び予想
4620240529020011,2024-05-30,富山競輪,F1,11,Ｓ級準決勝,16:00,15:55,7,https://keirin.kdreams.jp/toyama/racedetail/4620240529020011/?pageType=result,2026-08-31T03:48:43.173847+00:00,5-2/1-6/3-7/4,published,中部競輪,楽天Kドリームス 並び予想
4620240529020012,2024-05-30,富山競輪,F1,12,Ｓ級準決勝,16:35,16:30,7,https://keirin.kdreams.jp/toyama/racedetail/4620240529020012/?pageType=result,2026-08-31T03:48:44.777351+00:00,2-4/7-1/3-5-6,published,中部競輪,楽天Kドリームス 並び予想
6120240528030006,2024-05-30,玉野競輪,F1,6,Ｓ級一般,13:07,13:02,7,https://keirin.kdreams.jp/tamano/racedetail/6120240528030006/?pageType=result,2026-08-31T03:47:39.076540+00:00,5-1-3/2-7/4/6,published,競輪毎日,楽天Kドリームス 並び予想
6120240528030007,2024-05-30,玉野競輪,F1,7,Ｓ級一般,13:38,13:33,7,https://keirin.kdreams.jp/tamano/racedetail/6120240528030007/?pageType=result,2026-08-31T03:47:40.807655+00:00,5-6-2/1/4/3-7,published,競輪毎日,楽天Kドリームス 並び予想
6120240528030008,2024-05-30,玉野競輪,F1,8,Ｓ級特選,14:10,14:05,7,https://keirin.kdreams.jp/tamano/racedetail/6120240528030008/?pageType=result,2026-08-31T03:47:42.383250+00:00,1-3-4/6/5-2-7,published,競輪毎日,楽天Kドリームス 並び予想
6120240528030009,2024-05-30,玉野競輪,F1,9,Ｓ級特選,14:42,14:37,7,https://keirin.kdreams.jp/tamano/racedetail/6120240528030009/?pageType=result,2026-08-31T03:47:44.898348+00:00,5-1/2-4-7/3-6,published,競輪毎日,楽天Kドリームス 並び予想
6120240528030012,2024-05-30,玉野競輪,F1,12,Ｓ級決勝,16:30,16:25,7,https://keirin.kdreams.jp/tamano/racedetail/6120240528030012/?pageType=result,2026-08-31T03:47:46.707599+00:00,1-4/2-6/3/5-7,published,競輪毎日,楽天Kドリームス 並び予想
3720240530020006,2024-05-31,伊東競輪,F1,6,Ｓ級一般,17:42,17:37,7,https://keirin.kdreams.jp/ito/racedetail/3720240530020006/?pageType=result,2026-08-31T03:49:10.823920+00:00,1-4-7/6-2/3-5,published,ひかり・小田競,楽天Kドリームス 並び予想
3720240530020007,2024-05-31,伊東競輪,F1,7,Ｓ級一般,18:08,18:03,7,https://keirin.kdreams.jp/ito/racedetail/3720240530020007/?pageType=result,2026-08-31T03:49:12.399451+00:00,1-6/2-4/7-5-3,published,ひかり・小田競,楽天Kドリームス 並び予想
3720240530020008,2024-05-31,伊東競輪,F1,8,Ｓ級選抜,18:34,18:29,7,https://keirin.kdreams.jp/ito/racedetail/3720240530020008/?pageType=result,2026-08-31T03:49:13.983680+00:00,1-6/4-2/5-7-3,published,ひかり・小田競,楽天Kドリームス 並び予想
3720240530020009,2024-05-31,伊東競輪,F1,9,Ｓ級選抜,19:01,18:56,7,https://keirin.kdreams.jp/ito/racedetail/3720240530020009/?pageType=result,2026-08-31T03:49:15.525334+00:00,5-2/7-1-4/6-3,published,ひかり・小田競,楽天Kドリームス 並び予想
3720240530020010,2024-05-31,伊東競輪,F1,10,Ｓ級準決勝,19:28,19:23,7,https://keirin.kdreams.jp/ito/racedetail/3720240530020010/?pageType=result,2026-08-31T03:49:17.094863+00:00,3-5-7/1-4/6-2,published,ひかり・小田競,楽天Kドリームス 並び予想
3720240530020011,2024-05-31,伊東競輪,F1,11,Ｓ級準決勝,19:57,19:52,7,https://keirin.kdreams.jp/ito/racedetail/3720240530020011/?pageType=result,2026-08-31T03:49:18.708972+00:00,5-1-4/6/2-7-3,published,ひかり・小田競,楽天Kドリームス 並び予想
3720240530020012,2024-05-31,伊東競輪,F1,12,Ｓ級準決勝,20:28,20:23,7,https://keirin.kdreams.jp/ito/racedetail/3720240530020012/?pageType=result,2026-08-31T03:49:20.285522+00:00,5-2/1-7-6/3-4,published,ひかり・小田競,楽天Kドリームス 並び予想
1120240529030005,2024-05-31,函館競輪,F1,5,Ｓ級一般,17:20,17:15,7,https://keirin.kdreams.jp/hakodate/racedetail/1120240529030005/?pageType=result,2026-08-31T03:48:11.847664+00:00,1-5/2/6/3-4-7,published,北競,楽天Kドリームス 並び予想
1120240529030006,2024-05-31,函館競輪,F1,6,Ｓ級一般,17:46,17:41,7,https://keirin.kdreams.jp/hakodate/racedetail/1120240529030006/?pageType=result,2026-08-31T03:48:13.435718+00:00,3-5-7-1-6/4-2,published,北競,楽天Kドリームス 並び予想
1120240529030007,2024-05-31,函館競輪,F1,7,Ｓ級一般,18:12,18:07,7,https://keirin.kdreams.jp/hakodate/racedetail/1120240529030007/?pageType=result,2026-08-31T03:48:14.978754+00:00,3-1-5-6/2-7-4,published,北競,楽天Kドリームス 並び予想
1120240529030008,2024-05-31,函館競輪,F1,8,Ｓ級特選,18:38,18:33,7,https://keirin.kdreams.jp/hakodate/racedetail/1120240529030008/?pageType=result,2026-08-31T03:48:16.559955+00:00,2-7/4-3/5/6-1,published,北競,楽天Kドリームス 並び予想
1120240529030009,2024-05-31,函館競輪,F1,9,Ｓ級特選,19:05,19:00,7,https://keirin.kdreams.jp/hakodate/racedetail/1120240529030009/?pageType=result,2026-08-31T03:48:18.098935+00:00,7-3/1-4/2-5-6,published,北競,楽天Kドリームス 並び予想
1120240529030010,2024-05-31,函館競輪,F1,10,Ｓ級特選,19:32,19:27,7,https://keirin.kdreams.jp/hakodate/racedetail/1120240529030010/?pageType=result,2026-08-31T03:48:19.705309+00:00,4-7-1/5-2/6-3,published,北競,楽天Kドリームス 並び予想
1120240529030012,2024-05-31,函館競輪,F1,12,Ｓ級決勝,20:35,20:30,7,https://keirin.kdreams.jp/hakodate/racedetail/1120240529030012/?pageType=result,2026-08-31T03:48:21.276839+00:00,1-7-4/2/5-3/6,published,北競,楽天Kドリームス 並び予想
4620240529030005,2024-05-31,富山競輪,F1,5,Ｓ級一般,12:49,12:44,6,https://keirin.kdreams.jp/toyama/racedetail/4620240529030005/?pageType=result,2026-08-31T03:48:47.238264+00:00,6-4-1/5-2-3,published,中部競輪,楽天Kドリームス 並び予想
4620240529030006,2024-05-31,富山競輪,F1,6,Ｓ級一般,13:19,13:14,7,https://keirin.kdreams.jp/toyama/racedetail/4620240529030006/?pageType=result,2026-08-31T03:48:49.050541+00:00,1-5/6-2/3/4/7,published,中部競輪,楽天Kドリームス 並び予想
4620240529030007,2024-05-31,富山競輪,F1,7,Ｓ級一般,13:51,13:46,7,https://keirin.kdreams.jp/toyama/racedetail/4620240529030007/?pageType=result,2026-08-31T03:48:50.805936+00:00,4-3/6-5-1/2-7,published,中部競輪,楽天Kドリームス 並び予想
4620240529030008,2024-05-31,富山競輪,F1,8,Ｓ級特選,14:23,14:18,7,https://keirin.kdreams.jp/toyama/racedetail/4620240529030008/?pageType=result,2026-08-31T03:48:52.410807+00:00,1-7/3/5/4-2-6,published,中部競輪,楽天Kドリームス 並び予想
4620240529030009,2024-05-31,富山競輪,F1,9,Ｓ級特選,14:55,14:50,7,https://keirin.kdreams.jp/toyama/racedetail/4620240529030009/?pageType=result,2026-08-31T03:48:54.018188+00:00,1-7-5/4-3/2-6,published,中部競輪,楽天Kドリームス 並び予想
4620240529030010,2024-05-31,富山競輪,F1,10,Ｓ級特選,15:27,15:22,7,https://keirin.kdreams.jp/toyama/racedetail/4620240529030010/?pageType=result,2026-08-31T03:48:55.581269+00:00,1-4-6/3-7-5-2,published,中部競輪,楽天Kドリームス 並び予想
4620240529030012,2024-05-31,富山競輪,F1,12,Ｓ級決勝,16:35,16:30,7,https://keirin.kdreams.jp/toyama/racedetail/4620240529030012/?pageType=result,2026-08-31T03:48:57.193245+00:00,1-7-4/2/3-5/6,published,中部競輪,楽天Kドリームス 並び予想
3720240530030005,2024-06-01,伊東競輪,F1,5,Ｓ級一般,17:17,17:12,6,https://keirin.kdreams.jp/ito/racedetail/3720240530030005/?pageType=result,2026-08-31T03:49:21.740869+00:00,6-1/2/3-4/5,published,ひかり・小田競,楽天Kドリームス 並び予想
3720240530030006,2024-06-01,伊東競輪,F1,6,Ｓ級一般,17:44,17:39,6,https://keirin.kdreams.jp/ito/racedetail/3720240530030006/?pageType=result,2026-08-31T03:49:23.144063+00:00,5-1/2-6/4-3,published,ひかり・小田競,楽天Kドリームス 並び予想
3720240530030007,2024-06-01,伊東競輪,F1,7,Ｓ級一般,18:11,18:06,7,https://keirin.kdreams.jp/ito/racedetail/3720240530030007/?pageType=result,2026-08-31T03:49:24.757075+00:00,7-1/2-4/5-3-6,published,ひかり・小田競,楽天Kドリームス 並び予想
3720240530030008,2024-06-01,伊東競輪,F1,8,Ｓ級特選,18:38,18:33,7,https://keirin.kdreams.jp/ito/racedetail/3720240530030008/?pageType=result,2026-08-31T03:49:26.344893+00:00,7-5-1/4-2/6-3,published,ひかり・小田競,楽天Kドリームス 並び予想
3720240530030009,2024-06-01,伊東競輪,F1,9,Ｓ級特選,19:06,19:01,7,https://keirin.kdreams.jp/ito/racedetail/3720240530030009/?pageType=result,2026-08-31T03:49:28.004866+00:00,4-1/2-5/3-7-6,published,ひかり・小田競,楽天Kドリームス 並び予想
3720240530030010,2024-06-01,伊東競輪,F1,10,Ｓ級特選,19:34,19:29,7,https://keirin.kdreams.jp/ito/racedetail/3720240530030010/?pageType=result,2026-08-31T03:49:29.557224+00:00,4-1/7-2/3-5-6,published,ひかり・小田競,楽天Kドリームス 並び予想
3720240530030012,2024-06-01,伊東競輪,F1,12,Ｓ級決勝,20:35,20:30,7,https://keirin.kdreams.jp/ito/racedetail/3720240530030012/?pageType=result,2026-08-31T03:49:31.421458+00:00,5-2-3-7/1/4-6,published,ひかり・小田競,楽天Kドリームス 並び予想
5420240601010008,2024-06-01,向日町競輪,F1,8,Ｓ級予選,14:00,13:55,7,https://keirin.kdreams.jp/mukomachi/racedetail/5420240601010008/?pageType=result,2026-08-31T03:50:59.900642+00:00,6-1-5/2-4/3-7,published,競輪研究,楽天Kドリームス 並び予想
5420240601010009,2024-06-01,向日町競輪,F1,9,Ｓ級予選,14:35,14:30,7,https://keirin.kdreams.jp/mukomachi/racedetail/5420240601010009/?pageType=result,2026-08-31T03:51:02.572203+00:00,1-5/7-2-6/4-3,published,競輪研究,楽天Kドリームス 並び予想
5420240601010010,2024-06-01,向日町競輪,F1,10,Ｓ級予選,15:10,15:05,7,https://keirin.kdreams.jp/mukomachi/racedetail/5420240601010010/?pageType=result,2026-08-31T03:51:04.520338+00:00,1-4-7/6-2/3-5,published,競輪研究,楽天Kドリームス 並び予想
5420240601010011,2024-06-01,向日町競輪,F1,11,Ｓ級予選,15:45,15:40,7,https://keirin.kdreams.jp/mukomachi/racedetail/5420240601010011/?pageType=result,2026-08-31T03:51:06.235350+00:00,4-7-1/2-3/5-6,published,競輪研究,楽天Kドリームス 並び予想
5420240601010012,2024-06-01,向日町競輪,F1,12,Ｓ級初日特選,16:25,16:20,7,https://keirin.kdreams.jp/mukomachi/racedetail/5420240601010012/?pageType=result,2026-08-31T03:51:07.822130+00:00,6-4-2/1/3-5-7,published,競輪研究,楽天Kドリームス 並び予想
5420240601020008,2024-06-02,向日町競輪,F1,8,Ｓ級一般,14:00,13:55,7,https://keirin.kdreams.jp/mukomachi/racedetail/5420240601020008/?pageType=result,2026-08-31T03:51:09.443070+00:00,7-1-6/2/4/5-3,published,競輪研究,楽天Kドリームス 並び予想
5420240601020009,2024-06-02,向日町競輪,F1,9,Ｓ級一般,14:35,14:30,7,https://keirin.kdreams.jp/mukomachi/racedetail/5420240601020009/?pageType=result,2026-08-31T03:51:11.016952+00:00,4-1-6/2-5/3-7,published,競輪研究,楽天Kドリームス 並び予想
5420240601020010,2024-06-02,向日町競輪,F1,10,Ｓ級準決勝,15:10,15:05,7,https://keirin.kdreams.jp/mukomachi/racedetail/5420240601020010/?pageType=result,2026-08-31T03:51:13.697401+00:00,1-4-5/2-6/3-7,published,競輪研究,楽天Kドリームス 並び予想
5420240601020011,2024-06-02,向日町競輪,F1,11,Ｓ級準決勝,15:45,15:40,7,https://keirin.kdreams.jp/mukomachi/racedetail/5420240601020011/?pageType=result,2026-08-31T03:51:15.555577+00:00,1-7/6-2/5-4-3,published,競輪研究,楽天Kドリームス 並び予想
5420240601020012,2024-06-02,向日町競輪,F1,12,Ｓ級準決勝,16:25,16:20,7,https://keirin.kdreams.jp/mukomachi/racedetail/5420240601020012/?pageType=result,2026-08-31T03:51:17.285850+00:00,5-1-6/2-7/4-3,published,競輪研究,楽天Kドリームス 並び予想
5420240601030006,2024-06-03,向日町競輪,F1,6,Ｓ級一般,12:59,12:54,7,https://keirin.kdreams.jp/mukomachi/racedetail/5420240601030006/?pageType=result,2026-08-31T03:51:18.880215+00:00,5-1-3-6/2-4-7,published,競輪研究,楽天Kドリームス 並び予想
5420240601030007,2024-06-03,向日町競輪,F1,7,Ｓ級一般,13:29,13:24,7,https://keirin.kdreams.jp/mukomachi/racedetail/5420240601030007/?pageType=result,2026-08-31T03:51:20.502328+00:00,4-7-1/6-2/5-3,published,競輪研究,楽天Kドリームス 並び予想
5420240601030008,2024-06-03,向日町競輪,F1,8,Ｓ級特選,14:00,13:55,7,https://keirin.kdreams.jp/mukomachi/racedetail/5420240601030008/?pageType=result,2026-08-31T03:51:22.073496+00:00,1-6/2/5/7-3-4,published,競輪研究,楽天Kドリームス 並び予想
5420240601030009,2024-06-03,向日町競輪,F1,9,Ｓ級特選,14:35,14:30,7,https://keirin.kdreams.jp/mukomachi/racedetail/5420240601030009/?pageType=result,2026-08-31T03:51:23.666336+00:00,1-7-5/2-6/4-3,published,競輪研究,楽天Kドリームス 並び予想
5420240601030012,2024-06-03,向日町競輪,F1,12,Ｓ級決勝,16:25,16:20,7,https://keirin.kdreams.jp/mukomachi/racedetail/5420240601030012/?pageType=result,2026-08-31T03:51:25.170078+00:00,6-1-4/2/5-7-3,published,競輪研究,楽天Kドリームス 並び予想
6120240603010008,2024-06-03,玉野競輪,F1,8,Ｓ級予選,18:48,18:43,7,https://keirin.kdreams.jp/tamano/racedetail/6120240603010008/?pageType=result,2026-08-31T03:51:26.770919+00:00,5-1/7-2/6-3/4,published,競輪毎日,楽天Kドリームス 並び予想
6120240603010009,2024-06-03,玉野競輪,F1,9,Ｓ級予選,19:12,19:07,7,https://keirin.kdreams.jp/tamano/racedetail/6120240603010009/?pageType=result,2026-08-31T03:51:28.317203+00:00,7-1-4/2-6/3-5,published,競輪毎日,楽天Kドリームス 並び予想
6120240603010010,2024-06-03,玉野競輪,F1,10,Ｓ級予選,19:38,19:33,7,https://keirin.kdreams.jp/tamano/racedetail/6120240603010010/?pageType=result,2026-08-31T03:51:29.914827+00:00,1-6/4-2-5/7-3,published,競輪毎日,楽天Kドリームス 並び予想
6120240603010011,2024-06-03,玉野競輪,F1,11,Ｓ級予選,20:04,19:59,7,https://keirin.kdreams.jp/tamano/racedetail/6120240603010011/?pageType=result,2026-08-31T03:51:31.464609+00:00,5-1-7/3-4/6-2,published,競輪毎日,楽天Kドリームス 並び予想
6120240603010012,2024-06-03,玉野競輪,F1,12,Ｓ級初日特選,20:30,20:25,7,https://keirin.kdreams.jp/tamano/racedetail/6120240603010012/?pageType=result,2026-08-31T03:51:34.397836+00:00,1-4-7/2/5-3/6,published,競輪毎日,楽天Kドリームス 並び予想
3420240604010005,2024-06-04,川崎競輪,F1,5,Ｓ級予選,22:10,22:05,7,https://keirin.kdreams.jp/kawasaki/racedetail/3420240604010005/?pageType=result,2026-08-31T03:51:53.731507+00:00,3-2/1-4/5-6/7,published,小田競・サイクル,楽天Kドリームス 並び予想
3420240604010006,2024-06-04,川崎競輪,F1,6,Ｓ級予選,22:30,22:25,7,https://keirin.kdreams.jp/kawasaki/racedetail/3420240604010006/?pageType=result,2026-08-31T03:51:55.292887+00:00,3-2/1-5/6-4-7,published,小田競・サイクル,楽天Kドリームス 並び予想
3420240604010007,2024-06-04,川崎競輪,F1,7,Ｓ級予選,22:50,22:45,7,https://keirin.kdreams.jp/kawasaki/racedetail/3420240604010007/?pageType=result,2026-08-31T03:51:56.906387+00:00,1-5/2-3/6-4/7,published,小田競・サイクル,楽天Kドリームス 並び予想
3420240604010008,2024-06-04,川崎競輪,F1,8,Ｓ級予選,23:10,23:05,7,https://keirin.kdreams.jp/kawasaki/racedetail/3420240604010008/?pageType=result,2026-08-31T03:51:59.422015+00:00,1-2/3-6/5-4/7,published,小田競・サイクル,楽天Kドリームス 並び予想
3420240604010009,2024-06-04,川崎競輪,F1,9,Ｓ級初日特選,23:30,23:25,7,https://keirin.kdreams.jp/kawasaki/racedetail/3420240604010009/?pageType=result,2026-08-31T03:52:01.256178+00:00,6-1/2/3/5/7-4,published,小田競・サイクル,楽天Kドリームス 並び予想
6120240603020008,2024-06-04,玉野競輪,F1,8,Ｓ級一般,18:40,18:35,7,https://keirin.kdreams.jp/tamano/racedetail/6120240603020008/?pageType=result,2026-08-31T03:51:36.317490+00:00,6-1/7-2/3-5-4,published,競輪毎日,楽天Kドリームス 並び予想
6120240603020009,2024-06-04,玉野競輪,F1,9,Ｓ級一般,19:06,19:01,7,https://keirin.kdreams.jp/tamano/racedetail/6120240603020009/?pageType=result,2026-08-31T03:51:38.034192+00:00,5-1/6-2/7-4/3,published,競輪毎日,楽天Kドリームス 並び予想
6120240603020010,2024-06-04,玉野競輪,F1,10,Ｓ級準決勝,19:34,19:29,7,https://keirin.kdreams.jp/tamano/racedetail/6120240603020010/?pageType=result,2026-08-31T03:51:40.702078+00:00,1-5/6-4-2/3-7,published,競輪毎日,楽天Kドリームス 並び予想
6120240603020011,2024-06-04,玉野競輪,F1,11,Ｓ級準決勝,20:02,19:57,7,https://keirin.kdreams.jp/tamano/racedetail/6120240603020011/?pageType=result,2026-08-31T03:51:42.529735+00:00,1-4-6/7-2/5-3,published,競輪毎日,楽天Kドリームス 並び予想
6120240603020012,2024-06-04,玉野競輪,F1,12,Ｓ級準決勝,20:30,20:25,7,https://keirin.kdreams.jp/tamano/racedetail/6120240603020012/?pageType=result,2026-08-31T03:51:44.247406+00:00,1-5-6/7-2/4-3,published,競輪毎日,楽天Kドリームス 並び予想
4420240605010006,2024-06-05,大垣競輪,F1,6,Ｓ級予選,13:10,13:05,7,https://keirin.kdreams.jp/ogaki/racedetail/4420240605010006/?pageType=result,2026-08-31T03:52:22.706292+00:00,1-5-6/7-2/4-3,published,ひかり,楽天Kドリームス 並び予想
4420240605010007,2024-06-05,大垣競輪,F1,7,Ｓ級予選,13:40,13:35,7,https://keirin.kdreams.jp/ogaki/racedetail/4420240605010007/?pageType=result,2026-08-31T03:52:24.765892+00:00,5-1-7/6/4-2-3,published,ひかり,楽天Kドリームス 並び予想
4420240605010008,2024-06-05,大垣競輪,F1,8,Ｓ級予選,14:10,14:05,7,https://keirin.kdreams.jp/ogaki/racedetail/4420240605010008/?pageType=result,2026-08-31T03:52:26.412728+00:00,4-1-6/5-2/7-3,published,ひかり,楽天Kドリームス 並び予想
4420240605010009,2024-06-05,大垣競輪,F1,9,Ｓ級予選,14:40,14:35,7,https://keirin.kdreams.jp/ogaki/racedetail/4420240605010009/?pageType=result,2026-08-31T03:52:27.947117+00:00,3-5/6-1/4/2-7,published,ひかり,楽天Kドリームス 並び予想
4420240605010010,2024-06-05,大垣競輪,F1,10,Ｓ級予選,15:16,15:11,7,https://keirin.kdreams.jp/ogaki/racedetail/4420240605010010/?pageType=result,2026-08-31T03:52:29.529397+00:00,6-1/5-4/7-3-2,published,ひかり,楽天Kドリームス 並び予想
4420240605010011,2024-06-05,大垣競輪,F1,11,Ｓ級予選,15:52,15:47,7,https://keirin.kdreams.jp/ogaki/racedetail/4420240605010011/?pageType=result,2026-08-31T03:52:31.060403+00:00,5-1-6/7-2/4-3,published,ひかり,楽天Kドリームス 並び予想
4420240605010012,2024-06-05,大垣競輪,F1,12,Ｓ級初特選,16:30,16:25,7,https://keirin.kdreams.jp/ogaki/racedetail/4420240605010012/?pageType=result,2026-08-31T03:52:32.661833+00:00,1-6/2-7-4/3-5,published,ひかり,楽天Kドリームス 並び予想
3420240604020005,2024-06-05,川崎競輪,F1,5,Ｓ級一般,22:10,22:05,7,https://keirin.kdreams.jp/kawasaki/racedetail/3420240604020005/?pageType=result,2026-08-31T03:52:03.020105+00:00,5-1/2-4-3/6-7,published,小田競・サイクル,楽天Kドリームス 並び予想
3420240604020006,2024-06-05,川崎競輪,F1,6,Ｓ級一般,22:30,22:25,7,https://keirin.kdreams.jp/kawasaki/racedetail/3420240604020006/?pageType=result,2026-08-31T03:52:04.631676+00:00,1-5/2-6/7/3-4,published,小田競・サイクル,楽天Kドリームス 並び予想
3420240604020007,2024-06-05,川崎競輪,F1,7,Ｓ級準決勝,22:50,22:45,7,https://keirin.kdreams.jp/kawasaki/racedetail/3420240604020007/?pageType=result,2026-08-31T03:52:06.191600+00:00,1-5/7-2/3-4-6,published,小田競・サイクル,楽天Kドリームス 並び予想
3420240604020008,2024-06-05,川崎競輪,F1,8,Ｓ級準決勝,23:10,23:05,7,https://keirin.kdreams.jp/kawasaki/racedetail/3420240604020008/?pageType=result,2026-08-31T03:52:10.066031+00:00,6-1/4-2/3-5/7,published,小田競・サイクル,楽天Kドリームス 並び予想
3420240604020009,2024-06-05,川崎競輪,F1,9,Ｓ級準決勝,23:30,23:25,7,https://keirin.kdreams.jp/kawasaki/racedetail/3420240604020009/?pageType=result,2026-08-31T03:52:12.182722+00:00,1-3-7/6-2/5-4,published,小田競・サイクル,楽天Kドリームス 並び予想
6120240603030006,2024-06-05,玉野競輪,F1,6,Ｓ級一般,17:54,17:49,7,https://keirin.kdreams.jp/tamano/racedetail/6120240603030006/?pageType=result,2026-08-31T03:51:45.800863+00:00,4-1/7-2/5/6-3,published,競輪毎日,楽天Kドリームス 並び予想
6120240603030007,2024-06-05,玉野競輪,F1,7,Ｓ級一般,18:20,18:15,7,https://keirin.kdreams.jp/tamano/racedetail/6120240603030007/?pageType=result,2026-08-31T03:51:47.411012+00:00,1-6/2/5/3-4-7,published,競輪毎日,楽天Kドリームス 並び予想
6120240603030008,2024-06-05,玉野競輪,F1,8,Ｓ級特選,18:46,18:41,7,https://keirin.kdreams.jp/tamano/racedetail/6120240603030008/?pageType=result,2026-08-31T03:51:48.969321+00:00,5-1-3-7/4-2-6,published,競輪毎日,楽天Kドリームス 並び予想
6120240603030009,2024-06-05,玉野競輪,F1,9,Ｓ級特選,19:12,19:07,7,https://keirin.kdreams.jp/tamano/racedetail/6120240603030009/?pageType=result,2026-08-31T03:51:50.575072+00:00,7-1-5/2/3-4-6,published,競輪毎日,楽天Kドリームス 並び予想
6120240603030012,2024-06-05,玉野競輪,F1,12,Ｓ級決勝,20:30,20:25,7,https://keirin.kdreams.jp/tamano/racedetail/6120240603030012/?pageType=result,2026-08-31T03:51:52.112517+00:00,7-3-1/2/6/5-4,published,競輪毎日,楽天Kドリームス 並び予想
4420240605020006,2024-06-06,大垣競輪,F1,6,Ｓ級一般,13:04,12:59,6,https://keirin.kdreams.jp/ogaki/racedetail/4420240605020006/?pageType=result,2026-08-31T03:52:34.045013+00:00,1-5/4-2/3-6,published,ひかり,楽天Kドリームス 並び予想
4420240605020007,2024-06-06,大垣競輪,F1,7,Ｓ級一般,13:33,13:28,7,https://keirin.kdreams.jp/ogaki/racedetail/4420240605020007/?pageType=result,2026-08-31T03:52:36.441317+00:00,4-1-5/2-7/3-6,published,ひかり,楽天Kドリームス 並び予想
4420240605020008,2024-06-06,大垣競輪,F1,8,Ｓ級選抜,14:02,13:57,7,https://keirin.kdreams.jp/ogaki/racedetail/4420240605020008/?pageType=result,2026-08-31T03:52:38.415136+00:00,2-7-1-5/3/4/6,published,ひかり,楽天Kドリームス 並び予想
4420240605020009,2024-06-06,大垣競輪,F1,9,Ｓ級選抜,14:33,14:28,7,https://keirin.kdreams.jp/ogaki/racedetail/4420240605020009/?pageType=result,2026-08-31T03:52:40.160510+00:00,1-5-7/3/4-2-6,published,ひかり,楽天Kドリームス 並び予想
4420240605020010,2024-06-06,大垣競輪,F1,10,Ｓ級準決勝,15:04,14:59,7,https://keirin.kdreams.jp/ogaki/racedetail/4420240605020010/?pageType=result,2026-08-31T03:52:41.716619+00:00,1-4/7-2/3-5-6,published,ひかり,楽天Kドリームス 並び予想
4420240605020011,2024-06-06,大垣競輪,F1,11,Ｓ級準決勝,15:35,15:30,7,https://keirin.kdreams.jp/ogaki/racedetail/4420240605020011/?pageType=result,2026-08-31T03:52:43.307184+00:00,7-1-3/5-2/6-4,published,ひかり,楽天Kドリームス 並び予想
4420240605020012,2024-06-06,大垣競輪,F1,12,Ｓ級準決勝,16:15,16:10,7,https://keirin.kdreams.jp/ogaki/racedetail/4420240605020012/?pageType=result,2026-08-31T03:52:44.868732+00:00,4-1-6/7-2/5-3,published,ひかり,楽天Kドリームス 並び予想
3420240604030004,2024-06-06,川崎競輪,F1,4,Ｓ級一般,21:50,21:45,7,https://keirin.kdreams.jp/kawasaki/racedetail/3420240604030004/?pageType=result,2026-08-31T03:52:14.062269+00:00,1-7/2-4-3/5/6,published,小田競・サイクル,楽天Kドリームス 並び予想
3420240604030005,2024-06-06,川崎競輪,F1,5,Ｓ級一般,22:10,22:05,7,https://keirin.kdreams.jp/kawasaki/racedetail/3420240604030005/?pageType=result,2026-08-31T03:52:15.768046+00:00,5-2-1-6/4-3-7,published,小田競・サイクル,楽天Kドリームス 並び予想
3420240604030006,2024-06-06,川崎競輪,F1,6,Ｓ級特選,22:30,22:25,7,https://keirin.kdreams.jp/kawasaki/racedetail/3420240604030006/?pageType=result,2026-08-31T03:52:17.334993+00:00,6-1/2-5/3-4/7,published,小田競・サイクル,楽天Kドリームス 並び予想
3420240604030007,2024-06-06,川崎競輪,F1,7,Ｓ級特選,22:50,22:45,7,https://keirin.kdreams.jp/kawasaki/racedetail/3420240604030007/?pageType=result,2026-08-31T03:52:18.946856+00:00,1-7/2/3-5-6/4,published,小田競・サイクル,楽天Kドリームス 並び予想
3420240604030009,2024-06-06,川崎競輪,F1,9,Ｓ級決勝,23:30,23:25,7,https://keirin.kdreams.jp/kawasaki/racedetail/3420240604030009/?pageType=result,2026-08-31T03:52:20.507331+00:00,5-1/3/4/2-6/7,published,小田競・サイクル,楽天Kドリームス 並び予想
4420240605030005,2024-06-07,大垣競輪,F1,5,Ｓ級一般,12:35,12:30,7,https://keirin.kdreams.jp/ogaki/racedetail/4420240605030005/?pageType=result,2026-08-31T03:52:47.315658+00:00,1-5/4-2/3-7/6,published,ひかり,楽天Kドリームス 並び予想
4420240605030006,2024-06-07,大垣競輪,F1,6,Ｓ級一般,13:04,12:59,7,https://keirin.kdreams.jp/ogaki/racedetail/4420240605030006/?pageType=result,2026-08-31T03:52:49.282858+00:00,7-1-5/4-2/6-3,published,ひかり,楽天Kドリームス 並び予想
4420240605030007,2024-06-07,大垣競輪,F1,7,Ｓ級一般,13:33,13:28,7,https://keirin.kdreams.jp/ogaki/racedetail/4420240605030007/?pageType=result,2026-08-31T03:52:50.973826+00:00,7-4-2/5-3-1-6,published,ひかり,楽天Kドリームス 並び予想
4420240605030008,2024-06-07,大垣競輪,F1,8,Ｓ級特選,14:02,13:57,7,https://keirin.kdreams.jp/ogaki/racedetail/4420240605030008/?pageType=result,2026-08-31T03:52:52.582788+00:00,5-1/4/2/7-3/6,published,ひかり,楽天Kドリームス 並び予想
4420240605030009,2024-06-07,大垣競輪,F1,9,Ｓ級特選,14:33,14:28,7,https://keirin.kdreams.jp/ogaki/racedetail/4420240605030009/?pageType=result,2026-08-31T03:52:54.262009+00:00,2-7/1/3-5/6-4,published,ひかり,楽天Kドリームス 並び予想
4420240605030010,2024-06-07,大垣競輪,F1,10,Ｓ級特選,15:04,14:59,7,https://keirin.kdreams.jp/ogaki/racedetail/4420240605030010/?pageType=result,2026-08-31T03:52:56.807635+00:00,7-1-4/2-5/6-3,published,ひかり,楽天Kドリームス 並び予想
4420240605030012,2024-06-07,大垣競輪,F1,12,Ｓ級決勝,16:15,16:10,7,https://keirin.kdreams.jp/ogaki/racedetail/4420240605030012/?pageType=result,2026-08-31T03:52:58.528400+00:00,5-1/2/3/4-7-6,published,ひかり,楽天Kドリームス 並び予想
2520240608010006,2024-06-08,大宮競輪,F1,6,Ｓ級予選,13:02,12:57,7,https://keirin.kdreams.jp/omiya/racedetail/2520240608010006/?pageType=result,2026-08-31T03:55:40.142943+00:00,1-6/4-7-2/5-3,published,アオケイ,楽天Kドリームス 並び予想
2520240608010007,2024-06-08,大宮競輪,F1,7,Ｓ級予選,13:32,13:27,7,https://keirin.kdreams.jp/omiya/racedetail/2520240608010007/?pageType=result,2026-08-31T03:55:41.676861+00:00,6-1/2-5/7-3/4,published,アオケイ,楽天Kドリームス 並び予想
2520240608010008,2024-06-08,大宮競輪,F1,8,Ｓ級予選,14:03,13:58,7,https://keirin.kdreams.jp/omiya/racedetail/2520240608010008/?pageType=result,2026-08-31T03:55:43.280132+00:00,1-6/2-4/3-7-5,published,アオケイ,楽天Kドリームス 並び予想
2520240608010009,2024-06-08,大宮競輪,F1,9,Ｓ級予選,14:35,14:30,7,https://keirin.kdreams.jp/omiya/racedetail/2520240608010009/?pageType=result,2026-08-31T03:55:44.810585+00:00,5-3-1/6/2-7-4,published,アオケイ,楽天Kドリームス 並び予想
2520240608010010,2024-06-08,大宮競輪,F1,10,Ｓ級予選,15:12,15:07,7,https://keirin.kdreams.jp/omiya/racedetail/2520240608010010/?pageType=result,2026-08-31T03:55:46.383459+00:00,6-1/2-5/4-3-7,published,アオケイ,楽天Kドリームス 並び予想
2520240608010011,2024-06-08,大宮競輪,F1,11,Ｓ級予選,15:50,15:45,7,https://keirin.kdreams.jp/omiya/racedetail/2520240608010011/?pageType=result,2026-08-31T03:55:47.917701+00:00,1-7-3/6/2-4-5,published,アオケイ,楽天Kドリームス 並び予想
2520240608010012,2024-06-08,大宮競輪,F1,12,Ｓ級初特選,16:30,16:25,7,https://keirin.kdreams.jp/omiya/racedetail/2520240608010012/?pageType=result,2026-08-31T03:55:50.562257+00:00,3/1/4-7/5-2-6,published,アオケイ,楽天Kドリームス 並び予想
2520240608020006,2024-06-09,大宮競輪,F1,6,Ｓ級一般,13:02,12:57,6,https://keirin.kdreams.jp/omiya/racedetail/2520240608020006/?pageType=result,2026-08-31T03:55:52.209505+00:00,1-4/6-2/3-5,published,アオケイ,楽天Kドリームス 並び予想
2520240608020007,2024-06-09,大宮競輪,F1,7,Ｓ級一般,13:32,13:27,7,https://keirin.kdreams.jp/omiya/racedetail/2520240608020007/?pageType=result,2026-08-31T03:55:53.940177+00:00,7-5-1/2/4/6-3,published,アオケイ,楽天Kドリームス 並び予想
2520240608020008,2024-06-09,大宮競輪,F1,8,Ｓ級選抜,14:03,13:58,7,https://keirin.kdreams.jp/omiya/racedetail/2520240608020008/?pageType=result,2026-08-31T03:55:55.472302+00:00,2-7-5/1/3-4-6,published,アオケイ,楽天Kドリームス 並び予想
2520240608020009,2024-06-09,大宮競輪,F1,9,Ｓ級選抜,14:35,14:30,7,https://keirin.kdreams.jp/omiya/racedetail/2520240608020009/?pageType=result,2026-08-31T03:55:57.135191+00:00,1-5-6/3/7-2-4,published,アオケイ,楽天Kドリームス 並び予想
2520240608020010,2024-06-09,大宮競輪,F1,10,Ｓ級準決勝,15:12,15:07,7,https://keirin.kdreams.jp/omiya/racedetail/2520240608020010/?pageType=result,2026-08-31T03:55:58.679757+00:00,7-1-6/3/4-2-5,published,アオケイ,楽天Kドリームス 並び予想
2520240608020011,2024-06-09,大宮競輪,F1,11,Ｓ級準決勝,15:50,15:45,7,https://keirin.kdreams.jp/omiya/racedetail/2520240608020011/?pageType=result,2026-08-31T03:56:00.537395+00:00,1-6/2-7-4/5-3,published,アオケイ,楽天Kドリームス 並び予想
2520240608020012,2024-06-09,大宮競輪,F1,12,Ｓ級準決勝,16:30,16:25,7,https://keirin.kdreams.jp/omiya/racedetail/2520240608020012/?pageType=result,2026-08-31T03:56:02.109983+00:00,1-5-4/6-2/7-3,published,アオケイ,楽天Kドリームス 並び予想
2520240608030005,2024-06-10,大宮競輪,F1,5,Ｓ級一般,12:32,12:27,7,https://keirin.kdreams.jp/omiya/racedetail/2520240608030005/?pageType=result,2026-08-31T03:56:03.725374+00:00,1-5/7-2/4/3-6,published,アオケイ,楽天Kドリームス 並び予想
2520240608030006,2024-06-10,大宮競輪,F1,6,Ｓ級一般,13:02,12:57,7,https://keirin.kdreams.jp/omiya/racedetail/2520240608030006/?pageType=result,2026-08-31T03:56:05.270117+00:00,2-4-5/1/6/3-7,published,アオケイ,楽天Kドリームス 並び予想
2520240608030007,2024-06-10,大宮競輪,F1,7,Ｓ級一般,13:32,13:27,7,https://keirin.kdreams.jp/omiya/racedetail/2520240608030007/?pageType=result,2026-08-31T03:56:08.145918+00:00,2-7/1/4/5/6-3,published,アオケイ,楽天Kドリームス 並び予想
2520240608030008,2024-06-10,大宮競輪,F1,8,Ｓ級特選,14:03,13:58,7,https://keirin.kdreams.jp/omiya/racedetail/2520240608030008/?pageType=result,2026-08-31T03:56:10.017093+00:00,7-1/6-2/4/3-5,published,アオケイ,楽天Kドリームス 並び予想
2520240608030009,2024-06-10,大宮競輪,F1,9,Ｓ級特選,14:35,14:30,7,https://keirin.kdreams.jp/omiya/racedetail/2520240608030009/?pageType=result,2026-08-31T03:56:12.977374+00:00,1-4/6-2/5-7-3,published,アオケイ,楽天Kドリームス 並び予想
2520240608030010,2024-06-10,大宮競輪,F1,10,Ｓ級特選,15:12,15:07,7,https://keirin.kdreams.jp/omiya/racedetail/2520240608030010/?pageType=result,2026-08-31T03:56:14.961364+00:00,1-6/2-4-7/5-3,published,アオケイ,楽天Kドリームス 並び予想
2520240608030012,2024-06-10,大宮競輪,F1,12,Ｓ級決勝,16:30,16:25,7,https://keirin.kdreams.jp/omiya/racedetail/2520240608030012/?pageType=result,2026-08-31T03:56:16.826461+00:00,1-6/4-5-7-2/3,published,アオケイ,楽天Kドリームス 並び予想
3120240610010006,2024-06-10,松戸競輪,F1,6,Ｓ級予選,17:31,17:26,7,https://keirin.kdreams.jp/matsudo/racedetail/3120240610010006/?pageType=result,2026-08-31T03:56:18.556801+00:00,4-1-3/6/2-7-5,published,アオケイ,楽天Kドリームス 並び予想
3120240610010007,2024-06-10,松戸競輪,F1,7,Ｓ級予選,17:58,17:53,7,https://keirin.kdreams.jp/matsudo/racedetail/3120240610010007/?pageType=result,2026-08-31T03:56:20.225889+00:00,7-2/5-1-4/3-6,published,アオケイ,楽天Kドリームス 並び予想
3120240610010008,2024-06-10,松戸競輪,F1,8,Ｓ級予選,18:25,18:20,7,https://keirin.kdreams.jp/matsudo/racedetail/3120240610010008/?pageType=result,2026-08-31T03:56:22.758121+00:00,1-7-5/2-4/6-3,published,アオケイ,楽天Kドリームス 並び予想
3120240610010009,2024-06-10,松戸競輪,F1,9,Ｓ級予選,18:52,18:47,7,https://keirin.kdreams.jp/matsudo/racedetail/3120240610010009/?pageType=result,2026-08-31T03:56:25.370556+00:00,1-4/6-5-2/3-7,published,アオケイ,楽天Kドリームス 並び予想
3120240610010010,2024-06-10,松戸競輪,F1,10,Ｓ級予選,19:23,19:18,7,https://keirin.kdreams.jp/matsudo/racedetail/3120240610010010/?pageType=result,2026-08-31T03:56:27.504978+00:00,7-1/4-2/5-3-6,published,アオケイ,楽天Kドリームス 並び予想
3120240610010011,2024-06-10,松戸競輪,F1,11,Ｓ級予選,19:54,19:49,7,https://keirin.kdreams.jp/matsudo/racedetail/3120240610010011/?pageType=result,2026-08-31T03:56:29.320506+00:00,5-1-7/2-4/6-3,published,アオケイ,楽天Kドリームス 並び予想
3120240610010012,2024-06-10,松戸競輪,F1,12,Ｓ級初特選,20:25,20:20,7,https://keirin.kdreams.jp/matsudo/racedetail/3120240610010012/?pageType=result,2026-08-31T03:56:31.037059+00:00,5-2/1/7-3-4/6,published,アオケイ,楽天Kドリームス 並び予想
4820240611010008,2024-06-11,四日市競輪,F1,8,Ｓ級予選,18:20,18:15,7,https://keirin.kdreams.jp/yokkaichi/racedetail/4820240611010008/?pageType=result,2026-08-31T03:56:56.168285+00:00,6-1/2-4-7/3-5,published,富山中部,楽天Kドリームス 並び予想
4820240611010009,2024-06-11,四日市競輪,F1,9,Ｓ級予選,18:47,18:42,7,https://keirin.kdreams.jp/yokkaichi/racedetail/4820240611010009/?pageType=result,2026-08-31T03:56:57.742145+00:00,7-1-5/3/2-4-6,published,富山中部,楽天Kドリームス 並び予想
4820240611010010,2024-06-11,四日市競輪,F1,10,Ｓ級予選,19:18,19:13,7,https://keirin.kdreams.jp/yokkaichi/racedetail/4820240611010010/?pageType=result,2026-08-31T03:56:59.278796+00:00,1-6/5-2/4-3-7,published,富山中部,楽天Kドリームス 並び予想
4820240611010011,2024-06-11,四日市競輪,F1,11,Ｓ級予選,19:49,19:44,7,https://keirin.kdreams.jp/yokkaichi/racedetail/4820240611010011/?pageType=result,2026-08-31T03:57:03.169310+00:00,1-5-6-7/3/4-2,published,富山中部,楽天Kドリームス 並び予想
4820240611010012,2024-06-11,四日市競輪,F1,12,Ｓ級初日特選,20:20,20:15,7,https://keirin.kdreams.jp/yokkaichi/racedetail/4820240611010012/?pageType=result,2026-08-31T03:57:08.088525+00:00,6-1-2/5/3-7-4,published,富山中部,楽天Kドリームス 並び予想
3120240610020006,2024-06-11,松戸競輪,F1,6,Ｓ級一般,17:31,17:26,7,https://keirin.kdreams.jp/matsudo/racedetail/3120240610020006/?pageType=result,2026-08-31T03:56:32.632705+00:00,7-1/4-2-6/5-3,published,アオケイ,楽天Kドリームス 並び予想
3120240610020007,2024-06-11,松戸競輪,F1,7,Ｓ級一般,17:58,17:53,7,https://keirin.kdreams.jp/matsudo/racedetail/3120240610020007/?pageType=result,2026-08-31T03:56:34.219380+00:00,1-6/7-2/4-3-5,published,アオケイ,楽天Kドリームス 並び予想
3120240610020008,2024-06-11,松戸競輪,F1,8,Ｓ級選抜,18:25,18:20,7,https://keirin.kdreams.jp/matsudo/racedetail/3120240610020008/?pageType=result,2026-08-31T03:56:36.741439+00:00,1-4-6/7-2/3-5,published,アオケイ,楽天Kドリームス 並び予想
3120240610020009,2024-06-11,松戸競輪,F1,9,Ｓ級選抜,18:52,18:47,7,https://keirin.kdreams.jp/matsudo/racedetail/3120240610020009/?pageType=result,2026-08-31T03:56:38.718023+00:00,2-5-4/1/3-6/7,published,アオケイ,楽天Kドリームス 並び予想
3120240610020010,2024-06-11,松戸競輪,F1,10,Ｓ級準決勝,19:23,19:18,7,https://keirin.kdreams.jp/matsudo/racedetail/3120240610020010/?pageType=result,2026-08-31T03:56:40.393762+00:00,3-7-4/1/2-6/5,published,アオケイ,楽天Kドリームス 並び予想
3120240610020011,2024-06-11,松戸競輪,F1,11,Ｓ級準決勝,19:54,19:49,7,https://keirin.kdreams.jp/matsudo/racedetail/3120240610020011/?pageType=result,2026-08-31T03:56:42.000075+00:00,2-5/4/7-1/3-6,published,アオケイ,楽天Kドリームス 並び予想
3120240610020012,2024-06-11,松戸競輪,F1,12,Ｓ級準決勝,20:25,20:20,7,https://keirin.kdreams.jp/matsudo/racedetail/3120240610020012/?pageType=result,2026-08-31T03:56:43.560681+00:00,1-4-5/6-2/3-7,published,アオケイ,楽天Kドリームス 並び予想
4820240611020008,2024-06-12,四日市競輪,F1,8,Ｓ級一般,18:20,18:15,7,https://keirin.kdreams.jp/yokkaichi/racedetail/4820240611020008/?pageType=result,2026-08-31T03:57:10.567947+00:00,1-6-3/4/7/5-2,published,富山中部,楽天Kドリームス 並び予想
4820240611020009,2024-06-12,四日市競輪,F1,9,Ｓ級一般,18:48,18:43,7,https://keirin.kdreams.jp/yokkaichi/racedetail/4820240611020009/?pageType=result,2026-08-31T03:57:12.535749+00:00,1-5-6/2/4/7-3,published,富山中部,楽天Kドリームス 並び予想
4820240611020010,2024-06-12,四日市競輪,F1,10,Ｓ級準決勝,19:19,19:14,7,https://keirin.kdreams.jp/yokkaichi/racedetail/4820240611020010/?pageType=result,2026-08-31T03:57:14.224866+00:00,1-5/2-6-4/3-7,published,富山中部,楽天Kドリームス 並び予想
4820240611020011,2024-06-12,四日市競輪,F1,11,Ｓ級準決勝,19:50,19:45,7,https://keirin.kdreams.jp/yokkaichi/racedetail/4820240611020011/?pageType=result,2026-08-31T03:57:15.819726+00:00,4-1/7-2-5/6-3,published,富山中部,楽天Kドリームス 並び予想
4820240611020012,2024-06-12,四日市競輪,F1,12,Ｓ級準決勝,20:25,20:20,7,https://keirin.kdreams.jp/yokkaichi/racedetail/4820240611020012/?pageType=result,2026-08-31T03:57:17.420823+00:00,4-1-6/5-2/3-7,published,富山中部,楽天Kドリームス 並び予想
3120240610030005,2024-06-12,松戸競輪,F1,5,Ｓ級一般,17:08,17:03,7,https://keirin.kdreams.jp/matsudo/racedetail/3120240610030005/?pageType=result,2026-08-31T03:56:45.162198+00:00,2-6/1/4/5/3-7,published,アオケイ,楽天Kドリームス 並び予想
3120240610030006,2024-06-12,松戸競輪,F1,6,Ｓ級一般,17:35,17:30,7,https://keirin.kdreams.jp/matsudo/racedetail/3120240610030006/?pageType=result,2026-08-31T03:56:46.727986+00:00,7-5-1/4-2/3-6,published,アオケイ,楽天Kドリームス 並び予想
3120240610030007,2024-06-12,松戸競輪,F1,7,Ｓ級一般,18:02,17:57,7,https://keirin.kdreams.jp/matsudo/racedetail/3120240610030007/?pageType=result,2026-08-31T03:56:48.330875+00:00,1-7-3/6/5-2-4,published,アオケイ,楽天Kドリームス 並び予想
3120240610030008,2024-06-12,松戸競輪,F1,8,Ｓ級特選,18:30,18:25,7,https://keirin.kdreams.jp/matsudo/racedetail/3120240610030008/?pageType=result,2026-08-31T03:56:49.874020+00:00,3-6-5/1-4/2-7,published,アオケイ,楽天Kドリームス 並び予想
3120240610030009,2024-06-12,松戸競輪,F1,9,Ｓ級特選,18:58,18:53,7,https://keirin.kdreams.jp/matsudo/racedetail/3120240610030009/?pageType=result,2026-08-31T03:56:51.471958+00:00,1-7/2-5-4/6-3,published,アオケイ,楽天Kドリームス 並び予想
3120240610030010,2024-06-12,松戸競輪,F1,10,Ｓ級特選,19:29,19:24,7,https://keirin.kdreams.jp/matsudo/racedetail/3120240610030010/?pageType=result,2026-08-31T03:56:53.027998+00:00,5-1-3-4/2-7-6,published,アオケイ,楽天Kドリームス 並び予想
3120240610030012,2024-06-12,松戸競輪,F1,12,Ｓ級決勝,20:35,20:30,7,https://keirin.kdreams.jp/matsudo/racedetail/3120240610030012/?pageType=result,2026-08-31T03:56:54.619546+00:00,6-5-2/1/3/4/7,published,アオケイ,楽天Kドリームス 並び予想
4820240611030006,2024-06-13,四日市競輪,F1,6,Ｓ級一般,18:05,18:00,7,https://keirin.kdreams.jp/yokkaichi/racedetail/4820240611030006/?pageType=result,2026-08-31T03:57:19.035698+00:00,3-1-7/6/2-5-4,published,富山中部,楽天Kドリームス 並び予想
4820240611030007,2024-06-13,四日市競輪,F1,7,Ｓ級一般,18:30,18:25,7,https://keirin.kdreams.jp/yokkaichi/racedetail/4820240611030007/?pageType=result,2026-08-31T03:57:20.602176+00:00,4-1/7-2-5/3/6,published,富山中部,楽天Kドリームス 並び予想
4820240611030008,2024-06-13,四日市競輪,F1,8,Ｓ級特選,18:55,18:50,7,https://keirin.kdreams.jp/yokkaichi/racedetail/4820240611030008/?pageType=result,2026-08-31T03:57:22.184073+00:00,1-5/4-7-2/6-3,published,富山中部,楽天Kドリームス 並び予想
4820240611030009,2024-06-13,四日市競輪,F1,9,Ｓ級特選,19:20,19:15,7,https://keirin.kdreams.jp/yokkaichi/racedetail/4820240611030009/?pageType=result,2026-08-31T03:57:23.709181+00:00,5-1/7-3/2-4-6,published,富山中部,楽天Kドリームス 並び予想
4820240611030012,2024-06-13,四日市競輪,F1,12,Ｓ級決勝,20:35,20:30,7,https://keirin.kdreams.jp/yokkaichi/racedetail/4820240611030012/?pageType=result,2026-08-31T03:57:25.294068+00:00,5-1/6-2-7/4-3,published,富山中部,楽天Kドリームス 並び予想
2120240614010006,2024-06-14,弥彦競輪,F1,6,Ｓ級予選,13:00,12:55,7,https://keirin.kdreams.jp/yahiko/racedetail/2120240614010006/?pageType=result,2026-08-31T03:57:28.061122+00:00,5-3/4-7-1/6-2,published,新潟スポーツ,楽天Kドリームス 並び予想
2120240614010007,2024-06-14,弥彦競輪,F1,7,Ｓ級予選,13:30,13:25,7,https://keirin.kdreams.jp/yahiko/racedetail/2120240614010007/?pageType=result,2026-08-31T03:57:29.913044+00:00,1-5/7-2-4/6-3,published,新潟スポーツ,楽天Kドリームス 並び予想
2120240614010008,2024-06-14,弥彦競輪,F1,8,Ｓ級予選,14:00,13:55,7,https://keirin.kdreams.jp/yahiko/racedetail/2120240614010008/?pageType=result,2026-08-31T03:57:31.581334+00:00,1-4-6/5/7-3-2,published,新潟スポーツ,楽天Kドリームス 並び予想
2120240614010009,2024-06-14,弥彦競輪,F1,9,Ｓ級予選,14:30,14:25,7,https://keirin.kdreams.jp/yahiko/racedetail/2120240614010009/?pageType=result,2026-08-31T03:57:33.174273+00:00,5-2-4/6-1/3-7,published,新潟スポーツ,楽天Kドリームス 並び予想
2120240614010010,2024-06-14,弥彦競輪,F1,10,Ｓ級予選,15:00,14:55,7,https://keirin.kdreams.jp/yahiko/racedetail/2120240614010010/?pageType=result,2026-08-31T03:57:34.724152+00:00,3-5-1/7-2/4-6,published,新潟スポーツ,楽天Kドリームス 並び予想
2120240614010011,2024-06-14,弥彦競輪,F1,11,Ｓ級予選,15:37,15:32,7,https://keirin.kdreams.jp/yahiko/racedetail/2120240614010011/?pageType=result,2026-08-31T03:57:36.322029+00:00,2-5-7/4-1/6-3,published,新潟スポーツ,楽天Kドリームス 並び予想
2120240614010012,2024-06-14,弥彦競輪,F1,12,Ｓ級初特選,16:15,16:10,7,https://keirin.kdreams.jp/yahiko/racedetail/2120240614010012/?pageType=result,2026-08-31T03:57:38.024103+00:00,6/1-4-3/2-7/5,published,新潟スポーツ,楽天Kドリームス 並び予想
2120240614020006,2024-06-15,弥彦競輪,F1,6,Ｓ級一般,12:45,12:40,7,https://keirin.kdreams.jp/yahiko/racedetail/2120240614020006/?pageType=result,2026-08-31T03:57:40.554620+00:00,3-5-1/7/2-4-6,published,新潟スポーツ,楽天Kドリームス 並び予想
2120240614020007,2024-06-15,弥彦競輪,F1,7,Ｓ級一般,13:15,13:10,7,https://keirin.kdreams.jp/yahiko/racedetail/2120240614020007/?pageType=result,2026-08-31T03:57:42.240866+00:00,2-4/6-5-1/3-7,published,新潟スポーツ,楽天Kドリームス 並び予想
2120240614020008,2024-06-15,弥彦競輪,F1,8,Ｓ級選抜,13:45,13:40,7,https://keirin.kdreams.jp/yahiko/racedetail/2120240614020008/?pageType=result,2026-08-31T03:57:43.819373+00:00,1-4-7/2-5/3-6,published,新潟スポーツ,楽天Kドリームス 並び予想
2120240614020009,2024-06-15,弥彦競輪,F1,9,Ｓ級選抜,14:20,14:15,7,https://keirin.kdreams.jp/yahiko/racedetail/2120240614020009/?pageType=result,2026-08-31T03:57:45.367176+00:00,5-1-4/2/3-7-6,published,新潟スポーツ,楽天Kドリームス 並び予想
2120240614020010,2024-06-15,弥彦競輪,F1,10,Ｓ級準決勝,14:57,14:52,7,https://keirin.kdreams.jp/yahiko/racedetail/2120240614020010/?pageType=result,2026-08-31T03:57:46.969692+00:00,2-4-6/1-7/3-5,published,新潟スポーツ,楽天Kドリームス 並び予想
2120240614020011,2024-06-15,弥彦競輪,F1,11,Ｓ級準決勝,15:35,15:30,7,https://keirin.kdreams.jp/yahiko/racedetail/2120240614020011/?pageType=result,2026-08-31T03:57:48.541571+00:00,1-4-3/2-7-5/6,published,新潟スポーツ,楽天Kドリームス 並び予想
2120240614020012,2024-06-15,弥彦競輪,F1,12,Ｓ級準決勝,16:15,16:10,7,https://keirin.kdreams.jp/yahiko/racedetail/2120240614020012/?pageType=result,2026-08-31T03:57:50.058259+00:00,4-7-1/2-6/5-3,published,新潟スポーツ,楽天Kドリームス 並び予想
2120240614030005,2024-06-16,弥彦競輪,F1,5,Ｓ級一般,12:15,12:10,6,https://keirin.kdreams.jp/yahiko/racedetail/2120240614030005/?pageType=result,2026-08-31T03:57:51.426715+00:00,1-4-6/2-5-3,published,新潟スポーツ,楽天Kドリームス 並び予想
2120240614030006,2024-06-16,弥彦競輪,F1,6,Ｓ級一般,12:45,12:40,6,https://keirin.kdreams.jp/yahiko/racedetail/2120240614030006/?pageType=result,2026-08-31T03:57:52.848718+00:00,2-5-3/6-1/4,published,新潟スポーツ,楽天Kドリームス 並び予想
2120240614030007,2024-06-16,弥彦競輪,F1,7,Ｓ級一般,13:15,13:10,7,https://keirin.kdreams.jp/yahiko/racedetail/2120240614030007/?pageType=result,2026-08-31T03:57:54.422329+00:00,1-4-5/7-3/6-2,published,新潟スポーツ,楽天Kドリームス 並び予想
2120240614030008,2024-06-16,弥彦競輪,F1,8,Ｓ級特選,13:45,13:40,7,https://keirin.kdreams.jp/yahiko/racedetail/2120240614030008/?pageType=result,2026-08-31T03:57:55.976118+00:00,2-5/1-7/6-3-4,published,新潟スポーツ,楽天Kドリームス 並び予想
2120240614030009,2024-06-16,弥彦競輪,F1,9,Ｓ級特選,14:20,14:15,7,https://keirin.kdreams.jp/yahiko/racedetail/2120240614030009/?pageType=result,2026-08-31T03:57:57.581224+00:00,5-3-1/6/2-7-4,published,新潟スポーツ,楽天Kドリームス 並び予想
2120240614030010,2024-06-16,弥彦競輪,F1,10,Ｓ級特選,14:57,14:52,7,https://keirin.kdreams.jp/yahiko/racedetail/2120240614030010/?pageType=result,2026-08-31T03:57:59.128280+00:00,7-2-5/6/1-3-4,published,新潟スポーツ,楽天Kドリームス 並び予想
2120240614030012,2024-06-16,弥彦競輪,F1,12,Ｓ級決勝,16:15,16:10,7,https://keirin.kdreams.jp/yahiko/racedetail/2120240614030012/?pageType=result,2026-08-31T03:58:00.720503+00:00,4-2-7/1/5-3-6,published,新潟スポーツ,楽天Kドリームス 並び予想
3720240617010006,2024-06-17,伊東競輪,F1,6,Ｓ級予選,17:42,17:37,7,https://keirin.kdreams.jp/ito/racedetail/3720240617010006/?pageType=result,2026-08-31T03:58:02.294030+00:00,2-7/1-4/5-3-6,published,ひかり・小田競,楽天Kドリームス 並び予想
3720240617010007,2024-06-17,伊東競輪,F1,7,Ｓ級予選,18:08,18:03,7,https://keirin.kdreams.jp/ito/racedetail/3720240617010007/?pageType=result,2026-08-31T03:58:03.712129+00:00,4-1-6/2-5/3-7,published,ひかり・小田競,楽天Kドリームス 並び予想
3720240617010008,2024-06-17,伊東競輪,F1,8,Ｓ級予選,18:34,18:29,7,https://keirin.kdreams.jp/ito/racedetail/3720240617010008/?pageType=result,2026-08-31T03:58:05.253776+00:00,1-5-6/2-4/7-3,published,ひかり・小田競,楽天Kドリームス 並び予想
3720240617010009,2024-06-17,伊東競輪,F1,9,Ｓ級予選,19:01,18:56,7,https://keirin.kdreams.jp/ito/racedetail/3720240617010009/?pageType=result,2026-08-31T03:58:06.818807+00:00,5-3/1/7-2/4/6,published,ひかり・小田競,楽天Kドリームス 並び予想
3720240617010010,2024-06-17,伊東競輪,F1,10,Ｓ級予選,19:28,19:23,7,https://keirin.kdreams.jp/ito/racedetail/3720240617010010/?pageType=result,2026-08-31T03:58:08.353878+00:00,7-1/6-3/2-4-5,published,ひかり・小田競,楽天Kドリームス 並び予想
3720240617010011,2024-06-17,伊東競輪,F1,11,Ｓ級予選,19:57,19:52,7,https://keirin.kdreams.jp/ito/racedetail/3720240617010011/?pageType=result,2026-08-31T03:58:09.930790+00:00,6-1/7-2-5/4-3,published,ひかり・小田競,楽天Kドリームス 並び予想
3720240617010012,2024-06-17,伊東競輪,F1,12,Ｓ級初特選,20:28,20:23,7,https://keirin.kdreams.jp/ito/racedetail/3720240617010012/?pageType=result,2026-08-31T03:58:11.473625+00:00,1-5/2-4/7-3/6,published,ひかり・小田競,楽天Kドリームス 並び予想
8520240617010006,2024-06-17,佐世保競輪,F1,6,Ｓ級予選,13:07,13:02,7,https://keirin.kdreams.jp/sasebo/racedetail/8520240617010006/?pageType=result,2026-08-31T03:59:17.238792+00:00,1-4/2-5-6/7-3,published,百万弗,楽天Kドリームス 並び予想
8520240617010007,2024-06-17,佐世保競輪,F1,7,Ｓ級予選,13:38,13:33,7,https://keirin.kdreams.jp/sasebo/racedetail/8520240617010007/?pageType=result,2026-08-31T03:59:18.824609+00:00,7-1-4/6-2/3-5,published,百万弗,楽天Kドリームス 並び予想
8520240617010008,2024-06-17,佐世保競輪,F1,8,Ｓ級予選,14:10,14:05,7,https://keirin.kdreams.jp/sasebo/racedetail/8520240617010008/?pageType=result,2026-08-31T03:59:20.430803+00:00,1-4-7/6-2/3-5,published,百万弗,楽天Kドリームス 並び予想
8520240617010009,2024-06-17,佐世保競輪,F1,9,Ｓ級予選,14:42,14:37,7,https://keirin.kdreams.jp/sasebo/racedetail/8520240617010009/?pageType=result,2026-08-31T03:59:21.984476+00:00,1-5-7/6-2/4-3,published,百万弗,楽天Kドリームス 並び予想
8520240617010010,2024-06-17,佐世保競輪,F1,10,Ｓ級予選,15:14,15:09,7,https://keirin.kdreams.jp/sasebo/racedetail/8520240617010010/?pageType=result,2026-08-31T03:59:23.573062+00:00,1-7-4/5-2-6/3,published,百万弗,楽天Kドリームス 並び予想
8520240617010011,2024-06-17,佐世保競輪,F1,11,Ｓ級予選,15:50,15:45,7,https://keirin.kdreams.jp/sasebo/racedetail/8520240617010011/?pageType=result,2026-08-31T03:59:25.162368+00:00,4-1-7/6-2/5-3,published,百万弗,楽天Kドリームス 並び予想
8520240617010012,2024-06-17,佐世保競輪,F1,12,Ｓ級初特選,16:30,16:25,7,https://keirin.kdreams.jp/sasebo/racedetail/8520240617010012/?pageType=result,2026-08-31T03:59:27.684852+00:00,2-7-4/1/6-3-5,published,百万弗,楽天Kドリームス 並び予想
4420240617010006,2024-06-17,大垣競輪,F1,6,Ｓ級予選,13:01,12:56,7,https://keirin.kdreams.jp/ogaki/racedetail/4420240617010006/?pageType=result,2026-08-31T03:58:37.461816+00:00,4-2/7-5-1/3-6,published,ひかり,楽天Kドリームス 並び予想
4420240617010007,2024-06-17,大垣競輪,F1,7,Ｓ級予選,13:32,13:27,7,https://keirin.kdreams.jp/ogaki/racedetail/4420240617010007/?pageType=result,2026-08-31T03:58:39.289673+00:00,1-5/4-7-2/3-6,published,ひかり,楽天Kドリームス 並び予想
4420240617010008,2024-06-17,大垣競輪,F1,8,Ｓ級予選,14:04,13:59,7,https://keirin.kdreams.jp/ogaki/racedetail/4420240617010008/?pageType=result,2026-08-31T03:58:40.981252+00:00,1-7/3-4/5-2-6,published,ひかり,楽天Kドリームス 並び予想
4420240617010009,2024-06-17,大垣競輪,F1,9,Ｓ級予選,14:36,14:31,7,https://keirin.kdreams.jp/ogaki/racedetail/4420240617010009/?pageType=result,2026-08-31T03:58:42.605933+00:00,5-1-7/6-2/3-4,published,ひかり,楽天Kドリームス 並び予想
4420240617010010,2024-06-17,大垣競輪,F1,10,Ｓ級予選,15:08,15:03,7,https://keirin.kdreams.jp/ogaki/racedetail/4420240617010010/?pageType=result,2026-08-31T03:58:44.162548+00:00,1-5-4/6-2/7-3,published,ひかり,楽天Kドリームス 並び予想
4420240617010011,2024-06-17,大垣競輪,F1,11,Ｓ級予選,15:42,15:37,7,https://keirin.kdreams.jp/ogaki/racedetail/4420240617010011/?pageType=result,2026-08-31T03:58:45.771389+00:00,4-1-7/6/5-2-3,published,ひかり,楽天Kドリームス 並び予想
4420240617010012,2024-06-17,大垣競輪,F1,12,Ｓ級初特選,16:20,16:15,7,https://keirin.kdreams.jp/ogaki/racedetail/4420240617010012/?pageType=result,2026-08-31T03:58:47.348150+00:00,4-2/6-1/7-3/5,published,ひかり,楽天Kドリームス 並び予想
3720240617020006,2024-06-18,伊東競輪,F1,6,Ｓ級一般,17:42,17:37,7,https://keirin.kdreams.jp/ito/racedetail/3720240617020006/?pageType=result,2026-08-31T03:58:13.066421+00:00,5-1-6/2/3-7-4,published,ひかり・小田競,楽天Kドリームス 並び予想
3720240617020007,2024-06-18,伊東競輪,F1,7,Ｓ級一般,18:08,18:03,7,https://keirin.kdreams.jp/ito/racedetail/3720240617020007/?pageType=result,2026-08-31T03:58:14.615663+00:00,1-4-7/6-2/5-3,published,ひかり・小田競,楽天Kドリームス 並び予想
3720240617020008,2024-06-18,伊東競輪,F1,8,Ｓ級選抜,18:34,18:29,7,https://keirin.kdreams.jp/ito/racedetail/3720240617020008/?pageType=result,2026-08-31T03:58:16.041358+00:00,3-7-1-6/5-4-2,published,ひかり・小田競,楽天Kドリームス 並び予想
3720240617020009,2024-06-18,伊東競輪,F1,9,Ｓ級選抜,19:01,18:56,7,https://keirin.kdreams.jp/ito/racedetail/3720240617020009/?pageType=result,2026-08-31T03:58:17.657155+00:00,2-4-6/5-3-1/7,published,ひかり・小田競,楽天Kドリームス 並び予想
3720240617020010,2024-06-18,伊東競輪,F1,10,Ｓ級準決勝,19:28,19:23,7,https://keirin.kdreams.jp/ito/racedetail/3720240617020010/?pageType=result,2026-08-31T03:58:19.255122+00:00,4-1-5/7-2/6-3,published,ひかり・小田競,楽天Kドリームス 並び予想
3720240617020011,2024-06-18,伊東競輪,F1,11,Ｓ級準決勝,19:57,19:52,7,https://keirin.kdreams.jp/ito/racedetail/3720240617020011/?pageType=result,2026-08-31T03:58:21.858685+00:00,5-1/4-2/7/6-3,published,ひかり・小田競,楽天Kドリームス 並び予想
3720240617020012,2024-06-18,伊東競輪,F1,12,Ｓ級準決勝,20:28,20:23,7,https://keirin.kdreams.jp/ito/racedetail/3720240617020012/?pageType=result,2026-08-31T03:58:23.607817+00:00,3-4/5-2/7-1-6,published,ひかり・小田競,楽天Kドリームス 並び予想
8520240617020006,2024-06-18,佐世保競輪,F1,6,Ｓ級一般,13:07,13:02,7,https://keirin.kdreams.jp/sasebo/racedetail/8520240617020006/?pageType=result,2026-08-31T03:59:29.498727+00:00,7-1/2-5/6-3/4,published,百万弗,楽天Kドリームス 並び予想
8520240617020007,2024-06-18,佐世保競輪,F1,7,Ｓ級一般,13:38,13:33,7,https://keirin.kdreams.jp/sasebo/racedetail/8520240617020007/?pageType=result,2026-08-31T03:59:31.259495+00:00,2-5/6-1/7-3/4,published,百万弗,楽天Kドリームス 並び予想
8520240617020008,2024-06-18,佐世保競輪,F1,8,Ｓ級選抜,14:10,14:05,7,https://keirin.kdreams.jp/sasebo/racedetail/8520240617020008/?pageType=result,2026-08-31T03:59:32.840708+00:00,6-5-1/2/3-4-7,published,百万弗,楽天Kドリームス 並び予想
8520240617020009,2024-06-18,佐世保競輪,F1,9,Ｓ級選抜,14:42,14:37,7,https://keirin.kdreams.jp/sasebo/racedetail/8520240617020009/?pageType=result,2026-08-31T03:59:34.456348+00:00,1-6/3-7-2/4/5,published,百万弗,楽天Kドリームス 並び予想
8520240617020010,2024-06-18,佐世保競輪,F1,10,Ｓ級準決勝,15:14,15:09,7,https://keirin.kdreams.jp/sasebo/racedetail/8520240617020010/?pageType=result,2026-08-31T03:59:36.022500+00:00,1-5/6-2/4-3-7,published,百万弗,楽天Kドリームス 並び予想
8520240617020011,2024-06-18,佐世保競輪,F1,11,Ｓ級準決勝,15:50,15:45,7,https://keirin.kdreams.jp/sasebo/racedetail/8520240617020011/?pageType=result,2026-08-31T03:59:37.639271+00:00,4-1-7/6/5-2-3,published,百万弗,楽天Kドリームス 並び予想
8520240617020012,2024-06-18,佐世保競輪,F1,12,Ｓ級準決勝,16:30,16:25,7,https://keirin.kdreams.jp/sasebo/racedetail/8520240617020012/?pageType=result,2026-08-31T03:59:39.213609+00:00,7-1/2-4/5-3-6,published,百万弗,楽天Kドリームス 並び予想
4420240617020006,2024-06-18,大垣競輪,F1,6,Ｓ級一般,13:01,12:56,7,https://keirin.kdreams.jp/ogaki/racedetail/4420240617020006/?pageType=result,2026-08-31T03:58:50.302482+00:00,3-7-1/6/5-4-2,published,ひかり,楽天Kドリームス 並び予想
4420240617020007,2024-06-18,大垣競輪,F1,7,Ｓ級一般,13:32,13:27,7,https://keirin.kdreams.jp/ogaki/racedetail/4420240617020007/?pageType=result,2026-08-31T03:58:52.141324+00:00,1-4-7/6-3/2-5,published,ひかり,楽天Kドリームス 並び予想
4420240617020008,2024-06-18,大垣競輪,F1,8,Ｓ級選抜,14:04,13:59,7,https://keirin.kdreams.jp/ogaki/racedetail/4420240617020008/?pageType=result,2026-08-31T03:58:53.874492+00:00,1-4/2-7-5/6-3,published,ひかり,楽天Kドリームス 並び予想
4420240617020009,2024-06-18,大垣競輪,F1,9,Ｓ級選抜,14:36,14:31,7,https://keirin.kdreams.jp/ogaki/racedetail/4420240617020009/?pageType=result,2026-08-31T03:58:55.433456+00:00,1-5-2/6/3-7-4,published,ひかり,楽天Kドリームス 並び予想
4420240617020010,2024-06-18,大垣競輪,F1,10,Ｓ級準決勝,15:08,15:03,7,https://keirin.kdreams.jp/ogaki/racedetail/4420240617020010/?pageType=result,2026-08-31T03:58:57.042778+00:00,1-4-5/2-7/3-6,published,ひかり,楽天Kドリームス 並び予想
4420240617020011,2024-06-18,大垣競輪,F1,11,Ｓ級準決勝,15:42,15:37,7,https://keirin.kdreams.jp/ogaki/racedetail/4420240617020011/?pageType=result,2026-08-31T03:58:58.602514+00:00,1-7/4-2-6/5-3,published,ひかり,楽天Kドリームス 並び予想
4420240617020012,2024-06-18,大垣競輪,F1,12,Ｓ級準決勝,16:20,16:15,7,https://keirin.kdreams.jp/ogaki/racedetail/4420240617020012/?pageType=result,2026-08-31T03:59:02.682828+00:00,5-1/4-6-2/7-3,published,ひかり,楽天Kドリームス 並び予想
3720240617030005,2024-06-19,伊東競輪,F1,5,Ｓ級一般,17:17,17:12,6,https://keirin.kdreams.jp/ito/racedetail/3720240617030005/?pageType=result,2026-08-31T03:58:25.137291+00:00,1-5/2-6/4-3,published,ひかり・小田競,楽天Kドリームス 並び予想
3720240617030006,2024-06-19,伊東競輪,F1,6,Ｓ級一般,17:44,17:39,7,https://keirin.kdreams.jp/ito/racedetail/3720240617030006/?pageType=result,2026-08-31T03:58:26.746493+00:00,1-7-6-4/2/3/5,published,ひかり・小田競,楽天Kドリームス 並び予想
3720240617030007,2024-06-19,伊東競輪,F1,7,Ｓ級一般,18:11,18:06,7,https://keirin.kdreams.jp/ito/racedetail/3720240617030007/?pageType=result,2026-08-31T03:58:28.306366+00:00,4-1-7/5-2/3-6,published,ひかり・小田競,楽天Kドリームス 並び予想
3720240617030008,2024-06-19,伊東競輪,F1,8,Ｓ級特選,18:38,18:33,7,https://keirin.kdreams.jp/ito/racedetail/3720240617030008/?pageType=result,2026-08-31T03:58:29.944049+00:00,2-5/7-1/6/4-3,published,ひかり・小田競,楽天Kドリームス 並び予想
3720240617030009,2024-06-19,伊東競輪,F1,9,Ｓ級特選,19:06,19:01,7,https://keirin.kdreams.jp/ito/racedetail/3720240617030009/?pageType=result,2026-08-31T03:58:31.539755+00:00,5-1-7/2/6-4-3,published,ひかり・小田競,楽天Kドリームス 並び予想
3720240617030010,2024-06-19,伊東競輪,F1,10,Ｓ級特選,19:34,19:29,7,https://keirin.kdreams.jp/ito/racedetail/3720240617030010/?pageType=result,2026-08-31T03:58:33.144298+00:00,1-5-4/6-2/7-3,published,ひかり・小田競,楽天Kドリームス 並び予想
3720240617030012,2024-06-19,伊東競輪,F1,12,Ｓ級決勝,20:35,20:30,7,https://keirin.kdreams.jp/ito/racedetail/3720240617030012/?pageType=result,2026-08-31T03:58:34.777603+00:00,6-3/1/5-2/4-7,published,ひかり・小田競,楽天Kドリームス 並び予想
8520240617030005,2024-06-19,佐世保競輪,F1,5,Ｓ級一般,12:36,12:31,7,https://keirin.kdreams.jp/sasebo/racedetail/8520240617030005/?pageType=result,2026-08-31T03:59:40.639106+00:00,7-5-1/4/6-3/2,published,百万弗,楽天Kドリームス 並び予想
8520240617030006,2024-06-19,佐世保競輪,F1,6,Ｓ級一般,13:07,13:02,7,https://keirin.kdreams.jp/sasebo/racedetail/8520240617030006/?pageType=result,2026-08-31T03:59:42.283875+00:00,5-1/2-7-6/4-3,published,百万弗,楽天Kドリームス 並び予想
8520240617030007,2024-06-19,佐世保競輪,F1,7,Ｓ級一般,13:38,13:33,7,https://keirin.kdreams.jp/sasebo/racedetail/8520240617030007/?pageType=result,2026-08-31T03:59:43.840858+00:00,1-7/5-2-4/3/6,published,百万弗,楽天Kドリームス 並び予想
8520240617030008,2024-06-19,佐世保競輪,F1,8,Ｓ級特選,14:10,14:05,7,https://keirin.kdreams.jp/sasebo/racedetail/8520240617030008/?pageType=result,2026-08-31T03:59:45.433996+00:00,1-4-6/7-2/3-5,published,百万弗,楽天Kドリームス 並び予想
8520240617030009,2024-06-19,佐世保競輪,F1,9,Ｓ級特選,14:42,14:37,7,https://keirin.kdreams.jp/sasebo/racedetail/8520240617030009/?pageType=result,2026-08-31T03:59:46.999675+00:00,5-4-2/1/3-7-6,published,百万弗,楽天Kドリームス 並び予想
8520240617030010,2024-06-19,佐世保競輪,F1,10,Ｓ級特選,15:14,15:09,7,https://keirin.kdreams.jp/sasebo/racedetail/8520240617030010/?pageType=result,2026-08-31T03:59:48.603665+00:00,7-4-1/5-3-2/6,published,百万弗,楽天Kドリームス 並び予想
8520240617030012,2024-06-19,佐世保競輪,F1,12,Ｓ級決勝,16:30,16:25,7,https://keirin.kdreams.jp/sasebo/racedetail/8520240617030012/?pageType=result,2026-08-31T03:59:50.248013+00:00,7-1-4/2/6-3-5,published,百万弗,楽天Kドリームス 並び予想
4420240617030005,2024-06-19,大垣競輪,F1,5,Ｓ級一般,12:30,12:25,7,https://keirin.kdreams.jp/ogaki/racedetail/4420240617030005/?pageType=result,2026-08-31T03:59:05.326692+00:00,4-3/7-5-1/6-2,published,ひかり,楽天Kドリームス 並び予想
4420240617030006,2024-06-19,大垣競輪,F1,6,Ｓ級一般,13:01,12:56,7,https://keirin.kdreams.jp/ogaki/racedetail/4420240617030006/?pageType=result,2026-08-31T03:59:07.321326+00:00,1-7-3/2-4-5/6,published,ひかり,楽天Kドリームス 並び予想
4420240617030007,2024-06-19,大垣競輪,F1,7,Ｓ級一般,13:32,13:27,7,https://keirin.kdreams.jp/ogaki/racedetail/4420240617030007/?pageType=result,2026-08-31T03:59:09.142491+00:00,7-1-3-4/6-2/5,published,ひかり,楽天Kドリームス 並び予想
4420240617030008,2024-06-19,大垣競輪,F1,8,Ｓ級特選,14:04,13:59,7,https://keirin.kdreams.jp/ogaki/racedetail/4420240617030008/?pageType=result,2026-08-31T03:59:10.883687+00:00,7-4-1/6-2/5-3,published,ひかり,楽天Kドリームス 並び予想
4420240617030009,2024-06-19,大垣競輪,F1,9,Ｓ級特選,14:36,14:31,7,https://keirin.kdreams.jp/ogaki/racedetail/4420240617030009/?pageType=result,2026-08-31T03:59:12.469293+00:00,6-4-1/3-5/7-2,published,ひかり,楽天Kドリームス 並び予想
4420240617030010,2024-06-19,大垣競輪,F1,10,Ｓ級特選,15:08,15:03,7,https://keirin.kdreams.jp/ogaki/racedetail/4420240617030010/?pageType=result,2026-08-31T03:59:14.057631+00:00,4-5-1/2-6/3-7,published,ひかり,楽天Kドリームス 並び予想
4420240617030012,2024-06-19,大垣競輪,F1,12,Ｓ級決勝,16:20,16:15,7,https://keirin.kdreams.jp/ogaki/racedetail/4420240617030012/?pageType=result,2026-08-31T03:59:15.635331+00:00,1-5/2-6/3/4-7,published,ひかり,楽天Kドリームス 並び予想
5120240619010006,2024-06-19,福井競輪,F1,6,Ｓ級予選,13:19,13:14,7,https://keirin.kdreams.jp/fukui/racedetail/5120240619010006/?pageType=result,2026-08-31T04:00:31.151959+00:00,7-1/2-4/5-3-6,published,福井中部,楽天Kドリームス 並び予想
5120240619010007,2024-06-19,福井競輪,F1,7,Ｓ級予選,13:51,13:46,7,https://keirin.kdreams.jp/fukui/racedetail/5120240619010007/?pageType=result,2026-08-31T04:00:33.052090+00:00,5-1/6-3/7-2-4,published,福井中部,楽天Kドリームス 並び予想
5120240619010008,2024-06-19,福井競輪,F1,8,Ｓ級予選,14:23,14:18,7,https://keirin.kdreams.jp/fukui/racedetail/5120240619010008/?pageType=result,2026-08-31T04:00:35.605989+00:00,1-7-3-6/4-2-5,published,福井中部,楽天Kドリームス 並び予想
5120240619010009,2024-06-19,福井競輪,F1,9,Ｓ級予選,14:55,14:50,7,https://keirin.kdreams.jp/fukui/racedetail/5120240619010009/?pageType=result,2026-08-31T04:00:37.448591+00:00,2-5/6-3/7-4-1,published,福井中部,楽天Kドリームス 並び予想
5120240619010010,2024-06-19,福井競輪,F1,10,Ｓ級予選,15:27,15:22,7,https://keirin.kdreams.jp/fukui/racedetail/5120240619010010/?pageType=result,2026-08-31T04:00:39.204814+00:00,4-1/6-3/7-2-5,published,福井中部,楽天Kドリームス 並び予想
5120240619010011,2024-06-19,福井競輪,F1,11,Ｓ級予選,16:00,15:55,7,https://keirin.kdreams.jp/fukui/racedetail/5120240619010011/?pageType=result,2026-08-31T04:00:40.794019+00:00,2-5-6/1/3-7-4,published,福井中部,楽天Kドリームス 並び予想
5120240619010012,2024-06-19,福井競輪,F1,12,Ｓ級初特選,16:35,16:30,7,https://keirin.kdreams.jp/fukui/racedetail/5120240619010012/?pageType=result,2026-08-31T04:00:42.400225+00:00,1-4/2/3-5/6/7,published,福井中部,楽天Kドリームス 並び予想
1220240619010006,2024-06-19,青森競輪,F1,6,Ｓ級予選,17:49,17:44,7,https://keirin.kdreams.jp/aomori/racedetail/1220240619010006/?pageType=result,2026-08-31T03:59:51.847350+00:00,4-1-7/6/2-5-3,published,アオケイ,楽天Kドリームス 並び予想
1220240619010007,2024-06-19,青森競輪,F1,7,Ｓ級予選,18:15,18:10,7,https://keirin.kdreams.jp/aomori/racedetail/1220240619010007/?pageType=result,2026-08-31T03:59:54.596591+00:00,7-1-6/5-2/3-4,published,アオケイ,楽天Kドリームス 並び予想
1220240619010008,2024-06-19,青森競輪,F1,8,Ｓ級予選,18:41,18:36,7,https://keirin.kdreams.jp/aomori/racedetail/1220240619010008/?pageType=result,2026-08-31T03:59:56.373399+00:00,3-5/1/4/7-2-6,published,アオケイ,楽天Kドリームス 並び予想
1220240619010009,2024-06-19,青森競輪,F1,9,Ｓ級予選,19:07,19:02,7,https://keirin.kdreams.jp/aomori/racedetail/1220240619010009/?pageType=result,2026-08-31T03:59:58.065918+00:00,5-3/6-1/4/7-2,published,アオケイ,楽天Kドリームス 並び予想
1220240619010010,2024-06-19,青森競輪,F1,10,Ｓ級予選,19:33,19:28,7,https://keirin.kdreams.jp/aomori/racedetail/1220240619010010/?pageType=result,2026-08-31T03:59:59.684522+00:00,1-7-4/2-5/6-3,published,アオケイ,楽天Kドリームス 並び予想
1220240619010011,2024-06-19,青森競輪,F1,11,Ｓ級予選,19:59,19:54,7,https://keirin.kdreams.jp/aomori/racedetail/1220240619010011/?pageType=result,2026-08-31T04:00:01.293893+00:00,1-5-7/4/6-2/3,published,アオケイ,楽天Kドリームス 並び予想
1220240619010012,2024-06-19,青森競輪,F1,12,Ｓ級初特選,20:25,20:20,7,https://keirin.kdreams.jp/aomori/racedetail/1220240619010012/?pageType=result,2026-08-31T04:00:02.911299+00:00,4-1/6-2/5/7-3,published,アオケイ,楽天Kドリームス 並び予想
5120240619020006,2024-06-20,福井競輪,F1,6,Ｓ級一般,13:19,13:14,6,https://keirin.kdreams.jp/fukui/racedetail/5120240619020006/?pageType=result,2026-08-31T04:00:43.790805+00:00,2-5/1-6/3-4,published,福井中部,楽天Kドリームス 並び予想
5120240619020007,2024-06-20,福井競輪,F1,7,Ｓ級一般,13:51,13:46,7,https://keirin.kdreams.jp/fukui/racedetail/5120240619020007/?pageType=result,2026-08-31T04:00:46.348755+00:00,5-1-6/2/4/3-7,published,福井中部,楽天Kドリームス 並び予想
5120240619020008,2024-06-20,福井競輪,F1,8,Ｓ級選抜,14:23,14:18,7,https://keirin.kdreams.jp/fukui/racedetail/5120240619020008/?pageType=result,2026-08-31T04:00:48.192426+00:00,6-1-7/2/3-5-4,published,福井中部,楽天Kドリームス 並び予想
5120240619020009,2024-06-20,福井競輪,F1,9,Ｓ級選抜,14:55,14:50,7,https://keirin.kdreams.jp/fukui/racedetail/5120240619020009/?pageType=result,2026-08-31T04:00:49.955049+00:00,1-5-6/2/4/3-7,published,福井中部,楽天Kドリームス 並び予想
5120240619020010,2024-06-20,福井競輪,F1,10,Ｓ級準決勝,15:27,15:22,7,https://keirin.kdreams.jp/fukui/racedetail/5120240619020010/?pageType=result,2026-08-31T04:00:51.560825+00:00,7-1/2-4-6/5-3,published,福井中部,楽天Kドリームス 並び予想
5120240619020011,2024-06-20,福井競輪,F1,11,Ｓ級準決勝,16:00,15:55,7,https://keirin.kdreams.jp/fukui/racedetail/5120240619020011/?pageType=result,2026-08-31T04:00:53.099349+00:00,5-1/6/4-2/3-7,published,福井中部,楽天Kドリームス 並び予想
5120240619020012,2024-06-20,福井競輪,F1,12,Ｓ級準決勝,16:35,16:30,7,https://keirin.kdreams.jp/fukui/racedetail/5120240619020012/?pageType=result,2026-08-31T04:00:54.694779+00:00,7-4-1/6-2/3-5,published,福井中部,楽天Kドリームス 並び予想
1220240619020006,2024-06-20,青森競輪,F1,6,Ｓ級一般,17:49,17:44,6,https://keirin.kdreams.jp/aomori/racedetail/1220240619020006/?pageType=result,2026-08-31T04:00:04.371338+00:00,4/1/3/6-2-5,published,アオケイ,楽天Kドリームス 並び予想
1220240619020007,2024-06-20,青森競輪,F1,7,Ｓ級一般,18:15,18:10,7,https://keirin.kdreams.jp/aomori/racedetail/1220240619020007/?pageType=result,2026-08-31T04:00:05.970754+00:00,4/1/2/3/7-6/5,published,アオケイ,楽天Kドリームス 並び予想
1220240619020008,2024-06-20,青森競輪,F1,8,Ｓ級選抜,18:41,18:36,7,https://keirin.kdreams.jp/aomori/racedetail/1220240619020008/?pageType=result,2026-08-31T04:00:07.512771+00:00,5-3/2/1/4-7/6,published,アオケイ,楽天Kドリームス 並び予想
1220240619020009,2024-06-20,青森競輪,F1,9,Ｓ級選抜,19:07,19:02,7,https://keirin.kdreams.jp/aomori/racedetail/1220240619020009/?pageType=result,2026-08-31T04:00:09.131070+00:00,2-7-5/3/4-1-6,published,アオケイ,楽天Kドリームス 並び予想
1220240619020010,2024-06-20,青森競輪,F1,10,Ｓ級準決勝,19:33,19:28,7,https://keirin.kdreams.jp/aomori/racedetail/1220240619020010/?pageType=result,2026-08-31T04:00:11.519645+00:00,1-4-2-6/5/7-3,published,アオケイ,楽天Kドリームス 並び予想
1220240619020011,2024-06-20,青森競輪,F1,11,Ｓ級準決勝,19:59,19:54,7,https://keirin.kdreams.jp/aomori/racedetail/1220240619020011/?pageType=result,2026-08-31T04:00:14.368130+00:00,6-4-1/2-5/3-7,published,アオケイ,楽天Kドリームス 並び予想
1220240619020012,2024-06-20,青森競輪,F1,12,Ｓ級準決勝,20:25,20:20,7,https://keirin.kdreams.jp/aomori/racedetail/1220240619020012/?pageType=result,2026-08-31T04:00:16.612727+00:00,5-1-6/2-4/7-3,published,アオケイ,楽天Kドリームス 並び予想
7120240620010006,2024-06-20,高松競輪,F1,6,Ｓ級予選,13:11,13:06,7,https://keirin.kdreams.jp/takamatsu/racedetail/7120240620010006/?pageType=result,2026-08-31T04:01:09.017470+00:00,1-4/2-7/3-5-6,published,競輪毎日,楽天Kドリームス 並び予想
7120240620010007,2024-06-20,高松競輪,F1,7,Ｓ級予選,13:43,13:38,7,https://keirin.kdreams.jp/takamatsu/racedetail/7120240620010007/?pageType=result,2026-08-31T04:01:10.624905+00:00,1-7-3/5/4-2/6,published,競輪毎日,楽天Kドリームス 並び予想
7120240620010008,2024-06-20,高松競輪,F1,8,Ｓ級予選,14:15,14:10,7,https://keirin.kdreams.jp/takamatsu/racedetail/7120240620010008/?pageType=result,2026-08-31T04:01:12.219879+00:00,4-1-6/2-7/5-3,published,競輪毎日,楽天Kドリームス 並び予想
7120240620010009,2024-06-20,高松競輪,F1,9,Ｓ級予選,14:47,14:42,7,https://keirin.kdreams.jp/takamatsu/racedetail/7120240620010009/?pageType=result,2026-08-31T04:01:13.819408+00:00,1-4-7/2-5/6-3,published,競輪毎日,楽天Kドリームス 並び予想
7120240620010010,2024-06-20,高松競輪,F1,10,Ｓ級予選,15:19,15:14,7,https://keirin.kdreams.jp/takamatsu/racedetail/7120240620010010/?pageType=result,2026-08-31T04:01:15.366685+00:00,4-3/1-5-6/2-7,published,競輪毎日,楽天Kドリームス 並び予想
7120240620010011,2024-06-20,高松競輪,F1,11,Ｓ級予選,15:51,15:46,7,https://keirin.kdreams.jp/takamatsu/racedetail/7120240620010011/?pageType=result,2026-08-31T04:01:16.953554+00:00,1-5/2-7-4/6-3,published,競輪毎日,楽天Kドリームス 並び予想
7120240620010012,2024-06-20,高松競輪,F1,12,Ｓ級初特選,16:27,16:22,7,https://keirin.kdreams.jp/takamatsu/racedetail/7120240620010012/?pageType=result,2026-08-31T04:01:18.566203+00:00,1-4/2-7/3-5-6,published,競輪毎日,楽天Kドリームス 並び予想
5120240619030005,2024-06-21,福井競輪,F1,5,Ｓ級一般,12:49,12:44,6,https://keirin.kdreams.jp/fukui/racedetail/5120240619030005/?pageType=result,2026-08-31T04:00:56.122725+00:00,1-4-6/5-2-3,published,福井中部,楽天Kドリームス 並び予想
5120240619030006,2024-06-21,福井競輪,F1,6,Ｓ級一般,13:19,13:14,6,https://keirin.kdreams.jp/fukui/racedetail/5120240619030006/?pageType=result,2026-08-31T04:00:57.512458+00:00,2-4-6/3-1-5,published,福井中部,楽天Kドリームス 並び予想
5120240619030007,2024-06-21,福井競輪,F1,7,Ｓ級一般,13:51,13:46,7,https://keirin.kdreams.jp/fukui/racedetail/5120240619030007/?pageType=result,2026-08-31T04:01:00.600708+00:00,5-7-1/2/6/3-4,published,福井中部,楽天Kドリームス 並び予想
5120240619030009,2024-06-21,福井競輪,F1,9,Ｓ級特選,14:55,14:50,7,https://keirin.kdreams.jp/fukui/racedetail/5120240619030009/?pageType=result,2026-08-31T04:01:02.436035+00:00,1-5/6-3/7-4-2,published,福井中部,楽天Kドリームス 並び予想
5120240619030010,2024-06-21,福井競輪,F1,10,Ｓ級特選,15:27,15:22,7,https://keirin.kdreams.jp/fukui/racedetail/5120240619030010/?pageType=result,2026-08-31T04:01:04.195070+00:00,7-1-4/6-2/3-5,published,福井中部,楽天Kドリームス 並び予想
5120240619030011,2024-06-21,福井競輪,F1,11,Ｓ級特選,16:00,15:55,7,https://keirin.kdreams.jp/fukui/racedetail/5120240619030011/?pageType=result,2026-08-31T04:01:05.772754+00:00,1-7/4/6-2/3-5,published,福井中部,楽天Kドリームス 並び予想
5120240619030012,2024-06-21,福井競輪,F1,12,Ｓ級決勝,16:35,16:30,7,https://keirin.kdreams.jp/fukui/racedetail/5120240619030012/?pageType=result,2026-08-31T04:01:07.417626+00:00,1/4/7/2-6/3-5,published,福井中部,楽天Kドリームス 並び予想
1220240619030005,2024-06-21,青森競輪,F1,5,Ｓ級一般,17:24,17:19,6,https://keirin.kdreams.jp/aomori/racedetail/1220240619030005/?pageType=result,2026-08-31T04:00:18.472559+00:00,5-1-6/2-4/3,published,アオケイ,楽天Kドリームス 並び予想
1220240619030006,2024-06-21,青森競輪,F1,6,Ｓ級一般,17:50,17:45,7,https://keirin.kdreams.jp/aomori/racedetail/1220240619030006/?pageType=result,2026-08-31T04:00:20.168497+00:00,3-5-1/2-7-6/4,published,アオケイ,楽天Kドリームス 並び予想
1220240619030007,2024-06-21,青森競輪,F1,7,Ｓ級一般,18:16,18:11,7,https://keirin.kdreams.jp/aomori/racedetail/1220240619030007/?pageType=result,2026-08-31T04:00:21.794945+00:00,2-5-4/1/7-3/6,published,アオケイ,楽天Kドリームス 並び予想
1220240619030008,2024-06-21,青森競輪,F1,8,Ｓ級特選,18:42,18:37,7,https://keirin.kdreams.jp/aomori/racedetail/1220240619030008/?pageType=result,2026-08-31T04:00:23.450460+00:00,1-5-7-6/2/3-4,published,アオケイ,楽天Kドリームス 並び予想
1220240619030009,2024-06-21,青森競輪,F1,9,Ｓ級特選,19:08,19:03,7,https://keirin.kdreams.jp/aomori/racedetail/1220240619030009/?pageType=result,2026-08-31T04:00:25.089829+00:00,7-1/2-4/3-6/5,published,アオケイ,楽天Kドリームス 並び予想
1220240619030010,2024-06-21,青森競輪,F1,10,Ｓ級特選,19:34,19:29,7,https://keirin.kdreams.jp/aomori/racedetail/1220240619030010/?pageType=result,2026-08-31T04:00:26.665788+00:00,1-4-7/2-6/3-5,published,アオケイ,楽天Kドリームス 並び予想
1220240619030012,2024-06-21,青森競輪,F1,12,Ｓ級決勝,20:35,20:30,7,https://keirin.kdreams.jp/aomori/racedetail/1220240619030012/?pageType=result,2026-08-31T04:00:29.255711+00:00,1-5/7-2/3-6-4,published,アオケイ,楽天Kドリームス 並び予想
7120240620020006,2024-06-21,高松競輪,F1,6,Ｓ級一般,13:11,13:06,7,https://keirin.kdreams.jp/takamatsu/racedetail/7120240620020006/?pageType=result,2026-08-31T04:01:20.184599+00:00,5-1/2-7/6-3/4,published,競輪毎日,楽天Kドリームス 並び予想
7120240620020007,2024-06-21,高松競輪,F1,7,Ｓ級一般,13:43,13:38,7,https://keirin.kdreams.jp/takamatsu/racedetail/7120240620020007/?pageType=result,2026-08-31T04:01:22.646923+00:00,1-7/5-2-6/3/4,published,競輪毎日,楽天Kドリームス 並び予想
7120240620020008,2024-06-21,高松競輪,F1,8,Ｓ級選抜,14:15,14:10,7,https://keirin.kdreams.jp/takamatsu/racedetail/7120240620020008/?pageType=result,2026-08-31T04:01:24.309216+00:00,4-2-6/1/7-5-3,published,競輪毎日,楽天Kドリームス 並び予想
7120240620020009,2024-06-21,高松競輪,F1,9,Ｓ級選抜,14:47,14:42,7,https://keirin.kdreams.jp/takamatsu/racedetail/7120240620020009/?pageType=result,2026-08-31T04:01:25.870625+00:00,4-7-1/6-2/5-3,published,競輪毎日,楽天Kドリームス 並び予想
7120240620020010,2024-06-21,高松競輪,F1,10,Ｓ級準決勝,15:19,15:14,7,https://keirin.kdreams.jp/takamatsu/racedetail/7120240620020010/?pageType=result,2026-08-31T04:01:27.374255+00:00,6-1/4-2/7-3-5,published,競輪毎日,楽天Kドリームス 並び予想
7120240620020011,2024-06-21,高松競輪,F1,11,Ｓ級準決勝,15:51,15:46,7,https://keirin.kdreams.jp/takamatsu/racedetail/7120240620020011/?pageType=result,2026-08-31T04:01:28.922487+00:00,7-3-5/1/2-4-6,published,競輪毎日,楽天Kドリームス 並び予想
7120240620020012,2024-06-21,高松競輪,F1,12,Ｓ級準決勝,16:27,16:22,7,https://keirin.kdreams.jp/takamatsu/racedetail/7120240620020012/?pageType=result,2026-08-31T04:01:30.680550+00:00,4-1-6/7-2/3-5,published,競輪毎日,楽天Kドリームス 並び予想
2720240622010006,2024-06-22,京王閣競輪,F1,6,Ｓ級予選,17:24,17:19,7,https://keirin.kdreams.jp/keiokaku/racedetail/2720240622010006/?pageType=result,2026-08-31T04:01:46.769675+00:00,5-1/6-2/3-7-4,published,アオケイ,楽天Kドリームス 並び予想
2720240622010007,2024-06-22,京王閣競輪,F1,7,Ｓ級予選,17:51,17:46,7,https://keirin.kdreams.jp/keiokaku/racedetail/2720240622010007/?pageType=result,2026-08-31T04:01:49.251899+00:00,7-1/4-2/5/3-6,published,アオケイ,楽天Kドリームス 並び予想
2720240622010008,2024-06-22,京王閣競輪,F1,8,Ｓ級予選,18:18,18:13,7,https://keirin.kdreams.jp/keiokaku/racedetail/2720240622010008/?pageType=result,2026-08-31T04:01:50.931588+00:00,1-6/7-2/3-5/4,published,アオケイ,楽天Kドリームス 並び予想
2720240622010009,2024-06-22,京王閣競輪,F1,9,Ｓ級予選,18:47,18:42,7,https://keirin.kdreams.jp/keiokaku/racedetail/2720240622010009/?pageType=result,2026-08-31T04:01:52.480720+00:00,5-1-7/2-6/4-3,published,アオケイ,楽天Kドリームス 並び予想
2720240622010010,2024-06-22,京王閣競輪,F1,10,Ｓ級予選,19:18,19:13,7,https://keirin.kdreams.jp/keiokaku/racedetail/2720240622010010/?pageType=result,2026-08-31T04:01:54.040933+00:00,5-3-4/1/2-7/6,published,アオケイ,楽天Kドリームス 並び予想
2720240622010011,2024-06-22,京王閣競輪,F1,11,Ｓ級予選,19:49,19:44,7,https://keirin.kdreams.jp/keiokaku/racedetail/2720240622010011/?pageType=result,2026-08-31T04:01:55.598761+00:00,1-5-4/2-6/3-7,published,アオケイ,楽天Kドリームス 並び予想
2720240622010012,2024-06-22,京王閣競輪,F1,12,Ｓ級初特選,20:20,20:15,7,https://keirin.kdreams.jp/keiokaku/racedetail/2720240622010012/?pageType=result,2026-08-31T04:01:57.114982+00:00,1-7-4/6-2/5-3,published,アオケイ,楽天Kドリームス 並び予想
7120240620030005,2024-06-22,高松競輪,F1,5,Ｓ級一般,12:25,12:20,7,https://keirin.kdreams.jp/takamatsu/racedetail/7120240620030005/?pageType=result,2026-08-31T04:01:32.304477+00:00,1-5/7-2/4/6-3,published,競輪毎日,楽天Kドリームス 並び予想
7120240620030006,2024-06-22,高松競輪,F1,6,Ｓ級一般,12:55,12:50,7,https://keirin.kdreams.jp/takamatsu/racedetail/7120240620030006/?pageType=result,2026-08-31T04:01:34.943503+00:00,1-4/7-2-6/3-5,published,競輪毎日,楽天Kドリームス 並び予想
7120240620030007,2024-06-22,高松競輪,F1,7,Ｓ級一般,13:25,13:20,7,https://keirin.kdreams.jp/takamatsu/racedetail/7120240620030007/?pageType=result,2026-08-31T04:01:36.763051+00:00,4-1/7-2-5/3-6,published,競輪毎日,楽天Kドリームス 並び予想
7120240620030008,2024-06-22,高松競輪,F1,8,Ｓ級特選,13:55,13:50,7,https://keirin.kdreams.jp/takamatsu/racedetail/7120240620030008/?pageType=result,2026-08-31T04:01:39.632636+00:00,5-1-4/2/3-7/6,published,競輪毎日,楽天Kドリームス 並び予想
7120240620030009,2024-06-22,高松競輪,F1,9,Ｓ級特選,14:25,14:20,7,https://keirin.kdreams.jp/takamatsu/racedetail/7120240620030009/?pageType=result,2026-08-31T04:01:41.583569+00:00,1-4-3/5-2-7/6,published,競輪毎日,楽天Kドリームス 並び予想
7120240620030010,2024-06-22,高松競輪,F1,10,Ｓ級特選,14:59,14:54,7,https://keirin.kdreams.jp/takamatsu/racedetail/7120240620030010/?pageType=result,2026-08-31T04:01:43.359876+00:00,4-5-1/2-7/6-3,published,競輪毎日,楽天Kドリームス 並び予想
7120240620030012,2024-06-22,高松競輪,F1,12,Ｓ級決勝,16:18,16:13,7,https://keirin.kdreams.jp/takamatsu/racedetail/7120240620030012/?pageType=result,2026-08-31T04:01:45.038357+00:00,5-2/1-4/7-3-6,published,競輪毎日,楽天Kドリームス 並び予想
2720240622020006,2024-06-23,京王閣競輪,F1,6,Ｓ級一般,17:27,17:22,6,https://keirin.kdreams.jp/keiokaku/racedetail/2720240622020006/?pageType=result,2026-08-31T04:01:58.481952+00:00,1-5-3/4-2/6,published,アオケイ,楽天Kドリームス 並び予想
2720240622020007,2024-06-23,京王閣競輪,F1,7,Ｓ級一般,17:54,17:49,7,https://keirin.kdreams.jp/keiokaku/racedetail/2720240622020007/?pageType=result,2026-08-31T04:02:00.021516+00:00,1-7/2-4/5-3-6,published,アオケイ,楽天Kドリームス 並び予想
2720240622020008,2024-06-23,京王閣競輪,F1,8,Ｓ級選抜,18:22,18:17,7,https://keirin.kdreams.jp/keiokaku/racedetail/2720240622020008/?pageType=result,2026-08-31T04:02:01.603569+00:00,6-1/2/3-5-7/4,published,アオケイ,楽天Kドリームス 並び予想
2720240622020009,2024-06-23,京王閣競輪,F1,9,Ｓ級選抜,18:50,18:45,7,https://keirin.kdreams.jp/keiokaku/racedetail/2720240622020009/?pageType=result,2026-08-31T04:02:03.126951+00:00,7-4-1/5-2-3-6,published,アオケイ,楽天Kドリームス 並び予想
2720240622020010,2024-06-23,京王閣競輪,F1,10,Ｓ級準決勝,19:20,19:15,7,https://keirin.kdreams.jp/keiokaku/racedetail/2720240622020010/?pageType=result,2026-08-31T04:02:05.633619+00:00,5-1/6/2-7-4-3,published,アオケイ,楽天Kドリームス 並び予想
2720240622020011,2024-06-23,京王閣競輪,F1,11,Ｓ級準決勝,19:50,19:45,7,https://keirin.kdreams.jp/keiokaku/racedetail/2720240622020011/?pageType=result,2026-08-31T04:02:07.299904+00:00,6-1-4/5-2/3-7,published,アオケイ,楽天Kドリームス 並び予想
2720240622020012,2024-06-23,京王閣競輪,F1,12,Ｓ級準決勝,20:20,20:15,7,https://keirin.kdreams.jp/keiokaku/racedetail/2720240622020012/?pageType=result,2026-08-31T04:02:08.905887+00:00,7-1/6-2-5/3-4,published,アオケイ,楽天Kドリームス 並び予想
2720240622030005,2024-06-24,京王閣競輪,F1,5,Ｓ級一般,17:21,17:16,6,https://keirin.kdreams.jp/keiokaku/racedetail/2720240622030005/?pageType=result,2026-08-31T04:02:10.283621+00:00,1-5-4/6-2-3,published,アオケイ,楽天Kドリームス 並び予想
2720240622030006,2024-06-24,京王閣競輪,F1,6,Ｓ級一般,17:47,17:42,7,https://keirin.kdreams.jp/keiokaku/racedetail/2720240622030006/?pageType=result,2026-08-31T04:02:11.834736+00:00,1-4/6-2-5/7-3,published,アオケイ,楽天Kドリームス 並び予想
2720240622030007,2024-06-24,京王閣競輪,F1,7,Ｓ級一般,18:13,18:08,7,https://keirin.kdreams.jp/keiokaku/racedetail/2720240622030007/?pageType=result,2026-08-31T04:02:13.390140+00:00,4-1-6/2-7-5-3,published,アオケイ,楽天Kドリームス 並び予想
2720240622030008,2024-06-24,京王閣競輪,F1,8,Ｓ級特選,18:39,18:34,7,https://keirin.kdreams.jp/keiokaku/racedetail/2720240622030008/?pageType=result,2026-08-31T04:02:14.942208+00:00,1-4/7-2/3/5-6,published,アオケイ,楽天Kドリームス 並び予想
2720240622030009,2024-06-24,京王閣競輪,F1,9,Ｓ級特選,19:05,19:00,7,https://keirin.kdreams.jp/keiokaku/racedetail/2720240622030009/?pageType=result,2026-08-31T04:02:16.439866+00:00,7-1/4-2/6-3-5,published,アオケイ,楽天Kドリームス 並び予想
2720240622030010,2024-06-24,京王閣競輪,F1,10,Ｓ級特選,19:31,19:26,7,https://keirin.kdreams.jp/keiokaku/racedetail/2720240622030010/?pageType=result,2026-08-31T04:02:18.013701+00:00,1-5/4-2-7/3-6,published,アオケイ,楽天Kドリームス 並び予想
2720240622030012,2024-06-24,京王閣競輪,F1,12,Ｓ級決勝,20:30,20:25,7,https://keirin.kdreams.jp/keiokaku/racedetail/2720240622030012/?pageType=result,2026-08-31T04:02:19.532233+00:00,4-1/2-5/6-3-7,published,アオケイ,楽天Kドリームス 並び予想
3620240624010006,2024-06-24,小田原競輪,F1,6,Ｓ級予選,13:18,13:13,6,https://keirin.kdreams.jp/odawara/racedetail/3620240624010006/?pageType=result,2026-08-31T04:03:45.264336+00:00,4-1-5/2-3/6,published,小田競・サイクル,楽天Kドリームス 並び予想
3620240624010007,2024-06-24,小田原競輪,F1,7,Ｓ級予選,13:47,13:42,6,https://keirin.kdreams.jp/odawara/racedetail/3620240624010007/?pageType=result,2026-08-31T04:03:46.590084+00:00,2-4/1-5/3-6,published,小田競・サイクル,楽天Kドリームス 並び予想
3620240624010008,2024-06-24,小田原競輪,F1,8,Ｓ級予選,14:16,14:11,6,https://keirin.kdreams.jp/odawara/racedetail/3620240624010008/?pageType=result,2026-08-31T04:03:47.905127+00:00,5-2/1-4/3/6,published,小田競・サイクル,楽天Kドリームス 並び予想
3620240624010009,2024-06-24,小田原競輪,F1,9,Ｓ級予選,14:46,14:41,6,https://keirin.kdreams.jp/odawara/racedetail/3620240624010009/?pageType=result,2026-08-31T04:03:49.298003+00:00,1-5/2-4/6-3,published,小田競・サイクル,楽天Kドリームス 並び予想
3620240624010010,2024-06-24,小田原競輪,F1,10,Ｓ級予選,15:16,15:11,6,https://keirin.kdreams.jp/odawara/racedetail/3620240624010010/?pageType=result,2026-08-31T04:03:50.651721+00:00,3-1-6/5-4-2,published,小田競・サイクル,楽天Kドリームス 並び予想
3620240624010011,2024-06-24,小田原競輪,F1,11,Ｓ級予選,15:49,15:44,6,https://keirin.kdreams.jp/odawara/racedetail/3620240624010011/?pageType=result,2026-08-31T04:03:52.015870+00:00,3-5-1/6-4-2,published,小田競・サイクル,楽天Kドリームス 並び予想
3620240624010012,2024-06-24,小田原競輪,F1,12,Ｓ級初特選,16:22,16:17,7,https://keirin.kdreams.jp/odawara/racedetail/3620240624010012/?pageType=result,2026-08-31T04:03:53.501311+00:00,7-2/4-1-6/3-5,published,小田競・サイクル,楽天Kドリームス 並び予想
4520240624010008,2024-06-24,豊橋競輪,F1,8,Ｓ級予選,18:27,18:22,7,https://keirin.kdreams.jp/toyohashi/racedetail/4520240624010008/?pageType=result,2026-08-31T04:04:12.945985+00:00,5-2-1/6/3-4-7,published,中部競輪,楽天Kドリームス 並び予想
4520240624010009,2024-06-24,豊橋競輪,F1,9,Ｓ級予選,18:54,18:49,7,https://keirin.kdreams.jp/toyohashi/racedetail/4520240624010009/?pageType=result,2026-08-31T04:04:15.485443+00:00,1-5/6-2/3-7-4,published,中部競輪,楽天Kドリームス 並び予想
4520240624010010,2024-06-24,豊橋競輪,F1,10,Ｓ級予選,19:23,19:18,7,https://keirin.kdreams.jp/toyohashi/racedetail/4520240624010010/?pageType=result,2026-08-31T04:04:17.156730+00:00,3-7/4-5-1/6-2,published,中部競輪,楽天Kドリームス 並び予想
4520240624010011,2024-06-24,豊橋競輪,F1,11,Ｓ級予選,19:54,19:49,7,https://keirin.kdreams.jp/toyohashi/racedetail/4520240624010011/?pageType=result,2026-08-31T04:04:18.701500+00:00,4-2-7/5-1/6-3,published,中部競輪,楽天Kドリームス 並び予想
4520240624010012,2024-06-24,豊橋競輪,F1,12,Ｓ級初日特選,20:25,20:20,7,https://keirin.kdreams.jp/toyohashi/racedetail/4520240624010012/?pageType=result,2026-08-31T04:04:20.328960+00:00,5-1/2-7/3-6/4,published,中部競輪,楽天Kドリームス 並び予想
3620240624020006,2024-06-25,小田原競輪,F1,6,Ｓ級一般,13:47,13:42,6,https://keirin.kdreams.jp/odawara/racedetail/3620240624020006/?pageType=result,2026-08-31T04:03:54.862805+00:00,1-2/3/6-5-4,published,小田競・サイクル,楽天Kドリームス 並び予想
3620240624020007,2024-06-25,小田原競輪,F1,7,Ｓ級選抜,14:16,14:11,7,https://keirin.kdreams.jp/odawara/racedetail/3620240624020007/?pageType=result,2026-08-31T04:03:56.360562+00:00,6-3-5-1/2-4-7,published,小田競・サイクル,楽天Kドリームス 並び予想
3620240624020008,2024-06-25,小田原競輪,F1,8,Ｓ級選抜,14:46,14:41,7,https://keirin.kdreams.jp/odawara/racedetail/3620240624020008/?pageType=result,2026-08-31T04:03:57.907441+00:00,2-4/1/5-6/7-3,published,小田競・サイクル,楽天Kドリームス 並び予想
3620240624020009,2024-06-25,小田原競輪,F1,9,Ｓ級準決勝,15:16,15:11,7,https://keirin.kdreams.jp/odawara/racedetail/3620240624020009/?pageType=result,2026-08-31T04:03:59.411175+00:00,1-4/5-2/6-3-7,published,小田競・サイクル,楽天Kドリームス 並び予想
3620240624020010,2024-06-25,小田原競輪,F1,10,Ｓ級準決勝,15:49,15:44,7,https://keirin.kdreams.jp/odawara/racedetail/3620240624020010/?pageType=result,2026-08-31T04:04:00.957988+00:00,3-5/7-1/2-4/6,published,小田競・サイクル,楽天Kドリームス 並び予想
3620240624020011,2024-06-25,小田原競輪,F1,11,Ｓ級準決勝,16:22,16:17,7,https://keirin.kdreams.jp/odawara/racedetail/3620240624020011/?pageType=result,2026-08-31T04:04:02.441387+00:00,5-1-6/7-2/3-4,published,小田競・サイクル,楽天Kドリームス 並び予想
4520240624020008,2024-06-25,豊橋競輪,F1,8,Ｓ級一般,18:39,18:34,7,https://keirin.kdreams.jp/toyohashi/racedetail/4520240624020008/?pageType=result,2026-08-31T04:04:21.892110+00:00,1-5/2/3-6/7-4,published,中部競輪,楽天Kドリームス 並び予想
4520240624020009,2024-06-25,豊橋競輪,F1,9,Ｓ級一般,19:05,19:00,7,https://keirin.kdreams.jp/toyohashi/racedetail/4520240624020009/?pageType=result,2026-08-31T04:04:23.487916+00:00,4-7-1/6-2/5-3,published,中部競輪,楽天Kドリームス 並び予想
4520240624020010,2024-06-25,豊橋競輪,F1,10,Ｓ級準決勝,19:32,19:27,7,https://keirin.kdreams.jp/toyohashi/racedetail/4520240624020010/?pageType=result,2026-08-31T04:04:25.032102+00:00,6-4-1/7-3/2-5,published,中部競輪,楽天Kドリームス 並び予想
4520240624020011,2024-06-25,豊橋競輪,F1,11,Ｓ級準決勝,20:00,19:55,7,https://keirin.kdreams.jp/toyohashi/racedetail/4520240624020011/?pageType=result,2026-08-31T04:04:26.640312+00:00,7-2-4-1/6-3-5,published,中部競輪,楽天Kドリームス 並び予想
4520240624020012,2024-06-25,豊橋競輪,F1,12,Ｓ級準決勝,20:30,20:25,7,https://keirin.kdreams.jp/toyohashi/racedetail/4520240624020012/?pageType=result,2026-08-31T04:04:28.225961+00:00,4-2-6/1/5/7-3,published,中部競輪,楽天Kドリームス 並び予想
8120240626010006,2024-06-26,小倉競輪,F1,6,Ｓ級予選,17:37,17:32,7,https://keirin.kdreams.jp/kokura/racedetail/8120240626010006/?pageType=result,2026-08-31T04:04:37.490143+00:00,7-1/4-2/3-5-6,published,コンドル出版社,楽天Kドリームス 並び予想
8120240626010007,2024-06-26,小倉競輪,F1,7,Ｓ級予選,18:03,17:58,7,https://keirin.kdreams.jp/kokura/racedetail/8120240626010007/?pageType=result,2026-08-31T04:04:39.060320+00:00,5-1-6/7-2/3-4,published,コンドル出版社,楽天Kドリームス 並び予想
8120240626010008,2024-06-26,小倉競輪,F1,8,Ｓ級予選,18:29,18:24,7,https://keirin.kdreams.jp/kokura/racedetail/8120240626010008/?pageType=result,2026-08-31T04:04:41.566776+00:00,5-1-7/6-2/3-4,published,コンドル出版社,楽天Kドリームス 並び予想
8120240626010009,2024-06-26,小倉競輪,F1,9,Ｓ級予選,18:55,18:50,7,https://keirin.kdreams.jp/kokura/racedetail/8120240626010009/?pageType=result,2026-08-31T04:04:43.414248+00:00,7-1-5/2-4/6-3,published,コンドル出版社,楽天Kドリームス 並び予想
8120240626010010,2024-06-26,小倉競輪,F1,10,Ｓ級予選,19:22,19:17,7,https://keirin.kdreams.jp/kokura/racedetail/8120240626010010/?pageType=result,2026-08-31T04:04:45.761380+00:00,4-1-7/2-5/6-3,published,コンドル出版社,楽天Kドリームス 並び予想
8120240626010011,2024-06-26,小倉競輪,F1,11,Ｓ級予選,19:50,19:45,7,https://keirin.kdreams.jp/kokura/racedetail/8120240626010011/?pageType=result,2026-08-31T04:04:47.901071+00:00,5-2-4/7-1/6-3,published,コンドル出版社,楽天Kドリームス 並び予想
8120240626010012,2024-06-26,小倉競輪,F1,12,Ｓ級初特選,20:20,20:15,7,https://keirin.kdreams.jp/kokura/racedetail/8120240626010012/?pageType=result,2026-08-31T04:04:49.713188+00:00,3-5/7-2/1-6/4,published,コンドル出版社,楽天Kドリームス 並び予想
7320240626010008,2024-06-26,小松島競輪,F1,8,Ｓ級予選,13:44,13:39,6,https://keirin.kdreams.jp/komatsushima/racedetail/7320240626010008/?pageType=result,2026-08-31T04:05:15.943734+00:00,3-5-1/4-2-6,published,競輪毎日,楽天Kドリームス 並び予想
7320240626010009,2024-06-26,小松島競輪,F1,9,Ｓ級予選,14:13,14:08,6,https://keirin.kdreams.jp/komatsushima/racedetail/7320240626010009/?pageType=result,2026-08-31T04:05:18.389213+00:00,4-3/6-1/2-5,published,競輪毎日,楽天Kドリームス 並び予想
7320240626010010,2024-06-26,小松島競輪,F1,10,Ｓ級予選,14:49,14:44,7,https://keirin.kdreams.jp/komatsushima/racedetail/7320240626010010/?pageType=result,2026-08-31T04:05:20.261252+00:00,4-1/2-7-5/3-6,published,競輪毎日,楽天Kドリームス 並び予想
7320240626010011,2024-06-26,小松島競輪,F1,11,Ｓ級予選,15:31,15:26,7,https://keirin.kdreams.jp/komatsushima/racedetail/7320240626010011/?pageType=result,2026-08-31T04:05:21.975433+00:00,1-5/6-2/3-4/7,published,競輪毎日,楽天Kドリームス 並び予想
7320240626010012,2024-06-26,小松島競輪,F1,12,Ｓ級初日特選,16:13,16:08,7,https://keirin.kdreams.jp/komatsushima/racedetail/7320240626010012/?pageType=result,2026-08-31T04:05:23.544504+00:00,6-1/3/5/2-7/4,published,競輪毎日,楽天Kドリームス 並び予想
3620240624030005,2024-06-26,小田原競輪,F1,5,Ｓ級一般,14:03,13:58,7,https://keirin.kdreams.jp/odawara/racedetail/3620240624030005/?pageType=result,2026-08-31T04:04:03.932197+00:00,4-1-7-6/2/3-5,published,小田競・サイクル,楽天Kドリームス 並び予想
3620240624030006,2024-06-26,小田原競輪,F1,6,Ｓ級特選,14:31,14:26,7,https://keirin.kdreams.jp/odawara/racedetail/3620240624030006/?pageType=result,2026-08-31T04:04:05.374022+00:00,4-1/5-2/3-7/6,published,小田競・サイクル,楽天Kドリームス 並び予想
3620240624030007,2024-06-26,小田原競輪,F1,7,Ｓ級特選,14:59,14:54,7,https://keirin.kdreams.jp/odawara/racedetail/3620240624030007/?pageType=result,2026-08-31T04:04:08.083841+00:00,3-7/1-5-6/2-4,published,小田競・サイクル,楽天Kドリームス 並び予想
3620240624030008,2024-06-26,小田原競輪,F1,8,Ｓ級特選,15:30,15:25,7,https://keirin.kdreams.jp/odawara/racedetail/3620240624030008/?pageType=result,2026-08-31T04:04:09.822098+00:00,7-1/2-4/3-5/6,published,小田競・サイクル,楽天Kドリームス 並び予想
3620240624030010,2024-06-26,小田原競輪,F1,10,Ｓ級決勝,16:36,16:31,7,https://keirin.kdreams.jp/odawara/racedetail/3620240624030010/?pageType=result,2026-08-31T04:04:11.443080+00:00,1-7/6-2/4-3/5,published,小田競・サイクル,楽天Kドリームス 並び予想
4520240624030006,2024-06-26,豊橋競輪,F1,6,Ｓ級一般,17:47,17:42,7,https://keirin.kdreams.jp/toyohashi/racedetail/4520240624030006/?pageType=result,2026-08-31T04:04:29.769457+00:00,1-4/7-5-2/6-3,published,中部競輪,楽天Kドリームス 並び予想
4520240624030007,2024-06-26,豊橋競輪,F1,7,Ｓ級一般,18:13,18:08,7,https://keirin.kdreams.jp/toyohashi/racedetail/4520240624030007/?pageType=result,2026-08-31T04:04:31.308931+00:00,1-6/4-2-7/3-5,published,中部競輪,楽天Kドリームス 並び予想
4520240624030008,2024-06-26,豊橋競輪,F1,8,Ｓ級特選,18:39,18:34,7,https://keirin.kdreams.jp/toyohashi/racedetail/4520240624030008/?pageType=result,2026-08-31T04:04:32.854517+00:00,7-1/4/6/2-5-3,published,中部競輪,楽天Kドリームス 並び予想
4520240624030009,2024-06-26,豊橋競輪,F1,9,Ｓ級特選,19:05,19:00,7,https://keirin.kdreams.jp/toyohashi/racedetail/4520240624030009/?pageType=result,2026-08-31T04:04:34.366324+00:00,6-1-4/2-7/5-3,published,中部競輪,楽天Kドリームス 並び予想
4520240624030012,2024-06-26,豊橋競輪,F1,12,Ｓ級決勝,20:30,20:25,7,https://keirin.kdreams.jp/toyohashi/racedetail/4520240624030012/?pageType=result,2026-08-31T04:04:35.929443+00:00,1-4-5-3/2-7/6,published,中部競輪,楽天Kドリームス 並び予想
8120240626020006,2024-06-27,小倉競輪,F1,6,Ｓ級一般,17:50,17:45,7,https://keirin.kdreams.jp/kokura/racedetail/8120240626020006/?pageType=result,2026-08-31T04:04:52.479502+00:00,5-1/2-7/6-3-4,published,コンドル出版社,楽天Kドリームス 並び予想
8120240626020007,2024-06-27,小倉競輪,F1,7,Ｓ級一般,18:15,18:10,7,https://keirin.kdreams.jp/kokura/racedetail/8120240626020007/?pageType=result,2026-08-31T04:04:54.401661+00:00,6-5-2/4/1-7-3,published,コンドル出版社,楽天Kドリームス 並び予想
8120240626020008,2024-06-27,小倉競輪,F1,8,Ｓ級選抜,18:40,18:35,7,https://keirin.kdreams.jp/kokura/racedetail/8120240626020008/?pageType=result,2026-08-31T04:04:56.219728+00:00,4-1-5/6-2/3-7,published,コンドル出版社,楽天Kドリームス 並び予想
8120240626020009,2024-06-27,小倉競輪,F1,9,Ｓ級選抜,19:05,19:00,7,https://keirin.kdreams.jp/kokura/racedetail/8120240626020009/?pageType=result,2026-08-31T04:04:57.904217+00:00,4-1-7/2/3-5-6,published,コンドル出版社,楽天Kドリームス 並び予想
8120240626020010,2024-06-27,小倉競輪,F1,10,Ｓ級準決勝,19:31,19:26,7,https://keirin.kdreams.jp/kokura/racedetail/8120240626020010/?pageType=result,2026-08-31T04:04:59.451325+00:00,3-4-7/5-1/6-2,published,コンドル出版社,楽天Kドリームス 並び予想
8120240626020011,2024-06-27,小倉競輪,F1,11,Ｓ級準決勝,19:58,19:53,7,https://keirin.kdreams.jp/kokura/racedetail/8120240626020011/?pageType=result,2026-08-31T04:05:00.952147+00:00,5-1/2-4/7-3/6,published,コンドル出版社,楽天Kドリームス 並び予想
8120240626020012,2024-06-27,小倉競輪,F1,12,Ｓ級準決勝,20:25,20:20,7,https://keirin.kdreams.jp/kokura/racedetail/8120240626020012/?pageType=result,2026-08-31T04:05:02.523911+00:00,7-1-3-5-4/6-2,published,コンドル出版社,楽天Kドリームス 並び予想
7320240626020008,2024-06-27,小松島競輪,F1,8,Ｓ級一般,13:44,13:39,5,https://keirin.kdreams.jp/komatsushima/racedetail/7320240626020008/?pageType=result,2026-08-31T04:05:25.849638+00:00,1-2-5/3-4,published,競輪毎日,楽天Kドリームス 並び予想
7320240626020009,2024-06-27,小松島競輪,F1,9,Ｓ級一般,14:13,14:08,6,https://keirin.kdreams.jp/komatsushima/racedetail/7320240626020009/?pageType=result,2026-08-31T04:05:27.465450+00:00,1/2-3-5/4-6,published,競輪毎日,楽天Kドリームス 並び予想
7320240626020010,2024-06-27,小松島競輪,F1,10,Ｓ級準決勝,14:49,14:44,7,https://keirin.kdreams.jp/komatsushima/racedetail/7320240626020010/?pageType=result,2026-08-31T04:05:29.130093+00:00,1-4-7/2-6/3-5,published,競輪毎日,楽天Kドリームス 並び予想
7320240626020011,2024-06-27,小松島競輪,F1,11,Ｓ級準決勝,15:31,15:26,7,https://keirin.kdreams.jp/komatsushima/racedetail/7320240626020011/?pageType=result,2026-08-31T04:05:30.858388+00:00,1-4/2/7-3/6-5,published,競輪毎日,楽天Kドリームス 並び予想
7320240626020012,2024-06-27,小松島競輪,F1,12,Ｓ級準決勝,16:13,16:08,7,https://keirin.kdreams.jp/komatsushima/racedetail/7320240626020012/?pageType=result,2026-08-31T04:05:32.451511+00:00,1-5-7/4-2/3-6,published,競輪毎日,楽天Kドリームス 並び予想
8120240626030005,2024-06-28,小倉競輪,F1,5,Ｓ級一般,17:34,17:29,6,https://keirin.kdreams.jp/kokura/racedetail/8120240626030005/?pageType=result,2026-08-31T04:05:03.902839+00:00,5-1/4/6-3-2,published,コンドル出版社,楽天Kドリームス 並び予想
8120240626030006,2024-06-28,小倉競輪,F1,6,Ｓ級一般,17:59,17:54,6,https://keirin.kdreams.jp/kokura/racedetail/8120240626030006/?pageType=result,2026-08-31T04:05:06.367103+00:00,1-5/3-2-4/6,published,コンドル出版社,楽天Kドリームス 並び予想
8120240626030007,2024-06-28,小倉競輪,F1,7,Ｓ級一般,18:24,18:19,7,https://keirin.kdreams.jp/kokura/racedetail/8120240626030007/?pageType=result,2026-08-31T04:05:08.155134+00:00,5-1/2-7/4/6-3,published,コンドル出版社,楽天Kドリームス 並び予想
8120240626030008,2024-06-28,小倉競輪,F1,8,Ｓ級特選,18:49,18:44,7,https://keirin.kdreams.jp/kokura/racedetail/8120240626030008/?pageType=result,2026-08-31T04:05:09.875883+00:00,1-4-6/2-5/3-7,published,コンドル出版社,楽天Kドリームス 並び予想
8120240626030009,2024-06-28,小倉競輪,F1,9,Ｓ級特選,19:14,19:09,7,https://keirin.kdreams.jp/kokura/racedetail/8120240626030009/?pageType=result,2026-08-31T04:05:11.397241+00:00,7-1-5/4-2/6-3,published,コンドル出版社,楽天Kドリームス 並び予想
8120240626030010,2024-06-28,小倉競輪,F1,10,Ｓ級特選,19:39,19:34,7,https://keirin.kdreams.jp/kokura/racedetail/8120240626030010/?pageType=result,2026-08-31T04:05:12.962271+00:00,4-1/7-2/5/6-3,published,コンドル出版社,楽天Kドリームス 並び予想
8120240626030012,2024-06-28,小倉競輪,F1,12,Ｓ級決勝,20:35,20:30,7,https://keirin.kdreams.jp/kokura/racedetail/8120240626030012/?pageType=result,2026-08-31T04:05:14.504017+00:00,5-6-3/4-1/2-7,published,コンドル出版社,楽天Kドリームス 並び予想
7320240626030006,2024-06-28,小松島競輪,F1,6,Ｓ級一般,12:46,12:41,6,https://keirin.kdreams.jp/komatsushima/racedetail/7320240626030006/?pageType=result,2026-08-31T04:05:33.840677+00:00,4-3-1/5-2/6,published,競輪毎日,楽天Kドリームス 並び予想
7320240626030007,2024-06-28,小松島競輪,F1,7,Ｓ級一般,13:15,13:10,7,https://keirin.kdreams.jp/komatsushima/racedetail/7320240626030007/?pageType=result,2026-08-31T04:05:35.369043+00:00,1-7-3/5-2/4-6,published,競輪毎日,楽天Kドリームス 並び予想
7320240626030008,2024-06-28,小松島競輪,F1,8,Ｓ級特選,13:44,13:39,7,https://keirin.kdreams.jp/komatsushima/racedetail/7320240626030008/?pageType=result,2026-08-31T04:05:36.885857+00:00,1-7/5-2/6-3/4,published,競輪毎日,楽天Kドリームス 並び予想
7320240626030009,2024-06-28,小松島競輪,F1,9,Ｓ級特選,14:13,14:08,7,https://keirin.kdreams.jp/komatsushima/racedetail/7320240626030009/?pageType=result,2026-08-31T04:05:38.460201+00:00,5-4/7-1/6-2/3,published,競輪毎日,楽天Kドリームス 並び予想
7320240626030012,2024-06-28,小松島競輪,F1,12,Ｓ級決勝,16:13,16:08,7,https://keirin.kdreams.jp/komatsushima/racedetail/7320240626030012/?pageType=result,2026-08-31T04:05:39.976589+00:00,1-3-7/5-2-4-6,published,競輪毎日,楽天Kドリームス 並び予想
1320240629010008,2024-06-29,いわき平競輪,F1,8,Ｓ級予選,18:35,18:30,7,https://keirin.kdreams.jp/iwakitaira/racedetail/1320240629010008/?pageType=result,2026-08-31T04:07:09.642089+00:00,1-7/5-4-2/6-3,published,アオケイ,楽天Kドリームス 並び予想
1320240629010009,2024-06-29,いわき平競輪,F1,9,Ｓ級予選,19:00,18:55,7,https://keirin.kdreams.jp/iwakitaira/racedetail/1320240629010009/?pageType=result,2026-08-31T04:07:11.157347+00:00,4-1-5/6/7-2-3,published,アオケイ,楽天Kドリームス 並び予想
1320240629010010,2024-06-29,いわき平競輪,F1,10,Ｓ級予選,19:25,19:20,7,https://keirin.kdreams.jp/iwakitaira/racedetail/1320240629010010/?pageType=result,2026-08-31T04:07:12.677010+00:00,1-6/7-2/5-3/4,published,アオケイ,楽天Kドリームス 並び予想
1320240629010011,2024-06-29,いわき平競輪,F1,11,Ｓ級予選,19:50,19:45,7,https://keirin.kdreams.jp/iwakitaira/racedetail/1320240629010011/?pageType=result,2026-08-31T04:07:14.161821+00:00,1-3-7/6/4-5-2,published,アオケイ,楽天Kドリームス 並び予想
1320240629010012,2024-06-29,いわき平競輪,F1,12,Ｓ級初日特選,20:20,20:15,7,https://keirin.kdreams.jp/iwakitaira/racedetail/1320240629010012/?pageType=result,2026-08-31T04:07:16.559984+00:00,1/6-2/3-7-5-4,published,アオケイ,楽天Kドリームス 並び予想
1320240629020008,2024-06-30,いわき平競輪,F1,8,Ｓ級一般,18:35,18:30,7,https://keirin.kdreams.jp/iwakitaira/racedetail/1320240629020008/?pageType=result,2026-08-31T04:07:18.219517+00:00,6-1/4-7-2/3-5,published,アオケイ,楽天Kドリームス 並び予想
1320240629020009,2024-06-30,いわき平競輪,F1,9,Ｓ級一般,19:00,18:55,7,https://keirin.kdreams.jp/iwakitaira/racedetail/1320240629020009/?pageType=result,2026-08-31T04:07:19.755057+00:00,4-7-1-5/3/6-2,published,アオケイ,楽天Kドリームス 並び予想
1320240629020010,2024-06-30,いわき平競輪,F1,10,Ｓ級準決勝,19:25,19:20,7,https://keirin.kdreams.jp/iwakitaira/racedetail/1320240629020010/?pageType=result,2026-08-31T04:07:21.271882+00:00,7-1/4/3-5/6-2,published,アオケイ,楽天Kドリームス 並び予想
1320240629020011,2024-06-30,いわき平競輪,F1,11,Ｓ級準決勝,19:50,19:45,7,https://keirin.kdreams.jp/iwakitaira/racedetail/1320240629020011/?pageType=result,2026-08-31T04:07:22.817766+00:00,4-1/2-6/7-3-5,published,アオケイ,楽天Kドリームス 並び予想
1320240629020012,2024-06-30,いわき平競輪,F1,12,Ｓ級準決勝,20:20,20:15,7,https://keirin.kdreams.jp/iwakitaira/racedetail/1320240629020012/?pageType=result,2026-08-31T04:07:24.322861+00:00,4-1-6/5-2/3-7,published,アオケイ,楽天Kドリームス 並び予想
5320240630010008,2024-06-30,奈良競輪,F1,8,Ｓ級予選,18:30,18:25,7,https://keirin.kdreams.jp/nara/racedetail/5320240630010008/?pageType=result,2026-08-31T04:07:32.369688+00:00,7-4-1/3-5-2/6,published,競輪研究,楽天Kドリームス 並び予想
5320240630010009,2024-06-30,奈良競輪,F1,9,Ｓ級予選,18:55,18:50,7,https://keirin.kdreams.jp/nara/racedetail/5320240630010009/?pageType=result,2026-08-31T04:07:33.898227+00:00,6-1-5/2-7/4-3,published,競輪研究,楽天Kドリームス 並び予想
5320240630010010,2024-06-30,奈良競輪,F1,10,Ｓ級予選,19:20,19:15,7,https://keirin.kdreams.jp/nara/racedetail/5320240630010010/?pageType=result,2026-08-31T04:07:35.397382+00:00,5-4-1/7-2/6-3,published,競輪研究,楽天Kドリームス 並び予想
5320240630010011,2024-06-30,奈良競輪,F1,11,Ｓ級予選,19:45,19:40,7,https://keirin.kdreams.jp/nara/racedetail/5320240630010011/?pageType=result,2026-08-31T04:07:36.920095+00:00,1-5-4/7-2/3-6,published,競輪研究,楽天Kドリームス 並び予想
5320240630010012,2024-06-30,奈良競輪,F1,12,Ｓ級初日特選,20:15,20:10,7,https://keirin.kdreams.jp/nara/racedetail/5320240630010012/?pageType=result,2026-08-31T04:07:38.405621+00:00,4-1-6/7-2/5-3,published,競輪研究,楽天Kドリームス 並び予想
7120240630010008,2024-06-30,高松競輪,F1,8,Ｓ級予選,13:55,13:50,7,https://keirin.kdreams.jp/takamatsu/racedetail/7120240630010008/?pageType=result,2026-08-31T04:07:52.994025+00:00,6-7-1/2-5/4-3,published,競輪毎日,楽天Kドリームス 並び予想
7120240630010009,2024-06-30,高松競輪,F1,9,Ｓ級予選,14:25,14:20,7,https://keirin.kdreams.jp/takamatsu/racedetail/7120240630010009/?pageType=result,2026-08-31T04:07:54.503993+00:00,1-6/2-7-4/3/5,published,競輪毎日,楽天Kドリームス 並び予想
7120240630010010,2024-06-30,高松競輪,F1,10,Ｓ級予選,14:55,14:50,7,https://keirin.kdreams.jp/takamatsu/racedetail/7120240630010010/?pageType=result,2026-08-31T04:07:56.068240+00:00,1-4/7-2-5/6-3,published,競輪毎日,楽天Kドリームス 並び予想
7120240630010011,2024-06-30,高松競輪,F1,11,Ｓ級予選,15:30,15:25,7,https://keirin.kdreams.jp/takamatsu/racedetail/7120240630010011/?pageType=result,2026-08-31T04:07:57.576612+00:00,5-1-7/2-6/4-3,published,競輪毎日,楽天Kドリームス 並び予想
7120240630010012,2024-06-30,高松競輪,F1,12,Ｓ級初日特選,16:15,16:10,7,https://keirin.kdreams.jp/takamatsu/racedetail/7120240630010012/?pageType=result,2026-08-31T04:07:59.107998+00:00,1-6-4/5-2/7-3,published,競輪毎日,楽天Kドリームス 並び予想
