race_id,purchased,reason,winner,winner_selected,winner_kind,stake_yen,payout_yen,profit_yen,tickets,ticket_count,hole_count,main_count,min_hit_roi_pct,reciprocal_odds_sum
1120230427010006,1,,1-5-7,1,main,500,640.0,140.0,main:1-3-7@6.0x1u | hole:5-6-7@26.1x1u | hole:2-5-6@12.8x1u | hole:2-5-7@9.4x1u | main:1-5-7@6.4x1u,5,3,2,120.0,0.545738822
1120230427010007,1,,1-2-4,0,,600,0,-600,main:1-3-5@3.8x2u | hole:2-4-7@9.1x1u | hole:2-5-6@256.7x1u | hole:2-3-6@308.1x1u | main:2-4-5@7.1x1u,5,3,2,118.333333,0.521034372
1120230427010008,1,,3-4-5,0,,800,0,-800,main:3-5-7@2.7x3u | hole:1-4-6@30.2x1u | hole:1-2-4@50.5x1u | hole:1-4-7@15.7x1u | main:1-3-7@4.1x2u,5,3,2,101.25,0.73088164
1120230427010009,1,,1-3-7,1,main,700,900.0,200.0,main:1-5-7@3.7x2u | hole:3-4-7@9.3x1u | hole:1-3-4@29.1x1u | hole:4-6-7@116.5x1u | main:1-3-7@4.5x2u,5,3,2,105.714286,0.642967326
1120230427010010,1,,2-5-7,1,main,800,990.0,190.0,main:2-5-7@3.3x3u | hole:3-4-7@12.2x1u | hole:3-4-5@137.6x1u | hole:1-3-7@45.3x1u | main:2-3-5@4.2x2u,5,3,2,105.0,0.652435251
1120230427010011,0,no_alternative_scenario,1-4-7,,,,,,,,,,,
1120230523010008,1,,2-5-7,1,main,800,960.0,160.0,main:2-5-7@3.2x3u | hole:2-3-4@30.7x1u | hole:3-4-5@28.0x1u | hole:1-2-3@98.6x1u | main:1-2-7@4.8x2u,5,3,2,120.0,0.599262897
1120230523010009,1,,1-2-5,0,,700,0,-700,main:1-2-4@2.6x3u | hole:2-6-7@494.8x1u | hole:1-3-6@218.1x1u | main:1-3-4@4.9x2u,4,2,2,111.428571,0.595303089
1120230523010010,1,,3-5-7,0,,1400,0,-1400,main:2-4-5@1.8x8u | hole:1-6-7@171.2x1u | hole:1-4-6@290.5x1u | hole:1-5-6@206.7x1u | main:4-5-7@5.0x3u,5,3,2,102.857143,0.769676947
1120230523010011,1,,1-4-7,1,main,800,900.0,100.0,main:1-4-7@3.0x3u | hole:2-4-5@17.9x1u | hole:1-2-5@32.7x1u | hole:4-5-6@152.9x1u | main:1-2-4@4.3x2u,5,3,2,107.5,0.658878657
1120230603010006,1,,2-4-5,0,,600,0,-600,main:3-4-5@4.0x2u | hole:2-4-6@23.7x1u | hole:2-5-6@77.5x1u | hole:2-3-6@107.7x1u | main:1-4-7@7.7x1u,5,3,2,128.333333,0.4442525
1120230603010007,1,,1-3-4,0,,900,0,-900,main:3-4-5@2.3x4u | hole:2-3-7@24.2x1u | hole:1-2-5@71.9x1u | hole:2-3-6@80.1x1u | main:3-4-7@6.4x2u,5,3,2,102.222222,0.658747523
1120230603010008,1,,1-3-4,1,hole,900,1360.0,460.0,main:1-2-7@3.4x3u | hole:1-3-4@6.8x2u | hole:2-3-4@35.3x1u | hole:3-5-7@178.1x1u | main:2-5-7@5.0x2u,5,3,2,111.111111,0.675119906
1120230603010009,1,,1-4-7,0,,800,0,-800,main:1-3-4@3.0x3u | hole:1-5-7@8.8x1u | hole:1-6-7@52.9x1u | hole:2-4-7@90.0x1u | main:3-4-7@5.7x2u,5,3,2,110.0,0.652422996
1120230603010010,1,,4-5-7,0,,400,0,-400,main:3-4-5@2.6x2u | hole:2-4-7@7.6x1u | main:2-3-4@6.0x1u,3,1,2,130.0,0.682860999
1120230603010011,1,,2-4-5,1,main,1800,1860.0,60.0,main:2-5-7@2.4x8u | hole:4-5-6@234.7x1u | hole:3-4-5@12.6x2u | hole:2-4-6@293.4x1u | main:2-4-5@3.1x6u,5,3,2,103.333333,0.826281466
1120230622010006,1,,4-5-7,0,,700,0,-700,main:1-4-7@3.9x2u | hole:3-4-5@15.7x1u | hole:2-4-5@33.1x1u | hole:2-4-6@172.5x1u | main:2-4-7@4.6x2u,5,3,2,111.428571,0.57350441
1120230622010007,1,,2-3-5,1,main,700,1000.0,300.0,main:2-5-7@4.2x2u | hole:3-4-5@55.2x1u | hole:3-5-6@31.6x1u | hole:3-4-6@93.1x1u | main:2-3-5@5.0x2u,5,3,2,120.0,0.498597888
1120230622010008,1,,1-5-7,1,main,800,1240.0,440.0,main:1-2-7@2.7x3u | hole:1-4-5@14.3x1u | hole:1-3-4@43.2x1u | hole:3-4-7@38.4x1u | main:1-5-7@6.2x2u,5,3,2,101.25,0.650780578
1120230622010009,1,,1-3-4,0,,300,0,-300,main:1-3-7@4.2x1u | hole:1-2-4@11.5x1u | main:1-4-5@4.8x1u,3,1,2,140.0,0.533385093
1120230622010010,1,,3-4-5,0,,700,0,-700,main:3-5-7@3.7x2u | hole:1-2-5@13.7x1u | hole:1-3-4@30.3x1u | hole:4-5-6@427.5x1u | main:1-3-7@4.0x2u,5,3,2,105.714286,0.628605453
1120230622010011,1,,1-3-4,1,hole,600,870.0,270.0,main:1-5-6@4.0x2u | hole:1-3-4@8.7x1u | hole:3-4-5@12.5x1u | main:1-3-5@4.0x2u,4,2,2,133.333333,0.694942529
1120230715010004,1,,3-5-7,0,,500,0,-500,main:1-2-5@6.0x1u | hole:2-3-7@17.8x1u | hole:2-6-7@68.1x1u | hole:3-5-6@173.4x1u | main:1-3-5@6.6x1u,5,3,2,120.0,0.394812894
1120230715010005,1,,3-7-9,0,,500,0,-500,main:3-5-7@6.9x1u | hole:1-7-9@13.0x1u | hole:2-7-9@15.8x1u | hole:1-2-9@14.0x1u | main:1-3-7@7.3x1u,5,3,2,138.0,0.493556625
1120230715010006,1,,2-5-9,1,main,500,840.0,340.0,main:1-2-9@6.1x1u | hole:1-5-7@20.2x1u | hole:1-3-7@37.8x1u | hole:1-4-7@59.3x1u | main:2-5-9@8.4x1u,5,3,2,122.0,0.375805429
1120230715010007,1,,1-5-8,0,,500,0,-500,main:2-7-9@7.6x1u | hole:1-3-5@17.8x1u | hole:2-3-5@12.0x1u | hole:3-5-8@71.6x1u | main:2-3-7@7.6x1u,5,3,2,152.0,0.416637484
1120230715010008,1,,1-4-5,1,main,500,650.0,150.0,main:1-4-5@6.5x1u | hole:2-3-4@27.7x1u | hole:3-4-9@33.1x1u | hole:3-4-8@35.1x1u | main:1-5-9@9.9x1u,5,3,2,130.0,0.349658847
1120230715010009,1,,2-3-5,0,,700,0,-700,main:2-3-9@4.6x2u | hole:4-8-9@296.0x1u | hole:1-3-4@50.5x1u | hole:1-4-9@202.3x1u | main:3-4-9@4.9x2u,5,3,2,131.428571,0.449596449
1120230715010010,1,,2-5-8,1,main,700,780.0,80.0,main:2-5-8@3.9x2u | hole:3-5-7@17.5x1u | hole:4-5-7@142.5x1u | hole:3-4-5@154.2x1u | main:2-5-7@5.5x2u,5,3,2,111.428571,0.508873924
1120230715010011,1,,5-6-9,0,,700,0,-700,main:1-4-5@3.6x2u | hole:2-5-9@26.8x1u | hole:2-5-6@171.8x1u | hole:3-5-6@82.0x1u | main:1-2-5@4.8x2u,5,3,2,102.857143,0.541440388
1120230823010006,1,,2-3-7,0,,1500,0,-1500,main:2-3-4@1.7x9u | hole:1-5-7@10.5x2u | hole:1-6-7@25.6x1u | hole:2-6-7@37.4x1u | main:1-2-7@9.0x2u,5,3,2,102.0,0.860384968
1120230823010007,1,,1-4-5,1,main,1100,1140.0,40.0,main:1-4-7@3.1x4u | hole:2-3-5@30.2x1u | hole:1-3-5@22.5x1u | hole:1-2-5@6.8x2u | main:1-4-5@3.8x3u,5,3,2,103.636364,0.810354391
1120230823010008,1,,2-3-4,0,,600,0,-600,main:1-2-7@4.9x2u | hole:1-4-5@41.6x1u | hole:1-3-4@36.5x1u | hole:1-3-5@54.2x1u | main:1-5-6@7.1x1u,5,3,2,118.333333,0.414812609
1120230823010009,1,,1-4-7,1,main,1000,1050.0,50.0,main:1-4-7@2.1x5u | hole:2-5-7@37.7x1u | hole:1-2-5@16.1x1u | hole:2-4-5@97.1x1u | main:1-2-7@7.8x2u,5,3,2,105.0,0.703331266
1120230823010010,1,,2-3-4,0,,700,0,-700,main:3-4-5@4.4x2u | hole:1-2-7@68.7x1u | hole:2-6-7@159.9x1u | hole:2-5-7@47.9x1u | main:3-4-7@4.1x2u,5,3,2,117.142857,0.512861942
1120230823010011,1,,2-5-7,1,main,2100,2160.0,60.0,main:2-5-7@1.8x12u | hole:1-2-4@11.8x2u | hole:1-4-5@35.6x1u | hole:4-5-6@389.1x1u | main:2-4-5@4.7x5u,5,3,2,102.857143,0.883727197
1120230926010006,1,,1-2-4,1,main,600,720.0,120.0,main:1-2-4@2.4x3u | hole:2-3-7@25.0x1u | hole:2-3-5@58.5x1u | main:1-4-7@6.7x1u,4,2,2,111.666667,0.623014415
1120230926010007,1,,3-4-5,1,main,700,760.0,60.0,main:3-4-5@3.8x2u | hole:1-5-7@20.3x1u | hole:1-3-7@30.8x1u | hole:1-2-7@49.3x1u | main:1-3-5@5.5x2u,5,3,2,108.571429,0.546988668
1120230926010008,1,,1-2-4,0,,800,0,-800,main:1-4-7@3.3x3u | hole:3-6-7@81.6x1u | hole:3-5-7@52.2x1u | hole:1-3-5@293.6x1u | main:1-3-7@4.8x2u,5,3,2,120.0,0.546181621
1120230926010009,1,,1-3-7,0,,800,0,-800,main:1-2-7@2.9x3u | hole:4-6-7@229.1x1u | hole:2-4-5@19.2x1u | hole:2-5-6@58.6x1u | main:1-4-7@6.4x2u,5,3,2,108.75,0.574590672
1120230926010010,1,,2-3-5,0,,1200,0,-1200,main:1-3-5@2.5x5u | hole:2-4-5@108.7x1u | hole:3-4-7@90.5x1u | hole:1-6-7@79.9x1u | main:1-3-6@3.1x4u,5,3,2,103.333333,0.755345645
1120230926010011,1,,3-6-7,1,hole,1600,4880.0,3280.0,main:1-4-7@1.8x9u | hole:2-6-7@217.7x1u | hole:3-5-7@135.9x1u | hole:3-6-7@48.8x1u | main:1-2-7@4.6x4u,5,3,2,101.25,0.805390492
1120231023010006,1,,1-2-5,0,,500,0,-500,main:2-4-7@5.6x1u | hole:1-4-6@17.4x1u | hole:1-3-4@24.3x1u | hole:1-3-5@39.1x1u | main:1-4-7@6.2x1u,5,3,2,112.0,0.464060726
1120231023010007,1,,2-3-5,0,,700,0,-700,main:1-4-7@4.7x2u | hole:2-3-4@18.4x1u | hole:3-4-5@19.6x1u | hole:3-5-7@83.8x1u | main:1-3-4@5.4x2u,5,3,2,134.285714,0.515252551
1120231023010008,1,,1-5-7,0,,700,0,-700,main:3-4-7@5.0x2u | hole:1-2-4@14.2x1u | hole:1-4-5@18.7x1u | hole:2-4-5@30.7x1u | main:1-3-4@4.6x2u,5,3,2,131.428571,0.573863065
1120231023010009,1,,1-3-5,0,,700,0,-700,main:1-5-7@5.1x2u | hole:3-4-5@12.2x1u | hole:3-4-7@37.8x1u | hole:2-3-4@28.3x1u | main:1-3-4@5.0x2u,5,3,2,142.857143,0.53983636
1120231023010010,1,,1-4-6,0,,700,0,-700,main:1-3-4@4.5x2u | hole:2-4-5@30.1x1u | hole:2-3-7@30.1x1u | hole:2-3-5@31.4x1u | main:1-2-4@5.0x2u,5,3,2,128.571429,0.520514539
1120231023010011,0,no_alternative_scenario,1-5-7,,,,,,,,,,,
1220230702010006,1,,1-3-5,0,,900,0,-900,main:1-3-7@3.1x3u | hole:1-4-6@30.8x1u | hole:1-4-5@15.3x1u | hole:2-5-7@185.1x1u | main:2-3-7@3.8x3u,5,3,2,103.333333,0.688968035
1220230702010007,1,,2-3-5,0,,600,0,-600,main:1-4-7@3.9x2u | hole:2-4-5@10.7x1u | hole:2-5-6@50.9x1u | hole:3-5-7@42.2x1u | main:3-4-7@6.9x1u,5,3,2,115.0,0.538138784
1220230702010008,1,,1-3-5,1,main,600,620.0,20.0,main:3-5-7@4.0x2u | hole:1-6-7@8.0x1u | hole:4-6-7@55.3x1u | hole:2-4-6@135.3x1u | main:1-3-5@6.2x1u,5,3,2,103.333333,0.561764488
1220230702010009,0,no_alternative_scenario,1-3-5,,,,,,,,,,,
1220230702010010,1,,2-6-7,1,main,600,690.0,90.0,main:2-3-7@3.2x2u | hole:1-2-6@69.9x1u | hole:1-2-5@249.5x1u | hole:2-5-6@127.8x1u | main:2-6-7@6.9x1u,5,3,2,106.666667,0.48356643
1220230702010011,1,,1-4-6,1,main,700,740.0,40.0,main:1-2-4@3.9x2u | hole:3-4-7@43.0x1u | hole:2-3-7@45.9x1u | hole:2-3-5@50.7x1u | main:1-4-6@3.7x2u,5,3,2,105.714286,0.591446699
1220230709010006,1,,2-4-5,1,main,1100,1160.0,60.0,main:2-4-5@2.9x4u | hole:1-2-3@48.2x1u | hole:1-3-4@93.9x1u | hole:1-3-5@42.4x1u | main:1-2-4@3.0x4u,5,3,2,105.454545,0.73314234
1220230709010007,1,,2-5-7,0,,700,0,-700,main:2-4-5@4.8x2u | hole:1-2-7@16.1x1u | hole:3-5-6@43.6x1u | hole:3-6-7@43.1x1u | main:1-5-7@6.0x2u,5,3,2,137.142857,0.483249437
1220230709010008,1,,3-6-7,0,,800,0,-800,main:3-5-7@3.4x3u | hole:1-4-6@58.8x1u | hole:2-3-6@46.0x1u | hole:1-3-6@82.2x1u | main:1-3-5@4.5x2u,5,3,2,112.5,0.567251253
1220230709010009,1,,1-2-6,0,,300,0,-300,main:1-5-7@3.4x1u | hole:3-4-7@81.7x1u | main:1-4-7@7.3x1u,3,1,2,113.333333,0.443343851
1220230709010010,1,,1-3-6,0,,900,0,-900,main:2-5-7@2.6x4u | hole:1-3-4@34.4x1u | hole:1-4-5@23.3x1u | hole:1-4-6@78.3x1u | main:1-2-5@5.8x2u,5,3,2,115.555556,0.641788792
1220230724010008,1,,1-2-5,1,main,700,820.0,120.0,main:1-2-5@4.1x2u | hole:1-4-7@8.5x1u | hole:2-3-6@86.9x1u | hole:2-4-6@168.2x1u | main:1-5-7@5.8x2u,5,3,2,117.142857,0.551416074
1220230724010009,1,,2-3-7,0,,500,0,-500,main:1-4-7@6.3x1u | hole:5-6-7@63.9x1u | hole:3-6-7@71.7x1u | hole:2-6-7@76.6x1u | main:2-4-7@5.7x1u,5,3,2,114.0,0.376820039
1220230724010010,1,,1-2-4,1,main,700,750.0,50.0,main:1-2-4@2.5x3u | hole:1-5-6@16.6x1u | hole:1-3-5@34.7x1u | hole:3-6-7@176.6x1u | main:1-2-5@8.6x1u,5,3,2,107.142857,0.611000992
1220230724010011,1,,2-4-5,0,,800,0,-800,main:1-4-5@2.7x3u | hole:1-6-7@333.8x1u | hole:2-3-7@126.9x1u | hole:2-4-6@32.1x1u | main:1-2-5@4.1x2u,5,3,2,101.25,0.656301484
1220230807010006,1,,4-5-7,0,,800,0,-800,main:1-5-7@3.1x3u | hole:2-3-5@12.7x1u | hole:3-4-5@71.1x1u | hole:1-3-4@204.5x1u | main:1-4-7@4.8x2u,5,3,2,116.25,0.628608809
1220230807010007,1,,2-4-7,1,main,500,720.0,220.0,main:2-4-7@7.2x1u | hole:2-5-6@32.3x1u | hole:1-2-6@54.3x1u | hole:1-5-6@28.0x1u | main:1-2-5@7.3x1u,5,3,2,144.0,0.360965435
1220230807010008,1,,1-2-4,1,hole,700,8170.0,7470.0,main:1-5-7@4.1x2u | hole:1-2-6@81.3x1u | hole:1-2-4@81.7x1u | hole:2-4-5@59.5x1u | main:1-2-7@4.1x2u,5,3,2,117.142857,0.529151626
1220230807010009,1,,2-3-5,1,main,900,920.0,20.0,main:2-3-5@2.3x4u | hole:1-3-6@46.0x1u | hole:2-6-7@56.3x1u | hole:3-4-6@127.6x1u | main:2-3-7@6.7x2u,5,3,2,102.222222,0.63137445
1220230807010010,1,,1-4-7,1,main,4300,4320.0,20.0,main:1-4-7@1.2x36u | hole:1-3-5@217.9x1u | hole:1-5-6@329.3x1u | main:1-2-4@8.9x5u,4,2,2,100.465116,0.95331889
1220230807010011,1,,1-3-5,0,,2200,0,-2200,main:1-5-7@1.5x15u | hole:2-4-5@36.3x1u | hole:3-4-5@170.9x1u | hole:4-5-6@387.4x1u | main:1-2-5@6.2x4u,5,3,2,102.272727,0.863937885
1220230901010008,1,,2-4-5,0,,700,0,-700,main:1-2-5@2.8x3u | hole:3-5-7@28.1x1u | hole:5-6-7@93.5x1u | hole:4-5-6@147.1x1u | main:1-4-5@8.3x1u,5,3,2,118.571429,0.530705257
1220230901010009,1,,2-3-4,0,,600,0,-600,main:3-4-7@4.0x2u | hole:1-5-7@15.0x1u | hole:1-2-7@36.0x1u | hole:2-4-5@28.7x1u | main:1-4-7@6.8x1u,5,3,2,113.333333,0.526346474
1220230901010010,1,,1-4-7,0,,800,0,-800,main:1-3-5@2.7x3u | hole:2-3-7@63.7x1u | hole:3-4-7@22.0x1u | hole:3-4-6@214.1x1u | main:1-5-7@5.0x2u,5,3,2,101.25,0.636194218
1220230901010011,1,,2-3-4,1,main,1000,1120.0,120.0,main:2-3-4@2.8x4u | hole:4-5-7@31.1x1u | hole:2-6-7@245.9x1u | hole:2-5-7@49.4x1u | main:2-4-5@3.4x3u,5,3,2,102.0,0.707724454
1220231012010008,1,,1-2-5,1,main,400,460.0,60.0,main:1-2-5@2.3x2u | hole:1-3-6@62.5x1u | main:2-4-5@4.4x1u,3,1,2,110.0,0.678055336
1220231012010009,1,,3-5-7,1,main,700,860.0,160.0,main:3-5-7@4.3x2u | hole:1-4-7@25.6x1u | hole:1-4-5@32.3x1u | hole:1-2-4@47.5x1u | main:3-4-7@4.7x2u,5,3,2,122.857143,0.536398981
1220231012010010,1,,2-3-4,0,,900,0,-900,main:3-4-7@2.6x4u | hole:1-4-5@9.3x1u | hole:2-4-5@23.3x1u | hole:1-2-4@53.8x1u | main:4-5-7@4.8x2u,5,3,2,103.333333,0.761981415
1220231012010011,1,,1-5-6,0,,2200,0,-2200,main:1-3-5@1.5x15u | hole:2-3-7@50.1x1u | hole:1-2-6@165.4x1u | hole:2-3-6@159.2x1u | main:1-2-3@6.2x4u,5,3,2,102.272727,0.860244425
1220231020010006,1,,1-3-6,0,,900,0,-900,main:2-4-5@3.2x3u | hole:3-4-7@7.3x2u | hole:3-4-6@196.1x1u | hole:2-3-6@196.1x1u | main:2-4-7@4.6x2u,5,3,2,102.222222,0.677076484
1220231020010007,1,,2-5-7,1,hole,1000,1010.0,10.0,main:1-4-5@2.9x4u | hole:2-5-7@10.1x1u | hole:2-4-7@12.2x1u | hole:2-6-7@47.3x1u | main:4-5-7@3.5x3u,5,3,2,101.0,0.832660635
1220231020010008,1,,3-4-7,0,,500,0,-500,main:1-4-5@5.8x1u | hole:2-5-7@32.0x1u | hole:2-3-7@43.5x1u | hole:4-6-7@35.8x1u | main:1-4-7@5.7x1u,5,3,2,114.0,0.430023856
1220231020010009,1,,1-3-4,0,,900,0,-900,main:2-3-7@3.4x3u | hole:1-2-5@20.0x1u | hole:1-5-7@33.7x1u | hole:1-3-5@41.8x1u | main:2-5-7@4.0x3u,5,3,2,113.333333,0.647714683
1220231020010010,1,,1-3-5,1,hole,900,2560.0,1660.0,main:1-2-4@1.9x5u | hole:1-3-5@25.6x1u | hole:3-4-5@33.6x1u | main:1-4-7@6.8x2u,4,2,2,105.555556,0.742199018
1220231020010011,1,,1-5-7,0,,700,0,-700,main:1-4-5@2.8x3u | hole:1-3-7@12.7x1u | hole:1-3-6@106.8x1u | main:1-3-5@3.6x2u,4,2,2,102.857143,0.723024088
1320230101010006,1,,2-3-5,0,,300,0,-300,main:2-4-6@4.0x1u | hole:1-2-5@7.6x1u | main:1-2-4@4.2x1u,3,1,2,133.333333,0.619674185
1320230101010007,1,,1-2-5,1,main,700,740.0,40.0,main:1-2-5@3.7x2u | hole:1-3-4@11.5x1u | hole:1-4-6@83.4x1u | hole:1-4-7@16.1x1u | main:1-4-5@5.9x2u,5,3,2,105.714286,0.600820526
1320230101010008,1,,2-3-5,0,,700,0,-700,main:1-2-4@4.5x2u | hole:1-3-7@11.6x1u | hole:2-3-7@14.0x1u | hole:2-6-7@55.1x1u | main:1-4-7@5.3x2u,5,3,2,128.571429,0.586685756
1320230101010009,1,,1-4-7,1,hole,600,5270.0,4670.0,main:2-4-6@3.4x2u | hole:3-5-6@95.5x1u | hole:1-4-7@52.7x1u | main:2-4-5@4.4x2u,4,2,2,113.333333,0.550836911
1320230101010010,1,,2-6-7,0,,300,0,-300,main:3-5-7@4.4x1u | hole:3-4-6@54.1x1u | main:1-4-7@7.2x1u,3,1,2,146.666667,0.384645905
1320230101010011,1,,2-3-5,1,main,500,720.0,220.0,main:2-3-5@3.6x2u | hole:1-3-6@54.6x1u | hole:1-3-7@87.7x1u | main:2-5-6@8.0x1u,4,2,2,144.0,0.432495305
1320230207010006,1,,2-3-4,1,main,500,530.0,30.0,main:2-3-4@5.3x1u | hole:3-5-7@15.1x1u | hole:1-3-5@24.9x1u | hole:1-4-5@62.3x1u | main:2-4-5@5.6x1u,5,3,2,106.0,0.489687846
1320230207010007,1,,1-5-7,1,main,700,720.0,20.0,main:1-5-7@3.6x2u | hole:1-2-4@82.4x1u | hole:1-3-4@159.9x1u | hole:3-4-5@234.6x1u | main:1-2-5@5.6x2u,5,3,2,102.857143,0.479001612
1320230207010008,1,,1-2-5,0,,900,0,-900,main:2-4-7@3.5x3u | hole:1-5-7@12.4x1u | hole:1-3-7@60.2x1u | hole:1-2-6@117.0x1u | main:1-2-7@3.9x3u,5,3,2,116.666667,0.647928008
1320230207010009,1,,4-5-7,1,main,700,780.0,80.0,main:4-5-7@3.9x2u | hole:1-2-7@54.1x1u | hole:2-6-7@70.0x1u | hole:2-5-6@96.9x1u | main:1-4-7@5.9x2u,5,3,2,111.428571,0.468991702
1320230207010010,1,,1-3-7,0,,600,0,-600,main:1-3-4@4.3x2u | hole:3-5-7@26.8x1u | hole:4-6-7@251.3x1u | hole:1-5-6@82.9x1u | main:1-4-7@6.5x1u,5,3,2,108.333333,0.43975976
1320230207010011,1,,2-5-7,1,hole,1400,3030.0,1630.0,main:1-4-7@2.1x7u | hole:2-3-6@152.4x1u | hole:2-6-7@117.8x1u | hole:2-5-7@30.3x1u | main:1-2-7@3.7x4u,5,3,2,105.0,0.794514691
1320230313010008,1,,2-4-5,0,,500,0,-500,main:1-3-5@6.3x1u | hole:1-2-4@10.0x1u | hole:1-2-6@27.4x1u | hole:2-3-4@10.2x1u | main:3-5-7@8.1x1u,5,3,2,126.0,0.516722515
1320230313010009,1,,1-4-7,1,hole,700,1010.0,310.0,main:3-5-7@4.3x2u | hole:1-4-6@8.9x1u | hole:1-4-7@10.1x1u | hole:1-2-4@19.1x1u | main:3-4-7@4.1x2u,5,3,2,117.142857,0.740186051
1320230313010010,1,,1-4-5,0,,1200,0,-1200,main:1-2-5@2.1x6u | hole:3-5-7@29.4x1u | hole:2-3-7@45.9x1u | hole:3-6-7@145.8x1u | main:1-3-5@4.5x3u,5,3,2,105.0,0.761071507
1320230313010011,1,,1-5-6,0,,300,0,-300,main:1-4-7@3.6x1u | hole:3-4-5@12.6x1u | main:1-4-5@3.6x1u,3,1,2,120.0,0.634920635
1320230417010006,1,,1-4-5,0,,500,0,-500,main:2-3-4@5.1x1u | hole:3-5-7@7.4x1u | hole:1-3-5@9.3x1u | hole:3-5-6@45.3x1u | main:2-3-5@6.5x1u,5,3,2,102.0,0.614661657
1320230417010007,1,,2-4-5,0,,500,0,-500,main:3-4-7@5.7x1u | hole:2-5-7@14.3x1u | hole:2-3-6@32.0x1u | hole:1-2-4@55.6x1u | main:2-3-5@6.4x1u,5,3,2,114.0,0.450854278
1320230417010008,1,,3-5-6,0,,300,0,-300,main:3-5-7@4.8x1u | hole:1-2-3@53.4x1u | main:1-3-5@5.1x1u,3,1,2,160.0,0.423138356
1320230417010009,1,,2-5-7,0,,300,0,-300,main:2-5-6@4.2x1u | hole:3-4-6@329.3x1u | main:2-4-5@5.1x1u,3,1,2,140.0,0.437210414
1320230417010010,0,no_alternative_scenario,2-4-7,,,,,,,,,,,
1320230417010011,0,no_alternative_scenario,3-5-7,,,,,,,,,,,
1320230802010008,1,,1-5-7,1,main,700,780.0,80.0,main:1-5-7@3.9x2u | hole:1-3-4@40.9x1u | hole:3-5-6@64.8x1u | hole:2-4-6@60.5x1u | main:1-4-5@4.7x2u,5,3,2,111.428571,0.525587116
1320230802010009,1,,2-4-5,1,main,600,860.0,260.0,main:2-4-5@4.3x2u | hole:2-3-7@23.7x1u | hole:1-5-6@21.3x1u | hole:1-2-6@84.0x1u | main:2-5-7@6.1x1u,5,3,2,101.666667,0.497539777
1320230802010010,1,,1-2-3,0,,800,0,-800,main:1-3-5@3.1x3u | hole:2-3-7@84.6x1u | hole:5-6-7@61.5x1u | hole:4-5-7@176.6x1u | main:1-5-7@4.3x2u,5,3,2,107.5,0.588881792
1320230802010011,1,,2-4-6,1,main,800,900.0,100.0,main:2-4-6@3.0x3u | hole:1-2-7@15.9x1u | hole:1-4-7@37.1x1u | hole:1-6-7@174.2x1u | main:1-2-4@5.9x2u,5,3,2,112.5,0.598412647
1320231113010006,1,,1-2-7,1,main,1000,1020.0,20.0,main:1-5-7@2.7x4u | hole:2-6-7@31.5x1u | hole:1-2-6@69.0x1u | hole:2-5-6@195.1x1u | main:1-2-7@3.4x3u,5,3,2,102.0,0.715852379
1320231113010007,1,,1-4-5,1,main,800,1260.0,460.0,main:1-2-7@2.8x3u | hole:4-6-7@376.3x1u | hole:2-5-6@443.5x1u | hole:2-3-4@170.1x1u | main:1-4-5@6.3x2u,5,3,2,105.0,0.526664156
1320231113010008,1,,4-5-7,1,main,1000,1160.0,160.0,main:4-5-7@2.9x4u | hole:1-3-7@39.2x1u | hole:1-6-7@53.0x1u | hole:1-2-7@59.0x1u | main:2-4-5@3.7x3u,5,3,2,111.0,0.676425138
1320231113010009,1,,3-5-7,1,hole,1000,1440.0,440.0,main:1-4-7@3.6x3u | hole:3-5-7@7.2x2u | hole:3-5-6@85.4x1u | hole:1-3-6@190.8x1u | main:1-3-7@3.5x3u,5,3,2,105.0,0.719331644
1320231113010010,1,,1-3-7,1,hole,400,1150.0,750.0,main:1-4-5@2.5x2u | hole:1-3-7@11.5x1u | main:2-4-5@5.9x1u,3,1,2,125.0,0.656448047
1320231113010011,1,,1-3-4,1,main,900,1000.0,100.0,main:1-3-4@2.0x5u | hole:1-2-6@84.8x1u | hole:1-6-7@132.1x1u | main:1-2-4@5.1x2u,4,2,2,111.111111,0.715440907
1320231124010006,1,,1-5-7,0,,600,0,-600,main:1-3-7@4.9x2u | hole:3-5-6@9.7x1u | hole:2-3-4@25.2x1u | hole:4-5-7@40.9x1u | main:3-5-7@7.3x1u,5,3,2,121.666667,0.508293135
1320231124010007,1,,1-5-6,0,,1000,0,-1000,main:1-5-7@2.2x5u | hole:1-3-6@43.5x1u | hole:2-3-4@45.0x1u | hole:3-5-6@81.1x1u | main:1-2-7@6.4x2u,5,3,2,110.0,0.668336639
1320231124010008,1,,1-2-5,1,hole,800,860.0,60.0,main:2-4-7@3.2x3u | hole:1-2-5@8.6x1u | hole:1-4-5@49.1x1u | hole:1-5-7@72.9x1u | main:1-2-4@4.1x2u,5,3,2,102.5,0.706765529
1320231124010009,1,,2-3-5,0,,1000,0,-1000,main:2-4-7@2.2x5u | hole:4-5-6@228.5x1u | hole:2-5-6@164.8x1u | hole:1-2-5@32.9x1u | main:2-4-5@5.1x2u,5,3,2,102.0,0.691463351
1320231229010006,1,,2-3-6,0,,700,0,-700,main:3-4-7@3.6x2u | hole:1-2-5@17.7x1u | hole:1-2-3@32.6x1u | hole:2-4-5@45.2x1u | main:2-3-5@5.6x2u,5,3,2,102.857143,0.565645122
1320231229010007,1,,2-3-5,0,,600,0,-600,main:1-3-7@3.9x2u | hole:2-5-7@10.8x1u | hole:2-5-6@27.5x1u | hole:2-4-5@34.8x1u | main:1-2-5@6.4x1u,5,3,2,106.666667,0.570352118
1320231229010008,1,,2-3-7,1,main,400,520.0,120.0,main:2-3-7@2.6x2u | hole:2-5-6@28.7x1u | main:1-3-7@4.7x1u,3,1,2,117.5,0.632224548
1320231229010009,1,,1-3-5,1,main,700,860.0,160.0,main:1-3-5@4.3x2u | hole:3-4-6@41.5x1u | hole:1-4-7@52.5x1u | hole:1-4-6@103.3x1u | main:3-5-6@4.4x2u,5,3,2,122.857143,0.512655414
1320231229010010,1,,2-3-4,1,main,600,620.0,20.0,main:2-3-4@3.1x2u | hole:3-5-7@44.6x1u | hole:4-5-7@132.8x1u | main:3-4-7@4.7x2u,4,2,2,103.333333,0.565298248
1320231229010011,1,,1-2-5,1,hole,1000,2280.0,1280.0,main:1-3-4@3.0x4u | hole:1-2-5@22.8x1u | hole:2-4-5@42.6x1u | hole:2-4-6@133.9x1u | main:1-4-6@3.4x3u,5,3,2,102.0,0.702253068
2120230607010006,1,,1-2-7,1,main,700,1160.0,460.0,main:1-2-5@3.8x2u | hole:2-3-4@27.8x1u | hole:3-4-6@26.9x1u | hole:2-4-6@55.7x1u | main:1-2-7@5.8x2u,5,3,2,108.571429,0.526670953
2120230607010007,1,,1-4-5,0,,400,0,-400,main:2-3-5@2.6x2u | hole:1-2-7@122.2x1u | main:2-5-7@8.5x1u,3,1,2,130.0,0.510445749
2120230607010008,1,,2-4-7,0,,700,0,-700,main:1-5-7@4.2x2u | hole:3-6-7@23.6x1u | hole:2-6-7@71.0x1u | hole:3-4-7@52.6x1u | main:1-2-5@4.9x2u,5,3,2,120.0,0.517645666
2120230607010009,1,,3-4-6,0,,800,0,-800,main:2-3-7@3.4x3u | hole:4-5-7@27.1x1u | hole:1-4-7@59.1x1u | hole:4-6-7@92.9x1u | main:2-4-7@5.2x2u,5,3,2,127.5,0.551010445
2120230607010010,1,,3-4-5,1,main,500,760.0,260.0,main:1-4-7@3.3x2u | hole:2-3-5@32.9x1u | hole:2-3-4@41.1x1u | main:3-4-5@7.6x1u,4,2,2,132.0,0.489335287
2120230607010011,1,,1-5-7,1,main,1500,1600.0,100.0,main:1-5-7@2.0x8u | hole:2-3-7@23.0x1u | hole:3-4-7@60.9x1u | hole:3-5-6@153.3x1u | main:1-3-7@3.9x4u,5,3,2,104.0,0.822832036
2120230703010008,1,,2-6-7,0,,500,0,-500,main:1-2-7@2.9x2u | hole:1-4-5@22.6x1u | hole:1-4-6@96.6x1u | main:2-4-7@9.2x1u,4,2,2,116.0,0.508122993
2120230703010009,1,,1-3-4,0,,300,0,-300,main:2-3-4@4.6x1u | hole:1-3-7@14.7x1u | main:3-4-7@5.0x1u,3,1,2,153.333333,0.485418515
2120230703010010,1,,3-4-7,1,main,700,840.0,140.0,main:3-4-7@4.2x2u | hole:2-3-5@7.9x1u | hole:2-5-7@16.3x1u | hole:1-2-3@17.1x1u | main:2-3-7@5.3x2u,5,3,2,112.857143,0.673185987
2120230703010011,1,,1-5-6,1,main,800,1020.0,220.0,main:1-5-6@3.4x3u | hole:2-4-5@88.0x1u | hole:2-3-5@116.7x1u | hole:3-4-5@13.2x1u | main:1-4-5@4.6x2u,5,3,2,115.0,0.607199144
2120230916010006,1,,3-5-7,0,,700,0,-700,main:1-2-7@4.7x2u | hole:3-5-6@17.4x1u | hole:1-3-5@21.4x1u | hole:3-6-7@37.5x1u | main:1-3-7@5.1x2u,5,3,2,134.285714,0.539711292
2120230916010007,1,,1-2-5,1,main,700,1100.0,400.0,main:2-3-5@4.6x2u | hole:1-5-7@12.3x1u | hole:1-3-7@18.3x1u | hole:1-6-7@123.0x1u | main:1-2-5@5.5x2u,5,3,2,131.428571,0.543285189
2120230916010008,0,no_alternative_scenario,2-3-7,,,,,,,,,,,
2120230916010009,1,,1-5-7,1,main,1500,1520.0,20.0,main:1-5-7@1.9x8u | hole:3-4-5@19.5x1u | hole:2-3-5@61.1x1u | hole:1-3-6@198.6x1u | main:1-3-5@4.3x4u,5,3,2,101.333333,0.831557839
2120230916010010,1,,2-4-5,1,main,1000,1040.0,40.0,main:2-4-5@2.6x4u | hole:1-4-7@95.5x1u | hole:1-3-4@254.2x1u | hole:1-2-6@141.2x1u | main:1-2-5@4.1x3u,5,3,2,104.0,0.650005091
2120230916010011,1,,1-5-7,1,main,600,720.0,120.0,main:1-2-5@3.5x2u | hole:1-3-7@132.9x1u | hole:1-4-6@128.0x1u | main:1-5-7@3.6x2u,4,2,2,116.666667,0.578829018
2120230921010006,1,,1-4-5,1,main,700,880.0,180.0,main:1-3-4@4.2x2u | hole:1-2-7@172.8x1u | hole:1-2-6@203.6x1u | hole:2-4-5@34.9x1u | main:1-4-5@4.4x2u,5,3,2,120.0,0.504719889
2120230921010007,1,,3-4-7,0,,700,0,-700,main:2-3-5@4.7x2u | hole:4-5-7@41.3x1u | hole:2-6-7@58.8x1u | hole:1-2-6@84.2x1u | main:2-5-7@4.8x2u,5,3,2,134.285714,0.474195653
2120230921010008,1,,1-5-7,0,,700,0,-700,main:2-4-7@3.9x2u | hole:3-6-7@22.0x1u | hole:3-5-6@41.2x1u | hole:3-4-5@187.0x1u | main:2-3-7@5.7x2u,5,3,2,111.428571,0.506922837
2120230921010009,1,,1-2-3,0,,1000,0,-1000,main:2-3-7@2.9x4u | hole:1-3-6@72.9x1u | hole:1-6-7@116.8x1u | hole:3-5-6@293.6x1u | main:3-4-7@4.0x3u,5,3,2,116.0,0.620512646
2120230921010010,1,,3-6-7,0,,700,0,-700,main:2-3-7@4.2x2u | hole:1-2-4@62.0x1u | hole:2-4-5@24.2x1u | hole:1-5-6@182.6x1u | main:3-4-7@5.4x2u,5,3,2,120.0,0.486208221
2120230921010011,1,,1-4-5,1,main,800,840.0,40.0,main:1-4-5@2.8x3u | hole:2-5-7@17.6x1u | hole:1-2-7@27.1x1u | hole:2-6-7@75.5x1u | main:1-5-7@4.9x2u,5,3,2,105.0,0.668188074
2120231006010006,1,,4-5-7,0,,500,0,-500,main:2-4-7@4.0x2u | hole:1-4-5@11.0x1u | hole:1-2-5@44.2x1u | main:1-2-4@5.9x1u,4,2,2,118.0,0.533025051
2120231006010007,0,no_alternative_scenario,1-3-5,,,,,,,,,,,
2120231006010008,1,,1-4-7,0,,800,0,-800,main:2-5-7@2.7x3u | hole:1-4-5@18.4x1u | hole:1-2-4@25.9x1u | hole:4-5-6@97.9x1u | main:1-2-5@4.2x2u,5,3,2,101.25,0.711637978
2120231006010009,1,,2-5-7,0,,700,0,-700,main:2-4-7@2.8x3u | hole:1-6-7@46.8x1u | hole:3-6-7@133.7x1u | main:1-2-7@4.2x2u,4,2,2,120.0,0.624085048
2120231006010010,1,,1-2-5,1,main,400,430.0,30.0,main:1-2-5@4.3x1u | hole:2-4-6@71.9x1u | hole:1-6-7@161.0x1u | main:2-5-6@4.4x1u,4,2,2,107.5,0.479950253
2120231006010011,0,no_alternative_scenario,1-4-7,,,,,,,,,,,
2220230128010006,1,,3-4-5,0,,800,0,-800,main:2-3-5@3.4x3u | hole:4-5-6@53.2x1u | hole:1-4-7@54.0x1u | hole:1-6-7@190.8x1u | main:2-4-5@4.8x2u,5,3,2,120.0,0.545007582
2220230128010007,1,,1-2-5,1,main,300,390.0,90.0,main:2-3-5@3.1x1u | hole:1-6-7@271.1x1u | main:1-2-5@3.9x1u,3,1,2,103.333333,0.582679577
2220230128010008,1,,1-4-6,0,,700,0,-700,main:1-3-4@4.6x2u | hole:2-3-7@19.9x1u | hole:3-5-7@26.1x1u | hole:2-3-5@23.0x1u | main:3-4-7@5.1x2u,5,3,2,131.428571,0.545513429
2220230128010009,1,,1-3-5,0,,700,0,-700,main:3-5-7@4.4x2u | hole:1-3-4@30.4x1u | hole:2-3-4@61.4x1u | hole:1-4-5@69.0x1u | main:2-3-7@5.4x2u,5,3,2,125.714286,0.476132048
2220230128010010,1,,1-3-5,0,,300,0,-300,main:2-4-7@3.3x1u | hole:3-5-7@33.5x1u | main:4-5-7@4.2x1u,3,1,2,110.0,0.570976287
2220230128010011,1,,1-4-7,0,,300,0,-300,main:2-4-5@3.7x1u | hole:1-3-4@30.7x1u | main:1-2-4@4.3x1u,3,1,2,123.333333,0.5354017
2220230210010006,1,,1-2-5,1,main,700,840.0,140.0,main:2-3-5@4.1x2u | hole:1-4-5@44.5x1u | hole:1-2-6@100.4x1u | hole:1-3-4@26.2x1u | main:1-2-5@4.2x2u,5,3,2,117.142857,0.552597686
2220230210010007,1,,1-4-7,0,,600,0,-600,main:1-2-4@2.2x3u | hole:4-6-7@107.0x1u | hole:2-6-7@212.6x1u | main:1-4-5@7.2x1u,4,2,2,110.0,0.607483807
2220230210010008,1,,1-4-6,1,main,800,960.0,160.0,main:1-4-5@2.8x3u | hole:2-3-5@32.4x1u | hole:2-5-6@115.7x1u | hole:1-2-6@136.8x1u | main:1-4-6@4.8x2u,5,3,2,105.0,0.612293372
2220230210010009,1,,1-3-7,0,,900,0,-900,main:1-5-7@2.4x4u | hole:1-2-4@15.1x1u | hole:2-4-7@15.7x1u | hole:1-2-6@55.9x1u | main:1-2-7@4.8x2u,5,3,2,106.666667,0.772808521
2220230210010010,1,,1-5-7,1,main,700,960.0,260.0,main:1-5-6@2.8x3u | hole:3-5-7@21.6x1u | hole:2-5-7@17.3x1u | main:1-5-7@4.8x2u,4,2,2,120.0,0.669575955
2220230210010011,1,,1-4-6,1,main,1000,1080.0,80.0,main:1-4-6@2.7x4u | hole:1-3-7@20.7x1u | hole:1-2-3@44.9x1u | hole:2-4-5@91.7x1u | main:1-2-4@3.5x3u,5,3,2,105.0,0.737570675
2220230329010006,1,,1-3-7,1,main,1500,1610.0,110.0,main:1-3-7@2.3x7u | hole:2-3-4@32.7x1u | hole:2-4-7@33.1x1u | hole:2-3-6@264.3x1u | main:3-4-7@3.1x5u,5,3,2,103.333333,0.821939353
2220230329010007,1,,2-4-7,0,,300,0,-300,main:1-3-5@3.8x1u | hole:1-2-7@6.7x1u | main:1-2-3@5.2x1u,3,1,2,126.666667,0.604719318
2220230329010008,1,,1-3-7,1,main,800,1000.0,200.0,main:1-5-7@3.3x3u | hole:4-6-7@38.5x1u | hole:3-4-7@16.2x1u | hole:1-4-6@64.6x1u | main:1-3-7@5.0x2u,5,3,2,123.75,0.6062126
2220230329010009,1,,2-3-5,1,main,700,780.0,80.0,main:2-3-5@3.9x2u | hole:1-3-6@46.6x1u | hole:1-3-4@69.9x1u | hole:3-6-7@88.7x1u | main:1-3-7@6.0x2u,5,3,2,111.428571,0.470116259
2220230329010010,1,,1-3-7,1,main,800,1080.0,280.0,main:2-3-7@2.8x3u | hole:2-5-6@29.2x1u | hole:1-3-5@48.4x1u | hole:1-2-4@52.1x1u | main:1-3-7@5.4x2u,5,3,2,105.0,0.616429633
2220230329010011,1,,2-4-5,1,hole,1000,1140.0,140.0,main:1-4-7@3.4x3u | hole:2-4-5@5.7x2u | hole:1-2-5@11.4x1u | hole:2-3-5@22.0x1u | main:1-4-5@4.0x3u,5,3,2,102.0,0.852730087
2220230728010008,1,,3-4-6,0,,800,0,-800,main:1-3-4@2.2x4u | hole:1-2-5@119.2x1u | main:2-3-4@2.9x3u,3,1,2,108.75,0.807762302
2220230728010009,1,,1-2-5,0,,700,0,-700,main:2-5-7@4.0x2u | hole:1-4-6@17.8x1u | hole:1-2-3@70.0x1u | hole:1-4-5@22.3x1u | main:2-3-5@5.7x2u,5,3,2,114.285714,0.540747135
2220230728010010,1,,2-3-7,1,main,600,640.0,40.0,main:1-3-7@3.4x2u | hole:1-2-5@20.1x1u | hole:2-4-5@57.9x1u | hole:2-4-7@62.3x1u | main:2-3-7@6.4x1u,5,3,2,106.666667,0.533441412
2220230728010011,1,,1-3-4,0,,700,0,-700,main:1-4-7@4.8x2u | hole:1-2-5@11.4x1u | hole:2-3-6@33.4x1u | hole:2-5-6@36.4x1u | main:1-2-7@5.6x2u,5,3,2,137.142857,0.532036707
2220230818010006,1,,1-5-7,1,main,1700,1760.0,60.0,main:1-5-7@1.6x11u | hole:1-2-4@18.6x1u | hole:2-4-7@71.4x1u | hole:1-3-4@125.7x1u | main:1-4-5@6.7x3u,5,3,2,103.529412,0.849978224
2220230818010007,0,no_alternative_scenario,1-3-7,,,,,,,,,,,
2220230818010008,0,no_alternative_scenario,3-4-5,,,,,,,,,,,
2220230818010009,1,,1-2-4,1,main,500,540.0,40.0,main:1-2-4@2.7x2u | hole:1-3-7@50.3x1u | hole:3-4-5@50.5x1u | main:2-4-7@6.0x1u,4,2,2,108.0,0.576719733
2220230818010010,1,,1-2-4,1,main,400,460.0,60.0,main:1-2-4@2.3x2u | hole:1-3-7@68.3x1u | main:1-4-7@5.4x1u,3,1,2,115.0,0.634609082
2220230818010011,1,,1-3-4,1,main,700,820.0,120.0,main:1-4-6@3.0x3u | hole:1-3-5@21.9x1u | hole:3-4-7@142.6x1u | main:1-3-4@4.1x2u,4,2,2,117.142857,0.629910496
2220230828010006,1,,1-4-7,0,,700,0,-700,main:1-3-5@3.8x2u | hole:2-5-7@19.6x1u | hole:2-3-7@31.0x1u | hole:1-2-7@19.4x1u | main:3-5-7@4.2x2u,5,3,2,108.571429,0.636077997
2220230828010007,1,,3-4-7,0,,800,0,-800,main:2-4-5@3.2x3u | hole:1-3-5@20.8x1u | hole:1-5-6@66.8x1u | hole:3-6-7@314.1x1u | main:2-4-7@5.1x2u,5,3,2,120.0,0.574809114
2220230828010008,1,,2-3-5,0,,800,0,-800,main:1-4-7@4.5x2u | hole:2-3-4@90.9x1u | hole:1-2-5@5.5x2u | hole:2-4-5@14.4x1u | main:1-2-4@4.6x2u,5,3,2,112.5,0.701877253
2220230828010009,1,,1-3-4,1,main,800,900.0,100.0,main:1-3-4@4.5x2u | hole:4-5-7@27.4x1u | hole:2-4-5@64.9x1u | hole:1-5-7@6.0x2u | main:1-4-5@4.9x2u,5,3,2,112.5,0.644875192
2220230828010010,1,,1-2-4,1,main,300,600.0,300.0,main:1-2-7@3.4x1u | hole:2-4-5@38.9x1u | main:1-2-4@6.0x1u,3,1,2,113.333333,0.486491255
2220230828010011,1,,1-4-7,1,main,300,310.0,10.0,main:1-4-7@3.1x1u | hole:1-2-5@28.1x1u | main:1-2-4@3.8x1u,3,1,2,103.333333,0.621325729
2220231107010006,1,,1-3-6,1,main,700,1060.0,360.0,main:1-3-4@4.2x2u | hole:1-2-6@29.9x1u | hole:5-6-7@612.7x1u | hole:4-5-6@231.0x1u | main:1-3-6@5.3x2u,5,3,2,120.0,0.466180424
2220231107010007,1,,3-4-7,1,main,600,630.0,30.0,main:2-3-7@3.7x2u | hole:4-5-6@297.6x1u | hole:3-5-6@284.1x1u | hole:5-6-7@367.6x1u | main:3-4-7@6.3x1u,5,3,2,105.0,0.43860088
2220231107010008,1,,1-2-7,0,,700,0,-700,main:1-3-5@3.7x2u | hole:3-4-6@109.8x1u | hole:5-6-7@616.1x1u | hole:3-6-7@336.0x1u | main:1-3-4@4.7x2u,5,3,2,105.714286,0.496742999
2220231107010009,1,,1-5-7,1,main,900,1040.0,140.0,main:1-5-7@2.6x4u | hole:3-4-5@112.5x1u | hole:3-4-7@80.8x1u | hole:2-3-7@41.5x1u | main:2-5-7@4.7x2u,5,3,2,104.444444,0.642742854
2220231107010010,1,,1-3-5,1,main,400,510.0,110.0,main:1-4-7@4.2x1u | hole:2-3-5@13.9x1u | hole:1-5-6@232.3x1u | main:1-3-5@5.1x1u,4,2,2,105.0,0.510420894
2220231107010011,1,,1-5-7,1,main,1500,1520.0,20.0,main:1-5-7@1.9x8u | hole:1-2-4@29.1x1u | hole:2-3-4@96.6x1u | hole:1-3-4@61.3x1u | main:1-4-5@4.1x4u,5,3,2,101.333333,0.83124767
2320230101010008,1,,3-5-7,1,hole,800,1140.0,340.0,main:1-3-4@4.9x2u | hole:3-5-7@5.7x2u | hole:3-5-6@54.8x1u | hole:5-6-7@185.2x1u | main:3-4-7@5.3x2u,5,3,2,122.5,0.591847218
2320230101010009,1,,1-3-7,0,,500,0,-500,main:1-2-3@7.4x1u | hole:2-5-6@13.8x1u | hole:1-4-5@32.1x1u | hole:2-4-5@75.3x1u | main:2-3-7@8.7x1u,5,3,2,148.0,0.366974292
2320230101010010,1,,2-3-7,0,,700,0,-700,main:1-3-7@4.0x2u | hole:1-2-6@32.8x1u | hole:1-5-6@72.5x1u | hole:2-6-7@101.5x1u | main:1-4-6@5.5x2u,5,3,2,114.285714,0.485951307
2320230101010011,1,,1-4-7,1,main,700,790.0,90.0,main:1-4-5@1.5x5u | hole:2-4-6@174.2x1u | main:1-4-7@7.9x1u,3,1,2,107.142857,0.798989473
2320230301010008,1,,1-2-5,1,main,700,800.0,100.0,main:1-2-5@2.0x4u | hole:2-3-6@112.7x1u | main:2-5-6@4.7x2u,3,1,2,114.285714,0.721639072
2320230301010010,1,,1-4-5,1,main,500,540.0,40.0,main:1-4-5@1.8x3u | hole:3-4-7@94.1x1u | main:1-3-5@5.3x1u,3,1,2,106.0,0.754861793
2320230301010011,1,,2-3-7,1,main,1000,1140.0,140.0,main:2-5-7@2.6x4u | hole:1-2-4@31.5x1u | hole:3-6-7@120.0x1u | hole:1-6-7@175.7x1u | main:2-3-7@3.8x3u,5,3,2,104.0,0.693544164
2320230410010006,1,,1-4-7,0,,700,0,-700,main:2-4-5@4.0x2u | hole:1-2-7@7.3x1u | hole:2-6-7@41.7x1u | hole:1-3-7@32.8x1u | main:2-5-7@4.5x2u,5,3,2,104.285714,0.663677144
2320230410010007,1,,1-3-6,1,hole,900,3060.0,2160.0,main:1-4-7@2.6x4u | hole:3-6-7@36.3x1u | hole:1-3-6@30.6x1u | hole:2-3-5@31.4x1u | main:1-3-7@4.8x2u,5,3,2,106.666667,0.6850238
2320230410010008,1,,1-3-4,1,main,700,860.0,160.0,main:3-4-7@3.9x2u | hole:5-6-7@58.5x1u | hole:2-5-7@10.1x1u | hole:1-2-3@43.8x1u | main:1-3-4@4.3x2u,5,3,2,111.428571,0.627903364
2320230410010009,1,,1-5-7,1,main,300,550.0,250.0,main:1-2-7@3.3x1u | hole:2-3-5@40.2x1u | main:1-5-7@5.5x1u,3,1,2,110.0,0.509724107
2320230410010010,1,,2-5-7,1,main,800,1050.0,250.0,main:2-5-7@3.5x3u | hole:3-5-6@98.8x1u | hole:1-3-5@90.9x1u | hole:4-5-6@155.9x1u | main:2-5-6@4.9x2u,5,3,2,122.5,0.517332844
2320230410010011,1,,1-5-7,0,,300,0,-300,main:1-4-5@3.5x1u | hole:1-3-7@4.6x1u | main:1-3-5@3.9x1u,3,1,2,116.666667,0.759515846
2320230424010006,1,,3-5-7,0,,700,0,-700,main:1-3-5@5.0x2u | hole:1-2-7@38.6x1u | hole:2-4-7@86.3x1u | hole:2-3-6@63.2x1u | main:2-3-5@5.2x2u,5,3,2,142.857143,0.445624698
2320230424010007,1,,2-4-5,0,,600,0,-600,main:3-5-7@3.1x2u | hole:2-5-6@17.1x1u | hole:1-3-4@101.9x1u | hole:1-3-6@656.0x1u | main:2-5-7@7.3x1u,5,3,2,103.333333,0.529384412
2320230424010008,1,,2-3-6,0,,600,0,-600,main:1-2-4@3.6x2u | hole:2-5-7@55.4x1u | hole:2-3-5@49.2x1u | hole:2-5-6@68.1x1u | main:2-6-7@7.8x1u,5,3,2,120.0,0.459042939
2320230424010009,1,,1-5-7,1,main,800,990.0,190.0,main:1-5-7@3.3x3u | hole:3-4-5@10.1x1u | hole:1-2-3@95.7x1u | hole:1-2-4@89.4x1u | main:1-4-5@4.5x2u,5,3,2,112.5,0.645897429
2320230424010010,1,,2-4-7,1,main,1100,1250.0,150.0,main:2-4-7@2.5x5u | hole:1-3-5@12.3x1u | hole:1-3-6@69.4x1u | hole:1-5-7@24.0x1u | main:1-2-7@3.9x3u,5,3,2,106.363636,0.793786958
2320230424010011,1,,1-4-7,1,main,700,760.0,60.0,main:1-4-7@1.9x4u | hole:1-3-5@11.7x1u | main:1-4-5@4.5x2u,3,1,2,108.571429,0.834008097
2320230626010006,1,,3-4-7,1,main,800,840.0,40.0,main:3-4-7@1.4x6u | hole:1-6-7@52.1x1u | main:1-3-7@9.0x1u,3,1,2,105.0,0.844590683
2320230626010007,1,,1-3-4,1,main,600,840.0,240.0,main:1-3-4@4.2x2u | hole:3-5-7@6.7x1u | hole:2-4-5@43.8x1u | hole:2-3-5@43.9x1u | main:3-4-5@6.1x1u,5,3,2,101.666667,0.596893489
2320230626010008,1,,1-5-7,0,,900,0,-900,main:2-3-5@3.8x3u | hole:1-3-7@5.9x2u | hole:1-2-7@34.9x1u | hole:2-4-7@96.7x1u | main:2-5-7@4.9x2u,5,3,2,108.888889,0.67572561
2320230626010009,1,,3-4-6,0,,700,0,-700,main:1-2-7@2.7x3u | hole:1-4-6@433.6x1u | hole:2-5-6@176.0x1u | main:1-5-7@4.0x2u,4,2,2,114.285714,0.628358462
2320230626010010,1,,1-5-6,1,main,900,1080.0,180.0,main:1-5-7@3.3x3u | hole:1-3-6@126.4x1u | hole:3-5-6@312.9x1u | hole:4-5-6@348.3x1u | main:1-5-6@3.6x3u,5,3,2,110.0,0.594786471
2320230626010011,1,,1-4-6,0,,500,0,-500,main:1-4-5@2.7x2u | hole:3-4-7@26.3x1u | main:1-3-4@3.4x2u,3,1,2,108.0,0.702510831
2320231016010006,1,,1-4-7,1,main,1400,1440.0,40.0,main:1-4-7@1.6x9u | hole:1-3-5@24.7x1u | hole:1-5-6@139.0x1u | hole:1-2-5@82.8x1u | main:1-3-7@10.7x2u,5,3,2,102.857143,0.778215313
2320231016010007,1,,2-4-7,1,main,800,1040.0,240.0,main:2-3-7@3.3x3u | hole:1-3-5@12.6x1u | hole:3-4-6@201.6x1u | hole:5-6-7@438.3x1u | main:2-4-7@5.2x2u,5,3,2,123.75,0.581944934
2320231016010008,1,,2-4-7,1,main,700,780.0,80.0,main:2-3-7@3.6x2u | hole:1-2-4@39.3x1u | hole:1-3-6@73.6x1u | hole:3-4-5@118.1x1u | main:2-4-7@3.9x2u,5,3,2,102.857143,0.581687684
2320231016010009,1,,3-4-5,0,,1300,0,-1300,main:1-2-4@2.4x6u | hole:3-4-6@20.2x1u | hole:3-4-7@23.6x1u | hole:3-6-7@30.5x1u | main:1-3-4@3.4x4u,5,3,2,104.615385,0.835449031
2320231016010010,1,,1-2-7,1,main,500,540.0,40.0,main:1-2-7@2.7x2u | hole:3-5-7@92.7x1u | main:1-4-7@3.9x2u,3,1,2,108.0,0.637568113
2320231016010011,1,,1-3-5,1,main,1300,1360.0,60.0,main:1-3-5@1.7x8u | hole:2-4-6@158.6x1u | hole:3-6-7@182.3x1u | hole:1-4-6@509.0x1u | main:1-3-7@7.3x2u,5,3,2,104.615385,0.738976866
2320231102010006,1,,2-3-4,1,main,800,1200.0,400.0,main:2-4-5@3.3x3u | hole:1-3-4@21.7x1u | hole:1-2-3@127.4x1u | hole:1-3-5@103.7x1u | main:2-3-4@6.0x2u,5,3,2,123.75,0.533272414
2320231102010007,1,,1-4-7,0,,500,0,-500,main:1-2-4@3.3x2u | hole:2-3-7@41.4x1u | hole:1-3-5@127.0x1u | main:2-5-7@7.1x1u,4,2,2,132.0,0.475903979
2320231102010008,1,,1-5-7,1,main,1000,1200.0,200.0,main:1-5-7@3.0x4u | hole:2-6-7@40.6x1u | hole:1-2-6@113.0x1u | hole:2-3-4@21.5x1u | main:1-2-7@3.7x3u,5,3,2,111.0,0.683595331
2320231102010009,1,,2-4-5,1,main,1000,1100.0,100.0,main:2-4-5@2.2x5u | hole:3-5-7@12.0x1u | hole:2-3-7@20.1x1u | hole:1-2-3@147.8x1u | main:2-3-5@5.7x2u,5,3,2,110.0,0.769834528
2320231102010010,1,,1-3-5,1,main,1000,1050.0,50.0,main:1-3-5@1.5x7u | hole:1-6-7@298.1x1u | main:1-3-7@6.9x2u,3,1,2,105.0,0.814948782
2320231102010011,1,,1-4-7,1,main,1800,1820.0,20.0,main:1-4-7@1.4x13u | hole:5-6-7@180.2x1u | hole:2-6-7@130.6x1u | main:1-2-7@7.1x3u,4,2,2,101.111111,0.868337142
2420230111010006,1,,1-3-7,1,main,600,640.0,40.0,main:1-3-7@3.2x2u | hole:2-3-5@38.5x1u | hole:2-5-7@189.1x1u | hole:3-4-6@70.9x1u | main:1-2-7@7.4x1u,5,3,2,106.666667,0.493001741
2420230111010007,1,,2-4-5,1,main,500,540.0,40.0,main:2-4-5@5.4x1u | hole:3-4-6@12.2x1u | hole:2-3-6@31.4x1u | hole:1-2-3@55.3x1u | main:2-5-7@7.1x1u,5,3,2,108.0,0.457927785
2420230111010008,1,,4-5-7,0,,600,0,-600,main:1-4-7@3.3x2u | hole:2-3-7@49.2x1u | hole:2-3-4@88.9x1u | hole:2-5-7@57.6x1u | main:1-3-7@6.2x1u,5,3,2,103.333333,0.513255534
2420230111010009,1,,2-4-7,1,hole,700,2120.0,1420.0,main:1-5-7@4.7x2u | hole:2-3-7@13.7x1u | hole:2-4-7@21.2x1u | hole:3-4-7@12.6x1u | main:1-3-7@5.3x2u,5,3,2,134.285714,0.600972794
2420230111010010,1,,1-4-7,0,,400,0,-400,main:3-4-7@3.0x2u | hole:1-2-7@49.3x1u | main:1-3-7@4.6x1u,3,1,2,115.0,0.571008613
2420230111010011,1,,2-4-5,1,main,800,870.0,70.0,main:2-4-5@2.9x3u | hole:3-4-7@78.2x1u | hole:1-3-5@26.9x1u | hole:3-4-6@196.3x1u | main:2-4-7@5.7x2u,5,3,2,108.75,0.575322871
2420230205010008,0,no_alternative_scenario,1-4-6,,,,,,,,,,,
2420230205010009,0,no_alternative_scenario,1-3-5,,,,,,,,,,,
2420230205010010,0,no_alternative_scenario,2-4-5,,,,,,,,,,,
2420230205010011,0,no_alternative_scenario,1-4-7,,,,,,,,,,,
2420230322010006,1,,2-3-6,0,,700,0,-700,main:1-2-7@4.7x2u | hole:2-4-5@8.0x1u | hole:1-3-6@50.9x1u | hole:4-5-7@206.3x1u | main:1-2-5@4.9x2u,5,3,2,114.285714,0.566341265
2420230322010007,1,,1-3-7,0,,700,0,-700,main:1-4-6@5.0x2u | hole:2-3-5@32.9x1u | hole:2-4-5@41.7x1u | hole:2-3-7@15.8x1u | main:1-3-4@5.0x2u,5,3,2,142.857143,0.517667091
2420230322010008,1,,4-5-7,0,,700,0,-700,main:2-3-7@4.5x2u | hole:2-4-5@44.4x1u | hole:3-5-6@9.6x1u | hole:3-4-5@21.3x1u | main:2-3-5@4.9x2u,5,3,2,128.571429,0.599941401
2420230322010009,1,,1-2-6,0,,700,0,-700,main:1-2-5@4.5x2u | hole:1-4-7@28.9x1u | hole:1-4-6@25.2x1u | hole:1-3-4@19.1x1u | main:1-2-4@6.0x2u,5,3,2,128.571429,0.515529526
2420230322010010,1,,2-3-7,1,main,700,960.0,260.0,main:2-3-7@4.8x2u | hole:1-4-7@16.1x1u | hole:5-6-7@38.1x1u | hole:1-3-5@44.4x1u | main:2-6-7@6.0x2u,5,3,2,137.142857,0.485881043
2420230322010011,1,,3-5-7,0,,700,0,-700,main:1-2-4@3.7x2u | hole:2-3-5@66.6x1u | hole:1-5-7@52.9x1u | hole:2-5-6@216.4x1u | main:1-4-7@5.0x2u,5,3,2,105.714286,0.508809949
2420230611010006,1,,1-3-7,1,main,1500,1680.0,180.0,main:3-5-7@2.6x6u | hole:1-2-7@56.0x1u | hole:1-6-7@50.6x1u | hole:1-3-6@35.2x1u | main:1-3-7@2.8x6u,5,3,2,104.0,0.807787321
2420230611010007,1,,1-5-7,0,,1000,0,-1000,main:1-2-7@2.2x5u | hole:2-3-6@112.6x1u | hole:2-4-6@27.0x1u | hole:2-3-4@37.4x1u | main:1-3-7@7.6x2u,5,3,2,110.0,0.658780402
2420230611010008,1,,1-4-7,0,,600,0,-600,main:1-4-6@3.5x2u | hole:2-3-4@89.9x1u | hole:3-4-7@151.3x1u | main:1-2-4@4.0x2u,4,2,2,116.666667,0.553447142
2420230611010009,1,,2-4-5,0,,600,0,-600,main:1-2-4@4.8x2u | hole:2-5-7@25.1x1u | hole:2-3-5@14.8x1u | hole:2-5-6@84.9x1u | main:1-2-5@7.8x1u,5,3,2,130.0,0.45572523
2420230611010010,1,,1-3-7,1,main,1100,1200.0,100.0,main:1-3-7@3.0x4u | hole:1-2-4@5.6x2u | hole:1-2-6@36.5x1u | hole:2-6-7@111.0x1u | main:1-2-7@4.1x3u,5,3,2,101.818182,0.79221347
2420230611010011,1,,2-4-5,1,main,700,750.0,50.0,main:2-4-5@2.5x3u | hole:1-4-7@211.4x1u | hole:1-4-6@347.3x1u | main:2-3-5@5.7x2u,4,2,2,107.142857,0.58304832
2420230815010006,1,,1-4-7,1,hole,800,1620.0,820.0,main:3-4-6@3.5x3u | hole:1-5-7@15.0x1u | hole:1-4-7@16.2x1u | hole:1-2-7@59.4x1u | main:3-4-7@4.7x2u,5,3,2,117.5,0.643710322
2420230815010007,1,,1-5-6,1,main,500,640.0,140.0,main:1-5-6@3.2x2u | hole:1-3-7@11.1x1u | hole:3-6-7@103.2x1u | main:1-5-7@6.2x1u,4,2,2,124.0,0.573570335
2420230815010008,1,,1-4-5,0,,600,0,-600,main:2-4-7@4.5x2u | hole:1-2-3@40.1x1u | hole:1-3-4@50.9x1u | hole:3-4-5@70.0x1u | main:1-2-7@6.1x1u,5,3,2,101.666667,0.445026384
2420230815010009,1,,3-4-7,0,,600,0,-600,main:3-5-7@3.2x2u | hole:2-4-5@15.2x1u | hole:2-3-4@14.2x1u | hole:1-2-5@38.5x1u | main:2-3-5@6.6x1u,5,3,2,106.666667,0.626201186
2420230815010010,1,,1-2-7,1,main,600,860.0,260.0,main:1-2-7@4.3x2u | hole:1-4-5@16.7x1u | hole:2-4-5@35.6x1u | hole:5-6-7@164.2x1u | main:2-5-7@6.2x1u,5,3,2,103.333333,0.487908723
2420230815010011,0,no_alternative_scenario,2-4-6,,,,,,,,,,,
2420230912010006,1,,3-5-6,0,,600,0,-600,main:2-4-5@4.6x2u | hole:1-5-7@8.5x1u | hole:1-2-7@19.8x1u | hole:1-3-7@12.0x1u | main:1-2-5@6.8x1u,5,3,2,113.333333,0.615935571
2420230912010007,1,,1-3-5,0,,700,0,-700,main:1-2-5@4.5x2u | hole:3-4-5@72.4x1u | hole:5-6-7@91.2x1u | hole:1-3-4@150.2x1u | main:1-4-5@4.8x2u,5,3,2,128.571429,0.461990412
2420230912010008,1,,1-4-7,1,main,500,700.0,200.0,main:1-4-7@3.5x2u | hole:2-6-7@119.3x1u | hole:2-3-7@45.8x1u | main:1-3-4@5.5x1u,4,2,2,110.0,0.497748758
2420230912010009,1,,1-3-5,0,,700,0,-700,main:1-3-7@2.5x3u | hole:3-4-5@80.4x1u | hole:1-2-5@89.0x1u | main:1-4-7@4.8x2u,4,2,2,107.142857,0.632007099
2420230912010010,1,,2-3-7,1,main,1100,1120.0,20.0,main:1-3-7@2.0x6u | hole:1-4-5@311.9x1u | hole:3-4-5@93.4x1u | hole:2-3-4@69.4x1u | main:2-3-7@5.6x2u,5,3,2,101.818182,0.706893444
2420230912010011,1,,1-3-7,0,,1100,0,-1100,main:1-3-5@2.0x6u | hole:3-4-7@15.1x1u | hole:3-4-6@168.1x1u | hole:1-2-4@175.9x1u | main:1-5-7@6.7x2u,5,3,2,109.090909,0.727112785
2520230308010008,1,,1-2-7,1,main,700,900.0,200.0,main:2-3-7@4.7x2u | hole:4-6-7@40.3x1u | hole:2-4-6@86.1x1u | hole:1-2-4@43.8x1u | main:1-2-7@4.5x2u,5,3,2,128.571429,0.494247528
2520230308010009,0,no_alternative_scenario,3-5-7,,,,,,,,,,,
2520230308010010,1,,1-4-7,1,main,700,760.0,60.0,main:1-4-7@3.8x2u | hole:1-3-5@22.5x1u | hole:1-2-5@22.4x1u | hole:1-5-6@105.2x1u | main:1-5-7@4.7x2u,5,3,2,108.571429,0.574516857
2520230308010011,0,no_alternative_scenario,1-2-7,,,,,,,,,,,
2520230531010008,1,,2-3-5,0,,700,0,-700,main:3-5-7@4.8x2u | hole:2-4-5@12.1x1u | hole:2-3-4@29.1x1u | hole:1-4-5@13.1x1u | main:3-4-7@5.5x2u,5,3,2,137.142857,0.583496282
2520230531010009,1,,3-4-7,1,main,1100,1120.0,20.0,main:3-4-7@1.6x7u | hole:2-3-5@26.8x1u | hole:3-5-6@164.2x1u | main:3-4-5@8.6x2u,4,2,2,101.818182,0.784682637
2520230531010010,1,,1-5-7,0,,800,0,-800,main:2-5-7@3.4x3u | hole:1-4-5@27.3x1u | hole:1-2-4@49.7x1u | hole:3-6-7@109.5x1u | main:2-5-6@6.0x2u,5,3,2,127.5,0.526667495
2520230531010011,0,no_alternative_scenario,1-5-7,,,,,,,,,,,
2520230717010008,1,,3-4-6,0,,700,0,-700,main:3-4-7@3.6x2u | hole:2-3-5@56.8x1u | hole:1-6-7@73.1x1u | hole:3-5-6@60.7x1u | main:3-5-7@5.5x2u,5,3,2,102.857143,0.507355949
2520230717010009,1,,1-3-5,1,main,700,760.0,60.0,main:1-3-5@3.8x2u | hole:1-2-4@10.6x1u | hole:2-3-4@15.0x1u | hole:2-4-5@30.0x1u | main:1-2-5@5.3x2u,5,3,2,108.571429,0.646176763
2520230717010010,1,,2-3-7,1,main,1100,1140.0,40.0,main:2-3-7@1.9x6u | hole:1-2-4@33.1x1u | hole:1-2-5@58.3x1u | hole:1-2-6@120.8x1u | main:2-5-7@8.7x2u,5,3,2,103.636364,0.696900603
2520230717010011,1,,3-4-5,0,,800,0,-800,main:2-5-7@3.4x3u | hole:2-3-4@8.8x1u | hole:3-4-6@58.3x1u | hole:2-3-6@73.2x1u | main:2-3-5@5.2x2u,5,3,2,110.0,0.630875564
2520230925010006,1,,3-4-7,0,,700,0,-700,main:1-4-7@4.1x2u | hole:3-6-7@82.7x1u | hole:3-4-6@55.2x1u | hole:2-5-7@41.0x1u | main:1-2-7@5.0x2u,5,3,2,117.142857,0.498500523
2520230925010007,1,,2-5-7,0,,900,0,-900,main:3-5-7@2.4x4u | hole:1-2-3@103.1x1u | hole:2-4-7@89.3x1u | hole:1-2-7@101.7x1u | main:3-4-7@6.9x2u,5,3,2,106.666667,0.592324574
2520230925010008,1,,1-3-4,1,main,1700,1800.0,100.0,main:1-4-7@1.6x11u | hole:1-3-5@37.8x1u | hole:3-4-5@51.7x1u | hole:1-2-6@83.2x1u | main:1-3-4@6.0x3u,5,3,2,103.529412,0.849483284
2520230925010009,1,,2-3-7,0,,1100,0,-1100,main:1-3-7@2.8x4u | hole:1-5-6@50.0x1u | hole:3-4-5@104.4x1u | hole:5-6-7@319.1x1u | main:3-4-7@3.2x4u,5,3,2,101.818182,0.702355215
2520230925010010,1,,1-4-6,1,main,800,810.0,10.0,main:1-4-6@2.7x3u | hole:1-2-7@41.9x1u | hole:1-3-5@31.5x1u | hole:4-5-7@78.4x1u | main:1-4-5@4.6x2u,5,3,2,101.25,0.656129157
2520230925010011,1,,1-2-5,0,,1100,0,-1100,main:2-5-7@2.4x5u | hole:3-4-5@158.8x1u | hole:1-4-5@144.9x1u | hole:1-3-5@108.4x1u | main:2-3-5@3.8x3u,5,3,2,103.636364,0.702248194
2520231003010006,1,,5-6-7,0,,1000,0,-1000,main:1-5-7@2.9x4u | hole:3-4-5@23.0x1u | hole:4-5-6@63.1x1u | hole:1-3-4@95.5x1u | main:4-5-7@3.4x3u,5,3,2,102.0,0.708742559
2520231003010007,1,,1-3-5,0,,800,0,-800,main:2-3-5@2.7x3u | hole:1-5-7@21.4x1u | hole:4-5-7@8.1x1u | hole:1-4-5@79.3x1u | main:3-5-7@5.7x2u,5,3,2,101.25,0.728605069
2520231003010008,1,,1-4-5,1,main,800,820.0,20.0,main:1-3-4@3.1x3u | hole:4-6-7@234.8x1u | hole:3-5-6@173.9x1u | hole:1-5-7@103.5x1u | main:1-4-5@4.1x2u,5,3,2,102.5,0.586154295
2520231003010009,1,,2-3-4,1,main,900,1040.0,140.0,main:2-3-4@2.6x4u | hole:1-2-7@272.7x1u | hole:4-6-7@122.1x1u | hole:2-5-6@88.8x1u | main:3-4-7@5.0x2u,5,3,2,111.111111,0.607733687
2520231003010010,1,,4-5-7,0,,900,0,-900,main:3-5-7@1.3x7u | hole:1-3-6@475.7x1u | main:2-5-7@12.0x1u,3,1,2,101.111111,0.854666268
2520231003010011,1,,2-4-5,1,main,800,900.0,100.0,main:2-3-4@2.9x3u | hole:1-4-5@8.3x1u | hole:4-5-6@77.9x1u | hole:1-4-6@198.4x1u | main:2-4-5@4.5x2u,5,3,2,103.75,0.705409029
2520231202010009,1,,1-2-7,1,hole,700,2360.0,1660.0,main:1-4-5@1.5x5u | hole:1-2-7@23.6x1u | main:2-4-5@8.4x1u,3,1,2,107.142857,0.828087167
2520231202010010,1,,1-3-5,0,,700,0,-700,main:1-2-4@3.0x3u | hole:1-3-7@83.2x1u | hole:3-4-7@126.2x1u | main:2-4-7@4.9x2u,4,2,2,128.571429,0.557358127
2520231202010011,1,,1-4-5,1,main,700,900.0,200.0,main:1-4-7@2.0x4u | hole:1-5-6@97.2x1u | main:1-4-5@4.5x2u,3,1,2,114.285714,0.732510288
2620230108010008,1,,3-6-7,0,,600,0,-600,main:1-2-7@3.9x2u | hole:1-5-6@66.6x1u | hole:1-3-4@46.1x1u | hole:1-4-6@12.3x1u | main:1-2-6@6.8x1u,5,3,2,113.333333,0.521476882
2620230108010010,1,,2-6-7,0,,500,0,-500,main:2-4-6@6.1x1u | hole:1-3-6@42.9x1u | hole:3-5-6@44.7x1u | hole:1-3-5@138.5x1u | main:2-3-6@7.0x1u,5,3,2,122.0,0.359693174
2620230108010011,1,,2-4-5,0,,700,0,-700,main:1-3-7@4.0x2u | hole:2-3-4@8.7x1u | hole:2-4-7@8.8x1u | hole:2-5-7@97.7x1u | main:3-4-7@4.1x2u,5,3,2,114.285714,0.732716746
2620230419010006,1,,4-5-7,0,,800,0,-800,main:2-5-7@3.2x3u | hole:1-2-4@59.8x1u | hole:3-4-7@367.6x1u | hole:3-4-5@116.9x1u | main:2-4-5@4.5x2u,5,3,2,112.5,0.562719298
2620230419010007,1,,3-5-7,0,,700,0,-700,main:1-4-7@4.6x2u | hole:2-3-7@19.5x1u | hole:3-4-5@75.7x1u | hole:1-3-6@250.3x1u | main:1-3-7@4.5x2u,5,3,2,128.571429,0.508100823
2620230419010008,1,,3-5-7,0,,800,0,-800,main:2-3-7@3.2x3u | hole:1-2-5@39.1x1u | hole:2-5-6@210.5x1u | hole:3-4-5@66.3x1u | main:2-3-5@4.1x2u,5,3,2,102.5,0.601811437
2620230419010009,1,,2-3-5,0,,900,0,-900,main:3-4-5@2.4x4u | hole:1-5-7@55.6x1u | hole:1-2-3@65.7x1u | hole:1-6-7@318.3x1u | main:1-3-4@6.9x2u,5,3,2,106.666667,0.597942205
2620230419010010,1,,2-5-7,0,,1400,0,-1400,main:1-5-7@2.6x6u | hole:3-4-5@9.5x2u | hole:2-4-5@124.0x1u | hole:2-3-5@113.3x1u | main:1-4-5@3.6x4u,5,3,2,102.857143,0.784546962
2620230419010011,1,,1-5-7,1,main,600,840.0,240.0,main:3-5-7@3.6x2u | hole:1-4-5@6.2x1u | hole:1-3-4@148.0x1u | main:1-5-7@4.2x2u,4,2,2,103.333333,0.683920095
2620230510010008,1,,1-4-5,1,main,700,820.0,120.0,main:1-4-5@4.1x2u | hole:2-3-5@37.6x1u | hole:3-5-7@26.3x1u | hole:2-4-6@107.1x1u | main:1-4-6@5.3x2u,5,3,2,117.142857,0.506537311
2620230510010009,1,,3-5-7,1,main,700,1020.0,320.0,main:1-3-5@4.2x2u | hole:1-2-7@16.1x1u | hole:5-6-7@56.5x1u | hole:1-2-4@75.2x1u | main:3-5-7@5.1x2u,5,3,2,120.0,0.527282458
2620230510010010,1,,3-4-7,1,main,800,870.0,70.0,main:3-4-7@2.9x3u | hole:2-3-6@32.4x1u | hole:3-5-6@42.9x1u | hole:2-3-5@18.4x1u | main:2-3-7@4.6x2u,5,3,2,108.75,0.670740937
2620230510010011,1,,2-3-7,1,main,800,1000.0,200.0,main:2-5-7@2.8x3u | hole:3-4-7@21.3x1u | hole:3-4-5@59.3x1u | hole:1-5-6@280.0x1u | main:2-3-7@5.0x2u,5,3,2,105.0,0.624526049
2620230525010006,0,no_alternative_scenario,2-3-5,,,,,,,,,,,
2620230525010007,1,,2-3-4,0,,600,0,-600,main:1-3-4@4.9x2u | hole:2-3-7@13.8x1u | hole:1-2-7@12.3x1u | hole:2-5-7@47.4x1u | main:3-4-7@6.4x1u,5,3,2,106.666667,0.53519326
2620230525010008,1,,3-4-7,1,main,700,800.0,100.0,main:3-4-7@4.0x2u | hole:1-4-5@10.9x1u | hole:1-3-5@78.2x1u | hole:3-5-6@144.0x1u | main:1-3-4@5.3x2u,5,3,2,114.285714,0.550154533
2620230525010009,1,,3-4-6,0,,400,0,-400,main:1-4-7@4.3x1u | hole:3-4-5@5.9x1u | hole:1-3-5@13.4x1u | main:1-3-4@5.0x1u,4,2,2,107.5,0.676676531
2620230525010010,1,,2-3-5,1,hole,500,1920.0,1420.0,main:1-2-7@1.8x3u | hole:2-3-5@19.2x1u | main:2-5-7@5.1x1u,3,1,2,102.0,0.80371732
2620230525010011,0,no_alternative_scenario,2-4-7,,,,,,,,,,,
2620231223010006,1,,1-3-5,0,,700,0,-700,main:3-6-7@4.9x2u | hole:1-2-6@16.0x1u | hole:1-5-6@15.2x1u | hole:2-5-6@35.5x1u | main:3-4-7@5.9x2u,5,3,2,140.0,0.530031646
2620231223010007,1,,2-3-7,0,,700,0,-700,main:1-3-7@3.8x2u | hole:4-5-7@46.4x1u | hole:2-4-7@70.6x1u | hole:1-4-5@21.4x1u | main:3-5-7@4.6x2u,5,3,2,108.571429,0.562994201
2620231223010008,1,,3-4-7,1,main,900,1000.0,100.0,main:3-4-7@2.5x4u | hole:1-2-4@84.7x1u | hole:2-4-6@177.8x1u | hole:2-3-5@126.7x1u | main:2-4-7@4.8x2u,5,3,2,106.666667,0.633656666
2620231223010009,1,,3-4-7,1,main,1400,1440.0,40.0,main:3-4-7@1.8x8u | hole:2-5-7@51.3x1u | hole:2-3-6@53.7x1u | hole:1-3-5@72.5x1u | main:2-3-7@5.9x3u,5,3,2,102.857143,0.776955336
2620231223010010,1,,1-5-7,0,,2500,0,-2500,main:3-5-7@1.4x18u | hole:4-6-7@53.8x1u | hole:4-5-6@103.0x1u | main:4-5-7@5.2x5u,4,2,2,100.8,0.934889505
2620231223010011,1,,1-3-4,0,,900,0,-900,main:1-3-5@3.2x3u | hole:1-4-7@61.6x1u | hole:1-2-4@128.1x1u | hole:4-5-7@144.3x1u | main:1-5-6@3.5x3u,5,3,2,106.666667,0.62918446
2720230123010008,1,,1-2-3,0,,600,0,-600,main:1-3-5@4.5x2u | hole:2-4-6@18.7x1u | hole:2-4-5@22.9x1u | hole:1-2-7@40.2x1u | main:2-3-5@6.4x1u,5,3,2,106.666667,0.500491902
2720230123010009,1,,2-4-5,1,main,700,1160.0,460.0,main:2-5-7@4.5x2u | hole:3-4-7@27.0x1u | hole:1-4-6@28.3x1u | hole:1-4-5@23.1x1u | main:2-4-5@5.8x2u,5,3,2,128.571429,0.510298785
2720230123010010,1,,1-2-5,1,main,300,330.0,30.0,main:1-2-5@3.3x1u | hole:2-4-6@241.1x1u | main:1-4-5@4.6x1u,3,1,2,110.0,0.524569264
2720230123010011,1,,2-3-4,0,,700,0,-700,main:1-3-4@4.3x2u | hole:4-5-7@66.1x1u | hole:1-6-7@44.0x1u | hole:1-5-7@65.0x1u | main:1-4-7@4.9x2u,5,3,2,122.857143,0.489880253
2720230221010006,1,,1-4-6,0,,600,0,-600,main:1-4-7@2.3x3u | hole:3-4-6@195.7x1u | hole:3-5-7@22.1x1u | main:1-2-4@7.7x1u,4,2,2,115.0,0.615011469
2720230221010007,1,,1-2-5,1,main,700,1060.0,360.0,main:1-5-7@4.5x2u | hole:2-4-5@7.3x1u | hole:4-5-6@56.2x1u | hole:1-2-3@43.2x1u | main:1-2-5@5.3x2u,5,3,2,104.285714,0.588829511
2720230221010008,1,,1-5-6,0,,700,0,-700,main:1-3-5@4.1x2u | hole:3-4-7@19.9x1u | hole:2-3-7@28.7x1u | hole:2-3-4@36.9x1u | main:1-3-7@6.0x2u,5,3,2,117.142857,0.522763839
2720230221010009,1,,3-5-7,0,,700,0,-700,main:1-3-5@2.7x3u | hole:1-4-6@19.0x1u | hole:1-2-6@85.1x1u | hole:2-4-5@162.3x1u | main:3-4-5@7.5x1u,5,3,2,107.142857,0.574247593
2720230221010010,1,,1-3-7,0,,700,0,-700,main:1-2-4@4.1x2u | hole:2-5-7@26.3x1u | hole:4-6-7@140.8x1u | hole:2-6-7@116.7x1u | main:1-4-7@6.0x2u,5,3,2,117.142857,0.464263172
2720230221010011,1,,1-3-4,0,,600,0,-600,main:1-5-7@3.8x2u | hole:1-2-6@227.7x1u | hole:4-5-6@127.0x1u | main:1-5-6@4.6x2u,4,2,2,126.666667,0.492814958
2720230415010006,1,,2-3-4,0,,700,0,-700,main:2-3-5@4.6x2u | hole:2-4-7@16.5x1u | hole:1-4-7@7.3x1u | hole:4-6-7@78.4x1u | main:2-4-5@5.2x2u,5,3,2,104.285714,0.620046461
2720230415010007,1,,1-2-4,0,,600,0,-600,main:1-3-4@4.3x2u | hole:1-2-5@16.0x1u | hole:2-4-5@69.2x1u | hole:2-4-6@53.8x1u | main:2-3-4@7.0x1u,5,3,2,116.666667,0.47095351
2720230415010008,1,,2-3-4,1,hole,800,4240.0,3440.0,main:1-4-7@3.1x3u | hole:2-4-5@11.0x1u | hole:2-3-4@42.4x1u | hole:2-4-6@120.6x1u | main:1-2-4@4.9x2u,5,3,2,116.25,0.649448148
2720230415010009,1,,3-4-5,1,main,500,530.0,30.0,main:3-4-5@5.3x1u | hole:1-5-6@15.1x1u | hole:1-5-7@21.3x1u | hole:1-2-5@26.5x1u | main:1-3-4@5.8x1u,5,3,2,106.0,0.51200241
2720230415010010,1,,4-5-7,0,,800,0,-800,main:1-4-7@3.1x3u | hole:2-5-6@90.1x1u | hole:2-5-7@66.3x1u | hole:3-4-5@41.6x1u | main:1-4-5@4.1x2u,5,3,2,102.5,0.616703281
2720230415010011,1,,3-4-7,1,main,400,410.0,10.0,main:1-4-7@2.3x2u | hole:3-6-7@75.3x1u | main:3-4-7@4.1x1u,3,1,2,102.5,0.69196526
2720230712010006,1,,1-5-7,1,main,800,980.0,180.0,main:1-3-5@2.8x3u | hole:3-4-7@34.4x1u | hole:2-3-4@49.0x1u | hole:1-2-4@47.0x1u | main:1-5-7@4.9x2u,5,3,2,105.0,0.631979016
2720230712010007,1,,1-5-7,0,,900,0,-900,main:1-6-7@3.3x3u | hole:1-2-4@27.1x1u | hole:1-2-3@39.2x1u | hole:2-5-7@58.9x1u | main:1-2-7@3.8x3u,5,3,2,110.0,0.6455767
2720230712010008,1,,2-4-7,1,main,400,440.0,40.0,main:1-2-4@2.8x2u | hole:1-3-7@42.8x1u | main:2-4-7@4.4x1u,3,1,2,110.0,0.60778007
2720230712010009,1,,1-3-5,0,,700,0,-700,main:3-4-5@4.6x2u | hole:1-4-7@10.9x1u | hole:4-6-7@60.1x1u | hole:2-5-6@127.0x1u | main:3-4-7@5.4x2u,5,3,2,131.428571,0.51883256
2720230712010010,1,,1-5-7,0,,800,0,-800,main:1-2-5@2.7x3u | hole:1-3-7@28.8x1u | hole:2-4-6@338.5x1u | hole:2-6-7@128.4x1u | main:1-3-5@4.2x2u,5,3,2,101.25,0.653930202
2720230712010011,1,,1-3-4,1,main,700,1000.0,300.0,main:1-3-5@4.0x2u | hole:1-2-4@16.4x1u | hole:1-4-7@19.4x1u | hole:1-2-7@32.4x1u | main:1-3-4@5.0x2u,5,3,2,114.285714,0.593386199
2720230902010005,1,,1-3-6,1,main,500,650.0,150.0,main:1-2-6@5.1x1u | hole:1-3-5@9.5x1u | hole:3-5-6@77.6x1u | hole:2-3-4@29.3x1u | main:1-3-6@6.5x1u,5,3,2,102.0,0.502204034
2720230902010006,1,,2-5-7,0,,900,0,-900,main:1-2-4@2.6x4u | hole:4-5-7@115.3x1u | hole:3-4-5@93.2x1u | hole:1-3-5@52.4x1u | main:1-3-4@4.6x2u,5,3,2,102.222222,0.640493299
2720230902010007,1,,1-2-3,0,,500,0,-500,main:1-3-5@5.5x1u | hole:2-3-4@12.5x1u | hole:3-4-7@44.6x1u | hole:2-6-7@46.1x1u | main:1-2-5@8.1x1u,5,3,2,110.0,0.429388471
2720230902010008,1,,1-2-7,0,,300,0,-300,main:1-2-4@4.2x1u | hole:1-3-7@30.5x1u | main:1-2-6@4.9x1u,3,1,2,140.0,0.474963756
2720230929010006,1,,2-3-7,0,,600,0,-600,main:1-3-7@4.3x2u | hole:1-4-5@12.8x1u | hole:1-4-6@20.0x1u | hole:2-3-4@125.3x1u | main:1-3-4@7.1x1u,5,3,2,118.333333,0.509509056
2720230929010007,1,,3-4-7,0,,800,0,-800,main:1-3-7@2.9x3u | hole:2-3-4@25.7x1u | hole:3-4-5@66.5x1u | hole:4-5-7@56.5x1u | main:1-5-7@6.0x2u,5,3,2,108.75,0.583141468
2720230929010008,1,,1-4-5,0,,500,0,-500,main:2-4-7@5.8x1u | hole:1-3-6@22.6x1u | hole:3-4-6@16.5x1u | hole:1-5-7@68.7x1u | main:2-3-4@5.7x1u,5,3,2,114.0,0.467262279
2720230929010009,1,,1-2-6,0,,700,0,-700,main:3-5-7@4.4x2u | hole:4-6-7@67.4x1u | hole:1-4-6@65.3x1u | hole:2-4-7@12.7x1u | main:3-4-5@5.7x2u,5,3,2,125.714286,0.511602212
2720230929010010,1,,1-3-5,0,,500,0,-500,main:1-3-7@5.6x1u | hole:1-4-5@65.3x1u | hole:3-5-6@59.9x1u | hole:4-5-7@51.0x1u | main:3-5-7@5.8x1u,5,3,2,112.0,0.402601491
2720230929010011,0,no_alternative_scenario,2-4-7,,,,,,,,,,,
2720231110010006,1,,2-3-7,0,,700,0,-700,main:1-5-7@4.3x2u | hole:1-3-6@124.3x1u | hole:3-6-7@55.0x1u | hole:2-6-7@99.9x1u | main:1-4-5@5.7x2u,5,3,2,122.857143,0.444233617
2720231110010007,1,,1-4-7,1,main,900,920.0,20.0,main:1-4-7@2.3x4u | hole:2-4-5@107.9x1u | hole:1-2-6@672.1x1u | hole:2-3-7@54.3x1u | main:1-3-7@5.3x2u,5,3,2,102.222222,0.652633775
2720231110010008,1,,1-5-7,1,main,700,740.0,40.0,main:1-5-7@3.7x2u | hole:3-4-7@33.9x1u | hole:3-6-7@144.5x1u | hole:1-3-6@433.7x1u | main:1-2-5@5.0x2u,5,3,2,105.714286,0.508994952
2720231110010009,1,,2-4-5,0,,1500,0,-1500,main:1-4-5@1.7x9u | hole:1-2-6@164.3x1u | hole:2-5-6@335.3x1u | hole:5-6-7@444.1x1u | main:1-2-4@6.1x3u,5,3,2,102.0,0.763490297
2720231110010010,1,,2-3-5,1,hole,800,1430.0,630.0,main:1-2-4@3.1x3u | hole:2-3-5@14.3x1u | hole:2-5-7@103.0x1u | hole:1-3-6@83.4x1u | main:1-2-5@5.7x2u,5,3,2,116.25,0.589648457
2720231110010011,1,,4-5-7,0,,5300,0,-5300,main:1-5-7@1.9x28u | hole:3-4-7@20.6x3u | hole:1-3-4@18.8x3u | hole:1-4-6@199.2x1u | main:1-4-7@3.0x18u,5,3,2,100.377358,0.966404382
2820230213010008,1,,2-3-7,1,main,800,810.0,10.0,main:2-3-7@2.7x3u | hole:1-2-6@33.8x1u | hole:2-4-5@127.6x1u | hole:3-4-6@484.8x1u | main:1-3-7@5.4x2u,5,3,2,101.25,0.595041051
2820230213010009,1,,3-4-5,0,,700,0,-700,main:2-4-5@2.7x3u | hole:1-5-6@239.1x1u | hole:3-5-6@162.1x1u | main:2-3-5@3.6x2u,4,2,2,102.857143,0.65849953
2820230213010010,1,,1-2-4,0,,800,0,-800,main:2-4-5@2.8x3u | hole:2-3-7@95.4x1u | hole:2-3-6@131.9x1u | hole:3-4-6@206.4x1u | main:2-4-7@6.1x2u,5,3,2,105.0,0.543985926
2820230213010011,0,no_alternative_scenario,1-3-4,,,,,,,,,,,
2820230315010006,1,,1-5-7,1,main,900,920.0,20.0,main:1-5-7@2.3x4u | hole:2-6-7@200.4x1u | hole:4-6-7@590.2x1u | hole:3-5-6@163.4x1u | main:1-2-7@5.6x2u,5,3,2,102.222222,0.626158349
2820230315010007,1,,1-2-7,1,hole,400,760.0,360.0,main:1-4-5@3.0x2u | hole:1-2-7@7.6x1u | main:1-2-4@4.2x1u,3,1,2,105.0,0.703007519
2820230315010008,1,,1-2-5,0,,300,0,-300,main:2-3-4@5.7x1u | hole:1-3-5@11.5x1u | main:2-4-5@6.2x1u,3,1,2,190.0,0.423685441
2820230315010009,1,,1-2-5,1,main,700,900.0,200.0,main:1-2-5@3.0x3u | hole:1-3-6@125.7x1u | hole:1-4-6@76.6x1u | hole:4-5-6@196.4x1u | main:1-3-5@8.5x1u,5,3,2,121.428571,0.477082322
2820230315010010,1,,1-2-4,1,main,700,1060.0,360.0,main:1-4-5@4.9x2u | hole:2-3-4@27.1x1u | hole:2-3-7@38.5x1u | hole:3-6-7@154.6x1u | main:1-2-4@5.3x2u,5,3,2,140.0,0.462103578
2820230315010011,1,,2-5-7,1,main,700,900.0,200.0,main:2-5-7@4.5x2u | hole:1-5-6@48.4x1u | hole:4-5-6@49.8x1u | hole:1-4-6@82.6x1u | main:2-3-5@4.6x2u,5,3,2,128.571429,0.492461542
2820230405010006,1,,2-3-7,0,,1100,0,-1100,main:1-2-7@2.5x5u | hole:2-3-5@40.1x1u | hole:2-3-4@116.5x1u | hole:1-3-5@20.8x1u | main:2-4-7@4.3x3u,5,3,2,113.636364,0.714156409
2820230405010007,1,,1-5-6,0,,500,0,-500,main:1-4-7@5.4x1u | hole:2-3-5@9.2x1u | hole:3-5-7@20.6x1u | hole:3-4-5@54.8x1u | main:1-3-5@7.1x1u,5,3,2,108.0,0.501517772
2820230405010008,1,,1-3-7,0,,1000,0,-1000,main:3-5-7@2.9x4u | hole:1-4-7@23.1x1u | hole:1-3-4@38.2x1u | hole:1-4-5@95.3x1u | main:2-3-7@4.0x3u,5,3,2,116.0,0.674788819
2820230405010009,1,,1-3-7,0,,900,0,-900,main:1-4-7@2.5x4u | hole:1-3-5@15.0x1u | hole:1-2-3@26.2x1u | hole:1-2-6@77.2x1u | main:1-2-7@6.2x2u,5,3,2,111.111111,0.679078296
2820230405010010,1,,2-5-7,1,main,1000,1350.0,350.0,main:1-5-7@2.6x4u | hole:2-3-7@11.9x1u | hole:3-4-7@133.1x1u | hole:2-4-6@437.9x1u | main:2-5-7@4.5x3u,5,3,2,104.0,0.700667995
2820230405010011,1,,1-2-7,0,,800,0,-800,main:1-4-5@2.8x3u | hole:2-5-6@142.5x1u | hole:3-5-6@171.2x1u | hole:1-2-6@221.2x1u | main:1-2-5@5.1x2u,5,3,2,105.0,0.57060075
2820230709010006,0,no_alternative_scenario,1-2-5,,,,,,,,,,,
2820230709010007,1,,2-4-5,1,main,400,480.0,80.0,main:2-4-5@2.4x2u | hole:1-3-4@15.1x1u | main:1-2-5@4.1x1u,3,1,2,102.5,0.726794271
2820230709010008,1,,2-6-7,1,hole,400,1670.0,1270.0,main:1-3-7@4.2x1u | hole:2-6-7@16.7x1u | hole:2-5-7@25.8x1u | main:1-2-7@5.1x1u,4,2,2,105.0,0.532813599
2820230709010009,1,,4-5-7,0,,700,0,-700,main:2-5-7@2.8x3u | hole:2-3-4@12.1x1u | hole:1-3-4@52.5x1u | main:2-3-7@3.8x2u,4,2,2,108.571429,0.721992999
2820230709010010,1,,1-5-7,0,,700,0,-700,main:1-2-5@2.4x3u | hole:2-3-7@19.2x1u | hole:2-3-6@66.4x1u | main:1-4-5@5.9x2u,4,2,2,102.857143,0.653301766
2820230709010011,1,,1-6-7,0,,400,0,-400,main:1-4-7@2.3x2u | hole:3-5-7@54.4x1u | main:1-3-7@5.2x1u,3,1,2,115.0,0.645472654
2820230806010006,1,,2-5-7,0,,700,0,-700,main:2-3-7@5.0x2u | hole:1-2-5@16.3x1u | hole:1-3-4@31.9x1u | hole:3-4-5@21.5x1u | main:2-3-4@5.9x2u,5,3,2,142.857143,0.508700809
2820230806010007,1,,2-5-7,1,hole,500,8510.0,8010.0,main:2-3-4@5.2x1u | hole:1-3-5@12.2x1u | hole:1-2-7@46.7x1u | hole:2-5-7@85.1x1u | main:2-3-5@5.9x1u,5,3,2,104.0,0.476930588
2820230806010008,1,,1-4-7,1,main,400,430.0,30.0,main:1-2-7@4.1x1u | hole:1-3-4@55.5x1u | hole:2-4-6@68.0x1u | main:1-4-7@4.3x1u,4,2,2,102.5,0.509184479
2820230806010009,1,,1-2-4,0,,700,0,-700,main:1-2-5@3.7x2u | hole:2-6-7@31.7x1u | hole:2-3-7@43.8x1u | hole:4-6-7@273.4x1u | main:2-4-7@5.6x2u,5,3,2,105.714286,0.506876135
2820230806010010,1,,1-4-7,0,,500,0,-500,main:1-5-7@1.8x3u | hole:2-4-5@30.1x1u | main:1-2-7@5.3x1u,3,1,2,106.0,0.777457392
2820230806010011,1,,2-4-7,1,main,500,540.0,40.0,main:2-4-7@1.8x3u | hole:1-3-7@30.8x1u | main:3-4-7@7.3x1u,3,1,2,108.0,0.725009389
2820231228010001,1,,2-5-8,0,,800,0,-800,main:1-7-9@3.4x3u | hole:2-5-7@10.7x1u | hole:1-2-5@30.6x1u | hole:2-3-7@38.4x1u | main:1-2-7@6.0x2u,5,3,2,127.5,0.612963663
2820231228010002,1,,3-4-7,0,,500,0,-500,main:1-3-7@5.5x1u | hole:2-3-5@22.4x1u | hole:1-2-5@21.4x1u | hole:1-4-9@18.9x1u | main:2-3-7@8.8x1u,5,3,2,110.0,0.439736427
2820231228010003,1,,3-4-7,0,,600,0,-600,main:1-5-9@4.0x2u | hole:1-3-4@30.7x1u | hole:3-4-9@77.9x1u | hole:2-7-9@46.0x1u | main:1-7-9@10.0x1u,5,3,2,133.333333,0.417149391
2820231228010004,1,,5-7-8,0,,600,0,-600,main:1-3-9@3.5x2u | hole:2-3-5@17.7x1u | hole:1-2-5@50.7x1u | hole:3-5-8@49.3x1u | main:1-3-5@6.5x1u,5,3,2,108.333333,0.536065456
2820231228010005,1,,1-3-5,1,main,600,830.0,230.0,main:1-5-7@5.0x2u | hole:3-5-9@27.9x1u | hole:2-4-7@31.8x1u | hole:4-6-7@299.0x1u | main:1-3-5@8.3x1u,5,3,2,138.333333,0.391115244
2820231228010006,1,,1-5-7,1,main,500,740.0,240.0,main:1-5-7@7.4x1u | hole:3-5-9@13.8x1u | hole:1-3-8@53.2x1u | hole:1-8-9@38.6x1u | main:1-5-9@7.6x1u,5,3,2,148.0,0.383881579
2820231228010007,1,,2-7-9,1,main,700,780.0,80.0,main:2-7-9@3.9x2u | hole:3-4-9@51.3x1u | hole:2-3-4@23.4x1u | hole:2-3-5@24.3x1u | main:2-5-9@5.8x2u,5,3,2,111.428571,0.532204533
2820231228010008,1,,2-7-9,1,main,700,920.0,220.0,main:2-5-7@3.8x2u | hole:1-2-9@13.1x1u | hole:1-5-9@55.2x1u | hole:1-8-9@67.0x1u | main:2-7-9@4.6x2u,5,3,2,108.571429,0.589926392
2820231228010009,1,,1-5-7,1,main,700,940.0,240.0,main:1-4-7@3.6x2u | hole:1-2-9@33.7x1u | hole:2-3-7@162.6x1u | hole:3-6-8@1838.3x1u | main:1-5-7@4.7x2u,5,3,2,102.857143,0.526911368
3120230117010006,1,,2-4-7,1,main,700,920.0,220.0,main:2-5-7@4.5x2u | hole:1-4-7@25.6x1u | hole:1-4-6@36.7x1u | hole:2-3-6@134.8x1u | main:2-4-7@4.6x2u,5,3,2,128.571429,0.513342381
3120230117010007,1,,2-5-6,0,,600,0,-600,main:2-3-4@4.5x2u | hole:1-3-6@23.5x1u | hole:1-4-6@33.0x1u | hole:1-3-7@92.8x1u | main:3-4-7@6.5x1u,5,3,2,108.333333,0.45970046
3120230117010008,1,,3-5-7,0,,700,0,-700,main:2-5-6@3.7x2u | hole:2-3-7@25.6x1u | hole:1-3-7@59.1x1u | hole:1-2-7@128.3x1u | main:2-3-5@5.5x2u,5,3,2,105.714286,0.515865658
3120230117010009,1,,2-3-5,0,,500,0,-500,main:2-5-7@3.2x2u | hole:1-4-7@12.7x1u | hole:1-3-7@22.2x1u | main:1-5-7@5.3x1u,4,2,2,106.0,0.624964448
3120230117010010,1,,1-4-5,1,main,1100,1320.0,220.0,main:1-4-5@3.3x4u | hole:1-3-7@8.7x2u | hole:3-4-7@13.3x1u | hole:3-6-7@81.3x1u | main:1-3-4@3.7x3u,5,3,2,100.909091,0.775731195
3120230117010011,1,,1-2-7,1,main,1000,1170.0,170.0,main:2-5-7@2.6x4u | hole:1-3-4@17.8x1u | hole:1-2-4@17.4x1u | hole:1-3-7@28.7x1u | main:1-2-7@3.9x3u,5,3,2,104.0,0.789519886
3120230130010008,1,,2-6-7,0,,500,0,-500,main:1-4-7@5.2x1u | hole:2-3-7@11.3x1u | hole:3-5-7@17.9x1u | hole:2-3-5@19.6x1u | main:1-2-7@5.4x1u,5,3,2,104.0,0.572874783
3120230130010009,1,,2-4-5,0,,600,0,-600,main:1-2-4@4.4x2u | hole:2-5-7@23.8x1u | hole:2-5-6@63.7x1u | hole:3-4-7@59.7x1u | main:2-4-7@6.8x1u,5,3,2,113.333333,0.448797363
3120230130010010,1,,1-3-4,0,,600,0,-600,main:1-2-4@3.6x2u | hole:3-6-7@28.3x1u | hole:3-4-7@12.4x1u | hole:2-3-7@46.5x1u | main:1-4-7@6.8x1u,5,3,2,113.333333,0.562322828
3120230130010011,1,,1-5-7,1,main,1700,1710.0,10.0,main:1-5-7@1.9x9u | hole:2-4-5@12.9x2u | hole:1-2-4@40.9x1u | hole:2-3-5@62.8x1u | main:1-2-5@5.0x4u,5,3,2,100.588235,0.844208614
3120230205010008,1,,1-2-5,0,,500,0,-500,main:1-3-5@5.4x1u | hole:2-4-7@37.2x1u | hole:2-3-4@12.8x1u | hole:2-5-7@11.8x1u | main:2-3-7@8.3x1u,5,3,2,108.0,0.495419596
3120230205010009,1,,1-2-7,1,main,500,690.0,190.0,main:1-2-7@6.9x1u | hole:1-4-5@11.6x1u | hole:1-3-4@32.3x1u | hole:1-3-5@18.5x1u | main:1-4-6@7.9x1u,5,3,2,138.0,0.442730518
3120230205010010,1,,2-4-7,1,main,1100,1120.0,20.0,main:2-4-7@2.8x4u | hole:1-4-5@9.4x2u | hole:1-5-6@29.6x1u | hole:1-3-4@44.0x1u | main:1-2-4@3.9x3u,5,3,2,101.818182,0.776447149
3120230205010011,1,,3-4-7,1,main,400,540.0,140.0,main:3-4-7@2.7x2u | hole:1-4-5@11.8x1u | main:1-3-7@5.2x1u,3,1,2,130.0,0.647423825
3120230322010006,1,,2-5-7,0,,700,0,-700,main:1-5-7@4.6x2u | hole:2-6-7@100.7x1u | hole:4-5-6@247.5x1u | hole:4-6-7@194.6x1u | main:1-2-7@5.6x2u,5,3,2,131.428571,0.41507237
3120230322010007,1,,1-2-7,1,main,600,660.0,60.0,main:1-2-5@4.7x2u | hole:1-4-7@11.8x1u | hole:1-3-7@24.0x1u | hole:2-4-7@68.0x1u | main:1-2-7@6.6x1u,5,3,2,110.0,0.505399421
3120230322010008,1,,1-3-7,1,main,700,900.0,200.0,main:1-5-7@3.6x2u | hole:1-2-3@32.4x1u | hole:1-2-4@32.8x1u | hole:1-3-6@147.6x1u | main:1-3-7@4.5x2u,5,3,2,102.857143,0.56812707
3120230322010009,1,,1-4-7,0,,700,0,-700,main:3-5-7@3.9x2u | hole:1-6-7@32.7x1u | hole:1-3-6@82.1x1u | hole:1-2-7@74.4x1u | main:1-5-7@4.3x2u,5,3,2,111.428571,0.545170564
3120230322010010,1,,1-5-7,1,main,800,960.0,160.0,main:1-5-7@3.2x3u | hole:3-4-7@57.0x1u | hole:2-5-6@110.8x1u | hole:1-2-3@83.3x1u | main:1-4-5@4.1x2u,5,3,2,102.5,0.594976371
3120230322010011,1,,1-3-7,1,hole,700,2150.0,1450.0,main:1-4-6@3.8x2u | hole:1-3-7@21.5x1u | hole:1-3-5@83.7x1u | hole:3-6-7@194.6x1u | main:1-4-7@4.8x2u,5,3,2,108.571429,0.535089033
3120230410010008,1,,1-2-4,1,hole,800,1660.0,860.0,main:3-4-7@3.3x3u | hole:1-2-5@28.1x1u | hole:1-2-4@16.6x1u | hole:2-4-6@25.5x1u | main:2-3-4@4.9x2u,5,3,2,122.5,0.642155774
3120230410010009,1,,1-4-7,0,,800,0,-800,main:1-4-5@3.1x3u | hole:2-4-7@26.2x1u | hole:2-3-5@24.5x1u | hole:3-5-6@95.9x1u | main:3-4-5@5.4x2u,5,3,2,116.25,0.597177624
3120230410010010,1,,3-4-7,1,main,500,580.0,80.0,main:1-5-7@5.5x1u | hole:2-3-7@15.7x1u | hole:3-6-7@35.4x1u | hole:2-6-7@41.0x1u | main:3-4-7@5.8x1u,5,3,2,110.0,0.470565074
3120230410010011,1,,2-4-5,1,main,300,340.0,40.0,main:1-2-4@3.3x1u | hole:3-4-5@61.7x1u | main:2-4-5@3.4x1u,3,1,2,110.0,0.613355406
3120230520010006,1,,1-2-4,1,main,1100,1250.0,150.0,main:1-2-4@2.5x5u | hole:1-6-7@87.0x1u | hole:1-3-7@78.3x1u | hole:1-3-6@186.1x1u | main:2-4-5@4.0x3u,5,3,2,109.090909,0.6796391
3120230520010007,1,,1-2-5,1,main,500,530.0,30.0,main:1-2-5@5.3x1u | hole:2-6-7@17.1x1u | hole:2-3-4@32.9x1u | hole:3-4-5@26.0x1u | main:1-3-5@5.2x1u,5,3,2,104.0,0.508323145
3120230520010008,1,,2-3-4,0,,600,0,-600,main:1-2-4@3.8x2u | hole:4-5-6@299.4x1u | hole:3-4-5@77.0x1u | main:1-4-7@4.0x2u,4,2,2,126.666667,0.529484921
3120230520010009,1,,2-4-6,1,main,900,960.0,60.0,main:2-4-6@2.4x4u | hole:2-5-7@162.1x1u | hole:1-2-5@42.0x1u | hole:2-3-5@178.3x1u | main:2-4-7@6.5x2u,5,3,2,106.666667,0.606099901
3120230520010010,1,,1-3-7,0,,600,0,-600,main:2-3-7@3.2x2u | hole:1-3-5@23.8x1u | hole:3-4-5@35.8x1u | hole:1-6-7@308.8x1u | main:2-5-7@7.7x1u,5,3,2,106.666667,0.515558239
3120230520010011,1,,1-2-4,1,main,1000,1110.0,110.0,main:1-4-6@2.9x4u | hole:2-5-7@80.8x1u | hole:2-3-4@94.1x1u | hole:2-4-7@27.2x1u | main:1-2-4@3.7x3u,5,3,2,111.0,0.674865793
3120230627010006,0,no_alternative_scenario,1-3-5,,,,,,,,,,,
3120230627010007,1,,1-3-7,1,main,500,700.0,200.0,main:1-4-6@7.3x1u | hole:3-5-7@13.2x1u | hole:2-3-5@49.4x1u | hole:1-2-3@53.0x1u | main:1-3-7@7.0x1u,5,3,2,140.0,0.394711859
3120230627010008,1,,1-2-5,0,,600,0,-600,main:1-2-7@3.1x2u | hole:1-5-6@100.0x1u | hole:2-5-6@205.4x1u | main:2-4-7@3.3x2u,4,2,2,103.333333,0.640479497
3120230627010009,1,,1-3-6,1,hole,900,1910.0,1010.0,main:3-5-7@3.5x3u | hole:1-3-6@19.1x1u | hole:2-4-5@48.1x1u | hole:4-5-6@91.5x1u | main:1-3-5@4.0x3u,5,3,2,116.666667,0.619789289
3120230627010010,1,,2-5-7,1,main,900,1040.0,140.0,main:2-5-7@2.6x4u | hole:2-3-4@26.1x1u | hole:1-2-4@55.3x1u | hole:3-4-7@107.7x1u | main:2-4-7@6.0x2u,5,3,2,115.555556,0.616964461
3120230627010011,1,,3-5-7,1,hole,1200,2050.0,850.0,main:1-4-7@2.1x6u | hole:3-5-7@20.5x1u | hole:2-3-7@54.8x1u | hole:1-3-5@24.8x1u | main:1-3-7@4.4x3u,5,3,2,105.0,0.810814447
3120230924010006,1,,2-3-5,1,main,500,600.0,100.0,main:1-2-5@3.5x2u | hole:1-4-6@125.4x1u | hole:3-4-6@218.0x1u | main:2-3-5@6.0x1u,4,2,2,120.0,0.46494259
3120230924010007,1,,4-5-7,1,main,500,600.0,100.0,main:3-4-7@2.6x2u | hole:1-4-5@25.8x1u | hole:1-6-7@184.6x1u | main:4-5-7@6.0x1u,4,2,2,104.0,0.595458859
3120230924010008,1,,1-4-7,1,main,900,1000.0,100.0,main:1-5-7@2.4x4u | hole:3-4-5@91.3x1u | hole:1-2-3@105.1x1u | hole:3-5-6@39.6x1u | main:1-4-7@5.0x2u,5,3,2,106.666667,0.662386842
3120230924010009,1,,1-3-7,0,,800,0,-800,main:3-4-5@2.1x4u | hole:2-3-7@16.5x1u | hole:2-5-7@23.9x1u | main:3-5-7@5.2x2u,4,2,2,105.0,0.770945233
3120230924010010,1,,3-6-7,1,hole,800,6130.0,5330.0,main:1-4-5@3.5x3u | hole:3-4-7@15.7x1u | hole:3-6-7@61.3x1u | hole:3-5-7@10.7x1u | main:3-4-5@4.6x2u,5,3,2,115.0,0.676571015
3120231025010006,1,,3-4-7,0,,700,0,-700,main:1-3-7@3.6x2u | hole:2-4-5@18.7x1u | hole:2-3-4@17.3x1u | hole:2-5-7@30.9x1u | main:2-4-7@5.8x2u,5,3,2,102.857143,0.593833434
3120231025010007,1,,2-3-5,0,,500,0,-500,main:2-5-6@6.9x1u | hole:1-3-7@27.5x1u | hole:3-4-5@26.0x1u | hole:1-3-5@76.1x1u | main:1-2-5@5.9x1u,5,3,2,118.0,0.402384841
3120231025010008,1,,1-2-7,1,main,300,430.0,130.0,main:1-2-7@4.3x1u | hole:2-3-4@64.4x1u | main:1-2-5@4.9x1u,3,1,2,143.333333,0.452167722
3120231025010009,1,,1-4-7,0,,1100,0,-1100,main:3-4-7@2.9x4u | hole:1-3-6@91.4x1u | hole:1-3-5@123.6x1u | hole:1-2-7@72.8x1u | main:1-3-7@3.1x4u,5,3,2,105.454545,0.700176029
3120231025010010,1,,3-4-7,0,,700,0,-700,main:1-4-7@4.0x2u | hole:3-4-5@13.0x1u | hole:2-3-7@43.3x1u | hole:1-3-5@45.6x1u | main:1-3-4@4.9x2u,5,3,2,114.285714,0.576029222
3120231025010011,1,,2-5-7,0,,800,0,-800,main:2-4-5@1.7x5u | hole:1-5-7@128.9x1u | main:1-2-5@4.7x2u,3,1,2,106.25,0.808759203
3120231121010006,1,,2-3-5,1,main,700,730.0,30.0,main:3-5-7@2.4x3u | hole:1-2-7@26.5x1u | hole:1-4-7@46.6x1u | hole:2-5-6@264.7x1u | main:2-3-5@7.3x1u,5,3,2,102.857143,0.616625906
3120231121010007,1,,2-4-7,1,main,1500,1520.0,20.0,main:2-4-7@1.9x8u | hole:1-4-6@585.8x1u | hole:3-4-6@422.3x1u | hole:3-4-5@412.7x1u | main:1-2-7@3.9x4u,5,3,2,101.333333,0.789224166
3120231121010008,1,,1-2-4,1,main,700,820.0,120.0,main:1-2-4@4.1x2u | hole:1-5-7@35.8x1u | hole:3-4-6@343.6x1u | hole:1-6-7@236.2x1u | main:1-4-7@5.3x2u,5,3,2,117.142857,0.467658706
3120231121010009,0,no_alternative_scenario,2-3-7,,,,,,,,,,,
3120231226010006,1,,1-2-5,1,main,1200,1260.0,60.0,main:1-2-5@2.1x6u | hole:2-4-6@22.9x1u | hole:2-3-6@60.9x1u | main:1-3-5@3.1x4u,4,2,2,103.333333,0.858859605
3120231226010007,0,no_alternative_scenario,1-5-6,,,,,,,,,,,
3120231226010008,1,,4-5-7,0,,700,0,-700,main:1-3-4@3.7x2u | hole:2-3-7@36.5x1u | hole:1-2-5@26.8x1u | hole:3-5-7@24.4x1u | main:1-4-5@6.0x2u,5,3,2,105.714286,0.542631237
3120231226010009,1,,2-4-7,0,,800,0,-800,main:1-4-5@3.4x3u | hole:2-3-7@11.3x1u | hole:3-5-7@18.0x1u | hole:1-3-7@58.7x1u | main:1-5-7@5.2x2u,5,3,2,127.5,0.647512245
3120231226010010,1,,3-4-5,1,main,800,990.0,190.0,main:3-4-5@3.3x3u | hole:1-5-7@20.0x1u | hole:1-3-7@163.3x1u | hole:1-4-6@156.9x1u | main:2-3-4@5.2x2u,5,3,2,123.75,0.55783518
3120231226010011,1,,4-6-7,0,,1100,0,-1100,main:2-4-7@2.3x5u | hole:2-3-5@49.5x1u | hole:3-5-7@25.0x1u | hole:1-6-7@84.3x1u | main:1-2-7@4.2x3u,5,3,2,104.545455,0.744942263
3420231007010006,1,,3-4-7,0,,300,0,-300,main:1-4-5@5.0x1u | hole:2-4-6@117.5x1u | main:2-4-5@5.4x1u,3,1,2,166.666667,0.393695823
3420231007010007,1,,1-3-5,1,main,800,870.0,70.0,main:1-3-5@2.9x3u | hole:1-2-7@27.3x1u | hole:2-3-4@47.0x1u | hole:2-4-5@24.2x1u | main:2-3-5@6.9x2u,5,3,2,108.75,0.588984069
3420231007010008,1,,1-5-7,0,,1000,0,-1000,main:1-2-7@2.2x5u | hole:4-5-7@94.4x1u | hole:3-5-7@179.7x1u | hole:3-4-7@68.7x1u | main:2-5-7@5.1x2u,5,3,2,102.0,0.681337977
3420231007010009,1,,1-2-5,1,main,700,780.0,80.0,main:1-2-5@3.9x2u | hole:2-4-6@15.1x1u | hole:1-3-7@37.0x1u | hole:2-6-7@118.8x1u | main:1-5-7@6.0x2u,5,3,2,111.428571,0.524746624
3420231007010010,0,no_alternative_scenario,1-2-7,,,,,,,,,,,
3420231007010011,1,,4-6-7,0,,500,0,-500,main:3-5-7@2.7x2u | hole:1-6-7@126.3x1u | main:4-5-7@3.2x2u,3,1,2,108.0,0.690788027
3420231017010006,1,,4-5-7,1,main,700,780.0,80.0,main:4-5-7@3.9x2u | hole:1-3-5@39.3x1u | hole:1-3-4@42.3x1u | hole:3-5-6@58.3x1u | main:1-4-7@4.3x2u,5,3,2,111.428571,0.555207009
3420231017010007,1,,2-5-7,1,main,2300,2400.0,100.0,main:2-5-7@2.4x10u | hole:3-4-7@12.9x2u | hole:2-3-4@15.0x2u | hole:3-4-5@60.2x1u | main:2-4-7@3.0x8u,5,3,2,104.347826,0.910797342
3420231017010008,1,,3-5-7,1,main,600,880.0,280.0,main:3-5-7@4.4x2u | hole:4-5-6@149.6x1u | hole:1-2-7@34.7x1u | hole:2-4-5@27.9x1u | main:1-3-5@6.9x1u,5,3,2,115.0,0.443545493
3420231017010009,1,,1-3-5,0,,800,0,-800,main:1-4-5@3.2x3u | hole:1-2-6@174.5x1u | hole:2-3-5@97.5x1u | hole:2-6-7@59.1x1u | main:1-5-7@4.7x2u,5,3,2,117.5,0.558173501
3420231017010010,1,,1-4-7,0,,600,0,-600,main:1-4-6@3.2x2u | hole:1-3-7@8.9x1u | hole:1-2-3@62.5x1u | main:1-3-4@3.9x2u,4,2,2,106.666667,0.697269807
3420231017010011,1,,1-2-3,0,,600,0,-600,main:1-5-7@3.5x2u | hole:2-3-5@45.1x1u | hole:2-3-4@81.6x1u | hole:3-4-5@69.2x1u | main:1-2-7@6.1x1u,5,3,2,101.666667,0.49852743
3420231118010006,1,,1-3-5,1,hole,1400,1640.0,240.0,main:2-3-7@2.6x6u | hole:1-4-5@14.1x1u | hole:1-3-5@8.2x2u | hole:1-2-5@14.2x1u | main:1-2-3@3.9x4u,5,3,2,100.714286,0.904321382
3420231118010007,1,,2-3-7,0,,900,0,-900,main:1-4-7@3.4x3u | hole:3-5-7@22.7x1u | hole:3-4-5@26.3x1u | hole:1-2-6@156.7x1u | main:2-4-7@3.9x3u,5,3,2,113.333333,0.638985202
3420231118010008,1,,1-3-4,1,main,800,880.0,80.0,main:2-3-4@2.7x3u | hole:1-4-7@9.9x1u | hole:1-4-6@41.9x1u | hole:1-2-7@94.2x1u | main:1-3-4@4.4x2u,5,3,2,101.25,0.733135258
3420231118010009,1,,1-3-7,1,main,1000,1560.0,560.0,main:3-4-7@2.2x5u | hole:1-4-5@18.8x1u | hole:1-6-7@222.5x1u | hole:1-4-6@191.4x1u | main:1-3-7@7.8x2u,5,3,2,110.0,0.645661115
3420231118010010,1,,2-5-7,1,main,1900,2100.0,200.0,main:2-4-5@1.5x13u | hole:1-5-7@38.4x1u | hole:2-3-6@99.2x1u | hole:1-4-6@564.7x1u | main:2-5-7@7.0x3u,5,3,2,102.631579,0.847416973
3420231118010011,1,,1-5-7,1,main,900,1140.0,240.0,main:1-2-5@3.1x3u | hole:2-4-6@17.5x1u | hole:3-4-5@83.2x1u | hole:2-3-6@96.8x1u | main:1-5-7@3.8x3u,5,3,2,103.333333,0.665231206
3420231206010006,1,,2-3-7,1,main,700,840.0,140.0,main:2-3-7@4.2x2u | hole:3-4-5@12.1x1u | hole:2-4-5@43.9x1u | hole:1-3-4@55.6x1u | main:2-3-4@4.5x2u,5,3,2,120.0,0.583726743
3420231206010007,1,,1-4-7,1,main,1100,1200.0,100.0,main:1-4-7@2.0x6u | hole:1-2-5@13.1x1u | hole:2-4-5@66.9x1u | main:1-2-7@3.8x3u,4,2,2,103.636364,0.854441456
3420231206010008,1,,1-4-5,0,,400,0,-400,main:1-3-5@2.4x2u | hole:2-4-5@23.2x1u | main:2-3-5@4.4x1u,3,1,2,110.0,0.687042842
3420231206010009,1,,1-2-4,1,main,500,760.0,260.0,main:1-2-4@3.8x2u | hole:3-4-6@53.4x1u | hole:4-5-7@45.9x1u | main:1-4-7@5.6x1u,4,2,2,112.0,0.482242407
3420231206010010,1,,1-3-7,1,main,700,860.0,160.0,main:1-4-7@3.0x3u | hole:3-5-7@16.1x1u | hole:3-6-7@186.6x1u | main:1-3-7@4.3x2u,4,2,2,122.857143,0.633362331
3420231206010011,0,no_alternative_scenario,3-4-7,,,,,,,,,,,
3420231213010008,1,,1-2-4,0,,800,0,-800,main:2-4-5@3.1x3u | hole:1-2-7@17.9x1u | hole:1-3-4@42.0x1u | hole:3-4-7@51.2x1u | main:2-3-4@6.0x2u,5,3,2,116.25,0.588454007
3420231213010009,1,,3-5-7,1,main,800,1000.0,200.0,main:3-5-7@5.0x2u | hole:1-4-7@5.8x2u | hole:1-2-4@8.3x1u | hole:1-6-7@64.9x1u | main:1-5-7@5.6x2u,5,3,2,103.75,0.68687547
3420231213010010,1,,3-5-7,1,main,800,990.0,190.0,main:3-5-7@3.3x3u | hole:4-5-6@150.6x1u | hole:1-2-4@28.6x1u | hole:3-4-6@179.0x1u | main:2-3-5@4.5x2u,5,3,2,112.5,0.572444259
3420231213010011,1,,1-2-4,1,main,1000,1120.0,120.0,main:1-2-4@2.8x4u | hole:1-6-7@248.8x1u | hole:4-5-6@277.1x1u | hole:1-3-6@157.5x1u | main:1-4-5@3.5x3u,5,3,2,105.0,0.656834447
3520230311010006,1,,1-2-4,1,hole,700,6440.0,5740.0,main:1-5-6@4.8x2u | hole:1-3-4@9.1x1u | hole:1-2-4@64.4x1u | hole:4-6-7@537.6x1u | main:1-3-5@5.0x2u,5,3,2,130.0,0.535611513
3520230311010007,1,,1-5-7,0,,600,0,-600,main:2-4-7@4.5x2u | hole:3-6-7@108.6x1u | hole:3-5-7@11.8x1u | hole:3-4-5@19.5x1u | main:2-3-4@7.4x1u,5,3,2,123.333333,0.502593274
3520230311010008,1,,3-4-7,0,,600,0,-600,main:1-2-5@4.3x2u | hole:2-4-7@23.0x1u | hole:1-3-4@37.9x1u | hole:2-3-4@12.7x1u | main:2-5-7@6.5x1u,5,3,2,108.333333,0.535007936
3520230311010009,1,,3-5-7,1,main,700,1120.0,420.0,main:2-3-5@4.8x2u | hole:1-5-7@19.0x1u | hole:1-3-7@12.7x1u | hole:1-5-6@62.6x1u | main:3-5-7@5.6x2u,5,3,2,137.142857,0.534250939
3520230311010010,1,,2-5-7,0,,300,0,-300,main:4-5-7@3.7x1u | hole:1-3-5@43.0x1u | main:3-4-5@4.6x1u,3,1,2,123.333333,0.510917389
3520230311010011,0,no_alternative_scenario,1-2-7,,,,,,,,,,,
3520230422010008,1,,2-4-7,0,,500,0,-500,main:3-4-7@5.2x1u | hole:1-2-4@14.9x1u | hole:1-3-5@17.6x1u | hole:1-4-5@14.3x1u | main:2-3-4@6.6x1u,5,3,2,104.0,0.53768519
3520230422010009,1,,1-3-7,0,,700,0,-700,main:1-4-7@2.8x3u | hole:2-3-7@174.9x1u | hole:2-6-7@270.7x1u | main:1-5-7@3.6x2u,4,2,2,102.857143,0.644332314
3520230422010010,1,,1-4-7,0,,700,0,-700,main:1-4-5@4.0x2u | hole:2-5-7@15.8x1u | hole:2-4-6@112.0x1u | hole:4-6-7@135.6x1u | main:2-4-7@4.4x2u,5,3,2,114.285714,0.556867069
3520230422010011,1,,1-4-5,1,main,1000,1040.0,40.0,main:1-4-5@2.6x4u | hole:3-4-6@43.3x1u | hole:3-5-6@139.9x1u | hole:2-3-5@109.9x1u | main:1-3-5@4.0x3u,5,3,2,104.0,0.673957217
3520230616010006,1,,1-5-7,1,main,300,370.0,70.0,main:1-2-5@3.2x1u | hole:2-3-4@32.9x1u | main:1-5-7@3.7x1u,3,1,2,106.666667,0.613165407
3520230616010007,1,,1-4-7,1,main,400,430.0,30.0,main:1-5-7@2.2x2u | hole:2-4-5@77.2x1u | main:1-4-7@4.3x1u,3,1,2,107.5,0.700056962
3520230616010008,1,,1-4-6,0,,700,0,-700,main:1-3-7@4.6x2u | hole:2-3-4@72.2x1u | hole:3-5-6@429.9x1u | hole:3-4-6@79.8x1u | main:1-3-4@4.6x2u,5,3,2,131.428571,0.463490475
3520230616010009,1,,1-6-7,0,,300,0,-300,main:1-4-5@3.3x1u | hole:2-3-4@10.8x1u | main:1-5-7@3.4x1u,3,1,2,110.0,0.689740543
3520230616010010,0,no_alternative_scenario,4-5-7,,,,,,,,,,,
3520230616010011,0,no_alternative_scenario,1-5-6,,,,,,,,,,,
3520230721010006,1,,1-2-6,0,,500,0,-500,main:1-5-7@6.5x1u | hole:2-4-5@19.3x1u | hole:2-4-7@17.3x1u | hole:3-4-5@22.7x1u | main:2-4-6@8.0x1u,5,3,2,130.0,0.432515957
3520230721010007,1,,1-5-7,0,,400,0,-400,main:1-3-7@5.6x1u | hole:2-3-4@21.8x1u | hole:2-3-5@184.4x1u | main:1-3-4@6.4x1u,4,2,2,140.0,0.386115982
3520230721010008,1,,1-3-5,0,,700,0,-700,main:3-4-5@3.7x2u | hole:2-5-6@69.4x1u | hole:1-4-6@147.0x1u | hole:1-2-4@54.1x1u | main:3-5-6@5.5x2u,5,3,2,105.714286,0.491784683
3520230721010009,1,,2-5-7,1,main,1200,1410.0,210.0,main:1-5-7@1.8x7u | hole:2-4-7@32.6x1u | hole:2-3-7@50.2x1u | main:2-5-7@4.7x3u,4,2,2,105.0,0.818916678
3520230721010010,1,,3-4-7,1,main,1000,1050.0,50.0,main:3-4-7@2.1x5u | hole:2-3-5@15.0x1u | hole:2-4-5@21.3x1u | hole:3-5-6@137.6x1u | main:3-4-5@5.2x2u,5,3,2,104.0,0.789380634
3520230721010011,1,,1-4-5,1,main,800,920.0,120.0,main:1-4-5@2.3x4u | hole:2-3-5@57.4x1u | hole:3-5-6@83.7x1u | main:1-3-5@5.5x2u,4,2,2,115.0,0.645969825
3520230904010008,1,,1-6-7,0,,700,0,-700,main:1-2-5@4.2x2u | hole:3-5-6@42.3x1u | hole:3-4-6@172.7x1u | hole:1-3-4@39.5x1u | main:1-4-5@5.7x2u,5,3,2,120.0,0.46828134
3520230904010009,1,,1-2-4,0,,900,0,-900,main:1-2-7@2.4x4u | hole:1-4-6@17.1x1u | hole:2-4-6@128.7x1u | hole:1-3-6@99.1x1u | main:2-4-7@6.5x2u,5,3,2,106.666667,0.646853178
3520230904010010,1,,2-4-5,0,,800,0,-800,main:2-4-7@2.9x3u | hole:1-3-5@32.1x1u | hole:1-2-5@10.2x1u | hole:1-4-5@41.7x1u | main:1-2-4@4.5x2u,5,3,2,108.75,0.720222487
3520230904010011,1,,1-6-7,0,,900,0,-900,main:1-2-7@2.0x5u | hole:1-3-5@78.3x1u | hole:2-4-5@108.8x1u | main:1-3-7@5.6x2u,4,2,2,111.111111,0.700533997
3620230305010006,1,,2-3-4,0,,400,0,-400,main:1-3-7@5.0x1u | hole:2-5-7@55.4x1u | hole:2-6-7@62.7x1u | main:1-2-7@5.0x1u,4,2,2,125.0,0.433999505
3620230305010007,1,,3-4-7,1,main,700,870.0,170.0,main:3-4-7@2.9x3u | hole:1-4-6@22.1x1u | hole:1-6-7@171.3x1u | main:1-3-7@4.2x2u,4,2,2,120.0,0.634009405
3620230305010008,0,no_alternative_scenario,1-2-5,,,,,,,,,,,
3620230305010009,1,,2-3-6,0,,1600,0,-1600,main:1-5-7@1.5x11u | hole:2-6-7@46.0x1u | hole:3-6-7@151.6x1u | hole:1-2-6@171.9x1u | main:4-5-7@11.3x2u,5,3,2,103.125,0.789315014
3620230305010010,1,,2-4-6,0,,900,0,-900,main:2-5-7@2.0x5u | hole:1-4-5@15.2x1u | hole:1-2-4@28.6x1u | hole:1-5-6@79.9x1u | main:2-4-5@9.1x1u,5,3,2,101.111111,0.723160263
3620230305010011,1,,4-5-7,0,,800,0,-800,main:2-5-7@2.7x3u | hole:1-2-4@22.7x1u | hole:2-4-6@22.3x1u | hole:1-2-6@84.9x1u | main:3-5-7@4.1x2u,5,3,2,101.25,0.714947285
3620230325010006,1,,1-5-7,1,main,600,620.0,20.0,main:1-2-5@5.0x2u | hole:2-4-6@19.3x1u | hole:2-6-7@76.3x1u | hole:3-4-6@52.3x1u | main:1-5-7@6.2x1u,5,3,2,103.333333,0.445330413
3620230325010007,1,,1-4-7,1,main,900,920.0,20.0,main:1-4-7@2.3x4u | hole:2-4-5@41.1x1u | hole:2-6-7@256.6x1u | hole:2-3-7@113.1x1u | main:1-5-7@6.9x2u,5,3,2,102.222222,0.616779894
3620230325010008,1,,2-4-5,1,main,700,940.0,240.0,main:3-4-5@4.7x2u | hole:2-5-7@7.9x1u | hole:1-2-5@16.4x1u | hole:2-5-6@51.7x1u | main:2-4-5@4.7x2u,5,3,2,112.857143,0.632432163
3620230325010009,0,no_alternative_scenario,1-5-7,,,,,,,,,,,
3620230325010010,1,,1-4-7,1,main,700,760.0,60.0,main:1-4-7@1.9x4u | hole:3-4-5@66.3x1u | main:1-4-5@3.9x2u,3,1,2,108.571429,0.797809002
3620230325010011,0,no_alternative_scenario,1-3-5,,,,,,,,,,,
3620230515010006,1,,1-4-7,1,main,700,720.0,20.0,main:1-4-7@2.4x3u | hole:2-4-5@14.7x1u | hole:4-5-6@100.1x1u | main:1-3-7@4.9x2u,4,2,2,102.857143,0.69876552
3620230515010007,1,,1-6-7,1,hole,600,790.0,190.0,main:1-2-4@3.5x2u | hole:1-6-7@7.9x1u | hole:1-5-7@35.1x1u | hole:1-5-6@45.9x1u | main:2-4-5@7.6x1u,5,3,2,116.666667,0.594152032
3620230515010008,1,,2-3-7,1,main,300,470.0,170.0,main:2-5-7@3.5x1u | hole:4-5-6@303.9x1u | main:2-3-7@4.7x1u,3,1,2,116.666667,0.501770799
3620230515010009,1,,1-5-7,1,main,800,840.0,40.0,main:1-5-7@2.8x3u | hole:3-4-5@19.4x1u | hole:2-3-7@136.5x1u | hole:3-4-7@39.4x1u | main:3-5-7@4.3x2u,5,3,2,105.0,0.673954106
3620230515010010,1,,2-3-5,0,,700,0,-700,main:3-4-7@4.0x2u | hole:2-3-6@40.8x1u | hole:2-6-7@117.1x1u | hole:1-3-6@171.0x1u | main:3-5-7@4.7x2u,5,3,2,114.285714,0.501663424
3620230515010011,1,,3-4-7,0,,1200,0,-1200,main:2-3-7@1.8x7u | hole:3-5-6@218.3x1u | hole:1-6-7@250.8x1u | hole:3-4-5@167.2x1u | main:1-3-7@9.0x2u,5,3,2,105.0,0.681215621
3620230712010006,1,,1-4-7,1,main,1200,1320.0,120.0,main:1-4-7@2.2x6u | hole:3-4-6@109.2x1u | hole:5-6-7@216.8x1u | hole:2-4-5@102.3x1u | main:3-4-7@4.6x3u,5,3,2,110.0,0.695481985
3620230712010007,1,,1-2-4,0,,500,0,-500,main:3-4-6@6.8x1u | hole:1-2-5@17.1x1u | hole:1-5-7@13.3x1u | hole:2-3-5@41.9x1u | main:2-3-7@6.7x1u,5,3,2,134.0,0.453846405
3620230712010008,1,,2-3-7,1,main,500,560.0,60.0,main:3-5-7@5.1x1u | hole:2-4-5@25.5x1u | hole:3-4-6@140.6x1u | hole:2-4-6@190.3x1u | main:2-3-7@5.6x1u,5,3,2,102.0,0.426232782
3620230712010009,1,,2-5-7,1,main,1300,1350.0,50.0,main:2-3-7@1.9x7u | hole:4-5-7@35.4x1u | hole:2-4-5@33.1x1u | hole:4-6-7@115.8x1u | main:2-5-7@4.5x3u,5,3,2,102.307692,0.815633658
3620230712010010,1,,1-2-7,0,,1500,0,-1500,main:1-5-7@1.7x9u | hole:2-4-6@100.3x1u | hole:3-4-5@129.7x1u | hole:2-3-7@85.8x1u | main:1-4-7@6.4x3u,5,3,2,102.0,0.773820496
3620230712010011,1,,1-3-4,1,main,500,560.0,60.0,main:1-4-6@2.0x3u | hole:4-5-7@175.5x1u | main:1-3-4@5.6x1u,3,1,2,112.0,0.684269434
3620230731010006,1,,3-4-5,0,,600,0,-600,main:1-3-5@3.3x2u | hole:2-5-6@30.6x1u | hole:1-2-4@12.6x1u | main:2-3-5@4.8x2u,4,2,2,110.0,0.623408454
3620230731010007,1,,1-2-3,0,,600,0,-600,main:1-2-5@2.2x3u | hole:2-3-6@53.6x1u | hole:2-4-6@25.1x1u | main:1-4-5@6.6x1u,4,2,2,110.0,0.66455796
3620230731010008,1,,2-3-7,1,hole,600,3270.0,2670.0,main:1-3-5@4.4x2u | hole:2-3-7@32.7x1u | hole:3-4-6@58.4x1u | hole:4-5-6@104.4x1u | main:2-3-4@7.2x1u,5,3,2,120.0,0.423444488
3620230731010009,1,,2-5-7,0,,500,0,-500,main:1-3-5@5.2x1u | hole:2-6-7@11.4x1u | hole:3-6-7@47.5x1u | hole:1-6-7@39.5x1u | main:1-5-7@7.9x1u,5,3,2,104.0,0.452978356
3620230731010010,1,,1-4-7,1,hole,600,720.0,120.0,main:3-5-7@3.2x2u | hole:1-4-7@7.2x1u | hole:1-3-4@14.5x1u | main:3-4-7@3.4x2u,4,2,2,106.666667,0.814472053
3620230731010011,1,,1-5-6,1,main,500,640.0,140.0,main:1-4-5@2.7x2u | hole:1-2-6@93.4x1u | main:1-5-6@3.2x2u,3,1,2,108.0,0.693577008
3620230919010006,0,no_alternative_scenario,1-4-5,,,,,,,,,,,
3620230919010007,1,,1-5-7,1,hole,700,1810.0,1110.0,main:2-3-7@3.9x2u | hole:1-5-7@18.1x1u | hole:3-4-5@114.4x1u | hole:2-5-6@313.5x1u | main:3-5-7@3.9x2u,5,3,2,111.428571,0.580000183
3620230919010008,1,,2-5-7,1,main,600,660.0,60.0,main:2-5-7@3.3x2u | hole:1-3-4@16.2x1u | hole:2-4-6@53.0x1u | hole:1-2-4@6.8x1u | main:2-4-5@6.3x1u,5,3,2,105.0,0.689415605
3620230919010009,1,,3-5-7,1,main,700,780.0,80.0,main:3-5-7@3.9x2u | hole:1-3-4@100.5x1u | hole:1-4-5@9.4x1u | hole:2-3-4@97.6x1u | main:3-4-5@4.9x2u,5,3,2,111.428571,0.587071018
3620230919010010,1,,1-3-4,0,,400,0,-400,main:1-5-7@2.5x2u | hole:2-4-7@166.3x1u | main:1-3-7@5.6x1u,3,1,2,125.0,0.584584658
3620230919010011,1,,1-4-5,1,hole,900,2110.0,1210.0,main:3-5-7@3.2x3u | hole:1-3-4@7.4x2u | hole:1-4-5@21.1x1u | hole:2-3-6@37.1x1u | main:3-4-5@4.7x2u,5,3,2,104.444444,0.734748635
3720230114010006,1,,1-5-7,0,,800,0,-800,main:1-4-5@3.4x3u | hole:1-3-6@110.8x1u | hole:2-5-7@38.3x1u | hole:2-3-5@127.5x1u | main:3-4-5@4.1x2u,5,3,2,102.5,0.580998155
3720230114010007,1,,1-3-5,0,,600,0,-600,main:3-4-7@4.5x2u | hole:3-5-6@137.9x1u | hole:1-5-6@173.6x1u | hole:1-3-6@40.4x1u | main:3-6-7@6.2x1u,5,3,2,103.333333,0.42127702
3720230114010008,1,,1-3-7,0,,600,0,-600,main:1-4-7@3.8x2u | hole:2-3-7@30.7x1u | hole:2-3-6@110.5x1u | hole:3-4-6@57.6x1u | main:2-5-7@8.1x1u,5,3,2,126.666667,0.44559886
3720230114010009,1,,1-4-7,0,,500,0,-500,main:3-4-7@6.3x1u | hole:1-4-5@35.2x1u | hole:2-4-6@32.1x1u | hole:1-2-4@27.3x1u | main:3-4-6@6.4x1u,5,3,2,126.0,0.411171934
3720230114010010,1,,2-6-7,0,,700,0,-700,main:1-2-7@2.9x3u | hole:2-3-5@41.2x1u | hole:1-3-6@86.5x1u | hole:1-3-5@46.1x1u | main:2-5-7@8.6x1u,5,3,2,122.857143,0.518631168
3720230114010011,1,,1-4-5,1,main,1000,1140.0,140.0,main:1-3-5@2.9x4u | hole:1-4-7@65.1x1u | hole:1-4-6@137.2x1u | hole:1-2-4@109.7x1u | main:1-4-5@3.8x3u,5,3,2,114.0,0.639750864
3720230227010006,1,,3-4-7,1,main,700,1140.0,440.0,main:1-4-7@4.2x2u | hole:2-3-5@47.9x1u | hole:3-5-7@26.5x1u | hole:2-5-6@152.4x1u | main:3-4-7@5.7x2u,5,3,2,120.0,0.47870819
3720230227010007,1,,1-3-7,0,,500,0,-500,main:1-2-4@7.1x1u | hole:1-5-7@33.0x1u | hole:3-6-7@18.3x1u | hole:1-3-5@12.2x1u | main:1-4-5@6.8x1u,5,3,2,136.0,0.454818946
3720230227010008,1,,3-4-5,1,main,500,630.0,130.0,main:3-4-5@6.3x1u | hole:2-5-7@12.3x1u | hole:1-6-7@138.5x1u | hole:1-4-6@48.4x1u | main:1-3-5@8.3x1u,5,3,2,126.0,0.388394273
3720230227010009,1,,1-5-7,1,main,600,620.0,20.0,main:1-5-7@3.1x2u | hole:3-4-7@11.5x1u | hole:2-3-7@115.1x1u | main:1-4-7@3.7x2u,4,2,2,103.333333,0.688495534
3720230227010010,1,,2-3-4,1,main,700,820.0,120.0,main:2-3-4@4.1x2u | hole:1-4-5@27.1x1u | hole:3-6-7@32.9x1u | hole:3-5-6@135.5x1u | main:2-4-5@5.1x2u,5,3,2,117.142857,0.51465645
3720230227010011,1,,4-5-7,0,,700,0,-700,main:1-2-5@4.1x2u | hole:3-5-7@54.1x1u | hole:5-6-7@110.1x1u | hole:4-5-6@96.9x1u | main:2-4-5@5.1x2u,5,3,2,117.142857,0.477867728
3720230329010006,1,,1-3-7,1,main,700,1160.0,460.0,main:3-4-7@4.8x2u | hole:1-5-7@7.5x1u | hole:1-2-5@15.6x1u | hole:1-5-6@31.0x1u | main:1-3-7@5.8x2u,5,3,2,107.142857,0.610441088
3720230329010007,1,,2-3-5,1,main,700,1120.0,420.0,main:2-5-7@4.6x2u | hole:1-3-5@59.6x1u | hole:3-4-5@16.5x1u | hole:1-3-7@31.1x1u | main:2-3-5@5.6x2u,5,3,2,131.428571,0.505501658
3720230329010008,1,,3-4-7,1,main,800,930.0,130.0,main:3-4-7@3.1x3u | hole:2-5-6@364.4x1u | hole:1-4-5@49.1x1u | hole:1-5-7@110.0x1u | main:3-5-7@4.6x2u,5,3,2,115.0,0.572173694
3720230329010010,1,,1-3-4,0,,600,0,-600,main:3-4-7@3.2x2u | hole:2-3-5@58.6x1u | hole:3-5-6@82.5x1u | main:3-4-5@3.9x2u,4,2,2,106.666667,0.598096315
3720230329010011,1,,1-2-5,1,main,700,960.0,260.0,main:1-3-5@4.0x2u | hole:1-2-4@19.5x1u | hole:2-4-5@29.5x1u | hole:2-3-4@51.9x1u | main:1-2-5@4.8x2u,5,3,2,114.285714,0.562781512
3720230529010006,1,,1-4-7,0,,600,0,-600,main:2-3-4@3.4x2u | hole:3-6-7@28.9x1u | hole:1-2-6@423.8x1u | main:1-2-4@4.3x2u,4,2,2,113.333333,0.563637466
3720230529010007,1,,4-6-7,0,,700,0,-700,main:1-6-7@4.1x2u | hole:1-2-4@15.7x1u | hole:1-2-3@56.9x1u | hole:1-3-5@23.1x1u | main:1-2-7@4.2x2u,5,3,2,117.142857,0.60655668
3720230529010008,1,,1-3-4,1,main,800,960.0,160.0,main:1-3-4@3.2x3u | hole:1-2-5@43.7x1u | hole:2-4-5@57.7x1u | hole:2-4-7@31.1x1u | main:2-3-4@5.8x2u,5,3,2,120.0,0.557282452
3720230529010009,1,,3-4-7,0,,600,0,-600,main:3-5-6@3.8x2u | hole:2-4-5@12.6x1u | hole:2-3-4@22.9x1u | main:2-3-5@4.3x2u,4,2,2,126.666667,0.618749236
3720230529010010,1,,1-3-5,1,hole,700,3450.0,2750.0,main:1-2-7@3.8x2u | hole:1-3-5@34.5x1u | hole:2-3-5@60.0x1u | hole:2-3-4@20.6x1u | main:2-3-7@5.7x2u,5,3,2,108.571429,0.532792354
3720230529010011,0,no_alternative_scenario,3-6-7,,,,,,,,,,,
3720230621010008,1,,2-3-5,0,,700,0,-700,main:1-3-7@4.0x2u | hole:2-6-7@51.8x1u | hole:1-5-6@855.6x1u | hole:1-4-6@789.8x1u | main:2-3-7@4.3x2u,5,3,2,114.285714,0.504298073
3720230621010009,1,,1-3-5,0,,700,0,-700,main:3-5-7@4.0x2u | hole:1-6-7@39.8x1u | hole:1-5-6@16.4x1u | hole:1-3-6@55.2x1u | main:2-5-7@5.8x2u,5,3,2,114.285714,0.526630973
3720230621010010,1,,1-2-5,0,,300,0,-300,main:3-5-7@3.4x1u | hole:1-3-4@38.5x1u | main:1-3-5@3.9x1u,3,1,2,113.333333,0.576501929
3720230621010011,0,no_alternative_scenario,1-5-7,,,,,,,,,,,
3720230725010005,1,,3-4-6,1,hole,600,3650.0,3050.0,main:1-2-3@3.1x2u | hole:1-4-6@27.8x1u | hole:3-4-6@36.5x1u | hole:1-4-5@25.2x1u | main:2-3-7@6.2x1u,5,3,2,103.333333,0.586921991
3720230725010006,1,,1-2-5,0,,600,0,-600,main:1-2-3@4.9x2u | hole:1-5-6@27.3x1u | hole:3-5-6@8.5x1u | hole:1-4-7@79.0x1u | main:1-3-5@8.9x1u,5,3,2,141.666667,0.483376507
3720230725010007,1,,2-3-4,0,,800,0,-800,main:1-2-3@2.9x3u | hole:3-4-6@10.1x1u | hole:1-4-6@67.6x1u | hole:3-4-5@44.5x1u | main:1-3-4@5.3x2u,5,3,2,108.75,0.669781542
3720230725010008,1,,1-2-4,1,main,1000,1050.0,50.0,main:1-2-3@2.7x4u | hole:1-4-5@23.3x1u | hole:2-4-5@45.6x1u | hole:3-5-7@203.2x1u | main:1-2-4@3.5x3u,5,3,2,105.0,0.725854195
3720230830010006,1,,1-2-4,1,main,700,800.0,100.0,main:1-2-4@4.0x2u | hole:2-3-6@60.6x1u | hole:1-5-6@54.2x1u | hole:3-5-6@55.7x1u | main:2-3-5@5.2x2u,5,3,2,114.285714,0.495212848
3720230830010007,1,,2-4-5,0,,700,0,-700,main:1-5-7@5.0x2u | hole:2-4-7@52.7x1u | hole:2-3-7@23.1x1u | hole:3-4-7@15.9x1u | main:3-5-7@5.6x2u,5,3,2,142.857143,0.503729886
3720230830010008,1,,3-4-7,0,,700,0,-700,main:2-5-7@3.9x2u | hole:1-3-7@22.5x1u | hole:1-6-7@31.1x1u | hole:3-6-7@84.1x1u | main:1-2-7@5.1x2u,5,3,2,111.428571,0.540978079
3720230830010009,1,,1-2-3,0,,1100,0,-1100,main:3-5-7@1.9x6u | hole:2-4-5@30.8x1u | hole:2-3-4@20.8x1u | hole:2-3-6@85.1x1u | main:2-3-5@6.4x2u,5,3,2,103.636364,0.774861126
3720230830010010,1,,2-4-7,1,main,400,520.0,120.0,main:2-4-7@2.6x2u | hole:4-5-6@70.6x1u | main:1-4-5@8.1x1u,3,1,2,130.0,0.522236481
3720230830010011,0,no_alternative_scenario,1-3-5,,,,,,,,,,,
3720231030010008,1,,4-5-7,0,,500,0,-500,main:3-5-7@5.6x1u | hole:2-4-6@16.4x1u | hole:1-2-6@59.6x1u | hole:2-5-6@34.8x1u | main:2-3-7@7.0x1u,5,3,2,112.0,0.427918337
3720231030010009,1,,1-2-5,1,main,600,620.0,20.0,main:1-2-5@3.1x2u | hole:1-4-6@297.9x1u | hole:3-5-6@92.1x1u | main:2-4-5@3.9x2u,4,2,2,103.333333,0.593205496
3720231030010010,1,,2-4-7,1,main,700,840.0,140.0,main:2-4-7@4.2x2u | hole:1-3-7@68.8x1u | hole:3-5-7@26.2x1u | hole:3-4-5@12.5x1u | main:3-4-7@5.2x2u,5,3,2,120.0,0.563105753
3720231030010011,1,,3-5-6,0,,800,0,-800,main:3-4-5@3.0x3u | hole:2-4-7@12.9x1u | hole:1-2-4@131.1x1u | hole:1-4-6@287.2x1u | main:1-3-5@4.7x2u,5,3,2,112.5,0.63472833
3820230103010006,1,,1-3-4,1,hole,600,3370.0,2770.0,main:2-3-5@4.2x2u | hole:1-4-7@11.2x1u | hole:1-4-5@20.6x1u | hole:1-3-4@33.7x1u | main:1-2-4@6.5x1u,5,3,2,108.333333,0.559444386
3820230103010007,1,,2-3-7,1,main,500,650.0,150.0,main:3-4-7@6.0x1u | hole:1-3-5@52.5x1u | hole:1-3-6@31.5x1u | hole:1-4-5@158.4x1u | main:2-3-7@6.5x1u,5,3,2,120.0,0.377619603
3820230103010008,1,,3-4-5,0,,900,0,-900,main:1-3-4@2.6x4u | hole:2-3-7@92.2x1u | hole:2-6-7@233.2x1u | hole:2-4-5@27.5x1u | main:2-3-4@4.9x2u,5,3,2,108.888889,0.640194805
3820230103010009,1,,2-3-7,1,main,700,1120.0,420.0,main:2-5-7@3.6x2u | hole:1-3-7@25.8x1u | hole:3-4-7@20.4x1u | hole:1-2-4@53.6x1u | main:2-3-7@5.6x2u,5,3,2,102.857143,0.562785221
3820230103010010,1,,2-3-7,1,hole,2700,2960.0,260.0,main:1-3-5@1.7x16u | hole:2-3-4@46.7x1u | hole:2-3-7@14.8x2u | hole:2-6-7@218.9x1u | main:2-3-5@4.1x7u,5,3,2,100.740741,0.925686873
3820230103010011,1,,1-4-7,0,,700,0,-700,main:1-3-7@3.6x2u | hole:1-2-6@33.2x1u | hole:2-3-6@119.2x1u | hole:2-6-7@74.9x1u | main:1-5-7@4.8x2u,5,3,2,102.857143,0.53797199
3820230429010006,1,,1-3-5,1,main,400,410.0,10.0,main:1-3-5@4.1x1u | hole:2-4-5@66.5x1u | hole:3-4-6@142.1x1u | main:1-5-7@5.7x1u,4,2,2,102.5,0.441415927
3820230429010007,1,,1-4-6,0,,1000,0,-1000,main:1-3-4@2.7x4u | hole:1-5-6@55.8x1u | hole:2-3-7@26.9x1u | hole:2-4-5@265.1x1u | main:1-4-5@4.0x3u,5,3,2,108.0,0.6792384
3820230429010008,1,,2-3-7,1,main,400,520.0,120.0,main:2-5-7@2.5x2u | hole:3-4-5@8.6x1u | main:2-3-7@5.2x1u,3,1,2,125.0,0.708586762
3820230429010009,1,,3-5-7,0,,700,0,-700,main:3-4-7@2.7x3u | hole:1-2-7@78.1x1u | hole:2-6-7@151.1x1u | main:3-6-7@4.6x2u,4,2,2,115.714286,0.607183906
3820230429010010,1,,1-2-3,0,,700,0,-700,main:1-4-5@3.8x2u | hole:1-3-6@79.7x1u | hole:1-3-7@70.9x1u | hole:3-5-6@240.1x1u | main:1-3-5@4.8x2u,5,3,2,108.571429,0.502307583
3820230429010011,1,,2-4-7,1,main,800,840.0,40.0,main:1-4-7@2.8x3u | hole:2-4-5@16.2x1u | hole:3-4-5@70.5x1u | hole:2-5-7@19.7x1u | main:2-4-7@4.2x2u,5,3,2,105.0,0.721912309
3820230707010006,1,,2-4-5,1,main,1100,1200.0,100.0,main:2-4-5@2.0x6u | hole:3-4-6@18.7x1u | hole:3-6-7@566.7x1u | hole:2-6-7@809.6x1u | main:3-4-5@5.7x2u,5,3,2,103.636364,0.731914312
3820230707010007,1,,3-5-7,1,main,700,800.0,100.0,main:3-5-7@4.0x2u | hole:2-3-4@15.0x1u | hole:2-4-5@30.1x1u | hole:2-3-6@115.7x1u | main:2-3-7@4.9x2u,5,3,2,114.285714,0.562613933
3820230707010008,1,,1-3-7,1,main,900,920.0,20.0,main:1-3-7@2.3x4u | hole:1-2-5@34.8x1u | hole:1-2-4@222.3x1u | hole:1-4-6@312.5x1u | main:1-4-7@6.3x2u,5,3,2,102.222222,0.629946825
3820230707010009,1,,1-2-4,0,,700,0,-700,main:1-4-5@3.9x2u | hole:2-3-7@36.2x1u | hole:1-3-7@12.4x1u | hole:2-4-7@88.0x1u | main:1-3-4@3.9x2u,5,3,2,111.428571,0.63245362
3820230707010010,1,,2-5-7,1,main,1400,1520.0,120.0,main:1-5-7@1.6x9u | hole:2-4-7@26.3x1u | hole:2-5-6@192.3x1u | hole:2-3-7@121.9x1u | main:2-5-7@7.6x2u,5,3,2,102.857143,0.808005415
3820230707010011,0,no_alternative_scenario,1-2-7,,,,,,,,,,,
3820230812010008,1,,1-3-4,0,,600,0,-600,main:2-3-5@5.0x2u | hole:2-4-7@35.9x1u | hole:1-2-7@19.7x1u | hole:1-2-4@25.3x1u | main:3-5-6@6.4x1u,5,3,2,106.666667,0.474392266
3820230812010009,1,,2-6-7,0,,600,0,-600,main:2-5-7@4.9x2u | hole:1-3-7@20.1x1u | hole:1-4-6@426.0x1u | hole:4-6-7@445.3x1u | main:1-2-7@6.8x1u,5,3,2,113.333333,0.405484795
3820230812010010,1,,2-5-7,0,,600,0,-600,main:2-3-7@3.1x2u | hole:1-2-5@28.6x1u | hole:3-4-6@92.0x1u | hole:1-5-7@53.4x1u | main:3-6-7@8.1x1u,5,3,2,103.333333,0.510598627
3820230812010011,1,,1-3-4,1,main,400,490.0,90.0,main:1-3-4@4.9x1u | hole:2-4-7@12.0x1u | hole:2-6-7@188.6x1u | main:3-4-6@7.3x1u,4,2,2,122.5,0.429703494
3820230910010006,1,,1-4-6,0,,500,0,-500,main:1-3-4@5.5x1u | hole:2-4-5@8.4x1u | hole:1-2-5@21.9x1u | hole:1-2-6@41.8x1u | main:2-3-4@5.8x1u,5,3,2,110.0,0.542865139
3820230910010007,1,,2-3-7,1,main,500,530.0,30.0,main:2-3-7@5.3x1u | hole:1-3-4@17.7x1u | hole:3-5-6@16.8x1u | hole:1-3-5@30.2x1u | main:3-5-7@7.8x1u,5,3,2,106.0,0.466017941
3820230910010008,1,,1-5-7,1,main,1100,1140.0,40.0,main:1-5-7@1.9x6u | hole:1-2-3@130.4x1u | hole:1-3-4@195.6x1u | main:1-2-5@4.5x3u,4,2,2,103.636364,0.761319198
3820230910010009,1,,1-3-7,1,main,600,720.0,120.0,main:1-3-7@3.6x2u | hole:1-2-5@29.6x1u | hole:2-3-5@19.6x1u | hole:2-5-6@57.2x1u | main:1-3-4@6.5x1u,5,3,2,108.333333,0.533910641
3820230910010010,1,,2-3-7,0,,900,0,-900,main:2-6-7@3.1x3u | hole:2-3-4@23.8x1u | hole:1-2-3@115.1x1u | hole:3-4-7@42.7x1u | main:2-5-7@3.9x3u,5,3,2,103.333333,0.653115009
3820230910010011,1,,1-2-4,1,main,1100,1290.0,190.0,main:1-4-7@2.3x5u | hole:1-2-6@143.1x1u | hole:1-3-5@88.5x1u | hole:1-2-3@27.9x1u | main:1-2-4@4.3x3u,5,3,2,104.545455,0.721470597
3820231103010008,1,,3-4-5,0,,700,0,-700,main:2-4-5@4.2x2u | hole:2-3-7@94.7x1u | hole:1-5-6@33.8x1u | hole:1-3-5@10.9x1u | main:2-3-5@3.9x2u,5,3,2,111.428571,0.626394075
3820231103010009,1,,3-5-7,0,,700,0,-700,main:2-3-7@4.1x2u | hole:1-3-5@13.5x1u | hole:1-2-5@9.5x1u | hole:1-4-5@53.1x1u | main:2-3-5@5.4x2u,5,3,2,117.142857,0.627257248
3820231103010011,1,,2-4-5,1,main,1100,1120.0,20.0,main:2-4-5@1.4x8u | hole:1-2-3@42.6x1u | main:2-3-5@5.9x2u,3,1,2,101.818182,0.907251418
3820231114010006,1,,3-4-7,0,,700,0,-700,main:1-3-4@4.9x2u | hole:1-6-7@141.4x1u | hole:3-5-7@54.4x1u | hole:4-6-7@350.6x1u | main:1-5-7@5.9x2u,5,3,2,140.0,0.4018799
3820231114010007,1,,1-3-5,1,main,700,1200.0,500.0,main:1-4-5@4.0x2u | hole:1-3-6@295.2x1u | hole:1-2-6@282.9x1u | hole:1-6-7@339.5x1u | main:1-3-5@6.0x2u,5,3,2,114.285714,0.426534527
3820231114010008,1,,4-6-7,0,,500,0,-500,main:1-4-5@2.0x3u | hole:5-6-7@212.8x1u | main:1-3-5@6.7x1u,3,1,2,120.0,0.653952979
3820231114010009,1,,2-3-5,1,main,700,820.0,120.0,main:1-2-5@2.0x4u | hole:3-4-7@23.8x1u | main:2-3-5@4.1x2u,3,1,2,114.285714,0.785919246
3820231114010010,1,,2-3-6,0,,500,0,-500,main:1-3-7@5.6x1u | hole:2-6-7@99.6x1u | hole:1-2-5@11.7x1u | hole:3-5-6@356.6x1u | main:2-3-7@5.9x1u,5,3,2,112.0,0.446377463
3820231114010011,0,no_alternative_scenario,1-4-7,,,,,,,,,,,
3820231218010006,1,,3-4-6,1,main,900,1140.0,240.0,main:1-3-4@2.6x4u | hole:4-6-7@108.9x1u | hole:4-5-6@111.3x1u | hole:2-4-5@52.1x1u | main:3-4-6@5.7x2u,5,3,2,115.555556,0.597415301
3820231218010007,1,,1-2-4,0,,500,0,-500,main:1-2-5@5.8x1u | hole:2-3-6@29.7x1u | hole:3-4-6@41.4x1u | hole:2-3-4@19.4x1u | main:2-3-5@6.8x1u,5,3,2,116.0,0.428843631
3820231218010008,1,,4-5-6,0,,800,0,-800,main:3-4-7@3.5x3u | hole:1-5-7@17.0x1u | hole:1-2-7@26.8x1u | hole:2-5-7@78.9x1u | main:1-3-7@4.9x2u,5,3,2,122.5,0.598607152
3820231218010009,1,,2-5-7,0,,800,0,-800,main:1-5-7@3.1x3u | hole:2-3-5@98.5x1u | hole:2-5-6@128.6x1u | hole:1-3-6@254.5x1u | main:1-2-5@5.0x2u,5,3,2,116.25,0.544438252
3820231218010010,1,,2-4-6,0,,900,0,-900,main:1-5-7@3.5x3u | hole:3-6-7@205.2x1u | hole:1-3-6@347.4x1u | hole:3-4-7@86.2x1u | main:1-3-7@4.0x3u,5,3,2,116.666667,0.555067034
3820231218010011,1,,1-5-7,0,,1000,0,-1000,main:2-3-5@2.6x4u | hole:1-5-6@237.3x1u | hole:1-3-6@606.5x1u | hole:5-6-7@111.0x1u | main:2-5-7@3.4x3u,5,3,2,102.0,0.69360492
4220230116010006,1,,2-3-4,1,main,600,670.0,70.0,main:3-4-7@4.6x2u | hole:2-3-5@17.3x1u | hole:2-4-5@14.4x1u | hole:2-5-6@37.7x1u | main:2-3-4@6.7x1u,5,3,2,111.666667,0.520418147
4220230116010007,1,,1-3-7,1,main,400,460.0,60.0,main:1-3-7@4.6x1u | hole:2-3-6@57.5x1u | hole:3-5-6@6.4x1u | main:1-3-5@4.5x1u,4,2,2,112.5,0.613254831
4220230116010008,1,,1-6-7,0,,600,0,-600,main:1-4-5@3.3x2u | hole:2-4-7@20.7x1u | hole:2-5-7@18.2x1u | hole:2-6-7@205.5x1u | main:1-2-4@6.1x1u,5,3,2,101.666667,0.575085143
4220230116010009,1,,1-3-4,1,main,500,540.0,40.0,main:1-3-4@1.8x3u | hole:1-2-6@356.2x1u | main:3-4-7@7.4x1u,3,1,2,108.0,0.693498102
4220230116010010,1,,1-5-7,1,main,1200,1320.0,120.0,main:1-5-7@2.2x6u | hole:1-3-4@31.1x1u | hole:2-4-5@49.4x1u | hole:1-2-4@31.0x1u | main:1-4-5@4.8x3u,5,3,2,110.0,0.747534108
4220230116010011,0,no_alternative_scenario,4-6-7,,,,,,,,,,,
4220230309010006,1,,2-5-6,0,,700,0,-700,main:2-3-5@3.8x2u | hole:2-6-7@189.1x1u | hole:1-2-7@58.8x1u | hole:5-6-7@95.5x1u | main:2-5-7@4.8x2u,5,3,2,108.571429,0.504257442
4220230309010007,1,,1-2-4,0,,700,0,-700,main:1-2-7@3.6x2u | hole:2-3-5@15.6x1u | hole:5-6-7@394.5x1u | hole:2-4-5@138.3x1u | main:2-3-7@5.9x2u,5,3,2,102.857143,0.52113738
4220230309010008,1,,1-5-7,1,main,700,750.0,50.0,main:1-5-7@2.5x3u | hole:2-6-7@174.9x1u | hole:2-3-7@125.7x1u | hole:2-5-6@187.4x1u | main:2-5-7@7.8x1u,5,3,2,107.142857,0.54721431
4220230309010009,1,,3-5-7,1,main,1100,1150.0,50.0,main:3-5-7@2.3x5u | hole:1-2-3@79.9x1u | hole:1-2-6@212.6x1u | hole:1-2-5@45.0x1u | main:1-3-7@4.0x3u,5,3,2,104.545455,0.724224144
4220230309010010,1,,2-3-7,1,main,700,820.0,120.0,main:3-4-7@3.6x2u | hole:2-3-6@27.6x1u | hole:1-2-6@56.6x1u | hole:2-6-7@183.3x1u | main:2-3-7@4.1x2u,5,3,2,102.857143,0.581035483
4220230309010011,1,,1-4-5,0,,600,0,-600,main:1-2-4@2.1x3u | hole:1-3-5@61.3x1u | hole:1-3-7@132.0x1u | main:1-3-4@6.3x1u,4,2,2,105.0,0.658809606
4220230522010006,1,,1-4-7,1,main,400,420.0,20.0,main:1-4-7@4.2x1u | hole:2-3-5@17.2x1u | hole:1-3-5@45.0x1u | main:1-2-5@5.4x1u,4,2,2,105.0,0.50364218
4220230522010007,1,,1-4-5,0,,300,0,-300,main:1-3-4@3.4x1u | hole:1-5-7@93.4x1u | main:1-4-7@5.6x1u,3,1,2,113.333333,0.483395714
4220230522010008,1,,2-3-5,1,main,1500,1560.0,60.0,main:2-3-5@3.9x4u | hole:1-4-7@9.8x2u | hole:1-3-7@5.4x3u | hole:1-5-7@13.4x2u | main:3-5-7@4.0x4u,5,3,2,104.0,0.868263124
4220230522010009,1,,1-5-7,1,main,1000,1020.0,20.0,main:4-5-7@3.0x4u | hole:1-3-6@284.3x1u | hole:3-5-6@104.5x1u | hole:1-2-4@63.4x1u | main:1-5-7@3.4x3u,5,3,2,102.0,0.65631064
4220230522010010,1,,1-3-4,1,main,500,540.0,40.0,main:1-3-4@2.7x2u | hole:3-5-7@19.8x1u | main:1-4-5@3.4x2u,3,1,2,108.0,0.714993068
4220230522010011,1,,1-4-5,0,,800,0,-800,main:1-4-7@3.0x3u | hole:3-4-6@48.8x1u | hole:3-5-7@121.8x1u | hole:1-2-6@30.8x1u | main:1-4-6@5.5x2u,5,3,2,112.5,0.576321032
4220230619010006,1,,1-2-7,0,,700,0,-700,main:1-4-7@4.6x2u | hole:2-6-7@68.7x1u | hole:2-3-4@104.9x1u | hole:1-5-6@261.0x1u | main:2-4-7@5.3x2u,5,3,2,131.428571,0.433990896
4220230619010007,1,,2-3-4,0,,400,0,-400,main:2-4-5@2.3x2u | hole:4-6-7@211.2x1u | main:2-4-7@5.7x1u,3,1,2,115.0,0.614956054
4220230619010008,1,,1-5-7,0,,700,0,-700,main:1-2-7@3.6x2u | hole:2-4-6@271.7x1u | hole:5-6-7@165.2x1u | hole:1-4-6@317.7x1u | main:1-2-5@5.3x2u,5,3,2,102.857143,0.479338445
4220230619010009,1,,1-4-7,1,main,400,660.0,260.0,main:1-3-7@2.2x2u | hole:1-4-5@34.4x1u | main:1-4-7@6.6x1u,3,1,2,110.0,0.635130374
4220230619010010,1,,1-4-7,1,main,1100,1160.0,60.0,main:1-4-7@2.9x4u | hole:2-4-5@26.7x1u | hole:2-3-5@18.2x1u | hole:1-2-5@50.9x1u | main:1-4-5@3.2x4u,5,3,2,105.454545,0.76937219
4220230619010011,0,no_alternative_scenario,1-2-7,,,,,,,,,,,
4220230624010008,1,,1-4-7,0,,500,0,-500,main:2-4-5@5.6x1u | hole:1-5-6@13.6x1u | hole:5-6-7@26.2x1u | hole:3-4-7@29.5x1u | main:2-4-7@6.4x1u,5,3,2,112.0,0.480417084
4220230624010009,1,,1-5-7,0,,600,0,-600,main:1-4-5@4.9x2u | hole:1-3-7@41.6x1u | hole:3-5-7@22.5x1u | hole:1-6-7@162.0x1u | main:1-2-5@6.2x1u,5,3,2,103.333333,0.440027701
4220230624010010,1,,1-3-4,0,,700,0,-700,main:3-4-5@4.3x2u | hole:1-3-7@35.4x1u | hole:2-3-7@24.7x1u | hole:2-4-7@23.2x1u | main:3-5-7@6.0x2u,5,3,2,122.857143,0.511062672
4220230624010011,1,,2-4-5,1,main,900,1080.0,180.0,main:2-4-7@3.4x3u | hole:1-2-5@12.3x1u | hole:1-4-5@18.8x1u | hole:1-2-3@69.7x1u | main:2-4-5@3.6x3u,5,3,2,113.333333,0.72073493
4220230704010006,1,,1-2-7,0,,800,0,-800,main:1-4-5@3.1x3u | hole:2-4-7@17.6x1u | hole:2-6-7@56.8x1u | hole:2-3-6@50.4x1u | main:1-2-4@4.2x2u,5,3,2,105.0,0.654940969
4220230704010007,1,,1-2-7,1,main,500,560.0,60.0,main:1-2-7@5.6x1u | hole:4-5-6@88.9x1u | hole:2-3-5@31.2x1u | hole:2-4-6@152.6x1u | main:1-5-7@6.3x1u,5,3,2,112.0,0.387154543
4220230704010008,1,,1-4-5,0,,400,0,-400,main:1-3-5@5.9x1u | hole:2-4-7@9.1x1u | hole:2-5-7@51.7x1u | main:1-2-4@5.2x1u,4,2,2,130.0,0.491031687
4220230704010009,1,,2-3-4,1,hole,1200,3520.0,2320.0,main:3-5-7@1.8x7u | hole:2-3-4@35.2x1u | hole:1-5-6@64.4x1u | hole:2-4-5@63.0x1u | main:3-4-5@6.4x2u,5,3,2,105.0,0.771615613
4220230704010010,1,,1-4-5,1,main,1300,1350.0,50.0,main:1-4-5@1.5x9u | hole:2-4-7@30.0x1u | hole:2-5-7@71.0x1u | main:2-4-5@9.1x2u,4,2,2,103.846154,0.823974617
4220230704010011,1,,1-2-6,0,,800,0,-800,main:1-2-5@3.3x3u | hole:2-4-7@11.6x1u | hole:1-4-7@39.6x1u | hole:2-3-4@47.3x1u | main:1-4-5@5.1x2u,5,3,2,123.75,0.631709805
4420230101010006,1,,1-4-5,1,hole,900,1260.0,360.0,main:2-3-4@2.4x4u | hole:1-2-5@9.9x1u | hole:1-3-5@12.9x1u | hole:1-4-5@12.6x1u | main:1-3-4@4.6x2u,5,3,2,102.222222,0.891952531
4420230101010007,1,,2-3-4,1,main,1400,1470.0,70.0,main:2-3-4@2.1x7u | hole:1-3-5@7.9x2u | main:1-2-3@3.0x5u,3,1,2,105.0,0.936106088
4420230101010008,0,no_alternative_scenario,2-3-4,,,,,,,,,,,
4420230101010009,0,no_alternative_scenario,1-2-5,,,,,,,,,,,
4420230101010010,0,no_alternative_scenario,1-3-5,,,,,,,,,,,
4420230101010011,0,no_alternative_scenario,1-2-4,,,,,,,,,,,
4420230227010006,1,,2-5-7,1,main,700,1040.0,340.0,main:1-2-7@4.5x2u | hole:2-5-6@44.1x1u | hole:2-4-5@23.6x1u | hole:5-6-7@70.9x1u | main:2-5-7@5.2x2u,5,3,2,128.571429,0.493682905
4420230227010007,1,,1-3-7,0,,300,0,-300,main:1-4-6@4.2x1u | hole:2-3-6@293.3x1u | main:1-3-4@4.6x1u,3,1,2,140.0,0.458896021
4420230227010008,1,,3-5-7,1,hole,700,920.0,220.0,main:1-5-6@4.8x2u | hole:3-5-7@9.2x1u | hole:1-2-7@61.0x1u | hole:2-3-7@31.5x1u | main:1-5-7@5.0x2u,5,3,2,131.428571,0.56516846
4420230227010009,1,,2-3-7,0,,600,0,-600,main:2-5-7@3.6x2u | hole:1-6-7@65.2x1u | hole:1-4-7@25.9x1u | hole:3-4-7@56.4x1u | main:1-3-7@6.4x1u,5,3,2,106.666667,0.505705736
4420230227010010,1,,4-5-7,0,,400,0,-400,main:3-5-6@2.7x2u | hole:1-5-7@20.1x1u | main:3-5-7@4.4x1u,3,1,2,110.0,0.647394341
4420230227010011,1,,1-4-5,0,,600,0,-600,main:1-4-7@2.5x3u | hole:3-6-7@232.1x1u | main:1-3-4@3.3x2u,3,1,2,110.0,0.707338791
4420230508010006,1,,3-5-6,0,,500,0,-500,main:1-3-5@5.2x1u | hole:1-4-7@10.1x1u | hole:1-2-7@32.0x1u | hole:3-4-7@41.8x1u | main:3-5-7@6.6x1u,5,3,2,104.0,0.49800619
4420230508010007,1,,1-3-5,1,main,800,940.0,140.0,main:1-3-4@4.9x2u | hole:3-5-7@5.4x2u | hole:1-5-7@27.4x1u | hole:1-6-7@221.4x1u | main:1-3-5@4.7x2u,5,3,2,117.5,0.643045837
4420230508010008,1,,1-4-7,1,main,800,870.0,70.0,main:1-4-7@2.9x3u | hole:1-5-6@107.3x1u | hole:3-6-7@173.4x1u | hole:1-2-5@40.8x1u | main:1-4-6@6.7x2u,5,3,2,108.75,0.533677799
4420230508010009,1,,1-4-7,1,main,800,840.0,40.0,main:1-4-7@2.1x4u | hole:1-2-5@71.4x1u | hole:5-6-7@397.4x1u | main:1-2-7@5.9x2u,4,2,2,105.0,0.66220396
4420230508010010,1,,1-4-6,0,,1100,0,-1100,main:1-4-5@2.8x4u | hole:3-5-7@22.9x1u | hole:1-3-6@82.4x1u | hole:2-3-5@99.0x1u | main:1-3-4@3.0x4u,5,3,2,101.818182,0.756381245
4420230508010011,1,,1-5-6,0,,900,0,-900,main:1-2-5@3.1x3u | hole:1-3-6@137.9x1u | hole:3-5-7@145.4x1u | hole:4-5-7@203.9x1u | main:1-5-7@4.0x3u,5,3,2,103.333333,0.591614221
4420230610010007,1,,1-4-7,1,main,1000,1080.0,80.0,main:1-4-7@2.7x4u | hole:3-5-7@136.5x1u | hole:2-6-7@224.6x1u | hole:3-4-5@24.7x1u | main:1-3-4@3.7x3u,5,3,2,108.0,0.692904838
4420230610010009,1,,1-4-7,0,,1000,0,-1000,main:2-4-7@2.6x4u | hole:1-5-7@11.4x1u | hole:1-3-7@85.4x1u | hole:1-6-7@119.7x1u | main:2-5-7@3.6x3u,5,3,2,104.0,0.770176281
4420230610010010,1,,2-5-7,1,main,1100,1280.0,180.0,main:2-5-7@3.2x4u | hole:1-2-4@6.7x2u | hole:1-2-3@13.0x1u | hole:1-2-6@75.2x1u | main:1-2-7@4.3x3u,5,3,2,116.363636,0.78453282
4420230610010011,1,,1-3-5,0,,300,0,-300,main:3-4-7@3.2x1u | hole:1-5-7@6.4x1u | main:3-5-7@4.6x1u,3,1,2,106.666667,0.686141304
4420230823010006,1,,2-3-6,0,,600,0,-600,main:1-3-7@4.5x2u | hole:2-3-4@34.7x1u | hole:3-4-5@52.6x1u | hole:1-2-6@40.2x1u | main:3-4-7@6.6x1u,5,3,2,110.0,0.446442846
4420230823010007,1,,2-4-7,0,,700,0,-700,main:2-3-7@3.7x2u | hole:1-4-6@8.5x1u | hole:1-3-4@11.7x1u | hole:1-3-6@56.9x1u | main:3-4-7@5.9x2u,5,3,2,105.714286,0.660453632
4420230823010008,1,,1-2-7,1,main,700,720.0,20.0,main:1-2-7@2.4x3u | hole:1-4-6@21.6x1u | hole:1-5-6@43.7x1u | hole:1-3-6@86.4x1u | main:2-5-7@7.6x1u,5,3,2,102.857143,0.62899928
4420230823010009,1,,1-5-7,0,,800,0,-800,main:3-4-7@3.1x3u | hole:1-3-5@13.5x1u | hole:1-2-3@51.2x1u | hole:2-3-6@52.1x1u | main:1-3-7@4.9x2u,5,3,2,116.25,0.63946146
4420230823010010,1,,2-3-4,0,,600,0,-600,main:3-4-5@2.5x3u | hole:1-5-6@312.2x1u | main:3-5-6@3.9x2u,3,1,2,125.0,0.659613331
4420230823010011,1,,1-4-7,1,main,400,440.0,40.0,main:1-4-7@2.2x2u | hole:2-4-5@54.9x1u | main:1-2-4@4.4x1u,3,1,2,110.0,0.700033118
4420231029010006,1,,2-3-5,0,,700,0,-700,main:3-5-7@4.6x2u | hole:1-2-7@12.5x1u | hole:1-2-3@32.2x1u | hole:2-4-5@168.7x1u | main:1-3-5@5.5x2u,5,3,2,131.428571,0.516193069
4420231029010007,1,,2-3-5,1,main,900,950.0,50.0,main:2-3-5@1.9x5u | hole:2-4-7@32.4x1u | hole:1-4-5@28.9x1u | hole:1-2-4@14.7x1u | main:2-4-5@10.0x1u,5,3,2,105.555556,0.759809274
4420231029010008,1,,3-5-7,1,main,400,800.0,400.0,main:1-3-5@5.3x1u | hole:2-3-7@13.3x1u | hole:1-2-6@117.3x1u | main:3-5-7@8.0x1u,4,2,2,132.5,0.397392364
4420231029010009,1,,1-5-7,1,hole,1000,1360.0,360.0,main:2-4-5@3.6x3u | hole:1-5-7@6.8x2u | hole:5-6-7@53.4x1u | hole:1-3-5@79.6x1u | main:4-5-7@4.2x3u,5,3,2,108.0,0.694221245
4420231029010010,0,no_alternative_scenario,1-3-5,,,,,,,,,,,
4420231029010011,1,,1-3-5,0,,1000,0,-1000,main:1-4-7@2.1x5u | hole:1-2-5@42.1x1u | hole:1-5-6@135.5x1u | main:1-5-7@3.7x3u,4,2,2,105.0,0.777593789
4420231211010008,1,,1-4-5,1,main,1100,1120.0,20.0,main:1-4-5@1.4x8u | hole:1-3-6@488.8x1u | main:1-3-5@6.4x2u,3,1,2,101.818182,0.872581541
4420231211010009,1,,1-3-4,0,,700,0,-700,main:1-4-7@5.1x2u | hole:2-4-5@10.1x1u | hole:2-3-5@16.4x1u | hole:2-5-6@40.1x1u | main:1-2-4@5.0x2u,5,3,2,142.857143,0.581001598
4420231211010010,1,,1-4-5,1,main,700,1040.0,340.0,main:1-2-4@2.4x3u | hole:3-4-6@109.5x1u | hole:2-3-6@144.6x1u | main:1-4-5@5.2x2u,4,2,2,102.857143,0.625022408
4420231211010011,0,no_alternative_scenario,2-4-7,,,,,,,,,,,
4420231231010006,1,,1-2-6,0,,700,0,-700,main:1-4-6@3.8x2u | hole:2-3-5@8.1x1u | hole:1-2-5@26.4x1u | hole:3-5-6@11.1x1u | main:1-3-6@4.7x2u,5,3,2,108.571429,0.72734952
4420231231010007,1,,4-5-7,0,,600,0,-600,main:3-4-5@4.5x2u | hole:2-3-6@29.9x1u | hole:2-4-6@33.2x1u | hole:1-2-4@51.2x1u | main:1-4-7@7.2x1u,5,3,2,120.0,0.444207659
4420231231010008,1,,2-3-5,0,,700,0,-700,main:2-5-7@4.8x2u | hole:3-4-6@137.0x1u | hole:1-3-5@154.4x1u | hole:1-4-6@58.1x1u | main:2-4-5@5.6x2u,5,3,2,137.142857,0.41789242
4420231231010009,1,,2-4-5,0,,800,0,-800,main:2-5-7@3.3x3u | hole:1-3-5@48.1x1u | hole:3-4-5@46.7x1u | hole:1-3-4@33.6x1u | main:1-4-5@5.0x2u,5,3,2,123.75,0.574995505
4420231231010010,1,,1-4-7,1,main,500,640.0,140.0,main:1-4-7@3.2x2u | hole:2-5-7@22.3x1u | hole:5-6-7@51.3x1u | main:4-5-7@5.3x1u,4,2,2,106.0,0.565515472
4420231231010011,0,no_alternative_scenario,2-4-7,,,,,,,,,,,
4520230107010006,0,no_alternative_scenario,1-2-3,,,,,,,,,,,
4520230107010007,1,,1-3-6,0,,400,0,-400,main:1-2-3@2.3x2u | hole:2-4-5@37.5x1u | main:1-3-5@4.3x1u,3,1,2,107.5,0.694007415
4520230107010008,1,,1-2-7,0,,700,0,-700,main:2-4-7@3.8x2u | hole:1-3-7@21.7x1u | hole:1-3-4@80.9x1u | hole:3-4-5@39.1x1u | main:1-4-7@4.2x2u,5,3,2,108.571429,0.585272469
4520230107010009,1,,2-6-7,0,,600,0,-600,main:1-3-7@4.0x2u | hole:1-4-5@40.5x1u | hole:4-5-7@43.3x1u | hole:4-6-7@89.8x1u | main:3-5-7@6.8x1u,5,3,2,113.333333,0.455980727
4520230107010010,1,,1-3-7,0,,300,0,-300,main:1-4-5@3.4x1u | hole:3-5-7@19.3x1u | main:1-5-7@5.4x1u,3,1,2,113.333333,0.531116304
4520230107010011,1,,1-2-7,1,main,300,410.0,110.0,main:1-2-7@4.1x1u | hole:2-3-5@15.7x1u | main:2-5-7@4.6x1u,3,1,2,136.666667,0.524988011
4520230201010006,1,,1-2-5,1,main,1000,1260.0,260.0,main:1-5-6@2.6x4u | hole:1-2-4@11.6x1u | hole:1-2-3@14.9x1u | hole:2-4-6@68.4x1u | main:1-2-5@4.2x3u,5,3,2,104.0,0.790651496
4520230201010007,1,,1-2-6,0,,800,0,-800,main:2-4-7@3.2x3u | hole:3-5-6@45.4x1u | hole:2-3-5@45.4x1u | hole:3-6-7@39.9x1u | main:2-3-4@4.5x2u,5,3,2,112.5,0.603837742
4520230201010008,1,,2-4-5,1,main,500,600.0,100.0,main:2-4-5@3.0x2u | hole:3-6-7@50.2x1u | hole:3-4-7@14.8x1u | main:2-3-7@6.0x1u,4,2,2,120.0,0.587487886
4520230201010009,1,,3-4-6,0,,600,0,-600,main:2-3-7@3.9x2u | hole:2-4-5@27.4x1u | hole:1-3-4@59.8x1u | main:3-5-7@4.5x2u,4,2,2,130.0,0.531851237
4520230201010010,1,,1-3-4,0,,500,0,-500,main:1-2-4@5.6x1u | hole:1-3-5@15.5x1u | hole:2-3-5@18.0x1u | hole:1-3-6@108.6x1u | main:1-4-5@7.5x1u,5,3,2,112.0,0.44118455
4520230201010011,1,,1-3-5,0,,600,0,-600,main:1-5-6@2.4x3u | hole:4-5-7@58.6x1u | main:1-5-7@3.2x2u,3,1,2,106.666667,0.746231513
4520230206010006,1,,1-4-7,1,main,900,930.0,30.0,main:1-4-7@3.1x3u | hole:3-5-7@7.4x2u | hole:4-5-6@93.7x1u | hole:5-6-7@43.4x1u | main:4-5-7@4.9x2u,5,3,2,103.333333,0.695511246
4520230206010007,1,,2-4-7,0,,900,0,-900,main:2-4-5@2.5x4u | hole:3-4-6@117.4x1u | hole:2-3-6@259.6x1u | hole:3-5-7@43.4x1u | main:2-3-4@6.9x2u,5,3,2,111.111111,0.580338979
4520230206010008,1,,2-3-7,1,main,900,1000.0,100.0,main:2-3-7@2.5x4u | hole:3-5-6@124.4x1u | hole:1-3-4@113.8x1u | hole:3-4-6@237.7x1u | main:1-3-7@5.6x2u,5,3,2,111.111111,0.599604344
4520230206010009,1,,4-6-7,0,,1000,0,-1000,main:3-4-7@1.8x6u | hole:1-5-7@18.2x1u | hole:1-4-5@42.2x1u | main:1-4-7@5.9x2u,4,2,2,108.0,0.803688818
4520230206010010,1,,2-4-5,0,,500,0,-500,main:1-2-4@2.8x2u | hole:3-4-6@310.4x1u | main:1-4-5@3.8x2u,3,1,2,112.0,0.623522401
4520230206010011,1,,1-3-7,1,main,300,340.0,40.0,main:1-3-7@3.4x1u | hole:3-5-6@134.3x1u | main:1-4-7@3.9x1u,3,1,2,113.333333,0.55797392
4520230818010006,1,,2-5-7,0,,700,0,-700,main:2-4-5@2.9x3u | hole:4-6-7@43.2x1u | hole:3-5-7@46.0x1u | hole:3-4-6@52.4x1u | main:1-4-6@7.8x1u,5,3,2,111.428571,0.537003962
4520230818010007,1,,1-4-6,0,,600,0,-600,main:1-2-7@4.5x2u | hole:3-4-5@57.0x1u | hole:2-3-5@26.2x1u | hole:2-3-4@49.3x1u | main:2-3-7@7.5x1u,5,3,2,125.0,0.43155133
4520230818010008,1,,1-2-7,0,,500,0,-500,main:3-4-7@3.9x2u | hole:2-5-7@6.4x1u | hole:2-4-5@50.3x1u | main:2-4-7@5.8x1u,4,2,2,116.0,0.604954765
4520230818010009,0,no_alternative_scenario,2-4-7,,,,,,,,,,,
4520230818010010,0,no_alternative_scenario,3-5-7,,,,,,,,,,,
4520230818010011,1,,1-4-7,1,main,400,420.0,20.0,main:1-4-7@2.1x2u | hole:3-6-7@108.8x1u | main:1-3-7@5.3x1u,3,1,2,105.0,0.674060898
4520230913010008,1,,4-5-7,0,,1100,0,-1100,main:2-4-7@2.5x5u | hole:1-2-5@16.8x1u | hole:1-3-7@63.5x1u | hole:1-5-7@15.6x1u | main:1-2-7@4.5x3u,5,3,2,113.636364,0.761596627
4520230913010009,1,,1-3-7,1,main,600,740.0,140.0,main:1-3-7@3.7x2u | hole:2-3-4@15.6x1u | hole:2-3-5@30.9x1u | hole:2-5-6@192.1x1u | main:2-3-7@6.2x1u,5,3,2,103.333333,0.533231239
4520230913010010,1,,1-2-7,0,,800,0,-800,main:2-3-7@3.5x3u | hole:3-4-5@11.3x1u | hole:1-3-4@44.4x1u | hole:1-3-5@60.4x1u | main:2-3-4@5.0x2u,5,3,2,125.0,0.613288675
4520230913010011,1,,3-5-7,0,,900,0,-900,main:1-4-5@2.5x4u | hole:2-3-5@95.8x1u | hole:2-5-6@152.0x1u | main:1-2-5@3.1x3u,4,2,2,103.333333,0.739598006
4520231106010006,1,,2-4-7,1,main,900,920.0,20.0,main:2-4-7@2.3x4u | hole:1-3-5@17.0x1u | hole:1-4-5@21.2x1u | hole:1-2-5@44.2x1u | main:1-5-7@7.9x2u,5,3,2,102.222222,0.689982662
4520231106010007,1,,2-4-7,1,main,800,1060.0,260.0,main:2-3-7@3.3x3u | hole:1-3-6@52.7x1u | hole:1-2-4@49.6x1u | hole:3-4-5@129.2x1u | main:2-4-7@5.3x2u,5,3,2,123.75,0.538586109
4520231106010008,1,,3-4-5,0,,600,0,-600,main:1-3-5@3.2x2u | hole:4-5-6@138.6x1u | hole:3-4-6@164.6x1u | hole:2-6-7@632.2x1u | main:3-5-6@6.5x1u,5,3,2,106.666667,0.481218273
4520231106010009,1,,3-6-7,0,,800,0,-800,main:3-5-7@3.0x3u | hole:2-4-5@14.6x1u | hole:1-4-5@44.4x1u | hole:2-6-7@203.1x1u | main:2-3-7@5.2x2u,5,3,2,112.5,0.621580382
4520231106010010,1,,1-6-7,0,,1100,0,-1100,main:1-5-7@2.5x5u | hole:1-2-4@16.7x1u | hole:1-2-6@223.2x1u | main:1-4-7@2.8x4u,4,2,2,101.818182,0.821503383
4520231106010011,1,,1-5-7,1,main,1000,1080.0,80.0,main:1-5-7@2.7x4u | hole:3-4-5@18.6x1u | hole:3-5-6@407.9x1u | hole:2-3-5@95.1x1u | main:1-4-5@3.9x3u,5,3,2,108.0,0.693510896
4520231127010006,1,,3-5-7,1,main,500,580.0,80.0,main:3-5-7@2.9x2u | hole:4-5-6@173.7x1u | hole:2-4-5@294.6x1u | main:1-5-7@5.2x1u,4,2,2,104.0,0.546286764
4520231127010007,1,,1-2-4,1,main,900,1110.0,210.0,main:1-2-7@3.2x3u | hole:2-3-6@59.9x1u | hole:1-4-6@122.1x1u | hole:2-3-4@15.5x1u | main:1-2-4@3.7x3u,5,3,2,106.666667,0.672170898
4520231127010008,1,,1-3-7,0,,1100,0,-1100,main:1-3-5@1.9x6u | hole:1-4-6@316.2x1u | hole:4-5-6@308.4x1u | hole:3-4-6@301.0x1u | main:3-5-6@6.2x2u,5,3,2,103.636364,0.697333469
4520231127010009,1,,2-4-7,1,main,1600,1680.0,80.0,main:2-4-7@2.1x8u | hole:1-2-5@9.6x2u | hole:2-5-6@64.4x1u | hole:1-2-6@133.1x1u | main:2-5-7@4.3x4u,5,3,2,105.0,0.835956381
4520231127010010,1,,1-4-7,1,main,3500,3510.0,10.0,main:1-4-7@1.3x27u | hole:2-4-5@36.7x1u | hole:4-5-6@215.3x1u | hole:3-4-5@62.7x1u | main:1-4-5@7.5x5u,5,3,2,100.285714,0.950405704
4620230409010006,1,,1-5-7,0,,800,0,-800,main:1-3-5@3.1x3u | hole:2-3-7@33.8x1u | hole:3-4-7@276.7x1u | hole:2-3-4@301.9x1u | main:3-5-7@4.6x2u,5,3,2,115.0,0.576484126
4620230409010007,1,,2-4-7,1,hole,800,2140.0,1340.0,main:3-5-7@3.0x3u | hole:2-4-7@21.4x1u | hole:1-2-5@38.6x1u | main:2-3-7@3.1x3u,4,2,2,112.5,0.728549686
4620230409010008,1,,1-2-7,1,hole,1000,1700.0,700.0,main:1-4-5@3.4x3u | hole:2-3-7@11.3x1u | hole:2-5-7@6.0x2u | hole:1-2-7@8.5x2u | main:1-2-5@5.3x2u,5,3,2,102.0,0.855606193
4620230409010009,1,,1-3-7,1,main,300,410.0,110.0,main:1-5-7@4.4x1u | hole:1-4-6@450.4x1u | main:1-3-7@4.1x1u,3,1,2,136.666667,0.473395415
4620230409010010,1,,1-4-5,0,,600,0,-600,main:2-4-5@4.0x2u | hole:1-5-6@110.8x1u | hole:1-3-7@188.2x1u | hole:1-4-6@273.6x1u | main:1-5-7@6.6x1u,5,3,2,110.0,0.419508889
4620230409010011,1,,2-4-7,1,main,700,880.0,180.0,main:2-5-7@4.3x2u | hole:1-4-7@8.0x1u | hole:3-6-7@22.7x1u | hole:1-3-4@30.8x1u | main:2-4-7@4.4x2u,5,3,2,114.285714,0.661351263
4620230420010008,1,,1-4-7,1,main,700,1000.0,300.0,main:1-4-7@5.0x2u | hole:2-5-7@9.7x1u | hole:1-2-5@23.3x1u | hole:1-2-6@71.1x1u | main:1-2-7@5.8x2u,5,3,2,138.571429,0.532489729
4620230420010009,1,,1-2-3,0,,500,0,-500,main:2-4-7@5.1x1u | hole:1-3-7@8.8x1u | hole:3-5-6@31.2x1u | hole:3-6-7@53.0x1u | main:2-3-4@5.6x1u,5,3,2,102.0,0.53920543
4620230420010010,1,,3-5-6,0,,700,0,-700,main:1-3-4@4.5x2u | hole:2-6-7@61.9x1u | hole:4-5-6@93.8x1u | hole:2-3-6@51.3x1u | main:1-4-5@4.7x2u,5,3,2,128.571429,0.481297427
4620230420010011,1,,1-5-7,1,main,1100,1200.0,100.0,main:1-5-7@2.4x5u | hole:2-4-7@7.8x2u | hole:2-3-4@49.0x1u | hole:1-2-4@22.9x1u | main:1-2-7@6.6x2u,5,3,2,109.090909,0.760463232
4620230511010006,1,,2-4-7,1,main,1400,1680.0,280.0,main:1-4-7@1.8x8u | hole:3-4-5@57.3x1u | hole:3-5-7@70.0x1u | hole:3-6-7@333.1x1u | main:2-4-7@5.6x3u,5,3,2,102.857143,0.768866807
4620230511010007,1,,3-5-7,0,,800,0,-800,main:1-5-7@2.9x3u | hole:1-3-6@29.9x1u | hole:1-3-4@122.0x1u | hole:2-3-7@25.1x1u | main:1-2-7@4.7x2u,5,3,2,108.75,0.639075718
4620230511010008,1,,3-4-5,0,,700,0,-700,main:1-5-7@4.1x2u | hole:2-3-7@99.8x1u | hole:3-5-6@19.8x1u | hole:1-2-3@184.0x1u | main:3-5-7@4.5x2u,5,3,2,117.142857,0.532084534
4620230511010009,1,,2-3-6,0,,800,0,-800,main:3-5-7@3.2x3u | hole:1-3-4@9.5x1u | hole:1-4-5@21.4x1u | hole:1-4-6@88.3x1u | main:3-4-5@4.5x2u,5,3,2,112.5,0.69803938
4620230511010010,1,,1-2-5,1,hole,1000,1830.0,830.0,main:2-4-7@3.0x4u | hole:1-4-5@5.9x2u | hole:1-3-4@25.9x1u | hole:1-2-5@18.3x1u | main:1-2-4@5.7x2u,5,3,2,114.0,0.771518303
4620230511010011,0,no_alternative_scenario,1-4-5,,,,,,,,,,,
4620230712010006,1,,2-3-7,0,,500,0,-500,main:3-4-7@7.3x1u | hole:2-5-7@11.5x1u | hole:1-2-7@15.3x1u | hole:1-3-5@19.9x1u | main:3-4-5@6.3x1u,5,3,2,126.0,0.498283715
4620230712010007,1,,1-2-4,1,main,800,960.0,160.0,main:1-2-4@3.2x3u | hole:4-6-7@172.2x1u | hole:2-5-7@220.5x1u | hole:1-5-7@46.0x1u | main:2-4-7@4.5x2u,5,3,2,112.5,0.566803701
4620230712010008,1,,4-5-7,1,hole,700,3360.0,2660.0,main:2-5-6@3.6x2u | hole:2-3-7@13.4x1u | hole:3-5-7@11.4x1u | hole:4-5-7@33.6x1u | main:2-5-7@3.6x2u,5,3,2,102.857143,0.747663624
4620230712010009,1,,1-3-7,0,,800,0,-800,main:1-3-5@2.7x3u | hole:1-4-7@47.2x1u | hole:2-5-7@163.7x1u | hole:5-6-7@100.4x1u | main:3-5-6@4.6x2u,5,3,2,101.25,0.62501701
4620230712010010,1,,1-4-6,0,,700,0,-700,main:1-4-5@4.6x2u | hole:3-4-6@257.8x1u | hole:5-6-7@847.2x1u | hole:3-4-7@85.9x1u | main:1-4-7@5.8x2u,5,3,2,131.428571,0.406505876
4620230712010011,1,,1-4-5,0,,700,0,-700,main:1-2-5@4.5x2u | hole:3-5-6@118.2x1u | hole:4-5-6@144.1x1u | hole:5-6-7@175.4x1u | main:2-4-5@4.8x2u,5,3,2,128.571429,0.451656672
4620230831010008,1,,1-5-7,0,,700,0,-700,main:1-2-7@3.8x2u | hole:1-3-4@101.5x1u | hole:1-4-6@391.4x1u | hole:1-4-5@93.9x1u | main:1-4-7@5.1x2u,5,3,2,108.571429,0.482293101
4620230831010009,1,,2-3-4,0,,400,0,-400,main:1-3-7@4.1x1u | hole:4-5-6@339.5x1u | hole:2-4-6@372.6x1u | main:1-4-7@4.7x1u,4,2,2,102.5,0.462297748
4620230831010010,1,,1-2-4,0,,700,0,-700,main:1-3-7@2.0x4u | hole:1-4-5@16.9x1u | hole:1-4-6@127.9x1u | main:2-3-7@8.2x1u,4,2,2,114.285714,0.688941425
4620230831010011,1,,1-3-7,0,,1000,0,-1000,main:3-4-7@2.9x4u | hole:5-6-7@86.8x1u | hole:1-3-6@371.5x1u | hole:4-5-6@840.7x1u | main:2-3-7@3.9x3u,5,3,2,116.0,0.616639855
4620231010010006,1,,1-3-7,1,main,800,1020.0,220.0,main:1-3-7@3.4x3u | hole:2-3-4@134.5x1u | hole:2-4-7@86.6x1u | hole:3-4-6@207.2x1u | main:1-4-7@5.9x2u,5,3,2,127.5,0.487417716
4620231010010007,1,,1-2-5,0,,1000,0,-1000,main:3-5-7@2.2x5u | hole:1-3-4@18.4x1u | hole:1-4-5@12.3x1u | hole:4-5-6@94.5x1u | main:3-4-5@6.3x2u,5,3,2,110.0,0.759506263
4620231010010008,1,,2-5-7,0,,400,0,-400,main:1-3-4@4.7x1u | hole:1-5-7@37.7x1u | hole:4-5-7@43.2x1u | main:1-2-5@5.3x1u,4,2,2,117.5,0.45111855
4620231010010009,1,,1-4-5,1,main,700,720.0,20.0,main:1-4-5@3.6x2u | hole:3-4-6@104.7x1u | hole:3-5-6@127.8x1u | hole:3-5-7@144.6x1u | main:1-5-6@6.0x2u,5,3,2,102.857143,0.468735898
4620231010010010,1,,3-4-5,0,,1600,0,-1600,main:2-4-5@2.1x8u | hole:3-4-6@321.2x1u | hole:4-6-7@157.8x1u | hole:1-2-3@545.1x1u | main:4-5-7@3.3x5u,5,3,2,103.125,0.790505766
4620231010010011,1,,1-5-7,1,main,2500,2580.0,80.0,main:1-3-5@1.6x16u | hole:2-5-7@47.9x1u | hole:1-2-7@57.3x1u | hole:1-6-7@166.2x1u | main:1-5-7@4.3x6u,5,3,2,102.4,0.90190382
4720230906010008,1,,2-3-6,0,,700,0,-700,main:2-3-7@2.7x3u | hole:4-5-6@94.3x1u | hole:3-5-6@37.6x1u | hole:1-4-6@41.8x1u | main:2-6-7@7.8x1u,5,3,2,111.428571,0.559699142
4720230906010009,1,,1-4-5,0,,900,0,-900,main:1-3-4@3.5x3u | hole:1-6-7@184.5x1u | hole:4-5-7@117.5x1u | hole:3-6-7@98.5x1u | main:1-4-6@3.7x3u,5,3,2,116.666667,0.580067533
4720230906010010,1,,1-2-3,0,,700,0,-700,main:1-4-7@3.7x2u | hole:1-2-5@74.5x1u | hole:1-3-5@39.4x1u | hole:2-4-5@203.5x1u | main:1-4-5@4.3x2u,5,3,2,105.714286,0.546545944
4720230906010011,1,,1-3-7,0,,900,0,-900,main:1-5-7@2.5x4u | hole:1-2-3@23.0x1u | hole:1-2-4@17.9x1u | main:1-2-7@3.3x3u,4,2,2,110.0,0.802374486
4720231101010006,1,,1-4-6,0,,1000,0,-1000,main:1-3-4@3.0x4u | hole:1-5-6@16.2x1u | hole:1-2-6@73.5x1u | hole:3-6-7@119.2x1u | main:3-4-7@3.5x3u,5,3,2,105.0,0.702770718
4720231101010007,1,,2-3-5,1,hole,1100,3940.0,2840.0,main:1-3-4@3.2x4u | hole:2-3-5@39.4x1u | hole:2-4-6@45.7x1u | hole:2-4-5@8.2x2u | main:1-2-4@3.9x3u,5,3,2,106.363636,0.738124025
4720231101010008,1,,3-4-5,0,,500,0,-500,main:1-3-4@6.3x1u | hole:1-5-7@9.1x1u | hole:1-2-5@18.5x1u | hole:1-5-6@29.6x1u | main:1-4-5@7.5x1u,5,3,2,126.0,0.48979144
4720231101010009,0,no_alternative_scenario,2-3-4,,,,,,,,,,,
4720231101010010,1,,1-3-7,1,main,500,600.0,100.0,main:1-3-7@3.0x2u | hole:1-5-6@168.5x1u | main:1-4-7@3.6x2u,3,1,2,120.0,0.617045829
4720231101010011,1,,1-3-5,1,main,1200,1320.0,120.0,main:1-3-5@2.2x6u | hole:1-2-7@13.0x1u | hole:1-6-7@103.7x1u | hole:1-2-6@103.4x1u | main:1-5-7@4.8x3u,5,3,2,108.333333,0.759116246
4720231201010008,1,,1-3-5,1,main,700,920.0,220.0,main:1-3-5@4.6x2u | hole:2-4-5@51.9x1u | hole:3-4-7@54.5x1u | hole:1-4-6@369.1x1u | main:3-4-5@5.0x2u,5,3,2,131.428571,0.457717044
4720231201010009,1,,2-5-6,0,,900,0,-900,main:1-3-7@2.5x4u | hole:2-3-5@40.6x1u | hole:1-5-6@65.6x1u | hole:1-4-6@340.3x1u | main:1-2-5@5.2x2u,5,3,2,111.111111,0.63512072
4720231201010010,1,,1-2-7,0,,500,0,-500,main:1-5-7@3.0x2u | hole:1-3-6@37.4x1u | main:1-3-7@3.5x2u,3,1,2,120.0,0.645785587
4720231201010011,1,,1-4-5,1,main,1200,1320.0,120.0,main:1-4-5@2.2x6u | hole:2-4-6@46.4x1u | hole:2-3-4@53.4x1u | main:1-2-4@3.1x4u,4,2,2,103.333333,0.817404416
4720231208010008,1,,1-3-4,0,,700,0,-700,main:1-3-7@4.1x2u | hole:2-3-4@16.0x1u | hole:2-3-5@38.0x1u | hole:2-4-5@149.9x1u | main:3-4-5@4.3x2u,5,3,2,117.142857,0.571947482
4720231208010009,1,,1-4-5,1,main,800,1200.0,400.0,main:2-4-5@3.0x3u | hole:1-5-7@16.1x1u | hole:3-5-7@38.6x1u | hole:1-3-5@38.4x1u | main:1-4-5@6.0x2u,5,3,2,112.5,0.614060204
4720231208010010,1,,2-4-5,1,main,700,1000.0,300.0,main:1-4-5@5.3x2u | hole:1-3-7@70.7x1u | hole:2-3-4@37.0x1u | hole:3-5-6@131.7x1u | main:2-4-5@5.0x2u,5,3,2,142.857143,0.437443558
4720231208010011,1,,4-5-7,0,,1200,0,-1200,main:1-5-7@2.5x5u | hole:3-6-7@16.6x1u | hole:2-3-6@48.2x1u | hole:3-5-6@45.6x1u | main:3-5-7@3.4x4u,5,3,2,104.166667,0.797035323
4720231220010006,0,no_alternative_scenario,1-2-5,,,,,,,,,,,
4720231220010007,1,,1-4-6,1,main,1000,1080.0,80.0,main:1-4-6@2.7x4u | hole:1-2-3@16.6x1u | hole:2-3-5@24.8x1u | hole:2-3-4@48.9x1u | main:1-3-4@3.7x3u,5,3,2,108.0,0.761654083
4720231220010008,1,,1-5-6,0,,1600,0,-1600,main:2-4-6@2.9x6u | hole:1-2-3@6.1x3u | hole:1-2-5@21.2x1u | hole:2-3-5@70.0x1u | main:1-2-6@3.4x5u,5,3,2,106.25,0.864335185
4720231220010009,1,,3-4-6,0,,500,0,-500,main:1-4-6@1.7x3u | hole:2-3-6@22.1x1u | main:1-4-5@6.1x1u,3,1,2,102.0,0.797418589
4720231220010010,1,,2-3-7,1,main,1100,1250.0,150.0,main:2-3-7@2.5x5u | hole:3-5-6@160.3x1u | hole:5-6-7@305.9x1u | hole:4-5-7@177.5x1u | main:2-4-7@4.5x3u,5,3,2,113.636364,0.63736337
4720231220010011,1,,1-4-7,1,main,2500,2520.0,20.0,main:1-4-7@1.4x18u | hole:5-6-7@863.2x1u | main:1-3-4@4.2x6u,3,1,2,100.8,0.953539432
4820230218010006,1,,2-6-7,0,,600,0,-600,main:2-4-7@3.1x2u | hole:3-5-6@412.9x1u | hole:5-6-7@241.8x1u | hole:1-5-6@138.7x1u | main:2-3-7@6.9x1u,5,3,2,103.333333,0.48127553
4820230218010007,1,,3-4-7,0,,600,0,-600,main:1-2-5@4.3x2u | hole:1-3-4@15.1x1u | hole:3-6-7@110.4x1u | hole:2-3-6@76.8x1u | main:2-4-5@9.8x1u,5,3,2,143.333333,0.422902926
4820230218010008,1,,3-4-5,1,main,500,520.0,20.0,main:3-4-7@3.0x2u | hole:2-4-5@71.6x1u | hole:1-2-4@146.5x1u | main:3-4-5@5.2x1u,4,2,2,104.0,0.546433445
4820230218010009,1,,1-2-4,1,main,500,520.0,20.0,main:2-4-6@5.1x1u | hole:3-4-7@15.1x1u | hole:1-3-7@23.1x1u | hole:1-3-5@36.0x1u | main:1-2-4@5.2x1u,5,3,2,102.0,0.52567911
4820230218010010,1,,1-3-5,1,hole,900,1360.0,460.0,main:3-4-7@3.9x3u | hole:1-3-5@6.8x2u | hole:1-2-5@28.4x1u | hole:1-3-6@86.6x1u | main:3-5-7@4.6x2u,5,3,2,102.222222,0.667618996
4820230218010011,0,no_alternative_scenario,1-4-7,,,,,,,,,,,
4820230316010006,1,,1-5-7,1,main,1100,1280.0,180.0,main:1-5-7@3.2x4u | hole:2-4-7@6.9x2u | hole:2-3-7@46.0x1u | hole:2-4-5@35.5x1u | main:1-2-7@4.1x3u,5,3,2,111.818182,0.75123812
4820230316010007,1,,1-3-7,1,main,900,1080.0,180.0,main:3-5-7@2.3x4u | hole:1-2-7@62.0x1u | hole:2-4-7@92.4x1u | hole:2-6-7@91.3x1u | main:1-3-7@5.4x2u,5,3,2,102.222222,0.657872239
4820230316010008,1,,1-2-5,1,main,500,560.0,60.0,main:2-4-5@5.7x1u | hole:1-3-5@112.5x1u | hole:1-3-4@88.9x1u | hole:3-5-7@263.8x1u | main:1-2-5@5.6x1u,5,3,2,112.0,0.377938258
4820230316010009,1,,2-5-7,0,,600,0,-600,main:1-4-5@3.3x2u | hole:3-4-6@34.7x1u | hole:4-6-7@102.2x1u | hole:5-6-7@205.4x1u | main:1-2-5@7.9x1u,5,3,2,110.0,0.47308431
4820230316010010,1,,3-4-7,1,main,600,820.0,220.0,main:3-5-7@3.8x2u | hole:4-6-7@306.0x1u | hole:2-3-6@159.8x1u | main:3-4-7@4.1x2u,4,2,2,126.666667,0.51658613
4820230316010011,1,,1-3-6,1,hole,700,2470.0,1770.0,main:1-4-5@4.1x2u | hole:3-4-6@20.6x1u | hole:2-4-7@16.2x1u | hole:1-3-6@24.7x1u | main:1-4-7@5.2x2u,5,3,2,117.142857,0.586968046
4820230324010006,1,,2-3-4,0,,800,0,-800,main:1-3-5@2.8x3u | hole:2-5-6@87.3x1u | hole:2-3-7@26.0x1u | hole:2-4-5@114.8x1u | main:3-5-6@4.5x2u,5,3,2,105.0,0.637992173
4820230324010007,1,,1-4-5,1,main,800,840.0,40.0,main:1-4-5@2.8x3u | hole:4-6-7@425.5x1u | hole:1-6-7@331.0x1u | hole:2-6-7@627.1x1u | main:2-4-5@6.7x2u,5,3,2,105.0,0.513362555
4820230324010008,1,,1-3-4,1,main,500,510.0,10.0,main:1-3-4@5.1x1u | hole:2-3-7@18.5x1u | hole:2-3-6@33.7x1u | hole:2-3-5@25.0x1u | main:1-2-4@5.5x1u,5,3,2,102.0,0.501624258
4820230324010009,1,,2-3-7,0,,700,0,-700,main:1-3-7@2.6x3u | hole:4-5-7@44.5x1u | hole:2-6-7@116.0x1u | main:3-5-7@3.9x2u,4,2,2,111.428571,0.672118241
4820230324010010,1,,1-5-6,0,,600,0,-600,main:3-5-7@3.5x2u | hole:4-5-6@75.9x1u | hole:2-4-5@42.0x1u | main:1-3-5@4.1x2u,4,2,2,116.666667,0.566601479
4820230324010011,1,,1-2-6,1,hole,600,2030.0,1430.0,main:1-4-5@3.2x2u | hole:1-2-6@20.3x1u | hole:1-2-7@34.4x1u | main:1-2-5@3.3x2u,4,2,2,106.666667,0.693861154
4820230412010006,1,,1-2-5,0,,500,0,-500,main:2-4-7@5.2x1u | hole:2-3-5@82.9x1u | hole:2-5-6@155.9x1u | hole:1-2-3@140.9x1u | main:2-5-7@5.1x1u,5,3,2,102.0,0.41396045
4820230412010007,1,,1-3-7,1,main,600,880.0,280.0,main:1-3-7@4.4x2u | hole:1-5-6@22.9x1u | hole:1-2-6@63.8x1u | hole:2-4-5@63.8x1u | main:1-2-4@6.8x1u,5,3,2,113.333333,0.449347635
4820230412010008,1,,2-6-7,0,,700,0,-700,main:2-3-7@4.2x2u | hole:2-5-6@22.5x1u | hole:1-4-7@28.4x1u | hole:1-3-5@77.1x1u | main:3-4-7@5.1x2u,5,3,2,120.0,0.52679955
4820230412010009,1,,1-2-5,0,,700,0,-700,main:1-4-7@4.1x2u | hole:2-3-5@39.9x1u | hole:2-3-4@40.2x1u | hole:1-2-3@185.2x1u | main:2-4-5@6.0x2u,5,3,2,117.142857,0.465906952
4820230412010010,1,,1-4-5,1,main,900,1480.0,580.0,main:1-2-5@2.3x4u | hole:1-4-7@26.5x1u | hole:1-3-7@115.0x1u | hole:5-6-7@128.7x1u | main:1-4-5@7.4x2u,5,3,2,102.222222,0.624119253
4820230412010011,1,,3-4-6,0,,600,0,-600,main:2-3-7@3.5x2u | hole:1-3-5@40.2x1u | hole:1-2-5@49.0x1u | hole:2-4-5@125.0x1u | main:1-3-7@6.2x1u,5,3,2,103.333333,0.500288393
4820230515010006,1,,1-3-7,1,main,700,760.0,60.0,main:1-3-7@3.8x2u | hole:2-3-5@10.2x1u | hole:2-5-7@119.1x1u | hole:2-3-6@66.7x1u | main:1-3-5@5.0x2u,5,3,2,108.571429,0.58458592
4820230515010007,1,,1-5-6,0,,900,0,-900,main:1-3-5@3.9x3u | hole:1-4-7@6.4x2u | hole:3-4-7@106.5x1u | hole:1-4-6@69.7x1u | main:1-4-5@5.4x2u,5,3,2,120.0,0.621582315
4820230515010008,1,,2-4-5,0,,1500,0,-1500,main:2-4-7@2.3x7u | hole:1-4-5@18.1x1u | hole:4-5-6@243.7x1u | hole:3-4-6@76.3x1u | main:1-2-4@3.2x5u,5,3,2,106.666667,0.819740793
4820230515010009,1,,2-4-5,0,,2200,0,-2200,main:2-5-7@1.6x14u | hole:1-2-4@37.1x1u | hole:1-4-7@40.9x1u | hole:1-4-5@90.7x1u | main:2-4-7@4.7x5u,5,3,2,101.818182,0.900195371
4820230515010010,1,,1-3-4,0,,1500,0,-1500,main:3-4-5@1.9x8u | hole:1-2-4@120.7x1u | hole:1-4-6@157.1x1u | hole:1-2-5@143.8x1u | main:1-3-5@4.3x4u,5,3,2,101.333333,0.780478408
4820230515010011,1,,1-4-7,1,main,1700,1760.0,60.0,main:1-4-7@1.6x11u | hole:1-3-5@83.9x1u | hole:3-5-7@52.9x1u | hole:2-3-5@131.5x1u | main:1-3-7@6.5x3u,5,3,2,103.529412,0.817273259
4820230629010008,1,,1-3-4,1,hole,500,2470.0,1970.0,main:3-5-7@7.1x1u | hole:1-4-6@12.7x1u | hole:2-4-5@16.3x1u | hole:1-3-4@24.7x1u | main:4-5-7@7.5x1u,5,3,2,142.0,0.454754084
4820230629010009,1,,4-5-7,0,,800,0,-800,main:2-5-7@2.3x4u | hole:1-4-7@59.1x1u | hole:1-5-6@57.5x1u | main:1-5-7@4.1x2u,4,2,2,102.5,0.712996826
4820230629010011,0,no_alternative_scenario,1-4-7,,,,,,,,,,,
5120230312010008,1,,1-3-5,0,,400,0,-400,main:1-4-5@4.7x1u | hole:3-5-6@91.6x1u | hole:2-3-5@31.3x1u | main:3-5-7@4.8x1u,4,2,2,117.5,0.463965203
5120230312010009,1,,1-2-4,1,main,800,1020.0,220.0,main:1-4-7@3.0x3u | hole:1-2-6@43.0x1u | hole:2-4-6@101.9x1u | main:1-2-4@3.4x3u,4,2,2,112.5,0.660520337
5120230312010010,1,,1-2-4,1,main,700,940.0,240.0,main:1-2-4@4.7x2u | hole:3-6-7@11.4x1u | hole:1-3-7@12.6x1u | hole:3-4-7@17.5x1u | main:2-3-4@5.6x2u,5,3,2,134.285714,0.615564621
5120230312010011,1,,1-3-7,0,,300,0,-300,main:1-3-5@3.1x1u | hole:1-2-7@66.6x1u | main:1-5-7@3.9x1u,3,1,2,103.333333,0.594005917
5120230323010006,1,,1-3-7,0,,700,0,-700,main:1-2-4@3.8x2u | hole:2-5-6@27.2x1u | hole:2-3-5@71.3x1u | hole:4-5-6@194.3x1u | main:1-4-7@5.5x2u,5,3,2,108.571429,0.500912708
5120230323010007,1,,2-3-7,1,main,800,1020.0,220.0,main:2-3-7@3.4x3u | hole:1-2-4@12.4x1u | hole:2-4-6@45.4x1u | hole:1-6-7@128.8x1u | main:3-5-7@4.8x2u,5,3,2,120.0,0.612886549
5120230323010008,1,,3-4-5,0,,1000,0,-1000,main:2-3-4@2.2x5u | hole:3-5-6@21.7x1u | hole:1-2-7@51.5x1u | hole:1-6-7@259.7x1u | main:2-4-5@7.2x2u,5,3,2,110.0,0.662785365
5120230323010009,1,,1-4-6,0,,700,0,-700,main:3-4-7@3.9x2u | hole:2-3-5@42.5x1u | hole:1-2-5@120.9x1u | hole:2-5-6@309.2x1u | main:3-5-7@5.4x2u,5,3,2,111.428571,0.476630305
5120230323010010,1,,2-5-7,0,,700,0,-700,main:1-4-5@4.3x2u | hole:3-5-7@13.0x1u | hole:5-6-7@66.4x1u | hole:2-5-6@27.3x1u | main:1-3-5@5.2x2u,5,3,2,122.857143,0.553479186
5120230323010011,1,,3-4-7,1,main,800,840.0,40.0,main:3-4-7@1.4x6u | hole:1-3-6@100.1x1u | main:3-4-5@13.1x1u,3,1,2,105.0,0.800611602
5120230410010008,1,,2-4-5,1,main,800,810.0,10.0,main:2-4-5@2.7x3u | hole:3-4-6@45.9x1u | hole:2-3-7@21.7x1u | hole:1-3-4@143.5x1u | main:2-4-7@6.3x2u,5,3,2,101.25,0.603938612
5120230410010009,1,,3-5-7,1,main,900,990.0,90.0,main:3-5-7@3.3x3u | hole:1-5-6@474.4x1u | hole:1-3-6@103.7x1u | hole:2-3-6@78.6x1u | main:3-6-7@3.8x3u,5,3,2,110.0,0.590661971
5120230410010010,1,,1-5-7,0,,900,0,-900,main:1-3-5@3.5x3u | hole:2-3-7@7.1x2u | hole:2-3-4@83.5x1u | hole:2-4-7@242.1x1u | main:1-4-5@5.4x2u,5,3,2,116.666667,0.627851114
5120230410010011,1,,2-4-5,1,main,800,860.0,60.0,main:1-2-5@2.9x3u | hole:1-3-7@49.1x1u | hole:1-6-7@85.3x1u | hole:3-4-5@151.3x1u | main:2-4-5@4.3x2u,5,3,2,107.5,0.616085039
5120230522010006,1,,2-5-7,0,,800,0,-800,main:2-3-5@3.2x3u | hole:1-2-6@55.1x1u | hole:1-2-7@38.8x1u | hole:2-6-7@146.0x1u | main:1-2-5@4.9x2u,5,3,2,120.0,0.567352964
5120230522010007,1,,1-5-7,1,main,1000,1040.0,40.0,main:1-5-7@2.6x4u | hole:3-6-7@53.0x1u | hole:3-5-6@48.1x1u | hole:4-6-7@148.0x1u | main:4-5-7@3.7x3u,5,3,2,104.0,0.701300357
5120230522010008,1,,2-4-7,0,,1100,0,-1100,main:2-4-6@2.4x5u | hole:1-3-4@66.0x1u | hole:1-2-5@150.5x1u | hole:1-2-3@88.9x1u | main:2-3-4@4.1x3u,5,3,2,109.090909,0.693613733
5120230522010009,1,,2-3-4,0,,800,0,-800,main:1-3-4@2.8x3u | hole:1-5-7@10.2x1u | hole:1-2-6@171.0x1u | hole:2-3-6@121.6x1u | main:3-4-7@4.6x2u,5,3,2,105.0,0.686645015
5120230522010010,1,,3-4-5,0,,400,0,-400,main:3-5-7@2.9x2u | hole:1-3-4@10.8x1u | main:2-5-7@4.8x1u,3,1,2,120.0,0.645753512
5120230522010011,1,,1-4-5,0,,900,0,-900,main:1-5-7@2.3x4u | hole:1-3-4@40.2x1u | hole:1-3-6@58.9x1u | hole:3-6-7@555.5x1u | main:1-2-5@4.6x2u,5,3,2,102.222222,0.695827644
5120230921010006,1,,1-3-4,1,main,700,760.0,60.0,main:1-3-4@3.8x2u | hole:2-3-5@11.7x1u | hole:4-5-7@108.2x1u | hole:2-4-5@32.3x1u | main:2-3-4@6.0x2u,5,3,2,108.571429,0.555496543
5120230921010007,1,,1-2-7,0,,700,0,-700,main:1-5-7@3.6x2u | hole:4-5-6@23.1x1u | hole:3-4-5@21.2x1u | hole:1-4-6@156.0x1u | main:1-4-5@4.6x2u,5,3,2,102.857143,0.592039193
5120230921010008,1,,2-4-7,1,hole,800,2330.0,1530.0,main:1-5-7@3.0x3u | hole:2-4-5@17.4x1u | hole:1-2-4@12.0x1u | hole:2-4-7@23.3x1u | main:4-5-7@5.6x2u,5,3,2,112.5,0.695627815
5120230921010009,1,,2-4-7,1,main,1500,1520.0,20.0,main:2-4-7@1.9x8u | hole:1-3-7@52.8x1u | hole:1-6-7@618.0x1u | hole:3-4-5@124.8x1u | main:2-3-7@4.1x4u,5,3,2,101.333333,0.798788566
5120230921010010,1,,2-5-7,1,main,1000,1100.0,100.0,main:2-5-7@2.2x5u | hole:1-4-7@32.9x1u | hole:1-4-6@131.6x1u | hole:3-5-6@80.1x1u | main:1-4-5@6.4x2u,5,3,2,110.0,0.66127377
5120230921010011,1,,2-3-5,1,hole,800,1070.0,270.0,main:2-4-7@3.3x3u | hole:2-3-5@10.7x1u | hole:1-3-5@32.1x1u | hole:3-4-5@33.8x1u | main:1-2-4@5.4x2u,5,3,2,123.75,0.642411879
5120231002010006,1,,4-5-7,0,,700,0,-700,main:2-5-7@3.0x3u | hole:3-6-7@26.4x1u | hole:1-2-4@76.5x1u | main:2-4-7@4.4x2u,4,2,2,125.714286,0.611556744
5120231002010007,0,no_alternative_scenario,2-3-7,,,,,,,,,,,
5120231002010008,1,,2-3-7,0,,300,0,-300,main:2-3-4@4.8x1u | hole:4-6-7@186.6x1u | main:2-5-7@6.3x1u,3,1,2,160.0,0.372422549
5120231002010009,1,,3-5-7,1,main,300,500.0,200.0,main:1-4-5@4.8x1u | hole:2-5-7@23.1x1u | main:3-5-7@5.0x1u,3,1,2,160.0,0.451623377
5120231002010010,1,,4-5-7,1,main,600,720.0,120.0,main:1-4-7@2.1x3u | hole:2-5-7@18.5x1u | main:4-5-7@3.6x2u,3,1,2,105.0,0.808022308
5120231002010011,1,,1-4-5,1,main,1300,1540.0,240.0,main:1-5-7@1.7x8u | hole:1-2-4@16.3x1u | hole:2-4-5@26.0x1u | hole:2-4-7@82.7x1u | main:1-4-5@7.7x2u,5,3,2,104.615385,0.830008554
5120231113010008,1,,2-6-7,0,,800,0,-800,main:2-5-7@3.1x3u | hole:3-4-7@59.2x1u | hole:3-4-5@69.5x1u | hole:1-3-5@54.1x1u | main:2-4-7@4.4x2u,5,3,2,110.0,0.599618042
5120231113010009,1,,1-2-4,1,main,600,640.0,40.0,main:1-2-4@1.6x4u | hole:3-4-5@70.3x1u | main:2-3-4@7.0x1u,3,1,2,106.666667,0.782081894
5120231113010010,1,,2-5-7,1,main,500,630.0,130.0,main:2-5-7@6.3x1u | hole:1-4-5@10.5x1u | hole:3-4-7@17.7x1u | hole:3-4-5@17.8x1u | main:3-5-7@6.1x1u,5,3,2,122.0,0.530579631
5120231113010011,1,,1-2-5,1,main,700,840.0,140.0,main:1-2-5@4.2x2u | hole:3-6-7@15.1x1u | hole:2-3-6@23.4x1u | hole:3-5-6@37.2x1u | main:2-3-5@4.9x2u,5,3,2,120.0,0.578018799
5320230108010006,1,,1-4-5,1,main,600,780.0,180.0,main:1-4-5@3.9x2u | hole:2-3-5@22.5x1u | hole:2-5-7@24.9x1u | hole:2-4-7@19.0x1u | main:3-4-5@7.9x1u,5,3,2,130.0,0.520229201
5320230108010007,1,,1-2-7,1,main,800,1020.0,220.0,main:1-2-7@3.4x3u | hole:2-4-5@37.0x1u | hole:2-4-6@33.0x1u | hole:2-3-4@34.6x1u | main:1-4-7@5.8x2u,5,3,2,127.5,0.552763232
5320230108010008,1,,1-3-7,0,,800,0,-800,main:1-2-7@2.8x3u | hole:4-6-7@226.8x1u | hole:1-4-6@292.1x1u | hole:1-3-6@366.7x1u | main:1-6-7@4.5x2u,5,3,2,105.0,0.58992476
5320230108010009,1,,2-3-5,1,hole,600,990.0,390.0,main:2-4-7@4.8x2u | hole:1-2-5@27.4x1u | hole:2-3-5@9.9x1u | hole:1-4-6@81.1x1u | main:1-2-4@6.6x1u,5,3,2,110.0,0.509685392
5320230108010010,1,,1-3-5,0,,800,0,-800,main:1-2-5@3.5x3u | hole:3-5-7@62.3x1u | hole:2-6-7@54.4x1u | hole:5-6-7@57.6x1u | main:2-5-7@6.0x2u,5,3,2,131.25,0.504175781
5320230108010011,1,,2-5-7,0,,400,0,-400,main:1-3-7@2.8x2u | hole:1-2-5@62.8x1u | main:1-5-7@5.6x1u,3,1,2,140.0,0.551637853
5320230405010006,1,,2-4-6,1,main,1200,1250.0,50.0,main:2-4-6@2.5x5u | hole:2-3-5@14.8x1u | hole:3-4-5@24.3x1u | hole:1-3-4@118.3x1u | main:2-3-4@3.3x4u,5,3,2,104.166667,0.820203219
5320230405010007,0,no_alternative_scenario,1-5-7,,,,,,,,,,,
5320230405010008,1,,1-5-6,0,,600,0,-600,main:1-2-5@3.4x2u | hole:2-4-7@8.7x1u | hole:2-4-6@107.8x1u | hole:2-6-7@57.8x1u | main:1-5-7@7.2x1u,5,3,2,113.333333,0.574526541
5320230405010009,1,,1-3-4,0,,900,0,-900,main:1-4-5@3.6x3u | hole:2-3-7@32.6x1u | hole:1-2-7@5.1x2u | hole:1-3-7@26.8x1u | main:1-4-7@4.6x2u,5,3,2,102.222222,0.759235793
5320230405010010,1,,2-6-7,0,,600,0,-600,main:1-2-7@4.7x2u | hole:2-3-5@23.0x1u | hole:2-3-4@60.5x1u | hole:2-4-6@17.8x1u | main:1-3-7@7.1x1u,5,3,2,118.333333,0.46979799
5320230405010011,0,no_alternative_scenario,1-3-7,,,,,,,,,,,
5320230425010006,1,,1-3-5,0,,500,0,-500,main:1-4-5@5.7x1u | hole:3-5-7@15.0x1u | hole:2-4-7@18.6x1u | hole:3-6-7@23.7x1u | main:1-5-7@7.3x1u,5,3,2,114.0,0.475049098
5320230425010007,0,no_alternative_scenario,2-3-7,,,,,,,,,,,
5320230425010008,1,,2-5-7,0,,600,0,-600,main:1-4-7@3.4x2u | hole:2-6-7@105.1x1u | hole:1-2-6@233.1x1u | main:1-2-4@4.8x2u,4,2,2,113.333333,0.516255733
5320230425010009,1,,1-3-5,1,main,700,740.0,40.0,main:1-5-7@2.4x3u | hole:3-4-5@18.2x1u | hole:2-3-5@130.2x1u | main:1-3-5@3.7x2u,4,2,2,102.857143,0.749562483
5320230425010010,1,,1-2-5,1,main,700,780.0,80.0,main:1-2-5@3.9x2u | hole:1-4-7@12.3x1u | hole:1-3-4@53.7x1u | hole:3-5-6@165.0x1u | main:2-4-5@4.8x2u,5,3,2,111.428571,0.570726983
5320230425010011,1,,1-4-5,0,,1100,0,-1100,main:1-4-7@1.9x6u | hole:2-4-5@31.3x1u | hole:2-5-7@23.9x1u | hole:3-5-7@63.2x1u | main:3-4-7@7.0x2u,5,3,2,103.636364,0.758785603
5320230508010008,1,,3-4-5,0,,700,0,-700,main:1-4-7@3.7x2u | hole:2-4-5@23.1x1u | hole:3-6-7@53.5x1u | hole:3-5-7@23.3x1u | main:4-5-7@5.0x2u,5,3,2,105.714286,0.575170357
5320230508010009,1,,1-2-3,0,,700,0,-700,main:2-3-4@4.6x2u | hole:1-3-7@14.2x1u | hole:1-5-7@49.6x1u | hole:3-6-7@128.0x1u | main:1-2-4@5.7x2u,5,3,2,131.428571,0.491226226
5320230508010010,1,,3-5-6,1,hole,700,4590.0,3890.0,main:2-4-5@4.3x2u | hole:1-5-7@35.7x1u | hole:3-5-6@45.9x1u | hole:1-3-5@66.4x1u | main:2-4-7@4.8x2u,5,3,2,122.857143,0.505749411
5320230508010011,1,,1-3-5,1,main,600,740.0,140.0,main:1-3-5@3.7x2u | hole:1-4-6@21.7x1u | hole:1-2-4@13.6x1u | hole:1-6-7@25.2x1u | main:1-4-5@7.1x1u,5,3,2,118.333333,0.570410241
5320230801010005,1,,2-3-5,1,main,500,590.0,90.0,main:2-3-5@5.9x1u | hole:1-2-4@10.9x1u | hole:1-2-7@37.1x1u | hole:1-4-7@76.3x1u | main:3-5-6@7.5x1u,5,3,2,118.0,0.434628316
5320230801010006,1,,1-2-3,1,main,1300,1320.0,20.0,main:2-3-4@2.4x6u | hole:1-3-6@39.7x1u | hole:1-5-6@31.4x1u | hole:1-3-7@116.8x1u | main:1-2-3@3.3x4u,5,3,2,101.538462,0.785294664
5320230801010007,1,,1-2-3,1,main,1800,1820.0,20.0,main:1-2-3@1.4x13u | hole:1-4-5@53.7x1u | hole:1-6-7@176.4x1u | main:1-2-5@7.5x3u,4,2,2,101.111111,0.871909956
5320230801010008,1,,1-2-6,0,,800,0,-800,main:1-2-4@2.7x3u | hole:1-3-5@12.2x1u | hole:3-5-6@9.0x1u | hole:2-3-5@37.2x1u | main:1-2-5@5.5x2u,5,3,2,101.25,0.772148597
5320231010010006,1,,2-3-5,0,,500,0,-500,main:1-3-5@5.1x1u | hole:2-3-7@32.9x1u | hole:2-5-7@24.2x1u | hole:1-2-4@16.2x1u | main:1-2-7@6.2x1u,5,3,2,102.0,0.4908146
5320231010010007,1,,1-3-5,0,,700,0,-700,main:1-3-4@3.9x2u | hole:1-2-5@13.8x1u | hole:2-4-7@74.5x1u | hole:2-3-5@52.5x1u | main:3-4-7@4.8x2u,5,3,2,111.428571,0.569677796
5320231010010008,1,,3-4-5,0,,400,0,-400,main:1-3-5@4.7x1u | hole:4-5-7@45.8x1u | hole:1-2-4@19.4x1u | main:1-4-5@5.0x1u,4,2,2,117.5,0.48614641
5320231010010009,1,,1-2-7,0,,600,0,-600,main:1-5-7@2.4x3u | hole:1-2-4@8.9x1u | main:1-2-5@3.9x2u,3,1,2,120.0,0.785436474
5320231010010010,1,,1-5-7,1,main,900,920.0,20.0,main:1-5-7@2.3x4u | hole:1-2-4@41.9x1u | hole:2-4-5@37.0x1u | hole:1-4-6@254.3x1u | main:1-2-5@4.8x2u,5,3,2,102.222222,0.697941681
5320231010010011,0,no_alternative_scenario,1-5-7,,,,,,,,,,,
5320231116010006,1,,2-4-7,1,hole,700,2420.0,1720.0,main:3-5-7@4.3x2u | hole:2-4-7@24.2x1u | hole:1-4-5@24.0x1u | hole:1-3-4@56.9x1u | main:3-4-7@5.1x2u,5,3,2,122.857143,0.529200244
5320231116010007,1,,2-5-7,0,,1700,0,-1700,main:2-3-5@1.6x11u | hole:4-5-7@112.1x1u | hole:1-4-5@161.3x1u | hole:1-2-6@143.9x1u | main:1-2-5@6.9x3u,5,3,2,103.529412,0.791997041
5320231116010008,1,,2-5-6,0,,600,0,-600,main:1-2-5@4.0x2u | hole:2-3-7@8.7x1u | hole:1-4-7@33.1x1u | hole:2-6-7@80.6x1u | main:1-2-3@6.1x1u,5,3,2,101.666667,0.571495383
5320231116010009,1,,1-4-5,1,main,700,940.0,240.0,main:1-5-6@4.0x2u | hole:2-3-7@42.6x1u | hole:3-5-7@30.0x1u | hole:1-3-7@34.6x1u | main:1-4-5@4.7x2u,5,3,2,114.285714,0.548475203
5320231116010010,1,,2-3-4,0,,900,0,-900,main:1-4-5@2.6x4u | hole:3-4-6@53.0x1u | hole:3-4-7@134.1x1u | hole:1-2-6@423.6x1u | main:2-4-5@4.6x2u,5,3,2,102.222222,0.630692453
5320231116010011,1,,1-4-7,1,main,1500,1560.0,60.0,main:1-4-7@2.6x6u | hole:1-3-5@9.2x2u | hole:3-4-5@26.2x1u | hole:3-4-6@219.4x1u | main:1-3-4@3.1x5u,5,3,2,103.333333,0.858617506
5320231218010006,1,,1-2-3,1,hole,800,2270.0,1470.0,main:3-4-5@3.3x3u | hole:1-2-3@22.7x1u | hole:1-2-5@13.8x1u | hole:2-5-6@54.9x1u | main:1-3-5@5.0x2u,5,3,2,123.75,0.637761871
5320231218010007,1,,3-5-7,1,main,600,920.0,320.0,main:1-4-5@3.4x2u | hole:3-4-7@12.4x1u | hole:1-3-7@22.4x1u | main:3-5-7@4.6x2u,4,2,2,113.333333,0.63679697
5320231218010008,1,,1-3-5,1,hole,900,1940.0,1040.0,main:1-2-4@3.5x3u | hole:1-3-5@19.4x1u | hole:3-4-5@20.8x1u | hole:3-5-6@116.0x1u | main:1-4-5@3.7x3u,5,3,2,116.666667,0.66422856
5320231218010009,1,,2-3-4,0,,500,0,-500,main:2-4-7@5.5x1u | hole:1-4-6@11.3x1u | hole:1-3-4@31.3x1u | hole:1-6-7@210.7x1u | main:1-2-4@5.4x1u,5,3,2,108.0,0.492193908
5320231218010010,1,,1-2-4,0,,1200,0,-1200,main:1-4-5@2.2x6u | hole:3-4-7@39.2x1u | hole:1-3-7@22.9x1u | main:1-4-7@3.3x4u,4,2,2,110.0,0.826754084
5320231218010011,0,no_alternative_scenario,1-2-4,,,,,,,,,,,
5420230120010006,1,,2-3-6,1,hole,500,2140.0,1640.0,main:1-3-5@5.5x1u | hole:2-4-7@194.1x1u | hole:2-3-6@21.4x1u | hole:2-4-6@72.4x1u | main:1-5-7@6.4x1u,5,3,2,110.0,0.403761292
5420230120010007,1,,3-4-6,0,,600,0,-600,main:1-4-5@4.6x2u | hole:3-5-6@53.2x1u | hole:1-3-6@71.3x1u | hole:2-5-7@18.1x1u | main:1-2-5@6.9x1u,5,3,2,115.0,0.450389697
5420230120010008,1,,1-3-5,1,main,800,1180.0,380.0,main:1-4-5@3.5x3u | hole:1-2-3@68.6x1u | hole:2-3-4@47.9x1u | hole:1-3-6@154.1x1u | main:1-3-5@5.9x2u,5,3,2,131.25,0.49714919
5420230120010009,1,,1-5-7,0,,600,0,-600,main:1-4-5@3.2x2u | hole:3-4-6@7.6x1u | hole:2-6-7@117.9x1u | hole:1-6-7@243.3x1u | main:1-5-6@8.0x1u,5,3,2,106.666667,0.581670864
5420230120010010,1,,2-4-5,0,,300,0,-300,main:1-4-5@3.6x1u | hole:1-3-7@181.6x1u | main:1-2-5@4.5x1u,3,1,2,120.0,0.505506608
5420230120010011,1,,1-4-5,1,main,600,690.0,90.0,main:1-4-5@2.3x3u | hole:3-5-7@126.6x1u | main:1-5-7@3.5x2u,3,1,2,115.0,0.728395789
5420230127010008,1,,1-5-7,0,,800,0,-800,main:1-2-5@2.7x3u | hole:1-4-6@50.5x1u | hole:2-4-6@112.0x1u | hole:1-6-7@183.3x1u | main:1-3-5@4.8x2u,5,3,2,101.25,0.612889793
5420230127010009,1,,1-4-5,1,main,400,440.0,40.0,main:1-4-5@2.2x2u | hole:1-3-7@23.3x1u | main:1-3-5@5.9x1u,3,1,2,110.0,0.666955435
5420230127010010,1,,2-4-5,1,hole,800,2640.0,1840.0,main:1-5-7@3.4x3u | hole:2-3-5@53.1x1u | hole:2-4-5@26.4x1u | hole:1-4-6@247.0x1u | main:1-3-5@4.1x2u,5,3,2,102.5,0.598779849
5420230127010011,1,,2-5-6,0,,500,0,-500,main:1-3-5@4.0x2u | hole:1-2-4@32.3x1u | hole:1-4-7@52.3x1u | main:1-4-5@5.2x1u,4,2,2,104.0,0.492387904
5420230227010006,1,,2-5-7,1,hole,400,830.0,430.0,main:1-4-5@4.2x1u | hole:2-5-7@8.3x1u | hole:2-4-7@47.4x1u | main:1-2-5@4.9x1u,4,2,2,105.0,0.583755845
5420230227010007,1,,4-5-7,0,,500,0,-500,main:2-5-7@5.6x1u | hole:1-3-4@90.6x1u | hole:1-2-3@37.9x1u | hole:2-3-4@33.0x1u | main:2-4-7@5.7x1u,5,3,2,112.0,0.421735807
5420230227010008,1,,2-4-7,1,main,1300,1320.0,20.0,main:2-4-7@3.3x4u | hole:1-2-5@10.0x2u | hole:1-4-5@7.7x2u | hole:1-2-3@72.4x1u | main:1-2-4@3.8x4u,5,3,2,101.538462,0.809870482
5420230227010009,1,,2-4-5,0,,700,0,-700,main:1-2-5@4.0x2u | hole:1-3-6@26.1x1u | hole:2-3-6@69.7x1u | hole:1-4-6@183.7x1u | main:1-3-5@5.0x2u,5,3,2,114.285714,0.508105037
5420230227010010,1,,1-3-4,0,,700,0,-700,main:1-4-5@5.0x2u | hole:2-3-4@28.6x1u | hole:3-4-7@23.3x1u | hole:3-4-6@81.0x1u | main:1-3-5@5.6x2u,5,3,2,142.857143,0.468800597
5420230227010011,1,,1-3-7,1,main,500,640.0,140.0,main:3-5-7@6.4x1u | hole:1-4-6@10.8x1u | hole:2-5-6@107.8x1u | hole:4-5-6@60.7x1u | main:1-3-7@6.4x1u,5,3,2,128.0,0.430843495
5420230629010006,1,,1-5-7,0,,600,0,-600,main:1-4-5@4.2x2u | hole:2-3-4@47.9x1u | hole:3-5-6@162.5x1u | hole:2-3-5@52.5x1u | main:2-5-7@6.3x1u,5,3,2,105.0,0.442903689
5420230629010007,1,,2-4-7,1,main,800,840.0,40.0,main:2-4-5@4.6x2u | hole:3-4-7@11.9x1u | hole:2-3-7@5.6x2u | hole:1-2-6@70.5x1u | main:2-4-7@4.2x2u,5,3,2,105.0,0.732275982
5420230629010008,1,,1-4-5,1,main,1000,1110.0,110.0,main:1-3-5@2.9x4u | hole:3-4-7@47.8x1u | hole:2-3-6@116.3x1u | hole:1-2-4@122.6x1u | main:1-4-5@3.7x3u,5,3,2,111.0,0.652773418
5420230629010009,1,,4-5-7,0,,600,0,-600,main:2-4-5@4.2x2u | hole:1-3-4@112.5x1u | hole:1-3-5@72.8x1u | hole:1-5-7@7.1x1u | main:2-3-4@6.7x1u,5,3,2,111.666667,0.550819192
5420230629010010,1,,1-4-5,0,,300,0,-300,main:1-2-4@3.7x1u | hole:2-5-6@381.5x1u | main:1-4-7@5.0x1u,3,1,2,123.333333,0.472891502
5420230629010011,0,no_alternative_scenario,2-3-7,,,,,,,,,,,
5420230705010008,1,,1-2-3,0,,1100,0,-1100,main:1-3-5@2.0x6u | hole:1-4-7@33.5x1u | hole:2-3-4@63.3x1u | hole:4-6-7@389.8x1u | main:3-4-5@6.9x2u,5,3,2,109.090909,0.693141489
5420230705010009,1,,2-3-7,0,,1000,0,-1000,main:2-5-7@2.7x4u | hole:1-2-4@35.3x1u | hole:1-3-7@70.1x1u | hole:3-4-7@30.4x1u | main:2-4-5@3.5x3u,5,3,2,105.0,0.73157334
5420230705010010,1,,2-4-7,0,,700,0,-700,main:1-2-4@3.8x2u | hole:1-3-5@19.5x1u | hole:4-5-6@58.7x1u | hole:3-4-7@52.8x1u | main:1-4-5@5.1x2u,5,3,2,108.571429,0.546493546
5420230705010011,1,,4-5-7,1,main,2000,2150.0,150.0,main:1-4-5@1.7x12u | hole:3-4-7@21.7x1u | hole:3-5-7@44.6x1u | hole:5-6-7@195.8x1u | main:4-5-7@4.3x5u,5,3,2,102.0,0.89440516
5420230910010008,1,,2-3-5,1,hole,500,1450.0,950.0,main:1-4-5@5.6x1u | hole:2-3-5@14.5x1u | hole:3-4-6@28.4x1u | hole:3-5-6@49.6x1u | main:1-3-4@7.1x1u,5,3,2,112.0,0.443754574
5420230910010009,1,,1-2-4,0,,700,0,-700,main:1-2-7@2.7x3u | hole:1-4-6@91.6x1u | hole:2-4-6@144.7x1u | main:1-4-7@3.6x2u,4,2,2,102.857143,0.665976029
5420230910010010,1,,1-5-7,1,main,900,920.0,20.0,main:1-5-7@2.3x4u | hole:2-4-7@15.5x1u | hole:2-6-7@178.5x1u | hole:2-3-7@31.8x1u | main:1-2-7@4.7x2u,5,3,2,102.222222,0.749113477
5420230910010011,1,,2-3-5,0,,1100,0,-1100,main:1-2-4@2.5x5u | hole:4-6-7@314.2x1u | hole:3-4-6@392.8x1u | main:1-4-7@3.0x4u,4,2,2,109.090909,0.739061844
5420231027010006,1,,1-4-7,1,main,700,860.0,160.0,main:1-5-7@4.2x2u | hole:2-4-5@76.5x1u | hole:4-6-7@52.3x1u | hole:3-5-6@72.1x1u | main:1-4-7@4.3x2u,5,3,2,120.0,0.516715357
5420231027010007,1,,1-2-4,1,main,700,740.0,40.0,main:1-2-4@3.7x2u | hole:1-6-7@58.9x1u | hole:1-3-5@54.0x1u | hole:1-3-7@24.3x1u | main:1-4-6@3.8x2u,5,3,2,105.714286,0.610076876
5420231027010008,1,,1-3-7,0,,800,0,-800,main:1-2-7@2.9x3u | hole:1-4-5@55.0x1u | hole:1-3-6@425.3x1u | hole:1-5-6@245.3x1u | main:1-5-7@5.5x2u,5,3,2,108.75,0.551255509
5420231027010009,1,,3-4-7,1,main,600,820.0,220.0,main:3-4-7@4.1x2u | hole:1-5-7@27.1x1u | hole:1-3-6@43.7x1u | hole:1-4-6@100.8x1u | main:1-3-7@8.4x1u,5,3,2,136.666667,0.432654357
5420231027010010,1,,2-3-7,0,,800,0,-800,main:1-2-5@3.0x3u | hole:1-3-7@80.2x1u | hole:1-3-6@161.4x1u | hole:2-3-6@177.8x1u | main:1-5-6@5.8x2u,5,3,2,112.5,0.530036038
5420231027010011,1,,1-3-4,1,main,500,540.0,40.0,main:1-3-4@2.7x2u | hole:4-5-6@269.9x1u | main:1-4-6@2.9x2u,3,1,2,108.0,0.718903033
5420231214010008,1,,1-2-7,1,main,600,780.0,180.0,main:1-2-7@3.9x2u | hole:3-5-7@20.4x1u | hole:1-3-5@27.5x1u | hole:2-3-5@26.3x1u | main:1-5-7@6.1x1u,5,3,2,101.666667,0.543750741
5420231214010009,1,,1-4-7,1,main,1000,1050.0,50.0,main:1-4-7@2.1x5u | hole:2-3-7@10.5x1u | hole:3-5-7@69.8x1u | hole:3-4-6@475.5x1u | main:2-4-7@6.4x2u,5,3,2,105.0,0.744108268
5420231214010010,1,,1-4-7,1,main,800,900.0,100.0,main:1-4-7@3.0x3u | hole:2-4-6@27.4x1u | hole:4-5-6@52.9x1u | hole:1-3-5@17.6x1u | main:1-5-7@5.3x2u,5,3,2,112.5,0.634230702
5420231214010011,1,,1-4-5,1,main,900,920.0,20.0,main:1-4-5@2.3x4u | hole:2-5-6@97.6x1u | hole:2-3-5@68.3x1u | hole:2-5-7@86.1x1u | main:1-3-5@4.8x2u,5,3,2,102.222222,0.679617534
5520230622010006,1,,2-3-5,0,,700,0,-700,main:1-2-7@4.5x2u | hole:1-5-6@43.0x1u | hole:2-3-6@148.2x1u | hole:1-3-5@120.9x1u | main:1-5-7@4.4x2u,5,3,2,125.714286,0.4877697
5520230622010007,1,,2-3-7,1,hole,600,1590.0,990.0,main:2-4-5@4.4x2u | hole:1-4-6@28.4x1u | hole:3-4-7@22.7x1u | hole:2-3-7@15.9x1u | main:2-5-7@6.9x1u,5,3,2,115.0,0.514357476
5520230622010008,1,,3-5-7,0,,700,0,-700,main:2-5-7@4.8x2u | hole:1-2-4@16.3x1u | hole:1-3-5@37.1x1u | hole:1-4-7@39.4x1u | main:2-4-7@6.0x2u,5,3,2,137.142857,0.488684582
5520230622010009,1,,4-5-7,0,,1200,0,-1200,main:3-4-7@1.8x7u | hole:2-5-7@25.5x1u | hole:1-4-5@98.2x1u | hole:2-4-6@376.9x1u | main:3-4-5@7.1x2u,5,3,2,105.0,0.748452835
5520230622010010,1,,1-3-5,0,,600,0,-600,main:3-4-5@4.0x2u | hole:2-3-7@64.1x1u | hole:2-3-6@118.1x1u | main:3-5-6@5.0x2u,4,2,2,133.333333,0.474068025
5520230622010011,0,no_alternative_scenario,1-3-5,,,,,,,,,,,
5520230718010006,1,,1-5-7,0,,700,0,-700,main:1-2-5@4.2x2u | hole:1-6-7@20.1x1u | hole:1-4-7@37.4x1u | hole:2-6-7@144.4x1u | main:1-2-7@5.4x2u,5,3,2,120.0,0.506694843
5520230718010007,1,,3-4-5,1,main,700,900.0,200.0,main:3-4-5@4.5x2u | hole:2-4-7@19.8x1u | hole:2-5-7@21.1x1u | hole:2-5-6@192.4x1u | main:2-3-4@5.6x2u,5,3,2,128.571429,0.503889571
5520230718010008,1,,1-2-4,0,,500,0,-500,main:2-4-5@3.2x2u | hole:3-5-7@10.2x1u | hole:1-2-6@97.3x1u | main:2-4-6@6.1x1u,4,2,2,122.0,0.584751134
5520230718010009,1,,4-5-7,1,main,600,660.0,60.0,main:4-5-7@3.3x2u | hole:1-2-5@77.5x1u | hole:1-2-6@216.9x1u | main:1-4-5@4.4x2u,4,2,2,110.0,0.547816676
5520230718010010,1,,2-5-7,1,main,1200,1290.0,90.0,main:2-3-7@2.1x6u | hole:2-4-5@75.9x1u | hole:1-2-6@155.1x1u | hole:1-2-4@91.1x1u | main:2-5-7@4.3x3u,5,3,2,105.0,0.739348248
5520230718010011,1,,1-4-6,0,,900,0,-900,main:1-4-7@3.2x3u | hole:2-4-5@55.6x1u | hole:1-2-5@48.9x1u | hole:1-3-5@93.2x1u | main:1-3-4@3.7x3u,5,3,2,106.666667,0.631935393
5520230904010006,1,,1-3-5,1,main,700,1080.0,380.0,main:1-3-4@4.7x2u | hole:1-2-5@14.3x1u | hole:3-5-7@32.6x1u | hole:2-3-7@56.0x1u | main:1-3-5@5.4x2u,5,3,2,134.285714,0.516413202
5520230904010007,1,,1-6-7,0,,800,0,-800,main:1-5-7@3.2x3u | hole:2-4-5@111.0x1u | hole:3-4-7@66.8x1u | hole:2-3-7@25.2x1u | main:1-2-7@4.4x2u,5,3,2,110.0,0.603434336
5520230904010008,1,,1-4-7,0,,700,0,-700,main:1-2-7@4.5x2u | hole:1-3-4@19.8x1u | hole:1-3-5@57.8x1u | hole:3-6-7@567.2x1u | main:1-2-4@5.1x2u,5,3,2,128.571429,0.487869789
5520230904010009,1,,2-5-7,1,main,800,1140.0,340.0,main:2-4-5@3.0x3u | hole:1-2-7@11.5x1u | hole:1-3-7@30.1x1u | hole:2-3-7@37.1x1u | main:2-5-7@5.7x2u,5,3,2,112.5,0.655905221
5520230904010010,1,,1-3-7,1,main,800,1160.0,360.0,main:2-3-7@3.4x3u | hole:4-6-7@355.6x1u | hole:1-3-4@79.9x1u | hole:4-5-7@211.5x1u | main:1-3-7@5.8x2u,5,3,2,127.5,0.486587366
5520230904010011,1,,1-5-7,0,,800,0,-800,main:1-3-5@2.7x3u | hole:1-4-6@128.5x1u | hole:4-5-7@108.4x1u | hole:1-2-4@32.2x1u | main:1-4-5@5.3x2u,5,3,2,101.25,0.60711271
5520231014010008,0,no_alternative_scenario,3-5-7,,,,,,,,,,,
5520231014010009,0,no_alternative_scenario,2-5-7,,,,,,,,,,,
5520231014010010,1,,1-4-7,0,,800,0,-800,main:3-5-7@1.4x6u | hole:1-2-5@80.0x1u | main:1-5-7@8.8x1u,3,1,2,105.0,0.840422078
5520231014010011,1,,1-4-5,1,main,1000,1120.0,120.0,main:1-4-5@2.8x4u | hole:2-4-7@27.2x1u | hole:4-6-7@58.7x1u | hole:5-6-7@179.9x1u | main:4-5-7@3.9x3u,5,3,2,112.0,0.672912238
5520231023010006,1,,1-4-7,0,,800,0,-800,main:1-3-4@2.7x3u | hole:2-4-6@111.1x1u | hole:2-5-7@18.7x1u | hole:2-4-5@30.1x1u | main:1-2-4@4.4x2u,5,3,2,101.25,0.693342525
5520231023010007,1,,2-5-7,1,main,500,510.0,10.0,main:2-3-7@3.2x2u | hole:3-5-6@16.9x1u | hole:1-3-6@232.2x1u | main:2-5-7@5.1x1u,4,2,2,102.0,0.572056661
5520231023010008,0,no_alternative_scenario,1-2-4,,,,,,,,,,,
5520231023010009,1,,2-5-7,1,main,900,1000.0,100.0,main:2-5-7@2.0x5u | hole:4-6-7@177.1x1u | hole:3-6-7@120.4x1u | main:3-5-7@5.8x2u,4,2,2,111.111111,0.686365968
5520231023010010,1,,3-5-7,1,hole,800,1310.0,510.0,main:1-4-7@3.0x3u | hole:3-5-7@13.1x1u | hole:2-5-7@39.7x1u | hole:3-4-5@149.6x1u | main:1-3-7@4.2x2u,5,3,2,105.0,0.679637858
5520231023010011,1,,3-4-5,0,,400,0,-400,main:3-4-7@2.2x2u | hole:2-6-7@366.2x1u | main:1-3-4@4.3x1u,3,1,2,107.5,0.689834342
5520231128010006,1,,2-4-7,0,,800,0,-800,main:2-3-7@3.0x3u | hole:4-5-7@59.3x1u | hole:2-4-5@19.1x1u | hole:4-6-7@73.7x1u | main:2-5-7@6.3x2u,5,3,2,112.5,0.57485144
5520231128010007,1,,3-5-7,0,,500,0,-500,main:1-3-5@5.6x1u | hole:4-5-7@32.6x1u | hole:2-5-6@22.4x1u | hole:2-4-5@24.4x1u | main:3-4-5@6.0x1u,5,3,2,112.0,0.461539406
5520231128010008,1,,2-4-7,0,,500,0,-500,main:2-5-7@5.5x1u | hole:3-5-6@27.6x1u | hole:4-5-6@34.6x1u | hole:3-6-7@108.8x1u | main:1-5-6@8.9x1u,5,3,2,110.0,0.368502527
5520231128010009,1,,1-2-4,1,main,700,1180.0,480.0,main:1-5-7@4.3x2u | hole:1-3-4@19.2x1u | hole:3-4-6@58.1x1u | hole:2-3-6@69.0x1u | main:1-2-4@5.9x2u,5,3,2,122.857143,0.485837456
5520231128010010,1,,3-4-7,1,main,800,850.0,50.0,main:3-4-7@1.7x5u | hole:2-3-5@72.6x1u | main:3-4-5@4.5x2u,3,1,2,106.25,0.824231621
5520231128010011,0,no_alternative_scenario,1-3-4,,,,,,,,,,,
5620230209010006,1,,1-2-5,1,hole,1200,1540.0,340.0,main:1-4-7@2.2x6u | hole:1-2-5@7.7x2u | hole:2-4-5@12.4x1u | hole:2-5-7@35.5x1u | main:1-4-5@6.1x2u,5,3,2,101.666667,0.857164186
5620230209010007,1,,3-5-7,0,,700,0,-700,main:1-3-5@3.8x2u | hole:1-2-4@21.3x1u | hole:2-3-4@21.7x1u | hole:2-4-7@69.3x1u | main:3-4-5@5.9x2u,5,3,2,108.571429,0.540110741
5620230209010008,1,,1-5-7,1,main,600,620.0,20.0,main:1-4-7@4.3x2u | hole:1-5-6@67.2x1u | hole:1-3-6@219.7x1u | hole:4-5-6@164.2x1u | main:1-5-7@6.2x1u,5,3,2,103.333333,0.41937121
5620230209010009,1,,1-4-7,0,,700,0,-700,main:1-3-5@4.1x2u | hole:2-5-7@25.5x1u | hole:4-6-7@159.3x1u | hole:2-4-7@41.6x1u | main:3-4-5@5.2x2u,5,3,2,117.142857,0.505741743
5620230209010010,1,,2-3-4,1,hole,700,900.0,200.0,main:1-2-5@4.3x2u | hole:2-3-4@9.0x1u | hole:3-4-5@35.0x1u | hole:1-3-4@32.6x1u | main:2-3-5@6.0x2u,5,3,2,122.857143,0.569582193
5620230209010011,1,,1-3-5,0,,500,0,-500,main:1-4-5@1.7x3u | hole:2-3-5@48.9x1u | main:1-2-5@5.5x1u,3,1,2,102.0,0.790503374
5620230214010006,1,,4-5-7,0,,700,0,-700,main:2-5-7@3.6x2u | hole:1-4-7@52.0x1u | hole:2-3-4@66.7x1u | hole:4-5-6@328.0x1u | main:1-2-5@4.0x2u,5,3,2,102.857143,0.565049831
5620230214010007,1,,2-4-5,0,,1800,0,-1800,main:3-4-5@1.4x13u | hole:2-5-7@18.6x1u | hole:1-5-7@54.7x1u | hole:1-4-6@267.0x1u | main:3-5-7@11.5x2u,5,3,2,101.111111,0.877032531
5620230214010008,1,,1-6-7,0,,700,0,-700,main:3-4-7@4.6x2u | hole:1-2-4@22.6x1u | hole:1-2-7@22.8x1u | hole:1-2-6@66.1x1u | main:2-3-7@5.3x2u,5,3,2,131.428571,0.509306579
5620230214010009,1,,1-2-5,0,,3900,0,-3900,main:2-4-5@1.4x28u | hole:1-2-7@21.3x2u | hole:2-6-7@149.9x1u | hole:2-3-7@161.4x1u | main:2-5-7@5.7x7u,5,3,2,100.512821,0.949539569
5620230214010010,1,,2-3-5,0,,1300,0,-1300,main:1-5-7@1.7x8u | hole:2-4-5@37.9x1u | hole:2-3-7@160.9x1u | hole:2-3-4@32.7x1u | main:1-2-5@8.3x2u,5,3,2,104.615385,0.771898526
5620230214010011,1,,1-4-6,1,main,800,820.0,20.0,main:1-4-7@3.1x3u | hole:1-2-5@186.5x1u | hole:2-6-7@636.4x1u | hole:2-5-6@636.4x1u | main:1-4-6@4.1x2u,5,3,2,102.5,0.574987692
5620230505010006,1,,1-3-4,1,hole,700,1190.0,490.0,main:2-5-7@3.8x2u | hole:1-3-4@11.9x1u | hole:1-3-5@41.1x1u | hole:3-4-5@70.0x1u | main:1-4-5@4.5x2u,5,3,2,108.571429,0.608030345
5620230505010007,1,,1-2-5,0,,800,0,-800,main:1-5-7@3.5x3u | hole:2-3-7@87.9x1u | hole:2-3-5@35.5x1u | hole:2-3-6@305.1x1u | main:1-2-7@5.3x2u,5,3,2,131.25,0.517216723
5620230505010008,0,no_alternative_scenario,1-3-5,,,,,,,,,,,
5620230505010009,0,no_alternative_scenario,1-3-7,,,,,,,,,,,
5620230505010010,0,no_alternative_scenario,2-3-7,,,,,,,,,,,
5620230505010011,1,,1-4-5,1,main,700,820.0,120.0,main:1-4-5@4.1x2u | hole:3-4-7@34.6x1u | hole:4-6-7@128.1x1u | hole:2-4-7@73.2x1u | main:3-4-5@4.8x2u,5,3,2,117.142857,0.50260511
5620230604010006,1,,1-2-7,1,main,1300,1400.0,100.0,main:1-4-7@3.0x5u | hole:1-2-5@9.6x2u | hole:1-2-3@37.3x1u | hole:2-5-7@15.6x1u | main:1-2-7@3.5x4u,5,3,2,107.692308,0.814126501
5620230604010007,1,,1-4-7,1,hole,600,1200.0,600.0,main:2-4-5@4.5x2u | hole:1-4-7@12.0x1u | hole:3-6-7@58.0x1u | hole:3-5-6@38.3x1u | main:4-5-7@6.5x1u,5,3,2,108.333333,0.502752749
5620230604010008,1,,1-3-4,0,,800,0,-800,main:3-4-7@3.3x3u | hole:1-2-7@52.5x1u | hole:2-5-7@174.4x1u | hole:2-6-7@396.5x1u | main:2-3-7@4.8x2u,5,3,2,120.0,0.538667268
5620230604010009,1,,1-2-4,0,,1000,0,-1000,main:1-4-7@1.7x6u | hole:2-4-5@247.8x1u | main:1-3-4@3.9x3u,3,1,2,102.0,0.848681063
5620230604010010,1,,1-2-6,0,,900,0,-900,main:1-2-7@2.4x4u | hole:2-3-5@130.5x1u | hole:1-4-6@159.1x1u | hole:1-5-6@60.9x1u | main:2-5-7@4.7x2u,5,3,2,104.444444,0.659801176
5620230604010011,1,,2-4-6,0,,300,0,-300,main:2-3-4@3.3x1u | hole:1-4-5@22.8x1u | main:3-4-5@4.5x1u,3,1,2,110.0,0.569112174
5620230802010006,1,,2-4-7,1,main,500,560.0,60.0,main:2-4-7@2.8x2u | hole:1-6-7@155.4x1u | main:4-5-7@3.5x2u,3,1,2,112.0,0.649292149
5620230802010007,1,,1-4-5,0,,700,0,-700,main:1-3-5@4.8x2u | hole:1-4-6@13.3x1u | hole:3-4-6@87.8x1u | hole:4-5-7@31.8x1u | main:3-4-5@5.6x2u,5,3,2,137.142857,0.504928794
5620230802010008,1,,3-5-7,1,main,700,720.0,20.0,main:3-5-7@2.4x3u | hole:1-3-4@16.0x1u | hole:1-4-7@23.7x1u | main:3-4-7@5.3x2u,4,2,2,102.857143,0.710040005
5620230802010009,1,,3-4-5,0,,800,0,-800,main:3-4-7@2.8x3u | hole:2-4-6@204.5x1u | hole:1-2-4@79.9x1u | main:2-3-4@2.9x3u,4,2,2,105.0,0.719376063
5620230802010010,1,,1-5-7,0,,800,0,-800,main:1-4-5@2.2x4u | hole:3-5-6@296.3x1u | hole:5-6-7@237.1x1u | main:2-4-5@4.1x2u,4,2,2,102.5,0.706040481
5620230802010011,1,,3-4-5,0,,1100,0,-1100,main:2-3-4@2.0x6u | hole:4-5-7@178.9x1u | hole:1-3-5@71.7x1u | hole:4-5-6@421.5x1u | main:2-4-7@5.7x2u,5,3,2,103.636364,0.697347792
5620230825010006,1,,1-4-7,1,main,1000,1080.0,80.0,main:1-5-7@3.0x4u | hole:1-2-4@61.6x1u | hole:1-4-6@107.5x1u | hole:4-6-7@78.1x1u | main:1-4-7@3.6x3u,5,3,2,108.0,0.6494513
5620230825010007,1,,3-6-7,1,hole,600,2000.0,1400.0,main:1-4-7@3.1x2u | hole:3-6-7@20.0x1u | hole:3-5-7@34.0x1u | hole:1-3-5@51.2x1u | main:1-3-7@7.2x1u,5,3,2,103.333333,0.560412549
5620230825010008,1,,2-5-7,1,main,400,580.0,180.0,main:2-5-7@2.9x2u | hole:1-4-5@13.2x1u | main:1-2-7@6.4x1u,3,1,2,145.0,0.576835162
5620230825010009,1,,1-4-7,0,,900,0,-900,main:1-4-5@2.3x4u | hole:1-3-6@209.3x1u | hole:2-3-5@143.2x1u | hole:1-2-6@302.3x1u | main:3-4-5@6.9x2u,5,3,2,102.222222,0.594779188
5620230825010010,1,,3-4-7,0,,300,0,-300,main:1-3-7@3.4x1u | hole:2-3-4@69.1x1u | main:3-5-7@5.2x1u,3,1,2,113.333333,0.500897119
5620230825010011,1,,1-2-4,0,,400,0,-400,main:1-5-7@2.1x2u | hole:3-6-7@126.3x1u | main:1-2-7@4.5x1u,3,1,2,105.0,0.706330355
6120230220010008,1,,3-4-5,0,,600,0,-600,main:1-4-7@4.0x2u | hole:3-5-7@30.2x1u | hole:2-3-7@17.3x1u | hole:4-5-6@112.8x1u | main:1-4-5@6.2x1u,5,3,2,103.333333,0.511071622
6120230220010009,1,,1-2-4,0,,800,0,-800,main:2-3-4@3.2x3u | hole:2-6-7@165.9x1u | hole:3-6-7@201.0x1u | hole:1-2-7@23.4x1u | main:2-4-7@5.9x2u,5,3,2,120.0,0.53572942
6120230220010010,1,,2-5-7,1,main,900,960.0,60.0,main:2-5-7@2.4x4u | hole:3-4-7@27.6x1u | hole:1-5-6@25.8x1u | hole:3-6-7@145.5x1u | main:1-5-7@5.4x2u,5,3,2,106.666667,0.683716278
6120230220010011,0,no_alternative_scenario,3-5-7,,,,,,,,,,,
6120230304010006,1,,1-5-7,0,,700,0,-700,main:3-5-7@2.5x3u | hole:1-4-7@13.1x1u | hole:1-2-4@25.7x1u | hole:1-3-4@85.8x1u | main:2-5-7@8.8x1u,5,3,2,107.142857,0.640537759
6120230304010007,1,,1-2-7,0,,600,0,-600,main:2-3-7@3.3x2u | hole:1-3-4@14.7x1u | hole:3-4-6@57.5x1u | hole:1-3-5@74.1x1u | main:3-4-7@6.1x1u,5,3,2,101.666667,0.565878521
6120230304010008,1,,3-4-7,0,,800,0,-800,main:3-5-7@2.9x3u | hole:2-3-4@13.3x1u | hole:1-4-6@78.7x1u | hole:1-5-6@216.9x1u | main:1-3-7@5.2x2u,5,3,2,108.75,0.629640148
6120230304010009,1,,1-5-7,0,,600,0,-600,main:1-2-5@3.3x2u | hole:2-3-6@14.7x1u | hole:1-3-6@42.1x1u | hole:1-4-6@48.5x1u | main:2-5-6@6.4x1u,5,3,2,106.666667,0.57167904
6120230304010010,1,,2-5-7,0,,700,0,-700,main:2-4-7@2.7x3u | hole:1-3-7@37.2x1u | hole:1-2-3@19.4x1u | main:1-2-7@3.6x2u,4,2,2,102.857143,0.72657626
6120230304010011,1,,1-2-7,0,,600,0,-600,main:2-3-7@3.2x2u | hole:2-4-6@21.5x1u | hole:1-4-7@71.1x1u | main:1-3-7@4.0x2u,4,2,2,106.666667,0.623076326
6120230403010006,1,,2-5-7,0,,1000,0,-1000,main:1-2-7@2.1x5u | hole:1-4-5@15.8x1u | hole:1-3-4@102.1x1u | hole:3-4-6@396.3x1u | main:1-2-5@7.4x2u,5,3,2,105.0,0.686934411
6120230403010007,1,,1-3-7,1,main,800,840.0,40.0,main:1-3-7@2.8x3u | hole:4-5-7@73.3x1u | hole:4-6-7@137.2x1u | hole:3-5-6@182.3x1u | main:1-5-7@4.6x2u,5,3,2,105.0,0.60095082
6120230403010008,1,,1-2-5,0,,900,0,-900,main:2-5-7@2.6x4u | hole:3-4-7@19.3x1u | hole:1-3-4@324.3x1u | hole:3-6-7@170.9x1u | main:2-3-5@5.0x2u,5,3,2,111.111111,0.645363796
6120230403010009,1,,1-3-4,0,,900,0,-900,main:1-2-3@2.5x4u | hole:1-4-6@42.0x1u | hole:4-5-6@576.5x1u | hole:3-4-6@122.0x1u | main:1-3-5@4.6x2u,5,3,2,102.222222,0.651132155
6120230403010010,1,,1-4-5,0,,900,0,-900,main:3-4-5@2.3x4u | hole:1-3-6@165.2x1u | hole:1-3-7@136.1x1u | hole:3-6-7@442.5x1u | main:1-3-5@4.7x2u,5,3,2,102.222222,0.66320926
6120230403010011,1,,2-5-6,0,,400,0,-400,main:2-3-5@2.4x2u | hole:1-3-4@30.6x1u | main:1-2-5@6.7x1u,3,1,2,120.0,0.598600137
6120230518010008,1,,1-2-4,1,hole,700,1290.0,590.0,main:2-3-5@3.0x3u | hole:1-2-4@12.9x1u | hole:1-3-4@22.5x1u | hole:1-4-5@18.4x1u | main:1-3-5@7.1x1u,5,3,2,101.428571,0.650490054
6120230518010009,1,,1-2-7,0,,900,0,-900,main:1-2-5@3.3x3u | hole:1-4-7@28.2x1u | hole:1-4-6@196.1x1u | hole:1-3-4@161.1x1u | main:1-4-5@3.3x3u,5,3,2,110.0,0.652828363
6120230518010010,1,,1-2-7,0,,1200,0,-1200,main:1-4-7@2.7x5u | hole:2-6-7@395.7x1u | hole:2-3-7@127.9x1u | hole:5-6-7@58.0x1u | main:1-5-7@3.1x4u,5,3,2,103.333333,0.72053817
6120230518010011,1,,3-4-5,0,,300,0,-300,main:3-4-6@3.5x1u | hole:1-6-7@389.1x1u | main:2-3-4@3.9x1u,3,1,2,116.666667,0.544694576
6120230529010006,1,,1-2-7,0,,700,0,-700,main:2-4-7@4.9x2u | hole:2-3-5@25.0x1u | hole:3-6-7@31.0x1u | hole:2-3-6@37.7x1u | main:2-3-7@5.1x2u,5,3,2,140.0,0.498943327
6120230529010007,1,,1-5-7,0,,500,0,-500,main:1-3-7@6.1x1u | hole:2-5-6@29.9x1u | hole:1-2-5@8.6x1u | hole:2-3-6@34.3x1u | main:1-2-7@6.7x1u,5,3,2,122.0,0.492066562
6120230529010008,1,,1-3-5,1,main,600,740.0,140.0,main:3-4-7@4.0x2u | hole:1-2-5@18.1x1u | hole:1-4-5@26.8x1u | hole:1-5-7@24.9x1u | main:1-3-5@7.4x1u,5,3,2,123.333333,0.517857829
6120230529010009,1,,1-3-7,1,main,400,500.0,100.0,main:1-3-7@2.5x2u | hole:2-3-4@10.3x1u | main:1-3-4@5.7x1u,3,1,2,125.0,0.672525975
6120230529010010,1,,1-3-5,0,,500,0,-500,main:1-3-4@6.2x1u | hole:3-5-7@10.7x1u | hole:4-5-6@84.4x1u | hole:2-3-5@25.4x1u | main:1-4-7@7.7x1u,5,3,2,124.0,0.435836816
6120230529010011,1,,1-2-4,0,,700,0,-700,main:1-4-5@1.9x4u | hole:3-5-6@108.9x1u | main:1-2-5@5.0x2u,3,1,2,108.571429,0.735498526
6120230606010006,1,,1-5-7,0,,300,0,-300,main:1-2-7@5.4x1u | hole:2-3-4@20.3x1u | main:1-3-7@5.5x1u,3,1,2,180.0,0.416264451
6120230606010007,1,,2-3-7,0,,600,0,-600,main:2-3-5@4.4x2u | hole:3-4-7@11.0x1u | hole:1-4-6@177.9x1u | hole:1-4-7@164.1x1u | main:2-5-7@6.4x1u,5,3,2,106.666667,0.486146799
6120230606010008,1,,1-4-5,1,main,700,820.0,120.0,main:1-4-5@4.1x2u | hole:2-3-4@38.3x1u | hole:2-3-7@64.0x1u | hole:2-3-5@58.6x1u | main:1-2-5@4.4x2u,5,3,2,117.142857,0.529974673
6120230606010009,1,,3-5-6,1,hole,700,1190.0,490.0,main:1-5-7@4.0x2u | hole:3-5-6@11.9x1u | hole:2-3-5@17.6x1u | hole:2-4-5@121.2x1u | main:3-5-7@4.9x2u,5,3,2,114.285714,0.603184253
6120230606010010,1,,2-4-7,0,,600,0,-600,main:2-5-7@2.2x3u | hole:1-3-7@47.5x1u | hole:3-6-7@138.2x1u | main:2-3-7@7.2x1u,4,2,2,110.0,0.621722865
6120230606010011,1,,1-4-5,1,main,400,420.0,20.0,main:1-4-5@2.1x2u | hole:1-3-7@62.4x1u | main:1-2-5@4.3x1u,3,1,2,105.0,0.724774257
6120230710010006,1,,1-2-7,1,main,500,640.0,140.0,main:1-2-7@6.4x1u | hole:2-3-4@10.1x1u | hole:3-4-6@44.8x1u | hole:3-6-7@22.8x1u | main:2-4-7@8.2x1u,5,3,2,128.0,0.443392198
6120230710010007,1,,2-3-4,0,,700,0,-700,main:1-2-5@4.5x2u | hole:1-3-4@32.6x1u | hole:1-3-6@58.3x1u | hole:1-3-7@24.1x1u | main:1-2-3@5.8x2u,5,3,2,128.571429,0.483957297
6120230710010008,1,,2-3-7,1,main,600,720.0,120.0,main:2-3-7@3.6x2u | hole:3-5-6@16.1x1u | hole:1-3-4@35.1x1u | hole:1-4-5@125.9x1u | main:1-2-7@7.7x1u,5,3,2,120.0,0.506192549
6120230710010009,1,,3-5-7,0,,1000,0,-1000,main:3-5-6@2.7x4u | hole:1-2-5@42.4x1u | hole:1-6-7@248.9x1u | hole:4-5-7@135.1x1u | main:2-3-5@3.5x3u,5,3,2,105.0,0.691089164
6120230710010010,1,,2-3-7,0,,400,0,-400,main:1-5-7@2.3x2u | hole:2-4-5@93.0x1u | main:1-4-5@4.2x1u,3,1,2,105.0,0.683630535
6120230710010011,1,,3-5-7,0,,600,0,-600,main:1-4-7@1.6x4u | hole:3-5-6@72.4x1u | main:1-3-7@10.3x1u,3,1,2,106.666667,0.735899533
6120230720010006,1,,1-2-5,0,,600,0,-600,main:3-5-7@3.9x2u | hole:1-5-6@40.2x1u | hole:2-6-7@67.4x1u | hole:2-5-6@62.9x1u | main:1-4-5@7.0x1u,5,3,2,116.666667,0.454878068
6120230720010007,1,,1-3-7,1,main,800,840.0,40.0,main:1-3-7@2.8x3u | hole:1-2-4@73.8x1u | hole:2-4-6@308.7x1u | hole:1-2-6@201.7x1u | main:1-3-4@6.2x2u,5,3,2,105.0,0.540180564
6120230720010008,1,,1-3-7,1,main,1000,1350.0,350.0,main:1-3-6@2.6x4u | hole:3-4-7@30.4x1u | hole:2-3-7@34.8x1u | hole:4-6-7@182.7x1u | main:1-3-7@4.5x3u,5,3,2,104.0,0.67394143
6120230720010009,1,,1-2-4,1,main,700,800.0,100.0,main:1-2-4@4.0x2u | hole:2-6-7@190.9x1u | hole:2-5-7@9.5x1u | hole:3-4-7@272.2x1u | main:1-4-5@5.6x2u,5,3,2,114.285714,0.5427467
6120230720010010,1,,2-3-7,1,main,1000,1050.0,50.0,main:2-3-7@2.1x5u | hole:1-2-4@47.3x1u | hole:5-6-7@482.7x1u | hole:2-5-6@127.0x1u | main:1-2-7@5.7x2u,5,3,2,105.0,0.682716418
6120230720010011,1,,3-5-7,1,main,500,520.0,20.0,main:2-3-7@2.6x2u | hole:2-5-6@10.1x1u | hole:2-4-5@59.0x1u | main:3-5-7@5.2x1u,4,2,2,104.0,0.69288213
6120230726010006,1,,1-3-7,1,main,800,1000.0,200.0,main:2-3-7@3.4x3u | hole:1-2-4@25.5x1u | hole:1-3-4@48.2x1u | hole:1-2-5@31.7x1u | main:1-3-7@5.0x2u,5,3,2,125.0,0.585625963
6120230726010007,1,,3-4-5,1,main,1000,1100.0,100.0,main:3-4-7@2.1x5u | hole:2-3-5@16.7x1u | hole:2-4-5@19.5x1u | hole:2-5-7@55.5x1u | main:3-4-5@5.5x2u,5,3,2,105.0,0.787188967
6120230726010008,1,,1-3-5,0,,1100,0,-1100,main:3-5-7@2.5x5u | hole:1-2-5@142.7x1u | hole:1-2-7@92.6x1u | hole:1-3-4@151.4x1u | main:1-5-7@4.0x3u,5,3,2,109.090909,0.674411864
6120230726010009,1,,2-3-5,0,,700,0,-700,main:1-3-5@3.6x2u | hole:2-4-5@55.6x1u | hole:3-6-7@112.7x1u | hole:1-6-7@29.0x1u | main:3-5-7@5.0x2u,5,3,2,102.857143,0.539119262
6120230726010010,1,,1-3-5,0,,700,0,-700,main:1-2-5@3.8x2u | hole:2-4-7@16.6x1u | hole:1-4-7@35.3x1u | hole:4-5-7@82.3x1u | main:1-5-7@4.2x2u,5,3,2,108.571429,0.601973377
6120230726010011,1,,1-4-7,1,hole,1300,5870.0,4570.0,main:1-3-5@2.2x6u | hole:4-5-7@21.2x1u | hole:1-4-7@58.7x1u | hole:3-6-7@67.7x1u | main:3-5-7@3.4x4u,5,3,2,101.538462,0.827639737
6120230731010008,1,,1-2-5,0,,700,0,-700,main:1-5-7@4.0x2u | hole:2-4-7@16.6x1u | hole:2-4-5@26.8x1u | hole:3-4-5@61.4x1u | main:1-4-5@4.0x2u,5,3,2,114.285714,0.613841042
6120230731010009,1,,1-4-7,1,main,700,940.0,240.0,main:1-4-7@4.7x2u | hole:2-3-5@17.7x1u | hole:3-4-5@68.1x1u | hole:1-3-5@9.6x1u | main:1-3-7@4.7x2u,5,3,2,134.285714,0.600880045
6120230731010010,1,,1-3-7,0,,1200,0,-1200,main:1-4-5@1.8x7u | hole:1-2-7@34.6x1u | hole:2-5-7@14.1x1u | hole:2-4-7@51.9x1u | main:1-5-7@6.4x2u,5,3,2,105.0,0.830897098
6120230731010011,1,,1-2-7,1,main,800,960.0,160.0,main:1-2-7@3.2x3u | hole:4-5-7@138.4x1u | hole:2-3-4@103.8x1u | hole:4-6-7@216.8x1u | main:2-5-7@4.6x2u,5,3,2,115.0,0.551363195
6120230808010008,1,,1-2-7,1,main,1200,1320.0,120.0,main:1-3-7@2.5x5u | hole:4-5-7@234.3x1u | hole:5-6-7@199.2x1u | hole:2-5-6@612.9x1u | main:1-2-7@3.3x4u,5,3,2,104.166667,0.713950003
6120230808010009,1,,1-3-4,1,main,600,760.0,160.0,main:1-3-4@3.8x2u | hole:1-6-7@54.4x1u | hole:1-2-7@35.8x1u | hole:4-5-6@246.2x1u | main:1-5-6@6.5x1u,5,3,2,108.333333,0.467381101
6120230808010010,1,,1-2-4,1,main,600,630.0,30.0,main:1-4-7@4.9x2u | hole:3-6-7@13.1x1u | hole:2-3-7@23.3x1u | hole:3-5-7@27.9x1u | main:1-2-4@6.3x1u,5,3,2,105.0,0.517908418
6120230808010011,1,,1-3-5,1,hole,900,2670.0,1770.0,main:2-4-7@2.3x4u | hole:1-5-7@15.5x1u | hole:1-3-5@26.7x1u | hole:2-3-5@54.6x1u | main:2-5-7@5.4x2u,5,3,2,102.222222,0.740252125
6120230907010006,1,,1-3-7,1,main,700,840.0,140.0,main:1-3-7@2.8x3u | hole:2-3-5@9.2x1u | hole:2-5-6@17.4x1u | hole:1-2-5@18.9x1u | main:2-5-7@7.5x1u,5,3,2,107.142857,0.70955316
6120230907010007,1,,1-4-6,0,,700,0,-700,main:1-2-5@4.2x2u | hole:2-3-7@8.6x1u | hole:2-3-6@24.6x1u | hole:2-6-7@33.7x1u | main:1-4-5@4.2x2u,5,3,2,120.0,0.662793543
6120230907010008,1,,1-4-5,0,,500,0,-500,main:2-4-7@5.6x1u | hole:1-3-4@27.6x1u | hole:1-4-6@113.0x1u | hole:1-5-6@374.3x1u | main:1-2-7@5.6x1u,5,3,2,112.0,0.404895952
6120230907010009,1,,1-4-5,0,,800,0,-800,main:1-3-7@2.9x3u | hole:5-6-7@52.7x1u | hole:4-6-7@93.6x1u | hole:4-5-7@61.5x1u | main:3-4-7@6.6x2u,5,3,2,108.75,0.542261993
6120230907010010,1,,2-4-5,0,,700,0,-700,main:2-5-6@3.8x2u | hole:1-2-4@15.0x1u | hole:4-5-7@145.5x1u | hole:1-5-7@101.0x1u | main:1-2-5@4.4x2u,5,3,2,108.571429,0.573871131
6120230907010011,1,,1-3-5,1,main,700,800.0,100.0,main:1-2-5@3.8x2u | hole:4-5-7@158.8x1u | hole:3-4-7@135.9x1u | hole:3-5-6@228.5x1u | main:1-3-5@4.0x2u,5,3,2,108.571429,0.531189843
6120231005010006,1,,2-3-4,0,,600,0,-600,main:1-3-5@3.6x2u | hole:2-4-5@24.5x1u | hole:4-5-6@189.7x1u | main:3-4-5@4.2x2u,4,2,2,120.0,0.561960824
6120231005010007,1,,1-3-5,0,,400,0,-400,main:1-4-5@4.3x1u | hole:3-5-7@35.5x1u | hole:3-4-7@13.1x1u | main:1-3-7@4.6x1u,4,2,2,107.5,0.554454336
6120231005010008,1,,1-2-4,0,,900,0,-900,main:1-4-5@2.4x4u | hole:2-3-4@115.2x1u | hole:1-2-3@84.1x1u | main:1-4-7@3.5x3u,4,2,2,106.666667,0.722952114
6120231005010009,1,,1-5-7,0,,700,0,-700,main:3-4-7@4.3x2u | hole:2-6-7@67.4x1u | hole:2-3-6@28.5x1u | hole:2-4-6@46.9x1u | main:2-3-4@4.8x2u,5,3,2,122.857143,0.512137949
6120231005010010,1,,2-3-5,1,main,900,1020.0,120.0,main:2-3-5@3.4x3u | hole:2-6-7@76.5x1u | hole:1-5-7@58.6x1u | hole:5-6-7@112.0x1u | main:2-5-7@3.9x3u,5,3,2,113.333333,0.589593217
6120231005010011,1,,2-4-7,1,main,800,810.0,10.0,main:2-4-7@2.7x3u | hole:3-5-6@204.9x1u | hole:1-6-7@327.9x1u | hole:3-6-7@90.0x1u | main:3-4-7@5.7x2u,5,3,2,101.25,0.564850218
6120231026010006,1,,1-5-7,1,main,800,900.0,100.0,main:1-2-7@3.4x3u | hole:1-3-5@58.0x1u | hole:5-6-7@172.2x1u | hole:4-6-7@315.8x1u | main:1-5-7@4.5x2u,5,3,2,112.5,0.542555011
6120231026010007,1,,1-4-7,0,,600,0,-600,main:1-5-7@4.1x2u | hole:2-3-5@18.6x1u | hole:3-5-6@44.3x1u | hole:2-3-4@115.4x1u | main:3-4-5@8.3x1u,5,3,2,136.666667,0.449386682
6120231026010008,1,,1-3-4,0,,600,0,-600,main:1-2-5@2.2x3u | hole:1-3-7@28.2x1u | hole:1-3-6@33.3x1u | main:1-2-3@7.2x1u,4,2,2,110.0,0.658925366
6120231026010009,1,,1-3-5,1,main,900,1080.0,180.0,main:3-5-7@2.4x4u | hole:1-3-4@14.1x1u | hole:1-2-3@20.1x1u | hole:4-6-7@444.8x1u | main:1-3-5@5.4x2u,5,3,2,106.666667,0.724773283
6120231026010010,0,no_alternative_scenario,1-2-7,,,,,,,,,,,
6120231026010011,1,,3-5-7,1,hole,1000,3310.0,2310.0,main:1-2-5@2.7x4u | hole:3-5-7@33.1x1u | hole:3-4-5@76.3x1u | hole:2-3-7@45.1x1u | main:2-3-5@3.5x3u,5,3,2,105.0,0.721575245
6120231118010006,1,,1-5-7,1,main,900,1020.0,120.0,main:1-4-7@3.4x3u | hole:1-2-6@89.1x1u | hole:2-3-5@27.6x1u | hole:1-5-6@183.1x1u | main:1-5-7@3.4x3u,5,3,2,113.333333,0.641152019
6120231118010007,1,,1-3-7,0,,400,0,-400,main:1-3-5@4.8x1u | hole:2-5-7@59.1x1u | hole:1-4-6@304.0x1u | main:1-3-4@7.0x1u,4,2,2,120.0,0.371400424
6120231118010008,1,,1-2-4,1,main,400,430.0,30.0,main:1-3-4@2.2x2u | hole:1-5-6@308.3x1u | main:1-2-4@4.3x1u,3,1,2,107.5,0.690347188
6120231118010009,1,,2-6-7,0,,800,0,-800,main:2-3-5@3.0x3u | hole:1-3-7@23.3x1u | hole:3-4-7@120.6x1u | hole:1-3-6@220.1x1u | main:3-5-7@4.1x2u,5,3,2,102.5,0.632989491
6120231118010010,1,,2-4-5,1,main,900,960.0,60.0,main:2-4-5@1.6x6u | hole:1-2-3@208.7x1u | main:2-3-4@5.0x2u,3,1,2,106.666667,0.829791567
6120231118010011,0,no_alternative_scenario,1-2-7,,,,,,,,,,,
6120231127010006,1,,1-4-5,1,main,900,920.0,20.0,main:1-4-5@2.3x4u | hole:3-4-7@31.5x1u | hole:1-3-7@16.6x1u | hole:1-2-6@54.5x1u | main:1-3-4@6.6x2u,5,3,2,102.222222,0.69663338
6120231127010007,1,,1-5-7,1,main,1000,1040.0,40.0,main:1-5-7@2.6x4u | hole:3-4-5@22.7x1u | hole:1-3-4@15.9x1u | hole:1-2-6@91.7x1u | main:1-3-5@3.4x3u,5,3,2,102.0,0.796584102
6120231127010008,1,,1-4-7,1,main,1000,1140.0,140.0,main:1-4-7@3.8x3u | hole:1-3-5@5.7x2u | hole:1-5-6@106.2x1u | hole:3-6-7@312.1x1u | main:1-5-7@3.9x3u,5,3,2,114.0,0.707627045
6120231127010009,1,,2-3-4,0,,900,0,-900,main:1-3-4@3.3x3u | hole:3-5-7@85.9x1u | hole:3-5-6@71.3x1u | hole:2-3-6@49.1x1u | main:1-3-5@4.0x3u,5,3,2,110.0,0.599063591
6120231127010010,1,,1-2-5,1,main,800,1050.0,250.0,main:1-2-5@3.5x3u | hole:1-4-7@37.7x1u | hole:2-4-7@17.8x1u | hole:4-5-7@44.5x1u | main:2-4-5@4.1x2u,5,3,2,102.5,0.634793609
6120231127010011,1,,1-3-5,1,main,4300,4320.0,20.0,main:1-3-5@1.2x36u | hole:2-3-7@99.8x1u | main:2-3-5@7.2x6u,3,1,2,100.465116,0.982242262
6120231204010006,1,,1-3-4,1,main,500,740.0,240.0,main:2-3-4@7.3x1u | hole:1-2-7@10.3x1u | hole:1-2-5@11.2x1u | hole:1-5-7@32.2x1u | main:1-3-4@7.4x1u,5,3,2,146.0,0.48955043
6120231204010007,1,,4-5-7,0,,700,0,-700,main:1-5-7@2.8x3u | hole:2-4-5@27.3x1u | hole:1-4-6@108.9x1u | main:1-4-7@3.9x2u,4,2,2,111.428571,0.659365887
6120231204010008,1,,3-5-7,0,,300,0,-300,main:1-4-5@3.1x1u | hole:2-3-5@73.0x1u | main:1-3-5@5.1x1u,3,1,2,103.333333,0.532357707
6120231204010009,1,,1-2-4,0,,800,0,-800,main:2-4-5@2.7x3u | hole:1-3-5@13.6x1u | hole:1-2-6@88.3x1u | hole:1-4-6@229.7x1u | main:2-4-6@6.7x2u,5,3,2,101.25,0.608832046
6120231204010010,1,,1-4-6,1,main,300,340.0,40.0,main:1-4-6@3.4x1u | hole:1-2-5@45.8x1u | main:1-3-5@4.7x1u,3,1,2,113.333333,0.528717666
6120231204010011,1,,2-3-7,0,,500,0,-500,main:2-4-7@1.9x3u | hole:2-3-5@170.4x1u | main:1-2-7@5.1x1u,3,1,2,102.0,0.728262765
6120231211010005,1,,1-4-5,0,,600,0,-600,main:1-5-6@3.7x2u | hole:3-4-5@36.0x1u | hole:2-3-7@63.1x1u | hole:1-3-7@98.8x1u | main:1-3-5@6.8x1u,5,3,2,113.333333,0.47107619
6120231211010006,1,,2-3-4,0,,900,0,-900,main:1-2-5@2.4x4u | hole:1-3-6@16.9x1u | hole:1-4-6@53.0x1u | hole:2-3-6@52.5x1u | main:1-2-4@5.0x2u,5,3,2,106.666667,0.713753808
6120231211010007,1,,2-3-7,0,,700,0,-700,main:1-2-3@2.8x3u | hole:1-5-7@54.7x1u | hole:5-6-7@28.4x1u | hole:3-4-5@66.9x1u | main:3-5-7@7.6x1u,5,3,2,108.571429,0.557162291
6120231211010008,1,,1-2-4,1,main,500,680.0,180.0,main:1-2-4@3.4x2u | hole:2-3-5@11.8x1u | hole:1-5-6@40.7x1u | main:3-5-6@6.2x1u,4,2,2,124.0,0.564723757
6220230115010006,1,,1-3-7,1,main,1000,1220.0,220.0,main:1-3-5@1.8x6u | hole:1-2-7@77.3x1u | hole:1-6-7@240.1x1u | main:1-3-7@6.1x2u,4,2,2,108.0,0.736591524
6220230115010007,1,,2-5-7,1,main,600,780.0,180.0,main:1-2-5@4.7x2u | hole:2-3-4@13.3x1u | hole:3-4-5@19.5x1u | hole:3-4-7@69.9x1u | main:2-5-7@7.8x1u,5,3,2,130.0,0.481747259
6220230115010008,1,,1-3-5,0,,700,0,-700,main:1-2-5@4.1x2u | hole:3-5-7@23.3x1u | hole:3-6-7@218.3x1u | hole:3-5-6@64.8x1u | main:1-5-6@4.1x2u,5,3,2,117.142857,0.550736284
6220230115010009,1,,1-3-5,1,main,600,640.0,40.0,main:1-3-5@1.6x4u | hole:4-5-7@169.2x1u | main:2-3-5@8.3x1u,3,1,2,106.666667,0.751392093
6220230115010010,1,,2-3-7,0,,1100,0,-1100,main:1-4-5@2.8x4u | hole:1-2-3@20.9x1u | hole:1-3-6@48.0x1u | hole:1-3-7@6.7x2u | main:1-3-5@4.6x3u,5,3,2,101.818182,0.792468116
6220230115010011,1,,1-2-5,1,main,600,680.0,80.0,main:1-4-5@2.5x3u | hole:2-3-5@181.8x1u | main:1-2-5@3.4x2u,3,1,2,113.333333,0.699618197
6220230206010006,1,,3-5-7,0,,700,0,-700,main:1-2-5@4.7x2u | hole:2-3-6@18.4x1u | hole:2-4-6@12.1x1u | hole:2-6-7@141.7x1u | main:2-4-5@5.3x2u,5,3,2,134.285714,0.54549482
6220230206010007,1,,3-5-7,0,,700,0,-700,main:1-5-7@4.3x2u | hole:2-4-6@15.0x1u | hole:2-4-7@40.0x1u | hole:4-6-7@70.7x1u | main:1-4-5@5.6x2u,5,3,2,122.857143,0.516940506
6220230206010008,1,,3-5-7,0,,800,0,-800,main:1-5-7@2.3x4u | hole:1-3-4@23.8x1u | hole:3-4-7@37.6x1u | hole:3-4-6@46.2x1u | main:1-4-5@9.2x1u,5,3,2,115.0,0.633735834
6220230206010009,1,,4-5-6,0,,900,0,-900,main:1-5-7@2.0x5u | hole:3-4-7@311.1x1u | hole:3-4-5@142.7x1u | main:1-2-5@5.5x2u,4,2,2,111.111111,0.692040291
6220230206010010,1,,2-3-4,0,,600,0,-600,main:1-3-5@3.5x2u | hole:2-3-6@69.5x1u | hole:1-2-6@156.6x1u | hole:1-2-7@22.4x1u | main:1-5-7@7.6x1u,5,3,2,116.666667,0.482710275
6220230206010011,0,no_alternative_scenario,1-2-5,,,,,,,,,,,
7120230103010006,1,,1-2-6,0,,500,0,-500,main:1-3-5@2.6x2u | hole:1-2-4@8.3x1u | hole:1-4-6@41.8x1u | main:1-2-5@6.2x1u,4,2,2,104.0,0.69031108
7120230103010007,1,,1-4-6,0,,700,0,-700,main:1-3-4@1.5x5u | hole:1-2-5@20.7x1u | main:1-2-4@7.7x1u,3,1,2,107.142857,0.844845975
7120230103010008,1,,2-4-7,1,main,700,1160.0,460.0,main:2-5-7@2.4x3u | hole:1-4-7@34.7x1u | hole:4-6-7@124.8x1u | main:2-4-7@5.8x2u,4,2,2,102.857143,0.625911724
7120230103010009,1,,1-4-5,0,,600,0,-600,main:1-3-4@3.3x2u | hole:2-5-6@113.1x1u | hole:2-3-6@30.9x1u | hole:3-5-6@72.5x1u | main:1-2-4@9.6x1u,5,3,2,110.0,0.462194266
7120230103010010,0,no_alternative_scenario,1-3-7,,,,,,,,,,,
7120230103010011,1,,1-2-7,1,main,800,1050.0,250.0,main:1-2-7@3.5x3u | hole:2-3-4@139.3x1u | hole:3-6-7@85.1x1u | hole:3-5-7@22.8x1u | main:2-6-7@4.6x2u,5,3,2,115.0,0.565894871
7120230315010006,1,,1-3-4,0,,600,0,-600,main:1-3-7@4.5x2u | hole:1-4-6@14.0x1u | hole:1-2-4@19.1x1u | hole:3-4-6@79.7x1u | main:1-2-3@6.6x1u,5,3,2,110.0,0.510069018
7120230315010007,1,,2-3-7,1,main,400,510.0,110.0,main:2-3-7@5.1x1u | hole:4-6-7@171.0x1u | hole:1-3-5@12.4x1u | main:3-5-7@5.4x1u,4,2,2,127.5,0.467756731
7120230315010008,1,,1-2-5,1,main,700,1000.0,300.0,main:1-2-5@5.0x2u | hole:4-5-7@56.0x1u | hole:2-3-7@21.2x1u | hole:3-5-6@111.6x1u | main:2-5-7@5.2x2u,5,3,2,142.857143,0.46629522
7120230315010009,1,,1-2-3,0,,800,0,-800,main:2-3-7@4.4x2u | hole:1-3-5@6.4x2u | hole:3-5-6@41.9x1u | hole:1-3-6@17.7x1u | main:1-3-7@5.1x2u,5,3,2,110.0,0.659964682
7120230315010010,1,,3-4-7,1,hole,1000,2350.0,1350.0,main:1-5-7@2.6x4u | hole:3-4-7@23.5x1u | hole:1-3-4@118.7x1u | hole:2-3-7@84.9x1u | main:3-5-7@3.7x3u,5,3,2,104.0,0.717642009
7120230315010011,1,,2-3-7,0,,700,0,-700,main:1-3-7@2.8x3u | hole:4-5-6@81.0x1u | hole:4-6-7@43.3x1u | hole:2-4-6@13.7x1u | main:1-4-7@8.3x1u,5,3,2,118.571429,0.586057853
7120230510010008,1,,1-4-5,1,main,700,980.0,280.0,main:1-3-5@3.8x2u | hole:2-5-6@131.4x1u | hole:2-3-6@97.8x1u | hole:2-4-5@30.0x1u | main:1-4-5@4.9x2u,5,3,2,108.571429,0.51840816
7120230510010009,1,,2-3-5,1,main,700,780.0,80.0,main:2-3-5@3.9x2u | hole:1-2-4@22.6x1u | hole:1-3-4@23.9x1u | hole:4-5-6@129.2x1u | main:2-4-5@5.0x2u,5,3,2,111.428571,0.550238986
7120230510010010,1,,1-3-7,1,main,600,960.0,360.0,main:1-2-3@3.5x2u | hole:3-4-7@84.4x1u | hole:3-5-7@119.8x1u | main:1-3-7@4.8x2u,4,2,2,116.666667,0.514243206
7120230510010011,1,,1-4-5,1,main,800,930.0,130.0,main:1-4-5@3.1x3u | hole:2-3-5@70.7x1u | hole:4-6-7@163.3x1u | hole:3-5-7@38.5x1u | main:1-3-5@4.1x2u,5,3,2,102.5,0.61272508
7120230619010008,1,,2-3-5,1,main,600,620.0,20.0,main:2-3-5@3.1x2u | hole:1-5-7@27.4x1u | hole:1-4-7@75.1x1u | hole:1-3-6@68.7x1u | main:2-4-5@7.9x1u,5,3,2,103.333333,0.513530894
7120230619010010,1,,3-4-5,1,main,500,530.0,30.0,main:3-5-7@3.5x2u | hole:1-3-6@138.5x1u | hole:4-5-6@266.9x1u | main:3-4-5@5.3x1u,4,2,2,106.0,0.485360469
7120230619010011,1,,1-2-7,1,main,400,420.0,20.0,main:1-2-7@4.2x1u | hole:1-3-5@30.0x1u | hole:2-3-6@187.1x1u | main:2-3-7@4.8x1u,4,2,2,105.0,0.48510664
7120230715010006,1,,1-5-7,0,,600,0,-600,main:3-5-7@4.7x2u | hole:2-4-7@21.5x1u | hole:1-2-4@35.0x1u | hole:1-2-5@14.6x1u | main:2-3-7@8.7x1u,5,3,2,145.0,0.471284693
7120230715010007,1,,1-3-5,1,hole,400,5840.0,5440.0,main:2-5-7@5.7x1u | hole:3-4-5@47.0x1u | hole:1-3-5@58.4x1u | main:1-5-7@6.4x1u,4,2,2,142.5,0.37008848
7120230715010008,1,,1-4-5,0,,300,0,-300,main:3-5-7@4.4x1u | hole:1-2-5@12.6x1u | main:1-3-5@5.5x1u,3,1,2,146.666667,0.488455988
7120230715010009,1,,2-3-7,0,,700,0,-700,main:1-3-7@3.9x2u | hole:2-3-4@13.4x1u | hole:2-3-5@12.7x1u | hole:3-4-5@39.0x1u | main:1-2-3@5.5x2u,5,3,2,111.428571,0.617236487
7120230715010010,1,,2-6-7,0,,700,0,-700,main:2-3-7@5.0x2u | hole:1-3-4@17.6x1u | hole:1-3-6@55.5x1u | hole:1-4-7@20.5x1u | main:1-3-7@5.9x2u,5,3,2,142.857143,0.493108213
7120230715010011,0,no_alternative_scenario,1-4-7,,,,,,,,,,,
7120231016010006,1,,1-2-7,1,hole,1000,1030.0,30.0,main:1-3-5@2.1x5u | hole:1-2-7@10.3x1u | hole:2-4-7@19.3x1u | hole:1-6-7@148.4x1u | main:1-5-7@6.0x2u,5,3,2,103.0,0.798496537
7120231016010007,1,,3-5-6,0,,600,0,-600,main:1-3-5@3.9x2u | hole:2-4-7@6.8x1u | hole:1-2-6@117.7x1u | main:1-2-7@4.4x2u,4,2,2,113.333333,0.639237984
7120231016010008,1,,1-4-7,0,,800,0,-800,main:1-3-7@2.8x3u | hole:2-4-5@11.4x1u | hole:2-6-7@108.1x1u | hole:4-6-7@177.4x1u | main:1-2-7@4.2x2u,5,3,2,105.0,0.697845066
7120231016010009,1,,2-3-6,0,,1200,0,-1200,main:1-5-7@1.8x7u | hole:1-2-4@12.6x1u | hole:2-4-5@24.1x1u | hole:2-3-4@67.9x1u | main:1-2-5@7.8x2u,5,3,2,105.0,0.81934708
7120231016010010,1,,1-2-5,1,main,400,550.0,150.0,main:1-2-7@2.6x2u | hole:2-3-5@56.0x1u | main:1-2-5@5.5x1u,3,1,2,130.0,0.584290709
7120231016010011,1,,1-2-6,0,,800,0,-800,main:1-2-7@2.7x3u | hole:1-4-5@22.1x1u | hole:3-4-7@58.8x1u | hole:1-3-6@86.5x1u | main:2-3-7@4.9x2u,5,3,2,101.25,0.648268368
7120231109010006,1,,1-5-7,0,,600,0,-600,main:1-3-7@3.3x2u | hole:1-4-5@72.7x1u | hole:4-5-7@129.2x1u | main:1-4-7@4.6x2u,4,2,2,110.0,0.541916704
7120231109010007,1,,2-3-4,0,,800,0,-800,main:2-5-7@3.4x3u | hole:3-4-7@52.1x1u | hole:1-3-5@31.9x1u | hole:4-5-6@398.5x1u | main:2-3-7@4.5x2u,5,3,2,112.5,0.5693911
7120231109010008,1,,1-4-5,0,,600,0,-600,main:1-4-7@3.3x2u | hole:2-4-5@22.5x1u | hole:1-2-5@12.9x1u | main:1-2-4@3.6x2u,4,2,2,110.0,0.702771905
7120231109010009,1,,1-2-5,1,main,800,900.0,100.0,main:1-2-5@3.0x3u | hole:2-3-6@46.9x1u | hole:2-6-7@104.7x1u | hole:3-6-7@118.3x1u | main:1-3-5@5.0x2u,5,3,2,112.5,0.572659479
7120231109010010,1,,1-2-5,0,,400,0,-400,main:1-3-4@3.0x2u | hole:1-2-6@207.4x1u | main:1-4-5@5.5x1u,3,1,2,137.5,0.519973116
7120231109010011,1,,1-2-7,1,main,700,750.0,50.0,main:1-2-7@2.5x3u | hole:1-3-5@47.7x1u | main:1-5-7@2.6x3u,3,1,2,107.142857,0.805579745
7320230213010006,1,,1-3-4,1,main,900,1040.0,140.0,main:1-3-4@2.6x4u | hole:2-3-7@75.3x1u | hole:3-5-7@132.6x1u | hole:3-5-6@340.7x1u | main:3-4-7@6.3x2u,5,3,2,115.555556,0.567102368
7320230213010007,1,,1-2-5,1,main,700,900.0,200.0,main:1-2-5@3.0x3u | hole:2-4-7@10.5x1u | hole:2-3-7@37.6x1u | hole:2-6-7@76.6x1u | main:1-5-7@8.2x1u,5,3,2,117.142857,0.590173223
7320230213010008,1,,1-3-5,0,,600,0,-600,main:1-4-5@3.4x2u | hole:3-5-7@8.3x1u | hole:1-3-7@48.6x1u | main:1-3-4@4.2x2u,4,2,2,113.333333,0.673270945
7320230213010009,1,,1-3-4,1,main,700,1000.0,300.0,main:1-4-7@1.8x4u | hole:1-2-5@38.3x1u | main:1-3-4@5.0x2u,3,1,2,102.857143,0.781665216
7320230213010010,1,,1-5-7,1,main,2100,2160.0,60.0,main:1-5-7@1.8x12u | hole:1-3-4@13.2x2u | hole:1-2-3@65.3x1u | hole:1-3-6@127.8x1u | main:1-3-7@4.3x5u,5,3,2,102.380952,0.887009933
7320230213010011,1,,1-2-3,0,,700,0,-700,main:3-5-7@3.0x3u | hole:1-4-5@34.0x1u | hole:1-3-4@18.3x1u | main:1-3-5@4.2x2u,4,2,2,120.0,0.655485145
7320230414010006,1,,1-4-7,1,main,1800,1890.0,90.0,main:1-4-7@2.1x9u | hole:2-5-7@13.7x2u | hole:2-4-5@21.1x1u | hole:1-2-5@68.0x1u | main:2-4-7@3.9x5u,5,3,2,105.0,0.867692681
7320230414010007,1,,1-2-7,0,,800,0,-800,main:2-5-7@3.0x3u | hole:1-3-4@14.5x1u | hole:1-4-5@27.0x1u | hole:1-2-6@134.0x1u | main:1-2-4@5.4x2u,5,3,2,112.5,0.631983759
7320230414010008,1,,4-5-7,0,,500,0,-500,main:1-3-5@5.1x1u | hole:1-2-7@11.9x1u | hole:1-6-7@40.8x1u | hole:2-6-7@114.3x1u | main:1-5-7@6.3x1u,5,3,2,102.0,0.472100914
7320230414010009,1,,3-4-5,1,main,400,550.0,150.0,main:1-3-4@4.1x1u | hole:2-3-5@80.0x1u | hole:3-5-6@174.0x1u | main:3-4-5@5.5x1u,4,2,2,102.5,0.443967747
7320230414010010,0,no_alternative_scenario,2-4-7,,,,,,,,,,,
7320230414010011,0,no_alternative_scenario,1-5-7,,,,,,,,,,,
7320230821010006,1,,1-2-4,0,,700,0,-700,main:2-3-7@4.4x2u | hole:1-5-7@69.2x1u | hole:1-2-6@51.4x1u | hole:4-6-7@112.0x1u | main:2-4-7@5.6x2u,5,3,2,125.714286,0.448678847
7320230821010007,1,,1-5-7,1,main,700,820.0,120.0,main:1-4-7@4.0x2u | hole:3-5-7@12.5x1u | hole:2-3-7@165.9x1u | hole:2-5-7@73.3x1u | main:1-5-7@4.1x2u,5,3,2,114.285714,0.593572731
7320230821010008,1,,1-3-4,0,,700,0,-700,main:1-4-5@4.2x2u | hole:2-5-6@31.9x1u | hole:2-3-5@31.6x1u | hole:2-5-7@20.5x1u | main:1-2-5@5.2x2u,5,3,2,120.0,0.54217695
7320230821010009,1,,3-5-6,0,,800,0,-800,main:1-3-5@3.2x3u | hole:3-4-7@57.8x1u | hole:2-6-7@291.6x1u | hole:2-5-7@46.0x1u | main:3-5-7@6.0x2u,5,3,2,120.0,0.52163619
7320230821010010,0,no_alternative_scenario,2-5-7,,,,,,,,,,,
7320230821010011,1,,1-5-7,1,main,700,800.0,100.0,main:1-5-7@2.0x4u | hole:1-3-4@16.4x1u | main:1-3-5@3.6x2u,3,1,2,102.857143,0.838753388
7320231106010006,1,,2-3-7,0,,400,0,-400,main:1-3-7@4.3x1u | hole:1-2-5@22.6x1u | hole:2-6-7@255.5x1u | main:3-4-7@5.1x1u,4,2,2,107.5,0.476798253
7320231106010007,1,,1-3-7,1,hole,900,5750.0,4850.0,main:3-4-5@3.3x3u | hole:1-3-7@57.5x1u | hole:1-3-6@67.9x1u | hole:3-6-7@247.3x1u | main:1-3-4@4.0x3u,5,3,2,110.0,0.58919282
7320231106010008,1,,2-6-7,0,,400,0,-400,main:2-4-7@3.0x2u | hole:2-3-6@47.4x1u | main:2-3-4@4.7x1u,3,1,2,117.5,0.567196337
7320231106010009,1,,1-3-7,0,,500,0,-500,main:1-3-4@3.9x2u | hole:2-3-7@17.7x1u | hole:1-2-5@25.1x1u | main:1-4-7@5.7x1u,4,2,2,114.0,0.528186665
7320231106010011,0,no_alternative_scenario,1-5-7,,,,,,,,,,,
7320231225010006,1,,1-2-7,1,main,1100,1150.0,50.0,main:1-2-7@2.3x5u | hole:3-5-6@17.3x1u | hole:2-3-5@52.7x1u | hole:3-4-5@146.9x1u | main:1-3-7@4.5x3u,5,3,2,104.545455,0.740590983
7320231225010007,1,,3-4-5,0,,400,0,-400,main:1-4-5@2.8x2u | hole:3-4-6@255.2x1u | main:1-3-4@5.0x1u,3,1,2,125.0,0.561061352
7320231225010008,1,,1-3-6,0,,800,0,-800,main:1-3-5@3.4x3u | hole:2-4-5@61.2x1u | hole:2-4-6@213.5x1u | hole:4-5-6@122.1x1u | main:1-5-6@4.1x2u,5,3,2,102.5,0.567233804
7320231225010009,1,,1-4-7,1,main,1100,1350.0,250.0,main:4-5-7@2.5x5u | hole:1-3-5@83.2x1u | hole:1-3-4@189.4x1u | hole:1-3-7@72.3x1u | main:1-4-7@4.5x3u,5,3,2,113.636364,0.653352543
7320231225010010,0,no_alternative_scenario,2-4-5,,,,,,,,,,,
7320231225010011,1,,1-2-4,0,,1000,0,-1000,main:1-5-7@2.1x5u | hole:3-5-6@49.2x1u | hole:1-3-6@57.4x1u | main:1-3-5@3.8x3u,4,2,2,105.0,0.777095177
7420230319010006,1,,3-4-5,1,main,800,810.0,10.0,main:3-4-5@2.7x3u | hole:1-4-7@19.2x1u | hole:2-5-7@50.5x1u | hole:2-4-7@41.4x1u | main:3-5-7@4.9x2u,5,3,2,101.25,0.670491906
7420230319010007,1,,1-2-7,0,,600,0,-600,main:2-3-7@3.9x2u | hole:1-3-5@17.1x1u | hole:1-3-6@35.9x1u | hole:1-2-6@54.4x1u | main:2-4-7@6.7x1u,5,3,2,111.666667,0.510381026
7420230319010008,1,,3-4-5,0,,400,0,-400,main:1-2-5@2.4x2u | hole:4-5-6@48.7x1u | main:1-4-5@4.3x1u,3,1,2,107.5,0.669758687
7420230319010009,1,,2-3-4,1,main,900,960.0,60.0,main:2-3-4@3.2x3u | hole:1-3-6@66.7x1u | hole:1-4-6@112.6x1u | hole:4-6-7@223.8x1u | main:3-4-7@3.5x3u,5,3,2,106.666667,0.626556059
7420230319010010,1,,2-5-7,1,main,800,840.0,40.0,main:2-5-7@2.8x3u | hole:1-2-3@11.1x1u | hole:1-3-5@35.3x1u | hole:1-5-6@282.7x1u | main:2-3-5@4.7x2u,5,3,2,105.0,0.691864835
7420230319010011,1,,1-2-7,1,main,500,810.0,310.0,main:1-4-7@1.7x3u | hole:5-6-7@498.6x1u | main:1-2-7@8.1x1u,3,1,2,102.0,0.7136977
7420230523010006,1,,1-4-7,0,,800,0,-800,main:1-2-4@2.9x3u | hole:3-4-7@289.2x1u | hole:2-3-7@66.1x1u | hole:4-6-7@350.6x1u | main:1-2-7@5.3x2u,5,3,2,108.75,0.554945492
7420230523010007,1,,1-4-5,1,main,800,960.0,160.0,main:1-2-4@2.9x3u | hole:1-5-7@32.3x1u | hole:2-3-7@323.7x1u | hole:1-3-5@25.2x1u | main:1-4-5@4.8x2u,5,3,2,108.75,0.626892492
7420230523010009,1,,1-3-4,0,,700,0,-700,main:1-3-7@4.0x2u | hole:2-3-6@23.7x1u | hole:2-5-7@104.3x1u | hole:2-3-5@90.5x1u | main:2-3-7@5.4x2u,5,3,2,114.285714,0.498016729
7420230523010010,1,,1-4-7,0,,700,0,-700,main:1-2-4@4.4x2u | hole:4-6-7@42.2x1u | hole:4-5-7@52.3x1u | hole:3-4-7@34.1x1u | main:2-4-7@4.0x2u,5,3,2,114.285714,0.549415382
7420230523010011,1,,1-4-5,1,main,2500,2920.0,420.0,main:1-5-7@1.4x18u | hole:3-4-7@597.9x1u | hole:1-4-6@103.0x1u | hole:4-6-7@527.6x1u | main:1-4-5@7.3x4u,5,3,2,100.8,0.864548649
7420230828010008,1,,2-5-7,1,main,600,740.0,140.0,main:2-5-7@3.7x2u | hole:1-2-4@35.9x1u | hole:3-6-7@20.9x1u | hole:1-3-7@14.9x1u | main:1-2-5@6.4x1u,5,3,2,106.666667,0.569336407
7420230828010009,1,,3-4-5,0,,700,0,-700,main:3-5-7@1.8x4u | hole:1-3-6@61.2x1u | main:1-3-7@3.7x2u,3,1,2,102.857143,0.842165695
7420230828010010,1,,1-4-5,0,,700,0,-700,main:1-2-5@2.9x3u | hole:1-3-4@17.0x1u | hole:1-3-6@150.0x1u | main:1-3-5@4.3x2u,4,2,2,122.857143,0.642875922
7420230828010011,1,,2-4-7,1,main,700,740.0,40.0,main:2-3-4@3.6x2u | hole:1-4-7@97.2x1u | hole:1-2-7@60.7x1u | hole:1-6-7@829.9x1u | main:2-4-7@3.7x2u,5,3,2,102.857143,0.576015543
7420230928010006,1,,1-3-5,0,,900,0,-900,main:1-2-4@3.1x3u | hole:4-5-6@140.1x1u | hole:3-4-6@86.7x1u | hole:2-6-7@408.6x1u | main:2-4-6@3.6x3u,5,3,2,103.333333,0.621477588
7420230928010007,1,,1-2-3,1,main,800,980.0,180.0,main:2-3-7@3.0x3u | hole:1-3-4@17.1x1u | hole:1-3-5@26.1x1u | hole:1-2-4@31.3x1u | main:1-2-3@4.9x2u,5,3,2,112.5,0.666157556
7420230928010008,1,,1-4-7,1,main,1000,1080.0,80.0,main:1-4-7@1.8x6u | hole:2-5-7@37.9x1u | hole:2-3-7@45.1x1u | main:1-2-7@5.8x2u,4,2,2,108.0,0.776527522
7420230928010009,1,,1-4-7,1,main,800,920.0,120.0,main:1-4-7@2.3x4u | hole:1-3-5@9.6x1u | hole:3-5-6@51.8x1u | main:1-3-4@4.4x2u,4,2,2,110.0,0.785527022
7420230928010010,0,no_alternative_scenario,2-3-5,,,,,,,,,,,
7420230928010011,0,no_alternative_scenario,1-5-7,,,,,,,,,,,
7420231121010006,1,,1-3-4,1,main,1100,1140.0,40.0,main:1-3-4@1.9x6u | hole:3-6-7@861.5x1u | hole:1-6-7@218.2x1u | hole:1-2-6@158.9x1u | main:1-2-4@5.6x2u,5,3,2,101.818182,0.716924202
7420231121010007,1,,2-4-7,1,main,500,530.0,30.0,main:1-4-7@1.9x3u | hole:3-6-7@435.6x1u | main:2-4-7@5.3x1u,3,1,2,106.0,0.717290719
7420231121010008,1,,1-4-5,1,main,700,980.0,280.0,main:1-2-5@3.8x2u | hole:4-5-7@41.8x1u | hole:4-5-6@97.7x1u | hole:1-4-6@193.3x1u | main:1-4-5@4.9x2u,5,3,2,108.571429,0.506571693
7420231121010009,1,,1-4-6,1,main,800,820.0,20.0,main:1-3-4@2.9x3u | hole:1-5-6@130.6x1u | hole:1-6-7@109.7x1u | hole:3-6-7@384.2x1u | main:1-4-6@4.1x2u,5,3,2,102.5,0.608105574
7420231207010006,1,,3-4-7,0,,600,0,-600,main:3-4-5@3.5x2u | hole:1-4-6@66.6x1u | hole:1-3-6@55.5x1u | hole:2-5-7@37.1x1u | main:2-3-5@7.0x1u,5,3,2,116.666667,0.48855864
7420231207010007,1,,3-5-7,0,,1100,0,-1100,main:2-4-7@2.9x4u | hole:1-3-5@13.1x1u | hole:1-2-3@47.5x1u | hole:1-3-7@26.1x1u | main:2-3-7@3.3x4u,5,3,2,105.454545,0.783560575
7420231207010008,1,,2-5-7,1,main,1000,1100.0,100.0,main:2-5-7@2.2x5u | hole:1-5-6@21.2x1u | hole:3-4-6@359.7x1u | hole:2-3-6@330.9x1u | main:1-2-5@7.0x2u,5,3,2,110.0,0.650374564
7420231207010009,1,,1-3-4,1,main,800,840.0,40.0,main:1-3-4@2.8x3u | hole:2-3-7@38.5x1u | hole:2-3-5@40.0x1u | hole:1-6-7@361.3x1u | main:1-2-4@6.1x2u,5,3,2,105.0,0.574819092
7420231207010010,1,,1-3-7,0,,700,0,-700,main:1-4-7@2.9x3u | hole:2-6-7@45.5x1u | hole:1-5-6@107.5x1u | main:1-2-7@3.8x2u,4,2,2,108.571429,0.639265829
7420231207010011,1,,1-5-7,1,main,800,930.0,130.0,main:1-5-7@3.1x3u | hole:1-2-6@17.2x1u | hole:2-5-6@165.7x1u | hole:3-4-5@310.8x1u | main:1-2-7@4.2x2u,5,3,2,105.0,0.628067924
7520230125010006,1,,1-2-7,0,,1300,0,-1300,main:1-3-7@2.7x5u | hole:1-2-5@7.2x2u | hole:2-4-5@20.5x1u | hole:2-3-5@28.4x1u | main:1-2-3@3.7x4u,5,3,2,103.846154,0.863521285
7520230125010007,1,,1-5-7,1,main,900,1040.0,140.0,main:1-5-7@2.6x4u | hole:1-2-4@19.2x1u | hole:1-3-4@33.5x1u | hole:1-2-3@89.9x1u | main:1-4-7@5.3x2u,5,3,2,115.555556,0.66635218
7520230125010008,1,,1-2-5,1,main,700,940.0,240.0,main:1-2-4@3.6x2u | hole:1-5-7@47.5x1u | hole:1-3-5@13.0x1u | hole:2-3-5@45.1x1u | main:1-2-5@4.7x2u,5,3,2,102.857143,0.610692393
7520230125010009,1,,2-4-5,0,,900,0,-900,main:1-4-7@2.0x5u | hole:1-2-5@25.6x1u | main:1-2-7@3.2x3u,3,1,2,106.666667,0.8515625
7520230125010010,1,,1-4-6,1,main,300,320.0,20.0,main:1-4-6@3.2x1u | hole:1-5-7@74.9x1u | main:1-2-4@4.3x1u,3,1,2,106.666667,0.558409274
7520230125010011,1,,1-5-6,1,main,900,1040.0,140.0,main:1-5-6@2.6x4u | hole:4-5-7@202.5x1u | hole:1-2-4@47.7x1u | hole:2-4-5@131.2x1u | main:1-4-5@4.6x2u,5,3,2,102.222222,0.635531272
7520230202010006,1,,1-3-4,0,,800,0,-800,main:2-5-7@2.3x4u | hole:1-6-7@322.7x1u | hole:1-3-7@205.4x1u | main:2-3-5@5.8x2u,4,2,2,115.0,0.615163804
7520230202010007,1,,4-5-7,0,,800,0,-800,main:1-4-5@1.4x6u | hole:2-3-4@141.2x1u | main:1-4-7@9.4x1u,3,1,2,105.0,0.827750846
7520230202010008,1,,2-3-7,1,main,400,560.0,160.0,main:1-3-7@4.1x1u | hole:2-5-7@13.1x1u | hole:2-3-5@35.6x1u | main:2-3-7@5.6x1u,4,2,2,102.5,0.526899633
7520230202010009,1,,1-5-7,0,,700,0,-700,main:1-4-7@4.4x2u | hole:3-4-5@12.1x1u | hole:2-4-6@59.2x1u | hole:2-6-7@89.1x1u | main:1-3-4@5.2x2u,5,3,2,125.714286,0.530340284
7520230202010010,1,,1-3-5,0,,1000,0,-1000,main:1-2-5@2.1x5u | hole:4-5-6@129.3x1u | hole:3-4-5@34.9x1u | hole:2-3-4@67.8x1u | main:1-5-6@6.2x2u,5,3,2,105.0,0.688617308
7520230202010011,1,,1-6-7,0,,1700,0,-1700,main:1-4-7@2.2x8u | hole:3-4-5@33.4x1u | hole:1-3-5@18.0x1u | hole:1-2-3@54.3x1u | main:1-3-4@2.9x6u,5,3,2,102.352941,0.903284922
7520230420010006,1,,3-4-5,0,,800,0,-800,main:2-3-5@4.3x2u | hole:1-2-4@17.1x1u | hole:2-4-6@106.1x1u | hole:2-4-7@6.8x2u | main:2-3-4@5.2x2u,5,3,2,107.5,0.639829258
7520230420010007,1,,2-5-7,1,main,600,690.0,90.0,main:3-5-7@4.2x2u | hole:1-2-5@76.3x1u | hole:1-2-4@7.4x1u | hole:2-4-7@8.5x1u | main:2-5-7@6.9x1u,5,3,2,115.0,0.648911128
7520230420010008,1,,2-4-7,0,,900,0,-900,main:2-3-4@3.4x3u | hole:1-2-7@26.9x1u | hole:1-4-5@38.2x1u | hole:1-2-5@72.6x1u | main:3-4-7@3.6x3u,5,3,2,113.333333,0.649022261
7520230420010009,1,,2-3-5,1,main,900,1040.0,140.0,main:2-3-5@2.6x4u | hole:3-4-7@169.2x1u | hole:3-4-6@224.9x1u | hole:1-4-6@566.1x1u | main:2-3-4@5.7x2u,5,3,2,115.555556,0.57217704
7520230420010010,1,,1-5-7,1,main,900,1000.0,100.0,main:1-5-7@2.5x4u | hole:3-4-5@61.0x1u | hole:2-6-7@471.6x1u | hole:4-6-7@297.5x1u | main:1-6-7@4.7x2u,5,3,2,104.444444,0.634641186
7520230420010011,0,no_alternative_scenario,1-3-4,,,,,,,,,,,
7520230430010006,1,,1-3-5,0,,700,0,-700,main:1-2-5@3.9x2u | hole:3-5-7@54.1x1u | hole:2-3-7@59.9x1u | hole:1-3-7@143.1x1u | main:1-4-5@4.6x2u,5,3,2,111.428571,0.51596846
7520230430010007,1,,1-3-5,0,,600,0,-600,main:1-3-4@3.2x2u | hole:3-5-6@149.4x1u | hole:2-3-5@55.3x1u | main:1-4-5@4.2x2u,4,2,2,106.666667,0.575371861
7520230430010008,1,,1-3-6,0,,500,0,-500,main:1-3-4@5.2x1u | hole:3-5-7@9.3x1u | hole:4-6-7@105.9x1u | hole:2-4-5@65.9x1u | main:3-4-7@5.1x1u,5,3,2,102.0,0.520530383
7520230430010009,1,,1-3-5,0,,700,0,-700,main:1-2-5@4.1x2u | hole:2-3-4@32.9x1u | hole:3-4-6@77.5x1u | hole:2-4-7@11.5x1u | main:1-4-5@5.3x2u,5,3,2,117.142857,0.562836569
7520230430010010,1,,1-2-3,0,,700,0,-700,main:1-5-7@4.7x2u | hole:2-3-4@15.7x1u | hole:1-3-4@26.0x1u | hole:1-3-6@36.3x1u | main:1-2-7@5.0x2u,5,3,2,134.285714,0.542469973
7520230430010011,0,no_alternative_scenario,1-5-7,,,,,,,,,,,
7520231216010006,1,,2-3-4,1,main,700,820.0,120.0,main:1-3-4@2.8x3u | hole:2-4-5@32.1x1u | hole:2-3-7@113.2x1u | hole:2-4-7@56.6x1u | main:2-3-4@8.2x1u,5,3,2,117.142857,0.536748491
7520231216010007,1,,1-4-5,1,main,700,780.0,80.0,main:1-3-5@3.6x2u | hole:2-4-6@14.5x1u | hole:3-4-6@53.7x1u | hole:1-4-6@12.0x1u | main:1-4-5@3.9x2u,5,3,2,102.857143,0.705108859
7520231216010008,1,,1-2-5,1,main,700,720.0,20.0,main:1-2-5@2.4x3u | hole:3-5-7@89.8x1u | main:1-3-5@2.5x3u,3,1,2,102.857143,0.827802524
7520231216010009,1,,2-5-7,0,,600,0,-600,main:2-3-5@2.3x3u | hole:2-6-7@33.6x1u | main:1-3-5@3.6x2u,3,1,2,115.0,0.742322291
7520231216010010,0,no_alternative_scenario,1-2-4,,,,,,,,,,,
7520231216010011,1,,1-2-7,0,,1100,0,-1100,main:1-2-4@2.0x6u | hole:2-3-5@54.7x1u | hole:3-4-6@398.0x1u | hole:1-3-5@104.0x1u | main:1-4-6@6.0x2u,5,3,2,109.090909,0.69707615
8120230120010006,1,,2-3-5,0,,600,0,-600,main:2-4-5@5.0x2u | hole:1-2-7@11.0x1u | hole:1-4-7@35.6x1u | hole:1-5-7@14.9x1u | main:1-2-4@6.3x1u,5,3,2,105.0,0.544843231
8120230120010007,1,,3-5-7,0,,600,0,-600,main:1-4-7@3.3x2u | hole:1-3-5@8.1x1u | hole:1-3-6@117.2x1u | main:1-3-7@4.1x2u,4,2,2,110.0,0.678921955
8120230120010008,1,,1-5-7,0,,600,0,-600,main:1-2-5@3.4x2u | hole:3-5-6@22.6x1u | hole:2-4-7@165.3x1u | hole:4-5-6@44.8x1u | main:2-4-5@7.4x1u,5,3,2,113.333333,0.501871605
8120230120010009,1,,2-4-5,0,,800,0,-800,main:3-4-5@2.8x3u | hole:2-4-7@36.0x1u | hole:1-2-7@151.4x1u | hole:2-3-6@22.7x1u | main:2-3-4@6.3x2u,5,3,2,105.0,0.594308677
8120230120010010,1,,2-5-6,1,main,700,870.0,170.0,main:2-5-6@2.9x3u | hole:1-2-4@23.1x1u | hole:1-2-7@50.7x1u | main:1-2-5@3.8x2u,4,2,2,108.571429,0.67099939
8120230120010011,1,,1-4-7,1,main,700,900.0,200.0,main:1-2-7@2.5x3u | hole:1-3-5@82.4x1u | hole:2-3-5@51.9x1u | main:1-4-7@4.5x2u,4,2,2,107.142857,0.653625967
8120230131010006,1,,2-3-7,1,main,700,880.0,180.0,main:2-3-7@4.4x2u | hole:5-6-7@43.5x1u | hole:4-5-7@46.5x1u | hole:1-5-7@82.1x1u | main:3-5-7@4.9x2u,5,3,2,125.714286,0.48802851
8120230131010008,1,,1-2-5,0,,700,0,-700,main:1-5-7@4.3x2u | hole:1-2-4@66.0x1u | hole:2-4-5@149.4x1u | hole:1-4-6@345.1x1u | main:1-2-7@4.8x2u,5,3,2,122.857143,0.465634139
8120230131010010,1,,1-4-6,0,,400,0,-400,main:1-3-4@4.3x1u | hole:3-5-7@39.5x1u | hole:2-4-7@215.0x1u | main:1-2-4@5.0x1u,4,2,2,107.5,0.462525758
8120230131010011,1,,2-4-7,0,,800,0,-800,main:1-4-7@3.4x3u | hole:2-5-7@12.5x1u | hole:2-3-7@15.2x1u | hole:3-4-6@49.0x1u | main:3-4-7@5.4x2u,5,3,2,127.5,0.645500469
8120230212010008,1,,1-5-7,1,main,800,810.0,10.0,main:1-5-7@2.7x3u | hole:1-3-6@219.5x1u | hole:3-5-6@619.9x1u | hole:4-6-7@363.4x1u | main:1-3-5@5.0x2u,5,3,2,101.25,0.579291131
8120230212010009,1,,2-3-4,1,main,600,630.0,30.0,main:2-3-4@2.1x3u | hole:1-4-5@10.6x1u | hole:1-3-5@18.4x1u | main:3-4-5@6.8x1u,4,2,2,105.0,0.771936748
8120230212010010,1,,1-2-4,0,,500,0,-500,main:1-3-4@2.9x2u | hole:2-3-6@106.1x1u | main:1-4-7@3.3x2u,3,1,2,116.0,0.65728296
8120230212010011,1,,1-2-5,1,main,1100,1350.0,250.0,main:1-5-7@2.3x5u | hole:1-2-4@27.6x1u | hole:2-3-5@235.5x1u | hole:2-3-7@479.0x1u | main:1-2-5@4.5x3u,5,3,2,104.545455,0.699570682
8120230306010006,1,,2-4-5,0,,800,0,-800,main:1-3-4@3.4x3u | hole:2-4-6@40.7x1u | hole:2-3-5@25.0x1u | hole:1-2-5@106.6x1u | main:1-4-7@4.5x2u,5,3,2,112.5,0.590290757
8120230306010007,1,,1-2-4,0,,700,0,-700,main:1-5-7@3.9x2u | hole:3-4-7@12.6x1u | hole:2-3-4@22.1x1u | hole:2-3-7@14.9x1u | main:1-2-7@4.7x2u,5,3,2,111.428571,0.660904256
8120230306010008,1,,2-4-7,0,,700,0,-700,main:1-4-5@3.9x2u | hole:1-2-7@8.5x1u | hole:2-3-7@20.1x1u | hole:2-5-7@30.6x1u | main:1-4-7@5.6x2u,5,3,2,111.428571,0.635059726
8120230306010009,0,no_alternative_scenario,1-5-7,,,,,,,,,,,
8120230306010010,1,,2-3-7,0,,700,0,-700,main:3-4-7@3.8x2u | hole:1-5-7@13.1x1u | hole:1-2-7@21.8x1u | hole:1-4-6@301.0x1u | main:1-3-7@4.2x2u,5,3,2,108.571429,0.626782829
8120230306010011,1,,1-5-7,0,,300,0,-300,main:1-5-6@3.2x1u | hole:1-3-4@333.5x1u | main:1-2-5@3.7x1u,3,1,2,106.666667,0.585768771
8120230417010006,1,,1-2-7,1,main,500,580.0,80.0,main:1-2-7@5.8x1u | hole:1-3-5@22.3x1u | hole:1-3-4@37.1x1u | hole:2-4-5@50.5x1u | main:1-2-4@8.5x1u,5,3,2,116.0,0.381660059
8120230417010007,1,,3-5-7,1,main,1000,1020.0,20.0,main:3-5-7@3.4x3u | hole:1-3-4@6.2x2u | hole:1-4-5@22.5x1u | hole:1-2-4@41.4x1u | main:3-4-5@4.5x3u,5,3,2,102.0,0.746229226
8120230417010008,1,,1-2-4,1,main,700,1200.0,500.0,main:1-3-4@4.2x2u | hole:2-3-7@45.8x1u | hole:2-3-5@34.2x1u | hole:2-4-7@17.2x1u | main:1-2-4@6.0x2u,5,3,2,120.0,0.513975267
8120230417010009,1,,4-5-7,0,,800,0,-800,main:2-5-7@2.7x3u | hole:3-4-5@27.4x1u | hole:1-3-5@53.9x1u | hole:3-5-6@67.9x1u | main:3-5-7@6.5x2u,5,3,2,101.25,0.593993291
8120230417010010,1,,1-2-5,0,,500,0,-500,main:1-3-5@2.7x2u | hole:4-5-6@169.1x1u | main:1-5-7@3.3x2u,3,1,2,108.0,0.679314334
8120230417010011,0,no_alternative_scenario,1-2-5,,,,,,,,,,,
8120230513010006,1,,3-4-7,0,,1400,0,-1400,main:1-3-7@2.1x7u | hole:4-5-7@85.8x1u | hole:1-4-5@103.7x1u | hole:1-4-6@86.3x1u | main:3-5-7@3.6x4u,5,3,2,102.857143,0.786853953
8120230513010007,1,,2-4-5,0,,600,0,-600,main:2-3-4@4.6x2u | hole:1-2-7@10.6x1u | hole:1-3-7@19.3x1u | hole:1-4-7@31.2x1u | main:2-4-7@6.2x1u,5,3,2,103.333333,0.556886003
8120230513010008,1,,1-4-7,1,main,700,760.0,60.0,main:1-4-7@1.9x4u | hole:3-5-7@26.3x1u | main:1-5-7@5.0x2u,3,1,2,108.571429,0.764338603
8120230513010009,1,,2-3-4,0,,1300,0,-1300,main:2-4-7@2.3x6u | hole:1-2-5@20.4x1u | hole:1-4-5@32.2x1u | hole:1-5-7@101.3x1u | main:2-4-5@3.3x4u,5,3,2,101.538462,0.827760089
8120230513010010,1,,2-4-7,1,main,600,720.0,120.0,main:2-4-7@3.6x2u | hole:3-5-7@8.9x1u | hole:1-5-7@59.2x1u | main:4-5-7@4.1x2u,4,2,2,120.0,0.650931659
8120230513010011,0,no_alternative_scenario,1-3-5,,,,,,,,,,,
8120230608010006,1,,1-3-5,0,,600,0,-600,main:1-2-5@3.4x2u | hole:1-3-4@27.8x1u | hole:1-4-6@109.2x1u | main:2-5-7@5.0x2u,4,2,2,113.333333,0.539246379
8120230608010007,1,,2-5-7,0,,300,0,-300,main:1-2-5@3.4x1u | hole:3-5-7@93.0x1u | main:2-4-5@5.1x1u,3,1,2,113.333333,0.500948767
8120230608010008,1,,1-2-3,0,,800,0,-800,main:1-2-4@2.7x3u | hole:4-5-6@121.5x1u | hole:2-5-6@91.1x1u | hole:3-4-5@102.0x1u | main:1-2-5@5.2x2u,5,3,2,101.25,0.591689385
8120230608010009,1,,2-3-5,0,,700,0,-700,main:1-4-7@4.2x2u | hole:1-3-5@9.2x1u | hole:2-6-7@90.1x1u | hole:3-4-5@125.0x1u | main:1-5-7@4.8x2u,5,3,2,120.0,0.574223003
8120230608010010,1,,1-4-5,1,main,500,520.0,20.0,main:1-4-5@5.2x1u | hole:1-2-6@39.0x1u | hole:1-3-7@46.2x1u | hole:1-2-7@11.9x1u | main:1-4-6@5.7x1u,5,3,2,104.0,0.49906595
8120230608010011,0,no_alternative_scenario,1-4-7,,,,,,,,,,,
8120230619010006,1,,3-4-5,1,hole,700,1320.0,620.0,main:1-3-7@4.0x2u | hole:3-4-5@13.2x1u | hole:1-4-5@58.9x1u | hole:1-2-5@64.7x1u | main:1-3-5@5.0x2u,5,3,2,114.285714,0.558191455
8120230619010007,1,,1-4-7,1,main,800,1100.0,300.0,main:3-4-7@3.3x3u | hole:5-6-7@231.5x1u | hole:1-5-7@121.0x1u | hole:1-3-5@48.3x1u | main:1-4-7@5.5x2u,5,3,2,123.75,0.518136536
8120230619010008,1,,1-4-5,1,main,1100,1230.0,130.0,main:1-5-7@2.3x5u | hole:3-4-5@11.1x1u | hole:1-2-4@64.7x1u | hole:1-2-3@121.0x1u | main:1-4-5@4.1x3u,5,3,2,100.909091,0.792495551
8120230619010009,1,,3-4-6,0,,500,0,-500,main:1-6-7@5.7x1u | hole:1-3-4@22.6x1u | hole:1-3-5@94.5x1u | hole:1-2-3@44.8x1u | main:1-3-7@6.4x1u,5,3,2,114.0,0.408839823
8120230619010010,1,,2-3-7,0,,700,0,-700,main:2-3-5@4.5x2u | hole:2-4-7@8.6x1u | hole:1-3-7@35.4x1u | hole:3-6-7@128.1x1u | main:1-3-5@4.9x2u,5,3,2,122.857143,0.578637913
8120230619010011,1,,1-4-6,1,main,300,520.0,220.0,main:1-4-7@3.5x1u | hole:2-3-7@42.3x1u | main:1-4-6@5.2x1u,3,1,2,116.666667,0.50166264
8120230723010009,1,,2-6-7,0,,700,0,-700,main:1-5-7@4.6x2u | hole:3-4-7@41.5x1u | hole:2-3-7@27.7x1u | hole:2-3-4@54.9x1u | main:1-3-7@5.9x2u,5,3,2,131.428571,0.465295235
8120230723010010,1,,1-3-7,1,main,700,1100.0,400.0,main:1-4-7@4.5x2u | hole:3-4-6@82.3x1u | hole:2-3-4@17.3x1u | hole:3-5-6@40.0x1u | main:1-3-7@5.5x2u,5,3,2,128.571429,0.498994541
8120230723010011,1,,1-4-5,0,,700,0,-700,main:1-2-4@3.7x2u | hole:2-3-5@25.7x1u | hole:2-3-7@23.0x1u | hole:1-3-7@46.2x1u | main:1-4-6@5.8x2u,5,3,2,105.714286,0.546717852
8120230805010008,1,,1-4-6,1,main,700,960.0,260.0,main:1-3-4@3.9x2u | hole:1-2-6@59.8x1u | hole:2-3-7@24.0x1u | hole:1-2-5@36.5x1u | main:1-4-6@4.8x2u,5,3,2,111.428571,0.550529925
8120230805010009,1,,1-4-7,0,,400,0,-400,main:1-3-7@2.8x2u | hole:3-4-5@48.8x1u | main:1-5-7@4.4x1u,3,1,2,110.0,0.604907388
8120230805010010,1,,1-5-7,0,,700,0,-700,main:1-2-5@4.3x2u | hole:3-5-6@51.4x1u | hole:1-3-6@76.2x1u | hole:3-5-7@28.0x1u | main:1-3-5@4.2x2u,5,3,2,120.0,0.538946276
8120230805010011,1,,1-5-7,0,,700,0,-700,main:2-4-7@4.7x2u | hole:2-5-6@266.7x1u | hole:1-4-6@176.1x1u | hole:1-2-6@209.8x1u | main:2-4-6@4.7x2u,5,3,2,134.285714,0.439726482
8120231221010006,1,,1-5-7,0,,900,0,-900,main:1-3-5@3.1x3u | hole:1-4-7@7.7x2u | hole:2-4-5@111.2x1u | hole:2-5-7@211.6x1u | main:3-4-5@5.9x2u,5,3,2,103.333333,0.635661004
8120231221010007,1,,2-4-5,0,,700,0,-700,main:1-2-7@4.2x2u | hole:1-4-6@20.1x1u | hole:1-3-4@30.8x1u | hole:1-4-5@40.0x1u | main:1-2-4@3.9x2u,5,3,2,111.428571,0.601724271
8120231221010008,1,,1-4-5,1,main,500,530.0,30.0,main:1-5-7@3.5x2u | hole:1-2-4@11.4x1u | hole:1-3-4@47.6x1u | main:1-4-5@5.3x1u,4,2,2,106.0,0.583121233
8120231221010010,1,,1-5-7,1,main,1100,1200.0,100.0,main:1-5-7@2.0x6u | hole:3-4-5@88.1x1u | hole:4-5-6@290.4x1u | main:2-5-7@4.0x3u,4,2,2,109.090909,0.764794264
8120231221010011,1,,1-4-7,1,main,1300,1440.0,140.0,main:1-4-7@2.4x6u | hole:3-5-7@21.7x1u | hole:3-4-5@32.0x1u | hole:2-3-4@34.3x1u | main:3-4-7@3.6x4u,5,3,2,110.769231,0.800931913
8320230111010006,1,,1-3-7,1,main,700,1040.0,340.0,main:1-3-7@5.2x2u | hole:2-3-4@38.4x1u | hole:2-4-5@69.9x1u | hole:1-2-5@37.4x1u | main:3-4-6@4.7x2u,5,3,2,134.285714,0.472159436
8320230111010007,1,,1-3-4,0,,500,0,-500,main:1-4-5@6.1x1u | hole:2-3-5@8.7x1u | hole:3-5-6@15.5x1u | hole:2-3-6@30.5x1u | main:3-5-7@9.3x1u,5,3,2,122.0,0.483706851
8320230111010008,1,,3-5-7,0,,700,0,-700,main:1-3-7@3.9x2u | hole:1-2-5@27.9x1u | hole:2-5-7@125.6x1u | hole:1-5-6@111.0x1u | main:2-3-7@4.3x2u,5,3,2,111.428571,0.541781482
8320230111010009,1,,1-2-4,0,,1100,0,-1100,main:1-4-7@2.3x5u | hole:2-4-5@71.8x1u | hole:2-4-6@48.9x1u | hole:1-3-5@52.1x1u | main:1-4-5@4.1x3u,5,3,2,104.545455,0.73225638
8320230111010010,1,,1-3-4,1,hole,1300,2880.0,1580.0,main:1-5-7@1.7x8u | hole:1-3-4@28.8x1u | hole:2-4-7@147.7x1u | hole:2-3-7@91.7x1u | main:1-3-7@7.5x2u,5,3,2,104.615385,0.773966456
8320230111010011,1,,2-3-5,1,main,900,1100.0,200.0,main:1-2-5@2.6x4u | hole:1-4-7@20.5x1u | hole:1-3-4@55.2x1u | hole:4-5-6@201.4x1u | main:2-3-5@5.5x2u,5,3,2,115.555556,0.63829524
8320230218010006,1,,3-4-6,0,,400,0,-400,main:3-4-7@4.8x1u | hole:3-5-6@108.6x1u | hole:2-3-6@142.7x1u | main:1-3-7@4.8x1u,4,2,2,120.0,0.432882478
8320230218010007,1,,2-3-5,1,main,700,980.0,280.0,main:2-3-5@4.9x2u | hole:1-4-6@9.2x1u | hole:1-3-6@10.3x1u | hole:1-5-6@19.8x1u | main:1-3-5@5.3x2u,5,3,2,131.428571,0.649048959
8320230218010008,1,,1-3-6,0,,600,0,-600,main:1-3-4@4.0x2u | hole:1-5-6@24.2x1u | hole:1-2-6@38.7x1u | hole:1-6-7@150.7x1u | main:3-4-7@6.7x1u,5,3,2,111.666667,0.473051539
8320230218010009,1,,1-3-5,0,,800,0,-800,main:2-5-7@2.7x3u | hole:1-3-7@110.1x1u | hole:1-2-4@36.1x1u | hole:3-5-6@126.6x1u | main:1-4-5@5.6x2u,5,3,2,101.25,0.593624176
8320230218010010,1,,3-5-7,1,main,1300,1350.0,50.0,main:3-5-7@2.7x5u | hole:1-4-7@6.7x2u | hole:1-3-4@28.0x1u | hole:2-5-6@455.4x1u | main:1-3-7@3.5x4u,5,3,2,103.076923,0.843248545
8320230218010011,1,,1-3-7,0,,1300,0,-1300,main:1-4-5@2.0x7u | hole:3-4-7@14.5x1u | hole:3-4-6@211.1x1u | hole:2-3-4@57.9x1u | main:1-3-4@4.5x3u,5,3,2,103.846154,0.813195988
8320230301010006,1,,3-4-5,0,,600,0,-600,main:1-3-4@4.3x2u | hole:2-3-5@29.3x1u | hole:1-2-7@23.1x1u | hole:2-4-7@63.6x1u | main:1-3-5@6.5x1u,5,3,2,108.333333,0.4795473
8320230301010007,1,,1-3-7,1,main,700,820.0,120.0,main:3-4-7@2.4x3u | hole:1-5-7@33.2x1u | hole:1-3-5@20.4x1u | main:1-3-7@4.1x2u,4,2,2,102.857143,0.739709195
8320230301010008,1,,1-4-5,1,main,300,320.0,20.0,main:1-4-5@3.2x1u | hole:2-4-7@35.6x1u | main:1-3-4@4.9x1u,3,1,2,106.666667,0.54467152
8320230301010009,1,,1-2-5,1,main,300,380.0,80.0,main:1-2-5@3.8x1u | hole:5-6-7@149.5x1u | main:2-5-7@4.4x1u,3,1,2,126.666667,0.497119585
8320230301010010,1,,1-3-5,1,main,800,1050.0,250.0,main:1-3-5@3.5x3u | hole:1-4-7@10.0x1u | hole:1-6-7@44.6x1u | hole:1-2-7@110.6x1u | main:1-3-7@5.8x2u,5,3,2,125.0,0.589591195
8320230301010011,0,no_alternative_scenario,1-4-7,,,,,,,,,,,
8320230401010008,1,,1-5-7,0,,500,0,-500,main:1-2-3@5.2x1u | hole:3-4-5@31.5x1u | hole:2-5-6@9.8x1u | hole:2-5-7@61.8x1u | main:1-2-5@5.9x1u,5,3,2,104.0,0.511767296
8320230401010009,1,,3-4-5,0,,700,0,-700,main:1-3-5@3.9x2u | hole:3-6-7@299.4x1u | hole:2-5-6@173.8x1u | hole:2-3-6@235.9x1u | main:3-5-7@5.2x2u,5,3,2,111.428571,0.462050786
8320230401010010,1,,1-3-4,0,,600,0,-600,main:2-3-7@3.3x2u | hole:1-3-6@149.3x1u | hole:4-6-7@371.6x1u | main:1-3-7@3.7x2u,4,2,2,110.0,0.582689563
8320230401010011,0,no_alternative_scenario,1-2-5,,,,,,,,,,,
8320230526010008,1,,1-2-4,0,,800,0,-800,main:1-2-5@3.2x3u | hole:2-4-7@13.1x1u | hole:2-4-6@63.9x1u | hole:1-3-4@52.4x1u | main:1-4-5@4.1x2u,5,3,2,102.5,0.667471739
8320230526010009,1,,1-4-7,0,,800,0,-800,main:1-3-7@3.2x3u | hole:2-3-5@14.7x1u | hole:3-5-6@36.6x1u | hole:1-2-4@225.3x1u | main:1-3-5@4.4x2u,5,3,2,110.0,0.639560869
8320230526010010,1,,1-5-7,1,main,300,490.0,190.0,main:1-2-5@3.1x1u | hole:2-6-7@117.0x1u | main:1-5-7@4.9x1u,3,1,2,103.333333,0.535209286
8320230526010011,1,,2-5-7,1,main,700,760.0,60.0,main:2-5-7@1.9x4u | hole:1-3-7@86.2x1u | main:2-4-7@4.2x2u,3,1,2,108.571429,0.776011956
8320230718010006,0,no_alternative_scenario,3-4-7,,,,,,,,,,,
8320230718010007,1,,3-5-7,1,main,1200,1320.0,120.0,main:3-5-7@2.2x6u | hole:1-3-6@15.5x1u | hole:3-4-6@110.1x1u | hole:2-3-6@200.2x1u | main:1-3-7@4.9x3u,5,3,2,110.0,0.737220873
8320230718010008,1,,2-5-7,1,main,800,810.0,10.0,main:2-5-7@2.7x3u | hole:2-3-4@8.3x1u | hole:3-4-6@26.0x1u | hole:1-2-3@20.0x1u | main:2-3-7@5.7x2u,5,3,2,101.25,0.754752433
8320230718010009,1,,2-3-5,1,main,400,500.0,100.0,main:2-3-5@2.5x2u | hole:3-4-6@109.7x1u | main:2-5-6@4.4x1u,3,1,2,110.0,0.636388498
8320230718010010,1,,1-4-7,0,,1200,0,-1200,main:2-3-5@2.2x6u | hole:4-5-7@30.6x1u | hole:4-5-6@201.9x1u | hole:1-5-7@59.1x1u | main:2-4-5@5.0x3u,5,3,2,110.0,0.709098614
8320230718010011,1,,1-3-5,1,main,900,940.0,40.0,main:2-3-5@2.3x4u | hole:2-4-7@15.9x1u | hole:1-2-6@196.0x1u | hole:1-2-7@89.6x1u | main:1-3-5@4.7x2u,5,3,2,102.222222,0.726704403
8320230821010006,1,,1-5-6,1,main,800,920.0,120.0,main:1-5-6@2.3x4u | hole:1-3-4@18.3x1u | hole:1-2-4@79.4x1u | main:1-3-5@5.3x2u,4,2,2,115.0,0.690701121
8320230821010007,1,,1-2-6,0,,600,0,-600,main:1-3-5@3.2x2u | hole:2-3-6@39.6x1u | hole:1-2-4@19.9x1u | hole:2-3-7@48.3x1u | main:2-3-5@6.3x1u,5,3,2,105.0,0.567437874
8320230821010008,1,,3-4-5,1,hole,400,1420.0,1020.0,main:2-5-7@2.2x2u | hole:3-4-5@14.2x1u | main:2-3-5@4.9x1u,3,1,2,110.0,0.729049622
8320230821010009,1,,3-4-7,0,,600,0,-600,main:1-2-4@3.4x2u | hole:2-3-5@55.1x1u | hole:2-3-6@42.4x1u | main:2-4-6@4.1x2u,4,2,2,113.333333,0.579753812
8320230821010010,1,,1-2-5,0,,600,0,-600,main:2-5-7@4.5x2u | hole:1-2-4@7.6x1u | hole:1-3-5@36.5x1u | hole:1-2-6@56.3x1u | main:1-2-7@7.2x1u,5,3,2,120.0,0.537849308
8320230821010011,1,,4-5-7,0,,700,0,-700,main:2-3-7@3.9x2u | hole:1-3-4@39.6x1u | hole:2-4-5@40.3x1u | hole:1-3-5@25.6x1u | main:3-4-7@4.3x2u,5,3,2,111.428571,0.578097317
8320231129010006,1,,3-4-7,1,main,800,840.0,40.0,main:3-4-7@2.8x3u | hole:1-3-5@20.5x1u | hole:2-3-6@27.8x1u | hole:2-6-7@82.4x1u | main:1-3-7@4.6x2u,5,3,2,105.0,0.671421795
8320231129010007,1,,3-5-7,1,hole,900,4750.0,3850.0,main:2-3-4@2.3x4u | hole:3-5-7@47.5x1u | hole:1-4-5@216.4x1u | hole:4-5-6@226.5x1u | main:2-3-5@5.2x2u,5,3,2,102.222222,0.657179016
8320231129010008,1,,2-5-7,0,,700,0,-700,main:1-4-7@3.6x2u | hole:3-4-5@20.7x1u | hole:2-3-4@32.3x1u | hole:1-2-3@56.2x1u | main:1-3-7@5.6x2u,5,3,2,102.857143,0.553411732
8320231129010009,1,,1-2-4,0,,500,0,-500,main:2-3-7@8.1x1u | hole:2-4-6@14.1x1u | hole:2-4-5@33.6x1u | hole:1-2-6@45.5x1u | main:1-2-5@7.2x1u,5,3,2,144.0,0.385007592
8320231129010010,1,,3-5-7,1,main,2200,2210.0,10.0,main:3-5-7@1.7x13u | hole:2-4-5@23.5x1u | hole:2-3-6@169.4x1u | hole:1-3-6@616.0x1u | main:2-3-5@4.0x6u,5,3,2,100.454545,0.88831505
8320231129010011,1,,2-4-7,0,,800,0,-800,main:1-2-7@3.1x3u | hole:1-3-4@75.9x1u | hole:2-3-4@32.8x1u | hole:1-4-5@39.1x1u | main:2-5-7@4.4x2u,5,3,2,110.0,0.619091855
8320231211010008,1,,1-4-5,0,,700,0,-700,main:1-3-7@4.1x2u | hole:1-2-5@7.3x1u | hole:2-3-5@83.3x1u | hole:2-6-7@175.5x1u | main:1-5-7@4.1x2u,5,3,2,104.285714,0.642493987
8320231211010009,1,,4-5-7,0,,400,0,-400,main:2-5-6@4.4x1u | hole:3-4-5@20.4x1u | hole:1-3-4@37.8x1u | main:2-4-5@7.0x1u,4,2,2,110.0,0.445604504
8320231211010010,1,,3-4-7,1,main,600,860.0,260.0,main:3-4-7@4.3x2u | hole:1-4-5@45.6x1u | hole:2-6-7@77.3x1u | hole:4-5-6@350.2x1u | main:1-3-7@6.1x1u,5,3,2,101.666667,0.434214512
8320231211010011,1,,4-5-6,0,,700,0,-700,main:2-4-6@4.4x2u | hole:3-4-5@8.9x1u | hole:2-3-5@17.9x1u | hole:3-5-7@34.8x1u | main:2-3-4@4.4x2u,5,3,2,125.714286,0.651506559
8320231224010006,1,,3-5-6,0,,500,0,-500,main:2-3-7@6.3x1u | hole:1-5-7@33.0x1u | hole:1-5-6@216.4x1u | hole:1-2-4@43.6x1u | main:3-5-7@6.3x1u,5,3,2,126.0,0.3753202
8320231224010007,1,,1-2-4,0,,400,0,-400,main:3-5-7@2.7x2u | hole:1-4-7@26.9x1u | main:2-3-7@4.4x1u,3,1,2,110.0,0.634817819
8320231224010008,1,,1-2-5,0,,600,0,-600,main:1-2-7@2.2x3u | hole:1-5-6@14.3x1u | hole:5-6-7@187.1x1u | main:2-5-7@7.2x1u,4,2,2,110.0,0.668709149
8320231224010009,1,,1-2-4,1,main,1100,1660.0,560.0,main:1-2-7@1.9x6u | hole:1-4-5@38.9x1u | hole:1-3-5@43.6x1u | hole:2-3-5@76.4x1u | main:1-2-4@8.3x2u,5,3,2,103.636364,0.708529443
8320231224010010,1,,1-2-7,0,,800,0,-800,main:2-5-7@2.7x3u | hole:3-4-7@24.0x1u | hole:4-6-7@235.6x1u | main:2-4-7@3.1x3u,4,2,2,101.25,0.738862164
8320231224010011,1,,2-4-7,1,main,7400,7410.0,10.0,main:2-4-7@1.3x57u | hole:1-5-7@212.3x1u | hole:1-4-6@160.7x1u | main:1-2-4@5.0x15u,4,2,2,100.135135,0.98016386
8420230508010006,1,,3-4-6,1,hole,700,5810.0,5110.0,main:3-5-7@4.7x2u | hole:3-4-6@58.1x1u | hole:1-2-7@10.0x1u | hole:2-3-4@30.4x1u | main:2-3-7@5.9x2u,5,3,2,134.285714,0.532363924
8420230508010007,1,,1-2-7,0,,500,0,-500,main:1-3-4@5.5x1u | hole:2-5-7@10.3x1u | hole:2-4-7@8.1x1u | hole:4-5-7@18.0x1u | main:1-4-7@6.7x1u,5,3,2,110.0,0.607171637
8420230508010008,1,,1-4-7,1,main,700,800.0,100.0,main:1-4-7@4.0x2u | hole:2-3-7@52.6x1u | hole:2-5-7@10.5x1u | hole:2-3-5@23.0x1u | main:1-2-7@4.4x2u,5,3,2,114.285714,0.63500049
8420230508010009,1,,1-2-4,1,main,600,840.0,240.0,main:1-2-4@4.2x2u | hole:2-3-5@76.2x1u | hole:2-5-7@100.9x1u | hole:4-5-6@219.7x1u | main:1-5-7@6.4x1u,5,3,2,106.666667,0.421931062
8420230508010010,1,,5-6-7,0,,1400,0,-1400,main:1-5-7@1.8x8u | hole:2-3-7@42.6x1u | hole:2-3-5@84.7x1u | hole:3-5-6@87.3x1u | main:2-5-7@5.3x3u,5,3,2,102.857143,0.790970108
8420230508010011,1,,2-5-7,0,,900,0,-900,main:1-3-7@3.5x3u | hole:1-4-5@60.3x1u | hole:4-6-7@195.4x1u | hole:3-4-6@177.6x1u | main:3-4-7@3.5x3u,5,3,2,116.666667,0.598760657
8420230518010006,1,,5-6-7,0,,700,0,-700,main:2-3-5@4.7x2u | hole:1-2-4@35.7x1u | hole:2-4-6@99.1x1u | hole:3-4-7@26.3x1u | main:2-5-7@5.2x2u,5,3,2,134.285714,0.481198485
8420230518010007,1,,1-2-5,1,main,400,560.0,160.0,main:1-4-5@5.1x1u | hole:2-3-4@24.4x1u | hole:2-5-7@90.7x1u | main:1-2-5@5.6x1u,4,2,2,127.5,0.426658825
8420230518010008,1,,2-3-7,0,,700,0,-700,main:3-4-7@4.2x2u | hole:1-2-3@39.8x1u | hole:1-3-5@90.2x1u | hole:1-5-7@70.2x1u | main:2-3-4@4.5x2u,5,3,2,120.0,0.510774577
8420230518010009,1,,1-5-7,1,main,700,1040.0,340.0,main:1-2-5@4.2x2u | hole:1-3-6@149.5x1u | hole:1-6-7@133.6x1u | hole:1-4-7@23.1x1u | main:1-5-7@5.2x2u,5,3,2,120.0,0.487866967
8420230518010010,1,,4-6-7,0,,800,0,-800,main:1-4-7@2.2x4u | hole:2-6-7@171.2x1u | hole:2-5-7@39.0x1u | main:2-4-7@4.4x2u,4,2,2,110.0,0.713300329
8420230518010011,1,,1-4-5,1,main,1300,1330.0,30.0,main:1-4-5@1.9x7u | hole:3-5-7@21.6x1u | hole:1-6-7@699.6x1u | main:4-5-7@3.5x4u,4,2,2,102.307692,0.85975576
8420231015010006,1,,2-3-7,1,main,500,520.0,20.0,main:2-3-7@5.2x1u | hole:1-2-4@14.9x1u | hole:1-2-5@15.5x1u | hole:2-4-5@17.1x1u | main:1-2-7@6.7x1u,5,3,2,104.0,0.531671179
8420231015010007,1,,1-3-4,1,main,500,620.0,120.0,main:1-3-4@3.1x2u | hole:1-2-5@16.5x1u | hole:2-3-5@110.5x1u | main:1-4-5@6.2x1u,4,2,2,124.0,0.553526802
8420231015010008,1,,1-3-4,0,,300,0,-300,main:1-4-7@3.9x1u | hole:2-3-7@24.3x1u | main:1-2-7@6.9x1u,3,1,2,130.0,0.442490056
8420231015010009,1,,1-5-6,1,main,700,880.0,180.0,main:1-4-5@3.6x2u | hole:2-3-4@35.0x1u | hole:4-6-7@436.5x1u | hole:3-4-6@98.2x1u | main:1-5-6@4.4x2u,5,3,2,102.857143,0.546096184
8420231015010010,0,no_alternative_scenario,3-4-7,,,,,,,,,,,
8420231015010011,1,,2-4-7,1,main,700,840.0,140.0,main:2-4-7@4.2x2u | hole:3-4-5@90.5x1u | hole:2-3-5@136.1x1u | hole:3-5-7@65.0x1u | main:2-6-7@4.8x2u,5,3,2,120.0,0.480210449
8420231026010006,1,,1-4-7,1,main,900,920.0,20.0,main:1-4-7@2.3x4u | hole:1-2-3@31.0x1u | hole:2-6-7@34.2x1u | hole:1-3-6@166.3x1u | main:1-2-7@4.8x2u,5,3,2,102.222222,0.710627002
8420231026010007,1,,1-4-5,0,,800,0,-800,main:1-3-5@2.7x3u | hole:1-4-6@213.2x1u | hole:1-2-4@34.6x1u | hole:2-5-7@202.0x1u | main:1-5-7@4.5x2u,5,3,2,101.25,0.631135253
8420231026010008,1,,3-5-7,1,main,700,940.0,240.0,main:2-3-5@4.4x2u | hole:1-4-7@8.5x1u | hole:4-5-7@16.0x1u | hole:3-6-7@74.8x1u | main:3-5-7@4.7x2u,5,3,2,121.428571,0.633554728
8420231026010009,1,,4-5-7,0,,600,0,-600,main:1-2-7@3.8x2u | hole:2-4-5@42.5x1u | hole:5-6-7@333.7x1u | main:1-5-7@4.6x2u,4,2,2,126.666667,0.507075314
8420231026010010,1,,1-2-4,0,,600,0,-600,main:2-4-7@3.7x2u | hole:1-5-7@13.2x1u | hole:3-5-6@315.9x1u | main:2-3-4@4.5x2u,4,2,2,123.333333,0.571415627
8420231026010011,1,,2-5-7,1,main,1200,1320.0,120.0,main:2-5-7@2.2x6u | hole:1-2-6@49.9x1u | hole:1-3-4@67.0x1u | hole:2-4-6@156.2x1u | main:1-2-5@4.6x3u,5,3,2,110.0,0.713304261
8520230215010006,1,,3-4-6,0,,700,0,-700,main:2-3-4@4.0x2u | hole:1-3-7@60.1x1u | hole:4-5-6@82.8x1u | hole:1-4-7@43.0x1u | main:3-4-5@4.7x2u,5,3,2,114.285714,0.514738001
8520230215010007,1,,1-4-5,1,hole,300,1340.0,1040.0,main:2-4-6@3.5x1u | hole:1-4-5@13.4x1u | main:1-2-4@5.1x1u,3,1,2,116.666667,0.556419583
8520230215010008,1,,1-3-5,0,,300,0,-300,main:1-3-4@3.9x1u | hole:1-5-7@9.7x1u | main:1-4-5@5.5x1u,3,1,2,130.0,0.541321222
8520230215010009,0,no_alternative_scenario,1-2-3,,,,,,,,,,,
8520230215010010,0,no_alternative_scenario,4-5-6,,,,,,,,,,,
8520230215010011,1,,1-4-7,1,main,900,950.0,50.0,main:1-4-7@1.9x5u | hole:2-5-7@12.8x1u | hole:2-3-7@51.9x1u | main:2-4-7@5.6x2u,4,2,2,105.555556,0.802280041
8520230314010006,1,,1-2-5,0,,500,0,-500,main:2-5-7@6.0x1u | hole:1-3-5@24.4x1u | hole:1-4-5@15.2x1u | hole:1-3-6@402.0x1u | main:2-6-7@6.9x1u,5,3,2,120.0,0.420854845
8520230314010007,1,,1-3-5,0,,1000,0,-1000,main:2-4-7@3.8x3u | hole:1-4-5@6.7x2u | hole:3-6-7@75.0x1u | hole:3-4-6@54.0x1u | main:4-5-7@4.3x3u,5,3,2,114.0,0.676821617
8520230314010008,1,,2-5-7,1,main,600,640.0,40.0,main:2-5-7@3.2x2u | hole:4-6-7@372.5x1u | hole:1-5-6@101.9x1u | main:1-5-7@4.4x2u,4,2,2,106.666667,0.552270834
8520230314010009,1,,3-4-5,1,hole,1100,1560.0,460.0,main:1-5-7@2.3x5u | hole:2-3-4@18.3x1u | hole:3-4-5@7.8x2u | hole:2-5-6@52.5x1u | main:1-3-5@7.9x2u,5,3,2,104.545455,0.763262443
8520230314010010,1,,1-3-5,1,main,1000,1120.0,120.0,main:1-3-5@2.8x4u | hole:1-6-7@188.6x1u | hole:1-2-7@12.6x1u | hole:2-6-7@80.1x1u | main:1-2-5@3.7x3u,5,3,2,111.0,0.724564828
8520230314010011,1,,2-5-7,0,,700,0,-700,main:2-4-7@4.0x2u | hole:1-2-5@17.4x1u | hole:2-5-6@92.7x1u | hole:1-6-7@489.0x1u | main:2-3-5@5.9x2u,5,3,2,114.285714,0.489795266
8520230327010006,1,,2-3-5,1,main,500,670.0,170.0,main:1-2-5@5.1x1u | hole:1-3-4@16.1x1u | hole:3-6-7@149.3x1u | hole:1-3-6@114.5x1u | main:2-3-5@6.7x1u,5,3,2,102.0,0.422875512
8520230327010007,1,,1-4-6,1,main,700,1040.0,340.0,main:1-3-4@4.9x2u | hole:2-3-5@23.6x1u | hole:3-5-6@46.8x1u | hole:1-5-6@30.5x1u | main:1-4-6@5.2x2u,5,3,2,140.0,0.492916613
8520230327010008,1,,2-4-5,1,hole,800,3810.0,3010.0,main:1-3-4@3.0x3u | hole:2-4-5@38.1x1u | hole:4-5-7@120.6x1u | hole:2-4-6@463.4x1u | main:3-4-5@6.7x2u,5,3,2,112.5,0.519283621
8520230327010009,1,,1-5-7,1,main,1400,1440.0,40.0,main:1-5-7@1.8x8u | hole:2-4-7@67.3x1u | hole:3-4-7@36.5x1u | hole:2-5-6@224.3x1u | main:1-2-7@5.9x3u,5,3,2,102.857143,0.771761497
8520230327010010,1,,2-3-4,0,,800,0,-800,main:1-4-7@3.3x3u | hole:3-4-5@11.9x1u | hole:1-3-5@78.0x1u | hole:2-4-5@26.8x1u | main:2-4-7@5.7x2u,5,3,2,123.75,0.612636459
8520230327010011,1,,1-5-7,1,main,800,900.0,100.0,main:1-5-7@3.0x3u | hole:1-2-4@21.7x1u | hole:1-3-6@24.5x1u | hole:1-4-6@97.6x1u | main:1-2-7@5.6x2u,5,3,2,112.5,0.609049939
8520230502010006,1,,4-5-7,0,,500,0,-500,main:3-6-7@6.0x1u | hole:1-2-4@31.3x1u | hole:2-4-7@26.9x1u | hole:1-3-4@61.8x1u | main:1-3-6@6.4x1u,5,3,2,120.0,0.408221499
8520230502010007,1,,1-2-4,1,main,900,1050.0,150.0,main:1-4-6@3.2x3u | hole:2-3-5@60.3x1u | hole:1-2-5@16.2x1u | hole:1-2-3@83.9x1u | main:1-2-4@3.5x3u,5,3,2,106.666667,0.68844538
8520230502010008,1,,3-5-7,0,,800,0,-800,main:2-3-7@3.3x3u | hole:2-5-6@48.5x1u | hole:2-4-6@132.7x1u | hole:1-2-5@20.6x1u | main:3-4-7@5.2x2u,5,3,2,123.75,0.572036036
8520230502010009,1,,1-4-7,1,main,700,960.0,260.0,main:2-5-7@4.6x2u | hole:1-3-4@9.8x1u | hole:1-2-4@15.8x1u | hole:3-6-7@357.5x1u | main:1-4-7@4.8x2u,5,3,2,131.428571,0.593853796
8520230502010010,1,,1-5-7,1,main,3500,3510.0,10.0,main:1-5-7@1.3x27u | hole:2-6-7@126.5x1u | hole:3-4-7@86.4x1u | hole:2-4-7@154.0x1u | main:2-5-7@7.2x5u,5,3,2,100.285714,0.934092377
8520230502010011,1,,1-4-6,1,main,900,960.0,60.0,main:1-4-6@3.2x3u | hole:3-4-7@14.2x1u | hole:1-3-7@40.8x1u | hole:3-6-7@244.0x1u | main:1-4-7@3.4x3u,5,3,2,106.666667,0.705648347
8520230613010006,1,,1-4-6,0,,500,0,-500,main:1-4-5@6.8x1u | hole:2-3-5@20.3x1u | hole:3-5-7@12.8x1u | hole:1-2-7@38.9x1u | main:3-4-5@7.3x1u,5,3,2,136.0,0.43713815
8520230613010007,1,,2-3-5,0,,500,0,-500,main:1-4-7@5.5x1u | hole:3-4-5@56.3x1u | hole:2-4-5@34.7x1u | hole:1-2-3@37.7x1u | main:2-3-4@5.3x1u,5,3,2,106.0,0.443603059
8520230613010008,1,,1-5-7,0,,1700,0,-1700,main:1-4-7@2.0x9u | hole:2-4-5@50.7x1u | hole:1-2-5@28.8x1u | hole:2-3-5@32.1x1u | main:1-4-5@3.7x5u,5,3,2,105.882353,0.855869006
8520230613010009,0,no_alternative_scenario,1-2-7,,,,,,,,,,,
8520230613010010,1,,1-2-5,0,,1100,0,-1100,main:1-3-7@2.0x6u | hole:2-5-7@53.9x1u | hole:2-3-5@202.1x1u | hole:2-5-6@121.6x1u | main:1-2-7@6.5x2u,5,3,2,109.090909,0.685570759
8520230613010011,1,,2-4-5,1,main,600,820.0,220.0,main:2-4-5@4.1x2u | hole:3-4-7@33.4x1u | hole:1-3-4@86.9x1u | main:2-5-6@3.6x2u,4,2,2,120.0,0.563127816
8520230727010006,1,,3-5-7,1,main,800,940.0,140.0,main:3-6-7@2.9x3u | hole:2-5-7@9.0x1u | hole:4-5-7@129.0x1u | hole:1-5-7@108.3x1u | main:3-5-7@4.7x2u,5,3,2,108.75,0.685690203
8520230727010007,1,,1-2-4,1,hole,800,1010.0,210.0,main:1-5-7@3.5x3u | hole:2-4-7@23.2x1u | hole:1-2-4@10.1x1u | hole:2-3-6@88.1x1u | main:1-2-7@4.5x2u,5,3,2,112.5,0.661400595
8520230727010008,1,,4-5-6,0,,700,0,-700,main:1-4-5@3.8x2u | hole:3-4-7@8.4x1u | hole:3-5-7@25.6x1u | hole:3-4-6@162.1x1u | main:1-3-4@3.6x2u,5,3,2,102.857143,0.705214823
8520230727010009,1,,1-2-5,0,,700,0,-700,main:1-3-7@3.6x2u | hole:3-4-6@49.1x1u | hole:3-4-5@52.9x1u | hole:1-5-6@113.7x1u | main:1-5-7@4.3x2u,5,3,2,102.857143,0.558401183
8520230727010010,1,,2-4-7,0,,300,0,-300,main:3-4-7@5.2x1u | hole:2-4-5@18.1x1u | main:1-2-4@5.6x1u,3,1,2,173.333333,0.42612774
8520230727010011,1,,1-4-7,0,,500,0,-500,main:1-3-7@2.7x2u | hole:1-2-5@116.3x1u | main:1-5-7@2.9x2u,3,1,2,108.0,0.723796409
8520231124010006,1,,2-4-7,1,main,800,1050.0,250.0,main:2-4-7@3.5x3u | hole:3-5-7@19.2x1u | hole:3-4-5@10.4x1u | hole:1-6-7@90.7x1u | main:3-4-7@4.5x2u,5,3,2,112.5,0.667199046
8520231124010007,0,no_alternative_scenario,2-5-7,,,,,,,,,,,
8520231124010008,1,,2-3-5,1,main,800,880.0,80.0,main:2-4-5@3.4x3u | hole:1-3-6@50.7x1u | hole:1-3-5@96.0x1u | hole:3-5-7@17.5x1u | main:2-3-5@4.4x2u,5,3,2,110.0,0.608673764
8620230106010006,1,,1-2-5,1,main,900,1080.0,180.0,main:2-3-5@3.1x3u | hole:3-4-6@54.0x1u | hole:1-4-6@68.7x1u | hole:1-5-6@95.7x1u | main:1-2-5@3.6x3u,5,3,2,103.333333,0.643882303
8620230106010007,1,,1-3-7,1,main,600,740.0,140.0,main:1-3-7@3.7x2u | hole:2-4-7@19.9x1u | hole:2-3-4@31.3x1u | hole:2-3-6@70.3x1u | main:1-2-7@8.4x1u,5,3,2,123.333333,0.485742778
8620230106010008,1,,5-6-7,0,,700,0,-700,main:1-5-6@3.8x2u | hole:2-5-7@20.9x1u | hole:3-4-6@303.3x1u | hole:3-4-5@31.9x1u | main:1-5-7@5.1x2u,5,3,2,108.571429,0.541728244
8620230106010009,0,no_alternative_scenario,4-5-7,,,,,,,,,,,
8620230106010010,1,,1-2-5,1,main,800,930.0,130.0,main:1-2-5@3.1x3u | hole:1-3-7@76.8x1u | hole:1-3-6@31.7x1u | hole:1-6-7@79.8x1u | main:1-5-7@4.1x2u,5,3,2,102.5,0.623580987
8620230106010011,1,,1-3-7,0,,800,0,-800,main:1-4-7@2.1x4u | hole:1-3-6@27.4x1u | hole:1-5-6@90.2x1u | main:1-2-7@5.3x2u,4,2,2,105.0,0.712452546
8620230123010006,1,,2-3-7,0,,700,0,-700,main:1-3-7@3.9x2u | hole:2-4-7@19.4x1u | hole:2-6-7@29.2x1u | hole:2-5-7@28.0x1u | main:1-2-7@5.5x2u,5,3,2,111.428571,0.559735691
8620230123010007,1,,3-4-5,0,,500,0,-500,main:1-3-5@6.8x1u | hole:2-4-5@11.0x1u | hole:2-3-4@10.6x1u | hole:2-3-7@19.9x1u | main:1-2-5@7.0x1u,5,3,2,136.0,0.525415936
8620230123010008,1,,1-2-4,1,main,600,880.0,280.0,main:1-2-4@4.4x2u | hole:1-5-7@67.1x1u | hole:1-3-7@39.8x1u | hole:2-3-6@314.8x1u | main:1-3-4@6.1x1u,5,3,2,101.666667,0.434412531
8620230123010010,1,,3-5-6,0,,500,0,-500,main:3-5-7@1.8x3u | hole:1-5-6@121.1x1u | main:3-4-5@7.7x1u,3,1,2,108.0,0.693683324
8620230123010011,1,,1-4-6,0,,400,0,-400,main:1-4-7@2.2x2u | hole:3-4-6@197.9x1u | main:1-2-4@4.3x1u,3,1,2,107.5,0.692156651
8620230224010006,1,,2-3-7,0,,500,0,-500,main:1-3-7@6.2x1u | hole:1-2-4@11.0x1u | hole:2-3-6@34.4x1u | hole:2-3-5@30.3x1u | main:1-3-4@6.8x1u,5,3,2,124.0,0.461331305
8620230224010007,1,,1-6-7,0,,700,0,-700,main:1-2-7@3.9x2u | hole:2-4-6@11.8x1u | hole:4-5-6@318.4x1u | hole:2-3-6@79.1x1u | main:1-3-7@4.2x2u,5,3,2,111.428571,0.595034186
8620230224010008,1,,3-5-7,0,,600,0,-600,main:1-5-7@3.8x2u | hole:3-4-5@48.4x1u | hole:1-3-6@58.1x1u | hole:1-4-6@171.3x1u | main:1-6-7@6.7x1u,5,3,2,111.666667,0.456122199
8620230224010009,0,no_alternative_scenario,1-2-7,,,,,,,,,,,
8620230224010010,1,,1-4-5,1,main,700,720.0,20.0,main:1-4-5@2.4x3u | hole:1-2-3@35.6x1u | hole:1-3-7@22.1x1u | main:1-2-4@5.6x2u,4,2,2,102.857143,0.668576852
8620230224010011,1,,1-4-7,0,,700,0,-700,main:1-2-4@4.3x2u | hole:1-3-7@17.6x1u | hole:1-6-7@43.1x1u | hole:4-5-6@873.8x1u | main:1-5-7@4.4x2u,5,3,2,122.857143,0.540995331
8620230407010008,1,,1-4-5,0,,500,0,-500,main:2-3-7@5.4x1u | hole:2-5-6@29.2x1u | hole:4-5-7@69.3x1u | hole:1-2-6@66.3x1u | main:3-5-7@6.0x1u,5,3,2,108.0,0.415611398
8620230407010009,1,,3-4-6,1,main,700,760.0,60.0,main:3-4-6@3.8x2u | hole:1-3-5@19.7x1u | hole:2-3-7@31.1x1u | hole:1-4-5@14.9x1u | main:3-4-5@5.1x2u,5,3,2,108.571429,0.609266182
8620230407010010,1,,1-5-7,1,main,800,990.0,190.0,main:1-5-7@3.3x3u | hole:2-4-7@38.0x1u | hole:1-2-4@76.5x1u | hole:2-3-7@112.5x1u | main:2-5-7@4.9x2u,5,3,2,122.5,0.555388509
8620230407010011,1,,3-4-5,0,,800,0,-800,main:1-4-7@3.1x3u | hole:3-6-7@28.6x1u | hole:2-3-6@33.6x1u | hole:1-3-6@11.1x1u | main:1-3-4@4.4x2u,5,3,2,110.0,0.704670402
8620230601010008,1,,2-3-5,1,main,700,820.0,120.0,main:2-3-5@4.1x2u | hole:3-4-6@52.4x1u | hole:1-4-5@22.0x1u | hole:1-3-4@13.4x1u | main:1-2-5@5.0x2u,5,3,2,117.142857,0.58306782
8620230601010009,1,,1-4-5,0,,500,0,-500,main:2-3-5@6.7x1u | hole:1-3-4@12.8x1u | hole:2-4-7@21.7x1u | hole:1-2-6@55.1x1u | main:1-2-4@8.6x1u,5,3,2,134.0,0.407889571
8620230601010010,1,,3-4-7,1,hole,700,4250.0,3550.0,main:2-3-5@3.7x2u | hole:3-4-7@42.5x1u | hole:4-5-7@38.7x1u | hole:3-6-7@81.2x1u | main:2-5-7@3.7x2u,5,3,2,105.714286,0.602225017
8620230601010011,0,no_alternative_scenario,1-5-7,,,,,,,,,,,
8620230815010006,1,,2-3-5,1,main,800,1100.0,300.0,main:3-4-7@3.5x3u | hole:2-5-7@22.6x1u | hole:2-3-6@61.3x1u | hole:2-6-7@331.0x1u | main:2-3-5@5.5x2u,5,3,2,131.25,0.531114617
8620230815010007,1,,2-4-7,1,hole,500,2270.0,1770.0,main:3-4-5@5.7x1u | hole:2-4-7@22.7x1u | hole:1-2-7@33.7x1u | hole:1-2-4@23.2x1u | main:3-5-7@6.7x1u,5,3,2,114.0,0.44152223
8620230815010008,1,,2-4-7,1,main,500,580.0,80.0,main:2-4-7@5.8x1u | hole:1-5-6@53.5x1u | hole:2-5-6@57.8x1u | hole:1-2-6@17.2x1u | main:2-5-7@7.1x1u,5,3,2,116.0,0.407391025
8620230815010009,1,,1-4-7,1,main,700,1100.0,400.0,main:1-4-5@4.2x2u | hole:2-4-7@20.3x1u | hole:2-5-7@20.0x1u | hole:1-2-7@34.6x1u | main:1-4-7@5.5x2u,5,3,2,120.0,0.548076238
8620230815010010,1,,2-4-5,1,main,800,960.0,160.0,main:2-4-7@3.0x3u | hole:1-4-5@8.8x1u | hole:1-3-4@52.7x1u | hole:1-2-5@13.9x1u | main:2-4-5@4.8x2u,5,3,2,110.0,0.746220808
8620230815010011,1,,3-4-7,0,,600,0,-600,main:2-3-4@4.0x2u | hole:3-6-7@20.4x1u | hole:3-5-6@150.4x1u | main:2-3-7@5.0x2u,4,2,2,133.333333,0.505668544
8620230919010006,1,,3-5-7,1,hole,500,3940.0,3440.0,main:1-4-7@5.6x1u | hole:3-4-5@20.1x1u | hole:3-5-7@39.4x1u | hole:1-2-6@114.0x1u | main:1-2-4@6.3x1u,5,3,2,112.0,0.421205472
8620230919010007,1,,1-3-6,0,,700,0,-700,main:2-3-7@3.8x2u | hole:1-3-4@54.7x1u | hole:1-2-6@61.0x1u | hole:1-2-5@25.8x1u | main:3-4-7@4.3x2u,5,3,2,108.571429,0.569150702
8620230919010008,1,,1-4-7,0,,700,0,-700,main:1-3-5@4.1x2u | hole:5-6-7@132.7x1u | hole:2-5-7@46.8x1u | hole:2-4-7@128.2x1u | main:1-5-7@5.6x2u,5,3,2,117.142857,0.459177496
8620230919010009,1,,2-5-6,0,,600,0,-600,main:2-4-7@3.5x2u | hole:1-2-5@9.3x1u | hole:1-3-4@103.5x1u | hole:1-4-6@140.7x1u | main:1-4-5@6.6x1u,5,3,2,110.0,0.561525475
8620230919010010,1,,1-5-7,1,main,300,330.0,30.0,main:1-5-7@3.3x1u | hole:2-3-7@53.9x1u | main:2-5-7@4.0x1u,3,1,2,110.0,0.571583179
8620230919010011,0,no_alternative_scenario,1-6-7,,,,,,,,,,,
8620231106010006,1,,1-2-3,0,,500,0,-500,main:1-3-5@3.4x2u | hole:2-4-5@6.3x1u | hole:2-5-6@72.7x1u | main:2-3-5@5.2x1u,4,2,2,104.0,0.658910656
8620231106010007,1,,1-2-4,1,main,1200,1320.0,120.0,main:1-2-4@2.2x6u | hole:1-3-5@13.3x1u | hole:2-3-6@66.0x1u | hole:2-5-6@95.5x1u | main:2-4-6@4.7x3u,5,3,2,110.0,0.768122101
8620231106010008,1,,2-5-7,0,,700,0,-700,main:3-4-7@4.1x2u | hole:2-5-6@20.3x1u | hole:1-5-6@58.6x1u | hole:1-2-6@118.4x1u | main:2-3-7@5.6x2u,5,3,2,117.142857,0.497245744
8620231106010009,1,,2-3-6,0,,800,0,-800,main:2-4-7@2.9x3u | hole:1-3-5@19.1x1u | hole:3-5-7@22.5x1u | hole:1-3-7@49.7x1u | main:2-3-7@4.6x2u,5,3,2,108.75,0.67914008
8620231106010010,1,,1-3-5,1,main,900,1040.0,140.0,main:3-5-7@2.6x4u | hole:2-3-6@28.5x1u | hole:2-5-6@48.9x1u | hole:1-2-6@35.0x1u | main:1-3-5@5.2x2u,5,3,2,115.555556,0.661032123
8620231106010011,1,,1-3-7,0,,1000,0,-1000,main:1-2-7@2.6x4u | hole:1-3-6@99.4x1u | hole:1-4-6@426.7x1u | hole:2-3-6@85.7x1u | main:2-3-7@3.4x3u,5,3,2,102.0,0.702805572
8620231214010005,1,,1-4-6,1,hole,900,1390.0,490.0,main:1-2-3@1.9x5u | hole:1-4-6@13.9x1u | hole:3-4-6@64.3x1u | hole:2-4-5@138.0x1u | main:1-2-4@11.4x1u,5,3,2,105.555556,0.70877601
8620231214010006,0,no_alternative_scenario,1-2-3,,,,,,,,,,,
8620231214010007,1,,1-2-5,0,,700,0,-700,main:1-2-4@4.4x2u | hole:3-4-6@39.3x1u | hole:3-4-5@27.0x1u | hole:1-3-5@15.4x1u | main:1-2-7@4.4x2u,5,3,2,125.714286,0.581962849
8620231214010008,1,,1-2-3,1,main,1300,1500.0,200.0,main:1-2-7@2.7x5u | hole:1-3-4@15.8x1u | hole:2-3-4@27.0x1u | hole:1-4-5@135.2x1u | main:1-2-3@3.0x5u,5,3,2,103.846154,0.81142833
