race_id,purchased,reason,winner,winner_selected,winner_kind,stake_yen,payout_yen,profit_yen,ticket_count,main_count,middle_count,hole_count,middle_candidates,hole_candidates,min_hit_roi_pct,tickets
1120240418010006,1,,1-2-7,0,,400,0,-400,4,1,1,2,1,2,110.0,main:1-2-4@4.4x1u | middle:1-2-3@8.7x1u | hole:3-5-6@28.1x1u | hole:3-5-7@54.0x1u
1120240418010007,1,,1-3-4,1,middle,1000,1460.0,460.0,7,1,4,2,4,2,135.0,main:3-4-7@4.5x3u | middle:1-3-4@7.3x2u | middle:2-3-7@22.6x1u | middle:3-4-6@70.6x1u | middle:3-4-5@26.0x1u | hole:1-2-5@30.2x1u | hole:1-5-6@77.9x1u
1120240418010008,1,,2-5-6,1,main,1000,1290.0,290.0,7,1,3,3,3,3,103.0,main:2-5-6@4.3x3u | middle:1-2-5@7.3x2u | middle:2-5-7@17.6x1u | middle:2-4-5@10.3x1u | hole:3-4-7@41.2x1u | hole:1-2-3@22.9x1u | hole:1-3-4@29.4x1u
1120240418010009,1,,2-5-7,1,middle,800,1950.0,1150.0,5,1,3,1,3,1,101.25,main:1-5-7@2.7x3u | middle:2-5-7@19.5x1u | middle:1-3-7@4.7x2u | middle:5-6-7@57.3x1u | hole:3-4-7@16.7x1u
1120240418010010,1,,2-4-5,1,middle,600,800.0,200.0,5,1,3,1,3,1,113.333333,main:2-4-7@3.4x2u | middle:1-2-7@13.5x1u | middle:2-4-5@8.0x1u | middle:2-6-7@50.9x1u | hole:1-4-5@20.4x1u
1120240418010011,1,,1-3-7,0,,900,0,-900,6,1,3,2,3,2,112.222222,main:3-4-7@2.6x4u | middle:2-3-7@10.1x1u | middle:3-5-7@18.9x1u | middle:3-6-7@20.5x1u | hole:1-4-5@17.8x1u | hole:1-6-7@98.6x1u
1120240509010006,1,,1-4-5,0,,900,0,-900,7,1,2,4,2,4,130.0,main:1-2-4@3.9x3u | middle:2-4-5@22.5x1u | middle:1-4-6@99.4x1u | hole:2-3-5@18.1x1u | hole:2-3-6@72.9x1u | hole:2-6-7@125.8x1u | hole:3-5-6@422.7x1u
1120240509010007,1,,1-2-7,0,,500,0,-500,4,1,1,2,1,2,120.0,main:1-5-7@3.0x2u | middle:1-4-7@23.4x1u | hole:2-3-4@21.1x1u | hole:3-4-6@48.6x1u
1120240509010008,1,,1-3-7,0,,900,0,-900,7,1,2,4,2,4,120.0,main:1-3-5@3.6x3u | middle:3-4-5@23.2x1u | middle:3-5-6@25.7x1u | hole:3-4-6@12.2x1u | hole:3-4-7@25.8x1u | hole:3-6-7@24.5x1u | hole:2-6-7@130.7x1u
1120240509010009,1,,2-4-5,0,,200,0,-200,2,1,1,0,1,0,205.0,main:1-5-7@4.1x1u | middle:2-5-7@11.0x1u
1120240509010010,1,,1-3-5,0,,500,0,-500,5,1,2,2,2,2,114.0,main:1-4-7@5.7x1u | middle:1-3-4@6.1x1u | middle:1-4-6@18.7x1u | hole:2-3-6@30.2x1u | hole:3-5-7@124.0x1u
1120240509010011,1,,2-4-7,0,,200,0,-200,2,1,1,0,1,0,110.0,main:2-4-5@2.2x1u | middle:2-3-5@28.6x1u
1120240529010006,1,,1-5-7,1,main,400,490.0,90.0,4,1,2,1,2,1,122.5,main:1-5-7@4.9x1u | middle:1-5-6@53.5x1u | middle:1-4-5@37.8x1u | hole:2-3-7@71.6x1u
1120240529010007,1,,1-5-7,0,,700,0,-700,5,1,2,2,2,2,107.142857,main:2-4-7@2.5x3u | middle:2-3-7@14.3x1u | middle:2-6-7@39.8x1u | hole:2-3-5@57.8x1u | hole:2-5-6@165.8x1u
1120240529010008,1,,1-3-4,0,,300,0,-300,3,1,2,0,2,0,126.666667,main:1-4-7@3.8x1u | middle:1-3-7@4.2x1u | middle:1-4-5@53.1x1u
1120240529010009,1,,1-2-7,0,,400,0,-400,3,1,2,0,2,0,130.0,main:1-5-7@2.6x2u | middle:4-5-7@10.8x1u | middle:5-6-7@67.8x1u
1120240529010010,1,,1-4-5,1,main,500,540.0,40.0,3,1,1,1,1,1,108.0,main:1-4-5@2.7x2u | middle:1-2-4@3.7x2u | hole:2-3-4@46.2x1u
1120240529010011,1,,1-3-6,1,middle,700,870.0,170.0,3,1,1,1,1,1,102.857143,main:1-3-5@2.4x3u | middle:1-3-6@2.9x3u | hole:1-2-6@35.6x1u
1120240819010008,1,,1-5-7,0,,700,0,-700,6,1,3,2,3,2,145.714286,main:2-4-5@5.1x2u | middle:2-4-7@29.6x1u | middle:3-4-5@54.4x1u | middle:4-5-6@74.0x1u | hole:1-3-4@17.7x1u | hole:4-6-7@234.9x1u
1120240819010009,1,,2-3-5,0,,600,0,-600,3,1,1,1,1,1,106.666667,main:2-3-7@1.6x4u | middle:2-3-6@11.8x1u | hole:2-4-6@79.3x1u
1120240819010010,1,,2-5-7,1,hole,500,2120.0,1620.0,4,1,1,2,1,2,118.0,main:1-5-6@3.2x2u | middle:1-2-5@5.9x1u | hole:2-5-7@21.2x1u | hole:2-3-7@16.2x1u
1120240819010011,1,,1-2-4,0,,400,0,-400,3,1,0,2,0,2,110.0,main:1-4-5@2.2x2u | hole:2-3-6@18.6x1u | hole:1-3-7@90.6x1u
1120241001010006,1,,1-4-5,0,,500,0,-500,5,1,1,3,1,3,106.0,main:2-3-5@5.3x1u | middle:3-5-6@61.9x1u | hole:1-2-4@7.0x1u | hole:2-4-6@29.5x1u | hole:1-4-7@71.4x1u
1120241001010007,1,,1-2-7,0,,600,0,-600,5,1,2,2,2,2,133.333333,main:2-4-7@4.0x2u | middle:2-3-4@58.9x1u | middle:4-5-7@56.9x1u | hole:3-4-5@29.0x1u | hole:3-4-6@172.1x1u
1120241001010008,1,,3-4-7,0,,500,0,-500,4,1,3,0,3,0,108.0,main:1-3-5@2.7x2u | middle:1-2-5@15.3x1u | middle:3-5-7@14.0x1u | middle:1-5-6@45.0x1u
1120241001010009,1,,1-3-5,1,main,600,750.0,150.0,4,1,1,2,1,2,125.0,main:1-3-5@2.5x3u | middle:1-3-6@25.3x1u | hole:2-4-7@15.0x1u | hole:2-6-7@117.9x1u
1120241001010010,1,,1-4-7,1,main,3700,3720.0,20.0,5,1,3,1,3,1,100.540541,main:1-4-7@1.2x31u | middle:3-4-7@70.0x1u | middle:1-4-6@105.4x1u | middle:4-5-7@15.5x3u | hole:3-5-7@100.1x1u
1120241001010011,1,,1-3-4,0,,500,0,-500,4,1,0,3,0,3,108.0,main:1-2-4@2.7x2u | hole:1-3-7@11.1x1u | hole:1-3-5@16.9x1u | hole:3-5-7@33.0x1u
1120241028010008,1,,3-5-7,0,,200,0,-200,2,1,1,0,1,0,225.0,main:3-4-5@4.5x1u | middle:3-5-6@21.1x1u
1120241028010009,1,,1-3-5,0,,1000,0,-1000,9,1,2,6,2,6,116.0,main:2-5-7@5.8x2u | middle:1-2-7@14.4x1u | middle:5-6-7@41.1x1u | hole:3-4-5@25.3x1u | hole:1-4-5@11.6x1u | hole:4-6-7@74.1x1u | hole:1-3-4@40.8x1u | hole:2-3-6@300.9x1u | hole:1-6-7@86.4x1u
1120241028010010,1,,1-5-7,1,main,800,850.0,50.0,4,1,3,0,3,0,106.25,main:1-5-7@1.7x5u | middle:1-2-7@22.5x1u | middle:1-3-5@24.0x1u | middle:1-5-6@35.9x1u
1120241028010011,1,,1-4-7,1,main,4500,4510.0,10.0,4,1,3,0,3,0,100.222222,main:1-4-7@1.1x41u | middle:1-5-7@23.0x2u | middle:1-2-7@68.1x1u | middle:1-6-7@124.0x1u
1220240619010006,1,,1-2-5,1,middle,700,1200.0,500.0,4,1,3,0,3,0,114.285714,main:1-2-4@4.0x2u | middle:1-2-5@6.0x2u | middle:1-4-7@5.0x2u | middle:1-3-4@24.7x1u
1220240619010007,1,,2-5-7,0,,800,0,-800,6,1,3,2,3,2,115.0,main:1-3-7@4.6x2u | middle:1-3-4@7.0x2u | middle:1-5-7@30.3x1u | middle:1-6-7@10.1x1u | hole:3-4-5@35.3x1u | hole:2-3-4@10.4x1u
1220240619010008,1,,1-2-7,1,main,1000,1110.0,110.0,7,1,2,4,2,4,106.0,main:1-2-7@3.7x3u | middle:2-5-7@5.3x2u | middle:2-6-7@13.2x1u | hole:1-3-5@18.2x1u | hole:1-5-6@384.9x1u | hole:1-3-6@357.4x1u | hole:3-4-6@476.5x1u
1220240619010009,1,,1-3-5,0,,200,0,-200,2,1,1,0,1,0,120.0,main:3-4-5@2.4x1u | middle:2-3-5@12.3x1u
1220240619010010,1,,1-4-7,1,main,2200,2280.0,80.0,5,1,3,1,3,1,103.636364,main:1-4-7@1.9x12u | middle:1-5-7@12.6x2u | middle:1-2-7@4.0x6u | middle:1-6-7@37.0x1u | hole:2-5-7@37.1x1u
1220240619010011,1,,1-2-5,0,,500,0,-500,3,1,2,0,2,0,108.0,main:1-5-7@1.8x3u | middle:1-4-5@5.7x1u | middle:1-3-5@15.1x1u
1220240704010008,1,,1-4-7,1,main,1400,1440.0,40.0,5,1,3,1,3,1,102.857143,main:1-4-7@1.6x9u | middle:4-5-7@8.8x2u | middle:2-4-7@34.2x1u | middle:1-3-4@63.2x1u | hole:3-4-5@33.2x1u
1220240704010009,1,,1-3-4,1,middle,200,530.0,330.0,2,1,1,0,1,0,200.0,main:2-3-4@4.0x1u | middle:1-3-4@5.3x1u
1220240704010010,1,,3-4-7,1,middle,400,640.0,240.0,4,1,3,0,3,0,102.5,main:2-4-7@4.1x1u | middle:3-4-7@6.4x1u | middle:4-6-7@21.6x1u | middle:1-2-4@16.0x1u
1220240704010011,1,,1-5-7,1,main,3100,3120.0,20.0,5,1,1,3,1,3,100.645161,main:1-5-7@1.3x24u | middle:1-2-5@7.8x4u | hole:3-4-5@48.1x1u | hole:2-3-5@72.9x1u | hole:2-3-4@100.3x1u
1220240716010006,1,,1-4-5,1,main,300,510.0,210.0,3,1,1,1,1,1,163.333333,main:1-4-5@5.1x1u | middle:1-2-5@4.9x1u | hole:1-3-6@24.2x1u
1220240716010007,1,,3-4-7,0,,500,0,-500,4,1,3,0,3,0,112.0,main:3-5-7@2.8x2u | middle:1-3-5@13.1x1u | middle:2-3-7@29.6x1u | middle:3-6-7@32.0x1u
1220240716010008,1,,1-3-7,0,,700,0,-700,6,1,0,5,0,5,102.857143,main:3-4-6@3.6x2u | hole:1-4-7@23.7x1u | hole:2-4-5@24.3x1u | hole:2-5-7@33.3x1u | hole:1-2-7@35.2x1u | hole:1-5-7@18.0x1u
1220240716010009,1,,1-5-7,0,,200,0,-200,2,1,0,1,0,1,205.0,main:2-4-7@4.1x1u | hole:1-3-5@7.0x1u
1220240716010010,1,,2-3-5,1,hole,600,810.0,210.0,4,1,1,2,1,2,126.666667,main:3-4-7@3.8x2u | middle:3-5-7@4.6x2u | hole:2-3-5@8.1x1u | hole:2-3-6@63.4x1u
1220240716010011,1,,1-4-5,1,main,3400,3420.0,20.0,6,1,2,3,3,3,100.588235,main:1-4-5@1.9x18u | middle:2-4-5@4.5x8u | middle:4-5-7@7.5x5u | hole:2-5-7@114.2x1u | hole:3-5-7@39.6x1u | hole:2-4-6@76.1x1u
1220240813010006,1,,1-3-4,0,,600,0,-600,5,1,3,1,3,1,116.666667,main:3-5-7@3.5x2u | middle:3-4-5@16.3x1u | middle:1-3-7@40.9x1u | middle:3-6-7@51.3x1u | hole:2-5-6@57.5x1u
1220240813010007,1,,1-4-5,0,,300,0,-300,3,1,2,0,2,0,126.666667,main:1-3-4@3.8x1u | middle:1-3-5@15.4x1u | middle:3-4-6@11.4x1u
1220240813010008,1,,1-5-6,1,hole,500,2320.0,1820.0,5,1,1,3,1,3,148.0,main:3-4-7@7.4x1u | middle:3-6-7@23.9x1u | hole:1-5-6@23.2x1u | hole:1-2-5@7.8x1u | hole:1-2-6@26.6x1u
1220240813010009,1,,2-5-7,1,main,900,1050.0,150.0,6,1,2,3,2,3,116.666667,main:2-5-7@3.5x3u | middle:1-2-5@24.5x1u | middle:2-6-7@50.6x1u | hole:1-2-4@7.6x2u | hole:1-3-4@22.0x1u | hole:1-2-6@130.4x1u
1220240813010010,1,,2-5-7,0,,700,0,-700,5,1,3,1,3,1,111.428571,main:1-4-5@2.6x3u | middle:1-3-5@9.4x1u | middle:1-5-6@21.0x1u | middle:4-5-7@83.8x1u | hole:1-2-6@26.4x1u
1220240813010011,1,,2-3-5,0,,200,0,-200,2,1,0,1,0,1,125.0,main:1-4-7@2.5x1u | hole:1-3-5@16.5x1u
1220240830010008,1,,1-3-7,0,,400,0,-400,4,1,1,2,1,2,122.5,main:1-5-7@4.9x1u | middle:1-5-6@17.0x1u | hole:3-4-7@9.7x1u | hole:1-3-6@48.0x1u
1220240830010009,1,,3-4-5,1,middle,1100,2110.0,1010.0,9,1,3,5,3,5,117.272727,main:2-3-5@4.3x3u | middle:3-4-5@21.1x1u | middle:1-2-5@33.1x1u | middle:2-3-6@103.1x1u | hole:1-3-4@30.1x1u | hole:1-3-6@142.4x1u | hole:1-5-7@69.0x1u | hole:3-6-7@169.4x1u | hole:1-4-6@233.3x1u
1220240830010010,1,,1-5-7,1,middle,1400,1520.0,120.0,7,1,3,3,3,3,103.571429,main:1-4-7@3.0x5u | middle:1-5-7@3.8x4u | middle:1-3-4@74.2x1u | middle:2-4-7@128.8x1u | hole:1-2-5@14.5x1u | hole:2-5-6@36.9x1u | hole:1-3-5@44.8x1u
1220240830010011,1,,2-4-5,0,,2500,0,-2500,5,1,3,1,3,1,100.8,main:1-3-4@1.8x14u | middle:1-2-4@3.2x8u | middle:1-4-5@27.9x1u | middle:1-4-6@30.9x1u | hole:2-4-6@78.6x1u
1220241015010006,1,,2-3-7,1,middle,1000,1110.0,110.0,7,1,3,3,3,3,111.0,main:2-3-4@3.8x3u | middle:2-3-7@11.1x1u | middle:1-2-3@27.7x1u | middle:3-4-6@30.4x1u | hole:2-5-7@7.5x2u | hole:2-5-6@62.3x1u | hole:3-6-7@182.8x1u
1220241015010007,1,,2-5-7,0,,600,0,-600,5,1,3,1,3,1,140.0,main:1-2-4@4.2x2u | middle:1-4-7@11.6x1u | middle:1-3-4@8.7x1u | middle:2-4-5@16.3x1u | hole:2-6-7@87.8x1u
1220241015010008,1,,1-4-5,1,main,500,580.0,80.0,4,1,2,1,2,1,116.0,main:1-4-5@2.9x2u | middle:1-2-5@15.8x1u | middle:1-5-6@37.8x1u | hole:3-4-7@100.0x1u
1220241015010009,1,,1-4-7,0,,1100,0,-1100,5,1,2,2,2,2,104.545455,main:1-3-4@2.3x5u | middle:1-3-7@4.4x3u | middle:1-2-3@13.5x1u | hole:2-5-7@18.0x1u | hole:2-6-7@120.5x1u
1220241015010010,1,,2-4-5,1,main,800,880.0,80.0,6,1,2,3,2,3,110.0,main:2-4-5@4.4x2u | middle:2-5-7@5.7x2u | middle:1-2-5@12.0x1u | hole:1-3-7@16.5x1u | hole:3-5-6@80.2x1u | hole:1-6-7@42.8x1u
1220241015010011,1,,1-2-7,0,,1700,0,-1700,5,1,2,2,2,2,104.117647,main:1-4-5@2.0x9u | middle:1-5-7@3.6x5u | middle:1-5-6@27.4x1u | hole:3-5-7@17.7x1u | hole:3-6-7@145.6x1u
1220241023010008,1,,1-2-7,1,main,600,960.0,360.0,5,1,2,2,2,2,160.0,main:1-2-7@4.8x2u | middle:1-4-7@16.4x1u | middle:1-3-7@27.7x1u | hole:3-5-6@253.4x1u | hole:1-4-5@45.3x1u
1220241023010009,1,,1-2-4,0,,400,0,-400,4,1,2,1,2,1,115.0,main:2-5-7@4.6x1u | middle:2-4-5@22.0x1u | middle:2-6-7@84.9x1u | hole:3-5-6@360.9x1u
1220241023010010,1,,1-6-7,1,middle,3400,3470.0,70.0,8,1,3,4,3,4,101.470588,main:1-5-7@1.5x23u | middle:1-2-7@19.2x2u | middle:1-4-7@13.8x3u | middle:1-6-7@34.7x1u | hole:1-2-6@34.6x1u | hole:1-3-4@23.9x2u | hole:2-3-4@52.4x1u | hole:2-4-6@76.8x1u
1220241023010011,1,,2-3-5,1,main,1100,1320.0,220.0,8,1,2,5,2,5,114.545455,main:2-3-5@4.4x3u | middle:3-5-6@6.3x2u | middle:2-3-7@21.1x1u | hole:1-3-7@94.7x1u | hole:2-6-7@118.9x1u | hole:1-3-4@19.1x1u | hole:3-4-6@101.9x1u | hole:1-6-7@362.7x1u
1320240116010006,1,,1-4-5,0,,200,0,-200,2,1,1,0,1,0,190.0,main:1-4-7@3.8x1u | middle:1-4-6@21.4x1u
1320240116010007,1,,1-3-4,0,,600,0,-600,6,1,2,3,2,3,133.333333,main:1-2-7@8.0x1u | middle:1-2-6@43.9x1u | middle:2-3-7@16.9x1u | hole:1-4-6@15.8x1u | hole:3-4-5@31.2x1u | hole:3-5-6@87.6x1u
1320240116010008,1,,1-5-6,0,,200,0,-200,2,1,1,0,1,0,230.0,main:1-2-5@4.6x1u | middle:2-5-7@8.0x1u
1320240116010009,1,,1-3-7,0,,600,0,-600,4,1,2,1,2,1,103.333333,main:2-3-7@3.1x2u | middle:1-2-7@4.7x2u | middle:2-4-7@40.1x1u | hole:1-5-6@8.3x1u
1320240116010010,1,,2-4-6,0,,700,0,-700,6,1,2,3,2,3,117.142857,main:3-5-7@4.1x2u | middle:1-3-7@60.6x1u | middle:3-4-5@16.6x1u | hole:2-3-4@8.2x1u | hole:1-2-4@15.8x1u | hole:2-3-6@74.6x1u
1320240116010011,1,,1-3-7,1,middle,400,980.0,580.0,3,1,1,1,1,1,125.0,main:1-5-7@2.5x2u | middle:1-3-7@9.8x1u | hole:2-3-5@44.8x1u
1320240202010006,1,,3-4-5,0,,400,0,-400,3,1,2,0,2,0,150.0,main:1-3-5@3.0x2u | middle:1-3-4@12.2x1u | middle:1-5-6@44.6x1u
1320240202010007,1,,1-4-5,0,,500,0,-500,4,1,2,1,2,1,108.0,main:3-4-5@2.7x2u | middle:2-3-5@18.0x1u | middle:4-5-6@83.7x1u | hole:1-5-7@98.7x1u
1320240202010008,1,,3-4-7,0,,200,0,-200,2,1,1,0,1,0,185.0,main:3-5-7@3.7x1u | middle:2-3-7@15.2x1u
1320240202010009,1,,3-4-7,1,main,1400,1560.0,160.0,6,1,3,2,3,2,108.571429,main:3-4-7@2.6x6u | middle:4-5-7@3.8x4u | middle:4-6-7@35.1x1u | middle:1-3-7@158.7x1u | hole:1-4-6@63.3x1u | hole:2-4-6@143.0x1u
1320240202010010,1,,2-5-7,1,middle,1000,2940.0,1940.0,4,1,3,0,3,0,105.0,main:2-4-5@1.5x7u | middle:3-4-5@36.3x1u | middle:2-5-7@29.4x1u | middle:4-5-6@53.9x1u
1320240202010011,1,,1-5-7,1,main,500,510.0,10.0,3,1,2,0,2,0,102.0,main:1-5-7@1.7x3u | middle:1-3-5@5.8x1u | middle:1-2-5@16.7x1u
1320240301010006,1,,3-4-6,0,,500,0,-500,4,1,1,2,1,2,124.0,main:2-4-7@3.1x2u | middle:2-5-7@23.9x1u | hole:3-4-5@10.1x1u | hole:3-6-7@78.1x1u
1320240301010007,1,,1-3-7,1,main,600,680.0,80.0,5,1,2,2,2,2,113.333333,main:1-3-7@3.4x2u | middle:1-6-7@20.6x1u | middle:3-5-7@17.4x1u | hole:4-5-7@46.9x1u | hole:4-6-7@189.3x1u
1320240301010008,1,,2-3-5,0,,800,0,-800,6,1,1,4,1,4,123.75,main:1-4-5@3.3x3u | middle:1-5-6@49.4x1u | hole:3-5-7@20.6x1u | hole:1-3-6@76.1x1u | hole:2-4-7@84.0x1u | hole:1-6-7@99.7x1u
1320240301010009,1,,1-5-6,1,hole,4900,6810.0,1910.0,8,1,4,3,4,3,100.816327,main:3-5-7@2.6x19u | middle:1-5-7@4.7x11u | middle:2-5-7@8.4x6u | middle:5-6-7@19.6x3u | middle:4-5-7@17.2x3u | hole:1-5-6@22.7x3u | hole:1-2-6@30.5x2u | hole:1-2-4@33.3x2u
1320240301010010,1,,1-2-4,0,,600,0,-600,3,1,2,0,2,0,106.666667,main:2-3-7@1.6x4u | middle:2-6-7@31.5x1u | middle:2-3-4@59.1x1u
1320240301010011,1,,1-2-4,0,,2100,0,-2100,8,1,2,5,2,5,102.857143,main:1-4-5@1.8x12u | middle:1-4-7@8.3x3u | middle:1-4-6@24.4x1u | hole:3-4-7@24.7x1u | hole:2-3-4@74.7x1u | hole:2-4-6@109.9x1u | hole:1-6-7@165.4x1u | hole:2-3-6@169.3x1u
1320240405010008,1,,1-5-7,0,,800,0,-800,6,1,2,3,2,3,123.75,main:3-4-7@3.3x3u | middle:3-4-6@37.9x1u | middle:2-3-4@21.3x1u | hole:1-2-4@19.5x1u | hole:2-4-6@25.8x1u | hole:1-6-7@228.8x1u
1320240405010009,1,,1-5-7,0,,800,0,-800,7,1,2,4,2,4,117.5,main:1-3-7@4.7x2u | middle:3-6-7@65.8x1u | middle:1-2-3@32.8x1u | hole:2-3-5@21.0x1u | hole:2-3-6@112.8x1u | hole:3-4-6@117.4x1u | hole:2-5-6@130.1x1u
1320240405010010,1,,4-5-7,0,,1900,0,-1900,6,1,3,2,3,2,103.157895,main:2-4-5@2.5x8u | middle:2-3-4@4.9x4u | middle:1-2-4@6.7x3u | middle:2-5-7@38.3x1u | hole:2-3-7@16.7x2u | hole:3-6-7@190.7x1u
1320240405010011,1,,1-3-4,1,hole,800,1390.0,590.0,7,1,2,4,2,4,110.0,main:2-5-7@4.4x2u | middle:5-6-7@14.2x1u | middle:3-5-7@35.6x1u | hole:1-3-4@13.9x1u | hole:1-5-6@57.4x1u | hole:4-5-6@26.0x1u | hole:3-5-6@105.0x1u
1320240629010008,1,,1-3-7,0,,100,0,-100,1,1,0,0,0,0,390.0,main:1-4-7@3.9x1u
1320240629010009,1,,1-4-5,1,main,800,930.0,130.0,6,1,2,3,2,3,116.25,main:1-4-5@3.1x3u | middle:1-5-7@12.9x1u | middle:2-4-5@99.1x1u | hole:2-3-7@13.4x1u | hole:2-3-6@88.1x1u | hole:2-6-7@96.1x1u
1320240629010010,1,,1-2-7,0,,900,0,-900,7,1,2,4,2,4,104.444444,main:2-4-7@4.7x2u | middle:2-3-7@7.2x2u | middle:4-6-7@27.9x1u | hole:3-5-7@15.4x1u | hole:1-3-5@62.3x1u | hole:4-5-6@86.9x1u | hole:1-3-6@93.2x1u
1320240629010011,1,,1-4-5,1,middle,3300,3360.0,60.0,5,1,2,2,2,2,101.818182,main:2-4-5@2.4x14u | middle:3-4-5@5.0x7u | middle:1-4-5@5.6x6u | hole:1-3-4@9.1x4u | hole:1-3-7@21.0x2u
1320240914010006,1,,3-4-5,1,main,300,380.0,80.0,3,1,1,1,1,1,126.666667,main:3-4-5@3.8x1u | middle:3-5-6@23.3x1u | hole:1-4-6@48.3x1u
1320240914010007,1,,1-2-7,1,middle,1100,1920.0,820.0,8,1,2,5,2,5,103.636364,main:2-5-7@3.8x3u | middle:2-5-6@12.4x1u | middle:1-2-7@9.6x2u | hole:3-4-7@12.9x1u | hole:1-4-7@21.6x1u | hole:1-3-4@51.0x1u | hole:3-4-6@143.9x1u | hole:1-6-7@160.7x1u
1320240914010008,1,,2-3-7,0,,400,0,-400,3,1,0,2,0,2,150.0,main:3-4-5@3.0x2u | hole:2-5-7@23.5x1u | hole:1-2-6@44.9x1u
1320240914010009,1,,1-4-5,1,main,200,230.0,30.0,2,1,1,0,1,0,115.0,main:1-4-5@2.3x1u | middle:1-3-4@9.9x1u
1320240914010010,1,,2-5-7,1,main,1200,1250.0,50.0,6,1,3,2,3,2,104.166667,main:2-5-7@2.5x5u | middle:2-3-7@15.1x1u | middle:1-5-7@14.1x1u | middle:2-6-7@5.3x3u | hole:1-2-6@184.8x1u | hole:2-4-6@205.2x1u
1320240914010011,1,,1-5-7,1,main,1100,1120.0,20.0,4,1,3,0,3,0,101.818182,main:1-5-7@1.6x7u | middle:1-4-7@11.5x1u | middle:1-2-7@6.2x2u | middle:5-6-7@49.2x1u
1320241130010008,1,,1-2-7,0,,300,0,-300,3,1,0,2,0,2,103.333333,main:1-4-7@3.1x1u | hole:2-3-5@18.3x1u | hole:1-2-6@44.7x1u
1320241130010009,1,,2-3-4,1,main,300,410.0,110.0,3,1,2,0,2,0,136.666667,main:2-3-4@4.1x1u | middle:2-3-5@16.9x1u | middle:1-3-4@18.4x1u
1320241130010010,1,,1-4-7,1,main,700,780.0,80.0,4,1,2,1,2,1,111.428571,main:1-4-7@3.9x2u | middle:1-2-7@4.7x2u | middle:1-3-7@4.1x2u | hole:3-6-7@35.8x1u
2120240513010006,1,,1-3-5,1,main,700,820.0,120.0,5,1,1,3,1,3,117.142857,main:1-3-5@4.1x2u | middle:3-4-5@5.1x2u | hole:2-3-4@16.5x1u | hole:2-4-6@24.4x1u | hole:2-4-7@58.7x1u
2120240513010007,1,,1-3-7,1,middle,900,1120.0,220.0,6,1,4,1,4,1,114.444444,main:1-3-5@3.6x3u | middle:1-3-7@5.6x2u | middle:1-3-6@25.2x1u | middle:1-2-3@10.3x1u | middle:1-3-4@31.2x1u | hole:1-6-7@105.1x1u
2120240513010008,1,,3-4-7,1,main,300,380.0,80.0,2,1,0,1,0,1,126.666667,main:3-4-7@1.9x2u | hole:2-3-5@70.9x1u
2120240513010009,1,,2-6-7,0,,200,0,-200,2,1,1,0,1,0,175.0,main:2-3-5@3.5x1u | middle:2-4-5@3.8x1u
2120240513010011,1,,4-5-7,0,,700,0,-700,5,1,1,3,1,3,108.571429,main:1-5-7@3.8x2u | middle:1-4-5@5.4x2u | hole:4-6-7@218.4x1u | hole:2-4-5@57.8x1u | hole:2-6-7@49.7x1u
2120240614010006,1,,1-4-7,1,middle,300,520.0,220.0,3,1,2,0,2,0,116.666667,main:3-4-7@3.5x1u | middle:1-4-7@5.2x1u | middle:3-5-7@6.1x1u
2120240614010007,1,,1-2-7,0,,200,0,-200,2,1,1,0,1,0,130.0,main:1-2-5@2.6x1u | middle:1-4-5@22.7x1u
2120240614010008,1,,1-2-3,0,,400,0,-400,3,1,1,1,1,1,110.0,main:2-3-7@2.2x2u | middle:3-4-7@4.7x1u | hole:3-4-6@119.4x1u
2120240614010009,1,,1-2-5,1,main,100,280.0,180.0,1,1,0,0,0,0,280.0,main:1-2-5@2.8x1u
2120240614010010,1,,1-3-5,1,middle,300,340.0,40.0,3,1,2,0,2,0,113.333333,main:2-3-5@3.5x1u | middle:2-3-7@5.1x1u | middle:1-3-5@3.4x1u
2120240614010011,1,,2-4-5,1,middle,300,510.0,210.0,2,1,1,0,1,0,106.666667,main:2-5-7@1.6x2u | middle:2-4-5@5.1x1u
2120240729010006,1,,2-3-4,0,,500,0,-500,3,1,2,0,2,0,112.0,main:1-2-3@2.8x2u | middle:1-3-6@3.2x2u | middle:2-3-5@33.1x1u
2120240729010007,1,,3-5-7,0,,300,0,-300,3,1,2,0,2,0,156.666667,main:2-3-4@4.7x1u | middle:2-3-7@17.5x1u | middle:1-2-4@21.5x1u
2120240729010008,1,,1-2-4,0,,400,0,-400,3,1,1,1,1,1,115.0,main:2-4-5@2.3x2u | middle:1-2-5@15.7x1u | hole:1-5-7@20.2x1u
2120240729010009,1,,1-5-7,1,main,400,440.0,40.0,3,1,2,0,2,0,110.0,main:1-5-7@2.2x2u | middle:2-5-7@5.7x1u | middle:4-5-7@8.0x1u
2120240729010010,1,,1-3-7,0,,600,0,-600,3,1,2,0,2,0,106.666667,main:3-4-7@1.6x4u | middle:2-3-7@10.3x1u | middle:4-5-7@35.2x1u
2120240729010011,1,,2-3-5,0,,1200,0,-1200,4,1,3,0,3,0,105.0,main:1-4-7@2.2x6u | middle:1-4-5@6.3x2u | middle:1-4-6@16.8x1u | middle:1-3-4@4.3x3u
2120240923010006,1,,1-3-4,0,,1000,0,-1000,8,1,3,4,3,4,116.0,main:1-2-7@5.8x2u | middle:2-5-7@53.3x1u | middle:1-6-7@23.2x1u | middle:2-3-7@36.8x1u | hole:3-4-5@81.5x1u | hole:1-5-6@8.4x2u | hole:4-6-7@83.2x1u | hole:3-4-6@64.9x1u
2120240923010007,1,,2-4-5,1,middle,300,1040.0,740.0,3,1,1,1,1,1,130.0,main:1-2-5@3.9x1u | middle:2-4-5@10.4x1u | hole:1-3-4@17.9x1u
2120240923010008,1,,1-4-5,0,,600,0,-600,4,1,0,3,0,3,105.0,main:1-2-5@2.1x3u | hole:1-3-4@11.2x1u | hole:1-4-6@124.6x1u | hole:4-5-7@205.5x1u
2120240923010009,1,,2-4-7,1,main,500,570.0,70.0,3,1,2,0,2,0,114.0,main:2-4-7@1.9x3u | middle:3-4-7@33.2x1u | middle:2-6-7@48.7x1u
2120240923010010,1,,1-2-4,0,,200,0,-200,2,1,0,1,0,1,205.0,main:1-4-7@4.1x1u | hole:2-5-7@8.5x1u
2120240923010011,1,,1-2-5,0,,500,0,-500,4,1,2,1,2,1,156.0,main:1-4-7@3.9x2u | middle:3-4-7@11.9x1u | middle:1-2-4@19.2x1u | hole:3-6-7@62.5x1u
2120241105010008,1,,1-2-3,0,,400,0,-400,4,1,1,2,1,2,122.5,main:1-2-5@4.9x1u | middle:1-2-4@13.3x1u | hole:1-3-6@13.2x1u | hole:3-4-6@46.2x1u
2120241105010009,1,,1-2-7,0,,400,0,-400,4,1,2,1,2,1,102.5,main:1-4-7@4.1x1u | middle:1-3-4@12.9x1u | middle:1-4-5@22.6x1u | hole:2-5-7@11.7x1u
2120241105010010,1,,1-4-5,0,,400,0,-400,3,1,2,0,2,0,150.0,main:2-5-7@3.0x2u | middle:2-3-5@7.6x1u | middle:2-5-6@9.4x1u
2120241105010011,1,,2-3-7,0,,600,0,-600,5,1,2,2,2,2,118.333333,main:2-3-4@3.6x2u | middle:3-4-7@7.1x1u | middle:3-4-5@35.8x1u | hole:3-6-7@109.8x1u | hole:2-5-7@40.5x1u
2220240218010006,1,,1-5-6,0,,100,0,-100,1,1,0,0,0,0,320.0,main:1-2-5@3.2x1u
2220240218010007,1,,1-3-5,0,,600,0,-600,5,1,3,1,3,1,106.666667,main:1-2-3@3.2x2u | middle:1-3-6@9.2x1u | middle:2-3-5@11.5x1u | middle:2-3-7@18.6x1u | hole:1-4-6@350.5x1u
2220240218010008,1,,3-4-7,1,main,600,660.0,60.0,4,1,2,1,2,1,110.0,main:3-4-7@2.2x3u | middle:2-3-7@7.3x1u | middle:1-3-4@21.5x1u | hole:2-3-5@14.5x1u
2220240218010009,1,,1-4-7,1,main,500,540.0,40.0,4,1,2,1,2,1,108.0,main:1-4-7@2.7x2u | middle:1-3-4@6.0x1u | middle:1-2-7@35.7x1u | hole:1-2-6@64.9x1u
2220240218010010,1,,2-5-6,0,,200,0,-200,2,1,1,0,1,0,160.0,main:1-4-7@3.2x1u | middle:1-4-6@25.0x1u
2220240218010011,1,,1-2-7,0,,300,0,-300,2,1,0,1,0,1,106.666667,main:1-3-7@1.6x2u | hole:4-5-7@26.1x1u
2220240315010008,1,,1-2-3,0,,400,0,-400,4,1,1,2,1,2,110.0,main:3-4-7@4.5x1u | middle:2-4-7@4.4x1u | hole:2-3-5@77.2x1u | hole:2-3-6@354.1x1u
2220240315010009,1,,1-3-7,0,,100,0,-100,1,1,0,0,0,0,340.0,main:2-5-7@3.4x1u
2220240315010010,1,,4-5-7,1,middle,300,900.0,600.0,2,1,1,0,1,0,126.666667,main:2-4-7@1.9x2u | middle:4-5-7@9.0x1u
2220240315010011,1,,1-5-6,0,,300,0,-300,2,1,1,0,1,0,106.666667,main:1-5-7@1.6x2u | middle:2-5-7@33.0x1u
2220240708010006,1,,1-3-7,0,,400,0,-400,3,1,0,2,0,2,120.0,main:2-3-7@2.4x2u | hole:1-6-7@34.5x1u | hole:1-3-4@56.6x1u
2220240708010007,1,,4-5-6,0,,700,0,-700,5,1,2,2,2,2,111.428571,main:2-4-5@2.6x3u | middle:1-2-4@9.0x1u | middle:2-3-4@15.9x1u | hole:1-6-7@11.2x1u | hole:1-3-7@32.4x1u
2220240708010008,1,,1-3-7,1,hole,400,720.0,320.0,3,1,1,1,1,1,130.0,main:2-4-5@2.6x2u | middle:1-2-5@6.0x1u | hole:1-3-7@7.2x1u
2220240708010009,1,,1-3-4,1,main,700,1020.0,320.0,5,1,3,1,3,1,137.142857,main:1-3-4@5.1x2u | middle:1-3-6@28.0x1u | middle:1-3-5@17.2x1u | middle:1-2-4@13.2x1u | hole:1-2-5@4.8x2u
2220240708010010,1,,1-5-7,1,main,800,880.0,80.0,5,1,2,2,2,2,110.0,main:1-5-7@2.2x4u | middle:3-5-7@21.5x1u | middle:1-6-7@125.9x1u | hole:2-3-4@42.5x1u | hole:3-4-6@71.4x1u
2220240708010011,1,,2-4-6,1,middle,900,1510.0,610.0,3,1,2,0,2,0,106.666667,main:2-4-7@1.6x6u | middle:2-4-6@15.1x1u | middle:2-4-5@5.9x2u
2220240816010006,1,,3-4-7,0,,200,0,-200,2,1,1,0,1,0,130.0,main:1-3-7@2.6x1u | middle:1-3-5@27.6x1u
2220240816010007,1,,1-3-7,1,main,400,500.0,100.0,4,1,3,0,3,0,125.0,main:1-3-7@5.0x1u | middle:3-5-7@14.0x1u | middle:3-4-7@12.0x1u | middle:2-3-7@30.7x1u
2220240816010008,1,,1-2-5,1,main,400,460.0,60.0,4,1,1,2,1,2,115.0,main:1-2-5@4.6x1u | middle:1-4-5@11.7x1u | hole:3-4-7@53.2x1u | hole:3-6-7@212.5x1u
2220240816010009,1,,2-4-7,0,,300,0,-300,2,1,1,0,1,0,126.666667,main:2-5-7@1.9x2u | middle:1-2-7@4.6x1u
2220240816010010,1,,1-2-5,0,,700,0,-700,5,1,3,1,3,1,107.142857,main:1-2-4@2.5x3u | middle:2-4-5@13.7x1u | middle:2-3-4@8.8x1u | middle:2-4-6@25.7x1u | hole:1-3-5@21.7x1u
2220240816010011,1,,1-4-7,1,main,300,400.0,100.0,2,1,1,0,1,0,133.333333,main:1-4-7@2.0x2u | middle:1-2-7@4.1x1u
2220240901010006,1,,1-2-3,1,middle,700,2470.0,1770.0,5,1,3,1,3,1,111.428571,main:2-3-5@3.9x2u | middle:1-2-3@24.7x1u | middle:3-5-6@5.5x2u | middle:2-3-7@14.1x1u | hole:1-2-4@33.1x1u
2220240901010007,1,,3-4-7,0,,500,0,-500,4,1,1,2,1,2,132.0,main:2-3-7@3.3x2u | middle:2-6-7@59.4x1u | hole:1-2-4@73.8x1u | hole:1-2-5@30.0x1u
2220240901010008,1,,1-5-7,1,main,400,420.0,20.0,3,1,2,0,2,0,105.0,main:1-5-7@2.1x2u | middle:1-3-7@20.7x1u | middle:1-4-7@17.5x1u
2220240901010009,1,,1-3-5,0,,500,0,-500,4,1,2,1,2,1,152.0,main:2-3-7@3.8x2u | middle:1-2-3@11.9x1u | middle:2-3-6@21.2x1u | hole:3-4-5@114.8x1u
2220240901010010,1,,1-2-4,0,,300,0,-300,3,1,2,0,2,0,133.333333,main:2-3-4@4.0x1u | middle:2-3-5@6.1x1u | middle:2-4-7@4.6x1u
2220240901010011,1,,1-4-7,1,main,600,640.0,40.0,3,1,1,1,1,1,106.666667,main:1-4-7@1.6x4u | middle:1-5-7@95.8x1u | hole:1-3-5@36.3x1u
2220241204010008,1,,1-4-5,0,,400,0,-400,4,1,0,3,0,3,130.0,main:1-3-4@5.2x1u | hole:1-2-5@9.2x1u | hole:1-2-7@20.0x1u | hole:1-2-6@34.5x1u
2220241204010009,1,,2-3-4,0,,600,0,-600,6,1,1,4,1,4,121.666667,main:2-3-5@7.3x1u | middle:3-5-6@17.4x1u | hole:1-3-7@21.7x1u | hole:1-3-6@52.3x1u | hole:1-4-7@40.5x1u | hole:1-6-7@123.3x1u
2220241204010010,1,,1-2-5,1,main,600,800.0,200.0,5,1,2,2,2,2,133.333333,main:1-2-5@4.0x2u | middle:1-2-7@16.3x1u | middle:1-4-5@13.1x1u | hole:2-4-7@40.1x1u | hole:3-5-7@56.0x1u
2220241204010011,1,,1-5-7,0,,400,0,-400,3,1,2,0,2,0,105.0,main:1-2-5@2.5x2u | middle:1-2-6@32.0x1u | middle:2-5-7@4.2x1u
2320240210010008,1,,2-5-6,1,hole,1100,7090.0,5990.0,9,1,3,5,3,5,103.636364,main:1-4-5@5.7x2u | middle:1-2-4@6.1x2u | middle:1-3-5@11.9x1u | middle:1-4-6@22.6x1u | hole:2-3-5@15.8x1u | hole:2-5-6@70.9x1u | hole:3-5-7@15.7x1u | hole:3-5-6@63.5x1u | hole:2-6-7@224.9x1u
2320240210010009,1,,1-2-6,0,,700,0,-700,4,1,2,1,2,1,108.571429,main:1-4-5@2.6x3u | middle:1-5-7@21.4x1u | middle:1-2-5@3.8x2u | hole:2-5-7@17.7x1u
2320240210010010,1,,1-2-4,1,middle,300,1420.0,1120.0,3,1,2,0,2,0,193.333333,main:1-4-6@5.8x1u | middle:1-6-7@12.8x1u | middle:1-2-4@14.2x1u
2320240210010011,1,,1-6-7,1,middle,300,1350.0,1050.0,3,1,2,0,2,0,103.333333,main:1-5-7@3.1x1u | middle:1-3-7@17.6x1u | middle:1-6-7@13.5x1u
2320240506010008,1,,3-5-7,0,,200,0,-200,2,1,1,0,1,0,230.0,main:1-2-4@4.6x1u | middle:1-4-6@16.6x1u
2320240506010009,1,,1-4-5,1,main,800,1160.0,360.0,7,1,2,4,2,4,108.75,main:1-4-5@5.8x2u | middle:1-3-5@8.7x1u | middle:2-4-5@17.5x1u | hole:3-5-6@29.9x1u | hole:2-5-7@11.6x1u | hole:2-3-6@37.7x1u | hole:1-6-7@271.5x1u
2320240506010010,1,,3-5-7,1,main,300,360.0,60.0,3,1,2,0,2,0,120.0,main:3-5-7@3.6x1u | middle:2-3-7@4.1x1u | middle:3-6-7@23.4x1u
2320240506010011,1,,1-3-5,0,,600,0,-600,5,1,2,2,2,2,103.333333,main:1-4-5@3.1x2u | middle:1-2-5@8.7x1u | middle:1-5-7@13.2x1u | hole:1-3-7@19.5x1u | hole:2-5-6@50.9x1u
2320240821010008,1,,2-3-5,1,main,1200,1380.0,180.0,9,1,2,6,2,6,106.666667,main:2-3-5@4.6x3u | middle:2-4-5@12.8x1u | middle:1-2-3@18.5x1u | hole:1-3-7@6.5x2u | hole:3-4-7@21.3x1u | hole:1-3-4@27.0x1u | hole:3-4-6@23.8x1u | hole:1-3-6@63.2x1u | hole:1-6-7@321.9x1u
2320240821010009,1,,1-3-7,1,main,400,580.0,180.0,3,1,2,0,2,0,145.0,main:1-3-7@2.9x2u | middle:3-5-7@6.0x1u | middle:1-2-7@7.9x1u
2320240821010010,1,,1-5-6,1,middle,900,1040.0,140.0,7,1,2,4,2,4,104.444444,main:1-3-5@4.7x2u | middle:1-5-6@5.2x2u | middle:1-4-5@14.1x1u | hole:2-5-7@43.6x1u | hole:1-2-6@63.5x1u | hole:2-4-7@57.0x1u | hole:3-4-6@183.1x1u
2320240821010011,1,,4-5-6,0,,500,0,-500,4,1,1,2,1,2,104.0,main:1-4-7@2.6x2u | middle:3-4-7@6.6x1u | hole:3-4-5@12.3x1u | hole:3-5-6@76.6x1u
2320241112010008,1,,1-2-5,0,,500,0,-500,4,1,2,1,2,1,124.0,main:1-5-7@3.1x2u | middle:1-4-5@16.7x1u | middle:1-3-5@28.9x1u | hole:2-4-6@15.2x1u
2320241112010009,1,,1-3-5,0,,500,0,-500,4,1,2,1,2,1,140.0,main:1-4-7@3.5x2u | middle:1-2-4@23.7x1u | middle:1-4-6@36.4x1u | hole:3-5-6@34.4x1u
2320241112010010,1,,2-6-7,1,middle,500,1150.0,650.0,4,1,2,1,2,1,112.0,main:2-5-6@2.8x2u | middle:2-6-7@11.5x1u | middle:2-3-6@16.9x1u | hole:1-6-7@21.6x1u
2320241112010011,1,,4-5-7,1,middle,1100,1320.0,220.0,5,1,2,2,2,2,105.454545,main:1-4-5@2.9x4u | middle:4-5-7@4.4x3u | middle:4-5-6@32.6x1u | hole:3-4-7@5.9x2u | hole:2-4-7@32.2x1u
2320241221010007,1,,1-5-7,0,,800,0,-800,4,1,3,0,3,0,102.5,main:1-2-7@2.3x4u | middle:2-4-7@4.1x2u | middle:2-5-7@12.4x1u | middle:1-2-6@103.5x1u
2320241221010008,1,,1-3-5,1,main,500,660.0,160.0,4,1,3,0,3,0,132.0,main:1-3-5@3.3x2u | middle:1-5-7@31.2x1u | middle:3-4-5@22.1x1u | middle:3-5-6@77.1x1u
2320241221010009,1,,1-2-5,0,,400,0,-400,3,1,1,1,1,1,145.0,main:2-4-7@2.9x2u | middle:4-6-7@87.2x1u | hole:1-6-7@243.7x1u
2320241221010010,1,,3-4-7,1,main,100,140.0,40.0,1,1,0,0,0,0,140.0,main:3-4-7@1.4x1u
2320241221010011,1,,1-3-5,0,,400,0,-400,2,1,1,0,1,0,105.0,main:1-3-7@1.4x3u | middle:1-2-3@5.2x1u
2420240122010006,1,,1-2-7,0,,200,0,-200,2,1,1,0,1,0,160.0,main:1-4-7@3.2x1u | middle:1-4-5@15.4x1u
2420240122010007,1,,3-4-6,1,main,600,660.0,60.0,5,1,2,2,2,2,110.0,main:3-4-6@3.3x2u | middle:1-3-4@22.5x1u | middle:3-6-7@99.0x1u | hole:2-4-5@14.5x1u | hole:2-3-7@127.2x1u
2420240122010008,1,,1-4-6,0,,900,0,-900,7,1,2,4,2,4,102.222222,main:1-3-4@3.8x3u | middle:1-3-5@9.2x1u | middle:1-2-4@14.9x1u | hole:1-2-5@67.3x1u | hole:4-6-7@177.0x1u | hole:1-2-6@23.5x1u | hole:2-6-7@205.5x1u
2420240122010009,1,,2-3-4,0,,300,0,-300,3,1,1,1,1,1,156.666667,main:1-5-7@4.7x1u | middle:1-2-5@9.1x1u | hole:3-5-6@38.8x1u
2420240122010010,1,,3-4-7,1,main,300,400.0,100.0,2,1,1,0,1,0,133.333333,main:3-4-7@2.0x2u | middle:2-3-7@14.9x1u
2420240122010011,1,,1-5-7,1,middle,700,860.0,160.0,3,1,2,0,2,0,102.857143,main:1-3-5@1.8x4u | middle:1-5-7@4.3x2u | middle:2-3-5@111.0x1u
2420240325010006,1,,1-3-4,1,main,800,1020.0,220.0,6,1,2,3,2,3,127.5,main:1-3-4@3.4x3u | middle:1-4-5@40.6x1u | middle:1-4-6@39.6x1u | hole:2-4-7@16.9x1u | hole:2-5-7@119.2x1u | hole:1-6-7@117.6x1u
2420240325010007,1,,4-6-7,0,,1300,0,-1300,8,1,3,4,3,4,110.769231,main:2-3-7@3.6x4u | middle:3-5-7@14.9x1u | middle:1-2-7@5.6x3u | middle:2-6-7@29.7x1u | hole:1-4-5@79.8x1u | hole:1-2-4@33.9x1u | hole:1-5-6@166.3x1u | hole:1-4-6@32.9x1u
2420240325010008,1,,3-5-7,1,main,500,530.0,30.0,5,1,1,3,1,3,106.0,main:3-5-7@5.3x1u | middle:2-5-7@6.8x1u | hole:2-4-7@24.2x1u | hole:1-4-5@20.1x1u | hole:1-2-4@70.6x1u
2420240325010009,1,,3-4-7,1,main,900,1000.0,100.0,5,1,3,1,3,1,111.111111,main:3-4-7@2.5x4u | middle:1-3-7@6.6x2u | middle:2-3-4@19.7x1u | middle:3-5-7@22.0x1u | hole:2-3-6@44.3x1u
2420240325010010,1,,2-4-5,0,,600,0,-600,4,1,3,0,3,0,113.333333,main:1-3-5@3.4x2u | middle:2-3-5@3.8x2u | middle:3-5-7@41.4x1u | middle:3-5-6@89.4x1u
2420240325010011,1,,1-4-5,1,middle,1400,1830.0,430.0,7,1,3,3,3,3,105.714286,main:1-2-5@3.2x5u | middle:1-5-7@3.7x4u | middle:1-2-6@27.1x1u | middle:1-4-5@18.3x1u | hole:2-3-6@50.3x1u | hole:4-5-7@148.4x1u | hole:5-6-7@180.0x1u
2420240401010006,1,,2-3-5,0,,300,0,-300,3,1,2,0,2,0,110.0,main:1-3-7@3.3x1u | middle:1-5-7@6.7x1u | middle:1-2-7@11.3x1u
2420240401010007,1,,1-2-4,0,,100,0,-100,1,1,0,0,0,0,390.0,main:1-4-7@3.9x1u
2420240401010008,1,,4-6-7,0,,100,0,-100,1,1,0,0,0,0,250.0,main:1-4-5@2.5x1u
2420240401010009,1,,2-5-7,0,,200,0,-200,2,1,1,0,1,0,135.0,main:1-5-7@2.7x1u | middle:1-2-7@5.7x1u
2420240401010010,1,,1-3-5,1,hole,500,1850.0,1350.0,3,1,1,1,1,1,108.0,main:1-4-7@2.7x2u | middle:1-3-4@3.9x2u | hole:1-3-5@18.5x1u
2420240401010011,1,,3-4-5,0,,200,0,-200,2,1,1,0,1,0,120.0,main:1-5-7@2.4x1u | middle:3-5-7@4.0x1u
2420240503010007,1,,2-5-7,0,,600,0,-600,5,1,2,2,2,2,103.333333,main:2-3-7@3.1x2u | middle:3-4-7@24.5x1u | middle:1-2-7@15.8x1u | hole:4-5-7@57.7x1u | hole:1-2-4@64.4x1u
2420240503010008,1,,1-4-7,1,hole,700,1080.0,380.0,5,1,2,2,2,2,111.428571,main:2-3-5@2.6x3u | middle:3-5-7@20.4x1u | middle:2-3-6@36.6x1u | hole:1-4-7@10.8x1u | hole:1-6-7@104.6x1u
2420240503010009,1,,3-4-7,1,middle,1000,1500.0,500.0,6,1,2,3,2,3,110.0,main:1-4-7@2.2x5u | middle:3-4-7@15.0x1u | middle:4-6-7@47.5x1u | hole:3-6-7@177.7x1u | hole:2-4-5@68.4x1u | hole:2-4-6@111.8x1u
2420240503010010,1,,2-3-7,0,,600,0,-600,3,1,1,1,1,1,105.0,main:3-5-7@2.1x3u | middle:1-3-7@3.3x2u | hole:1-3-6@34.1x1u
2420240503010011,1,,1-3-4,0,,1300,0,-1300,6,1,3,2,3,2,101.538462,main:1-3-5@3.5x4u | middle:1-5-6@4.4x3u | middle:1-4-5@5.0x3u | middle:3-5-7@25.9x1u | hole:2-4-5@26.1x1u | hole:4-5-6@48.2x1u
2420240703010006,1,,1-3-7,0,,600,0,-600,4,1,3,0,3,0,115.0,main:2-3-5@2.3x3u | middle:1-2-5@21.8x1u | middle:2-3-4@40.2x1u | middle:3-5-6@24.0x1u
2420240703010007,1,,1-2-3,0,,400,0,-400,4,1,3,0,3,0,112.5,main:2-4-5@4.5x1u | middle:1-2-5@15.4x1u | middle:2-5-7@35.2x1u | middle:2-4-6@11.7x1u
2420240703010008,1,,1-3-7,1,middle,600,1030.0,430.0,4,1,2,1,2,1,133.333333,main:3-4-7@4.0x2u | middle:3-5-7@4.2x2u | middle:1-3-7@10.3x1u | hole:1-3-5@8.4x1u
2420240703010009,1,,1-4-5,1,middle,300,430.0,130.0,3,1,1,1,1,1,123.333333,main:1-3-5@3.7x1u | middle:1-4-5@4.3x1u | hole:4-5-7@53.9x1u
2420240703010010,1,,1-2-7,1,middle,1300,1740.0,440.0,4,1,3,0,3,0,106.153846,main:2-5-7@2.0x7u | middle:2-3-7@4.6x3u | middle:1-2-7@8.7x2u | middle:2-6-7@41.1x1u
2420240703010011,1,,3-4-6,1,hole,700,6420.0,5720.0,5,1,2,2,2,2,107.142857,main:1-4-7@2.5x3u | middle:3-4-7@25.8x1u | middle:4-6-7@18.0x1u | hole:2-4-6@13.2x1u | hole:3-4-6@64.2x1u
2520240301010006,1,,1-2-7,0,,300,0,-300,3,1,2,0,2,0,123.333333,main:1-4-5@3.7x1u | middle:1-4-6@19.4x1u | middle:1-3-4@46.7x1u
2520240301010007,1,,1-3-7,0,,600,0,-600,5,1,1,3,1,3,150.0,main:1-2-5@4.5x2u | middle:2-5-6@66.3x1u | hole:3-5-7@19.4x1u | hole:1-6-7@125.3x1u | hole:3-4-7@13.1x1u
2520240301010008,1,,1-4-5,1,main,1300,1320.0,20.0,4,1,2,1,2,1,101.538462,main:1-4-5@2.2x6u | middle:2-4-5@3.3x4u | middle:3-4-5@11.7x2u | hole:2-3-7@73.1x1u
2520240301010009,1,,1-5-7,1,main,500,510.0,10.0,3,1,1,1,1,1,102.0,main:1-5-7@1.7x3u | middle:1-3-7@6.0x1u | hole:2-4-7@48.8x1u
2520240301010010,1,,1-5-7,1,middle,700,800.0,100.0,3,1,2,0,2,0,114.285714,main:3-5-7@2.0x4u | middle:1-5-7@4.0x2u | middle:4-5-7@8.3x1u
2520240301010011,1,,2-5-7,0,,200,0,-200,2,1,1,0,1,0,120.0,main:2-4-7@2.4x1u | middle:1-2-7@2.8x1u
2520240415010006,1,,2-4-6,0,,400,0,-400,4,1,2,1,2,1,125.0,main:1-4-5@5.0x1u | middle:2-4-5@7.7x1u | middle:1-4-6@25.1x1u | hole:3-5-7@40.8x1u
2520240415010007,1,,1-3-4,0,,400,0,-400,3,1,1,1,1,1,125.0,main:2-5-7@2.5x2u | middle:1-2-7@8.9x1u | hole:1-4-6@105.7x1u
2520240415010008,1,,5-6-7,0,,300,0,-300,3,1,1,1,1,1,136.666667,main:2-5-7@4.1x1u | middle:1-2-5@6.4x1u | hole:1-3-7@29.6x1u
2520240415010009,1,,2-4-5,0,,400,0,-400,4,1,2,1,2,1,117.5,main:1-5-7@4.7x1u | middle:1-4-5@4.8x1u | middle:1-2-5@9.9x1u | hole:1-2-4@5.3x1u
2520240415010010,1,,1-5-7,0,,100,0,-100,1,1,0,0,0,0,350.0,main:1-3-5@3.5x1u
2520240415010011,1,,1-4-7,0,,200,0,-200,2,1,1,0,1,0,125.0,main:1-3-4@2.5x1u | middle:2-3-4@8.1x1u
2520240608010006,1,,1-4-7,0,,300,0,-300,3,1,1,1,1,1,116.666667,main:2-4-7@3.5x1u | middle:1-2-7@33.3x1u | hole:3-5-7@42.0x1u
2520240608010007,1,,3-4-7,1,main,500,640.0,140.0,4,1,2,1,2,1,106.0,main:3-4-7@3.2x2u | middle:2-3-7@5.3x1u | middle:3-5-7@14.9x1u | hole:1-2-6@109.0x1u
2520240608010008,1,,2-5-7,1,middle,1000,1710.0,710.0,8,1,2,5,2,5,123.0,main:3-5-7@4.1x3u | middle:2-5-7@17.1x1u | middle:4-5-7@31.3x1u | hole:1-3-4@103.8x1u | hole:3-4-6@383.8x1u | hole:2-6-7@197.3x1u | hole:1-2-7@30.5x1u | hole:1-4-6@140.9x1u
2520240608010009,1,,2-5-7,0,,600,0,-600,5,1,0,4,0,4,126.666667,main:2-4-7@3.8x2u | hole:1-2-3@14.6x1u | hole:1-2-5@34.1x1u | hole:1-3-6@112.4x1u | hole:1-5-6@264.7x1u
2520240608010010,1,,3-4-7,1,main,100,180.0,80.0,1,1,0,0,0,0,180.0,main:3-4-7@1.8x1u
2520240608010011,1,,4-6-7,0,,900,0,-900,6,1,3,2,3,2,111.111111,main:1-4-7@2.5x4u | middle:1-6-7@30.6x1u | middle:3-4-7@37.9x1u | middle:1-5-7@28.8x1u | hole:2-4-6@214.3x1u | hole:5-6-7@496.9x1u
2520240724010006,1,,2-3-7,1,main,400,540.0,140.0,3,1,1,1,1,1,135.0,main:2-3-7@2.7x2u | middle:3-6-7@83.4x1u | hole:3-4-6@82.4x1u
2520240724010007,1,,4-5-7,0,,400,0,-400,3,1,1,1,1,1,115.0,main:3-4-7@2.3x2u | middle:1-3-7@15.9x1u | hole:1-4-6@189.4x1u
2520240724010008,1,,3-5-7,0,,200,0,-200,2,1,1,0,1,0,135.0,main:3-4-5@2.7x1u | middle:3-4-7@13.3x1u
2520240724010009,1,,1-6-7,0,,100,0,-100,1,1,0,0,0,0,260.0,main:1-5-7@2.6x1u
2520240724010010,1,,3-4-7,1,middle,500,1050.0,550.0,3,1,2,0,2,0,108.0,main:2-4-7@1.8x3u | middle:3-4-7@10.5x1u | middle:1-2-4@15.5x1u
2520240724010011,1,,1-2-4,1,middle,500,2120.0,1620.0,3,1,2,0,2,0,108.0,main:1-4-7@1.8x3u | middle:1-2-4@21.2x1u | middle:1-4-5@5.6x1u
2520241119010006,1,,1-3-5,1,main,500,560.0,60.0,3,1,1,1,1,1,112.0,main:1-3-5@2.8x2u | middle:2-3-5@4.0x2u | hole:2-3-7@15.5x1u
2520241119010007,1,,1-2-5,0,,300,0,-300,3,1,2,0,2,0,103.333333,main:2-5-7@3.1x1u | middle:2-5-6@17.8x1u | middle:2-3-7@46.4x1u
2520241119010008,1,,1-3-5,0,,300,0,-300,3,1,1,1,1,1,126.666667,main:2-3-7@3.8x1u | middle:2-5-7@11.5x1u | hole:1-5-7@9.0x1u
2520241119010009,1,,1-4-7,1,main,500,600.0,100.0,4,1,2,1,2,1,120.0,main:1-4-7@3.0x2u | middle:1-3-7@6.8x1u | middle:1-6-7@17.5x1u | hole:3-5-7@14.6x1u
2520241217010006,1,,1-4-7,1,main,400,540.0,140.0,3,1,2,0,2,0,135.0,main:1-4-7@2.7x2u | middle:4-5-7@6.2x1u | middle:1-2-7@13.2x1u
2520241217010007,1,,2-5-7,0,,300,0,-300,3,1,2,0,2,0,123.333333,main:3-5-7@3.7x1u | middle:1-3-5@6.1x1u | middle:2-3-5@9.4x1u
2520241217010008,1,,1-5-7,1,main,600,820.0,220.0,5,1,2,2,2,2,125.0,main:1-5-7@4.1x2u | middle:1-2-5@7.5x1u | middle:5-6-7@88.5x1u | hole:2-6-7@15.6x1u | hole:2-3-4@56.5x1u
2520241217010009,1,,2-6-7,0,,200,0,-200,2,1,1,0,1,0,160.0,main:1-3-7@3.2x1u | middle:1-2-7@4.5x1u
2520241217010010,1,,2-4-5,0,,700,0,-700,3,1,2,0,2,0,102.857143,main:1-5-7@1.8x4u | middle:1-4-5@4.4x2u | middle:2-5-7@31.3x1u
2520241217010011,1,,3-5-6,0,,500,0,-500,4,1,3,0,3,0,152.0,main:3-5-7@3.8x2u | middle:3-4-7@9.0x1u | middle:1-3-5@34.3x1u | middle:3-6-7@65.1x1u
2620240213010006,1,,2-5-6,1,middle,300,570.0,270.0,3,1,2,0,2,0,133.333333,main:2-4-5@4.0x1u | middle:2-5-6@5.7x1u | middle:2-3-4@6.5x1u
2620240213010007,1,,1-4-5,0,,600,0,-600,6,1,1,4,1,4,105.0,main:2-4-7@6.3x1u | middle:4-5-7@62.3x1u | hole:1-2-5@48.8x1u | hole:1-4-6@31.6x1u | hole:1-3-4@24.3x1u | hole:3-4-6@52.0x1u
2620240213010008,1,,1-5-6,0,,400,0,-400,4,1,2,1,2,1,112.5,main:1-2-5@4.5x1u | middle:1-4-5@5.0x1u | middle:2-5-7@54.1x1u | hole:1-6-7@405.8x1u
2620240213010009,1,,1-3-4,1,main,300,410.0,110.0,3,1,2,0,2,0,136.666667,main:1-3-4@4.1x1u | middle:1-3-7@5.7x1u | middle:1-4-6@5.8x1u
2620240213010010,1,,1-2-7,0,,1300,0,-1300,7,1,3,3,3,3,101.538462,main:1-5-7@3.3x4u | middle:1-4-5@7.8x2u | middle:1-3-5@14.3x1u | middle:1-5-6@4.5x3u | hole:3-4-7@42.3x1u | hole:3-5-6@469.4x1u | hole:3-4-6@249.8x1u
2620240213010011,1,,1-3-5,1,middle,400,820.0,420.0,4,1,2,1,2,1,130.0,main:1-5-7@5.2x1u | middle:1-3-5@8.2x1u | middle:1-2-5@10.0x1u | hole:1-2-4@16.7x1u
2620240226010006,1,,1-2-4,1,main,400,420.0,20.0,3,1,2,0,2,0,105.0,main:1-2-4@2.1x2u | middle:2-4-5@5.6x1u | middle:2-4-6@16.0x1u
2620240226010007,1,,3-5-7,0,,700,0,-700,6,1,2,3,2,3,125.714286,main:2-5-7@4.4x2u | middle:2-5-6@37.2x1u | middle:1-2-5@8.8x1u | hole:3-6-7@105.4x1u | hole:1-6-7@49.6x1u | hole:1-3-6@108.7x1u
2620240226010008,1,,1-2-7,1,middle,600,840.0,240.0,4,1,3,0,3,0,110.0,main:1-4-7@2.2x3u | middle:1-2-7@8.4x1u | middle:1-3-4@10.5x1u | middle:4-5-7@43.8x1u
2620240226010009,1,,2-4-5,0,,200,0,-200,2,1,1,0,1,0,170.0,main:3-4-5@3.4x1u | middle:1-4-5@5.8x1u
2620240226010010,1,,1-4-5,0,,200,0,-200,2,1,0,1,0,1,240.0,main:2-3-4@4.8x1u | hole:1-5-7@5.1x1u
2620240226010011,1,,1-2-5,0,,400,0,-400,3,1,1,1,1,1,110.0,main:2-3-5@2.2x2u | middle:2-5-6@42.7x1u | hole:1-5-7@9.4x1u
2620240520010008,1,,2-5-7,0,,300,0,-300,3,1,2,0,2,0,116.666667,main:3-5-6@3.5x1u | middle:2-3-6@5.6x1u | middle:3-6-7@32.2x1u
2620240520010009,1,,1-3-7,0,,900,0,-900,8,1,2,5,2,5,131.111111,main:1-3-5@5.9x2u | middle:1-5-6@17.4x1u | middle:1-2-3@48.8x1u | hole:2-3-4@36.0x1u | hole:2-3-7@27.1x1u | hole:2-4-7@33.1x1u | hole:1-4-6@116.5x1u | hole:2-4-6@37.3x1u
2620240520010010,1,,4-5-7,0,,900,0,-900,4,1,2,1,2,1,115.555556,main:1-5-7@2.6x4u | middle:1-2-7@3.5x3u | middle:1-6-7@35.2x1u | hole:1-3-4@19.0x1u
2620240520010011,1,,1-2-7,0,,2000,0,-2000,11,1,4,6,4,6,101.5,main:2-4-7@2.9x7u | middle:4-5-7@12.4x2u | middle:2-3-7@16.2x2u | middle:2-6-7@46.0x1u | middle:1-4-7@26.2x1u | hole:3-5-7@11.1x2u | hole:1-5-7@24.6x1u | hole:1-6-7@43.8x1u | hole:1-3-5@49.6x1u | hole:1-3-6@86.7x1u | hole:3-5-6@100.2x1u
2620240712010006,1,,1-4-7,0,,600,0,-600,5,1,2,2,2,2,101.666667,main:1-5-7@4.5x2u | middle:4-5-7@6.1x1u | middle:1-3-7@110.4x1u | hole:3-4-5@98.3x1u | hole:2-3-5@138.4x1u
2620240712010007,1,,1-6-7,0,,500,0,-500,4,1,3,0,3,0,144.0,main:2-4-7@3.6x2u | middle:1-2-4@22.9x1u | middle:2-3-4@15.9x1u | middle:2-6-7@20.9x1u
2620240712010008,1,,1-2-5,0,,200,0,-200,2,1,1,0,1,0,130.0,main:1-5-6@2.6x1u | middle:1-3-5@9.8x1u
2620240712010009,1,,2-4-7,1,hole,400,460.0,60.0,4,1,2,1,2,1,115.0,main:1-5-7@4.7x1u | middle:4-5-7@17.3x1u | middle:1-2-7@20.4x1u | hole:2-4-7@4.6x1u
2620240712010010,1,,1-4-7,1,main,100,170.0,70.0,1,1,0,0,0,0,170.0,main:1-4-7@1.7x1u
2620240712010011,1,,2-4-5,1,main,500,520.0,20.0,2,1,1,0,1,0,104.0,main:2-4-5@1.3x4u | middle:4-5-6@53.7x1u
2620240810010008,1,,1-3-5,0,,400,0,-400,3,1,0,2,0,2,130.0,main:2-5-7@2.6x2u | hole:1-3-6@41.2x1u | hole:3-4-5@36.1x1u
2620240810010009,1,,1-4-5,1,middle,1000,1500.0,500.0,5,1,2,2,2,2,120.0,main:1-5-7@3.0x4u | middle:1-4-5@7.5x2u | middle:1-5-6@19.0x1u | hole:1-3-4@6.5x2u | hole:1-2-4@99.8x1u
2620240810010010,1,,2-4-6,0,,3500,0,-3500,5,1,4,0,4,0,101.142857,main:1-4-7@1.7x21u | middle:3-4-7@5.9x6u | middle:2-4-7@7.5x5u | middle:4-6-7@37.7x1u | middle:4-5-7@20.8x2u
2620240810010011,1,,1-5-7,0,,100,0,-100,1,1,0,0,0,0,210.0,main:3-5-7@2.1x1u
2620241007010006,1,,1-3-4,1,main,100,150.0,50.0,1,1,0,0,0,0,150.0,main:1-3-4@1.5x1u
2620241007010007,1,,3-4-5,0,,600,0,-600,4,1,2,1,2,1,125.0,main:2-4-5@2.5x3u | middle:1-4-5@11.1x1u | middle:2-3-5@14.7x1u | hole:1-3-4@12.0x1u
2620241007010008,1,,2-4-5,0,,400,0,-400,3,1,2,0,2,0,125.0,main:1-4-5@2.5x2u | middle:1-2-4@11.2x1u | middle:1-4-6@57.1x1u
2620241007010009,1,,1-2-5,1,main,300,380.0,80.0,2,1,1,0,1,0,126.666667,main:1-2-5@1.9x2u | middle:2-5-6@5.2x1u
2620241007010010,1,,1-4-5,1,main,400,500.0,100.0,3,1,1,1,1,1,112.5,main:1-4-5@2.5x2u | middle:1-2-4@4.5x1u | hole:1-2-6@228.6x1u
2620241007010011,1,,3-4-5,1,main,400,480.0,80.0,3,1,2,0,2,0,120.0,main:3-4-5@2.4x2u | middle:1-3-5@16.7x1u | middle:3-5-6@16.5x1u
2620241209010008,1,,1-3-7,0,,200,0,-200,2,1,0,1,0,1,125.0,main:1-2-7@2.5x1u | hole:3-4-7@14.7x1u
2620241209010009,1,,2-6-7,0,,500,0,-500,4,1,2,1,2,1,104.0,main:1-5-7@2.6x2u | middle:1-6-7@8.2x1u | middle:4-5-7@50.4x1u | hole:2-4-6@13.6x1u
2620241209010010,1,,3-4-7,0,,400,0,-400,3,1,2,0,2,0,130.0,main:2-3-7@2.6x2u | middle:3-6-7@28.2x1u | middle:3-5-7@8.3x1u
2620241209010011,1,,1-5-6,0,,300,0,-300,3,1,1,1,1,1,123.333333,main:1-4-5@3.7x1u | middle:1-5-7@5.3x1u | hole:2-5-7@13.5x1u
2620241225010006,1,,1-4-5,1,main,2900,2940.0,40.0,6,1,3,2,3,2,101.37931,main:1-4-5@1.4x21u | middle:2-4-5@10.6x3u | middle:1-3-5@21.3x2u | middle:1-5-7@45.7x1u | hole:1-2-7@52.7x1u | hole:2-3-7@56.3x1u
2620241225010007,1,,1-5-7,0,,900,0,-900,7,1,3,3,3,3,106.666667,main:1-4-7@3.2x3u | middle:1-2-7@10.6x1u | middle:4-6-7@39.8x1u | middle:4-5-7@51.5x1u | hole:3-6-7@9.7x1u | hole:2-3-6@27.1x1u | hole:3-5-6@83.0x1u
2620241225010008,1,,1-2-3,0,,900,0,-900,5,1,3,1,3,1,111.111111,main:1-2-4@3.7x3u | middle:1-2-5@5.0x2u | middle:1-3-4@23.7x1u | middle:1-2-6@59.4x1u | hole:2-3-5@6.0x2u
2620241225010009,1,,4-5-7,1,middle,1100,1680.0,580.0,4,1,3,0,3,0,101.818182,main:2-4-7@1.6x7u | middle:1-2-7@35.4x1u | middle:4-5-7@8.4x2u | middle:4-6-7@75.5x1u
2620241225010010,1,,1-4-6,0,,900,0,-900,6,1,3,2,3,2,120.0,main:1-4-7@3.6x3u | middle:3-4-7@5.8x2u | middle:4-5-7@17.3x1u | middle:4-6-7@49.1x1u | hole:3-4-5@74.1x1u | hole:2-3-4@40.2x1u
2620241225010011,1,,1-3-5,1,main,200,210.0,10.0,2,1,1,0,1,0,105.0,main:1-3-5@2.1x1u | middle:3-5-7@3.8x1u
2720240101010006,1,,1-4-5,1,main,300,350.0,50.0,3,1,2,0,2,0,116.666667,main:1-4-5@3.5x1u | middle:1-3-5@10.3x1u | middle:1-4-6@15.9x1u
2720240101010007,1,,1-3-5,1,hole,500,1560.0,1060.0,3,1,1,1,1,1,108.0,main:2-3-4@1.8x3u | middle:1-2-3@18.1x1u | hole:1-3-5@15.6x1u
2720240101010008,1,,2-5-7,0,,300,0,-300,3,1,2,0,2,0,110.0,main:1-5-7@3.3x1u | middle:3-5-7@53.6x1u | middle:1-2-5@6.3x1u
2720240101010009,1,,3-5-7,1,main,400,450.0,50.0,4,1,1,2,1,2,112.5,main:3-5-7@4.5x1u | middle:2-5-7@5.6x1u | hole:1-4-7@11.4x1u | hole:1-2-7@46.5x1u
2720240101010010,1,,1-3-5,0,,500,0,-500,4,1,1,2,1,2,124.0,main:1-5-7@3.5x2u | middle:1-4-5@6.2x1u | hole:3-4-6@65.6x1u | hole:2-3-4@33.5x1u
2720240101010011,1,,2-3-5,0,,300,0,-300,2,1,1,0,1,0,133.333333,main:1-5-7@2.0x2u | middle:1-2-5@5.4x1u
2720240304010006,1,,1-3-7,1,hole,300,1840.0,1540.0,3,1,1,1,1,1,250.0,main:2-4-5@7.5x1u | middle:1-2-4@28.0x1u | hole:1-3-7@18.4x1u
2720240304010007,1,,1-5-7,0,,600,0,-600,4,1,1,2,1,2,115.0,main:1-2-5@2.3x3u | middle:1-2-4@10.9x1u | hole:2-3-4@47.9x1u | hole:2-3-6@163.2x1u
2720240304010008,1,,1-2-7,0,,1000,0,-1000,7,1,2,4,2,4,111.0,main:1-3-4@3.7x3u | middle:1-2-4@7.2x2u | middle:3-4-7@17.2x1u | hole:2-3-7@39.8x1u | hole:1-2-6@110.4x1u | hole:3-6-7@158.3x1u | hole:1-5-6@162.4x1u
2720240304010009,1,,1-3-5,1,middle,700,1030.0,330.0,6,1,2,3,2,3,147.142857,main:1-4-5@5.3x2u | middle:1-3-5@10.3x1u | middle:1-5-6@31.0x1u | hole:2-5-6@101.9x1u | hole:3-5-6@48.8x1u | hole:2-6-7@137.3x1u
2720240304010010,1,,3-5-7,0,,600,0,-600,4,1,3,0,3,0,120.0,main:1-2-7@3.6x2u | middle:2-4-7@3.7x2u | middle:2-3-7@12.8x1u | middle:2-6-7@59.1x1u
2720240304010011,1,,1-2-5,1,middle,700,720.0,20.0,3,1,2,0,2,0,102.857143,main:1-4-5@2.4x3u | middle:1-2-5@3.6x2u | middle:1-5-7@5.1x2u
2720240429010006,1,,1-2-4,1,hole,300,640.0,340.0,3,1,1,1,1,1,113.333333,main:1-5-7@3.4x1u | middle:1-2-7@6.4x1u | hole:1-2-4@6.4x1u
2720240429010008,1,,2-4-7,1,hole,700,2720.0,2020.0,3,1,1,1,1,1,114.285714,main:1-5-7@2.0x4u | middle:4-5-7@4.0x2u | hole:2-4-7@27.2x1u
2720240429010009,1,,2-4-6,0,,800,0,-800,5,1,2,2,2,2,123.75,main:2-3-7@3.3x3u | middle:1-3-7@5.2x2u | middle:2-3-6@31.8x1u | hole:1-3-5@19.1x1u | hole:1-3-6@86.4x1u
2720240429010010,1,,1-3-5,0,,400,0,-400,4,1,1,2,1,2,102.5,main:1-4-7@4.1x1u | middle:3-4-7@26.9x1u | hole:3-5-7@5.9x1u | hole:2-3-5@20.4x1u
2720240429010011,1,,1-4-7,1,main,400,480.0,80.0,3,1,1,1,1,1,120.0,main:1-4-7@2.4x2u | middle:1-6-7@64.0x1u | hole:2-4-5@26.7x1u
2720240622010006,1,,1-4-7,0,,2100,0,-2100,9,1,3,5,3,5,102.857143,main:1-3-7@3.2x7u | middle:3-4-7@4.7x5u | middle:1-5-7@7.2x3u | middle:1-6-7@61.4x1u | hole:4-5-7@77.3x1u | hole:2-6-7@59.8x1u | hole:4-6-7@174.3x1u | hole:2-4-6@195.1x1u | hole:2-3-5@156.1x1u
2720240622010007,1,,2-4-7,1,main,700,1040.0,340.0,6,1,1,4,1,4,148.571429,main:2-4-7@5.2x2u | middle:2-4-6@49.5x1u | hole:1-5-7@12.1x1u | hole:1-3-7@22.3x1u | hole:4-5-6@191.3x1u | hole:1-3-6@151.7x1u
2720240622010008,1,,1-2-7,0,,400,0,-400,4,1,1,2,1,2,115.0,main:2-3-5@4.6x1u | middle:3-4-5@8.3x1u | hole:1-4-5@19.9x1u | hole:1-5-6@25.0x1u
2720240622010009,1,,1-5-7,1,main,500,640.0,140.0,4,1,1,2,1,2,128.0,main:1-5-7@3.2x2u | middle:1-4-5@12.7x1u | hole:1-2-6@9.8x1u | hole:1-4-6@101.8x1u
2720240622010010,1,,3-5-6,0,,500,0,-500,4,1,2,1,2,1,112.0,main:1-3-5@2.8x2u | middle:1-3-4@7.3x1u | middle:1-3-6@23.5x1u | hole:3-6-7@100.2x1u
2720240622010011,1,,1-2-5,1,middle,13300,14210.0,910.0,5,1,4,0,4,0,100.150376,main:1-4-5@1.2x111u | middle:1-2-5@20.3x7u | middle:1-5-7@15.0x9u | middle:3-4-5@35.3x4u | middle:1-5-6@73.4x2u
2720240825010006,1,,2-3-7,0,,1500,0,-1500,8,1,3,4,3,4,104.0,main:2-4-7@3.2x5u | middle:2-3-4@16.5x1u | middle:1-2-7@5.2x3u | middle:2-4-6@12.7x2u | hole:2-3-5@33.7x1u | hole:2-3-6@92.1x1u | hole:1-2-3@52.6x1u | hole:1-2-6@85.0x1u
2720240825010007,1,,1-2-4,1,main,300,420.0,120.0,3,1,2,0,2,0,140.0,main:1-2-4@4.2x1u | middle:2-4-5@56.8x1u | middle:2-4-6@22.2x1u
2720240825010008,1,,1-3-6,0,,500,0,-500,3,1,2,0,2,0,114.0,main:1-4-5@1.9x3u | middle:1-3-5@6.2x1u | middle:1-2-5@9.7x1u
2720240825010009,1,,1-5-7,1,main,900,960.0,60.0,4,1,2,1,2,1,106.666667,main:1-5-7@1.6x6u | middle:2-5-7@20.4x1u | middle:4-5-7@53.5x1u | hole:2-3-5@155.7x1u
2720240825010010,1,,1-4-7,1,main,1000,1050.0,50.0,6,1,1,4,1,4,105.0,main:1-4-7@2.1x5u | middle:2-4-7@10.9x1u | hole:3-5-7@33.3x1u | hole:2-3-7@96.5x1u | hole:3-4-6@51.3x1u | hole:3-5-6@139.9x1u
2720240825010011,1,,1-5-7,1,main,700,900.0,200.0,5,1,2,2,2,2,117.142857,main:1-5-7@3.0x3u | middle:1-2-5@8.2x1u | middle:1-4-7@24.6x1u | hole:3-4-7@11.5x1u | hole:2-3-7@25.0x1u
2720240917010006,1,,1-2-7,0,,400,0,-400,4,1,3,0,3,0,132.5,main:1-2-3@5.3x1u | middle:2-3-5@6.3x1u | middle:2-3-6@16.6x1u | middle:1-2-4@34.0x1u
2720240917010007,1,,1-3-4,1,main,600,640.0,40.0,5,1,2,2,2,2,106.666667,main:1-3-4@3.2x2u | middle:3-4-5@17.0x1u | middle:3-4-7@14.1x1u | hole:1-5-6@34.4x1u | hole:2-4-5@103.1x1u
2720240917010008,1,,1-2-7,0,,800,0,-800,5,1,2,2,2,2,108.75,main:1-3-5@2.9x3u | middle:1-2-3@4.5x2u | middle:1-3-7@12.0x1u | hole:1-6-7@84.2x1u | hole:2-3-7@24.5x1u
2720240917010009,1,,2-5-7,0,,300,0,-300,3,1,1,1,1,1,123.333333,main:2-3-5@3.7x1u | middle:1-2-5@7.7x1u | hole:2-4-6@157.8x1u
2720240917010010,1,,2-3-5,0,,1300,0,-1300,5,1,4,0,4,0,104.615385,main:1-2-5@3.0x5u | middle:1-2-7@10.0x2u | middle:1-3-5@23.3x1u | middle:1-4-5@3.4x4u | middle:1-5-6@43.1x1u
2720240917010011,1,,1-4-5,1,main,500,720.0,220.0,4,1,3,0,3,0,116.0,main:1-4-5@3.6x2u | middle:1-2-4@5.8x1u | middle:1-3-4@7.2x1u | middle:1-4-6@9.1x1u
2720241116010006,1,,1-2-7,1,hole,800,3840.0,3040.0,7,1,2,4,2,4,125.0,main:3-4-7@5.0x2u | middle:1-3-7@22.4x1u | middle:2-3-4@23.8x1u | hole:1-2-7@38.4x1u | hole:1-5-7@14.1x1u | hole:1-6-7@119.0x1u | hole:1-2-6@457.6x1u
2720241116010007,1,,3-5-7,1,hole,700,940.0,240.0,6,1,2,3,2,3,131.428571,main:1-4-5@4.6x2u | middle:1-2-5@16.2x1u | middle:1-5-7@15.3x1u | hole:3-5-7@9.4x1u | hole:1-3-6@297.4x1u | hole:4-6-7@172.0x1u
2720241116010008,1,,1-2-4,0,,500,0,-500,4,1,1,2,1,2,152.0,main:2-5-7@3.8x2u | middle:1-2-7@7.9x1u | hole:1-4-7@7.9x1u | hole:4-6-7@183.9x1u
2720241116010009,1,,1-4-5,1,main,600,620.0,20.0,4,1,3,0,3,0,103.333333,main:1-4-5@3.1x2u | middle:2-4-5@21.7x1u | middle:1-4-6@4.0x2u | middle:1-3-4@16.3x1u
2720241116010010,1,,1-5-7,0,,200,0,-200,2,1,0,1,0,1,155.0,main:4-5-7@3.1x1u | hole:1-3-7@63.5x1u
2720241116010011,1,,1-5-7,1,main,300,340.0,40.0,3,1,0,2,0,2,113.333333,main:1-5-7@3.4x1u | hole:2-4-7@34.5x1u | hole:1-2-6@87.9x1u
2820240117010008,1,,1-3-4,1,main,300,360.0,60.0,3,1,2,0,2,0,120.0,main:1-3-4@3.6x1u | middle:1-3-6@15.4x1u | middle:2-3-4@37.3x1u
2820240117010009,1,,1-6-7,0,,500,0,-500,4,1,1,2,1,2,122.0,main:1-4-7@3.8x2u | middle:3-4-7@6.1x1u | hole:3-5-7@11.1x1u | hole:3-5-6@77.5x1u
2820240117010010,1,,3-5-6,1,hole,300,5700.0,5400.0,3,1,1,1,1,1,116.666667,main:1-4-5@3.5x1u | middle:1-3-5@19.0x1u | hole:3-5-6@57.0x1u
2820240117010011,1,,1-6-7,1,middle,400,560.0,160.0,4,1,2,1,2,1,117.5,main:1-4-7@4.7x1u | middle:1-6-7@5.6x1u | middle:1-3-7@9.0x1u | hole:3-6-7@38.1x1u
2820240308010006,1,,1-3-4,0,,200,0,-200,2,1,1,0,1,0,215.0,main:3-4-7@4.3x1u | middle:1-4-7@7.0x1u
2820240308010007,1,,2-3-7,0,,1500,0,-1500,5,1,4,0,4,0,102.666667,main:2-4-5@2.2x7u | middle:2-4-7@4.1x4u | middle:1-2-4@8.1x2u | middle:3-4-5@114.4x1u | middle:2-5-6@185.5x1u
2820240308010008,1,,2-4-5,0,,700,0,-700,6,1,2,3,2,3,111.428571,main:1-4-5@3.9x2u | middle:1-4-6@13.1x1u | middle:1-2-4@11.8x1u | hole:2-5-7@36.1x1u | hole:2-4-6@79.0x1u | hole:3-6-7@225.3x1u
2820240308010010,1,,2-4-7,1,main,1000,1050.0,50.0,4,1,1,2,1,2,105.0,main:2-4-7@1.5x7u | middle:1-2-7@14.2x1u | hole:3-6-7@47.4x1u | hole:1-2-6@147.4x1u
2820240308010011,1,,2-3-4,0,,800,0,-800,5,1,2,2,2,2,112.5,main:1-3-4@3.0x3u | middle:1-4-6@6.7x2u | middle:1-4-5@39.6x1u | hole:3-5-7@13.3x1u | hole:4-6-7@78.3x1u
2820240408010006,1,,2-3-4,1,main,1000,1020.0,20.0,5,1,2,2,2,2,102.0,main:2-3-4@1.7x6u | middle:2-4-7@14.3x1u | middle:3-4-6@118.4x1u | hole:1-4-5@25.3x1u | hole:1-5-7@51.6x1u
2820240408010007,1,,1-2-5,1,main,300,370.0,70.0,3,1,0,2,0,2,123.333333,main:1-2-5@3.7x1u | hole:3-4-5@12.7x1u | hole:3-4-6@163.9x1u
2820240408010008,1,,1-3-7,1,main,1200,1260.0,60.0,7,1,2,4,2,4,105.0,main:1-3-7@2.1x6u | middle:1-3-6@27.2x1u | middle:2-3-7@33.2x1u | hole:1-2-6@17.7x1u | hole:2-5-7@136.4x1u | hole:2-4-5@255.5x1u | hole:4-6-7@377.9x1u
2820240408010009,1,,1-3-5,1,main,1900,1980.0,80.0,4,1,3,0,3,0,101.052632,main:1-3-5@1.8x11u | middle:1-5-7@3.2x6u | middle:1-2-5@28.7x1u | middle:1-5-6@26.8x1u
2820240408010010,1,,1-2-7,0,,200,0,-200,2,1,1,0,1,0,180.0,main:2-4-5@3.6x1u | middle:1-2-4@4.1x1u
2820240408010011,1,,1-3-7,1,main,100,140.0,40.0,1,1,0,0,0,0,140.0,main:1-3-7@1.4x1u
2820240716010006,1,,3-4-5,0,,400,0,-400,4,1,1,2,1,2,130.0,main:1-5-7@5.2x1u | middle:1-3-7@20.3x1u | hole:2-3-4@53.1x1u | hole:2-3-6@200.1x1u
2820240716010007,1,,1-3-4,0,,400,0,-400,3,1,2,0,2,0,150.0,main:1-2-3@3.0x2u | middle:2-3-7@13.3x1u | middle:1-2-6@38.0x1u
2820240716010008,1,,2-6-7,0,,1000,0,-1000,4,1,2,1,2,1,108.0,main:1-4-5@2.7x4u | middle:1-2-4@6.2x2u | middle:1-3-4@3.7x3u | hole:3-4-6@147.6x1u
2820240716010009,1,,1-5-7,1,main,300,360.0,60.0,2,1,1,0,1,0,120.0,main:1-5-7@1.8x2u | middle:2-5-7@5.7x1u
2820240716010010,1,,1-2-5,1,main,400,480.0,80.0,3,1,2,0,2,0,120.0,main:1-2-5@2.4x2u | middle:2-5-7@5.0x1u | middle:2-4-5@16.5x1u
2820240716010011,1,,2-4-7,0,,400,0,-400,4,1,2,1,2,1,105.0,main:1-4-5@4.2x1u | middle:1-3-5@16.8x1u | middle:2-4-5@21.4x1u | hole:3-4-6@6.4x1u
2820240906010006,1,,1-2-7,0,,400,0,-400,3,1,2,0,2,0,112.5,main:1-4-7@3.0x2u | middle:1-2-4@4.5x1u | middle:1-5-7@10.2x1u
2820240906010007,1,,2-3-7,1,main,800,820.0,20.0,7,1,1,5,1,5,102.5,main:2-3-7@4.1x2u | middle:3-6-7@19.1x1u | hole:3-4-5@87.8x1u | hole:5-6-7@142.2x1u | hole:1-2-4@49.9x1u | hole:4-5-6@506.9x1u | hole:1-2-6@313.8x1u
2820240906010008,1,,1-2-5,1,middle,800,2890.0,2090.0,6,1,3,2,3,2,120.0,main:1-3-5@3.2x3u | middle:1-4-5@19.1x1u | middle:1-2-5@28.9x1u | middle:1-5-6@90.8x1u | hole:2-5-7@26.3x1u | hole:2-4-7@95.9x1u
2820240906010009,1,,1-4-6,0,,900,0,-900,6,1,2,3,2,3,115.555556,main:3-5-7@5.2x2u | middle:1-3-5@7.4x2u | middle:2-3-5@5.8x2u | hole:1-3-6@72.4x1u | hole:1-4-7@145.4x1u | hole:4-5-6@129.6x1u
2820240906010010,1,,1-4-5,0,,700,0,-700,5,1,2,2,2,2,128.571429,main:1-5-7@3.0x3u | middle:1-4-7@10.3x1u | middle:1-5-6@18.6x1u | hole:1-2-4@112.5x1u | hole:2-4-6@152.7x1u
2820240906010011,1,,1-4-5,0,,1700,0,-1700,5,1,3,1,3,1,105.882353,main:1-4-7@2.6x7u | middle:1-2-4@3.6x5u | middle:1-3-4@6.7x3u | middle:1-6-7@139.2x1u | hole:2-3-6@140.3x1u
2820241001010006,1,,3-5-7,0,,500,0,-500,3,1,1,1,1,1,102.0,main:2-4-7@1.7x3u | middle:2-3-7@14.5x1u | hole:5-6-7@45.9x1u
2820241001010007,1,,1-5-7,0,,600,0,-600,4,1,2,1,2,1,111.666667,main:1-3-7@4.0x2u | middle:3-5-7@4.5x2u | middle:1-4-7@6.7x1u | hole:3-4-5@40.7x1u
2820241001010008,1,,2-4-6,0,,800,0,-800,6,1,4,1,4,1,120.0,main:2-4-5@3.2x3u | middle:1-2-5@9.8x1u | middle:2-3-5@20.5x1u | middle:4-5-6@58.3x1u | middle:2-5-7@49.5x1u | hole:1-5-6@125.3x1u
2820241001010009,1,,1-5-7,0,,600,0,-600,5,1,1,3,1,3,160.0,main:1-3-5@4.8x2u | middle:1-4-5@16.1x1u | hole:2-4-7@10.3x1u | hole:4-6-7@22.1x1u | hole:2-6-7@15.6x1u
2820241001010010,1,,1-4-5,0,,1200,0,-1200,6,1,3,2,3,2,112.5,main:2-4-5@2.7x5u | middle:2-5-7@9.1x2u | middle:1-2-5@7.2x2u | middle:2-5-6@53.2x1u | hole:1-5-7@36.6x1u | hole:3-5-6@195.0x1u
2820241001010011,1,,1-4-7,1,main,1100,1160.0,60.0,6,1,3,2,3,2,105.454545,main:1-4-7@2.9x4u | middle:1-4-5@7.0x2u | middle:1-3-4@20.9x1u | middle:1-4-6@7.2x2u | hole:2-5-7@31.0x1u | hole:3-4-6@285.0x1u
2820241022010006,1,,3-4-5,1,hole,800,5740.0,4940.0,7,1,1,5,1,5,137.5,main:1-2-5@5.5x2u | middle:1-5-6@36.3x1u | hole:3-5-6@53.7x1u | hole:3-6-7@94.2x1u | hole:4-5-6@95.3x1u | hole:4-6-7@190.7x1u | hole:3-4-5@57.4x1u
2820241022010007,1,,1-3-5,1,main,400,540.0,140.0,3,1,2,0,2,0,135.0,main:1-3-5@2.7x2u | middle:1-3-7@12.4x1u | middle:2-3-5@12.9x1u
2820241022010008,1,,1-2-4,0,,100,0,-100,1,1,0,0,0,0,250.0,main:2-4-7@2.5x1u
2820241022010009,1,,1-3-5,0,,600,0,-600,4,1,2,1,2,1,126.666667,main:1-4-5@3.8x2u | middle:3-4-5@4.6x2u | middle:4-5-7@25.8x1u | hole:3-4-7@9.5x1u
2820241022010010,1,,2-4-7,0,,700,0,-700,6,1,3,2,3,2,108.571429,main:2-3-7@3.9x2u | middle:2-6-7@11.5x1u | middle:2-3-4@22.2x1u | middle:2-3-5@7.6x1u | hole:1-2-6@31.8x1u | hole:2-4-6@47.3x1u
3120240123010006,1,,1-4-7,1,middle,1000,3420.0,2420.0,8,1,3,4,3,4,104.0,main:1-2-4@5.2x2u | middle:1-2-5@18.0x1u | middle:1-4-7@34.2x1u | middle:1-4-6@28.9x1u | hole:2-5-7@8.2x2u | hole:1-3-6@47.0x1u | hole:3-5-6@60.2x1u | hole:3-6-7@119.1x1u
3120240123010007,1,,2-3-7,1,middle,1400,1740.0,340.0,9,1,3,5,3,5,110.0,main:3-4-7@5.2x3u | middle:2-3-7@5.8x3u | middle:3-5-7@16.4x1u | middle:3-6-7@39.4x1u | hole:1-4-5@7.7x2u | hole:1-2-4@30.1x1u | hole:1-2-5@95.4x1u | hole:1-4-6@95.0x1u | hole:2-5-6@175.3x1u
3120240123010008,1,,1-4-7,1,main,300,370.0,70.0,3,1,1,1,1,1,123.333333,main:1-4-7@3.7x1u | middle:1-2-7@6.7x1u | hole:2-3-5@14.5x1u
3120240123010009,1,,3-4-6,0,,1500,0,-1500,5,1,2,2,2,2,102.666667,main:2-4-5@1.4x11u | middle:2-3-4@18.4x1u | middle:2-4-7@19.4x1u | hole:1-2-6@31.4x1u | hole:1-3-7@127.3x1u
3120240123010010,1,,2-5-6,1,middle,700,2100.0,1400.0,6,1,2,3,2,3,120.0,main:3-5-6@4.2x2u | middle:2-5-6@21.0x1u | middle:3-4-5@28.8x1u | hole:1-4-7@12.7x1u | hole:1-2-7@59.7x1u | hole:1-2-4@48.6x1u
3120240123010011,1,,1-4-7,1,main,1900,1950.0,50.0,5,1,3,1,3,1,102.631579,main:1-4-7@1.5x13u | middle:1-5-7@7.1x3u | middle:1-2-7@24.3x1u | middle:1-4-6@163.7x1u | hole:1-2-5@76.9x1u
3120240610010006,1,,1-3-4,1,main,700,810.0,110.0,5,1,1,3,1,3,115.714286,main:1-3-4@2.7x3u | middle:1-2-3@30.7x1u | hole:2-5-7@10.0x1u | hole:1-2-6@182.7x1u | hole:2-6-7@91.7x1u
3120240610010007,1,,1-2-7,1,main,100,420.0,320.0,1,1,0,0,0,0,420.0,main:1-2-7@4.2x1u
3120240610010008,1,,3-6-7,0,,300,0,-300,3,1,1,1,1,1,113.333333,main:1-5-7@3.4x1u | middle:2-5-7@153.2x1u | hole:1-2-4@22.5x1u
3120240610010009,1,,3-5-7,0,,400,0,-400,4,1,2,1,2,1,122.5,main:1-4-7@4.9x1u | middle:1-3-7@5.9x1u | middle:1-4-5@24.0x1u | hole:5-6-7@29.0x1u
3120240610010010,1,,3-5-6,0,,500,0,-500,4,1,3,0,3,0,124.0,main:3-5-7@3.5x2u | middle:2-3-5@6.2x1u | middle:1-3-5@13.6x1u | middle:3-6-7@82.5x1u
3120240610010011,1,,1-4-5,0,,1500,0,-1500,5,1,1,3,1,3,101.333333,main:1-5-7@1.9x8u | middle:1-2-5@5.1x3u | hole:2-4-5@9.9x2u | hole:3-4-5@136.4x1u | hole:2-3-4@111.3x1u
3120240713010004,1,,3-4-8,0,,1300,0,-1300,10,1,3,6,3,6,101.538462,main:1-2-7@5.1x3u | middle:2-3-7@9.5x2u | middle:1-5-7@13.2x1u | middle:2-6-7@79.1x1u | hole:1-3-5@26.6x1u | hole:1-5-8@120.5x1u | hole:1-4-5@55.3x1u | hole:1-3-8@77.2x1u | hole:1-5-6@168.6x1u | hole:4-5-6@1169.9x1u
3120240713010005,1,,1-4-9,0,,800,0,-800,7,1,3,3,3,3,108.75,main:1-3-9@6.8x2u | middle:1-2-9@8.7x1u | middle:3-5-9@22.9x1u | middle:3-8-9@111.7x1u | hole:1-2-7@13.7x1u | hole:2-7-8@35.3x1u | hole:2-4-9@73.9x1u
3120240713010006,1,,3-5-7,0,,500,0,-500,5,1,2,2,2,2,170.0,main:1-3-5@8.5x1u | middle:1-5-8@9.3x1u | middle:1-3-4@36.9x1u | hole:1-2-9@20.3x1u | hole:2-6-9@34.3x1u
3120240713010007,1,,1-6-9,0,,500,0,-500,5,1,2,2,2,2,134.0,main:1-2-9@6.7x1u | middle:1-5-9@8.3x1u | middle:2-6-9@140.4x1u | hole:3-4-7@138.3x1u | hole:3-6-8@587.8x1u
3120240713010008,1,,1-5-6,1,main,1700,1850.0,150.0,9,1,4,4,4,4,100.588235,main:1-5-6@3.7x5u | middle:1-3-5@5.7x3u | middle:1-5-8@13.8x2u | middle:1-5-9@14.1x2u | middle:1-4-5@21.6x1u | hole:1-3-8@22.7x1u | hole:2-3-8@55.1x1u | hole:3-7-8@84.1x1u | hole:3-4-8@89.0x1u
3120240713010009,1,,3-5-7,1,middle,900,1550.0,650.0,8,1,2,5,2,5,146.666667,main:3-4-7@6.6x2u | middle:3-5-7@15.5x1u | middle:3-4-6@58.6x1u | hole:1-3-9@15.3x1u | hole:1-6-9@133.4x1u | hole:3-5-9@119.5x1u | hole:1-5-6@960.8x1u | hole:4-8-9@505.9x1u
3120240713010010,1,,1-2-9,0,,900,0,-900,6,1,2,3,2,3,120.0,main:1-5-9@3.6x3u | middle:2-5-9@18.9x1u | middle:1-6-9@6.5x2u | hole:6-7-9@187.8x1u | hole:3-4-6@2154.9x1u | hole:3-6-8@2030.6x1u
3120240713010011,1,,2-4-7,0,,500,0,-500,4,1,1,2,1,2,144.0,main:2-7-9@3.6x2u | middle:2-5-7@7.9x1u | hole:1-2-5@16.5x1u | hole:1-5-8@110.8x1u
3120240911010006,1,,1-4-5,1,main,200,310.0,110.0,2,1,0,1,0,1,155.0,main:1-4-5@3.1x1u | hole:2-4-7@8.7x1u
3120240911010007,1,,3-4-6,0,,400,0,-400,3,1,2,0,2,0,145.0,main:1-3-5@2.9x2u | middle:3-5-6@8.9x1u | middle:1-2-5@12.5x1u
3120240911010008,1,,2-4-7,0,,500,0,-500,4,1,1,2,1,2,148.0,main:1-5-7@3.7x2u | middle:1-4-7@7.5x1u | hole:1-2-6@115.1x1u | hole:3-4-5@293.1x1u
3120240911010009,1,,3-6-7,0,,300,0,-300,3,1,2,0,2,0,126.666667,main:3-5-7@3.8x1u | middle:2-3-5@25.1x1u | middle:1-3-7@29.4x1u
3120240911010010,1,,1-5-7,0,,400,0,-400,3,1,1,1,1,1,140.0,main:1-4-5@2.8x2u | middle:1-3-5@22.0x1u | hole:3-5-6@285.1x1u
3120240911010011,1,,1-3-7,1,hole,300,1220.0,920.0,3,1,0,2,0,2,116.666667,main:2-4-5@3.5x1u | hole:1-2-7@7.6x1u | hole:1-3-7@12.2x1u
3120241030010008,1,,1-2-4,1,middle,400,1490.0,1090.0,4,1,1,2,1,2,130.0,main:1-2-5@5.2x1u | middle:1-2-4@14.9x1u | hole:1-3-7@9.8x1u | hole:1-6-7@39.7x1u
3120241030010009,1,,1-4-6,0,,600,0,-600,4,1,3,0,3,0,103.333333,main:2-4-7@2.2x3u | middle:2-3-7@6.2x1u | middle:2-5-7@13.4x1u | middle:1-2-7@13.4x1u
3120241030010010,1,,3-4-5,0,,300,0,-300,3,1,2,0,2,0,140.0,main:1-4-5@4.2x1u | middle:1-2-5@25.8x1u | middle:1-5-6@18.3x1u
3120241030010011,1,,3-5-7,0,,900,0,-900,8,1,3,4,3,4,102.222222,main:1-3-7@4.6x2u | middle:1-3-6@30.0x1u | middle:1-2-3@19.0x1u | middle:1-3-4@45.3x1u | hole:1-2-6@43.7x1u | hole:2-3-5@11.9x1u | hole:1-5-6@63.9x1u | hole:2-4-7@198.2x1u
3120241125010008,1,,1-4-6,0,,600,0,-600,5,1,1,3,1,3,113.333333,main:2-3-5@3.4x2u | middle:2-3-6@19.2x1u | hole:2-4-6@8.0x1u | hole:2-6-7@38.8x1u | hole:2-4-7@18.6x1u
3120241125010009,1,,1-4-7,1,main,700,820.0,120.0,5,1,1,3,1,3,117.142857,main:1-4-7@4.1x2u | middle:1-2-7@4.8x2u | hole:1-2-3@31.0x1u | hole:1-2-6@21.2x1u | hole:2-5-6@43.3x1u
3120241125010010,1,,2-5-6,0,,500,0,-500,3,1,2,0,2,0,102.0,main:1-4-5@1.7x3u | middle:1-5-6@24.2x1u | middle:3-4-5@30.0x1u
3120241125010011,1,,2-4-5,0,,200,0,-200,2,1,1,0,1,0,165.0,main:2-4-7@3.3x1u | middle:1-2-7@7.9x1u
3120241216010006,1,,1-3-7,0,,1000,0,-1000,7,1,3,3,3,3,114.0,main:3-5-7@4.5x3u | middle:1-5-7@15.3x1u | middle:2-5-7@19.4x1u | middle:3-5-6@14.1x1u | hole:2-4-7@5.7x2u | hole:1-4-7@13.0x1u | hole:4-5-6@126.9x1u
3120241216010007,1,,2-3-7,0,,400,0,-400,4,1,2,1,2,1,120.0,main:3-4-7@4.8x1u | middle:3-4-5@18.9x1u | middle:3-6-7@38.5x1u | hole:2-6-7@87.4x1u
3120241216010008,1,,1-5-6,0,,200,0,-200,2,1,0,1,0,1,200.0,main:1-4-7@4.0x1u | hole:1-2-5@5.2x1u
3120241216010009,1,,1-3-7,1,main,400,480.0,80.0,3,1,2,0,2,0,120.0,main:1-3-7@2.4x2u | middle:1-6-7@16.6x1u | middle:2-3-7@23.9x1u
3120241216010010,1,,1-2-7,0,,500,0,-500,4,1,3,0,3,0,126.0,main:1-3-7@3.8x2u | middle:2-3-7@52.0x1u | middle:1-6-7@6.3x1u | middle:1-4-7@24.8x1u
3120241216010011,1,,3-4-5,1,main,800,840.0,40.0,5,1,3,1,3,1,105.0,main:3-4-5@2.8x3u | middle:1-3-4@10.8x1u | middle:3-4-7@6.8x2u | middle:4-5-6@232.7x1u | hole:2-4-7@21.4x1u
3420240207010006,1,,2-4-6,1,main,700,720.0,20.0,6,1,1,4,1,4,102.857143,main:2-4-6@3.6x2u | middle:4-5-6@55.3x1u | hole:3-5-7@17.8x1u | hole:1-4-7@32.1x1u | hole:1-5-7@45.3x1u | hole:1-3-5@37.4x1u
3420240207010007,1,,2-5-6,1,hole,600,1430.0,830.0,6,1,3,2,3,2,138.333333,main:1-3-4@8.3x1u | middle:1-2-4@11.9x1u | middle:1-4-7@14.8x1u | middle:1-4-6@56.5x1u | hole:2-4-5@18.6x1u | hole:2-5-6@14.3x1u
3420240207010008,1,,1-5-7,0,,500,0,-500,4,1,2,1,2,1,148.0,main:3-4-5@3.7x2u | middle:1-3-4@7.6x1u | middle:3-4-6@24.7x1u | hole:1-4-6@91.5x1u
3420240207010009,1,,1-4-5,1,main,2000,2090.0,90.0,8,1,3,4,3,4,104.5,main:1-4-5@1.9x11u | middle:1-3-4@7.8x3u | middle:1-4-7@21.9x1u | middle:4-5-6@42.5x1u | hole:3-4-7@22.7x1u | hole:1-2-6@69.9x1u | hole:3-6-7@116.3x1u | hole:2-4-7@134.1x1u
3420240207010010,1,,1-2-7,1,main,1500,1550.0,50.0,6,1,4,1,4,1,103.333333,main:1-2-7@3.1x5u | middle:2-5-7@5.3x3u | middle:2-3-7@10.1x2u | middle:2-4-7@6.5x3u | middle:2-6-7@30.2x1u | hole:3-5-6@26.5x1u
3420240207010011,1,,3-4-5,1,middle,1200,1440.0,240.0,6,1,2,3,2,3,110.0,main:3-4-6@2.2x6u | middle:3-4-7@26.4x1u | middle:3-4-5@7.2x2u | hole:2-3-5@33.2x1u | hole:1-4-7@41.6x1u | hole:1-2-7@97.8x1u
3420240326010008,1,,1-2-7,0,,1000,0,-1000,9,1,3,5,3,5,102.0,main:3-5-7@5.1x2u | middle:3-4-7@28.3x1u | middle:2-3-5@23.4x1u | middle:3-5-6@67.5x1u | hole:4-6-7@179.4x1u | hole:1-3-4@71.3x1u | hole:2-3-4@139.7x1u | hole:1-5-6@67.5x1u | hole:1-2-4@138.8x1u
3420240326010009,1,,1-2-5,0,,500,0,-500,5,1,1,3,1,3,104.0,main:2-3-4@5.2x1u | middle:2-3-6@21.9x1u | hole:1-5-7@58.8x1u | hole:1-6-7@110.9x1u | hole:3-5-6@41.4x1u
3420240326010010,1,,1-3-6,0,,1300,0,-1300,8,1,3,4,3,4,113.076923,main:3-5-7@4.9x3u | middle:1-5-7@10.5x2u | middle:3-4-7@27.3x1u | middle:2-5-7@36.4x1u | hole:1-4-7@6.0x3u | hole:2-4-5@46.8x1u | hole:1-4-6@131.1x1u | hole:1-2-5@80.4x1u
3420240326010011,1,,1-5-7,1,middle,1900,1940.0,40.0,7,1,4,2,4,2,101.052632,main:3-5-7@1.6x12u | middle:1-5-7@9.7x2u | middle:4-5-7@20.5x1u | middle:2-3-5@63.7x1u | middle:5-6-7@33.8x1u | hole:1-6-7@34.9x1u | hole:2-4-7@24.2x1u
3420240604010005,1,,2-3-4,1,middle,900,1050.0,150.0,5,1,3,1,3,1,105.555556,main:1-2-3@1.9x5u | middle:2-3-4@10.5x1u | middle:2-3-6@33.0x1u | middle:1-2-7@74.6x1u | hole:2-4-6@197.6x1u
3420240604010006,1,,1-4-6,1,main,300,540.0,240.0,3,1,2,0,2,0,180.0,main:1-4-6@5.4x1u | middle:4-6-7@10.7x1u | middle:4-5-6@27.2x1u
3420240604010007,1,,1-2-5,0,,400,0,-400,3,1,2,0,2,0,135.0,main:1-2-3@2.7x2u | middle:2-3-7@44.4x1u | middle:2-3-4@48.0x1u
3420240604010008,1,,1-2-4,1,middle,400,470.0,70.0,3,1,2,0,2,0,117.5,main:1-2-3@2.5x2u | middle:1-2-4@4.7x1u | middle:1-2-7@24.3x1u
3420240729010008,1,,2-4-5,1,middle,500,920.0,420.0,4,1,2,1,2,1,108.0,main:1-2-5@3.3x2u | middle:2-4-5@9.2x1u | middle:2-3-5@7.1x1u | hole:2-3-4@5.4x1u
3420240729010009,1,,2-3-6,0,,900,0,-900,7,1,3,3,3,3,120.0,main:1-4-5@3.6x3u | middle:1-3-4@24.5x1u | middle:1-5-6@16.7x1u | middle:1-2-4@14.5x1u | hole:1-3-6@73.5x1u | hole:3-5-7@42.3x1u | hole:4-6-7@281.5x1u
3420240729010010,1,,1-4-5,1,middle,200,2330.0,2130.0,2,1,1,0,1,0,175.0,main:1-2-4@3.5x1u | middle:1-4-5@23.3x1u
3420240729010011,1,,1-5-7,0,,900,0,-900,4,1,3,0,3,0,111.111111,main:1-4-5@2.0x5u | middle:2-4-5@5.5x2u | middle:4-5-6@27.1x1u | middle:3-4-5@37.8x1u
3420240820010006,1,,1-2-4,1,middle,800,920.0,120.0,5,1,3,1,3,1,115.0,main:1-2-5@2.3x4u | middle:1-2-4@9.2x1u | middle:1-2-3@23.8x1u | middle:1-2-6@105.0x1u | hole:1-3-4@40.7x1u
3420240820010007,1,,1-2-4,0,,600,0,-600,5,1,2,2,2,2,103.333333,main:1-4-7@3.1x2u | middle:1-3-7@30.8x1u | middle:2-4-7@21.7x1u | hole:2-6-7@67.4x1u | hole:3-6-7@177.1x1u
3420240820010008,1,,3-4-7,0,,1800,0,-1800,8,1,4,3,4,3,106.666667,main:2-3-4@3.2x6u | middle:3-4-5@5.0x4u | middle:1-3-4@12.8x2u | middle:3-4-6@13.5x2u | middle:2-4-7@35.1x1u | hole:1-3-7@40.6x1u | hole:3-5-6@268.5x1u | hole:1-3-5@174.7x1u
3420240820010009,1,,1-3-5,1,main,600,760.0,160.0,5,1,2,2,2,2,126.666667,main:1-3-5@3.8x2u | middle:2-3-5@21.0x1u | middle:3-5-7@9.9x1u | hole:1-4-7@23.9x1u | hole:2-4-7@57.6x1u
3420240820010010,1,,2-4-6,1,hole,1200,1400.0,200.0,10,1,3,6,3,6,116.666667,main:1-4-5@4.7x3u | middle:4-5-6@19.7x1u | middle:1-2-4@41.6x1u | middle:3-4-5@20.6x1u | hole:2-4-6@14.0x1u | hole:3-4-7@16.7x1u | hole:2-4-7@33.2x1u | hole:2-3-4@38.7x1u | hole:4-6-7@56.5x1u | hole:3-4-6@53.0x1u
3420240820010011,1,,1-2-7,0,,900,0,-900,6,1,1,4,1,4,103.333333,main:2-5-7@3.1x3u | middle:2-3-7@5.2x2u | hole:3-6-7@15.5x1u | hole:3-4-7@18.2x1u | hole:1-2-4@42.7x1u | hole:1-3-6@58.4x1u
3420240828010006,1,,1-3-7,0,,700,0,-700,5,1,4,0,4,0,102.857143,main:1-5-7@2.4x3u | middle:3-5-7@19.9x1u | middle:4-5-7@16.2x1u | middle:1-2-5@18.9x1u | middle:1-6-7@83.1x1u
3420240828010007,1,,1-2-5,0,,200,0,-200,2,1,0,1,0,1,160.0,main:1-4-5@3.2x1u | hole:2-4-7@36.2x1u
3420240828010008,1,,3-5-7,0,,900,0,-900,6,1,2,3,2,3,113.333333,main:2-4-7@3.4x3u | middle:1-2-4@7.7x2u | middle:2-4-6@24.7x1u | hole:1-3-5@24.7x1u | hole:1-4-6@41.0x1u | hole:3-5-6@62.5x1u
3420240828010009,1,,3-5-7,1,main,1100,1140.0,40.0,5,1,4,0,4,0,103.636364,main:3-5-7@1.9x6u | middle:3-5-6@26.2x1u | middle:2-3-5@7.3x2u | middle:3-4-5@14.3x1u | middle:1-3-5@38.8x1u
3420240828010010,1,,1-2-5,1,main,300,400.0,100.0,3,1,2,0,2,0,133.333333,main:1-2-5@4.0x1u | middle:1-3-5@4.8x1u | middle:1-2-4@79.5x1u
3420240828010011,1,,1-5-7,1,main,2200,2250.0,50.0,4,1,3,0,3,0,102.272727,main:1-5-7@1.5x15u | middle:1-4-7@7.8x3u | middle:1-3-7@7.5x3u | middle:1-5-6@70.8x1u
3420240929010008,1,,3-5-7,0,,500,0,-500,3,1,1,1,1,1,120.0,main:2-4-5@3.0x2u | middle:2-3-5@3.7x2u | hole:1-3-7@26.6x1u
3420240929010009,1,,2-3-5,1,middle,1400,1590.0,190.0,8,1,3,4,3,4,107.142857,main:1-3-5@4.0x4u | middle:2-3-5@5.3x3u | middle:1-4-5@15.0x1u | middle:1-5-7@53.1x1u | hole:1-4-6@77.2x1u | hole:1-2-4@11.9x2u | hole:2-4-7@152.7x1u | hole:4-6-7@610.8x1u
3420240929010010,1,,1-4-7,1,main,700,810.0,110.0,5,1,2,2,2,2,115.714286,main:1-4-7@2.7x3u | middle:1-3-7@18.5x1u | middle:1-4-5@76.9x1u | hole:1-2-5@14.9x1u | hole:2-3-7@58.8x1u
3420240929010011,1,,1-4-6,1,main,1900,1980.0,80.0,5,1,4,0,4,0,104.210526,main:1-4-6@2.2x9u | middle:1-3-4@11.0x2u | middle:1-4-7@7.3x3u | middle:1-4-5@5.1x4u | middle:1-2-6@47.3x1u
3420241222010008,1,,1-2-5,0,,700,0,-700,5,1,3,1,3,1,128.571429,main:2-3-4@3.0x3u | middle:2-3-7@26.2x1u | middle:2-3-6@25.9x1u | middle:2-4-5@34.9x1u | hole:1-2-6@37.6x1u
3420241222010009,1,,2-3-7,1,main,200,380.0,180.0,2,1,1,0,1,0,190.0,main:2-3-7@3.8x1u | middle:1-2-7@4.4x1u
3420241222010010,1,,1-4-5,1,main,700,840.0,140.0,6,1,1,4,1,4,117.142857,main:1-4-5@4.2x2u | middle:1-3-4@8.2x1u | hole:2-3-5@11.9x1u | hole:3-5-7@36.0x1u | hole:2-5-6@19.8x1u | hole:3-6-7@280.2x1u
3420241222010011,1,,3-4-5,1,hole,300,1610.0,1310.0,3,1,1,1,1,1,130.0,main:1-4-7@3.9x1u | middle:4-5-7@4.7x1u | hole:3-4-5@16.1x1u
3520240129010006,1,,1-3-5,0,,500,0,-500,4,1,3,0,3,0,160.0,main:2-4-5@4.0x2u | middle:2-3-5@11.2x1u | middle:2-4-7@12.6x1u | middle:1-4-5@10.6x1u
3520240129010007,1,,2-5-7,1,main,200,260.0,60.0,2,1,1,0,1,0,130.0,main:2-5-7@2.6x1u | middle:4-5-7@10.6x1u
3520240129010008,1,,3-5-7,0,,500,0,-500,5,1,2,2,2,2,134.0,main:1-3-5@6.7x1u | middle:2-3-5@9.5x1u | middle:3-4-5@11.8x1u | hole:2-5-7@8.6x1u | hole:2-4-7@31.2x1u
3520240129010009,1,,1-2-5,0,,400,0,-400,4,1,3,0,3,0,112.5,main:2-4-5@4.5x1u | middle:2-4-7@5.4x1u | middle:2-5-6@26.7x1u | middle:1-4-5@17.8x1u
3520240129010010,1,,3-4-7,0,,500,0,-500,4,1,3,0,3,0,118.0,main:3-4-5@3.0x2u | middle:2-3-5@8.4x1u | middle:1-3-5@20.4x1u | middle:3-5-7@5.9x1u
3520240129010011,1,,2-6-7,0,,100,0,-100,1,1,0,0,0,0,160.0,main:2-4-7@1.6x1u
3520240318010008,1,,1-4-7,0,,600,0,-600,5,1,1,3,1,3,120.0,main:1-4-5@3.6x2u | middle:1-5-6@21.7x1u | hole:2-5-6@23.6x1u | hole:3-5-6@39.7x1u | hole:2-3-5@36.0x1u
3520240318010009,1,,2-3-5,0,,3500,0,-3500,9,1,4,4,4,4,101.428571,main:1-4-7@2.0x18u | middle:1-4-5@7.1x5u | middle:2-4-7@26.1x2u | middle:4-6-7@133.8x1u | middle:3-4-7@25.0x2u | hole:3-4-5@10.3x4u | hole:2-4-5@46.6x1u | hole:1-2-6@415.5x1u | hole:4-5-6@197.4x1u
3520240318010010,1,,3-4-5,0,,600,0,-600,6,1,3,2,3,2,105.0,main:1-4-7@6.3x1u | middle:1-3-4@10.4x1u | middle:4-6-7@130.9x1u | middle:1-5-7@23.0x1u | hole:2-3-5@29.5x1u | hole:3-5-6@129.3x1u
3520240318010011,1,,4-5-6,0,,900,0,-900,5,1,3,1,3,1,106.666667,main:1-5-7@2.4x4u | middle:1-5-6@21.7x1u | middle:1-4-5@15.4x1u | middle:1-3-5@6.7x2u | hole:3-5-6@172.0x1u
3520240423010006,1,,3-4-5,1,main,200,270.0,70.0,2,1,1,0,1,0,135.0,main:3-4-5@2.7x1u | middle:1-3-5@21.9x1u
3520240423010007,1,,1-2-6,0,,700,0,-700,6,1,2,3,2,3,125.714286,main:3-4-7@4.4x2u | middle:2-3-7@16.0x1u | middle:3-4-6@11.4x1u | hole:1-3-6@62.9x1u | hole:2-4-6@338.8x1u | hole:3-5-6@180.0x1u
3520240423010008,1,,1-4-5,0,,400,0,-400,4,1,3,0,3,0,112.5,main:1-3-5@4.5x1u | middle:1-2-5@4.9x1u | middle:3-5-7@30.0x1u | middle:3-5-6@66.4x1u
3520240423010009,1,,3-4-5,0,,200,0,-200,2,1,1,0,1,0,180.0,main:2-3-5@3.6x1u | middle:1-2-5@7.6x1u
3520240423010010,1,,1-3-7,1,middle,700,860.0,160.0,3,1,1,1,1,1,102.857143,main:2-3-7@1.8x4u | middle:1-3-7@4.3x2u | hole:1-5-7@68.9x1u
3520240423010011,1,,2-5-7,0,,100,0,-100,1,1,0,0,0,0,140.0,main:1-4-7@1.4x1u
3520240719010008,1,,4-5-7,0,,1000,0,-1000,5,1,2,2,2,2,104.0,main:1-3-7@2.1x5u | middle:1-4-7@5.2x2u | middle:1-5-7@27.4x1u | hole:2-4-7@23.8x1u | hole:4-6-7@274.6x1u
3520240719010009,1,,1-5-7,1,middle,400,750.0,350.0,4,1,2,1,2,1,155.0,main:3-5-7@6.2x1u | middle:1-5-7@7.5x1u | middle:4-5-7@10.0x1u | hole:1-4-7@8.0x1u
3520240719010010,1,,1-4-5,1,main,400,460.0,60.0,3,1,1,1,1,1,115.0,main:1-4-5@2.3x2u | middle:1-4-7@5.9x1u | hole:3-6-7@27.8x1u
3520240719010011,1,,1-4-5,1,main,600,690.0,90.0,4,1,3,0,3,0,105.0,main:1-4-5@2.3x3u | middle:1-3-5@6.3x1u | middle:1-5-6@19.5x1u | middle:1-5-7@10.3x1u
3520241006010006,1,,1-3-7,1,main,500,800.0,300.0,4,1,3,0,3,0,126.0,main:1-3-7@4.0x2u | middle:1-5-7@6.3x1u | middle:1-2-3@20.8x1u | middle:3-4-7@62.0x1u
3520241006010007,1,,1-2-5,1,main,500,600.0,100.0,3,1,2,0,2,0,120.0,main:1-2-5@2.0x3u | middle:2-4-5@26.0x1u | middle:1-2-6@25.9x1u
3520241006010008,1,,1-4-5,1,middle,600,2000.0,1400.0,4,1,3,0,3,0,125.0,main:1-3-5@2.5x3u | middle:1-4-5@20.0x1u | middle:2-3-5@23.8x1u | middle:3-5-6@50.7x1u
3520241006010009,1,,1-3-5,1,main,1700,1760.0,60.0,4,1,3,0,3,0,103.529412,main:1-3-5@1.6x11u | middle:3-4-5@4.5x4u | middle:3-5-6@24.5x1u | middle:3-5-7@34.6x1u
3520241006010010,1,,2-3-7,1,middle,200,510.0,310.0,2,1,1,0,1,0,115.0,main:3-5-7@2.3x1u | middle:2-3-7@5.1x1u
3520241006010011,1,,3-4-5,1,main,200,230.0,30.0,2,1,1,0,1,0,115.0,main:3-4-5@2.3x1u | middle:4-5-6@49.6x1u
3520241104010008,1,,3-4-7,1,hole,800,1260.0,460.0,6,1,2,3,2,3,102.5,main:2-5-7@4.6x2u | middle:2-3-5@8.2x1u | middle:2-4-5@6.1x2u | hole:3-4-7@12.6x1u | hole:2-4-6@81.7x1u | hole:3-4-6@165.2x1u
3520241104010009,1,,1-2-7,0,,1000,0,-1000,8,1,3,4,3,4,135.0,main:2-3-5@4.5x3u | middle:1-3-5@20.2x1u | middle:3-5-6@14.8x1u | middle:3-5-7@20.3x1u | hole:1-3-6@53.2x1u | hole:2-4-7@28.2x1u | hole:1-3-4@42.7x1u | hole:4-6-7@214.1x1u
3520241104010010,1,,1-3-4,1,main,800,840.0,40.0,3,1,2,0,2,0,105.0,main:1-3-4@1.4x6u | middle:1-4-5@13.8x1u | middle:1-4-6@72.7x1u
3520241104010011,1,,1-2-7,1,main,300,320.0,20.0,3,1,2,0,2,0,106.666667,main:1-2-7@3.2x1u | middle:1-2-5@23.5x1u | middle:1-2-4@36.4x1u
3620240110010006,1,,3-4-7,1,middle,400,1270.0,870.0,4,1,2,1,2,1,122.5,main:2-4-7@4.9x1u | middle:3-4-7@12.7x1u | middle:2-6-7@16.0x1u | hole:1-4-5@22.8x1u
3620240110010007,1,,2-4-7,1,main,300,510.0,210.0,3,1,1,1,1,1,170.0,main:2-4-7@5.1x1u | middle:2-6-7@104.8x1u | hole:1-3-5@36.2x1u
3620240110010008,1,,2-5-6,0,,200,0,-200,2,1,1,0,1,0,170.0,main:1-2-5@3.4x1u | middle:2-5-7@5.1x1u
3620240110010009,1,,4-5-7,1,hole,800,10800.0,10000.0,5,1,2,2,2,2,107.5,main:3-5-6@4.3x2u | middle:2-3-5@6.3x2u | middle:3-4-5@5.5x2u | hole:4-5-7@108.0x1u | hole:2-3-7@76.7x1u
3620240110010010,1,,1-2-7,1,middle,600,1010.0,410.0,4,1,3,0,3,0,110.0,main:1-5-7@3.3x2u | middle:1-6-7@3.6x2u | middle:1-4-7@7.7x1u | middle:1-2-7@10.1x1u
3620240110010011,1,,1-4-5,0,,1000,0,-1000,7,1,1,5,1,5,104.0,main:1-4-7@2.6x4u | middle:3-4-7@10.8x1u | hole:3-4-6@14.7x1u | hole:2-4-5@18.5x1u | hole:2-3-6@47.2x1u | hole:2-5-6@90.2x1u | hole:2-3-5@53.0x1u
3620240221010006,1,,4-5-7,0,,500,0,-500,5,1,1,3,1,3,126.0,main:1-2-7@6.3x1u | middle:2-4-7@7.8x1u | hole:1-4-6@34.9x1u | hole:1-3-4@38.9x1u | hole:3-5-6@49.6x1u
3620240221010007,1,,4-5-6,0,,400,0,-400,4,1,1,2,1,2,122.5,main:1-6-7@4.9x1u | middle:1-2-7@7.2x1u | hole:2-3-5@16.9x1u | hole:2-4-5@34.3x1u
3620240221010008,1,,3-5-7,0,,200,0,-200,2,1,0,1,0,1,150.0,main:3-4-5@3.0x1u | hole:2-4-7@14.0x1u
3620240221010009,1,,2-5-7,1,main,400,410.0,10.0,4,1,3,0,3,0,102.5,main:2-5-7@4.1x1u | middle:4-5-7@8.2x1u | middle:2-5-6@13.1x1u | middle:2-3-5@33.2x1u
3620240221010010,1,,1-3-6,0,,300,0,-300,3,1,2,0,2,0,163.333333,main:1-2-7@4.9x1u | middle:1-2-5@28.5x1u | middle:1-2-6@53.4x1u
3620240221010011,1,,1-2-7,1,hole,200,1310.0,1110.0,2,1,0,1,0,1,160.0,main:1-5-6@3.2x1u | hole:1-2-7@13.1x1u
3620240408010006,1,,2-3-7,0,,400,0,-400,3,1,0,2,0,2,115.0,main:1-2-7@2.3x2u | hole:2-3-4@12.2x1u | hole:2-3-6@65.2x1u
3620240408010007,1,,1-4-5,1,main,700,760.0,60.0,4,1,1,2,1,2,108.571429,main:1-4-5@1.9x4u | middle:1-2-5@41.5x1u | hole:2-3-5@68.3x1u | hole:2-5-6@127.0x1u
3620240408010008,1,,2-5-7,1,main,500,760.0,260.0,4,1,3,0,3,0,152.0,main:2-5-7@3.8x2u | middle:2-4-5@8.8x1u | middle:2-6-7@140.6x1u | middle:1-2-5@26.3x1u
3620240408010009,1,,2-6-7,0,,1500,0,-1500,7,1,4,2,4,2,112.0,main:1-4-7@2.8x6u | middle:1-3-4@4.2x4u | middle:1-2-7@18.4x1u | middle:1-4-6@28.6x1u | middle:1-5-7@110.3x1u | hole:2-5-7@62.5x1u | hole:3-6-7@291.6x1u
3620240408010010,1,,1-2-6,0,,1300,0,-1300,4,1,3,0,3,0,104.615385,main:1-5-7@1.7x8u | middle:1-3-5@7.3x2u | middle:1-4-5@7.2x2u | middle:1-5-6@22.9x1u
3620240408010011,1,,3-5-7,1,main,400,460.0,60.0,3,1,1,1,1,1,115.0,main:3-5-7@2.3x2u | middle:2-3-7@15.0x1u | hole:1-4-7@11.4x1u
3620240518010006,1,,1-4-5,1,middle,700,1330.0,630.0,5,1,4,0,4,0,108.571429,main:1-2-4@2.7x3u | middle:1-3-4@7.6x1u | middle:1-4-5@13.3x1u | middle:1-2-6@100.0x1u | middle:1-2-7@33.7x1u
3620240518010007,1,,2-3-7,1,middle,500,970.0,470.0,4,1,3,0,3,0,120.0,main:1-2-7@3.8x2u | middle:2-3-7@9.7x1u | middle:2-5-7@6.0x1u | middle:2-6-7@10.7x1u
3620240518010008,1,,1-2-7,0,,500,0,-500,4,1,3,0,3,0,140.0,main:1-4-7@3.5x2u | middle:1-4-6@7.9x1u | middle:2-4-7@9.5x1u | middle:1-3-4@14.8x1u
3620240518010009,1,,3-4-7,0,,200,0,-200,2,1,1,0,1,0,160.0,main:3-5-7@3.2x1u | middle:4-5-7@4.6x1u
3620240518010010,1,,2-5-7,0,,800,0,-800,5,1,4,0,4,0,112.5,main:2-3-5@3.0x3u | middle:3-5-6@11.1x1u | middle:2-4-5@9.7x1u | middle:3-5-7@6.5x2u | middle:1-3-5@32.3x1u
3620240518010011,1,,1-4-5,1,main,100,200.0,100.0,1,1,0,0,0,0,200.0,main:1-4-5@2.0x1u
3620240522010006,1,,1-2-7,0,,400,0,-400,3,1,2,0,2,0,120.0,main:1-4-7@2.7x2u | middle:1-3-4@4.8x1u | middle:1-6-7@68.0x1u
3620240522010007,1,,2-3-7,0,,300,0,-300,3,1,1,1,1,1,126.666667,main:1-3-7@3.8x1u | middle:1-6-7@5.7x1u | hole:5-6-7@82.2x1u
3620240522010008,1,,1-4-5,0,,400,0,-400,3,1,2,0,2,0,140.0,main:3-4-5@2.8x2u | middle:3-5-7@6.7x1u | middle:2-4-5@21.8x1u
3620240522010009,1,,2-4-6,0,,1300,0,-1300,6,1,4,1,4,1,104.615385,main:3-4-7@1.7x8u | middle:1-4-7@14.1x1u | middle:4-5-7@44.2x1u | middle:2-4-7@31.2x1u | middle:3-6-7@45.9x1u | hole:1-5-7@18.0x1u
3620240522010010,1,,1-3-7,0,,200,0,-200,2,1,1,0,1,0,115.0,main:1-3-5@2.3x1u | middle:1-5-7@7.8x1u
3620240624010006,1,,2-4-6,0,,500,0,-500,3,1,2,0,2,0,112.0,main:1-3-4@2.8x2u | middle:2-3-4@6.4x1u | middle:1-4-5@3.3x2u
3620240624010007,1,,1-4-5,0,,200,0,-200,2,1,1,0,1,0,200.0,main:2-3-4@4.0x1u | middle:2-3-5@16.9x1u
3620240624010008,1,,1-2-4,0,,200,0,-200,2,1,0,1,0,1,150.0,main:2-4-5@3.0x1u | hole:1-3-4@19.6x1u
3620240624010009,1,,1-2-5,0,,200,0,-200,2,1,1,0,1,0,175.0,main:2-4-5@3.5x1u | middle:1-2-4@4.9x1u
3620240624010010,1,,2-4-5,1,main,800,840.0,40.0,3,1,2,0,2,0,105.0,main:2-4-5@1.4x6u | middle:1-2-4@10.0x1u | middle:2-3-4@31.9x1u
3620240624010011,1,,1-3-5,1,main,900,960.0,60.0,3,1,2,0,2,0,106.666667,main:1-3-5@1.6x6u | middle:3-4-5@5.3x2u | middle:2-3-5@25.4x1u
3620240708010006,1,,1-6-7,0,,200,0,-200,2,1,1,0,1,0,130.0,main:1-2-7@2.6x1u | middle:1-4-7@2.9x1u
3620240708010007,1,,2-5-7,0,,300,0,-300,3,1,2,0,2,0,150.0,main:4-5-7@4.5x1u | middle:3-4-5@10.1x1u | middle:4-5-6@54.9x1u
3620240708010008,1,,2-5-7,1,main,700,870.0,170.0,5,1,2,2,2,2,120.0,main:2-5-7@2.9x3u | middle:2-4-5@8.4x1u | middle:1-2-7@97.6x1u | hole:1-4-6@24.0x1u | hole:3-4-7@26.9x1u
3620240708010009,1,,2-3-4,0,,300,0,-300,3,1,1,1,1,1,153.333333,main:3-4-7@4.6x1u | middle:1-3-4@5.1x1u | hole:1-3-5@12.0x1u
3620240708010010,1,,2-3-5,1,main,700,750.0,50.0,4,1,2,1,2,1,105.714286,main:2-3-5@2.5x3u | middle:1-2-5@3.7x2u | middle:3-5-7@59.1x1u | hole:1-5-7@16.3x1u
3620240708010011,1,,1-4-5,1,main,400,440.0,40.0,3,1,2,0,2,0,110.0,main:1-4-5@2.2x2u | middle:2-4-5@7.3x1u | middle:3-4-5@5.7x1u
3620240806010006,1,,3-4-5,0,,600,0,-600,5,1,1,3,1,3,153.333333,main:2-5-7@4.6x2u | middle:2-3-5@17.6x1u | hole:1-2-6@25.4x1u | hole:1-3-6@131.0x1u | hole:1-4-6@75.4x1u
3620240806010007,1,,3-5-7,0,,800,0,-800,7,1,2,4,2,4,136.25,main:1-2-7@6.7x2u | middle:1-5-7@10.9x1u | middle:2-4-7@52.5x1u | hole:2-3-6@25.7x1u | hole:3-5-6@41.2x1u | hole:4-6-7@179.9x1u | hole:2-4-5@329.1x1u
3620240806010008,1,,2-4-7,0,,200,0,-200,2,1,1,0,1,0,145.0,main:1-2-5@2.9x1u | middle:1-2-6@353.3x1u
3620240806010009,1,,2-4-7,1,main,400,410.0,10.0,4,1,1,2,1,2,102.5,main:2-4-7@4.1x1u | middle:2-3-4@55.3x1u | hole:1-2-5@9.3x1u | hole:1-3-5@4.7x1u
3620240806010010,1,,4-5-7,0,,500,0,-500,3,1,2,0,2,0,104.0,main:1-3-7@2.6x2u | middle:3-5-7@4.0x2u | middle:1-4-7@12.0x1u
3620240806010011,1,,1-4-6,0,,600,0,-600,3,1,2,0,2,0,110.0,main:1-4-5@2.2x3u | middle:1-3-4@3.9x2u | middle:1-2-4@7.7x1u
3620240921010006,1,,1-4-6,0,,900,0,-900,6,1,4,1,4,1,120.0,main:2-4-7@3.6x3u | middle:1-2-7@5.5x2u | middle:2-3-7@37.6x1u | middle:2-4-5@72.1x1u | middle:2-6-7@50.0x1u | hole:1-2-6@18.5x1u
3620240921010007,1,,2-4-7,0,,500,0,-500,5,1,2,2,2,2,166.0,main:1-3-4@8.3x1u | middle:1-4-5@14.2x1u | middle:3-4-6@13.6x1u | hole:3-5-7@15.9x1u | hole:2-5-7@31.7x1u
3620240921010009,1,,1-3-7,1,main,700,860.0,160.0,6,1,2,3,2,3,104.285714,main:1-3-7@4.3x2u | middle:1-5-7@7.3x1u | middle:1-2-7@7.5x1u | hole:1-2-5@8.2x1u | hole:2-5-6@14.2x1u | hole:2-4-5@13.3x1u
3620240921010010,1,,3-5-7,1,main,100,150.0,50.0,1,1,0,0,0,0,150.0,main:3-5-7@1.5x1u
3620240921010011,1,,4-5-7,0,,700,0,-700,4,1,2,1,2,1,107.142857,main:1-4-5@2.5x3u | middle:1-4-7@5.8x2u | middle:1-2-4@29.4x1u | hole:1-2-7@69.3x1u
3720240106010006,1,,1-5-7,0,,600,0,-600,5,1,3,1,3,1,123.333333,main:3-4-7@3.7x2u | middle:2-4-7@32.8x1u | middle:3-5-7@12.9x1u | middle:4-6-7@155.3x1u | hole:2-5-7@18.4x1u
3720240106010007,1,,3-6-7,0,,600,0,-600,4,1,2,1,2,1,113.333333,main:1-4-5@2.5x3u | middle:1-4-7@6.8x1u | middle:1-3-4@14.1x1u | hole:3-4-7@19.0x1u
3720240106010008,1,,2-4-7,0,,600,0,-600,5,1,2,2,2,2,106.666667,main:2-3-7@3.2x2u | middle:2-3-6@16.5x1u | middle:2-3-5@29.5x1u | hole:1-3-6@66.6x1u | hole:1-3-5@41.5x1u
3720240106010009,1,,1-4-7,1,main,100,240.0,140.0,1,1,0,0,0,0,240.0,main:1-4-7@2.4x1u
3720240106010010,1,,2-4-5,0,,600,0,-600,4,1,3,0,3,0,110.0,main:2-3-7@2.2x3u | middle:1-2-7@7.1x1u | middle:2-3-4@23.1x1u | middle:2-6-7@10.1x1u
3720240106010011,1,,1-3-4,1,main,700,760.0,60.0,3,1,2,0,2,0,108.571429,main:1-3-4@1.9x4u | middle:2-3-4@5.0x2u | middle:1-3-6@64.8x1u
3720240213010006,1,,1-2-5,0,,600,0,-600,5,1,3,1,3,1,110.0,main:2-4-5@4.7x2u | middle:2-3-5@7.9x1u | middle:1-2-4@26.9x1u | middle:2-5-6@22.4x1u | hole:1-2-3@6.6x1u
3720240213010007,1,,2-6-7,0,,1100,0,-1100,6,1,2,3,2,3,109.090909,main:3-4-5@3.0x4u | middle:1-3-5@4.9x3u | middle:4-5-7@120.8x1u | hole:1-3-7@56.2x1u | hole:1-3-6@22.8x1u | hole:3-6-7@163.9x1u
3720240213010008,1,,2-3-5,0,,1200,0,-1200,7,1,3,3,3,3,105.0,main:2-3-4@4.2x3u | middle:2-4-5@6.6x2u | middle:2-4-7@7.3x2u | middle:2-4-6@8.3x2u | hole:1-5-6@79.3x1u | hole:4-6-7@126.7x1u | hole:3-5-7@68.7x1u
3720240213010009,1,,1-3-4,0,,1300,0,-1300,9,1,4,4,4,4,103.076923,main:1-2-7@4.7x3u | middle:1-2-5@7.9x2u | middle:1-6-7@13.4x1u | middle:1-4-7@10.4x2u | middle:1-3-7@27.8x1u | hole:2-4-5@20.6x1u | hole:2-5-6@22.4x1u | hole:2-3-5@36.8x1u | hole:3-4-5@61.5x1u
3720240213010010,1,,1-4-5,0,,500,0,-500,4,1,3,0,3,0,120.0,main:4-5-7@3.0x2u | middle:2-4-5@6.7x1u | middle:3-4-7@25.8x1u | middle:4-5-6@25.3x1u
3720240213010011,1,,2-3-5,0,,200,0,-200,2,1,1,0,1,0,125.0,main:2-5-7@2.5x1u | middle:2-3-7@4.4x1u
3720240426010006,1,,2-4-5,0,,300,0,-300,3,1,1,1,1,1,163.333333,main:2-5-7@4.9x1u | middle:2-3-5@8.7x1u | hole:2-3-4@70.8x1u
3720240426010007,1,,1-3-4,1,middle,800,1060.0,260.0,6,1,4,1,4,1,120.0,main:1-3-7@4.8x2u | middle:1-3-4@5.3x2u | middle:1-2-3@29.7x1u | middle:1-3-5@50.6x1u | middle:1-6-7@39.2x1u | hole:3-4-6@22.1x1u
3720240426010008,1,,1-3-4,0,,200,0,-200,2,1,1,0,1,0,110.0,main:2-5-7@2.2x1u | middle:4-5-7@47.2x1u
3720240426010009,1,,2-3-5,0,,1100,0,-1100,6,1,3,2,3,2,104.545455,main:3-5-7@2.0x6u | middle:2-3-7@13.3x1u | middle:3-4-7@36.5x1u | middle:1-3-5@27.2x1u | hole:2-3-4@11.5x1u | hole:1-2-4@50.2x1u
3720240426010010,1,,1-4-6,1,main,400,580.0,180.0,3,1,1,1,1,1,110.0,main:1-4-6@2.9x2u | middle:1-5-6@35.0x1u | hole:1-3-7@4.4x1u
3720240426010011,1,,3-5-7,1,middle,200,840.0,640.0,2,1,1,0,1,0,175.0,main:1-3-5@3.5x1u | middle:3-5-7@8.4x1u
3720240530010006,1,,1-5-7,1,main,900,1040.0,140.0,5,1,4,0,4,0,115.555556,main:1-5-7@2.6x4u | middle:1-3-7@5.7x2u | middle:4-5-7@41.1x1u | middle:1-2-7@16.2x1u | middle:1-6-7@35.1x1u
3720240530010007,1,,3-4-5,0,,1100,0,-1100,7,1,2,4,2,4,120.0,main:2-3-7@3.3x4u | middle:3-4-7@8.6x2u | middle:2-6-7@18.0x1u | hole:3-5-6@32.9x1u | hole:3-4-6@44.2x1u | hole:1-3-6@100.7x1u | hole:4-5-6@88.8x1u
3720240530010008,1,,1-5-7,0,,300,0,-300,3,1,2,0,2,0,110.0,main:1-3-7@3.3x1u | middle:3-5-7@13.2x1u | middle:3-6-7@27.8x1u
3720240530010009,1,,1-3-4,0,,600,0,-600,4,1,2,1,2,1,105.0,main:3-4-7@2.1x3u | middle:2-4-7@27.6x1u | middle:4-5-7@49.3x1u | hole:1-3-6@77.7x1u
3720240530010011,1,,1-3-5,1,main,1200,1260.0,60.0,4,1,3,0,3,0,105.0,main:1-3-5@1.8x7u | middle:3-5-7@4.8x3u | middle:1-4-5@24.5x1u | middle:3-5-6@20.8x1u
3720240617010006,1,,1-4-5,0,,500,0,-500,3,1,2,0,2,0,120.0,main:1-3-4@2.0x3u | middle:3-4-5@8.1x1u | middle:1-3-6@46.8x1u
3720240617010008,1,,2-4-5,0,,200,0,-200,2,1,0,1,0,1,285.0,main:1-4-5@5.7x1u | hole:3-4-7@23.2x1u
3720240617010009,1,,1-2-7,0,,600,0,-600,5,1,4,0,4,0,123.333333,main:3-5-7@3.7x2u | middle:1-3-5@8.2x1u | middle:2-3-5@11.5x1u | middle:3-4-7@18.3x1u | middle:3-5-6@33.9x1u
3720240617010010,1,,2-4-5,1,main,200,250.0,50.0,2,1,1,0,1,0,125.0,main:2-4-5@2.5x1u | middle:2-4-6@16.2x1u
3720240617010011,1,,1-6-7,0,,100,0,-100,1,1,0,0,0,0,250.0,main:2-5-7@2.5x1u
3720240908010006,1,,1-2-5,0,,800,0,-800,7,1,3,3,3,3,105.0,main:2-4-5@6.9x2u | middle:1-2-4@8.4x1u | middle:2-5-6@47.7x1u | middle:2-4-7@34.6x1u | hole:3-6-7@10.9x1u | hole:1-4-6@36.6x1u | hole:1-5-7@289.3x1u
3720240908010007,1,,2-4-5,0,,800,0,-800,7,1,4,2,4,2,127.5,main:3-5-7@5.1x2u | middle:2-5-7@44.7x1u | middle:3-5-6@47.3x1u | middle:4-5-7@60.4x1u | middle:1-3-5@14.7x1u | hole:1-2-4@15.2x1u | hole:2-4-6@31.9x1u
3720240908010008,1,,2-3-7,1,main,700,720.0,20.0,5,1,1,3,1,3,102.857143,main:2-3-7@2.4x3u | middle:3-6-7@34.2x1u | hole:3-4-6@17.8x1u | hole:3-5-6@103.8x1u | hole:1-2-6@398.9x1u
3720240908010009,1,,1-2-4,1,middle,700,790.0,90.0,5,1,2,2,2,2,112.857143,main:1-4-6@2.7x3u | middle:1-2-4@7.9x1u | middle:1-4-7@20.1x1u | hole:2-4-7@57.8x1u | hole:1-3-7@162.8x1u
3720240908010010,1,,2-3-5,1,middle,5100,5250.0,150.0,9,1,4,4,4,4,101.568627,main:1-2-5@3.7x14u | middle:2-3-5@7.5x7u | middle:1-2-4@7.6x7u | middle:1-2-7@6.0x9u | middle:1-2-6@82.5x1u | hole:1-4-7@5.5x10u | hole:2-3-4@63.5x1u | hole:1-4-6@88.2x1u | hole:4-6-7@293.0x1u
3720240908010011,1,,3-5-7,1,main,10000,10010.0,10.0,4,1,2,1,3,1,100.1,main:3-5-7@1.1x91u | middle:2-3-7@14.3x7u | middle:4-5-7@211.7x1u | hole:1-3-6@105.8x1u
3720241122010006,1,,1-5-7,1,main,1300,1480.0,180.0,7,1,2,4,2,4,110.769231,main:1-5-7@3.7x4u | middle:1-3-7@7.2x2u | middle:1-4-7@5.3x3u | hole:1-2-4@39.0x1u | hole:2-3-4@90.5x1u | hole:2-4-6@53.3x1u | hole:2-3-6@125.5x1u
3720241122010007,1,,1-5-6,0,,400,0,-400,4,1,2,1,2,1,137.5,main:1-4-5@5.5x1u | middle:1-3-5@7.6x1u | middle:1-4-6@153.1x1u | hole:1-3-6@34.3x1u
3720241122010008,1,,1-4-5,0,,600,0,-600,5,1,2,2,2,2,140.0,main:3-4-5@4.7x2u | middle:2-3-5@8.4x1u | middle:4-5-7@100.6x1u | hole:1-5-7@111.4x1u | hole:1-5-6@143.2x1u
3720241122010009,1,,2-3-7,1,main,500,720.0,220.0,4,1,2,1,2,1,144.0,main:2-3-7@3.6x2u | middle:1-3-7@8.3x1u | middle:3-5-7@12.6x1u | hole:1-4-5@50.7x1u
3720241207010006,1,,3-5-7,1,middle,300,1240.0,940.0,3,1,2,0,2,0,123.333333,main:2-5-7@3.7x1u | middle:4-5-7@10.9x1u | middle:3-5-7@12.4x1u
3720241207010007,1,,3-4-5,0,,400,0,-400,4,1,2,1,2,1,127.5,main:2-5-7@5.1x1u | middle:1-2-5@7.5x1u | middle:2-3-5@45.6x1u | hole:1-2-6@375.5x1u
3720241207010008,1,,4-5-7,0,,300,0,-300,3,1,2,0,2,0,106.666667,main:3-5-7@3.2x1u | middle:3-4-5@40.8x1u | middle:3-5-6@110.9x1u
3720241207010009,1,,2-4-5,1,main,300,310.0,10.0,3,1,2,0,2,0,103.333333,main:2-4-5@3.1x1u | middle:3-4-5@6.1x1u | middle:1-4-5@19.2x1u
3720241207010010,1,,2-3-4,0,,200,0,-200,2,1,1,0,1,0,145.0,main:2-4-5@2.9x1u | middle:3-4-5@10.3x1u
3720241207010011,1,,1-3-5,1,middle,500,530.0,30.0,3,1,2,0,2,0,106.0,main:1-4-5@1.8x3u | middle:1-3-5@5.3x1u | middle:4-5-6@58.5x1u
3820241128010006,1,,1-5-7,0,,400,0,-400,3,1,1,1,1,1,135.0,main:1-2-5@2.7x2u | middle:2-4-5@6.8x1u | hole:2-4-7@44.4x1u
3820241128010007,1,,1-3-7,0,,500,0,-500,4,1,1,2,1,2,160.0,main:3-4-7@4.0x2u | middle:3-5-7@13.7x1u | hole:2-4-5@46.9x1u | hole:2-4-6@30.8x1u
3820241128010008,1,,1-3-4,1,main,400,410.0,10.0,4,1,1,2,1,2,102.5,main:1-3-4@4.1x1u | middle:1-3-6@11.9x1u | hole:3-5-6@20.9x1u | hole:3-6-7@100.1x1u
3820241128010009,1,,1-4-7,0,,800,0,-800,6,1,2,3,2,3,111.25,main:1-4-5@3.3x3u | middle:1-4-6@8.9x1u | middle:1-3-4@12.7x1u | hole:2-4-7@46.0x1u | hole:3-5-7@20.0x1u | hole:2-6-7@285.0x1u
3820241128010010,1,,1-5-7,0,,1900,0,-1900,8,1,3,4,3,4,105.263158,main:1-2-5@2.5x8u | middle:1-3-5@5.4x4u | middle:1-2-7@11.2x2u | middle:1-5-6@21.6x1u | hole:1-3-4@27.4x1u | hole:1-3-6@155.9x1u | hole:2-3-7@35.1x1u | hole:2-4-7@80.4x1u
3820241128010011,1,,1-2-7,0,,800,0,-800,5,1,3,1,3,1,115.0,main:2-5-7@3.1x3u | middle:2-4-5@4.6x2u | middle:2-3-7@19.0x1u | middle:1-2-5@15.5x1u | hole:2-3-6@163.5x1u
3820241212010008,1,,2-3-7,0,,300,0,-300,3,1,1,1,1,1,116.666667,main:2-4-7@3.5x1u | middle:1-2-7@10.5x1u | hole:1-3-4@13.3x1u
3820241212010009,1,,1-2-5,1,middle,700,1320.0,620.0,5,1,2,2,2,2,120.0,main:2-3-5@2.8x3u | middle:1-2-5@13.2x1u | middle:2-3-4@23.0x1u | hole:1-3-4@55.3x1u | hole:1-5-7@32.3x1u
3820241212010010,1,,1-4-5,0,,200,0,-200,2,1,1,0,1,0,180.0,main:1-3-5@3.6x1u | middle:1-5-6@5.1x1u
3820241212010011,1,,2-3-5,1,main,400,560.0,160.0,3,1,2,0,2,0,140.0,main:2-3-5@2.8x2u | middle:2-3-7@20.5x1u | middle:2-3-6@88.4x1u
3820241228010001,1,,2-4-7,0,,300,0,-300,3,1,2,0,2,0,213.333333,main:2-7-9@6.4x1u | middle:2-5-7@7.5x1u | middle:2-3-9@16.3x1u
3820241228010002,1,,2-3-7,0,,1000,0,-1000,8,1,1,6,1,6,135.0,main:1-2-5@4.5x3u | middle:1-2-8@18.0x1u | hole:2-7-8@64.5x1u | hole:1-8-9@130.0x1u | hole:6-7-8@2371.7x1u | hole:6-8-9@1719.5x1u | hole:4-6-7@1810.0x1u | hole:3-6-8@1858.9x1u
3820241228010003,1,,1-4-7,0,,600,0,-600,5,1,2,2,2,2,138.333333,main:1-3-7@4.6x2u | middle:1-3-9@8.3x1u | middle:1-3-4@31.1x1u | hole:1-4-9@50.0x1u | hole:4-6-9@1831.9x1u
3820241228010004,1,,3-7-9,1,main,1000,1520.0,520.0,8,1,3,4,3,4,152.0,main:3-7-9@7.6x2u | middle:3-6-9@17.3x1u | middle:1-7-9@15.8x1u | middle:3-5-9@40.5x1u | hole:2-5-7@23.7x1u | hole:1-2-7@19.6x1u | hole:1-5-7@9.0x2u | hole:1-6-9@178.6x1u
3820241228010005,1,,1-7-9,0,,300,0,-300,3,1,2,0,2,0,150.0,main:1-2-7@4.5x1u | middle:1-3-7@5.2x1u | middle:2-7-9@9.7x1u
3820241228010006,1,,2-5-7,0,,300,0,-300,3,1,1,1,1,1,146.666667,main:2-7-9@4.4x1u | middle:2-3-7@6.6x1u | hole:1-3-4@57.7x1u
3820241228010007,1,,3-6-9,1,middle,400,640.0,240.0,4,1,3,0,3,0,135.0,main:3-7-9@5.4x1u | middle:3-6-9@6.4x1u | middle:3-8-9@61.7x1u | middle:3-4-9@61.4x1u
3820241228010008,1,,2-3-5,0,,800,0,-800,5,1,4,0,4,0,112.5,main:1-3-9@3.0x3u | middle:1-4-9@5.1x2u | middle:3-8-9@24.8x1u | middle:1-2-9@14.8x1u | middle:1-5-9@9.0x1u
3820241228010009,1,,1-2-7,1,middle,1900,2280.0,380.0,6,1,4,1,4,1,107.368421,main:1-4-7@3.0x7u | middle:1-3-7@5.1x4u | middle:1-2-7@7.6x3u | middle:1-7-9@6.8x3u | middle:1-6-7@52.9x1u | hole:4-5-8@1872.5x1u
4220240121010008,1,,2-3-5,0,,700,0,-700,7,1,2,4,2,4,115.714286,main:1-2-7@8.1x1u | middle:2-4-7@12.8x1u | middle:2-5-7@15.0x1u | hole:2-3-4@18.5x1u | hole:2-4-6@22.6x1u | hole:3-4-6@57.2x1u | hole:3-5-6@63.2x1u
4220240121010009,1,,1-3-7,1,hole,400,740.0,340.0,4,1,2,1,2,1,135.0,main:1-2-5@5.4x1u | middle:1-3-5@15.1x1u | middle:1-5-6@11.0x1u | hole:1-3-7@7.4x1u
4220240121010010,1,,3-5-7,1,main,300,310.0,10.0,3,1,2,0,2,0,103.333333,main:3-5-7@3.1x1u | middle:1-3-7@5.6x1u | middle:2-3-7@23.5x1u
4220240121010011,1,,1-4-7,1,middle,400,740.0,340.0,3,1,2,0,2,0,107.5,main:1-4-6@2.4x2u | middle:1-3-4@4.3x1u | middle:1-4-7@7.4x1u
4220240128010006,1,,3-5-7,0,,600,0,-600,5,1,2,2,2,2,163.333333,main:1-3-5@4.9x2u | middle:3-4-5@23.0x1u | middle:1-5-7@10.4x1u | hole:1-4-7@27.5x1u | hole:1-2-6@174.0x1u
4220240128010007,1,,1-4-7,0,,800,0,-800,7,1,2,4,2,4,137.5,main:1-4-5@5.5x2u | middle:4-5-6@39.8x1u | middle:1-2-4@16.2x1u | hole:2-5-7@16.9x1u | hole:2-3-5@52.5x1u | hole:3-5-7@19.1x1u | hole:5-6-7@36.9x1u
4220240128010008,1,,1-4-5,0,,500,0,-500,4,1,3,0,3,0,160.0,main:3-4-5@4.0x2u | middle:3-4-7@16.4x1u | middle:4-5-6@20.1x1u | middle:2-4-5@46.2x1u
4220240128010009,1,,1-3-4,1,middle,500,870.0,370.0,5,1,3,1,3,1,106.0,main:3-4-7@5.3x1u | middle:1-3-4@8.7x1u | middle:2-3-7@30.1x1u | middle:3-6-7@80.3x1u | hole:2-4-5@59.5x1u
4220240128010010,1,,4-5-7,0,,800,0,-800,5,1,1,3,1,3,102.5,main:1-4-7@3.4x3u | middle:1-3-7@4.1x2u | hole:3-5-7@99.1x1u | hole:1-2-3@68.6x1u | hole:3-5-6@314.2x1u
4220240128010011,1,,2-5-7,1,main,700,800.0,100.0,4,1,2,1,2,1,114.285714,main:2-5-7@2.0x4u | middle:2-3-5@8.6x1u | middle:2-4-5@10.8x1u | hole:1-4-5@18.0x1u
4220240816010006,1,,1-6-7,0,,500,0,-500,4,1,0,3,0,3,112.0,main:1-3-7@2.8x2u | hole:2-4-6@24.8x1u | hole:1-2-5@63.1x1u | hole:3-5-6@87.6x1u
4220240816010007,1,,1-4-6,0,,600,0,-600,5,1,2,2,2,2,140.0,main:3-4-7@4.2x2u | middle:4-5-7@31.2x1u | middle:1-4-7@17.4x1u | hole:2-4-5@24.3x1u | hole:1-2-4@16.5x1u
4220240816010008,1,,1-2-4,0,,200,0,-200,2,1,1,0,1,0,175.0,main:1-4-7@3.5x1u | middle:1-3-7@10.4x1u
4220240816010009,1,,2-4-7,1,middle,300,1320.0,1020.0,3,1,2,0,2,0,106.666667,main:1-2-4@3.2x1u | middle:1-2-5@28.5x1u | middle:2-4-7@13.2x1u
4220240816010010,1,,1-2-5,1,middle,400,480.0,80.0,3,1,2,0,2,0,120.0,main:1-4-5@2.7x2u | middle:1-2-5@4.8x1u | middle:1-5-7@5.9x1u
4220240816010011,1,,1-2-7,0,,100,0,-100,1,1,0,0,0,0,230.0,main:2-5-7@2.3x1u
4220240903010008,1,,1-3-6,1,hole,500,1330.0,830.0,4,1,1,2,1,2,140.0,main:2-3-5@3.5x2u | middle:2-3-6@10.7x1u | hole:1-3-6@13.3x1u | hole:1-4-6@50.7x1u
4220240903010009,1,,3-4-7,0,,1100,0,-1100,4,1,3,0,3,0,101.818182,main:1-5-7@2.8x4u | middle:1-2-7@6.6x2u | middle:1-3-7@3.2x4u | middle:1-6-7@27.0x1u
4220240903010010,1,,1-2-5,1,hole,600,1140.0,540.0,6,1,1,4,1,4,101.666667,main:3-4-7@6.1x1u | middle:1-3-7@28.1x1u | hole:2-5-7@6.3x1u | hole:1-2-5@11.4x1u | hole:2-5-6@8.9x1u | hole:1-5-6@62.9x1u
4220240903010011,1,,1-4-5,1,main,1000,1040.0,40.0,5,1,2,2,2,2,104.0,main:1-4-5@2.6x4u | middle:1-5-7@3.8x3u | middle:3-4-5@20.8x1u | hole:3-5-7@67.1x1u | hole:3-4-6@64.1x1u
4220241003010006,1,,3-5-6,1,hole,600,1460.0,860.0,5,1,1,3,1,3,136.666667,main:1-4-7@4.1x2u | middle:1-4-6@30.4x1u | hole:3-5-6@14.6x1u | hole:2-6-7@56.2x1u | hole:2-3-7@24.9x1u
4220241003010007,1,,1-2-5,1,middle,1500,1670.0,170.0,9,1,3,5,3,5,101.333333,main:1-2-7@2.7x6u | middle:2-3-7@7.6x2u | middle:1-2-5@16.7x1u | middle:1-2-6@51.5x1u | hole:2-3-4@15.8x1u | hole:2-4-5@61.9x1u | hole:3-4-6@213.5x1u | hole:1-3-5@89.5x1u | hole:2-5-6@218.8x1u
4220241003010008,1,,1-5-7,0,,700,0,-700,5,1,1,3,1,3,115.714286,main:3-4-7@2.7x3u | middle:4-6-7@92.5x1u | hole:1-3-5@18.2x1u | hole:1-5-6@79.8x1u | hole:1-2-6@112.8x1u
4220241003010009,1,,1-2-5,1,main,1300,1500.0,200.0,7,1,3,3,3,3,103.076923,main:1-2-5@3.0x5u | middle:2-3-5@6.7x2u | middle:2-5-6@38.1x1u | middle:1-5-7@9.1x2u | hole:1-3-7@72.2x1u | hole:2-6-7@345.0x1u | hole:3-5-6@98.3x1u
4220241003010010,1,,2-3-5,0,,400,0,-400,3,1,2,0,2,0,115.0,main:1-3-5@2.3x2u | middle:1-3-4@30.3x1u | middle:3-5-7@27.7x1u
4220241003010011,1,,1-2-5,0,,100,0,-100,1,1,0,0,0,0,260.0,main:1-3-5@2.6x1u
4220241101010006,1,,1-4-5,0,,400,0,-400,3,1,2,0,2,0,115.0,main:1-4-7@2.3x2u | middle:1-3-4@21.5x1u | middle:1-6-7@60.3x1u
4220241101010007,1,,2-3-7,0,,300,0,-300,3,1,2,0,2,0,163.333333,main:1-5-7@4.9x1u | middle:1-3-5@24.1x1u | middle:4-5-7@40.4x1u
4220241101010008,1,,2-4-5,0,,1500,0,-1500,5,1,3,1,3,1,103.333333,main:1-4-7@2.3x7u | middle:1-3-7@3.1x5u | middle:1-5-7@16.5x1u | middle:1-6-7@31.8x1u | hole:3-5-7@16.5x1u
4220241101010009,1,,4-5-6,0,,600,0,-600,4,1,3,0,3,0,123.333333,main:2-4-5@3.7x2u | middle:1-2-4@22.4x1u | middle:2-5-7@3.7x2u | middle:2-5-6@42.5x1u
4220241101010010,1,,2-3-5,1,main,600,690.0,90.0,4,1,2,1,2,1,115.0,main:2-3-5@2.3x3u | middle:1-2-3@12.2x1u | middle:3-5-6@34.5x1u | hole:1-3-4@33.0x1u
4220241101010011,1,,1-5-7,0,,1900,0,-1900,3,1,2,0,2,0,101.052632,main:2-4-5@1.6x12u | middle:1-4-5@3.3x6u | middle:4-5-6@36.8x1u
4220241210010006,1,,1-3-4,0,,200,0,-200,2,1,1,0,1,0,130.0,main:1-3-5@2.6x1u | middle:1-3-6@3.5x1u
4220241210010007,1,,2-4-5,1,main,1800,1820.0,20.0,6,1,2,3,2,3,101.111111,main:2-4-5@1.4x13u | middle:1-2-4@29.7x1u | middle:2-5-6@47.0x1u | hole:3-5-6@232.3x1u | hole:1-3-5@67.3x1u | hole:1-3-6@118.0x1u
4220241210010008,1,,2-3-7,0,,500,0,-500,4,1,1,2,1,2,148.0,main:3-4-7@3.7x2u | middle:1-4-7@34.3x1u | hole:1-2-3@43.4x1u | hole:2-6-7@25.7x1u
4220241210010009,1,,2-3-7,1,middle,400,2230.0,1830.0,3,1,2,0,2,0,125.0,main:2-4-7@2.5x2u | middle:2-3-7@22.3x1u | middle:2-4-5@16.5x1u
4220241210010010,1,,3-5-7,1,middle,1000,1240.0,240.0,5,1,3,1,3,1,108.0,main:3-4-5@2.8x4u | middle:1-3-5@3.6x3u | middle:3-5-7@12.4x1u | middle:3-5-6@41.4x1u | hole:1-5-7@16.4x1u
4220241210010011,1,,2-5-7,1,main,100,190.0,90.0,1,1,0,0,0,0,190.0,main:2-5-7@1.9x1u
4220241223010006,1,,1-5-7,0,,600,0,-600,5,1,2,2,2,2,106.666667,main:3-5-7@3.2x2u | middle:4-5-7@40.9x1u | middle:2-3-5@22.3x1u | hole:1-4-7@11.1x1u | hole:2-4-7@116.7x1u
4220241223010007,1,,2-3-5,0,,800,0,-800,6,1,3,2,3,2,106.25,main:3-5-7@4.6x2u | middle:2-5-7@6.3x2u | middle:1-5-7@16.2x1u | middle:3-5-6@88.4x1u | hole:1-2-7@8.5x1u | hole:1-2-6@110.0x1u
4220241223010008,1,,2-4-5,0,,200,0,-200,2,1,1,0,1,0,135.0,main:3-4-7@2.7x1u | middle:3-4-6@35.1x1u
4220241223010010,1,,1-4-7,1,middle,1000,1340.0,340.0,6,1,3,2,3,2,123.0,main:1-5-7@4.1x3u | middle:1-4-7@6.7x2u | middle:1-3-7@6.2x2u | middle:1-2-7@38.2x1u | hole:3-4-7@16.8x1u | hole:2-3-7@71.3x1u
4220241223010011,1,,1-5-6,0,,500,0,-500,4,1,2,1,2,1,140.0,main:1-4-5@3.5x2u | middle:1-3-5@9.3x1u | middle:1-5-7@7.3x1u | hole:3-4-6@418.6x1u
4320240125010008,1,,1-5-7,1,middle,500,520.0,20.0,4,1,3,0,3,0,104.0,main:1-2-5@2.8x2u | middle:1-5-7@5.2x1u | middle:1-2-4@5.5x1u | middle:1-5-6@32.0x1u
4320240125010009,1,,1-5-7,0,,400,0,-400,4,1,3,0,3,0,110.0,main:1-3-7@4.4x1u | middle:1-3-5@5.1x1u | middle:1-3-4@38.9x1u | middle:1-6-7@93.2x1u
4320240125010010,1,,1-5-7,0,,1000,0,-1000,7,1,2,4,2,4,114.0,main:2-5-7@4.2x3u | middle:2-4-7@5.7x2u | middle:2-3-7@33.4x1u | hole:1-3-5@34.8x1u | hole:3-6-7@61.2x1u | hole:1-3-6@83.7x1u | hole:2-3-4@207.5x1u
4320240125010011,1,,1-3-5,1,main,1000,1020.0,20.0,5,1,3,1,3,1,102.0,main:1-3-5@1.7x6u | middle:3-5-6@16.8x1u | middle:1-2-5@30.0x1u | middle:3-4-5@45.2x1u | hole:2-5-6@70.2x1u
4320240225010006,1,,1-2-4,0,,400,0,-400,4,1,2,1,2,1,150.0,main:2-3-7@6.0x1u | middle:3-5-7@9.0x1u | middle:3-6-7@84.1x1u | hole:4-5-7@81.7x1u
4320240225010007,1,,2-4-7,1,main,200,220.0,20.0,2,1,1,0,1,0,110.0,main:2-4-7@2.2x1u | middle:3-4-7@20.1x1u
4320240225010008,1,,1-5-6,0,,600,0,-600,6,1,2,3,2,3,103.333333,main:1-2-4@6.2x1u | middle:1-4-6@9.6x1u | middle:2-4-5@49.6x1u | hole:2-5-7@19.6x1u | hole:2-3-5@16.8x1u | hole:5-6-7@550.0x1u
4320240225010009,1,,1-5-7,1,main,300,340.0,40.0,2,1,1,0,1,0,113.333333,main:1-5-7@1.7x2u | middle:1-3-5@5.8x1u
4320240225010010,1,,2-4-6,0,,1000,0,-1000,5,1,4,0,4,0,110.0,main:2-5-7@2.2x5u | middle:2-3-5@7.8x2u | middle:4-5-7@34.0x1u | middle:1-2-5@32.5x1u | middle:2-5-6@23.5x1u
4320240225010011,1,,4-5-7,0,,400,0,-400,3,1,2,0,2,0,135.0,main:3-4-5@2.7x2u | middle:1-3-5@9.3x1u | middle:4-5-6@42.0x1u
4320240312010006,1,,3-5-7,0,,600,0,-600,4,1,2,1,2,1,118.333333,main:1-4-5@3.8x2u | middle:1-5-7@4.5x2u | middle:1-3-5@7.1x1u | hole:3-4-7@60.6x1u
4320240312010007,1,,1-5-7,1,main,200,210.0,10.0,2,1,1,0,1,0,105.0,main:1-5-7@2.1x1u | middle:1-3-7@37.5x1u
4320240312010008,1,,1-2-4,0,,500,0,-500,5,1,2,2,2,2,102.0,main:1-2-5@5.1x1u | middle:1-5-6@70.3x1u | middle:2-5-7@12.1x1u | hole:1-4-6@17.3x1u | hole:1-6-7@137.4x1u
4320240312010009,1,,2-3-4,0,,100,0,-100,1,1,0,0,0,0,270.0,main:2-3-5@2.7x1u
4320240312010010,1,,1-3-4,1,main,300,360.0,60.0,3,1,2,0,2,0,120.0,main:1-3-4@3.6x1u | middle:1-4-5@8.0x1u | middle:1-4-7@3.7x1u
4320240312010011,1,,2-3-5,0,,400,0,-400,3,1,2,0,2,0,117.5,main:2-3-4@2.6x2u | middle:2-4-5@14.9x1u | middle:3-4-7@4.7x1u
4320240322010008,1,,2-3-5,0,,300,0,-300,3,1,1,1,1,1,113.333333,main:1-3-7@3.4x1u | middle:3-5-7@7.0x1u | hole:3-4-6@43.8x1u
4320240322010009,1,,1-3-5,0,,1400,0,-1400,7,1,2,4,2,4,105.714286,main:1-2-5@2.6x6u | middle:2-5-7@14.8x1u | middle:2-3-5@5.1x3u | hole:3-4-5@27.8x1u | hole:3-5-6@137.4x1u | hole:5-6-7@352.4x1u | hole:3-5-7@80.6x1u
4320240322010010,1,,3-5-6,1,middle,500,1750.0,1250.0,3,1,1,1,1,1,108.0,main:3-5-7@1.8x3u | middle:3-5-6@17.5x1u | hole:1-5-6@30.9x1u
4320240322010011,1,,1-3-7,1,middle,300,840.0,540.0,3,1,2,0,2,0,160.0,main:1-4-7@4.8x1u | middle:1-3-7@8.4x1u | middle:1-2-7@7.0x1u
4320240420010008,1,,1-4-5,0,,900,0,-900,7,1,4,2,4,2,113.333333,main:1-2-5@3.4x3u | middle:1-5-6@36.4x1u | middle:2-4-5@10.3x1u | middle:1-2-3@19.1x1u | middle:1-5-7@14.8x1u | hole:2-4-7@25.6x1u | hole:4-6-7@693.7x1u
4320240420010009,1,,1-6-7,0,,400,0,-400,4,1,0,3,0,3,107.5,main:2-3-7@4.3x1u | hole:1-3-4@13.3x1u | hole:1-5-6@33.7x1u | hole:1-4-6@76.5x1u
4320240420010010,1,,1-2-4,1,middle,300,380.0,80.0,3,1,2,0,2,0,103.333333,main:2-4-6@3.1x1u | middle:1-2-4@3.8x1u | middle:2-4-5@12.6x1u
4320240420010011,1,,1-3-4,0,,1100,0,-1100,5,1,3,1,3,1,109.090909,main:3-4-7@2.0x6u | middle:3-4-5@17.3x1u | middle:2-3-4@7.5x2u | middle:3-4-6@73.8x1u | hole:3-5-6@184.6x1u
4320240717010006,1,,2-6-7,0,,700,0,-700,6,1,1,4,1,4,137.142857,main:2-3-7@4.8x2u | middle:2-4-7@21.8x1u | hole:4-5-7@143.3x1u | hole:1-5-7@10.0x1u | hole:1-2-4@41.5x1u | hole:1-2-6@88.7x1u
4320240717010007,1,,3-4-7,0,,400,0,-400,3,1,2,0,2,0,135.0,main:1-4-7@2.7x2u | middle:4-6-7@36.1x1u | middle:1-3-7@19.2x1u
4320240717010008,1,,1-3-5,0,,500,0,-500,4,1,2,1,2,1,156.0,main:1-3-4@3.9x2u | middle:1-3-6@17.1x1u | middle:1-4-5@30.8x1u | hole:2-3-7@51.7x1u
4320240717010009,1,,1-2-3,0,,800,0,-800,5,1,2,2,2,2,116.25,main:1-4-6@3.1x3u | middle:1-2-4@5.7x2u | middle:1-4-7@14.5x1u | hole:2-3-7@12.7x1u | hole:1-2-5@67.3x1u
4320240717010010,1,,2-4-7,1,main,1900,1960.0,60.0,6,1,3,2,3,2,103.157895,main:2-4-7@2.8x7u | middle:2-4-5@4.0x5u | middle:1-2-4@12.7x2u | middle:2-3-4@12.0x2u | hole:1-2-5@9.9x2u | hole:4-5-6@116.7x1u
4320240717010011,1,,1-3-4,1,main,100,150.0,50.0,1,1,0,0,0,0,150.0,main:1-3-4@1.5x1u
4320240722010006,1,,1-3-4,0,,1000,0,-1000,5,1,3,1,3,1,120.0,main:1-3-5@3.0x4u | middle:1-4-5@7.4x2u | middle:1-5-7@12.4x1u | middle:1-2-5@27.5x1u | hole:1-4-7@6.1x2u
4320240722010007,1,,1-4-7,0,,400,0,-400,3,1,1,1,1,1,145.0,main:1-2-5@2.9x2u | middle:1-2-4@41.7x1u | hole:3-4-5@56.9x1u
4320240722010008,1,,1-6-7,0,,1000,0,-1000,5,1,2,2,2,2,108.0,main:1-3-7@2.9x4u | middle:3-4-7@5.4x2u | middle:2-3-7@7.0x2u | hole:2-6-7@66.1x1u | hole:2-4-6@343.5x1u
4320240722010009,1,,2-4-7,1,main,700,780.0,80.0,5,1,3,1,3,1,111.428571,main:2-4-7@3.9x2u | middle:1-2-7@9.1x1u | middle:2-6-7@29.0x1u | middle:2-3-7@4.3x2u | hole:3-5-6@67.7x1u
4320240722010010,1,,1-4-5,1,main,400,600.0,200.0,3,1,1,1,1,1,135.0,main:1-4-5@3.0x2u | middle:1-2-4@8.5x1u | hole:2-4-7@5.4x1u
4320240722010011,1,,3-4-7,1,main,900,910.0,10.0,3,1,2,0,2,0,101.111111,main:3-4-7@1.3x7u | middle:3-5-7@18.6x1u | middle:3-6-7@42.2x1u
4320241111010008,1,,1-5-7,1,main,300,330.0,30.0,3,1,2,0,2,0,110.0,main:1-5-7@3.3x1u | middle:1-2-7@4.1x1u | middle:1-4-7@28.4x1u
4320241111010009,1,,1-3-7,0,,200,0,-200,2,1,1,0,1,0,185.0,main:1-2-4@3.7x1u | middle:2-4-5@11.6x1u
4320241111010011,1,,1-5-6,1,middle,600,640.0,40.0,5,1,2,2,2,2,106.666667,main:1-2-5@3.9x2u | middle:1-5-6@6.4x1u | middle:1-2-4@29.6x1u | hole:3-5-7@13.0x1u | hole:3-6-7@228.4x1u
4320241216010008,1,,1-4-7,0,,500,0,-500,5,1,2,2,2,2,106.0,main:1-2-4@5.3x1u | middle:1-2-5@13.1x1u | middle:1-4-6@21.8x1u | hole:3-4-7@30.3x1u | hole:1-6-7@150.4x1u
4320241216010009,1,,1-5-7,1,middle,500,1280.0,780.0,4,1,3,0,3,0,148.0,main:1-2-7@3.7x2u | middle:1-5-7@12.8x1u | middle:1-6-7@18.1x1u | middle:2-4-7@17.3x1u
4320241216010010,1,,2-4-5,0,,100,0,-100,1,1,0,0,0,0,280.0,main:1-3-5@2.8x1u
4320241216010011,1,,2-4-7,0,,500,0,-500,3,1,2,0,2,0,108.0,main:1-4-7@1.8x3u | middle:3-4-7@6.0x1u | middle:4-5-7@8.8x1u
4420240326010005,1,,1-4-5,0,,400,0,-400,3,1,2,0,2,0,135.0,main:1-2-4@2.7x2u | middle:1-2-3@13.3x1u | middle:1-2-5@26.7x1u
4420240326010006,1,,1-2-3,1,main,300,380.0,80.0,3,1,2,0,2,0,126.666667,main:1-2-3@3.8x1u | middle:2-3-7@21.2x1u | middle:2-3-5@16.3x1u
4420240326010007,1,,1-2-7,1,middle,500,3750.0,3250.0,4,1,3,0,3,0,116.0,main:1-2-4@2.9x2u | middle:2-3-4@18.9x1u | middle:1-2-7@37.5x1u | middle:1-2-5@25.2x1u
4420240326010008,1,,2-3-6,0,,800,0,-800,5,1,2,2,2,2,120.0,main:1-5-7@3.2x3u | middle:1-6-7@21.3x1u | middle:1-3-7@5.0x2u | hole:1-2-3@10.8x1u | hole:2-3-4@24.4x1u
4420240509010007,1,,3-4-7,0,,1000,0,-1000,8,1,2,5,2,5,102.0,main:2-4-5@3.4x3u | middle:3-4-5@36.1x1u | middle:4-5-6@126.1x1u | hole:1-3-5@32.1x1u | hole:1-3-7@77.1x1u | hole:1-4-6@253.3x1u | hole:3-5-6@341.6x1u | hole:4-6-7@434.3x1u
4420240509010008,1,,4-6-7,0,,200,0,-200,2,1,1,0,1,0,255.0,main:2-4-7@5.1x1u | middle:2-3-7@54.5x1u
4420240509010009,1,,1-2-3,1,middle,300,1350.0,1050.0,3,1,1,1,1,1,143.333333,main:2-3-4@4.3x1u | middle:1-2-3@13.5x1u | hole:1-6-7@24.5x1u
4420240509010010,1,,4-5-7,0,,500,0,-500,4,1,3,0,3,0,140.0,main:1-2-7@3.5x2u | middle:1-6-7@32.2x1u | middle:1-5-7@26.3x1u | middle:1-3-7@19.2x1u
4420240509010011,1,,1-2-4,0,,900,0,-900,6,1,2,3,2,3,133.333333,main:2-4-5@4.0x3u | middle:1-2-5@6.1x2u | middle:4-5-7@53.9x1u | hole:1-5-6@28.3x1u | hole:3-5-7@17.8x1u | hole:1-6-7@70.3x1u
4420240605010006,1,,1-2-5,1,main,300,390.0,90.0,3,1,2,0,2,0,130.0,main:1-2-5@3.9x1u | middle:1-4-5@12.5x1u | middle:1-3-5@24.4x1u
4420240605010007,1,,2-4-5,0,,500,0,-500,4,1,1,2,1,2,144.0,main:1-2-4@3.6x2u | middle:1-4-5@8.9x1u | hole:1-5-6@80.7x1u | hole:1-5-7@9.4x1u
4420240605010008,1,,3-5-7,0,,300,0,-300,3,1,0,2,0,2,116.666667,main:2-3-7@3.5x1u | hole:1-4-7@17.9x1u | hole:1-4-5@50.6x1u
4420240605010009,1,,1-2-5,0,,500,0,-500,4,1,3,0,3,0,116.0,main:2-3-7@2.9x2u | middle:2-3-5@8.4x1u | middle:1-2-7@6.4x1u | middle:2-4-7@8.3x1u
4420240605010010,1,,2-3-7,1,main,500,520.0,20.0,2,1,1,0,1,0,104.0,main:2-3-7@1.3x4u | middle:3-4-7@30.8x1u
4420240605010011,1,,1-5-7,1,main,400,580.0,180.0,3,1,2,0,2,0,145.0,main:1-5-7@2.9x2u | middle:2-5-7@9.6x1u | middle:1-4-5@13.7x1u
4420240617010006,1,,1-5-7,1,main,400,480.0,80.0,3,1,2,0,2,0,105.0,main:1-5-7@2.4x2u | middle:2-5-7@4.2x1u | middle:3-5-7@9.1x1u
4420240617010007,1,,3-4-7,1,middle,400,610.0,210.0,4,1,2,1,2,1,102.5,main:2-4-7@4.1x1u | middle:1-4-7@4.1x1u | middle:3-4-7@6.1x1u | hole:1-4-5@14.5x1u
4420240617010008,1,,1-3-7,0,,300,0,-300,3,1,2,0,2,0,126.666667,main:1-2-5@3.8x1u | middle:2-5-6@5.8x1u | middle:1-2-7@7.2x1u
4420240617010009,1,,1-3-5,0,,1400,0,-1400,8,1,2,5,2,5,112.857143,main:1-5-7@4.2x4u | middle:1-4-5@5.9x3u | middle:1-2-7@16.4x1u | hole:1-2-6@32.5x1u | hole:1-2-4@7.9x2u | hole:2-4-6@56.3x1u | hole:3-4-5@43.1x1u | hole:3-4-6@157.8x1u
4420240617010010,1,,1-2-5,0,,500,0,-500,4,1,2,1,2,1,112.0,main:1-4-5@2.8x2u | middle:1-5-6@56.7x1u | middle:4-5-7@58.3x1u | hole:3-5-7@18.5x1u
4420240617010011,1,,2-4-5,0,,100,0,-100,1,1,0,0,0,0,260.0,main:1-4-7@2.6x1u
4420241125010006,1,,2-4-7,0,,400,0,-400,4,1,2,1,2,1,142.5,main:1-2-5@5.7x1u | middle:1-2-6@61.2x1u | middle:2-3-5@29.3x1u | hole:2-4-6@112.9x1u
4420241125010007,1,,4-5-7,1,middle,500,1090.0,590.0,4,1,1,2,1,2,156.0,main:1-4-7@3.9x2u | middle:4-5-7@10.9x1u | hole:2-5-7@8.0x1u | hole:2-5-6@31.3x1u
4420241125010008,1,,4-5-7,1,middle,300,790.0,490.0,2,1,1,0,1,0,133.333333,main:3-5-7@2.0x2u | middle:4-5-7@7.9x1u
4420241125010010,1,,4-5-7,0,,100,0,-100,1,1,0,0,0,0,150.0,main:3-4-7@1.5x1u
4420241125010011,1,,1-4-7,1,main,1600,1620.0,20.0,5,1,3,1,3,1,101.25,main:1-4-7@1.8x9u | middle:1-2-4@5.7x3u | middle:1-4-6@18.4x1u | middle:1-3-4@13.2x2u | hole:1-5-6@115.1x1u
4520240205010006,1,,1-3-5,0,,700,0,-700,6,1,2,3,2,3,150.0,main:1-3-4@5.6x2u | middle:1-3-7@24.1x1u | middle:3-4-6@10.5x1u | hole:3-5-6@47.6x1u | hole:3-6-7@159.4x1u | hole:2-4-7@191.8x1u
4520240205010007,1,,1-2-5,0,,700,0,-700,6,1,3,2,3,2,134.285714,main:2-3-4@4.7x2u | middle:1-2-4@26.3x1u | middle:2-4-6@32.5x1u | middle:2-3-7@28.9x1u | hole:1-4-5@46.7x1u | hole:2-6-7@90.5x1u
4520240205010008,1,,2-3-5,0,,700,0,-700,6,1,2,3,2,3,122.857143,main:1-2-7@4.3x2u | middle:1-2-6@16.5x1u | middle:2-5-7@27.7x1u | hole:3-4-5@77.1x1u | hole:1-3-6@33.0x1u | hole:1-5-6@57.0x1u
4520240205010009,1,,1-3-7,0,,900,0,-900,8,1,3,4,3,4,104.444444,main:3-5-7@4.7x2u | middle:1-5-7@21.9x1u | middle:3-6-7@12.6x1u | middle:3-4-5@75.9x1u | hole:2-4-7@31.9x1u | hole:1-2-3@37.9x1u | hole:2-3-6@77.0x1u | hole:1-4-5@61.9x1u
4520240205010010,1,,2-3-4,0,,1200,0,-1200,5,1,1,3,1,3,110.0,main:1-4-7@2.2x6u | middle:1-3-4@5.0x3u | hole:1-2-3@44.8x1u | hole:1-3-5@31.8x1u | hole:1-3-6@52.2x1u
4520240205010011,1,,2-5-7,1,middle,800,880.0,80.0,4,1,2,1,2,1,110.0,main:2-4-5@2.2x4u | middle:2-3-5@5.2x2u | middle:2-5-7@8.8x1u | hole:2-6-7@410.7x1u
4520240217010006,1,,2-4-7,0,,100,0,-100,1,1,0,0,0,0,360.0,main:2-3-7@3.6x1u
4520240217010007,1,,2-5-7,0,,300,0,-300,3,1,2,0,2,0,110.0,main:1-3-5@3.3x1u | middle:3-5-7@4.8x1u | middle:1-4-5@10.8x1u
4520240217010008,1,,1-5-7,1,main,300,330.0,30.0,3,1,2,0,2,0,110.0,main:1-5-7@3.3x1u | middle:1-2-7@4.2x1u | middle:1-4-7@6.2x1u
4520240217010009,1,,4-6-7,0,,800,0,-800,5,1,2,2,2,2,127.5,main:1-3-5@3.4x3u | middle:1-5-6@5.2x2u | middle:1-2-3@36.9x1u | hole:3-6-7@138.5x1u | hole:2-5-6@173.4x1u
4520240217010010,1,,3-5-7,1,main,700,780.0,80.0,4,1,1,2,1,2,105.714286,main:3-5-7@2.6x3u | middle:3-4-5@3.7x2u | hole:2-4-5@12.4x1u | hole:1-4-5@76.2x1u
4520240217010011,1,,1-3-7,0,,200,0,-200,2,1,1,0,1,0,150.0,main:1-4-7@3.0x1u | middle:1-3-4@4.8x1u
4520240624010008,1,,1-2-5,0,,800,0,-800,5,1,2,2,2,2,110.0,main:3-4-7@2.2x4u | middle:1-3-4@15.0x1u | middle:3-4-6@37.4x1u | hole:1-2-4@32.1x1u | hole:4-5-6@374.5x1u
4520240624010009,1,,2-4-7,0,,43900,0,-43900,5,1,4,0,4,1,100.045558,main:3-4-7@1.5x293u | middle:3-5-7@6.1x72u | middle:1-3-7@12.2x36u | middle:2-3-7@15.7x28u | middle:3-6-7@44.3x10u
4520240624010010,1,,1-4-5,1,main,600,900.0,300.0,5,1,3,1,3,1,106.666667,main:1-4-5@4.5x2u | middle:3-4-5@6.4x1u | middle:1-5-7@24.2x1u | middle:4-5-6@54.9x1u | hole:2-3-5@86.6x1u
4520240624010011,1,,2-4-7,0,,400,0,-400,3,1,2,0,2,0,130.0,main:1-2-4@2.6x2u | middle:2-3-4@41.4x1u | middle:1-4-7@18.1x1u
4520240701010008,1,,1-4-7,0,,400,0,-400,3,1,2,0,2,0,145.0,main:1-5-7@2.9x2u | middle:1-5-6@28.6x1u | middle:3-5-7@22.3x1u
4520240701010009,1,,1-2-3,0,,1600,0,-1600,6,1,4,1,4,1,103.125,main:3-4-5@2.5x7u | middle:2-3-5@5.5x3u | middle:1-3-5@5.6x3u | middle:3-5-7@22.2x1u | middle:3-5-6@49.0x1u | hole:2-5-7@37.5x1u
4520240701010010,1,,1-5-7,0,,600,0,-600,5,1,3,1,3,1,103.333333,main:3-5-7@4.9x2u | middle:2-3-5@8.7x1u | middle:1-3-5@6.2x1u | middle:3-4-5@40.3x1u | hole:1-4-7@9.6x1u
4520240701010011,1,,1-5-7,1,main,900,950.0,50.0,5,1,3,1,3,1,105.555556,main:1-5-7@1.9x5u | middle:3-5-7@46.5x1u | middle:1-4-7@25.3x1u | middle:1-6-7@49.3x1u | hole:1-3-6@32.7x1u
4520240730010006,1,,1-2-5,0,,800,0,-800,5,1,3,1,3,1,105.0,main:2-4-5@2.1x4u | middle:2-3-4@58.2x1u | middle:2-4-6@26.2x1u | middle:2-4-7@18.6x1u | hole:2-3-6@101.1x1u
4520240730010007,1,,1-4-7,0,,300,0,-300,3,1,2,0,2,0,120.0,main:1-4-5@3.6x1u | middle:1-3-4@6.9x1u | middle:1-4-6@16.6x1u
4520240730010008,1,,1-5-7,0,,400,0,-400,3,1,0,2,0,2,135.0,main:2-5-7@2.7x2u | hole:3-4-7@63.5x1u | hole:1-3-4@17.8x1u
4520240730010009,1,,4-5-7,0,,400,0,-400,3,1,2,0,2,0,127.5,main:1-3-7@2.6x2u | middle:3-4-7@5.1x1u | middle:3-6-7@17.6x1u
4520240730010010,1,,1-4-6,0,,300,0,-300,3,1,2,0,2,0,116.666667,main:1-2-4@3.5x1u | middle:1-2-5@20.6x1u | middle:1-2-3@51.7x1u
4520240730010011,1,,1-2-5,0,,900,0,-900,4,1,2,1,2,1,102.222222,main:1-5-6@2.3x4u | middle:1-4-5@3.7x3u | middle:2-5-6@138.7x1u | hole:2-4-5@36.6x1u
4520241026010008,1,,1-5-7,1,main,200,320.0,120.0,2,1,1,0,1,0,160.0,main:1-5-7@3.2x1u | middle:1-2-5@42.5x1u
4520241026010009,1,,2-3-7,0,,700,0,-700,5,1,2,2,2,2,142.857143,main:1-3-4@5.0x2u | middle:1-3-7@15.3x1u | middle:2-3-4@5.1x2u | hole:1-2-7@12.0x1u | hole:2-5-6@142.7x1u
4520241026010010,1,,1-3-4,0,,300,0,-300,3,1,2,0,2,0,136.666667,main:1-4-5@4.1x1u | middle:3-4-5@9.0x1u | middle:1-4-7@4.9x1u
4520241026010011,1,,2-3-5,1,main,700,800.0,100.0,4,1,3,0,3,0,114.285714,main:2-3-5@2.0x4u | middle:1-3-5@8.8x1u | middle:2-3-4@21.0x1u | middle:2-3-7@16.4x1u
4520241231010006,1,,1-5-6,0,,300,0,-300,3,1,1,1,1,1,156.666667,main:1-2-5@4.7x1u | middle:2-5-6@29.9x1u | hole:1-3-6@7.8x1u
4520241231010007,1,,1-3-6,1,main,800,850.0,50.0,4,1,1,2,1,2,106.25,main:1-3-6@1.7x5u | middle:3-4-6@25.3x1u | hole:2-5-6@15.1x1u | hole:2-4-5@16.6x1u
4520241231010008,1,,2-4-6,1,middle,700,800.0,100.0,3,1,2,0,2,0,111.428571,main:1-4-6@2.6x3u | middle:3-4-6@4.8x2u | middle:2-4-6@4.0x2u
4520241231010009,1,,1-3-7,0,,700,0,-700,7,1,3,3,3,3,118.571429,main:2-3-7@8.3x1u | middle:3-6-7@67.4x1u | middle:2-4-7@8.4x1u | middle:3-5-7@87.6x1u | hole:3-4-5@35.0x1u | hole:4-5-6@135.3x1u | hole:1-6-7@131.4x1u
4520241231010010,1,,2-6-7,1,middle,500,1940.0,1440.0,4,1,2,1,2,1,124.0,main:2-4-7@3.1x2u | middle:2-3-7@13.9x1u | middle:2-6-7@19.4x1u | hole:1-4-6@153.2x1u
4520241231010011,1,,2-4-7,1,middle,1000,1160.0,160.0,5,1,3,1,3,1,102.0,main:1-4-7@1.7x6u | middle:2-4-7@11.6x1u | middle:1-4-5@14.2x1u | middle:1-3-4@18.0x1u | hole:2-4-5@32.5x1u
4620240427010006,1,,1-3-7,1,middle,300,810.0,510.0,3,1,2,0,2,0,143.333333,main:3-5-7@4.3x1u | middle:1-3-7@8.1x1u | middle:3-4-7@27.8x1u
4620240427010007,1,,1-2-5,0,,300,0,-300,3,1,2,0,2,0,143.333333,main:3-4-5@4.3x1u | middle:1-3-5@4.7x1u | middle:2-3-5@13.3x1u
4620240427010008,1,,3-5-6,0,,400,0,-400,4,1,0,3,0,3,185.0,main:2-5-7@7.4x1u | hole:1-2-4@23.3x1u | hole:1-4-6@31.5x1u | hole:1-3-4@19.0x1u
4620240427010009,1,,1-2-6,0,,1400,0,-1400,8,1,3,4,3,4,105.714286,main:1-3-5@3.7x4u | middle:3-4-5@6.5x3u | middle:3-5-6@7.6x2u | middle:1-3-7@16.7x1u | hole:2-3-6@16.2x1u | hole:3-4-6@48.8x1u | hole:3-4-7@62.3x1u | hole:3-6-7@74.1x1u
4620240427010010,1,,1-3-5,1,middle,1300,1620.0,320.0,6,1,2,3,2,3,101.538462,main:3-4-5@3.3x4u | middle:1-3-5@5.4x3u | middle:3-5-7@8.0x2u | hole:1-5-7@7.2x2u | hole:2-5-7@45.2x1u | hole:1-2-5@25.4x1u
4620240427010011,1,,1-4-7,1,main,500,540.0,40.0,3,1,2,0,2,0,108.0,main:1-4-7@1.8x3u | middle:1-4-5@6.5x1u | middle:1-4-6@25.6x1u
4620240529010006,1,,2-4-5,1,middle,700,2040.0,1340.0,4,1,2,1,2,1,102.857143,main:1-2-4@1.8x4u | middle:2-4-6@24.7x1u | middle:2-4-5@20.4x1u | hole:3-4-5@12.5x1u
4620240529010007,1,,3-4-6,0,,200,0,-200,2,1,1,0,1,0,165.0,main:2-3-6@3.3x1u | middle:1-2-3@41.2x1u
4620240529010008,1,,3-5-7,1,main,400,560.0,160.0,3,1,2,0,2,0,105.0,main:3-5-7@2.8x2u | middle:1-3-7@9.3x1u | middle:3-4-7@4.2x1u
4620240529010009,1,,1-3-7,1,middle,700,2820.0,2120.0,4,1,3,0,3,0,108.571429,main:3-4-7@1.9x4u | middle:1-3-7@28.2x1u | middle:3-4-5@16.7x1u | middle:2-3-7@15.9x1u
4620240529010010,1,,1-3-5,0,,500,0,-500,3,1,2,0,2,0,114.0,main:1-4-5@1.9x3u | middle:1-5-7@14.7x1u | middle:1-5-6@26.7x1u
4620240529010011,1,,1-4-7,1,main,100,160.0,60.0,1,1,0,0,0,0,160.0,main:1-4-7@1.6x1u
4620240910010006,1,,1-2-5,0,,300,0,-300,3,1,1,1,1,1,153.333333,main:1-4-6@4.6x1u | middle:1-4-5@6.1x1u | hole:2-3-5@11.4x1u
4620240910010007,1,,1-5-7,0,,100,0,-100,1,1,0,0,0,0,310.0,main:1-4-5@3.1x1u
4620240910010008,1,,1-3-4,0,,3000,0,-3000,11,1,4,6,4,6,103.333333,main:1-4-7@3.1x10u | middle:1-3-7@6.3x5u | middle:1-5-7@8.1x4u | middle:1-4-6@134.5x1u | middle:2-4-7@155.9x1u | hole:1-3-5@10.4x3u | hole:1-2-3@21.5x2u | hole:2-3-5@45.0x1u | hole:1-2-6@65.5x1u | hole:1-5-6@138.3x1u | hole:1-3-6@90.5x1u
4620240910010009,1,,1-3-7,0,,800,0,-800,5,1,3,1,3,1,105.0,main:2-4-7@2.8x3u | middle:1-2-7@4.5x2u | middle:2-3-7@22.3x1u | middle:4-6-7@95.8x1u | hole:1-2-6@287.6x1u
4620240910010010,1,,1-4-5,0,,500,0,-500,3,1,0,2,0,2,108.0,main:2-4-5@1.8x3u | hole:1-5-7@23.0x1u | hole:1-6-7@91.7x1u
4620240910010011,1,,2-5-7,1,main,3000,3120.0,120.0,8,1,4,3,4,3,104.0,main:2-5-7@2.6x12u | middle:4-5-7@3.9x8u | middle:1-5-7@8.5x4u | middle:5-6-7@31.6x1u | middle:3-5-7@15.7x2u | hole:1-5-6@86.4x1u | hole:1-4-6@76.1x1u | hole:3-4-5@33.2x1u
4620240917010006,1,,1-5-6,0,,500,0,-500,5,1,1,3,1,3,120.0,main:1-2-4@6.0x1u | middle:1-2-5@18.0x1u | hole:1-3-7@9.7x1u | hole:3-5-7@38.6x1u | hole:2-6-7@185.5x1u
4620240917010007,1,,1-4-6,1,middle,500,3880.0,3380.0,4,1,2,1,2,1,144.0,main:1-4-7@3.6x2u | middle:4-5-7@12.2x1u | middle:1-4-6@38.8x1u | hole:4-5-6@39.0x1u
4620240917010008,1,,4-5-7,0,,200,0,-200,2,1,1,0,1,0,195.0,main:1-3-5@3.9x1u | middle:2-3-5@8.7x1u
4620240917010009,1,,1-2-5,1,middle,400,1980.0,1580.0,3,1,2,0,2,0,140.0,main:1-3-5@2.8x2u | middle:3-5-7@6.0x1u | middle:1-2-5@19.8x1u
4620240917010010,1,,2-3-7,1,middle,300,880.0,580.0,3,1,2,0,2,0,120.0,main:2-3-5@3.6x1u | middle:2-3-7@8.8x1u | middle:2-4-5@11.4x1u
4620240917010011,1,,1-3-7,1,middle,400,660.0,260.0,3,1,2,0,2,0,105.0,main:1-5-7@2.1x2u | middle:1-2-7@4.3x1u | middle:1-3-7@6.6x1u
4620241006010006,1,,2-4-6,0,,400,0,-400,3,1,2,0,2,0,140.0,main:1-2-6@2.8x2u | middle:1-3-6@6.4x1u | middle:2-5-6@37.5x1u
4620241006010007,1,,1-3-5,1,main,500,680.0,180.0,4,1,2,1,2,1,136.0,main:1-3-5@3.4x2u | middle:2-3-5@30.8x1u | middle:3-4-5@39.3x1u | hole:1-2-4@7.4x1u
4620241006010008,1,,1-2-5,0,,300,0,-300,3,1,0,2,0,2,136.666667,main:2-5-7@4.1x1u | hole:2-3-4@5.7x1u | hole:1-3-4@24.3x1u
4620241006010009,1,,1-4-7,1,main,1000,1020.0,20.0,4,1,2,1,2,1,102.0,main:1-4-7@1.7x6u | middle:1-5-7@6.6x2u | middle:1-6-7@38.3x1u | hole:3-6-7@191.6x1u
4620241006010010,1,,2-5-7,1,main,100,190.0,90.0,1,1,0,0,0,0,190.0,main:2-5-7@1.9x1u
4620241006010011,1,,1-4-5,1,main,100,180.0,80.0,1,1,0,0,0,0,180.0,main:1-4-5@1.8x1u
4620241013010006,1,,1-3-7,1,main,200,270.0,70.0,2,1,1,0,1,0,135.0,main:1-3-7@2.7x1u | middle:1-2-3@18.1x1u
4620241013010007,1,,1-6-7,1,middle,900,1760.0,860.0,5,1,4,0,4,0,111.111111,main:1-2-7@2.5x4u | middle:1-6-7@17.6x1u | middle:1-4-7@5.5x2u | middle:2-5-7@25.4x1u | middle:2-3-7@32.3x1u
4620241013010008,1,,1-5-7,0,,600,0,-600,5,1,4,0,4,0,123.333333,main:2-3-4@3.7x2u | middle:3-4-7@15.3x1u | middle:1-2-4@15.0x1u | middle:2-4-6@26.1x1u | middle:3-4-5@14.2x1u
4620241013010009,1,,2-5-7,0,,600,0,-600,5,1,3,1,3,1,103.333333,main:2-4-5@3.1x2u | middle:2-4-7@17.3x1u | middle:1-2-4@8.6x1u | middle:2-5-6@38.9x1u | hole:1-4-7@17.3x1u
4620241013010010,1,,1-2-7,0,,500,0,-500,4,1,2,1,2,1,104.0,main:2-5-7@3.0x2u | middle:2-4-7@5.2x1u | middle:2-6-7@49.4x1u | hole:3-4-6@51.6x1u
4620241013010011,1,,3-4-7,1,main,100,220.0,120.0,1,1,0,0,0,0,220.0,main:3-4-7@2.2x1u
4720240319010006,1,,1-4-5,1,middle,300,1030.0,730.0,3,1,2,0,2,0,130.0,main:1-2-5@3.9x1u | middle:1-4-5@10.3x1u | middle:1-2-7@31.3x1u
4720240319010007,1,,1-2-5,0,,800,0,-800,6,1,2,3,2,3,108.75,main:1-5-7@2.9x3u | middle:5-6-7@65.7x1u | middle:1-3-5@13.8x1u | hole:1-2-6@19.2x1u | hole:1-3-4@23.3x1u | hole:3-5-6@96.2x1u
4720240319010008,1,,1-5-7,1,middle,200,380.0,180.0,2,1,1,0,1,0,180.0,main:1-3-5@3.6x1u | middle:1-5-7@3.8x1u
4720240319010009,1,,1-3-4,0,,1000,0,-1000,7,1,3,3,3,3,111.0,main:1-3-5@3.7x3u | middle:1-2-5@7.2x2u | middle:1-3-6@78.9x1u | middle:3-5-7@36.8x1u | hole:1-6-7@109.9x1u | hole:2-6-7@191.1x1u | hole:3-4-6@171.2x1u
4720240319010011,1,,2-4-6,0,,1300,0,-1300,5,1,3,1,3,1,101.538462,main:1-4-7@2.0x7u | middle:4-5-7@5.1x3u | middle:2-4-7@13.2x1u | middle:4-6-7@27.1x1u | hole:3-4-6@180.9x1u
4720240411010006,1,,1-3-4,0,,800,0,-800,5,1,3,1,3,1,108.75,main:1-4-5@2.9x3u | middle:1-3-5@10.1x1u | middle:1-5-7@4.6x2u | middle:1-2-5@26.9x1u | hole:3-4-7@64.4x1u
4720240411010007,1,,2-4-5,0,,300,0,-300,3,1,1,1,1,1,110.0,main:1-3-4@3.3x1u | middle:3-4-5@7.3x1u | hole:2-5-7@12.4x1u
4720240411010008,1,,1-2-6,0,,500,0,-500,4,1,3,0,3,0,108.0,main:1-3-4@2.7x2u | middle:1-3-5@9.6x1u | middle:1-3-6@43.3x1u | middle:1-2-3@42.3x1u
4720240411010009,1,,1-4-5,1,main,1200,1350.0,150.0,7,1,3,3,3,3,112.5,main:1-4-5@2.7x5u | middle:1-2-4@8.9x2u | middle:1-3-4@103.6x1u | middle:1-4-6@105.9x1u | hole:2-3-4@48.6x1u | hole:2-4-6@35.1x1u | hole:2-4-7@48.6x1u
4720240411010010,1,,1-3-5,0,,400,0,-400,4,1,2,1,2,1,150.0,main:2-4-7@6.0x1u | middle:2-4-6@9.2x1u | middle:1-2-4@6.2x1u | hole:3-4-5@20.8x1u
4720240411010011,1,,2-3-5,0,,200,0,-200,2,1,1,0,1,0,180.0,main:1-2-5@3.6x1u | middle:2-5-7@4.3x1u
4720240810010008,1,,1-4-5,0,,600,0,-600,5,1,2,2,2,2,110.0,main:1-2-5@3.3x2u | middle:1-2-7@20.0x1u | middle:1-2-6@75.0x1u | hole:2-3-4@18.5x1u | hole:2-4-6@37.6x1u
4720240810010009,1,,1-3-7,0,,500,0,-500,5,1,3,1,3,1,104.0,main:2-3-7@5.2x1u | middle:2-3-4@5.4x1u | middle:1-2-3@23.8x1u | middle:2-3-6@48.6x1u | hole:2-4-6@12.8x1u
4720240810010010,1,,1-4-5,0,,300,0,-300,3,1,2,0,2,0,103.333333,main:1-5-7@3.1x1u | middle:1-5-6@6.2x1u | middle:3-5-7@18.8x1u
4720240810010011,1,,1-5-7,0,,300,0,-300,3,1,2,0,2,0,136.666667,main:1-3-5@4.1x1u | middle:1-3-7@8.6x1u | middle:1-2-5@12.0x1u
4720240823010006,1,,3-4-5,0,,700,0,-700,5,1,2,2,2,2,120.0,main:1-4-7@2.8x3u | middle:1-2-4@16.7x1u | middle:1-4-6@53.4x1u | hole:1-3-5@8.4x1u | hole:1-2-3@26.0x1u
4720240823010007,1,,2-4-5,1,main,900,1170.0,270.0,7,1,1,5,1,5,130.0,main:2-4-5@3.9x3u | middle:4-5-7@26.9x1u | hole:1-4-7@23.7x1u | hole:1-4-6@27.5x1u | hole:3-4-6@68.7x1u | hole:4-6-7@87.7x1u | hole:1-3-4@16.4x1u
4720240823010008,1,,1-2-5,1,main,200,480.0,280.0,2,1,0,1,0,1,240.0,main:1-2-5@4.8x1u | hole:3-5-6@105.2x1u
4720240823010009,1,,1-6-7,1,hole,300,820.0,520.0,3,1,1,1,1,1,156.666667,main:2-3-4@4.7x1u | middle:1-2-4@5.2x1u | hole:1-6-7@8.2x1u
4720240823010010,1,,1-4-5,0,,400,0,-400,3,1,2,0,2,0,115.0,main:1-4-7@2.3x2u | middle:1-2-4@4.8x1u | middle:1-3-4@7.6x1u
4720240823010011,1,,1-5-7,1,main,700,750.0,50.0,4,1,2,1,2,1,107.142857,main:1-5-7@2.5x3u | middle:1-2-7@4.0x2u | middle:1-3-7@10.4x1u | hole:2-3-7@29.7x1u
4720241001010006,1,,1-3-4,0,,700,0,-700,2,1,1,0,1,0,102.857143,main:1-3-5@1.2x6u | middle:1-4-5@43.1x1u
4720241001010007,1,,1-2-3,1,middle,300,1290.0,990.0,3,1,2,0,2,0,113.333333,main:1-2-4@3.4x1u | middle:1-2-3@12.9x1u | middle:2-4-6@9.3x1u
4720241001010008,1,,1-4-7,1,main,1100,1200.0,100.0,5,1,2,2,2,2,109.090909,main:1-4-7@2.4x5u | middle:1-3-4@4.3x3u | middle:1-4-6@24.6x1u | hole:2-3-4@76.8x1u | hole:3-4-5@134.4x1u
4720241001010009,1,,1-5-7,1,middle,2900,2970.0,70.0,4,1,3,0,3,0,102.413793,main:1-2-7@2.7x11u | middle:1-6-7@11.0x3u | middle:1-5-7@3.3x9u | middle:1-4-7@5.1x6u
4720241001010010,1,,1-4-5,1,main,800,850.0,50.0,3,1,1,1,1,1,106.25,main:1-4-5@1.7x5u | middle:1-2-5@4.4x2u | hole:2-5-7@46.9x1u
4720241001010011,1,,2-4-5,0,,1700,0,-1700,6,1,3,2,3,2,103.529412,main:1-4-7@2.2x8u | middle:2-4-7@4.7x4u | middle:4-5-7@8.8x2u | middle:1-3-4@119.6x1u | hole:2-5-7@36.7x1u | hole:3-4-6@53.2x1u
4720241228010006,1,,1-3-5,0,,100,0,-100,1,1,0,0,0,0,190.0,main:1-4-5@1.9x1u
4720241228010007,1,,1-2-4,0,,400,0,-400,3,1,2,0,2,0,125.0,main:2-4-7@2.5x2u | middle:2-3-7@15.5x1u | middle:4-5-7@23.2x1u
4720241228010008,1,,1-5-7,1,hole,1000,1850.0,850.0,7,1,4,2,4,2,101.0,main:1-3-4@2.9x4u | middle:1-3-6@27.3x1u | middle:2-3-4@32.4x1u | middle:1-4-5@10.1x1u | middle:1-3-7@16.4x1u | hole:1-5-7@18.5x1u | hole:1-2-7@27.8x1u
4720241228010009,1,,1-3-4,0,,300,0,-300,3,1,2,0,2,0,106.666667,main:3-4-7@3.2x1u | middle:3-5-7@14.4x1u | middle:2-3-7@13.0x1u
4720241228010010,1,,2-3-7,0,,500,0,-500,4,1,2,1,2,1,156.0,main:1-2-3@3.9x2u | middle:1-2-5@22.5x1u | middle:1-2-4@8.8x1u | hole:1-4-5@19.0x1u
4720241228010011,1,,2-4-5,1,middle,900,1220.0,320.0,4,1,3,0,3,0,105.555556,main:2-4-7@1.9x5u | middle:1-2-4@4.9x2u | middle:2-3-7@47.0x1u | middle:2-4-5@12.2x1u
4820240111010008,1,,2-4-6,0,,400,0,-400,4,1,1,2,1,2,115.0,main:2-4-7@4.6x1u | middle:2-3-4@22.3x1u | hole:1-4-5@48.2x1u | hole:1-5-6@49.1x1u
4820240111010009,1,,2-4-7,1,main,400,460.0,60.0,4,1,3,0,3,0,115.0,main:2-4-7@4.6x1u | middle:1-4-7@9.1x1u | middle:2-4-5@11.3x1u | middle:2-4-6@10.7x1u
4820240111010010,1,,2-3-5,1,hole,700,2550.0,1850.0,6,1,2,3,2,3,117.142857,main:1-4-7@4.1x2u | middle:2-4-7@9.1x1u | middle:1-4-5@27.8x1u | hole:2-4-5@10.8x1u | hole:2-3-5@25.5x1u | hole:2-5-6@70.1x1u
4820240111010011,1,,2-5-6,1,hole,900,4080.0,3180.0,6,1,1,4,1,4,113.333333,main:1-4-7@3.4x3u | middle:1-2-4@5.4x2u | hole:2-3-7@40.0x1u | hole:1-2-5@32.9x1u | hole:3-6-7@132.3x1u | hole:2-5-6@40.8x1u
4820240220010008,1,,1-4-5,1,main,600,700.0,100.0,5,1,3,1,3,1,116.666667,main:1-4-5@3.5x2u | middle:1-3-4@7.1x1u | middle:1-4-7@33.3x1u | middle:4-5-6@123.6x1u | hole:2-3-5@34.1x1u
4820240220010009,1,,1-5-7,1,middle,1200,1240.0,40.0,9,1,3,5,3,5,103.333333,main:1-2-7@4.7x3u | middle:1-5-7@6.2x2u | middle:2-6-7@31.9x1u | middle:2-4-7@39.3x1u | hole:3-5-7@29.4x1u | hole:1-5-6@48.5x1u | hole:4-5-7@75.1x1u | hole:4-5-6@380.4x1u | hole:1-3-6@89.1x1u
4820240220010010,1,,2-3-7,0,,600,0,-600,5,1,2,2,2,2,120.0,main:2-5-7@3.6x2u | middle:3-5-7@47.0x1u | middle:2-6-7@40.5x1u | hole:1-3-4@22.9x1u | hole:1-3-6@78.5x1u
4820240220010011,1,,2-4-5,1,main,800,840.0,40.0,4,1,2,1,2,1,105.0,main:2-4-5@2.1x4u | middle:1-2-5@4.6x2u | middle:2-3-5@21.9x1u | hole:1-3-6@198.5x1u
4820240309010006,1,,1-2-4,0,,200,0,-200,2,1,1,0,1,0,220.0,main:1-4-7@4.4x1u | middle:1-3-7@16.3x1u
4820240309010007,1,,2-3-7,1,main,900,1140.0,240.0,7,1,1,5,1,5,126.666667,main:2-3-7@5.7x2u | middle:2-5-7@6.7x2u | hole:2-4-5@16.9x1u | hole:1-2-5@24.0x1u | hole:1-4-5@42.4x1u | hole:4-5-6@171.4x1u | hole:1-4-6@200.4x1u
4820240309010008,1,,2-3-7,0,,700,0,-700,5,1,3,1,3,1,108.571429,main:2-4-7@3.8x2u | middle:2-5-7@12.7x1u | middle:1-2-7@4.7x2u | middle:2-4-6@55.1x1u | hole:2-5-6@155.1x1u
4820240309010009,1,,1-4-7,1,main,200,220.0,20.0,2,1,1,0,1,0,110.0,main:1-4-7@2.2x1u | middle:1-3-7@3.4x1u
4820240309010010,1,,1-4-7,1,main,400,420.0,20.0,3,1,1,1,1,1,105.0,main:1-4-7@2.1x2u | middle:1-6-7@35.7x1u | hole:3-5-6@56.8x1u
4820240309010011,1,,2-3-7,0,,400,0,-400,3,1,1,1,1,1,120.0,main:1-4-7@2.4x2u | middle:1-3-7@10.7x1u | hole:2-3-5@19.1x1u
4820240416010006,1,,1-4-5,0,,200,0,-200,2,1,0,1,0,1,170.0,main:1-3-5@3.4x1u | hole:3-6-7@55.5x1u
4820240416010007,1,,2-3-7,0,,700,0,-700,6,1,2,3,2,3,108.571429,main:1-3-7@5.5x2u | middle:3-5-7@7.6x1u | middle:3-6-7@108.1x1u | hole:2-3-5@28.3x1u | hole:2-4-5@33.2x1u | hole:5-6-7@267.8x1u
4820240416010008,1,,1-2-4,1,main,800,880.0,80.0,7,1,2,4,2,4,110.0,main:1-2-4@4.4x2u | middle:1-3-4@11.8x1u | middle:1-2-6@49.1x1u | hole:2-5-6@12.2x1u | hole:2-3-6@110.7x1u | hole:2-3-5@40.8x1u | hole:3-6-7@184.5x1u
4820240416010009,1,,1-3-7,0,,400,0,-400,4,1,2,1,2,1,127.5,main:3-5-7@5.1x1u | middle:1-3-5@19.9x1u | middle:2-3-5@10.2x1u | hole:1-4-7@7.4x1u
4820240416010010,1,,2-3-5,0,,1000,0,-1000,7,1,3,3,3,3,112.0,main:2-5-7@2.8x4u | middle:2-5-6@16.7x1u | middle:2-4-5@22.1x1u | middle:1-5-7@51.4x1u | hole:1-2-6@212.9x1u | hole:3-6-7@224.4x1u | hole:1-2-3@90.9x1u
4820240416010011,1,,1-3-5,0,,700,0,-700,6,1,2,3,2,3,151.428571,main:1-4-7@5.3x2u | middle:1-5-7@17.7x1u | middle:1-6-7@72.2x1u | hole:2-3-5@27.8x1u | hole:1-2-6@58.5x1u | hole:3-5-6@91.1x1u
4820240430010006,1,,1-3-7,0,,400,0,-400,3,1,2,0,2,0,137.5,main:1-2-5@3.0x2u | middle:2-4-5@5.5x1u | middle:2-3-5@26.2x1u
4820240430010007,1,,1-3-7,1,middle,2200,2340.0,140.0,7,1,4,2,4,2,101.818182,main:3-5-7@3.2x7u | middle:1-3-7@7.8x3u | middle:2-3-7@7.9x3u | middle:3-6-7@38.8x1u | middle:3-4-7@6.8x4u | hole:1-3-4@9.2x3u | hole:3-4-6@101.4x1u
4820240430010008,1,,1-2-3,0,,1500,0,-1500,9,1,3,5,3,5,101.333333,main:1-2-4@3.8x4u | middle:1-4-5@6.4x3u | middle:1-4-6@26.3x1u | middle:1-4-7@11.5x2u | hole:3-4-6@26.2x1u | hole:3-4-5@51.8x1u | hole:3-6-7@82.1x1u | hole:4-5-7@64.8x1u | hole:4-5-6@89.7x1u
4820240430010009,1,,1-4-7,1,main,1200,1240.0,40.0,6,1,3,2,3,2,103.333333,main:1-4-7@3.1x4u | middle:1-2-7@6.3x2u | middle:1-3-7@5.0x3u | middle:4-5-7@112.3x1u | hole:3-6-7@46.1x1u | hole:1-2-5@22.9x1u
4820240430010010,1,,1-5-7,0,,1000,0,-1000,8,1,3,4,3,4,111.0,main:1-2-7@3.7x3u | middle:1-2-4@19.0x1u | middle:2-5-7@12.9x1u | middle:2-3-7@13.4x1u | hole:1-4-5@36.9x1u | hole:2-4-6@111.3x1u | hole:1-3-4@60.4x1u | hole:2-3-5@83.3x1u
4820240430010011,1,,3-5-7,1,main,1300,1350.0,50.0,3,1,2,0,2,0,103.846154,main:3-5-7@1.5x9u | middle:1-3-5@5.0x3u | middle:2-3-5@32.4x1u
4820240611010008,1,,2-3-5,0,,300,0,-300,3,1,1,1,1,1,133.333333,main:2-4-7@4.0x1u | middle:3-4-7@68.5x1u | hole:3-4-5@11.3x1u
4820240611010009,1,,1-2-7,1,middle,4600,4950.0,350.0,9,1,4,4,4,4,100.434783,main:1-5-7@2.2x21u | middle:1-2-7@4.5x11u | middle:1-3-7@26.5x2u | middle:1-4-7@9.9x5u | middle:1-6-7@92.8x1u | hole:1-2-4@18.6x3u | hole:1-2-3@136.3x1u | hole:1-3-6@347.6x1u | hole:2-3-4@79.5x1u
4820240611010010,1,,1-3-4,1,main,800,810.0,10.0,6,1,3,2,3,2,101.25,main:1-3-4@2.7x3u | middle:3-4-6@47.7x1u | middle:2-3-4@13.2x1u | middle:1-3-5@39.5x1u | hole:1-6-7@112.4x1u | hole:5-6-7@603.1x1u
4820240611010011,1,,1-5-7,1,main,1300,1440.0,140.0,5,1,2,2,2,2,106.153846,main:1-5-7@3.6x4u | middle:1-3-5@4.6x3u | middle:1-5-6@4.0x4u | hole:3-5-6@156.0x1u | hole:2-5-6@242.0x1u
4820240926010006,1,,1-2-7,1,main,600,720.0,120.0,4,1,3,0,3,0,120.0,main:1-2-7@2.4x3u | middle:1-6-7@16.9x1u | middle:2-4-7@28.3x1u | middle:2-5-7@16.7x1u
4820240926010007,1,,4-5-7,0,,500,0,-500,4,1,1,2,1,2,112.0,main:2-3-4@2.8x2u | middle:2-3-7@23.1x1u | hole:1-2-7@139.9x1u | hole:3-6-7@114.4x1u
4820240926010008,1,,2-5-7,1,main,500,510.0,10.0,3,1,2,0,2,0,102.0,main:2-5-7@1.7x3u | middle:1-2-7@5.2x1u | middle:2-6-7@12.2x1u
4820240926010009,1,,1-5-6,0,,200,0,-200,2,1,1,0,1,0,115.0,main:1-2-5@2.3x1u | middle:1-5-7@21.2x1u
4820240926010010,1,,1-3-4,0,,800,0,-800,4,1,2,1,2,1,102.5,main:1-4-7@3.5x3u | middle:1-5-7@4.1x2u | middle:1-3-7@5.5x2u | hole:3-5-7@51.6x1u
4820240926010011,1,,1-4-7,1,main,500,540.0,40.0,3,1,2,0,2,0,108.0,main:1-4-7@1.8x3u | middle:1-3-4@6.5x1u | middle:1-4-5@14.2x1u
5120240311010006,1,,2-4-5,0,,700,0,-700,6,1,2,3,2,3,108.571429,main:1-4-5@3.8x2u | middle:1-5-7@20.3x1u | middle:4-5-6@113.7x1u | hole:3-4-6@71.2x1u | hole:3-5-7@23.9x1u | hole:3-6-7@41.7x1u
5120240311010007,1,,1-4-7,0,,1000,0,-1000,8,1,2,5,2,5,114.0,main:1-5-7@3.8x3u | middle:1-3-7@51.3x1u | middle:5-6-7@26.7x1u | hole:2-4-7@24.2x1u | hole:4-5-6@37.4x1u | hole:2-4-6@75.0x1u | hole:3-4-7@320.0x1u | hole:2-3-4@151.5x1u
5120240311010008,1,,1-2-4,1,hole,800,1770.0,970.0,7,1,3,3,3,3,102.5,main:1-3-7@4.1x2u | middle:3-5-7@15.9x1u | middle:1-2-3@31.6x1u | middle:1-6-7@106.2x1u | hole:1-2-5@24.3x1u | hole:1-2-4@17.7x1u | hole:1-2-6@202.6x1u
5120240311010009,1,,1-4-7,0,,500,0,-500,4,1,1,2,1,2,114.0,main:1-3-7@3.8x2u | middle:2-3-7@5.7x1u | hole:2-4-7@35.0x1u | hole:2-6-7@56.8x1u
5120240311010010,1,,2-5-7,1,main,1000,1050.0,50.0,5,1,4,0,4,0,105.0,main:2-5-7@2.1x5u | middle:2-3-5@7.4x2u | middle:1-2-5@11.8x1u | middle:2-4-5@34.2x1u | middle:2-5-6@23.8x1u
5120240311010011,1,,2-4-7,1,main,500,620.0,120.0,4,1,2,1,2,1,124.0,main:2-4-7@3.1x2u | middle:2-5-7@21.2x1u | middle:2-3-7@9.2x1u | hole:2-3-5@7.9x1u
5120240424010006,1,,1-3-5,0,,700,0,-700,5,1,3,1,3,1,117.142857,main:1-2-5@4.1x2u | middle:2-3-5@25.9x1u | middle:2-4-5@15.3x1u | middle:2-5-6@123.8x1u | hole:1-3-4@5.1x2u
5120240424010007,1,,1-3-4,0,,700,0,-700,5,1,4,0,4,0,120.0,main:1-4-6@2.8x3u | middle:1-3-6@22.1x1u | middle:2-4-6@27.6x1u | middle:4-5-6@52.2x1u | middle:1-6-7@53.6x1u
5120240424010008,1,,2-4-5,0,,500,0,-500,4,1,2,1,2,1,152.0,main:2-5-7@3.8x2u | middle:3-5-7@16.1x1u | middle:1-2-5@18.3x1u | hole:3-4-7@43.8x1u
5120240424010009,1,,2-3-7,0,,300,0,-300,3,1,1,1,1,1,106.666667,main:2-4-7@3.2x1u | middle:2-3-4@4.5x1u | hole:2-3-5@6.1x1u
5120240424010010,1,,3-4-6,0,,300,0,-300,3,1,0,2,0,2,130.0,main:1-4-7@3.9x1u | hole:2-5-7@21.1x1u | hole:3-5-7@25.6x1u
5120240424010011,1,,2-5-6,1,middle,500,600.0,100.0,4,1,2,1,2,1,112.0,main:2-4-5@2.8x2u | middle:1-2-5@12.2x1u | middle:2-5-6@6.0x1u | hole:1-2-6@244.9x1u
5120240523010006,1,,1-2-4,0,,2200,0,-2200,10,1,3,6,3,6,102.272727,main:1-2-7@4.5x5u | middle:1-2-5@5.1x5u | middle:1-2-6@23.3x1u | middle:2-3-7@10.0x3u | hole:1-4-5@7.9x3u | hole:1-5-6@50.4x1u | hole:1-4-6@46.9x1u | hole:1-3-6@151.4x1u | hole:1-3-5@69.2x1u | hole:3-4-6@344.8x1u
5120240523010007,1,,3-5-7,1,main,200,340.0,140.0,2,1,1,0,1,0,170.0,main:3-5-7@3.4x1u | middle:3-5-6@15.1x1u
5120240523010008,1,,3-4-5,1,middle,300,530.0,230.0,3,1,2,0,2,0,166.666667,main:2-3-5@5.0x1u | middle:3-4-5@5.3x1u | middle:1-2-5@25.1x1u
5120240523010009,1,,1-5-7,1,main,100,230.0,130.0,1,1,0,0,0,0,230.0,main:1-5-7@2.3x1u
5120240523010010,1,,1-3-7,1,middle,1000,1220.0,220.0,6,1,4,1,4,1,110.0,main:1-3-4@3.7x3u | middle:1-4-6@5.5x2u | middle:1-3-7@6.1x2u | middle:1-3-5@33.7x1u | middle:1-2-4@25.4x1u | hole:3-6-7@36.7x1u
5120240523010011,1,,1-3-4,1,middle,500,1200.0,700.0,4,1,2,1,2,1,116.0,main:1-4-7@2.9x2u | middle:1-3-4@12.0x1u | middle:1-4-6@32.9x1u | hole:3-4-6@191.2x1u
5120240619010006,1,,1-2-7,0,,700,0,-700,6,1,1,4,1,4,131.428571,main:1-5-7@4.6x2u | middle:1-6-7@103.1x1u | hole:3-5-6@14.2x1u | hole:2-3-4@42.9x1u | hole:3-4-6@257.8x1u | hole:2-3-6@156.0x1u
5120240619010007,1,,1-2-5,0,,300,0,-300,3,1,1,1,1,1,113.333333,main:1-5-7@3.4x1u | middle:1-2-7@3.8x1u | hole:1-4-6@317.3x1u
5120240619010008,1,,2-4-5,0,,800,0,-800,6,1,3,2,3,2,107.5,main:1-3-7@4.3x2u | middle:1-2-7@5.1x2u | middle:3-6-7@60.4x1u | middle:3-4-7@46.1x1u | hole:1-4-6@413.5x1u | hole:2-4-6@219.9x1u
5120240619010009,1,,3-6-7,0,,900,0,-900,5,1,2,2,2,2,104.444444,main:1-4-7@3.9x3u | middle:2-4-7@4.7x2u | middle:4-6-7@75.3x1u | hole:2-4-5@5.5x2u | hole:2-4-6@84.2x1u
5120240619010010,1,,1-4-5,0,,400,0,-400,2,1,1,0,1,0,112.5,main:2-5-7@1.5x3u | middle:2-3-7@33.4x1u
5120240619010011,1,,3-4-7,1,main,400,450.0,50.0,2,1,1,0,1,0,110.0,main:3-4-7@1.5x3u | middle:3-5-7@4.4x1u
5120240813010006,1,,1-3-5,0,,500,0,-500,4,1,2,1,2,1,136.0,main:2-5-7@3.4x2u | middle:3-5-7@7.3x1u | middle:2-6-7@9.8x1u | hole:1-6-7@146.0x1u
5120240813010007,1,,1-3-5,0,,2200,0,-2200,4,1,3,0,3,0,100.454545,main:2-4-7@1.3x17u | middle:1-2-7@14.0x2u | middle:2-5-7@15.0x2u | middle:2-3-7@36.8x1u
5120240813010008,1,,1-2-4,0,,300,0,-300,3,1,1,1,1,1,153.333333,main:2-4-5@4.6x1u | middle:2-4-7@7.3x1u | hole:1-6-7@38.2x1u
5120240813010009,1,,3-5-6,1,main,700,900.0,200.0,4,1,2,1,2,1,121.428571,main:3-5-6@3.0x3u | middle:3-4-5@4.8x2u | middle:1-3-5@8.5x1u | hole:1-4-5@16.8x1u
5120240813010010,1,,1-4-7,0,,1000,0,-1000,7,1,3,3,3,3,105.0,main:1-5-7@3.5x3u | middle:1-6-7@7.4x2u | middle:1-3-7@12.9x1u | middle:1-2-5@177.1x1u | hole:1-2-6@22.2x1u | hole:1-3-4@10.6x1u | hole:1-2-4@61.4x1u
5120240813010011,1,,1-3-5,1,middle,500,1420.0,920.0,4,1,3,0,3,0,148.0,main:1-4-5@3.7x2u | middle:1-3-5@14.2x1u | middle:4-5-6@48.2x1u | middle:1-2-5@14.5x1u
5120240918010006,1,,1-2-5,0,,800,0,-800,6,1,2,3,2,3,108.75,main:2-4-7@2.9x3u | middle:2-4-6@14.0x1u | middle:2-3-4@21.8x1u | hole:1-4-6@29.9x1u | hole:1-5-6@27.7x1u | hole:3-6-7@126.9x1u
5120240918010007,1,,1-4-5,0,,500,0,-500,4,1,0,3,0,3,144.0,main:1-5-6@3.6x2u | hole:2-3-7@16.8x1u | hole:2-4-7@24.5x1u | hole:1-3-4@43.5x1u
5120240918010008,1,,1-2-5,1,middle,900,1960.0,1060.0,6,1,3,2,3,2,102.222222,main:1-5-7@2.3x4u | middle:1-2-5@19.6x1u | middle:5-6-7@67.3x1u | middle:1-4-7@114.1x1u | hole:1-3-4@20.1x1u | hole:2-3-5@72.6x1u
5120240918010009,1,,2-3-7,0,,800,0,-800,7,1,2,4,2,4,122.5,main:2-3-5@4.9x2u | middle:3-5-6@10.7x1u | middle:1-3-5@14.4x1u | hole:5-6-7@55.3x1u | hole:1-5-7@29.6x1u | hole:1-6-7@142.8x1u | hole:1-4-6@322.4x1u
5120240918010010,1,,1-4-5,1,main,800,920.0,120.0,5,1,2,2,2,2,115.0,main:1-4-5@2.3x4u | middle:4-5-6@36.5x1u | middle:1-4-7@75.1x1u | hole:2-4-7@16.1x1u | hole:2-3-4@47.2x1u
5120240918010011,1,,1-4-5,1,hole,24900,24960.0,60.0,8,1,4,3,4,3,100.080321,main:2-5-7@1.4x178u | middle:2-4-5@7.4x34u | middle:2-3-7@101.1x3u | middle:2-5-6@55.2x5u | middle:1-5-7@33.8x8u | hole:1-4-5@15.6x16u | hole:1-3-4@89.3x3u | hole:4-5-6@135.2x2u
5120240925010008,1,,2-3-5,0,,400,0,-400,3,1,2,0,2,0,130.0,main:2-5-7@2.6x2u | middle:1-2-5@6.9x1u | middle:2-5-6@27.5x1u
5120240925010009,1,,1-4-5,1,main,500,660.0,160.0,4,1,2,1,2,1,132.0,main:1-4-5@3.3x2u | middle:1-3-5@6.8x1u | middle:1-2-5@30.7x1u | hole:1-3-7@12.1x1u
5120240925010010,1,,1-2-3,0,,800,0,-800,4,1,3,0,3,0,110.0,main:2-4-5@3.0x3u | middle:2-3-5@4.4x2u | middle:2-5-7@5.8x2u | middle:1-2-5@8.8x1u
5120240925010011,1,,1-5-7,0,,200,0,-200,2,1,0,1,0,1,170.0,main:1-4-7@3.4x1u | hole:3-5-7@13.1x1u
5320240411010006,1,,2-4-5,1,main,800,900.0,100.0,5,1,2,2,2,2,112.5,main:2-4-5@3.0x3u | middle:1-2-5@10.9x1u | middle:4-5-7@21.7x1u | hole:1-5-7@6.1x2u | hole:1-6-7@465.4x1u
5320240411010007,1,,2-5-7,1,middle,700,1370.0,670.0,6,1,3,2,3,2,145.714286,main:2-4-5@5.1x2u | middle:2-5-7@13.7x1u | middle:2-3-5@34.4x1u | middle:2-5-6@36.6x1u | hole:1-2-6@25.3x1u | hole:1-2-7@31.0x1u
5320240411010008,1,,1-2-5,1,main,400,540.0,140.0,3,1,2,0,2,0,135.0,main:1-2-5@2.7x2u | middle:1-2-4@9.9x1u | middle:1-5-7@6.7x1u
5320240411010009,1,,3-4-7,0,,200,0,-200,2,1,1,0,1,0,160.0,main:3-4-5@3.2x1u | middle:3-5-7@14.8x1u
5320240411010010,1,,1-4-5,1,main,2400,2480.0,80.0,5,1,2,2,2,2,102.5,main:1-4-5@3.1x8u | middle:1-5-7@4.1x6u | middle:1-3-5@4.2x6u | hole:3-5-7@9.9x3u | hole:3-6-7@124.7x1u
5320240411010011,1,,1-2-7,0,,600,0,-600,3,1,2,0,2,0,120.0,main:1-4-7@2.4x3u | middle:1-3-7@11.8x1u | middle:1-5-7@3.6x2u
5320240512010006,1,,1-2-3,0,,400,0,-400,4,1,1,2,1,2,112.5,main:1-2-7@4.5x1u | middle:1-3-7@4.8x1u | hole:1-3-4@97.6x1u | hole:4-5-6@586.0x1u
5320240512010007,1,,1-3-5,1,main,700,750.0,50.0,5,1,0,4,0,4,107.142857,main:1-3-5@2.5x3u | hole:2-3-4@21.4x1u | hole:2-4-7@26.9x1u | hole:3-4-6@677.8x1u | hole:3-6-7@996.8x1u
5320240512010008,1,,1-3-5,1,main,200,320.0,120.0,2,1,1,0,1,0,160.0,main:1-3-5@3.2x1u | middle:3-5-7@6.9x1u
5320240512010009,1,,1-3-5,1,main,900,1140.0,240.0,7,1,2,4,2,4,123.333333,main:1-3-5@3.8x3u | middle:3-4-5@13.8x1u | middle:1-2-5@25.4x1u | hole:2-4-5@11.1x1u | hole:4-5-6@254.9x1u | hole:3-6-7@560.9x1u | hole:4-6-7@336.5x1u
5320240512010010,1,,1-4-7,1,main,600,660.0,60.0,3,1,2,0,2,0,110.0,main:1-4-7@2.2x3u | middle:2-4-7@3.5x2u | middle:3-4-7@11.2x1u
5320240512010011,1,,3-4-5,0,,1000,0,-1000,4,1,3,0,3,0,105.0,main:1-4-5@1.5x7u | middle:1-4-7@12.1x1u | middle:1-3-4@16.7x1u | middle:1-2-4@14.1x1u
5320240630010008,1,,1-4-7,0,,900,0,-900,7,1,4,2,4,2,117.777778,main:2-3-5@5.3x2u | middle:3-5-7@5.5x2u | middle:3-5-6@52.3x1u | middle:1-3-5@32.0x1u | middle:2-4-5@26.5x1u | hole:1-2-7@230.8x1u | hole:3-6-7@228.0x1u
5320240630010009,1,,1-3-5,0,,600,0,-600,5,1,2,2,2,2,110.0,main:1-5-7@3.3x2u | middle:1-6-7@12.6x1u | middle:1-2-5@21.5x1u | hole:1-2-6@43.2x1u | hole:1-4-6@48.4x1u
5320240630010010,1,,2-5-7,0,,500,0,-500,4,1,2,1,2,1,120.0,main:2-4-7@3.0x2u | middle:4-5-7@15.8x1u | middle:1-2-7@24.7x1u | hole:3-4-5@49.0x1u
5320240630010011,1,,1-2-4,0,,500,0,-500,3,1,1,1,1,1,108.0,main:1-4-5@1.8x3u | middle:1-2-5@11.9x1u | hole:2-5-7@14.3x1u
5320241114010008,1,,3-5-7,1,hole,600,2810.0,2210.0,5,1,3,1,3,1,110.0,main:2-3-4@4.6x2u | middle:3-4-7@16.1x1u | middle:2-4-6@6.6x1u | middle:2-4-5@17.1x1u | hole:3-5-7@28.1x1u
5320241114010009,1,,2-4-7,0,,600,0,-600,5,1,2,2,2,2,116.666667,main:3-5-7@3.5x2u | middle:3-4-5@12.0x1u | middle:2-3-7@18.7x1u | hole:2-4-5@18.4x1u | hole:1-5-6@66.8x1u
5320241114010010,1,,3-5-7,1,middle,500,2810.0,2310.0,4,1,3,0,3,0,124.0,main:3-4-7@3.1x2u | middle:2-3-7@10.0x1u | middle:3-5-7@28.1x1u | middle:3-4-6@26.9x1u
5320241114010011,1,,1-4-7,1,main,1900,1920.0,20.0,5,1,2,2,2,2,101.052632,main:1-4-7@1.6x12u | middle:1-4-6@19.4x1u | middle:1-4-5@5.3x4u | hole:2-3-5@33.9x1u | hole:3-5-6@86.4x1u
5320241127010006,1,,1-3-7,0,,800,0,-800,7,1,2,4,2,4,142.5,main:2-3-7@5.7x2u | middle:2-5-7@63.6x1u | middle:2-6-7@27.5x1u | hole:3-4-6@18.2x1u | hole:1-4-5@53.7x1u | hole:1-2-6@63.4x1u | hole:1-5-6@110.9x1u
5320241127010007,1,,2-3-5,0,,1200,0,-1200,9,1,2,6,2,6,102.5,main:3-5-7@4.1x3u | middle:4-5-7@19.8x1u | middle:1-3-7@10.7x2u | hole:1-2-5@50.7x1u | hole:2-4-7@27.6x1u | hole:2-5-6@81.7x1u | hole:4-6-7@70.3x1u | hole:1-2-4@125.2x1u | hole:1-5-6@148.4x1u
5320241127010008,1,,1-5-6,1,middle,600,700.0,100.0,4,1,2,1,2,1,110.0,main:1-2-5@2.2x3u | middle:1-5-6@7.0x1u | middle:2-4-5@16.8x1u | hole:2-4-6@193.5x1u
5320241127010009,1,,1-2-7,1,main,600,740.0,140.0,4,1,3,0,3,0,123.333333,main:1-2-7@3.7x2u | middle:1-5-7@4.4x2u | middle:1-6-7@14.9x1u | middle:1-4-7@13.1x1u
5320241127010010,1,,2-4-5,0,,800,0,-800,7,1,2,4,2,4,115.0,main:2-3-5@4.6x2u | middle:2-5-7@10.3x1u | middle:2-3-4@69.7x1u | hole:1-2-6@17.0x1u | hole:2-4-7@101.9x1u | hole:4-5-6@409.4x1u | hole:1-6-7@52.0x1u
5320241127010011,1,,2-5-7,1,main,300,320.0,20.0,3,1,2,0,2,0,106.666667,main:2-5-7@3.2x1u | middle:2-4-7@6.4x1u | middle:1-2-7@96.3x1u
5320241204010008,1,,1-4-5,0,,200,0,-200,2,1,1,0,1,0,180.0,main:2-4-5@3.6x1u | middle:4-5-7@16.6x1u
5320241204010009,1,,3-4-7,1,hole,800,6550.0,5750.0,6,1,3,2,3,2,120.0,main:1-5-7@4.8x2u | middle:1-3-7@6.5x2u | middle:1-6-7@23.7x1u | middle:1-4-7@23.4x1u | hole:3-4-7@65.5x1u | hole:1-3-6@61.4x1u
5320241204010010,1,,1-5-7,1,middle,400,720.0,320.0,4,1,2,1,2,1,107.5,main:1-3-5@4.3x1u | middle:1-5-7@7.2x1u | middle:3-4-5@20.4x1u | hole:4-5-7@59.2x1u
5320241204010011,1,,1-4-5,0,,1100,0,-1100,6,1,3,2,3,2,101.818182,main:1-2-4@2.8x4u | middle:1-4-7@4.1x3u | middle:1-2-6@23.0x1u | middle:1-3-4@17.5x1u | hole:2-5-6@50.7x1u | hole:4-6-7@317.3x1u
5420240304010006,1,,1-2-7,0,,700,0,-700,5,1,2,2,2,2,120.0,main:1-2-5@4.2x2u | middle:2-4-5@5.8x2u | middle:1-3-5@20.0x1u | hole:1-3-7@14.4x1u | hole:4-5-7@198.7x1u
5420240304010007,1,,2-4-5,1,main,700,780.0,80.0,5,1,2,2,2,2,111.428571,main:2-4-5@2.6x3u | middle:1-2-5@24.1x1u | middle:2-3-5@11.1x1u | hole:2-3-7@13.5x1u | hole:3-5-6@426.2x1u
5420240304010008,1,,1-3-5,0,,700,0,-700,4,1,2,1,2,1,107.142857,main:1-4-5@2.5x3u | middle:1-4-6@52.7x1u | middle:1-5-7@5.0x2u | hole:3-4-6@89.4x1u
5420240304010009,1,,2-5-7,1,main,500,540.0,40.0,4,1,3,0,3,0,108.0,main:2-5-7@2.7x2u | middle:2-3-5@5.4x1u | middle:2-4-7@14.6x1u | middle:2-5-6@30.4x1u
5420240304010010,1,,2-4-5,0,,700,0,-700,4,1,2,1,2,1,120.0,main:1-5-7@2.8x3u | middle:1-2-5@4.8x2u | middle:1-3-7@44.8x1u | hole:1-2-4@15.0x1u
5420240304010011,1,,1-4-5,1,main,100,250.0,150.0,1,1,0,0,0,0,250.0,main:1-4-5@2.5x1u
5420240415010008,1,,2-4-7,1,main,400,520.0,120.0,3,1,2,0,2,0,130.0,main:2-4-7@2.6x2u | middle:1-2-4@10.5x1u | middle:3-4-7@11.8x1u
5420240415010009,1,,1-4-7,1,middle,300,460.0,160.0,3,1,2,0,2,0,130.0,main:1-2-4@3.9x1u | middle:2-4-5@6.3x1u | middle:1-4-7@4.6x1u
5420240415010010,1,,1-3-7,1,middle,200,1390.0,1190.0,2,1,1,0,1,0,140.0,main:1-5-7@2.8x1u | middle:1-3-7@13.9x1u
5420240415010011,1,,1-2-7,0,,500,0,-500,4,1,3,0,3,0,112.0,main:1-3-7@2.8x2u | middle:1-3-5@9.5x1u | middle:1-3-4@36.3x1u | middle:1-3-6@71.4x1u
5420240527010006,1,,2-4-6,0,,900,0,-900,8,1,3,4,3,4,102.222222,main:1-3-7@4.8x2u | middle:1-5-7@10.9x1u | middle:1-3-4@15.2x1u | middle:3-6-7@113.5x1u | hole:1-4-5@9.2x1u | hole:2-3-4@22.6x1u | hole:1-2-5@28.3x1u | hole:3-4-6@51.2x1u
5420240527010007,1,,1-5-6,0,,400,0,-400,4,1,1,2,1,2,125.0,main:3-5-7@5.0x1u | middle:3-4-5@5.6x1u | hole:1-3-6@41.9x1u | hole:3-4-6@66.2x1u
5420240527010008,1,,2-3-5,1,main,500,600.0,100.0,4,1,2,1,2,1,110.0,main:2-3-5@3.0x2u | middle:2-5-6@5.5x1u | middle:3-4-5@31.6x1u | hole:4-5-7@67.7x1u
5420240527010009,1,,3-4-7,1,main,1000,1050.0,50.0,4,1,3,0,3,0,105.0,main:3-4-7@1.5x7u | middle:3-4-5@32.7x1u | middle:3-6-7@63.5x1u | middle:1-3-7@30.0x1u
5420240527010010,1,,1-2-5,1,middle,500,770.0,270.0,3,1,2,0,2,0,112.0,main:1-5-7@2.8x2u | middle:1-4-5@3.0x2u | middle:1-2-5@7.7x1u
5420240527010011,1,,3-4-7,0,,200,0,-200,2,1,1,0,1,0,185.0,main:4-5-7@3.7x1u | middle:3-5-7@6.0x1u
5420240601010008,1,,1-5-6,1,main,200,400.0,200.0,2,1,0,1,0,1,200.0,main:1-5-6@4.0x1u | hole:3-6-7@39.9x1u
5420240601010009,1,,1-4-5,0,,200,0,-200,2,1,1,0,1,0,120.0,main:1-2-5@2.4x1u | middle:2-5-6@46.2x1u
5420240601010010,1,,3-4-5,1,main,300,390.0,90.0,3,1,2,0,2,0,130.0,main:3-4-5@3.9x1u | middle:3-5-7@12.4x1u | middle:2-3-5@8.0x1u
5420240601010011,1,,1-3-7,0,,1600,0,-1600,3,1,2,0,2,0,103.125,main:1-4-7@1.5x11u | middle:2-4-7@5.8x3u | middle:4-5-7@9.7x2u
5420240709010006,1,,2-4-6,0,,700,0,-700,6,1,0,5,0,5,122.857143,main:1-5-7@4.9x2u | hole:2-3-5@8.6x1u | hole:1-2-6@30.8x1u | hole:2-3-6@64.3x1u | hole:2-4-5@36.3x1u | hole:1-3-4@237.4x1u
5420240709010007,1,,1-5-7,1,main,1100,1150.0,50.0,5,1,2,2,2,2,104.545455,main:1-5-7@2.3x5u | middle:1-3-5@6.5x2u | middle:1-4-5@17.2x1u | hole:2-3-4@9.0x2u | hole:2-3-6@30.1x1u
5420240709010008,1,,1-4-5,1,main,900,960.0,60.0,5,1,3,1,3,1,105.555556,main:1-4-5@3.2x3u | middle:1-2-4@9.5x1u | middle:1-4-7@3.4x3u | middle:1-3-4@54.4x1u | hole:1-2-6@168.1x1u
5420240709010009,1,,1-2-5,1,middle,600,1810.0,1210.0,5,1,3,1,3,1,103.333333,main:2-4-5@3.1x2u | middle:2-3-4@40.5x1u | middle:2-4-7@77.9x1u | middle:1-2-5@18.1x1u | hole:1-2-6@57.0x1u
5420240709010010,1,,2-3-5,0,,500,0,-500,3,1,2,0,2,0,120.0,main:2-4-7@3.0x2u | middle:1-4-7@4.0x2u | middle:4-5-7@29.7x1u
5420240709010011,1,,1-4-7,1,middle,200,390.0,190.0,2,1,1,0,1,0,135.0,main:1-5-7@2.7x1u | middle:1-4-7@3.9x1u
5520240404010006,1,,2-5-7,1,main,900,1020.0,120.0,6,1,2,3,2,3,113.333333,main:2-5-7@3.4x3u | middle:4-5-7@14.2x1u | middle:2-3-5@47.9x1u | hole:1-4-5@7.3x2u | hole:1-5-6@78.5x1u | hole:1-3-5@39.8x1u
5520240404010007,1,,1-3-5,1,main,500,540.0,40.0,3,1,2,0,2,0,108.0,main:1-3-5@1.8x3u | middle:1-4-5@26.7x1u | middle:1-3-6@55.7x1u
5520240404010009,1,,1-2-6,0,,1600,0,-1600,5,1,3,1,3,1,101.25,main:1-2-5@2.7x6u | middle:1-4-5@3.0x6u | middle:2-5-7@8.4x2u | middle:1-3-5@33.3x1u | hole:2-6-7@98.5x1u
5520240404010010,1,,4-5-6,0,,900,0,-900,7,1,3,3,3,3,118.888889,main:2-4-5@3.6x3u | middle:1-2-4@10.7x1u | middle:2-4-6@11.1x1u | middle:2-5-7@87.1x1u | hole:4-6-7@210.7x1u | hole:2-3-7@181.3x1u | hole:3-6-7@251.5x1u
5520240404010011,1,,1-4-7,1,main,400,480.0,80.0,3,1,2,0,3,0,120.0,main:1-4-7@2.4x2u | middle:1-2-7@4.8x1u | middle:1-3-7@7.1x1u
5520240515010006,1,,1-2-5,0,,200,0,-200,2,1,0,1,0,1,175.0,main:2-3-5@3.5x1u | hole:1-3-4@30.0x1u
5520240515010007,1,,3-4-7,0,,700,0,-700,5,1,2,2,2,2,128.571429,main:3-5-7@3.0x3u | middle:3-4-5@38.8x1u | middle:3-5-6@60.6x1u | hole:2-4-7@67.5x1u | hole:1-4-5@24.3x1u
5520240515010008,1,,1-2-5,1,hole,500,1040.0,540.0,4,1,2,1,2,1,102.0,main:4-5-7@3.6x2u | middle:3-4-7@5.1x1u | middle:4-6-7@26.5x1u | hole:1-2-5@10.4x1u
5520240515010009,1,,1-3-7,1,main,100,200.0,100.0,1,1,0,0,0,0,200.0,main:1-3-7@2.0x1u
5520240515010010,1,,1-3-5,1,middle,2200,2360.0,160.0,4,1,3,0,3,0,100.454545,main:3-4-5@1.7x13u | middle:1-3-5@5.9x4u | middle:3-5-7@6.6x4u | middle:2-3-5@23.2x1u
5520240515010011,1,,1-4-7,1,main,100,200.0,100.0,1,1,0,0,0,0,200.0,main:1-4-7@2.0x1u
5520240727010006,1,,3-4-7,1,middle,1600,2710.0,1110.0,7,1,4,2,4,2,105.0,main:2-4-7@2.1x8u | middle:1-2-7@8.6x2u | middle:2-6-7@21.8x1u | middle:3-4-7@27.1x1u | middle:4-5-7@21.9x1u | hole:3-4-5@12.8x2u | hole:3-4-6@137.2x1u
5520240727010007,1,,3-4-5,1,main,1000,1050.0,50.0,6,1,3,2,3,2,105.0,main:3-4-5@3.5x3u | middle:2-4-5@8.5x2u | middle:3-4-7@23.2x1u | middle:1-3-4@195.8x1u | hole:2-4-7@7.9x2u | hole:1-2-7@16.8x1u
5520240727010008,1,,2-3-4,0,,300,0,-300,3,1,2,0,2,0,143.333333,main:1-3-4@4.3x1u | middle:3-4-7@7.1x1u | middle:3-4-5@47.9x1u
5520240727010009,1,,1-2-5,1,main,700,800.0,100.0,6,1,3,2,3,2,114.285714,main:1-2-5@4.0x2u | middle:1-3-5@11.5x1u | middle:2-5-7@15.6x1u | middle:1-5-6@26.5x1u | hole:3-5-7@11.2x1u | hole:3-6-7@174.6x1u
5520240727010010,1,,2-5-7,1,main,300,330.0,30.0,3,1,2,0,2,0,110.0,main:2-5-7@3.3x1u | middle:4-5-7@6.0x1u | middle:3-5-7@4.6x1u
5520240727010011,1,,1-2-4,1,main,1600,1750.0,150.0,7,1,3,3,3,3,107.5,main:1-2-4@3.5x5u | middle:1-4-7@4.3x4u | middle:1-3-4@6.7x3u | middle:1-2-6@28.4x1u | hole:3-4-5@29.3x1u | hole:3-4-7@78.0x1u | hole:3-4-6@164.7x1u
5520241008010008,1,,2-4-5,1,middle,900,1020.0,120.0,3,1,2,0,2,0,105.555556,main:1-2-4@1.9x5u | middle:2-4-5@3.4x3u | middle:1-2-3@63.7x1u
5520241008010009,1,,1-3-4,1,middle,1600,2020.0,420.0,6,1,3,2,3,2,103.125,main:1-2-4@3.3x5u | middle:1-4-5@4.9x4u | middle:1-3-4@10.1x2u | middle:1-4-6@5.5x3u | hole:2-3-5@21.6x1u | hole:4-5-6@98.9x1u
5520241008010010,1,,2-5-6,0,,400,0,-400,3,1,2,0,2,0,142.5,main:4-5-7@3.0x2u | middle:3-4-7@5.9x1u | middle:1-4-7@5.7x1u
5520241008010011,1,,1-3-5,1,main,700,750.0,50.0,3,1,2,0,2,0,107.142857,main:1-3-5@1.5x5u | middle:2-3-5@37.1x1u | middle:3-5-6@70.5x1u
5520241111010008,1,,1-5-6,0,,500,0,-500,4,1,2,1,2,1,148.0,main:1-3-5@3.7x2u | middle:1-3-6@12.5x1u | middle:2-3-5@17.1x1u | hole:1-4-6@22.1x1u
5520241111010009,1,,1-3-5,0,,400,0,-400,3,1,2,0,2,0,120.0,main:1-2-4@2.4x2u | middle:1-3-4@21.3x1u | middle:1-4-6@14.9x1u
5520241111010010,1,,3-5-7,0,,600,0,-600,4,1,2,1,2,1,120.0,main:3-4-7@2.4x3u | middle:1-3-7@7.8x1u | middle:4-6-7@156.9x1u | hole:1-6-7@188.3x1u
5520241111010011,1,,1-4-5,1,main,500,600.0,100.0,3,1,2,0,2,0,120.0,main:1-4-5@2.0x3u | middle:1-2-5@10.9x1u | middle:1-5-6@35.2x1u
5520241208010006,1,,3-4-6,0,,200,0,-200,2,1,1,0,1,0,120.0,main:1-4-7@2.4x1u | middle:1-4-6@39.1x1u
5520241208010007,1,,1-4-7,0,,500,0,-500,4,1,2,1,2,1,128.0,main:2-3-4@3.2x2u | middle:3-4-6@24.6x1u | middle:3-4-5@32.0x1u | hole:2-5-7@13.2x1u
5520241208010008,1,,1-4-7,0,,300,0,-300,3,1,2,0,2,0,113.333333,main:2-4-7@3.4x1u | middle:3-4-7@9.5x1u | middle:4-5-7@14.9x1u
5520241208010009,1,,1-4-5,0,,200,0,-200,2,1,0,1,0,1,195.0,main:1-5-7@3.9x1u | hole:2-4-7@5.6x1u
5520241208010010,1,,1-5-7,1,main,3500,3510.0,10.0,6,1,4,1,4,1,100.285714,main:1-5-7@1.3x27u | middle:2-5-7@38.4x1u | middle:4-5-7@23.5x2u | middle:1-6-7@185.7x1u | middle:3-5-7@13.0x3u | hole:2-3-5@80.9x1u
5520241208010011,1,,3-6-7,1,middle,700,1310.0,610.0,4,1,2,1,2,1,108.571429,main:1-3-7@2.9x3u | middle:3-4-7@3.8x2u | middle:3-6-7@13.1x1u | hole:4-6-7@155.2x1u
5620240107010006,1,,1-5-7,1,main,1100,1250.0,150.0,6,1,2,3,2,3,113.636364,main:1-5-7@2.5x5u | middle:4-5-7@7.7x2u | middle:1-2-7@20.5x1u | hole:1-2-4@21.0x1u | hole:1-3-4@139.7x1u | hole:4-5-6@354.8x1u
5620240107010007,1,,4-5-7,0,,900,0,-900,6,1,3,2,3,2,104.444444,main:2-3-7@4.7x2u | middle:1-2-7@5.8x2u | middle:2-5-7@5.1x2u | middle:2-4-7@14.5x1u | hole:1-3-5@19.7x1u | hole:3-5-6@205.5x1u
5620240107010008,1,,1-4-5,0,,600,0,-600,4,1,3,0,3,0,126.666667,main:1-2-3@3.8x2u | middle:1-3-5@3.9x2u | middle:1-3-6@72.5x1u | middle:1-3-7@27.2x1u
5620240107010009,1,,2-5-7,0,,300,0,-300,3,1,2,0,2,0,153.333333,main:2-4-5@4.6x1u | middle:2-4-7@4.6x1u | middle:2-3-5@17.5x1u
5620240107010010,1,,1-5-6,0,,1000,0,-1000,7,1,3,3,3,3,129.0,main:1-2-7@4.3x3u | middle:1-2-5@7.8x2u | middle:1-2-3@29.3x1u | middle:1-2-6@73.7x1u | hole:1-4-5@24.0x1u | hole:3-4-5@60.4x1u | hole:5-6-7@92.3x1u
5620240107010011,1,,1-2-5,1,middle,1400,1440.0,40.0,5,1,2,2,2,2,102.857143,main:2-5-6@3.0x5u | middle:1-2-5@4.8x3u | middle:2-4-5@4.9x3u | hole:1-3-5@119.4x1u | hole:1-4-5@11.3x2u
5620240205010006,1,,1-3-7,0,,300,0,-300,3,1,2,0,2,0,120.0,main:1-3-4@3.6x1u | middle:1-4-5@5.1x1u | middle:1-2-3@38.7x1u
5620240205010007,1,,2-4-7,1,middle,700,1440.0,740.0,5,1,3,1,3,1,115.714286,main:1-4-7@2.7x3u | middle:2-4-7@14.4x1u | middle:4-5-7@19.0x1u | middle:1-4-6@37.6x1u | hole:2-3-5@35.9x1u
5620240205010008,1,,1-2-4,1,middle,200,850.0,650.0,2,1,1,0,1,0,260.0,main:1-2-5@5.2x1u | middle:1-2-4@8.5x1u
5620240205010009,1,,2-4-7,1,middle,200,1770.0,1570.0,2,1,1,0,1,0,180.0,main:1-2-7@3.6x1u | middle:2-4-7@17.7x1u
5620240205010010,1,,2-4-7,0,,400,0,-400,4,1,0,3,0,3,112.5,main:2-4-5@4.5x1u | hole:1-6-7@15.9x1u | hole:1-3-7@76.0x1u | hole:1-3-6@176.3x1u
5620240205010011,1,,2-4-5,0,,600,0,-600,5,1,1,3,1,3,143.333333,main:1-4-5@4.3x2u | middle:1-3-5@20.1x1u | hole:3-6-7@34.3x1u | hole:2-3-6@34.0x1u | hole:2-3-7@33.9x1u
5620240328010006,1,,2-6-7,0,,600,0,-600,5,1,2,2,2,2,130.0,main:1-2-7@3.9x2u | middle:2-5-7@9.2x1u | middle:1-6-7@70.4x1u | hole:2-4-6@123.9x1u | hole:2-5-6@130.8x1u
5620240328010007,1,,2-4-7,0,,700,0,-700,5,1,2,2,2,2,111.428571,main:3-4-5@3.9x2u | middle:2-3-4@5.0x2u | middle:1-3-5@13.3x1u | hole:1-2-4@19.2x1u | hole:2-3-6@51.1x1u
5620240328010008,1,,2-5-7,0,,700,0,-700,5,1,1,3,1,3,111.428571,main:1-4-7@3.9x2u | middle:4-5-7@9.9x1u | hole:3-5-7@4.5x2u | hole:5-6-7@146.0x1u | hole:3-4-6@342.9x1u
5620240328010009,1,,2-3-7,1,main,1100,1200.0,100.0,5,1,2,2,2,2,109.090909,main:2-3-7@2.0x6u | middle:2-5-7@6.9x2u | middle:2-6-7@12.3x1u | hole:1-5-7@20.4x1u | hole:1-4-6@666.3x1u
5620240328010010,1,,2-3-4,1,main,300,340.0,40.0,3,1,1,1,1,1,113.333333,main:2-3-4@3.4x1u | middle:1-3-4@4.8x1u | hole:1-5-6@68.7x1u
5620240328010011,1,,1-3-5,0,,500,0,-500,3,1,2,0,2,0,104.0,main:1-4-5@2.6x2u | middle:1-5-7@3.5x2u | middle:1-5-6@30.5x1u
5620240803010006,1,,1-6-7,1,hole,600,2160.0,1560.0,5,1,2,2,2,2,146.666667,main:2-5-7@4.4x2u | middle:2-4-5@10.1x1u | middle:5-6-7@47.4x1u | hole:4-6-7@27.0x1u | hole:1-6-7@21.6x1u
5620240803010007,1,,3-5-7,0,,200,0,-200,2,1,0,1,0,1,225.0,main:2-5-7@4.5x1u | hole:1-2-4@16.5x1u
5620240803010008,1,,1-2-4,1,hole,400,1840.0,1440.0,4,1,2,1,2,1,127.5,main:1-3-7@5.1x1u | middle:1-5-7@8.5x1u | middle:1-6-7@110.9x1u | hole:1-2-4@18.4x1u
5620240803010009,1,,2-5-7,0,,300,0,-300,3,1,2,0,2,0,130.0,main:1-2-7@3.9x1u | middle:1-2-5@12.4x1u | middle:1-6-7@34.0x1u
5620240803010010,1,,1-3-4,0,,200,0,-200,2,1,0,1,0,1,140.0,main:3-4-5@2.8x1u | hole:1-3-7@10.6x1u
5620240803010011,1,,3-4-7,1,main,800,980.0,180.0,6,1,2,3,2,3,122.5,main:3-4-7@4.9x2u | middle:1-4-7@5.2x2u | middle:3-4-6@94.1x1u | hole:1-4-5@13.2x1u | hole:1-2-5@57.8x1u | hole:2-5-6@165.9x1u
5620240819010006,1,,1-2-7,1,middle,400,830.0,430.0,3,1,2,0,2,0,130.0,main:1-5-7@2.6x2u | middle:1-2-7@8.3x1u | middle:1-3-7@15.1x1u
5620240819010007,1,,2-4-5,0,,300,0,-300,3,1,2,0,2,0,123.333333,main:2-3-4@3.7x1u | middle:2-3-6@53.8x1u | middle:3-4-7@37.3x1u
5620240819010008,1,,3-4-5,1,main,700,800.0,100.0,3,1,2,0,2,0,114.285714,main:3-4-5@2.0x4u | middle:2-3-5@4.7x2u | middle:1-3-5@22.0x1u
5620240819010009,1,,1-2-4,0,,200,0,-200,2,1,1,0,1,0,155.0,main:1-3-5@3.1x1u | middle:1-4-5@6.8x1u
5620240819010010,1,,2-4-7,1,middle,1500,1650.0,150.0,4,1,3,0,3,0,101.333333,main:2-4-5@1.9x8u | middle:2-4-7@5.5x3u | middle:1-2-4@6.4x3u | middle:2-3-4@21.8x1u
5620240819010011,1,,1-5-7,1,main,500,660.0,160.0,4,1,3,0,3,0,124.0,main:1-5-7@3.3x2u | middle:1-2-5@6.2x1u | middle:1-3-5@7.4x1u | middle:1-4-5@9.1x1u
5620241018010006,1,,1-5-7,1,main,500,560.0,60.0,3,1,2,0,2,0,112.0,main:1-5-7@2.8x2u | middle:2-5-7@3.3x2u | middle:4-5-7@6.4x1u
5620241018010007,1,,3-5-7,0,,400,0,-400,4,1,3,0,3,0,150.0,main:2-4-5@6.0x1u | middle:2-3-4@20.8x1u | middle:1-2-5@6.4x1u | middle:2-4-6@20.4x1u
5620241018010008,1,,2-4-5,0,,400,0,-400,3,1,1,1,1,1,115.0,main:3-4-5@2.5x2u | middle:2-3-4@4.6x1u | hole:1-2-3@113.7x1u
5620241018010009,1,,1-4-5,0,,200,0,-200,2,1,1,0,1,0,105.0,main:1-2-4@2.1x1u | middle:1-4-7@14.4x1u
5620241018010010,1,,3-4-6,1,main,100,220.0,120.0,1,1,0,0,0,0,220.0,main:3-4-6@2.2x1u
5620241018010011,1,,2-3-7,0,,400,0,-400,4,1,2,1,2,1,110.0,main:2-4-7@4.4x1u | middle:2-6-7@6.9x1u | middle:2-3-4@70.3x1u | hole:1-6-7@225.1x1u
5620241105010006,1,,3-4-7,1,main,300,370.0,70.0,3,1,2,0,2,0,123.333333,main:3-4-7@3.7x1u | middle:2-3-4@4.6x1u | middle:1-3-7@102.2x1u
5620241105010007,1,,3-5-7,1,main,1300,1380.0,80.0,7,1,2,4,2,4,106.153846,main:3-5-7@2.3x6u | middle:2-3-7@18.5x1u | middle:3-5-6@58.1x1u | hole:2-3-4@8.8x2u | hole:1-2-5@281.8x1u | hole:1-2-4@35.1x1u | hole:2-5-6@697.8x1u
5620241105010008,1,,1-2-3,0,,200,0,-200,2,1,0,1,0,1,155.0,main:2-4-7@3.1x1u | hole:1-3-6@39.3x1u
5620241105010009,1,,1-3-5,0,,500,0,-500,3,1,2,0,2,0,104.0,main:1-3-7@2.6x2u | middle:2-3-7@3.7x2u | middle:1-3-6@36.3x1u
5620241105010010,1,,4-5-7,0,,400,0,-400,3,1,2,0,2,0,125.0,main:1-4-5@2.5x2u | middle:1-4-7@9.7x1u | middle:2-4-5@24.1x1u
5620241105010011,1,,3-5-7,1,main,100,140.0,40.0,1,1,0,0,0,0,140.0,main:3-5-7@1.4x1u
6120240214010008,1,,1-2-7,0,,1100,0,-1100,8,1,2,5,2,5,101.818182,main:2-4-7@2.8x4u | middle:2-6-7@57.5x1u | middle:2-3-7@43.2x1u | hole:1-4-5@40.3x1u | hole:5-6-7@118.5x1u | hole:1-2-3@90.7x1u | hole:3-5-6@191.5x1u | hole:1-3-6@272.2x1u
6120240214010009,1,,1-5-6,1,main,100,260.0,160.0,1,1,0,0,0,0,260.0,main:1-5-6@2.6x1u
6120240214010010,1,,1-5-7,0,,500,0,-500,3,1,2,0,2,0,120.0,main:1-5-6@3.0x2u | middle:1-2-5@3.7x2u | middle:3-5-6@296.6x1u
6120240214010011,1,,2-5-6,1,middle,700,5880.0,5180.0,6,1,2,3,2,3,117.142857,main:1-2-5@4.1x2u | middle:1-2-7@15.3x1u | middle:2-5-6@58.8x1u | hole:1-3-4@30.6x1u | hole:2-3-6@47.1x1u | hole:2-4-6@82.1x1u
6120240313010006,1,,1-2-5,1,main,400,530.0,130.0,4,1,2,1,2,1,132.5,main:1-2-5@5.3x1u | middle:1-5-7@6.0x1u | middle:1-3-5@22.4x1u | hole:5-6-7@127.7x1u
6120240313010007,1,,1-3-7,0,,600,0,-600,4,1,1,2,1,2,116.666667,main:1-3-4@3.5x2u | middle:1-4-7@4.1x2u | hole:2-3-5@19.3x1u | hole:2-3-6@64.5x1u
6120240313010008,1,,1-2-7,0,,400,0,-400,3,1,1,1,1,1,105.0,main:2-4-7@2.1x2u | middle:2-5-7@6.4x1u | hole:1-5-7@35.1x1u
6120240313010009,1,,1-3-7,0,,400,0,-400,2,1,1,0,1,0,112.5,main:3-5-7@1.5x3u | middle:3-4-7@10.9x1u
6120240313010010,1,,1-4-5,1,main,400,450.0,50.0,2,1,1,0,1,0,112.5,main:1-4-5@1.5x3u | middle:1-2-5@6.5x1u
6120240313010011,1,,2-4-7,0,,1500,0,-1500,3,1,2,0,2,0,101.333333,main:3-4-7@1.9x8u | middle:2-3-7@3.1x5u | middle:3-5-7@7.8x2u
6120240325010008,1,,2-5-7,0,,400,0,-400,3,1,1,1,1,1,110.0,main:2-4-7@2.2x2u | middle:2-6-7@56.5x1u | hole:3-4-6@16.7x1u
6120240325010009,1,,3-5-6,1,middle,1300,7700.0,6400.0,9,1,4,4,4,4,115.384615,main:3-4-5@3.0x5u | middle:1-3-4@18.8x1u | middle:3-4-7@72.9x1u | middle:3-5-6@77.0x1u | middle:2-4-5@22.7x1u | hole:2-4-6@35.6x1u | hole:4-6-7@150.1x1u | hole:1-2-4@35.8x1u | hole:1-6-7@91.9x1u
6120240325010010,1,,2-5-7,1,main,100,280.0,180.0,1,1,0,0,0,0,280.0,main:2-5-7@2.8x1u
6120240325010011,1,,1-2-3,0,,200,0,-200,2,1,1,0,1,0,110.0,main:2-3-7@2.2x1u | middle:2-3-4@11.8x1u
6120240402010008,1,,1-3-7,1,main,800,940.0,140.0,7,1,2,4,2,4,101.25,main:1-3-7@4.7x2u | middle:1-3-5@8.1x1u | middle:1-6-7@12.8x1u | hole:3-4-5@15.3x1u | hole:1-5-6@44.2x1u | hole:1-2-5@32.3x1u | hole:2-3-6@54.4x1u
6120240402010009,1,,2-3-4,0,,500,0,-500,4,1,3,0,3,0,138.0,main:3-5-7@3.8x2u | middle:2-3-7@6.9x1u | middle:3-4-5@59.8x1u | middle:3-5-6@96.2x1u
6120240402010010,1,,1-3-7,0,,500,0,-500,4,1,3,0,3,0,114.0,main:2-4-7@3.8x2u | middle:1-2-7@5.7x1u | middle:2-3-4@12.5x1u | middle:2-4-6@69.5x1u
6120240402010011,1,,1-2-3,1,main,600,620.0,20.0,4,1,1,2,1,2,103.333333,main:1-2-3@3.1x2u | middle:1-2-7@3.8x2u | hole:3-4-5@33.0x1u | hole:4-5-6@123.9x1u
6120240506010006,1,,2-5-6,1,hole,600,1680.0,1080.0,6,1,1,4,1,4,103.333333,main:1-4-7@6.2x1u | middle:1-4-6@74.9x1u | hole:2-5-6@16.8x1u | hole:1-3-5@10.8x1u | hole:3-5-6@51.3x1u | hole:2-3-6@74.3x1u
6120240506010007,1,,3-4-5,0,,900,0,-900,7,1,3,3,3,3,126.666667,main:1-3-7@5.7x2u | middle:1-3-4@7.2x2u | middle:1-2-3@16.0x1u | middle:3-6-7@111.5x1u | hole:2-4-5@28.4x1u | hole:2-5-6@101.3x1u | hole:2-4-6@103.4x1u
6120240506010008,1,,1-3-4,1,middle,800,1120.0,320.0,5,1,3,1,3,1,115.0,main:2-3-4@3.3x3u | middle:3-4-6@9.2x1u | middle:1-3-4@5.6x2u | middle:2-4-5@13.0x1u | hole:2-5-6@166.4x1u
6120240506010009,1,,1-2-7,0,,300,0,-300,3,1,1,1,1,1,126.666667,main:1-3-6@3.8x1u | middle:1-3-5@23.5x1u | hole:1-2-5@39.9x1u
6120240506010010,1,,2-5-7,1,main,700,800.0,100.0,3,1,2,0,2,0,114.285714,main:2-5-7@2.0x4u | middle:1-2-7@4.0x2u | middle:2-3-7@18.8x1u
6120240506010011,1,,3-5-7,1,main,500,510.0,10.0,3,1,2,0,2,0,102.0,main:3-5-7@1.7x3u | middle:3-4-7@12.0x1u | middle:1-3-7@10.1x1u
6120240513010008,1,,2-3-4,0,,300,0,-300,3,1,2,0,2,0,120.0,main:1-3-7@3.6x1u | middle:1-2-7@14.0x1u | middle:1-6-7@113.2x1u
6120240513010009,1,,2-3-5,0,,500,0,-500,4,1,3,0,3,0,122.0,main:2-5-7@3.9x2u | middle:2-3-7@12.2x1u | middle:2-4-7@42.5x1u | middle:1-2-5@6.1x1u
6120240513010010,1,,3-4-6,0,,200,0,-200,2,1,1,0,1,0,155.0,main:1-3-4@3.1x1u | middle:2-3-4@4.6x1u
6120240513010011,1,,1-3-5,1,main,1400,1470.0,70.0,5,1,3,1,3,1,105.0,main:1-3-5@2.1x7u | middle:1-4-5@16.2x1u | middle:1-2-5@4.9x3u | middle:1-5-6@10.7x2u | hole:5-6-7@75.6x1u
6120240519010006,1,,2-3-7,0,,400,0,-400,4,1,2,1,2,1,120.0,main:1-5-7@4.8x1u | middle:1-3-5@21.7x1u | middle:1-5-6@40.0x1u | hole:3-6-7@59.0x1u
6120240519010007,1,,1-2-3,1,middle,400,1120.0,720.0,4,1,2,1,2,1,145.0,main:2-3-4@5.8x1u | middle:2-4-7@7.7x1u | middle:1-2-3@11.2x1u | hole:3-5-6@77.9x1u
6120240519010008,1,,4-5-7,0,,1300,0,-1300,7,1,3,3,3,3,103.846154,main:1-5-7@2.7x5u | middle:2-5-7@7.3x2u | middle:3-5-7@22.1x1u | middle:5-6-7@55.2x1u | hole:2-4-7@11.7x2u | hole:3-6-7@125.0x1u | hole:4-6-7@159.4x1u
6120240519010009,1,,1-5-7,0,,100,0,-100,1,1,0,0,0,0,260.0,main:1-3-5@2.6x1u
6120240519010011,1,,3-4-7,1,main,400,420.0,20.0,2,1,1,0,1,0,105.0,main:3-4-7@1.4x3u | middle:3-6-7@28.0x1u
6120240528010008,1,,2-3-4,1,main,1000,1170.0,170.0,8,1,3,4,3,4,117.0,main:2-3-4@3.9x3u | middle:2-4-7@20.3x1u | middle:2-4-6@61.2x1u | middle:2-3-5@33.7x1u | hole:1-2-6@29.0x1u | hole:1-3-7@14.6x1u | hole:1-6-7@74.9x1u | hole:1-5-7@112.6x1u
6120240528010009,1,,2-3-5,1,middle,1400,2360.0,960.0,8,1,3,4,3,4,107.142857,main:3-5-7@2.5x6u | middle:2-3-5@11.8x2u | middle:3-5-6@25.1x1u | middle:3-4-5@15.6x1u | hole:1-5-6@273.6x1u | hole:4-6-7@259.5x1u | hole:1-2-7@35.8x1u | hole:1-2-6@342.1x1u
6120240528010010,1,,2-5-7,0,,1300,0,-1300,6,1,3,2,3,2,101.538462,main:1-5-7@3.3x4u | middle:1-3-5@3.5x4u | middle:1-4-5@7.0x2u | middle:1-5-6@34.2x1u | hole:1-3-6@44.1x1u | hole:2-3-6@74.5x1u
6120240528010011,1,,2-3-7,1,middle,600,720.0,120.0,3,1,2,0,2,0,106.666667,main:3-5-7@1.6x4u | middle:2-3-7@7.2x1u | middle:1-3-7@15.3x1u
6120240603010008,1,,1-3-5,0,,400,0,-400,3,1,2,0,2,0,125.0,main:1-2-5@2.5x2u | middle:1-4-5@8.3x1u | middle:1-2-7@9.3x1u
6120240603010009,1,,1-3-7,0,,200,0,-200,2,1,0,1,0,1,185.0,main:1-4-7@3.7x1u | hole:1-3-5@19.2x1u
6120240603010010,1,,2-4-5,1,main,700,750.0,50.0,3,1,1,1,1,1,107.142857,main:2-4-5@1.5x5u | middle:1-2-5@16.6x1u | hole:1-4-6@52.3x1u
6120240603010011,1,,1-3-5,1,main,200,240.0,40.0,2,1,1,0,1,0,120.0,main:1-3-5@2.4x1u | middle:1-3-7@24.0x1u
6120240713010006,1,,2-4-5,0,,900,0,-900,7,1,2,4,2,4,115.555556,main:1-2-5@4.0x3u | middle:2-5-7@19.4x1u | middle:2-5-6@64.8x1u | hole:1-4-6@10.4x1u | hole:2-3-7@45.9x1u | hole:3-5-6@433.7x1u | hole:3-4-7@100.4x1u
6120240713010007,1,,1-2-4,0,,400,0,-400,3,1,2,0,2,0,125.0,main:1-3-4@2.5x2u | middle:1-3-7@17.0x1u | middle:1-2-3@20.7x1u
6120240713010008,1,,1-2-5,1,middle,900,1220.0,320.0,5,1,3,1,3,1,104.444444,main:2-4-5@3.3x3u | middle:2-5-7@4.7x2u | middle:1-2-5@6.1x2u | middle:2-5-6@25.1x1u | hole:1-2-6@32.8x1u
6120240713010009,1,,3-5-7,1,main,200,330.0,130.0,2,1,1,0,1,0,165.0,main:3-5-7@3.3x1u | middle:3-4-7@4.3x1u
6120240713010010,1,,1-2-4,0,,300,0,-300,3,1,1,1,1,1,150.0,main:1-2-7@4.5x1u | middle:2-4-7@9.3x1u | hole:4-5-7@79.0x1u
6120240713010011,1,,1-3-7,0,,100,0,-100,1,1,0,0,0,0,170.0,main:1-4-7@1.7x1u
6120240725010006,1,,1-3-4,1,middle,700,2630.0,1930.0,5,1,2,2,2,2,105.714286,main:1-4-5@3.7x2u | middle:1-3-4@26.3x1u | middle:1-2-4@4.7x2u | hole:2-4-7@45.4x1u | hole:2-6-7@123.7x1u
6120240725010007,1,,1-5-7,1,middle,200,330.0,130.0,2,1,1,0,1,0,165.0,main:1-4-7@3.3x1u | middle:1-5-7@3.3x1u
6120240725010008,1,,1-2-7,1,middle,500,1610.0,1110.0,4,1,2,1,2,1,116.0,main:2-5-7@2.9x2u | middle:1-2-7@16.1x1u | middle:2-5-6@78.9x1u | hole:3-4-5@31.5x1u
6120240725010009,1,,1-4-7,0,,1100,0,-1100,6,1,3,2,3,2,101.818182,main:1-4-5@2.8x4u | middle:1-3-5@4.0x3u | middle:1-5-7@15.0x1u | middle:1-2-5@24.2x1u | hole:2-3-7@27.0x1u | hole:3-6-7@59.8x1u
6120240725010010,1,,2-3-5,1,hole,700,2470.0,1770.0,6,1,2,3,2,3,101.428571,main:1-2-7@5.9x2u | middle:2-5-7@13.8x1u | middle:1-3-7@7.1x1u | hole:2-3-5@24.7x1u | hole:3-6-7@19.0x1u | hole:2-5-6@33.1x1u
6120240725010011,1,,1-4-7,1,main,500,540.0,40.0,3,1,2,0,2,0,108.0,main:1-4-7@1.8x3u | middle:1-2-4@12.1x1u | middle:1-4-5@5.6x1u
6120240804010006,1,,1-3-7,0,,1200,0,-1200,9,1,3,5,3,5,110.0,main:1-3-5@3.3x4u | middle:3-5-7@20.9x1u | middle:1-3-6@38.9x1u | middle:3-4-5@68.6x1u | hole:2-3-7@65.6x1u | hole:2-3-4@72.8x1u | hole:3-4-7@160.9x1u | hole:2-3-6@117.3x1u | hole:2-4-6@128.7x1u
6120240804010007,1,,2-3-7,1,middle,1300,1460.0,160.0,8,1,4,3,4,3,111.538462,main:2-3-5@2.9x5u | middle:2-3-7@7.3x2u | middle:1-2-3@26.3x1u | middle:2-4-5@71.6x1u | middle:2-5-6@19.7x1u | hole:1-3-7@27.3x1u | hole:1-2-6@18.8x1u | hole:2-6-7@94.7x1u
6120240804010008,1,,1-4-7,0,,700,0,-700,5,1,2,2,2,2,128.571429,main:2-4-5@4.5x2u | middle:1-2-4@5.2x2u | middle:2-5-6@14.9x1u | hole:1-3-4@40.2x1u | hole:1-2-6@51.2x1u
6120240804010009,1,,1-5-7,0,,500,0,-500,4,1,2,1,2,1,148.0,main:1-3-5@3.7x2u | middle:1-3-6@22.8x1u | middle:1-2-5@20.3x1u | hole:1-6-7@37.7x1u
6120240804010010,1,,1-2-4,1,middle,700,1590.0,890.0,5,1,1,3,1,3,102.857143,main:1-4-7@2.4x3u | middle:1-2-4@15.9x1u | hole:2-3-5@47.3x1u | hole:2-3-6@63.4x1u | hole:2-5-6@133.9x1u
6120240804010011,1,,1-3-4,1,middle,500,2240.0,1740.0,3,1,2,0,2,0,112.0,main:1-3-5@2.8x2u | middle:1-5-7@3.2x2u | middle:1-3-4@22.4x1u
6120240909010006,1,,3-4-7,1,main,1000,1040.0,40.0,6,1,3,2,3,2,104.0,main:3-4-7@5.2x2u | middle:3-5-7@6.6x2u | middle:1-3-7@8.9x2u | middle:2-3-7@18.3x1u | hole:1-5-7@6.2x2u | hole:1-5-6@26.1x1u
6120240909010007,1,,3-5-6,1,hole,700,1440.0,740.0,6,1,1,4,1,4,160.0,main:1-2-7@5.6x2u | middle:2-3-7@69.4x1u | hole:3-5-6@14.4x1u | hole:1-4-5@15.0x1u | hole:4-5-6@52.4x1u | hole:1-3-4@83.8x1u
6120240909010008,1,,2-4-7,1,main,700,870.0,170.0,4,1,1,2,1,2,105.714286,main:2-4-7@2.9x3u | middle:1-2-7@3.7x2u | hole:1-3-7@33.3x1u | hole:1-2-5@13.8x1u
6120240909010009,1,,1-2-7,1,main,300,440.0,140.0,3,1,2,0,2,0,146.666667,main:1-2-7@4.4x1u | middle:1-5-7@5.7x1u | middle:1-4-7@8.6x1u
6120240909010010,1,,1-3-5,1,main,600,640.0,40.0,4,1,2,1,2,1,106.666667,main:1-3-5@3.2x2u | middle:2-3-5@3.8x2u | middle:3-4-5@6.8x1u | hole:2-4-5@7.2x1u
6120240909010011,1,,2-3-7,1,main,500,520.0,20.0,2,1,1,0,1,0,104.0,main:2-3-7@1.3x4u | middle:3-5-7@10.5x1u
6120241014010006,1,,1-3-7,1,middle,500,680.0,180.0,4,1,3,0,3,0,132.0,main:1-5-7@3.3x2u | middle:1-3-7@6.8x1u | middle:1-4-7@11.9x1u | middle:5-6-7@46.5x1u
6120241014010007,1,,1-2-3,0,,600,0,-600,5,1,2,2,2,2,133.333333,main:2-3-5@4.4x2u | middle:1-2-5@17.1x1u | middle:2-3-4@36.6x1u | hole:1-4-6@22.8x1u | hole:1-2-7@8.0x1u
6120241014010008,1,,1-4-7,0,,700,0,-700,5,1,3,1,3,1,124.285714,main:2-5-7@2.9x3u | middle:2-3-5@13.6x1u | middle:1-2-5@100.9x1u | middle:2-6-7@27.9x1u | hole:1-2-4@55.2x1u
6120241014010009,1,,1-5-7,0,,700,0,-700,6,1,1,4,1,4,120.0,main:1-3-4@4.2x2u | middle:1-3-7@26.4x1u | hole:2-5-7@8.5x1u | hole:1-6-7@76.9x1u | hole:3-5-6@172.8x1u | hole:2-6-7@228.9x1u
6120241014010010,1,,1-4-5,1,main,500,570.0,70.0,3,1,2,0,2,0,114.0,main:1-4-5@1.9x3u | middle:4-5-6@31.0x1u | middle:3-4-5@42.7x1u
6120241014010011,1,,1-3-7,0,,100,0,-100,1,1,0,0,0,0,170.0,main:1-4-7@1.7x1u
6120241108010008,1,,1-3-4,0,,700,0,-700,6,1,3,2,3,2,122.857143,main:1-2-3@4.3x2u | middle:2-3-6@32.8x1u | middle:2-3-5@13.3x1u | middle:2-3-4@31.6x1u | hole:2-6-7@81.4x1u | hole:2-4-6@117.3x1u
6120241108010009,1,,2-5-7,1,middle,900,1890.0,990.0,5,1,2,2,2,2,111.111111,main:1-2-7@2.0x5u | middle:2-5-7@18.9x1u | middle:2-6-7@24.5x1u | hole:3-4-7@88.8x1u | hole:4-5-7@82.7x1u
6120241108010010,1,,1-5-7,1,main,100,140.0,40.0,1,1,0,0,0,0,140.0,main:1-5-7@1.4x1u
6120241108010011,1,,3-4-5,1,main,300,360.0,60.0,2,1,1,0,1,0,120.0,main:3-4-5@1.8x2u | middle:4-5-6@111.1x1u
6120241122010006,1,,3-4-7,0,,600,0,-600,5,1,3,1,3,1,133.333333,main:1-3-4@4.0x2u | middle:1-4-5@31.9x1u | middle:2-3-4@10.0x1u | middle:3-4-6@101.3x1u | hole:4-5-6@435.6x1u
6120241122010007,1,,3-5-7,0,,2200,0,-2200,3,1,2,0,3,2,100.454545,main:1-3-5@1.3x17u | middle:1-2-3@5.8x4u | middle:1-3-4@25.2x1u
6120241122010008,1,,1-4-7,1,middle,1000,1220.0,220.0,6,1,3,2,3,2,116.0,main:2-4-7@2.9x4u | middle:1-4-7@6.1x2u | middle:2-5-7@25.4x1u | middle:4-6-7@35.0x1u | hole:3-4-6@44.0x1u | hole:1-2-3@49.7x1u
6120241122010009,1,,3-6-7,0,,1000,0,-1000,7,1,3,3,3,3,108.0,main:1-3-4@2.7x4u | middle:3-4-7@18.6x1u | middle:2-3-4@12.2x1u | middle:3-4-6@23.9x1u | hole:2-4-6@58.8x1u | hole:4-5-6@149.2x1u | hole:2-6-7@136.4x1u
6320241021010008,1,,1-3-7,1,middle,500,2060.0,1560.0,5,1,3,1,3,1,118.0,main:1-4-7@5.9x1u | middle:1-4-5@7.9x1u | middle:1-2-4@12.1x1u | middle:1-3-7@20.6x1u | hole:2-4-5@38.8x1u
6320241021010009,1,,1-5-7,1,main,300,310.0,10.0,3,1,1,1,1,1,103.333333,main:1-5-7@3.1x1u | middle:1-4-7@6.8x1u | hole:3-4-7@7.4x1u
6320241021010010,1,,1-4-7,0,,400,0,-400,4,1,2,1,2,1,110.0,main:3-4-5@4.4x1u | middle:2-3-5@7.0x1u | middle:1-3-4@8.4x1u | hole:2-3-7@24.4x1u
6320241021010011,1,,3-5-6,0,,200,0,-200,2,1,1,0,1,0,175.0,main:1-5-6@3.5x1u | middle:1-3-5@6.0x1u
6320241116010006,1,,1-4-7,0,,200,0,-200,2,1,1,0,1,0,130.0,main:1-2-7@2.6x1u | middle:2-6-7@22.2x1u
6320241116010007,1,,2-4-7,1,main,800,840.0,40.0,4,1,1,2,1,2,105.0,main:2-4-7@2.8x3u | middle:1-4-7@3.1x3u | hole:1-3-6@339.0x1u | hole:2-5-6@166.1x1u
6320241116010008,1,,2-6-7,0,,700,0,-700,6,1,2,3,2,3,120.0,main:3-5-7@4.9x2u | middle:3-4-5@17.4x1u | middle:2-3-5@35.3x1u | hole:1-4-7@8.4x1u | hole:2-4-6@41.6x1u | hole:1-2-6@94.2x1u
6320241116010009,1,,3-5-7,1,middle,600,720.0,120.0,4,1,2,1,2,1,110.0,main:2-3-7@3.3x2u | middle:3-5-7@3.6x2u | middle:3-4-7@16.5x1u | hole:5-6-7@48.8x1u
6320241116010010,1,,1-3-7,1,main,100,270.0,170.0,1,1,0,0,0,0,270.0,main:1-3-7@2.7x1u
6320241116010011,1,,1-4-6,1,middle,1500,1520.0,20.0,9,1,4,4,4,4,101.333333,main:1-2-4@3.8x4u | middle:1-4-5@6.5x3u | middle:2-4-7@28.5x1u | middle:1-4-6@7.6x2u | middle:1-3-4@24.6x1u | hole:3-4-5@15.4x1u | hole:3-5-7@44.9x1u | hole:3-5-6@121.1x1u | hole:3-6-7@430.5x1u
7120240114010006,1,,1-2-5,1,main,1000,1040.0,40.0,6,1,3,2,3,2,104.0,main:1-2-5@2.6x4u | middle:1-5-6@8.1x2u | middle:1-3-5@16.8x1u | middle:1-2-4@36.6x1u | hole:1-3-6@53.5x1u | hole:3-5-7@150.4x1u
7120240114010007,1,,1-4-7,1,main,600,630.0,30.0,4,1,2,1,2,1,105.0,main:1-4-7@2.1x3u | middle:2-4-7@14.6x1u | middle:1-3-7@8.1x1u | hole:1-2-3@41.5x1u
7120240114010008,1,,1-4-7,0,,900,0,-900,6,1,3,2,3,2,108.888889,main:1-2-4@3.3x3u | middle:2-3-4@9.8x1u | middle:2-4-6@4.9x2u | middle:1-2-7@17.8x1u | hole:2-3-5@29.0x1u | hole:4-5-6@138.9x1u
7120240114010009,1,,1-3-7,0,,400,0,-400,3,1,2,0,2,0,135.0,main:2-3-7@2.7x2u | middle:2-3-5@14.9x1u | middle:1-2-3@23.7x1u
7120240114010010,1,,1-4-7,1,main,700,750.0,50.0,4,1,2,1,2,1,107.142857,main:1-4-7@2.5x3u | middle:1-3-7@5.2x2u | middle:1-6-7@27.0x1u | hole:1-3-6@119.3x1u
7120240114010011,1,,2-6-7,0,,200,0,-200,2,1,1,0,1,0,180.0,main:1-2-7@3.6x1u | middle:2-3-7@4.3x1u
7120240620010006,1,,1-4-5,1,main,800,1180.0,380.0,7,1,2,4,2,4,118.75,main:1-4-5@5.9x2u | middle:1-3-4@21.7x1u | middle:1-4-6@53.3x1u | hole:3-5-6@9.5x1u | hole:1-2-7@16.4x1u | hole:1-3-7@133.3x1u | hole:2-6-7@117.5x1u
7120240620010007,1,,1-3-7,1,main,500,560.0,60.0,4,1,2,1,2,1,112.0,main:1-3-7@2.8x2u | middle:1-5-7@16.9x1u | middle:3-6-7@83.2x1u | hole:4-5-7@75.4x1u
7120240620010008,1,,1-2-4,1,main,300,400.0,100.0,2,1,1,0,1,0,133.333333,main:1-2-4@2.0x2u | middle:1-3-4@6.4x1u
7120240620010009,1,,1-4-7,1,main,1100,1200.0,100.0,5,1,4,0,4,0,109.090909,main:1-4-7@2.4x5u | middle:1-4-5@6.2x2u | middle:1-3-4@7.0x2u | middle:1-2-4@13.3x1u | middle:1-4-6@30.9x1u
7120240620010010,1,,3-4-7,1,main,200,350.0,150.0,2,1,1,0,1,0,175.0,main:3-4-7@3.5x1u | middle:2-4-7@18.2x1u
7120240620010011,1,,2-3-7,0,,200,0,-200,2,1,1,0,1,0,185.0,main:1-2-7@3.7x1u | middle:1-2-5@5.5x1u
7120240630010008,1,,2-6-7,0,,1100,0,-1100,8,1,3,4,3,4,105.454545,main:2-5-7@2.9x4u | middle:1-5-7@29.5x1u | middle:2-5-6@34.3x1u | middle:2-3-7@52.5x1u | hole:4-6-7@27.8x1u | hole:3-6-7@81.3x1u | hole:3-4-6@189.0x1u | hole:1-5-6@265.7x1u
7120240630010009,1,,2-3-7,0,,100,0,-100,1,1,0,0,0,0,230.0,main:2-4-7@2.3x1u
7120240630010010,1,,1-4-7,0,,700,0,-700,6,1,1,4,1,4,134.285714,main:1-2-4@4.7x2u | middle:1-4-5@31.5x1u | hole:1-3-6@13.9x1u | hole:2-3-7@30.1x1u | hole:1-3-5@45.8x1u | hole:3-5-6@96.9x1u
7120240630010011,1,,1-5-7,1,main,100,130.0,30.0,1,1,0,0,0,0,130.0,main:1-5-7@1.3x1u
7120240824010006,1,,4-6-7,0,,400,0,-400,3,1,1,1,1,1,105.0,main:1-4-7@2.1x2u | middle:2-4-7@4.7x1u | hole:2-4-5@8.1x1u
7120240824010007,1,,1-3-5,1,main,400,520.0,120.0,3,1,1,1,1,1,117.5,main:1-3-5@2.6x2u | middle:1-2-3@4.7x1u | hole:2-4-7@14.2x1u
7120240824010008,1,,1-3-7,1,main,1700,1800.0,100.0,6,1,3,2,3,2,105.882353,main:1-3-7@2.0x9u | middle:2-3-7@4.7x4u | middle:3-6-7@20.3x1u | middle:3-5-7@26.1x1u | hole:2-4-5@20.5x1u | hole:2-6-7@85.2x1u
7120240824010009,1,,2-3-4,1,main,800,880.0,80.0,4,1,1,2,1,2,110.0,main:2-3-4@2.2x4u | middle:2-4-6@5.8x2u | hole:1-2-6@61.1x1u | hole:2-5-6@143.2x1u
7120240824010010,1,,1-5-7,1,main,100,150.0,50.0,1,1,0,0,0,0,150.0,main:1-5-7@1.5x1u
7120240824010011,1,,1-5-7,1,main,100,160.0,60.0,1,1,0,0,0,0,160.0,main:1-5-7@1.6x1u
7120241029010008,1,,2-4-5,0,,600,0,-600,5,1,3,1,3,1,103.333333,main:2-3-5@3.1x2u | middle:1-2-5@6.9x1u | middle:2-5-7@14.9x1u | middle:2-5-6@25.3x1u | hole:3-4-7@19.3x1u
7120241029010009,1,,2-5-7,0,,200,0,-200,2,1,0,1,0,1,210.0,main:2-4-5@4.2x1u | hole:2-3-7@5.3x1u
7120241029010010,1,,1-3-7,0,,200,0,-200,2,1,1,0,1,0,220.0,main:1-2-7@4.4x1u | middle:2-4-7@61.9x1u
7120241029010011,1,,3-4-7,0,,500,0,-500,3,1,1,1,1,1,114.0,main:2-3-4@1.9x3u | middle:2-3-7@15.1x1u | hole:1-6-7@469.0x1u
7320240201010006,1,,2-5-7,0,,500,0,-500,4,1,2,1,2,1,104.0,main:1-2-5@3.1x2u | middle:1-2-4@5.2x1u | middle:1-5-6@98.2x1u | hole:1-4-7@36.8x1u
7320240201010007,1,,3-5-7,0,,300,0,-300,3,1,1,1,1,1,140.0,main:3-4-7@4.2x1u | middle:1-3-7@16.5x1u | hole:1-2-6@34.5x1u
7320240201010008,1,,1-4-7,0,,400,0,-400,3,1,2,0,2,0,135.0,main:1-2-5@2.7x2u | middle:2-5-6@27.0x1u | middle:1-4-5@32.9x1u
7320240201010009,1,,3-4-6,0,,500,0,-500,4,1,2,1,2,1,116.0,main:3-4-7@2.9x2u | middle:2-3-4@7.0x1u | middle:1-4-7@10.7x1u | hole:1-5-7@19.8x1u
7320240201010010,1,,2-4-5,0,,100,0,-100,1,1,0,0,0,0,200.0,main:1-2-5@2.0x1u
7320240201010011,1,,1-4-7,1,main,300,320.0,20.0,2,1,1,0,1,0,106.666667,main:1-4-7@1.6x2u | middle:1-2-7@9.2x1u
7320240206010006,1,,2-3-4,0,,700,0,-700,6,1,1,4,1,4,102.857143,main:1-3-4@3.6x2u | middle:3-4-5@9.2x1u | hole:1-2-5@62.9x1u | hole:2-4-7@14.2x1u | hole:4-6-7@143.6x1u | hole:5-6-7@327.1x1u
7320240206010007,1,,1-4-7,1,middle,200,430.0,230.0,2,1,1,0,1,0,140.0,main:1-2-7@2.8x1u | middle:1-4-7@4.3x1u
7320240206010008,1,,1-3-4,1,middle,200,1100.0,900.0,2,1,1,0,1,0,185.0,main:1-4-5@3.7x1u | middle:1-3-4@11.0x1u
7320240206010009,1,,3-5-7,1,main,500,520.0,20.0,4,1,1,2,1,2,104.0,main:3-5-7@2.6x2u | middle:3-6-7@49.6x1u | hole:1-3-4@15.2x1u | hole:1-4-6@96.5x1u
7320240206010010,1,,1-5-7,1,main,100,160.0,60.0,1,1,0,0,0,0,160.0,main:1-5-7@1.6x1u
7320240206010011,1,,2-6-7,0,,3700,0,-3700,3,1,2,0,3,0,100.540541,main:1-4-7@1.5x25u | middle:1-2-7@6.8x6u | middle:1-3-7@6.2x6u
7320240626010008,1,,3-4-5,0,,300,0,-300,3,1,1,1,1,1,120.0,main:2-3-4@3.6x1u | middle:2-4-5@5.0x1u | hole:1-2-5@23.4x1u
7320240626010009,1,,2-5-6,0,,100,0,-100,1,1,0,0,0,0,260.0,main:2-3-5@2.6x1u
7320240626010010,1,,1-2-7,1,middle,600,780.0,180.0,3,1,2,0,2,0,123.333333,main:2-5-7@2.5x3u | middle:1-2-7@3.9x2u | middle:2-3-7@7.4x1u
7320240626010011,1,,1-3-7,0,,500,0,-500,4,1,3,0,3,0,124.0,main:1-2-5@3.1x2u | middle:1-4-5@9.4x1u | middle:1-3-5@10.8x1u | middle:1-5-6@19.7x1u
7320240828010006,1,,1-3-5,1,main,600,720.0,120.0,4,1,2,1,2,1,120.0,main:1-3-5@2.4x3u | middle:1-2-5@14.1x1u | middle:3-4-5@15.8x1u | hole:3-4-6@16.3x1u
7320240828010007,1,,1-3-4,1,middle,1600,1850.0,250.0,7,1,3,3,3,3,101.25,main:1-2-4@2.7x6u | middle:1-3-4@3.7x5u | middle:2-4-7@21.1x1u | middle:2-4-6@47.2x1u | hole:4-6-7@105.5x1u | hole:3-4-6@145.7x1u | hole:4-5-6@71.9x1u
7320240828010008,1,,2-4-5,0,,300,0,-300,3,1,2,0,2,0,106.666667,main:1-3-5@3.2x1u | middle:1-2-5@13.6x1u | middle:1-5-6@51.4x1u
7320240828010009,1,,1-3-4,0,,400,0,-400,3,1,2,0,2,0,145.0,main:1-4-5@2.9x2u | middle:1-2-4@20.7x1u | middle:4-5-7@16.9x1u
7320240828010010,1,,1-2-7,1,middle,4700,4800.0,100.0,4,1,3,0,3,0,101.489362,main:1-5-7@2.0x24u | middle:1-4-7@5.3x9u | middle:1-2-7@4.0x12u | middle:1-6-7@24.4x2u
7320240828010011,1,,1-3-4,1,main,100,150.0,50.0,1,1,0,0,0,0,150.0,main:1-3-4@1.5x1u
7320240929010006,1,,1-4-5,0,,500,0,-500,4,1,2,1,2,1,104.0,main:1-2-4@2.6x2u | middle:1-2-5@10.9x1u | middle:1-2-7@11.2x1u | hole:3-5-6@366.8x1u
7320240929010007,1,,1-2-5,0,,1000,0,-1000,7,1,2,4,2,4,111.0,main:1-2-4@3.7x3u | middle:1-4-6@7.4x2u | middle:1-4-7@16.9x1u | hole:2-5-6@161.0x1u | hole:2-6-7@417.5x1u | hole:1-3-6@117.4x1u | hole:1-3-7@39.4x1u
7320240929010008,1,,1-2-3,0,,300,0,-300,3,1,0,2,0,2,113.333333,main:3-5-7@3.4x1u | hole:1-3-4@69.2x1u | hole:2-6-7@381.9x1u
7320240929010009,1,,1-4-7,1,main,700,800.0,100.0,3,1,2,0,2,0,111.428571,main:1-4-7@2.0x4u | middle:1-3-7@3.9x2u | middle:4-5-7@72.5x1u
7320240929010010,1,,1-3-7,1,middle,400,820.0,420.0,3,1,2,0,2,0,115.0,main:1-5-7@2.3x2u | middle:1-3-7@8.2x1u | middle:1-2-7@10.9x1u
7320240929010011,1,,1-4-5,0,,800,0,-800,4,1,2,1,2,1,115.0,main:1-5-7@2.3x4u | middle:1-3-5@15.7x1u | middle:1-2-5@5.4x2u | hole:2-4-5@33.0x1u
7320241025010008,1,,1-4-5,1,middle,500,2430.0,1930.0,3,1,2,0,2,0,102.0,main:1-4-7@1.7x3u | middle:1-4-5@24.3x1u | middle:1-3-4@86.0x1u
7320241025010009,1,,1-2-7,1,middle,500,520.0,20.0,4,1,3,0,3,0,104.0,main:1-5-7@2.8x2u | middle:1-2-7@5.2x1u | middle:1-3-7@6.4x1u | middle:1-5-6@66.5x1u
7320241025010010,1,,1-5-7,1,main,400,480.0,80.0,4,1,2,1,2,1,120.0,main:1-5-7@4.8x1u | middle:2-5-7@11.8x1u | middle:3-5-7@14.8x1u | hole:2-5-6@24.5x1u
7320241025010011,1,,1-2-7,1,main,300,380.0,80.0,3,1,2,0,2,0,126.666667,main:1-2-7@3.8x1u | middle:1-5-7@5.1x1u | middle:1-2-4@40.5x1u
7320241202010006,1,,3-4-6,0,,1100,0,-1100,8,1,3,4,3,4,111.818182,main:3-4-7@4.1x3u | middle:3-6-7@40.3x1u | middle:3-5-7@9.2x2u | middle:1-3-4@47.6x1u | hole:1-6-7@42.6x1u | hole:2-5-6@28.0x1u | hole:1-2-6@36.8x1u | hole:1-2-5@24.8x1u
7320241202010007,1,,1-3-4,1,main,200,410.0,210.0,2,1,0,1,0,1,205.0,main:1-3-4@4.1x1u | hole:2-5-7@12.5x1u
7320241202010008,1,,2-5-7,0,,1100,0,-1100,8,1,2,5,2,5,116.363636,main:1-2-5@3.2x4u | middle:1-4-5@14.3x1u | middle:1-5-6@79.2x1u | hole:3-5-7@14.0x1u | hole:4-5-7@31.5x1u | hole:5-6-7@190.2x1u | hole:4-6-7@143.4x1u | hole:3-4-7@28.0x1u
7320241202010009,1,,1-4-7,1,main,100,130.0,30.0,1,1,0,0,0,0,130.0,main:1-4-7@1.3x1u
7320241202010010,1,,1-4-7,1,main,500,520.0,20.0,2,1,1,0,1,0,104.0,main:1-4-7@1.3x4u | middle:1-3-7@13.8x1u
7320241202010011,1,,1-3-7,1,main,100,110.0,10.0,1,1,0,0,0,0,110.0,main:1-3-7@1.1x1u
7420240103010008,1,,1-2-5,1,main,200,410.0,210.0,2,1,1,0,1,0,205.0,main:1-2-5@4.1x1u | middle:1-4-5@18.0x1u
7420240103010009,1,,2-3-7,0,,500,0,-500,4,1,2,1,2,1,108.0,main:1-2-4@3.6x2u | middle:1-2-7@5.4x1u | middle:1-4-6@12.3x1u | hole:1-6-7@36.5x1u
7420240103010010,1,,1-4-7,1,main,500,520.0,20.0,4,1,3,0,3,0,104.0,main:1-4-7@2.6x2u | middle:1-6-7@8.5x1u | middle:1-2-7@5.6x1u | middle:1-5-7@9.6x1u
7420240317010006,1,,1-3-5,1,middle,800,980.0,180.0,5,1,1,3,1,3,105.0,main:3-5-7@2.8x3u | middle:1-3-5@4.9x2u | hole:1-4-5@13.3x1u | hole:1-4-6@11.2x1u | hole:1-2-4@26.7x1u
7420240317010007,1,,1-2-5,1,main,300,400.0,100.0,3,1,2,0,2,0,133.333333,main:1-2-5@4.0x1u | middle:2-5-6@19.5x1u | middle:2-3-5@25.0x1u
7420240317010008,1,,1-4-7,0,,600,0,-600,5,1,1,3,1,3,146.666667,main:2-3-7@4.4x2u | middle:3-6-7@68.6x1u | hole:1-3-4@14.2x1u | hole:1-4-6@76.1x1u | hole:3-4-5@44.2x1u
7420240317010009,1,,1-5-7,1,main,100,330.0,230.0,1,1,0,0,0,0,330.0,main:1-5-7@3.3x1u
7420240317010010,1,,2-4-7,1,main,600,690.0,90.0,4,1,1,2,1,2,115.0,main:2-4-7@2.3x3u | middle:3-4-7@16.7x1u | hole:3-5-7@16.3x1u | hole:3-6-7@167.3x1u
7420240317010011,1,,1-3-7,1,middle,300,490.0,190.0,2,1,1,0,1,0,120.0,main:1-4-7@1.8x2u | middle:1-3-7@4.9x1u
7420240424010006,1,,1-2-5,1,main,700,720.0,20.0,6,1,2,3,2,3,102.857143,main:1-2-5@3.6x2u | middle:2-3-5@8.5x1u | middle:2-5-6@77.0x1u | hole:2-3-4@32.7x1u | hole:3-4-7@51.0x1u | hole:1-6-7@145.4x1u
7420240424010007,1,,1-2-4,0,,300,0,-300,3,1,1,1,1,1,133.333333,main:1-4-7@4.1x1u | middle:1-4-5@4.0x1u | hole:1-3-5@6.9x1u
7420240424010008,1,,1-2-5,0,,600,0,-600,5,1,1,3,1,3,140.0,main:1-3-5@4.2x2u | middle:1-5-7@69.6x1u | hole:2-4-6@71.3x1u | hole:3-4-7@10.3x1u | hole:2-6-7@178.3x1u
7420240424010009,1,,2-4-7,1,main,200,260.0,60.0,2,1,1,0,1,0,130.0,main:2-4-7@2.6x1u | middle:2-5-7@6.0x1u
7420240424010010,1,,1-2-5,0,,400,0,-400,4,1,2,1,2,1,137.5,main:1-4-7@5.5x1u | middle:1-4-6@28.0x1u | middle:1-2-7@20.9x1u | hole:3-4-6@38.5x1u
7420240424010011,1,,2-5-7,0,,1000,0,-1000,4,1,2,1,2,1,108.0,main:2-3-5@1.8x6u | middle:1-2-5@5.6x2u | middle:2-4-5@22.2x1u | hole:1-2-4@50.7x1u
7420240917010008,1,,1-2-4,1,main,900,980.0,80.0,8,1,2,5,2,5,108.888889,main:1-2-4@4.9x2u | middle:1-3-4@26.8x1u | middle:1-4-6@13.4x1u | hole:1-5-7@38.5x1u | hole:2-5-6@139.1x1u | hole:1-3-5@85.2x1u | hole:2-6-7@264.3x1u | hole:3-4-6@610.0x1u
7420240917010009,1,,1-5-7,1,middle,900,1080.0,180.0,5,1,3,1,3,1,120.0,main:3-5-7@3.7x3u | middle:1-5-7@5.4x2u | middle:4-5-7@5.4x2u | middle:2-5-7@24.9x1u | hole:1-2-7@105.7x1u
7420240917010010,1,,3-5-7,1,hole,800,3470.0,2670.0,5,1,1,3,1,3,115.0,main:1-4-7@2.3x4u | middle:1-6-7@31.2x1u | hole:2-6-7@42.1x1u | hole:2-3-7@43.4x1u | hole:3-5-7@34.7x1u
7420240917010011,1,,1-2-4,1,main,200,300.0,100.0,2,1,1,0,1,0,150.0,main:1-2-4@3.0x1u | middle:2-4-5@7.0x1u
7420241126010006,1,,1-2-5,0,,800,0,-800,7,1,3,3,3,3,170.0,main:2-3-4@6.8x2u | middle:3-4-5@46.2x1u | middle:2-3-6@22.4x1u | middle:3-4-7@17.3x1u | hole:3-5-7@22.3x1u | hole:2-5-6@57.7x1u | hole:5-6-7@90.0x1u
7420241126010007,1,,1-4-7,1,hole,400,1170.0,770.0,4,1,2,1,2,1,140.0,main:2-3-5@5.6x1u | middle:1-2-5@7.6x1u | middle:2-3-6@66.6x1u | hole:1-4-7@11.7x1u
7420241126010008,1,,2-3-7,0,,300,0,-300,3,1,1,1,1,1,123.333333,main:1-2-7@3.7x1u | middle:1-2-6@24.8x1u | hole:1-3-6@47.9x1u
7420241126010009,1,,1-5-7,1,main,800,880.0,80.0,5,1,2,2,2,2,110.0,main:1-5-7@2.2x4u | middle:1-2-5@20.9x1u | middle:5-6-7@34.5x1u | hole:2-4-7@27.2x1u | hole:2-6-7@108.6x1u
7420241126010010,1,,1-2-4,0,,1000,0,-1000,7,1,1,5,1,5,101.0,main:1-4-7@2.9x4u | middle:1-4-6@10.1x1u | hole:1-3-6@24.6x1u | hole:1-2-5@18.2x1u | hole:2-3-5@66.9x1u | hole:1-5-6@137.4x1u | hole:2-5-6@61.9x1u
7420241126010011,1,,1-5-7,0,,400,0,-400,3,1,2,0,2,0,130.0,main:1-4-5@2.6x2u | middle:1-3-4@8.5x1u | middle:4-5-7@55.9x1u
7420241225010008,1,,2-4-7,1,hole,700,1360.0,660.0,6,1,3,2,3,2,142.857143,main:1-3-4@5.0x2u | middle:1-4-7@12.6x1u | middle:1-4-6@117.8x1u | middle:1-3-5@25.3x1u | hole:2-4-7@13.6x1u | hole:3-6-7@128.2x1u
7420241225010010,1,,1-2-7,0,,100,0,-100,1,1,0,0,0,0,150.0,main:1-5-7@1.5x1u
7420241225010011,1,,1-5-7,1,main,400,420.0,20.0,2,1,0,1,0,1,105.0,main:1-5-7@1.4x3u | hole:3-6-7@198.5x1u
7520240108010008,1,,1-5-6,0,,800,0,-800,6,1,1,4,1,4,112.5,main:1-3-7@4.5x2u | middle:1-3-5@6.0x2u | hole:2-3-4@28.0x1u | hole:2-3-5@22.5x1u | hole:3-4-5@35.5x1u | hole:3-5-6@56.1x1u
7520240108010009,1,,1-2-3,1,main,1000,1200.0,200.0,6,1,3,2,3,2,102.0,main:1-2-3@3.0x4u | middle:1-2-4@13.5x1u | middle:1-3-5@7.3x2u | middle:1-3-7@10.2x1u | hole:2-4-6@161.4x1u | hole:1-6-7@147.0x1u
7520240108010010,1,,4-5-6,0,,700,0,-700,5,1,2,2,2,2,102.857143,main:1-4-7@3.6x2u | middle:1-2-4@4.4x2u | middle:1-3-4@13.0x1u | hole:2-3-7@114.0x1u | hole:2-4-5@31.5x1u
7520240108010011,1,,3-5-7,1,main,600,690.0,90.0,3,1,2,0,2,0,115.0,main:3-5-7@2.3x3u | middle:1-3-5@3.7x2u | middle:2-3-5@14.8x1u
7520240223010008,1,,3-4-7,1,middle,900,1300.0,400.0,7,1,3,3,3,3,113.333333,main:1-3-7@3.5x3u | middle:2-3-7@10.2x1u | middle:3-4-7@13.0x1u | middle:3-5-7@13.8x1u | hole:3-4-5@68.2x1u | hole:3-4-6@104.3x1u | hole:3-5-6@102.5x1u
7520240223010010,1,,1-4-5,1,middle,300,530.0,230.0,2,1,1,0,1,0,133.333333,main:1-4-7@2.0x2u | middle:1-4-5@5.3x1u
7520240223010011,1,,3-4-5,0,,300,0,-300,3,1,2,0,2,0,180.0,main:1-3-5@5.4x1u | middle:3-5-6@25.0x1u | middle:2-3-5@20.0x1u
7520240329010006,1,,1-2-4,1,main,400,560.0,160.0,3,1,2,0,2,0,115.0,main:1-2-4@2.8x2u | middle:2-4-5@4.6x1u | middle:2-4-7@25.7x1u
7520240329010007,1,,1-4-7,0,,300,0,-300,3,1,1,1,1,1,160.0,main:2-4-7@4.8x1u | middle:1-2-4@8.0x1u | hole:1-4-6@8.7x1u
7520240329010008,1,,2-3-4,0,,300,0,-300,3,1,1,1,1,1,143.333333,main:1-2-5@4.3x1u | middle:1-4-5@6.3x1u | hole:2-4-7@8.6x1u
7520240329010009,1,,3-4-5,0,,700,0,-700,6,1,2,3,2,3,171.428571,main:1-4-7@6.0x2u | middle:3-4-7@13.1x1u | middle:1-5-7@18.6x1u | hole:3-5-7@12.2x1u | hole:2-4-5@39.2x1u | hole:2-3-7@29.5x1u
7520240329010010,1,,1-4-5,1,middle,1600,1950.0,350.0,5,1,2,2,2,2,101.25,main:1-5-7@1.8x9u | middle:1-4-5@6.5x3u | middle:1-2-5@9.0x2u | hole:1-2-4@32.8x1u | hole:1-4-6@173.4x1u
7520240329010011,1,,1-3-7,0,,500,0,-500,4,1,3,0,3,0,156.0,main:1-2-7@3.9x2u | middle:1-4-7@10.2x1u | middle:1-2-6@20.7x1u | middle:1-2-5@40.2x1u
7520240417010008,1,,2-3-6,1,hole,900,2570.0,1670.0,7,1,3,3,3,3,113.333333,main:3-5-7@3.4x3u | middle:3-4-7@20.4x1u | middle:2-3-7@28.1x1u | middle:3-5-6@23.7x1u | hole:2-3-6@25.7x1u | hole:2-4-6@97.1x1u | hole:1-2-6@69.3x1u
7520240417010009,1,,2-3-7,1,middle,300,680.0,380.0,3,1,2,0,2,0,200.0,main:1-2-3@6.0x1u | middle:2-3-7@6.8x1u | middle:2-3-4@42.9x1u
7520240417010010,1,,1-3-4,1,middle,1700,1800.0,100.0,6,1,3,2,3,2,100.588235,main:1-4-5@1.9x9u | middle:1-3-4@6.0x3u | middle:1-4-7@11.7x2u | middle:1-4-6@76.6x1u | hole:1-3-6@95.1x1u | hole:2-5-6@554.3x1u
7520240417010011,1,,3-4-6,0,,100,0,-100,1,1,0,0,0,0,360.0,main:1-3-4@3.6x1u
7520240901010006,1,,1-2-5,0,,1300,0,-1300,5,1,3,1,3,1,103.846154,main:1-3-5@1.5x9u | middle:1-2-3@13.7x1u | middle:1-3-7@29.1x1u | middle:1-3-4@35.0x1u | hole:2-3-4@90.8x1u
7520240901010007,1,,2-4-5,0,,800,0,-800,6,1,4,1,4,1,112.5,main:1-2-4@4.5x2u | middle:1-4-7@6.4x2u | middle:2-4-6@9.6x1u | middle:1-2-5@51.0x1u | middle:1-2-3@76.6x1u | hole:1-6-7@88.7x1u
7520240901010008,1,,1-4-7,1,middle,1000,1100.0,100.0,5,1,3,1,3,1,110.0,main:2-4-7@2.2x5u | middle:1-4-7@5.5x2u | middle:2-3-4@34.5x1u | middle:2-4-6@51.2x1u | hole:1-3-4@30.8x1u
7520240901010009,1,,1-2-4,0,,700,0,-700,4,1,2,1,2,1,120.0,main:1-4-5@2.9x3u | middle:1-4-7@4.6x2u | middle:1-3-4@35.2x1u | hole:1-2-7@8.4x1u
7520240901010010,1,,1-2-7,0,,800,0,-800,5,1,3,1,3,1,116.25,main:1-4-7@3.1x3u | middle:1-3-7@4.7x2u | middle:1-5-7@13.2x1u | middle:4-6-7@149.8x1u | hole:3-5-7@34.3x1u
7520240901010011,1,,1-2-7,0,,700,0,-700,4,1,3,0,3,0,108.571429,main:1-4-7@1.9x4u | middle:1-2-4@12.7x1u | middle:1-5-7@16.0x1u | middle:1-6-7@98.7x1u
7520241219010006,1,,1-5-7,0,,400,0,-400,4,1,1,2,1,2,125.0,main:1-2-4@5.0x1u | middle:1-4-6@8.5x1u | hole:2-3-7@15.0x1u | hole:4-6-7@57.7x1u
7520241219010007,1,,1-3-7,0,,500,0,-500,3,1,2,0,2,0,116.0,main:1-2-7@2.9x2u | middle:1-4-7@3.3x2u | middle:1-2-6@26.9x1u
7520241219010008,1,,1-3-4,0,,500,0,-500,4,1,3,0,3,0,144.0,main:3-4-5@3.6x2u | middle:3-4-7@29.1x1u | middle:2-3-4@15.8x1u | middle:3-4-6@71.0x1u
7520241219010009,1,,2-5-7,0,,900,0,-900,5,1,3,1,3,1,111.111111,main:2-3-5@2.5x4u | middle:2-3-7@11.2x1u | middle:3-4-5@27.2x1u | middle:1-3-5@5.1x2u | hole:1-2-7@18.8x1u
7520241219010010,1,,1-3-4,1,middle,500,940.0,440.0,4,1,3,0,3,0,124.0,main:1-3-5@3.9x2u | middle:1-5-7@8.4x1u | middle:1-2-5@6.2x1u | middle:1-3-4@9.4x1u
7520241219010011,1,,1-4-7,1,main,900,960.0,60.0,4,1,3,0,4,0,106.666667,main:1-4-7@1.6x6u | middle:1-4-6@13.3x1u | middle:1-3-4@18.1x1u | middle:2-4-7@82.9x1u
8120240113010006,1,,1-5-6,0,,900,0,-900,7,1,2,4,2,4,130.0,main:1-2-6@6.5x2u | middle:2-4-6@11.7x1u | middle:2-6-7@48.3x1u | hole:2-3-4@7.0x2u | hole:3-4-5@45.1x1u | hole:1-5-7@13.5x1u | hole:3-4-7@87.4x1u
8120240113010007,1,,3-5-6,0,,1500,0,-1500,8,1,2,5,2,5,114.0,main:2-4-6@4.3x4u | middle:2-4-5@5.7x3u | middle:2-3-4@10.1x2u | hole:1-2-5@20.7x1u | hole:2-3-7@13.7x2u | hole:3-5-7@21.5x1u | hole:1-3-5@62.8x1u | hole:1-3-7@56.0x1u
8120240113010008,1,,1-3-7,1,middle,900,960.0,60.0,6,1,2,3,2,3,101.111111,main:1-4-7@3.4x3u | middle:1-3-7@4.8x2u | middle:1-6-7@38.0x1u | hole:3-5-7@9.1x1u | hole:3-4-6@93.8x1u | hole:1-2-3@221.5x1u
8120240113010009,1,,1-4-6,1,main,1000,1100.0,100.0,6,1,3,2,3,2,110.0,main:1-4-6@2.2x5u | middle:1-4-7@13.9x1u | middle:1-5-6@38.1x1u | middle:3-4-6@229.3x1u | hole:1-3-5@18.9x1u | hole:3-5-7@88.3x1u
8120240113010010,1,,3-4-5,0,,100,0,-100,1,1,0,0,0,0,230.0,main:3-5-6@2.3x1u
8120240113010011,1,,1-5-7,1,main,200,230.0,30.0,2,1,1,0,1,0,115.0,main:1-5-7@2.3x1u | middle:4-5-7@3.8x1u
8120240121010006,1,,1-2-4,1,main,900,1050.0,150.0,7,1,3,3,3,3,116.666667,main:1-2-4@3.5x3u | middle:1-3-4@20.6x1u | middle:1-4-5@61.9x1u | middle:1-2-6@69.4x1u | hole:1-3-7@21.7x1u | hole:4-5-7@36.4x1u | hole:1-6-7@166.3x1u
8120240121010008,1,,2-3-4,0,,800,0,-800,6,1,2,3,2,3,105.0,main:1-2-4@2.8x3u | middle:1-4-6@16.7x1u | middle:1-2-5@8.8x1u | hole:2-3-5@13.9x1u | hole:2-5-6@74.6x1u | hole:1-5-7@67.9x1u
8120240121010009,1,,1-3-5,0,,700,0,-700,6,1,3,2,3,2,154.285714,main:3-4-5@5.4x2u | middle:3-5-7@16.3x1u | middle:2-3-5@26.9x1u | middle:3-5-6@68.9x1u | hole:2-4-7@44.8x1u | hole:4-6-7@43.6x1u
8120240121010011,1,,2-4-7,0,,100,0,-100,1,1,0,0,0,0,160.0,main:1-4-7@1.6x1u
8120240131010008,1,,2-4-7,0,,400,0,-400,3,1,2,0,2,0,145.0,main:2-3-4@2.9x2u | middle:3-4-7@17.1x1u | middle:1-2-4@16.3x1u
8120240131010009,1,,2-3-4,0,,400,0,-400,3,1,2,0,2,0,107.5,main:1-4-6@2.8x2u | middle:1-4-5@4.3x1u | middle:1-2-4@11.7x1u
8120240131010010,1,,2-3-7,1,main,200,380.0,180.0,2,1,1,0,1,0,190.0,main:2-3-7@3.8x1u | middle:2-5-7@5.7x1u
8120240131010011,1,,1-2-5,0,,700,0,-700,4,1,2,1,2,1,104.285714,main:1-5-7@2.0x4u | middle:1-4-5@7.3x1u | middle:1-3-5@9.1x1u | hole:1-2-6@41.7x1u
8120240306010006,1,,1-2-4,0,,400,0,-400,3,1,0,2,0,2,140.0,main:1-2-7@2.8x2u | hole:1-3-6@54.6x1u | hole:3-4-6@91.4x1u
8120240306010007,1,,1-2-7,1,middle,700,1060.0,360.0,5,1,2,2,2,2,102.857143,main:1-3-7@3.6x2u | middle:1-2-7@5.3x2u | middle:1-3-4@13.8x1u | hole:2-3-4@42.2x1u | hole:2-5-6@38.5x1u
8120240306010008,1,,1-2-4,1,main,500,570.0,70.0,5,1,1,3,1,3,114.0,main:1-2-4@5.7x1u | middle:2-4-6@78.7x1u | hole:3-6-7@20.7x1u | hole:3-5-7@31.4x1u | hole:5-6-7@132.5x1u
8120240306010009,1,,3-4-5,1,main,500,640.0,140.0,5,1,1,3,1,3,128.0,main:3-4-5@6.4x1u | middle:1-4-5@21.4x1u | hole:2-3-7@14.1x1u | hole:1-2-7@19.2x1u | hole:3-6-7@186.8x1u
8120240306010010,1,,2-4-6,1,main,1000,1080.0,80.0,6,1,2,3,2,3,106.0,main:2-4-6@2.7x4u | middle:2-4-5@5.3x2u | middle:1-2-4@11.3x1u | hole:1-2-7@69.9x1u | hole:1-3-7@149.9x1u | hole:1-2-5@77.9x1u
8120240306010011,1,,2-3-4,0,,200,0,-200,2,1,1,0,1,0,160.0,main:1-3-4@3.2x1u | middle:1-3-6@69.8x1u
8120240318010006,1,,2-3-6,0,,1100,0,-1100,7,1,1,5,1,5,122.727273,main:1-2-5@4.5x3u | middle:2-4-5@5.0x3u | hole:3-5-6@41.9x1u | hole:1-3-7@16.8x1u | hole:1-6-7@34.4x1u | hole:4-5-6@183.7x1u | hole:4-6-7@392.9x1u
8120240318010007,1,,2-4-5,0,,300,0,-300,3,1,1,1,1,1,126.666667,main:2-3-4@3.8x1u | middle:2-3-7@19.7x1u | hole:3-5-7@32.0x1u
8120240318010008,1,,2-5-7,1,middle,400,700.0,300.0,3,1,2,0,2,0,135.0,main:1-2-7@2.7x2u | middle:2-5-7@7.0x1u | middle:2-4-7@40.1x1u
8120240318010009,1,,1-3-7,1,middle,400,1110.0,710.0,4,1,1,2,1,2,102.5,main:3-5-7@4.1x1u | middle:1-3-7@11.1x1u | hole:2-3-4@14.2x1u | hole:1-3-4@66.7x1u
8120240318010010,1,,1-3-5,0,,800,0,-800,5,1,2,2,2,2,115.0,main:1-2-5@3.5x3u | middle:1-4-5@14.8x1u | middle:1-5-7@4.6x2u | hole:1-3-7@17.2x1u | hole:3-6-7@99.6x1u
8120240318010011,1,,1-3-4,0,,500,0,-500,3,1,1,1,1,1,114.0,main:1-4-7@1.9x3u | middle:1-4-6@13.2x1u | hole:4-5-6@104.2x1u
8120240401010008,1,,2-4-7,1,main,600,920.0,320.0,5,1,2,2,2,2,135.0,main:2-4-7@4.6x2u | middle:1-2-4@8.1x1u | middle:4-6-7@65.6x1u | hole:1-4-6@25.6x1u | hole:1-4-5@21.5x1u
8120240401010009,1,,1-3-5,1,main,600,660.0,60.0,5,1,4,0,4,0,110.0,main:1-3-5@3.3x2u | middle:1-2-5@8.6x1u | middle:3-5-7@10.3x1u | middle:1-4-5@17.3x1u | middle:1-3-6@85.8x1u
8120240401010010,1,,1-3-7,0,,200,0,-200,2,1,1,0,1,0,130.0,main:1-5-7@2.6x1u | middle:1-2-7@8.5x1u
8120240401010011,1,,1-4-7,1,main,1400,1430.0,30.0,4,1,3,0,3,0,102.142857,main:1-4-7@1.3x11u | middle:1-4-5@44.7x1u | middle:1-2-4@21.6x1u | middle:4-6-7@77.6x1u
8120240506010008,1,,1-2-4,0,,300,0,-300,3,1,1,1,1,1,116.666667,main:1-2-5@3.5x1u | middle:2-5-6@8.7x1u | hole:3-4-5@179.0x1u
8120240506010009,1,,1-2-5,1,hole,800,1420.0,620.0,7,1,3,3,3,3,120.0,main:2-4-6@6.3x2u | middle:2-6-7@9.6x1u | middle:1-2-6@16.0x1u | middle:2-3-6@45.6x1u | hole:1-2-5@14.2x1u | hole:1-4-7@31.7x1u | hole:1-5-7@30.5x1u
8120240506010010,1,,1-2-7,1,main,500,560.0,60.0,3,1,2,0,2,0,112.0,main:1-2-7@2.8x2u | middle:1-3-7@3.5x2u | middle:1-6-7@17.8x1u
8120240506010011,1,,4-6-7,1,middle,8400,8720.0,320.0,5,1,3,1,4,1,100.119048,main:1-4-7@2.5x34u | middle:2-4-7@2.9x29u | middle:4-6-7@21.8x4u | middle:4-5-7@5.3x16u | hole:3-6-7@257.7x1u
8120240626010006,1,,3-5-6,0,,300,0,-300,3,1,1,1,1,1,106.666667,main:3-4-5@3.2x1u | middle:4-5-6@30.6x1u | hole:2-5-6@57.6x1u
8120240626010007,1,,1-5-6,0,,600,0,-600,5,1,1,3,1,3,106.666667,main:3-4-7@3.3x2u | middle:1-3-4@6.4x1u | hole:1-4-5@56.8x1u | hole:1-3-6@75.1x1u | hole:1-2-5@74.1x1u
8120240626010008,1,,1-4-5,0,,700,0,-700,4,1,3,0,3,0,108.571429,main:1-5-7@1.9x4u | middle:1-3-7@20.3x1u | middle:1-2-5@26.2x1u | middle:1-5-6@31.0x1u
8120240626010009,1,,1-5-7,1,main,2100,2240.0,140.0,6,1,3,2,3,2,101.904762,main:1-5-7@2.8x8u | middle:1-2-7@3.7x6u | middle:1-4-7@10.7x2u | middle:1-6-7@69.8x1u | hole:1-2-4@7.9x3u | hole:2-3-4@51.0x1u
8120240626010010,1,,1-4-7,1,main,400,560.0,160.0,3,1,0,2,0,2,140.0,main:1-4-7@2.8x2u | hole:1-2-5@17.6x1u | hole:2-3-4@50.9x1u
8120240626010011,1,,2-5-7,0,,100,0,-100,1,1,0,0,0,0,130.0,main:2-4-5@1.3x1u
8120240705010008,1,,1-3-5,1,main,300,450.0,150.0,3,1,2,0,2,0,150.0,main:1-3-5@4.5x1u | middle:1-2-5@10.3x1u | middle:1-4-5@59.2x1u
8120240705010009,1,,1-2-4,0,,700,0,-700,5,1,3,1,3,1,114.285714,main:1-4-7@4.0x2u | middle:1-2-7@4.3x2u | middle:1-5-7@10.8x1u | middle:1-3-7@34.9x1u | hole:2-3-7@58.8x1u
8120240705010010,1,,1-5-7,0,,300,0,-300,3,1,2,0,2,0,133.333333,main:1-2-7@4.0x1u | middle:1-2-4@6.8x1u | middle:1-3-7@23.2x1u
8120240705010011,1,,1-4-5,0,,300,0,-300,3,1,2,0,2,0,110.0,main:1-2-5@3.3x1u | middle:1-5-7@3.9x1u | middle:1-3-5@9.3x1u
8120241008010008,1,,3-4-6,0,,1100,0,-1100,7,1,3,3,3,3,101.818182,main:1-2-5@2.8x4u | middle:1-5-7@24.4x1u | middle:1-3-5@6.3x2u | middle:1-5-6@19.0x1u | hole:3-4-7@149.5x1u | hole:2-6-7@358.9x1u | hole:1-4-6@207.0x1u
8120241008010009,1,,1-5-6,1,hole,1900,6360.0,4460.0,10,1,4,5,4,5,115.789474,main:2-3-5@4.4x5u | middle:2-4-5@8.1x3u | middle:1-2-5@7.9x3u | middle:3-5-7@27.4x1u | middle:2-5-6@86.2x1u | hole:1-3-4@43.3x1u | hole:1-3-7@13.5x2u | hole:3-6-7@91.4x1u | hole:1-5-6@63.6x1u | hole:4-6-7@838.4x1u
8120241008010010,1,,1-4-5,1,middle,2700,2920.0,220.0,9,1,3,5,3,5,100.740741,main:1-5-7@1.6x17u | middle:1-3-5@15.6x2u | middle:1-4-5@14.6x2u | middle:1-5-6@38.9x1u | hole:2-4-5@33.1x1u | hole:2-3-5@94.6x1u | hole:2-3-6@193.7x1u | hole:2-3-4@146.6x1u | hole:3-4-6@226.0x1u
8120241008010011,1,,1-3-7,1,main,1500,1560.0,60.0,5,1,3,1,3,1,104.0,main:1-3-7@2.6x6u | middle:1-5-7@3.2x5u | middle:1-2-7@9.4x2u | middle:1-3-6@205.1x1u | hole:1-2-4@67.2x1u
8120241213010008,1,,1-3-4,0,,400,0,-400,4,1,1,2,1,2,120.0,main:2-3-4@4.8x1u | middle:3-4-7@11.2x1u | hole:1-3-5@42.4x1u | hole:1-5-7@51.9x1u
8120241213010009,1,,3-5-7,0,,600,0,-600,4,1,2,1,2,1,125.0,main:1-2-7@2.5x3u | middle:1-4-7@10.5x1u | middle:2-6-7@37.5x1u | hole:2-4-5@31.8x1u
8120241213010010,1,,1-2-7,0,,800,0,-800,6,1,2,3,2,3,105.0,main:1-5-7@4.2x2u | middle:2-5-7@6.2x2u | middle:4-5-7@28.8x1u | hole:2-4-7@12.3x1u | hole:2-3-7@23.4x1u | hole:2-6-7@71.2x1u
8120241213010011,1,,2-4-7,1,hole,1000,1800.0,800.0,4,1,2,1,2,1,102.0,main:1-5-7@1.7x6u | middle:2-5-7@7.5x2u | middle:1-4-7@24.4x1u | hole:2-4-7@18.0x1u
8320240126010006,1,,1-5-7,0,,800,0,-800,7,1,2,4,2,4,120.0,main:2-4-7@4.8x2u | middle:2-4-5@10.9x1u | middle:2-4-6@96.4x1u | hole:3-5-7@10.7x1u | hole:1-4-5@21.3x1u | hole:5-6-7@98.8x1u | hole:3-6-7@134.9x1u
8320240126010007,1,,3-5-7,0,,500,0,-500,4,1,2,1,2,1,140.0,main:2-3-7@3.5x2u | middle:2-6-7@25.7x1u | middle:1-2-3@17.6x1u | hole:3-5-6@74.2x1u
8320240126010008,1,,2-5-7,1,main,900,1000.0,100.0,6,1,3,2,3,2,111.111111,main:2-5-7@2.5x4u | middle:2-4-5@13.1x1u | middle:1-5-7@107.7x1u | middle:5-6-7@156.7x1u | hole:3-5-6@32.5x1u | hole:3-4-5@53.8x1u
8320240126010009,1,,2-3-7,1,main,200,330.0,130.0,2,1,1,0,1,0,165.0,main:2-3-7@3.3x1u | middle:2-4-7@23.7x1u
8320240126010010,1,,2-4-5,0,,200,0,-200,2,1,1,0,1,0,220.0,main:1-4-5@4.4x1u | middle:1-3-4@47.2x1u
8320240126010011,1,,1-4-6,1,main,500,570.0,70.0,3,1,2,0,2,0,114.0,main:1-4-6@1.9x3u | middle:1-3-4@6.6x1u | middle:1-4-7@7.1x1u
8320240225010007,1,,1-2-4,0,,800,0,-800,4,1,1,2,1,2,108.75,main:2-3-5@2.9x3u | middle:1-2-5@3.3x3u | hole:1-4-7@13.0x1u | hole:1-5-6@140.8x1u
8320240225010008,1,,1-4-6,1,hole,1100,3700.0,2600.0,6,1,2,3,2,3,109.090909,main:2-3-7@3.0x4u | middle:3-5-7@6.2x2u | middle:3-4-7@7.8x2u | hole:2-4-5@27.7x1u | hole:1-4-6@37.0x1u | hole:4-5-6@132.4x1u
8320240225010009,1,,1-2-7,1,middle,400,810.0,410.0,4,1,3,0,3,0,130.0,main:1-2-4@5.2x1u | middle:1-2-7@8.1x1u | middle:2-4-6@14.2x1u | middle:1-3-4@14.9x1u
8320240225010010,1,,1-4-5,0,,300,0,-300,2,1,0,1,0,1,120.0,main:1-5-7@1.8x2u | hole:1-2-6@139.0x1u
8320240225010011,1,,1-4-5,1,main,1500,1530.0,30.0,6,1,3,2,3,2,102.0,main:1-4-5@1.7x9u | middle:1-2-4@10.9x2u | middle:1-4-6@32.2x1u | middle:3-4-5@84.4x1u | hole:3-4-7@29.9x1u | hole:1-6-7@250.9x1u
8320240413010006,1,,3-5-7,0,,600,0,-600,5,1,1,3,1,3,130.0,main:1-2-5@3.9x2u | middle:1-5-6@58.0x1u | hole:3-4-7@53.3x1u | hole:3-4-6@198.6x1u | hole:5-6-7@391.6x1u
8320240413010007,1,,2-3-7,1,hole,1000,1100.0,100.0,7,1,2,4,2,4,108.0,main:1-3-4@3.6x3u | middle:1-4-6@14.7x1u | middle:1-4-5@15.7x1u | hole:2-3-7@5.5x2u | hole:2-3-5@30.9x1u | hole:3-5-7@44.3x1u | hole:4-5-6@292.9x1u
8320240413010008,1,,2-3-4,0,,400,0,-400,3,1,2,0,2,0,130.0,main:2-4-7@2.6x2u | middle:3-4-7@13.1x1u | middle:4-6-7@155.0x1u
8320240413010009,1,,2-5-7,0,,1000,0,-1000,8,1,1,6,1,6,102.0,main:2-3-5@4.2x3u | middle:1-2-5@10.2x1u | hole:1-3-7@28.6x1u | hole:1-4-5@40.0x1u | hole:3-4-7@41.9x1u | hole:1-5-6@266.6x1u | hole:4-5-6@507.8x1u | hole:1-6-7@561.3x1u
8320240413010010,1,,3-4-7,1,main,900,910.0,10.0,3,1,2,0,2,0,101.111111,main:3-4-7@1.3x7u | middle:2-3-4@22.7x1u | middle:3-4-5@10.0x1u
8320240413010011,1,,3-4-7,0,,400,0,-400,3,1,2,0,2,0,105.0,main:1-4-7@2.1x2u | middle:2-4-7@11.5x1u | middle:4-5-7@9.6x1u
8320240710010006,1,,1-2-4,0,,500,0,-500,4,1,1,2,1,2,146.0,main:3-4-6@4.0x2u | middle:1-3-4@22.4x1u | hole:2-4-7@7.3x1u | hole:1-2-7@23.7x1u
8320240710010008,1,,1-2-3,0,,1100,0,-1100,8,1,2,5,2,5,109.090909,main:2-3-7@5.0x3u | middle:2-3-4@6.0x2u | middle:1-3-7@17.8x1u | hole:1-2-4@21.6x1u | hole:1-3-5@25.3x1u | hole:1-4-5@62.8x1u | hole:1-3-6@65.9x1u | hole:1-4-6@109.8x1u
8320240710010009,1,,1-3-5,1,main,1600,1800.0,200.0,7,1,3,3,3,3,110.0,main:1-3-5@3.0x6u | middle:1-3-4@12.0x2u | middle:3-5-7@4.4x4u | middle:2-3-5@27.4x1u | hole:2-5-6@64.7x1u | hole:1-2-4@57.5x1u | hole:4-5-7@116.2x1u
8320240710010010,1,,3-4-6,0,,200,0,-200,2,1,0,1,0,1,180.0,main:2-3-4@3.6x1u | hole:1-3-5@58.2x1u
8320240710010011,1,,1-3-4,1,middle,1600,2060.0,460.0,7,1,4,2,4,2,109.375,main:1-4-5@3.5x5u | middle:1-3-4@10.3x2u | middle:1-4-7@3.5x5u | middle:1-2-4@31.9x1u | middle:1-5-6@104.4x1u | hole:1-3-7@19.8x1u | hole:2-3-4@199.5x1u
8320240801010006,1,,1-3-7,0,,200,0,-200,2,1,0,1,0,1,180.0,main:2-3-7@3.6x1u | hole:1-3-4@56.2x1u
8320240801010007,1,,1-4-6,0,,900,0,-900,6,1,4,1,4,1,115.555556,main:2-3-5@2.6x4u | middle:2-3-7@13.4x1u | middle:1-3-5@21.3x1u | middle:3-5-6@21.8x1u | middle:2-4-5@45.9x1u | hole:1-5-6@32.5x1u
8320240801010008,1,,2-5-6,1,main,600,800.0,200.0,5,1,2,2,2,2,103.333333,main:2-5-6@4.0x2u | middle:4-5-6@29.9x1u | middle:3-5-6@6.2x1u | hole:3-6-7@13.4x1u | hole:1-4-5@75.4x1u
8320240801010009,1,,1-2-3,0,,300,0,-300,3,1,1,1,1,1,140.0,main:1-2-4@4.2x1u | middle:2-4-7@7.0x1u | hole:2-3-5@33.8x1u
8320240801010010,1,,2-3-4,1,hole,1400,2530.0,1130.0,5,1,1,3,1,3,105.0,main:2-5-6@2.1x7u | middle:2-3-5@3.9x4u | hole:2-3-4@25.3x1u | hole:3-5-7@48.7x1u | hole:1-5-7@71.9x1u
8320240801010011,1,,1-4-6,0,,400,0,-400,2,1,1,0,1,0,112.5,main:1-4-5@1.5x3u | middle:1-4-7@13.5x1u
8320241021010006,1,,1-4-7,1,main,300,520.0,220.0,3,1,0,2,0,2,173.333333,main:1-4-7@5.2x1u | hole:2-3-5@14.5x1u | hole:2-3-6@82.1x1u
8320241021010007,1,,1-2-5,1,hole,1100,2970.0,1870.0,9,1,3,5,3,5,106.363636,main:1-3-4@6.8x2u | middle:2-3-4@7.3x2u | middle:1-4-6@36.2x1u | middle:3-4-7@17.9x1u | hole:2-4-7@22.1x1u | hole:1-2-5@29.7x1u | hole:1-5-6@11.7x1u | hole:2-5-7@74.6x1u | hole:1-6-7@55.1x1u
8320241021010008,1,,1-2-4,0,,300,0,-300,3,1,2,0,2,0,130.0,main:1-5-7@3.9x1u | middle:2-5-7@25.1x1u | middle:1-5-6@57.2x1u
8320241021010009,1,,1-5-7,1,main,700,750.0,50.0,5,1,3,1,3,1,107.142857,main:1-5-7@2.5x3u | middle:1-4-7@12.4x1u | middle:1-2-5@14.4x1u | middle:1-6-7@31.3x1u | hole:1-2-4@13.9x1u
8320241021010010,1,,1-2-7,1,main,600,720.0,120.0,4,1,2,1,2,1,120.0,main:1-2-7@3.6x2u | middle:2-4-7@3.7x2u | middle:2-3-7@15.7x1u | hole:4-5-7@60.8x1u
8320241021010011,1,,1-4-7,1,main,500,510.0,10.0,3,1,1,1,1,1,102.0,main:1-4-7@1.7x3u | middle:1-2-4@17.5x1u | hole:1-2-5@40.8x1u
8420240526010006,1,,1-4-7,0,,300,0,-300,3,1,1,1,1,1,116.666667,main:3-4-7@3.5x1u | middle:3-6-7@41.6x1u | hole:2-3-6@91.3x1u
8420240526010007,1,,1-5-7,1,middle,500,1170.0,670.0,4,1,3,0,3,0,104.0,main:1-2-5@2.6x2u | middle:1-5-6@16.2x1u | middle:1-5-7@11.7x1u | middle:2-3-5@17.7x1u
8420240526010008,1,,1-3-5,1,main,600,720.0,120.0,4,1,3,0,3,0,120.0,main:1-3-5@2.4x3u | middle:3-4-5@14.7x1u | middle:1-5-6@7.5x1u | middle:1-5-7@8.5x1u
8420240526010009,1,,2-4-7,0,,300,0,-300,3,1,2,0,2,0,133.333333,main:1-3-7@4.0x1u | middle:1-2-7@9.5x1u | middle:1-5-7@21.1x1u
8420240526010010,1,,1-4-7,1,main,1800,1820.0,20.0,4,1,3,0,3,0,101.111111,main:1-4-7@1.4x13u | middle:1-3-7@12.8x2u | middle:1-6-7@23.9x1u | middle:1-2-7@9.6x2u
8420240526010011,1,,4-5-7,0,,700,0,-700,2,1,1,0,1,0,102.857143,main:2-4-7@1.2x6u | middle:4-6-7@30.5x1u
8420240910010006,1,,2-4-7,1,middle,500,630.0,130.0,5,1,3,1,3,1,118.0,main:1-4-7@5.9x1u | middle:2-4-7@6.3x1u | middle:4-6-7@58.8x1u | middle:1-3-4@28.4x1u | hole:2-6-7@31.6x1u
8420240910010007,1,,1-4-7,1,main,100,160.0,60.0,1,1,0,0,0,0,160.0,main:1-4-7@1.6x1u
8420240910010008,1,,1-3-5,1,main,900,990.0,90.0,7,1,3,3,3,3,101.111111,main:1-3-5@3.3x3u | middle:3-5-7@10.9x1u | middle:3-5-6@52.2x1u | middle:1-2-5@9.1x1u | hole:2-5-6@93.4x1u | hole:2-3-7@42.6x1u | hole:3-6-7@129.8x1u
8420240910010009,1,,1-2-5,0,,700,0,-700,3,1,1,1,1,1,107.142857,main:1-5-7@1.5x5u | middle:1-3-7@14.2x1u | hole:1-2-3@40.8x1u
8420240910010010,1,,1-2-5,0,,400,0,-400,4,1,1,2,1,2,102.5,main:1-4-7@4.1x1u | middle:1-3-4@13.3x1u | hole:1-3-5@15.4x1u | hole:1-5-6@35.0x1u
8420240910010011,1,,3-5-7,0,,600,0,-600,5,1,3,1,3,1,103.333333,main:1-3-5@3.1x2u | middle:1-4-5@7.2x1u | middle:1-5-6@27.7x1u | middle:1-2-5@11.2x1u | hole:3-4-7@30.2x1u
8420241105010006,1,,2-3-5,0,,300,0,-300,3,1,2,0,2,0,123.333333,main:1-2-7@3.7x1u | middle:2-3-7@13.9x1u | middle:2-6-7@119.9x1u
8420241105010007,1,,2-3-6,0,,600,0,-600,5,1,1,3,1,3,133.333333,main:2-4-5@4.0x2u | middle:4-5-6@33.0x1u | hole:3-4-6@24.2x1u | hole:3-6-7@122.6x1u | hole:1-3-4@115.1x1u
8420241105010008,1,,2-3-4,0,,500,0,-500,4,1,2,1,2,1,152.0,main:1-3-4@3.8x2u | middle:3-4-5@23.1x1u | middle:3-4-6@66.0x1u | hole:1-2-7@14.5x1u
8420241105010009,1,,1-2-7,0,,700,0,-700,5,1,1,3,1,3,120.0,main:2-3-7@2.8x3u | middle:2-5-7@9.6x1u | hole:1-2-5@23.3x1u | hole:1-4-5@29.0x1u | hole:1-6-7@277.9x1u
8420241105010010,1,,1-5-7,1,main,2700,2720.0,20.0,6,1,3,2,3,2,100.740741,main:1-5-7@1.7x16u | middle:4-5-7@14.9x2u | middle:2-5-7@10.3x3u | middle:3-5-7@7.2x4u | hole:3-6-7@65.3x1u | hole:3-4-5@104.0x1u
8420241105010011,1,,4-6-7,0,,1300,0,-1300,5,1,4,0,4,0,103.846154,main:1-4-7@1.5x9u | middle:3-4-7@17.3x1u | middle:1-4-5@18.6x1u | middle:2-4-7@29.0x1u | middle:1-4-6@54.1x1u
8420241112010005,1,,3-4-6,0,,1500,0,-1500,10,1,4,5,4,5,112.0,main:1-3-4@5.6x3u | middle:2-3-4@6.4x3u | middle:1-4-6@51.0x1u | middle:3-4-7@83.4x1u | middle:3-4-5@23.1x1u | hole:1-2-5@10.8x2u | hole:1-2-7@30.7x1u | hole:1-2-6@19.0x1u | hole:2-5-6@54.7x1u | hole:1-6-7@22.0x1u
8420241112010006,1,,1-2-6,0,,600,0,-600,5,1,2,2,2,2,103.333333,main:1-2-5@3.1x2u | middle:1-2-4@9.3x1u | middle:1-2-7@15.7x1u | hole:1-3-6@18.3x1u | hole:4-6-7@40.9x1u
8420241112010007,1,,1-2-3,1,main,400,500.0,100.0,3,1,2,0,2,0,125.0,main:1-2-3@2.5x2u | middle:1-2-6@7.3x1u | middle:2-3-4@8.8x1u
8420241112010008,1,,2-3-4,1,hole,800,1210.0,410.0,5,1,2,2,2,2,110.0,main:1-2-5@2.2x4u | middle:1-2-4@11.7x1u | middle:1-3-5@32.3x1u | hole:2-3-4@12.1x1u | hole:2-3-7@90.6x1u
8420241230010006,1,,1-3-5,0,,800,0,-800,7,1,1,5,1,5,130.0,main:2-4-5@5.2x2u | middle:4-5-7@38.0x1u | hole:1-4-7@11.8x1u | hole:1-3-4@15.1x1u | hole:1-4-6@52.4x1u | hole:1-3-6@46.9x1u | hole:3-6-7@157.2x1u
8420241230010007,1,,3-5-7,0,,700,0,-700,6,1,1,4,1,4,131.428571,main:1-2-7@4.6x2u | middle:1-2-5@15.0x1u | hole:2-3-5@9.9x1u | hole:1-4-6@21.2x1u | hole:3-5-6@111.8x1u | hole:3-4-5@86.6x1u
8420241230010008,1,,2-4-6,0,,500,0,-500,5,1,3,1,3,1,124.0,main:2-3-6@6.2x1u | middle:3-4-6@30.9x1u | middle:1-2-6@12.8x1u | middle:2-5-6@25.2x1u | hole:1-3-7@21.6x1u
8420241230010009,1,,3-4-7,0,,700,0,-700,6,1,3,2,3,2,111.428571,main:1-6-7@3.9x2u | middle:2-6-7@10.4x1u | middle:1-4-6@14.0x1u | middle:5-6-7@25.5x1u | hole:4-5-6@100.8x1u | hole:1-3-4@123.6x1u
8420241230010010,1,,1-4-7,1,main,1300,1350.0,50.0,4,1,3,0,3,0,101.538462,main:1-4-7@1.5x9u | middle:1-5-7@13.2x1u | middle:1-2-7@7.9x2u | middle:1-6-7@27.5x1u
8420241230010011,1,,2-4-7,1,middle,600,3040.0,2440.0,5,1,4,0,4,0,140.0,main:1-2-4@4.2x2u | middle:1-3-4@10.2x1u | middle:1-2-5@12.8x1u | middle:1-4-6@41.8x1u | middle:2-4-7@30.4x1u
8520240118010006,1,,1-3-7,0,,400,0,-400,3,1,1,1,1,1,145.0,main:1-5-7@2.9x2u | middle:2-5-7@68.7x1u | hole:2-4-5@107.1x1u
8520240118010007,1,,4-5-7,1,main,300,320.0,20.0,3,1,2,0,2,0,106.666667,main:4-5-7@3.2x1u | middle:1-5-7@6.9x1u | middle:2-4-7@19.7x1u
8520240118010008,1,,1-3-7,1,main,300,310.0,10.0,3,1,1,1,1,1,103.333333,main:1-3-7@3.1x1u | middle:1-2-3@9.5x1u | hole:2-3-6@8.8x1u
8520240118010009,1,,1-5-7,0,,2300,0,-2300,7,1,3,3,3,3,101.73913,main:1-4-5@1.8x13u | middle:1-2-5@6.0x4u | middle:1-3-5@13.7x2u | middle:1-4-7@82.0x1u | hole:1-2-7@23.5x1u | hole:3-4-6@296.0x1u | hole:3-5-7@197.3x1u
8520240118010010,1,,3-5-7,0,,400,0,-400,3,1,0,2,0,2,125.0,main:1-3-5@2.5x2u | hole:2-5-7@52.6x1u | hole:1-4-6@63.4x1u
8520240118010011,1,,1-5-7,1,main,1000,1050.0,50.0,4,1,0,3,0,3,105.0,main:1-5-7@1.5x7u | hole:1-2-4@26.0x1u | hole:2-3-4@36.1x1u | hole:2-3-6@157.7x1u
8520240215010008,1,,2-3-6,1,hole,700,1740.0,1040.0,6,1,3,2,3,2,141.428571,main:1-3-4@5.5x2u | middle:1-2-4@9.9x1u | middle:1-4-5@32.8x1u | middle:1-4-6@64.8x1u | hole:2-3-6@17.4x1u | hole:2-5-6@68.1x1u
8520240215010009,1,,1-2-7,0,,2000,0,-2000,7,1,2,4,2,4,102.0,main:1-2-5@2.1x10u | middle:1-5-7@6.8x3u | middle:1-5-6@99.8x1u | hole:1-3-7@11.8x2u | hole:3-6-7@16.1x2u | hole:3-4-7@32.5x1u | hole:4-6-7@87.2x1u
8520240215010010,1,,2-5-7,1,main,1200,1250.0,50.0,7,1,3,3,3,3,104.166667,main:2-5-7@2.5x5u | middle:2-5-6@14.9x1u | middle:2-3-5@6.3x2u | middle:2-4-5@15.8x1u | hole:2-3-4@38.2x1u | hole:3-5-6@77.6x1u | hole:1-3-6@52.2x1u
8520240215010011,1,,1-4-7,1,main,600,620.0,20.0,5,1,2,2,2,2,103.333333,main:1-4-7@3.1x2u | middle:1-4-5@50.1x1u | middle:1-6-7@22.4x1u | hole:2-5-7@17.0x1u | hole:1-5-6@59.2x1u
8520240228010006,1,,3-4-5,0,,300,0,-300,3,1,2,0,2,0,156.666667,main:1-5-7@4.7x1u | middle:4-5-7@11.7x1u | middle:5-6-7@71.0x1u
8520240228010007,1,,3-4-7,0,,500,0,-500,4,1,2,1,2,1,122.0,main:3-5-7@3.6x2u | middle:3-4-5@6.1x1u | middle:3-5-6@25.7x1u | hole:2-3-4@6.9x1u
8520240228010008,1,,2-4-7,1,main,500,540.0,40.0,4,1,2,1,2,1,108.0,main:2-4-7@2.7x2u | middle:1-2-7@6.3x1u | middle:2-6-7@28.2x1u | hole:1-4-6@102.5x1u
8520240228010009,1,,2-3-5,0,,1100,0,-1100,7,1,3,3,3,3,103.636364,main:2-4-5@4.3x3u | middle:2-3-4@4.5x3u | middle:1-4-5@11.4x1u | middle:4-5-7@49.3x1u | hole:3-4-7@20.0x1u | hole:3-6-7@224.4x1u | hole:1-5-6@160.3x1u
8520240228010010,1,,1-3-4,1,main,300,390.0,90.0,3,1,2,0,2,0,130.0,main:1-3-4@3.9x1u | middle:1-3-5@5.4x1u | middle:1-2-4@21.6x1u
8520240228010011,1,,4-5-7,0,,600,0,-600,4,1,2,1,2,1,106.666667,main:1-4-5@3.2x2u | middle:1-4-7@4.2x2u | middle:1-3-4@8.6x1u | hole:1-3-7@16.9x1u
8520240408010006,1,,3-4-7,1,middle,1100,1470.0,370.0,7,1,4,2,4,2,101.818182,main:3-5-7@3.8x3u | middle:2-3-5@22.7x1u | middle:3-4-7@4.9x3u | middle:3-6-7@69.9x1u | middle:1-3-7@11.2x1u | hole:1-4-7@11.5x1u | hole:2-4-5@34.8x1u
8520240408010007,1,,3-6-7,0,,500,0,-500,5,1,2,2,2,2,162.0,main:1-4-7@8.1x1u | middle:1-3-7@19.5x1u | middle:1-2-7@16.7x1u | hole:2-3-5@23.9x1u | hole:3-5-6@408.4x1u
8520240408010008,1,,2-4-5,1,main,900,1040.0,140.0,6,1,2,3,2,3,115.555556,main:2-4-5@2.6x4u | middle:1-2-4@23.7x1u | middle:2-5-6@46.4x1u | hole:3-5-7@33.4x1u | hole:2-3-6@279.3x1u | hole:1-4-6@30.4x1u
8520240408010009,1,,1-3-6,0,,800,0,-800,6,1,2,3,2,3,131.25,main:1-4-5@3.5x3u | middle:1-4-6@74.7x1u | middle:1-2-4@41.2x1u | hole:3-6-7@37.8x1u | hole:1-2-7@20.4x1u | hole:1-2-6@153.7x1u
8520240408010010,1,,2-3-4,0,,1100,0,-1100,5,1,2,2,2,2,101.818182,main:2-4-7@1.6x7u | middle:2-4-5@39.4x1u | middle:2-4-6@34.9x1u | hole:2-3-5@30.6x1u | hole:2-3-6@137.1x1u
8520240408010011,1,,1-2-7,0,,700,0,-700,6,1,3,2,3,2,142.857143,main:2-3-7@5.0x2u | middle:2-4-7@13.9x1u | middle:2-6-7@53.7x1u | middle:3-5-7@51.0x1u | hole:4-6-7@178.9x1u | hole:4-5-7@167.3x1u
8520240617010006,1,,2-3-7,0,,300,0,-300,3,1,1,1,1,1,133.333333,main:3-4-7@4.0x1u | middle:1-3-4@5.1x1u | hole:1-4-5@25.3x1u
8520240617010007,1,,1-4-7,1,main,300,310.0,10.0,3,1,1,1,1,1,103.333333,main:1-4-7@3.1x1u | middle:1-5-7@6.9x1u | hole:1-3-5@10.1x1u
8520240617010008,1,,2-3-5,0,,100,0,-100,1,1,0,0,0,0,340.0,main:3-4-5@3.4x1u
8520240617010009,1,,3-4-6,0,,100,0,-100,1,1,0,0,0,0,290.0,main:1-5-7@2.9x1u
8520240617010010,1,,1-4-7,1,main,200,290.0,90.0,2,1,0,1,0,1,145.0,main:1-4-7@2.9x1u | hole:2-3-7@23.1x1u
8520240617010011,1,,1-4-7,1,main,100,320.0,220.0,1,1,0,0,0,0,320.0,main:1-4-7@3.2x1u
8520240716010003,1,,1-4-5,1,main,500,540.0,40.0,5,1,1,3,1,3,108.0,main:1-4-5@5.4x1u | middle:1-2-5@9.4x1u | hole:3-4-6@35.3x1u | hole:2-3-6@49.9x1u | hole:3-6-7@90.4x1u
8520240716010004,1,,1-4-6,0,,800,0,-800,4,1,1,2,1,2,102.5,main:1-4-5@2.3x4u | middle:1-2-4@4.1x2u | hole:2-4-6@120.8x1u | hole:2-5-7@265.1x1u
8520240716010005,1,,1-2-4,1,main,500,760.0,260.0,4,1,1,2,1,2,152.0,main:1-2-4@3.8x2u | middle:1-3-4@8.2x1u | hole:1-3-6@21.9x1u | hole:2-3-7@258.8x1u
8520240716010006,1,,3-4-5,1,hole,500,630.0,130.0,4,1,2,1,2,1,126.0,main:1-2-3@3.5x2u | middle:1-3-5@7.6x1u | middle:2-3-4@15.2x1u | hole:3-4-5@6.3x1u
8520240716010007,1,,1-2-7,1,main,300,440.0,140.0,3,1,0,2,0,2,146.666667,main:1-2-7@4.4x1u | hole:2-3-6@16.6x1u | hole:3-4-6@46.6x1u
8520240716010008,1,,1-2-7,1,main,400,540.0,140.0,3,1,1,1,1,1,135.0,main:1-2-7@2.7x2u | middle:1-2-4@7.1x1u | hole:1-5-6@19.4x1u
8520240807010008,1,,1-3-5,0,,600,0,-600,5,1,2,2,2,2,108.333333,main:1-3-7@3.7x2u | middle:3-4-7@6.5x1u | middle:1-5-7@7.7x1u | hole:1-4-5@23.1x1u | hole:1-2-5@25.1x1u
8520240807010009,1,,1-3-5,1,middle,700,1240.0,540.0,6,1,2,3,2,3,117.142857,main:3-4-5@4.1x2u | middle:1-3-5@12.4x1u | middle:4-5-6@121.1x1u | hole:1-2-4@51.6x1u | hole:2-4-7@34.9x1u | hole:1-5-6@110.6x1u
8520240807010010,1,,2-3-5,1,main,200,300.0,100.0,2,1,1,0,1,0,150.0,main:2-3-5@3.0x1u | middle:3-5-7@16.8x1u
8520240807010011,1,,1-4-7,0,,200,0,-200,2,1,1,0,1,0,105.0,main:1-5-7@2.1x1u | middle:1-6-7@26.2x1u
8520240920010008,1,,1-6-7,0,,700,0,-700,7,1,2,4,2,4,117.142857,main:1-5-7@8.2x1u | middle:5-6-7@28.8x1u | middle:1-4-5@48.0x1u | hole:2-4-5@17.6x1u | hole:2-3-4@37.2x1u | hole:2-5-6@66.3x1u | hole:1-3-6@146.4x1u
8520240920010009,1,,3-5-7,0,,400,0,-400,3,1,2,0,2,0,135.0,main:1-5-7@2.7x2u | middle:4-5-7@9.4x1u | middle:1-2-7@147.1x1u
8520240920010010,1,,1-5-7,1,middle,800,1300.0,500.0,5,1,3,1,3,1,108.75,main:1-4-5@2.9x3u | middle:1-5-7@6.5x2u | middle:1-5-6@37.8x1u | middle:3-4-5@34.1x1u | hole:2-4-7@11.8x1u
8520240920010011,1,,1-4-6,1,main,400,540.0,140.0,3,1,2,0,2,0,135.0,main:1-4-6@2.7x2u | middle:1-3-4@7.4x1u | middle:1-4-5@9.8x1u
8520241101010006,1,,1-2-5,1,middle,800,1200.0,400.0,5,1,2,2,2,2,120.0,main:1-3-5@3.2x3u | middle:1-2-5@6.0x2u | middle:1-5-7@18.5x1u | hole:3-6-7@66.6x1u | hole:2-3-6@96.0x1u
8520241101010007,1,,1-4-6,0,,900,0,-900,6,1,3,2,3,2,111.111111,main:1-4-7@2.5x4u | middle:4-6-7@18.8x1u | middle:1-3-4@13.5x1u | middle:1-2-4@18.6x1u | hole:3-4-6@19.2x1u | hole:2-3-6@54.3x1u
8520241101010008,1,,1-4-6,0,,400,0,-400,4,1,2,1,2,1,115.0,main:1-2-7@4.6x1u | middle:1-5-7@9.6x1u | middle:1-4-7@11.1x1u | hole:2-4-5@44.6x1u
8520241101010009,1,,2-3-7,0,,600,0,-600,3,1,2,0,2,0,120.0,main:3-4-7@2.4x3u | middle:1-3-7@3.8x2u | middle:3-5-7@7.5x1u
8520241101010010,1,,2-4-7,1,middle,1300,1410.0,110.0,4,1,3,0,3,0,104.615385,main:2-3-7@1.7x8u | middle:1-2-7@5.0x3u | middle:2-4-7@14.1x1u | middle:2-5-7@46.3x1u
8520241101010011,1,,1-4-7,1,main,100,160.0,60.0,1,1,0,0,0,0,160.0,main:1-4-7@1.6x1u
8620240103010006,1,,2-4-5,0,,500,0,-500,4,1,1,2,1,2,152.0,main:3-4-5@3.8x2u | middle:1-3-5@19.2x1u | hole:1-2-5@10.3x1u | hole:1-2-6@53.1x1u
8620240103010007,1,,1-3-5,1,middle,1700,2000.0,300.0,7,1,3,3,3,3,104.705882,main:1-5-6@3.7x5u | middle:1-3-5@5.0x4u | middle:1-5-7@8.9x2u | middle:1-2-5@6.5x3u | hole:1-2-3@23.0x1u | hole:1-3-7@31.1x1u | hole:1-3-4@36.0x1u
8620240103010009,1,,2-3-6,1,hole,600,4240.0,3640.0,5,1,1,3,1,3,120.0,main:2-4-5@3.6x2u | middle:2-4-7@18.7x1u | hole:2-3-6@42.4x1u | hole:2-3-7@38.4x1u | hole:1-2-7@37.7x1u
8620240103010010,1,,1-2-7,0,,900,0,-900,5,1,3,1,3,1,111.111111,main:2-4-7@2.0x5u | middle:1-2-4@20.0x1u | middle:2-3-4@15.9x1u | middle:2-5-7@28.3x1u | hole:3-4-5@150.0x1u
8620240103010011,1,,1-3-5,1,main,600,860.0,260.0,5,1,2,2,2,2,143.333333,main:1-3-5@4.3x2u | middle:1-5-6@33.1x1u | middle:3-4-5@56.6x1u | hole:1-2-7@15.3x1u | hole:2-4-7@51.0x1u
8620240906010006,1,,1-4-6,0,,700,0,-700,6,1,2,3,2,3,162.857143,main:1-3-4@5.7x2u | middle:3-4-5@12.1x1u | middle:3-4-6@113.3x1u | hole:1-2-7@22.1x1u | hole:2-5-7@28.4x1u | hole:1-6-7@380.7x1u
8620240906010007,1,,1-4-7,1,middle,900,4170.0,3270.0,7,1,3,3,3,3,122.222222,main:1-5-7@5.5x2u | middle:1-5-6@6.3x2u | middle:1-4-7@41.7x1u | middle:1-3-7@30.6x1u | hole:3-4-7@28.8x1u | hole:1-2-6@136.4x1u | hole:4-5-6@239.9x1u
8620240906010008,1,,3-4-5,0,,500,0,-500,4,1,3,0,3,0,120.0,main:1-3-5@3.0x2u | middle:1-3-7@14.4x1u | middle:1-3-4@42.2x1u | middle:1-2-5@7.1x1u
8620240906010009,1,,1-4-7,1,main,1000,1050.0,50.0,4,1,2,1,2,1,105.0,main:1-4-7@1.5x7u | middle:4-6-7@36.2x1u | middle:4-5-7@12.7x1u | hole:2-5-7@39.4x1u
8620240906010010,1,,3-4-5,0,,500,0,-500,4,1,2,1,2,1,104.0,main:2-3-7@2.6x2u | middle:1-2-3@13.9x1u | middle:3-6-7@41.9x1u | hole:3-5-6@314.9x1u
8620240906010011,1,,1-3-7,0,,200,0,-200,2,1,0,1,0,1,120.0,main:1-4-7@2.4x1u | hole:3-5-7@11.4x1u
8620241119010006,1,,2-6-7,0,,1400,0,-1400,9,1,4,4,4,4,101.428571,main:1-3-4@4.9x3u | middle:1-4-5@7.1x2u | middle:1-2-4@11.4x2u | middle:3-4-6@115.4x1u | middle:1-4-7@56.0x1u | hole:3-5-7@11.2x2u | hole:4-5-6@147.6x1u | hole:5-6-7@209.5x1u | hole:2-4-6@53.0x1u
8620241119010007,1,,1-2-5,1,main,400,410.0,10.0,4,1,1,2,1,2,102.5,main:1-2-5@4.1x1u | middle:2-3-5@40.6x1u | hole:3-6-7@27.8x1u | hole:2-3-4@25.1x1u
8620241119010008,1,,2-5-7,1,middle,800,1110.0,310.0,5,1,3,1,3,1,110.0,main:1-2-7@2.2x4u | middle:2-5-7@11.1x1u | middle:1-3-7@11.1x1u | middle:1-6-7@36.3x1u | hole:2-4-5@118.7x1u
8620241119010009,1,,2-5-7,0,,1400,0,-1400,6,1,2,3,2,3,102.857143,main:3-4-7@3.6x4u | middle:2-3-7@4.0x4u | middle:1-3-7@12.1x2u | hole:1-2-5@9.7x2u | hole:5-6-7@247.8x1u | hole:1-3-6@226.6x1u
8620241201010010,1,,2-3-5,1,hole,900,2350.0,1450.0,6,1,2,3,2,3,111.111111,main:2-4-7@2.5x4u | middle:2-4-6@36.5x1u | middle:3-4-7@105.2x1u | hole:2-3-5@23.5x1u | hole:1-3-5@25.3x1u | hole:3-5-6@130.7x1u
8620241201010011,1,,1-4-5,1,main,200,290.0,90.0,2,1,1,0,1,0,145.0,main:1-4-5@2.9x1u | middle:1-3-5@5.7x1u
8720240720010006,1,,1-2-4,1,hole,1200,3290.0,2090.0,9,1,3,5,3,5,112.5,main:1-5-7@3.5x4u | middle:1-3-7@15.2x1u | middle:1-2-7@33.2x1u | middle:1-4-5@13.5x1u | hole:1-2-4@32.9x1u | hole:2-3-7@27.0x1u | hole:2-4-6@32.6x1u | hole:3-4-7@27.9x1u | hole:3-6-7@168.0x1u
8720240720010007,1,,1-3-7,1,main,300,320.0,20.0,3,1,1,1,1,1,106.666667,main:1-3-7@3.2x1u | middle:1-3-5@8.6x1u | hole:2-3-5@21.7x1u
8720240720010008,1,,1-4-6,1,main,1800,1890.0,90.0,5,1,3,1,3,1,105.0,main:1-4-6@2.1x9u | middle:1-2-4@4.0x5u | middle:1-4-5@12.6x2u | middle:1-3-4@25.3x1u | hole:2-5-7@79.7x1u
8720240720010009,1,,2-5-7,1,main,500,520.0,20.0,4,1,2,1,2,1,104.0,main:2-5-7@2.6x2u | middle:1-2-5@10.9x1u | middle:2-3-5@28.7x1u | hole:1-3-4@26.4x1u
8720240720010010,1,,3-4-7,0,,900,0,-900,4,1,3,0,3,0,103.333333,main:1-5-7@1.6x6u | middle:1-3-7@9.3x1u | middle:1-2-7@12.0x1u | middle:1-4-7@17.6x1u
8720240720010011,1,,1-4-5,1,main,1600,1650.0,50.0,4,1,3,0,3,0,103.125,main:1-4-5@1.5x11u | middle:1-4-7@6.4x3u | middle:1-3-5@44.8x1u | middle:1-2-5@36.8x1u
8720240902010008,1,,2-3-7,1,main,300,380.0,80.0,2,1,1,0,1,0,126.666667,main:2-3-7@1.9x2u | middle:1-2-7@13.2x1u
8720240902010009,1,,3-4-7,0,,500,0,-500,4,1,3,0,3,0,106.0,main:1-3-4@3.9x2u | middle:1-4-5@8.6x1u | middle:1-4-6@5.3x1u | middle:1-3-7@10.6x1u
8720240902010010,1,,3-6-7,0,,500,0,-500,4,1,2,1,2,1,128.0,main:1-3-7@3.2x2u | middle:1-5-7@21.0x1u | middle:1-3-4@20.9x1u | hole:2-3-6@33.7x1u
8720240902010011,1,,1-4-7,1,main,1400,1440.0,40.0,4,1,3,0,3,0,102.857143,main:1-4-7@1.8x8u | middle:1-5-7@5.0x3u | middle:1-3-7@9.0x2u | middle:1-6-7@35.4x1u
8720241108010008,1,,1-3-4,0,,1000,0,-1000,8,1,4,3,4,3,103.0,main:2-3-5@4.4x3u | middle:2-4-5@10.3x1u | middle:1-2-5@21.7x1u | middle:2-3-6@103.5x1u | middle:3-5-7@17.2x1u | hole:3-6-7@298.3x1u | hole:3-4-6@161.8x1u | hole:1-2-6@262.3x1u
8720241108010009,1,,2-5-7,1,main,600,940.0,340.0,5,1,3,1,3,1,156.666667,main:2-5-7@4.7x2u | middle:1-2-5@18.5x1u | middle:2-4-5@18.5x1u | middle:2-6-7@95.5x1u | hole:1-2-6@90.6x1u
8720241108010010,1,,1-4-6,0,,900,0,-900,5,1,2,2,2,2,106.666667,main:2-4-7@3.8x3u | middle:4-5-7@4.8x2u | middle:4-6-7@48.6x1u | hole:3-4-5@5.3x2u | hole:1-3-5@28.1x1u
8720241108010011,1,,2-4-5,1,main,600,680.0,80.0,5,1,2,2,2,2,113.333333,main:2-4-5@3.4x2u | middle:1-2-4@8.0x1u | middle:2-3-4@30.2x1u | hole:1-2-6@88.5x1u | hole:1-6-7@84.2x1u
8720241223010008,1,,2-5-7,0,,600,0,-600,5,1,1,3,1,3,143.333333,main:2-4-7@4.3x2u | middle:2-4-5@9.7x1u | hole:3-6-7@58.8x1u | hole:2-3-5@28.5x1u | hole:1-3-6@110.1x1u
8720241223010009,1,,1-5-7,0,,500,0,-500,4,1,2,1,2,1,140.0,main:1-3-5@3.5x2u | middle:1-3-4@34.3x1u | middle:1-5-6@33.7x1u | hole:1-2-7@31.8x1u
8720241223010010,1,,2-3-7,0,,600,0,-600,4,1,1,2,1,2,125.0,main:3-4-7@2.5x3u | middle:3-6-7@65.5x1u | hole:1-3-6@103.1x1u | hole:2-6-7@370.7x1u
8720241223010011,1,,1-4-7,0,,100,0,-100,1,1,0,0,0,0,240.0,main:1-4-5@2.4x1u
