race_id,race_date,track,meeting_grade,class_scope,race_no,race_type,start_time,deadline,entry_count,source_url,captured_at_utc
1120260701010001,2026-07-01,函館競輪,F2,A1/A2,1,Ａ級予選,20:49,20:44,7,https://keirin.kdreams.jp/hakodate/racedetail/1120260701010001/?pageType=odds,2026-10-06T10:02:34.594985+00:00
1120260701010002,2026-07-01,函館競輪,F2,A1/A2,2,Ａ級予選,21:13,21:08,7,https://keirin.kdreams.jp/hakodate/racedetail/1120260701010002/?pageType=odds,2026-10-06T10:02:36.561572+00:00
1120260701010003,2026-07-01,函館競輪,F2,A1/A2,3,Ａ級予選,21:37,21:32,7,https://keirin.kdreams.jp/hakodate/racedetail/1120260701010003/?pageType=odds,2026-10-06T10:02:38.788842+00:00
1120260701010004,2026-07-01,函館競輪,F2,A1/A2,4,Ａ級予選,22:01,21:56,7,https://keirin.kdreams.jp/hakodate/racedetail/1120260701010004/?pageType=odds,2026-10-06T10:02:40.649939+00:00
1120260701010005,2026-07-01,函館競輪,F2,A1/A2,5,Ａ級予選,22:27,22:22,7,https://keirin.kdreams.jp/hakodate/racedetail/1120260701010005/?pageType=odds,2026-10-06T10:02:42.462250+00:00
1120260701010006,2026-07-01,函館競輪,F2,A1/A2,6,Ａ級予選,22:54,22:49,7,https://keirin.kdreams.jp/hakodate/racedetail/1120260701010006/?pageType=odds,2026-10-06T10:02:44.233152+00:00
1120260701010007,2026-07-01,函館競輪,F2,A1/A2,7,Ａ級初日特選,23:21,23:16,7,https://keirin.kdreams.jp/hakodate/racedetail/1120260701010007/?pageType=odds,2026-10-06T10:02:46.002308+00:00
2520260701010001,2026-07-01,大宮競輪,F1,A1/A2,1,Ａ級予選,10:45,10:40,7,https://keirin.kdreams.jp/omiya/racedetail/2520260701010001/?pageType=odds,2026-10-06T10:05:15.417506+00:00
2520260701010002,2026-07-01,大宮競輪,F1,A1/A2,2,Ａ級予選,11:10,11:05,7,https://keirin.kdreams.jp/omiya/racedetail/2520260701010002/?pageType=odds,2026-10-06T10:05:17.365049+00:00
2520260701010003,2026-07-01,大宮競輪,F1,A1/A2,3,Ａ級予選,11:37,11:32,7,https://keirin.kdreams.jp/omiya/racedetail/2520260701010003/?pageType=odds,2026-10-06T10:05:19.284058+00:00
2520260701010004,2026-07-01,大宮競輪,F1,A1/A2,4,Ａ級予選,12:05,12:00,7,https://keirin.kdreams.jp/omiya/racedetail/2520260701010004/?pageType=odds,2026-10-06T10:05:21.072758+00:00
2520260701010005,2026-07-01,大宮競輪,F1,A1/A2,5,Ａ級初日特選,12:33,12:28,7,https://keirin.kdreams.jp/omiya/racedetail/2520260701010005/?pageType=odds,2026-10-06T10:05:23.056202+00:00
5320260701010001,2026-07-01,奈良競輪,F2,A1/A2,1,Ａ級特予選,08:40,08:35,7,https://keirin.kdreams.jp/nara/racedetail/5320260701010001/?pageType=odds,2026-10-06T10:04:45.549119+00:00
5320260701010002,2026-07-01,奈良競輪,F2,A1/A2,2,Ａ級特予選,09:00,08:55,7,https://keirin.kdreams.jp/nara/racedetail/5320260701010002/?pageType=odds,2026-10-06T10:04:47.470901+00:00
5320260701010003,2026-07-01,奈良競輪,F2,A1/A2,3,Ａ級特予選,09:20,09:15,7,https://keirin.kdreams.jp/nara/racedetail/5320260701010003/?pageType=odds,2026-10-06T10:04:49.150308+00:00
5320260701010004,2026-07-01,奈良競輪,F2,A1/A2,4,Ａ級特予選,09:40,09:35,7,https://keirin.kdreams.jp/nara/racedetail/5320260701010004/?pageType=odds,2026-10-06T10:04:51.078861+00:00
5320260701010005,2026-07-01,奈良競輪,F2,A1/A2,5,Ａ級初日特選,10:00,09:55,7,https://keirin.kdreams.jp/nara/racedetail/5320260701010005/?pageType=odds,2026-10-06T10:04:52.990844+00:00
3520260630020001,2026-07-01,平塚競輪,F1,A1/A2,1,Ａ級一般,15:45,15:40,7,https://keirin.kdreams.jp/hiratsuka/racedetail/3520260630020001/?pageType=odds,2026-10-06T10:03:22.332347+00:00
3520260630020002,2026-07-01,平塚競輪,F1,A1/A2,2,Ａ級一般,16:07,16:02,7,https://keirin.kdreams.jp/hiratsuka/racedetail/3520260630020002/?pageType=odds,2026-10-06T10:03:24.238165+00:00
3520260630020003,2026-07-01,平塚競輪,F1,A1/A2,3,Ａ級準決勝,16:31,16:26,7,https://keirin.kdreams.jp/hiratsuka/racedetail/3520260630020003/?pageType=odds,2026-10-06T10:03:25.953960+00:00
3520260630020004,2026-07-01,平塚競輪,F1,A1/A2,4,Ａ級準決勝,16:55,16:50,7,https://keirin.kdreams.jp/hiratsuka/racedetail/3520260630020004/?pageType=odds,2026-10-06T10:03:27.755850+00:00
3520260630020005,2026-07-01,平塚競輪,F1,A1/A2,5,Ａ級準決勝,17:19,17:14,7,https://keirin.kdreams.jp/hiratsuka/racedetail/3520260630020005/?pageType=odds,2026-10-06T10:03:29.604563+00:00
3120260701010001,2026-07-01,松戸競輪,F2,A1/A2,1,Ａ級予選,20:41,20:36,7,https://keirin.kdreams.jp/matsudo/racedetail/3120260701010001/?pageType=odds,2026-10-06T10:04:07.026230+00:00
3120260701010002,2026-07-01,松戸競輪,F2,A1/A2,2,Ａ級予選,21:05,21:00,7,https://keirin.kdreams.jp/matsudo/racedetail/3120260701010002/?pageType=odds,2026-10-06T10:04:08.895053+00:00
3120260701010003,2026-07-01,松戸競輪,F2,A1/A2,3,Ａ級予選,21:29,21:24,7,https://keirin.kdreams.jp/matsudo/racedetail/3120260701010003/?pageType=odds,2026-10-06T10:04:10.775663+00:00
3120260701010004,2026-07-01,松戸競輪,F2,A1/A2,4,Ａ級予選,21:53,21:48,7,https://keirin.kdreams.jp/matsudo/racedetail/3120260701010004/?pageType=odds,2026-10-06T10:04:12.620437+00:00
3120260701010005,2026-07-01,松戸競輪,F2,A1/A2,5,Ａ級予選,22:18,22:13,7,https://keirin.kdreams.jp/matsudo/racedetail/3120260701010005/?pageType=odds,2026-10-06T10:04:14.438383+00:00
3120260701010006,2026-07-01,松戸競輪,F2,A1/A2,6,Ａ級予選,22:45,22:40,7,https://keirin.kdreams.jp/matsudo/racedetail/3120260701010006/?pageType=odds,2026-10-06T10:04:16.233537+00:00
3120260701010007,2026-07-01,松戸競輪,F2,A1/A2,7,Ａ級初日特選,23:12,23:07,7,https://keirin.kdreams.jp/matsudo/racedetail/3120260701010007/?pageType=odds,2026-10-06T10:04:17.966769+00:00
8420260629030001,2026-07-01,武雄競輪,F1,A1/A2,1,Ａ級一般,15:59,15:54,7,https://keirin.kdreams.jp/takeo/racedetail/8420260629030001/?pageType=odds,2026-10-06T10:06:00.812684+00:00
8420260629030002,2026-07-01,武雄競輪,F1,A1/A2,2,Ａ級一般,16:21,16:16,7,https://keirin.kdreams.jp/takeo/racedetail/8420260629030002/?pageType=odds,2026-10-06T10:06:02.739865+00:00
8420260629030003,2026-07-01,武雄競輪,F1,A1/A2,3,Ａ級特選,16:43,16:38,7,https://keirin.kdreams.jp/takeo/racedetail/8420260629030003/?pageType=odds,2026-10-06T10:06:04.669715+00:00
8420260629030004,2026-07-01,武雄競輪,F1,A1/A2,4,Ａ級特選,17:07,17:02,7,https://keirin.kdreams.jp/takeo/racedetail/8420260629030004/?pageType=odds,2026-10-06T10:06:06.641508+00:00
8420260629030011,2026-07-01,武雄競輪,F1,A1/A2,11,Ａ級決勝,20:01,19:56,7,https://keirin.kdreams.jp/takeo/racedetail/8420260629030011/?pageType=odds,2026-10-06T10:06:08.648124+00:00
4520260630020001,2026-07-01,豊橋競輪,F2,A1/A2,1,Ａ級一般,08:30,08:25,7,https://keirin.kdreams.jp/toyohashi/racedetail/4520260630020001/?pageType=odds,2026-10-06T10:06:22.101972+00:00
4520260630020002,2026-07-01,豊橋競輪,F2,A1/A2,2,Ａ級一般,08:50,08:45,6,https://keirin.kdreams.jp/toyohashi/racedetail/4520260630020002/?pageType=odds,2026-10-06T10:06:23.860872+00:00
4520260630020003,2026-07-01,豊橋競輪,F2,A1/A2,3,Ａ級選抜,09:10,09:05,7,https://keirin.kdreams.jp/toyohashi/racedetail/4520260630020003/?pageType=odds,2026-10-06T10:06:26.061566+00:00
4520260630020004,2026-07-01,豊橋競輪,F2,A1/A2,4,Ａ級選抜,09:30,09:25,7,https://keirin.kdreams.jp/toyohashi/racedetail/4520260630020004/?pageType=odds,2026-10-06T10:06:27.924655+00:00
4520260630020005,2026-07-01,豊橋競輪,F2,A1/A2,5,Ａ級準決勝,09:50,09:45,7,https://keirin.kdreams.jp/toyohashi/racedetail/4520260630020005/?pageType=odds,2026-10-06T10:06:29.906048+00:00
4520260630020006,2026-07-01,豊橋競輪,F2,A1/A2,6,Ａ級準決勝,10:10,10:05,7,https://keirin.kdreams.jp/toyohashi/racedetail/4520260630020006/?pageType=odds,2026-10-06T10:06:31.758240+00:00
4520260630020007,2026-07-01,豊橋競輪,F2,A1/A2,7,Ａ級準決勝,10:30,10:25,7,https://keirin.kdreams.jp/toyohashi/racedetail/4520260630020007/?pageType=odds,2026-10-06T10:06:33.813973+00:00
7420260629030001,2026-07-01,高知競輪,F1,A1/A2,1,Ａ級一般,10:57,10:52,7,https://keirin.kdreams.jp/kochi/racedetail/7420260629030001/?pageType=odds,2026-10-06T10:03:56.986298+00:00
7420260629030002,2026-07-01,高知競輪,F1,A1/A2,2,Ａ級一般,11:23,11:18,7,https://keirin.kdreams.jp/kochi/racedetail/7420260629030002/?pageType=odds,2026-10-06T10:03:58.961430+00:00
7420260629030003,2026-07-01,高知競輪,F1,A1/A2,3,Ａ級特選,11:51,11:46,7,https://keirin.kdreams.jp/kochi/racedetail/7420260629030003/?pageType=odds,2026-10-06T10:04:01.081904+00:00
7420260629030004,2026-07-01,高知競輪,F1,A1/A2,4,Ａ級特選,12:19,12:14,7,https://keirin.kdreams.jp/kochi/racedetail/7420260629030004/?pageType=odds,2026-10-06T10:04:03.228113+00:00
7420260629030011,2026-07-01,高知競輪,F1,A1/A2,11,Ａ級決勝,15:37,15:32,7,https://keirin.kdreams.jp/kochi/racedetail/7420260629030011/?pageType=odds,2026-10-06T10:04:05.194067+00:00
1120260701020001,2026-07-02,函館競輪,F2,A1/A2,1,Ａ級一般,20:49,20:44,7,https://keirin.kdreams.jp/hakodate/racedetail/1120260701020001/?pageType=odds,2026-10-06T10:02:47.977660+00:00
1120260701020002,2026-07-02,函館競輪,F2,A1/A2,2,Ａ級一般,21:13,21:08,7,https://keirin.kdreams.jp/hakodate/racedetail/1120260701020002/?pageType=odds,2026-10-06T10:02:49.973062+00:00
1120260701020003,2026-07-02,函館競輪,F2,A1/A2,3,Ａ級選抜,21:37,21:32,7,https://keirin.kdreams.jp/hakodate/racedetail/1120260701020003/?pageType=odds,2026-10-06T10:02:51.703096+00:00
1120260701020004,2026-07-02,函館競輪,F2,A1/A2,4,Ａ級選抜,22:01,21:56,7,https://keirin.kdreams.jp/hakodate/racedetail/1120260701020004/?pageType=odds,2026-10-06T10:02:53.528524+00:00
1120260701020005,2026-07-02,函館競輪,F2,A1/A2,5,Ａ級準決勝,22:27,22:22,7,https://keirin.kdreams.jp/hakodate/racedetail/1120260701020005/?pageType=odds,2026-10-06T10:02:55.524816+00:00
1120260701020006,2026-07-02,函館競輪,F2,A1/A2,6,Ａ級準決勝,22:54,22:49,7,https://keirin.kdreams.jp/hakodate/racedetail/1120260701020006/?pageType=odds,2026-10-06T10:02:57.390006+00:00
1120260701020007,2026-07-02,函館競輪,F2,A1/A2,7,Ａ級準決勝,23:21,23:16,7,https://keirin.kdreams.jp/hakodate/racedetail/1120260701020007/?pageType=odds,2026-10-06T10:02:59.291761+00:00
2520260701020001,2026-07-02,大宮競輪,F1,A1/A2,1,Ａ級一般,10:45,10:40,7,https://keirin.kdreams.jp/omiya/racedetail/2520260701020001/?pageType=odds,2026-10-06T10:05:24.959013+00:00
2520260701020002,2026-07-02,大宮競輪,F1,A1/A2,2,Ａ級一般,11:12,11:07,7,https://keirin.kdreams.jp/omiya/racedetail/2520260701020002/?pageType=odds,2026-10-06T10:05:26.985739+00:00
2520260701020003,2026-07-02,大宮競輪,F1,A1/A2,3,Ａ級準決勝,11:40,11:35,7,https://keirin.kdreams.jp/omiya/racedetail/2520260701020003/?pageType=odds,2026-10-06T10:05:28.849142+00:00
2520260701020004,2026-07-02,大宮競輪,F1,A1/A2,4,Ａ級準決勝,12:08,12:03,7,https://keirin.kdreams.jp/omiya/racedetail/2520260701020004/?pageType=odds,2026-10-06T10:05:30.703646+00:00
2520260701020005,2026-07-02,大宮競輪,F1,A1/A2,5,Ａ級準決勝,12:36,12:31,7,https://keirin.kdreams.jp/omiya/racedetail/2520260701020005/?pageType=odds,2026-10-06T10:05:32.519708+00:00
5320260701020001,2026-07-02,奈良競輪,F2,A1/A2,1,Ａ級特一般,08:40,08:35,7,https://keirin.kdreams.jp/nara/racedetail/5320260701020001/?pageType=odds,2026-10-06T10:04:54.839206+00:00
5320260701020002,2026-07-02,奈良競輪,F2,A1/A2,2,Ａ級特一般,09:00,08:55,7,https://keirin.kdreams.jp/nara/racedetail/5320260701020002/?pageType=odds,2026-10-06T10:04:57.048944+00:00
5320260701020003,2026-07-02,奈良競輪,F2,A1/A2,3,Ａ級準決勝,09:20,09:15,7,https://keirin.kdreams.jp/nara/racedetail/5320260701020003/?pageType=odds,2026-10-06T10:04:59.153675+00:00
5320260701020004,2026-07-02,奈良競輪,F2,A1/A2,4,Ａ級準決勝,09:40,09:35,7,https://keirin.kdreams.jp/nara/racedetail/5320260701020004/?pageType=odds,2026-10-06T10:05:00.913417+00:00
5320260701020005,2026-07-02,奈良競輪,F2,A1/A2,5,Ａ級準決勝,10:00,09:55,7,https://keirin.kdreams.jp/nara/racedetail/5320260701020005/?pageType=odds,2026-10-06T10:05:02.900541+00:00
3520260630030001,2026-07-02,平塚競輪,F1,A1/A2,1,Ａ級一般,15:55,15:50,7,https://keirin.kdreams.jp/hiratsuka/racedetail/3520260630030001/?pageType=odds,2026-10-06T10:03:31.441909+00:00
3520260630030002,2026-07-02,平塚競輪,F1,A1/A2,2,Ａ級一般,16:18,16:13,7,https://keirin.kdreams.jp/hiratsuka/racedetail/3520260630030002/?pageType=odds,2026-10-06T10:03:33.302370+00:00
3520260630030003,2026-07-02,平塚競輪,F1,A1/A2,3,Ａ級特選,16:42,16:37,7,https://keirin.kdreams.jp/hiratsuka/racedetail/3520260630030003/?pageType=odds,2026-10-06T10:03:35.272308+00:00
3520260630030004,2026-07-02,平塚競輪,F1,A1/A2,4,Ａ級特選,17:06,17:01,7,https://keirin.kdreams.jp/hiratsuka/racedetail/3520260630030004/?pageType=odds,2026-10-06T10:03:37.033594+00:00
3520260630030010,2026-07-02,平塚競輪,F1,A1/A2,10,Ａ級決勝,19:35,19:30,7,https://keirin.kdreams.jp/hiratsuka/racedetail/3520260630030010/?pageType=odds,2026-10-06T10:03:38.823020+00:00
2120260702010007,2026-07-02,弥彦競輪,F2,A1/A2,7,Ａ級特予選,18:30,18:25,7,https://keirin.kdreams.jp/yahiko/racedetail/2120260702010007/?pageType=odds,2026-10-06T10:06:49.470718+00:00
2120260702010008,2026-07-02,弥彦競輪,F2,A1/A2,8,Ａ級特予選,18:56,18:51,7,https://keirin.kdreams.jp/yahiko/racedetail/2120260702010008/?pageType=odds,2026-10-06T10:06:51.341619+00:00
2120260702010009,2026-07-02,弥彦競輪,F2,A1/A2,9,Ａ級特予選,19:22,19:17,7,https://keirin.kdreams.jp/yahiko/racedetail/2120260702010009/?pageType=odds,2026-10-06T10:06:53.481777+00:00
2120260702010010,2026-07-02,弥彦競輪,F2,A1/A2,10,Ａ級特予選,19:48,19:43,7,https://keirin.kdreams.jp/yahiko/racedetail/2120260702010010/?pageType=odds,2026-10-06T10:06:55.620982+00:00
2120260702010011,2026-07-02,弥彦競輪,F2,A1/A2,11,Ａ級初日特選,20:16,20:11,7,https://keirin.kdreams.jp/yahiko/racedetail/2120260702010011/?pageType=odds,2026-10-06T10:06:57.801271+00:00
3120260701020001,2026-07-02,松戸競輪,F2,A1/A2,1,Ａ級一般,20:41,20:36,7,https://keirin.kdreams.jp/matsudo/racedetail/3120260701020001/?pageType=odds,2026-10-06T10:04:19.718207+00:00
3120260701020002,2026-07-02,松戸競輪,F2,A1/A2,2,Ａ級一般,21:05,21:00,7,https://keirin.kdreams.jp/matsudo/racedetail/3120260701020002/?pageType=odds,2026-10-06T10:04:21.598918+00:00
3120260701020003,2026-07-02,松戸競輪,F2,A1/A2,3,Ａ級選抜,21:29,21:24,7,https://keirin.kdreams.jp/matsudo/racedetail/3120260701020003/?pageType=odds,2026-10-06T10:04:23.421187+00:00
3120260701020004,2026-07-02,松戸競輪,F2,A1/A2,4,Ａ級選抜,21:53,21:48,7,https://keirin.kdreams.jp/matsudo/racedetail/3120260701020004/?pageType=odds,2026-10-06T10:04:25.249121+00:00
3120260701020005,2026-07-02,松戸競輪,F2,A1/A2,5,Ａ級準決勝,22:18,22:13,7,https://keirin.kdreams.jp/matsudo/racedetail/3120260701020005/?pageType=odds,2026-10-06T10:04:27.048900+00:00
3120260701020006,2026-07-02,松戸競輪,F2,A1/A2,6,Ａ級準決勝,22:45,22:40,7,https://keirin.kdreams.jp/matsudo/racedetail/3120260701020006/?pageType=odds,2026-10-06T10:04:29.067590+00:00
3120260701020007,2026-07-02,松戸競輪,F2,A1/A2,7,Ａ級準決勝,23:12,23:07,7,https://keirin.kdreams.jp/matsudo/racedetail/3120260701020007/?pageType=odds,2026-10-06T10:04:30.886259+00:00
4520260630030001,2026-07-02,豊橋競輪,F2,A1/A2,1,Ａ級一般,08:30,08:25,7,https://keirin.kdreams.jp/toyohashi/racedetail/4520260630030001/?pageType=odds,2026-10-06T10:06:35.730306+00:00
4520260630030002,2026-07-02,豊橋競輪,F2,A1/A2,2,Ａ級一般,08:50,08:45,6,https://keirin.kdreams.jp/toyohashi/racedetail/4520260630030002/?pageType=odds,2026-10-06T10:06:37.614749+00:00
4520260630030003,2026-07-02,豊橋競輪,F2,A1/A2,3,Ａ級一般,09:10,09:05,7,https://keirin.kdreams.jp/toyohashi/racedetail/4520260630030003/?pageType=odds,2026-10-06T10:06:39.870805+00:00
4520260630030004,2026-07-02,豊橋競輪,F2,A1/A2,4,Ａ級特選,09:30,09:25,7,https://keirin.kdreams.jp/toyohashi/racedetail/4520260630030004/?pageType=odds,2026-10-06T10:06:41.645878+00:00
4520260630030005,2026-07-02,豊橋競輪,F2,A1/A2,5,Ａ級特選,09:50,09:45,7,https://keirin.kdreams.jp/toyohashi/racedetail/4520260630030005/?pageType=odds,2026-10-06T10:06:43.530674+00:00
4520260630030006,2026-07-02,豊橋競輪,F2,A1/A2,6,Ａ級特選,10:10,10:05,7,https://keirin.kdreams.jp/toyohashi/racedetail/4520260630030006/?pageType=odds,2026-10-06T10:06:45.521371+00:00
4520260630030007,2026-07-02,豊橋競輪,F2,A1/A2,7,Ａ級決勝,10:30,10:25,7,https://keirin.kdreams.jp/toyohashi/racedetail/4520260630030007/?pageType=odds,2026-10-06T10:06:47.448458+00:00
1120260701030001,2026-07-03,函館競輪,F2,A1/A2,1,Ａ級一般,20:49,20:44,7,https://keirin.kdreams.jp/hakodate/racedetail/1120260701030001/?pageType=odds,2026-10-06T10:03:01.125627+00:00
1120260701030002,2026-07-03,函館競輪,F2,A1/A2,2,Ａ級一般,21:13,21:08,7,https://keirin.kdreams.jp/hakodate/racedetail/1120260701030002/?pageType=odds,2026-10-06T10:03:02.967455+00:00
1120260701030003,2026-07-03,函館競輪,F2,A1/A2,3,Ａ級一般,21:37,21:32,7,https://keirin.kdreams.jp/hakodate/racedetail/1120260701030003/?pageType=odds,2026-10-06T10:03:04.799665+00:00
1120260701030004,2026-07-03,函館競輪,F2,A1/A2,4,Ａ級特選,22:01,21:56,7,https://keirin.kdreams.jp/hakodate/racedetail/1120260701030004/?pageType=odds,2026-10-06T10:03:06.536425+00:00
1120260701030005,2026-07-03,函館競輪,F2,A1/A2,5,Ａ級特選,22:27,22:22,7,https://keirin.kdreams.jp/hakodate/racedetail/1120260701030005/?pageType=odds,2026-10-06T10:03:08.368189+00:00
1120260701030006,2026-07-03,函館競輪,F2,A1/A2,6,Ａ級特選,22:54,22:49,7,https://keirin.kdreams.jp/hakodate/racedetail/1120260701030006/?pageType=odds,2026-10-06T10:03:10.303148+00:00
1120260701030007,2026-07-03,函館競輪,F2,A1/A2,7,Ａ級決勝,23:21,23:16,7,https://keirin.kdreams.jp/hakodate/racedetail/1120260701030007/?pageType=odds,2026-10-06T10:03:12.142107+00:00
2520260701030001,2026-07-03,大宮競輪,F1,A1/A2,1,Ａ級一般,10:45,10:40,7,https://keirin.kdreams.jp/omiya/racedetail/2520260701030001/?pageType=odds,2026-10-06T10:05:34.853489+00:00
2520260701030002,2026-07-03,大宮競輪,F1,A1/A2,2,Ａ級一般,11:12,11:07,7,https://keirin.kdreams.jp/omiya/racedetail/2520260701030002/?pageType=odds,2026-10-06T10:05:36.663057+00:00
2520260701030003,2026-07-03,大宮競輪,F1,A1/A2,3,Ａ級特選,11:40,11:35,7,https://keirin.kdreams.jp/omiya/racedetail/2520260701030003/?pageType=odds,2026-10-06T10:05:38.515090+00:00
2520260701030004,2026-07-03,大宮競輪,F1,A1/A2,4,Ａ級特選,12:08,12:03,7,https://keirin.kdreams.jp/omiya/racedetail/2520260701030004/?pageType=odds,2026-10-06T10:05:40.360628+00:00
2520260701030011,2026-07-03,大宮競輪,F1,A1/A2,11,Ａ級決勝,15:32,15:27,7,https://keirin.kdreams.jp/omiya/racedetail/2520260701030011/?pageType=odds,2026-10-06T10:05:42.198750+00:00
5320260701030001,2026-07-03,奈良競輪,F2,A1/A2,1,Ａ級特一般,08:30,08:25,7,https://keirin.kdreams.jp/nara/racedetail/5320260701030001/?pageType=odds,2026-10-06T10:05:05.307961+00:00
5320260701030002,2026-07-03,奈良競輪,F2,A1/A2,2,Ａ級特一般,08:50,08:45,7,https://keirin.kdreams.jp/nara/racedetail/5320260701030002/?pageType=odds,2026-10-06T10:05:07.212880+00:00
5320260701030003,2026-07-03,奈良競輪,F2,A1/A2,3,Ａ級特選,09:11,09:06,7,https://keirin.kdreams.jp/nara/racedetail/5320260701030003/?pageType=odds,2026-10-06T10:05:09.700497+00:00
5320260701030004,2026-07-03,奈良競輪,F2,A1/A2,4,Ａ級特選,09:32,09:27,7,https://keirin.kdreams.jp/nara/racedetail/5320260701030004/?pageType=odds,2026-10-06T10:05:11.703095+00:00
5320260701030007,2026-07-03,奈良競輪,F2,A1/A2,7,Ａ級決勝,10:35,10:30,7,https://keirin.kdreams.jp/nara/racedetail/5320260701030007/?pageType=odds,2026-10-06T10:05:13.590713+00:00
2120260702020007,2026-07-03,弥彦競輪,F2,A1/A2,7,Ａ級特一般,18:30,18:25,7,https://keirin.kdreams.jp/yahiko/racedetail/2120260702020007/?pageType=odds,2026-10-06T10:06:59.808501+00:00
2120260702020008,2026-07-03,弥彦競輪,F2,A1/A2,8,Ａ級特一般,18:56,18:51,7,https://keirin.kdreams.jp/yahiko/racedetail/2120260702020008/?pageType=odds,2026-10-06T10:07:02.001795+00:00
2120260702020009,2026-07-03,弥彦競輪,F2,A1/A2,9,Ａ級準決勝,19:22,19:17,7,https://keirin.kdreams.jp/yahiko/racedetail/2120260702020009/?pageType=odds,2026-10-06T10:07:04.082980+00:00
2120260702020010,2026-07-03,弥彦競輪,F2,A1/A2,10,Ａ級準決勝,19:48,19:43,7,https://keirin.kdreams.jp/yahiko/racedetail/2120260702020010/?pageType=odds,2026-10-06T10:07:06.234737+00:00
2120260702020011,2026-07-03,弥彦競輪,F2,A1/A2,11,Ａ級準決勝,20:16,20:11,7,https://keirin.kdreams.jp/yahiko/racedetail/2120260702020011/?pageType=odds,2026-10-06T10:07:08.291938+00:00
3120260701030001,2026-07-03,松戸競輪,F2,A1/A2,1,Ａ級一般,20:41,20:36,7,https://keirin.kdreams.jp/matsudo/racedetail/3120260701030001/?pageType=odds,2026-10-06T10:04:32.745181+00:00
3120260701030002,2026-07-03,松戸競輪,F2,A1/A2,2,Ａ級一般,21:05,21:00,7,https://keirin.kdreams.jp/matsudo/racedetail/3120260701030002/?pageType=odds,2026-10-06T10:04:34.585372+00:00
3120260701030003,2026-07-03,松戸競輪,F2,A1/A2,3,Ａ級一般,21:29,21:24,7,https://keirin.kdreams.jp/matsudo/racedetail/3120260701030003/?pageType=odds,2026-10-06T10:04:36.478167+00:00
3120260701030004,2026-07-03,松戸競輪,F2,A1/A2,4,Ａ級特選,21:53,21:48,7,https://keirin.kdreams.jp/matsudo/racedetail/3120260701030004/?pageType=odds,2026-10-06T10:04:38.380513+00:00
3120260701030005,2026-07-03,松戸競輪,F2,A1/A2,5,Ａ級特選,22:18,22:13,7,https://keirin.kdreams.jp/matsudo/racedetail/3120260701030005/?pageType=odds,2026-10-06T10:04:40.211544+00:00
3120260701030006,2026-07-03,松戸競輪,F2,A1/A2,6,Ａ級特選,22:45,22:40,7,https://keirin.kdreams.jp/matsudo/racedetail/3120260701030006/?pageType=odds,2026-10-06T10:04:42.027798+00:00
3120260701030007,2026-07-03,松戸競輪,F2,A1/A2,7,Ａ級決勝,23:12,23:07,7,https://keirin.kdreams.jp/matsudo/racedetail/3120260701030007/?pageType=odds,2026-10-06T10:04:43.853802+00:00
1220260703010001,2026-07-03,青森競輪,F1,A1/A2,1,Ａ級予選,15:55,15:50,7,https://keirin.kdreams.jp/aomori/racedetail/1220260703010001/?pageType=odds,2026-10-06T10:07:20.539498+00:00
1220260703010002,2026-07-03,青森競輪,F1,A1/A2,2,Ａ級予選,16:18,16:13,7,https://keirin.kdreams.jp/aomori/racedetail/1220260703010002/?pageType=odds,2026-10-06T10:07:22.409969+00:00
1220260703010003,2026-07-03,青森競輪,F1,A1/A2,3,Ａ級予選,16:42,16:37,7,https://keirin.kdreams.jp/aomori/racedetail/1220260703010003/?pageType=odds,2026-10-06T10:07:24.282102+00:00
1220260703010004,2026-07-03,青森競輪,F1,A1/A2,4,Ａ級予選,17:06,17:01,7,https://keirin.kdreams.jp/aomori/racedetail/1220260703010004/?pageType=odds,2026-10-06T10:07:26.084974+00:00
1220260703010005,2026-07-03,青森競輪,F1,A1/A2,5,Ａ級初日特選,17:30,17:25,7,https://keirin.kdreams.jp/aomori/racedetail/1220260703010005/?pageType=odds,2026-10-06T10:07:27.863042+00:00
3720260704010001,2026-07-04,伊東競輪,F2,A1/A2,1,Ａ級予選,08:30,08:25,7,https://keirin.kdreams.jp/ito/racedetail/3720260704010001/?pageType=odds,2026-10-06T10:07:49.604327+00:00
3720260704010002,2026-07-04,伊東競輪,F2,A1/A2,2,Ａ級予選,08:50,08:45,7,https://keirin.kdreams.jp/ito/racedetail/3720260704010002/?pageType=odds,2026-10-06T10:07:51.461548+00:00
3720260704010003,2026-07-04,伊東競輪,F2,A1/A2,3,Ａ級予選,09:11,09:06,7,https://keirin.kdreams.jp/ito/racedetail/3720260704010003/?pageType=odds,2026-10-06T10:07:53.348059+00:00
3720260704010004,2026-07-04,伊東競輪,F2,A1/A2,4,Ａ級予選,09:32,09:27,7,https://keirin.kdreams.jp/ito/racedetail/3720260704010004/?pageType=odds,2026-10-06T10:07:56.443218+00:00
3720260704010005,2026-07-04,伊東競輪,F2,A1/A2,5,Ａ級予選,09:53,09:48,7,https://keirin.kdreams.jp/ito/racedetail/3720260704010005/?pageType=odds,2026-10-06T10:07:58.825615+00:00
3720260704010006,2026-07-04,伊東競輪,F2,A1/A2,6,Ａ級予選,10:14,10:09,7,https://keirin.kdreams.jp/ito/racedetail/3720260704010006/?pageType=odds,2026-10-06T10:08:00.619519+00:00
3720260704010007,2026-07-04,伊東競輪,F2,A1/A2,7,Ａ級初日特選,10:35,10:30,7,https://keirin.kdreams.jp/ito/racedetail/3720260704010007/?pageType=odds,2026-10-06T10:08:02.562458+00:00
2120260702030005,2026-07-04,弥彦競輪,F2,A1/A2,5,Ａ級特一般,17:42,17:37,7,https://keirin.kdreams.jp/yahiko/racedetail/2120260702030005/?pageType=odds,2026-10-06T10:07:10.573642+00:00
2120260702030006,2026-07-04,弥彦競輪,F2,A1/A2,6,Ａ級特一般,18:06,18:01,7,https://keirin.kdreams.jp/yahiko/racedetail/2120260702030006/?pageType=odds,2026-10-06T10:07:12.550092+00:00
2120260702030007,2026-07-04,弥彦競輪,F2,A1/A2,7,Ａ級特選,18:30,18:25,7,https://keirin.kdreams.jp/yahiko/racedetail/2120260702030007/?pageType=odds,2026-10-06T10:07:14.434870+00:00
2120260702030008,2026-07-04,弥彦競輪,F2,A1/A2,8,Ａ級特選,18:56,18:51,7,https://keirin.kdreams.jp/yahiko/racedetail/2120260702030008/?pageType=odds,2026-10-06T10:07:16.455776+00:00
2120260702030011,2026-07-04,弥彦競輪,F2,A1/A2,11,Ａ級決勝,20:16,20:11,7,https://keirin.kdreams.jp/yahiko/racedetail/2120260702030011/?pageType=odds,2026-10-06T10:07:18.654507+00:00
1220260703020001,2026-07-04,青森競輪,F1,A1/A2,1,Ａ級一般,15:55,15:50,7,https://keirin.kdreams.jp/aomori/racedetail/1220260703020001/?pageType=odds,2026-10-06T10:07:30.016871+00:00
1220260703020002,2026-07-04,青森競輪,F1,A1/A2,2,Ａ級一般,16:18,16:13,7,https://keirin.kdreams.jp/aomori/racedetail/1220260703020002/?pageType=odds,2026-10-06T10:07:32.050108+00:00
1220260703020003,2026-07-04,青森競輪,F1,A1/A2,3,Ａ級準決勝,16:42,16:37,7,https://keirin.kdreams.jp/aomori/racedetail/1220260703020003/?pageType=odds,2026-10-06T10:07:33.963434+00:00
1220260703020004,2026-07-04,青森競輪,F1,A1/A2,4,Ａ級準決勝,17:06,17:01,7,https://keirin.kdreams.jp/aomori/racedetail/1220260703020004/?pageType=odds,2026-10-06T10:07:35.854248+00:00
1220260703020005,2026-07-04,青森競輪,F1,A1/A2,5,Ａ級準決勝,17:30,17:25,7,https://keirin.kdreams.jp/aomori/racedetail/1220260703020005/?pageType=odds,2026-10-06T10:07:37.893349+00:00
3720260704020001,2026-07-05,伊東競輪,F2,A1/A2,1,Ａ級一般,08:30,08:25,7,https://keirin.kdreams.jp/ito/racedetail/3720260704020001/?pageType=odds,2026-10-06T10:08:04.665005+00:00
3720260704020002,2026-07-05,伊東競輪,F2,A1/A2,2,Ａ級一般,08:50,08:45,7,https://keirin.kdreams.jp/ito/racedetail/3720260704020002/?pageType=odds,2026-10-06T10:08:07.051800+00:00
3720260704020003,2026-07-05,伊東競輪,F2,A1/A2,3,Ａ級選抜,09:10,09:05,7,https://keirin.kdreams.jp/ito/racedetail/3720260704020003/?pageType=odds,2026-10-06T10:08:08.934587+00:00
3720260704020004,2026-07-05,伊東競輪,F2,A1/A2,4,Ａ級選抜,09:30,09:25,7,https://keirin.kdreams.jp/ito/racedetail/3720260704020004/?pageType=odds,2026-10-06T10:08:10.982624+00:00
3720260704020005,2026-07-05,伊東競輪,F2,A1/A2,5,Ａ級準決勝,09:50,09:45,7,https://keirin.kdreams.jp/ito/racedetail/3720260704020005/?pageType=odds,2026-10-06T10:08:12.919243+00:00
3720260704020006,2026-07-05,伊東競輪,F2,A1/A2,6,Ａ級準決勝,10:10,10:05,7,https://keirin.kdreams.jp/ito/racedetail/3720260704020006/?pageType=odds,2026-10-06T10:08:14.870512+00:00
3720260704020007,2026-07-05,伊東競輪,F2,A1/A2,7,Ａ級準決勝,10:30,10:25,7,https://keirin.kdreams.jp/ito/racedetail/3720260704020007/?pageType=odds,2026-10-06T10:08:16.818176+00:00
5520260705010001,2026-07-05,和歌山競輪,F1,A1/A2,1,Ａ級予選,10:45,10:40,7,https://keirin.kdreams.jp/wakayama/racedetail/5520260705010001/?pageType=odds,2026-10-06T10:09:02.884770+00:00
5520260705010002,2026-07-05,和歌山競輪,F1,A1/A2,2,Ａ級予選,11:11,11:06,7,https://keirin.kdreams.jp/wakayama/racedetail/5520260705010002/?pageType=odds,2026-10-06T10:09:04.752895+00:00
5520260705010003,2026-07-05,和歌山競輪,F1,A1/A2,3,Ａ級予選,11:38,11:33,7,https://keirin.kdreams.jp/wakayama/racedetail/5520260705010003/?pageType=odds,2026-10-06T10:09:06.790918+00:00
5520260705010004,2026-07-05,和歌山競輪,F1,A1/A2,4,Ａ級予選,12:06,12:01,7,https://keirin.kdreams.jp/wakayama/racedetail/5520260705010004/?pageType=odds,2026-10-06T10:09:08.768024+00:00
5520260705010005,2026-07-05,和歌山競輪,F1,A1/A2,5,Ａ級初日特選,12:34,12:29,7,https://keirin.kdreams.jp/wakayama/racedetail/5520260705010005/?pageType=odds,2026-10-06T10:09:10.658069+00:00
4520260705010001,2026-07-05,豊橋競輪,F1,A1/A2,1,Ａ級予選,15:51,15:46,7,https://keirin.kdreams.jp/toyohashi/racedetail/4520260705010001/?pageType=odds,2026-10-06T10:08:32.574351+00:00
4520260705010002,2026-07-05,豊橋競輪,F1,A1/A2,2,Ａ級予選,16:14,16:09,7,https://keirin.kdreams.jp/toyohashi/racedetail/4520260705010002/?pageType=odds,2026-10-06T10:08:34.510039+00:00
4520260705010003,2026-07-05,豊橋競輪,F1,A1/A2,3,Ａ級予選,16:38,16:33,7,https://keirin.kdreams.jp/toyohashi/racedetail/4520260705010003/?pageType=odds,2026-10-06T10:08:36.605447+00:00
4520260705010004,2026-07-05,豊橋競輪,F1,A1/A2,4,Ａ級予選,17:02,16:57,7,https://keirin.kdreams.jp/toyohashi/racedetail/4520260705010004/?pageType=odds,2026-10-06T10:08:38.984567+00:00
4520260705010005,2026-07-05,豊橋競輪,F1,A1/A2,5,Ａ級初日特選,17:26,17:21,7,https://keirin.kdreams.jp/toyohashi/racedetail/4520260705010005/?pageType=odds,2026-10-06T10:08:40.827405+00:00
1220260703030001,2026-07-05,青森競輪,F1,A1/A2,1,Ａ級一般,16:06,16:01,7,https://keirin.kdreams.jp/aomori/racedetail/1220260703030001/?pageType=odds,2026-10-06T10:07:40.049524+00:00
1220260703030002,2026-07-05,青森競輪,F1,A1/A2,2,Ａ級一般,16:28,16:23,7,https://keirin.kdreams.jp/aomori/racedetail/1220260703030002/?pageType=odds,2026-10-06T10:07:41.961267+00:00
1220260703030003,2026-07-05,青森競輪,F1,A1/A2,3,Ａ級特選,16:50,16:45,7,https://keirin.kdreams.jp/aomori/racedetail/1220260703030003/?pageType=odds,2026-10-06T10:07:43.895732+00:00
1220260703030004,2026-07-05,青森競輪,F1,A1/A2,4,Ａ級特選,17:14,17:09,7,https://keirin.kdreams.jp/aomori/racedetail/1220260703030004/?pageType=odds,2026-10-06T10:07:45.752019+00:00
1220260703030011,2026-07-05,青森競輪,F1,A1/A2,11,Ａ級決勝,20:04,19:59,7,https://keirin.kdreams.jp/aomori/racedetail/1220260703030011/?pageType=odds,2026-10-06T10:07:47.642444+00:00
3720260704030001,2026-07-06,伊東競輪,F2,A1/A2,1,Ａ級一般,08:30,08:25,7,https://keirin.kdreams.jp/ito/racedetail/3720260704030001/?pageType=odds,2026-10-06T10:08:18.730861+00:00
3720260704030002,2026-07-06,伊東競輪,F2,A1/A2,2,Ａ級一般,08:50,08:45,7,https://keirin.kdreams.jp/ito/racedetail/3720260704030002/?pageType=odds,2026-10-06T10:08:20.780427+00:00
3720260704030003,2026-07-06,伊東競輪,F2,A1/A2,3,Ａ級一般,09:10,09:05,7,https://keirin.kdreams.jp/ito/racedetail/3720260704030003/?pageType=odds,2026-10-06T10:08:22.901103+00:00
3720260704030004,2026-07-06,伊東競輪,F2,A1/A2,4,Ａ級特選,09:30,09:25,7,https://keirin.kdreams.jp/ito/racedetail/3720260704030004/?pageType=odds,2026-10-06T10:08:24.923047+00:00
3720260704030005,2026-07-06,伊東競輪,F2,A1/A2,5,Ａ級特選,09:50,09:45,7,https://keirin.kdreams.jp/ito/racedetail/3720260704030005/?pageType=odds,2026-10-06T10:08:26.943877+00:00
3720260704030006,2026-07-06,伊東競輪,F2,A1/A2,6,Ａ級特選,10:10,10:05,7,https://keirin.kdreams.jp/ito/racedetail/3720260704030006/?pageType=odds,2026-10-06T10:08:28.808000+00:00
3720260704030007,2026-07-06,伊東競輪,F2,A1/A2,7,Ａ級決勝,10:30,10:25,7,https://keirin.kdreams.jp/ito/racedetail/3720260704030007/?pageType=odds,2026-10-06T10:08:30.657580+00:00
2320260706010007,2026-07-06,取手競輪,F2,A1/A2,7,Ａ級特予選,13:48,13:43,7,https://keirin.kdreams.jp/toride/racedetail/2320260706010007/?pageType=odds,2026-10-06T10:09:31.952693+00:00
2320260706010008,2026-07-06,取手競輪,F2,A1/A2,8,Ａ級特予選,14:18,14:13,7,https://keirin.kdreams.jp/toride/racedetail/2320260706010008/?pageType=odds,2026-10-06T10:09:33.786788+00:00
2320260706010009,2026-07-06,取手競輪,F2,A1/A2,9,Ａ級特予選,14:48,14:43,7,https://keirin.kdreams.jp/toride/racedetail/2320260706010009/?pageType=odds,2026-10-06T10:09:35.695135+00:00
2320260706010010,2026-07-06,取手競輪,F2,A1/A2,10,Ａ級特予選,15:18,15:13,7,https://keirin.kdreams.jp/toride/racedetail/2320260706010010/?pageType=odds,2026-10-06T10:09:37.453948+00:00
2320260706010011,2026-07-06,取手競輪,F2,A1/A2,11,Ａ級初日特選,15:48,15:43,7,https://keirin.kdreams.jp/toride/racedetail/2320260706010011/?pageType=odds,2026-10-06T10:09:39.325013+00:00
5520260705020001,2026-07-06,和歌山競輪,F1,A1/A2,1,Ａ級一般,10:45,10:40,7,https://keirin.kdreams.jp/wakayama/racedetail/5520260705020001/?pageType=odds,2026-10-06T10:09:12.444079+00:00
5520260705020002,2026-07-06,和歌山競輪,F1,A1/A2,2,Ａ級一般,11:12,11:07,7,https://keirin.kdreams.jp/wakayama/racedetail/5520260705020002/?pageType=odds,2026-10-06T10:09:14.234033+00:00
5520260705020003,2026-07-06,和歌山競輪,F1,A1/A2,3,Ａ級準決勝,11:40,11:35,7,https://keirin.kdreams.jp/wakayama/racedetail/5520260705020003/?pageType=odds,2026-10-06T10:09:16.043857+00:00
5520260705020004,2026-07-06,和歌山競輪,F1,A1/A2,4,Ａ級準決勝,12:08,12:03,7,https://keirin.kdreams.jp/wakayama/racedetail/5520260705020004/?pageType=odds,2026-10-06T10:09:17.986312+00:00
5520260705020005,2026-07-06,和歌山競輪,F1,A1/A2,5,Ａ級準決勝,12:36,12:31,7,https://keirin.kdreams.jp/wakayama/racedetail/5520260705020005/?pageType=odds,2026-10-06T10:09:19.900589+00:00
4520260705020001,2026-07-06,豊橋競輪,F1,A1/A2,1,Ａ級一般,15:55,15:50,7,https://keirin.kdreams.jp/toyohashi/racedetail/4520260705020001/?pageType=odds,2026-10-06T10:08:42.819358+00:00
4520260705020002,2026-07-06,豊橋競輪,F1,A1/A2,2,Ａ級一般,16:17,16:12,7,https://keirin.kdreams.jp/toyohashi/racedetail/4520260705020002/?pageType=odds,2026-10-06T10:08:44.872115+00:00
4520260705020003,2026-07-06,豊橋競輪,F1,A1/A2,3,Ａ級準決勝,16:42,16:37,7,https://keirin.kdreams.jp/toyohashi/racedetail/4520260705020003/?pageType=odds,2026-10-06T10:08:46.469853+00:00
4520260705020004,2026-07-06,豊橋競輪,F1,A1/A2,4,Ａ級準決勝,17:07,17:02,7,https://keirin.kdreams.jp/toyohashi/racedetail/4520260705020004/?pageType=odds,2026-10-06T10:08:48.403749+00:00
4520260705020005,2026-07-06,豊橋競輪,F1,A1/A2,5,Ａ級準決勝,17:32,17:27,7,https://keirin.kdreams.jp/toyohashi/racedetail/4520260705020005/?pageType=odds,2026-10-06T10:08:50.995665+00:00
8320260707010007,2026-07-07,久留米競輪,F2,A1/A2,7,Ａ級特予選,18:29,18:24,7,https://keirin.kdreams.jp/kurume/racedetail/8320260707010007/?pageType=odds,2026-10-06T10:10:34.259627+00:00
8320260707010008,2026-07-07,久留米競輪,F2,A1/A2,8,Ａ級特予選,18:55,18:50,7,https://keirin.kdreams.jp/kurume/racedetail/8320260707010008/?pageType=odds,2026-10-06T10:10:36.047142+00:00
8320260707010009,2026-07-07,久留米競輪,F2,A1/A2,9,Ａ級特予選,19:21,19:16,7,https://keirin.kdreams.jp/kurume/racedetail/8320260707010009/?pageType=odds,2026-10-06T10:10:37.838817+00:00
8320260707010010,2026-07-07,久留米競輪,F2,A1/A2,10,Ａ級特予選,19:47,19:42,7,https://keirin.kdreams.jp/kurume/racedetail/8320260707010010/?pageType=odds,2026-10-06T10:10:39.838760+00:00
8320260707010011,2026-07-07,久留米競輪,F2,A1/A2,11,Ａ級初日特選,20:15,20:10,7,https://keirin.kdreams.jp/kurume/racedetail/8320260707010011/?pageType=odds,2026-10-06T10:10:41.680487+00:00
2320260706020007,2026-07-07,取手競輪,F2,A1/A2,7,Ａ級特一般,13:46,13:41,7,https://keirin.kdreams.jp/toride/racedetail/2320260706020007/?pageType=odds,2026-10-06T10:09:41.284404+00:00
2320260706020008,2026-07-07,取手競輪,F2,A1/A2,8,Ａ級特一般,14:16,14:11,7,https://keirin.kdreams.jp/toride/racedetail/2320260706020008/?pageType=odds,2026-10-06T10:09:43.330055+00:00
2320260706020009,2026-07-07,取手競輪,F2,A1/A2,9,Ａ級準決勝,14:46,14:41,7,https://keirin.kdreams.jp/toride/racedetail/2320260706020009/?pageType=odds,2026-10-06T10:09:45.535472+00:00
2320260706020010,2026-07-07,取手競輪,F2,A1/A2,10,Ａ級準決勝,15:16,15:11,7,https://keirin.kdreams.jp/toride/racedetail/2320260706020010/?pageType=odds,2026-10-06T10:09:47.388190+00:00
2320260706020011,2026-07-07,取手競輪,F2,A1/A2,11,Ａ級準決勝,15:46,15:41,7,https://keirin.kdreams.jp/toride/racedetail/2320260706020011/?pageType=odds,2026-10-06T10:09:49.470625+00:00
5520260705030001,2026-07-07,和歌山競輪,F1,A1/A2,1,Ａ級一般,10:53,10:48,7,https://keirin.kdreams.jp/wakayama/racedetail/5520260705030001/?pageType=odds,2026-10-06T10:09:21.934080+00:00
5520260705030002,2026-07-07,和歌山競輪,F1,A1/A2,2,Ａ級一般,11:17,11:12,7,https://keirin.kdreams.jp/wakayama/racedetail/5520260705030002/?pageType=odds,2026-10-06T10:09:24.015694+00:00
5520260705030003,2026-07-07,和歌山競輪,F1,A1/A2,3,Ａ級特選,11:43,11:38,7,https://keirin.kdreams.jp/wakayama/racedetail/5520260705030003/?pageType=odds,2026-10-06T10:09:25.978738+00:00
5520260705030004,2026-07-07,和歌山競輪,F1,A1/A2,4,Ａ級特選,12:10,12:05,7,https://keirin.kdreams.jp/wakayama/racedetail/5520260705030004/?pageType=odds,2026-10-06T10:09:27.964792+00:00
5520260705030011,2026-07-07,和歌山競輪,F1,A1/A2,11,Ａ級決勝,15:39,15:34,7,https://keirin.kdreams.jp/wakayama/racedetail/5520260705030011/?pageType=odds,2026-10-06T10:09:30.097014+00:00
2120260707010005,2026-07-07,弥彦競輪,F2,A1/A2,5,Ａ級特予選,22:00,21:55,7,https://keirin.kdreams.jp/yahiko/racedetail/2120260707010005/?pageType=odds,2026-10-06T10:11:43.466548+00:00
2120260707010006,2026-07-07,弥彦競輪,F2,A1/A2,6,Ａ級特予選,22:20,22:15,7,https://keirin.kdreams.jp/yahiko/racedetail/2120260707010006/?pageType=odds,2026-10-06T10:11:45.196077+00:00
2120260707010007,2026-07-07,弥彦競輪,F2,A1/A2,7,Ａ級特予選,22:40,22:35,7,https://keirin.kdreams.jp/yahiko/racedetail/2120260707010007/?pageType=odds,2026-10-06T10:11:46.991922+00:00
2120260707010008,2026-07-07,弥彦競輪,F2,A1/A2,8,Ａ級特予選,23:00,22:55,7,https://keirin.kdreams.jp/yahiko/racedetail/2120260707010008/?pageType=odds,2026-10-06T10:11:48.749664+00:00
2120260707010009,2026-07-07,弥彦競輪,F2,A1/A2,9,Ａ級初日特選,23:20,23:15,7,https://keirin.kdreams.jp/yahiko/racedetail/2120260707010009/?pageType=odds,2026-10-06T10:11:50.494956+00:00
6120260707010003,2026-07-07,玉野競輪,F2,A1/A2,3,Ａ級予選,21:30,21:25,7,https://keirin.kdreams.jp/tamano/racedetail/6120260707010003/?pageType=odds,2026-10-06T10:11:03.007110+00:00
6120260707010004,2026-07-07,玉野競輪,F2,A1/A2,4,Ａ級予選,21:50,21:45,7,https://keirin.kdreams.jp/tamano/racedetail/6120260707010004/?pageType=odds,2026-10-06T10:11:04.744810+00:00
6120260707010005,2026-07-07,玉野競輪,F2,A1/A2,5,Ａ級予選,22:10,22:05,7,https://keirin.kdreams.jp/tamano/racedetail/6120260707010005/?pageType=odds,2026-10-06T10:11:06.967293+00:00
6120260707010006,2026-07-07,玉野競輪,F2,A1/A2,6,Ａ級予選,22:30,22:25,7,https://keirin.kdreams.jp/tamano/racedetail/6120260707010006/?pageType=odds,2026-10-06T10:11:08.870775+00:00
6120260707010007,2026-07-07,玉野競輪,F2,A1/A2,7,Ａ級予選,22:50,22:45,7,https://keirin.kdreams.jp/tamano/racedetail/6120260707010007/?pageType=odds,2026-10-06T10:11:10.641061+00:00
6120260707010008,2026-07-07,玉野競輪,F2,A1/A2,8,Ａ級予選,23:10,23:05,7,https://keirin.kdreams.jp/tamano/racedetail/6120260707010008/?pageType=odds,2026-10-06T10:11:12.370894+00:00
6120260707010009,2026-07-07,玉野競輪,F2,A1/A2,9,Ａ級初日特選,23:30,23:25,7,https://keirin.kdreams.jp/tamano/racedetail/6120260707010009/?pageType=odds,2026-10-06T10:11:14.215203+00:00
4520260705030001,2026-07-07,豊橋競輪,F1,A1/A2,1,Ａ級一般,15:53,15:48,7,https://keirin.kdreams.jp/toyohashi/racedetail/4520260705030001/?pageType=odds,2026-10-06T10:08:52.913394+00:00
4520260705030002,2026-07-07,豊橋競輪,F1,A1/A2,2,Ａ級一般,16:17,16:12,7,https://keirin.kdreams.jp/toyohashi/racedetail/4520260705030002/?pageType=odds,2026-10-06T10:08:54.988753+00:00
4520260705030003,2026-07-07,豊橋競輪,F1,A1/A2,3,Ａ級特選,16:41,16:36,7,https://keirin.kdreams.jp/toyohashi/racedetail/4520260705030003/?pageType=odds,2026-10-06T10:08:57.323643+00:00
4520260705030004,2026-07-07,豊橋競輪,F1,A1/A2,4,Ａ級特選,17:05,17:00,7,https://keirin.kdreams.jp/toyohashi/racedetail/4520260705030004/?pageType=odds,2026-10-06T10:08:59.119498+00:00
4520260705030010,2026-07-07,豊橋競輪,F1,A1/A2,10,Ａ級決勝,19:34,19:29,7,https://keirin.kdreams.jp/toyohashi/racedetail/4520260705030010/?pageType=odds,2026-10-06T10:09:01.003439+00:00
6320260707010001,2026-07-07,防府競輪,F1,A1/A2,1,Ａ級予選,10:45,10:40,7,https://keirin.kdreams.jp/hofu/racedetail/6320260707010001/?pageType=odds,2026-10-06T10:10:01.556937+00:00
6320260707010002,2026-07-07,防府競輪,F1,A1/A2,2,Ａ級予選,11:09,11:04,7,https://keirin.kdreams.jp/hofu/racedetail/6320260707010002/?pageType=odds,2026-10-06T10:10:03.483952+00:00
6320260707010003,2026-07-07,防府競輪,F1,A1/A2,3,Ａ級予選,11:34,11:29,7,https://keirin.kdreams.jp/hofu/racedetail/6320260707010003/?pageType=odds,2026-10-06T10:10:05.699778+00:00
6320260707010004,2026-07-07,防府競輪,F1,A1/A2,4,Ａ級予選,12:01,11:56,7,https://keirin.kdreams.jp/hofu/racedetail/6320260707010004/?pageType=odds,2026-10-06T10:10:07.659851+00:00
6320260707010005,2026-07-07,防府競輪,F1,A1/A2,5,Ａ級初日特選,12:28,12:23,7,https://keirin.kdreams.jp/hofu/racedetail/6320260707010005/?pageType=odds,2026-10-06T10:10:09.514134+00:00
8320260707020007,2026-07-08,久留米競輪,F2,A1/A2,7,Ａ級特一般,18:29,18:24,7,https://keirin.kdreams.jp/kurume/racedetail/8320260707020007/?pageType=odds,2026-10-06T10:10:43.617377+00:00
8320260707020008,2026-07-08,久留米競輪,F2,A1/A2,8,Ａ級特一般,18:55,18:50,7,https://keirin.kdreams.jp/kurume/racedetail/8320260707020008/?pageType=odds,2026-10-06T10:10:45.534235+00:00
8320260707020009,2026-07-08,久留米競輪,F2,A1/A2,9,Ａ級準決勝,19:21,19:16,7,https://keirin.kdreams.jp/kurume/racedetail/8320260707020009/?pageType=odds,2026-10-06T10:10:47.386643+00:00
8320260707020010,2026-07-08,久留米競輪,F2,A1/A2,10,Ａ級準決勝,19:47,19:42,7,https://keirin.kdreams.jp/kurume/racedetail/8320260707020010/?pageType=odds,2026-10-06T10:10:49.120689+00:00
8320260707020011,2026-07-08,久留米競輪,F2,A1/A2,11,Ａ級準決勝,20:15,20:10,7,https://keirin.kdreams.jp/kurume/racedetail/8320260707020011/?pageType=odds,2026-10-06T10:10:51.194857+00:00
1120260708010001,2026-07-08,函館競輪,F1,A1/A2,1,Ａ級予選,15:53,15:48,7,https://keirin.kdreams.jp/hakodate/racedetail/1120260708010001/?pageType=odds,2026-10-06T10:12:11.651877+00:00
1120260708010002,2026-07-08,函館競輪,F1,A1/A2,2,Ａ級予選,16:17,16:12,7,https://keirin.kdreams.jp/hakodate/racedetail/1120260708010002/?pageType=odds,2026-10-06T10:12:13.385597+00:00
1120260708010003,2026-07-08,函館競輪,F1,A1/A2,3,Ａ級予選,16:41,16:36,7,https://keirin.kdreams.jp/hakodate/racedetail/1120260708010003/?pageType=odds,2026-10-06T10:12:15.172376+00:00
1120260708010004,2026-07-08,函館競輪,F1,A1/A2,4,Ａ級予選,17:05,17:00,7,https://keirin.kdreams.jp/hakodate/racedetail/1120260708010004/?pageType=odds,2026-10-06T10:12:16.945498+00:00
1120260708010005,2026-07-08,函館競輪,F1,A1/A2,5,Ａ級初日特選,17:29,17:24,7,https://keirin.kdreams.jp/hakodate/racedetail/1120260708010005/?pageType=odds,2026-10-06T10:12:18.796335+00:00
2320260706030005,2026-07-08,取手競輪,F2,A1/A2,5,Ａ級特一般,12:46,12:41,6,https://keirin.kdreams.jp/toride/racedetail/2320260706030005/?pageType=odds,2026-10-06T10:09:51.507308+00:00
2320260706030006,2026-07-08,取手競輪,F2,A1/A2,6,Ａ級特一般,13:16,13:11,7,https://keirin.kdreams.jp/toride/racedetail/2320260706030006/?pageType=odds,2026-10-06T10:09:53.566580+00:00
2320260706030007,2026-07-08,取手競輪,F2,A1/A2,7,Ａ級特選,13:46,13:41,7,https://keirin.kdreams.jp/toride/racedetail/2320260706030007/?pageType=odds,2026-10-06T10:09:55.542676+00:00
2320260706030008,2026-07-08,取手競輪,F2,A1/A2,8,Ａ級特選,14:16,14:11,7,https://keirin.kdreams.jp/toride/racedetail/2320260706030008/?pageType=odds,2026-10-06T10:09:57.417886+00:00
2320260706030011,2026-07-08,取手競輪,F2,A1/A2,11,Ａ級決勝,15:46,15:41,7,https://keirin.kdreams.jp/toride/racedetail/2320260706030011/?pageType=odds,2026-10-06T10:09:59.540220+00:00
4420260708010001,2026-07-08,大垣競輪,F1,A1/A2,1,Ａ級予選,10:45,10:40,7,https://keirin.kdreams.jp/ogaki/racedetail/4420260708010001/?pageType=odds,2026-10-06T10:12:39.150886+00:00
4420260708010002,2026-07-08,大垣競輪,F1,A1/A2,2,Ａ級予選,11:09,11:04,7,https://keirin.kdreams.jp/ogaki/racedetail/4420260708010002/?pageType=odds,2026-10-06T10:12:41.082150+00:00
4420260708010003,2026-07-08,大垣競輪,F1,A1/A2,3,Ａ級予選,11:34,11:29,7,https://keirin.kdreams.jp/ogaki/racedetail/4420260708010003/?pageType=odds,2026-10-06T10:12:43.254534+00:00
4420260708010004,2026-07-08,大垣競輪,F1,A1/A2,4,Ａ級予選,12:01,11:56,7,https://keirin.kdreams.jp/ogaki/racedetail/4420260708010004/?pageType=odds,2026-10-06T10:12:45.258795+00:00
4420260708010005,2026-07-08,大垣競輪,F1,A1/A2,5,Ａ級初日特選,12:28,12:23,7,https://keirin.kdreams.jp/ogaki/racedetail/4420260708010005/?pageType=odds,2026-10-06T10:12:47.144377+00:00
2120260707020005,2026-07-08,弥彦競輪,F2,A1/A2,5,Ａ級特一般,22:00,21:55,7,https://keirin.kdreams.jp/yahiko/racedetail/2120260707020005/?pageType=odds,2026-10-06T10:11:52.363451+00:00
2120260707020006,2026-07-08,弥彦競輪,F2,A1/A2,6,Ａ級特一般,22:20,22:15,7,https://keirin.kdreams.jp/yahiko/racedetail/2120260707020006/?pageType=odds,2026-10-06T10:11:54.263698+00:00
2120260707020007,2026-07-08,弥彦競輪,F2,A1/A2,7,Ａ級準決勝,22:40,22:35,7,https://keirin.kdreams.jp/yahiko/racedetail/2120260707020007/?pageType=odds,2026-10-06T10:11:56.193261+00:00
2120260707020008,2026-07-08,弥彦競輪,F2,A1/A2,8,Ａ級準決勝,23:00,22:55,7,https://keirin.kdreams.jp/yahiko/racedetail/2120260707020008/?pageType=odds,2026-10-06T10:11:57.988743+00:00
2120260707020009,2026-07-08,弥彦競輪,F2,A1/A2,9,Ａ級準決勝,23:20,23:15,7,https://keirin.kdreams.jp/yahiko/racedetail/2120260707020009/?pageType=odds,2026-10-06T10:12:00.015552+00:00
6120260707020003,2026-07-08,玉野競輪,F2,A1/A2,3,Ａ級一般,21:30,21:25,5,https://keirin.kdreams.jp/tamano/racedetail/6120260707020003/?pageType=odds,2026-10-06T10:11:15.814813+00:00
6120260707020004,2026-07-08,玉野競輪,F2,A1/A2,4,Ａ級一般,21:50,21:45,5,https://keirin.kdreams.jp/tamano/racedetail/6120260707020004/?pageType=odds,2026-10-06T10:11:17.717629+00:00
6120260707020005,2026-07-08,玉野競輪,F2,A1/A2,5,Ａ級選抜,22:10,22:05,7,https://keirin.kdreams.jp/tamano/racedetail/6120260707020005/?pageType=odds,2026-10-06T10:11:19.539730+00:00
6120260707020006,2026-07-08,玉野競輪,F2,A1/A2,6,Ａ級選抜,22:30,22:25,7,https://keirin.kdreams.jp/tamano/racedetail/6120260707020006/?pageType=odds,2026-10-06T10:11:21.661901+00:00
6120260707020007,2026-07-08,玉野競輪,F2,A1/A2,7,Ａ級準決勝,22:50,22:45,7,https://keirin.kdreams.jp/tamano/racedetail/6120260707020007/?pageType=odds,2026-10-06T10:11:23.540780+00:00
6120260707020008,2026-07-08,玉野競輪,F2,A1/A2,8,Ａ級準決勝,23:10,23:05,7,https://keirin.kdreams.jp/tamano/racedetail/6120260707020008/?pageType=odds,2026-10-06T10:11:25.311365+00:00
6120260707020009,2026-07-08,玉野競輪,F2,A1/A2,9,Ａ級準決勝,23:30,23:25,7,https://keirin.kdreams.jp/tamano/racedetail/6120260707020009/?pageType=odds,2026-10-06T10:11:27.493544+00:00
6320260707020001,2026-07-08,防府競輪,F1,A1/A2,1,Ａ級一般,10:53,10:48,7,https://keirin.kdreams.jp/hofu/racedetail/6320260707020001/?pageType=odds,2026-10-06T10:10:11.372901+00:00
6320260707020002,2026-07-08,防府競輪,F1,A1/A2,2,Ａ級一般,11:17,11:12,7,https://keirin.kdreams.jp/hofu/racedetail/6320260707020002/?pageType=odds,2026-10-06T10:10:13.344305+00:00
6320260707020003,2026-07-08,防府競輪,F1,A1/A2,3,Ａ級準決勝,11:43,11:38,7,https://keirin.kdreams.jp/hofu/racedetail/6320260707020003/?pageType=odds,2026-10-06T10:10:18.086499+00:00
6320260707020004,2026-07-08,防府競輪,F1,A1/A2,4,Ａ級準決勝,12:10,12:05,7,https://keirin.kdreams.jp/hofu/racedetail/6320260707020004/?pageType=odds,2026-10-06T10:10:20.521138+00:00
6320260707020005,2026-07-08,防府競輪,F1,A1/A2,5,Ａ級準決勝,12:37,12:32,7,https://keirin.kdreams.jp/hofu/racedetail/6320260707020005/?pageType=odds,2026-10-06T10:10:22.622328+00:00
8320260707030005,2026-07-09,久留米競輪,F2,A1/A2,5,Ａ級特一般,17:38,17:33,7,https://keirin.kdreams.jp/kurume/racedetail/8320260707030005/?pageType=odds,2026-10-06T10:10:53.540354+00:00
8320260707030006,2026-07-09,久留米競輪,F2,A1/A2,6,Ａ級特一般,18:04,17:59,7,https://keirin.kdreams.jp/kurume/racedetail/8320260707030006/?pageType=odds,2026-10-06T10:10:55.589918+00:00
8320260707030007,2026-07-09,久留米競輪,F2,A1/A2,7,Ａ級特選,18:30,18:25,7,https://keirin.kdreams.jp/kurume/racedetail/8320260707030007/?pageType=odds,2026-10-06T10:10:57.381849+00:00
8320260707030008,2026-07-09,久留米競輪,F2,A1/A2,8,Ａ級特選,18:56,18:51,7,https://keirin.kdreams.jp/kurume/racedetail/8320260707030008/?pageType=odds,2026-10-06T10:10:59.238683+00:00
8320260707030011,2026-07-09,久留米競輪,F2,A1/A2,11,Ａ級決勝,20:16,20:11,7,https://keirin.kdreams.jp/kurume/racedetail/8320260707030011/?pageType=odds,2026-10-06T10:11:01.175004+00:00
1120260708020001,2026-07-09,函館競輪,F1,A1/A2,1,Ａ級一般,15:45,15:40,7,https://keirin.kdreams.jp/hakodate/racedetail/1120260708020001/?pageType=odds,2026-10-06T10:12:20.948775+00:00
1120260708020002,2026-07-09,函館競輪,F1,A1/A2,2,Ａ級一般,16:07,16:02,7,https://keirin.kdreams.jp/hakodate/racedetail/1120260708020002/?pageType=odds,2026-10-06T10:12:22.803058+00:00
1120260708020003,2026-07-09,函館競輪,F1,A1/A2,3,Ａ級準決勝,16:33,16:28,7,https://keirin.kdreams.jp/hakodate/racedetail/1120260708020003/?pageType=odds,2026-10-06T10:12:24.585941+00:00
1120260708020004,2026-07-09,函館競輪,F1,A1/A2,4,Ａ級準決勝,16:59,16:54,7,https://keirin.kdreams.jp/hakodate/racedetail/1120260708020004/?pageType=odds,2026-10-06T10:12:26.424979+00:00
1120260708020005,2026-07-09,函館競輪,F1,A1/A2,5,Ａ級準決勝,17:25,17:20,7,https://keirin.kdreams.jp/hakodate/racedetail/1120260708020005/?pageType=odds,2026-10-06T10:12:28.184142+00:00
4420260708020001,2026-07-09,大垣競輪,F1,A1/A2,1,Ａ級一般,10:45,10:40,7,https://keirin.kdreams.jp/ogaki/racedetail/4420260708020001/?pageType=odds,2026-10-06T10:12:49.266934+00:00
4420260708020002,2026-07-09,大垣競輪,F1,A1/A2,2,Ａ級一般,11:10,11:05,7,https://keirin.kdreams.jp/ogaki/racedetail/4420260708020002/?pageType=odds,2026-10-06T10:12:51.311800+00:00
4420260708020003,2026-07-09,大垣競輪,F1,A1/A2,3,Ａ級準決勝,11:37,11:32,7,https://keirin.kdreams.jp/ogaki/racedetail/4420260708020003/?pageType=odds,2026-10-06T10:12:53.253183+00:00
4420260708020004,2026-07-09,大垣競輪,F1,A1/A2,4,Ａ級準決勝,12:05,12:00,7,https://keirin.kdreams.jp/ogaki/racedetail/4420260708020004/?pageType=odds,2026-10-06T10:12:55.103868+00:00
4420260708020005,2026-07-09,大垣競輪,F1,A1/A2,5,Ａ級準決勝,12:33,12:28,7,https://keirin.kdreams.jp/ogaki/racedetail/4420260708020005/?pageType=odds,2026-10-06T10:12:57.117050+00:00
2120260707030004,2026-07-09,弥彦競輪,F2,A1/A2,4,Ａ級特一般,21:40,21:35,7,https://keirin.kdreams.jp/yahiko/racedetail/2120260707030004/?pageType=odds,2026-10-06T10:12:01.854904+00:00
2120260707030005,2026-07-09,弥彦競輪,F2,A1/A2,5,Ａ級特一般,22:00,21:55,7,https://keirin.kdreams.jp/yahiko/racedetail/2120260707030005/?pageType=odds,2026-10-06T10:12:03.681341+00:00
2120260707030006,2026-07-09,弥彦競輪,F2,A1/A2,6,Ａ級特選,22:20,22:15,7,https://keirin.kdreams.jp/yahiko/racedetail/2120260707030006/?pageType=odds,2026-10-06T10:12:05.778403+00:00
2120260707030007,2026-07-09,弥彦競輪,F2,A1/A2,7,Ａ級特選,22:40,22:35,7,https://keirin.kdreams.jp/yahiko/racedetail/2120260707030007/?pageType=odds,2026-10-06T10:12:07.865549+00:00
2120260707030009,2026-07-09,弥彦競輪,F2,A1/A2,9,Ａ級決勝,23:20,23:15,7,https://keirin.kdreams.jp/yahiko/racedetail/2120260707030009/?pageType=odds,2026-10-06T10:12:09.740348+00:00
6120260707030002,2026-07-09,玉野競輪,F2,A1/A2,2,Ａ級一般,21:10,21:05,6,https://keirin.kdreams.jp/tamano/racedetail/6120260707030002/?pageType=odds,2026-10-06T10:11:29.379725+00:00
6120260707030003,2026-07-09,玉野競輪,F2,A1/A2,3,Ａ級一般,21:30,21:25,6,https://keirin.kdreams.jp/tamano/racedetail/6120260707030003/?pageType=odds,2026-10-06T10:11:31.114479+00:00
6120260707030004,2026-07-09,玉野競輪,F2,A1/A2,4,Ａ級一般,21:50,21:45,7,https://keirin.kdreams.jp/tamano/racedetail/6120260707030004/?pageType=odds,2026-10-06T10:11:33.538157+00:00
6120260707030005,2026-07-09,玉野競輪,F2,A1/A2,5,Ａ級特選,22:10,22:05,7,https://keirin.kdreams.jp/tamano/racedetail/6120260707030005/?pageType=odds,2026-10-06T10:11:35.373951+00:00
6120260707030006,2026-07-09,玉野競輪,F2,A1/A2,6,Ａ級特選,22:30,22:25,7,https://keirin.kdreams.jp/tamano/racedetail/6120260707030006/?pageType=odds,2026-10-06T10:11:37.724558+00:00
6120260707030007,2026-07-09,玉野競輪,F2,A1/A2,7,Ａ級特選,22:50,22:45,7,https://keirin.kdreams.jp/tamano/racedetail/6120260707030007/?pageType=odds,2026-10-06T10:11:39.636840+00:00
6120260707030009,2026-07-09,玉野競輪,F2,A1/A2,9,Ａ級決勝,23:30,23:25,7,https://keirin.kdreams.jp/tamano/racedetail/6120260707030009/?pageType=odds,2026-10-06T10:11:41.729606+00:00
6320260707030001,2026-07-09,防府競輪,F1,A1/A2,1,Ａ級一般,10:57,10:52,6,https://keirin.kdreams.jp/hofu/racedetail/6320260707030001/?pageType=odds,2026-10-06T10:10:24.500441+00:00
6320260707030002,2026-07-09,防府競輪,F1,A1/A2,2,Ａ級一般,11:23,11:18,7,https://keirin.kdreams.jp/hofu/racedetail/6320260707030002/?pageType=odds,2026-10-06T10:10:26.351128+00:00
6320260707030003,2026-07-09,防府競輪,F1,A1/A2,3,Ａ級特選,11:51,11:46,7,https://keirin.kdreams.jp/hofu/racedetail/6320260707030003/?pageType=odds,2026-10-06T10:10:28.360086+00:00
6320260707030004,2026-07-09,防府競輪,F1,A1/A2,4,Ａ級特選,12:19,12:14,7,https://keirin.kdreams.jp/hofu/racedetail/6320260707030004/?pageType=odds,2026-10-06T10:10:30.362049+00:00
6320260707030011,2026-07-09,防府競輪,F1,A1/A2,11,Ａ級決勝,15:37,15:32,7,https://keirin.kdreams.jp/hofu/racedetail/6320260707030011/?pageType=odds,2026-10-06T10:10:32.436015+00:00
1320260710010005,2026-07-10,いわき平競輪,F2,A1/A2,5,Ａ級特予選,22:10,22:05,7,https://keirin.kdreams.jp/iwakitaira/racedetail/1320260710010005/?pageType=odds,2026-10-06T10:13:36.711357+00:00
1320260710010006,2026-07-10,いわき平競輪,F2,A1/A2,6,Ａ級特予選,22:30,22:25,7,https://keirin.kdreams.jp/iwakitaira/racedetail/1320260710010006/?pageType=odds,2026-10-06T10:13:38.493926+00:00
1320260710010007,2026-07-10,いわき平競輪,F2,A1/A2,7,Ａ級特予選,22:50,22:45,7,https://keirin.kdreams.jp/iwakitaira/racedetail/1320260710010007/?pageType=odds,2026-10-06T10:13:40.414367+00:00
1320260710010008,2026-07-10,いわき平競輪,F2,A1/A2,8,Ａ級特予選,23:10,23:05,7,https://keirin.kdreams.jp/iwakitaira/racedetail/1320260710010008/?pageType=odds,2026-10-06T10:13:42.574518+00:00
1320260710010009,2026-07-10,いわき平競輪,F2,A1/A2,9,Ａ級初日特選,23:30,23:25,7,https://keirin.kdreams.jp/iwakitaira/racedetail/1320260710010009/?pageType=odds,2026-10-06T10:13:44.598155+00:00
3720260710010001,2026-07-10,伊東競輪,F1,A1/A2,1,Ａ級予選,15:55,15:50,7,https://keirin.kdreams.jp/ito/racedetail/3720260710010001/?pageType=odds,2026-10-06T10:13:08.480002+00:00
3720260710010002,2026-07-10,伊東競輪,F1,A1/A2,2,Ａ級予選,16:17,16:12,7,https://keirin.kdreams.jp/ito/racedetail/3720260710010002/?pageType=odds,2026-10-06T10:13:10.196417+00:00
3720260710010003,2026-07-10,伊東競輪,F1,A1/A2,3,Ａ級予選,16:40,16:35,7,https://keirin.kdreams.jp/ito/racedetail/3720260710010003/?pageType=odds,2026-10-06T10:13:12.037284+00:00
3720260710010004,2026-07-10,伊東競輪,F1,A1/A2,4,Ａ級予選,17:03,16:58,7,https://keirin.kdreams.jp/ito/racedetail/3720260710010004/?pageType=odds,2026-10-06T10:13:13.952913+00:00
3720260710010005,2026-07-10,伊東競輪,F1,A1/A2,5,Ａ級初日特選,17:26,17:21,7,https://keirin.kdreams.jp/ito/racedetail/3720260710010005/?pageType=odds,2026-10-06T10:13:15.834607+00:00
1120260708030001,2026-07-10,函館競輪,F1,A1/A2,1,Ａ級一般,16:10,16:05,7,https://keirin.kdreams.jp/hakodate/racedetail/1120260708030001/?pageType=odds,2026-10-06T10:12:29.920871+00:00
1120260708030002,2026-07-10,函館競輪,F1,A1/A2,2,Ａ級一般,16:32,16:27,7,https://keirin.kdreams.jp/hakodate/racedetail/1120260708030002/?pageType=odds,2026-10-06T10:12:31.729805+00:00
1120260708030003,2026-07-10,函館競輪,F1,A1/A2,3,Ａ級特選,16:54,16:49,7,https://keirin.kdreams.jp/hakodate/racedetail/1120260708030003/?pageType=odds,2026-10-06T10:12:33.517962+00:00
1120260708030004,2026-07-10,函館競輪,F1,A1/A2,4,Ａ級特選,17:16,17:11,7,https://keirin.kdreams.jp/hakodate/racedetail/1120260708030004/?pageType=odds,2026-10-06T10:12:35.464413+00:00
1120260708030011,2026-07-10,函館競輪,F1,A1/A2,11,Ａ級決勝,20:04,19:59,7,https://keirin.kdreams.jp/hakodate/racedetail/1120260708030011/?pageType=odds,2026-10-06T10:12:37.379019+00:00
2220260710010001,2026-07-10,前橋競輪,,A1/A2,1,Ａ級特予選,10:58,10:53,7,https://keirin.kdreams.jp/maebashi/racedetail/2220260710010001/?pageType=odds,2026-10-06T10:14:06.125463+00:00
2220260710010002,2026-07-10,前橋競輪,,A1/A2,2,Ａ級特予選,11:26,11:21,7,https://keirin.kdreams.jp/maebashi/racedetail/2220260710010002/?pageType=odds,2026-10-06T10:14:08.293445+00:00
2220260710010003,2026-07-10,前橋競輪,,A1/A2,3,Ａ級特予選,11:54,11:49,7,https://keirin.kdreams.jp/maebashi/racedetail/2220260710010003/?pageType=odds,2026-10-06T10:14:10.250875+00:00
2220260710010004,2026-07-10,前橋競輪,,A1/A2,4,Ａ級特予選,12:22,12:17,7,https://keirin.kdreams.jp/maebashi/racedetail/2220260710010004/?pageType=odds,2026-10-06T10:14:12.075325+00:00
2220260710010005,2026-07-10,前橋競輪,,A1/A2,5,Ａ級初日特選,12:50,12:45,7,https://keirin.kdreams.jp/maebashi/racedetail/2220260710010005/?pageType=odds,2026-10-06T10:14:14.047194+00:00
4220260710010003,2026-07-10,名古屋競輪,F2,A1/A2,3,Ａ級予選,21:20,21:15,7,https://keirin.kdreams.jp/nagoya/racedetail/4220260710010003/?pageType=odds,2026-10-06T10:14:37.086572+00:00
4220260710010004,2026-07-10,名古屋競輪,F2,A1/A2,4,Ａ級予選,21:40,21:35,7,https://keirin.kdreams.jp/nagoya/racedetail/4220260710010004/?pageType=odds,2026-10-06T10:14:39.058554+00:00
4220260710010005,2026-07-10,名古屋競輪,F2,A1/A2,5,Ａ級予選,22:00,21:55,7,https://keirin.kdreams.jp/nagoya/racedetail/4220260710010005/?pageType=odds,2026-10-06T10:14:40.834531+00:00
4220260710010006,2026-07-10,名古屋競輪,F2,A1/A2,6,Ａ級予選,22:20,22:15,7,https://keirin.kdreams.jp/nagoya/racedetail/4220260710010006/?pageType=odds,2026-10-06T10:14:42.727749+00:00
4220260710010007,2026-07-10,名古屋競輪,F2,A1/A2,7,Ａ級予選,22:40,22:35,7,https://keirin.kdreams.jp/nagoya/racedetail/4220260710010007/?pageType=odds,2026-10-06T10:14:44.639569+00:00
4220260710010008,2026-07-10,名古屋競輪,F2,A1/A2,8,Ａ級予選,23:00,22:55,7,https://keirin.kdreams.jp/nagoya/racedetail/4220260710010008/?pageType=odds,2026-10-06T10:14:46.857325+00:00
4220260710010009,2026-07-10,名古屋競輪,F2,A1/A2,9,Ａ級初日特選,23:20,23:15,7,https://keirin.kdreams.jp/nagoya/racedetail/4220260710010009/?pageType=odds,2026-10-06T10:14:48.672062+00:00
4420260708030001,2026-07-10,大垣競輪,F1,A1/A2,1,Ａ級一般,10:45,10:40,5,https://keirin.kdreams.jp/ogaki/racedetail/4420260708030001/?pageType=odds,2026-10-06T10:12:58.723790+00:00
4420260708030002,2026-07-10,大垣競輪,F1,A1/A2,2,Ａ級一般,11:12,11:07,6,https://keirin.kdreams.jp/ogaki/racedetail/4420260708030002/?pageType=odds,2026-10-06T10:13:00.667202+00:00
4420260708030003,2026-07-10,大垣競輪,F1,A1/A2,3,Ａ級特選,11:40,11:35,7,https://keirin.kdreams.jp/ogaki/racedetail/4420260708030003/?pageType=odds,2026-10-06T10:13:02.717459+00:00
4420260708030004,2026-07-10,大垣競輪,F1,A1/A2,4,Ａ級特選,12:08,12:03,7,https://keirin.kdreams.jp/ogaki/racedetail/4420260708030004/?pageType=odds,2026-10-06T10:13:04.655417+00:00
4420260708030011,2026-07-10,大垣競輪,F1,A1/A2,11,Ａ級決勝,15:32,15:27,7,https://keirin.kdreams.jp/ogaki/racedetail/4420260708030011/?pageType=odds,2026-10-06T10:13:06.608175+00:00
3620260710010001,2026-07-10,小田原競輪,F2,A1/A2,1,Ａ級特予選,08:40,08:35,7,https://keirin.kdreams.jp/odawara/racedetail/3620260710010001/?pageType=odds,2026-10-06T10:15:19.227408+00:00
3620260710010002,2026-07-10,小田原競輪,F2,A1/A2,2,Ａ級特予選,09:00,08:55,7,https://keirin.kdreams.jp/odawara/racedetail/3620260710010002/?pageType=odds,2026-10-06T10:15:21.127974+00:00
3620260710010003,2026-07-10,小田原競輪,F2,A1/A2,3,Ａ級特予選,09:20,09:15,7,https://keirin.kdreams.jp/odawara/racedetail/3620260710010003/?pageType=odds,2026-10-06T10:15:22.953690+00:00
3620260710010004,2026-07-10,小田原競輪,F2,A1/A2,4,Ａ級特予選,09:40,09:35,7,https://keirin.kdreams.jp/odawara/racedetail/3620260710010004/?pageType=odds,2026-10-06T10:15:24.746121+00:00
3620260710010005,2026-07-10,小田原競輪,F2,A1/A2,5,Ａ級初日特選,10:00,09:55,7,https://keirin.kdreams.jp/odawara/racedetail/3620260710010005/?pageType=odds,2026-10-06T10:15:26.494332+00:00
1320260710020005,2026-07-11,いわき平競輪,F2,A1/A2,5,Ａ級特一般,22:10,22:05,7,https://keirin.kdreams.jp/iwakitaira/racedetail/1320260710020005/?pageType=odds,2026-10-06T10:13:46.507356+00:00
1320260710020006,2026-07-11,いわき平競輪,F2,A1/A2,6,Ａ級特一般,22:30,22:25,7,https://keirin.kdreams.jp/iwakitaira/racedetail/1320260710020006/?pageType=odds,2026-10-06T10:13:48.326580+00:00
1320260710020007,2026-07-11,いわき平競輪,F2,A1/A2,7,Ａ級準決勝,22:50,22:45,7,https://keirin.kdreams.jp/iwakitaira/racedetail/1320260710020007/?pageType=odds,2026-10-06T10:13:50.214050+00:00
1320260710020008,2026-07-11,いわき平競輪,F2,A1/A2,8,Ａ級準決勝,23:10,23:05,7,https://keirin.kdreams.jp/iwakitaira/racedetail/1320260710020008/?pageType=odds,2026-10-06T10:13:52.233878+00:00
1320260710020009,2026-07-11,いわき平競輪,F2,A1/A2,9,Ａ級準決勝,23:30,23:25,7,https://keirin.kdreams.jp/iwakitaira/racedetail/1320260710020009/?pageType=odds,2026-10-06T10:13:54.200850+00:00
3720260710020001,2026-07-11,伊東競輪,F1,A1/A2,1,Ａ級一般,15:55,15:50,7,https://keirin.kdreams.jp/ito/racedetail/3720260710020001/?pageType=odds,2026-10-06T10:13:17.740210+00:00
3720260710020002,2026-07-11,伊東競輪,F1,A1/A2,2,Ａ級一般,16:18,16:13,7,https://keirin.kdreams.jp/ito/racedetail/3720260710020002/?pageType=odds,2026-10-06T10:13:19.614385+00:00
3720260710020003,2026-07-11,伊東競輪,F1,A1/A2,3,Ａ級準決勝,16:42,16:37,7,https://keirin.kdreams.jp/ito/racedetail/3720260710020003/?pageType=odds,2026-10-06T10:13:21.588943+00:00
3720260710020004,2026-07-11,伊東競輪,F1,A1/A2,4,Ａ級準決勝,17:06,17:01,7,https://keirin.kdreams.jp/ito/racedetail/3720260710020004/?pageType=odds,2026-10-06T10:13:23.696699+00:00
3720260710020005,2026-07-11,伊東競輪,F1,A1/A2,5,Ａ級準決勝,17:30,17:25,7,https://keirin.kdreams.jp/ito/racedetail/3720260710020005/?pageType=odds,2026-10-06T10:13:25.496181+00:00
2220260710020001,2026-07-11,前橋競輪,,A1/A2,1,Ａ級特一般,10:58,10:53,7,https://keirin.kdreams.jp/maebashi/racedetail/2220260710020001/?pageType=odds,2026-10-06T10:14:16.466466+00:00
2220260710020002,2026-07-11,前橋競輪,,A1/A2,2,Ａ級特一般,11:26,11:21,7,https://keirin.kdreams.jp/maebashi/racedetail/2220260710020002/?pageType=odds,2026-10-06T10:14:18.466495+00:00
2220260710020003,2026-07-11,前橋競輪,,A1/A2,3,Ａ級準決勝,11:54,11:49,7,https://keirin.kdreams.jp/maebashi/racedetail/2220260710020003/?pageType=odds,2026-10-06T10:14:20.596705+00:00
2220260710020004,2026-07-11,前橋競輪,,A1/A2,4,Ａ級準決勝,12:22,12:17,7,https://keirin.kdreams.jp/maebashi/racedetail/2220260710020004/?pageType=odds,2026-10-06T10:14:22.787656+00:00
2220260710020005,2026-07-11,前橋競輪,,A1/A2,5,Ａ級準決勝,12:50,12:45,7,https://keirin.kdreams.jp/maebashi/racedetail/2220260710020005/?pageType=odds,2026-10-06T10:14:24.649845+00:00
4220260710020003,2026-07-11,名古屋競輪,F2,A1/A2,3,Ａ級一般,21:20,21:15,7,https://keirin.kdreams.jp/nagoya/racedetail/4220260710020003/?pageType=odds,2026-10-06T10:14:50.709585+00:00
4220260710020004,2026-07-11,名古屋競輪,F2,A1/A2,4,Ａ級一般,21:40,21:35,7,https://keirin.kdreams.jp/nagoya/racedetail/4220260710020004/?pageType=odds,2026-10-06T10:14:52.652934+00:00
4220260710020005,2026-07-11,名古屋競輪,F2,A1/A2,5,Ａ級選抜,22:00,21:55,7,https://keirin.kdreams.jp/nagoya/racedetail/4220260710020005/?pageType=odds,2026-10-06T10:14:54.634421+00:00
4220260710020006,2026-07-11,名古屋競輪,F2,A1/A2,6,Ａ級選抜,22:20,22:15,7,https://keirin.kdreams.jp/nagoya/racedetail/4220260710020006/?pageType=odds,2026-10-06T10:14:56.493576+00:00
4220260710020007,2026-07-11,名古屋競輪,F2,A1/A2,7,Ａ級準決勝,22:40,22:35,7,https://keirin.kdreams.jp/nagoya/racedetail/4220260710020007/?pageType=odds,2026-10-06T10:14:58.395074+00:00
4220260710020008,2026-07-11,名古屋競輪,F2,A1/A2,8,Ａ級準決勝,23:00,22:55,7,https://keirin.kdreams.jp/nagoya/racedetail/4220260710020008/?pageType=odds,2026-10-06T10:15:00.406430+00:00
4220260710020009,2026-07-11,名古屋競輪,F2,A1/A2,9,Ａ級準決勝,23:20,23:15,7,https://keirin.kdreams.jp/nagoya/racedetail/4220260710020009/?pageType=odds,2026-10-06T10:15:02.445356+00:00
3620260710020001,2026-07-11,小田原競輪,F2,A1/A2,1,Ａ級特一般,08:30,08:25,6,https://keirin.kdreams.jp/odawara/racedetail/3620260710020001/?pageType=odds,2026-10-06T10:15:28.393714+00:00
3620260710020002,2026-07-11,小田原競輪,F2,A1/A2,2,Ａ級特一般,08:50,08:45,7,https://keirin.kdreams.jp/odawara/racedetail/3620260710020002/?pageType=odds,2026-10-06T10:15:30.254191+00:00
3620260710020003,2026-07-11,小田原競輪,F2,A1/A2,3,Ａ級準決勝,09:11,09:06,7,https://keirin.kdreams.jp/odawara/racedetail/3620260710020003/?pageType=odds,2026-10-06T10:15:32.143095+00:00
3620260710020004,2026-07-11,小田原競輪,F2,A1/A2,4,Ａ級準決勝,09:32,09:27,7,https://keirin.kdreams.jp/odawara/racedetail/3620260710020004/?pageType=odds,2026-10-06T10:15:34.572797+00:00
3620260710020005,2026-07-11,小田原競輪,F2,A1/A2,5,Ａ級準決勝,09:53,09:48,7,https://keirin.kdreams.jp/odawara/racedetail/3620260710020005/?pageType=odds,2026-10-06T10:15:36.324793+00:00
4320260711010001,2026-07-11,岐阜競輪,F1,A1/A2,1,Ａ級予選,10:45,10:40,7,https://keirin.kdreams.jp/gifu/racedetail/4320260711010001/?pageType=odds,2026-10-06T10:15:48.080391+00:00
4320260711010002,2026-07-11,岐阜競輪,F1,A1/A2,2,Ａ級予選,11:12,11:07,7,https://keirin.kdreams.jp/gifu/racedetail/4320260711010002/?pageType=odds,2026-10-06T10:15:50.095725+00:00
4320260711010003,2026-07-11,岐阜競輪,F1,A1/A2,3,Ａ級予選,11:40,11:35,7,https://keirin.kdreams.jp/gifu/racedetail/4320260711010003/?pageType=odds,2026-10-06T10:15:52.019635+00:00
4320260711010004,2026-07-11,岐阜競輪,F1,A1/A2,4,Ａ級予選,12:08,12:03,7,https://keirin.kdreams.jp/gifu/racedetail/4320260711010004/?pageType=odds,2026-10-06T10:15:53.926408+00:00
4320260711010005,2026-07-11,岐阜競輪,F1,A1/A2,5,Ａ級初日特選,12:36,12:31,7,https://keirin.kdreams.jp/gifu/racedetail/4320260711010005/?pageType=odds,2026-10-06T10:15:55.850674+00:00
7520260711010007,2026-07-11,松山競輪,F2,A1/A2,7,Ａ級特予選,18:30,18:25,7,https://keirin.kdreams.jp/matsuyama/racedetail/7520260711010007/?pageType=odds,2026-10-06T10:16:18.603201+00:00
7520260711010008,2026-07-11,松山競輪,F2,A1/A2,8,Ａ級特予選,18:56,18:51,7,https://keirin.kdreams.jp/matsuyama/racedetail/7520260711010008/?pageType=odds,2026-10-06T10:16:20.609143+00:00
7520260711010009,2026-07-11,松山競輪,F2,A1/A2,9,Ａ級特予選,19:22,19:17,7,https://keirin.kdreams.jp/matsuyama/racedetail/7520260711010009/?pageType=odds,2026-10-06T10:16:22.792755+00:00
7520260711010010,2026-07-11,松山競輪,F2,A1/A2,10,Ａ級特予選,19:48,19:43,7,https://keirin.kdreams.jp/matsuyama/racedetail/7520260711010010/?pageType=odds,2026-10-06T10:16:24.736463+00:00
7520260711010011,2026-07-11,松山競輪,F2,A1/A2,11,Ａ級初日特選,20:16,20:11,7,https://keirin.kdreams.jp/matsuyama/racedetail/7520260711010011/?pageType=odds,2026-10-06T10:16:26.687333+00:00
1320260710030004,2026-07-12,いわき平競輪,F2,A1/A2,4,Ａ級特一般,21:50,21:45,7,https://keirin.kdreams.jp/iwakitaira/racedetail/1320260710030004/?pageType=odds,2026-10-06T10:13:56.378949+00:00
1320260710030005,2026-07-12,いわき平競輪,F2,A1/A2,5,Ａ級特一般,22:10,22:05,7,https://keirin.kdreams.jp/iwakitaira/racedetail/1320260710030005/?pageType=odds,2026-10-06T10:13:58.268487+00:00
1320260710030006,2026-07-12,いわき平競輪,F2,A1/A2,6,Ａ級特選,22:30,22:25,7,https://keirin.kdreams.jp/iwakitaira/racedetail/1320260710030006/?pageType=odds,2026-10-06T10:14:00.115736+00:00
1320260710030007,2026-07-12,いわき平競輪,F2,A1/A2,7,Ａ級特選,22:50,22:45,7,https://keirin.kdreams.jp/iwakitaira/racedetail/1320260710030007/?pageType=odds,2026-10-06T10:14:02.201481+00:00
1320260710030009,2026-07-12,いわき平競輪,F2,A1/A2,9,Ａ級決勝,23:30,23:25,7,https://keirin.kdreams.jp/iwakitaira/racedetail/1320260710030009/?pageType=odds,2026-10-06T10:14:04.297977+00:00
3720260710030001,2026-07-12,伊東競輪,F1,A1/A2,1,Ａ級一般,15:55,15:50,7,https://keirin.kdreams.jp/ito/racedetail/3720260710030001/?pageType=odds,2026-10-06T10:13:27.466394+00:00
3720260710030002,2026-07-12,伊東競輪,F1,A1/A2,2,Ａ級一般,16:18,16:13,7,https://keirin.kdreams.jp/ito/racedetail/3720260710030002/?pageType=odds,2026-10-06T10:13:29.398942+00:00
3720260710030003,2026-07-12,伊東競輪,F1,A1/A2,3,Ａ級特選,16:42,16:37,7,https://keirin.kdreams.jp/ito/racedetail/3720260710030003/?pageType=odds,2026-10-06T10:13:31.373863+00:00
3720260710030004,2026-07-12,伊東競輪,F1,A1/A2,4,Ａ級特選,17:06,17:01,7,https://keirin.kdreams.jp/ito/racedetail/3720260710030004/?pageType=odds,2026-10-06T10:13:32.987678+00:00
3720260710030010,2026-07-12,伊東競輪,F1,A1/A2,10,Ａ級決勝,19:35,19:30,7,https://keirin.kdreams.jp/ito/racedetail/3720260710030010/?pageType=odds,2026-10-06T10:13:34.898688+00:00
2220260710030001,2026-07-12,前橋競輪,,A1/A2,1,Ａ級特一般,10:58,10:53,7,https://keirin.kdreams.jp/maebashi/racedetail/2220260710030001/?pageType=odds,2026-10-06T10:14:26.957418+00:00
2220260710030002,2026-07-12,前橋競輪,,A1/A2,2,Ａ級特一般,11:26,11:21,7,https://keirin.kdreams.jp/maebashi/racedetail/2220260710030002/?pageType=odds,2026-10-06T10:14:28.927081+00:00
2220260710030003,2026-07-12,前橋競輪,,A1/A2,3,Ａ級特選,11:54,11:49,7,https://keirin.kdreams.jp/maebashi/racedetail/2220260710030003/?pageType=odds,2026-10-06T10:14:31.122907+00:00
2220260710030004,2026-07-12,前橋競輪,,A1/A2,4,Ａ級特選,12:22,12:17,7,https://keirin.kdreams.jp/maebashi/racedetail/2220260710030004/?pageType=odds,2026-10-06T10:14:33.066056+00:00
2220260710030011,2026-07-12,前橋競輪,,A1/A2,11,Ａ級決勝,15:48,15:43,7,https://keirin.kdreams.jp/maebashi/racedetail/2220260710030011/?pageType=odds,2026-10-06T10:14:35.158877+00:00
4220260710030002,2026-07-12,名古屋競輪,F2,A1/A2,2,Ａ級一般,21:00,20:55,7,https://keirin.kdreams.jp/nagoya/racedetail/4220260710030002/?pageType=odds,2026-10-06T10:15:04.745565+00:00
4220260710030003,2026-07-12,名古屋競輪,F2,A1/A2,3,Ａ級一般,21:20,21:15,7,https://keirin.kdreams.jp/nagoya/racedetail/4220260710030003/?pageType=odds,2026-10-06T10:15:07.059218+00:00
4220260710030004,2026-07-12,名古屋競輪,F2,A1/A2,4,Ａ級一般,21:40,21:35,7,https://keirin.kdreams.jp/nagoya/racedetail/4220260710030004/?pageType=odds,2026-10-06T10:15:09.068574+00:00
4220260710030005,2026-07-12,名古屋競輪,F2,A1/A2,5,Ａ級特選,22:00,21:55,7,https://keirin.kdreams.jp/nagoya/racedetail/4220260710030005/?pageType=odds,2026-10-06T10:15:11.338149+00:00
4220260710030006,2026-07-12,名古屋競輪,F2,A1/A2,6,Ａ級特選,22:20,22:15,7,https://keirin.kdreams.jp/nagoya/racedetail/4220260710030006/?pageType=odds,2026-10-06T10:15:13.178660+00:00
4220260710030007,2026-07-12,名古屋競輪,F2,A1/A2,7,Ａ級特選,22:40,22:35,7,https://keirin.kdreams.jp/nagoya/racedetail/4220260710030007/?pageType=odds,2026-10-06T10:15:15.560520+00:00
4220260710030009,2026-07-12,名古屋競輪,F2,A1/A2,9,Ａ級決勝,23:20,23:15,7,https://keirin.kdreams.jp/nagoya/racedetail/4220260710030009/?pageType=odds,2026-10-06T10:15:17.427592+00:00
3620260710030001,2026-07-12,小田原競輪,F2,A1/A2,1,Ａ級特一般,08:30,08:25,6,https://keirin.kdreams.jp/odawara/racedetail/3620260710030001/?pageType=odds,2026-10-06T10:15:38.422351+00:00
3620260710030002,2026-07-12,小田原競輪,F2,A1/A2,2,Ａ級特一般,08:50,08:45,7,https://keirin.kdreams.jp/odawara/racedetail/3620260710030002/?pageType=odds,2026-10-06T10:15:40.271062+00:00
3620260710030003,2026-07-12,小田原競輪,F2,A1/A2,3,Ａ級特選,09:11,09:06,7,https://keirin.kdreams.jp/odawara/racedetail/3620260710030003/?pageType=odds,2026-10-06T10:15:42.402291+00:00
3620260710030004,2026-07-12,小田原競輪,F2,A1/A2,4,Ａ級特選,09:32,09:27,7,https://keirin.kdreams.jp/odawara/racedetail/3620260710030004/?pageType=odds,2026-10-06T10:15:44.210311+00:00
3620260710030005,2026-07-12,小田原競輪,F2,A1/A2,5,Ａ級決勝,09:53,09:48,7,https://keirin.kdreams.jp/odawara/racedetail/3620260710030005/?pageType=odds,2026-10-06T10:15:46.163328+00:00
4320260711020001,2026-07-12,岐阜競輪,F1,A1/A2,1,Ａ級一般,10:45,10:40,7,https://keirin.kdreams.jp/gifu/racedetail/4320260711020001/?pageType=odds,2026-10-06T10:15:57.782713+00:00
4320260711020002,2026-07-12,岐阜競輪,F1,A1/A2,2,Ａ級一般,11:12,11:07,7,https://keirin.kdreams.jp/gifu/racedetail/4320260711020002/?pageType=odds,2026-10-06T10:15:59.960431+00:00
4320260711020003,2026-07-12,岐阜競輪,F1,A1/A2,3,Ａ級準決勝,11:40,11:35,7,https://keirin.kdreams.jp/gifu/racedetail/4320260711020003/?pageType=odds,2026-10-06T10:16:02.091746+00:00
4320260711020004,2026-07-12,岐阜競輪,F1,A1/A2,4,Ａ級準決勝,12:08,12:03,7,https://keirin.kdreams.jp/gifu/racedetail/4320260711020004/?pageType=odds,2026-10-06T10:16:04.218406+00:00
4320260711020005,2026-07-12,岐阜競輪,F1,A1/A2,5,Ａ級準決勝,12:36,12:31,7,https://keirin.kdreams.jp/gifu/racedetail/4320260711020005/?pageType=odds,2026-10-06T10:16:06.266349+00:00
7520260711020007,2026-07-12,松山競輪,F2,A1/A2,7,Ａ級特一般,18:30,18:25,7,https://keirin.kdreams.jp/matsuyama/racedetail/7520260711020007/?pageType=odds,2026-10-06T10:16:28.672095+00:00
7520260711020008,2026-07-12,松山競輪,F2,A1/A2,8,Ａ級特一般,18:56,18:51,7,https://keirin.kdreams.jp/matsuyama/racedetail/7520260711020008/?pageType=odds,2026-10-06T10:16:30.560830+00:00
7520260711020009,2026-07-12,松山競輪,F2,A1/A2,9,Ａ級準決勝,19:22,19:17,7,https://keirin.kdreams.jp/matsuyama/racedetail/7520260711020009/?pageType=odds,2026-10-06T10:16:32.556308+00:00
7520260711020010,2026-07-12,松山競輪,F2,A1/A2,10,Ａ級準決勝,19:48,19:43,7,https://keirin.kdreams.jp/matsuyama/racedetail/7520260711020010/?pageType=odds,2026-10-06T10:16:34.504704+00:00
7520260711020011,2026-07-12,松山競輪,F2,A1/A2,11,Ａ級準決勝,20:16,20:11,7,https://keirin.kdreams.jp/matsuyama/racedetail/7520260711020011/?pageType=odds,2026-10-06T10:16:36.456351+00:00
2720260713010005,2026-07-13,京王閣競輪,F2,A1/A2,5,Ａ級特予選,22:10,22:05,7,https://keirin.kdreams.jp/keiokaku/racedetail/2720260713010005/?pageType=odds,2026-10-06T10:17:34.044853+00:00
2720260713010006,2026-07-13,京王閣競輪,F2,A1/A2,6,Ａ級特予選,22:30,22:25,7,https://keirin.kdreams.jp/keiokaku/racedetail/2720260713010006/?pageType=odds,2026-10-06T10:17:35.793306+00:00
2720260713010007,2026-07-13,京王閣競輪,F2,A1/A2,7,Ａ級特予選,22:50,22:45,7,https://keirin.kdreams.jp/keiokaku/racedetail/2720260713010007/?pageType=odds,2026-10-06T10:17:38.290600+00:00
2720260713010008,2026-07-13,京王閣競輪,F2,A1/A2,8,Ａ級特予選,23:10,23:05,7,https://keirin.kdreams.jp/keiokaku/racedetail/2720260713010008/?pageType=odds,2026-10-06T10:17:40.499073+00:00
2720260713010009,2026-07-13,京王閣競輪,F2,A1/A2,9,Ａ級初日特選,23:30,23:25,7,https://keirin.kdreams.jp/keiokaku/racedetail/2720260713010009/?pageType=odds,2026-10-06T10:17:42.619019+00:00
8520260713010001,2026-07-13,佐世保競輪,F1,A1/A2,1,Ａ級予選,15:53,15:48,7,https://keirin.kdreams.jp/sasebo/racedetail/8520260713010001/?pageType=odds,2026-10-06T10:18:35.963761+00:00
8520260713010002,2026-07-13,佐世保競輪,F1,A1/A2,2,Ａ級予選,16:17,16:12,7,https://keirin.kdreams.jp/sasebo/racedetail/8520260713010002/?pageType=odds,2026-10-06T10:18:37.961695+00:00
8520260713010003,2026-07-13,佐世保競輪,F1,A1/A2,3,Ａ級予選,16:41,16:36,7,https://keirin.kdreams.jp/sasebo/racedetail/8520260713010003/?pageType=odds,2026-10-06T10:18:39.786401+00:00
8520260713010004,2026-07-13,佐世保競輪,F1,A1/A2,4,Ａ級予選,17:05,17:00,7,https://keirin.kdreams.jp/sasebo/racedetail/8520260713010004/?pageType=odds,2026-10-06T10:18:41.710931+00:00
8520260713010005,2026-07-13,佐世保競輪,F1,A1/A2,5,Ａ級初日特選,17:29,17:24,7,https://keirin.kdreams.jp/sasebo/racedetail/8520260713010005/?pageType=odds,2026-10-06T10:18:43.573215+00:00
2420260713010001,2026-07-13,宇都宮競輪,F1,A1/A2,1,Ａ級予選,10:45,10:40,7,https://keirin.kdreams.jp/utsunomiya/racedetail/2420260713010001/?pageType=odds,2026-10-06T10:19:06.907612+00:00
2420260713010002,2026-07-13,宇都宮競輪,F1,A1/A2,2,Ａ級予選,11:09,11:04,7,https://keirin.kdreams.jp/utsunomiya/racedetail/2420260713010002/?pageType=odds,2026-10-06T10:19:08.911303+00:00
2420260713010003,2026-07-13,宇都宮競輪,F1,A1/A2,3,Ａ級予選,11:34,11:29,7,https://keirin.kdreams.jp/utsunomiya/racedetail/2420260713010003/?pageType=odds,2026-10-06T10:19:11.038762+00:00
2420260713010004,2026-07-13,宇都宮競輪,F1,A1/A2,4,Ａ級予選,12:01,11:56,7,https://keirin.kdreams.jp/utsunomiya/racedetail/2420260713010004/?pageType=odds,2026-10-06T10:19:13.116884+00:00
2420260713010005,2026-07-13,宇都宮競輪,F1,A1/A2,5,Ａ級初日特選,12:28,12:23,7,https://keirin.kdreams.jp/utsunomiya/racedetail/2420260713010005/?pageType=odds,2026-10-06T10:19:15.030930+00:00
4320260711030001,2026-07-13,岐阜競輪,F1,A1/A2,1,Ａ級一般,10:53,10:48,7,https://keirin.kdreams.jp/gifu/racedetail/4320260711030001/?pageType=odds,2026-10-06T10:16:08.327144+00:00
4320260711030002,2026-07-13,岐阜競輪,F1,A1/A2,2,Ａ級一般,11:17,11:12,7,https://keirin.kdreams.jp/gifu/racedetail/4320260711030002/?pageType=odds,2026-10-06T10:16:10.325538+00:00
4320260711030003,2026-07-13,岐阜競輪,F1,A1/A2,3,Ａ級特選,11:43,11:38,7,https://keirin.kdreams.jp/gifu/racedetail/4320260711030003/?pageType=odds,2026-10-06T10:16:12.440012+00:00
4320260711030004,2026-07-13,岐阜競輪,F1,A1/A2,4,Ａ級特選,12:10,12:05,7,https://keirin.kdreams.jp/gifu/racedetail/4320260711030004/?pageType=odds,2026-10-06T10:16:14.508049+00:00
4320260711030011,2026-07-13,岐阜競輪,F1,A1/A2,11,Ａ級決勝,15:39,15:34,7,https://keirin.kdreams.jp/gifu/racedetail/4320260711030011/?pageType=odds,2026-10-06T10:16:16.483829+00:00
5620260713010007,2026-07-13,岸和田競輪,F2,A1/A2,7,Ａ級特予選,13:46,13:41,7,https://keirin.kdreams.jp/kishiwada/racedetail/5620260713010007/?pageType=odds,2026-10-06T10:18:05.330110+00:00
5620260713010008,2026-07-13,岸和田競輪,F2,A1/A2,8,Ａ級特予選,14:16,14:11,7,https://keirin.kdreams.jp/kishiwada/racedetail/5620260713010008/?pageType=odds,2026-10-06T10:18:07.548017+00:00
5620260713010009,2026-07-13,岸和田競輪,F2,A1/A2,9,Ａ級特予選,14:46,14:41,7,https://keirin.kdreams.jp/kishiwada/racedetail/5620260713010009/?pageType=odds,2026-10-06T10:18:09.614458+00:00
5620260713010010,2026-07-13,岸和田競輪,F2,A1/A2,10,Ａ級特予選,15:16,15:11,7,https://keirin.kdreams.jp/kishiwada/racedetail/5620260713010010/?pageType=odds,2026-10-06T10:18:11.684118+00:00
5620260713010011,2026-07-13,岸和田競輪,F2,A1/A2,11,Ａ級初日特選,15:46,15:41,7,https://keirin.kdreams.jp/kishiwada/racedetail/5620260713010011/?pageType=odds,2026-10-06T10:18:13.687386+00:00
6220260713010003,2026-07-13,広島競輪,F2,A1/A2,3,Ａ級予選,21:20,21:15,7,https://keirin.kdreams.jp/hiroshima/racedetail/6220260713010003/?pageType=odds,2026-10-06T10:16:48.139068+00:00
6220260713010004,2026-07-13,広島競輪,F2,A1/A2,4,Ａ級予選,21:40,21:35,7,https://keirin.kdreams.jp/hiroshima/racedetail/6220260713010004/?pageType=odds,2026-10-06T10:16:50.101056+00:00
6220260713010005,2026-07-13,広島競輪,F2,A1/A2,5,Ａ級予選,22:00,21:55,7,https://keirin.kdreams.jp/hiroshima/racedetail/6220260713010005/?pageType=odds,2026-10-06T10:16:52.674395+00:00
6220260713010006,2026-07-13,広島競輪,F2,A1/A2,6,Ａ級予選,22:20,22:15,7,https://keirin.kdreams.jp/hiroshima/racedetail/6220260713010006/?pageType=odds,2026-10-06T10:16:54.710847+00:00
6220260713010007,2026-07-13,広島競輪,F2,A1/A2,7,Ａ級予選,22:40,22:35,7,https://keirin.kdreams.jp/hiroshima/racedetail/6220260713010007/?pageType=odds,2026-10-06T10:16:56.914820+00:00
6220260713010008,2026-07-13,広島競輪,F2,A1/A2,8,Ａ級予選,23:00,22:55,7,https://keirin.kdreams.jp/hiroshima/racedetail/6220260713010008/?pageType=odds,2026-10-06T10:16:59.378888+00:00
6220260713010009,2026-07-13,広島競輪,F2,A1/A2,9,Ａ級初日特選,23:20,23:15,7,https://keirin.kdreams.jp/hiroshima/racedetail/6220260713010009/?pageType=odds,2026-10-06T10:17:01.520679+00:00
7520260711030005,2026-07-13,松山競輪,F2,A1/A2,5,Ａ級特一般,17:41,17:36,7,https://keirin.kdreams.jp/matsuyama/racedetail/7520260711030005/?pageType=odds,2026-10-06T10:16:38.450471+00:00
7520260711030006,2026-07-13,松山競輪,F2,A1/A2,6,Ａ級特一般,18:05,18:00,7,https://keirin.kdreams.jp/matsuyama/racedetail/7520260711030006/?pageType=odds,2026-10-06T10:16:40.361982+00:00
7520260711030007,2026-07-13,松山競輪,F2,A1/A2,7,Ａ級特選,18:29,18:24,7,https://keirin.kdreams.jp/matsuyama/racedetail/7520260711030007/?pageType=odds,2026-10-06T10:16:42.248412+00:00
7520260711030008,2026-07-13,松山競輪,F2,A1/A2,8,Ａ級特選,18:55,18:50,7,https://keirin.kdreams.jp/matsuyama/racedetail/7520260711030008/?pageType=odds,2026-10-06T10:16:44.242793+00:00
7520260711030011,2026-07-13,松山競輪,F2,A1/A2,11,Ａ級決勝,20:15,20:10,7,https://keirin.kdreams.jp/matsuyama/racedetail/7520260711030011/?pageType=odds,2026-10-06T10:16:46.288298+00:00
2720260713020005,2026-07-14,京王閣競輪,F2,A1/A2,5,Ａ級特一般,22:10,22:05,7,https://keirin.kdreams.jp/keiokaku/racedetail/2720260713020005/?pageType=odds,2026-10-06T10:17:44.598262+00:00
2720260713020006,2026-07-14,京王閣競輪,F2,A1/A2,6,Ａ級特一般,22:30,22:25,7,https://keirin.kdreams.jp/keiokaku/racedetail/2720260713020006/?pageType=odds,2026-10-06T10:17:46.537070+00:00
2720260713020007,2026-07-14,京王閣競輪,F2,A1/A2,7,Ａ級準決勝,22:50,22:45,7,https://keirin.kdreams.jp/keiokaku/racedetail/2720260713020007/?pageType=odds,2026-10-06T10:17:48.551209+00:00
2720260713020008,2026-07-14,京王閣競輪,F2,A1/A2,8,Ａ級準決勝,23:10,23:05,7,https://keirin.kdreams.jp/keiokaku/racedetail/2720260713020008/?pageType=odds,2026-10-06T10:17:50.844881+00:00
2720260713020009,2026-07-14,京王閣競輪,F2,A1/A2,9,Ａ級準決勝,23:30,23:25,7,https://keirin.kdreams.jp/keiokaku/racedetail/2720260713020009/?pageType=odds,2026-10-06T10:17:52.919680+00:00
8520260713020001,2026-07-14,佐世保競輪,F1,A1/A2,1,Ａ級一般,16:04,15:59,7,https://keirin.kdreams.jp/sasebo/racedetail/8520260713020001/?pageType=odds,2026-10-06T10:18:45.590315+00:00
8520260713020002,2026-07-14,佐世保競輪,F1,A1/A2,2,Ａ級一般,16:26,16:21,7,https://keirin.kdreams.jp/sasebo/racedetail/8520260713020002/?pageType=odds,2026-10-06T10:18:47.632015+00:00
8520260713020003,2026-07-14,佐世保競輪,F1,A1/A2,3,Ａ級準決勝,16:48,16:43,7,https://keirin.kdreams.jp/sasebo/racedetail/8520260713020003/?pageType=odds,2026-10-06T10:18:49.749133+00:00
8520260713020004,2026-07-14,佐世保競輪,F1,A1/A2,4,Ａ級準決勝,17:12,17:07,7,https://keirin.kdreams.jp/sasebo/racedetail/8520260713020004/?pageType=odds,2026-10-06T10:18:51.767281+00:00
8520260713020005,2026-07-14,佐世保競輪,F1,A1/A2,5,Ａ級準決勝,17:36,17:31,7,https://keirin.kdreams.jp/sasebo/racedetail/8520260713020005/?pageType=odds,2026-10-06T10:18:54.004028+00:00
1120260714010001,2026-07-14,函館競輪,F1,A1/A2,1,Ａ級予選,15:50,15:45,7,https://keirin.kdreams.jp/hakodate/racedetail/1120260714010001/?pageType=odds,2026-10-06T10:19:37.211857+00:00
1120260714010002,2026-07-14,函館競輪,F1,A1/A2,2,Ａ級予選,16:12,16:07,7,https://keirin.kdreams.jp/hakodate/racedetail/1120260714010002/?pageType=odds,2026-10-06T10:19:39.174689+00:00
1120260714010003,2026-07-14,函館競輪,F1,A1/A2,3,Ａ級予選,16:36,16:31,7,https://keirin.kdreams.jp/hakodate/racedetail/1120260714010003/?pageType=odds,2026-10-06T10:19:41.042552+00:00
1120260714010004,2026-07-14,函館競輪,F1,A1/A2,4,Ａ級予選,17:00,16:55,7,https://keirin.kdreams.jp/hakodate/racedetail/1120260714010004/?pageType=odds,2026-10-06T10:19:42.845806+00:00
1120260714010005,2026-07-14,函館競輪,F1,A1/A2,5,Ａ級初日特選,17:24,17:19,7,https://keirin.kdreams.jp/hakodate/racedetail/1120260714010005/?pageType=odds,2026-10-06T10:19:44.750177+00:00
2420260713020001,2026-07-14,宇都宮競輪,F1,A1/A2,1,Ａ級一般,10:53,10:48,7,https://keirin.kdreams.jp/utsunomiya/racedetail/2420260713020001/?pageType=odds,2026-10-06T10:19:16.928542+00:00
2420260713020002,2026-07-14,宇都宮競輪,F1,A1/A2,2,Ａ級一般,11:17,11:12,7,https://keirin.kdreams.jp/utsunomiya/racedetail/2420260713020002/?pageType=odds,2026-10-06T10:19:19.295354+00:00
2420260713020003,2026-07-14,宇都宮競輪,F1,A1/A2,3,Ａ級準決勝,11:43,11:38,7,https://keirin.kdreams.jp/utsunomiya/racedetail/2420260713020003/?pageType=odds,2026-10-06T10:19:21.204003+00:00
2420260713020004,2026-07-14,宇都宮競輪,F1,A1/A2,4,Ａ級準決勝,12:10,12:05,7,https://keirin.kdreams.jp/utsunomiya/racedetail/2420260713020004/?pageType=odds,2026-10-06T10:19:23.115394+00:00
2420260713020005,2026-07-14,宇都宮競輪,F1,A1/A2,5,Ａ級準決勝,12:37,12:32,7,https://keirin.kdreams.jp/utsunomiya/racedetail/2420260713020005/?pageType=odds,2026-10-06T10:19:25.020542+00:00
5620260713020007,2026-07-14,岸和田競輪,F2,A1/A2,7,Ａ級特一般,13:43,13:38,7,https://keirin.kdreams.jp/kishiwada/racedetail/5620260713020007/?pageType=odds,2026-10-06T10:18:15.818394+00:00
5620260713020008,2026-07-14,岸和田競輪,F2,A1/A2,8,Ａ級特一般,14:13,14:08,7,https://keirin.kdreams.jp/kishiwada/racedetail/5620260713020008/?pageType=odds,2026-10-06T10:18:17.749439+00:00
5620260713020009,2026-07-14,岸和田競輪,F2,A1/A2,9,Ａ級準決勝,14:43,14:38,7,https://keirin.kdreams.jp/kishiwada/racedetail/5620260713020009/?pageType=odds,2026-10-06T10:18:20.040800+00:00
5620260713020010,2026-07-14,岸和田競輪,F2,A1/A2,10,Ａ級準決勝,15:13,15:08,7,https://keirin.kdreams.jp/kishiwada/racedetail/5620260713020010/?pageType=odds,2026-10-06T10:18:21.946410+00:00
5620260713020011,2026-07-14,岸和田競輪,F2,A1/A2,11,Ａ級準決勝,15:43,15:38,7,https://keirin.kdreams.jp/kishiwada/racedetail/5620260713020011/?pageType=odds,2026-10-06T10:18:23.915583+00:00
6220260713020003,2026-07-14,広島競輪,F2,A1/A2,3,Ａ級一般,21:20,21:15,7,https://keirin.kdreams.jp/hiroshima/racedetail/6220260713020003/?pageType=odds,2026-10-06T10:17:04.157083+00:00
6220260713020004,2026-07-14,広島競輪,F2,A1/A2,4,Ａ級一般,21:40,21:35,7,https://keirin.kdreams.jp/hiroshima/racedetail/6220260713020004/?pageType=odds,2026-10-06T10:17:06.539449+00:00
6220260713020005,2026-07-14,広島競輪,F2,A1/A2,5,Ａ級選抜,22:00,21:55,7,https://keirin.kdreams.jp/hiroshima/racedetail/6220260713020005/?pageType=odds,2026-10-06T10:17:08.823169+00:00
6220260713020006,2026-07-14,広島競輪,F2,A1/A2,6,Ａ級選抜,22:20,22:15,7,https://keirin.kdreams.jp/hiroshima/racedetail/6220260713020006/?pageType=odds,2026-10-06T10:17:10.836283+00:00
6220260713020007,2026-07-14,広島競輪,F2,A1/A2,7,Ａ級準決勝,22:40,22:35,7,https://keirin.kdreams.jp/hiroshima/racedetail/6220260713020007/?pageType=odds,2026-10-06T10:17:12.868875+00:00
6220260713020008,2026-07-14,広島競輪,F2,A1/A2,8,Ａ級準決勝,23:00,22:55,7,https://keirin.kdreams.jp/hiroshima/racedetail/6220260713020008/?pageType=odds,2026-10-06T10:17:15.107750+00:00
6220260713020009,2026-07-14,広島競輪,F2,A1/A2,9,Ａ級準決勝,23:20,23:15,7,https://keirin.kdreams.jp/hiroshima/racedetail/6220260713020009/?pageType=odds,2026-10-06T10:17:17.043450+00:00
6120260714010001,2026-07-14,玉野競輪,F1,A1/A2,1,Ａ級予選,10:45,10:40,7,https://keirin.kdreams.jp/tamano/racedetail/6120260714010001/?pageType=odds,2026-10-06T10:20:06.418550+00:00
6120260714010002,2026-07-14,玉野競輪,F1,A1/A2,2,Ａ級予選,11:09,11:04,7,https://keirin.kdreams.jp/tamano/racedetail/6120260714010002/?pageType=odds,2026-10-06T10:20:08.428156+00:00
6120260714010003,2026-07-14,玉野競輪,F1,A1/A2,3,Ａ級予選,11:34,11:29,7,https://keirin.kdreams.jp/tamano/racedetail/6120260714010003/?pageType=odds,2026-10-06T10:20:10.255845+00:00
6120260714010004,2026-07-14,玉野競輪,F1,A1/A2,4,Ａ級予選,12:01,11:56,7,https://keirin.kdreams.jp/tamano/racedetail/6120260714010004/?pageType=odds,2026-10-06T10:20:12.336803+00:00
6120260714010005,2026-07-14,玉野競輪,F1,A1/A2,5,Ａ級初日特選,12:28,12:23,7,https://keirin.kdreams.jp/tamano/racedetail/6120260714010005/?pageType=odds,2026-10-06T10:20:14.094684+00:00
2720260713030004,2026-07-15,京王閣競輪,F2,A1/A2,4,Ａ級特一般,21:50,21:45,7,https://keirin.kdreams.jp/keiokaku/racedetail/2720260713030004/?pageType=odds,2026-10-06T10:17:55.131783+00:00
2720260713030005,2026-07-15,京王閣競輪,F2,A1/A2,5,Ａ級特一般,22:10,22:05,7,https://keirin.kdreams.jp/keiokaku/racedetail/2720260713030005/?pageType=odds,2026-10-06T10:17:57.256981+00:00
2720260713030006,2026-07-15,京王閣競輪,F2,A1/A2,6,Ａ級特選,22:30,22:25,7,https://keirin.kdreams.jp/keiokaku/racedetail/2720260713030006/?pageType=odds,2026-10-06T10:17:59.343625+00:00
2720260713030007,2026-07-15,京王閣競輪,F2,A1/A2,7,Ａ級特選,22:50,22:45,7,https://keirin.kdreams.jp/keiokaku/racedetail/2720260713030007/?pageType=odds,2026-10-06T10:18:01.505909+00:00
2720260713030009,2026-07-15,京王閣競輪,F2,A1/A2,9,Ａ級決勝,23:30,23:25,7,https://keirin.kdreams.jp/keiokaku/racedetail/2720260713030009/?pageType=odds,2026-10-06T10:18:03.443100+00:00
8520260713030001,2026-07-15,佐世保競輪,F1,A1/A2,1,Ａ級一般,16:04,15:59,6,https://keirin.kdreams.jp/sasebo/racedetail/8520260713030001/?pageType=odds,2026-10-06T10:18:55.930546+00:00
8520260713030002,2026-07-15,佐世保競輪,F1,A1/A2,2,Ａ級一般,16:26,16:21,7,https://keirin.kdreams.jp/sasebo/racedetail/8520260713030002/?pageType=odds,2026-10-06T10:18:58.103151+00:00
8520260713030003,2026-07-15,佐世保競輪,F1,A1/A2,3,Ａ級特選,16:48,16:43,7,https://keirin.kdreams.jp/sasebo/racedetail/8520260713030003/?pageType=odds,2026-10-06T10:19:00.466253+00:00
8520260713030004,2026-07-15,佐世保競輪,F1,A1/A2,4,Ａ級特選,17:12,17:07,7,https://keirin.kdreams.jp/sasebo/racedetail/8520260713030004/?pageType=odds,2026-10-06T10:19:02.577819+00:00
8520260713030011,2026-07-15,佐世保競輪,F1,A1/A2,11,Ａ級決勝,20:04,19:59,7,https://keirin.kdreams.jp/sasebo/racedetail/8520260713030011/?pageType=odds,2026-10-06T10:19:04.712975+00:00
1120260714020001,2026-07-15,函館競輪,F1,A1/A2,1,Ａ級一般,15:50,15:45,7,https://keirin.kdreams.jp/hakodate/racedetail/1120260714020001/?pageType=odds,2026-10-06T10:19:46.817481+00:00
1120260714020002,2026-07-15,函館競輪,F1,A1/A2,2,Ａ級一般,16:12,16:07,7,https://keirin.kdreams.jp/hakodate/racedetail/1120260714020002/?pageType=odds,2026-10-06T10:19:48.571029+00:00
1120260714020003,2026-07-15,函館競輪,F1,A1/A2,3,Ａ級準決勝,16:36,16:31,7,https://keirin.kdreams.jp/hakodate/racedetail/1120260714020003/?pageType=odds,2026-10-06T10:19:50.817828+00:00
1120260714020004,2026-07-15,函館競輪,F1,A1/A2,4,Ａ級準決勝,17:00,16:55,7,https://keirin.kdreams.jp/hakodate/racedetail/1120260714020004/?pageType=odds,2026-10-06T10:19:52.554027+00:00
1120260714020005,2026-07-15,函館競輪,F1,A1/A2,5,Ａ級準決勝,17:24,17:19,7,https://keirin.kdreams.jp/hakodate/racedetail/1120260714020005/?pageType=odds,2026-10-06T10:19:54.717833+00:00
2420260713030001,2026-07-15,宇都宮競輪,F1,A1/A2,1,Ａ級一般,10:53,10:48,7,https://keirin.kdreams.jp/utsunomiya/racedetail/2420260713030001/?pageType=odds,2026-10-06T10:19:27.069559+00:00
2420260713030002,2026-07-15,宇都宮競輪,F1,A1/A2,2,Ａ級一般,11:17,11:12,7,https://keirin.kdreams.jp/utsunomiya/racedetail/2420260713030002/?pageType=odds,2026-10-06T10:19:29.080300+00:00
2420260713030003,2026-07-15,宇都宮競輪,F1,A1/A2,3,Ａ級特選,11:43,11:38,7,https://keirin.kdreams.jp/utsunomiya/racedetail/2420260713030003/?pageType=odds,2026-10-06T10:19:30.994917+00:00
2420260713030004,2026-07-15,宇都宮競輪,F1,A1/A2,4,Ａ級特選,12:10,12:05,7,https://keirin.kdreams.jp/utsunomiya/racedetail/2420260713030004/?pageType=odds,2026-10-06T10:19:33.368934+00:00
2420260713030011,2026-07-15,宇都宮競輪,F1,A1/A2,11,Ａ級決勝,15:36,15:31,7,https://keirin.kdreams.jp/utsunomiya/racedetail/2420260713030011/?pageType=odds,2026-10-06T10:19:35.326192+00:00
5620260713030007,2026-07-15,岸和田競輪,F2,A1/A2,7,Ａ級特一般,13:43,13:38,7,https://keirin.kdreams.jp/kishiwada/racedetail/5620260713030007/?pageType=odds,2026-10-06T10:18:25.756009+00:00
5620260713030008,2026-07-15,岸和田競輪,F2,A1/A2,8,Ａ級特一般,14:13,14:08,7,https://keirin.kdreams.jp/kishiwada/racedetail/5620260713030008/?pageType=odds,2026-10-06T10:18:27.702664+00:00
5620260713030009,2026-07-15,岸和田競輪,F2,A1/A2,9,Ａ級特選,14:43,14:38,7,https://keirin.kdreams.jp/kishiwada/racedetail/5620260713030009/?pageType=odds,2026-10-06T10:18:29.734224+00:00
5620260713030010,2026-07-15,岸和田競輪,F2,A1/A2,10,Ａ級特選,15:13,15:08,7,https://keirin.kdreams.jp/kishiwada/racedetail/5620260713030010/?pageType=odds,2026-10-06T10:18:31.790196+00:00
5620260713030011,2026-07-15,岸和田競輪,F2,A1/A2,11,Ａ級決勝,15:43,15:38,7,https://keirin.kdreams.jp/kishiwada/racedetail/5620260713030011/?pageType=odds,2026-10-06T10:18:33.979183+00:00
6220260713030002,2026-07-15,広島競輪,F2,A1/A2,2,Ａ級一般,21:00,20:55,7,https://keirin.kdreams.jp/hiroshima/racedetail/6220260713030002/?pageType=odds,2026-10-06T10:17:19.204768+00:00
6220260713030003,2026-07-15,広島競輪,F2,A1/A2,3,Ａ級一般,21:20,21:15,7,https://keirin.kdreams.jp/hiroshima/racedetail/6220260713030003/?pageType=odds,2026-10-06T10:17:21.191758+00:00
6220260713030004,2026-07-15,広島競輪,F2,A1/A2,4,Ａ級一般,21:40,21:35,7,https://keirin.kdreams.jp/hiroshima/racedetail/6220260713030004/?pageType=odds,2026-10-06T10:17:23.102957+00:00
6220260713030005,2026-07-15,広島競輪,F2,A1/A2,5,Ａ級特選,22:00,21:55,7,https://keirin.kdreams.jp/hiroshima/racedetail/6220260713030005/?pageType=odds,2026-10-06T10:17:25.114190+00:00
6220260713030006,2026-07-15,広島競輪,F2,A1/A2,6,Ａ級特選,22:20,22:15,7,https://keirin.kdreams.jp/hiroshima/racedetail/6220260713030006/?pageType=odds,2026-10-06T10:17:27.152525+00:00
6220260713030007,2026-07-15,広島競輪,F2,A1/A2,7,Ａ級特選,22:40,22:35,7,https://keirin.kdreams.jp/hiroshima/racedetail/6220260713030007/?pageType=odds,2026-10-06T10:17:29.394537+00:00
6220260713030009,2026-07-15,広島競輪,F2,A1/A2,9,Ａ級決勝,23:20,23:15,7,https://keirin.kdreams.jp/hiroshima/racedetail/6220260713030009/?pageType=odds,2026-10-06T10:17:31.324771+00:00
6120260714020001,2026-07-15,玉野競輪,F1,A1/A2,1,Ａ級一般,10:45,10:40,7,https://keirin.kdreams.jp/tamano/racedetail/6120260714020001/?pageType=odds,2026-10-06T10:20:16.191453+00:00
6120260714020002,2026-07-15,玉野競輪,F1,A1/A2,2,Ａ級一般,11:09,11:04,7,https://keirin.kdreams.jp/tamano/racedetail/6120260714020002/?pageType=odds,2026-10-06T10:20:18.229575+00:00
6120260714020003,2026-07-15,玉野競輪,F1,A1/A2,3,Ａ級準決勝,11:34,11:29,7,https://keirin.kdreams.jp/tamano/racedetail/6120260714020003/?pageType=odds,2026-10-06T10:20:20.579388+00:00
6120260714020004,2026-07-15,玉野競輪,F1,A1/A2,4,Ａ級準決勝,12:01,11:56,7,https://keirin.kdreams.jp/tamano/racedetail/6120260714020004/?pageType=odds,2026-10-06T10:20:22.912744+00:00
6120260714020005,2026-07-15,玉野競輪,F1,A1/A2,5,Ａ級準決勝,12:28,12:23,7,https://keirin.kdreams.jp/tamano/racedetail/6120260714020005/?pageType=odds,2026-10-06T10:20:24.954801+00:00
1320260716010003,2026-07-16,いわき平競輪,F2,A1/A2,3,Ａ級予選,21:20,21:15,7,https://keirin.kdreams.jp/iwakitaira/racedetail/1320260716010003/?pageType=odds,2026-10-06T10:20:36.770344+00:00
1320260716010004,2026-07-16,いわき平競輪,F2,A1/A2,4,Ａ級予選,21:40,21:35,7,https://keirin.kdreams.jp/iwakitaira/racedetail/1320260716010004/?pageType=odds,2026-10-06T10:20:38.669574+00:00
1320260716010005,2026-07-16,いわき平競輪,F2,A1/A2,5,Ａ級予選,22:00,21:55,7,https://keirin.kdreams.jp/iwakitaira/racedetail/1320260716010005/?pageType=odds,2026-10-06T10:20:40.375664+00:00
1320260716010006,2026-07-16,いわき平競輪,F2,A1/A2,6,Ａ級予選,22:20,22:15,7,https://keirin.kdreams.jp/iwakitaira/racedetail/1320260716010006/?pageType=odds,2026-10-06T10:20:42.237529+00:00
1320260716010007,2026-07-16,いわき平競輪,F2,A1/A2,7,Ａ級予選,22:40,22:35,7,https://keirin.kdreams.jp/iwakitaira/racedetail/1320260716010007/?pageType=odds,2026-10-06T10:20:43.935025+00:00
1320260716010008,2026-07-16,いわき平競輪,F2,A1/A2,8,Ａ級予選,23:00,22:55,7,https://keirin.kdreams.jp/iwakitaira/racedetail/1320260716010008/?pageType=odds,2026-10-06T10:20:45.812635+00:00
1320260716010009,2026-07-16,いわき平競輪,F2,A1/A2,9,Ａ級初日特選,23:20,23:15,7,https://keirin.kdreams.jp/iwakitaira/racedetail/1320260716010009/?pageType=odds,2026-10-06T10:20:47.678866+00:00
1120260714030001,2026-07-16,函館競輪,F1,A1/A2,1,Ａ級一般,15:45,15:40,7,https://keirin.kdreams.jp/hakodate/racedetail/1120260714030001/?pageType=odds,2026-10-06T10:19:56.520948+00:00
1120260714030002,2026-07-16,函館競輪,F1,A1/A2,2,Ａ級一般,16:07,16:02,7,https://keirin.kdreams.jp/hakodate/racedetail/1120260714030002/?pageType=odds,2026-10-06T10:19:58.854384+00:00
1120260714030003,2026-07-16,函館競輪,F1,A1/A2,3,Ａ級特選,16:33,16:28,7,https://keirin.kdreams.jp/hakodate/racedetail/1120260714030003/?pageType=odds,2026-10-06T10:20:00.670526+00:00
1120260714030004,2026-07-16,函館競輪,F1,A1/A2,4,Ａ級特選,16:59,16:54,7,https://keirin.kdreams.jp/hakodate/racedetail/1120260714030004/?pageType=odds,2026-10-06T10:20:02.695348+00:00
1120260714030010,2026-07-16,函館競輪,F1,A1/A2,10,Ａ級決勝,19:35,19:30,7,https://keirin.kdreams.jp/hakodate/racedetail/1120260714030010/?pageType=odds,2026-10-06T10:20:04.653327+00:00
5320260716010005,2026-07-16,奈良競輪,F2,A1/A2,5,Ａ級特予選,22:10,22:05,7,https://keirin.kdreams.jp/nara/racedetail/5320260716010005/?pageType=odds,2026-10-06T10:21:48.981610+00:00
5320260716010006,2026-07-16,奈良競輪,F2,A1/A2,6,Ａ級特予選,22:30,22:25,7,https://keirin.kdreams.jp/nara/racedetail/5320260716010006/?pageType=odds,2026-10-06T10:21:50.990698+00:00
5320260716010007,2026-07-16,奈良競輪,F2,A1/A2,7,Ａ級特予選,22:50,22:45,7,https://keirin.kdreams.jp/nara/racedetail/5320260716010007/?pageType=odds,2026-10-06T10:21:52.910844+00:00
5320260716010008,2026-07-16,奈良競輪,F2,A1/A2,8,Ａ級特予選,23:10,23:05,7,https://keirin.kdreams.jp/nara/racedetail/5320260716010008/?pageType=odds,2026-10-06T10:21:54.854224+00:00
5320260716010009,2026-07-16,奈良競輪,F2,A1/A2,9,Ａ級初日特選,23:30,23:25,7,https://keirin.kdreams.jp/nara/racedetail/5320260716010009/?pageType=odds,2026-10-06T10:21:56.931161+00:00
4720260716010001,2026-07-16,松阪競輪,F1,A1/A2,1,Ａ級予選,10:45,10:40,7,https://keirin.kdreams.jp/matsusaka/racedetail/4720260716010001/?pageType=odds,2026-10-06T10:21:19.220284+00:00
4720260716010002,2026-07-16,松阪競輪,F1,A1/A2,2,Ａ級予選,11:10,11:05,7,https://keirin.kdreams.jp/matsusaka/racedetail/4720260716010002/?pageType=odds,2026-10-06T10:21:21.081570+00:00
4720260716010003,2026-07-16,松阪競輪,F1,A1/A2,3,Ａ級予選,11:37,11:32,7,https://keirin.kdreams.jp/matsusaka/racedetail/4720260716010003/?pageType=odds,2026-10-06T10:21:23.099246+00:00
4720260716010004,2026-07-16,松阪競輪,F1,A1/A2,4,Ａ級予選,12:05,12:00,7,https://keirin.kdreams.jp/matsusaka/racedetail/4720260716010004/?pageType=odds,2026-10-06T10:21:24.913183+00:00
4720260716010005,2026-07-16,松阪競輪,F1,A1/A2,5,Ａ級初日特選,12:33,12:28,7,https://keirin.kdreams.jp/matsusaka/racedetail/4720260716010005/?pageType=odds,2026-10-06T10:21:26.793051+00:00
6120260714030001,2026-07-16,玉野競輪,F1,A1/A2,1,Ａ級一般,10:57,10:52,7,https://keirin.kdreams.jp/tamano/racedetail/6120260714030001/?pageType=odds,2026-10-06T10:20:27.188450+00:00
6120260714030002,2026-07-16,玉野競輪,F1,A1/A2,2,Ａ級一般,11:23,11:18,7,https://keirin.kdreams.jp/tamano/racedetail/6120260714030002/?pageType=odds,2026-10-06T10:20:29.054902+00:00
6120260714030003,2026-07-16,玉野競輪,F1,A1/A2,3,Ａ級特選,11:51,11:46,7,https://keirin.kdreams.jp/tamano/racedetail/6120260714030003/?pageType=odds,2026-10-06T10:20:31.090469+00:00
6120260714030004,2026-07-16,玉野競輪,F1,A1/A2,4,Ａ級特選,12:19,12:14,7,https://keirin.kdreams.jp/tamano/racedetail/6120260714030004/?pageType=odds,2026-10-06T10:20:33.081273+00:00
6120260714030011,2026-07-16,玉野競輪,F1,A1/A2,11,Ａ級決勝,15:37,15:32,7,https://keirin.kdreams.jp/tamano/racedetail/6120260714030011/?pageType=odds,2026-10-06T10:20:35.061015+00:00
2620260716010007,2026-07-16,西武園競輪,F2,A1/A2,7,Ａ級特予選,18:30,18:25,7,https://keirin.kdreams.jp/seibuen/racedetail/2620260716010007/?pageType=odds,2026-10-06T10:22:18.232966+00:00
2620260716010008,2026-07-16,西武園競輪,F2,A1/A2,8,Ａ級特予選,18:56,18:51,7,https://keirin.kdreams.jp/seibuen/racedetail/2620260716010008/?pageType=odds,2026-10-06T10:22:20.062098+00:00
2620260716010009,2026-07-16,西武園競輪,F2,A1/A2,9,Ａ級特予選,19:22,19:17,7,https://keirin.kdreams.jp/seibuen/racedetail/2620260716010009/?pageType=odds,2026-10-06T10:22:21.799447+00:00
2620260716010010,2026-07-16,西武園競輪,F2,A1/A2,10,Ａ級特予選,19:48,19:43,7,https://keirin.kdreams.jp/seibuen/racedetail/2620260716010010/?pageType=odds,2026-10-06T10:22:23.692456+00:00
2620260716010011,2026-07-16,西武園競輪,F2,A1/A2,11,Ａ級初日特選,20:16,20:11,7,https://keirin.kdreams.jp/seibuen/racedetail/2620260716010011/?pageType=odds,2026-10-06T10:22:25.431310+00:00
1320260716020003,2026-07-17,いわき平競輪,F2,A1/A2,3,Ａ級一般,21:20,21:15,7,https://keirin.kdreams.jp/iwakitaira/racedetail/1320260716020003/?pageType=odds,2026-10-06T10:20:49.828402+00:00
1320260716020004,2026-07-17,いわき平競輪,F2,A1/A2,4,Ａ級一般,21:40,21:35,7,https://keirin.kdreams.jp/iwakitaira/racedetail/1320260716020004/?pageType=odds,2026-10-06T10:20:52.985174+00:00
1320260716020005,2026-07-17,いわき平競輪,F2,A1/A2,5,Ａ級選抜,22:00,21:55,7,https://keirin.kdreams.jp/iwakitaira/racedetail/1320260716020005/?pageType=odds,2026-10-06T10:20:55.269719+00:00
1320260716020006,2026-07-17,いわき平競輪,F2,A1/A2,6,Ａ級選抜,22:20,22:15,7,https://keirin.kdreams.jp/iwakitaira/racedetail/1320260716020006/?pageType=odds,2026-10-06T10:20:57.248843+00:00
1320260716020007,2026-07-17,いわき平競輪,F2,A1/A2,7,Ａ級準決勝,22:40,22:35,7,https://keirin.kdreams.jp/iwakitaira/racedetail/1320260716020007/?pageType=odds,2026-10-06T10:20:59.257165+00:00
1320260716020008,2026-07-17,いわき平競輪,F2,A1/A2,8,Ａ級準決勝,23:00,22:55,7,https://keirin.kdreams.jp/iwakitaira/racedetail/1320260716020008/?pageType=odds,2026-10-06T10:21:01.189142+00:00
1320260716020009,2026-07-17,いわき平競輪,F2,A1/A2,9,Ａ級準決勝,23:20,23:15,7,https://keirin.kdreams.jp/iwakitaira/racedetail/1320260716020009/?pageType=odds,2026-10-06T10:21:03.552186+00:00
5320260716020005,2026-07-17,奈良競輪,F2,A1/A2,5,Ａ級特一般,22:10,22:05,7,https://keirin.kdreams.jp/nara/racedetail/5320260716020005/?pageType=odds,2026-10-06T10:21:58.861781+00:00
5320260716020006,2026-07-17,奈良競輪,F2,A1/A2,6,Ａ級特一般,22:30,22:25,7,https://keirin.kdreams.jp/nara/racedetail/5320260716020006/?pageType=odds,2026-10-06T10:22:00.747231+00:00
5320260716020007,2026-07-17,奈良競輪,F2,A1/A2,7,Ａ級準決勝,22:50,22:45,7,https://keirin.kdreams.jp/nara/racedetail/5320260716020007/?pageType=odds,2026-10-06T10:22:02.755399+00:00
5320260716020008,2026-07-17,奈良競輪,F2,A1/A2,8,Ａ級準決勝,23:10,23:05,7,https://keirin.kdreams.jp/nara/racedetail/5320260716020008/?pageType=odds,2026-10-06T10:22:04.620120+00:00
5320260716020009,2026-07-17,奈良競輪,F2,A1/A2,9,Ａ級準決勝,23:30,23:25,7,https://keirin.kdreams.jp/nara/racedetail/5320260716020009/?pageType=odds,2026-10-06T10:22:06.732345+00:00
2120260717010007,2026-07-17,弥彦競輪,F2,A1/A2,7,Ａ級特予選,13:36,13:31,7,https://keirin.kdreams.jp/yahiko/racedetail/2120260717010007/?pageType=odds,2026-10-06T10:22:46.813988+00:00
2120260717010008,2026-07-17,弥彦競輪,F2,A1/A2,8,Ａ級特予選,14:05,14:00,7,https://keirin.kdreams.jp/yahiko/racedetail/2120260717010008/?pageType=odds,2026-10-06T10:22:48.670949+00:00
2120260717010009,2026-07-17,弥彦競輪,F2,A1/A2,9,Ａ級特予選,14:35,14:30,7,https://keirin.kdreams.jp/yahiko/racedetail/2120260717010009/?pageType=odds,2026-10-06T10:22:50.611288+00:00
2120260717010010,2026-07-17,弥彦競輪,F2,A1/A2,10,Ａ級特予選,15:07,15:02,7,https://keirin.kdreams.jp/yahiko/racedetail/2120260717010010/?pageType=odds,2026-10-06T10:22:52.407965+00:00
2120260717010011,2026-07-17,弥彦競輪,F2,A1/A2,11,Ａ級初日特選,15:50,15:45,7,https://keirin.kdreams.jp/yahiko/racedetail/2120260717010011/?pageType=odds,2026-10-06T10:22:54.515235+00:00
4720260716020001,2026-07-17,松阪競輪,F1,A1/A2,1,Ａ級一般,10:45,10:40,7,https://keirin.kdreams.jp/matsusaka/racedetail/4720260716020001/?pageType=odds,2026-10-06T10:21:28.765214+00:00
4720260716020002,2026-07-17,松阪競輪,F1,A1/A2,2,Ａ級一般,11:10,11:05,7,https://keirin.kdreams.jp/matsusaka/racedetail/4720260716020002/?pageType=odds,2026-10-06T10:21:30.681969+00:00
4720260716020003,2026-07-17,松阪競輪,F1,A1/A2,3,Ａ級準決勝,11:35,11:30,7,https://keirin.kdreams.jp/matsusaka/racedetail/4720260716020003/?pageType=odds,2026-10-06T10:21:32.589846+00:00
4720260716020004,2026-07-17,松阪競輪,F1,A1/A2,4,Ａ級準決勝,12:01,11:56,7,https://keirin.kdreams.jp/matsusaka/racedetail/4720260716020004/?pageType=odds,2026-10-06T10:21:34.476004+00:00
4720260716020005,2026-07-17,松阪競輪,F1,A1/A2,5,Ａ級準決勝,12:27,12:22,7,https://keirin.kdreams.jp/matsusaka/racedetail/4720260716020005/?pageType=odds,2026-10-06T10:21:36.398281+00:00
2620260716020007,2026-07-17,西武園競輪,F2,A1/A2,7,Ａ級特一般,18:06,18:01,7,https://keirin.kdreams.jp/seibuen/racedetail/2620260716020007/?pageType=odds,2026-10-06T10:22:27.411310+00:00
2620260716020008,2026-07-17,西武園競輪,F2,A1/A2,8,Ａ級特一般,18:33,18:28,7,https://keirin.kdreams.jp/seibuen/racedetail/2620260716020008/?pageType=odds,2026-10-06T10:22:29.524640+00:00
2620260716020009,2026-07-17,西武園競輪,F2,A1/A2,9,Ａ級準決勝,19:03,18:58,7,https://keirin.kdreams.jp/seibuen/racedetail/2620260716020009/?pageType=odds,2026-10-06T10:22:31.414431+00:00
2620260716020010,2026-07-17,西武園競輪,F2,A1/A2,10,Ａ級準決勝,19:37,19:32,7,https://keirin.kdreams.jp/seibuen/racedetail/2620260716020010/?pageType=odds,2026-10-06T10:22:33.320606+00:00
2620260716020011,2026-07-17,西武園競輪,F2,A1/A2,11,Ａ級準決勝,20:15,20:10,7,https://keirin.kdreams.jp/seibuen/racedetail/2620260716020011/?pageType=odds,2026-10-06T10:22:35.195137+00:00
1320260716030002,2026-07-18,いわき平競輪,F2,A1/A2,2,Ａ級一般,21:00,20:55,7,https://keirin.kdreams.jp/iwakitaira/racedetail/1320260716030002/?pageType=odds,2026-10-06T10:21:05.428546+00:00
1320260716030003,2026-07-18,いわき平競輪,F2,A1/A2,3,Ａ級一般,21:20,21:15,7,https://keirin.kdreams.jp/iwakitaira/racedetail/1320260716030003/?pageType=odds,2026-10-06T10:21:07.425748+00:00
1320260716030004,2026-07-18,いわき平競輪,F2,A1/A2,4,Ａ級一般,21:40,21:35,7,https://keirin.kdreams.jp/iwakitaira/racedetail/1320260716030004/?pageType=odds,2026-10-06T10:21:09.550730+00:00
1320260716030005,2026-07-18,いわき平競輪,F2,A1/A2,5,Ａ級特選,22:00,21:55,7,https://keirin.kdreams.jp/iwakitaira/racedetail/1320260716030005/?pageType=odds,2026-10-06T10:21:11.486534+00:00
1320260716030006,2026-07-18,いわき平競輪,F2,A1/A2,6,Ａ級特選,22:20,22:15,7,https://keirin.kdreams.jp/iwakitaira/racedetail/1320260716030006/?pageType=odds,2026-10-06T10:21:13.295926+00:00
1320260716030007,2026-07-18,いわき平競輪,F2,A1/A2,7,Ａ級特選,22:40,22:35,7,https://keirin.kdreams.jp/iwakitaira/racedetail/1320260716030007/?pageType=odds,2026-10-06T10:21:15.343380+00:00
1320260716030009,2026-07-18,いわき平競輪,F2,A1/A2,9,Ａ級決勝,23:20,23:15,7,https://keirin.kdreams.jp/iwakitaira/racedetail/1320260716030009/?pageType=odds,2026-10-06T10:21:17.286702+00:00
5320260716030004,2026-07-18,奈良競輪,F2,A1/A2,4,Ａ級特一般,21:50,21:45,7,https://keirin.kdreams.jp/nara/racedetail/5320260716030004/?pageType=odds,2026-10-06T10:22:08.717573+00:00
5320260716030005,2026-07-18,奈良競輪,F2,A1/A2,5,Ａ級特一般,22:10,22:05,7,https://keirin.kdreams.jp/nara/racedetail/5320260716030005/?pageType=odds,2026-10-06T10:22:10.686435+00:00
5320260716030006,2026-07-18,奈良競輪,F2,A1/A2,6,Ａ級特選,22:30,22:25,7,https://keirin.kdreams.jp/nara/racedetail/5320260716030006/?pageType=odds,2026-10-06T10:22:12.607952+00:00
5320260716030007,2026-07-18,奈良競輪,F2,A1/A2,7,Ａ級特選,22:50,22:45,7,https://keirin.kdreams.jp/nara/racedetail/5320260716030007/?pageType=odds,2026-10-06T10:22:14.544707+00:00
5320260716030009,2026-07-18,奈良競輪,F2,A1/A2,9,Ａ級決勝,23:30,23:25,7,https://keirin.kdreams.jp/nara/racedetail/5320260716030009/?pageType=odds,2026-10-06T10:22:16.488590+00:00
4320260718010003,2026-07-18,岐阜競輪,F2,A1/A2,3,Ａ級特予選,09:11,09:06,7,https://keirin.kdreams.jp/gifu/racedetail/4320260718010003/?pageType=odds,2026-10-06T10:23:16.462326+00:00
4320260718010004,2026-07-18,岐阜競輪,F2,A1/A2,4,Ａ級特予選,09:32,09:27,7,https://keirin.kdreams.jp/gifu/racedetail/4320260718010004/?pageType=odds,2026-10-06T10:23:18.213267+00:00
4320260718010005,2026-07-18,岐阜競輪,F2,A1/A2,5,Ａ級特予選,09:53,09:48,7,https://keirin.kdreams.jp/gifu/racedetail/4320260718010005/?pageType=odds,2026-10-06T10:23:20.062402+00:00
4320260718010006,2026-07-18,岐阜競輪,F2,A1/A2,6,Ａ級特予選,10:14,10:09,7,https://keirin.kdreams.jp/gifu/racedetail/4320260718010006/?pageType=odds,2026-10-06T10:23:22.351540+00:00
4320260718010007,2026-07-18,岐阜競輪,F2,A1/A2,7,Ａ級初日特選,10:35,10:30,7,https://keirin.kdreams.jp/gifu/racedetail/4320260718010007/?pageType=odds,2026-10-06T10:23:24.562857+00:00
2120260717020007,2026-07-18,弥彦競輪,F2,A1/A2,7,Ａ級特一般,13:43,13:38,7,https://keirin.kdreams.jp/yahiko/racedetail/2120260717020007/?pageType=odds,2026-10-06T10:22:56.782786+00:00
2120260717020008,2026-07-18,弥彦競輪,F2,A1/A2,8,Ａ級特一般,14:13,14:08,7,https://keirin.kdreams.jp/yahiko/racedetail/2120260717020008/?pageType=odds,2026-10-06T10:22:58.658041+00:00
2120260717020009,2026-07-18,弥彦競輪,F2,A1/A2,9,Ａ級準決勝,14:43,14:38,7,https://keirin.kdreams.jp/yahiko/racedetail/2120260717020009/?pageType=odds,2026-10-06T10:23:00.484769+00:00
2120260717020010,2026-07-18,弥彦競輪,F2,A1/A2,10,Ａ級準決勝,15:20,15:15,7,https://keirin.kdreams.jp/yahiko/racedetail/2120260717020010/?pageType=odds,2026-10-06T10:23:02.390256+00:00
2120260717020011,2026-07-18,弥彦競輪,F2,A1/A2,11,Ａ級準決勝,15:59,15:54,7,https://keirin.kdreams.jp/yahiko/racedetail/2120260717020011/?pageType=odds,2026-10-06T10:23:04.608240+00:00
4720260716030001,2026-07-18,松阪競輪,F1,A1/A2,1,Ａ級一般,10:53,10:48,7,https://keirin.kdreams.jp/matsusaka/racedetail/4720260716030001/?pageType=odds,2026-10-06T10:21:38.671722+00:00
4720260716030002,2026-07-18,松阪競輪,F1,A1/A2,2,Ａ級一般,11:17,11:12,7,https://keirin.kdreams.jp/matsusaka/racedetail/4720260716030002/?pageType=odds,2026-10-06T10:21:40.805362+00:00
4720260716030003,2026-07-18,松阪競輪,F1,A1/A2,3,Ａ級特選,11:43,11:38,7,https://keirin.kdreams.jp/matsusaka/racedetail/4720260716030003/?pageType=odds,2026-10-06T10:21:42.905950+00:00
4720260716030004,2026-07-18,松阪競輪,F1,A1/A2,4,Ａ級特選,12:10,12:05,7,https://keirin.kdreams.jp/matsusaka/racedetail/4720260716030004/?pageType=odds,2026-10-06T10:21:44.991389+00:00
4720260716030011,2026-07-18,松阪競輪,F1,A1/A2,11,Ａ級決勝,15:45,15:40,7,https://keirin.kdreams.jp/matsusaka/racedetail/4720260716030011/?pageType=odds,2026-10-06T10:21:47.205262+00:00
2620260716030005,2026-07-18,西武園競輪,F2,A1/A2,5,Ａ級特一般,17:12,17:07,7,https://keirin.kdreams.jp/seibuen/racedetail/2620260716030005/?pageType=odds,2026-10-06T10:22:37.034567+00:00
2620260716030006,2026-07-18,西武園競輪,F2,A1/A2,6,Ａ級特一般,17:39,17:34,7,https://keirin.kdreams.jp/seibuen/racedetail/2620260716030006/?pageType=odds,2026-10-06T10:22:38.933797+00:00
2620260716030007,2026-07-18,西武園競輪,F2,A1/A2,7,Ａ級特選,18:06,18:01,7,https://keirin.kdreams.jp/seibuen/racedetail/2620260716030007/?pageType=odds,2026-10-06T10:22:41.089509+00:00
2620260716030008,2026-07-18,西武園競輪,F2,A1/A2,8,Ａ級特選,18:33,18:28,7,https://keirin.kdreams.jp/seibuen/racedetail/2620260716030008/?pageType=odds,2026-10-06T10:22:43.082111+00:00
2620260716030011,2026-07-18,西武園競輪,F2,A1/A2,11,Ａ級決勝,20:15,20:10,7,https://keirin.kdreams.jp/seibuen/racedetail/2620260716030011/?pageType=odds,2026-10-06T10:22:44.980667+00:00
3820260718010001,2026-07-18,静岡競輪,F1,A1/A2,1,Ａ級予選,10:45,10:40,7,https://keirin.kdreams.jp/shizuoka/racedetail/3820260718010001/?pageType=odds,2026-10-06T10:23:46.328842+00:00
3820260718010002,2026-07-18,静岡競輪,F1,A1/A2,2,Ａ級予選,11:09,11:04,7,https://keirin.kdreams.jp/shizuoka/racedetail/3820260718010002/?pageType=odds,2026-10-06T10:23:48.294707+00:00
3820260718010003,2026-07-18,静岡競輪,F1,A1/A2,3,Ａ級予選,11:34,11:29,7,https://keirin.kdreams.jp/shizuoka/racedetail/3820260718010003/?pageType=odds,2026-10-06T10:23:50.215902+00:00
3820260718010004,2026-07-18,静岡競輪,F1,A1/A2,4,Ａ級予選,12:01,11:56,7,https://keirin.kdreams.jp/shizuoka/racedetail/3820260718010004/?pageType=odds,2026-10-06T10:23:52.367824+00:00
3820260718010005,2026-07-18,静岡競輪,F1,A1/A2,5,Ａ級初日特選,12:28,12:23,7,https://keirin.kdreams.jp/shizuoka/racedetail/3820260718010005/?pageType=odds,2026-10-06T10:23:54.493025+00:00
2720260719010005,2026-07-19,京王閣競輪,F2,A1/A2,5,Ａ級特予選,22:10,22:05,7,https://keirin.kdreams.jp/keiokaku/racedetail/2720260719010005/?pageType=odds,2026-10-06T10:24:16.188308+00:00
2720260719010006,2026-07-19,京王閣競輪,F2,A1/A2,6,Ａ級特予選,22:30,22:25,7,https://keirin.kdreams.jp/keiokaku/racedetail/2720260719010006/?pageType=odds,2026-10-06T10:24:18.075041+00:00
2720260719010007,2026-07-19,京王閣競輪,F2,A1/A2,7,Ａ級特予選,22:50,22:45,7,https://keirin.kdreams.jp/keiokaku/racedetail/2720260719010007/?pageType=odds,2026-10-06T10:24:20.191891+00:00
2720260719010008,2026-07-19,京王閣競輪,F2,A1/A2,8,Ａ級特予選,23:10,23:05,7,https://keirin.kdreams.jp/keiokaku/racedetail/2720260719010008/?pageType=odds,2026-10-06T10:24:22.138794+00:00
2720260719010009,2026-07-19,京王閣競輪,F2,A1/A2,9,Ａ級初日特選,23:30,23:25,7,https://keirin.kdreams.jp/keiokaku/racedetail/2720260719010009/?pageType=odds,2026-10-06T10:24:23.971667+00:00
4320260718020003,2026-07-19,岐阜競輪,F2,A1/A2,3,Ａ級特一般,09:20,09:15,7,https://keirin.kdreams.jp/gifu/racedetail/4320260718020003/?pageType=odds,2026-10-06T10:23:26.389439+00:00
4320260718020004,2026-07-19,岐阜競輪,F2,A1/A2,4,Ａ級特一般,09:40,09:35,7,https://keirin.kdreams.jp/gifu/racedetail/4320260718020004/?pageType=odds,2026-10-06T10:23:28.186073+00:00
4320260718020005,2026-07-19,岐阜競輪,F2,A1/A2,5,Ａ級準決勝,10:00,09:55,7,https://keirin.kdreams.jp/gifu/racedetail/4320260718020005/?pageType=odds,2026-10-06T10:23:30.076346+00:00
4320260718020006,2026-07-19,岐阜競輪,F2,A1/A2,6,Ａ級準決勝,10:20,10:15,7,https://keirin.kdreams.jp/gifu/racedetail/4320260718020006/?pageType=odds,2026-10-06T10:23:31.938016+00:00
4320260718020007,2026-07-19,岐阜競輪,F2,A1/A2,7,Ａ級準決勝,10:40,10:35,7,https://keirin.kdreams.jp/gifu/racedetail/4320260718020007/?pageType=odds,2026-10-06T10:23:33.966401+00:00
2120260717030005,2026-07-19,弥彦競輪,F2,A1/A2,5,Ａ級特一般,12:40,12:35,7,https://keirin.kdreams.jp/yahiko/racedetail/2120260717030005/?pageType=odds,2026-10-06T10:23:06.644336+00:00
2120260717030006,2026-07-19,弥彦競輪,F2,A1/A2,6,Ａ級特一般,13:08,13:03,7,https://keirin.kdreams.jp/yahiko/racedetail/2120260717030006/?pageType=odds,2026-10-06T10:23:08.605769+00:00
2120260717030007,2026-07-19,弥彦競輪,F2,A1/A2,7,Ａ級特選,13:36,13:31,7,https://keirin.kdreams.jp/yahiko/racedetail/2120260717030007/?pageType=odds,2026-10-06T10:23:10.655878+00:00
2120260717030008,2026-07-19,弥彦競輪,F2,A1/A2,8,Ａ級特選,14:05,14:00,7,https://keirin.kdreams.jp/yahiko/racedetail/2120260717030008/?pageType=odds,2026-10-06T10:23:12.616437+00:00
2120260717030011,2026-07-19,弥彦競輪,F2,A1/A2,11,Ａ級決勝,15:50,15:45,7,https://keirin.kdreams.jp/yahiko/racedetail/2120260717030011/?pageType=odds,2026-10-06T10:23:14.661581+00:00
4520260719010005,2026-07-19,豊橋競輪,F2,A1/A2,5,Ａ級特予選,22:00,21:55,7,https://keirin.kdreams.jp/toyohashi/racedetail/4520260719010005/?pageType=odds,2026-10-06T10:24:45.528824+00:00
4520260719010006,2026-07-19,豊橋競輪,F2,A1/A2,6,Ａ級特予選,22:20,22:15,7,https://keirin.kdreams.jp/toyohashi/racedetail/4520260719010006/?pageType=odds,2026-10-06T10:24:47.405125+00:00
4520260719010007,2026-07-19,豊橋競輪,F2,A1/A2,7,Ａ級特予選,22:40,22:35,7,https://keirin.kdreams.jp/toyohashi/racedetail/4520260719010007/?pageType=odds,2026-10-06T10:24:49.351845+00:00
4520260719010008,2026-07-19,豊橋競輪,F2,A1/A2,8,Ａ級特予選,23:00,22:55,7,https://keirin.kdreams.jp/toyohashi/racedetail/4520260719010008/?pageType=odds,2026-10-06T10:24:51.525790+00:00
4520260719010009,2026-07-19,豊橋競輪,F2,A1/A2,9,Ａ級初日特選,23:20,23:15,7,https://keirin.kdreams.jp/toyohashi/racedetail/4520260719010009/?pageType=odds,2026-10-06T10:24:53.325241+00:00
3820260718020001,2026-07-19,静岡競輪,F1,A1/A2,1,Ａ級一般,10:45,10:40,7,https://keirin.kdreams.jp/shizuoka/racedetail/3820260718020001/?pageType=odds,2026-10-06T10:23:56.523160+00:00
3820260718020002,2026-07-19,静岡競輪,F1,A1/A2,2,Ａ級一般,11:10,11:05,7,https://keirin.kdreams.jp/shizuoka/racedetail/3820260718020002/?pageType=odds,2026-10-06T10:23:58.524371+00:00
3820260718020003,2026-07-19,静岡競輪,F1,A1/A2,3,Ａ級準決勝,11:35,11:30,7,https://keirin.kdreams.jp/shizuoka/racedetail/3820260718020003/?pageType=odds,2026-10-06T10:24:00.536033+00:00
3820260718020004,2026-07-19,静岡競輪,F1,A1/A2,4,Ａ級準決勝,12:01,11:56,7,https://keirin.kdreams.jp/shizuoka/racedetail/3820260718020004/?pageType=odds,2026-10-06T10:24:02.681012+00:00
3820260718020005,2026-07-19,静岡競輪,F1,A1/A2,5,Ａ級準決勝,12:27,12:22,7,https://keirin.kdreams.jp/shizuoka/racedetail/3820260718020005/?pageType=odds,2026-10-06T10:24:04.583413+00:00
2720260719020005,2026-07-20,京王閣競輪,F2,A1/A2,5,Ａ級特一般,22:10,22:05,7,https://keirin.kdreams.jp/keiokaku/racedetail/2720260719020005/?pageType=odds,2026-10-06T10:24:25.833896+00:00
2720260719020006,2026-07-20,京王閣競輪,F2,A1/A2,6,Ａ級特一般,22:30,22:25,7,https://keirin.kdreams.jp/keiokaku/racedetail/2720260719020006/?pageType=odds,2026-10-06T10:24:27.786598+00:00
2720260719020007,2026-07-20,京王閣競輪,F2,A1/A2,7,Ａ級準決勝,22:50,22:45,7,https://keirin.kdreams.jp/keiokaku/racedetail/2720260719020007/?pageType=odds,2026-10-06T10:24:29.896170+00:00
2720260719020008,2026-07-20,京王閣競輪,F2,A1/A2,8,Ａ級準決勝,23:10,23:05,7,https://keirin.kdreams.jp/keiokaku/racedetail/2720260719020008/?pageType=odds,2026-10-06T10:24:31.827224+00:00
2720260719020009,2026-07-20,京王閣競輪,F2,A1/A2,9,Ａ級準決勝,23:30,23:25,7,https://keirin.kdreams.jp/keiokaku/racedetail/2720260719020009/?pageType=odds,2026-10-06T10:24:33.763869+00:00
4320260718030002,2026-07-20,岐阜競輪,F2,A1/A2,2,Ａ級特一般,09:00,08:55,7,https://keirin.kdreams.jp/gifu/racedetail/4320260718030002/?pageType=odds,2026-10-06T10:23:36.100202+00:00
4320260718030003,2026-07-20,岐阜競輪,F2,A1/A2,3,Ａ級特一般,09:20,09:15,7,https://keirin.kdreams.jp/gifu/racedetail/4320260718030003/?pageType=odds,2026-10-06T10:23:38.235759+00:00
4320260718030004,2026-07-20,岐阜競輪,F2,A1/A2,4,Ａ級特選,09:40,09:35,7,https://keirin.kdreams.jp/gifu/racedetail/4320260718030004/?pageType=odds,2026-10-06T10:23:40.205140+00:00
4320260718030005,2026-07-20,岐阜競輪,F2,A1/A2,5,Ａ級特選,10:00,09:55,7,https://keirin.kdreams.jp/gifu/racedetail/4320260718030005/?pageType=odds,2026-10-06T10:23:42.228763+00:00
4320260718030007,2026-07-20,岐阜競輪,F2,A1/A2,7,Ａ級決勝,10:40,10:35,7,https://keirin.kdreams.jp/gifu/racedetail/4320260718030007/?pageType=odds,2026-10-06T10:23:44.493734+00:00
5620260720010001,2026-07-20,岸和田競輪,F1,A1/A2,1,Ａ級予選,10:45,10:40,7,https://keirin.kdreams.jp/kishiwada/racedetail/5620260720010001/?pageType=odds,2026-10-06T10:25:15.341593+00:00
5620260720010002,2026-07-20,岸和田競輪,F1,A1/A2,2,Ａ級予選,11:09,11:04,7,https://keirin.kdreams.jp/kishiwada/racedetail/5620260720010002/?pageType=odds,2026-10-06T10:25:17.613958+00:00
5620260720010003,2026-07-20,岸和田競輪,F1,A1/A2,3,Ａ級予選,11:33,11:28,7,https://keirin.kdreams.jp/kishiwada/racedetail/5620260720010003/?pageType=odds,2026-10-06T10:25:19.685163+00:00
5620260720010004,2026-07-20,岸和田競輪,F1,A1/A2,4,Ａ級予選,11:57,11:52,7,https://keirin.kdreams.jp/kishiwada/racedetail/5620260720010004/?pageType=odds,2026-10-06T10:25:21.681355+00:00
5620260720010005,2026-07-20,岸和田競輪,F1,A1/A2,5,Ａ級初日特選,12:21,12:16,7,https://keirin.kdreams.jp/kishiwada/racedetail/5620260720010005/?pageType=odds,2026-10-06T10:25:23.645565+00:00
4520260719020005,2026-07-20,豊橋競輪,F2,A1/A2,5,Ａ級特一般,22:00,21:55,7,https://keirin.kdreams.jp/toyohashi/racedetail/4520260719020005/?pageType=odds,2026-10-06T10:24:55.280508+00:00
4520260719020006,2026-07-20,豊橋競輪,F2,A1/A2,6,Ａ級特一般,22:20,22:15,7,https://keirin.kdreams.jp/toyohashi/racedetail/4520260719020006/?pageType=odds,2026-10-06T10:24:57.058711+00:00
4520260719020007,2026-07-20,豊橋競輪,F2,A1/A2,7,Ａ級準決勝,22:40,22:35,7,https://keirin.kdreams.jp/toyohashi/racedetail/4520260719020007/?pageType=odds,2026-10-06T10:24:58.862624+00:00
4520260719020008,2026-07-20,豊橋競輪,F2,A1/A2,8,Ａ級準決勝,23:00,22:55,7,https://keirin.kdreams.jp/toyohashi/racedetail/4520260719020008/?pageType=odds,2026-10-06T10:25:00.737312+00:00
4520260719020009,2026-07-20,豊橋競輪,F2,A1/A2,9,Ａ級準決勝,23:20,23:15,7,https://keirin.kdreams.jp/toyohashi/racedetail/4520260719020009/?pageType=odds,2026-10-06T10:25:03.115358+00:00
3820260718030001,2026-07-20,静岡競輪,F1,A1/A2,1,Ａ級一般,10:57,10:52,7,https://keirin.kdreams.jp/shizuoka/racedetail/3820260718030001/?pageType=odds,2026-10-06T10:24:06.383712+00:00
3820260718030002,2026-07-20,静岡競輪,F1,A1/A2,2,Ａ級一般,11:21,11:16,7,https://keirin.kdreams.jp/shizuoka/racedetail/3820260718030002/?pageType=odds,2026-10-06T10:24:08.268437+00:00
3820260718030003,2026-07-20,静岡競輪,F1,A1/A2,3,Ａ級特選,11:45,11:40,7,https://keirin.kdreams.jp/shizuoka/racedetail/3820260718030003/?pageType=odds,2026-10-06T10:24:10.215132+00:00
3820260718030004,2026-07-20,静岡競輪,F1,A1/A2,4,Ａ級特選,12:09,12:04,7,https://keirin.kdreams.jp/shizuoka/racedetail/3820260718030004/?pageType=odds,2026-10-06T10:24:12.142818+00:00
3820260718030010,2026-07-20,静岡競輪,F1,A1/A2,10,Ａ級決勝,14:48,14:43,7,https://keirin.kdreams.jp/shizuoka/racedetail/3820260718030010/?pageType=odds,2026-10-06T10:24:14.169198+00:00
2720260719030004,2026-07-21,京王閣競輪,F2,A1/A2,4,Ａ級特一般,21:50,21:45,7,https://keirin.kdreams.jp/keiokaku/racedetail/2720260719030004/?pageType=odds,2026-10-06T10:24:35.721959+00:00
2720260719030005,2026-07-21,京王閣競輪,F2,A1/A2,5,Ａ級特一般,22:10,22:05,7,https://keirin.kdreams.jp/keiokaku/racedetail/2720260719030005/?pageType=odds,2026-10-06T10:24:37.492758+00:00
2720260719030006,2026-07-21,京王閣競輪,F2,A1/A2,6,Ａ級特選,22:30,22:25,7,https://keirin.kdreams.jp/keiokaku/racedetail/2720260719030006/?pageType=odds,2026-10-06T10:24:39.661126+00:00
2720260719030007,2026-07-21,京王閣競輪,F2,A1/A2,7,Ａ級特選,22:50,22:45,7,https://keirin.kdreams.jp/keiokaku/racedetail/2720260719030007/?pageType=odds,2026-10-06T10:24:41.640049+00:00
2720260719030009,2026-07-21,京王閣競輪,F2,A1/A2,9,Ａ級決勝,23:30,23:25,7,https://keirin.kdreams.jp/keiokaku/racedetail/2720260719030009/?pageType=odds,2026-10-06T10:24:43.514531+00:00
4620260721010001,2026-07-21,富山競輪,F1,A1/A2,1,Ａ級予選,10:45,10:40,7,https://keirin.kdreams.jp/toyama/racedetail/4620260721010001/?pageType=odds,2026-10-06T10:26:14.095673+00:00
4620260721010002,2026-07-21,富山競輪,F1,A1/A2,2,Ａ級予選,11:12,11:07,7,https://keirin.kdreams.jp/toyama/racedetail/4620260721010002/?pageType=odds,2026-10-06T10:26:15.910526+00:00
4620260721010003,2026-07-21,富山競輪,F1,A1/A2,3,Ａ級予選,11:40,11:35,7,https://keirin.kdreams.jp/toyama/racedetail/4620260721010003/?pageType=odds,2026-10-06T10:26:17.765293+00:00
4620260721010004,2026-07-21,富山競輪,F1,A1/A2,4,Ａ級予選,12:08,12:03,7,https://keirin.kdreams.jp/toyama/racedetail/4620260721010004/?pageType=odds,2026-10-06T10:26:19.517572+00:00
4620260721010005,2026-07-21,富山競輪,F1,A1/A2,5,Ａ級初日特選,12:36,12:31,7,https://keirin.kdreams.jp/toyama/racedetail/4620260721010005/?pageType=odds,2026-10-06T10:26:21.410749+00:00
5620260720020001,2026-07-21,岸和田競輪,F1,A1/A2,1,Ａ級一般,10:58,10:53,7,https://keirin.kdreams.jp/kishiwada/racedetail/5620260720020001/?pageType=odds,2026-10-06T10:25:25.621797+00:00
5620260720020002,2026-07-21,岸和田競輪,F1,A1/A2,2,Ａ級一般,11:26,11:21,7,https://keirin.kdreams.jp/kishiwada/racedetail/5620260720020002/?pageType=odds,2026-10-06T10:25:27.661848+00:00
5620260720020003,2026-07-21,岸和田競輪,F1,A1/A2,3,Ａ級準決勝,11:54,11:49,7,https://keirin.kdreams.jp/kishiwada/racedetail/5620260720020003/?pageType=odds,2026-10-06T10:25:29.679743+00:00
5620260720020004,2026-07-21,岸和田競輪,F1,A1/A2,4,Ａ級準決勝,12:22,12:17,7,https://keirin.kdreams.jp/kishiwada/racedetail/5620260720020004/?pageType=odds,2026-10-06T10:25:31.491356+00:00
5620260720020005,2026-07-21,岸和田競輪,F1,A1/A2,5,Ａ級準決勝,12:50,12:45,7,https://keirin.kdreams.jp/kishiwada/racedetail/5620260720020005/?pageType=odds,2026-10-06T10:25:33.371713+00:00
4720260721010007,2026-07-21,松阪競輪,F2,A1/A2,7,Ａ級特予選,18:36,18:31,7,https://keirin.kdreams.jp/matsusaka/racedetail/4720260721010007/?pageType=odds,2026-10-06T10:25:45.280346+00:00
4720260721010008,2026-07-21,松阪競輪,F2,A1/A2,8,Ａ級特予選,19:04,18:59,7,https://keirin.kdreams.jp/matsusaka/racedetail/4720260721010008/?pageType=odds,2026-10-06T10:25:47.057105+00:00
4720260721010009,2026-07-21,松阪競輪,F2,A1/A2,9,Ａ級特予選,19:32,19:27,7,https://keirin.kdreams.jp/matsusaka/racedetail/4720260721010009/?pageType=odds,2026-10-06T10:25:48.891034+00:00
4720260721010010,2026-07-21,松阪競輪,F2,A1/A2,10,Ａ級特予選,20:01,19:56,7,https://keirin.kdreams.jp/matsusaka/racedetail/4720260721010010/?pageType=odds,2026-10-06T10:25:50.893723+00:00
4720260721010011,2026-07-21,松阪競輪,F2,A1/A2,11,Ａ級初日特選,20:30,20:25,7,https://keirin.kdreams.jp/matsusaka/racedetail/4720260721010011/?pageType=odds,2026-10-06T10:25:53.007183+00:00
4520260719030004,2026-07-21,豊橋競輪,F2,A1/A2,4,Ａ級特一般,21:40,21:35,7,https://keirin.kdreams.jp/toyohashi/racedetail/4520260719030004/?pageType=odds,2026-10-06T10:25:05.137098+00:00
4520260719030005,2026-07-21,豊橋競輪,F2,A1/A2,5,Ａ級特一般,22:00,21:55,7,https://keirin.kdreams.jp/toyohashi/racedetail/4520260719030005/?pageType=odds,2026-10-06T10:25:07.105868+00:00
4520260719030006,2026-07-21,豊橋競輪,F2,A1/A2,6,Ａ級特選,22:20,22:15,7,https://keirin.kdreams.jp/toyohashi/racedetail/4520260719030006/?pageType=odds,2026-10-06T10:25:09.386834+00:00
4520260719030007,2026-07-21,豊橋競輪,F2,A1/A2,7,Ａ級特選,22:40,22:35,7,https://keirin.kdreams.jp/toyohashi/racedetail/4520260719030007/?pageType=odds,2026-10-06T10:25:11.370885+00:00
4520260719030009,2026-07-21,豊橋競輪,F2,A1/A2,9,Ａ級決勝,23:20,23:15,7,https://keirin.kdreams.jp/toyohashi/racedetail/4520260719030009/?pageType=odds,2026-10-06T10:25:13.493300+00:00
3720260722010001,2026-07-22,伊東競輪,F2,A1/A2,1,Ａ級予選,20:57,20:52,7,https://keirin.kdreams.jp/ito/racedetail/3720260722010001/?pageType=odds,2026-10-06T10:27:26.304336+00:00
3720260722010002,2026-07-22,伊東競輪,F2,A1/A2,2,Ａ級予選,21:21,21:16,7,https://keirin.kdreams.jp/ito/racedetail/3720260722010002/?pageType=odds,2026-10-06T10:27:28.247014+00:00
3720260722010003,2026-07-22,伊東競輪,F2,A1/A2,3,Ａ級予選,21:45,21:40,7,https://keirin.kdreams.jp/ito/racedetail/3720260722010003/?pageType=odds,2026-10-06T10:27:30.032225+00:00
3720260722010004,2026-07-22,伊東競輪,F2,A1/A2,4,Ａ級予選,22:09,22:04,7,https://keirin.kdreams.jp/ito/racedetail/3720260722010004/?pageType=odds,2026-10-06T10:27:31.890037+00:00
3720260722010005,2026-07-22,伊東競輪,F2,A1/A2,5,Ａ級予選,22:36,22:31,7,https://keirin.kdreams.jp/ito/racedetail/3720260722010005/?pageType=odds,2026-10-06T10:27:33.715916+00:00
3720260722010006,2026-07-22,伊東競輪,F2,A1/A2,6,Ａ級予選,23:03,22:58,7,https://keirin.kdreams.jp/ito/racedetail/3720260722010006/?pageType=odds,2026-10-06T10:27:35.512009+00:00
3720260722010007,2026-07-22,伊東競輪,F2,A1/A2,7,Ａ級初日特選,23:30,23:25,7,https://keirin.kdreams.jp/ito/racedetail/3720260722010007/?pageType=odds,2026-10-06T10:27:37.825969+00:00
8520260722010001,2026-07-22,佐世保競輪,F2,A1/A2,1,Ａ級予選,08:30,08:25,7,https://keirin.kdreams.jp/sasebo/racedetail/8520260722010001/?pageType=odds,2026-10-06T10:28:09.342882+00:00
8520260722010002,2026-07-22,佐世保競輪,F2,A1/A2,2,Ａ級予選,08:50,08:45,7,https://keirin.kdreams.jp/sasebo/racedetail/8520260722010002/?pageType=odds,2026-10-06T10:28:11.292708+00:00
8520260722010003,2026-07-22,佐世保競輪,F2,A1/A2,3,Ａ級予選,09:11,09:06,7,https://keirin.kdreams.jp/sasebo/racedetail/8520260722010003/?pageType=odds,2026-10-06T10:28:13.269845+00:00
8520260722010004,2026-07-22,佐世保競輪,F2,A1/A2,4,Ａ級予選,09:32,09:27,7,https://keirin.kdreams.jp/sasebo/racedetail/8520260722010004/?pageType=odds,2026-10-06T10:28:15.213874+00:00
8520260722010005,2026-07-22,佐世保競輪,F2,A1/A2,5,Ａ級予選,09:53,09:48,7,https://keirin.kdreams.jp/sasebo/racedetail/8520260722010005/?pageType=odds,2026-10-06T10:28:17.389396+00:00
8520260722010006,2026-07-22,佐世保競輪,F2,A1/A2,6,Ａ級予選,10:14,10:09,7,https://keirin.kdreams.jp/sasebo/racedetail/8520260722010006/?pageType=odds,2026-10-06T10:28:19.256441+00:00
8520260722010007,2026-07-22,佐世保競輪,F2,A1/A2,7,Ａ級初日特選,10:35,10:30,7,https://keirin.kdreams.jp/sasebo/racedetail/8520260722010007/?pageType=odds,2026-10-06T10:28:21.175439+00:00
4620260721020001,2026-07-22,富山競輪,F1,A1/A2,1,Ａ級一般,10:53,10:48,7,https://keirin.kdreams.jp/toyama/racedetail/4620260721020001/?pageType=odds,2026-10-06T10:26:23.249376+00:00
4620260721020002,2026-07-22,富山競輪,F1,A1/A2,2,Ａ級一般,11:17,11:12,7,https://keirin.kdreams.jp/toyama/racedetail/4620260721020002/?pageType=odds,2026-10-06T10:26:25.127124+00:00
4620260721020003,2026-07-22,富山競輪,F1,A1/A2,3,Ａ級準決勝,11:41,11:36,7,https://keirin.kdreams.jp/toyama/racedetail/4620260721020003/?pageType=odds,2026-10-06T10:26:27.011466+00:00
4620260721020004,2026-07-22,富山競輪,F1,A1/A2,4,Ａ級準決勝,12:05,12:00,7,https://keirin.kdreams.jp/toyama/racedetail/4620260721020004/?pageType=odds,2026-10-06T10:26:29.202486+00:00
4620260721020005,2026-07-22,富山競輪,F1,A1/A2,5,Ａ級準決勝,12:29,12:24,7,https://keirin.kdreams.jp/toyama/racedetail/4620260721020005/?pageType=odds,2026-10-06T10:26:31.238149+00:00
5620260720030001,2026-07-22,岸和田競輪,F1,A1/A2,1,Ａ級一般,11:01,10:56,7,https://keirin.kdreams.jp/kishiwada/racedetail/5620260720030001/?pageType=odds,2026-10-06T10:25:35.330671+00:00
5620260720030002,2026-07-22,岸和田競輪,F1,A1/A2,2,Ａ級一般,11:25,11:20,7,https://keirin.kdreams.jp/kishiwada/racedetail/5620260720030002/?pageType=odds,2026-10-06T10:25:37.285407+00:00
5620260720030003,2026-07-22,岸和田競輪,F1,A1/A2,3,Ａ級特選,11:49,11:44,7,https://keirin.kdreams.jp/kishiwada/racedetail/5620260720030003/?pageType=odds,2026-10-06T10:25:39.402327+00:00
5620260720030004,2026-07-22,岸和田競輪,F1,A1/A2,4,Ａ級特選,12:13,12:08,7,https://keirin.kdreams.jp/kishiwada/racedetail/5620260720030004/?pageType=odds,2026-10-06T10:25:41.192093+00:00
5620260720030011,2026-07-22,岸和田競輪,F1,A1/A2,11,Ａ級決勝,15:41,15:36,7,https://keirin.kdreams.jp/kishiwada/racedetail/5620260720030011/?pageType=odds,2026-10-06T10:25:43.209361+00:00
6220260722010001,2026-07-22,広島競輪,F2,A1/A2,1,Ａ級予選,20:41,20:36,7,https://keirin.kdreams.jp/hiroshima/racedetail/6220260722010001/?pageType=odds,2026-10-06T10:26:42.778528+00:00
6220260722010002,2026-07-22,広島競輪,F2,A1/A2,2,Ａ級予選,21:05,21:00,7,https://keirin.kdreams.jp/hiroshima/racedetail/6220260722010002/?pageType=odds,2026-10-06T10:26:44.538593+00:00
6220260722010003,2026-07-22,広島競輪,F2,A1/A2,3,Ａ級予選,21:29,21:24,7,https://keirin.kdreams.jp/hiroshima/racedetail/6220260722010003/?pageType=odds,2026-10-06T10:26:46.434076+00:00
6220260722010004,2026-07-22,広島競輪,F2,A1/A2,4,Ａ級予選,21:53,21:48,7,https://keirin.kdreams.jp/hiroshima/racedetail/6220260722010004/?pageType=odds,2026-10-06T10:26:48.361834+00:00
6220260722010005,2026-07-22,広島競輪,F2,A1/A2,5,Ａ級予選,22:18,22:13,7,https://keirin.kdreams.jp/hiroshima/racedetail/6220260722010005/?pageType=odds,2026-10-06T10:26:50.172531+00:00
6220260722010006,2026-07-22,広島競輪,F2,A1/A2,6,Ａ級予選,22:45,22:40,7,https://keirin.kdreams.jp/hiroshima/racedetail/6220260722010006/?pageType=odds,2026-10-06T10:26:52.246877+00:00
6220260722010007,2026-07-22,広島競輪,F2,A1/A2,7,Ａ級初日特選,23:12,23:07,7,https://keirin.kdreams.jp/hiroshima/racedetail/6220260722010007/?pageType=odds,2026-10-06T10:26:54.014488+00:00
4720260721020007,2026-07-22,松阪競輪,F2,A1/A2,7,Ａ級特一般,18:13,18:08,7,https://keirin.kdreams.jp/matsusaka/racedetail/4720260721020007/?pageType=odds,2026-10-06T10:25:54.919660+00:00
4720260721020008,2026-07-22,松阪競輪,F2,A1/A2,8,Ａ級特一般,18:42,18:37,7,https://keirin.kdreams.jp/matsusaka/racedetail/4720260721020008/?pageType=odds,2026-10-06T10:25:56.761229+00:00
4720260721020009,2026-07-22,松阪競輪,F2,A1/A2,9,Ａ級準決勝,19:12,19:07,7,https://keirin.kdreams.jp/matsusaka/racedetail/4720260721020009/?pageType=odds,2026-10-06T10:25:58.722177+00:00
4720260721020010,2026-07-22,松阪競輪,F2,A1/A2,10,Ａ級準決勝,19:42,19:37,7,https://keirin.kdreams.jp/matsusaka/racedetail/4720260721020010/?pageType=odds,2026-10-06T10:26:00.614561+00:00
4720260721020011,2026-07-22,松阪競輪,F2,A1/A2,11,Ａ級準決勝,20:13,20:08,7,https://keirin.kdreams.jp/matsusaka/racedetail/4720260721020011/?pageType=odds,2026-10-06T10:26:02.432580+00:00
6120260722010001,2026-07-22,玉野競輪,F1,A1/A2,1,Ａ級予選,10:45,10:40,7,https://keirin.kdreams.jp/tamano/racedetail/6120260722010001/?pageType=odds,2026-10-06T10:28:51.989968+00:00
6120260722010002,2026-07-22,玉野競輪,F1,A1/A2,2,Ａ級予選,11:09,11:04,7,https://keirin.kdreams.jp/tamano/racedetail/6120260722010002/?pageType=odds,2026-10-06T10:28:53.816566+00:00
6120260722010003,2026-07-22,玉野競輪,F1,A1/A2,3,Ａ級予選,11:33,11:28,7,https://keirin.kdreams.jp/tamano/racedetail/6120260722010003/?pageType=odds,2026-10-06T10:28:55.681757+00:00
6120260722010004,2026-07-22,玉野競輪,F1,A1/A2,4,Ａ級予選,11:57,11:52,7,https://keirin.kdreams.jp/tamano/racedetail/6120260722010004/?pageType=odds,2026-10-06T10:28:58.092382+00:00
6120260722010005,2026-07-22,玉野競輪,F1,A1/A2,5,Ａ級初日特選,12:21,12:16,7,https://keirin.kdreams.jp/tamano/racedetail/6120260722010005/?pageType=odds,2026-10-06T10:28:59.992385+00:00
3720260722020001,2026-07-23,伊東競輪,F2,A1/A2,1,Ａ級一般,20:57,20:52,7,https://keirin.kdreams.jp/ito/racedetail/3720260722020001/?pageType=odds,2026-10-06T10:27:39.651141+00:00
3720260722020002,2026-07-23,伊東競輪,F2,A1/A2,2,Ａ級一般,21:21,21:16,7,https://keirin.kdreams.jp/ito/racedetail/3720260722020002/?pageType=odds,2026-10-06T10:27:41.930565+00:00
3720260722020003,2026-07-23,伊東競輪,F2,A1/A2,3,Ａ級選抜,21:45,21:40,7,https://keirin.kdreams.jp/ito/racedetail/3720260722020003/?pageType=odds,2026-10-06T10:27:43.832607+00:00
3720260722020004,2026-07-23,伊東競輪,F2,A1/A2,4,Ａ級選抜,22:09,22:04,7,https://keirin.kdreams.jp/ito/racedetail/3720260722020004/?pageType=odds,2026-10-06T10:27:45.947963+00:00
3720260722020005,2026-07-23,伊東競輪,F2,A1/A2,5,Ａ級準決勝,22:36,22:31,7,https://keirin.kdreams.jp/ito/racedetail/3720260722020005/?pageType=odds,2026-10-06T10:27:47.825620+00:00
3720260722020006,2026-07-23,伊東競輪,F2,A1/A2,6,Ａ級準決勝,23:03,22:58,7,https://keirin.kdreams.jp/ito/racedetail/3720260722020006/?pageType=odds,2026-10-06T10:27:50.080429+00:00
3720260722020007,2026-07-23,伊東競輪,F2,A1/A2,7,Ａ級準決勝,23:30,23:25,7,https://keirin.kdreams.jp/ito/racedetail/3720260722020007/?pageType=odds,2026-10-06T10:27:52.131332+00:00
8520260722020001,2026-07-23,佐世保競輪,F2,A1/A2,1,Ａ級一般,08:30,08:25,7,https://keirin.kdreams.jp/sasebo/racedetail/8520260722020001/?pageType=odds,2026-10-06T10:28:23.160134+00:00
8520260722020002,2026-07-23,佐世保競輪,F2,A1/A2,2,Ａ級一般,08:50,08:45,7,https://keirin.kdreams.jp/sasebo/racedetail/8520260722020002/?pageType=odds,2026-10-06T10:28:25.496116+00:00
8520260722020003,2026-07-23,佐世保競輪,F2,A1/A2,3,Ａ級選抜,09:10,09:05,7,https://keirin.kdreams.jp/sasebo/racedetail/8520260722020003/?pageType=odds,2026-10-06T10:28:27.608443+00:00
8520260722020004,2026-07-23,佐世保競輪,F2,A1/A2,4,Ａ級選抜,09:30,09:25,7,https://keirin.kdreams.jp/sasebo/racedetail/8520260722020004/?pageType=odds,2026-10-06T10:28:29.578160+00:00
8520260722020005,2026-07-23,佐世保競輪,F2,A1/A2,5,Ａ級準決勝,09:50,09:45,7,https://keirin.kdreams.jp/sasebo/racedetail/8520260722020005/?pageType=odds,2026-10-06T10:28:31.559560+00:00
8520260722020006,2026-07-23,佐世保競輪,F2,A1/A2,6,Ａ級準決勝,10:10,10:05,7,https://keirin.kdreams.jp/sasebo/racedetail/8520260722020006/?pageType=odds,2026-10-06T10:28:33.569266+00:00
8520260722020007,2026-07-23,佐世保競輪,F2,A1/A2,7,Ａ級準決勝,10:30,10:25,7,https://keirin.kdreams.jp/sasebo/racedetail/8520260722020007/?pageType=odds,2026-10-06T10:28:35.582516+00:00
4620260721030001,2026-07-23,富山競輪,F1,A1/A2,1,Ａ級一般,11:01,10:56,7,https://keirin.kdreams.jp/toyama/racedetail/4620260721030001/?pageType=odds,2026-10-06T10:26:33.091300+00:00
4620260721030002,2026-07-23,富山競輪,F1,A1/A2,2,Ａ級一般,11:25,11:20,7,https://keirin.kdreams.jp/toyama/racedetail/4620260721030002/?pageType=odds,2026-10-06T10:26:34.985847+00:00
4620260721030003,2026-07-23,富山競輪,F1,A1/A2,3,Ａ級特選,11:49,11:44,7,https://keirin.kdreams.jp/toyama/racedetail/4620260721030003/?pageType=odds,2026-10-06T10:26:36.876536+00:00
4620260721030004,2026-07-23,富山競輪,F1,A1/A2,4,Ａ級特選,12:13,12:08,7,https://keirin.kdreams.jp/toyama/racedetail/4620260721030004/?pageType=odds,2026-10-06T10:26:39.079453+00:00
4620260721030011,2026-07-23,富山競輪,F1,A1/A2,11,Ａ級決勝,15:41,15:36,7,https://keirin.kdreams.jp/toyama/racedetail/4620260721030011/?pageType=odds,2026-10-06T10:26:40.891749+00:00
3620260723010001,2026-07-23,小田原競輪,F2,A1/A2,1,Ａ級予選,08:40,08:35,7,https://keirin.kdreams.jp/odawara/racedetail/3620260723010001/?pageType=odds,2026-10-06T10:29:53.372368+00:00
3620260723010002,2026-07-23,小田原競輪,F2,A1/A2,2,Ａ級予選,09:00,08:55,7,https://keirin.kdreams.jp/odawara/racedetail/3620260723010002/?pageType=odds,2026-10-06T10:29:55.261706+00:00
3620260723010003,2026-07-23,小田原競輪,F2,A1/A2,3,Ａ級予選,09:20,09:15,7,https://keirin.kdreams.jp/odawara/racedetail/3620260723010003/?pageType=odds,2026-10-06T10:29:57.307618+00:00
3620260723010004,2026-07-23,小田原競輪,F2,A1/A2,4,Ａ級予選,09:40,09:35,7,https://keirin.kdreams.jp/odawara/racedetail/3620260723010004/?pageType=odds,2026-10-06T10:29:59.313369+00:00
3620260723010005,2026-07-23,小田原競輪,F2,A1/A2,5,Ａ級予選,10:00,09:55,7,https://keirin.kdreams.jp/odawara/racedetail/3620260723010005/?pageType=odds,2026-10-06T10:30:01.497529+00:00
3620260723010006,2026-07-23,小田原競輪,F2,A1/A2,6,Ａ級予選,10:20,10:15,7,https://keirin.kdreams.jp/odawara/racedetail/3620260723010006/?pageType=odds,2026-10-06T10:30:03.385469+00:00
3620260723010007,2026-07-23,小田原競輪,F2,A1/A2,7,Ａ級初日特選,10:40,10:35,7,https://keirin.kdreams.jp/odawara/racedetail/3620260723010007/?pageType=odds,2026-10-06T10:30:05.707301+00:00
6220260722020001,2026-07-23,広島競輪,F2,A1/A2,1,Ａ級一般,20:41,20:36,7,https://keirin.kdreams.jp/hiroshima/racedetail/6220260722020001/?pageType=odds,2026-10-06T10:26:55.981635+00:00
6220260722020002,2026-07-23,広島競輪,F2,A1/A2,2,Ａ級一般,21:05,21:00,7,https://keirin.kdreams.jp/hiroshima/racedetail/6220260722020002/?pageType=odds,2026-10-06T10:26:58.980496+00:00
6220260722020003,2026-07-23,広島競輪,F2,A1/A2,3,Ａ級選抜,21:29,21:24,7,https://keirin.kdreams.jp/hiroshima/racedetail/6220260722020003/?pageType=odds,2026-10-06T10:27:01.217339+00:00
6220260722020004,2026-07-23,広島競輪,F2,A1/A2,4,Ａ級選抜,21:53,21:48,7,https://keirin.kdreams.jp/hiroshima/racedetail/6220260722020004/?pageType=odds,2026-10-06T10:27:03.384815+00:00
6220260722020005,2026-07-23,広島競輪,F2,A1/A2,5,Ａ級準決勝,22:18,22:13,7,https://keirin.kdreams.jp/hiroshima/racedetail/6220260722020005/?pageType=odds,2026-10-06T10:27:05.464952+00:00
6220260722020006,2026-07-23,広島競輪,F2,A1/A2,6,Ａ級準決勝,22:45,22:40,7,https://keirin.kdreams.jp/hiroshima/racedetail/6220260722020006/?pageType=odds,2026-10-06T10:27:07.569556+00:00
6220260722020007,2026-07-23,広島競輪,F2,A1/A2,7,Ａ級準決勝,23:12,23:07,7,https://keirin.kdreams.jp/hiroshima/racedetail/6220260722020007/?pageType=odds,2026-10-06T10:27:09.603850+00:00
4720260721030005,2026-07-23,松阪競輪,F2,A1/A2,5,Ａ級特一般,17:15,17:10,7,https://keirin.kdreams.jp/matsusaka/racedetail/4720260721030005/?pageType=odds,2026-10-06T10:26:04.258750+00:00
4720260721030006,2026-07-23,松阪競輪,F2,A1/A2,6,Ａ級特一般,17:44,17:39,7,https://keirin.kdreams.jp/matsusaka/racedetail/4720260721030006/?pageType=odds,2026-10-06T10:26:06.212367+00:00
4720260721030007,2026-07-23,松阪競輪,F2,A1/A2,7,Ａ級特選,18:13,18:08,7,https://keirin.kdreams.jp/matsusaka/racedetail/4720260721030007/?pageType=odds,2026-10-06T10:26:08.092028+00:00
4720260721030008,2026-07-23,松阪競輪,F2,A1/A2,8,Ａ級特選,18:42,18:37,7,https://keirin.kdreams.jp/matsusaka/racedetail/4720260721030008/?pageType=odds,2026-10-06T10:26:10.234063+00:00
4720260721030011,2026-07-23,松阪競輪,F2,A1/A2,11,Ａ級決勝,20:13,20:08,7,https://keirin.kdreams.jp/matsusaka/racedetail/4720260721030011/?pageType=odds,2026-10-06T10:26:12.035591+00:00
6120260722020001,2026-07-23,玉野競輪,F1,A1/A2,1,Ａ級一般,10:53,10:48,7,https://keirin.kdreams.jp/tamano/racedetail/6120260722020001/?pageType=odds,2026-10-06T10:29:02.156798+00:00
6120260722020002,2026-07-23,玉野競輪,F1,A1/A2,2,Ａ級一般,11:17,11:12,7,https://keirin.kdreams.jp/tamano/racedetail/6120260722020002/?pageType=odds,2026-10-06T10:29:04.343928+00:00
6120260722020003,2026-07-23,玉野競輪,F1,A1/A2,3,Ａ級準決勝,11:41,11:36,7,https://keirin.kdreams.jp/tamano/racedetail/6120260722020003/?pageType=odds,2026-10-06T10:29:06.395160+00:00
6120260722020004,2026-07-23,玉野競輪,F1,A1/A2,4,Ａ級準決勝,12:05,12:00,7,https://keirin.kdreams.jp/tamano/racedetail/6120260722020004/?pageType=odds,2026-10-06T10:29:08.733703+00:00
6120260722020005,2026-07-23,玉野競輪,F1,A1/A2,5,Ａ級準決勝,12:29,12:24,7,https://keirin.kdreams.jp/tamano/racedetail/6120260722020005/?pageType=odds,2026-10-06T10:29:10.931034+00:00
1220260723010001,2026-07-23,青森競輪,F1,A1/A2,1,Ａ級予選,10:45,10:40,7,https://keirin.kdreams.jp/aomori/racedetail/1220260723010001/?pageType=odds,2026-10-06T10:29:23.120601+00:00
1220260723010002,2026-07-23,青森競輪,F1,A1/A2,2,Ａ級予選,11:09,11:04,7,https://keirin.kdreams.jp/aomori/racedetail/1220260723010002/?pageType=odds,2026-10-06T10:29:25.147427+00:00
1220260723010003,2026-07-23,青森競輪,F1,A1/A2,3,Ａ級予選,11:33,11:28,7,https://keirin.kdreams.jp/aomori/racedetail/1220260723010003/?pageType=odds,2026-10-06T10:29:27.021622+00:00
1220260723010004,2026-07-23,青森競輪,F1,A1/A2,4,Ａ級予選,11:57,11:52,7,https://keirin.kdreams.jp/aomori/racedetail/1220260723010004/?pageType=odds,2026-10-06T10:29:28.989015+00:00
1220260723010005,2026-07-23,青森競輪,F1,A1/A2,5,Ａ級初日特選,12:21,12:16,7,https://keirin.kdreams.jp/aomori/racedetail/1220260723010005/?pageType=odds,2026-10-06T10:29:30.992603+00:00
3720260722030001,2026-07-24,伊東競輪,F2,A1/A2,1,Ａ級一般,20:57,20:52,7,https://keirin.kdreams.jp/ito/racedetail/3720260722030001/?pageType=odds,2026-10-06T10:27:54.063151+00:00
3720260722030002,2026-07-24,伊東競輪,F2,A1/A2,2,Ａ級一般,21:21,21:16,7,https://keirin.kdreams.jp/ito/racedetail/3720260722030002/?pageType=odds,2026-10-06T10:27:56.136136+00:00
3720260722030003,2026-07-24,伊東競輪,F2,A1/A2,3,Ａ級一般,21:45,21:40,7,https://keirin.kdreams.jp/ito/racedetail/3720260722030003/?pageType=odds,2026-10-06T10:27:58.330815+00:00
3720260722030004,2026-07-24,伊東競輪,F2,A1/A2,4,Ａ級特選,22:09,22:04,7,https://keirin.kdreams.jp/ito/racedetail/3720260722030004/?pageType=odds,2026-10-06T10:28:00.498042+00:00
3720260722030005,2026-07-24,伊東競輪,F2,A1/A2,5,Ａ級特選,22:36,22:31,7,https://keirin.kdreams.jp/ito/racedetail/3720260722030005/?pageType=odds,2026-10-06T10:28:02.984498+00:00
3720260722030006,2026-07-24,伊東競輪,F2,A1/A2,6,Ａ級特選,23:03,22:58,7,https://keirin.kdreams.jp/ito/racedetail/3720260722030006/?pageType=odds,2026-10-06T10:28:05.192874+00:00
3720260722030007,2026-07-24,伊東競輪,F2,A1/A2,7,Ａ級決勝,23:30,23:25,7,https://keirin.kdreams.jp/ito/racedetail/3720260722030007/?pageType=odds,2026-10-06T10:28:07.244515+00:00
8520260722030001,2026-07-24,佐世保競輪,F2,A1/A2,1,Ａ級一般,08:30,08:25,7,https://keirin.kdreams.jp/sasebo/racedetail/8520260722030001/?pageType=odds,2026-10-06T10:28:37.590305+00:00
8520260722030002,2026-07-24,佐世保競輪,F2,A1/A2,2,Ａ級一般,08:50,08:45,7,https://keirin.kdreams.jp/sasebo/racedetail/8520260722030002/?pageType=odds,2026-10-06T10:28:39.629000+00:00
8520260722030003,2026-07-24,佐世保競輪,F2,A1/A2,3,Ａ級一般,09:10,09:05,7,https://keirin.kdreams.jp/sasebo/racedetail/8520260722030003/?pageType=odds,2026-10-06T10:28:41.593480+00:00
8520260722030004,2026-07-24,佐世保競輪,F2,A1/A2,4,Ａ級特選,09:30,09:25,7,https://keirin.kdreams.jp/sasebo/racedetail/8520260722030004/?pageType=odds,2026-10-06T10:28:43.631004+00:00
8520260722030005,2026-07-24,佐世保競輪,F2,A1/A2,5,Ａ級特選,09:50,09:45,7,https://keirin.kdreams.jp/sasebo/racedetail/8520260722030005/?pageType=odds,2026-10-06T10:28:45.725225+00:00
8520260722030006,2026-07-24,佐世保競輪,F2,A1/A2,6,Ａ級特選,10:10,10:05,7,https://keirin.kdreams.jp/sasebo/racedetail/8520260722030006/?pageType=odds,2026-10-06T10:28:47.736285+00:00
8520260722030007,2026-07-24,佐世保競輪,F2,A1/A2,7,Ａ級決勝,10:30,10:25,7,https://keirin.kdreams.jp/sasebo/racedetail/8520260722030007/?pageType=odds,2026-10-06T10:28:50.026059+00:00
5520260724010007,2026-07-24,和歌山競輪,F2,A1/A2,7,Ａ級特予選,13:43,13:38,7,https://keirin.kdreams.jp/wakayama/racedetail/5520260724010007/?pageType=odds,2026-10-06T10:31:06.983171+00:00
5520260724010008,2026-07-24,和歌山競輪,F2,A1/A2,8,Ａ級特予選,14:13,14:08,7,https://keirin.kdreams.jp/wakayama/racedetail/5520260724010008/?pageType=odds,2026-10-06T10:31:08.796820+00:00
5520260724010009,2026-07-24,和歌山競輪,F2,A1/A2,9,Ａ級特予選,14:43,14:38,7,https://keirin.kdreams.jp/wakayama/racedetail/5520260724010009/?pageType=odds,2026-10-06T10:31:10.834447+00:00
5520260724010010,2026-07-24,和歌山競輪,F2,A1/A2,10,Ａ級特予選,15:13,15:08,7,https://keirin.kdreams.jp/wakayama/racedetail/5520260724010010/?pageType=odds,2026-10-06T10:31:12.826268+00:00
5520260724010011,2026-07-24,和歌山競輪,F2,A1/A2,11,Ａ級初日特選,15:56,15:51,7,https://keirin.kdreams.jp/wakayama/racedetail/5520260724010011/?pageType=odds,2026-10-06T10:31:14.667249+00:00
8120260724010007,2026-07-24,小倉競輪,F2,A1/A2,7,Ａ級特予選,18:13,18:08,7,https://keirin.kdreams.jp/kokura/racedetail/8120260724010007/?pageType=odds,2026-10-06T10:30:35.403018+00:00
8120260724010008,2026-07-24,小倉競輪,F2,A1/A2,8,Ａ級特予選,18:42,18:37,7,https://keirin.kdreams.jp/kokura/racedetail/8120260724010008/?pageType=odds,2026-10-06T10:30:37.582517+00:00
8120260724010009,2026-07-24,小倉競輪,F2,A1/A2,9,Ａ級特予選,19:12,19:07,7,https://keirin.kdreams.jp/kokura/racedetail/8120260724010009/?pageType=odds,2026-10-06T10:30:39.898911+00:00
8120260724010010,2026-07-24,小倉競輪,F2,A1/A2,10,Ａ級特予選,19:42,19:37,7,https://keirin.kdreams.jp/kokura/racedetail/8120260724010010/?pageType=odds,2026-10-06T10:30:41.856588+00:00
8120260724010011,2026-07-24,小倉競輪,F2,A1/A2,11,Ａ級初日特選,20:13,20:08,7,https://keirin.kdreams.jp/kokura/racedetail/8120260724010011/?pageType=odds,2026-10-06T10:30:43.615846+00:00
3620260723020001,2026-07-24,小田原競輪,F2,A1/A2,1,Ａ級一般,08:40,08:35,6,https://keirin.kdreams.jp/odawara/racedetail/3620260723020001/?pageType=odds,2026-10-06T10:30:07.481491+00:00
3620260723020002,2026-07-24,小田原競輪,F2,A1/A2,2,Ａ級一般,09:00,08:55,7,https://keirin.kdreams.jp/odawara/racedetail/3620260723020002/?pageType=odds,2026-10-06T10:30:09.523588+00:00
3620260723020003,2026-07-24,小田原競輪,F2,A1/A2,3,Ａ級選抜,09:20,09:15,7,https://keirin.kdreams.jp/odawara/racedetail/3620260723020003/?pageType=odds,2026-10-06T10:30:11.532577+00:00
3620260723020004,2026-07-24,小田原競輪,F2,A1/A2,4,Ａ級選抜,09:40,09:35,7,https://keirin.kdreams.jp/odawara/racedetail/3620260723020004/?pageType=odds,2026-10-06T10:30:13.592099+00:00
3620260723020005,2026-07-24,小田原競輪,F2,A1/A2,5,Ａ級準決勝,10:00,09:55,7,https://keirin.kdreams.jp/odawara/racedetail/3620260723020005/?pageType=odds,2026-10-06T10:30:15.672561+00:00
3620260723020006,2026-07-24,小田原競輪,F2,A1/A2,6,Ａ級準決勝,10:20,10:15,7,https://keirin.kdreams.jp/odawara/racedetail/3620260723020006/?pageType=odds,2026-10-06T10:30:17.684221+00:00
3620260723020007,2026-07-24,小田原競輪,F2,A1/A2,7,Ａ級準決勝,10:40,10:35,7,https://keirin.kdreams.jp/odawara/racedetail/3620260723020007/?pageType=odds,2026-10-06T10:30:19.708868+00:00
6220260722030001,2026-07-24,広島競輪,F2,A1/A2,1,Ａ級一般,20:41,20:36,7,https://keirin.kdreams.jp/hiroshima/racedetail/6220260722030001/?pageType=odds,2026-10-06T10:27:11.887456+00:00
6220260722030002,2026-07-24,広島競輪,F2,A1/A2,2,Ａ級一般,21:05,21:00,7,https://keirin.kdreams.jp/hiroshima/racedetail/6220260722030002/?pageType=odds,2026-10-06T10:27:13.950709+00:00
6220260722030003,2026-07-24,広島競輪,F2,A1/A2,3,Ａ級一般,21:29,21:24,7,https://keirin.kdreams.jp/hiroshima/racedetail/6220260722030003/?pageType=odds,2026-10-06T10:27:16.118070+00:00
6220260722030004,2026-07-24,広島競輪,F2,A1/A2,4,Ａ級特選,21:53,21:48,7,https://keirin.kdreams.jp/hiroshima/racedetail/6220260722030004/?pageType=odds,2026-10-06T10:27:18.416391+00:00
6220260722030005,2026-07-24,広島競輪,F2,A1/A2,5,Ａ級特選,22:18,22:13,7,https://keirin.kdreams.jp/hiroshima/racedetail/6220260722030005/?pageType=odds,2026-10-06T10:27:20.494250+00:00
6220260722030006,2026-07-24,広島競輪,F2,A1/A2,6,Ａ級特選,22:45,22:40,7,https://keirin.kdreams.jp/hiroshima/racedetail/6220260722030006/?pageType=odds,2026-10-06T10:27:22.388860+00:00
6220260722030007,2026-07-24,広島競輪,F2,A1/A2,7,Ａ級決勝,23:12,23:07,7,https://keirin.kdreams.jp/hiroshima/racedetail/6220260722030007/?pageType=odds,2026-10-06T10:27:24.341667+00:00
6120260722030001,2026-07-24,玉野競輪,F1,A1/A2,1,Ａ級一般,10:53,10:48,7,https://keirin.kdreams.jp/tamano/racedetail/6120260722030001/?pageType=odds,2026-10-06T10:29:13.076078+00:00
6120260722030002,2026-07-24,玉野競輪,F1,A1/A2,2,Ａ級一般,11:17,11:12,7,https://keirin.kdreams.jp/tamano/racedetail/6120260722030002/?pageType=odds,2026-10-06T10:29:15.146422+00:00
6120260722030003,2026-07-24,玉野競輪,F1,A1/A2,3,Ａ級特選,11:43,11:38,7,https://keirin.kdreams.jp/tamano/racedetail/6120260722030003/?pageType=odds,2026-10-06T10:29:17.098893+00:00
6120260722030004,2026-07-24,玉野競輪,F1,A1/A2,4,Ａ級特選,12:10,12:05,7,https://keirin.kdreams.jp/tamano/racedetail/6120260722030004/?pageType=odds,2026-10-06T10:29:19.160897+00:00
6120260722030010,2026-07-24,玉野競輪,F1,A1/A2,10,Ａ級決勝,15:05,15:00,7,https://keirin.kdreams.jp/tamano/racedetail/6120260722030010/?pageType=odds,2026-10-06T10:29:21.179606+00:00
1220260723020001,2026-07-24,青森競輪,F1,A1/A2,1,Ａ級一般,10:45,10:40,7,https://keirin.kdreams.jp/aomori/racedetail/1220260723020001/?pageType=odds,2026-10-06T10:29:32.920258+00:00
1220260723020002,2026-07-24,青森競輪,F1,A1/A2,2,Ａ級一般,11:09,11:04,7,https://keirin.kdreams.jp/aomori/racedetail/1220260723020002/?pageType=odds,2026-10-06T10:29:34.977968+00:00
1220260723020003,2026-07-24,青森競輪,F1,A1/A2,3,Ａ級準決勝,11:34,11:29,7,https://keirin.kdreams.jp/aomori/racedetail/1220260723020003/?pageType=odds,2026-10-06T10:29:37.143372+00:00
1220260723020004,2026-07-24,青森競輪,F1,A1/A2,4,Ａ級準決勝,12:01,11:56,7,https://keirin.kdreams.jp/aomori/racedetail/1220260723020004/?pageType=odds,2026-10-06T10:29:39.065716+00:00
1220260723020005,2026-07-24,青森競輪,F1,A1/A2,5,Ａ級準決勝,12:28,12:23,7,https://keirin.kdreams.jp/aomori/racedetail/1220260723020005/?pageType=odds,2026-10-06T10:29:40.944880+00:00
5520260724020007,2026-07-25,和歌山競輪,F2,A1/A2,7,Ａ級特一般,13:46,13:41,7,https://keirin.kdreams.jp/wakayama/racedetail/5520260724020007/?pageType=odds,2026-10-06T10:31:16.541645+00:00
5520260724020008,2026-07-25,和歌山競輪,F2,A1/A2,8,Ａ級特一般,14:16,14:11,7,https://keirin.kdreams.jp/wakayama/racedetail/5520260724020008/?pageType=odds,2026-10-06T10:31:18.320712+00:00
5520260724020009,2026-07-25,和歌山競輪,F2,A1/A2,9,Ａ級準決勝,14:46,14:41,7,https://keirin.kdreams.jp/wakayama/racedetail/5520260724020009/?pageType=odds,2026-10-06T10:31:20.389719+00:00
5520260724020010,2026-07-25,和歌山競輪,F2,A1/A2,10,Ａ級準決勝,15:16,15:11,7,https://keirin.kdreams.jp/wakayama/racedetail/5520260724020010/?pageType=odds,2026-10-06T10:31:22.948280+00:00
5520260724020011,2026-07-25,和歌山競輪,F2,A1/A2,11,Ａ級準決勝,15:46,15:41,7,https://keirin.kdreams.jp/wakayama/racedetail/5520260724020011/?pageType=odds,2026-10-06T10:31:24.950499+00:00
5320260725010001,2026-07-25,奈良競輪,F1,A1/A2,1,Ａ級予選,15:53,15:48,7,https://keirin.kdreams.jp/nara/racedetail/5320260725010001/?pageType=odds,2026-10-06T10:32:02.758740+00:00
5320260725010002,2026-07-25,奈良競輪,F1,A1/A2,2,Ａ級予選,16:17,16:12,7,https://keirin.kdreams.jp/nara/racedetail/5320260725010002/?pageType=odds,2026-10-06T10:32:04.565968+00:00
5320260725010003,2026-07-25,奈良競輪,F1,A1/A2,3,Ａ級予選,16:41,16:36,7,https://keirin.kdreams.jp/nara/racedetail/5320260725010003/?pageType=odds,2026-10-06T10:32:06.417426+00:00
5320260725010004,2026-07-25,奈良競輪,F1,A1/A2,4,Ａ級予選,17:05,17:00,7,https://keirin.kdreams.jp/nara/racedetail/5320260725010004/?pageType=odds,2026-10-06T10:32:08.532444+00:00
5320260725010005,2026-07-25,奈良競輪,F1,A1/A2,5,Ａ級初日特選,17:29,17:24,7,https://keirin.kdreams.jp/nara/racedetail/5320260725010005/?pageType=odds,2026-10-06T10:32:10.422133+00:00
8120260724020007,2026-07-25,小倉競輪,F2,A1/A2,7,Ａ級特一般,18:29,18:24,7,https://keirin.kdreams.jp/kokura/racedetail/8120260724020007/?pageType=odds,2026-10-06T10:30:46.021916+00:00
8120260724020008,2026-07-25,小倉競輪,F2,A1/A2,8,Ａ級特一般,18:55,18:50,7,https://keirin.kdreams.jp/kokura/racedetail/8120260724020008/?pageType=odds,2026-10-06T10:30:48.325668+00:00
8120260724020009,2026-07-25,小倉競輪,F2,A1/A2,9,Ａ級準決勝,19:21,19:16,7,https://keirin.kdreams.jp/kokura/racedetail/8120260724020009/?pageType=odds,2026-10-06T10:30:50.766983+00:00
8120260724020010,2026-07-25,小倉競輪,F2,A1/A2,10,Ａ級準決勝,19:47,19:42,7,https://keirin.kdreams.jp/kokura/racedetail/8120260724020010/?pageType=odds,2026-10-06T10:30:53.007458+00:00
8120260724020011,2026-07-25,小倉競輪,F2,A1/A2,11,Ａ級準決勝,20:15,20:10,7,https://keirin.kdreams.jp/kokura/racedetail/8120260724020011/?pageType=odds,2026-10-06T10:30:54.953472+00:00
3620260723030001,2026-07-25,小田原競輪,F2,A1/A2,1,Ａ級一般,08:30,08:25,6,https://keirin.kdreams.jp/odawara/racedetail/3620260723030001/?pageType=odds,2026-10-06T10:30:21.557509+00:00
3620260723030002,2026-07-25,小田原競輪,F2,A1/A2,2,Ａ級一般,08:50,08:45,7,https://keirin.kdreams.jp/odawara/racedetail/3620260723030002/?pageType=odds,2026-10-06T10:30:23.511449+00:00
3620260723030003,2026-07-25,小田原競輪,F2,A1/A2,3,Ａ級一般,09:11,09:06,7,https://keirin.kdreams.jp/odawara/racedetail/3620260723030003/?pageType=odds,2026-10-06T10:30:25.405203+00:00
3620260723030004,2026-07-25,小田原競輪,F2,A1/A2,4,Ａ級特選,09:32,09:27,7,https://keirin.kdreams.jp/odawara/racedetail/3620260723030004/?pageType=odds,2026-10-06T10:30:27.177268+00:00
3620260723030005,2026-07-25,小田原競輪,F2,A1/A2,5,Ａ級特選,09:53,09:48,7,https://keirin.kdreams.jp/odawara/racedetail/3620260723030005/?pageType=odds,2026-10-06T10:30:29.005658+00:00
3620260723030006,2026-07-25,小田原競輪,F2,A1/A2,6,Ａ級特選,10:14,10:09,7,https://keirin.kdreams.jp/odawara/racedetail/3620260723030006/?pageType=odds,2026-10-06T10:30:30.879408+00:00
3620260723030007,2026-07-25,小田原競輪,F2,A1/A2,7,Ａ級決勝,10:35,10:30,7,https://keirin.kdreams.jp/odawara/racedetail/3620260723030007/?pageType=odds,2026-10-06T10:30:33.488941+00:00
7520260725010005,2026-07-25,松山競輪,F2,A1/A2,5,Ａ級特予選,22:10,22:05,7,https://keirin.kdreams.jp/matsuyama/racedetail/7520260725010005/?pageType=odds,2026-10-06T10:31:35.960246+00:00
7520260725010006,2026-07-25,松山競輪,F2,A1/A2,6,Ａ級特予選,22:30,22:25,7,https://keirin.kdreams.jp/matsuyama/racedetail/7520260725010006/?pageType=odds,2026-10-06T10:31:37.880366+00:00
7520260725010007,2026-07-25,松山競輪,F2,A1/A2,7,Ａ級特予選,22:50,22:45,7,https://keirin.kdreams.jp/matsuyama/racedetail/7520260725010007/?pageType=odds,2026-10-06T10:31:39.721193+00:00
7520260725010008,2026-07-25,松山競輪,F2,A1/A2,8,Ａ級特予選,23:10,23:05,7,https://keirin.kdreams.jp/matsuyama/racedetail/7520260725010008/?pageType=odds,2026-10-06T10:31:41.548674+00:00
7520260725010009,2026-07-25,松山競輪,F2,A1/A2,9,Ａ級初日特選,23:30,23:25,7,https://keirin.kdreams.jp/matsuyama/racedetail/7520260725010009/?pageType=odds,2026-10-06T10:31:43.426932+00:00
8420260725010005,2026-07-25,武雄競輪,F2,A1/A2,5,Ａ級特予選,22:00,21:55,7,https://keirin.kdreams.jp/takeo/racedetail/8420260725010005/?pageType=odds,2026-10-06T10:32:31.353505+00:00
8420260725010006,2026-07-25,武雄競輪,F2,A1/A2,6,Ａ級特予選,22:20,22:15,7,https://keirin.kdreams.jp/takeo/racedetail/8420260725010006/?pageType=odds,2026-10-06T10:32:33.285182+00:00
8420260725010007,2026-07-25,武雄競輪,F2,A1/A2,7,Ａ級特予選,22:40,22:35,7,https://keirin.kdreams.jp/takeo/racedetail/8420260725010007/?pageType=odds,2026-10-06T10:32:35.046800+00:00
8420260725010008,2026-07-25,武雄競輪,F2,A1/A2,8,Ａ級特予選,23:00,22:55,7,https://keirin.kdreams.jp/takeo/racedetail/8420260725010008/?pageType=odds,2026-10-06T10:32:37.087013+00:00
8420260725010009,2026-07-25,武雄競輪,F2,A1/A2,9,Ａ級初日特選,23:20,23:15,7,https://keirin.kdreams.jp/takeo/racedetail/8420260725010009/?pageType=odds,2026-10-06T10:32:39.203859+00:00
1220260723030001,2026-07-25,青森競輪,F1,A1/A2,1,Ａ級一般,10:45,10:40,6,https://keirin.kdreams.jp/aomori/racedetail/1220260723030001/?pageType=odds,2026-10-06T10:29:42.787429+00:00
1220260723030002,2026-07-25,青森競輪,F1,A1/A2,2,Ａ級一般,11:09,11:04,7,https://keirin.kdreams.jp/aomori/racedetail/1220260723030002/?pageType=odds,2026-10-06T10:29:45.011468+00:00
1220260723030003,2026-07-25,青森競輪,F1,A1/A2,3,Ａ級特選,11:34,11:29,7,https://keirin.kdreams.jp/aomori/racedetail/1220260723030003/?pageType=odds,2026-10-06T10:29:47.005237+00:00
1220260723030004,2026-07-25,青森競輪,F1,A1/A2,4,Ａ級特選,12:01,11:56,7,https://keirin.kdreams.jp/aomori/racedetail/1220260723030004/?pageType=odds,2026-10-06T10:29:49.014231+00:00
1220260723030011,2026-07-25,青森競輪,F1,A1/A2,11,Ａ級決勝,15:28,15:23,7,https://keirin.kdreams.jp/aomori/racedetail/1220260723030011/?pageType=odds,2026-10-06T10:29:51.171364+00:00
5520260724030007,2026-07-26,和歌山競輪,F2,A1/A2,7,Ａ級特一般,13:59,13:54,6,https://keirin.kdreams.jp/wakayama/racedetail/5520260724030007/?pageType=odds,2026-10-06T10:31:26.629750+00:00
5520260724030008,2026-07-26,和歌山競輪,F2,A1/A2,8,Ａ級特一般,14:29,14:24,6,https://keirin.kdreams.jp/wakayama/racedetail/5520260724030008/?pageType=odds,2026-10-06T10:31:28.478868+00:00
5520260724030009,2026-07-26,和歌山競輪,F2,A1/A2,9,Ａ級特選,14:59,14:54,7,https://keirin.kdreams.jp/wakayama/racedetail/5520260724030009/?pageType=odds,2026-10-06T10:31:30.406186+00:00
5520260724030010,2026-07-26,和歌山競輪,F2,A1/A2,10,Ａ級特選,15:31,15:26,7,https://keirin.kdreams.jp/wakayama/racedetail/5520260724030010/?pageType=odds,2026-10-06T10:31:32.327514+00:00
5520260724030011,2026-07-26,和歌山競輪,F2,A1/A2,11,Ａ級決勝,16:03,15:58,7,https://keirin.kdreams.jp/wakayama/racedetail/5520260724030011/?pageType=odds,2026-10-06T10:31:34.238843+00:00
5320260725020001,2026-07-26,奈良競輪,F1,A1/A2,1,Ａ級一般,15:54,15:49,7,https://keirin.kdreams.jp/nara/racedetail/5320260725020001/?pageType=odds,2026-10-06T10:32:12.348652+00:00
5320260725020002,2026-07-26,奈良競輪,F1,A1/A2,2,Ａ級一般,16:18,16:13,7,https://keirin.kdreams.jp/nara/racedetail/5320260725020002/?pageType=odds,2026-10-06T10:32:14.231514+00:00
5320260725020003,2026-07-26,奈良競輪,F1,A1/A2,3,Ａ級準決勝,16:42,16:37,7,https://keirin.kdreams.jp/nara/racedetail/5320260725020003/?pageType=odds,2026-10-06T10:32:16.132813+00:00
5320260725020004,2026-07-26,奈良競輪,F1,A1/A2,4,Ａ級準決勝,17:06,17:01,7,https://keirin.kdreams.jp/nara/racedetail/5320260725020004/?pageType=odds,2026-10-06T10:32:18.037941+00:00
5320260725020005,2026-07-26,奈良競輪,F1,A1/A2,5,Ａ級準決勝,17:30,17:25,7,https://keirin.kdreams.jp/nara/racedetail/5320260725020005/?pageType=odds,2026-10-06T10:32:19.927131+00:00
8120260724030005,2026-07-26,小倉競輪,F2,A1/A2,5,Ａ級特一般,17:42,17:37,7,https://keirin.kdreams.jp/kokura/racedetail/8120260724030005/?pageType=odds,2026-10-06T10:30:56.841019+00:00
8120260724030006,2026-07-26,小倉競輪,F2,A1/A2,6,Ａ級特一般,18:06,18:01,7,https://keirin.kdreams.jp/kokura/racedetail/8120260724030006/?pageType=odds,2026-10-06T10:30:58.831592+00:00
8120260724030007,2026-07-26,小倉競輪,F2,A1/A2,7,Ａ級特選,18:30,18:25,7,https://keirin.kdreams.jp/kokura/racedetail/8120260724030007/?pageType=odds,2026-10-06T10:31:00.761864+00:00
8120260724030008,2026-07-26,小倉競輪,F2,A1/A2,8,Ａ級特選,18:56,18:51,7,https://keirin.kdreams.jp/kokura/racedetail/8120260724030008/?pageType=odds,2026-10-06T10:31:02.845813+00:00
8120260724030011,2026-07-26,小倉競輪,F2,A1/A2,11,Ａ級決勝,20:16,20:11,7,https://keirin.kdreams.jp/kokura/racedetail/8120260724030011/?pageType=odds,2026-10-06T10:31:04.897025+00:00
7520260725020005,2026-07-26,松山競輪,F2,A1/A2,5,Ａ級特一般,22:10,22:05,7,https://keirin.kdreams.jp/matsuyama/racedetail/7520260725020005/?pageType=odds,2026-10-06T10:31:44.981597+00:00
7520260725020006,2026-07-26,松山競輪,F2,A1/A2,6,Ａ級特一般,22:30,22:25,7,https://keirin.kdreams.jp/matsuyama/racedetail/7520260725020006/?pageType=odds,2026-10-06T10:31:46.731238+00:00
7520260725020007,2026-07-26,松山競輪,F2,A1/A2,7,Ａ級準決勝,22:50,22:45,7,https://keirin.kdreams.jp/matsuyama/racedetail/7520260725020007/?pageType=odds,2026-10-06T10:31:48.547769+00:00
7520260725020008,2026-07-26,松山競輪,F2,A1/A2,8,Ａ級準決勝,23:10,23:05,7,https://keirin.kdreams.jp/matsuyama/racedetail/7520260725020008/?pageType=odds,2026-10-06T10:31:50.365658+00:00
7520260725020009,2026-07-26,松山競輪,F2,A1/A2,9,Ａ級準決勝,23:30,23:25,7,https://keirin.kdreams.jp/matsuyama/racedetail/7520260725020009/?pageType=odds,2026-10-06T10:31:52.043025+00:00
8420260725020005,2026-07-26,武雄競輪,F2,A1/A2,5,Ａ級特一般,22:00,21:55,7,https://keirin.kdreams.jp/takeo/racedetail/8420260725020005/?pageType=odds,2026-10-06T10:32:41.216732+00:00
8420260725020006,2026-07-26,武雄競輪,F2,A1/A2,6,Ａ級特一般,22:20,22:15,7,https://keirin.kdreams.jp/takeo/racedetail/8420260725020006/?pageType=odds,2026-10-06T10:32:43.271988+00:00
8420260725020007,2026-07-26,武雄競輪,F2,A1/A2,7,Ａ級準決勝,22:40,22:35,7,https://keirin.kdreams.jp/takeo/racedetail/8420260725020007/?pageType=odds,2026-10-06T10:32:45.067911+00:00
8420260725020008,2026-07-26,武雄競輪,F2,A1/A2,8,Ａ級準決勝,23:00,22:55,7,https://keirin.kdreams.jp/takeo/racedetail/8420260725020008/?pageType=odds,2026-10-06T10:32:47.039493+00:00
8420260725020009,2026-07-26,武雄競輪,F2,A1/A2,9,Ａ級準決勝,23:20,23:15,7,https://keirin.kdreams.jp/takeo/racedetail/8420260725020009/?pageType=odds,2026-10-06T10:32:48.980171+00:00
5320260725030001,2026-07-27,奈良競輪,F1,A1/A2,1,Ａ級一般,16:06,16:01,7,https://keirin.kdreams.jp/nara/racedetail/5320260725030001/?pageType=odds,2026-10-06T10:32:21.822919+00:00
5320260725030002,2026-07-27,奈良競輪,F1,A1/A2,2,Ａ級一般,16:28,16:23,7,https://keirin.kdreams.jp/nara/racedetail/5320260725030002/?pageType=odds,2026-10-06T10:32:23.681689+00:00
5320260725030003,2026-07-27,奈良競輪,F1,A1/A2,3,Ａ級特選,16:50,16:45,7,https://keirin.kdreams.jp/nara/racedetail/5320260725030003/?pageType=odds,2026-10-06T10:32:25.667706+00:00
5320260725030004,2026-07-27,奈良競輪,F1,A1/A2,4,Ａ級特選,17:14,17:09,7,https://keirin.kdreams.jp/nara/racedetail/5320260725030004/?pageType=odds,2026-10-06T10:32:27.677100+00:00
5320260725030011,2026-07-27,奈良競輪,F1,A1/A2,11,Ａ級決勝,20:04,19:59,7,https://keirin.kdreams.jp/nara/racedetail/5320260725030011/?pageType=odds,2026-10-06T10:32:29.582004+00:00
6220260727010001,2026-07-27,広島競輪,F2,A1/A2,1,Ａ級特予選,08:40,08:35,7,https://keirin.kdreams.jp/hiroshima/racedetail/6220260727010001/?pageType=odds,2026-10-06T10:33:00.834155+00:00
6220260727010002,2026-07-27,広島競輪,F2,A1/A2,2,Ａ級特予選,09:00,08:55,7,https://keirin.kdreams.jp/hiroshima/racedetail/6220260727010002/?pageType=odds,2026-10-06T10:33:02.782267+00:00
6220260727010003,2026-07-27,広島競輪,F2,A1/A2,3,Ａ級特予選,09:20,09:15,7,https://keirin.kdreams.jp/hiroshima/racedetail/6220260727010003/?pageType=odds,2026-10-06T10:33:04.657323+00:00
6220260727010004,2026-07-27,広島競輪,F2,A1/A2,4,Ａ級特予選,09:40,09:35,7,https://keirin.kdreams.jp/hiroshima/racedetail/6220260727010004/?pageType=odds,2026-10-06T10:33:06.637201+00:00
6220260727010005,2026-07-27,広島競輪,F2,A1/A2,5,Ａ級初日特選,10:00,09:55,7,https://keirin.kdreams.jp/hiroshima/racedetail/6220260727010005/?pageType=odds,2026-10-06T10:33:08.507295+00:00
7520260725030004,2026-07-27,松山競輪,F2,A1/A2,4,Ａ級特一般,21:50,21:45,7,https://keirin.kdreams.jp/matsuyama/racedetail/7520260725030004/?pageType=odds,2026-10-06T10:31:53.810577+00:00
7520260725030005,2026-07-27,松山競輪,F2,A1/A2,5,Ａ級特一般,22:10,22:05,7,https://keirin.kdreams.jp/matsuyama/racedetail/7520260725030005/?pageType=odds,2026-10-06T10:31:55.535543+00:00
7520260725030006,2026-07-27,松山競輪,F2,A1/A2,6,Ａ級特選,22:30,22:25,7,https://keirin.kdreams.jp/matsuyama/racedetail/7520260725030006/?pageType=odds,2026-10-06T10:31:57.313743+00:00
7520260725030007,2026-07-27,松山競輪,F2,A1/A2,7,Ａ級特選,22:50,22:45,7,https://keirin.kdreams.jp/matsuyama/racedetail/7520260725030007/?pageType=odds,2026-10-06T10:31:59.071766+00:00
7520260725030009,2026-07-27,松山競輪,F2,A1/A2,9,Ａ級決勝,23:30,23:25,7,https://keirin.kdreams.jp/matsuyama/racedetail/7520260725030009/?pageType=odds,2026-10-06T10:32:01.009539+00:00
8420260725030004,2026-07-27,武雄競輪,F2,A1/A2,4,Ａ級特一般,21:40,21:35,7,https://keirin.kdreams.jp/takeo/racedetail/8420260725030004/?pageType=odds,2026-10-06T10:32:51.019156+00:00
8420260725030005,2026-07-27,武雄競輪,F2,A1/A2,5,Ａ級特一般,22:00,21:55,7,https://keirin.kdreams.jp/takeo/racedetail/8420260725030005/?pageType=odds,2026-10-06T10:32:53.009476+00:00
8420260725030006,2026-07-27,武雄競輪,F2,A1/A2,6,Ａ級特選,22:20,22:15,7,https://keirin.kdreams.jp/takeo/racedetail/8420260725030006/?pageType=odds,2026-10-06T10:32:54.957712+00:00
8420260725030007,2026-07-27,武雄競輪,F2,A1/A2,7,Ａ級特選,22:40,22:35,7,https://keirin.kdreams.jp/takeo/racedetail/8420260725030007/?pageType=odds,2026-10-06T10:32:57.038944+00:00
8420260725030009,2026-07-27,武雄競輪,F2,A1/A2,9,Ａ級決勝,23:20,23:15,7,https://keirin.kdreams.jp/takeo/racedetail/8420260725030009/?pageType=odds,2026-10-06T10:32:59.069323+00:00
6120260727010001,2026-07-27,玉野競輪,F1,A1/A2,1,Ａ級予選,15:51,15:46,7,https://keirin.kdreams.jp/tamano/racedetail/6120260727010001/?pageType=odds,2026-10-06T10:33:58.599005+00:00
6120260727010002,2026-07-27,玉野競輪,F1,A1/A2,2,Ａ級予選,16:14,16:09,7,https://keirin.kdreams.jp/tamano/racedetail/6120260727010002/?pageType=odds,2026-10-06T10:34:00.611623+00:00
6120260727010003,2026-07-27,玉野競輪,F1,A1/A2,3,Ａ級予選,16:38,16:33,7,https://keirin.kdreams.jp/tamano/racedetail/6120260727010003/?pageType=odds,2026-10-06T10:34:02.464172+00:00
6120260727010004,2026-07-27,玉野競輪,F1,A1/A2,4,Ａ級予選,17:02,16:57,7,https://keirin.kdreams.jp/tamano/racedetail/6120260727010004/?pageType=odds,2026-10-06T10:34:04.434724+00:00
6120260727010005,2026-07-27,玉野競輪,F1,A1/A2,5,Ａ級初日特選,17:26,17:21,7,https://keirin.kdreams.jp/tamano/racedetail/6120260727010005/?pageType=odds,2026-10-06T10:34:06.242915+00:00
2820260727010001,2026-07-27,立川競輪,F1,A1/A2,1,Ａ級予選,10:45,10:40,7,https://keirin.kdreams.jp/tachikawa/racedetail/2820260727010001/?pageType=odds,2026-10-06T10:33:29.364638+00:00
2820260727010002,2026-07-27,立川競輪,F1,A1/A2,2,Ａ級予選,11:11,11:06,7,https://keirin.kdreams.jp/tachikawa/racedetail/2820260727010002/?pageType=odds,2026-10-06T10:33:31.227914+00:00
2820260727010003,2026-07-27,立川競輪,F1,A1/A2,3,Ａ級予選,11:38,11:33,7,https://keirin.kdreams.jp/tachikawa/racedetail/2820260727010003/?pageType=odds,2026-10-06T10:33:33.033595+00:00
2820260727010004,2026-07-27,立川競輪,F1,A1/A2,4,Ａ級予選,12:06,12:01,7,https://keirin.kdreams.jp/tachikawa/racedetail/2820260727010004/?pageType=odds,2026-10-06T10:33:34.947601+00:00
2820260727010005,2026-07-27,立川競輪,F1,A1/A2,5,Ａ級初日特選,12:34,12:29,7,https://keirin.kdreams.jp/tachikawa/racedetail/2820260727010005/?pageType=odds,2026-10-06T10:33:36.725909+00:00
3720260728010003,2026-07-28,伊東競輪,F2,A1/A2,3,Ａ級予選,21:30,21:25,7,https://keirin.kdreams.jp/ito/racedetail/3720260728010003/?pageType=odds,2026-10-06T10:34:56.131780+00:00
3720260728010004,2026-07-28,伊東競輪,F2,A1/A2,4,Ａ級予選,21:50,21:45,7,https://keirin.kdreams.jp/ito/racedetail/3720260728010004/?pageType=odds,2026-10-06T10:34:57.878055+00:00
3720260728010005,2026-07-28,伊東競輪,F2,A1/A2,5,Ａ級予選,22:10,22:05,7,https://keirin.kdreams.jp/ito/racedetail/3720260728010005/?pageType=odds,2026-10-06T10:34:59.865134+00:00
3720260728010006,2026-07-28,伊東競輪,F2,A1/A2,6,Ａ級予選,22:30,22:25,7,https://keirin.kdreams.jp/ito/racedetail/3720260728010006/?pageType=odds,2026-10-06T10:35:01.704344+00:00
3720260728010007,2026-07-28,伊東競輪,F2,A1/A2,7,Ａ級予選,22:50,22:45,7,https://keirin.kdreams.jp/ito/racedetail/3720260728010007/?pageType=odds,2026-10-06T10:35:03.537653+00:00
3720260728010008,2026-07-28,伊東競輪,F2,A1/A2,8,Ａ級予選,23:10,23:05,7,https://keirin.kdreams.jp/ito/racedetail/3720260728010008/?pageType=odds,2026-10-06T10:35:05.263942+00:00
3720260728010009,2026-07-28,伊東競輪,F2,A1/A2,9,Ａ級初日特選,23:30,23:25,7,https://keirin.kdreams.jp/ito/racedetail/3720260728010009/?pageType=odds,2026-10-06T10:35:07.046981+00:00
3520260728010007,2026-07-28,平塚競輪,F2,A1/A2,7,Ａ級特予選,18:30,18:25,7,https://keirin.kdreams.jp/hiratsuka/racedetail/3520260728010007/?pageType=odds,2026-10-06T10:34:27.750780+00:00
3520260728010008,2026-07-28,平塚競輪,F2,A1/A2,8,Ａ級特予選,18:56,18:51,7,https://keirin.kdreams.jp/hiratsuka/racedetail/3520260728010008/?pageType=odds,2026-10-06T10:34:29.560105+00:00
3520260728010009,2026-07-28,平塚競輪,F2,A1/A2,9,Ａ級特予選,19:22,19:17,7,https://keirin.kdreams.jp/hiratsuka/racedetail/3520260728010009/?pageType=odds,2026-10-06T10:34:31.417802+00:00
3520260728010010,2026-07-28,平塚競輪,F2,A1/A2,10,Ａ級特予選,19:48,19:43,7,https://keirin.kdreams.jp/hiratsuka/racedetail/3520260728010010/?pageType=odds,2026-10-06T10:34:33.185976+00:00
3520260728010011,2026-07-28,平塚競輪,F2,A1/A2,11,Ａ級初日特選,20:16,20:11,7,https://keirin.kdreams.jp/hiratsuka/racedetail/3520260728010011/?pageType=odds,2026-10-06T10:34:35.201760+00:00
6220260727020001,2026-07-28,広島競輪,F2,A1/A2,1,Ａ級特一般,08:40,08:35,7,https://keirin.kdreams.jp/hiroshima/racedetail/6220260727020001/?pageType=odds,2026-10-06T10:33:10.774139+00:00
6220260727020002,2026-07-28,広島競輪,F2,A1/A2,2,Ａ級特一般,09:00,08:55,7,https://keirin.kdreams.jp/hiroshima/racedetail/6220260727020002/?pageType=odds,2026-10-06T10:33:12.497268+00:00
6220260727020003,2026-07-28,広島競輪,F2,A1/A2,3,Ａ級準決勝,09:20,09:15,7,https://keirin.kdreams.jp/hiroshima/racedetail/6220260727020003/?pageType=odds,2026-10-06T10:33:14.471975+00:00
6220260727020004,2026-07-28,広島競輪,F2,A1/A2,4,Ａ級準決勝,09:40,09:35,7,https://keirin.kdreams.jp/hiroshima/racedetail/6220260727020004/?pageType=odds,2026-10-06T10:33:16.511003+00:00
6220260727020005,2026-07-28,広島競輪,F2,A1/A2,5,Ａ級準決勝,10:00,09:55,7,https://keirin.kdreams.jp/hiroshima/racedetail/6220260727020005/?pageType=odds,2026-10-06T10:33:18.261773+00:00
6120260727020001,2026-07-28,玉野競輪,F1,A1/A2,1,Ａ級一般,15:55,15:50,7,https://keirin.kdreams.jp/tamano/racedetail/6120260727020001/?pageType=odds,2026-10-06T10:34:08.119698+00:00
6120260727020002,2026-07-28,玉野競輪,F1,A1/A2,2,Ａ級一般,16:18,16:13,7,https://keirin.kdreams.jp/tamano/racedetail/6120260727020002/?pageType=odds,2026-10-06T10:34:10.001706+00:00
6120260727020003,2026-07-28,玉野競輪,F1,A1/A2,3,Ａ級準決勝,16:42,16:37,7,https://keirin.kdreams.jp/tamano/racedetail/6120260727020003/?pageType=odds,2026-10-06T10:34:11.931167+00:00
6120260727020004,2026-07-28,玉野競輪,F1,A1/A2,4,Ａ級準決勝,17:06,17:01,7,https://keirin.kdreams.jp/tamano/racedetail/6120260727020004/?pageType=odds,2026-10-06T10:34:13.877707+00:00
6120260727020005,2026-07-28,玉野競輪,F1,A1/A2,5,Ａ級準決勝,17:30,17:25,7,https://keirin.kdreams.jp/tamano/racedetail/6120260727020005/?pageType=odds,2026-10-06T10:34:15.687084+00:00
2820260727020001,2026-07-28,立川競輪,F1,A1/A2,1,Ａ級一般,10:45,10:40,7,https://keirin.kdreams.jp/tachikawa/racedetail/2820260727020001/?pageType=odds,2026-10-06T10:33:38.635938+00:00
2820260727020002,2026-07-28,立川競輪,F1,A1/A2,2,Ａ級一般,11:12,11:07,7,https://keirin.kdreams.jp/tachikawa/racedetail/2820260727020002/?pageType=odds,2026-10-06T10:33:40.749010+00:00
2820260727020003,2026-07-28,立川競輪,F1,A1/A2,3,Ａ級準決勝,11:40,11:35,7,https://keirin.kdreams.jp/tachikawa/racedetail/2820260727020003/?pageType=odds,2026-10-06T10:33:42.478534+00:00
2820260727020004,2026-07-28,立川競輪,F1,A1/A2,4,Ａ級準決勝,12:08,12:03,7,https://keirin.kdreams.jp/tachikawa/racedetail/2820260727020004/?pageType=odds,2026-10-06T10:33:44.453957+00:00
2820260727020005,2026-07-28,立川競輪,F1,A1/A2,5,Ａ級準決勝,12:36,12:31,7,https://keirin.kdreams.jp/tachikawa/racedetail/2820260727020005/?pageType=odds,2026-10-06T10:33:46.283385+00:00
2620260728010005,2026-07-28,西武園競輪,F2,A1/A2,5,Ａ級特予選,22:00,21:55,7,https://keirin.kdreams.jp/seibuen/racedetail/2620260728010005/?pageType=odds,2026-10-06T10:35:36.822846+00:00
2620260728010006,2026-07-28,西武園競輪,F2,A1/A2,6,Ａ級特予選,22:20,22:15,7,https://keirin.kdreams.jp/seibuen/racedetail/2620260728010006/?pageType=odds,2026-10-06T10:35:38.709730+00:00
2620260728010007,2026-07-28,西武園競輪,F2,A1/A2,7,Ａ級特予選,22:40,22:35,7,https://keirin.kdreams.jp/seibuen/racedetail/2620260728010007/?pageType=odds,2026-10-06T10:35:40.543953+00:00
2620260728010008,2026-07-28,西武園競輪,F2,A1/A2,8,Ａ級特予選,23:00,22:55,7,https://keirin.kdreams.jp/seibuen/racedetail/2620260728010008/?pageType=odds,2026-10-06T10:35:42.565967+00:00
2620260728010009,2026-07-28,西武園競輪,F2,A1/A2,9,Ａ級初日特選,23:20,23:15,7,https://keirin.kdreams.jp/seibuen/racedetail/2620260728010009/?pageType=odds,2026-10-06T10:35:44.865859+00:00
3720260728020003,2026-07-29,伊東競輪,F2,A1/A2,3,Ａ級一般,21:30,21:25,7,https://keirin.kdreams.jp/ito/racedetail/3720260728020003/?pageType=odds,2026-10-06T10:35:08.843888+00:00
3720260728020004,2026-07-29,伊東競輪,F2,A1/A2,4,Ａ級一般,21:50,21:45,7,https://keirin.kdreams.jp/ito/racedetail/3720260728020004/?pageType=odds,2026-10-06T10:35:11.368542+00:00
3720260728020005,2026-07-29,伊東競輪,F2,A1/A2,5,Ａ級選抜,22:10,22:05,7,https://keirin.kdreams.jp/ito/racedetail/3720260728020005/?pageType=odds,2026-10-06T10:35:13.211473+00:00
3720260728020006,2026-07-29,伊東競輪,F2,A1/A2,6,Ａ級選抜,22:30,22:25,7,https://keirin.kdreams.jp/ito/racedetail/3720260728020006/?pageType=odds,2026-10-06T10:35:15.043849+00:00
3720260728020007,2026-07-29,伊東競輪,F2,A1/A2,7,Ａ級準決勝,22:50,22:45,7,https://keirin.kdreams.jp/ito/racedetail/3720260728020007/?pageType=odds,2026-10-06T10:35:17.031454+00:00
3720260728020008,2026-07-29,伊東競輪,F2,A1/A2,8,Ａ級準決勝,23:10,23:05,7,https://keirin.kdreams.jp/ito/racedetail/3720260728020008/?pageType=odds,2026-10-06T10:35:18.971270+00:00
3720260728020009,2026-07-29,伊東競輪,F2,A1/A2,9,Ａ級準決勝,23:30,23:25,7,https://keirin.kdreams.jp/ito/racedetail/3720260728020009/?pageType=odds,2026-10-06T10:35:21.121186+00:00
5520260729010001,2026-07-29,和歌山競輪,F1,A1/A2,1,Ａ級予選,10:45,10:40,7,https://keirin.kdreams.jp/wakayama/racedetail/5520260729010001/?pageType=odds,2026-10-06T10:36:05.462147+00:00
5520260729010002,2026-07-29,和歌山競輪,F1,A1/A2,2,Ａ級予選,11:10,11:05,7,https://keirin.kdreams.jp/wakayama/racedetail/5520260729010002/?pageType=odds,2026-10-06T10:36:07.275153+00:00
5520260729010003,2026-07-29,和歌山競輪,F1,A1/A2,3,Ａ級予選,11:37,11:32,7,https://keirin.kdreams.jp/wakayama/racedetail/5520260729010003/?pageType=odds,2026-10-06T10:36:09.142609+00:00
5520260729010004,2026-07-29,和歌山競輪,F1,A1/A2,4,Ａ級予選,12:05,12:00,7,https://keirin.kdreams.jp/wakayama/racedetail/5520260729010004/?pageType=odds,2026-10-06T10:36:11.051063+00:00
5520260729010005,2026-07-29,和歌山競輪,F1,A1/A2,5,Ａ級初日特選,12:33,12:28,7,https://keirin.kdreams.jp/wakayama/racedetail/5520260729010005/?pageType=odds,2026-10-06T10:36:14.259801+00:00
3520260728020007,2026-07-29,平塚競輪,F2,A1/A2,7,Ａ級特一般,18:30,18:25,7,https://keirin.kdreams.jp/hiratsuka/racedetail/3520260728020007/?pageType=odds,2026-10-06T10:34:36.892228+00:00
3520260728020008,2026-07-29,平塚競輪,F2,A1/A2,8,Ａ級特一般,18:56,18:51,7,https://keirin.kdreams.jp/hiratsuka/racedetail/3520260728020008/?pageType=odds,2026-10-06T10:34:38.736885+00:00
3520260728020009,2026-07-29,平塚競輪,F2,A1/A2,9,Ａ級準決勝,19:22,19:17,7,https://keirin.kdreams.jp/hiratsuka/racedetail/3520260728020009/?pageType=odds,2026-10-06T10:34:40.596901+00:00
3520260728020010,2026-07-29,平塚競輪,F2,A1/A2,10,Ａ級準決勝,19:48,19:43,7,https://keirin.kdreams.jp/hiratsuka/racedetail/3520260728020010/?pageType=odds,2026-10-06T10:34:42.543249+00:00
3520260728020011,2026-07-29,平塚競輪,F2,A1/A2,11,Ａ級準決勝,20:16,20:11,7,https://keirin.kdreams.jp/hiratsuka/racedetail/3520260728020011/?pageType=odds,2026-10-06T10:34:44.802358+00:00
6220260727030001,2026-07-29,広島競輪,F2,A1/A2,1,Ａ級特一般,08:30,08:25,7,https://keirin.kdreams.jp/hiroshima/racedetail/6220260727030001/?pageType=odds,2026-10-06T10:33:20.047082+00:00
6220260727030002,2026-07-29,広島競輪,F2,A1/A2,2,Ａ級特一般,08:50,08:45,7,https://keirin.kdreams.jp/hiroshima/racedetail/6220260727030002/?pageType=odds,2026-10-06T10:33:21.765912+00:00
6220260727030003,2026-07-29,広島競輪,F2,A1/A2,3,Ａ級特選,09:11,09:06,7,https://keirin.kdreams.jp/hiroshima/racedetail/6220260727030003/?pageType=odds,2026-10-06T10:33:23.844646+00:00
6220260727030004,2026-07-29,広島競輪,F2,A1/A2,4,Ａ級特選,09:32,09:27,7,https://keirin.kdreams.jp/hiroshima/racedetail/6220260727030004/?pageType=odds,2026-10-06T10:33:25.628891+00:00
6220260727030005,2026-07-29,広島競輪,F2,A1/A2,5,Ａ級決勝,09:53,09:48,7,https://keirin.kdreams.jp/hiroshima/racedetail/6220260727030005/?pageType=odds,2026-10-06T10:33:27.587537+00:00
6120260727030001,2026-07-29,玉野競輪,F1,A1/A2,1,Ａ級一般,15:45,15:40,7,https://keirin.kdreams.jp/tamano/racedetail/6120260727030001/?pageType=odds,2026-10-06T10:34:17.658651+00:00
6120260727030002,2026-07-29,玉野競輪,F1,A1/A2,2,Ａ級一般,16:07,16:02,7,https://keirin.kdreams.jp/tamano/racedetail/6120260727030002/?pageType=odds,2026-10-06T10:34:19.496814+00:00
6120260727030003,2026-07-29,玉野競輪,F1,A1/A2,3,Ａ級特選,16:33,16:28,7,https://keirin.kdreams.jp/tamano/racedetail/6120260727030003/?pageType=odds,2026-10-06T10:34:21.687504+00:00
6120260727030004,2026-07-29,玉野競輪,F1,A1/A2,4,Ａ級特選,16:59,16:54,7,https://keirin.kdreams.jp/tamano/racedetail/6120260727030004/?pageType=odds,2026-10-06T10:34:23.757612+00:00
6120260727030011,2026-07-29,玉野競輪,F1,A1/A2,11,Ａ級決勝,20:02,19:57,7,https://keirin.kdreams.jp/tamano/racedetail/6120260727030011/?pageType=odds,2026-10-06T10:34:25.997314+00:00
2820260727030001,2026-07-29,立川競輪,F1,A1/A2,1,Ａ級一般,10:57,10:52,7,https://keirin.kdreams.jp/tachikawa/racedetail/2820260727030001/?pageType=odds,2026-10-06T10:33:48.363413+00:00
2820260727030002,2026-07-29,立川競輪,F1,A1/A2,2,Ａ級一般,11:23,11:18,7,https://keirin.kdreams.jp/tachikawa/racedetail/2820260727030002/?pageType=odds,2026-10-06T10:33:50.585495+00:00
2820260727030003,2026-07-29,立川競輪,F1,A1/A2,3,Ａ級特選,11:51,11:46,7,https://keirin.kdreams.jp/tachikawa/racedetail/2820260727030003/?pageType=odds,2026-10-06T10:33:52.517670+00:00
2820260727030004,2026-07-29,立川競輪,F1,A1/A2,4,Ａ級特選,12:19,12:14,7,https://keirin.kdreams.jp/tachikawa/racedetail/2820260727030004/?pageType=odds,2026-10-06T10:33:54.297162+00:00
2820260727030008,2026-07-29,立川競輪,F1,A1/A2,8,Ａ級決勝,14:11,14:06,7,https://keirin.kdreams.jp/tachikawa/racedetail/2820260727030008/?pageType=odds,2026-10-06T10:33:56.741699+00:00
2620260728020005,2026-07-29,西武園競輪,F2,A1/A2,5,Ａ級特一般,22:00,21:55,7,https://keirin.kdreams.jp/seibuen/racedetail/2620260728020005/?pageType=odds,2026-10-06T10:35:46.798232+00:00
2620260728020006,2026-07-29,西武園競輪,F2,A1/A2,6,Ａ級特一般,22:20,22:15,7,https://keirin.kdreams.jp/seibuen/racedetail/2620260728020006/?pageType=odds,2026-10-06T10:35:48.616209+00:00
2620260728020007,2026-07-29,西武園競輪,F2,A1/A2,7,Ａ級準決勝,22:40,22:35,7,https://keirin.kdreams.jp/seibuen/racedetail/2620260728020007/?pageType=odds,2026-10-06T10:35:50.610609+00:00
2620260728020008,2026-07-29,西武園競輪,F2,A1/A2,8,Ａ級準決勝,23:00,22:55,7,https://keirin.kdreams.jp/seibuen/racedetail/2620260728020008/?pageType=odds,2026-10-06T10:35:52.421926+00:00
2620260728020009,2026-07-29,西武園競輪,F2,A1/A2,9,Ａ級準決勝,23:20,23:15,7,https://keirin.kdreams.jp/seibuen/racedetail/2620260728020009/?pageType=odds,2026-10-06T10:35:54.260304+00:00
3720260728030002,2026-07-30,伊東競輪,F2,A1/A2,2,Ａ級一般,21:10,21:05,7,https://keirin.kdreams.jp/ito/racedetail/3720260728030002/?pageType=odds,2026-10-06T10:35:23.631353+00:00
3720260728030003,2026-07-30,伊東競輪,F2,A1/A2,3,Ａ級一般,21:30,21:25,7,https://keirin.kdreams.jp/ito/racedetail/3720260728030003/?pageType=odds,2026-10-06T10:35:25.584775+00:00
3720260728030004,2026-07-30,伊東競輪,F2,A1/A2,4,Ａ級一般,21:50,21:45,7,https://keirin.kdreams.jp/ito/racedetail/3720260728030004/?pageType=odds,2026-10-06T10:35:27.655457+00:00
3720260728030005,2026-07-30,伊東競輪,F2,A1/A2,5,Ａ級特選,22:10,22:05,7,https://keirin.kdreams.jp/ito/racedetail/3720260728030005/?pageType=odds,2026-10-06T10:35:29.523289+00:00
3720260728030006,2026-07-30,伊東競輪,F2,A1/A2,6,Ａ級特選,22:30,22:25,7,https://keirin.kdreams.jp/ito/racedetail/3720260728030006/?pageType=odds,2026-10-06T10:35:31.411663+00:00
3720260728030007,2026-07-30,伊東競輪,F2,A1/A2,7,Ａ級特選,22:50,22:45,7,https://keirin.kdreams.jp/ito/racedetail/3720260728030007/?pageType=odds,2026-10-06T10:35:33.258569+00:00
3720260728030009,2026-07-30,伊東競輪,F2,A1/A2,9,Ａ級決勝,23:30,23:25,7,https://keirin.kdreams.jp/ito/racedetail/3720260728030009/?pageType=odds,2026-10-06T10:35:35.087134+00:00
5520260729020001,2026-07-30,和歌山競輪,F1,A1/A2,1,Ａ級一般,10:45,10:40,7,https://keirin.kdreams.jp/wakayama/racedetail/5520260729020001/?pageType=odds,2026-10-06T10:36:17.362952+00:00
5520260729020002,2026-07-30,和歌山競輪,F1,A1/A2,2,Ａ級一般,11:12,11:07,7,https://keirin.kdreams.jp/wakayama/racedetail/5520260729020002/?pageType=odds,2026-10-06T10:36:19.399688+00:00
5520260729020003,2026-07-30,和歌山競輪,F1,A1/A2,3,Ａ級準決勝,11:40,11:35,7,https://keirin.kdreams.jp/wakayama/racedetail/5520260729020003/?pageType=odds,2026-10-06T10:36:21.535294+00:00
5520260729020004,2026-07-30,和歌山競輪,F1,A1/A2,4,Ａ級準決勝,12:08,12:03,7,https://keirin.kdreams.jp/wakayama/racedetail/5520260729020004/?pageType=odds,2026-10-06T10:36:23.629223+00:00
5520260729020005,2026-07-30,和歌山競輪,F1,A1/A2,5,Ａ級準決勝,12:37,12:32,7,https://keirin.kdreams.jp/wakayama/racedetail/5520260729020005/?pageType=odds,2026-10-06T10:36:25.539055+00:00
4320260730010007,2026-07-30,岐阜競輪,F2,A1/A2,7,Ａ級特予選,13:52,13:47,7,https://keirin.kdreams.jp/gifu/racedetail/4320260730010007/?pageType=odds,2026-10-06T10:36:37.396669+00:00
4320260730010008,2026-07-30,岐阜競輪,F2,A1/A2,8,Ａ級特予選,14:22,14:17,7,https://keirin.kdreams.jp/gifu/racedetail/4320260730010008/?pageType=odds,2026-10-06T10:36:39.149359+00:00
4320260730010009,2026-07-30,岐阜競輪,F2,A1/A2,9,Ａ級特予選,14:52,14:47,7,https://keirin.kdreams.jp/gifu/racedetail/4320260730010009/?pageType=odds,2026-10-06T10:36:41.096677+00:00
4320260730010010,2026-07-30,岐阜競輪,F2,A1/A2,10,Ａ級特予選,15:22,15:17,7,https://keirin.kdreams.jp/gifu/racedetail/4320260730010010/?pageType=odds,2026-10-06T10:36:42.911536+00:00
4320260730010011,2026-07-30,岐阜競輪,F2,A1/A2,11,Ａ級初日特選,15:52,15:47,7,https://keirin.kdreams.jp/gifu/racedetail/4320260730010011/?pageType=odds,2026-10-06T10:36:44.739001+00:00
3520260728030004,2026-07-30,平塚競輪,F2,A1/A2,4,Ａ級特一般,17:38,17:33,7,https://keirin.kdreams.jp/hiratsuka/racedetail/3520260728030004/?pageType=odds,2026-10-06T10:34:46.814649+00:00
3520260728030005,2026-07-30,平塚競輪,F2,A1/A2,5,Ａ級特一般,18:04,17:59,7,https://keirin.kdreams.jp/hiratsuka/racedetail/3520260728030005/?pageType=odds,2026-10-06T10:34:48.673416+00:00
3520260728030006,2026-07-30,平塚競輪,F2,A1/A2,6,Ａ級特選,18:30,18:25,7,https://keirin.kdreams.jp/hiratsuka/racedetail/3520260728030006/?pageType=odds,2026-10-06T10:34:50.344174+00:00
3520260728030007,2026-07-30,平塚競輪,F2,A1/A2,7,Ａ級特選,18:56,18:51,7,https://keirin.kdreams.jp/hiratsuka/racedetail/3520260728030007/?pageType=odds,2026-10-06T10:34:52.177022+00:00
3520260728030010,2026-07-30,平塚競輪,F2,A1/A2,10,Ａ級決勝,20:16,20:11,7,https://keirin.kdreams.jp/hiratsuka/racedetail/3520260728030010/?pageType=odds,2026-10-06T10:34:54.189482+00:00
2120260730010001,2026-07-30,弥彦競輪,F1,A1/A2,1,Ａ級予選,15:45,15:40,7,https://keirin.kdreams.jp/yahiko/racedetail/2120260730010001/?pageType=odds,2026-10-06T10:37:05.721934+00:00
2120260730010002,2026-07-30,弥彦競輪,F1,A1/A2,2,Ａ級予選,16:07,16:02,7,https://keirin.kdreams.jp/yahiko/racedetail/2120260730010002/?pageType=odds,2026-10-06T10:37:07.587956+00:00
2120260730010003,2026-07-30,弥彦競輪,F1,A1/A2,3,Ａ級予選,16:33,16:28,7,https://keirin.kdreams.jp/yahiko/racedetail/2120260730010003/?pageType=odds,2026-10-06T10:37:09.535383+00:00
2120260730010004,2026-07-30,弥彦競輪,F1,A1/A2,4,Ａ級予選,16:59,16:54,7,https://keirin.kdreams.jp/yahiko/racedetail/2120260730010004/?pageType=odds,2026-10-06T10:37:11.426883+00:00
2120260730010005,2026-07-30,弥彦競輪,F1,A1/A2,5,Ａ級初日特選,17:25,17:20,7,https://keirin.kdreams.jp/yahiko/racedetail/2120260730010005/?pageType=odds,2026-10-06T10:37:13.187375+00:00
2620260728030004,2026-07-30,西武園競輪,F2,A1/A2,4,Ａ級特一般,21:40,21:35,7,https://keirin.kdreams.jp/seibuen/racedetail/2620260728030004/?pageType=odds,2026-10-06T10:35:56.084670+00:00
2620260728030005,2026-07-30,西武園競輪,F2,A1/A2,5,Ａ級特一般,22:00,21:55,7,https://keirin.kdreams.jp/seibuen/racedetail/2620260728030005/?pageType=odds,2026-10-06T10:35:58.066222+00:00
2620260728030006,2026-07-30,西武園競輪,F2,A1/A2,6,Ａ級特選,22:20,22:15,7,https://keirin.kdreams.jp/seibuen/racedetail/2620260728030006/?pageType=odds,2026-10-06T10:35:59.863743+00:00
2620260728030007,2026-07-30,西武園競輪,F2,A1/A2,7,Ａ級特選,22:40,22:35,7,https://keirin.kdreams.jp/seibuen/racedetail/2620260728030007/?pageType=odds,2026-10-06T10:36:01.778735+00:00
2620260728030009,2026-07-30,西武園競輪,F2,A1/A2,9,Ａ級決勝,23:20,23:15,7,https://keirin.kdreams.jp/seibuen/racedetail/2620260728030009/?pageType=odds,2026-10-06T10:36:03.672953+00:00
1320260731010001,2026-07-31,いわき平競輪,F1,A1/A2,1,Ａ級予選,15:50,15:45,7,https://keirin.kdreams.jp/iwakitaira/racedetail/1320260731010001/?pageType=odds,2026-10-06T10:37:35.749094+00:00
1320260731010002,2026-07-31,いわき平競輪,F1,A1/A2,2,Ａ級予選,16:12,16:07,7,https://keirin.kdreams.jp/iwakitaira/racedetail/1320260731010002/?pageType=odds,2026-10-06T10:37:37.657827+00:00
1320260731010003,2026-07-31,いわき平競輪,F1,A1/A2,3,Ａ級予選,16:36,16:31,7,https://keirin.kdreams.jp/iwakitaira/racedetail/1320260731010003/?pageType=odds,2026-10-06T10:37:39.549161+00:00
1320260731010004,2026-07-31,いわき平競輪,F1,A1/A2,4,Ａ級予選,17:00,16:55,7,https://keirin.kdreams.jp/iwakitaira/racedetail/1320260731010004/?pageType=odds,2026-10-06T10:37:41.374201+00:00
1320260731010005,2026-07-31,いわき平競輪,F1,A1/A2,5,Ａ級初日特選,17:24,17:19,7,https://keirin.kdreams.jp/iwakitaira/racedetail/1320260731010005/?pageType=odds,2026-10-06T10:37:43.262845+00:00
2720260731010001,2026-07-31,京王閣競輪,F2,A1/A2,1,Ａ級予選,20:49,20:44,7,https://keirin.kdreams.jp/keiokaku/racedetail/2720260731010001/?pageType=odds,2026-10-06T10:38:05.312330+00:00
2720260731010002,2026-07-31,京王閣競輪,F2,A1/A2,2,Ａ級予選,21:13,21:08,7,https://keirin.kdreams.jp/keiokaku/racedetail/2720260731010002/?pageType=odds,2026-10-06T10:38:07.193940+00:00
2720260731010003,2026-07-31,京王閣競輪,F2,A1/A2,3,Ａ級予選,21:37,21:32,7,https://keirin.kdreams.jp/keiokaku/racedetail/2720260731010003/?pageType=odds,2026-10-06T10:38:09.169268+00:00
2720260731010004,2026-07-31,京王閣競輪,F2,A1/A2,4,Ａ級予選,22:01,21:56,7,https://keirin.kdreams.jp/keiokaku/racedetail/2720260731010004/?pageType=odds,2026-10-06T10:38:11.010315+00:00
2720260731010005,2026-07-31,京王閣競輪,F2,A1/A2,5,Ａ級予選,22:27,22:22,7,https://keirin.kdreams.jp/keiokaku/racedetail/2720260731010005/?pageType=odds,2026-10-06T10:38:12.809458+00:00
2720260731010006,2026-07-31,京王閣競輪,F2,A1/A2,6,Ａ級予選,22:54,22:49,7,https://keirin.kdreams.jp/keiokaku/racedetail/2720260731010006/?pageType=odds,2026-10-06T10:38:14.686621+00:00
2720260731010007,2026-07-31,京王閣競輪,F2,A1/A2,7,Ａ級初日特選,23:21,23:16,7,https://keirin.kdreams.jp/keiokaku/racedetail/2720260731010007/?pageType=odds,2026-10-06T10:38:16.768855+00:00
8520260731010001,2026-07-31,佐世保競輪,F1,A1/A2,1,Ａ級予選,10:45,10:40,7,https://keirin.kdreams.jp/sasebo/racedetail/8520260731010001/?pageType=odds,2026-10-06T10:39:12.865649+00:00
8520260731010002,2026-07-31,佐世保競輪,F1,A1/A2,2,Ａ級予選,11:09,11:04,7,https://keirin.kdreams.jp/sasebo/racedetail/8520260731010002/?pageType=odds,2026-10-06T10:39:14.749047+00:00
8520260731010003,2026-07-31,佐世保競輪,F1,A1/A2,3,Ａ級予選,11:34,11:29,7,https://keirin.kdreams.jp/sasebo/racedetail/8520260731010003/?pageType=odds,2026-10-06T10:39:16.479864+00:00
8520260731010004,2026-07-31,佐世保競輪,F1,A1/A2,4,Ａ級予選,12:01,11:56,7,https://keirin.kdreams.jp/sasebo/racedetail/8520260731010004/?pageType=odds,2026-10-06T10:39:18.364020+00:00
8520260731010005,2026-07-31,佐世保競輪,F1,A1/A2,5,Ａ級初日特選,12:28,12:23,7,https://keirin.kdreams.jp/sasebo/racedetail/8520260731010005/?pageType=odds,2026-10-06T10:39:20.156667+00:00
5520260729030001,2026-07-31,和歌山競輪,F1,A1/A2,1,Ａ級一般,10:53,10:48,7,https://keirin.kdreams.jp/wakayama/racedetail/5520260729030001/?pageType=odds,2026-10-06T10:36:27.343118+00:00
5520260729030002,2026-07-31,和歌山競輪,F1,A1/A2,2,Ａ級一般,11:17,11:12,7,https://keirin.kdreams.jp/wakayama/racedetail/5520260729030002/?pageType=odds,2026-10-06T10:36:29.381800+00:00
5520260729030003,2026-07-31,和歌山競輪,F1,A1/A2,3,Ａ級特選,11:43,11:38,7,https://keirin.kdreams.jp/wakayama/racedetail/5520260729030003/?pageType=odds,2026-10-06T10:36:31.545229+00:00
5520260729030004,2026-07-31,和歌山競輪,F1,A1/A2,4,Ａ級特選,12:10,12:05,7,https://keirin.kdreams.jp/wakayama/racedetail/5520260729030004/?pageType=odds,2026-10-06T10:36:33.519280+00:00
5520260729030011,2026-07-31,和歌山競輪,F1,A1/A2,11,Ａ級決勝,15:36,15:31,7,https://keirin.kdreams.jp/wakayama/racedetail/5520260729030011/?pageType=odds,2026-10-06T10:36:35.490706+00:00
4320260730020007,2026-07-31,岐阜競輪,F2,A1/A2,7,Ａ級特一般,13:43,13:38,7,https://keirin.kdreams.jp/gifu/racedetail/4320260730020007/?pageType=odds,2026-10-06T10:36:46.820270+00:00
4320260730020008,2026-07-31,岐阜競輪,F2,A1/A2,8,Ａ級特一般,14:13,14:08,7,https://keirin.kdreams.jp/gifu/racedetail/4320260730020008/?pageType=odds,2026-10-06T10:36:48.634459+00:00
4320260730020009,2026-07-31,岐阜競輪,F2,A1/A2,9,Ａ級準決勝,14:43,14:38,7,https://keirin.kdreams.jp/gifu/racedetail/4320260730020009/?pageType=odds,2026-10-06T10:36:50.676769+00:00
4320260730020010,2026-07-31,岐阜競輪,F2,A1/A2,10,Ａ級準決勝,15:13,15:08,7,https://keirin.kdreams.jp/gifu/racedetail/4320260730020010/?pageType=odds,2026-10-06T10:36:52.519398+00:00
4320260730020011,2026-07-31,岐阜競輪,F2,A1/A2,11,Ａ級準決勝,15:43,15:38,7,https://keirin.kdreams.jp/gifu/racedetail/4320260730020011/?pageType=odds,2026-10-06T10:36:54.331572+00:00
2120260730020001,2026-07-31,弥彦競輪,F1,A1/A2,1,Ａ級一般,16:04,15:59,7,https://keirin.kdreams.jp/yahiko/racedetail/2120260730020001/?pageType=odds,2026-10-06T10:37:15.210764+00:00
2120260730020002,2026-07-31,弥彦競輪,F1,A1/A2,2,Ａ級一般,16:26,16:21,7,https://keirin.kdreams.jp/yahiko/racedetail/2120260730020002/?pageType=odds,2026-10-06T10:37:17.635847+00:00
2120260730020003,2026-07-31,弥彦競輪,F1,A1/A2,3,Ａ級準決勝,16:48,16:43,7,https://keirin.kdreams.jp/yahiko/racedetail/2120260730020003/?pageType=odds,2026-10-06T10:37:19.561909+00:00
2120260730020004,2026-07-31,弥彦競輪,F1,A1/A2,4,Ａ級準決勝,17:12,17:07,7,https://keirin.kdreams.jp/yahiko/racedetail/2120260730020004/?pageType=odds,2026-10-06T10:37:21.787077+00:00
2120260730020005,2026-07-31,弥彦競輪,F1,A1/A2,5,Ａ級準決勝,17:36,17:31,7,https://keirin.kdreams.jp/yahiko/racedetail/2120260730020005/?pageType=odds,2026-10-06T10:37:23.709544+00:00
7420260731010003,2026-07-31,高知競輪,F2,A1/A2,3,Ａ級特予選,21:29,21:24,7,https://keirin.kdreams.jp/kochi/racedetail/7420260731010003/?pageType=odds,2026-10-06T10:38:44.954142+00:00
7420260731010004,2026-07-31,高知競輪,F2,A1/A2,4,Ａ級特予選,21:53,21:48,7,https://keirin.kdreams.jp/kochi/racedetail/7420260731010004/?pageType=odds,2026-10-06T10:38:46.901680+00:00
7420260731010005,2026-07-31,高知競輪,F2,A1/A2,5,Ａ級特予選,22:18,22:13,7,https://keirin.kdreams.jp/kochi/racedetail/7420260731010005/?pageType=odds,2026-10-06T10:38:48.678126+00:00
7420260731010006,2026-07-31,高知競輪,F2,A1/A2,6,Ａ級特予選,22:45,22:40,7,https://keirin.kdreams.jp/kochi/racedetail/7420260731010006/?pageType=odds,2026-10-06T10:38:50.498361+00:00
7420260731010007,2026-07-31,高知競輪,F2,A1/A2,7,Ａ級初日特選,23:12,23:07,7,https://keirin.kdreams.jp/kochi/racedetail/7420260731010007/?pageType=odds,2026-10-06T10:38:52.254232+00:00
1320260731020001,2026-08-01,いわき平競輪,F1,A1/A2,1,Ａ級一般,15:50,15:45,7,https://keirin.kdreams.jp/iwakitaira/racedetail/1320260731020001/?pageType=odds,2026-10-06T10:37:45.226954+00:00
1320260731020002,2026-08-01,いわき平競輪,F1,A1/A2,2,Ａ級一般,16:12,16:07,7,https://keirin.kdreams.jp/iwakitaira/racedetail/1320260731020002/?pageType=odds,2026-10-06T10:37:47.308053+00:00
1320260731020003,2026-08-01,いわき平競輪,F1,A1/A2,3,Ａ級準決勝,16:36,16:31,7,https://keirin.kdreams.jp/iwakitaira/racedetail/1320260731020003/?pageType=odds,2026-10-06T10:37:49.349737+00:00
1320260731020004,2026-08-01,いわき平競輪,F1,A1/A2,4,Ａ級準決勝,17:00,16:55,7,https://keirin.kdreams.jp/iwakitaira/racedetail/1320260731020004/?pageType=odds,2026-10-06T10:37:51.592201+00:00
1320260731020005,2026-08-01,いわき平競輪,F1,A1/A2,5,Ａ級準決勝,17:24,17:19,7,https://keirin.kdreams.jp/iwakitaira/racedetail/1320260731020005/?pageType=odds,2026-10-06T10:37:53.708817+00:00
2720260731020001,2026-08-01,京王閣競輪,F2,A1/A2,1,Ａ級一般,20:49,20:44,7,https://keirin.kdreams.jp/keiokaku/racedetail/2720260731020001/?pageType=odds,2026-10-06T10:38:18.647664+00:00
2720260731020002,2026-08-01,京王閣競輪,F2,A1/A2,2,Ａ級一般,21:13,21:08,7,https://keirin.kdreams.jp/keiokaku/racedetail/2720260731020002/?pageType=odds,2026-10-06T10:38:20.490239+00:00
2720260731020003,2026-08-01,京王閣競輪,F2,A1/A2,3,Ａ級選抜,21:37,21:32,7,https://keirin.kdreams.jp/keiokaku/racedetail/2720260731020003/?pageType=odds,2026-10-06T10:38:22.395368+00:00
2720260731020004,2026-08-01,京王閣競輪,F2,A1/A2,4,Ａ級選抜,22:01,21:56,7,https://keirin.kdreams.jp/keiokaku/racedetail/2720260731020004/?pageType=odds,2026-10-06T10:38:24.296643+00:00
2720260731020005,2026-08-01,京王閣競輪,F2,A1/A2,5,Ａ級準決勝,22:27,22:22,7,https://keirin.kdreams.jp/keiokaku/racedetail/2720260731020005/?pageType=odds,2026-10-06T10:38:26.090557+00:00
2720260731020006,2026-08-01,京王閣競輪,F2,A1/A2,6,Ａ級準決勝,22:54,22:49,7,https://keirin.kdreams.jp/keiokaku/racedetail/2720260731020006/?pageType=odds,2026-10-06T10:38:27.968221+00:00
2720260731020007,2026-08-01,京王閣競輪,F2,A1/A2,7,Ａ級準決勝,23:21,23:16,7,https://keirin.kdreams.jp/keiokaku/racedetail/2720260731020007/?pageType=odds,2026-10-06T10:38:30.062732+00:00
8520260731020001,2026-08-01,佐世保競輪,F1,A1/A2,1,Ａ級一般,10:45,10:40,7,https://keirin.kdreams.jp/sasebo/racedetail/8520260731020001/?pageType=odds,2026-10-06T10:39:22.084266+00:00
8520260731020002,2026-08-01,佐世保競輪,F1,A1/A2,2,Ａ級一般,11:09,11:04,7,https://keirin.kdreams.jp/sasebo/racedetail/8520260731020002/?pageType=odds,2026-10-06T10:39:24.054313+00:00
8520260731020003,2026-08-01,佐世保競輪,F1,A1/A2,3,Ａ級準決勝,11:34,11:29,7,https://keirin.kdreams.jp/sasebo/racedetail/8520260731020003/?pageType=odds,2026-10-06T10:39:25.923964+00:00
8520260731020004,2026-08-01,佐世保競輪,F1,A1/A2,4,Ａ級準決勝,12:01,11:56,7,https://keirin.kdreams.jp/sasebo/racedetail/8520260731020004/?pageType=odds,2026-10-06T10:39:27.884623+00:00
8520260731020005,2026-08-01,佐世保競輪,F1,A1/A2,5,Ａ級準決勝,12:28,12:23,7,https://keirin.kdreams.jp/sasebo/racedetail/8520260731020005/?pageType=odds,2026-10-06T10:39:30.123394+00:00
4320260730030004,2026-08-01,岐阜競輪,F2,A1/A2,4,Ａ級特一般,12:19,12:14,7,https://keirin.kdreams.jp/gifu/racedetail/4320260730030004/?pageType=odds,2026-10-06T10:36:56.599057+00:00
4320260730030005,2026-08-01,岐阜競輪,F2,A1/A2,5,Ａ級特一般,12:46,12:41,7,https://keirin.kdreams.jp/gifu/racedetail/4320260730030005/?pageType=odds,2026-10-06T10:36:58.568253+00:00
4320260730030007,2026-08-01,岐阜競輪,F2,A1/A2,7,Ａ級特選,13:43,13:38,7,https://keirin.kdreams.jp/gifu/racedetail/4320260730030007/?pageType=odds,2026-10-06T10:36:59.943194+00:00
4320260730030008,2026-08-01,岐阜競輪,F2,A1/A2,8,Ａ級特選,14:13,14:08,7,https://keirin.kdreams.jp/gifu/racedetail/4320260730030008/?pageType=odds,2026-10-06T10:37:01.855293+00:00
4320260730030011,2026-08-01,岐阜競輪,F2,A1/A2,11,Ａ級決勝,15:43,15:38,7,https://keirin.kdreams.jp/gifu/racedetail/4320260730030011/?pageType=odds,2026-10-06T10:37:03.868143+00:00
2120260730030001,2026-08-01,弥彦競輪,F1,A1/A2,1,Ａ級一般,16:04,15:59,7,https://keirin.kdreams.jp/yahiko/racedetail/2120260730030001/?pageType=odds,2026-10-06T10:37:25.867772+00:00
2120260730030002,2026-08-01,弥彦競輪,F1,A1/A2,2,Ａ級一般,16:26,16:21,7,https://keirin.kdreams.jp/yahiko/racedetail/2120260730030002/?pageType=odds,2026-10-06T10:37:27.851749+00:00
2120260730030003,2026-08-01,弥彦競輪,F1,A1/A2,3,Ａ級特選,16:48,16:43,7,https://keirin.kdreams.jp/yahiko/racedetail/2120260730030003/?pageType=odds,2026-10-06T10:37:30.007569+00:00
2120260730030004,2026-08-01,弥彦競輪,F1,A1/A2,4,Ａ級特選,17:12,17:07,7,https://keirin.kdreams.jp/yahiko/racedetail/2120260730030004/?pageType=odds,2026-10-06T10:37:31.917543+00:00
2120260730030011,2026-08-01,弥彦競輪,F1,A1/A2,11,Ａ級決勝,20:04,19:59,7,https://keirin.kdreams.jp/yahiko/racedetail/2120260730030011/?pageType=odds,2026-10-06T10:37:33.839034+00:00
7420260731020003,2026-08-01,高知競輪,F2,A1/A2,3,Ａ級特一般,21:29,21:24,6,https://keirin.kdreams.jp/kochi/racedetail/7420260731020003/?pageType=odds,2026-10-06T10:38:54.025155+00:00
7420260731020004,2026-08-01,高知競輪,F2,A1/A2,4,Ａ級特一般,21:53,21:48,7,https://keirin.kdreams.jp/kochi/racedetail/7420260731020004/?pageType=odds,2026-10-06T10:38:55.975849+00:00
7420260731020005,2026-08-01,高知競輪,F2,A1/A2,5,Ａ級準決勝,22:18,22:13,7,https://keirin.kdreams.jp/kochi/racedetail/7420260731020005/?pageType=odds,2026-10-06T10:38:57.793885+00:00
7420260731020006,2026-08-01,高知競輪,F2,A1/A2,6,Ａ級準決勝,22:45,22:40,7,https://keirin.kdreams.jp/kochi/racedetail/7420260731020006/?pageType=odds,2026-10-06T10:38:59.554342+00:00
7420260731020007,2026-08-01,高知競輪,F2,A1/A2,7,Ａ級準決勝,23:12,23:07,7,https://keirin.kdreams.jp/kochi/racedetail/7420260731020007/?pageType=odds,2026-10-06T10:39:01.587837+00:00
1320260731030001,2026-08-02,いわき平競輪,F1,A1/A2,1,Ａ級一般,15:53,15:48,7,https://keirin.kdreams.jp/iwakitaira/racedetail/1320260731030001/?pageType=odds,2026-10-06T10:37:55.575185+00:00
1320260731030002,2026-08-02,いわき平競輪,F1,A1/A2,2,Ａ級一般,16:16,16:11,7,https://keirin.kdreams.jp/iwakitaira/racedetail/1320260731030002/?pageType=odds,2026-10-06T10:37:57.450714+00:00
1320260731030003,2026-08-02,いわき平競輪,F1,A1/A2,3,Ａ級特選,16:41,16:36,7,https://keirin.kdreams.jp/iwakitaira/racedetail/1320260731030003/?pageType=odds,2026-10-06T10:37:59.612665+00:00
1320260731030004,2026-08-02,いわき平競輪,F1,A1/A2,4,Ａ級特選,17:06,17:01,7,https://keirin.kdreams.jp/iwakitaira/racedetail/1320260731030004/?pageType=odds,2026-10-06T10:38:01.588594+00:00
1320260731030011,2026-08-02,いわき平競輪,F1,A1/A2,11,Ａ級決勝,20:04,19:59,7,https://keirin.kdreams.jp/iwakitaira/racedetail/1320260731030011/?pageType=odds,2026-10-06T10:38:03.373883+00:00
2720260731030001,2026-08-02,京王閣競輪,F2,A1/A2,1,Ａ級一般,20:49,20:44,7,https://keirin.kdreams.jp/keiokaku/racedetail/2720260731030001/?pageType=odds,2026-10-06T10:38:31.801854+00:00
2720260731030002,2026-08-02,京王閣競輪,F2,A1/A2,2,Ａ級一般,21:13,21:08,7,https://keirin.kdreams.jp/keiokaku/racedetail/2720260731030002/?pageType=odds,2026-10-06T10:38:33.631267+00:00
2720260731030003,2026-08-02,京王閣競輪,F2,A1/A2,3,Ａ級一般,21:37,21:32,7,https://keirin.kdreams.jp/keiokaku/racedetail/2720260731030003/?pageType=odds,2026-10-06T10:38:35.544388+00:00
2720260731030004,2026-08-02,京王閣競輪,F2,A1/A2,4,Ａ級特選,22:01,21:56,7,https://keirin.kdreams.jp/keiokaku/racedetail/2720260731030004/?pageType=odds,2026-10-06T10:38:37.404338+00:00
2720260731030005,2026-08-02,京王閣競輪,F2,A1/A2,5,Ａ級特選,22:27,22:22,7,https://keirin.kdreams.jp/keiokaku/racedetail/2720260731030005/?pageType=odds,2026-10-06T10:38:39.187984+00:00
2720260731030006,2026-08-02,京王閣競輪,F2,A1/A2,6,Ａ級特選,22:54,22:49,7,https://keirin.kdreams.jp/keiokaku/racedetail/2720260731030006/?pageType=odds,2026-10-06T10:38:41.127038+00:00
2720260731030007,2026-08-02,京王閣競輪,F2,A1/A2,7,Ａ級決勝,23:21,23:16,7,https://keirin.kdreams.jp/keiokaku/racedetail/2720260731030007/?pageType=odds,2026-10-06T10:38:42.823450+00:00
8520260731030001,2026-08-02,佐世保競輪,F1,A1/A2,1,Ａ級一般,10:45,10:40,7,https://keirin.kdreams.jp/sasebo/racedetail/8520260731030001/?pageType=odds,2026-10-06T10:39:31.879553+00:00
8520260731030002,2026-08-02,佐世保競輪,F1,A1/A2,2,Ａ級一般,11:12,11:07,7,https://keirin.kdreams.jp/sasebo/racedetail/8520260731030002/?pageType=odds,2026-10-06T10:39:33.834360+00:00
8520260731030003,2026-08-02,佐世保競輪,F1,A1/A2,3,Ａ級特選,11:40,11:35,7,https://keirin.kdreams.jp/sasebo/racedetail/8520260731030003/?pageType=odds,2026-10-06T10:39:36.281177+00:00
8520260731030004,2026-08-02,佐世保競輪,F1,A1/A2,4,Ａ級特選,12:08,12:03,7,https://keirin.kdreams.jp/sasebo/racedetail/8520260731030004/?pageType=odds,2026-10-06T10:39:38.316858+00:00
8520260731030011,2026-08-02,佐世保競輪,F1,A1/A2,11,Ａ級決勝,15:32,15:27,7,https://keirin.kdreams.jp/sasebo/racedetail/8520260731030011/?pageType=odds,2026-10-06T10:39:40.026282+00:00
7420260731030002,2026-08-02,高知競輪,F2,A1/A2,2,Ａ級特一般,21:05,21:00,6,https://keirin.kdreams.jp/kochi/racedetail/7420260731030002/?pageType=odds,2026-10-06T10:39:03.362873+00:00
7420260731030003,2026-08-02,高知競輪,F2,A1/A2,3,Ａ級特一般,21:29,21:24,7,https://keirin.kdreams.jp/kochi/racedetail/7420260731030003/?pageType=odds,2026-10-06T10:39:05.524479+00:00
7420260731030004,2026-08-02,高知競輪,F2,A1/A2,4,Ａ級特選,21:53,21:48,7,https://keirin.kdreams.jp/kochi/racedetail/7420260731030004/?pageType=odds,2026-10-06T10:39:07.506178+00:00
7420260731030005,2026-08-02,高知競輪,F2,A1/A2,5,Ａ級特選,22:18,22:13,7,https://keirin.kdreams.jp/kochi/racedetail/7420260731030005/?pageType=odds,2026-10-06T10:39:09.167914+00:00
7420260731030007,2026-08-02,高知競輪,F2,A1/A2,7,Ａ級決勝,23:12,23:07,7,https://keirin.kdreams.jp/kochi/racedetail/7420260731030007/?pageType=odds,2026-10-06T10:39:11.075551+00:00
4820260803010001,2026-08-03,四日市競輪,F2,A1/A2,1,Ａ級予選,20:41,20:36,7,https://keirin.kdreams.jp/yokkaichi/racedetail/4820260803010001/?pageType=odds,2026-10-06T10:40:51.567341+00:00
4820260803010002,2026-08-03,四日市競輪,F2,A1/A2,2,Ａ級予選,21:05,21:00,7,https://keirin.kdreams.jp/yokkaichi/racedetail/4820260803010002/?pageType=odds,2026-10-06T10:40:53.606859+00:00
4820260803010003,2026-08-03,四日市競輪,F2,A1/A2,3,Ａ級予選,21:29,21:24,7,https://keirin.kdreams.jp/yokkaichi/racedetail/4820260803010003/?pageType=odds,2026-10-06T10:40:55.496976+00:00
4820260803010004,2026-08-03,四日市競輪,F2,A1/A2,4,Ａ級予選,21:53,21:48,7,https://keirin.kdreams.jp/yokkaichi/racedetail/4820260803010004/?pageType=odds,2026-10-06T10:40:57.490894+00:00
4820260803010005,2026-08-03,四日市競輪,F2,A1/A2,5,Ａ級予選,22:18,22:13,7,https://keirin.kdreams.jp/yokkaichi/racedetail/4820260803010005/?pageType=odds,2026-10-06T10:40:59.463931+00:00
4820260803010006,2026-08-03,四日市競輪,F2,A1/A2,6,Ａ級予選,22:45,22:40,7,https://keirin.kdreams.jp/yokkaichi/racedetail/4820260803010006/?pageType=odds,2026-10-06T10:41:01.253667+00:00
4820260803010007,2026-08-03,四日市競輪,F2,A1/A2,7,Ａ級初日特選,23:12,23:07,7,https://keirin.kdreams.jp/yokkaichi/racedetail/4820260803010007/?pageType=odds,2026-10-06T10:41:03.109812+00:00
6220260803010001,2026-08-03,広島競輪,F2,A1/A2,1,Ａ級予選,08:30,08:25,7,https://keirin.kdreams.jp/hiroshima/racedetail/6220260803010001/?pageType=odds,2026-10-06T10:39:41.723109+00:00
6220260803010002,2026-08-03,広島競輪,F2,A1/A2,2,Ａ級予選,08:50,08:45,7,https://keirin.kdreams.jp/hiroshima/racedetail/6220260803010002/?pageType=odds,2026-10-06T10:39:43.774745+00:00
6220260803010003,2026-08-03,広島競輪,F2,A1/A2,3,Ａ級予選,09:11,09:06,7,https://keirin.kdreams.jp/hiroshima/racedetail/6220260803010003/?pageType=odds,2026-10-06T10:39:45.573800+00:00
6220260803010004,2026-08-03,広島競輪,F2,A1/A2,4,Ａ級予選,09:32,09:27,7,https://keirin.kdreams.jp/hiroshima/racedetail/6220260803010004/?pageType=odds,2026-10-06T10:39:47.439229+00:00
6220260803010005,2026-08-03,広島競輪,F2,A1/A2,5,Ａ級予選,09:53,09:48,7,https://keirin.kdreams.jp/hiroshima/racedetail/6220260803010005/?pageType=odds,2026-10-06T10:39:49.480613+00:00
6220260803010006,2026-08-03,広島競輪,F2,A1/A2,6,Ａ級予選,10:14,10:09,7,https://keirin.kdreams.jp/hiroshima/racedetail/6220260803010006/?pageType=odds,2026-10-06T10:39:51.789839+00:00
6220260803010007,2026-08-03,広島競輪,F2,A1/A2,7,Ａ級初日特選,10:35,10:30,7,https://keirin.kdreams.jp/hiroshima/racedetail/6220260803010007/?pageType=odds,2026-10-06T10:39:53.742588+00:00
2620260803010001,2026-08-03,西武園競輪,F1,A1/A2,1,Ａ級予選,15:45,15:40,7,https://keirin.kdreams.jp/seibuen/racedetail/2620260803010001/?pageType=odds,2026-10-06T10:40:22.783426+00:00
2620260803010002,2026-08-03,西武園競輪,F1,A1/A2,2,Ａ級予選,16:10,16:05,7,https://keirin.kdreams.jp/seibuen/racedetail/2620260803010002/?pageType=odds,2026-10-06T10:40:24.680878+00:00
2620260803010003,2026-08-03,西武園競輪,F1,A1/A2,3,Ａ級予選,16:35,16:30,7,https://keirin.kdreams.jp/seibuen/racedetail/2620260803010003/?pageType=odds,2026-10-06T10:40:26.489126+00:00
2620260803010004,2026-08-03,西武園競輪,F1,A1/A2,4,Ａ級予選,17:00,16:55,7,https://keirin.kdreams.jp/seibuen/racedetail/2620260803010004/?pageType=odds,2026-10-06T10:40:28.266399+00:00
2620260803010005,2026-08-03,西武園競輪,F1,A1/A2,5,Ａ級初日特選,17:26,17:21,7,https://keirin.kdreams.jp/seibuen/racedetail/2620260803010005/?pageType=odds,2026-10-06T10:40:30.071125+00:00
4220260804010001,2026-08-04,名古屋競輪,F1,A1/A2,1,Ａ級予選,15:51,15:46,7,https://keirin.kdreams.jp/nagoya/racedetail/4220260804010001/?pageType=odds,2026-10-06T10:42:04.300599+00:00
4220260804010002,2026-08-04,名古屋競輪,F1,A1/A2,2,Ａ級予選,16:14,16:09,7,https://keirin.kdreams.jp/nagoya/racedetail/4220260804010002/?pageType=odds,2026-10-06T10:42:06.134660+00:00
4220260804010003,2026-08-04,名古屋競輪,F1,A1/A2,3,Ａ級予選,16:38,16:33,7,https://keirin.kdreams.jp/nagoya/racedetail/4220260804010003/?pageType=odds,2026-10-06T10:42:08.026316+00:00
4220260804010004,2026-08-04,名古屋競輪,F1,A1/A2,4,Ａ級予選,17:02,16:57,7,https://keirin.kdreams.jp/nagoya/racedetail/4220260804010004/?pageType=odds,2026-10-06T10:42:10.084038+00:00
4220260804010005,2026-08-04,名古屋競輪,F1,A1/A2,5,Ａ級初日特選,17:26,17:21,7,https://keirin.kdreams.jp/nagoya/racedetail/4220260804010005/?pageType=odds,2026-10-06T10:42:12.280266+00:00
4820260803020001,2026-08-04,四日市競輪,F2,A1/A2,1,Ａ級一般,20:41,20:36,7,https://keirin.kdreams.jp/yokkaichi/racedetail/4820260803020001/?pageType=odds,2026-10-06T10:41:05.050670+00:00
4820260803020002,2026-08-04,四日市競輪,F2,A1/A2,2,Ａ級一般,21:05,21:00,7,https://keirin.kdreams.jp/yokkaichi/racedetail/4820260803020002/?pageType=odds,2026-10-06T10:41:06.882094+00:00
4820260803020003,2026-08-04,四日市競輪,F2,A1/A2,3,Ａ級選抜,21:29,21:24,7,https://keirin.kdreams.jp/yokkaichi/racedetail/4820260803020003/?pageType=odds,2026-10-06T10:41:08.794364+00:00
4820260803020004,2026-08-04,四日市競輪,F2,A1/A2,4,Ａ級選抜,21:53,21:48,7,https://keirin.kdreams.jp/yokkaichi/racedetail/4820260803020004/?pageType=odds,2026-10-06T10:41:10.855562+00:00
4820260803020005,2026-08-04,四日市競輪,F2,A1/A2,5,Ａ級準決勝,22:18,22:13,7,https://keirin.kdreams.jp/yokkaichi/racedetail/4820260803020005/?pageType=odds,2026-10-06T10:41:13.303364+00:00
4820260803020006,2026-08-04,四日市競輪,F2,A1/A2,6,Ａ級準決勝,22:45,22:40,7,https://keirin.kdreams.jp/yokkaichi/racedetail/4820260803020006/?pageType=odds,2026-10-06T10:41:15.258796+00:00
4820260803020007,2026-08-04,四日市競輪,F2,A1/A2,7,Ａ級準決勝,23:12,23:07,7,https://keirin.kdreams.jp/yokkaichi/racedetail/4820260803020007/?pageType=odds,2026-10-06T10:41:17.458911+00:00
7320260804010001,2026-08-04,小松島競輪,F1,A1/A2,1,Ａ級予選,10:45,10:40,7,https://keirin.kdreams.jp/komatsushima/racedetail/7320260804010001/?pageType=odds,2026-10-06T10:41:34.340356+00:00
7320260804010002,2026-08-04,小松島競輪,F1,A1/A2,2,Ａ級予選,11:11,11:06,7,https://keirin.kdreams.jp/komatsushima/racedetail/7320260804010002/?pageType=odds,2026-10-06T10:41:36.546538+00:00
7320260804010003,2026-08-04,小松島競輪,F1,A1/A2,3,Ａ級予選,11:38,11:33,7,https://keirin.kdreams.jp/komatsushima/racedetail/7320260804010003/?pageType=odds,2026-10-06T10:41:38.345040+00:00
7320260804010004,2026-08-04,小松島競輪,F1,A1/A2,4,Ａ級予選,12:06,12:01,7,https://keirin.kdreams.jp/komatsushima/racedetail/7320260804010004/?pageType=odds,2026-10-06T10:41:40.515706+00:00
7320260804010005,2026-08-04,小松島競輪,F1,A1/A2,5,Ａ級初日特選,12:34,12:29,7,https://keirin.kdreams.jp/komatsushima/racedetail/7320260804010005/?pageType=odds,2026-10-06T10:41:42.416073+00:00
6220260803020001,2026-08-04,広島競輪,F2,A1/A2,1,Ａ級一般,08:40,08:35,6,https://keirin.kdreams.jp/hiroshima/racedetail/6220260803020001/?pageType=odds,2026-10-06T10:39:55.548292+00:00
6220260803020002,2026-08-04,広島競輪,F2,A1/A2,2,Ａ級一般,09:00,08:55,7,https://keirin.kdreams.jp/hiroshima/racedetail/6220260803020002/?pageType=odds,2026-10-06T10:39:57.808440+00:00
6220260803020003,2026-08-04,広島競輪,F2,A1/A2,3,Ａ級選抜,09:20,09:15,7,https://keirin.kdreams.jp/hiroshima/racedetail/6220260803020003/?pageType=odds,2026-10-06T10:39:59.739233+00:00
6220260803020004,2026-08-04,広島競輪,F2,A1/A2,4,Ａ級選抜,09:40,09:35,7,https://keirin.kdreams.jp/hiroshima/racedetail/6220260803020004/?pageType=odds,2026-10-06T10:40:01.672576+00:00
6220260803020005,2026-08-04,広島競輪,F2,A1/A2,5,Ａ級準決勝,10:00,09:55,7,https://keirin.kdreams.jp/hiroshima/racedetail/6220260803020005/?pageType=odds,2026-10-06T10:40:03.538960+00:00
6220260803020006,2026-08-04,広島競輪,F2,A1/A2,6,Ａ級準決勝,10:20,10:15,7,https://keirin.kdreams.jp/hiroshima/racedetail/6220260803020006/?pageType=odds,2026-10-06T10:40:05.541217+00:00
6220260803020007,2026-08-04,広島競輪,F2,A1/A2,7,Ａ級準決勝,10:40,10:35,7,https://keirin.kdreams.jp/hiroshima/racedetail/6220260803020007/?pageType=odds,2026-10-06T10:40:07.365304+00:00
2620260803020001,2026-08-04,西武園競輪,F1,A1/A2,1,Ａ級一般,16:06,16:01,7,https://keirin.kdreams.jp/seibuen/racedetail/2620260803020001/?pageType=odds,2026-10-06T10:40:31.861318+00:00
2620260803020002,2026-08-04,西武園競輪,F1,A1/A2,2,Ａ級一般,16:28,16:23,7,https://keirin.kdreams.jp/seibuen/racedetail/2620260803020002/?pageType=odds,2026-10-06T10:40:33.617074+00:00
2620260803020003,2026-08-04,西武園競輪,F1,A1/A2,3,Ａ級準決勝,16:50,16:45,7,https://keirin.kdreams.jp/seibuen/racedetail/2620260803020003/?pageType=odds,2026-10-06T10:40:36.024289+00:00
2620260803020004,2026-08-04,西武園競輪,F1,A1/A2,4,Ａ級準決勝,17:14,17:09,7,https://keirin.kdreams.jp/seibuen/racedetail/2620260803020004/?pageType=odds,2026-10-06T10:40:37.856266+00:00
2620260803020005,2026-08-04,西武園競輪,F1,A1/A2,5,Ａ級準決勝,17:38,17:33,7,https://keirin.kdreams.jp/seibuen/racedetail/2620260803020005/?pageType=odds,2026-10-06T10:40:39.764638+00:00
4220260804020001,2026-08-05,名古屋競輪,F1,A1/A2,1,Ａ級一般,15:45,15:40,7,https://keirin.kdreams.jp/nagoya/racedetail/4220260804020001/?pageType=odds,2026-10-06T10:42:14.292776+00:00
4220260804020002,2026-08-05,名古屋競輪,F1,A1/A2,2,Ａ級一般,16:07,16:02,7,https://keirin.kdreams.jp/nagoya/racedetail/4220260804020002/?pageType=odds,2026-10-06T10:42:16.178556+00:00
4220260804020003,2026-08-05,名古屋競輪,F1,A1/A2,3,Ａ級準決勝,16:31,16:26,7,https://keirin.kdreams.jp/nagoya/racedetail/4220260804020003/?pageType=odds,2026-10-06T10:42:18.198682+00:00
4220260804020004,2026-08-05,名古屋競輪,F1,A1/A2,4,Ａ級準決勝,16:55,16:50,7,https://keirin.kdreams.jp/nagoya/racedetail/4220260804020004/?pageType=odds,2026-10-06T10:42:20.143674+00:00
4220260804020005,2026-08-05,名古屋競輪,F1,A1/A2,5,Ａ級準決勝,17:19,17:14,7,https://keirin.kdreams.jp/nagoya/racedetail/4220260804020005/?pageType=odds,2026-10-06T10:42:22.264610+00:00
4820260803030001,2026-08-05,四日市競輪,F2,A1/A2,1,Ａ級一般,20:41,20:36,7,https://keirin.kdreams.jp/yokkaichi/racedetail/4820260803030001/?pageType=odds,2026-10-06T10:41:19.689333+00:00
4820260803030002,2026-08-05,四日市競輪,F2,A1/A2,2,Ａ級一般,21:05,21:00,7,https://keirin.kdreams.jp/yokkaichi/racedetail/4820260803030002/?pageType=odds,2026-10-06T10:41:22.118386+00:00
4820260803030003,2026-08-05,四日市競輪,F2,A1/A2,3,Ａ級一般,21:29,21:24,7,https://keirin.kdreams.jp/yokkaichi/racedetail/4820260803030003/?pageType=odds,2026-10-06T10:41:24.010359+00:00
4820260803030004,2026-08-05,四日市競輪,F2,A1/A2,4,Ａ級特選,21:53,21:48,7,https://keirin.kdreams.jp/yokkaichi/racedetail/4820260803030004/?pageType=odds,2026-10-06T10:41:25.996246+00:00
4820260803030005,2026-08-05,四日市競輪,F2,A1/A2,5,Ａ級特選,22:18,22:13,7,https://keirin.kdreams.jp/yokkaichi/racedetail/4820260803030005/?pageType=odds,2026-10-06T10:41:28.008578+00:00
4820260803030006,2026-08-05,四日市競輪,F2,A1/A2,6,Ａ級特選,22:45,22:40,7,https://keirin.kdreams.jp/yokkaichi/racedetail/4820260803030006/?pageType=odds,2026-10-06T10:41:30.342419+00:00
4820260803030007,2026-08-05,四日市競輪,F2,A1/A2,7,Ａ級決勝,23:12,23:07,7,https://keirin.kdreams.jp/yokkaichi/racedetail/4820260803030007/?pageType=odds,2026-10-06T10:41:32.292783+00:00
7320260804020001,2026-08-05,小松島競輪,F1,A1/A2,1,Ａ級一般,10:45,10:40,7,https://keirin.kdreams.jp/komatsushima/racedetail/7320260804020001/?pageType=odds,2026-10-06T10:41:44.464282+00:00
7320260804020002,2026-08-05,小松島競輪,F1,A1/A2,2,Ａ級一般,11:12,11:07,7,https://keirin.kdreams.jp/komatsushima/racedetail/7320260804020002/?pageType=odds,2026-10-06T10:41:46.358243+00:00
7320260804020003,2026-08-05,小松島競輪,F1,A1/A2,3,Ａ級準決勝,11:40,11:35,7,https://keirin.kdreams.jp/komatsushima/racedetail/7320260804020003/?pageType=odds,2026-10-06T10:41:48.443768+00:00
7320260804020004,2026-08-05,小松島競輪,F1,A1/A2,4,Ａ級準決勝,12:08,12:03,7,https://keirin.kdreams.jp/komatsushima/racedetail/7320260804020004/?pageType=odds,2026-10-06T10:41:50.423813+00:00
7320260804020005,2026-08-05,小松島競輪,F1,A1/A2,5,Ａ級準決勝,12:37,12:32,7,https://keirin.kdreams.jp/komatsushima/racedetail/7320260804020005/?pageType=odds,2026-10-06T10:41:52.433118+00:00
6220260803030001,2026-08-05,広島競輪,F2,A1/A2,1,Ａ級一般,08:40,08:35,7,https://keirin.kdreams.jp/hiroshima/racedetail/6220260803030001/?pageType=odds,2026-10-06T10:40:09.214874+00:00
6220260803030002,2026-08-05,広島競輪,F2,A1/A2,2,Ａ級一般,09:00,08:55,7,https://keirin.kdreams.jp/hiroshima/racedetail/6220260803030002/?pageType=odds,2026-10-06T10:40:11.271344+00:00
6220260803030003,2026-08-05,広島競輪,F2,A1/A2,3,Ａ級一般,09:20,09:15,7,https://keirin.kdreams.jp/hiroshima/racedetail/6220260803030003/?pageType=odds,2026-10-06T10:40:13.285120+00:00
6220260803030004,2026-08-05,広島競輪,F2,A1/A2,4,Ａ級特選,09:40,09:35,7,https://keirin.kdreams.jp/hiroshima/racedetail/6220260803030004/?pageType=odds,2026-10-06T10:40:14.910499+00:00
6220260803030005,2026-08-05,広島競輪,F2,A1/A2,5,Ａ級特選,10:00,09:55,7,https://keirin.kdreams.jp/hiroshima/racedetail/6220260803030005/?pageType=odds,2026-10-06T10:40:16.579601+00:00
6220260803030006,2026-08-05,広島競輪,F2,A1/A2,6,Ａ級特選,10:20,10:15,7,https://keirin.kdreams.jp/hiroshima/racedetail/6220260803030006/?pageType=odds,2026-10-06T10:40:18.515567+00:00
6220260803030007,2026-08-05,広島競輪,F2,A1/A2,7,Ａ級決勝,10:40,10:35,7,https://keirin.kdreams.jp/hiroshima/racedetail/6220260803030007/?pageType=odds,2026-10-06T10:40:20.384499+00:00
2620260803030001,2026-08-05,西武園競輪,F1,A1/A2,1,Ａ級一般,15:59,15:54,7,https://keirin.kdreams.jp/seibuen/racedetail/2620260803030001/?pageType=odds,2026-10-06T10:40:41.575347+00:00
2620260803030002,2026-08-05,西武園競輪,F1,A1/A2,2,Ａ級一般,16:21,16:16,7,https://keirin.kdreams.jp/seibuen/racedetail/2620260803030002/?pageType=odds,2026-10-06T10:40:43.702207+00:00
2620260803030003,2026-08-05,西武園競輪,F1,A1/A2,3,Ａ級特選,16:43,16:38,7,https://keirin.kdreams.jp/seibuen/racedetail/2620260803030003/?pageType=odds,2026-10-06T10:40:45.756854+00:00
2620260803030004,2026-08-05,西武園競輪,F1,A1/A2,4,Ａ級特選,17:07,17:02,7,https://keirin.kdreams.jp/seibuen/racedetail/2620260803030004/?pageType=odds,2026-10-06T10:40:47.722694+00:00
2620260803030011,2026-08-05,西武園競輪,F1,A1/A2,11,Ａ級決勝,20:01,19:56,7,https://keirin.kdreams.jp/seibuen/racedetail/2620260803030011/?pageType=odds,2026-10-06T10:40:49.742289+00:00
4520260805010007,2026-08-05,豊橋競輪,F2,A1/A2,7,Ａ級特予選,13:52,13:47,7,https://keirin.kdreams.jp/toyohashi/racedetail/4520260805010007/?pageType=odds,2026-10-06T10:42:34.035354+00:00
4520260805010008,2026-08-05,豊橋競輪,F2,A1/A2,8,Ａ級特予選,14:22,14:17,7,https://keirin.kdreams.jp/toyohashi/racedetail/4520260805010008/?pageType=odds,2026-10-06T10:42:35.830499+00:00
4520260805010009,2026-08-05,豊橋競輪,F2,A1/A2,9,Ａ級特予選,14:52,14:47,7,https://keirin.kdreams.jp/toyohashi/racedetail/4520260805010009/?pageType=odds,2026-10-06T10:42:37.708362+00:00
4520260805010010,2026-08-05,豊橋競輪,F2,A1/A2,10,Ａ級特予選,15:22,15:17,7,https://keirin.kdreams.jp/toyohashi/racedetail/4520260805010010/?pageType=odds,2026-10-06T10:42:39.760461+00:00
4520260805010011,2026-08-05,豊橋競輪,F2,A1/A2,11,Ａ級初日特選,15:52,15:47,7,https://keirin.kdreams.jp/toyohashi/racedetail/4520260805010011/?pageType=odds,2026-10-06T10:42:41.491788+00:00
1320260806010007,2026-08-06,いわき平競輪,F2,A1/A2,7,Ａ級特予選,18:29,18:24,7,https://keirin.kdreams.jp/iwakitaira/racedetail/1320260806010007/?pageType=odds,2026-10-06T10:43:33.086553+00:00
1320260806010008,2026-08-06,いわき平競輪,F2,A1/A2,8,Ａ級特予選,18:55,18:50,7,https://keirin.kdreams.jp/iwakitaira/racedetail/1320260806010008/?pageType=odds,2026-10-06T10:43:35.043345+00:00
1320260806010009,2026-08-06,いわき平競輪,F2,A1/A2,9,Ａ級特予選,19:21,19:16,7,https://keirin.kdreams.jp/iwakitaira/racedetail/1320260806010009/?pageType=odds,2026-10-06T10:43:37.449342+00:00
1320260806010010,2026-08-06,いわき平競輪,F2,A1/A2,10,Ａ級特予選,19:47,19:42,7,https://keirin.kdreams.jp/iwakitaira/racedetail/1320260806010010/?pageType=odds,2026-10-06T10:43:39.529106+00:00
1320260806010011,2026-08-06,いわき平競輪,F2,A1/A2,11,Ａ級初日特選,20:15,20:10,7,https://keirin.kdreams.jp/iwakitaira/racedetail/1320260806010011/?pageType=odds,2026-10-06T10:43:41.816905+00:00
3720260806010005,2026-08-06,伊東競輪,F2,A1/A2,5,Ａ級特予選,22:10,22:05,7,https://keirin.kdreams.jp/ito/racedetail/3720260806010005/?pageType=odds,2026-10-06T10:43:03.085364+00:00
3720260806010006,2026-08-06,伊東競輪,F2,A1/A2,6,Ａ級特予選,22:30,22:25,7,https://keirin.kdreams.jp/ito/racedetail/3720260806010006/?pageType=odds,2026-10-06T10:43:05.025893+00:00
3720260806010007,2026-08-06,伊東競輪,F2,A1/A2,7,Ａ級特予選,22:50,22:45,7,https://keirin.kdreams.jp/ito/racedetail/3720260806010007/?pageType=odds,2026-10-06T10:43:07.334628+00:00
3720260806010008,2026-08-06,伊東競輪,F2,A1/A2,8,Ａ級特予選,23:10,23:05,7,https://keirin.kdreams.jp/ito/racedetail/3720260806010008/?pageType=odds,2026-10-06T10:43:09.429412+00:00
3720260806010009,2026-08-06,伊東競輪,F2,A1/A2,9,Ａ級初日特選,23:30,23:25,7,https://keirin.kdreams.jp/ito/racedetail/3720260806010009/?pageType=odds,2026-10-06T10:43:11.417728+00:00
4220260804030001,2026-08-06,名古屋競輪,F1,A1/A2,1,Ａ級一般,15:53,15:48,7,https://keirin.kdreams.jp/nagoya/racedetail/4220260804030001/?pageType=odds,2026-10-06T10:42:24.272778+00:00
4220260804030002,2026-08-06,名古屋競輪,F1,A1/A2,2,Ａ級一般,16:17,16:12,7,https://keirin.kdreams.jp/nagoya/racedetail/4220260804030002/?pageType=odds,2026-10-06T10:42:26.293334+00:00
4220260804030003,2026-08-06,名古屋競輪,F1,A1/A2,3,Ａ級特選,16:41,16:36,7,https://keirin.kdreams.jp/nagoya/racedetail/4220260804030003/?pageType=odds,2026-10-06T10:42:28.367374+00:00
4220260804030004,2026-08-06,名古屋競輪,F1,A1/A2,4,Ａ級特選,17:05,17:00,7,https://keirin.kdreams.jp/nagoya/racedetail/4220260804030004/?pageType=odds,2026-10-06T10:42:30.299793+00:00
4220260804030011,2026-08-06,名古屋競輪,F1,A1/A2,11,Ａ級決勝,20:01,19:56,7,https://keirin.kdreams.jp/nagoya/racedetail/4220260804030011/?pageType=odds,2026-10-06T10:42:32.217964+00:00
2420260806010003,2026-08-06,宇都宮競輪,F2,A1/A2,3,Ａ級予選,21:20,21:15,7,https://keirin.kdreams.jp/utsunomiya/racedetail/2420260806010003/?pageType=odds,2026-10-06T10:44:05.880595+00:00
2420260806010004,2026-08-06,宇都宮競輪,F2,A1/A2,4,Ａ級予選,21:40,21:35,7,https://keirin.kdreams.jp/utsunomiya/racedetail/2420260806010004/?pageType=odds,2026-10-06T10:44:07.673489+00:00
2420260806010005,2026-08-06,宇都宮競輪,F2,A1/A2,5,Ａ級予選,22:00,21:55,7,https://keirin.kdreams.jp/utsunomiya/racedetail/2420260806010005/?pageType=odds,2026-10-06T10:44:09.669325+00:00
2420260806010006,2026-08-06,宇都宮競輪,F2,A1/A2,6,Ａ級予選,22:20,22:15,7,https://keirin.kdreams.jp/utsunomiya/racedetail/2420260806010006/?pageType=odds,2026-10-06T10:44:11.889469+00:00
2420260806010007,2026-08-06,宇都宮競輪,F2,A1/A2,7,Ａ級予選,22:40,22:35,7,https://keirin.kdreams.jp/utsunomiya/racedetail/2420260806010007/?pageType=odds,2026-10-06T10:44:13.972201+00:00
2420260806010008,2026-08-06,宇都宮競輪,F2,A1/A2,8,Ａ級予選,23:00,22:55,7,https://keirin.kdreams.jp/utsunomiya/racedetail/2420260806010008/?pageType=odds,2026-10-06T10:44:16.112483+00:00
2420260806010009,2026-08-06,宇都宮競輪,F2,A1/A2,9,Ａ級初日特選,23:20,23:15,7,https://keirin.kdreams.jp/utsunomiya/racedetail/2420260806010009/?pageType=odds,2026-10-06T10:44:17.894777+00:00
7320260804030001,2026-08-06,小松島競輪,F1,A1/A2,1,Ａ級一般,10:45,10:40,7,https://keirin.kdreams.jp/komatsushima/racedetail/7320260804030001/?pageType=odds,2026-10-06T10:41:54.605904+00:00
7320260804030002,2026-08-06,小松島競輪,F1,A1/A2,2,Ａ級一般,11:09,11:04,7,https://keirin.kdreams.jp/komatsushima/racedetail/7320260804030002/?pageType=odds,2026-10-06T10:41:56.541347+00:00
7320260804030003,2026-08-06,小松島競輪,F1,A1/A2,3,Ａ級特選,11:34,11:29,7,https://keirin.kdreams.jp/komatsushima/racedetail/7320260804030003/?pageType=odds,2026-10-06T10:41:58.530745+00:00
7320260804030004,2026-08-06,小松島競輪,F1,A1/A2,4,Ａ級特選,12:01,11:56,7,https://keirin.kdreams.jp/komatsushima/racedetail/7320260804030004/?pageType=odds,2026-10-06T10:42:00.465235+00:00
7320260804030011,2026-08-06,小松島競輪,F1,A1/A2,11,Ａ級決勝,15:28,15:23,7,https://keirin.kdreams.jp/komatsushima/racedetail/7320260804030011/?pageType=odds,2026-10-06T10:42:02.417912+00:00
4520260805020007,2026-08-06,豊橋競輪,F2,A1/A2,7,Ａ級特一般,13:46,13:41,6,https://keirin.kdreams.jp/toyohashi/racedetail/4520260805020007/?pageType=odds,2026-10-06T10:42:43.550024+00:00
4520260805020008,2026-08-06,豊橋競輪,F2,A1/A2,8,Ａ級特一般,14:16,14:11,7,https://keirin.kdreams.jp/toyohashi/racedetail/4520260805020008/?pageType=odds,2026-10-06T10:42:45.489411+00:00
4520260805020009,2026-08-06,豊橋競輪,F2,A1/A2,9,Ａ級準決勝,14:46,14:41,7,https://keirin.kdreams.jp/toyohashi/racedetail/4520260805020009/?pageType=odds,2026-10-06T10:42:47.482480+00:00
4520260805020010,2026-08-06,豊橋競輪,F2,A1/A2,10,Ａ級準決勝,15:16,15:11,7,https://keirin.kdreams.jp/toyohashi/racedetail/4520260805020010/?pageType=odds,2026-10-06T10:42:49.412273+00:00
4520260805020011,2026-08-06,豊橋競輪,F2,A1/A2,11,Ａ級準決勝,15:46,15:41,7,https://keirin.kdreams.jp/toyohashi/racedetail/4520260805020011/?pageType=odds,2026-10-06T10:42:51.515461+00:00
1320260806020007,2026-08-07,いわき平競輪,F2,A1/A2,7,Ａ級特一般,18:30,18:25,7,https://keirin.kdreams.jp/iwakitaira/racedetail/1320260806020007/?pageType=odds,2026-10-06T10:43:44.043861+00:00
1320260806020008,2026-08-07,いわき平競輪,F2,A1/A2,8,Ａ級特一般,18:56,18:51,7,https://keirin.kdreams.jp/iwakitaira/racedetail/1320260806020008/?pageType=odds,2026-10-06T10:43:46.021876+00:00
1320260806020009,2026-08-07,いわき平競輪,F2,A1/A2,9,Ａ級準決勝,19:22,19:17,7,https://keirin.kdreams.jp/iwakitaira/racedetail/1320260806020009/?pageType=odds,2026-10-06T10:43:48.085904+00:00
1320260806020010,2026-08-07,いわき平競輪,F2,A1/A2,10,Ａ級準決勝,19:48,19:43,7,https://keirin.kdreams.jp/iwakitaira/racedetail/1320260806020010/?pageType=odds,2026-10-06T10:43:50.129929+00:00
1320260806020011,2026-08-07,いわき平競輪,F2,A1/A2,11,Ａ級準決勝,20:16,20:11,7,https://keirin.kdreams.jp/iwakitaira/racedetail/1320260806020011/?pageType=odds,2026-10-06T10:43:52.107824+00:00
3720260806020005,2026-08-07,伊東競輪,F2,A1/A2,5,Ａ級特一般,22:10,22:05,7,https://keirin.kdreams.jp/ito/racedetail/3720260806020005/?pageType=odds,2026-10-06T10:43:13.665183+00:00
3720260806020006,2026-08-07,伊東競輪,F2,A1/A2,6,Ａ級特一般,22:30,22:25,7,https://keirin.kdreams.jp/ito/racedetail/3720260806020006/?pageType=odds,2026-10-06T10:43:15.526035+00:00
3720260806020007,2026-08-07,伊東競輪,F2,A1/A2,7,Ａ級準決勝,22:50,22:45,7,https://keirin.kdreams.jp/ito/racedetail/3720260806020007/?pageType=odds,2026-10-06T10:43:17.334977+00:00
3720260806020008,2026-08-07,伊東競輪,F2,A1/A2,8,Ａ級準決勝,23:10,23:05,7,https://keirin.kdreams.jp/ito/racedetail/3720260806020008/?pageType=odds,2026-10-06T10:43:19.337143+00:00
3720260806020009,2026-08-07,伊東競輪,F2,A1/A2,9,Ａ級準決勝,23:30,23:25,7,https://keirin.kdreams.jp/ito/racedetail/3720260806020009/?pageType=odds,2026-10-06T10:43:21.138596+00:00
2420260806020003,2026-08-07,宇都宮競輪,F2,A1/A2,3,Ａ級一般,21:20,21:15,7,https://keirin.kdreams.jp/utsunomiya/racedetail/2420260806020003/?pageType=odds,2026-10-06T10:44:19.805571+00:00
2420260806020004,2026-08-07,宇都宮競輪,F2,A1/A2,4,Ａ級一般,21:40,21:35,7,https://keirin.kdreams.jp/utsunomiya/racedetail/2420260806020004/?pageType=odds,2026-10-06T10:44:22.152550+00:00
2420260806020005,2026-08-07,宇都宮競輪,F2,A1/A2,5,Ａ級選抜,22:00,21:55,7,https://keirin.kdreams.jp/utsunomiya/racedetail/2420260806020005/?pageType=odds,2026-10-06T10:44:24.645310+00:00
2420260806020006,2026-08-07,宇都宮競輪,F2,A1/A2,6,Ａ級選抜,22:20,22:15,7,https://keirin.kdreams.jp/utsunomiya/racedetail/2420260806020006/?pageType=odds,2026-10-06T10:44:27.132869+00:00
2420260806020007,2026-08-07,宇都宮競輪,F2,A1/A2,7,Ａ級準決勝,22:40,22:35,7,https://keirin.kdreams.jp/utsunomiya/racedetail/2420260806020007/?pageType=odds,2026-10-06T10:44:29.134782+00:00
2420260806020008,2026-08-07,宇都宮競輪,F2,A1/A2,8,Ａ級準決勝,23:00,22:55,7,https://keirin.kdreams.jp/utsunomiya/racedetail/2420260806020008/?pageType=odds,2026-10-06T10:44:31.080291+00:00
2420260806020009,2026-08-07,宇都宮競輪,F2,A1/A2,9,Ａ級準決勝,23:20,23:15,7,https://keirin.kdreams.jp/utsunomiya/racedetail/2420260806020009/?pageType=odds,2026-10-06T10:44:32.792804+00:00
4320260807010001,2026-08-07,岐阜競輪,F2,A1/A2,1,Ａ級予選,08:30,08:25,7,https://keirin.kdreams.jp/gifu/racedetail/4320260807010001/?pageType=odds,2026-10-06T10:44:48.025461+00:00
4320260807010002,2026-08-07,岐阜競輪,F2,A1/A2,2,Ａ級予選,08:50,08:45,7,https://keirin.kdreams.jp/gifu/racedetail/4320260807010002/?pageType=odds,2026-10-06T10:44:49.858593+00:00
4320260807010003,2026-08-07,岐阜競輪,F2,A1/A2,3,Ａ級予選,09:11,09:06,7,https://keirin.kdreams.jp/gifu/racedetail/4320260807010003/?pageType=odds,2026-10-06T10:44:51.942701+00:00
4320260807010004,2026-08-07,岐阜競輪,F2,A1/A2,4,Ａ級予選,09:32,09:27,7,https://keirin.kdreams.jp/gifu/racedetail/4320260807010004/?pageType=odds,2026-10-06T10:44:54.086270+00:00
4320260807010005,2026-08-07,岐阜競輪,F2,A1/A2,5,Ａ級予選,09:53,09:48,7,https://keirin.kdreams.jp/gifu/racedetail/4320260807010005/?pageType=odds,2026-10-06T10:44:56.123340+00:00
4320260807010006,2026-08-07,岐阜競輪,F2,A1/A2,6,Ａ級予選,10:14,10:09,7,https://keirin.kdreams.jp/gifu/racedetail/4320260807010006/?pageType=odds,2026-10-06T10:44:57.986738+00:00
4320260807010007,2026-08-07,岐阜競輪,F2,A1/A2,7,Ａ級初日特選,10:35,10:30,7,https://keirin.kdreams.jp/gifu/racedetail/4320260807010007/?pageType=odds,2026-10-06T10:44:59.927527+00:00
4520260805030005,2026-08-07,豊橋競輪,F2,A1/A2,5,Ａ級特一般,12:59,12:54,7,https://keirin.kdreams.jp/toyohashi/racedetail/4520260805030005/?pageType=odds,2026-10-06T10:42:53.380422+00:00
4520260805030006,2026-08-07,豊橋競輪,F2,A1/A2,6,Ａ級特一般,13:26,13:21,7,https://keirin.kdreams.jp/toyohashi/racedetail/4520260805030006/?pageType=odds,2026-10-06T10:42:55.282892+00:00
4520260805030007,2026-08-07,豊橋競輪,F2,A1/A2,7,Ａ級特選,13:53,13:48,7,https://keirin.kdreams.jp/toyohashi/racedetail/4520260805030007/?pageType=odds,2026-10-06T10:42:57.447307+00:00
4520260805030008,2026-08-07,豊橋競輪,F2,A1/A2,8,Ａ級特選,14:21,14:16,7,https://keirin.kdreams.jp/toyohashi/racedetail/4520260805030008/?pageType=odds,2026-10-06T10:42:59.283481+00:00
4520260805030011,2026-08-07,豊橋競輪,F2,A1/A2,11,Ａ級決勝,15:56,15:51,7,https://keirin.kdreams.jp/toyohashi/racedetail/4520260805030011/?pageType=odds,2026-10-06T10:43:01.308931+00:00
1320260806030005,2026-08-08,いわき平競輪,F2,A1/A2,5,Ａ級特一般,17:38,17:33,7,https://keirin.kdreams.jp/iwakitaira/racedetail/1320260806030005/?pageType=odds,2026-10-06T10:43:54.392335+00:00
1320260806030006,2026-08-08,いわき平競輪,F2,A1/A2,6,Ａ級特一般,18:04,17:59,7,https://keirin.kdreams.jp/iwakitaira/racedetail/1320260806030006/?pageType=odds,2026-10-06T10:43:57.023071+00:00
1320260806030007,2026-08-08,いわき平競輪,F2,A1/A2,7,Ａ級特選,18:30,18:25,7,https://keirin.kdreams.jp/iwakitaira/racedetail/1320260806030007/?pageType=odds,2026-10-06T10:43:59.458814+00:00
1320260806030008,2026-08-08,いわき平競輪,F2,A1/A2,8,Ａ級特選,18:56,18:51,7,https://keirin.kdreams.jp/iwakitaira/racedetail/1320260806030008/?pageType=odds,2026-10-06T10:44:01.637633+00:00
1320260806030011,2026-08-08,いわき平競輪,F2,A1/A2,11,Ａ級決勝,20:16,20:11,7,https://keirin.kdreams.jp/iwakitaira/racedetail/1320260806030011/?pageType=odds,2026-10-06T10:44:03.872876+00:00
3720260806030004,2026-08-08,伊東競輪,F2,A1/A2,4,Ａ級特一般,21:50,21:45,7,https://keirin.kdreams.jp/ito/racedetail/3720260806030004/?pageType=odds,2026-10-06T10:43:23.042959+00:00
3720260806030005,2026-08-08,伊東競輪,F2,A1/A2,5,Ａ級特一般,22:10,22:05,7,https://keirin.kdreams.jp/ito/racedetail/3720260806030005/?pageType=odds,2026-10-06T10:43:24.985400+00:00
3720260806030006,2026-08-08,伊東競輪,F2,A1/A2,6,Ａ級特選,22:30,22:25,7,https://keirin.kdreams.jp/ito/racedetail/3720260806030006/?pageType=odds,2026-10-06T10:43:26.797473+00:00
3720260806030007,2026-08-08,伊東競輪,F2,A1/A2,7,Ａ級特選,22:50,22:45,7,https://keirin.kdreams.jp/ito/racedetail/3720260806030007/?pageType=odds,2026-10-06T10:43:28.723965+00:00
3720260806030009,2026-08-08,伊東競輪,F2,A1/A2,9,Ａ級決勝,23:30,23:25,7,https://keirin.kdreams.jp/ito/racedetail/3720260806030009/?pageType=odds,2026-10-06T10:43:30.680221+00:00
2420260806030002,2026-08-08,宇都宮競輪,F2,A1/A2,2,Ａ級一般,21:00,20:55,7,https://keirin.kdreams.jp/utsunomiya/racedetail/2420260806030002/?pageType=odds,2026-10-06T10:44:34.679807+00:00
2420260806030003,2026-08-08,宇都宮競輪,F2,A1/A2,3,Ａ級一般,21:20,21:15,7,https://keirin.kdreams.jp/utsunomiya/racedetail/2420260806030003/?pageType=odds,2026-10-06T10:44:36.665355+00:00
2420260806030004,2026-08-08,宇都宮競輪,F2,A1/A2,4,Ａ級一般,21:40,21:35,7,https://keirin.kdreams.jp/utsunomiya/racedetail/2420260806030004/?pageType=odds,2026-10-06T10:44:38.511395+00:00
2420260806030005,2026-08-08,宇都宮競輪,F2,A1/A2,5,Ａ級特選,22:00,21:55,7,https://keirin.kdreams.jp/utsunomiya/racedetail/2420260806030005/?pageType=odds,2026-10-06T10:44:40.353518+00:00
2420260806030006,2026-08-08,宇都宮競輪,F2,A1/A2,6,Ａ級特選,22:20,22:15,7,https://keirin.kdreams.jp/utsunomiya/racedetail/2420260806030006/?pageType=odds,2026-10-06T10:44:42.254011+00:00
2420260806030007,2026-08-08,宇都宮競輪,F2,A1/A2,7,Ａ級特選,22:40,22:35,7,https://keirin.kdreams.jp/utsunomiya/racedetail/2420260806030007/?pageType=odds,2026-10-06T10:44:44.343782+00:00
2420260806030009,2026-08-08,宇都宮競輪,F2,A1/A2,9,Ａ級決勝,23:20,23:15,7,https://keirin.kdreams.jp/utsunomiya/racedetail/2420260806030009/?pageType=odds,2026-10-06T10:44:46.169187+00:00
4320260807020001,2026-08-08,岐阜競輪,F2,A1/A2,1,Ａ級一般,08:30,08:25,7,https://keirin.kdreams.jp/gifu/racedetail/4320260807020001/?pageType=odds,2026-10-06T10:45:01.846403+00:00
4320260807020002,2026-08-08,岐阜競輪,F2,A1/A2,2,Ａ級一般,08:50,08:45,7,https://keirin.kdreams.jp/gifu/racedetail/4320260807020002/?pageType=odds,2026-10-06T10:45:03.853226+00:00
4320260807020003,2026-08-08,岐阜競輪,F2,A1/A2,3,Ａ級選抜,09:11,09:06,7,https://keirin.kdreams.jp/gifu/racedetail/4320260807020003/?pageType=odds,2026-10-06T10:45:05.770928+00:00
4320260807020004,2026-08-08,岐阜競輪,F2,A1/A2,4,Ａ級選抜,09:32,09:27,7,https://keirin.kdreams.jp/gifu/racedetail/4320260807020004/?pageType=odds,2026-10-06T10:45:07.645872+00:00
4320260807020005,2026-08-08,岐阜競輪,F2,A1/A2,5,Ａ級準決勝,09:53,09:48,7,https://keirin.kdreams.jp/gifu/racedetail/4320260807020005/?pageType=odds,2026-10-06T10:45:09.822644+00:00
4320260807020006,2026-08-08,岐阜競輪,F2,A1/A2,6,Ａ級準決勝,10:14,10:09,7,https://keirin.kdreams.jp/gifu/racedetail/4320260807020006/?pageType=odds,2026-10-06T10:45:11.940968+00:00
4320260807020007,2026-08-08,岐阜競輪,F2,A1/A2,7,Ａ級準決勝,10:35,10:30,7,https://keirin.kdreams.jp/gifu/racedetail/4320260807020007/?pageType=odds,2026-10-06T10:45:14.242551+00:00
2820260808010001,2026-08-08,立川競輪,F1,A1/A2,1,Ａ級予選,10:57,10:52,7,https://keirin.kdreams.jp/tachikawa/racedetail/2820260808010001/?pageType=odds,2026-10-06T10:45:30.098010+00:00
2820260808010002,2026-08-08,立川競輪,F1,A1/A2,2,Ａ級予選,11:21,11:16,7,https://keirin.kdreams.jp/tachikawa/racedetail/2820260808010002/?pageType=odds,2026-10-06T10:45:32.007756+00:00
2820260808010003,2026-08-08,立川競輪,F1,A1/A2,3,Ａ級予選,11:45,11:40,7,https://keirin.kdreams.jp/tachikawa/racedetail/2820260808010003/?pageType=odds,2026-10-06T10:45:33.826524+00:00
2820260808010004,2026-08-08,立川競輪,F1,A1/A2,4,Ａ級予選,12:09,12:04,7,https://keirin.kdreams.jp/tachikawa/racedetail/2820260808010004/?pageType=odds,2026-10-06T10:45:36.198160+00:00
2820260808010005,2026-08-08,立川競輪,F1,A1/A2,5,Ａ級初日特選,12:35,12:30,7,https://keirin.kdreams.jp/tachikawa/racedetail/2820260808010005/?pageType=odds,2026-10-06T10:45:37.984032+00:00
4820260809010005,2026-08-09,四日市競輪,F2,A1/A2,5,Ａ級特予選,22:10,22:05,6,https://keirin.kdreams.jp/yokkaichi/racedetail/4820260809010005/?pageType=odds,2026-10-06T10:46:42.431938+00:00
4820260809010006,2026-08-09,四日市競輪,F2,A1/A2,6,Ａ級特予選,22:30,22:25,7,https://keirin.kdreams.jp/yokkaichi/racedetail/4820260809010006/?pageType=odds,2026-10-06T10:46:44.199444+00:00
4820260809010007,2026-08-09,四日市競輪,F2,A1/A2,7,Ａ級特予選,22:50,22:45,7,https://keirin.kdreams.jp/yokkaichi/racedetail/4820260809010007/?pageType=odds,2026-10-06T10:46:46.285662+00:00
4820260809010008,2026-08-09,四日市競輪,F2,A1/A2,8,Ａ級特予選,23:10,23:05,7,https://keirin.kdreams.jp/yokkaichi/racedetail/4820260809010008/?pageType=odds,2026-10-06T10:46:48.167349+00:00
4820260809010009,2026-08-09,四日市競輪,F2,A1/A2,9,Ａ級初日特選,23:30,23:25,7,https://keirin.kdreams.jp/yokkaichi/racedetail/4820260809010009/?pageType=odds,2026-10-06T10:46:49.963775+00:00
4320260807030001,2026-08-09,岐阜競輪,F2,A1/A2,1,Ａ級一般,08:40,08:35,7,https://keirin.kdreams.jp/gifu/racedetail/4320260807030001/?pageType=odds,2026-10-06T10:45:16.451216+00:00
4320260807030002,2026-08-09,岐阜競輪,F2,A1/A2,2,Ａ級一般,09:00,08:55,7,https://keirin.kdreams.jp/gifu/racedetail/4320260807030002/?pageType=odds,2026-10-06T10:45:18.366303+00:00
4320260807030003,2026-08-09,岐阜競輪,F2,A1/A2,3,Ａ級一般,09:20,09:15,7,https://keirin.kdreams.jp/gifu/racedetail/4320260807030003/?pageType=odds,2026-10-06T10:45:20.429421+00:00
4320260807030004,2026-08-09,岐阜競輪,F2,A1/A2,4,Ａ級特選,09:40,09:35,7,https://keirin.kdreams.jp/gifu/racedetail/4320260807030004/?pageType=odds,2026-10-06T10:45:22.328681+00:00
4320260807030005,2026-08-09,岐阜競輪,F2,A1/A2,5,Ａ級特選,10:00,09:55,7,https://keirin.kdreams.jp/gifu/racedetail/4320260807030005/?pageType=odds,2026-10-06T10:45:24.312102+00:00
4320260807030006,2026-08-09,岐阜競輪,F2,A1/A2,6,Ａ級特選,10:20,10:15,7,https://keirin.kdreams.jp/gifu/racedetail/4320260807030006/?pageType=odds,2026-10-06T10:45:26.260008+00:00
4320260807030007,2026-08-09,岐阜競輪,F2,A1/A2,7,Ａ級決勝,10:40,10:35,7,https://keirin.kdreams.jp/gifu/racedetail/4320260807030007/?pageType=odds,2026-10-06T10:45:28.300486+00:00
3420260809010003,2026-08-09,川崎競輪,F2,A1/A2,3,Ａ級予選,21:20,21:15,7,https://keirin.kdreams.jp/kawasaki/racedetail/3420260809010003/?pageType=odds,2026-10-06T10:46:00.182588+00:00
3420260809010004,2026-08-09,川崎競輪,F2,A1/A2,4,Ａ級予選,21:40,21:35,7,https://keirin.kdreams.jp/kawasaki/racedetail/3420260809010004/?pageType=odds,2026-10-06T10:46:01.919039+00:00
3420260809010005,2026-08-09,川崎競輪,F2,A1/A2,5,Ａ級予選,22:00,21:55,7,https://keirin.kdreams.jp/kawasaki/racedetail/3420260809010005/?pageType=odds,2026-10-06T10:46:03.793736+00:00
3420260809010006,2026-08-09,川崎競輪,F2,A1/A2,6,Ａ級予選,22:20,22:15,7,https://keirin.kdreams.jp/kawasaki/racedetail/3420260809010006/?pageType=odds,2026-10-06T10:46:05.875358+00:00
3420260809010007,2026-08-09,川崎競輪,F2,A1/A2,7,Ａ級予選,22:40,22:35,7,https://keirin.kdreams.jp/kawasaki/racedetail/3420260809010007/?pageType=odds,2026-10-06T10:46:07.819040+00:00
3420260809010008,2026-08-09,川崎競輪,F2,A1/A2,8,Ａ級予選,23:00,22:55,7,https://keirin.kdreams.jp/kawasaki/racedetail/3420260809010008/?pageType=odds,2026-10-06T10:46:09.873476+00:00
3420260809010009,2026-08-09,川崎競輪,F2,A1/A2,9,Ａ級初日特選,23:20,23:15,7,https://keirin.kdreams.jp/kawasaki/racedetail/3420260809010009/?pageType=odds,2026-10-06T10:46:11.793508+00:00
2820260808020001,2026-08-09,立川競輪,F1,A1/A2,1,Ａ級一般,10:57,10:52,7,https://keirin.kdreams.jp/tachikawa/racedetail/2820260808020001/?pageType=odds,2026-10-06T10:45:40.052054+00:00
2820260808020002,2026-08-09,立川競輪,F1,A1/A2,2,Ａ級一般,11:21,11:16,7,https://keirin.kdreams.jp/tachikawa/racedetail/2820260808020002/?pageType=odds,2026-10-06T10:45:41.862416+00:00
2820260808020003,2026-08-09,立川競輪,F1,A1/A2,3,Ａ級準決勝,11:45,11:40,7,https://keirin.kdreams.jp/tachikawa/racedetail/2820260808020003/?pageType=odds,2026-10-06T10:45:43.796477+00:00
2820260808020004,2026-08-09,立川競輪,F1,A1/A2,4,Ａ級準決勝,12:09,12:04,7,https://keirin.kdreams.jp/tachikawa/racedetail/2820260808020004/?pageType=odds,2026-10-06T10:45:45.721367+00:00
2820260808020005,2026-08-09,立川競輪,F1,A1/A2,5,Ａ級準決勝,12:35,12:30,7,https://keirin.kdreams.jp/tachikawa/racedetail/2820260808020005/?pageType=odds,2026-10-06T10:45:47.738719+00:00
4820260809020005,2026-08-10,四日市競輪,F2,A1/A2,5,Ａ級特一般,22:10,22:05,7,https://keirin.kdreams.jp/yokkaichi/racedetail/4820260809020005/?pageType=odds,2026-10-06T10:46:52.191253+00:00
4820260809020006,2026-08-10,四日市競輪,F2,A1/A2,6,Ａ級特一般,22:30,22:25,7,https://keirin.kdreams.jp/yokkaichi/racedetail/4820260809020006/?pageType=odds,2026-10-06T10:46:54.090665+00:00
4820260809020007,2026-08-10,四日市競輪,F2,A1/A2,7,Ａ級準決勝,22:50,22:45,7,https://keirin.kdreams.jp/yokkaichi/racedetail/4820260809020007/?pageType=odds,2026-10-06T10:46:56.067923+00:00
4820260809020008,2026-08-10,四日市競輪,F2,A1/A2,8,Ａ級準決勝,23:10,23:05,7,https://keirin.kdreams.jp/yokkaichi/racedetail/4820260809020008/?pageType=odds,2026-10-06T10:46:58.497694+00:00
4820260809020009,2026-08-10,四日市競輪,F2,A1/A2,9,Ａ級準決勝,23:30,23:25,7,https://keirin.kdreams.jp/yokkaichi/racedetail/4820260809020009/?pageType=odds,2026-10-06T10:47:00.585056+00:00
3420260809020003,2026-08-10,川崎競輪,F2,A1/A2,3,Ａ級一般,21:20,21:15,7,https://keirin.kdreams.jp/kawasaki/racedetail/3420260809020003/?pageType=odds,2026-10-06T10:46:13.861233+00:00
3420260809020004,2026-08-10,川崎競輪,F2,A1/A2,4,Ａ級一般,21:40,21:35,7,https://keirin.kdreams.jp/kawasaki/racedetail/3420260809020004/?pageType=odds,2026-10-06T10:46:16.120799+00:00
3420260809020005,2026-08-10,川崎競輪,F2,A1/A2,5,Ａ級選抜,22:00,21:55,7,https://keirin.kdreams.jp/kawasaki/racedetail/3420260809020005/?pageType=odds,2026-10-06T10:46:18.191206+00:00
3420260809020006,2026-08-10,川崎競輪,F2,A1/A2,6,Ａ級選抜,22:20,22:15,7,https://keirin.kdreams.jp/kawasaki/racedetail/3420260809020006/?pageType=odds,2026-10-06T10:46:20.066911+00:00
3420260809020007,2026-08-10,川崎競輪,F2,A1/A2,7,Ａ級準決勝,22:40,22:35,7,https://keirin.kdreams.jp/kawasaki/racedetail/3420260809020007/?pageType=odds,2026-10-06T10:46:22.137293+00:00
3420260809020008,2026-08-10,川崎競輪,F2,A1/A2,8,Ａ級準決勝,23:00,22:55,7,https://keirin.kdreams.jp/kawasaki/racedetail/3420260809020008/?pageType=odds,2026-10-06T10:46:24.061108+00:00
3420260809020009,2026-08-10,川崎競輪,F2,A1/A2,9,Ａ級準決勝,23:20,23:15,7,https://keirin.kdreams.jp/kawasaki/racedetail/3420260809020009/?pageType=odds,2026-10-06T10:46:26.040591+00:00
2820260808030001,2026-08-10,立川競輪,F1,A1/A2,1,Ａ級一般,10:45,10:40,7,https://keirin.kdreams.jp/tachikawa/racedetail/2820260808030001/?pageType=odds,2026-10-06T10:45:49.841632+00:00
2820260808030002,2026-08-10,立川競輪,F1,A1/A2,2,Ａ級一般,11:13,11:08,7,https://keirin.kdreams.jp/tachikawa/racedetail/2820260808030002/?pageType=odds,2026-10-06T10:45:52.058950+00:00
2820260808030003,2026-08-10,立川競輪,F1,A1/A2,3,Ａ級特選,11:41,11:36,7,https://keirin.kdreams.jp/tachikawa/racedetail/2820260808030003/?pageType=odds,2026-10-06T10:45:53.925867+00:00
2820260808030004,2026-08-10,立川競輪,F1,A1/A2,4,Ａ級特選,12:09,12:04,7,https://keirin.kdreams.jp/tachikawa/racedetail/2820260808030004/?pageType=odds,2026-10-06T10:45:55.911926+00:00
2820260808030008,2026-08-10,立川競輪,F1,A1/A2,8,Ａ級決勝,14:06,14:01,7,https://keirin.kdreams.jp/tachikawa/racedetail/2820260808030008/?pageType=odds,2026-10-06T10:45:58.002461+00:00
4820260809030004,2026-08-11,四日市競輪,F2,A1/A2,4,Ａ級特一般,21:50,21:45,7,https://keirin.kdreams.jp/yokkaichi/racedetail/4820260809030004/?pageType=odds,2026-10-06T10:47:02.762757+00:00
4820260809030005,2026-08-11,四日市競輪,F2,A1/A2,5,Ａ級特一般,22:10,22:05,7,https://keirin.kdreams.jp/yokkaichi/racedetail/4820260809030005/?pageType=odds,2026-10-06T10:47:04.814731+00:00
4820260809030006,2026-08-11,四日市競輪,F2,A1/A2,6,Ａ級特選,22:30,22:25,7,https://keirin.kdreams.jp/yokkaichi/racedetail/4820260809030006/?pageType=odds,2026-10-06T10:47:06.714934+00:00
4820260809030007,2026-08-11,四日市競輪,F2,A1/A2,7,Ａ級特選,22:50,22:45,7,https://keirin.kdreams.jp/yokkaichi/racedetail/4820260809030007/?pageType=odds,2026-10-06T10:47:08.810351+00:00
4820260809030009,2026-08-11,四日市競輪,F2,A1/A2,9,Ａ級決勝,23:30,23:25,7,https://keirin.kdreams.jp/yokkaichi/racedetail/4820260809030009/?pageType=odds,2026-10-06T10:47:10.662665+00:00
3420260809030002,2026-08-11,川崎競輪,F2,A1/A2,2,Ａ級一般,21:00,20:55,7,https://keirin.kdreams.jp/kawasaki/racedetail/3420260809030002/?pageType=odds,2026-10-06T10:46:28.408212+00:00
3420260809030003,2026-08-11,川崎競輪,F2,A1/A2,3,Ａ級一般,21:20,21:15,7,https://keirin.kdreams.jp/kawasaki/racedetail/3420260809030003/?pageType=odds,2026-10-06T10:46:30.387778+00:00
3420260809030004,2026-08-11,川崎競輪,F2,A1/A2,4,Ａ級一般,21:40,21:35,7,https://keirin.kdreams.jp/kawasaki/racedetail/3420260809030004/?pageType=odds,2026-10-06T10:46:32.332366+00:00
3420260809030005,2026-08-11,川崎競輪,F2,A1/A2,5,Ａ級特選,22:00,21:55,7,https://keirin.kdreams.jp/kawasaki/racedetail/3420260809030005/?pageType=odds,2026-10-06T10:46:34.757367+00:00
3420260809030006,2026-08-11,川崎競輪,F2,A1/A2,6,Ａ級特選,22:20,22:15,7,https://keirin.kdreams.jp/kawasaki/racedetail/3420260809030006/?pageType=odds,2026-10-06T10:46:36.746148+00:00
3420260809030007,2026-08-11,川崎競輪,F2,A1/A2,7,Ａ級特選,22:40,22:35,7,https://keirin.kdreams.jp/kawasaki/racedetail/3420260809030007/?pageType=odds,2026-10-06T10:46:38.709795+00:00
3420260809030009,2026-08-11,川崎競輪,F2,A1/A2,9,Ａ級決勝,23:20,23:15,7,https://keirin.kdreams.jp/kawasaki/racedetail/3420260809030009/?pageType=odds,2026-10-06T10:46:40.586932+00:00
2120260811010001,2026-08-11,弥彦競輪,F1,A1/A2,1,Ａ級予選,10:45,10:40,7,https://keirin.kdreams.jp/yahiko/racedetail/2120260811010001/?pageType=odds,2026-10-06T10:47:41.637366+00:00
2120260811010002,2026-08-11,弥彦競輪,F1,A1/A2,2,Ａ級予選,11:07,11:02,7,https://keirin.kdreams.jp/yahiko/racedetail/2120260811010002/?pageType=odds,2026-10-06T10:47:43.882938+00:00
2120260811010003,2026-08-11,弥彦競輪,F1,A1/A2,3,Ａ級予選,11:29,11:24,7,https://keirin.kdreams.jp/yahiko/racedetail/2120260811010003/?pageType=odds,2026-10-06T10:47:45.741860+00:00
2120260811010004,2026-08-11,弥彦競輪,F1,A1/A2,4,Ａ級予選,11:51,11:46,7,https://keirin.kdreams.jp/yahiko/racedetail/2120260811010004/?pageType=odds,2026-10-06T10:47:47.851504+00:00
2120260811010005,2026-08-11,弥彦競輪,F1,A1/A2,5,Ａ級初日特選,12:13,12:08,7,https://keirin.kdreams.jp/yahiko/racedetail/2120260811010005/?pageType=odds,2026-10-06T10:47:49.731423+00:00
8720260811010001,2026-08-11,熊本競輪,F1,A1/A2,1,Ａ級予選,10:52,10:47,7,https://keirin.kdreams.jp/kumamoto/racedetail/8720260811010001/?pageType=odds,2026-10-06T10:47:12.740919+00:00
8720260811010002,2026-08-11,熊本競輪,F1,A1/A2,2,Ａ級予選,11:16,11:11,7,https://keirin.kdreams.jp/kumamoto/racedetail/8720260811010002/?pageType=odds,2026-10-06T10:47:14.540418+00:00
8720260811010003,2026-08-11,熊本競輪,F1,A1/A2,3,Ａ級予選,11:39,11:34,7,https://keirin.kdreams.jp/kumamoto/racedetail/8720260811010003/?pageType=odds,2026-10-06T10:47:16.446833+00:00
8720260811010004,2026-08-11,熊本競輪,F1,A1/A2,4,Ａ級予選,12:02,11:57,7,https://keirin.kdreams.jp/kumamoto/racedetail/8720260811010004/?pageType=odds,2026-10-06T10:47:18.580075+00:00
8720260811010005,2026-08-11,熊本競輪,F1,A1/A2,5,Ａ級初日特選,12:24,12:19,7,https://keirin.kdreams.jp/kumamoto/racedetail/8720260811010005/?pageType=odds,2026-10-06T10:47:20.592069+00:00
4320260812010001,2026-08-12,岐阜競輪,F2,A1/A2,1,Ａ級予選,08:30,08:25,7,https://keirin.kdreams.jp/gifu/racedetail/4320260812010001/?pageType=odds,2026-10-06T10:48:55.314008+00:00
4320260812010002,2026-08-12,岐阜競輪,F2,A1/A2,2,Ａ級予選,08:50,08:45,7,https://keirin.kdreams.jp/gifu/racedetail/4320260812010002/?pageType=odds,2026-10-06T10:48:57.346835+00:00
4320260812010003,2026-08-12,岐阜競輪,F2,A1/A2,3,Ａ級予選,09:11,09:06,7,https://keirin.kdreams.jp/gifu/racedetail/4320260812010003/?pageType=odds,2026-10-06T10:48:59.308112+00:00
4320260812010004,2026-08-12,岐阜競輪,F2,A1/A2,4,Ａ級予選,09:32,09:27,7,https://keirin.kdreams.jp/gifu/racedetail/4320260812010004/?pageType=odds,2026-10-06T10:49:01.152581+00:00
4320260812010005,2026-08-12,岐阜競輪,F2,A1/A2,5,Ａ級予選,09:53,09:48,7,https://keirin.kdreams.jp/gifu/racedetail/4320260812010005/?pageType=odds,2026-10-06T10:49:03.028150+00:00
4320260812010006,2026-08-12,岐阜競輪,F2,A1/A2,6,Ａ級予選,10:14,10:09,7,https://keirin.kdreams.jp/gifu/racedetail/4320260812010006/?pageType=odds,2026-10-06T10:49:04.821734+00:00
4320260812010007,2026-08-12,岐阜競輪,F2,A1/A2,7,Ａ級初日特選,10:35,10:30,7,https://keirin.kdreams.jp/gifu/racedetail/4320260812010007/?pageType=odds,2026-10-06T10:49:06.705422+00:00
2120260811020001,2026-08-12,弥彦競輪,F1,A1/A2,1,Ａ級一般,10:45,10:40,7,https://keirin.kdreams.jp/yahiko/racedetail/2120260811020001/?pageType=odds,2026-10-06T10:47:51.743657+00:00
2120260811020002,2026-08-12,弥彦競輪,F1,A1/A2,2,Ａ級一般,11:07,11:02,7,https://keirin.kdreams.jp/yahiko/racedetail/2120260811020002/?pageType=odds,2026-10-06T10:47:53.797813+00:00
2120260811020003,2026-08-12,弥彦競輪,F1,A1/A2,3,Ａ級準決勝,11:29,11:24,7,https://keirin.kdreams.jp/yahiko/racedetail/2120260811020003/?pageType=odds,2026-10-06T10:47:55.761210+00:00
2120260811020004,2026-08-12,弥彦競輪,F1,A1/A2,4,Ａ級準決勝,11:51,11:46,7,https://keirin.kdreams.jp/yahiko/racedetail/2120260811020004/?pageType=odds,2026-10-06T10:47:57.833022+00:00
2120260811020005,2026-08-12,弥彦競輪,F1,A1/A2,5,Ａ級準決勝,12:13,12:08,7,https://keirin.kdreams.jp/yahiko/racedetail/2120260811020005/?pageType=odds,2026-10-06T10:47:59.744161+00:00
8420260812010003,2026-08-12,武雄競輪,F2,A1/A2,3,Ａ級予選,21:20,21:15,7,https://keirin.kdreams.jp/takeo/racedetail/8420260812010003/?pageType=odds,2026-10-06T10:49:36.060789+00:00
8420260812010004,2026-08-12,武雄競輪,F2,A1/A2,4,Ａ級予選,21:40,21:35,7,https://keirin.kdreams.jp/takeo/racedetail/8420260812010004/?pageType=odds,2026-10-06T10:49:37.849688+00:00
8420260812010005,2026-08-12,武雄競輪,F2,A1/A2,5,Ａ級予選,22:00,21:55,7,https://keirin.kdreams.jp/takeo/racedetail/8420260812010005/?pageType=odds,2026-10-06T10:49:39.746077+00:00
8420260812010006,2026-08-12,武雄競輪,F2,A1/A2,6,Ａ級予選,22:20,22:15,7,https://keirin.kdreams.jp/takeo/racedetail/8420260812010006/?pageType=odds,2026-10-06T10:49:41.551623+00:00
8420260812010007,2026-08-12,武雄競輪,F2,A1/A2,7,Ａ級予選,22:40,22:35,7,https://keirin.kdreams.jp/takeo/racedetail/8420260812010007/?pageType=odds,2026-10-06T10:49:43.322702+00:00
8420260812010008,2026-08-12,武雄競輪,F2,A1/A2,8,Ａ級予選,23:00,22:55,7,https://keirin.kdreams.jp/takeo/racedetail/8420260812010008/?pageType=odds,2026-10-06T10:49:45.230138+00:00
8420260812010009,2026-08-12,武雄競輪,F2,A1/A2,9,Ａ級初日特選,23:20,23:15,7,https://keirin.kdreams.jp/takeo/racedetail/8420260812010009/?pageType=odds,2026-10-06T10:49:47.633812+00:00
8720260811020001,2026-08-12,熊本競輪,F1,A1/A2,1,Ａ級一般,10:52,10:47,7,https://keirin.kdreams.jp/kumamoto/racedetail/8720260811020001/?pageType=odds,2026-10-06T10:47:22.529720+00:00
8720260811020002,2026-08-12,熊本競輪,F1,A1/A2,2,Ａ級一般,11:16,11:11,7,https://keirin.kdreams.jp/kumamoto/racedetail/8720260811020002/?pageType=odds,2026-10-06T10:47:24.497450+00:00
8720260811020003,2026-08-12,熊本競輪,F1,A1/A2,3,Ａ級準決勝,11:39,11:34,7,https://keirin.kdreams.jp/kumamoto/racedetail/8720260811020003/?pageType=odds,2026-10-06T10:47:26.347374+00:00
8720260811020004,2026-08-12,熊本競輪,F1,A1/A2,4,Ａ級準決勝,12:02,11:57,7,https://keirin.kdreams.jp/kumamoto/racedetail/8720260811020004/?pageType=odds,2026-10-06T10:47:28.286914+00:00
8720260811020005,2026-08-12,熊本競輪,F1,A1/A2,5,Ａ級準決勝,12:24,12:19,7,https://keirin.kdreams.jp/kumamoto/racedetail/8720260811020005/?pageType=odds,2026-10-06T10:47:30.207500+00:00
1220260812010003,2026-08-12,青森競輪,F2,A1/A2,3,Ａ級予選,21:30,21:25,7,https://keirin.kdreams.jp/aomori/racedetail/1220260812010003/?pageType=odds,2026-10-06T10:48:11.269976+00:00
1220260812010004,2026-08-12,青森競輪,F2,A1/A2,4,Ａ級予選,21:50,21:45,7,https://keirin.kdreams.jp/aomori/racedetail/1220260812010004/?pageType=odds,2026-10-06T10:48:13.122773+00:00
1220260812010005,2026-08-12,青森競輪,F2,A1/A2,5,Ａ級予選,22:10,22:05,7,https://keirin.kdreams.jp/aomori/racedetail/1220260812010005/?pageType=odds,2026-10-06T10:48:15.104493+00:00
1220260812010006,2026-08-12,青森競輪,F2,A1/A2,6,Ａ級予選,22:30,22:25,7,https://keirin.kdreams.jp/aomori/racedetail/1220260812010006/?pageType=odds,2026-10-06T10:48:18.318252+00:00
1220260812010007,2026-08-12,青森競輪,F2,A1/A2,7,Ａ級予選,22:50,22:45,7,https://keirin.kdreams.jp/aomori/racedetail/1220260812010007/?pageType=odds,2026-10-06T10:48:21.600727+00:00
1220260812010008,2026-08-12,青森競輪,F2,A1/A2,8,Ａ級予選,23:10,23:05,7,https://keirin.kdreams.jp/aomori/racedetail/1220260812010008/?pageType=odds,2026-10-06T10:48:23.855237+00:00
1220260812010009,2026-08-12,青森競輪,F2,A1/A2,9,Ａ級初日特選,23:30,23:25,7,https://keirin.kdreams.jp/aomori/racedetail/1220260812010009/?pageType=odds,2026-10-06T10:48:26.010710+00:00
4320260812020001,2026-08-13,岐阜競輪,F2,A1/A2,1,Ａ級一般,08:30,08:25,7,https://keirin.kdreams.jp/gifu/racedetail/4320260812020001/?pageType=odds,2026-10-06T10:49:08.571146+00:00
4320260812020002,2026-08-13,岐阜競輪,F2,A1/A2,2,Ａ級一般,08:50,08:45,7,https://keirin.kdreams.jp/gifu/racedetail/4320260812020002/?pageType=odds,2026-10-06T10:49:10.458863+00:00
4320260812020003,2026-08-13,岐阜競輪,F2,A1/A2,3,Ａ級選抜,09:10,09:05,7,https://keirin.kdreams.jp/gifu/racedetail/4320260812020003/?pageType=odds,2026-10-06T10:49:12.527103+00:00
4320260812020004,2026-08-13,岐阜競輪,F2,A1/A2,4,Ａ級選抜,09:30,09:25,7,https://keirin.kdreams.jp/gifu/racedetail/4320260812020004/?pageType=odds,2026-10-06T10:49:14.738294+00:00
4320260812020005,2026-08-13,岐阜競輪,F2,A1/A2,5,Ａ級準決勝,09:50,09:45,7,https://keirin.kdreams.jp/gifu/racedetail/4320260812020005/?pageType=odds,2026-10-06T10:49:16.669145+00:00
4320260812020006,2026-08-13,岐阜競輪,F2,A1/A2,6,Ａ級準決勝,10:10,10:05,7,https://keirin.kdreams.jp/gifu/racedetail/4320260812020006/?pageType=odds,2026-10-06T10:49:18.640203+00:00
4320260812020007,2026-08-13,岐阜競輪,F2,A1/A2,7,Ａ級準決勝,10:30,10:25,7,https://keirin.kdreams.jp/gifu/racedetail/4320260812020007/?pageType=odds,2026-10-06T10:49:20.537592+00:00
2120260811030001,2026-08-13,弥彦競輪,F1,A1/A2,1,Ａ級一般,10:45,10:40,7,https://keirin.kdreams.jp/yahiko/racedetail/2120260811030001/?pageType=odds,2026-10-06T10:48:01.713838+00:00
2120260811030002,2026-08-13,弥彦競輪,F1,A1/A2,2,Ａ級一般,11:07,11:02,7,https://keirin.kdreams.jp/yahiko/racedetail/2120260811030002/?pageType=odds,2026-10-06T10:48:03.593800+00:00
2120260811030003,2026-08-13,弥彦競輪,F1,A1/A2,3,Ａ級特選,11:29,11:24,7,https://keirin.kdreams.jp/yahiko/racedetail/2120260811030003/?pageType=odds,2026-10-06T10:48:05.666848+00:00
2120260811030004,2026-08-13,弥彦競輪,F1,A1/A2,4,Ａ級特選,11:51,11:46,7,https://keirin.kdreams.jp/yahiko/racedetail/2120260811030004/?pageType=odds,2026-10-06T10:48:07.543293+00:00
2120260811030011,2026-08-13,弥彦競輪,F1,A1/A2,11,Ａ級決勝,14:28,14:23,7,https://keirin.kdreams.jp/yahiko/racedetail/2120260811030011/?pageType=odds,2026-10-06T10:48:09.437721+00:00
8420260812020003,2026-08-13,武雄競輪,F2,A1/A2,3,Ａ級一般,21:20,21:15,7,https://keirin.kdreams.jp/takeo/racedetail/8420260812020003/?pageType=odds,2026-10-06T10:49:49.514186+00:00
8420260812020004,2026-08-13,武雄競輪,F2,A1/A2,4,Ａ級一般,21:40,21:35,7,https://keirin.kdreams.jp/takeo/racedetail/8420260812020004/?pageType=odds,2026-10-06T10:49:51.473227+00:00
8420260812020005,2026-08-13,武雄競輪,F2,A1/A2,5,Ａ級選抜,22:00,21:55,7,https://keirin.kdreams.jp/takeo/racedetail/8420260812020005/?pageType=odds,2026-10-06T10:49:53.784477+00:00
8420260812020006,2026-08-13,武雄競輪,F2,A1/A2,6,Ａ級選抜,22:20,22:15,7,https://keirin.kdreams.jp/takeo/racedetail/8420260812020006/?pageType=odds,2026-10-06T10:49:55.726192+00:00
8420260812020007,2026-08-13,武雄競輪,F2,A1/A2,7,Ａ級準決勝,22:40,22:35,7,https://keirin.kdreams.jp/takeo/racedetail/8420260812020007/?pageType=odds,2026-10-06T10:49:57.600183+00:00
8420260812020008,2026-08-13,武雄競輪,F2,A1/A2,8,Ａ級準決勝,23:00,22:55,7,https://keirin.kdreams.jp/takeo/racedetail/8420260812020008/?pageType=odds,2026-10-06T10:49:59.387572+00:00
8420260812020009,2026-08-13,武雄競輪,F2,A1/A2,9,Ａ級準決勝,23:20,23:15,7,https://keirin.kdreams.jp/takeo/racedetail/8420260812020009/?pageType=odds,2026-10-06T10:50:01.242606+00:00
8720260811030001,2026-08-13,熊本競輪,F1,A1/A2,1,Ａ級一般,10:56,10:51,7,https://keirin.kdreams.jp/kumamoto/racedetail/8720260811030001/?pageType=odds,2026-10-06T10:47:32.031084+00:00
8720260811030002,2026-08-13,熊本競輪,F1,A1/A2,2,Ａ級一般,11:18,11:13,7,https://keirin.kdreams.jp/kumamoto/racedetail/8720260811030002/?pageType=odds,2026-10-06T10:47:33.788226+00:00
8720260811030003,2026-08-13,熊本競輪,F1,A1/A2,3,Ａ級特選,11:40,11:35,7,https://keirin.kdreams.jp/kumamoto/racedetail/8720260811030003/?pageType=odds,2026-10-06T10:47:35.598247+00:00
8720260811030004,2026-08-13,熊本競輪,F1,A1/A2,4,Ａ級特選,12:02,11:57,7,https://keirin.kdreams.jp/kumamoto/racedetail/8720260811030004/?pageType=odds,2026-10-06T10:47:37.547254+00:00
8720260811030011,2026-08-13,熊本競輪,F1,A1/A2,11,Ａ級決勝,14:40,14:35,7,https://keirin.kdreams.jp/kumamoto/racedetail/8720260811030011/?pageType=odds,2026-10-06T10:47:39.607882+00:00
1220260812020003,2026-08-13,青森競輪,F2,A1/A2,3,Ａ級一般,21:30,21:25,7,https://keirin.kdreams.jp/aomori/racedetail/1220260812020003/?pageType=odds,2026-10-06T10:48:28.082422+00:00
1220260812020004,2026-08-13,青森競輪,F2,A1/A2,4,Ａ級一般,21:50,21:45,7,https://keirin.kdreams.jp/aomori/racedetail/1220260812020004/?pageType=odds,2026-10-06T10:48:29.964463+00:00
1220260812020005,2026-08-13,青森競輪,F2,A1/A2,5,Ａ級選抜,22:10,22:05,7,https://keirin.kdreams.jp/aomori/racedetail/1220260812020005/?pageType=odds,2026-10-06T10:48:31.875460+00:00
1220260812020006,2026-08-13,青森競輪,F2,A1/A2,6,Ａ級選抜,22:30,22:25,7,https://keirin.kdreams.jp/aomori/racedetail/1220260812020006/?pageType=odds,2026-10-06T10:48:33.820469+00:00
1220260812020007,2026-08-13,青森競輪,F2,A1/A2,7,Ａ級準決勝,22:50,22:45,7,https://keirin.kdreams.jp/aomori/racedetail/1220260812020007/?pageType=odds,2026-10-06T10:48:35.692463+00:00
1220260812020008,2026-08-13,青森競輪,F2,A1/A2,8,Ａ級準決勝,23:10,23:05,7,https://keirin.kdreams.jp/aomori/racedetail/1220260812020008/?pageType=odds,2026-10-06T10:48:37.723534+00:00
1220260812020009,2026-08-13,青森競輪,F2,A1/A2,9,Ａ級準決勝,23:30,23:25,7,https://keirin.kdreams.jp/aomori/racedetail/1220260812020009/?pageType=odds,2026-10-06T10:48:39.727855+00:00
2720260814010001,2026-08-14,京王閣競輪,F1,A1/A2,1,Ａ級予選,10:45,10:40,7,https://keirin.kdreams.jp/keiokaku/racedetail/2720260814010001/?pageType=odds,2026-10-06T10:50:17.229714+00:00
2720260814010002,2026-08-14,京王閣競輪,F1,A1/A2,2,Ａ級予選,11:07,11:02,7,https://keirin.kdreams.jp/keiokaku/racedetail/2720260814010002/?pageType=odds,2026-10-06T10:50:19.418776+00:00
2720260814010003,2026-08-14,京王閣競輪,F1,A1/A2,3,Ａ級予選,11:29,11:24,7,https://keirin.kdreams.jp/keiokaku/racedetail/2720260814010003/?pageType=odds,2026-10-06T10:50:21.271760+00:00
2720260814010004,2026-08-14,京王閣競輪,F1,A1/A2,4,Ａ級予選,11:51,11:46,7,https://keirin.kdreams.jp/keiokaku/racedetail/2720260814010004/?pageType=odds,2026-10-06T10:50:23.549444+00:00
2720260814010005,2026-08-14,京王閣競輪,F1,A1/A2,5,Ａ級初日特選,12:13,12:08,7,https://keirin.kdreams.jp/keiokaku/racedetail/2720260814010005/?pageType=odds,2026-10-06T10:50:25.663901+00:00
5320260814010001,2026-08-14,奈良競輪,F1,A1/A2,1,Ａ級予選,10:56,10:51,7,https://keirin.kdreams.jp/nara/racedetail/5320260814010001/?pageType=odds,2026-10-06T10:50:48.039002+00:00
5320260814010002,2026-08-14,奈良競輪,F1,A1/A2,2,Ａ級予選,11:18,11:13,7,https://keirin.kdreams.jp/nara/racedetail/5320260814010002/?pageType=odds,2026-10-06T10:50:49.990248+00:00
5320260814010003,2026-08-14,奈良競輪,F1,A1/A2,3,Ａ級予選,11:40,11:35,7,https://keirin.kdreams.jp/nara/racedetail/5320260814010003/?pageType=odds,2026-10-06T10:50:52.043758+00:00
5320260814010004,2026-08-14,奈良競輪,F1,A1/A2,4,Ａ級予選,12:02,11:57,7,https://keirin.kdreams.jp/nara/racedetail/5320260814010004/?pageType=odds,2026-10-06T10:50:53.914765+00:00
5320260814010005,2026-08-14,奈良競輪,F1,A1/A2,5,Ａ級初日特選,12:24,12:19,7,https://keirin.kdreams.jp/nara/racedetail/5320260814010005/?pageType=odds,2026-10-06T10:50:55.843560+00:00
4320260812030001,2026-08-14,岐阜競輪,F2,A1/A2,1,Ａ級一般,08:30,08:25,7,https://keirin.kdreams.jp/gifu/racedetail/4320260812030001/?pageType=odds,2026-10-06T10:49:22.595644+00:00
4320260812030002,2026-08-14,岐阜競輪,F2,A1/A2,2,Ａ級一般,08:50,08:45,7,https://keirin.kdreams.jp/gifu/racedetail/4320260812030002/?pageType=odds,2026-10-06T10:49:24.599125+00:00
4320260812030003,2026-08-14,岐阜競輪,F2,A1/A2,3,Ａ級一般,09:10,09:05,7,https://keirin.kdreams.jp/gifu/racedetail/4320260812030003/?pageType=odds,2026-10-06T10:49:26.494917+00:00
4320260812030004,2026-08-14,岐阜競輪,F2,A1/A2,4,Ａ級特選,09:30,09:25,7,https://keirin.kdreams.jp/gifu/racedetail/4320260812030004/?pageType=odds,2026-10-06T10:49:28.480981+00:00
4320260812030005,2026-08-14,岐阜競輪,F2,A1/A2,5,Ａ級特選,09:50,09:45,7,https://keirin.kdreams.jp/gifu/racedetail/4320260812030005/?pageType=odds,2026-10-06T10:49:30.529991+00:00
4320260812030006,2026-08-14,岐阜競輪,F2,A1/A2,6,Ａ級特選,10:10,10:05,7,https://keirin.kdreams.jp/gifu/racedetail/4320260812030006/?pageType=odds,2026-10-06T10:49:32.323584+00:00
4320260812030007,2026-08-14,岐阜競輪,F2,A1/A2,7,Ａ級決勝,10:30,10:25,7,https://keirin.kdreams.jp/gifu/racedetail/4320260812030007/?pageType=odds,2026-10-06T10:49:34.153310+00:00
8420260812030002,2026-08-14,武雄競輪,F2,A1/A2,2,Ａ級一般,21:00,20:55,7,https://keirin.kdreams.jp/takeo/racedetail/8420260812030002/?pageType=odds,2026-10-06T10:50:03.527651+00:00
8420260812030003,2026-08-14,武雄競輪,F2,A1/A2,3,Ａ級一般,21:20,21:15,7,https://keirin.kdreams.jp/takeo/racedetail/8420260812030003/?pageType=odds,2026-10-06T10:50:05.361615+00:00
8420260812030004,2026-08-14,武雄競輪,F2,A1/A2,4,Ａ級一般,21:40,21:35,7,https://keirin.kdreams.jp/takeo/racedetail/8420260812030004/?pageType=odds,2026-10-06T10:50:07.366691+00:00
8420260812030005,2026-08-14,武雄競輪,F2,A1/A2,5,Ａ級特選,22:00,21:55,7,https://keirin.kdreams.jp/takeo/racedetail/8420260812030005/?pageType=odds,2026-10-06T10:50:09.199525+00:00
8420260812030006,2026-08-14,武雄競輪,F2,A1/A2,6,Ａ級特選,22:20,22:15,7,https://keirin.kdreams.jp/takeo/racedetail/8420260812030006/?pageType=odds,2026-10-06T10:50:11.411975+00:00
8420260812030007,2026-08-14,武雄競輪,F2,A1/A2,7,Ａ級特選,22:40,22:35,7,https://keirin.kdreams.jp/takeo/racedetail/8420260812030007/?pageType=odds,2026-10-06T10:50:13.465023+00:00
8420260812030009,2026-08-14,武雄競輪,F2,A1/A2,9,Ａ級決勝,23:20,23:15,7,https://keirin.kdreams.jp/takeo/racedetail/8420260812030009/?pageType=odds,2026-10-06T10:50:15.345571+00:00
1220260812030002,2026-08-14,青森競輪,F2,A1/A2,2,Ａ級一般,21:10,21:05,7,https://keirin.kdreams.jp/aomori/racedetail/1220260812030002/?pageType=odds,2026-10-06T10:48:41.712529+00:00
1220260812030003,2026-08-14,青森競輪,F2,A1/A2,3,Ａ級一般,21:30,21:25,7,https://keirin.kdreams.jp/aomori/racedetail/1220260812030003/?pageType=odds,2026-10-06T10:48:43.691002+00:00
1220260812030004,2026-08-14,青森競輪,F2,A1/A2,4,Ａ級一般,21:50,21:45,7,https://keirin.kdreams.jp/aomori/racedetail/1220260812030004/?pageType=odds,2026-10-06T10:48:45.669952+00:00
1220260812030005,2026-08-14,青森競輪,F2,A1/A2,5,Ａ級特選,22:10,22:05,7,https://keirin.kdreams.jp/aomori/racedetail/1220260812030005/?pageType=odds,2026-10-06T10:48:47.629130+00:00
1220260812030006,2026-08-14,青森競輪,F2,A1/A2,6,Ａ級特選,22:30,22:25,7,https://keirin.kdreams.jp/aomori/racedetail/1220260812030006/?pageType=odds,2026-10-06T10:48:49.611153+00:00
1220260812030007,2026-08-14,青森競輪,F2,A1/A2,7,Ａ級特選,22:50,22:45,7,https://keirin.kdreams.jp/aomori/racedetail/1220260812030007/?pageType=odds,2026-10-06T10:48:51.465775+00:00
1220260812030009,2026-08-14,青森競輪,F2,A1/A2,9,Ａ級決勝,23:30,23:25,7,https://keirin.kdreams.jp/aomori/racedetail/1220260812030009/?pageType=odds,2026-10-06T10:48:53.344375+00:00
2720260814020001,2026-08-15,京王閣競輪,F1,A1/A2,1,Ａ級一般,10:45,10:40,7,https://keirin.kdreams.jp/keiokaku/racedetail/2720260814020001/?pageType=odds,2026-10-06T10:50:27.894589+00:00
2720260814020002,2026-08-15,京王閣競輪,F1,A1/A2,2,Ａ級一般,11:07,11:02,7,https://keirin.kdreams.jp/keiokaku/racedetail/2720260814020002/?pageType=odds,2026-10-06T10:50:29.876287+00:00
2720260814020003,2026-08-15,京王閣競輪,F1,A1/A2,3,Ａ級準決勝,11:29,11:24,7,https://keirin.kdreams.jp/keiokaku/racedetail/2720260814020003/?pageType=odds,2026-10-06T10:50:31.945177+00:00
2720260814020004,2026-08-15,京王閣競輪,F1,A1/A2,4,Ａ級準決勝,11:51,11:46,7,https://keirin.kdreams.jp/keiokaku/racedetail/2720260814020004/?pageType=odds,2026-10-06T10:50:33.917254+00:00
2720260814020005,2026-08-15,京王閣競輪,F1,A1/A2,5,Ａ級準決勝,12:13,12:08,7,https://keirin.kdreams.jp/keiokaku/racedetail/2720260814020005/?pageType=odds,2026-10-06T10:50:35.981058+00:00
2220260815010003,2026-08-15,前橋競輪,F2,A1/A2,3,Ａ級予選,21:20,21:15,7,https://keirin.kdreams.jp/maebashi/racedetail/2220260815010003/?pageType=odds,2026-10-06T10:51:19.377813+00:00
2220260815010004,2026-08-15,前橋競輪,F2,A1/A2,4,Ａ級予選,21:40,21:35,7,https://keirin.kdreams.jp/maebashi/racedetail/2220260815010004/?pageType=odds,2026-10-06T10:51:21.162064+00:00
2220260815010005,2026-08-15,前橋競輪,F2,A1/A2,5,Ａ級予選,22:00,21:55,7,https://keirin.kdreams.jp/maebashi/racedetail/2220260815010005/?pageType=odds,2026-10-06T10:51:23.189323+00:00
2220260815010006,2026-08-15,前橋競輪,F2,A1/A2,6,Ａ級予選,22:20,22:15,7,https://keirin.kdreams.jp/maebashi/racedetail/2220260815010006/?pageType=odds,2026-10-06T10:51:25.092595+00:00
2220260815010007,2026-08-15,前橋競輪,F2,A1/A2,7,Ａ級予選,22:40,22:35,7,https://keirin.kdreams.jp/maebashi/racedetail/2220260815010007/?pageType=odds,2026-10-06T10:51:27.024839+00:00
2220260815010008,2026-08-15,前橋競輪,F2,A1/A2,8,Ａ級予選,23:00,22:55,7,https://keirin.kdreams.jp/maebashi/racedetail/2220260815010008/?pageType=odds,2026-10-06T10:51:28.756768+00:00
2220260815010009,2026-08-15,前橋競輪,F2,A1/A2,9,Ａ級初日特選,23:20,23:15,7,https://keirin.kdreams.jp/maebashi/racedetail/2220260815010009/?pageType=odds,2026-10-06T10:51:30.993392+00:00
5320260814020001,2026-08-15,奈良競輪,F1,A1/A2,1,Ａ級一般,10:56,10:51,7,https://keirin.kdreams.jp/nara/racedetail/5320260814020001/?pageType=odds,2026-10-06T10:50:57.962537+00:00
5320260814020002,2026-08-15,奈良競輪,F1,A1/A2,2,Ａ級一般,11:18,11:13,7,https://keirin.kdreams.jp/nara/racedetail/5320260814020002/?pageType=odds,2026-10-06T10:51:00.043511+00:00
5320260814020003,2026-08-15,奈良競輪,F1,A1/A2,3,Ａ級準決勝,11:40,11:35,7,https://keirin.kdreams.jp/nara/racedetail/5320260814020003/?pageType=odds,2026-10-06T10:51:02.270670+00:00
5320260814020004,2026-08-15,奈良競輪,F1,A1/A2,4,Ａ級準決勝,12:02,11:57,7,https://keirin.kdreams.jp/nara/racedetail/5320260814020004/?pageType=odds,2026-10-06T10:51:04.276009+00:00
5320260814020005,2026-08-15,奈良競輪,F1,A1/A2,5,Ａ級準決勝,12:24,12:19,7,https://keirin.kdreams.jp/nara/racedetail/5320260814020005/?pageType=odds,2026-10-06T10:51:06.632540+00:00
3820260815010003,2026-08-15,静岡競輪,F2,A1/A2,3,Ａ級予選,21:30,21:25,7,https://keirin.kdreams.jp/shizuoka/racedetail/3820260815010003/?pageType=odds,2026-10-06T10:52:00.596917+00:00
3820260815010004,2026-08-15,静岡競輪,F2,A1/A2,4,Ａ級予選,21:50,21:45,7,https://keirin.kdreams.jp/shizuoka/racedetail/3820260815010004/?pageType=odds,2026-10-06T10:52:02.677562+00:00
3820260815010005,2026-08-15,静岡競輪,F2,A1/A2,5,Ａ級予選,22:10,22:05,7,https://keirin.kdreams.jp/shizuoka/racedetail/3820260815010005/?pageType=odds,2026-10-06T10:52:04.727012+00:00
3820260815010006,2026-08-15,静岡競輪,F2,A1/A2,6,Ａ級予選,22:30,22:25,7,https://keirin.kdreams.jp/shizuoka/racedetail/3820260815010006/?pageType=odds,2026-10-06T10:52:06.636195+00:00
3820260815010007,2026-08-15,静岡競輪,F2,A1/A2,7,Ａ級予選,22:50,22:45,7,https://keirin.kdreams.jp/shizuoka/racedetail/3820260815010007/?pageType=odds,2026-10-06T10:52:08.532319+00:00
3820260815010008,2026-08-15,静岡競輪,F2,A1/A2,8,Ａ級予選,23:10,23:05,7,https://keirin.kdreams.jp/shizuoka/racedetail/3820260815010008/?pageType=odds,2026-10-06T10:52:10.472732+00:00
3820260815010009,2026-08-15,静岡競輪,F2,A1/A2,9,Ａ級初日特選,23:30,23:25,7,https://keirin.kdreams.jp/shizuoka/racedetail/3820260815010009/?pageType=odds,2026-10-06T10:52:12.772385+00:00
2720260814030001,2026-08-16,京王閣競輪,F1,A1/A2,1,Ａ級一般,10:45,10:40,7,https://keirin.kdreams.jp/keiokaku/racedetail/2720260814030001/?pageType=odds,2026-10-06T10:50:37.765766+00:00
2720260814030002,2026-08-16,京王閣競輪,F1,A1/A2,2,Ａ級一般,11:07,11:02,7,https://keirin.kdreams.jp/keiokaku/racedetail/2720260814030002/?pageType=odds,2026-10-06T10:50:40.234983+00:00
2720260814030003,2026-08-16,京王閣競輪,F1,A1/A2,3,Ａ級特選,11:29,11:24,7,https://keirin.kdreams.jp/keiokaku/racedetail/2720260814030003/?pageType=odds,2026-10-06T10:50:42.245328+00:00
2720260814030004,2026-08-16,京王閣競輪,F1,A1/A2,4,Ａ級特選,11:51,11:46,7,https://keirin.kdreams.jp/keiokaku/racedetail/2720260814030004/?pageType=odds,2026-10-06T10:50:44.323780+00:00
2720260814030011,2026-08-16,京王閣競輪,F1,A1/A2,11,Ａ級決勝,14:28,14:23,7,https://keirin.kdreams.jp/keiokaku/racedetail/2720260814030011/?pageType=odds,2026-10-06T10:50:46.223410+00:00
3720260816010007,2026-08-16,伊東競輪,F2,A1/A2,7,Ａ級特予選,18:27,18:22,7,https://keirin.kdreams.jp/ito/racedetail/3720260816010007/?pageType=odds,2026-10-06T10:52:44.986788+00:00
3720260816010008,2026-08-16,伊東競輪,F2,A1/A2,8,Ａ級特予選,18:56,18:51,7,https://keirin.kdreams.jp/ito/racedetail/3720260816010008/?pageType=odds,2026-10-06T10:52:46.908533+00:00
3720260816010009,2026-08-16,伊東競輪,F2,A1/A2,9,Ａ級特予選,19:25,19:20,7,https://keirin.kdreams.jp/ito/racedetail/3720260816010009/?pageType=odds,2026-10-06T10:52:48.797550+00:00
3720260816010010,2026-08-16,伊東競輪,F2,A1/A2,10,Ａ級特予選,19:53,19:48,7,https://keirin.kdreams.jp/ito/racedetail/3720260816010010/?pageType=odds,2026-10-06T10:52:50.566818+00:00
3720260816010011,2026-08-16,伊東競輪,F2,A1/A2,11,Ａ級初日特選,20:20,20:15,7,https://keirin.kdreams.jp/ito/racedetail/3720260816010011/?pageType=odds,2026-10-06T10:52:52.474323+00:00
2220260815020003,2026-08-16,前橋競輪,F2,A1/A2,3,Ａ級一般,21:20,21:15,7,https://keirin.kdreams.jp/maebashi/racedetail/2220260815020003/?pageType=odds,2026-10-06T10:51:33.046844+00:00
2220260815020004,2026-08-16,前橋競輪,F2,A1/A2,4,Ａ級一般,21:40,21:35,7,https://keirin.kdreams.jp/maebashi/racedetail/2220260815020004/?pageType=odds,2026-10-06T10:51:34.981067+00:00
2220260815020005,2026-08-16,前橋競輪,F2,A1/A2,5,Ａ級選抜,22:00,21:55,7,https://keirin.kdreams.jp/maebashi/racedetail/2220260815020005/?pageType=odds,2026-10-06T10:51:36.993883+00:00
2220260815020006,2026-08-16,前橋競輪,F2,A1/A2,6,Ａ級選抜,22:20,22:15,7,https://keirin.kdreams.jp/maebashi/racedetail/2220260815020006/?pageType=odds,2026-10-06T10:51:38.931892+00:00
2220260815020007,2026-08-16,前橋競輪,F2,A1/A2,7,Ａ級準決勝,22:40,22:35,7,https://keirin.kdreams.jp/maebashi/racedetail/2220260815020007/?pageType=odds,2026-10-06T10:51:40.801441+00:00
2220260815020008,2026-08-16,前橋競輪,F2,A1/A2,8,Ａ級準決勝,23:00,22:55,7,https://keirin.kdreams.jp/maebashi/racedetail/2220260815020008/?pageType=odds,2026-10-06T10:51:42.886725+00:00
2220260815020009,2026-08-16,前橋競輪,F2,A1/A2,9,Ａ級準決勝,23:20,23:15,7,https://keirin.kdreams.jp/maebashi/racedetail/2220260815020009/?pageType=odds,2026-10-06T10:51:44.752220+00:00
5320260814030001,2026-08-16,奈良競輪,F1,A1/A2,1,Ａ級一般,10:56,10:51,7,https://keirin.kdreams.jp/nara/racedetail/5320260814030001/?pageType=odds,2026-10-06T10:51:08.950402+00:00
5320260814030002,2026-08-16,奈良競輪,F1,A1/A2,2,Ａ級一般,11:18,11:13,7,https://keirin.kdreams.jp/nara/racedetail/5320260814030002/?pageType=odds,2026-10-06T10:51:11.040883+00:00
5320260814030003,2026-08-16,奈良競輪,F1,A1/A2,3,Ａ級特選,11:40,11:35,7,https://keirin.kdreams.jp/nara/racedetail/5320260814030003/?pageType=odds,2026-10-06T10:51:13.347143+00:00
5320260814030004,2026-08-16,奈良競輪,F1,A1/A2,4,Ａ級特選,12:02,11:57,7,https://keirin.kdreams.jp/nara/racedetail/5320260814030004/?pageType=odds,2026-10-06T10:51:15.456126+00:00
5320260814030011,2026-08-16,奈良競輪,F1,A1/A2,11,Ａ級決勝,14:40,14:35,7,https://keirin.kdreams.jp/nara/racedetail/5320260814030011/?pageType=odds,2026-10-06T10:51:17.388651+00:00
3820260815020003,2026-08-16,静岡競輪,F2,A1/A2,3,Ａ級一般,21:30,21:25,7,https://keirin.kdreams.jp/shizuoka/racedetail/3820260815020003/?pageType=odds,2026-10-06T10:52:14.794487+00:00
3820260815020004,2026-08-16,静岡競輪,F2,A1/A2,4,Ａ級一般,21:50,21:45,7,https://keirin.kdreams.jp/shizuoka/racedetail/3820260815020004/?pageType=odds,2026-10-06T10:52:16.720227+00:00
3820260815020005,2026-08-16,静岡競輪,F2,A1/A2,5,Ａ級選抜,22:10,22:05,7,https://keirin.kdreams.jp/shizuoka/racedetail/3820260815020005/?pageType=odds,2026-10-06T10:52:18.709217+00:00
3820260815020006,2026-08-16,静岡競輪,F2,A1/A2,6,Ａ級選抜,22:30,22:25,7,https://keirin.kdreams.jp/shizuoka/racedetail/3820260815020006/?pageType=odds,2026-10-06T10:52:20.749887+00:00
3820260815020007,2026-08-16,静岡競輪,F2,A1/A2,7,Ａ級準決勝,22:50,22:45,7,https://keirin.kdreams.jp/shizuoka/racedetail/3820260815020007/?pageType=odds,2026-10-06T10:52:22.957016+00:00
3820260815020008,2026-08-16,静岡競輪,F2,A1/A2,8,Ａ級準決勝,23:10,23:05,7,https://keirin.kdreams.jp/shizuoka/racedetail/3820260815020008/?pageType=odds,2026-10-06T10:52:25.633400+00:00
3820260815020009,2026-08-16,静岡競輪,F2,A1/A2,9,Ａ級準決勝,23:30,23:25,7,https://keirin.kdreams.jp/shizuoka/racedetail/3820260815020009/?pageType=odds,2026-10-06T10:52:28.257005+00:00
3720260816020007,2026-08-17,伊東競輪,F2,A1/A2,7,Ａ級特一般,18:30,18:25,6,https://keirin.kdreams.jp/ito/racedetail/3720260816020007/?pageType=odds,2026-10-06T10:52:54.210910+00:00
3720260816020008,2026-08-17,伊東競輪,F2,A1/A2,8,Ａ級特一般,18:56,18:51,6,https://keirin.kdreams.jp/ito/racedetail/3720260816020008/?pageType=odds,2026-10-06T10:52:56.027466+00:00
3720260816020009,2026-08-17,伊東競輪,F2,A1/A2,9,Ａ級準決勝,19:22,19:17,7,https://keirin.kdreams.jp/ito/racedetail/3720260816020009/?pageType=odds,2026-10-06T10:52:58.167643+00:00
3720260816020010,2026-08-17,伊東競輪,F2,A1/A2,10,Ａ級準決勝,19:48,19:43,7,https://keirin.kdreams.jp/ito/racedetail/3720260816020010/?pageType=odds,2026-10-06T10:53:00.733547+00:00
3720260816020011,2026-08-17,伊東競輪,F2,A1/A2,11,Ａ級準決勝,20:16,20:11,7,https://keirin.kdreams.jp/ito/racedetail/3720260816020011/?pageType=odds,2026-10-06T10:53:02.605818+00:00
2220260815030002,2026-08-17,前橋競輪,F2,A1/A2,2,Ａ級一般,21:00,20:55,7,https://keirin.kdreams.jp/maebashi/racedetail/2220260815030002/?pageType=odds,2026-10-06T10:51:46.713506+00:00
2220260815030003,2026-08-17,前橋競輪,F2,A1/A2,3,Ａ級一般,21:20,21:15,7,https://keirin.kdreams.jp/maebashi/racedetail/2220260815030003/?pageType=odds,2026-10-06T10:51:48.679950+00:00
2220260815030004,2026-08-17,前橋競輪,F2,A1/A2,4,Ａ級一般,21:40,21:35,7,https://keirin.kdreams.jp/maebashi/racedetail/2220260815030004/?pageType=odds,2026-10-06T10:51:50.566770+00:00
2220260815030005,2026-08-17,前橋競輪,F2,A1/A2,5,Ａ級特選,22:00,21:55,7,https://keirin.kdreams.jp/maebashi/racedetail/2220260815030005/?pageType=odds,2026-10-06T10:51:52.616782+00:00
2220260815030006,2026-08-17,前橋競輪,F2,A1/A2,6,Ａ級特選,22:20,22:15,7,https://keirin.kdreams.jp/maebashi/racedetail/2220260815030006/?pageType=odds,2026-10-06T10:51:54.501787+00:00
2220260815030007,2026-08-17,前橋競輪,F2,A1/A2,7,Ａ級特選,22:40,22:35,7,https://keirin.kdreams.jp/maebashi/racedetail/2220260815030007/?pageType=odds,2026-10-06T10:51:56.650402+00:00
2220260815030009,2026-08-17,前橋競輪,F2,A1/A2,9,Ａ級決勝,23:20,23:15,7,https://keirin.kdreams.jp/maebashi/racedetail/2220260815030009/?pageType=odds,2026-10-06T10:51:58.706053+00:00
4820260817010001,2026-08-17,四日市競輪,F1,A1/A2,1,Ａ級予選,15:45,15:40,7,https://keirin.kdreams.jp/yokkaichi/racedetail/4820260817010001/?pageType=odds,2026-10-06T10:54:11.521045+00:00
4820260817010002,2026-08-17,四日市競輪,F1,A1/A2,2,Ａ級予選,16:07,16:02,7,https://keirin.kdreams.jp/yokkaichi/racedetail/4820260817010002/?pageType=odds,2026-10-06T10:54:13.439898+00:00
4820260817010003,2026-08-17,四日市競輪,F1,A1/A2,3,Ａ級予選,16:33,16:28,7,https://keirin.kdreams.jp/yokkaichi/racedetail/4820260817010003/?pageType=odds,2026-10-06T10:54:15.294767+00:00
4820260817010004,2026-08-17,四日市競輪,F1,A1/A2,4,Ａ級予選,16:59,16:54,7,https://keirin.kdreams.jp/yokkaichi/racedetail/4820260817010004/?pageType=odds,2026-10-06T10:54:17.137801+00:00
4820260817010005,2026-08-17,四日市競輪,F1,A1/A2,5,Ａ級初日特選,17:25,17:20,7,https://keirin.kdreams.jp/yokkaichi/racedetail/4820260817010005/?pageType=odds,2026-10-06T10:54:19.016072+00:00
4420260817010001,2026-08-17,大垣競輪,F1,A1/A2,1,Ａ級予選,10:45,10:40,7,https://keirin.kdreams.jp/ogaki/racedetail/4420260817010001/?pageType=odds,2026-10-06T10:53:14.796042+00:00
4420260817010002,2026-08-17,大垣競輪,F1,A1/A2,2,Ａ級予選,11:12,11:07,7,https://keirin.kdreams.jp/ogaki/racedetail/4420260817010002/?pageType=odds,2026-10-06T10:53:16.586877+00:00
4420260817010003,2026-08-17,大垣競輪,F1,A1/A2,3,Ａ級予選,11:40,11:35,7,https://keirin.kdreams.jp/ogaki/racedetail/4420260817010003/?pageType=odds,2026-10-06T10:53:18.620184+00:00
4420260817010004,2026-08-17,大垣競輪,F1,A1/A2,4,Ａ級予選,12:08,12:03,7,https://keirin.kdreams.jp/ogaki/racedetail/4420260817010004/?pageType=odds,2026-10-06T10:53:20.414603+00:00
4420260817010005,2026-08-17,大垣競輪,F1,A1/A2,5,Ａ級初日特選,12:37,12:32,7,https://keirin.kdreams.jp/ogaki/racedetail/4420260817010005/?pageType=odds,2026-10-06T10:53:22.270211+00:00
2820260817010007,2026-08-17,立川競輪,F2,A1/A2,7,Ａ級特予選,13:52,13:47,7,https://keirin.kdreams.jp/tachikawa/racedetail/2820260817010007/?pageType=odds,2026-10-06T10:53:43.383411+00:00
2820260817010008,2026-08-17,立川競輪,F2,A1/A2,8,Ａ級特予選,14:22,14:17,7,https://keirin.kdreams.jp/tachikawa/racedetail/2820260817010008/?pageType=odds,2026-10-06T10:53:44.617168+00:00
2820260817010009,2026-08-17,立川競輪,F2,A1/A2,9,Ａ級特予選,14:52,14:47,7,https://keirin.kdreams.jp/tachikawa/racedetail/2820260817010009/?pageType=odds,2026-10-06T10:53:46.004170+00:00
2820260817010010,2026-08-17,立川競輪,F2,A1/A2,10,Ａ級特予選,15:22,15:17,7,https://keirin.kdreams.jp/tachikawa/racedetail/2820260817010010/?pageType=odds,2026-10-06T10:53:48.087490+00:00
2820260817010011,2026-08-17,立川競輪,F2,A1/A2,11,Ａ級初日特選,15:52,15:47,7,https://keirin.kdreams.jp/tachikawa/racedetail/2820260817010011/?pageType=odds,2026-10-06T10:53:50.001434+00:00
3820260815030002,2026-08-17,静岡競輪,F2,A1/A2,2,Ａ級一般,21:10,21:05,7,https://keirin.kdreams.jp/shizuoka/racedetail/3820260815030002/?pageType=odds,2026-10-06T10:52:30.187792+00:00
3820260815030003,2026-08-17,静岡競輪,F2,A1/A2,3,Ａ級一般,21:30,21:25,7,https://keirin.kdreams.jp/shizuoka/racedetail/3820260815030003/?pageType=odds,2026-10-06T10:52:32.605289+00:00
3820260815030004,2026-08-17,静岡競輪,F2,A1/A2,4,Ａ級一般,21:50,21:45,7,https://keirin.kdreams.jp/shizuoka/racedetail/3820260815030004/?pageType=odds,2026-10-06T10:52:34.472057+00:00
3820260815030005,2026-08-17,静岡競輪,F2,A1/A2,5,Ａ級特選,22:10,22:05,7,https://keirin.kdreams.jp/shizuoka/racedetail/3820260815030005/?pageType=odds,2026-10-06T10:52:36.479856+00:00
3820260815030006,2026-08-17,静岡競輪,F2,A1/A2,6,Ａ級特選,22:30,22:25,7,https://keirin.kdreams.jp/shizuoka/racedetail/3820260815030006/?pageType=odds,2026-10-06T10:52:38.631134+00:00
3820260815030007,2026-08-17,静岡競輪,F2,A1/A2,7,Ａ級特選,22:50,22:45,7,https://keirin.kdreams.jp/shizuoka/racedetail/3820260815030007/?pageType=odds,2026-10-06T10:52:41.086754+00:00
3820260815030009,2026-08-17,静岡競輪,F2,A1/A2,9,Ａ級決勝,23:30,23:25,7,https://keirin.kdreams.jp/shizuoka/racedetail/3820260815030009/?pageType=odds,2026-10-06T10:52:43.041403+00:00
3720260816030005,2026-08-18,伊東競輪,F2,A1/A2,5,Ａ級特一般,17:41,17:36,6,https://keirin.kdreams.jp/ito/racedetail/3720260816030005/?pageType=odds,2026-10-06T10:53:04.535091+00:00
3720260816030006,2026-08-18,伊東競輪,F2,A1/A2,6,Ａ級特一般,18:05,18:00,6,https://keirin.kdreams.jp/ito/racedetail/3720260816030006/?pageType=odds,2026-10-06T10:53:06.943440+00:00
3720260816030007,2026-08-18,伊東競輪,F2,A1/A2,7,Ａ級特選,18:29,18:24,7,https://keirin.kdreams.jp/ito/racedetail/3720260816030007/?pageType=odds,2026-10-06T10:53:08.998853+00:00
3720260816030008,2026-08-18,伊東競輪,F2,A1/A2,8,Ａ級特選,18:55,18:50,7,https://keirin.kdreams.jp/ito/racedetail/3720260816030008/?pageType=odds,2026-10-06T10:53:10.894208+00:00
3720260816030011,2026-08-18,伊東競輪,F2,A1/A2,11,Ａ級決勝,20:15,20:10,7,https://keirin.kdreams.jp/ito/racedetail/3720260816030011/?pageType=odds,2026-10-06T10:53:12.812507+00:00
8520260818010003,2026-08-18,佐世保競輪,F2,A1/A2,3,Ａ級予選,21:30,21:25,7,https://keirin.kdreams.jp/sasebo/racedetail/8520260818010003/?pageType=odds,2026-10-06T10:55:10.550032+00:00
8520260818010004,2026-08-18,佐世保競輪,F2,A1/A2,4,Ａ級予選,21:50,21:45,7,https://keirin.kdreams.jp/sasebo/racedetail/8520260818010004/?pageType=odds,2026-10-06T10:55:12.477328+00:00
8520260818010005,2026-08-18,佐世保競輪,F2,A1/A2,5,Ａ級予選,22:10,22:05,7,https://keirin.kdreams.jp/sasebo/racedetail/8520260818010005/?pageType=odds,2026-10-06T10:55:14.379856+00:00
8520260818010006,2026-08-18,佐世保競輪,F2,A1/A2,6,Ａ級予選,22:30,22:25,7,https://keirin.kdreams.jp/sasebo/racedetail/8520260818010006/?pageType=odds,2026-10-06T10:55:16.263456+00:00
8520260818010007,2026-08-18,佐世保競輪,F2,A1/A2,7,Ａ級予選,22:50,22:45,7,https://keirin.kdreams.jp/sasebo/racedetail/8520260818010007/?pageType=odds,2026-10-06T10:55:18.181070+00:00
8520260818010008,2026-08-18,佐世保競輪,F2,A1/A2,8,Ａ級予選,23:10,23:05,7,https://keirin.kdreams.jp/sasebo/racedetail/8520260818010008/?pageType=odds,2026-10-06T10:55:19.960380+00:00
8520260818010009,2026-08-18,佐世保競輪,F2,A1/A2,9,Ａ級初日特選,23:30,23:25,7,https://keirin.kdreams.jp/sasebo/racedetail/8520260818010009/?pageType=odds,2026-10-06T10:55:22.182216+00:00
4820260817020001,2026-08-18,四日市競輪,F1,A1/A2,1,Ａ級一般,15:53,15:48,7,https://keirin.kdreams.jp/yokkaichi/racedetail/4820260817020001/?pageType=odds,2026-10-06T10:54:20.967459+00:00
4820260817020002,2026-08-18,四日市競輪,F1,A1/A2,2,Ａ級一般,16:17,16:12,7,https://keirin.kdreams.jp/yokkaichi/racedetail/4820260817020002/?pageType=odds,2026-10-06T10:54:22.846037+00:00
4820260817020003,2026-08-18,四日市競輪,F1,A1/A2,3,Ａ級準決勝,16:41,16:36,7,https://keirin.kdreams.jp/yokkaichi/racedetail/4820260817020003/?pageType=odds,2026-10-06T10:54:24.907388+00:00
4820260817020004,2026-08-18,四日市競輪,F1,A1/A2,4,Ａ級準決勝,17:05,17:00,7,https://keirin.kdreams.jp/yokkaichi/racedetail/4820260817020004/?pageType=odds,2026-10-06T10:54:27.018965+00:00
4820260817020005,2026-08-18,四日市競輪,F1,A1/A2,5,Ａ級準決勝,17:29,17:24,7,https://keirin.kdreams.jp/yokkaichi/racedetail/4820260817020005/?pageType=odds,2026-10-06T10:54:28.875044+00:00
4420260817020001,2026-08-18,大垣競輪,F1,A1/A2,1,Ａ級一般,10:53,10:48,7,https://keirin.kdreams.jp/ogaki/racedetail/4420260817020001/?pageType=odds,2026-10-06T10:53:24.224076+00:00
4420260817020002,2026-08-18,大垣競輪,F1,A1/A2,2,Ａ級一般,11:17,11:12,7,https://keirin.kdreams.jp/ogaki/racedetail/4420260817020002/?pageType=odds,2026-10-06T10:53:26.158061+00:00
4420260817020003,2026-08-18,大垣競輪,F1,A1/A2,3,Ａ級準決勝,11:43,11:38,7,https://keirin.kdreams.jp/ogaki/racedetail/4420260817020003/?pageType=odds,2026-10-06T10:53:28.098431+00:00
4420260817020004,2026-08-18,大垣競輪,F1,A1/A2,4,Ａ級準決勝,12:10,12:05,7,https://keirin.kdreams.jp/ogaki/racedetail/4420260817020004/?pageType=odds,2026-10-06T10:53:30.018078+00:00
4420260817020005,2026-08-18,大垣競輪,F1,A1/A2,5,Ａ級準決勝,12:37,12:32,7,https://keirin.kdreams.jp/ogaki/racedetail/4420260817020005/?pageType=odds,2026-10-06T10:53:31.931131+00:00
2120260818010003,2026-08-18,弥彦競輪,F2,A1/A2,3,Ａ級予選,21:20,21:15,7,https://keirin.kdreams.jp/yahiko/racedetail/2120260818010003/?pageType=odds,2026-10-06T10:55:52.321374+00:00
2120260818010004,2026-08-18,弥彦競輪,F2,A1/A2,4,Ａ級予選,21:40,21:35,7,https://keirin.kdreams.jp/yahiko/racedetail/2120260818010004/?pageType=odds,2026-10-06T10:55:54.302074+00:00
2120260818010005,2026-08-18,弥彦競輪,F2,A1/A2,5,Ａ級予選,22:00,21:55,7,https://keirin.kdreams.jp/yahiko/racedetail/2120260818010005/?pageType=odds,2026-10-06T10:55:56.653845+00:00
2120260818010006,2026-08-18,弥彦競輪,F2,A1/A2,6,Ａ級予選,22:20,22:15,7,https://keirin.kdreams.jp/yahiko/racedetail/2120260818010006/?pageType=odds,2026-10-06T10:55:58.665709+00:00
2120260818010007,2026-08-18,弥彦競輪,F2,A1/A2,7,Ａ級予選,22:40,22:35,7,https://keirin.kdreams.jp/yahiko/racedetail/2120260818010007/?pageType=odds,2026-10-06T10:56:00.647612+00:00
2120260818010008,2026-08-18,弥彦競輪,F2,A1/A2,8,Ａ級予選,23:00,22:55,7,https://keirin.kdreams.jp/yahiko/racedetail/2120260818010008/?pageType=odds,2026-10-06T10:56:02.681750+00:00
2120260818010009,2026-08-18,弥彦競輪,F2,A1/A2,9,Ａ級初日特選,23:20,23:15,7,https://keirin.kdreams.jp/yahiko/racedetail/2120260818010009/?pageType=odds,2026-10-06T10:56:04.536847+00:00
2820260817020007,2026-08-18,立川競輪,F2,A1/A2,7,Ａ級特一般,13:46,13:41,6,https://keirin.kdreams.jp/tachikawa/racedetail/2820260817020007/?pageType=odds,2026-10-06T10:53:51.988008+00:00
2820260817020008,2026-08-18,立川競輪,F2,A1/A2,8,Ａ級特一般,14:16,14:11,7,https://keirin.kdreams.jp/tachikawa/racedetail/2820260817020008/?pageType=odds,2026-10-06T10:53:53.933021+00:00
2820260817020009,2026-08-18,立川競輪,F2,A1/A2,9,Ａ級準決勝,14:46,14:41,7,https://keirin.kdreams.jp/tachikawa/racedetail/2820260817020009/?pageType=odds,2026-10-06T10:53:55.792555+00:00
2820260817020010,2026-08-18,立川競輪,F2,A1/A2,10,Ａ級準決勝,15:16,15:11,7,https://keirin.kdreams.jp/tachikawa/racedetail/2820260817020010/?pageType=odds,2026-10-06T10:53:57.716822+00:00
2820260817020011,2026-08-18,立川競輪,F2,A1/A2,11,Ａ級準決勝,15:46,15:41,7,https://keirin.kdreams.jp/tachikawa/racedetail/2820260817020011/?pageType=odds,2026-10-06T10:53:59.628955+00:00
7420260818010001,2026-08-18,高知競輪,F1,A1/A2,1,Ａ級予選,10:45,10:40,7,https://keirin.kdreams.jp/kochi/racedetail/7420260818010001/?pageType=odds,2026-10-06T10:54:41.421970+00:00
7420260818010002,2026-08-18,高知競輪,F1,A1/A2,2,Ａ級予選,11:09,11:04,7,https://keirin.kdreams.jp/kochi/racedetail/7420260818010002/?pageType=odds,2026-10-06T10:54:43.207938+00:00
7420260818010003,2026-08-18,高知競輪,F1,A1/A2,3,Ａ級予選,11:34,11:29,7,https://keirin.kdreams.jp/kochi/racedetail/7420260818010003/?pageType=odds,2026-10-06T10:54:45.041523+00:00
7420260818010004,2026-08-18,高知競輪,F1,A1/A2,4,Ａ級予選,12:01,11:56,7,https://keirin.kdreams.jp/kochi/racedetail/7420260818010004/?pageType=odds,2026-10-06T10:54:46.921533+00:00
7420260818010005,2026-08-18,高知競輪,F1,A1/A2,5,Ａ級初日特選,12:28,12:23,7,https://keirin.kdreams.jp/kochi/racedetail/7420260818010005/?pageType=odds,2026-10-06T10:54:48.851233+00:00
8520260818020003,2026-08-19,佐世保競輪,F2,A1/A2,3,Ａ級一般,21:30,21:25,7,https://keirin.kdreams.jp/sasebo/racedetail/8520260818020003/?pageType=odds,2026-10-06T10:55:24.117162+00:00
8520260818020004,2026-08-19,佐世保競輪,F2,A1/A2,4,Ａ級一般,21:50,21:45,7,https://keirin.kdreams.jp/sasebo/racedetail/8520260818020004/?pageType=odds,2026-10-06T10:55:25.977322+00:00
8520260818020005,2026-08-19,佐世保競輪,F2,A1/A2,5,Ａ級選抜,22:10,22:05,7,https://keirin.kdreams.jp/sasebo/racedetail/8520260818020005/?pageType=odds,2026-10-06T10:55:27.793269+00:00
8520260818020006,2026-08-19,佐世保競輪,F2,A1/A2,6,Ａ級選抜,22:30,22:25,7,https://keirin.kdreams.jp/sasebo/racedetail/8520260818020006/?pageType=odds,2026-10-06T10:55:29.687125+00:00
8520260818020007,2026-08-19,佐世保競輪,F2,A1/A2,7,Ａ級準決勝,22:50,22:45,7,https://keirin.kdreams.jp/sasebo/racedetail/8520260818020007/?pageType=odds,2026-10-06T10:55:31.589201+00:00
8520260818020008,2026-08-19,佐世保競輪,F2,A1/A2,8,Ａ級準決勝,23:10,23:05,7,https://keirin.kdreams.jp/sasebo/racedetail/8520260818020008/?pageType=odds,2026-10-06T10:55:33.634970+00:00
8520260818020009,2026-08-19,佐世保競輪,F2,A1/A2,9,Ａ級準決勝,23:30,23:25,7,https://keirin.kdreams.jp/sasebo/racedetail/8520260818020009/?pageType=odds,2026-10-06T10:55:35.603142+00:00
4820260817030001,2026-08-19,四日市競輪,F1,A1/A2,1,Ａ級一般,16:04,15:59,7,https://keirin.kdreams.jp/yokkaichi/racedetail/4820260817030001/?pageType=odds,2026-10-06T10:54:30.932274+00:00
4820260817030002,2026-08-19,四日市競輪,F1,A1/A2,2,Ａ級一般,16:26,16:21,7,https://keirin.kdreams.jp/yokkaichi/racedetail/4820260817030002/?pageType=odds,2026-10-06T10:54:32.987174+00:00
4820260817030003,2026-08-19,四日市競輪,F1,A1/A2,3,Ａ級特選,16:48,16:43,7,https://keirin.kdreams.jp/yokkaichi/racedetail/4820260817030003/?pageType=odds,2026-10-06T10:54:35.049282+00:00
4820260817030004,2026-08-19,四日市競輪,F1,A1/A2,4,Ａ級特選,17:12,17:07,7,https://keirin.kdreams.jp/yokkaichi/racedetail/4820260817030004/?pageType=odds,2026-10-06T10:54:37.006692+00:00
4820260817030011,2026-08-19,四日市競輪,F1,A1/A2,11,Ａ級決勝,20:04,19:59,7,https://keirin.kdreams.jp/yokkaichi/racedetail/4820260817030011/?pageType=odds,2026-10-06T10:54:38.891543+00:00
4420260817030001,2026-08-19,大垣競輪,F1,A1/A2,1,Ａ級一般,10:53,10:48,7,https://keirin.kdreams.jp/ogaki/racedetail/4420260817030001/?pageType=odds,2026-10-06T10:53:33.977037+00:00
4420260817030002,2026-08-19,大垣競輪,F1,A1/A2,2,Ａ級一般,11:17,11:12,7,https://keirin.kdreams.jp/ogaki/racedetail/4420260817030002/?pageType=odds,2026-10-06T10:53:35.859086+00:00
4420260817030003,2026-08-19,大垣競輪,F1,A1/A2,3,Ａ級特選,11:43,11:38,7,https://keirin.kdreams.jp/ogaki/racedetail/4420260817030003/?pageType=odds,2026-10-06T10:53:37.747709+00:00
4420260817030004,2026-08-19,大垣競輪,F1,A1/A2,4,Ａ級特選,12:10,12:05,7,https://keirin.kdreams.jp/ogaki/racedetail/4420260817030004/?pageType=odds,2026-10-06T10:53:39.552297+00:00
4420260817030011,2026-08-19,大垣競輪,F1,A1/A2,11,Ａ級決勝,15:36,15:31,7,https://keirin.kdreams.jp/ogaki/racedetail/4420260817030011/?pageType=odds,2026-10-06T10:53:41.505460+00:00
3420260819010001,2026-08-19,川崎競輪,F1,A1/A2,1,Ａ級予選,15:50,15:45,7,https://keirin.kdreams.jp/kawasaki/racedetail/3420260819010001/?pageType=odds,2026-10-06T10:56:34.754832+00:00
3420260819010002,2026-08-19,川崎競輪,F1,A1/A2,2,Ａ級予選,16:12,16:07,7,https://keirin.kdreams.jp/kawasaki/racedetail/3420260819010002/?pageType=odds,2026-10-06T10:56:36.908127+00:00
3420260819010003,2026-08-19,川崎競輪,F1,A1/A2,3,Ａ級予選,16:36,16:31,7,https://keirin.kdreams.jp/kawasaki/racedetail/3420260819010003/?pageType=odds,2026-10-06T10:56:39.014812+00:00
3420260819010004,2026-08-19,川崎競輪,F1,A1/A2,4,Ａ級予選,17:00,16:55,7,https://keirin.kdreams.jp/kawasaki/racedetail/3420260819010004/?pageType=odds,2026-10-06T10:56:41.143626+00:00
3420260819010005,2026-08-19,川崎競輪,F1,A1/A2,5,Ａ級初日特選,17:24,17:19,7,https://keirin.kdreams.jp/kawasaki/racedetail/3420260819010005/?pageType=odds,2026-10-06T10:56:43.026938+00:00
2120260818020003,2026-08-19,弥彦競輪,F2,A1/A2,3,Ａ級一般,21:20,21:15,7,https://keirin.kdreams.jp/yahiko/racedetail/2120260818020003/?pageType=odds,2026-10-06T10:56:06.994014+00:00
2120260818020004,2026-08-19,弥彦競輪,F2,A1/A2,4,Ａ級一般,21:40,21:35,7,https://keirin.kdreams.jp/yahiko/racedetail/2120260818020004/?pageType=odds,2026-10-06T10:56:08.879188+00:00
2120260818020005,2026-08-19,弥彦競輪,F2,A1/A2,5,Ａ級選抜,22:00,21:55,7,https://keirin.kdreams.jp/yahiko/racedetail/2120260818020005/?pageType=odds,2026-10-06T10:56:10.825348+00:00
2120260818020006,2026-08-19,弥彦競輪,F2,A1/A2,6,Ａ級選抜,22:20,22:15,7,https://keirin.kdreams.jp/yahiko/racedetail/2120260818020006/?pageType=odds,2026-10-06T10:56:12.746146+00:00
2120260818020007,2026-08-19,弥彦競輪,F2,A1/A2,7,Ａ級準決勝,22:40,22:35,7,https://keirin.kdreams.jp/yahiko/racedetail/2120260818020007/?pageType=odds,2026-10-06T10:56:14.559836+00:00
2120260818020008,2026-08-19,弥彦競輪,F2,A1/A2,8,Ａ級準決勝,23:00,22:55,7,https://keirin.kdreams.jp/yahiko/racedetail/2120260818020008/?pageType=odds,2026-10-06T10:56:16.419216+00:00
2120260818020009,2026-08-19,弥彦競輪,F2,A1/A2,9,Ａ級準決勝,23:20,23:15,7,https://keirin.kdreams.jp/yahiko/racedetail/2120260818020009/?pageType=odds,2026-10-06T10:56:18.363278+00:00
2820260817030005,2026-08-19,立川競輪,F2,A1/A2,5,Ａ級特一般,12:46,12:41,6,https://keirin.kdreams.jp/tachikawa/racedetail/2820260817030005/?pageType=odds,2026-10-06T10:54:01.564206+00:00
2820260817030006,2026-08-19,立川競輪,F2,A1/A2,6,Ａ級特一般,13:13,13:08,6,https://keirin.kdreams.jp/tachikawa/racedetail/2820260817030006/?pageType=odds,2026-10-06T10:54:03.496891+00:00
2820260817030009,2026-08-19,立川競輪,F2,A1/A2,9,Ａ級特選,14:43,14:38,7,https://keirin.kdreams.jp/tachikawa/racedetail/2820260817030009/?pageType=odds,2026-10-06T10:54:05.503618+00:00
2820260817030010,2026-08-19,立川競輪,F2,A1/A2,10,Ａ級特選,15:13,15:08,7,https://keirin.kdreams.jp/tachikawa/racedetail/2820260817030010/?pageType=odds,2026-10-06T10:54:07.556444+00:00
2820260817030011,2026-08-19,立川競輪,F2,A1/A2,11,Ａ級決勝,15:43,15:38,7,https://keirin.kdreams.jp/tachikawa/racedetail/2820260817030011/?pageType=odds,2026-10-06T10:54:09.620385+00:00
7420260818020001,2026-08-19,高知競輪,F1,A1/A2,1,Ａ級一般,10:45,10:40,7,https://keirin.kdreams.jp/kochi/racedetail/7420260818020001/?pageType=odds,2026-10-06T10:54:50.891072+00:00
7420260818020002,2026-08-19,高知競輪,F1,A1/A2,2,Ａ級一般,11:09,11:04,7,https://keirin.kdreams.jp/kochi/racedetail/7420260818020002/?pageType=odds,2026-10-06T10:54:52.798435+00:00
7420260818020003,2026-08-19,高知競輪,F1,A1/A2,3,Ａ級準決勝,11:34,11:29,7,https://keirin.kdreams.jp/kochi/racedetail/7420260818020003/?pageType=odds,2026-10-06T10:54:54.721391+00:00
7420260818020004,2026-08-19,高知競輪,F1,A1/A2,4,Ａ級準決勝,12:01,11:56,7,https://keirin.kdreams.jp/kochi/racedetail/7420260818020004/?pageType=odds,2026-10-06T10:54:56.656454+00:00
7420260818020005,2026-08-19,高知競輪,F1,A1/A2,5,Ａ級準決勝,12:28,12:23,7,https://keirin.kdreams.jp/kochi/racedetail/7420260818020005/?pageType=odds,2026-10-06T10:54:58.892021+00:00
8520260818030002,2026-08-20,佐世保競輪,F2,A1/A2,2,Ａ級一般,21:10,21:05,7,https://keirin.kdreams.jp/sasebo/racedetail/8520260818030002/?pageType=odds,2026-10-06T10:55:37.591920+00:00
8520260818030003,2026-08-20,佐世保競輪,F2,A1/A2,3,Ａ級一般,21:30,21:25,7,https://keirin.kdreams.jp/sasebo/racedetail/8520260818030003/?pageType=odds,2026-10-06T10:55:39.673835+00:00
8520260818030004,2026-08-20,佐世保競輪,F2,A1/A2,4,Ａ級一般,21:50,21:45,7,https://keirin.kdreams.jp/sasebo/racedetail/8520260818030004/?pageType=odds,2026-10-06T10:55:41.649313+00:00
8520260818030005,2026-08-20,佐世保競輪,F2,A1/A2,5,Ａ級特選,22:10,22:05,7,https://keirin.kdreams.jp/sasebo/racedetail/8520260818030005/?pageType=odds,2026-10-06T10:55:43.565112+00:00
8520260818030006,2026-08-20,佐世保競輪,F2,A1/A2,6,Ａ級特選,22:30,22:25,7,https://keirin.kdreams.jp/sasebo/racedetail/8520260818030006/?pageType=odds,2026-10-06T10:55:45.730021+00:00
8520260818030007,2026-08-20,佐世保競輪,F2,A1/A2,7,Ａ級特選,22:50,22:45,7,https://keirin.kdreams.jp/sasebo/racedetail/8520260818030007/?pageType=odds,2026-10-06T10:55:48.156856+00:00
8520260818030009,2026-08-20,佐世保競輪,F2,A1/A2,9,Ａ級決勝,23:30,23:25,7,https://keirin.kdreams.jp/sasebo/racedetail/8520260818030009/?pageType=odds,2026-10-06T10:55:50.188350+00:00
5320260820010007,2026-08-20,奈良競輪,F2,A1/A2,7,Ａ級特予選,13:46,13:41,7,https://keirin.kdreams.jp/nara/racedetail/5320260820010007/?pageType=odds,2026-10-06T10:57:04.360453+00:00
5320260820010008,2026-08-20,奈良競輪,F2,A1/A2,8,Ａ級特予選,14:16,14:11,7,https://keirin.kdreams.jp/nara/racedetail/5320260820010008/?pageType=odds,2026-10-06T10:57:05.505303+00:00
5320260820010009,2026-08-20,奈良競輪,F2,A1/A2,9,Ａ級特予選,14:46,14:41,7,https://keirin.kdreams.jp/nara/racedetail/5320260820010009/?pageType=odds,2026-10-06T10:57:06.669589+00:00
5320260820010010,2026-08-20,奈良競輪,F2,A1/A2,10,Ａ級特予選,15:16,15:11,7,https://keirin.kdreams.jp/nara/racedetail/5320260820010010/?pageType=odds,2026-10-06T10:57:07.812339+00:00
5320260820010011,2026-08-20,奈良競輪,F2,A1/A2,11,Ａ級初日特選,15:46,15:41,7,https://keirin.kdreams.jp/nara/racedetail/5320260820010011/?pageType=odds,2026-10-06T10:57:09.382182+00:00
4620260820010001,2026-08-20,富山競輪,F1,A1/A2,1,Ａ級予選,10:45,10:40,7,https://keirin.kdreams.jp/toyama/racedetail/4620260820010001/?pageType=odds,2026-10-06T10:58:00.018533+00:00
4620260820010002,2026-08-20,富山競輪,F1,A1/A2,2,Ａ級予選,11:09,11:04,7,https://keirin.kdreams.jp/toyama/racedetail/4620260820010002/?pageType=odds,2026-10-06T10:58:01.921851+00:00
4620260820010003,2026-08-20,富山競輪,F1,A1/A2,3,Ａ級予選,11:34,11:29,7,https://keirin.kdreams.jp/toyama/racedetail/4620260820010003/?pageType=odds,2026-10-06T10:58:03.782776+00:00
4620260820010004,2026-08-20,富山競輪,F1,A1/A2,4,Ａ級予選,12:01,11:56,7,https://keirin.kdreams.jp/toyama/racedetail/4620260820010004/?pageType=odds,2026-10-06T10:58:05.464214+00:00
4620260820010005,2026-08-20,富山競輪,F1,A1/A2,5,Ａ級初日特選,12:28,12:23,7,https://keirin.kdreams.jp/toyama/racedetail/4620260820010005/?pageType=odds,2026-10-06T10:58:07.627043+00:00
3420260819020001,2026-08-20,川崎競輪,F1,A1/A2,1,Ａ級一般,15:53,15:48,7,https://keirin.kdreams.jp/kawasaki/racedetail/3420260819020001/?pageType=odds,2026-10-06T10:56:45.034716+00:00
3420260819020002,2026-08-20,川崎競輪,F1,A1/A2,2,Ａ級一般,16:17,16:12,7,https://keirin.kdreams.jp/kawasaki/racedetail/3420260819020002/?pageType=odds,2026-10-06T10:56:46.899814+00:00
3420260819020003,2026-08-20,川崎競輪,F1,A1/A2,3,Ａ級準決勝,16:41,16:36,7,https://keirin.kdreams.jp/kawasaki/racedetail/3420260819020003/?pageType=odds,2026-10-06T10:56:48.986382+00:00
3420260819020004,2026-08-20,川崎競輪,F1,A1/A2,4,Ａ級準決勝,17:05,17:00,7,https://keirin.kdreams.jp/kawasaki/racedetail/3420260819020004/?pageType=odds,2026-10-06T10:56:50.850367+00:00
3420260819020005,2026-08-20,川崎競輪,F1,A1/A2,5,Ａ級準決勝,17:29,17:24,7,https://keirin.kdreams.jp/kawasaki/racedetail/3420260819020005/?pageType=odds,2026-10-06T10:56:52.850028+00:00
2120260818030002,2026-08-20,弥彦競輪,F2,A1/A2,2,Ａ級一般,21:00,20:55,7,https://keirin.kdreams.jp/yahiko/racedetail/2120260818030002/?pageType=odds,2026-10-06T10:56:20.380030+00:00
2120260818030003,2026-08-20,弥彦競輪,F2,A1/A2,3,Ａ級一般,21:20,21:15,7,https://keirin.kdreams.jp/yahiko/racedetail/2120260818030003/?pageType=odds,2026-10-06T10:56:22.261030+00:00
2120260818030004,2026-08-20,弥彦競輪,F2,A1/A2,4,Ａ級一般,21:40,21:35,7,https://keirin.kdreams.jp/yahiko/racedetail/2120260818030004/?pageType=odds,2026-10-06T10:56:24.581462+00:00
2120260818030005,2026-08-20,弥彦競輪,F2,A1/A2,5,Ａ級特選,22:00,21:55,7,https://keirin.kdreams.jp/yahiko/racedetail/2120260818030005/?pageType=odds,2026-10-06T10:56:26.416065+00:00
2120260818030006,2026-08-20,弥彦競輪,F2,A1/A2,6,Ａ級特選,22:20,22:15,7,https://keirin.kdreams.jp/yahiko/racedetail/2120260818030006/?pageType=odds,2026-10-06T10:56:28.271375+00:00
2120260818030007,2026-08-20,弥彦競輪,F2,A1/A2,7,Ａ級特選,22:40,22:35,7,https://keirin.kdreams.jp/yahiko/racedetail/2120260818030007/?pageType=odds,2026-10-06T10:56:30.352164+00:00
2120260818030009,2026-08-20,弥彦競輪,F2,A1/A2,9,Ａ級決勝,23:20,23:15,7,https://keirin.kdreams.jp/yahiko/racedetail/2120260818030009/?pageType=odds,2026-10-06T10:56:32.568519+00:00
6120260820010007,2026-08-20,玉野競輪,F2,A1/A2,7,Ａ級特予選,18:29,18:24,7,https://keirin.kdreams.jp/tamano/racedetail/6120260820010007/?pageType=odds,2026-10-06T10:57:31.129907+00:00
6120260820010008,2026-08-20,玉野競輪,F2,A1/A2,8,Ａ級特予選,18:55,18:50,7,https://keirin.kdreams.jp/tamano/racedetail/6120260820010008/?pageType=odds,2026-10-06T10:57:32.946788+00:00
6120260820010009,2026-08-20,玉野競輪,F2,A1/A2,9,Ａ級特予選,19:21,19:16,7,https://keirin.kdreams.jp/tamano/racedetail/6120260820010009/?pageType=odds,2026-10-06T10:57:34.750347+00:00
6120260820010010,2026-08-20,玉野競輪,F2,A1/A2,10,Ａ級特予選,19:47,19:42,7,https://keirin.kdreams.jp/tamano/racedetail/6120260820010010/?pageType=odds,2026-10-06T10:57:36.608152+00:00
6120260820010011,2026-08-20,玉野競輪,F2,A1/A2,11,Ａ級初日特選,20:15,20:10,7,https://keirin.kdreams.jp/tamano/racedetail/6120260820010011/?pageType=odds,2026-10-06T10:57:38.300988+00:00
7420260818030001,2026-08-20,高知競輪,F1,A1/A2,1,Ａ級一般,10:53,10:48,7,https://keirin.kdreams.jp/kochi/racedetail/7420260818030001/?pageType=odds,2026-10-06T10:55:00.835806+00:00
7420260818030002,2026-08-20,高知競輪,F1,A1/A2,2,Ａ級一般,11:17,11:12,7,https://keirin.kdreams.jp/kochi/racedetail/7420260818030002/?pageType=odds,2026-10-06T10:55:02.667214+00:00
7420260818030003,2026-08-20,高知競輪,F1,A1/A2,3,Ａ級特選,11:43,11:38,7,https://keirin.kdreams.jp/kochi/racedetail/7420260818030003/?pageType=odds,2026-10-06T10:55:04.608552+00:00
7420260818030004,2026-08-20,高知競輪,F1,A1/A2,4,Ａ級特選,12:10,12:05,7,https://keirin.kdreams.jp/kochi/racedetail/7420260818030004/?pageType=odds,2026-10-06T10:55:06.550919+00:00
7420260818030011,2026-08-20,高知競輪,F1,A1/A2,11,Ａ級決勝,15:39,15:34,7,https://keirin.kdreams.jp/kochi/racedetail/7420260818030011/?pageType=odds,2026-10-06T10:55:08.444983+00:00
4420260821010003,2026-08-21,大垣競輪,F2,A1/A2,3,Ａ級予選,21:30,21:25,7,https://keirin.kdreams.jp/ogaki/racedetail/4420260821010003/?pageType=odds,2026-10-06T10:58:57.988315+00:00
4420260821010004,2026-08-21,大垣競輪,F2,A1/A2,4,Ａ級予選,21:50,21:45,7,https://keirin.kdreams.jp/ogaki/racedetail/4420260821010004/?pageType=odds,2026-10-06T10:59:00.004203+00:00
4420260821010005,2026-08-21,大垣競輪,F2,A1/A2,5,Ａ級予選,22:10,22:05,7,https://keirin.kdreams.jp/ogaki/racedetail/4420260821010005/?pageType=odds,2026-10-06T10:59:01.916306+00:00
4420260821010006,2026-08-21,大垣競輪,F2,A1/A2,6,Ａ級予選,22:30,22:25,7,https://keirin.kdreams.jp/ogaki/racedetail/4420260821010006/?pageType=odds,2026-10-06T10:59:03.870485+00:00
4420260821010007,2026-08-21,大垣競輪,F2,A1/A2,7,Ａ級予選,22:50,22:45,7,https://keirin.kdreams.jp/ogaki/racedetail/4420260821010007/?pageType=odds,2026-10-06T10:59:05.852301+00:00
4420260821010008,2026-08-21,大垣競輪,F2,A1/A2,8,Ａ級予選,23:10,23:05,7,https://keirin.kdreams.jp/ogaki/racedetail/4420260821010008/?pageType=odds,2026-10-06T10:59:07.895137+00:00
4420260821010009,2026-08-21,大垣競輪,F2,A1/A2,9,Ａ級初日特選,23:30,23:25,7,https://keirin.kdreams.jp/ogaki/racedetail/4420260821010009/?pageType=odds,2026-10-06T10:59:09.704201+00:00
5320260820020007,2026-08-21,奈良競輪,F2,A1/A2,7,Ａ級特一般,13:46,13:41,7,https://keirin.kdreams.jp/nara/racedetail/5320260820020007/?pageType=odds,2026-10-06T10:57:11.283021+00:00
5320260820020008,2026-08-21,奈良競輪,F2,A1/A2,8,Ａ級特一般,14:16,14:11,7,https://keirin.kdreams.jp/nara/racedetail/5320260820020008/?pageType=odds,2026-10-06T10:57:13.297889+00:00
5320260820020009,2026-08-21,奈良競輪,F2,A1/A2,9,Ａ級準決勝,14:46,14:41,7,https://keirin.kdreams.jp/nara/racedetail/5320260820020009/?pageType=odds,2026-10-06T10:57:15.359035+00:00
5320260820020010,2026-08-21,奈良競輪,F2,A1/A2,10,Ａ級準決勝,15:16,15:11,7,https://keirin.kdreams.jp/nara/racedetail/5320260820020010/?pageType=odds,2026-10-06T10:57:17.744208+00:00
5320260820020011,2026-08-21,奈良競輪,F2,A1/A2,11,Ａ級準決勝,15:46,15:41,7,https://keirin.kdreams.jp/nara/racedetail/5320260820020011/?pageType=odds,2026-10-06T10:57:19.849561+00:00
4620260820020001,2026-08-21,富山競輪,F1,A1/A2,1,Ａ級一般,10:53,10:48,7,https://keirin.kdreams.jp/toyama/racedetail/4620260820020001/?pageType=odds,2026-10-06T10:58:09.447896+00:00
4620260820020002,2026-08-21,富山競輪,F1,A1/A2,2,Ａ級一般,11:17,11:12,7,https://keirin.kdreams.jp/toyama/racedetail/4620260820020002/?pageType=odds,2026-10-06T10:58:11.325689+00:00
4620260820020003,2026-08-21,富山競輪,F1,A1/A2,3,Ａ級準決勝,11:43,11:38,7,https://keirin.kdreams.jp/toyama/racedetail/4620260820020003/?pageType=odds,2026-10-06T10:58:13.102252+00:00
4620260820020004,2026-08-21,富山競輪,F1,A1/A2,4,Ａ級準決勝,12:10,12:05,7,https://keirin.kdreams.jp/toyama/racedetail/4620260820020004/?pageType=odds,2026-10-06T10:58:15.125476+00:00
4620260820020005,2026-08-21,富山競輪,F1,A1/A2,5,Ａ級準決勝,12:37,12:32,7,https://keirin.kdreams.jp/toyama/racedetail/4620260820020005/?pageType=odds,2026-10-06T10:58:16.970258+00:00
3420260819030001,2026-08-21,川崎競輪,F1,A1/A2,1,Ａ級一般,15:53,15:48,6,https://keirin.kdreams.jp/kawasaki/racedetail/3420260819030001/?pageType=odds,2026-10-06T10:56:54.881792+00:00
3420260819030002,2026-08-21,川崎競輪,F1,A1/A2,2,Ａ級一般,16:17,16:12,6,https://keirin.kdreams.jp/kawasaki/racedetail/3420260819030002/?pageType=odds,2026-10-06T10:56:56.870824+00:00
3420260819030003,2026-08-21,川崎競輪,F1,A1/A2,3,Ａ級特選,16:41,16:36,7,https://keirin.kdreams.jp/kawasaki/racedetail/3420260819030003/?pageType=odds,2026-10-06T10:56:58.874402+00:00
3420260819030004,2026-08-21,川崎競輪,F1,A1/A2,4,Ａ級特選,17:05,17:00,7,https://keirin.kdreams.jp/kawasaki/racedetail/3420260819030004/?pageType=odds,2026-10-06T10:57:01.178429+00:00
3420260819030011,2026-08-21,川崎競輪,F1,A1/A2,11,Ａ級決勝,20:01,19:56,7,https://keirin.kdreams.jp/kawasaki/racedetail/3420260819030011/?pageType=odds,2026-10-06T10:57:03.223629+00:00
7520260821010005,2026-08-21,松山競輪,F2,A1/A2,5,Ａ級特予選,22:00,21:55,7,https://keirin.kdreams.jp/matsuyama/racedetail/7520260821010005/?pageType=odds,2026-10-06T10:58:28.265257+00:00
7520260821010006,2026-08-21,松山競輪,F2,A1/A2,6,Ａ級特予選,22:20,22:15,7,https://keirin.kdreams.jp/matsuyama/racedetail/7520260821010006/?pageType=odds,2026-10-06T10:58:30.045040+00:00
7520260821010007,2026-08-21,松山競輪,F2,A1/A2,7,Ａ級特予選,22:40,22:35,7,https://keirin.kdreams.jp/matsuyama/racedetail/7520260821010007/?pageType=odds,2026-10-06T10:58:32.129408+00:00
7520260821010008,2026-08-21,松山競輪,F2,A1/A2,8,Ａ級特予選,23:00,22:55,7,https://keirin.kdreams.jp/matsuyama/racedetail/7520260821010008/?pageType=odds,2026-10-06T10:58:33.932195+00:00
7520260821010009,2026-08-21,松山競輪,F2,A1/A2,9,Ａ級初日特選,23:20,23:15,7,https://keirin.kdreams.jp/matsuyama/racedetail/7520260821010009/?pageType=odds,2026-10-06T10:58:35.832631+00:00
8420260821010001,2026-08-21,武雄競輪,F2,A1/A2,1,Ａ級予選,08:30,08:25,7,https://keirin.kdreams.jp/takeo/racedetail/8420260821010001/?pageType=odds,2026-10-06T11:00:10.572689+00:00
8420260821010002,2026-08-21,武雄競輪,F2,A1/A2,2,Ａ級予選,08:50,08:45,7,https://keirin.kdreams.jp/takeo/racedetail/8420260821010002/?pageType=odds,2026-10-06T11:00:12.356537+00:00
8420260821010003,2026-08-21,武雄競輪,F2,A1/A2,3,Ａ級予選,09:11,09:06,7,https://keirin.kdreams.jp/takeo/racedetail/8420260821010003/?pageType=odds,2026-10-06T11:00:14.289066+00:00
8420260821010004,2026-08-21,武雄競輪,F2,A1/A2,4,Ａ級予選,09:32,09:27,7,https://keirin.kdreams.jp/takeo/racedetail/8420260821010004/?pageType=odds,2026-10-06T11:00:16.329027+00:00
8420260821010005,2026-08-21,武雄競輪,F2,A1/A2,5,Ａ級予選,09:53,09:48,7,https://keirin.kdreams.jp/takeo/racedetail/8420260821010005/?pageType=odds,2026-10-06T11:00:18.251418+00:00
8420260821010006,2026-08-21,武雄競輪,F2,A1/A2,6,Ａ級予選,10:14,10:09,7,https://keirin.kdreams.jp/takeo/racedetail/8420260821010006/?pageType=odds,2026-10-06T11:00:19.748789+00:00
8420260821010007,2026-08-21,武雄競輪,F2,A1/A2,7,Ａ級初日特選,10:35,10:30,7,https://keirin.kdreams.jp/takeo/racedetail/8420260821010007/?pageType=odds,2026-10-06T11:00:21.965520+00:00
6120260820020007,2026-08-21,玉野競輪,F2,A1/A2,7,Ａ級特一般,18:29,18:24,6,https://keirin.kdreams.jp/tamano/racedetail/6120260820020007/?pageType=odds,2026-10-06T10:57:40.214965+00:00
6120260820020008,2026-08-21,玉野競輪,F2,A1/A2,8,Ａ級特一般,18:55,18:50,6,https://keirin.kdreams.jp/tamano/racedetail/6120260820020008/?pageType=odds,2026-10-06T10:57:41.908980+00:00
6120260820020009,2026-08-21,玉野競輪,F2,A1/A2,9,Ａ級準決勝,19:21,19:16,7,https://keirin.kdreams.jp/tamano/racedetail/6120260820020009/?pageType=odds,2026-10-06T10:57:44.082897+00:00
6120260820020010,2026-08-21,玉野競輪,F2,A1/A2,10,Ａ級準決勝,19:47,19:42,7,https://keirin.kdreams.jp/tamano/racedetail/6120260820020010/?pageType=odds,2026-10-06T10:57:45.832268+00:00
6120260820020011,2026-08-21,玉野競輪,F2,A1/A2,11,Ａ級準決勝,20:15,20:10,7,https://keirin.kdreams.jp/tamano/racedetail/6120260820020011/?pageType=odds,2026-10-06T10:57:48.063076+00:00
2620260821010001,2026-08-21,西武園競輪,F1,A1/A2,1,Ａ級予選,10:45,10:40,7,https://keirin.kdreams.jp/seibuen/racedetail/2620260821010001/?pageType=odds,2026-10-06T10:59:39.853440+00:00
2620260821010002,2026-08-21,西武園競輪,F1,A1/A2,2,Ａ級予選,11:09,11:04,7,https://keirin.kdreams.jp/seibuen/racedetail/2620260821010002/?pageType=odds,2026-10-06T10:59:41.958101+00:00
2620260821010003,2026-08-21,西武園競輪,F1,A1/A2,3,Ａ級予選,11:34,11:29,7,https://keirin.kdreams.jp/seibuen/racedetail/2620260821010003/?pageType=odds,2026-10-06T10:59:43.899362+00:00
2620260821010004,2026-08-21,西武園競輪,F1,A1/A2,4,Ａ級予選,12:01,11:56,7,https://keirin.kdreams.jp/seibuen/racedetail/2620260821010004/?pageType=odds,2026-10-06T10:59:45.965892+00:00
2620260821010005,2026-08-21,西武園競輪,F1,A1/A2,5,Ａ級初日特選,12:28,12:23,7,https://keirin.kdreams.jp/seibuen/racedetail/2620260821010005/?pageType=odds,2026-10-06T10:59:48.062403+00:00
4420260821020003,2026-08-22,大垣競輪,F2,A1/A2,3,Ａ級一般,21:30,21:25,7,https://keirin.kdreams.jp/ogaki/racedetail/4420260821020003/?pageType=odds,2026-10-06T10:59:11.713270+00:00
4420260821020004,2026-08-22,大垣競輪,F2,A1/A2,4,Ａ級一般,21:50,21:45,7,https://keirin.kdreams.jp/ogaki/racedetail/4420260821020004/?pageType=odds,2026-10-06T10:59:13.856941+00:00
4420260821020005,2026-08-22,大垣競輪,F2,A1/A2,5,Ａ級選抜,22:10,22:05,7,https://keirin.kdreams.jp/ogaki/racedetail/4420260821020005/?pageType=odds,2026-10-06T10:59:15.842750+00:00
4420260821020006,2026-08-22,大垣競輪,F2,A1/A2,6,Ａ級選抜,22:30,22:25,7,https://keirin.kdreams.jp/ogaki/racedetail/4420260821020006/?pageType=odds,2026-10-06T10:59:17.746175+00:00
4420260821020007,2026-08-22,大垣競輪,F2,A1/A2,7,Ａ級準決勝,22:50,22:45,7,https://keirin.kdreams.jp/ogaki/racedetail/4420260821020007/?pageType=odds,2026-10-06T10:59:19.849528+00:00
4420260821020008,2026-08-22,大垣競輪,F2,A1/A2,8,Ａ級準決勝,23:10,23:05,7,https://keirin.kdreams.jp/ogaki/racedetail/4420260821020008/?pageType=odds,2026-10-06T10:59:21.757680+00:00
4420260821020009,2026-08-22,大垣競輪,F2,A1/A2,9,Ａ級準決勝,23:30,23:25,7,https://keirin.kdreams.jp/ogaki/racedetail/4420260821020009/?pageType=odds,2026-10-06T10:59:24.101071+00:00
5320260820030006,2026-08-22,奈良競輪,F2,A1/A2,6,Ａ級特一般,13:13,13:08,7,https://keirin.kdreams.jp/nara/racedetail/5320260820030006/?pageType=odds,2026-10-06T10:57:21.867779+00:00
5320260820030007,2026-08-22,奈良競輪,F2,A1/A2,7,Ａ級特一般,13:43,13:38,7,https://keirin.kdreams.jp/nara/racedetail/5320260820030007/?pageType=odds,2026-10-06T10:57:23.722808+00:00
5320260820030008,2026-08-22,奈良競輪,F2,A1/A2,8,Ａ級特選,14:13,14:08,7,https://keirin.kdreams.jp/nara/racedetail/5320260820030008/?pageType=odds,2026-10-06T10:57:25.567118+00:00
5320260820030009,2026-08-22,奈良競輪,F2,A1/A2,9,Ａ級特選,14:43,14:38,7,https://keirin.kdreams.jp/nara/racedetail/5320260820030009/?pageType=odds,2026-10-06T10:57:27.426858+00:00
5320260820030011,2026-08-22,奈良競輪,F2,A1/A2,11,Ａ級決勝,15:56,15:51,7,https://keirin.kdreams.jp/nara/racedetail/5320260820030011/?pageType=odds,2026-10-06T10:57:29.304388+00:00
4620260820030001,2026-08-22,富山競輪,F1,A1/A2,1,Ａ級一般,10:53,10:48,7,https://keirin.kdreams.jp/toyama/racedetail/4620260820030001/?pageType=odds,2026-10-06T10:58:18.969012+00:00
4620260820030002,2026-08-22,富山競輪,F1,A1/A2,2,Ａ級一般,11:17,11:12,7,https://keirin.kdreams.jp/toyama/racedetail/4620260820030002/?pageType=odds,2026-10-06T10:58:20.742472+00:00
4620260820030003,2026-08-22,富山競輪,F1,A1/A2,3,Ａ級特選,11:43,11:38,7,https://keirin.kdreams.jp/toyama/racedetail/4620260820030003/?pageType=odds,2026-10-06T10:58:22.595458+00:00
4620260820030004,2026-08-22,富山競輪,F1,A1/A2,4,Ａ級特選,12:10,12:05,7,https://keirin.kdreams.jp/toyama/racedetail/4620260820030004/?pageType=odds,2026-10-06T10:58:24.476932+00:00
4620260820030011,2026-08-22,富山競輪,F1,A1/A2,11,Ａ級決勝,15:41,15:36,7,https://keirin.kdreams.jp/toyama/racedetail/4620260820030011/?pageType=odds,2026-10-06T10:58:26.168591+00:00
7520260821020005,2026-08-22,松山競輪,F2,A1/A2,5,Ａ級特一般,22:00,21:55,7,https://keirin.kdreams.jp/matsuyama/racedetail/7520260821020005/?pageType=odds,2026-10-06T10:58:37.844130+00:00
7520260821020006,2026-08-22,松山競輪,F2,A1/A2,6,Ａ級特一般,22:20,22:15,7,https://keirin.kdreams.jp/matsuyama/racedetail/7520260821020006/?pageType=odds,2026-10-06T10:58:40.147885+00:00
7520260821020007,2026-08-22,松山競輪,F2,A1/A2,7,Ａ級準決勝,22:40,22:35,7,https://keirin.kdreams.jp/matsuyama/racedetail/7520260821020007/?pageType=odds,2026-10-06T10:58:42.228019+00:00
7520260821020008,2026-08-22,松山競輪,F2,A1/A2,8,Ａ級準決勝,23:00,22:55,7,https://keirin.kdreams.jp/matsuyama/racedetail/7520260821020008/?pageType=odds,2026-10-06T10:58:44.210595+00:00
7520260821020009,2026-08-22,松山競輪,F2,A1/A2,9,Ａ級準決勝,23:20,23:15,7,https://keirin.kdreams.jp/matsuyama/racedetail/7520260821020009/?pageType=odds,2026-10-06T10:58:46.052601+00:00
8420260821020001,2026-08-22,武雄競輪,F2,A1/A2,1,Ａ級一般,08:30,08:25,7,https://keirin.kdreams.jp/takeo/racedetail/8420260821020001/?pageType=odds,2026-10-06T11:00:24.103675+00:00
8420260821020002,2026-08-22,武雄競輪,F2,A1/A2,2,Ａ級一般,08:50,08:45,7,https://keirin.kdreams.jp/takeo/racedetail/8420260821020002/?pageType=odds,2026-10-06T11:00:26.140963+00:00
8420260821020003,2026-08-22,武雄競輪,F2,A1/A2,3,Ａ級選抜,09:10,09:05,7,https://keirin.kdreams.jp/takeo/racedetail/8420260821020003/?pageType=odds,2026-10-06T11:00:28.063913+00:00
8420260821020004,2026-08-22,武雄競輪,F2,A1/A2,4,Ａ級選抜,09:30,09:25,7,https://keirin.kdreams.jp/takeo/racedetail/8420260821020004/?pageType=odds,2026-10-06T11:00:30.037017+00:00
8420260821020005,2026-08-22,武雄競輪,F2,A1/A2,5,Ａ級準決勝,09:50,09:45,7,https://keirin.kdreams.jp/takeo/racedetail/8420260821020005/?pageType=odds,2026-10-06T11:00:31.960130+00:00
8420260821020006,2026-08-22,武雄競輪,F2,A1/A2,6,Ａ級準決勝,10:10,10:05,7,https://keirin.kdreams.jp/takeo/racedetail/8420260821020006/?pageType=odds,2026-10-06T11:00:33.938745+00:00
8420260821020007,2026-08-22,武雄競輪,F2,A1/A2,7,Ａ級準決勝,10:30,10:25,7,https://keirin.kdreams.jp/takeo/racedetail/8420260821020007/?pageType=odds,2026-10-06T11:00:35.912456+00:00
6120260820030005,2026-08-22,玉野競輪,F2,A1/A2,5,Ａ級特一般,17:22,17:17,6,https://keirin.kdreams.jp/tamano/racedetail/6120260820030005/?pageType=odds,2026-10-06T10:57:49.991958+00:00
6120260820030006,2026-08-22,玉野競輪,F2,A1/A2,6,Ａ級特一般,17:50,17:45,7,https://keirin.kdreams.jp/tamano/racedetail/6120260820030006/?pageType=odds,2026-10-06T10:57:52.105787+00:00
6120260820030007,2026-08-22,玉野競輪,F2,A1/A2,7,Ａ級特選,18:18,18:13,7,https://keirin.kdreams.jp/tamano/racedetail/6120260820030007/?pageType=odds,2026-10-06T10:57:54.225848+00:00
6120260820030008,2026-08-22,玉野競輪,F2,A1/A2,8,Ａ級特選,18:46,18:41,7,https://keirin.kdreams.jp/tamano/racedetail/6120260820030008/?pageType=odds,2026-10-06T10:57:56.207113+00:00
6120260820030011,2026-08-22,玉野競輪,F2,A1/A2,11,Ａ級決勝,20:14,20:09,7,https://keirin.kdreams.jp/tamano/racedetail/6120260820030011/?pageType=odds,2026-10-06T10:57:58.119575+00:00
2620260821020001,2026-08-22,西武園競輪,F1,A1/A2,1,Ａ級一般,10:45,10:40,7,https://keirin.kdreams.jp/seibuen/racedetail/2620260821020001/?pageType=odds,2026-10-06T10:59:50.197722+00:00
2620260821020002,2026-08-22,西武園競輪,F1,A1/A2,2,Ａ級一般,11:09,11:04,7,https://keirin.kdreams.jp/seibuen/racedetail/2620260821020002/?pageType=odds,2026-10-06T10:59:52.237414+00:00
2620260821020003,2026-08-22,西武園競輪,F1,A1/A2,3,Ａ級準決勝,11:34,11:29,7,https://keirin.kdreams.jp/seibuen/racedetail/2620260821020003/?pageType=odds,2026-10-06T10:59:54.513373+00:00
2620260821020004,2026-08-22,西武園競輪,F1,A1/A2,4,Ａ級準決勝,12:01,11:56,7,https://keirin.kdreams.jp/seibuen/racedetail/2620260821020004/?pageType=odds,2026-10-06T10:59:56.374857+00:00
2620260821020005,2026-08-22,西武園競輪,F1,A1/A2,5,Ａ級準決勝,12:28,12:23,7,https://keirin.kdreams.jp/seibuen/racedetail/2620260821020005/?pageType=odds,2026-10-06T10:59:58.542150+00:00
5520260823010007,2026-08-23,和歌山競輪,F2,A1/A2,7,Ａ級特予選,13:52,13:47,7,https://keirin.kdreams.jp/wakayama/racedetail/5520260823010007/?pageType=odds,2026-10-06T11:01:22.677440+00:00
5520260823010008,2026-08-23,和歌山競輪,F2,A1/A2,8,Ａ級特予選,14:22,14:17,7,https://keirin.kdreams.jp/wakayama/racedetail/5520260823010008/?pageType=odds,2026-10-06T11:01:24.658460+00:00
5520260823010009,2026-08-23,和歌山競輪,F2,A1/A2,9,Ａ級特予選,14:52,14:47,7,https://keirin.kdreams.jp/wakayama/racedetail/5520260823010009/?pageType=odds,2026-10-06T11:01:26.518972+00:00
5520260823010010,2026-08-23,和歌山競輪,F2,A1/A2,10,Ａ級特予選,15:22,15:17,7,https://keirin.kdreams.jp/wakayama/racedetail/5520260823010010/?pageType=odds,2026-10-06T11:01:28.419303+00:00
5520260823010011,2026-08-23,和歌山競輪,F2,A1/A2,11,Ａ級初日特選,16:01,15:56,7,https://keirin.kdreams.jp/wakayama/racedetail/5520260823010011/?pageType=odds,2026-10-06T11:01:30.217873+00:00
4420260821030002,2026-08-23,大垣競輪,F2,A1/A2,2,Ａ級一般,21:10,21:05,7,https://keirin.kdreams.jp/ogaki/racedetail/4420260821030002/?pageType=odds,2026-10-06T10:59:26.052602+00:00
4420260821030003,2026-08-23,大垣競輪,F2,A1/A2,3,Ａ級一般,21:30,21:25,7,https://keirin.kdreams.jp/ogaki/racedetail/4420260821030003/?pageType=odds,2026-10-06T10:59:28.069946+00:00
4420260821030004,2026-08-23,大垣競輪,F2,A1/A2,4,Ａ級一般,21:50,21:45,7,https://keirin.kdreams.jp/ogaki/racedetail/4420260821030004/?pageType=odds,2026-10-06T10:59:29.882604+00:00
4420260821030005,2026-08-23,大垣競輪,F2,A1/A2,5,Ａ級特選,22:10,22:05,7,https://keirin.kdreams.jp/ogaki/racedetail/4420260821030005/?pageType=odds,2026-10-06T10:59:31.820174+00:00
4420260821030006,2026-08-23,大垣競輪,F2,A1/A2,6,Ａ級特選,22:30,22:25,7,https://keirin.kdreams.jp/ogaki/racedetail/4420260821030006/?pageType=odds,2026-10-06T10:59:33.756537+00:00
4420260821030007,2026-08-23,大垣競輪,F2,A1/A2,7,Ａ級特選,22:50,22:45,7,https://keirin.kdreams.jp/ogaki/racedetail/4420260821030007/?pageType=odds,2026-10-06T10:59:35.619601+00:00
4420260821030009,2026-08-23,大垣競輪,F2,A1/A2,9,Ａ級決勝,23:30,23:25,7,https://keirin.kdreams.jp/ogaki/racedetail/4420260821030009/?pageType=odds,2026-10-06T10:59:37.513554+00:00
7520260821030004,2026-08-23,松山競輪,F2,A1/A2,4,Ａ級特一般,21:40,21:35,7,https://keirin.kdreams.jp/matsuyama/racedetail/7520260821030004/?pageType=odds,2026-10-06T10:58:47.991330+00:00
7520260821030005,2026-08-23,松山競輪,F2,A1/A2,5,Ａ級特一般,22:00,21:55,7,https://keirin.kdreams.jp/matsuyama/racedetail/7520260821030005/?pageType=odds,2026-10-06T10:58:49.870279+00:00
7520260821030006,2026-08-23,松山競輪,F2,A1/A2,6,Ａ級特選,22:20,22:15,7,https://keirin.kdreams.jp/matsuyama/racedetail/7520260821030006/?pageType=odds,2026-10-06T10:58:51.804463+00:00
7520260821030007,2026-08-23,松山競輪,F2,A1/A2,7,Ａ級特選,22:40,22:35,7,https://keirin.kdreams.jp/matsuyama/racedetail/7520260821030007/?pageType=odds,2026-10-06T10:58:54.014719+00:00
7520260821030009,2026-08-23,松山競輪,F2,A1/A2,9,Ａ級決勝,23:20,23:15,7,https://keirin.kdreams.jp/matsuyama/racedetail/7520260821030009/?pageType=odds,2026-10-06T10:58:55.941380+00:00
8420260821030001,2026-08-23,武雄競輪,F2,A1/A2,1,Ａ級一般,08:30,08:25,7,https://keirin.kdreams.jp/takeo/racedetail/8420260821030001/?pageType=odds,2026-10-06T11:00:37.913090+00:00
8420260821030002,2026-08-23,武雄競輪,F2,A1/A2,2,Ａ級一般,08:50,08:45,7,https://keirin.kdreams.jp/takeo/racedetail/8420260821030002/?pageType=odds,2026-10-06T11:00:40.131033+00:00
8420260821030003,2026-08-23,武雄競輪,F2,A1/A2,3,Ａ級一般,09:10,09:05,7,https://keirin.kdreams.jp/takeo/racedetail/8420260821030003/?pageType=odds,2026-10-06T11:00:42.131783+00:00
8420260821030004,2026-08-23,武雄競輪,F2,A1/A2,4,Ａ級特選,09:30,09:25,7,https://keirin.kdreams.jp/takeo/racedetail/8420260821030004/?pageType=odds,2026-10-06T11:00:44.301910+00:00
8420260821030005,2026-08-23,武雄競輪,F2,A1/A2,5,Ａ級特選,09:50,09:45,7,https://keirin.kdreams.jp/takeo/racedetail/8420260821030005/?pageType=odds,2026-10-06T11:00:46.229504+00:00
8420260821030006,2026-08-23,武雄競輪,F2,A1/A2,6,Ａ級特選,10:10,10:05,7,https://keirin.kdreams.jp/takeo/racedetail/8420260821030006/?pageType=odds,2026-10-06T11:00:48.193367+00:00
8420260821030007,2026-08-23,武雄競輪,F2,A1/A2,7,Ａ級決勝,10:30,10:25,7,https://keirin.kdreams.jp/takeo/racedetail/8420260821030007/?pageType=odds,2026-10-06T11:00:50.150608+00:00
2620260821030001,2026-08-23,西武園競輪,F1,A1/A2,1,Ａ級一般,10:53,10:48,7,https://keirin.kdreams.jp/seibuen/racedetail/2620260821030001/?pageType=odds,2026-10-06T11:00:00.426760+00:00
2620260821030002,2026-08-23,西武園競輪,F1,A1/A2,2,Ａ級一般,11:19,11:14,7,https://keirin.kdreams.jp/seibuen/racedetail/2620260821030002/?pageType=odds,2026-10-06T11:00:02.374797+00:00
2620260821030003,2026-08-23,西武園競輪,F1,A1/A2,3,Ａ級特選,11:46,11:41,7,https://keirin.kdreams.jp/seibuen/racedetail/2620260821030003/?pageType=odds,2026-10-06T11:00:04.455087+00:00
2620260821030004,2026-08-23,西武園競輪,F1,A1/A2,4,Ａ級特選,12:13,12:08,7,https://keirin.kdreams.jp/seibuen/racedetail/2620260821030004/?pageType=odds,2026-10-06T11:00:06.590625+00:00
2620260821030011,2026-08-23,西武園競輪,F1,A1/A2,11,Ａ級決勝,15:46,15:41,7,https://keirin.kdreams.jp/seibuen/racedetail/2620260821030011/?pageType=odds,2026-10-06T11:00:08.656158+00:00
6320260823010001,2026-08-23,防府競輪,F1,A1/A2,1,Ａ級予選,10:45,10:40,7,https://keirin.kdreams.jp/hofu/racedetail/6320260823010001/?pageType=odds,2026-10-06T11:00:52.397235+00:00
6320260823010002,2026-08-23,防府競輪,F1,A1/A2,2,Ａ級予選,11:10,11:05,7,https://keirin.kdreams.jp/hofu/racedetail/6320260823010002/?pageType=odds,2026-10-06T11:00:54.382266+00:00
6320260823010003,2026-08-23,防府競輪,F1,A1/A2,3,Ａ級予選,11:37,11:32,7,https://keirin.kdreams.jp/hofu/racedetail/6320260823010003/?pageType=odds,2026-10-06T11:00:56.202583+00:00
6320260823010004,2026-08-23,防府競輪,F1,A1/A2,4,Ａ級予選,12:04,11:59,7,https://keirin.kdreams.jp/hofu/racedetail/6320260823010004/?pageType=odds,2026-10-06T11:00:58.124963+00:00
6320260823010005,2026-08-23,防府競輪,F1,A1/A2,5,Ａ級初日特選,12:32,12:27,7,https://keirin.kdreams.jp/hofu/racedetail/6320260823010005/?pageType=odds,2026-10-06T11:01:00.080590+00:00
5520260823020007,2026-08-24,和歌山競輪,F2,A1/A2,7,Ａ級特一般,13:52,13:47,6,https://keirin.kdreams.jp/wakayama/racedetail/5520260823020007/?pageType=odds,2026-10-06T11:01:32.064392+00:00
5520260823020008,2026-08-24,和歌山競輪,F2,A1/A2,8,Ａ級特一般,14:22,14:17,7,https://keirin.kdreams.jp/wakayama/racedetail/5520260823020008/?pageType=odds,2026-10-06T11:01:33.991617+00:00
5520260823020009,2026-08-24,和歌山競輪,F2,A1/A2,9,Ａ級準決勝,14:52,14:47,7,https://keirin.kdreams.jp/wakayama/racedetail/5520260823020009/?pageType=odds,2026-10-06T11:01:36.051456+00:00
5520260823020010,2026-08-24,和歌山競輪,F2,A1/A2,10,Ａ級準決勝,15:22,15:17,7,https://keirin.kdreams.jp/wakayama/racedetail/5520260823020010/?pageType=odds,2026-10-06T11:01:38.339753+00:00
5520260823020011,2026-08-24,和歌山競輪,F2,A1/A2,11,Ａ級準決勝,16:01,15:56,7,https://keirin.kdreams.jp/wakayama/racedetail/5520260823020011/?pageType=odds,2026-10-06T11:01:40.205613+00:00
4320260824010001,2026-08-24,岐阜競輪,F1,A1/A2,1,Ａ級予選,10:45,10:40,7,https://keirin.kdreams.jp/gifu/racedetail/4320260824010001/?pageType=odds,2026-10-06T11:01:52.157961+00:00
4320260824010002,2026-08-24,岐阜競輪,F1,A1/A2,2,Ａ級予選,11:10,11:05,7,https://keirin.kdreams.jp/gifu/racedetail/4320260824010002/?pageType=odds,2026-10-06T11:01:54.009600+00:00
4320260824010003,2026-08-24,岐阜競輪,F1,A1/A2,3,Ａ級予選,11:37,11:32,7,https://keirin.kdreams.jp/gifu/racedetail/4320260824010003/?pageType=odds,2026-10-06T11:01:55.875379+00:00
4320260824010004,2026-08-24,岐阜競輪,F1,A1/A2,4,Ａ級予選,12:04,11:59,7,https://keirin.kdreams.jp/gifu/racedetail/4320260824010004/?pageType=odds,2026-10-06T11:01:57.782201+00:00
4320260824010005,2026-08-24,岐阜競輪,F1,A1/A2,5,Ａ級初日特選,12:32,12:27,7,https://keirin.kdreams.jp/gifu/racedetail/4320260824010005/?pageType=odds,2026-10-06T11:01:59.630762+00:00
6320260823020001,2026-08-24,防府競輪,F1,A1/A2,1,Ａ級一般,10:53,10:48,6,https://keirin.kdreams.jp/hofu/racedetail/6320260823020001/?pageType=odds,2026-10-06T11:01:02.114519+00:00
6320260823020002,2026-08-24,防府競輪,F1,A1/A2,2,Ａ級一般,11:19,11:14,6,https://keirin.kdreams.jp/hofu/racedetail/6320260823020002/?pageType=odds,2026-10-06T11:01:03.963883+00:00
6320260823020003,2026-08-24,防府競輪,F1,A1/A2,3,Ａ級準決勝,11:46,11:41,7,https://keirin.kdreams.jp/hofu/racedetail/6320260823020003/?pageType=odds,2026-10-06T11:01:05.955200+00:00
6320260823020004,2026-08-24,防府競輪,F1,A1/A2,4,Ａ級準決勝,12:13,12:08,7,https://keirin.kdreams.jp/hofu/racedetail/6320260823020004/?pageType=odds,2026-10-06T11:01:07.917788+00:00
6320260823020005,2026-08-24,防府競輪,F1,A1/A2,5,Ａ級準決勝,12:42,12:37,7,https://keirin.kdreams.jp/hofu/racedetail/6320260823020005/?pageType=odds,2026-10-06T11:01:09.982940+00:00
5520260823030007,2026-08-25,和歌山競輪,F2,A1/A2,7,Ａ級特一般,13:43,13:38,6,https://keirin.kdreams.jp/wakayama/racedetail/5520260823030007/?pageType=odds,2026-10-06T11:01:42.041786+00:00
5520260823030008,2026-08-25,和歌山競輪,F2,A1/A2,8,Ａ級特一般,14:13,14:08,7,https://keirin.kdreams.jp/wakayama/racedetail/5520260823030008/?pageType=odds,2026-10-06T11:01:44.079613+00:00
5520260823030009,2026-08-25,和歌山競輪,F2,A1/A2,9,Ａ級特選,14:43,14:38,7,https://keirin.kdreams.jp/wakayama/racedetail/5520260823030009/?pageType=odds,2026-10-06T11:01:46.087097+00:00
5520260823030010,2026-08-25,和歌山競輪,F2,A1/A2,10,Ａ級特選,15:13,15:08,7,https://keirin.kdreams.jp/wakayama/racedetail/5520260823030010/?pageType=odds,2026-10-06T11:01:48.128137+00:00
5520260823030011,2026-08-25,和歌山競輪,F2,A1/A2,11,Ａ級決勝,15:56,15:51,7,https://keirin.kdreams.jp/wakayama/racedetail/5520260823030011/?pageType=odds,2026-10-06T11:01:50.100250+00:00
4320260824020001,2026-08-25,岐阜競輪,F1,A1/A2,1,Ａ級一般,10:45,10:40,7,https://keirin.kdreams.jp/gifu/racedetail/4320260824020001/?pageType=odds,2026-10-06T11:02:01.694701+00:00
4320260824020002,2026-08-25,岐阜競輪,F1,A1/A2,2,Ａ級一般,11:09,11:04,7,https://keirin.kdreams.jp/gifu/racedetail/4320260824020002/?pageType=odds,2026-10-06T11:02:03.618719+00:00
4320260824020003,2026-08-25,岐阜競輪,F1,A1/A2,3,Ａ級準決勝,11:34,11:29,7,https://keirin.kdreams.jp/gifu/racedetail/4320260824020003/?pageType=odds,2026-10-06T11:02:05.635674+00:00
4320260824020004,2026-08-25,岐阜競輪,F1,A1/A2,4,Ａ級準決勝,12:01,11:56,7,https://keirin.kdreams.jp/gifu/racedetail/4320260824020004/?pageType=odds,2026-10-06T11:02:07.606675+00:00
4320260824020005,2026-08-25,岐阜競輪,F1,A1/A2,5,Ａ級準決勝,12:28,12:23,7,https://keirin.kdreams.jp/gifu/racedetail/4320260824020005/?pageType=odds,2026-10-06T11:02:09.799842+00:00
4720260825010007,2026-08-25,松阪競輪,F2,A1/A2,7,Ａ級特予選,18:18,18:13,7,https://keirin.kdreams.jp/matsusaka/racedetail/4720260825010007/?pageType=odds,2026-10-06T11:03:03.192676+00:00
4720260825010008,2026-08-25,松阪競輪,F2,A1/A2,8,Ａ級特予選,18:46,18:41,7,https://keirin.kdreams.jp/matsusaka/racedetail/4720260825010008/?pageType=odds,2026-10-06T11:03:05.161266+00:00
4720260825010009,2026-08-25,松阪競輪,F2,A1/A2,9,Ａ級特予選,19:14,19:09,7,https://keirin.kdreams.jp/matsusaka/racedetail/4720260825010009/?pageType=odds,2026-10-06T11:03:07.141387+00:00
4720260825010010,2026-08-25,松阪競輪,F2,A1/A2,10,Ａ級特予選,19:44,19:39,7,https://keirin.kdreams.jp/matsusaka/racedetail/4720260825010010/?pageType=odds,2026-10-06T11:03:09.218220+00:00
4720260825010011,2026-08-25,松阪競輪,F2,A1/A2,11,Ａ級初日特選,20:14,20:09,7,https://keirin.kdreams.jp/matsusaka/racedetail/4720260825010011/?pageType=odds,2026-10-06T11:03:11.201802+00:00
6320260823030001,2026-08-25,防府競輪,F1,A1/A2,1,Ａ級一般,10:53,10:48,6,https://keirin.kdreams.jp/hofu/racedetail/6320260823030001/?pageType=odds,2026-10-06T11:01:11.894003+00:00
6320260823030002,2026-08-25,防府競輪,F1,A1/A2,2,Ａ級一般,11:17,11:12,7,https://keirin.kdreams.jp/hofu/racedetail/6320260823030002/?pageType=odds,2026-10-06T11:01:14.416179+00:00
6320260823030003,2026-08-25,防府競輪,F1,A1/A2,3,Ａ級特選,11:43,11:38,7,https://keirin.kdreams.jp/hofu/racedetail/6320260823030003/?pageType=odds,2026-10-06T11:01:16.612356+00:00
6320260823030004,2026-08-25,防府競輪,F1,A1/A2,4,Ａ級特選,12:10,12:05,7,https://keirin.kdreams.jp/hofu/racedetail/6320260823030004/?pageType=odds,2026-10-06T11:01:18.633890+00:00
6320260823030011,2026-08-25,防府競輪,F1,A1/A2,11,Ａ級決勝,15:41,15:36,7,https://keirin.kdreams.jp/hofu/racedetail/6320260823030011/?pageType=odds,2026-10-06T11:01:20.770580+00:00
7420260825010001,2026-08-25,高知競輪,F2,A1/A2,1,Ａ級予選,08:30,08:25,7,https://keirin.kdreams.jp/kochi/racedetail/7420260825010001/?pageType=odds,2026-10-06T11:02:21.582787+00:00
7420260825010002,2026-08-25,高知競輪,F2,A1/A2,2,Ａ級予選,08:50,08:45,7,https://keirin.kdreams.jp/kochi/racedetail/7420260825010002/?pageType=odds,2026-10-06T11:02:23.371352+00:00
7420260825010003,2026-08-25,高知競輪,F2,A1/A2,3,Ａ級予選,09:11,09:06,7,https://keirin.kdreams.jp/kochi/racedetail/7420260825010003/?pageType=odds,2026-10-06T11:02:25.312822+00:00
7420260825010004,2026-08-25,高知競輪,F2,A1/A2,4,Ａ級予選,09:32,09:27,7,https://keirin.kdreams.jp/kochi/racedetail/7420260825010004/?pageType=odds,2026-10-06T11:02:27.143809+00:00
7420260825010005,2026-08-25,高知競輪,F2,A1/A2,5,Ａ級予選,09:53,09:48,7,https://keirin.kdreams.jp/kochi/racedetail/7420260825010005/?pageType=odds,2026-10-06T11:02:29.007184+00:00
7420260825010006,2026-08-25,高知競輪,F2,A1/A2,6,Ａ級予選,10:14,10:09,7,https://keirin.kdreams.jp/kochi/racedetail/7420260825010006/?pageType=odds,2026-10-06T11:02:31.060479+00:00
7420260825010007,2026-08-25,高知競輪,F2,A1/A2,7,Ａ級初日特選,10:35,10:30,7,https://keirin.kdreams.jp/kochi/racedetail/7420260825010007/?pageType=odds,2026-10-06T11:02:32.947236+00:00
5320260826010001,2026-08-26,奈良競輪,F1,A1/A2,1,Ａ級予選,10:45,10:40,7,https://keirin.kdreams.jp/nara/racedetail/5320260826010001/?pageType=odds,2026-10-06T11:03:33.386631+00:00
5320260826010002,2026-08-26,奈良競輪,F1,A1/A2,2,Ａ級予選,11:10,11:05,7,https://keirin.kdreams.jp/nara/racedetail/5320260826010002/?pageType=odds,2026-10-06T11:03:35.420538+00:00
5320260826010003,2026-08-26,奈良競輪,F1,A1/A2,3,Ａ級予選,11:37,11:32,7,https://keirin.kdreams.jp/nara/racedetail/5320260826010003/?pageType=odds,2026-10-06T11:03:37.298609+00:00
5320260826010004,2026-08-26,奈良競輪,F1,A1/A2,4,Ａ級予選,12:05,12:00,7,https://keirin.kdreams.jp/nara/racedetail/5320260826010004/?pageType=odds,2026-10-06T11:03:39.168711+00:00
5320260826010005,2026-08-26,奈良競輪,F1,A1/A2,5,Ａ級初日特選,12:33,12:28,7,https://keirin.kdreams.jp/nara/racedetail/5320260826010005/?pageType=odds,2026-10-06T11:03:40.416083+00:00
4320260824030001,2026-08-26,岐阜競輪,F1,A1/A2,1,Ａ級一般,10:57,10:52,7,https://keirin.kdreams.jp/gifu/racedetail/4320260824030001/?pageType=odds,2026-10-06T11:02:11.805069+00:00
4320260824030002,2026-08-26,岐阜競輪,F1,A1/A2,2,Ａ級一般,11:23,11:18,7,https://keirin.kdreams.jp/gifu/racedetail/4320260824030002/?pageType=odds,2026-10-06T11:02:13.761490+00:00
4320260824030003,2026-08-26,岐阜競輪,F1,A1/A2,3,Ａ級特選,11:51,11:46,7,https://keirin.kdreams.jp/gifu/racedetail/4320260824030003/?pageType=odds,2026-10-06T11:02:15.697868+00:00
4320260824030004,2026-08-26,岐阜競輪,F1,A1/A2,4,Ａ級特選,12:19,12:14,7,https://keirin.kdreams.jp/gifu/racedetail/4320260824030004/?pageType=odds,2026-10-06T11:02:17.616847+00:00
4320260824030010,2026-08-26,岐阜競輪,F1,A1/A2,10,Ａ級決勝,15:07,15:02,7,https://keirin.kdreams.jp/gifu/racedetail/4320260824030010/?pageType=odds,2026-10-06T11:02:19.560450+00:00
4720260825020007,2026-08-26,松阪競輪,F2,A1/A2,7,Ａ級特一般,18:30,18:25,7,https://keirin.kdreams.jp/matsusaka/racedetail/4720260825020007/?pageType=odds,2026-10-06T11:03:13.092975+00:00
4720260825020008,2026-08-26,松阪競輪,F2,A1/A2,8,Ａ級特一般,18:56,18:51,7,https://keirin.kdreams.jp/matsusaka/racedetail/4720260825020008/?pageType=odds,2026-10-06T11:03:14.997840+00:00
4720260825020009,2026-08-26,松阪競輪,F2,A1/A2,9,Ａ級準決勝,19:22,19:17,7,https://keirin.kdreams.jp/matsusaka/racedetail/4720260825020009/?pageType=odds,2026-10-06T11:03:17.059477+00:00
4720260825020010,2026-08-26,松阪競輪,F2,A1/A2,10,Ａ級準決勝,19:48,19:43,7,https://keirin.kdreams.jp/matsusaka/racedetail/4720260825020010/?pageType=odds,2026-10-06T11:03:19.189158+00:00
4720260825020011,2026-08-26,松阪競輪,F2,A1/A2,11,Ａ級準決勝,20:16,20:11,7,https://keirin.kdreams.jp/matsusaka/racedetail/4720260825020011/?pageType=odds,2026-10-06T11:03:21.163170+00:00
6120260826010001,2026-08-26,玉野競輪,F1,A1/A2,1,Ａ級予選,15:45,15:40,7,https://keirin.kdreams.jp/tamano/racedetail/6120260826010001/?pageType=odds,2026-10-06T11:04:03.731410+00:00
6120260826010002,2026-08-26,玉野競輪,F1,A1/A2,2,Ａ級予選,16:07,16:02,7,https://keirin.kdreams.jp/tamano/racedetail/6120260826010002/?pageType=odds,2026-10-06T11:04:05.717964+00:00
6120260826010003,2026-08-26,玉野競輪,F1,A1/A2,3,Ａ級予選,16:33,16:28,7,https://keirin.kdreams.jp/tamano/racedetail/6120260826010003/?pageType=odds,2026-10-06T11:04:07.495229+00:00
6120260826010004,2026-08-26,玉野競輪,F1,A1/A2,4,Ａ級予選,16:59,16:54,7,https://keirin.kdreams.jp/tamano/racedetail/6120260826010004/?pageType=odds,2026-10-06T11:04:09.368691+00:00
6120260826010005,2026-08-26,玉野競輪,F1,A1/A2,5,Ａ級初日特選,17:25,17:20,7,https://keirin.kdreams.jp/tamano/racedetail/6120260826010005/?pageType=odds,2026-10-06T11:04:11.510347+00:00
7420260825020001,2026-08-26,高知競輪,F2,A1/A2,1,Ａ級一般,08:30,08:25,7,https://keirin.kdreams.jp/kochi/racedetail/7420260825020001/?pageType=odds,2026-10-06T11:02:35.035931+00:00
7420260825020002,2026-08-26,高知競輪,F2,A1/A2,2,Ａ級一般,08:50,08:45,7,https://keirin.kdreams.jp/kochi/racedetail/7420260825020002/?pageType=odds,2026-10-06T11:02:37.087123+00:00
7420260825020003,2026-08-26,高知競輪,F2,A1/A2,3,Ａ級選抜,09:11,09:06,7,https://keirin.kdreams.jp/kochi/racedetail/7420260825020003/?pageType=odds,2026-10-06T11:02:38.927106+00:00
7420260825020004,2026-08-26,高知競輪,F2,A1/A2,4,Ａ級選抜,09:32,09:27,7,https://keirin.kdreams.jp/kochi/racedetail/7420260825020004/?pageType=odds,2026-10-06T11:02:40.985388+00:00
7420260825020005,2026-08-26,高知競輪,F2,A1/A2,5,Ａ級準決勝,09:53,09:48,7,https://keirin.kdreams.jp/kochi/racedetail/7420260825020005/?pageType=odds,2026-10-06T11:02:43.139974+00:00
7420260825020006,2026-08-26,高知競輪,F2,A1/A2,6,Ａ級準決勝,10:14,10:09,7,https://keirin.kdreams.jp/kochi/racedetail/7420260825020006/?pageType=odds,2026-10-06T11:02:45.308441+00:00
7420260825020007,2026-08-26,高知競輪,F2,A1/A2,7,Ａ級準決勝,10:35,10:30,7,https://keirin.kdreams.jp/kochi/racedetail/7420260825020007/?pageType=odds,2026-10-06T11:02:47.263297+00:00
5320260826020001,2026-08-27,奈良競輪,F1,A1/A2,1,Ａ級一般,10:45,10:40,7,https://keirin.kdreams.jp/nara/racedetail/5320260826020001/?pageType=odds,2026-10-06T11:03:42.969262+00:00
5320260826020002,2026-08-27,奈良競輪,F1,A1/A2,2,Ａ級一般,11:12,11:07,7,https://keirin.kdreams.jp/nara/racedetail/5320260826020002/?pageType=odds,2026-10-06T11:03:45.130351+00:00
5320260826020003,2026-08-27,奈良競輪,F1,A1/A2,3,Ａ級準決勝,11:40,11:35,7,https://keirin.kdreams.jp/nara/racedetail/5320260826020003/?pageType=odds,2026-10-06T11:03:47.246078+00:00
5320260826020004,2026-08-27,奈良競輪,F1,A1/A2,4,Ａ級準決勝,12:08,12:03,7,https://keirin.kdreams.jp/nara/racedetail/5320260826020004/?pageType=odds,2026-10-06T11:03:49.478235+00:00
5320260826020005,2026-08-27,奈良競輪,F1,A1/A2,5,Ａ級準決勝,12:36,12:31,7,https://keirin.kdreams.jp/nara/racedetail/5320260826020005/?pageType=odds,2026-10-06T11:03:51.754903+00:00
7320260827010003,2026-08-27,小松島競輪,F2,A1/A2,3,Ａ級予選,21:20,21:15,7,https://keirin.kdreams.jp/komatsushima/racedetail/7320260827010003/?pageType=odds,2026-10-06T11:05:14.755457+00:00
7320260827010004,2026-08-27,小松島競輪,F2,A1/A2,4,Ａ級予選,21:40,21:35,7,https://keirin.kdreams.jp/komatsushima/racedetail/7320260827010004/?pageType=odds,2026-10-06T11:05:16.701927+00:00
7320260827010005,2026-08-27,小松島競輪,F2,A1/A2,5,Ａ級予選,22:00,21:55,7,https://keirin.kdreams.jp/komatsushima/racedetail/7320260827010005/?pageType=odds,2026-10-06T11:05:18.664380+00:00
7320260827010006,2026-08-27,小松島競輪,F2,A1/A2,6,Ａ級予選,22:20,22:15,7,https://keirin.kdreams.jp/komatsushima/racedetail/7320260827010006/?pageType=odds,2026-10-06T11:05:20.581489+00:00
7320260827010007,2026-08-27,小松島競輪,F2,A1/A2,7,Ａ級予選,22:40,22:35,7,https://keirin.kdreams.jp/komatsushima/racedetail/7320260827010007/?pageType=odds,2026-10-06T11:05:22.982243+00:00
7320260827010008,2026-08-27,小松島競輪,F2,A1/A2,8,Ａ級予選,23:00,22:55,7,https://keirin.kdreams.jp/komatsushima/racedetail/7320260827010008/?pageType=odds,2026-10-06T11:05:25.169083+00:00
7320260827010009,2026-08-27,小松島競輪,F2,A1/A2,9,Ａ級初日特選,23:20,23:15,7,https://keirin.kdreams.jp/komatsushima/racedetail/7320260827010009/?pageType=odds,2026-10-06T11:05:27.393533+00:00
5620260827010003,2026-08-27,岸和田競輪,F2,A1/A2,3,Ａ級予選,21:30,21:25,7,https://keirin.kdreams.jp/kishiwada/racedetail/5620260827010003/?pageType=odds,2026-10-06T11:04:33.308387+00:00
5620260827010004,2026-08-27,岸和田競輪,F2,A1/A2,4,Ａ級予選,21:50,21:45,7,https://keirin.kdreams.jp/kishiwada/racedetail/5620260827010004/?pageType=odds,2026-10-06T11:04:35.200558+00:00
5620260827010005,2026-08-27,岸和田競輪,F2,A1/A2,5,Ａ級予選,22:10,22:05,7,https://keirin.kdreams.jp/kishiwada/racedetail/5620260827010005/?pageType=odds,2026-10-06T11:04:37.316566+00:00
5620260827010006,2026-08-27,岸和田競輪,F2,A1/A2,6,Ａ級予選,22:30,22:25,7,https://keirin.kdreams.jp/kishiwada/racedetail/5620260827010006/?pageType=odds,2026-10-06T11:04:39.303140+00:00
5620260827010007,2026-08-27,岸和田競輪,F2,A1/A2,7,Ａ級予選,22:50,22:45,7,https://keirin.kdreams.jp/kishiwada/racedetail/5620260827010007/?pageType=odds,2026-10-06T11:04:41.092618+00:00
5620260827010008,2026-08-27,岸和田競輪,F2,A1/A2,8,Ａ級予選,23:10,23:05,7,https://keirin.kdreams.jp/kishiwada/racedetail/5620260827010008/?pageType=odds,2026-10-06T11:04:43.048323+00:00
5620260827010009,2026-08-27,岸和田競輪,F2,A1/A2,9,Ａ級初日特選,23:30,23:25,7,https://keirin.kdreams.jp/kishiwada/racedetail/5620260827010009/?pageType=odds,2026-10-06T11:04:45.061598+00:00
4720260825030005,2026-08-27,松阪競輪,F2,A1/A2,5,Ａ級特一般,17:42,17:37,7,https://keirin.kdreams.jp/matsusaka/racedetail/4720260825030005/?pageType=odds,2026-10-06T11:03:23.203724+00:00
4720260825030006,2026-08-27,松阪競輪,F2,A1/A2,6,Ａ級特一般,18:06,18:01,7,https://keirin.kdreams.jp/matsusaka/racedetail/4720260825030006/?pageType=odds,2026-10-06T11:03:25.419388+00:00
4720260825030007,2026-08-27,松阪競輪,F2,A1/A2,7,Ａ級特選,18:30,18:25,7,https://keirin.kdreams.jp/matsusaka/racedetail/4720260825030007/?pageType=odds,2026-10-06T11:03:27.379634+00:00
4720260825030008,2026-08-27,松阪競輪,F2,A1/A2,8,Ａ級特選,18:56,18:51,7,https://keirin.kdreams.jp/matsusaka/racedetail/4720260825030008/?pageType=odds,2026-10-06T11:03:29.243720+00:00
4720260825030011,2026-08-27,松阪競輪,F2,A1/A2,11,Ａ級決勝,20:16,20:11,7,https://keirin.kdreams.jp/matsusaka/racedetail/4720260825030011/?pageType=odds,2026-10-06T11:03:31.182674+00:00
6120260826020001,2026-08-27,玉野競輪,F1,A1/A2,1,Ａ級一般,15:55,15:50,7,https://keirin.kdreams.jp/tamano/racedetail/6120260826020001/?pageType=odds,2026-10-06T11:04:13.331266+00:00
6120260826020002,2026-08-27,玉野競輪,F1,A1/A2,2,Ａ級一般,16:18,16:13,7,https://keirin.kdreams.jp/tamano/racedetail/6120260826020002/?pageType=odds,2026-10-06T11:04:15.234405+00:00
6120260826020003,2026-08-27,玉野競輪,F1,A1/A2,3,Ａ級準決勝,16:42,16:37,7,https://keirin.kdreams.jp/tamano/racedetail/6120260826020003/?pageType=odds,2026-10-06T11:04:17.660465+00:00
6120260826020004,2026-08-27,玉野競輪,F1,A1/A2,4,Ａ級準決勝,17:06,17:01,7,https://keirin.kdreams.jp/tamano/racedetail/6120260826020004/?pageType=odds,2026-10-06T11:04:19.666152+00:00
6120260826020005,2026-08-27,玉野競輪,F1,A1/A2,5,Ａ級準決勝,17:30,17:25,7,https://keirin.kdreams.jp/tamano/racedetail/6120260826020005/?pageType=odds,2026-10-06T11:04:21.663960+00:00
7420260825030001,2026-08-27,高知競輪,F2,A1/A2,1,Ａ級一般,08:40,08:35,7,https://keirin.kdreams.jp/kochi/racedetail/7420260825030001/?pageType=odds,2026-10-06T11:02:49.363123+00:00
7420260825030002,2026-08-27,高知競輪,F2,A1/A2,2,Ａ級一般,09:00,08:55,7,https://keirin.kdreams.jp/kochi/racedetail/7420260825030002/?pageType=odds,2026-10-06T11:02:51.338129+00:00
7420260825030003,2026-08-27,高知競輪,F2,A1/A2,3,Ａ級一般,09:20,09:15,7,https://keirin.kdreams.jp/kochi/racedetail/7420260825030003/?pageType=odds,2026-10-06T11:02:53.387190+00:00
7420260825030004,2026-08-27,高知競輪,F2,A1/A2,4,Ａ級特選,09:40,09:35,7,https://keirin.kdreams.jp/kochi/racedetail/7420260825030004/?pageType=odds,2026-10-06T11:02:55.333956+00:00
7420260825030005,2026-08-27,高知競輪,F2,A1/A2,5,Ａ級特選,10:00,09:55,7,https://keirin.kdreams.jp/kochi/racedetail/7420260825030005/?pageType=odds,2026-10-06T11:02:57.303095+00:00
7420260825030006,2026-08-27,高知競輪,F2,A1/A2,6,Ａ級特選,10:20,10:15,7,https://keirin.kdreams.jp/kochi/racedetail/7420260825030006/?pageType=odds,2026-10-06T11:02:59.259297+00:00
7420260825030007,2026-08-27,高知競輪,F2,A1/A2,7,Ａ級決勝,10:40,10:35,7,https://keirin.kdreams.jp/kochi/racedetail/7420260825030007/?pageType=odds,2026-10-06T11:03:01.364274+00:00
5320260826030001,2026-08-28,奈良競輪,F1,A1/A2,1,Ａ級一般,10:45,10:40,6,https://keirin.kdreams.jp/nara/racedetail/5320260826030001/?pageType=odds,2026-10-06T11:03:53.767520+00:00
5320260826030002,2026-08-28,奈良競輪,F1,A1/A2,2,Ａ級一般,11:11,11:06,7,https://keirin.kdreams.jp/nara/racedetail/5320260826030002/?pageType=odds,2026-10-06T11:03:55.737620+00:00
5320260826030003,2026-08-28,奈良競輪,F1,A1/A2,3,Ａ級特選,11:38,11:33,7,https://keirin.kdreams.jp/nara/racedetail/5320260826030003/?pageType=odds,2026-10-06T11:03:57.809241+00:00
5320260826030004,2026-08-28,奈良競輪,F1,A1/A2,4,Ａ級特選,12:06,12:01,7,https://keirin.kdreams.jp/nara/racedetail/5320260826030004/?pageType=odds,2026-10-06T11:03:59.666822+00:00
5320260826030011,2026-08-28,奈良競輪,F1,A1/A2,11,Ａ級決勝,15:28,15:23,7,https://keirin.kdreams.jp/nara/racedetail/5320260826030011/?pageType=odds,2026-10-06T11:04:01.841597+00:00
8120260828010001,2026-08-28,小倉競輪,F1,A1/A2,1,Ａ級予選,15:51,15:46,7,https://keirin.kdreams.jp/kokura/racedetail/8120260828010001/?pageType=odds,2026-10-06T11:05:58.286741+00:00
8120260828010002,2026-08-28,小倉競輪,F1,A1/A2,2,Ａ級予選,16:14,16:09,7,https://keirin.kdreams.jp/kokura/racedetail/8120260828010002/?pageType=odds,2026-10-06T11:06:00.334142+00:00
8120260828010003,2026-08-28,小倉競輪,F1,A1/A2,3,Ａ級予選,16:38,16:33,7,https://keirin.kdreams.jp/kokura/racedetail/8120260828010003/?pageType=odds,2026-10-06T11:06:02.337192+00:00
8120260828010004,2026-08-28,小倉競輪,F1,A1/A2,4,Ａ級予選,17:02,16:57,7,https://keirin.kdreams.jp/kokura/racedetail/8120260828010004/?pageType=odds,2026-10-06T11:06:04.151259+00:00
8120260828010005,2026-08-28,小倉競輪,F1,A1/A2,5,Ａ級初日特選,17:26,17:21,7,https://keirin.kdreams.jp/kokura/racedetail/8120260828010005/?pageType=odds,2026-10-06T11:06:05.897437+00:00
7320260827020003,2026-08-28,小松島競輪,F2,A1/A2,3,Ａ級一般,21:20,21:15,7,https://keirin.kdreams.jp/komatsushima/racedetail/7320260827020003/?pageType=odds,2026-10-06T11:05:29.755544+00:00
7320260827020004,2026-08-28,小松島競輪,F2,A1/A2,4,Ａ級一般,21:40,21:35,7,https://keirin.kdreams.jp/komatsushima/racedetail/7320260827020004/?pageType=odds,2026-10-06T11:05:32.146846+00:00
7320260827020005,2026-08-28,小松島競輪,F2,A1/A2,5,Ａ級選抜,22:00,21:55,7,https://keirin.kdreams.jp/komatsushima/racedetail/7320260827020005/?pageType=odds,2026-10-06T11:05:34.143298+00:00
7320260827020006,2026-08-28,小松島競輪,F2,A1/A2,6,Ａ級選抜,22:20,22:15,7,https://keirin.kdreams.jp/komatsushima/racedetail/7320260827020006/?pageType=odds,2026-10-06T11:05:36.135960+00:00
7320260827020007,2026-08-28,小松島競輪,F2,A1/A2,7,Ａ級準決勝,22:40,22:35,7,https://keirin.kdreams.jp/komatsushima/racedetail/7320260827020007/?pageType=odds,2026-10-06T11:05:37.755645+00:00
7320260827020008,2026-08-28,小松島競輪,F2,A1/A2,8,Ａ級準決勝,23:00,22:55,7,https://keirin.kdreams.jp/komatsushima/racedetail/7320260827020008/?pageType=odds,2026-10-06T11:05:39.731549+00:00
7320260827020009,2026-08-28,小松島競輪,F2,A1/A2,9,Ａ級準決勝,23:20,23:15,7,https://keirin.kdreams.jp/komatsushima/racedetail/7320260827020009/?pageType=odds,2026-10-06T11:05:41.847755+00:00
5620260827020003,2026-08-28,岸和田競輪,F2,A1/A2,3,Ａ級一般,21:30,21:25,7,https://keirin.kdreams.jp/kishiwada/racedetail/5620260827020003/?pageType=odds,2026-10-06T11:04:46.905515+00:00
5620260827020004,2026-08-28,岸和田競輪,F2,A1/A2,4,Ａ級一般,21:50,21:45,7,https://keirin.kdreams.jp/kishiwada/racedetail/5620260827020004/?pageType=odds,2026-10-06T11:04:48.679825+00:00
5620260827020005,2026-08-28,岸和田競輪,F2,A1/A2,5,Ａ級選抜,22:10,22:05,7,https://keirin.kdreams.jp/kishiwada/racedetail/5620260827020005/?pageType=odds,2026-10-06T11:04:50.699881+00:00
5620260827020006,2026-08-28,岸和田競輪,F2,A1/A2,6,Ａ級選抜,22:30,22:25,7,https://keirin.kdreams.jp/kishiwada/racedetail/5620260827020006/?pageType=odds,2026-10-06T11:04:52.589065+00:00
5620260827020007,2026-08-28,岸和田競輪,F2,A1/A2,7,Ａ級準決勝,22:50,22:45,7,https://keirin.kdreams.jp/kishiwada/racedetail/5620260827020007/?pageType=odds,2026-10-06T11:04:54.501180+00:00
5620260827020008,2026-08-28,岸和田競輪,F2,A1/A2,8,Ａ級準決勝,23:10,23:05,7,https://keirin.kdreams.jp/kishiwada/racedetail/5620260827020008/?pageType=odds,2026-10-06T11:04:56.460520+00:00
5620260827020009,2026-08-28,岸和田競輪,F2,A1/A2,9,Ａ級準決勝,23:30,23:25,7,https://keirin.kdreams.jp/kishiwada/racedetail/5620260827020009/?pageType=odds,2026-10-06T11:04:58.488868+00:00
6120260826030001,2026-08-28,玉野競輪,F1,A1/A2,1,Ａ級一般,16:06,16:01,7,https://keirin.kdreams.jp/tamano/racedetail/6120260826030001/?pageType=odds,2026-10-06T11:04:23.800386+00:00
6120260826030002,2026-08-28,玉野競輪,F1,A1/A2,2,Ａ級一般,16:28,16:23,7,https://keirin.kdreams.jp/tamano/racedetail/6120260826030002/?pageType=odds,2026-10-06T11:04:25.667652+00:00
6120260826030003,2026-08-28,玉野競輪,F1,A1/A2,3,Ａ級特選,16:50,16:45,7,https://keirin.kdreams.jp/tamano/racedetail/6120260826030003/?pageType=odds,2026-10-06T11:04:27.655882+00:00
6120260826030004,2026-08-28,玉野競輪,F1,A1/A2,4,Ａ級特選,17:14,17:09,7,https://keirin.kdreams.jp/tamano/racedetail/6120260826030004/?pageType=odds,2026-10-06T11:04:29.391055+00:00
6120260826030011,2026-08-28,玉野競輪,F1,A1/A2,11,Ａ級決勝,20:04,19:59,7,https://keirin.kdreams.jp/tamano/racedetail/6120260826030011/?pageType=odds,2026-10-06T11:04:31.298912+00:00
4820260829010007,2026-08-29,四日市競輪,F2,A1/A2,7,Ａ級特予選,18:30,18:25,7,https://keirin.kdreams.jp/yokkaichi/racedetail/4820260829010007/?pageType=odds,2026-10-06T11:06:27.333198+00:00
4820260829010008,2026-08-29,四日市競輪,F2,A1/A2,8,Ａ級特予選,18:56,18:51,7,https://keirin.kdreams.jp/yokkaichi/racedetail/4820260829010008/?pageType=odds,2026-10-06T11:06:29.534301+00:00
4820260829010009,2026-08-29,四日市競輪,F2,A1/A2,9,Ａ級特予選,19:22,19:17,7,https://keirin.kdreams.jp/yokkaichi/racedetail/4820260829010009/?pageType=odds,2026-10-06T11:06:31.561509+00:00
4820260829010010,2026-08-29,四日市競輪,F2,A1/A2,10,Ａ級特予選,19:48,19:43,7,https://keirin.kdreams.jp/yokkaichi/racedetail/4820260829010010/?pageType=odds,2026-10-06T11:06:33.397210+00:00
4820260829010011,2026-08-29,四日市競輪,F2,A1/A2,11,Ａ級初日特選,20:16,20:11,7,https://keirin.kdreams.jp/yokkaichi/racedetail/4820260829010011/?pageType=odds,2026-10-06T11:06:35.288065+00:00
8120260828020001,2026-08-29,小倉競輪,F1,A1/A2,1,Ａ級一般,15:55,15:50,7,https://keirin.kdreams.jp/kokura/racedetail/8120260828020001/?pageType=odds,2026-10-06T11:06:07.869242+00:00
8120260828020002,2026-08-29,小倉競輪,F1,A1/A2,2,Ａ級一般,16:18,16:13,7,https://keirin.kdreams.jp/kokura/racedetail/8120260828020002/?pageType=odds,2026-10-06T11:06:09.771040+00:00
8120260828020003,2026-08-29,小倉競輪,F1,A1/A2,3,Ａ級準決勝,16:42,16:37,7,https://keirin.kdreams.jp/kokura/racedetail/8120260828020003/?pageType=odds,2026-10-06T11:06:11.854085+00:00
8120260828020004,2026-08-29,小倉競輪,F1,A1/A2,4,Ａ級準決勝,17:06,17:01,7,https://keirin.kdreams.jp/kokura/racedetail/8120260828020004/?pageType=odds,2026-10-06T11:06:13.769239+00:00
8120260828020005,2026-08-29,小倉競輪,F1,A1/A2,5,Ａ級準決勝,17:30,17:25,7,https://keirin.kdreams.jp/kokura/racedetail/8120260828020005/?pageType=odds,2026-10-06T11:06:15.676568+00:00
7320260827030002,2026-08-29,小松島競輪,F2,A1/A2,2,Ａ級一般,21:00,20:55,7,https://keirin.kdreams.jp/komatsushima/racedetail/7320260827030002/?pageType=odds,2026-10-06T11:05:44.276877+00:00
7320260827030003,2026-08-29,小松島競輪,F2,A1/A2,3,Ａ級一般,21:20,21:15,7,https://keirin.kdreams.jp/komatsushima/racedetail/7320260827030003/?pageType=odds,2026-10-06T11:05:46.166171+00:00
7320260827030004,2026-08-29,小松島競輪,F2,A1/A2,4,Ａ級一般,21:40,21:35,7,https://keirin.kdreams.jp/komatsushima/racedetail/7320260827030004/?pageType=odds,2026-10-06T11:05:48.136124+00:00
7320260827030005,2026-08-29,小松島競輪,F2,A1/A2,5,Ａ級特選,22:00,21:55,7,https://keirin.kdreams.jp/komatsushima/racedetail/7320260827030005/?pageType=odds,2026-10-06T11:05:50.078787+00:00
7320260827030006,2026-08-29,小松島競輪,F2,A1/A2,6,Ａ級特選,22:20,22:15,7,https://keirin.kdreams.jp/komatsushima/racedetail/7320260827030006/?pageType=odds,2026-10-06T11:05:52.069581+00:00
7320260827030007,2026-08-29,小松島競輪,F2,A1/A2,7,Ａ級特選,22:40,22:35,7,https://keirin.kdreams.jp/komatsushima/racedetail/7320260827030007/?pageType=odds,2026-10-06T11:05:54.308468+00:00
7320260827030009,2026-08-29,小松島競輪,F2,A1/A2,9,Ａ級決勝,23:20,23:15,7,https://keirin.kdreams.jp/komatsushima/racedetail/7320260827030009/?pageType=odds,2026-10-06T11:05:56.350299+00:00
5620260827030002,2026-08-29,岸和田競輪,F2,A1/A2,2,Ａ級一般,21:10,21:05,7,https://keirin.kdreams.jp/kishiwada/racedetail/5620260827030002/?pageType=odds,2026-10-06T11:05:00.458792+00:00
5620260827030003,2026-08-29,岸和田競輪,F2,A1/A2,3,Ａ級一般,21:30,21:25,7,https://keirin.kdreams.jp/kishiwada/racedetail/5620260827030003/?pageType=odds,2026-10-06T11:05:02.486362+00:00
5620260827030004,2026-08-29,岸和田競輪,F2,A1/A2,4,Ａ級一般,21:50,21:45,7,https://keirin.kdreams.jp/kishiwada/racedetail/5620260827030004/?pageType=odds,2026-10-06T11:05:04.518603+00:00
5620260827030005,2026-08-29,岸和田競輪,F2,A1/A2,5,Ａ級特選,22:10,22:05,7,https://keirin.kdreams.jp/kishiwada/racedetail/5620260827030005/?pageType=odds,2026-10-06T11:05:06.611048+00:00
5620260827030006,2026-08-29,岸和田競輪,F2,A1/A2,6,Ａ級特選,22:30,22:25,7,https://keirin.kdreams.jp/kishiwada/racedetail/5620260827030006/?pageType=odds,2026-10-06T11:05:08.580616+00:00
5620260827030007,2026-08-29,岸和田競輪,F2,A1/A2,7,Ａ級特選,22:50,22:45,7,https://keirin.kdreams.jp/kishiwada/racedetail/5620260827030007/?pageType=odds,2026-10-06T11:05:10.671312+00:00
5620260827030009,2026-08-29,岸和田競輪,F2,A1/A2,9,Ａ級決勝,23:30,23:25,7,https://keirin.kdreams.jp/kishiwada/racedetail/5620260827030009/?pageType=odds,2026-10-06T11:05:12.694733+00:00
5520260830010001,2026-08-30,和歌山競輪,F2,A1/A2,1,Ａ級特予選,08:30,08:25,7,https://keirin.kdreams.jp/wakayama/racedetail/5520260830010001/?pageType=odds,2026-10-06T11:08:08.912427+00:00
5520260830010002,2026-08-30,和歌山競輪,F2,A1/A2,2,Ａ級特予選,08:50,08:45,7,https://keirin.kdreams.jp/wakayama/racedetail/5520260830010002/?pageType=odds,2026-10-06T11:08:11.093456+00:00
5520260830010003,2026-08-30,和歌山競輪,F2,A1/A2,3,Ａ級特予選,09:11,09:06,7,https://keirin.kdreams.jp/wakayama/racedetail/5520260830010003/?pageType=odds,2026-10-06T11:08:13.010122+00:00
5520260830010004,2026-08-30,和歌山競輪,F2,A1/A2,4,Ａ級特予選,09:32,09:27,7,https://keirin.kdreams.jp/wakayama/racedetail/5520260830010004/?pageType=odds,2026-10-06T11:08:14.939893+00:00
5520260830010005,2026-08-30,和歌山競輪,F2,A1/A2,5,Ａ級初日特選,09:53,09:48,7,https://keirin.kdreams.jp/wakayama/racedetail/5520260830010005/?pageType=odds,2026-10-06T11:08:16.612255+00:00
4820260829020007,2026-08-30,四日市競輪,F2,A1/A2,7,Ａ級特一般,18:30,18:25,7,https://keirin.kdreams.jp/yokkaichi/racedetail/4820260829020007/?pageType=odds,2026-10-06T11:06:37.211139+00:00
4820260829020008,2026-08-30,四日市競輪,F2,A1/A2,8,Ａ級特一般,18:56,18:51,7,https://keirin.kdreams.jp/yokkaichi/racedetail/4820260829020008/?pageType=odds,2026-10-06T11:06:39.180711+00:00
4820260829020009,2026-08-30,四日市競輪,F2,A1/A2,9,Ａ級準決勝,19:22,19:17,7,https://keirin.kdreams.jp/yokkaichi/racedetail/4820260829020009/?pageType=odds,2026-10-06T11:06:41.226401+00:00
4820260829020010,2026-08-30,四日市競輪,F2,A1/A2,10,Ａ級準決勝,19:48,19:43,7,https://keirin.kdreams.jp/yokkaichi/racedetail/4820260829020010/?pageType=odds,2026-10-06T11:06:43.075291+00:00
4820260829020011,2026-08-30,四日市競輪,F2,A1/A2,11,Ａ級準決勝,20:16,20:11,7,https://keirin.kdreams.jp/yokkaichi/racedetail/4820260829020011/?pageType=odds,2026-10-06T11:06:45.048166+00:00
8120260828030001,2026-08-30,小倉競輪,F1,A1/A2,1,Ａ級一般,15:55,15:50,7,https://keirin.kdreams.jp/kokura/racedetail/8120260828030001/?pageType=odds,2026-10-06T11:06:17.554383+00:00
8120260828030002,2026-08-30,小倉競輪,F1,A1/A2,2,Ａ級一般,16:18,16:13,7,https://keirin.kdreams.jp/kokura/racedetail/8120260828030002/?pageType=odds,2026-10-06T11:06:19.621825+00:00
8120260828030003,2026-08-30,小倉競輪,F1,A1/A2,3,Ａ級特選,16:42,16:37,7,https://keirin.kdreams.jp/kokura/racedetail/8120260828030003/?pageType=odds,2026-10-06T11:06:21.536512+00:00
8120260828030004,2026-08-30,小倉競輪,F1,A1/A2,4,Ａ級特選,17:06,17:01,7,https://keirin.kdreams.jp/kokura/racedetail/8120260828030004/?pageType=odds,2026-10-06T11:06:23.490821+00:00
8120260828030011,2026-08-30,小倉競輪,F1,A1/A2,11,Ａ級決勝,20:02,19:57,7,https://keirin.kdreams.jp/kokura/racedetail/8120260828030011/?pageType=odds,2026-10-06T11:06:25.371706+00:00
4320260830010001,2026-08-30,岐阜競輪,F2,A1/A2,1,Ａ級予選,20:57,20:52,7,https://keirin.kdreams.jp/gifu/racedetail/4320260830010001/?pageType=odds,2026-10-06T11:06:57.282840+00:00
4320260830010002,2026-08-30,岐阜競輪,F2,A1/A2,2,Ａ級予選,21:21,21:16,7,https://keirin.kdreams.jp/gifu/racedetail/4320260830010002/?pageType=odds,2026-10-06T11:06:59.140038+00:00
4320260830010003,2026-08-30,岐阜競輪,F2,A1/A2,3,Ａ級予選,21:45,21:40,7,https://keirin.kdreams.jp/gifu/racedetail/4320260830010003/?pageType=odds,2026-10-06T11:07:01.190151+00:00
4320260830010004,2026-08-30,岐阜競輪,F2,A1/A2,4,Ａ級予選,22:09,22:04,7,https://keirin.kdreams.jp/gifu/racedetail/4320260830010004/?pageType=odds,2026-10-06T11:07:03.054132+00:00
4320260830010005,2026-08-30,岐阜競輪,F2,A1/A2,5,Ａ級予選,22:36,22:31,7,https://keirin.kdreams.jp/gifu/racedetail/4320260830010005/?pageType=odds,2026-10-06T11:07:04.951857+00:00
4320260830010006,2026-08-30,岐阜競輪,F2,A1/A2,6,Ａ級予選,23:03,22:58,7,https://keirin.kdreams.jp/gifu/racedetail/4320260830010006/?pageType=odds,2026-10-06T11:07:07.256330+00:00
4320260830010007,2026-08-30,岐阜競輪,F2,A1/A2,7,Ａ級初日特選,23:30,23:25,7,https://keirin.kdreams.jp/gifu/racedetail/4320260830010007/?pageType=odds,2026-10-06T11:07:09.388451+00:00
3420260830010001,2026-08-30,川崎競輪,F1,A1/A2,1,Ａ級予選,10:45,10:40,7,https://keirin.kdreams.jp/kawasaki/racedetail/3420260830010001/?pageType=odds,2026-10-06T11:07:39.065696+00:00
3420260830010002,2026-08-30,川崎競輪,F1,A1/A2,2,Ａ級予選,11:12,11:07,7,https://keirin.kdreams.jp/kawasaki/racedetail/3420260830010002/?pageType=odds,2026-10-06T11:07:40.944595+00:00
3420260830010003,2026-08-30,川崎競輪,F1,A1/A2,3,Ａ級予選,11:40,11:35,7,https://keirin.kdreams.jp/kawasaki/racedetail/3420260830010003/?pageType=odds,2026-10-06T11:07:42.896750+00:00
3420260830010004,2026-08-30,川崎競輪,F1,A1/A2,4,Ａ級予選,12:08,12:03,7,https://keirin.kdreams.jp/kawasaki/racedetail/3420260830010004/?pageType=odds,2026-10-06T11:07:44.829090+00:00
3420260830010005,2026-08-30,川崎競輪,F1,A1/A2,5,Ａ級初日特選,12:36,12:31,7,https://keirin.kdreams.jp/kawasaki/racedetail/3420260830010005/?pageType=odds,2026-10-06T11:07:46.505199+00:00
5520260830020001,2026-08-31,和歌山競輪,F2,A1/A2,1,Ａ級特一般,08:40,08:35,7,https://keirin.kdreams.jp/wakayama/racedetail/5520260830020001/?pageType=odds,2026-10-06T11:08:18.714681+00:00
5520260830020002,2026-08-31,和歌山競輪,F2,A1/A2,2,Ａ級特一般,09:00,08:55,7,https://keirin.kdreams.jp/wakayama/racedetail/5520260830020002/?pageType=odds,2026-10-06T11:08:20.786258+00:00
5520260830020003,2026-08-31,和歌山競輪,F2,A1/A2,3,Ａ級準決勝,09:20,09:15,7,https://keirin.kdreams.jp/wakayama/racedetail/5520260830020003/?pageType=odds,2026-10-06T11:08:22.659216+00:00
5520260830020004,2026-08-31,和歌山競輪,F2,A1/A2,4,Ａ級準決勝,09:40,09:35,7,https://keirin.kdreams.jp/wakayama/racedetail/5520260830020004/?pageType=odds,2026-10-06T11:08:24.833957+00:00
5520260830020005,2026-08-31,和歌山競輪,F2,A1/A2,5,Ａ級準決勝,10:00,09:55,7,https://keirin.kdreams.jp/wakayama/racedetail/5520260830020005/?pageType=odds,2026-10-06T11:08:26.870680+00:00
4820260829030005,2026-08-31,四日市競輪,F2,A1/A2,5,Ａ級特一般,17:41,17:36,6,https://keirin.kdreams.jp/yokkaichi/racedetail/4820260829030005/?pageType=odds,2026-10-06T11:06:46.829545+00:00
4820260829030006,2026-08-31,四日市競輪,F2,A1/A2,6,Ａ級特一般,18:05,18:00,7,https://keirin.kdreams.jp/yokkaichi/racedetail/4820260829030006/?pageType=odds,2026-10-06T11:06:49.241260+00:00
4820260829030007,2026-08-31,四日市競輪,F2,A1/A2,7,Ａ級特選,18:29,18:24,7,https://keirin.kdreams.jp/yokkaichi/racedetail/4820260829030007/?pageType=odds,2026-10-06T11:06:51.271041+00:00
4820260829030008,2026-08-31,四日市競輪,F2,A1/A2,8,Ａ級特選,18:55,18:50,7,https://keirin.kdreams.jp/yokkaichi/racedetail/4820260829030008/?pageType=odds,2026-10-06T11:06:53.190745+00:00
4820260829030011,2026-08-31,四日市競輪,F2,A1/A2,11,Ａ級決勝,20:15,20:10,7,https://keirin.kdreams.jp/yokkaichi/racedetail/4820260829030011/?pageType=odds,2026-10-06T11:06:55.281485+00:00
2420260831010001,2026-08-31,宇都宮競輪,F1,A1/A2,1,Ａ級予選,15:53,15:48,7,https://keirin.kdreams.jp/utsunomiya/racedetail/2420260831010001/?pageType=odds,2026-10-06T11:10:13.594220+00:00
2420260831010002,2026-08-31,宇都宮競輪,F1,A1/A2,2,Ａ級予選,16:17,16:12,7,https://keirin.kdreams.jp/utsunomiya/racedetail/2420260831010002/?pageType=odds,2026-10-06T11:10:15.594317+00:00
2420260831010003,2026-08-31,宇都宮競輪,F1,A1/A2,3,Ａ級予選,16:41,16:36,7,https://keirin.kdreams.jp/utsunomiya/racedetail/2420260831010003/?pageType=odds,2026-10-06T11:10:17.306225+00:00
2420260831010004,2026-08-31,宇都宮競輪,F1,A1/A2,4,Ａ級予選,17:05,17:00,7,https://keirin.kdreams.jp/utsunomiya/racedetail/2420260831010004/?pageType=odds,2026-10-06T11:10:19.571450+00:00
2420260831010005,2026-08-31,宇都宮競輪,F1,A1/A2,5,Ａ級初日特選,17:29,17:24,7,https://keirin.kdreams.jp/utsunomiya/racedetail/2420260831010005/?pageType=odds,2026-10-06T11:10:21.594256+00:00
4320260830020001,2026-08-31,岐阜競輪,F2,A1/A2,1,Ａ級一般,20:57,20:52,7,https://keirin.kdreams.jp/gifu/racedetail/4320260830020001/?pageType=odds,2026-10-06T11:07:11.382704+00:00
4320260830020002,2026-08-31,岐阜競輪,F2,A1/A2,2,Ａ級一般,21:21,21:16,7,https://keirin.kdreams.jp/gifu/racedetail/4320260830020002/?pageType=odds,2026-10-06T11:07:13.469580+00:00
4320260830020003,2026-08-31,岐阜競輪,F2,A1/A2,3,Ａ級選抜,21:45,21:40,7,https://keirin.kdreams.jp/gifu/racedetail/4320260830020003/?pageType=odds,2026-10-06T11:07:15.381840+00:00
4320260830020004,2026-08-31,岐阜競輪,F2,A1/A2,4,Ａ級選抜,22:09,22:04,7,https://keirin.kdreams.jp/gifu/racedetail/4320260830020004/?pageType=odds,2026-10-06T11:07:17.367197+00:00
4320260830020005,2026-08-31,岐阜競輪,F2,A1/A2,5,Ａ級準決勝,22:36,22:31,7,https://keirin.kdreams.jp/gifu/racedetail/4320260830020005/?pageType=odds,2026-10-06T11:07:19.626725+00:00
4320260830020006,2026-08-31,岐阜競輪,F2,A1/A2,6,Ａ級準決勝,23:03,22:58,7,https://keirin.kdreams.jp/gifu/racedetail/4320260830020006/?pageType=odds,2026-10-06T11:07:21.593126+00:00
4320260830020007,2026-08-31,岐阜競輪,F2,A1/A2,7,Ａ級準決勝,23:30,23:25,7,https://keirin.kdreams.jp/gifu/racedetail/4320260830020007/?pageType=odds,2026-10-06T11:07:23.485732+00:00
3420260830020001,2026-08-31,川崎競輪,F1,A1/A2,1,Ａ級一般,10:53,10:48,7,https://keirin.kdreams.jp/kawasaki/racedetail/3420260830020001/?pageType=odds,2026-10-06T11:07:48.481223+00:00
3420260830020002,2026-08-31,川崎競輪,F1,A1/A2,2,Ａ級一般,11:17,11:12,7,https://keirin.kdreams.jp/kawasaki/racedetail/3420260830020002/?pageType=odds,2026-10-06T11:07:50.518904+00:00
3420260830020003,2026-08-31,川崎競輪,F1,A1/A2,3,Ａ級準決勝,11:43,11:38,7,https://keirin.kdreams.jp/kawasaki/racedetail/3420260830020003/?pageType=odds,2026-10-06T11:07:53.035330+00:00
3420260830020004,2026-08-31,川崎競輪,F1,A1/A2,4,Ａ級準決勝,12:10,12:05,7,https://keirin.kdreams.jp/kawasaki/racedetail/3420260830020004/?pageType=odds,2026-10-06T11:07:55.015256+00:00
3420260830020005,2026-08-31,川崎競輪,F1,A1/A2,5,Ａ級準決勝,12:37,12:32,7,https://keirin.kdreams.jp/kawasaki/racedetail/3420260830020005/?pageType=odds,2026-10-06T11:07:57.123107+00:00
7520260831010001,2026-08-31,松山競輪,F1,A1/A2,1,Ａ級予選,10:45,10:40,7,https://keirin.kdreams.jp/matsuyama/racedetail/7520260831010001/?pageType=odds,2026-10-06T11:09:16.163391+00:00
7520260831010002,2026-08-31,松山競輪,F1,A1/A2,2,Ａ級予選,11:09,11:04,7,https://keirin.kdreams.jp/matsuyama/racedetail/7520260831010002/?pageType=odds,2026-10-06T11:09:17.986747+00:00
7520260831010003,2026-08-31,松山競輪,F1,A1/A2,3,Ａ級予選,11:34,11:29,7,https://keirin.kdreams.jp/matsuyama/racedetail/7520260831010003/?pageType=odds,2026-10-06T11:09:19.808772+00:00
7520260831010004,2026-08-31,松山競輪,F1,A1/A2,4,Ａ級予選,12:01,11:56,7,https://keirin.kdreams.jp/matsuyama/racedetail/7520260831010004/?pageType=odds,2026-10-06T11:09:21.659263+00:00
7520260831010005,2026-08-31,松山競輪,F1,A1/A2,5,Ａ級初日特選,12:28,12:23,7,https://keirin.kdreams.jp/matsuyama/racedetail/7520260831010005/?pageType=odds,2026-10-06T11:09:23.550139+00:00
4720260831010001,2026-08-31,松阪競輪,F2,A1/A2,1,Ａ級予選,08:30,08:25,7,https://keirin.kdreams.jp/matsusaka/racedetail/4720260831010001/?pageType=odds,2026-10-06T11:08:38.041807+00:00
4720260831010002,2026-08-31,松阪競輪,F2,A1/A2,2,Ａ級予選,08:50,08:45,7,https://keirin.kdreams.jp/matsusaka/racedetail/4720260831010002/?pageType=odds,2026-10-06T11:08:39.968105+00:00
4720260831010003,2026-08-31,松阪競輪,F2,A1/A2,3,Ａ級予選,09:10,09:05,7,https://keirin.kdreams.jp/matsusaka/racedetail/4720260831010003/?pageType=odds,2026-10-06T11:08:41.766172+00:00
4720260831010004,2026-08-31,松阪競輪,F2,A1/A2,4,Ａ級予選,09:30,09:25,7,https://keirin.kdreams.jp/matsusaka/racedetail/4720260831010004/?pageType=odds,2026-10-06T11:08:43.883276+00:00
4720260831010005,2026-08-31,松阪競輪,F2,A1/A2,5,Ａ級予選,09:50,09:45,7,https://keirin.kdreams.jp/matsusaka/racedetail/4720260831010005/?pageType=odds,2026-10-06T11:08:45.865255+00:00
4720260831010006,2026-08-31,松阪競輪,F2,A1/A2,6,Ａ級予選,10:10,10:05,7,https://keirin.kdreams.jp/matsusaka/racedetail/4720260831010006/?pageType=odds,2026-10-06T11:08:47.786028+00:00
4720260831010007,2026-08-31,松阪競輪,F2,A1/A2,7,Ａ級初日特選,10:30,10:25,7,https://keirin.kdreams.jp/matsusaka/racedetail/4720260831010007/?pageType=odds,2026-10-06T11:08:49.582188+00:00
2620260831010007,2026-08-31,西武園競輪,F2,A1/A2,7,Ａ級特予選,13:46,13:41,7,https://keirin.kdreams.jp/seibuen/racedetail/2620260831010007/?pageType=odds,2026-10-06T11:09:44.491582+00:00
2620260831010008,2026-08-31,西武園競輪,F2,A1/A2,8,Ａ級特予選,14:16,14:11,7,https://keirin.kdreams.jp/seibuen/racedetail/2620260831010008/?pageType=odds,2026-10-06T11:09:46.885938+00:00
2620260831010009,2026-08-31,西武園競輪,F2,A1/A2,9,Ａ級特予選,14:46,14:41,7,https://keirin.kdreams.jp/seibuen/racedetail/2620260831010009/?pageType=odds,2026-10-06T11:09:48.839322+00:00
2620260831010010,2026-08-31,西武園競輪,F2,A1/A2,10,Ａ級特予選,15:16,15:11,7,https://keirin.kdreams.jp/seibuen/racedetail/2620260831010010/?pageType=odds,2026-10-06T11:09:50.831235+00:00
2620260831010011,2026-08-31,西武園競輪,F2,A1/A2,11,Ａ級初日特選,15:46,15:41,7,https://keirin.kdreams.jp/seibuen/racedetail/2620260831010011/?pageType=odds,2026-10-06T11:09:53.231147+00:00
