race_id,race_date,track,meeting_grade,class_scope,race_no,race_type,start_time,deadline,entry_count,source_url,captured_at_utc,predicted_line_formation,line_status,line_provider,line_source
8520241101010001,2024-11-01,佐世保競輪,F1,A1/A2,1,Ａ級予選,15:50,15:45,7,https://keirin.kdreams.jp/sasebo/racedetail/8520241101010001/?pageType=odds,2026-10-05T04:44:49.566980+00:00,1/7-2/3-5/4/6,published,百万弗,楽天Kドリームス 並び予想
8520241101010002,2024-11-01,佐世保競輪,F1,A1/A2,2,Ａ級予選,16:13,16:08,7,https://keirin.kdreams.jp/sasebo/racedetail/8520241101010002/?pageType=odds,2026-10-05T04:44:51.455130+00:00,1-5/7-2/3-4-6,published,百万弗,楽天Kドリームス 並び予想
8520241101010003,2024-11-01,佐世保競輪,F1,A1/A2,3,Ａ級予選,16:36,16:31,7,https://keirin.kdreams.jp/sasebo/racedetail/8520241101010003/?pageType=odds,2026-10-05T04:44:53.125758+00:00,7-1-4/6/5-2-3,published,百万弗,楽天Kドリームス 並び予想
8520241101010004,2024-11-01,佐世保競輪,F1,A1/A2,4,Ａ級予選,16:59,16:54,7,https://keirin.kdreams.jp/sasebo/racedetail/8520241101010004/?pageType=odds,2026-10-05T04:44:54.839273+00:00,5-1-3/6/7-2-4,published,百万弗,楽天Kドリームス 並び予想
8520241101010005,2024-11-01,佐世保競輪,F1,A1/A2,5,Ａ級初日特選,17:22,17:17,7,https://keirin.kdreams.jp/sasebo/racedetail/8520241101010005/?pageType=odds,2026-10-05T04:44:56.515640+00:00,3-5/1-6/7-2-4,published,百万弗,楽天Kドリームス 並び予想
2220241030030001,2024-11-01,前橋競輪,F2,A1/A2,1,Ａ級一般,20:50,20:45,7,https://keirin.kdreams.jp/maebashi/racedetail/2220241030030001/?pageType=odds,2026-10-05T04:43:13.410181+00:00,1-5-6/2/3/4/7,published,アオケイ,楽天Kドリームス 並び予想
2220241030030002,2024-11-01,前橋競輪,F2,A1/A2,2,Ａ級一般,21:15,21:10,7,https://keirin.kdreams.jp/maebashi/racedetail/2220241030030002/?pageType=odds,2026-10-05T04:43:15.066353+00:00,1-3-4/2-5-7/6,published,アオケイ,楽天Kドリームス 並び予想
2220241030030003,2024-11-01,前橋競輪,F2,A1/A2,3,Ａ級一般,21:40,21:35,7,https://keirin.kdreams.jp/maebashi/racedetail/2220241030030003/?pageType=odds,2026-10-05T04:43:16.761244+00:00,7-1-2-4/3/5/6,published,アオケイ,楽天Kドリームス 並び予想
2220241030030004,2024-11-01,前橋競輪,F2,A1/A2,4,Ａ級特選,22:05,22:00,7,https://keirin.kdreams.jp/maebashi/racedetail/2220241030030004/?pageType=odds,2026-10-05T04:43:18.393129+00:00,3-1-6/2-4-5/7,published,アオケイ,楽天Kドリームス 並び予想
2220241030030005,2024-11-01,前橋競輪,F2,A1/A2,5,Ａ級特選,22:30,22:25,7,https://keirin.kdreams.jp/maebashi/racedetail/2220241030030005/?pageType=odds,2026-10-05T04:43:20.083210+00:00,1-7/6-2/4-3-5,published,アオケイ,楽天Kドリームス 並び予想
2220241030030006,2024-11-01,前橋競輪,F2,A1/A2,6,Ａ級特選,22:55,22:50,7,https://keirin.kdreams.jp/maebashi/racedetail/2220241030030006/?pageType=odds,2026-10-05T04:43:21.886487+00:00,2-4/1-5-3/7-6,published,アオケイ,楽天Kドリームス 並び予想
2220241030030007,2024-11-01,前橋競輪,F2,A1/A2,7,Ａ級決勝,23:20,23:15,7,https://keirin.kdreams.jp/maebashi/racedetail/2220241030030007/?pageType=odds,2026-10-05T04:43:23.598918+00:00,6-2/1/3-4-7/5,published,アオケイ,楽天Kドリームス 並び予想
4220241101010001,2024-11-01,名古屋競輪,F1,A1/A2,1,Ａ級予選,10:53,10:48,7,https://keirin.kdreams.jp/nagoya/racedetail/4220241101010001/?pageType=odds,2026-10-05T04:44:23.054767+00:00,5-1-6/3/2-4-7,published,中部競輪,楽天Kドリームス 並び予想
4220241101010002,2024-11-01,名古屋競輪,F1,A1/A2,2,Ａ級予選,11:20,11:15,7,https://keirin.kdreams.jp/nagoya/racedetail/4220241101010002/?pageType=odds,2026-10-05T04:44:24.929796+00:00,1-4-7/6/5-3-2,published,中部競輪,楽天Kドリームス 並び予想
4220241101010003,2024-11-01,名古屋競輪,F1,A1/A2,3,Ａ級予選,11:50,11:45,7,https://keirin.kdreams.jp/nagoya/racedetail/4220241101010003/?pageType=odds,2026-10-05T04:44:26.727562+00:00,3-7/5-2/4-1-6,published,中部競輪,楽天Kドリームス 並び予想
4220241101010004,2024-11-01,名古屋競輪,F1,A1/A2,4,Ａ級予選,12:20,12:15,7,https://keirin.kdreams.jp/nagoya/racedetail/4220241101010004/?pageType=odds,2026-10-05T04:44:28.472480+00:00,7-3/2-5-4/6-1,published,中部競輪,楽天Kドリームス 並び予想
4220241101010005,2024-11-01,名古屋競輪,F1,A1/A2,5,Ａ級初日特選,12:50,12:45,7,https://keirin.kdreams.jp/nagoya/racedetail/4220241101010005/?pageType=odds,2026-10-05T04:44:30.212311+00:00,3-4-7/1/6-2-5,published,中部競輪,楽天Kドリームス 並び予想
2120241030030006,2024-11-01,弥彦競輪,F2,A1/A2,6,Ａ級特一般,12:55,12:50,6,https://keirin.kdreams.jp/yahiko/racedetail/2120241030030006/?pageType=odds,2026-10-05T04:45:40.790338+00:00,1-6/2-4-5/3,published,新潟スポーツ,楽天Kドリームス 並び予想
2120241030030007,2024-11-01,弥彦競輪,F2,A1/A2,7,Ａ級特一般,13:25,13:20,7,https://keirin.kdreams.jp/yahiko/racedetail/2120241030030007/?pageType=odds,2026-10-05T04:45:42.866499+00:00,6-1-7/3/5/2-4,published,新潟スポーツ,楽天Kドリームス 並び予想
2120241030030008,2024-11-01,弥彦競輪,F2,A1/A2,8,Ａ級特選,13:55,13:50,7,https://keirin.kdreams.jp/yahiko/racedetail/2120241030030008/?pageType=odds,2026-10-05T04:45:44.617759+00:00,1-7-6/5-2/3-4,published,新潟スポーツ,楽天Kドリームス 並び予想
2120241030030009,2024-11-01,弥彦競輪,F2,A1/A2,9,Ａ級特選,14:25,14:20,7,https://keirin.kdreams.jp/yahiko/racedetail/2120241030030009/?pageType=odds,2026-10-05T04:45:46.325996+00:00,3-7-2/1/4/5-6,published,新潟スポーツ,楽天Kドリームス 並び予想
2120241030030012,2024-11-01,弥彦競輪,F2,A1/A2,12,Ａ級決勝,16:10,16:05,7,https://keirin.kdreams.jp/yahiko/racedetail/2120241030030012/?pageType=odds,2026-10-05T04:45:48.059766+00:00,5-7-1/2/4-3-6,published,新潟スポーツ,楽天Kドリームス 並び予想
3120241030030001,2024-11-01,松戸競輪,F1,A1/A2,1,Ａ級一般,15:28,15:23,7,https://keirin.kdreams.jp/matsudo/racedetail/3120241030030001/?pageType=odds,2026-10-05T04:43:41.292912+00:00,1-6/4-2-7/3-5,published,アオケイ,楽天Kドリームス 並び予想
3120241030030002,2024-11-01,松戸競輪,F1,A1/A2,2,Ａ級一般,15:52,15:47,7,https://keirin.kdreams.jp/matsudo/racedetail/3120241030030002/?pageType=odds,2026-10-05T04:43:43.015952+00:00,3-7/1/6-5-2/4,published,アオケイ,楽天Kドリームス 並び予想
3120241030030003,2024-11-01,松戸競輪,F1,A1/A2,3,Ａ級特選,16:16,16:11,7,https://keirin.kdreams.jp/matsudo/racedetail/3120241030030003/?pageType=odds,2026-10-05T04:43:44.713351+00:00,1-4/6-2-7/5-3,published,アオケイ,楽天Kドリームス 並び予想
3120241030030004,2024-11-01,松戸競輪,F1,A1/A2,4,Ａ級特選,16:42,16:37,7,https://keirin.kdreams.jp/matsudo/racedetail/3120241030030004/?pageType=odds,2026-10-05T04:43:46.383418+00:00,7-2-5/1/3-4-6,published,アオケイ,楽天Kドリームス 並び予想
3120241030030010,2024-11-01,松戸競輪,F1,A1/A2,10,Ａ級決勝,19:29,19:24,7,https://keirin.kdreams.jp/matsudo/racedetail/3120241030030010/?pageType=odds,2026-10-05T04:43:48.273231+00:00,1-7-5/2-6/3-4,published,アオケイ,楽天Kドリームス 並び予想
4720241030030001,2024-11-01,松阪競輪,F2,A1/A2,1,Ａ級一般,20:40,20:35,7,https://keirin.kdreams.jp/matsusaka/racedetail/4720241030030001/?pageType=odds,2026-10-05T04:44:10.472079+00:00,5-1-4/6-2-3-7,published,中部競輪,楽天Kドリームス 並び予想
4720241030030002,2024-11-01,松阪競輪,F2,A1/A2,2,Ａ級一般,21:05,21:00,7,https://keirin.kdreams.jp/matsusaka/racedetail/4720241030030002/?pageType=odds,2026-10-05T04:44:12.197765+00:00,4-1-3/2-5/7-6,published,中部競輪,楽天Kドリームス 並び予想
4720241030030003,2024-11-01,松阪競輪,F2,A1/A2,3,Ａ級一般,21:30,21:25,7,https://keirin.kdreams.jp/matsusaka/racedetail/4720241030030003/?pageType=odds,2026-10-05T04:44:13.996805+00:00,4-1-2/5-3-7/6,published,中部競輪,楽天Kドリームス 並び予想
4720241030030004,2024-11-01,松阪競輪,F2,A1/A2,4,Ａ級特選,21:55,21:50,7,https://keirin.kdreams.jp/matsusaka/racedetail/4720241030030004/?pageType=odds,2026-10-05T04:44:16.093384+00:00,1-4/2/3/6-5-7,published,中部競輪,楽天Kドリームス 並び予想
4720241030030005,2024-11-01,松阪競輪,F2,A1/A2,5,Ａ級特選,22:20,22:15,7,https://keirin.kdreams.jp/matsusaka/racedetail/4720241030030005/?pageType=odds,2026-10-05T04:44:17.921005+00:00,4-1-6/2-5-7/3,published,中部競輪,楽天Kドリームス 並び予想
4720241030030006,2024-11-01,松阪競輪,F2,A1/A2,6,Ａ級特選,22:45,22:40,7,https://keirin.kdreams.jp/matsusaka/racedetail/4720241030030006/?pageType=odds,2026-10-05T04:44:19.691397+00:00,1-2/3-5/7-4-6,published,中部競輪,楽天Kドリームス 並び予想
4720241030030007,2024-11-01,松阪競輪,F2,A1/A2,7,Ａ級決勝,23:10,23:05,7,https://keirin.kdreams.jp/matsusaka/racedetail/4720241030030007/?pageType=odds,2026-10-05T04:44:21.412912+00:00,1-7-3/4-2/5/6,published,中部競輪,楽天Kドリームス 並び予想
2620241101010008,2024-11-01,西武園競輪,F2,A1/A2,8,Ａ級特予選,11:25,11:20,7,https://keirin.kdreams.jp/seibuen/racedetail/2620241101010008/?pageType=odds,2026-10-05T04:44:58.300525+00:00,4-7-2/1/3-5-6,published,アオケイ,楽天Kドリームス 並び予想
2620241101010009,2024-11-01,西武園競輪,F2,A1/A2,9,Ａ級特予選,11:55,11:50,7,https://keirin.kdreams.jp/seibuen/racedetail/2620241101010009/?pageType=odds,2026-10-05T04:45:00.134158+00:00,3-7-1-4/5/6-2,published,アオケイ,楽天Kドリームス 並び予想
2620241101010010,2024-11-01,西武園競輪,F2,A1/A2,10,Ａ級特予選,12:25,12:20,7,https://keirin.kdreams.jp/seibuen/racedetail/2620241101010010/?pageType=odds,2026-10-05T04:45:02.048078+00:00,4-3/2/5/7-1-6,published,アオケイ,楽天Kドリームス 並び予想
2620241101010011,2024-11-01,西武園競輪,F2,A1/A2,11,Ａ級特予選,12:55,12:50,7,https://keirin.kdreams.jp/seibuen/racedetail/2620241101010011/?pageType=odds,2026-10-05T04:45:03.831118+00:00,4-1-7/2-6/5-3,published,アオケイ,楽天Kドリームス 並び予想
2620241101010012,2024-11-01,西武園競輪,F2,A1/A2,12,Ａ級初日特選,13:25,13:20,7,https://keirin.kdreams.jp/seibuen/racedetail/2620241101010012/?pageType=odds,2026-10-05T04:45:05.575165+00:00,7-1/2-6-5/4-3,published,アオケイ,楽天Kドリームス 並び予想
2720241102010001,2024-11-02,京王閣競輪,F2,A1/A2,1,Ａ級予選,20:50,20:45,7,https://keirin.kdreams.jp/keiokaku/racedetail/2720241102010001/?pageType=odds,2026-10-05T04:45:49.832931+00:00,2-1-7/6/3-4-5,published,アオケイ,楽天Kドリームス 並び予想
2720241102010002,2024-11-02,京王閣競輪,F2,A1/A2,2,Ａ級予選,21:15,21:10,7,https://keirin.kdreams.jp/keiokaku/racedetail/2720241102010002/?pageType=odds,2026-10-05T04:45:51.615634+00:00,3-1-7/2-4/6-5,published,アオケイ,楽天Kドリームス 並び予想
2720241102010003,2024-11-02,京王閣競輪,F2,A1/A2,3,Ａ級予選,21:40,21:35,7,https://keirin.kdreams.jp/keiokaku/racedetail/2720241102010003/?pageType=odds,2026-10-05T04:45:53.346502+00:00,1-2-5/6/3-4-7,published,アオケイ,楽天Kドリームス 並び予想
2720241102010004,2024-11-02,京王閣競輪,F2,A1/A2,4,Ａ級予選,22:05,22:00,7,https://keirin.kdreams.jp/keiokaku/racedetail/2720241102010004/?pageType=odds,2026-10-05T04:45:55.064016+00:00,1-2/3-6/5-4-7,published,アオケイ,楽天Kドリームス 並び予想
2720241102010005,2024-11-02,京王閣競輪,F2,A1/A2,5,Ａ級予選,22:30,22:25,7,https://keirin.kdreams.jp/keiokaku/racedetail/2720241102010005/?pageType=odds,2026-10-05T04:45:56.976106+00:00,1-2/3-4-7/5-6,published,アオケイ,楽天Kドリームス 並び予想
2720241102010006,2024-11-02,京王閣競輪,F2,A1/A2,6,Ａ級予選,22:55,22:50,7,https://keirin.kdreams.jp/keiokaku/racedetail/2720241102010006/?pageType=odds,2026-10-05T04:45:58.803812+00:00,1-2-5/3-7/4-6,published,アオケイ,楽天Kドリームス 並び予想
2720241102010007,2024-11-02,京王閣競輪,F2,A1/A2,7,Ａ級初日特選,23:20,23:15,7,https://keirin.kdreams.jp/keiokaku/racedetail/2720241102010007/?pageType=odds,2026-10-05T04:46:00.986560+00:00,1-3/2-6/5-4/7,published,アオケイ,楽天Kドリームス 並び予想
4220241101020001,2024-11-02,名古屋競輪,F1,A1/A2,1,Ａ級一般,10:53,10:48,7,https://keirin.kdreams.jp/nagoya/racedetail/4220241101020001/?pageType=odds,2026-10-05T04:44:31.970907+00:00,1-4/3-7/6/5-2,published,中部競輪,楽天Kドリームス 並び予想
4220241101020002,2024-11-02,名古屋競輪,F1,A1/A2,2,Ａ級一般,11:20,11:15,7,https://keirin.kdreams.jp/nagoya/racedetail/4220241101020002/?pageType=odds,2026-10-05T04:44:33.823745+00:00,7-2/1-5/6/3-4,published,中部競輪,楽天Kドリームス 並び予想
4220241101020003,2024-11-02,名古屋競輪,F1,A1/A2,3,Ａ級準決勝,11:50,11:45,7,https://keirin.kdreams.jp/nagoya/racedetail/4220241101020003/?pageType=odds,2026-10-05T04:44:35.504001+00:00,5-1-3/7/2-4-6,published,中部競輪,楽天Kドリームス 並び予想
4220241101020004,2024-11-02,名古屋競輪,F1,A1/A2,4,Ａ級準決勝,12:20,12:15,7,https://keirin.kdreams.jp/nagoya/racedetail/4220241101020004/?pageType=odds,2026-10-05T04:44:37.200686+00:00,6-5-2/4-1/7-3,published,中部競輪,楽天Kドリームス 並び予想
4220241101020005,2024-11-02,名古屋競輪,F1,A1/A2,5,Ａ級準決勝,12:50,12:45,7,https://keirin.kdreams.jp/nagoya/racedetail/4220241101020005/?pageType=odds,2026-10-05T04:44:39.179642+00:00,5-2/3-7/4-1-6,published,中部競輪,楽天Kドリームス 並び予想
8120241102010001,2024-11-02,小倉競輪,F2,A1/A2,1,Ａ級予選,20:40,20:35,7,https://keirin.kdreams.jp/kokura/racedetail/8120241102010001/?pageType=odds,2026-10-05T04:46:27.568731+00:00,1-3-5/7/4-2-6,published,コンドル出版社,楽天Kドリームス 並び予想
8120241102010002,2024-11-02,小倉競輪,F2,A1/A2,2,Ａ級予選,21:05,21:00,7,https://keirin.kdreams.jp/kokura/racedetail/8120241102010002/?pageType=odds,2026-10-05T04:46:29.291514+00:00,2-1-3/6/5-4-7,published,コンドル出版社,楽天Kドリームス 並び予想
8120241102010003,2024-11-02,小倉競輪,F2,A1/A2,3,Ａ級予選,21:30,21:25,7,https://keirin.kdreams.jp/kokura/racedetail/8120241102010003/?pageType=odds,2026-10-05T04:46:30.938235+00:00,3-1-2/4-6-5-7,published,コンドル出版社,楽天Kドリームス 並び予想
8120241102010004,2024-11-02,小倉競輪,F2,A1/A2,4,Ａ級予選,21:55,21:50,7,https://keirin.kdreams.jp/kokura/racedetail/8120241102010004/?pageType=odds,2026-10-05T04:46:32.668214+00:00,1-2-3-7/6/5-4,published,コンドル出版社,楽天Kドリームス 並び予想
8120241102010005,2024-11-02,小倉競輪,F2,A1/A2,5,Ａ級予選,22:20,22:15,7,https://keirin.kdreams.jp/kokura/racedetail/8120241102010005/?pageType=odds,2026-10-05T04:46:34.294626+00:00,2-1-6/4-3/5-7,published,コンドル出版社,楽天Kドリームス 並び予想
8120241102010006,2024-11-02,小倉競輪,F2,A1/A2,6,Ａ級予選,22:45,22:40,7,https://keirin.kdreams.jp/kokura/racedetail/8120241102010006/?pageType=odds,2026-10-05T04:46:35.926538+00:00,1-2-3/5-4/6-7,published,コンドル出版社,楽天Kドリームス 並び予想
8120241102010007,2024-11-02,小倉競輪,F2,A1/A2,7,Ａ級初日特選,23:10,23:05,7,https://keirin.kdreams.jp/kokura/racedetail/8120241102010007/?pageType=odds,2026-10-05T04:46:37.677398+00:00,1/6/2-4/7-5-3,published,コンドル出版社,楽天Kドリームス 並び予想
2620241101020008,2024-11-02,西武園競輪,F2,A1/A2,8,Ａ級特一般,11:25,11:20,7,https://keirin.kdreams.jp/seibuen/racedetail/2620241101020008/?pageType=odds,2026-10-05T04:45:07.232558+00:00,4-1/7-2-6/3/5,published,アオケイ,楽天Kドリームス 並び予想
2620241101020009,2024-11-02,西武園競輪,F2,A1/A2,9,Ａ級特一般,11:55,11:50,7,https://keirin.kdreams.jp/seibuen/racedetail/2620241101020009/?pageType=odds,2026-10-05T04:45:09.208532+00:00,2-7-1/4-5-3-6,published,アオケイ,楽天Kドリームス 並び予想
2620241101020010,2024-11-02,西武園競輪,F2,A1/A2,10,Ａ級準決勝,12:25,12:20,7,https://keirin.kdreams.jp/seibuen/racedetail/2620241101020010/?pageType=odds,2026-10-05T04:45:11.159021+00:00,7-1-6/4-2/5-3,published,アオケイ,楽天Kドリームス 並び予想
2620241101020011,2024-11-02,西武園競輪,F2,A1/A2,11,Ａ級準決勝,12:55,12:50,7,https://keirin.kdreams.jp/seibuen/racedetail/2620241101020011/?pageType=odds,2026-10-05T04:45:13.159270+00:00,5-2/6-1/3-7-4,published,アオケイ,楽天Kドリームス 並び予想
2620241101020012,2024-11-02,西武園競輪,F2,A1/A2,12,Ａ級準決勝,13:25,13:20,7,https://keirin.kdreams.jp/seibuen/racedetail/2620241101020012/?pageType=odds,2026-10-05T04:45:14.950320+00:00,7-1-4/2-6/5-3,published,アオケイ,楽天Kドリームス 並び予想
2720241102020001,2024-11-03,京王閣競輪,F2,A1/A2,1,Ａ級一般,20:50,20:45,7,https://keirin.kdreams.jp/keiokaku/racedetail/2720241102020001/?pageType=odds,2026-10-05T04:46:02.838794+00:00,1-5-7/2-3/4-6,published,アオケイ,楽天Kドリームス 並び予想
2720241102020002,2024-11-03,京王閣競輪,F2,A1/A2,2,Ａ級一般,21:15,21:10,7,https://keirin.kdreams.jp/keiokaku/racedetail/2720241102020002/?pageType=odds,2026-10-05T04:46:04.692223+00:00,2-7/1-3-6/4-5,published,アオケイ,楽天Kドリームス 並び予想
2720241102020003,2024-11-03,京王閣競輪,F2,A1/A2,3,Ａ級選抜,21:40,21:35,7,https://keirin.kdreams.jp/keiokaku/racedetail/2720241102020003/?pageType=odds,2026-10-05T04:46:06.508764+00:00,3-1-5/6/4-2-7,published,アオケイ,楽天Kドリームス 並び予想
2720241102020004,2024-11-03,京王閣競輪,F2,A1/A2,4,Ａ級選抜,22:05,22:00,7,https://keirin.kdreams.jp/keiokaku/racedetail/2720241102020004/?pageType=odds,2026-10-05T04:46:08.255947+00:00,1-4/2-5-7/6-3,published,アオケイ,楽天Kドリームス 並び予想
2720241102020005,2024-11-03,京王閣競輪,F2,A1/A2,5,Ａ級準決勝,22:30,22:25,7,https://keirin.kdreams.jp/keiokaku/racedetail/2720241102020005/?pageType=odds,2026-10-05T04:46:10.016559+00:00,1-5-6/3-2-4/7,published,アオケイ,楽天Kドリームス 並び予想
2720241102020006,2024-11-03,京王閣競輪,F2,A1/A2,6,Ａ級準決勝,22:55,22:50,7,https://keirin.kdreams.jp/keiokaku/racedetail/2720241102020006/?pageType=odds,2026-10-05T04:46:11.724471+00:00,1-3-7/5-2/4-6,published,アオケイ,楽天Kドリームス 並び予想
2720241102020007,2024-11-03,京王閣競輪,F2,A1/A2,7,Ａ級準決勝,23:20,23:15,7,https://keirin.kdreams.jp/keiokaku/racedetail/2720241102020007/?pageType=odds,2026-10-05T04:46:13.439557+00:00,1-2/3-5-7/4-6,published,アオケイ,楽天Kドリームス 並び予想
4220241101030001,2024-11-03,名古屋競輪,F1,A1/A2,1,Ａ級一般,10:53,10:48,5,https://keirin.kdreams.jp/nagoya/racedetail/4220241101030001/?pageType=odds,2026-10-05T04:44:40.742233+00:00,5-1/2/3-4,published,中部競輪,楽天Kドリームス 並び予想
4220241101030002,2024-11-03,名古屋競輪,F1,A1/A2,2,Ａ級一般,11:20,11:15,6,https://keirin.kdreams.jp/nagoya/racedetail/4220241101030002/?pageType=odds,2026-10-05T04:44:42.304292+00:00,4-1-6/2/5-3,published,中部競輪,楽天Kドリームス 並び予想
4220241101030003,2024-11-03,名古屋競輪,F1,A1/A2,3,Ａ級特選,11:50,11:45,7,https://keirin.kdreams.jp/nagoya/racedetail/4220241101030003/?pageType=odds,2026-10-05T04:44:43.946313+00:00,7-1/5-2/4/3-6,published,中部競輪,楽天Kドリームス 並び予想
4220241101030004,2024-11-03,名古屋競輪,F1,A1/A2,4,Ａ級特選,12:20,12:15,7,https://keirin.kdreams.jp/nagoya/racedetail/4220241101030004/?pageType=odds,2026-10-05T04:44:45.782735+00:00,2-5/6-3/1-7/4,published,中部競輪,楽天Kドリームス 並び予想
4220241101030011,2024-11-03,名古屋競輪,F1,A1/A2,11,Ａ級決勝,16:00,15:55,7,https://keirin.kdreams.jp/nagoya/racedetail/4220241101030011/?pageType=odds,2026-10-05T04:44:47.481208+00:00,3-6/7-2-4/1-5,published,中部競輪,楽天Kドリームス 並び予想
8120241102020001,2024-11-03,小倉競輪,F2,A1/A2,1,Ａ級一般,20:40,20:35,7,https://keirin.kdreams.jp/kokura/racedetail/8120241102020001/?pageType=odds,2026-10-05T04:46:39.312683+00:00,1-2-5/3-4-6/7,published,コンドル出版社,楽天Kドリームス 並び予想
8120241102020002,2024-11-03,小倉競輪,F2,A1/A2,2,Ａ級一般,21:05,21:00,7,https://keirin.kdreams.jp/kokura/racedetail/8120241102020002/?pageType=odds,2026-10-05T04:46:40.998217+00:00,2-1-6/3-4-5/7,published,コンドル出版社,楽天Kドリームス 並び予想
8120241102020003,2024-11-03,小倉競輪,F2,A1/A2,3,Ａ級選抜,21:30,21:25,7,https://keirin.kdreams.jp/kokura/racedetail/8120241102020003/?pageType=odds,2026-10-05T04:46:42.703587+00:00,4-1-6/2-5-3-7,published,コンドル出版社,楽天Kドリームス 並び予想
8120241102020004,2024-11-03,小倉競輪,F2,A1/A2,4,Ａ級選抜,21:55,21:50,7,https://keirin.kdreams.jp/kokura/racedetail/8120241102020004/?pageType=odds,2026-10-05T04:46:44.337574+00:00,1-2/5-3-6/4-7,published,コンドル出版社,楽天Kドリームス 並び予想
8120241102020005,2024-11-03,小倉競輪,F2,A1/A2,5,Ａ級準決勝,22:20,22:15,7,https://keirin.kdreams.jp/kokura/racedetail/8120241102020005/?pageType=odds,2026-10-05T04:46:46.009585+00:00,1-5/3-2-7/6-4,published,コンドル出版社,楽天Kドリームス 並び予想
8120241102020006,2024-11-03,小倉競輪,F2,A1/A2,6,Ａ級準決勝,22:45,22:40,7,https://keirin.kdreams.jp/kokura/racedetail/8120241102020006/?pageType=odds,2026-10-05T04:46:47.890462+00:00,1-3-7/6-2/4-5,published,コンドル出版社,楽天Kドリームス 並び予想
8120241102020007,2024-11-03,小倉競輪,F2,A1/A2,7,Ａ級準決勝,23:10,23:05,7,https://keirin.kdreams.jp/kokura/racedetail/8120241102020007/?pageType=odds,2026-10-05T04:46:49.697976+00:00,1-2-4/7-3/5-6,published,コンドル出版社,楽天Kドリームス 並び予想
2620241101030006,2024-11-03,西武園競輪,F2,A1/A2,6,Ａ級特一般,10:40,10:35,7,https://keirin.kdreams.jp/seibuen/racedetail/2620241101030006/?pageType=odds,2026-10-05T04:45:16.684057+00:00,7-3-4/1-5/2-6,published,アオケイ,楽天Kドリームス 並び予想
2620241101030007,2024-11-03,西武園競輪,F2,A1/A2,7,Ａ級特一般,11:00,10:55,7,https://keirin.kdreams.jp/seibuen/racedetail/2620241101030007/?pageType=odds,2026-10-05T04:45:18.489712+00:00,7-1-4/6/2-5-3,published,アオケイ,楽天Kドリームス 並び予想
2620241101030008,2024-11-03,西武園競輪,F2,A1/A2,8,Ａ級特選,11:25,11:20,7,https://keirin.kdreams.jp/seibuen/racedetail/2620241101030008/?pageType=odds,2026-10-05T04:45:20.196003+00:00,5-1/4-2-7/6-3,published,アオケイ,楽天Kドリームス 並び予想
2620241101030009,2024-11-03,西武園競輪,F2,A1/A2,9,Ａ級特選,11:55,11:50,7,https://keirin.kdreams.jp/seibuen/racedetail/2620241101030009/?pageType=odds,2026-10-05T04:45:21.987906+00:00,1-4-2/6/7-5-3,published,アオケイ,楽天Kドリームス 並び予想
2620241101030012,2024-11-03,西武園競輪,F2,A1/A2,12,Ａ級決勝,13:25,13:20,7,https://keirin.kdreams.jp/seibuen/racedetail/2620241101030012/?pageType=odds,2026-10-05T04:45:23.867415+00:00,2-7/1-6-4/3-5,published,アオケイ,楽天Kドリームス 並び予想
2720241102030001,2024-11-04,京王閣競輪,F2,A1/A2,1,Ａ級一般,20:50,20:45,7,https://keirin.kdreams.jp/keiokaku/racedetail/2720241102030001/?pageType=odds,2026-10-05T04:46:15.222073+00:00,1-3-5/7/2-4-6,published,アオケイ,楽天Kドリームス 並び予想
2720241102030002,2024-11-04,京王閣競輪,F2,A1/A2,2,Ａ級一般,21:15,21:10,7,https://keirin.kdreams.jp/keiokaku/racedetail/2720241102030002/?pageType=odds,2026-10-05T04:46:16.894430+00:00,1-5/2-4/3-6/7,published,アオケイ,楽天Kドリームス 並び予想
2720241102030003,2024-11-04,京王閣競輪,F2,A1/A2,3,Ａ級一般,21:40,21:35,7,https://keirin.kdreams.jp/keiokaku/racedetail/2720241102030003/?pageType=odds,2026-10-05T04:46:18.708596+00:00,1-2/5-6-3/7-4,published,アオケイ,楽天Kドリームス 並び予想
2720241102030004,2024-11-04,京王閣競輪,F2,A1/A2,4,Ａ級特選,22:05,22:00,7,https://keirin.kdreams.jp/keiokaku/racedetail/2720241102030004/?pageType=odds,2026-10-05T04:46:20.467192+00:00,4-1-2/3-5-6/7,published,アオケイ,楽天Kドリームス 並び予想
2720241102030005,2024-11-04,京王閣競輪,F2,A1/A2,5,Ａ級特選,22:30,22:25,7,https://keirin.kdreams.jp/keiokaku/racedetail/2720241102030005/?pageType=odds,2026-10-05T04:46:22.384312+00:00,1-3-4/2-5/6-7,published,アオケイ,楽天Kドリームス 並び予想
2720241102030006,2024-11-04,京王閣競輪,F2,A1/A2,6,Ａ級特選,22:55,22:50,7,https://keirin.kdreams.jp/keiokaku/racedetail/2720241102030006/?pageType=odds,2026-10-05T04:46:24.132816+00:00,2-1-4/6/3-5-7,published,アオケイ,楽天Kドリームス 並び予想
2720241102030007,2024-11-04,京王閣競輪,F2,A1/A2,7,Ａ級決勝,23:20,23:15,7,https://keirin.kdreams.jp/keiokaku/racedetail/2720241102030007/?pageType=odds,2026-10-05T04:46:25.920264+00:00,1-3-7/2-5/4-6,published,アオケイ,楽天Kドリームス 並び予想
8120241102030001,2024-11-04,小倉競輪,F2,A1/A2,1,Ａ級一般,20:40,20:35,7,https://keirin.kdreams.jp/kokura/racedetail/8120241102030001/?pageType=odds,2026-10-05T04:46:50.734639+00:00,2-4-5/1-7/3-6,published,コンドル出版社,楽天Kドリームス 並び予想
8120241102030002,2024-11-04,小倉競輪,F2,A1/A2,2,Ａ級一般,21:05,21:00,7,https://keirin.kdreams.jp/kokura/racedetail/8120241102030002/?pageType=odds,2026-10-05T04:46:52.303906+00:00,1-5-6/7/4-2-3,published,コンドル出版社,楽天Kドリームス 並び予想
8120241102030003,2024-11-04,小倉競輪,F2,A1/A2,3,Ａ級一般,21:30,21:25,7,https://keirin.kdreams.jp/kokura/racedetail/8120241102030003/?pageType=odds,2026-10-05T04:46:54.178361+00:00,1-2-6/7/4-5-3,published,コンドル出版社,楽天Kドリームス 並び予想
8120241102030004,2024-11-04,小倉競輪,F2,A1/A2,4,Ａ級特選,21:55,21:50,7,https://keirin.kdreams.jp/kokura/racedetail/8120241102030004/?pageType=odds,2026-10-05T04:46:56.150430+00:00,2-1/6-7/4-3-5,published,コンドル出版社,楽天Kドリームス 並び予想
8120241102030005,2024-11-04,小倉競輪,F2,A1/A2,5,Ａ級特選,22:20,22:15,7,https://keirin.kdreams.jp/kokura/racedetail/8120241102030005/?pageType=odds,2026-10-05T04:46:57.849009+00:00,6-1-7/3/5-2-4,published,コンドル出版社,楽天Kドリームス 並び予想
8120241102030006,2024-11-04,小倉競輪,F2,A1/A2,6,Ａ級特選,22:45,22:40,7,https://keirin.kdreams.jp/kokura/racedetail/8120241102030006/?pageType=odds,2026-10-05T04:46:59.543618+00:00,3-1-6/5-2-4-7,published,コンドル出版社,楽天Kドリームス 並び予想
8120241102030007,2024-11-04,小倉競輪,F2,A1/A2,7,Ａ級決勝,23:10,23:05,7,https://keirin.kdreams.jp/kokura/racedetail/8120241102030007/?pageType=odds,2026-10-05T04:47:01.405174+00:00,1-7/2-3/4/5-6,published,コンドル出版社,楽天Kドリームス 並び予想
3520241104010001,2024-11-04,平塚競輪,F1,A1/A2,1,Ａ級予選,15:20,15:15,7,https://keirin.kdreams.jp/hiratsuka/racedetail/3520241104010001/?pageType=odds,2026-10-05T04:47:03.560635+00:00,1-3/7-2/5-4/6,published,小田競・サイクル,楽天Kドリームス 並び予想
3520241104010002,2024-11-04,平塚競輪,F1,A1/A2,2,Ａ級予選,15:44,15:39,7,https://keirin.kdreams.jp/hiratsuka/racedetail/3520241104010002/?pageType=odds,2026-10-05T04:47:05.339764+00:00,7-1/2-4/3-5-6,published,小田競・サイクル,楽天Kドリームス 並び予想
3520241104010003,2024-11-04,平塚競輪,F1,A1/A2,3,Ａ級予選,16:08,16:03,7,https://keirin.kdreams.jp/hiratsuka/racedetail/3520241104010003/?pageType=odds,2026-10-05T04:47:07.387709+00:00,1-6/5-2/4-3-7,published,小田競・サイクル,楽天Kドリームス 並び予想
3520241104010004,2024-11-04,平塚競輪,F1,A1/A2,4,Ａ級予選,16:33,16:28,7,https://keirin.kdreams.jp/hiratsuka/racedetail/3520241104010004/?pageType=odds,2026-10-05T04:47:08.982789+00:00,1-6-4/5-2/3-7,published,小田競・サイクル,楽天Kドリームス 並び予想
3520241104010005,2024-11-04,平塚競輪,F1,A1/A2,5,Ａ級初日特選,16:59,16:54,7,https://keirin.kdreams.jp/hiratsuka/racedetail/3520241104010005/?pageType=odds,2026-10-05T04:47:11.077895+00:00,7-1/2-5/3-4/6,published,小田競・サイクル,楽天Kドリームス 並び予想
4720241104010008,2024-11-04,松阪競輪,F2,A1/A2,8,Ａ級特予選,18:48,18:43,7,https://keirin.kdreams.jp/matsusaka/racedetail/4720241104010008/?pageType=odds,2026-10-05T04:47:30.336367+00:00,1-4-5/6-2/7-3,published,中部競輪,楽天Kドリームス 並び予想
4720241104010009,2024-11-04,松阪競輪,F2,A1/A2,9,Ａ級特予選,19:12,19:07,7,https://keirin.kdreams.jp/matsusaka/racedetail/4720241104010009/?pageType=odds,2026-10-05T04:47:32.021334+00:00,7-2-1/6/5-4-3,published,中部競輪,楽天Kドリームス 並び予想
4720241104010010,2024-11-04,松阪競輪,F2,A1/A2,10,Ａ級特予選,19:36,19:31,7,https://keirin.kdreams.jp/matsusaka/racedetail/4720241104010010/?pageType=odds,2026-10-05T04:47:33.879373+00:00,5-1/2-7/3-4-6,published,中部競輪,楽天Kドリームス 並び予想
4720241104010011,2024-11-04,松阪競輪,F2,A1/A2,11,Ａ級特予選,20:00,19:55,7,https://keirin.kdreams.jp/matsusaka/racedetail/4720241104010011/?pageType=odds,2026-10-05T04:47:35.526186+00:00,1-4-7/2-5/3/6,published,中部競輪,楽天Kドリームス 並び予想
4720241104010012,2024-11-04,松阪競輪,F2,A1/A2,12,Ａ級初日特選,20:25,20:20,7,https://keirin.kdreams.jp/matsusaka/racedetail/4720241104010012/?pageType=odds,2026-10-05T04:47:37.229079+00:00,1-5/6-2-4/7-3,published,中部競輪,楽天Kドリームス 並び予想
4420241105010003,2024-11-05,大垣競輪,F2,A1/A2,3,Ａ級予選,21:30,21:25,7,https://keirin.kdreams.jp/ogaki/racedetail/4420241105010003/?pageType=odds,2026-10-05T04:48:49.835125+00:00,2-1-7/3-5/6-4,published,ひかり,楽天Kドリームス 並び予想
4420241105010004,2024-11-05,大垣競輪,F2,A1/A2,4,Ａ級予選,21:50,21:45,7,https://keirin.kdreams.jp/ogaki/racedetail/4420241105010004/?pageType=odds,2026-10-05T04:48:51.495673+00:00,1-3/2-4/7-5/6,published,ひかり,楽天Kドリームス 並び予想
4420241105010005,2024-11-05,大垣競輪,F2,A1/A2,5,Ａ級予選,22:10,22:05,7,https://keirin.kdreams.jp/ogaki/racedetail/4420241105010005/?pageType=odds,2026-10-05T04:48:53.202731+00:00,3-1/2-4-5/6-7,published,ひかり,楽天Kドリームス 並び予想
4420241105010006,2024-11-05,大垣競輪,F2,A1/A2,6,Ａ級予選,22:30,22:25,7,https://keirin.kdreams.jp/ogaki/racedetail/4420241105010006/?pageType=odds,2026-10-05T04:48:55.013848+00:00,1-3-4/2-5/6-7,published,ひかり,楽天Kドリームス 並び予想
4420241105010007,2024-11-05,大垣競輪,F2,A1/A2,7,Ａ級予選,22:50,22:45,7,https://keirin.kdreams.jp/ogaki/racedetail/4420241105010007/?pageType=odds,2026-10-05T04:48:56.545945+00:00,1-3-5/6/2-4-7,published,ひかり,楽天Kドリームス 並び予想
4420241105010008,2024-11-05,大垣競輪,F2,A1/A2,8,Ａ級予選,23:10,23:05,7,https://keirin.kdreams.jp/ogaki/racedetail/4420241105010008/?pageType=odds,2026-10-05T04:48:58.400290+00:00,1-2-7/3-4/5/6,published,ひかり,楽天Kドリームス 並び予想
4420241105010009,2024-11-05,大垣競輪,F2,A1/A2,9,Ａ級初日特選,23:30,23:25,7,https://keirin.kdreams.jp/ogaki/racedetail/4420241105010009/?pageType=odds,2026-10-05T04:48:59.911919+00:00,1-7-5/2-6/3-4,published,ひかり,楽天Kドリームス 並び予想
5620241105010001,2024-11-05,岸和田競輪,F1,A1/A2,1,Ａ級予選,10:59,10:54,7,https://keirin.kdreams.jp/kishiwada/racedetail/5620241105010001/?pageType=odds,2026-10-05T04:47:56.759440+00:00,1-4/7-2/5-3-6,published,競輪研究,楽天Kドリームス 並び予想
5620241105010002,2024-11-05,岸和田競輪,F1,A1/A2,2,Ａ級予選,11:24,11:19,7,https://keirin.kdreams.jp/kishiwada/racedetail/5620241105010002/?pageType=odds,2026-10-05T04:47:58.429983+00:00,1-6/2-7-5/4-3,published,競輪研究,楽天Kドリームス 並び予想
5620241105010003,2024-11-05,岸和田競輪,F1,A1/A2,3,Ａ級予選,11:49,11:44,7,https://keirin.kdreams.jp/kishiwada/racedetail/5620241105010003/?pageType=odds,2026-10-05T04:47:59.951195+00:00,1-5-6/4-2-3/7,published,競輪研究,楽天Kドリームス 並び予想
5620241105010004,2024-11-05,岸和田競輪,F1,A1/A2,4,Ａ級予選,12:17,12:12,7,https://keirin.kdreams.jp/kishiwada/racedetail/5620241105010004/?pageType=odds,2026-10-05T04:48:01.581227+00:00,4-1-5-6/2/3-7,published,競輪研究,楽天Kドリームス 並び予想
5620241105010005,2024-11-05,岸和田競輪,F1,A1/A2,5,Ａ級初日特選,12:45,12:40,7,https://keirin.kdreams.jp/kishiwada/racedetail/5620241105010005/?pageType=odds,2026-10-05T04:48:03.282835+00:00,5-1-7/2/3-4/6,published,競輪研究,楽天Kドリームス 並び予想
3520241104020001,2024-11-05,平塚競輪,F1,A1/A2,1,Ａ級一般,15:20,15:15,7,https://keirin.kdreams.jp/hiratsuka/racedetail/3520241104020001/?pageType=odds,2026-10-05T04:47:12.860902+00:00,1-3-7/6/5-2-4,published,小田競・サイクル,楽天Kドリームス 並び予想
3520241104020002,2024-11-05,平塚競輪,F1,A1/A2,2,Ａ級一般,15:44,15:39,7,https://keirin.kdreams.jp/hiratsuka/racedetail/3520241104020002/?pageType=odds,2026-10-05T04:47:14.730946+00:00,1-4-6/3-5-7/2,published,小田競・サイクル,楽天Kドリームス 並び予想
3520241104020003,2024-11-05,平塚競輪,F1,A1/A2,3,Ａ級準決勝,16:09,16:04,7,https://keirin.kdreams.jp/hiratsuka/racedetail/3520241104020003/?pageType=odds,2026-10-05T04:47:16.489543+00:00,7-1/2-5/4-3/6,published,小田競・サイクル,楽天Kドリームス 並び予想
3520241104020004,2024-11-05,平塚競輪,F1,A1/A2,4,Ａ級準決勝,16:34,16:29,7,https://keirin.kdreams.jp/hiratsuka/racedetail/3520241104020004/?pageType=odds,2026-10-05T04:47:18.171183+00:00,1-4/7-2/3-5/6,published,小田競・サイクル,楽天Kドリームス 並び予想
3520241104020005,2024-11-05,平塚競輪,F1,A1/A2,5,Ａ級準決勝,16:59,16:54,7,https://keirin.kdreams.jp/hiratsuka/racedetail/3520241104020005/?pageType=odds,2026-10-05T04:47:19.932394+00:00,1-7-6/2-4/3-5,published,小田競・サイクル,楽天Kドリームス 並び予想
2120241105010001,2024-11-05,弥彦競輪,F1,A1/A2,1,Ａ級予選,10:35,10:30,7,https://keirin.kdreams.jp/yahiko/racedetail/2120241105010001/?pageType=odds,2026-10-05T04:49:53.627917+00:00,1-7-3/6/5-2-4,published,新潟スポーツ,楽天Kドリームス 並び予想
2120241105010002,2024-11-05,弥彦競輪,F1,A1/A2,2,Ａ級予選,11:02,10:57,7,https://keirin.kdreams.jp/yahiko/racedetail/2120241105010002/?pageType=odds,2026-10-05T04:49:55.361756+00:00,1-4/7-2/5-3-6,published,新潟スポーツ,楽天Kドリームス 並び予想
2120241105010003,2024-11-05,弥彦競輪,F1,A1/A2,3,Ａ級予選,11:30,11:25,7,https://keirin.kdreams.jp/yahiko/racedetail/2120241105010003/?pageType=odds,2026-10-05T04:49:57.104227+00:00,1-4/5-2-7/3-6,published,新潟スポーツ,楽天Kドリームス 並び予想
2120241105010004,2024-11-05,弥彦競輪,F1,A1/A2,4,Ａ級予選,11:58,11:53,7,https://keirin.kdreams.jp/yahiko/racedetail/2120241105010004/?pageType=odds,2026-10-05T04:49:58.998537+00:00,1-6/3-5/4-7-2,published,新潟スポーツ,楽天Kドリームス 並び予想
2120241105010005,2024-11-05,弥彦競輪,F1,A1/A2,5,Ａ級初日特選,12:26,12:21,7,https://keirin.kdreams.jp/yahiko/racedetail/2120241105010005/?pageType=odds,2026-10-05T04:50:00.693014+00:00,1/4-2-6/3-7-5,published,新潟スポーツ,楽天Kドリームス 並び予想
3120241105010005,2024-11-05,松戸競輪,F2,A1/A2,5,Ａ級特予選,22:00,21:55,7,https://keirin.kdreams.jp/matsudo/racedetail/3120241105010005/?pageType=odds,2026-10-05T04:48:23.478435+00:00,3-1-4/2-5/6-7,published,アオケイ,楽天Kドリームス 並び予想
3120241105010006,2024-11-05,松戸競輪,F2,A1/A2,6,Ａ級特予選,22:20,22:15,7,https://keirin.kdreams.jp/matsudo/racedetail/3120241105010006/?pageType=odds,2026-10-05T04:48:25.119540+00:00,1-3-5/4-2-7/6,published,アオケイ,楽天Kドリームス 並び予想
3120241105010007,2024-11-05,松戸競輪,F2,A1/A2,7,Ａ級特予選,22:40,22:35,7,https://keirin.kdreams.jp/matsudo/racedetail/3120241105010007/?pageType=odds,2026-10-05T04:48:27.030160+00:00,1-2-7/3-6/4-5,published,アオケイ,楽天Kドリームス 並び予想
3120241105010008,2024-11-05,松戸競輪,F2,A1/A2,8,Ａ級特予選,23:00,22:55,7,https://keirin.kdreams.jp/matsudo/racedetail/3120241105010008/?pageType=odds,2026-10-05T04:48:28.775303+00:00,1-2/7/3-5/4-6,published,アオケイ,楽天Kドリームス 並び予想
3120241105010009,2024-11-05,松戸競輪,F2,A1/A2,9,Ａ級初日特選,23:20,23:15,7,https://keirin.kdreams.jp/matsudo/racedetail/3120241105010009/?pageType=odds,2026-10-05T04:48:30.462007+00:00,1-2/5-6/3-7/4,published,アオケイ,楽天Kドリームス 並び予想
4720241104020008,2024-11-05,松阪競輪,F2,A1/A2,8,Ａ級特一般,18:49,18:44,7,https://keirin.kdreams.jp/matsusaka/racedetail/4720241104020008/?pageType=odds,2026-10-05T04:47:39.054265+00:00,1-7-4/6-2/5-3,published,中部競輪,楽天Kドリームス 並び予想
4720241104020009,2024-11-05,松阪競輪,F2,A1/A2,9,Ａ級特一般,19:13,19:08,7,https://keirin.kdreams.jp/matsusaka/racedetail/4720241104020009/?pageType=odds,2026-10-05T04:47:40.792535+00:00,7-5-1/2-6/4/3,published,中部競輪,楽天Kドリームス 並び予想
4720241104020010,2024-11-05,松阪競輪,F2,A1/A2,10,Ａ級準決勝,19:37,19:32,7,https://keirin.kdreams.jp/matsusaka/racedetail/4720241104020010/?pageType=odds,2026-10-05T04:47:42.687222+00:00,5-1/2-7-4/3-6,published,中部競輪,楽天Kドリームス 並び予想
4720241104020011,2024-11-05,松阪競輪,F2,A1/A2,11,Ａ級準決勝,20:01,19:56,7,https://keirin.kdreams.jp/matsusaka/racedetail/4720241104020011/?pageType=odds,2026-10-05T04:47:44.384065+00:00,1-6-4/3/2-7-5,published,中部競輪,楽天Kドリームス 並び予想
4720241104020012,2024-11-05,松阪競輪,F2,A1/A2,12,Ａ級準決勝,20:25,20:20,7,https://keirin.kdreams.jp/matsusaka/racedetail/4720241104020012/?pageType=odds,2026-10-05T04:47:46.164141+00:00,4-1-3-6/5-7-2,published,中部競輪,楽天Kドリームス 並び予想
8420241105010001,2024-11-05,武雄競輪,F1,A1/A2,1,Ａ級予選,10:40,10:35,7,https://keirin.kdreams.jp/takeo/racedetail/8420241105010001/?pageType=odds,2026-10-05T04:49:26.280198+00:00,7-1/6-2/4/5-3,published,百万弗,楽天Kドリームス 並び予想
8420241105010002,2024-11-05,武雄競輪,F1,A1/A2,2,Ａ級予選,11:08,11:03,7,https://keirin.kdreams.jp/takeo/racedetail/8420241105010002/?pageType=odds,2026-10-05T04:49:27.969986+00:00,5-1-4/2-6/7-3,published,百万弗,楽天Kドリームス 並び予想
8420241105010003,2024-11-05,武雄競輪,F1,A1/A2,3,Ａ級予選,11:36,11:31,7,https://keirin.kdreams.jp/takeo/racedetail/8420241105010003/?pageType=odds,2026-10-05T04:49:29.753815+00:00,6-2/5-1/7-3-4,published,百万弗,楽天Kドリームス 並び予想
8420241105010004,2024-11-05,武雄競輪,F1,A1/A2,4,Ａ級予選,12:06,12:01,7,https://keirin.kdreams.jp/takeo/racedetail/8420241105010004/?pageType=odds,2026-10-05T04:49:31.848353+00:00,7-4-1/5-3/6-2,published,百万弗,楽天Kドリームス 並び予想
8420241105010005,2024-11-05,武雄競輪,F1,A1/A2,5,Ａ級初日特選,12:36,12:31,7,https://keirin.kdreams.jp/takeo/racedetail/8420241105010005/?pageType=odds,2026-10-05T04:49:33.473230+00:00,5-1/3/4-2-6-7,published,百万弗,楽天Kドリームス 並び予想
4420241105020003,2024-11-06,大垣競輪,F2,A1/A2,3,Ａ級一般,21:30,21:25,7,https://keirin.kdreams.jp/ogaki/racedetail/4420241105020003/?pageType=odds,2026-10-05T04:49:01.735456+00:00,2-1-4/3-7/5-6,published,ひかり,楽天Kドリームス 並び予想
4420241105020004,2024-11-06,大垣競輪,F2,A1/A2,4,Ａ級一般,21:50,21:45,7,https://keirin.kdreams.jp/ogaki/racedetail/4420241105020004/?pageType=odds,2026-10-05T04:49:03.706621+00:00,2-1-4/5-3/6/7,published,ひかり,楽天Kドリームス 並び予想
4420241105020005,2024-11-06,大垣競輪,F2,A1/A2,5,Ａ級選抜,22:10,22:05,7,https://keirin.kdreams.jp/ogaki/racedetail/4420241105020005/?pageType=odds,2026-10-05T04:49:05.435320+00:00,1-3-6/5/2-4-7,published,ひかり,楽天Kドリームス 並び予想
4420241105020006,2024-11-06,大垣競輪,F2,A1/A2,6,Ａ級選抜,22:30,22:25,7,https://keirin.kdreams.jp/ogaki/racedetail/4420241105020006/?pageType=odds,2026-10-05T04:49:07.232602+00:00,1-4/5/3-2-6-7,published,ひかり,楽天Kドリームス 並び予想
4420241105020007,2024-11-06,大垣競輪,F2,A1/A2,7,Ａ級準決勝,22:50,22:45,7,https://keirin.kdreams.jp/ogaki/racedetail/4420241105020007/?pageType=odds,2026-10-05T04:49:09.216805+00:00,1-7/4-2/5-3/6,published,ひかり,楽天Kドリームス 並び予想
4420241105020008,2024-11-06,大垣競輪,F2,A1/A2,8,Ａ級準決勝,23:10,23:05,7,https://keirin.kdreams.jp/ogaki/racedetail/4420241105020008/?pageType=odds,2026-10-05T04:49:10.948017+00:00,1-6/5-2/4-3-7,published,ひかり,楽天Kドリームス 並び予想
4420241105020009,2024-11-06,大垣競輪,F2,A1/A2,9,Ａ級準決勝,23:30,23:25,7,https://keirin.kdreams.jp/ogaki/racedetail/4420241105020009/?pageType=odds,2026-10-05T04:49:12.745608+00:00,1-2/7/6-3-5/4,published,ひかり,楽天Kドリームス 並び予想
5620241105020001,2024-11-06,岸和田競輪,F1,A1/A2,1,Ａ級一般,10:59,10:54,7,https://keirin.kdreams.jp/kishiwada/racedetail/5620241105020001/?pageType=odds,2026-10-05T04:48:05.063096+00:00,1-6/5-2/4/7-3,published,競輪研究,楽天Kドリームス 並び予想
5620241105020002,2024-11-06,岸和田競輪,F1,A1/A2,2,Ａ級一般,11:24,11:19,7,https://keirin.kdreams.jp/kishiwada/racedetail/5620241105020002/?pageType=odds,2026-10-05T04:48:07.160112+00:00,7-1-6/2/4-3/5,published,競輪研究,楽天Kドリームス 並び予想
5620241105020003,2024-11-06,岸和田競輪,F1,A1/A2,3,Ａ級準決勝,11:49,11:44,7,https://keirin.kdreams.jp/kishiwada/racedetail/5620241105020003/?pageType=odds,2026-10-05T04:48:08.841717+00:00,2-5-6/7-1/3-4,published,競輪研究,楽天Kドリームス 並び予想
5620241105020004,2024-11-06,岸和田競輪,F1,A1/A2,4,Ａ級準決勝,12:17,12:12,7,https://keirin.kdreams.jp/kishiwada/racedetail/5620241105020004/?pageType=odds,2026-10-05T04:48:10.780499+00:00,1-5/2-7-6/4-3,published,競輪研究,楽天Kドリームス 並び予想
5620241105020005,2024-11-06,岸和田競輪,F1,A1/A2,5,Ａ級準決勝,12:45,12:40,7,https://keirin.kdreams.jp/kishiwada/racedetail/5620241105020005/?pageType=odds,2026-10-05T04:48:12.711666+00:00,4-1-5/2-7/3-6,published,競輪研究,楽天Kドリームス 並び予想
3520241104030001,2024-11-06,平塚競輪,F1,A1/A2,1,Ａ級一般,15:20,15:15,7,https://keirin.kdreams.jp/hiratsuka/racedetail/3520241104030001/?pageType=odds,2026-10-05T04:47:21.747836+00:00,1-6/2-7-4/3-5,published,小田競・サイクル,楽天Kドリームス 並び予想
3520241104030002,2024-11-06,平塚競輪,F1,A1/A2,2,Ａ級一般,15:44,15:39,7,https://keirin.kdreams.jp/hiratsuka/racedetail/3520241104030002/?pageType=odds,2026-10-05T04:47:23.504426+00:00,1-7-5/2-4/3-6,published,小田競・サイクル,楽天Kドリームス 並び予想
3520241104030003,2024-11-06,平塚競輪,F1,A1/A2,3,Ａ級特選,16:09,16:04,7,https://keirin.kdreams.jp/hiratsuka/racedetail/3520241104030003/?pageType=odds,2026-10-05T04:47:25.291253+00:00,5-2-6/1-7/4-3,published,小田競・サイクル,楽天Kドリームス 並び予想
3520241104030004,2024-11-06,平塚競輪,F1,A1/A2,4,Ａ級特選,16:34,16:29,7,https://keirin.kdreams.jp/hiratsuka/racedetail/3520241104030004/?pageType=odds,2026-10-05T04:47:26.969351+00:00,1-7/6-2/5-3/4,published,小田競・サイクル,楽天Kドリームス 並び予想
3520241104030010,2024-11-06,平塚競輪,F1,A1/A2,10,Ａ級決勝,19:24,19:19,7,https://keirin.kdreams.jp/hiratsuka/racedetail/3520241104030010/?pageType=odds,2026-10-05T04:47:28.704088+00:00,1-2/5-6-3/7-4,published,小田競・サイクル,楽天Kドリームス 並び予想
2120241105020001,2024-11-06,弥彦競輪,F1,A1/A2,1,Ａ級一般,10:35,10:30,7,https://keirin.kdreams.jp/yahiko/racedetail/2120241105020001/?pageType=odds,2026-10-05T04:50:02.964766+00:00,7-1-5/2-6/4-3,published,新潟スポーツ,楽天Kドリームス 並び予想
2120241105020002,2024-11-06,弥彦競輪,F1,A1/A2,2,Ａ級一般,11:02,10:57,7,https://keirin.kdreams.jp/yahiko/racedetail/2120241105020002/?pageType=odds,2026-10-05T04:50:04.847000+00:00,4-1-6/5-2/3-7,published,新潟スポーツ,楽天Kドリームス 並び予想
2120241105020003,2024-11-06,弥彦競輪,F1,A1/A2,3,Ａ級準決勝,11:30,11:25,7,https://keirin.kdreams.jp/yahiko/racedetail/2120241105020003/?pageType=odds,2026-10-05T04:50:06.705923+00:00,4-1-3/6/7-5-2,published,新潟スポーツ,楽天Kドリームス 並び予想
2120241105020004,2024-11-06,弥彦競輪,F1,A1/A2,4,Ａ級準決勝,11:58,11:53,7,https://keirin.kdreams.jp/yahiko/racedetail/2120241105020004/?pageType=odds,2026-10-05T04:50:08.634049+00:00,1-3-5/6/4-7-2,published,新潟スポーツ,楽天Kドリームス 並び予想
2120241105020005,2024-11-06,弥彦競輪,F1,A1/A2,5,Ａ級準決勝,12:26,12:21,7,https://keirin.kdreams.jp/yahiko/racedetail/2120241105020005/?pageType=odds,2026-10-05T04:50:10.413893+00:00,1-3-7/6/2-4-5,published,新潟スポーツ,楽天Kドリームス 並び予想
3120241105020005,2024-11-06,松戸競輪,F2,A1/A2,5,Ａ級特一般,22:00,21:55,7,https://keirin.kdreams.jp/matsudo/racedetail/3120241105020005/?pageType=odds,2026-10-05T04:48:32.463396+00:00,1-4/2-3-5/6-7,published,アオケイ,楽天Kドリームス 並び予想
3120241105020006,2024-11-06,松戸競輪,F2,A1/A2,6,Ａ級特一般,22:20,22:15,7,https://keirin.kdreams.jp/matsudo/racedetail/3120241105020006/?pageType=odds,2026-10-05T04:48:34.113516+00:00,1-5/6/2-4-3-7,published,アオケイ,楽天Kドリームス 並び予想
3120241105020007,2024-11-06,松戸競輪,F2,A1/A2,7,Ａ級準決勝,22:40,22:35,7,https://keirin.kdreams.jp/matsudo/racedetail/3120241105020007/?pageType=odds,2026-10-05T04:48:35.958091+00:00,2-3/1-4/5-6-7,published,アオケイ,楽天Kドリームス 並び予想
3120241105020008,2024-11-06,松戸競輪,F2,A1/A2,8,Ａ級準決勝,23:00,22:55,7,https://keirin.kdreams.jp/matsudo/racedetail/3120241105020008/?pageType=odds,2026-10-05T04:48:37.570475+00:00,4-1/2-3-7/6-5,published,アオケイ,楽天Kドリームス 並び予想
3120241105020009,2024-11-06,松戸競輪,F2,A1/A2,9,Ａ級準決勝,23:20,23:15,7,https://keirin.kdreams.jp/matsudo/racedetail/3120241105020009/?pageType=odds,2026-10-05T04:48:39.313362+00:00,1-6/2-3/4-5/7,published,アオケイ,楽天Kドリームス 並び予想
4720241104030005,2024-11-06,松阪競輪,F2,A1/A2,5,Ａ級特一般,17:41,17:36,7,https://keirin.kdreams.jp/matsusaka/racedetail/4720241104030005/?pageType=odds,2026-10-05T04:47:47.879048+00:00,3-4-5-1/2-7/6,published,中部競輪,楽天Kドリームス 並び予想
4720241104030006,2024-11-06,松阪競輪,F2,A1/A2,6,Ａ級特一般,18:05,18:00,7,https://keirin.kdreams.jp/matsusaka/racedetail/4720241104030006/?pageType=odds,2026-10-05T04:47:49.540604+00:00,5-1-6/4-2/3/7,published,中部競輪,楽天Kドリームス 並び予想
4720241104030009,2024-11-06,松阪競輪,F2,A1/A2,9,Ａ級特選,19:18,19:13,7,https://keirin.kdreams.jp/matsusaka/racedetail/4720241104030009/?pageType=odds,2026-10-05T04:47:51.454783+00:00,1-3/5/6/4-7-2,published,中部競輪,楽天Kドリームス 並び予想
4720241104030010,2024-11-06,松阪競輪,F2,A1/A2,10,Ａ級特選,19:42,19:37,7,https://keirin.kdreams.jp/matsusaka/racedetail/4720241104030010/?pageType=odds,2026-10-05T04:47:53.205671+00:00,7-2-1/4-5-3-6,published,中部競輪,楽天Kドリームス 並び予想
4720241104030012,2024-11-06,松阪競輪,F2,A1/A2,12,Ａ級決勝,20:31,20:26,7,https://keirin.kdreams.jp/matsusaka/racedetail/4720241104030012/?pageType=odds,2026-10-05T04:47:54.966720+00:00,7-1-5/3/6-4-2,published,中部競輪,楽天Kドリームス 並び予想
8420241105020001,2024-11-06,武雄競輪,F1,A1/A2,1,Ａ級一般,10:40,10:35,7,https://keirin.kdreams.jp/takeo/racedetail/8420241105020001/?pageType=odds,2026-10-05T04:49:35.245095+00:00,2-6/1-4/5-7-3,published,百万弗,楽天Kドリームス 並び予想
8420241105020002,2024-11-06,武雄競輪,F1,A1/A2,2,Ａ級一般,11:08,11:03,7,https://keirin.kdreams.jp/takeo/racedetail/8420241105020002/?pageType=odds,2026-10-05T04:49:36.972458+00:00,4-1/2-7/5-3/6,published,百万弗,楽天Kドリームス 並び予想
8420241105020003,2024-11-06,武雄競輪,F1,A1/A2,3,Ａ級準決勝,11:36,11:31,7,https://keirin.kdreams.jp/takeo/racedetail/8420241105020003/?pageType=odds,2026-10-05T04:49:38.716334+00:00,4-5-1/2/3-6/7,published,百万弗,楽天Kドリームス 並び予想
8420241105020004,2024-11-06,武雄競輪,F1,A1/A2,4,Ａ級準決勝,12:06,12:01,7,https://keirin.kdreams.jp/takeo/racedetail/8420241105020004/?pageType=odds,2026-10-05T04:49:40.371374+00:00,1-5-4/2-7/6-3,published,百万弗,楽天Kドリームス 並び予想
8420241105020005,2024-11-06,武雄競輪,F1,A1/A2,5,Ａ級準決勝,12:36,12:31,7,https://keirin.kdreams.jp/takeo/racedetail/8420241105020005/?pageType=odds,2026-10-05T04:49:42.108060+00:00,5-1-7/3/2-4-6,published,百万弗,楽天Kドリームス 並び予想
4420241105030002,2024-11-07,大垣競輪,F2,A1/A2,2,Ａ級一般,21:10,21:05,7,https://keirin.kdreams.jp/ogaki/racedetail/4420241105030002/?pageType=odds,2026-10-05T04:49:14.548460+00:00,4-2-5/1/6-3-7,published,ひかり,楽天Kドリームス 並び予想
4420241105030003,2024-11-07,大垣競輪,F2,A1/A2,3,Ａ級一般,21:30,21:25,7,https://keirin.kdreams.jp/ogaki/racedetail/4420241105030003/?pageType=odds,2026-10-05T04:49:16.153800+00:00,5-1-3-4-2/6/7,published,ひかり,楽天Kドリームス 並び予想
4420241105030004,2024-11-07,大垣競輪,F2,A1/A2,4,Ａ級一般,21:50,21:45,7,https://keirin.kdreams.jp/ogaki/racedetail/4420241105030004/?pageType=odds,2026-10-05T04:49:17.671810+00:00,1-2-5-7/4-3-6,published,ひかり,楽天Kドリームス 並び予想
4420241105030005,2024-11-07,大垣競輪,F2,A1/A2,5,Ａ級特選,22:10,22:05,7,https://keirin.kdreams.jp/ogaki/racedetail/4420241105030005/?pageType=odds,2026-10-05T04:49:19.341935+00:00,3-1-4/2-5-6/7,published,ひかり,楽天Kドリームス 並び予想
4420241105030006,2024-11-07,大垣競輪,F2,A1/A2,6,Ａ級特選,22:30,22:25,7,https://keirin.kdreams.jp/ogaki/racedetail/4420241105030006/?pageType=odds,2026-10-05T04:49:21.085345+00:00,2-6/1/3-5-7/4,published,ひかり,楽天Kドリームス 並び予想
4420241105030007,2024-11-07,大垣競輪,F2,A1/A2,7,Ａ級特選,22:50,22:45,7,https://keirin.kdreams.jp/ogaki/racedetail/4420241105030007/?pageType=odds,2026-10-05T04:49:22.848600+00:00,6-1-3/2-7/4-5,published,ひかり,楽天Kドリームス 並び予想
4420241105030009,2024-11-07,大垣競輪,F2,A1/A2,9,Ａ級決勝,23:30,23:25,7,https://keirin.kdreams.jp/ogaki/racedetail/4420241105030009/?pageType=odds,2026-10-05T04:49:24.584440+00:00,1-6-4/2-3/5-7,published,ひかり,楽天Kドリームス 並び予想
5620241105030001,2024-11-07,岸和田競輪,F1,A1/A2,1,Ａ級一般,10:59,10:54,7,https://keirin.kdreams.jp/kishiwada/racedetail/5620241105030001/?pageType=odds,2026-10-05T04:48:14.514531+00:00,5-1/2-7/3/4-6,published,競輪研究,楽天Kドリームス 並び予想
5620241105030002,2024-11-07,岸和田競輪,F1,A1/A2,2,Ａ級一般,11:24,11:19,7,https://keirin.kdreams.jp/kishiwada/racedetail/5620241105030002/?pageType=odds,2026-10-05T04:48:16.201956+00:00,7-4-3-1/5-2/6,published,競輪研究,楽天Kドリームス 並び予想
5620241105030003,2024-11-07,岸和田競輪,F1,A1/A2,3,Ａ級特選,11:49,11:44,7,https://keirin.kdreams.jp/kishiwada/racedetail/5620241105030003/?pageType=odds,2026-10-05T04:48:18.096070+00:00,3-1-5-6/4-7-2,published,競輪研究,楽天Kドリームス 並び予想
5620241105030004,2024-11-07,岸和田競輪,F1,A1/A2,4,Ａ級特選,12:17,12:12,7,https://keirin.kdreams.jp/kishiwada/racedetail/5620241105030004/?pageType=odds,2026-10-05T04:48:19.847027+00:00,1-7-6/3-2-4/5,published,競輪研究,楽天Kドリームス 並び予想
5620241105030008,2024-11-07,岸和田競輪,F1,A1/A2,8,Ａ級決勝,14:13,14:08,7,https://keirin.kdreams.jp/kishiwada/racedetail/5620241105030008/?pageType=odds,2026-10-05T04:48:21.630980+00:00,1-4-6/7-2-5/3,published,競輪研究,楽天Kドリームス 並び予想
2120241105030001,2024-11-07,弥彦競輪,F1,A1/A2,1,Ａ級一般,10:35,10:30,7,https://keirin.kdreams.jp/yahiko/racedetail/2120241105030001/?pageType=odds,2026-10-05T04:50:12.314692+00:00,5-1/2-7/4-3-6,published,新潟スポーツ,楽天Kドリームス 並び予想
2120241105030002,2024-11-07,弥彦競輪,F1,A1/A2,2,Ａ級一般,11:02,10:57,7,https://keirin.kdreams.jp/yahiko/racedetail/2120241105030002/?pageType=odds,2026-10-05T04:50:14.075272+00:00,1-6/4/2-5/3-7,published,新潟スポーツ,楽天Kドリームス 並び予想
2120241105030003,2024-11-07,弥彦競輪,F1,A1/A2,3,Ａ級特選,11:30,11:25,7,https://keirin.kdreams.jp/yahiko/racedetail/2120241105030003/?pageType=odds,2026-10-05T04:50:15.992546+00:00,7-1-4/6/2-5-3,published,新潟スポーツ,楽天Kドリームス 並び予想
2120241105030004,2024-11-07,弥彦競輪,F1,A1/A2,4,Ａ級特選,11:58,11:53,7,https://keirin.kdreams.jp/yahiko/racedetail/2120241105030004/?pageType=odds,2026-10-05T04:50:17.805803+00:00,5-1-7/6/2-4-3,published,新潟スポーツ,楽天Kドリームス 並び予想
2120241105030011,2024-11-07,弥彦競輪,F1,A1/A2,11,Ａ級決勝,15:37,15:32,7,https://keirin.kdreams.jp/yahiko/racedetail/2120241105030011/?pageType=odds,2026-10-05T04:50:19.602505+00:00,1-5/2-4-6/7-3,published,新潟スポーツ,楽天Kドリームス 並び予想
3120241105030004,2024-11-07,松戸競輪,F2,A1/A2,4,Ａ級特一般,21:40,21:35,7,https://keirin.kdreams.jp/matsudo/racedetail/3120241105030004/?pageType=odds,2026-10-05T04:48:40.941909+00:00,1-4-6/2-5/3-7,published,アオケイ,楽天Kドリームス 並び予想
3120241105030005,2024-11-07,松戸競輪,F2,A1/A2,5,Ａ級特一般,22:00,21:55,7,https://keirin.kdreams.jp/matsudo/racedetail/3120241105030005/?pageType=odds,2026-10-05T04:48:42.714277+00:00,1-6-4/2-3-5/7,published,アオケイ,楽天Kドリームス 並び予想
3120241105030006,2024-11-07,松戸競輪,F2,A1/A2,6,Ａ級特選,22:20,22:15,7,https://keirin.kdreams.jp/matsudo/racedetail/3120241105030006/?pageType=odds,2026-10-05T04:48:44.403076+00:00,3-1-6/2-4/5-7,published,アオケイ,楽天Kドリームス 並び予想
3120241105030007,2024-11-07,松戸競輪,F2,A1/A2,7,Ａ級特選,22:40,22:35,7,https://keirin.kdreams.jp/matsudo/racedetail/3120241105030007/?pageType=odds,2026-10-05T04:48:46.171746+00:00,5-1-6/2/4-3/7,published,アオケイ,楽天Kドリームス 並び予想
3120241105030009,2024-11-07,松戸競輪,F2,A1/A2,9,Ａ級決勝,23:20,23:15,7,https://keirin.kdreams.jp/matsudo/racedetail/3120241105030009/?pageType=odds,2026-10-05T04:48:48.057470+00:00,1-6/2-5-7/3-4,published,アオケイ,楽天Kドリームス 並び予想
8420241105030001,2024-11-07,武雄競輪,F1,A1/A2,1,Ａ級一般,10:40,10:35,7,https://keirin.kdreams.jp/takeo/racedetail/8420241105030001/?pageType=odds,2026-10-05T04:49:44.511545+00:00,4-1/6-2/7-3/5,published,百万弗,楽天Kドリームス 並び予想
8420241105030002,2024-11-07,武雄競輪,F1,A1/A2,2,Ａ級一般,11:08,11:03,7,https://keirin.kdreams.jp/takeo/racedetail/8420241105030002/?pageType=odds,2026-10-05T04:49:46.244401+00:00,1-6/4-2-5/3-7,published,百万弗,楽天Kドリームス 並び予想
8420241105030003,2024-11-07,武雄競輪,F1,A1/A2,3,Ａ級特選,11:36,11:31,7,https://keirin.kdreams.jp/takeo/racedetail/8420241105030003/?pageType=odds,2026-10-05T04:49:48.376851+00:00,1-4-6/2-5/7-3,published,百万弗,楽天Kドリームス 並び予想
8420241105030004,2024-11-07,武雄競輪,F1,A1/A2,4,Ａ級特選,12:06,12:01,7,https://keirin.kdreams.jp/takeo/racedetail/8420241105030004/?pageType=odds,2026-10-05T04:49:50.094976+00:00,2-6/1-5/3/4-7,published,百万弗,楽天Kドリームス 並び予想
8420241105030011,2024-11-07,武雄競輪,F1,A1/A2,11,Ａ級決勝,16:00,15:55,7,https://keirin.kdreams.jp/takeo/racedetail/8420241105030011/?pageType=odds,2026-10-05T04:49:51.914077+00:00,7-1-4-5/2/3/6,published,百万弗,楽天Kドリームス 並び予想
3520241108010001,2024-11-08,平塚競輪,F1,A1/A2,1,Ａ級予選１,10:35,10:30,7,https://keirin.kdreams.jp/hiratsuka/racedetail/3520241108010001/?pageType=odds,2026-10-05T04:50:21.298153+00:00,3-1-6/7-2/4-5,published,小田競・サイクル,楽天Kドリームス 並び予想
3520241108010002,2024-11-08,平塚競輪,F1,A1/A2,2,Ａ級予選１,11:01,10:56,7,https://keirin.kdreams.jp/hiratsuka/racedetail/3520241108010002/?pageType=odds,2026-10-05T04:50:23.012322+00:00,5-1/2-4/3-7-6,published,小田競・サイクル,楽天Kドリームス 並び予想
3520241108010003,2024-11-08,平塚競輪,F1,A1/A2,3,Ａ級予選１,11:27,11:22,7,https://keirin.kdreams.jp/hiratsuka/racedetail/3520241108010003/?pageType=odds,2026-10-05T04:50:24.794084+00:00,4-1-6/2-7/3/5,published,小田競・サイクル,楽天Kドリームス 並び予想
3520241108010004,2024-11-08,平塚競輪,F1,A1/A2,4,Ａ級予選１,11:53,11:48,7,https://keirin.kdreams.jp/hiratsuka/racedetail/3520241108010004/?pageType=odds,2026-10-05T04:50:26.563223+00:00,7-1-6/5-2/4-3,published,小田競・サイクル,楽天Kドリームス 並び予想
3520241108010005,2024-11-08,平塚競輪,F1,A1/A2,5,Ａ級初日特選,12:21,12:16,7,https://keirin.kdreams.jp/hiratsuka/racedetail/3520241108010005/?pageType=odds,2026-10-05T04:50:28.346924+00:00,1-4/2-6/3-5/7,published,小田競・サイクル,楽天Kドリームス 並び予想
8720241108010001,2024-11-08,熊本競輪,F1,A1/A2,1,Ａ級予選,10:30,10:25,7,https://keirin.kdreams.jp/kumamoto/racedetail/8720241108010001/?pageType=odds,2026-10-05T04:50:58.270309+00:00,7-1-4/5-2-3/6,published,コンドル出版社,楽天Kドリームス 並び予想
8720241108010002,2024-11-08,熊本競輪,F1,A1/A2,2,Ａ級予選,10:55,10:50,7,https://keirin.kdreams.jp/kumamoto/racedetail/8720241108010002/?pageType=odds,2026-10-05T04:50:59.949618+00:00,5-1-6/2-7/3-4,published,コンドル出版社,楽天Kドリームス 並び予想
8720241108010003,2024-11-08,熊本競輪,F1,A1/A2,3,Ａ級予選,11:21,11:16,7,https://keirin.kdreams.jp/kumamoto/racedetail/8720241108010003/?pageType=odds,2026-10-05T04:51:01.819726+00:00,1-4/5-2-6/7-3,published,コンドル出版社,楽天Kドリームス 並び予想
8720241108010004,2024-11-08,熊本競輪,F1,A1/A2,4,Ａ級予選,11:47,11:42,7,https://keirin.kdreams.jp/kumamoto/racedetail/8720241108010004/?pageType=odds,2026-10-05T04:51:03.617536+00:00,7-1-5/6-2/4-3,published,コンドル出版社,楽天Kドリームス 並び予想
8720241108010005,2024-11-08,熊本競輪,F1,A1/A2,5,Ａ級初日特選,12:14,12:09,7,https://keirin.kdreams.jp/kumamoto/racedetail/8720241108010005/?pageType=odds,2026-10-05T04:51:05.423088+00:00,1-5/2-4-7/3-6,published,コンドル出版社,楽天Kドリームス 並び予想
6120241108010001,2024-11-08,玉野競輪,F1,A1/A2,1,Ａ級予選,10:40,10:35,7,https://keirin.kdreams.jp/tamano/racedetail/6120241108010001/?pageType=odds,2026-10-05T04:52:56.505827+00:00,7-1-2-4/3-5/6,published,競輪毎日,楽天Kドリームス 並び予想
6120241108010002,2024-11-08,玉野競輪,F1,A1/A2,2,Ａ級予選,11:05,11:00,7,https://keirin.kdreams.jp/tamano/racedetail/6120241108010002/?pageType=odds,2026-10-05T04:52:57.904720+00:00,5-3/1-4/2-6-7,published,競輪毎日,楽天Kドリームス 並び予想
6120241108010003,2024-11-08,玉野競輪,F1,A1/A2,3,Ａ級予選,11:35,11:30,7,https://keirin.kdreams.jp/tamano/racedetail/6120241108010003/?pageType=odds,2026-10-05T04:52:59.955069+00:00,1-7-4/5-2/3/6,published,競輪毎日,楽天Kドリームス 並び予想
6120241108010004,2024-11-08,玉野競輪,F1,A1/A2,4,Ａ級予選,12:05,12:00,7,https://keirin.kdreams.jp/tamano/racedetail/6120241108010004/?pageType=odds,2026-10-05T04:53:01.916936+00:00,5-1/2-6/3-7-4,published,競輪毎日,楽天Kドリームス 並び予想
6120241108010005,2024-11-08,玉野競輪,F1,A1/A2,5,Ａ級初日特選,12:35,12:30,7,https://keirin.kdreams.jp/tamano/racedetail/6120241108010005/?pageType=odds,2026-10-05T04:53:03.745313+00:00,2-5/7-1-4/6-3,published,競輪毎日,楽天Kドリームス 並び予想
2820241108010008,2024-11-08,立川競輪,F2,A1/A2,8,Ａ級特予選,14:15,14:10,7,https://keirin.kdreams.jp/tachikawa/racedetail/2820241108010008/?pageType=odds,2026-10-05T04:51:53.726518+00:00,7-3/1-5/2-4-6,published,アオケイ,楽天Kドリームス 並び予想
2820241108010009,2024-11-08,立川競輪,F2,A1/A2,9,Ａ級特予選,14:50,14:45,7,https://keirin.kdreams.jp/tachikawa/racedetail/2820241108010009/?pageType=odds,2026-10-05T04:51:55.459241+00:00,1-7/2-4-6/3-5,published,アオケイ,楽天Kドリームス 並び予想
2820241108010010,2024-11-08,立川競輪,F2,A1/A2,10,Ａ級特予選,15:25,15:20,7,https://keirin.kdreams.jp/tachikawa/racedetail/2820241108010010/?pageType=odds,2026-10-05T04:51:57.340314+00:00,1-5-6/4-2/7-3,published,アオケイ,楽天Kドリームス 並び予想
2820241108010011,2024-11-08,立川競輪,F2,A1/A2,11,Ａ級特予選,16:00,15:55,7,https://keirin.kdreams.jp/tachikawa/racedetail/2820241108010011/?pageType=odds,2026-10-05T04:51:59.084828+00:00,1-7-5-3/4-2-6,published,アオケイ,楽天Kドリームス 並び予想
2820241108010012,2024-11-08,立川競輪,F2,A1/A2,12,Ａ級初日特選,16:35,16:30,7,https://keirin.kdreams.jp/tachikawa/racedetail/2820241108010012/?pageType=odds,2026-10-05T04:52:00.863052+00:00,1-6/7-2/3-5/4,published,アオケイ,楽天Kドリームス 並び予想
2620241108010005,2024-11-08,西武園競輪,F2,A1/A2,5,Ａ級特予選,22:00,21:55,7,https://keirin.kdreams.jp/seibuen/racedetail/2620241108010005/?pageType=odds,2026-10-05T04:51:27.332481+00:00,3-1-2/4-5/6/7,published,アオケイ,楽天Kドリームス 並び予想
2620241108010006,2024-11-08,西武園競輪,F2,A1/A2,6,Ａ級特予選,22:20,22:15,7,https://keirin.kdreams.jp/seibuen/racedetail/2620241108010006/?pageType=odds,2026-10-05T04:51:29.104188+00:00,2-1-3/5-7/6-4,published,アオケイ,楽天Kドリームス 並び予想
2620241108010007,2024-11-08,西武園競輪,F2,A1/A2,7,Ａ級特予選,22:40,22:35,7,https://keirin.kdreams.jp/seibuen/racedetail/2620241108010007/?pageType=odds,2026-10-05T04:51:30.787117+00:00,2-1-5/3-4/7-6,published,アオケイ,楽天Kドリームス 並び予想
2620241108010008,2024-11-08,西武園競輪,F2,A1/A2,8,Ａ級特予選,23:00,22:55,7,https://keirin.kdreams.jp/seibuen/racedetail/2620241108010008/?pageType=odds,2026-10-05T04:51:32.619043+00:00,1-2-3-6/5-4-7,published,アオケイ,楽天Kドリームス 並び予想
2620241108010009,2024-11-08,西武園競輪,F2,A1/A2,9,Ａ級初日特選,23:20,23:15,7,https://keirin.kdreams.jp/seibuen/racedetail/2620241108010009/?pageType=odds,2026-10-05T04:51:34.375630+00:00,1-4/2-7/3-5-6,published,アオケイ,楽天Kドリームス 並び予想
7120241108010003,2024-11-08,高松競輪,F2,A1/A2,3,Ａ級予選,21:30,21:25,7,https://keirin.kdreams.jp/takamatsu/racedetail/7120241108010003/?pageType=odds,2026-10-05T04:52:21.863174+00:00,3-1/4-2-7/6-5,published,競輪毎日,楽天Kドリームス 並び予想
7120241108010004,2024-11-08,高松競輪,F2,A1/A2,4,Ａ級予選,21:50,21:45,7,https://keirin.kdreams.jp/takamatsu/racedetail/7120241108010004/?pageType=odds,2026-10-05T04:52:23.784300+00:00,3-1-6/2/4-7-5,published,競輪毎日,楽天Kドリームス 並び予想
7120241108010005,2024-11-08,高松競輪,F2,A1/A2,5,Ａ級予選,22:10,22:05,7,https://keirin.kdreams.jp/takamatsu/racedetail/7120241108010005/?pageType=odds,2026-10-05T04:52:25.475522+00:00,2-1-6/4-3-5/7,published,競輪毎日,楽天Kドリームス 並び予想
7120241108010006,2024-11-08,高松競輪,F2,A1/A2,6,Ａ級予選,22:30,22:25,7,https://keirin.kdreams.jp/takamatsu/racedetail/7120241108010006/?pageType=odds,2026-10-05T04:52:27.306623+00:00,1-2-5/7/4-3-6,published,競輪毎日,楽天Kドリームス 並び予想
7120241108010007,2024-11-08,高松競輪,F2,A1/A2,7,Ａ級予選,22:50,22:45,7,https://keirin.kdreams.jp/takamatsu/racedetail/7120241108010007/?pageType=odds,2026-10-05T04:52:29.009814+00:00,2-1-3/5-4-6/7,published,競輪毎日,楽天Kドリームス 並び予想
7120241108010008,2024-11-08,高松競輪,F2,A1/A2,8,Ａ級予選,23:10,23:05,7,https://keirin.kdreams.jp/takamatsu/racedetail/7120241108010008/?pageType=odds,2026-10-05T04:52:30.832582+00:00,1-2-5/6-3/7-4,published,競輪毎日,楽天Kドリームス 並び予想
7120241108010009,2024-11-08,高松競輪,F2,A1/A2,9,Ａ級初日特選,23:30,23:25,7,https://keirin.kdreams.jp/takamatsu/racedetail/7120241108010009/?pageType=odds,2026-10-05T04:52:32.522705+00:00,4-1/5-2/3-6-7,published,競輪毎日,楽天Kドリームス 並び予想
3520241108020001,2024-11-09,平塚競輪,F1,A1/A2,1,Ａ級予選２,10:35,10:30,7,https://keirin.kdreams.jp/hiratsuka/racedetail/3520241108020001/?pageType=odds,2026-10-05T04:50:30.066408+00:00,1-3/2-7/5-4-6,published,小田競・サイクル,楽天Kドリームス 並び予想
3520241108020002,2024-11-09,平塚競輪,F1,A1/A2,2,Ａ級予選２,11:01,10:56,7,https://keirin.kdreams.jp/hiratsuka/racedetail/3520241108020002/?pageType=odds,2026-10-05T04:50:31.912865+00:00,1-7/4-2-6/5-3,published,小田競・サイクル,楽天Kドリームス 並び予想
3520241108020003,2024-11-09,平塚競輪,F1,A1/A2,3,Ａ級予選２,11:27,11:22,7,https://keirin.kdreams.jp/hiratsuka/racedetail/3520241108020003/?pageType=odds,2026-10-05T04:50:34.131509+00:00,7-1/2-5-6/4-3,published,小田競・サイクル,楽天Kドリームス 並び予想
3520241108020004,2024-11-09,平塚競輪,F1,A1/A2,4,Ａ級予選２,11:53,11:48,7,https://keirin.kdreams.jp/hiratsuka/racedetail/3520241108020004/?pageType=odds,2026-10-05T04:50:36.141757+00:00,1-4-6/2-5/3-7,published,小田競・サイクル,楽天Kドリームス 並び予想
3520241108020005,2024-11-09,平塚競輪,F1,A1/A2,5,Ａ級予選２,12:19,12:14,7,https://keirin.kdreams.jp/hiratsuka/racedetail/3520241108020005/?pageType=odds,2026-10-05T04:50:37.880016+00:00,5-1-6/2-4/7-3,published,小田競・サイクル,楽天Kドリームス 並び予想
8720241108020001,2024-11-09,熊本競輪,F1,A1/A2,1,Ａ級一般,10:30,10:25,7,https://keirin.kdreams.jp/kumamoto/racedetail/8720241108020001/?pageType=odds,2026-10-05T04:51:07.387805+00:00,7-1-4/3-5-2/6,published,コンドル出版社,楽天Kドリームス 並び予想
8720241108020002,2024-11-09,熊本競輪,F1,A1/A2,2,Ａ級一般,10:55,10:50,7,https://keirin.kdreams.jp/kumamoto/racedetail/8720241108020002/?pageType=odds,2026-10-05T04:51:09.573682+00:00,7-4-1/2-6/5-3,published,コンドル出版社,楽天Kドリームス 並び予想
8720241108020003,2024-11-09,熊本競輪,F1,A1/A2,3,Ａ級準決勝,11:21,11:16,7,https://keirin.kdreams.jp/kumamoto/racedetail/8720241108020003/?pageType=odds,2026-10-05T04:51:11.723252+00:00,1-5/7-2/4-3-6,published,コンドル出版社,楽天Kドリームス 並び予想
8720241108020004,2024-11-09,熊本競輪,F1,A1/A2,4,Ａ級準決勝,11:47,11:42,7,https://keirin.kdreams.jp/kumamoto/racedetail/8720241108020004/?pageType=odds,2026-10-05T04:51:13.674509+00:00,1-7/6-4-2/3-5,published,コンドル出版社,楽天Kドリームス 並び予想
8720241108020005,2024-11-09,熊本競輪,F1,A1/A2,5,Ａ級準決勝,12:14,12:09,7,https://keirin.kdreams.jp/kumamoto/racedetail/8720241108020005/?pageType=odds,2026-10-05T04:51:15.822674+00:00,1-4-7/2-5/6-3,published,コンドル出版社,楽天Kドリームス 並び予想
6120241108020001,2024-11-09,玉野競輪,F1,A1/A2,1,Ａ級一般,10:40,10:35,7,https://keirin.kdreams.jp/tamano/racedetail/6120241108020001/?pageType=odds,2026-10-05T04:53:05.676976+00:00,1-7/6-2/4-3/5,published,競輪毎日,楽天Kドリームス 並び予想
6120241108020002,2024-11-09,玉野競輪,F1,A1/A2,2,Ａ級一般,11:05,11:00,7,https://keirin.kdreams.jp/tamano/racedetail/6120241108020002/?pageType=odds,2026-10-05T04:53:07.631628+00:00,5-2-6/4-1-7/3,published,競輪毎日,楽天Kドリームス 並び予想
6120241108020003,2024-11-09,玉野競輪,F1,A1/A2,3,Ａ級準決勝,11:35,11:30,7,https://keirin.kdreams.jp/tamano/racedetail/6120241108020003/?pageType=odds,2026-10-05T04:53:09.555091+00:00,4-2-7/1-5/3-6,published,競輪毎日,楽天Kドリームス 並び予想
6120241108020004,2024-11-09,玉野競輪,F1,A1/A2,4,Ａ級準決勝,12:05,12:00,7,https://keirin.kdreams.jp/tamano/racedetail/6120241108020004/?pageType=odds,2026-10-05T04:53:11.259165+00:00,2-5-6/1/4/7-3,published,競輪毎日,楽天Kドリームス 並び予想
6120241108020005,2024-11-09,玉野競輪,F1,A1/A2,5,Ａ級準決勝,12:35,12:30,7,https://keirin.kdreams.jp/tamano/racedetail/6120241108020005/?pageType=odds,2026-10-05T04:53:13.239379+00:00,5-1-6/7-2-4/3,published,競輪毎日,楽天Kドリームス 並び予想
2820241108020008,2024-11-09,立川競輪,F2,A1/A2,8,Ａ級特一般,14:15,14:10,7,https://keirin.kdreams.jp/tachikawa/racedetail/2820241108020008/?pageType=odds,2026-10-05T04:52:02.615382+00:00,6-1-4/2-7-3/5,published,アオケイ,楽天Kドリームス 並び予想
2820241108020009,2024-11-09,立川競輪,F2,A1/A2,9,Ａ級特一般,14:50,14:45,7,https://keirin.kdreams.jp/tachikawa/racedetail/2820241108020009/?pageType=odds,2026-10-05T04:52:04.465470+00:00,7-2/1/3/4-6-5,published,アオケイ,楽天Kドリームス 並び予想
2820241108020010,2024-11-09,立川競輪,F2,A1/A2,10,Ａ級準決勝,15:25,15:20,7,https://keirin.kdreams.jp/tachikawa/racedetail/2820241108020010/?pageType=odds,2026-10-05T04:52:06.200500+00:00,1-4-6/5-3-2/7,published,アオケイ,楽天Kドリームス 並び予想
2820241108020011,2024-11-09,立川競輪,F2,A1/A2,11,Ａ級準決勝,16:00,15:55,7,https://keirin.kdreams.jp/tachikawa/racedetail/2820241108020011/?pageType=odds,2026-10-05T04:52:08.093330+00:00,4-1-7/2-5/3-6,published,アオケイ,楽天Kドリームス 並び予想
2820241108020012,2024-11-09,立川競輪,F2,A1/A2,12,Ａ級準決勝,16:35,16:30,7,https://keirin.kdreams.jp/tachikawa/racedetail/2820241108020012/?pageType=odds,2026-10-05T04:52:10.394948+00:00,2-6/5-1/7-3/4,published,アオケイ,楽天Kドリームス 並び予想
2620241108020005,2024-11-09,西武園競輪,F2,A1/A2,5,Ａ級特一般,22:00,21:55,7,https://keirin.kdreams.jp/seibuen/racedetail/2620241108020005/?pageType=odds,2026-10-05T04:51:36.061589+00:00,2-1-4-6/3-7/5,published,アオケイ,楽天Kドリームス 並び予想
2620241108020006,2024-11-09,西武園競輪,F2,A1/A2,6,Ａ級特一般,22:20,22:15,7,https://keirin.kdreams.jp/seibuen/racedetail/2620241108020006/?pageType=odds,2026-10-05T04:51:37.746628+00:00,1-2/3/6/7-4-5,published,アオケイ,楽天Kドリームス 並び予想
2620241108020007,2024-11-09,西武園競輪,F2,A1/A2,7,Ａ級準決勝,22:40,22:35,7,https://keirin.kdreams.jp/seibuen/racedetail/2620241108020007/?pageType=odds,2026-10-05T04:51:39.422285+00:00,1-4/5-2/6-3-7,published,アオケイ,楽天Kドリームス 並び予想
2620241108020008,2024-11-09,西武園競輪,F2,A1/A2,8,Ａ級準決勝,23:00,22:55,7,https://keirin.kdreams.jp/seibuen/racedetail/2620241108020008/?pageType=odds,2026-10-05T04:51:41.164194+00:00,1-2-4/7/5-3-6,published,アオケイ,楽天Kドリームス 並び予想
2620241108020009,2024-11-09,西武園競輪,F2,A1/A2,9,Ａ級準決勝,23:20,23:15,7,https://keirin.kdreams.jp/seibuen/racedetail/2620241108020009/?pageType=odds,2026-10-05T04:51:43.017545+00:00,1-4-3/5-2/6-7,published,アオケイ,楽天Kドリームス 並び予想
7120241108020003,2024-11-09,高松競輪,F2,A1/A2,3,Ａ級一般,21:30,21:25,7,https://keirin.kdreams.jp/takamatsu/racedetail/7120241108020003/?pageType=odds,2026-10-05T04:52:34.209319+00:00,1-3-7/4-2/5-6,published,競輪毎日,楽天Kドリームス 並び予想
7120241108020004,2024-11-09,高松競輪,F2,A1/A2,4,Ａ級一般,21:50,21:45,7,https://keirin.kdreams.jp/takamatsu/racedetail/7120241108020004/?pageType=odds,2026-10-05T04:52:35.839495+00:00,3-1-5/2-6/4-7,published,競輪毎日,楽天Kドリームス 並び予想
7120241108020005,2024-11-09,高松競輪,F2,A1/A2,5,Ａ級選抜,22:10,22:05,7,https://keirin.kdreams.jp/takamatsu/racedetail/7120241108020005/?pageType=odds,2026-10-05T04:52:37.541041+00:00,7-1-4/2-6/5-3,published,競輪毎日,楽天Kドリームス 並び予想
7120241108020006,2024-11-09,高松競輪,F2,A1/A2,6,Ａ級選抜,22:30,22:25,7,https://keirin.kdreams.jp/takamatsu/racedetail/7120241108020006/?pageType=odds,2026-10-05T04:52:39.291924+00:00,2-1-3-6-4/5/7,published,競輪毎日,楽天Kドリームス 並び予想
7120241108020007,2024-11-09,高松競輪,F2,A1/A2,7,Ａ級準決勝,22:50,22:45,7,https://keirin.kdreams.jp/takamatsu/racedetail/7120241108020007/?pageType=odds,2026-10-05T04:52:40.907254+00:00,5-1/6-2/3-4/7,published,競輪毎日,楽天Kドリームス 並び予想
7120241108020008,2024-11-09,高松競輪,F2,A1/A2,8,Ａ級準決勝,23:10,23:05,7,https://keirin.kdreams.jp/takamatsu/racedetail/7120241108020008/?pageType=odds,2026-10-05T04:52:42.879025+00:00,1-3/2-6/5/4-7,published,競輪毎日,楽天Kドリームス 並び予想
7120241108020009,2024-11-09,高松競輪,F2,A1/A2,9,Ａ級準決勝,23:30,23:25,7,https://keirin.kdreams.jp/takamatsu/racedetail/7120241108020009/?pageType=odds,2026-10-05T04:52:44.647089+00:00,1-2/4-3/6-5/7,published,競輪毎日,楽天Kドリームス 並び予想
3520241108030001,2024-11-10,平塚競輪,F1,A1/A2,1,Ａ級一般,10:45,10:40,7,https://keirin.kdreams.jp/hiratsuka/racedetail/3520241108030001/?pageType=odds,2026-10-05T04:50:39.573184+00:00,1-6/2-7/4/5-3,published,小田競・サイクル,楽天Kドリームス 並び予想
3520241108030002,2024-11-10,平塚競輪,F1,A1/A2,2,Ａ級一般,11:12,11:07,7,https://keirin.kdreams.jp/hiratsuka/racedetail/3520241108030002/?pageType=odds,2026-10-05T04:50:41.478158+00:00,1/2-6-7/5-3-4,published,小田競・サイクル,楽天Kドリームス 並び予想
3520241108030003,2024-11-10,平塚競輪,F1,A1/A2,3,Ａ級準決勝,11:42,11:37,7,https://keirin.kdreams.jp/hiratsuka/racedetail/3520241108030003/?pageType=odds,2026-10-05T04:50:43.300779+00:00,1-7/2-5/4/6-3,published,小田競・サイクル,楽天Kドリームス 並び予想
3520241108030004,2024-11-10,平塚競輪,F1,A1/A2,4,Ａ級準決勝,12:12,12:07,7,https://keirin.kdreams.jp/hiratsuka/racedetail/3520241108030004/?pageType=odds,2026-10-05T04:50:45.181986+00:00,5-1-7/2-6/3-4,published,小田競・サイクル,楽天Kドリームス 並び予想
3520241108030005,2024-11-10,平塚競輪,F1,A1/A2,5,Ａ級準決勝,12:42,12:37,7,https://keirin.kdreams.jp/hiratsuka/racedetail/3520241108030005/?pageType=odds,2026-10-05T04:50:47.036902+00:00,1/5-2-6/3-7/4,published,小田競・サイクル,楽天Kドリームス 並び予想
8720241108030001,2024-11-10,熊本競輪,F1,A1/A2,1,Ａ級一般,10:35,10:30,7,https://keirin.kdreams.jp/kumamoto/racedetail/8720241108030001/?pageType=odds,2026-10-05T04:51:17.766890+00:00,2-7/4-3-1/6-5,published,コンドル出版社,楽天Kドリームス 並び予想
8720241108030002,2024-11-10,熊本競輪,F1,A1/A2,2,Ａ級一般,11:00,10:55,7,https://keirin.kdreams.jp/kumamoto/racedetail/8720241108030002/?pageType=odds,2026-10-05T04:51:19.711494+00:00,1-7-4/3-5-2-6,published,コンドル出版社,楽天Kドリームス 並び予想
8720241108030003,2024-11-10,熊本競輪,F1,A1/A2,3,Ａ級特選,11:26,11:21,7,https://keirin.kdreams.jp/kumamoto/racedetail/8720241108030003/?pageType=odds,2026-10-05T04:51:21.845430+00:00,7-1/2-5/6-4/3,published,コンドル出版社,楽天Kドリームス 並び予想
8720241108030004,2024-11-10,熊本競輪,F1,A1/A2,4,Ａ級特選,11:52,11:47,7,https://keirin.kdreams.jp/kumamoto/racedetail/8720241108030004/?pageType=odds,2026-10-05T04:51:23.654523+00:00,5-1-6/2-7/3-4,published,コンドル出版社,楽天Kドリームス 並び予想
8720241108030011,2024-11-10,熊本競輪,F1,A1/A2,11,Ａ級決勝,15:42,15:37,7,https://keirin.kdreams.jp/kumamoto/racedetail/8720241108030011/?pageType=odds,2026-10-05T04:51:25.569538+00:00,5-1/3/7-4-2/6,published,コンドル出版社,楽天Kドリームス 並び予想
6120241108030001,2024-11-10,玉野競輪,F1,A1/A2,1,Ａ級一般,10:40,10:35,7,https://keirin.kdreams.jp/tamano/racedetail/6120241108030001/?pageType=odds,2026-10-05T04:53:14.961818+00:00,1-5-2-7-3-6/4,published,競輪毎日,楽天Kドリームス 並び予想
6120241108030002,2024-11-10,玉野競輪,F1,A1/A2,2,Ａ級一般,11:05,11:00,7,https://keirin.kdreams.jp/tamano/racedetail/6120241108030002/?pageType=odds,2026-10-05T04:53:16.722812+00:00,3-4-1/2-7/6-5,published,競輪毎日,楽天Kドリームス 並び予想
6120241108030003,2024-11-10,玉野競輪,F1,A1/A2,3,Ａ級特選,11:35,11:30,7,https://keirin.kdreams.jp/tamano/racedetail/6120241108030003/?pageType=odds,2026-10-05T04:53:18.534446+00:00,4-1-6/7-2/3-5,published,競輪毎日,楽天Kドリームス 並び予想
6120241108030004,2024-11-10,玉野競輪,F1,A1/A2,4,Ａ級特選,12:05,12:00,7,https://keirin.kdreams.jp/tamano/racedetail/6120241108030004/?pageType=odds,2026-10-05T04:53:20.139776+00:00,7-4-5-1/2/3-6,published,競輪毎日,楽天Kドリームス 並び予想
6120241108030010,2024-11-10,玉野競輪,F1,A1/A2,10,Ａ級決勝,15:20,15:15,7,https://keirin.kdreams.jp/tamano/racedetail/6120241108030010/?pageType=odds,2026-10-05T04:53:21.965848+00:00,7-4-2/1/6-3/5,published,競輪毎日,楽天Kドリームス 並び予想
2820241108030006,2024-11-10,立川競輪,F2,A1/A2,6,Ａ級特一般,12:47,12:42,7,https://keirin.kdreams.jp/tachikawa/racedetail/2820241108030006/?pageType=odds,2026-10-05T04:52:12.318227+00:00,2-7-1-5/3-6/4,published,アオケイ,楽天Kドリームス 並び予想
2820241108030007,2024-11-10,立川競輪,F2,A1/A2,7,Ａ級特一般,13:23,13:18,7,https://keirin.kdreams.jp/tachikawa/racedetail/2820241108030007/?pageType=odds,2026-10-05T04:52:14.189643+00:00,4-7-1/5-3-2/6,published,アオケイ,楽天Kドリームス 並び予想
2820241108030010,2024-11-10,立川競輪,F2,A1/A2,10,Ａ級特選,15:11,15:06,7,https://keirin.kdreams.jp/tachikawa/racedetail/2820241108030010/?pageType=odds,2026-10-05T04:52:16.267420+00:00,2-4-1/5-3-7/6,published,アオケイ,楽天Kドリームス 並び予想
2820241108030011,2024-11-10,立川競輪,F2,A1/A2,11,Ａ級特選,15:49,15:44,7,https://keirin.kdreams.jp/tachikawa/racedetail/2820241108030011/?pageType=odds,2026-10-05T04:52:18.260832+00:00,5-1-4/2-7-6/3,published,アオケイ,楽天Kドリームス 並び予想
2820241108030012,2024-11-10,立川競輪,F2,A1/A2,12,Ａ級決勝,16:30,16:25,7,https://keirin.kdreams.jp/tachikawa/racedetail/2820241108030012/?pageType=odds,2026-10-05T04:52:20.111067+00:00,4-1/3-6-7-2/5,published,アオケイ,楽天Kドリームス 並び予想
2620241108030004,2024-11-10,西武園競輪,F2,A1/A2,4,Ａ級特一般,21:40,21:35,7,https://keirin.kdreams.jp/seibuen/racedetail/2620241108030004/?pageType=odds,2026-10-05T04:51:44.983142+00:00,2-1-6/3-7/5-4,published,アオケイ,楽天Kドリームス 並び予想
2620241108030005,2024-11-10,西武園競輪,F2,A1/A2,5,Ａ級特一般,22:00,21:55,7,https://keirin.kdreams.jp/seibuen/racedetail/2620241108030005/?pageType=odds,2026-10-05T04:51:46.700256+00:00,5-1-2-6/4/3-7,published,アオケイ,楽天Kドリームス 並び予想
2620241108030006,2024-11-10,西武園競輪,F2,A1/A2,6,Ａ級特選,22:20,22:15,7,https://keirin.kdreams.jp/seibuen/racedetail/2620241108030006/?pageType=odds,2026-10-05T04:51:48.823521+00:00,3-1/2-5/7-4-6,published,アオケイ,楽天Kドリームス 並び予想
2620241108030007,2024-11-10,西武園競輪,F2,A1/A2,7,Ａ級特選,22:40,22:35,7,https://keirin.kdreams.jp/seibuen/racedetail/2620241108030007/?pageType=odds,2026-10-05T04:51:50.472765+00:00,4-1-2/3/5/6-7,published,アオケイ,楽天Kドリームス 並び予想
2620241108030009,2024-11-10,西武園競輪,F2,A1/A2,9,Ａ級決勝,23:20,23:15,7,https://keirin.kdreams.jp/seibuen/racedetail/2620241108030009/?pageType=odds,2026-10-05T04:51:52.233706+00:00,1-5-6/2/3/7-4,published,アオケイ,楽天Kドリームス 並び予想
7120241108030002,2024-11-10,高松競輪,F2,A1/A2,2,Ａ級一般,21:10,21:05,6,https://keirin.kdreams.jp/takamatsu/racedetail/7120241108030002/?pageType=odds,2026-10-05T04:52:46.339470+00:00,1-5/4-3-2/6,published,競輪毎日,楽天Kドリームス 並び予想
7120241108030003,2024-11-10,高松競輪,F2,A1/A2,3,Ａ級一般,21:30,21:25,7,https://keirin.kdreams.jp/takamatsu/racedetail/7120241108030003/?pageType=odds,2026-10-05T04:52:48.061282+00:00,1-4-5/3-2-6/7,published,競輪毎日,楽天Kドリームス 並び予想
7120241108030004,2024-11-10,高松競輪,F2,A1/A2,4,Ａ級一般,21:50,21:45,7,https://keirin.kdreams.jp/takamatsu/racedetail/7120241108030004/?pageType=odds,2026-10-05T04:52:49.895939+00:00,2-5-1/4/3-6-7,published,競輪毎日,楽天Kドリームス 並び予想
7120241108030005,2024-11-10,高松競輪,F2,A1/A2,5,Ａ級特選,22:10,22:05,7,https://keirin.kdreams.jp/takamatsu/racedetail/7120241108030005/?pageType=odds,2026-10-05T04:52:51.713263+00:00,6-1/7-2-5/3-4,published,競輪毎日,楽天Kドリームス 並び予想
7120241108030006,2024-11-10,高松競輪,F2,A1/A2,6,Ａ級特選,22:30,22:25,7,https://keirin.kdreams.jp/takamatsu/racedetail/7120241108030006/?pageType=odds,2026-10-05T04:52:53.279305+00:00,1-2/5-3-7/6-4,published,競輪毎日,楽天Kドリームス 並び予想
7120241108030007,2024-11-10,高松競輪,F2,A1/A2,7,Ａ級特選,22:50,22:45,7,https://keirin.kdreams.jp/takamatsu/racedetail/7120241108030007/?pageType=odds,2026-10-05T04:52:54.359807+00:00,3-1-2-4/6/5-7,published,競輪毎日,楽天Kドリームス 並び予想
7120241108030009,2024-11-10,高松競輪,F2,A1/A2,9,Ａ級決勝,23:30,23:25,7,https://keirin.kdreams.jp/takamatsu/racedetail/7120241108030009/?pageType=odds,2026-10-05T04:52:55.435191+00:00,7-1/2-4-6/5-3,published,競輪毎日,楽天Kドリームス 並び予想
2220241111010008,2024-11-11,前橋競輪,F2,A1/A2,8,Ａ級特予選,18:47,18:42,7,https://keirin.kdreams.jp/maebashi/racedetail/2220241111010008/?pageType=odds,2026-10-05T04:53:50.121844+00:00,1-5-7/3-4/6-2,published,アオケイ,楽天Kドリームス 並び予想
2220241111010009,2024-11-11,前橋競輪,F2,A1/A2,9,Ａ級特予選,19:11,19:06,7,https://keirin.kdreams.jp/maebashi/racedetail/2220241111010009/?pageType=odds,2026-10-05T04:53:51.938939+00:00,6-1-4/2-5/7-3,published,アオケイ,楽天Kドリームス 並び予想
2220241111010010,2024-11-11,前橋競輪,F2,A1/A2,10,Ａ級特予選,19:35,19:30,7,https://keirin.kdreams.jp/maebashi/racedetail/2220241111010010/?pageType=odds,2026-10-05T04:53:53.640603+00:00,7-1-4/5-2/3-6,published,アオケイ,楽天Kドリームス 並び予想
2220241111010011,2024-11-11,前橋競輪,F2,A1/A2,11,Ａ級特予選,20:00,19:55,7,https://keirin.kdreams.jp/maebashi/racedetail/2220241111010011/?pageType=odds,2026-10-05T04:53:55.173673+00:00,6-1/4-2-7/5-3,published,アオケイ,楽天Kドリームス 並び予想
2220241111010012,2024-11-11,前橋競輪,F2,A1/A2,12,Ａ級初日特選,20:25,20:20,7,https://keirin.kdreams.jp/maebashi/racedetail/2220241111010012/?pageType=odds,2026-10-05T04:53:56.745792+00:00,1-6-4/2-5/7-3,published,アオケイ,楽天Kドリームス 並び予想
5520241111010001,2024-11-11,和歌山競輪,F1,A1/A2,1,Ａ級予選,10:35,10:30,7,https://keirin.kdreams.jp/wakayama/racedetail/5520241111010001/?pageType=odds,2026-10-05T04:54:52.440577+00:00,7-1/2-4-5/3-6,published,競輪研究,楽天Kドリームス 並び予想
5520241111010002,2024-11-11,和歌山競輪,F1,A1/A2,2,Ａ級予選,11:00,10:55,7,https://keirin.kdreams.jp/wakayama/racedetail/5520241111010002/?pageType=odds,2026-10-05T04:54:54.232510+00:00,7-1/2-5-4/3/6,published,競輪研究,楽天Kドリームス 並び予想
5520241111010003,2024-11-11,和歌山競輪,F1,A1/A2,3,Ａ級予選,11:30,11:25,7,https://keirin.kdreams.jp/wakayama/racedetail/5520241111010003/?pageType=odds,2026-10-05T04:54:56.094766+00:00,1-5-6/2-4/3-7,published,競輪研究,楽天Kドリームス 並び予想
5520241111010004,2024-11-11,和歌山競輪,F1,A1/A2,4,Ａ級予選,12:00,11:55,7,https://keirin.kdreams.jp/wakayama/racedetail/5520241111010004/?pageType=odds,2026-10-05T04:54:57.830397+00:00,4-1-7/3-5-2/6,published,競輪研究,楽天Kドリームス 並び予想
5520241111010005,2024-11-11,和歌山競輪,F1,A1/A2,5,Ａ級初日特選,12:30,12:25,7,https://keirin.kdreams.jp/wakayama/racedetail/5520241111010005/?pageType=odds,2026-10-05T04:54:59.655842+00:00,1-7/5-2/6-3/4,published,競輪研究,楽天Kドリームス 並び予想
4320241111010001,2024-11-11,岐阜競輪,F1,A1/A2,1,Ａ級予選,15:25,15:20,7,https://keirin.kdreams.jp/gifu/racedetail/4320241111010001/?pageType=odds,2026-10-05T04:53:23.634076+00:00,7-4-2/1-6/3-5,published,中部競輪・ひかり,楽天Kドリームス 並び予想
4320241111010002,2024-11-11,岐阜競輪,F1,A1/A2,2,Ａ級予選,15:50,15:45,7,https://keirin.kdreams.jp/gifu/racedetail/4320241111010002/?pageType=odds,2026-10-05T04:53:25.337128+00:00,1-7/2-4/3-5-6,published,中部競輪・ひかり,楽天Kドリームス 並び予想
4320241111010003,2024-11-11,岐阜競輪,F1,A1/A2,3,Ａ級予選,16:18,16:13,7,https://keirin.kdreams.jp/gifu/racedetail/4320241111010003/?pageType=odds,2026-10-05T04:53:27.091639+00:00,5-1-3/6/2-4-7,published,中部競輪・ひかり,楽天Kドリームス 並び予想
4320241111010004,2024-11-11,岐阜競輪,F1,A1/A2,4,Ａ級予選,16:48,16:43,7,https://keirin.kdreams.jp/gifu/racedetail/4320241111010004/?pageType=odds,2026-10-05T04:53:28.840904+00:00,1-4/7-2/6/5-3,published,中部競輪・ひかり,楽天Kドリームス 並び予想
4320241111010005,2024-11-11,岐阜競輪,F1,A1/A2,5,Ａ級初日特選,17:15,17:10,7,https://keirin.kdreams.jp/gifu/racedetail/4320241111010005/?pageType=odds,2026-10-05T04:53:30.691891+00:00,1-5-3/2-4-7/6,published,中部競輪・ひかり,楽天Kドリームス 並び予想
3520241108040001,2024-11-11,平塚競輪,F1,A1/A2,1,Ａ級一般,10:45,10:40,7,https://keirin.kdreams.jp/hiratsuka/racedetail/3520241108040001/?pageType=odds,2026-10-05T04:50:49.026135+00:00,3-1-7/6/4-5-2,published,小田競・サイクル,楽天Kドリームス 並び予想
3520241108040002,2024-11-11,平塚競輪,F1,A1/A2,2,Ａ級一般,11:14,11:09,7,https://keirin.kdreams.jp/hiratsuka/racedetail/3520241108040002/?pageType=odds,2026-10-05T04:50:50.953736+00:00,1-6/2-7/3/5-4,published,小田競・サイクル,楽天Kドリームス 並び予想
3520241108040003,2024-11-11,平塚競輪,F1,A1/A2,3,Ａ級特選,11:43,11:38,7,https://keirin.kdreams.jp/hiratsuka/racedetail/3520241108040003/?pageType=odds,2026-10-05T04:50:52.780428+00:00,4-1/7-5-2/3-6,published,小田競・サイクル,楽天Kドリームス 並び予想
3520241108040004,2024-11-11,平塚競輪,F1,A1/A2,4,Ａ級特選,12:12,12:07,7,https://keirin.kdreams.jp/hiratsuka/racedetail/3520241108040004/?pageType=odds,2026-10-05T04:50:54.535845+00:00,7-1/4-5-2/3-6,published,小田競・サイクル,楽天Kドリームス 並び予想
3520241108040011,2024-11-11,平塚競輪,F1,A1/A2,11,Ａ級決勝,15:57,15:52,7,https://keirin.kdreams.jp/hiratsuka/racedetail/3520241108040011/?pageType=odds,2026-10-05T04:50:56.442006+00:00,1-4/2-5-6/7-3,published,小田競・サイクル,楽天Kドリームス 並び予想
4520241111010001,2024-11-11,豊橋競輪,F2,A1/A2,1,Ａ級予選,09:00,08:55,7,https://keirin.kdreams.jp/toyohashi/racedetail/4520241111010001/?pageType=odds,2026-10-05T04:54:16.182748+00:00,1-7-4/5-2-3/6,published,中部競輪,楽天Kドリームス 並び予想
4520241111010002,2024-11-11,豊橋競輪,F2,A1/A2,2,Ａ級予選,09:20,09:15,7,https://keirin.kdreams.jp/toyohashi/racedetail/4520241111010002/?pageType=odds,2026-10-05T04:54:17.808682+00:00,4-1-6/3/5-2-7,published,中部競輪,楽天Kドリームス 並び予想
4520241111010003,2024-11-11,豊橋競輪,F2,A1/A2,3,Ａ級予選,09:40,09:35,7,https://keirin.kdreams.jp/toyohashi/racedetail/4520241111010003/?pageType=odds,2026-10-05T04:54:19.829131+00:00,5-1/2-7/3-4-6,published,中部競輪,楽天Kドリームス 並び予想
4520241111010004,2024-11-11,豊橋競輪,F2,A1/A2,4,Ａ級予選,10:00,09:55,7,https://keirin.kdreams.jp/toyohashi/racedetail/4520241111010004/?pageType=odds,2026-10-05T04:54:21.574215+00:00,5-1-2/7-3-4-6,published,中部競輪,楽天Kドリームス 並び予想
4520241111010005,2024-11-11,豊橋競輪,F2,A1/A2,5,Ａ級予選,10:20,10:15,7,https://keirin.kdreams.jp/toyohashi/racedetail/4520241111010005/?pageType=odds,2026-10-05T04:54:23.240080+00:00,1-5-7/4-2-3/6,published,中部競輪,楽天Kドリームス 並び予想
4520241111010006,2024-11-11,豊橋競輪,F2,A1/A2,6,Ａ級予選,10:40,10:35,7,https://keirin.kdreams.jp/toyohashi/racedetail/4520241111010006/?pageType=odds,2026-10-05T04:54:24.938336+00:00,4-1-7/3-5/6-2,published,中部競輪,楽天Kドリームス 並び予想
4520241111010007,2024-11-11,豊橋競輪,F2,A1/A2,7,Ａ級初日特選,11:00,10:55,7,https://keirin.kdreams.jp/toyohashi/racedetail/4520241111010007/?pageType=odds,2026-10-05T04:54:26.622635+00:00,7-1-5/2-6/3-4,published,中部競輪,楽天Kドリームス 並び予想
2220241111020008,2024-11-12,前橋競輪,F2,A1/A2,8,Ａ級特一般,18:47,18:42,7,https://keirin.kdreams.jp/maebashi/racedetail/2220241111020008/?pageType=odds,2026-10-05T04:53:58.479666+00:00,7-2-5/1/3-6-4,published,アオケイ,楽天Kドリームス 並び予想
2220241111020009,2024-11-12,前橋競輪,F2,A1/A2,9,Ａ級特一般,19:11,19:06,7,https://keirin.kdreams.jp/maebashi/racedetail/2220241111020009/?pageType=odds,2026-10-05T04:54:00.127342+00:00,7-1-3/6/2-5-4,published,アオケイ,楽天Kドリームス 並び予想
2220241111020010,2024-11-12,前橋競輪,F2,A1/A2,10,Ａ級準決勝,19:35,19:30,7,https://keirin.kdreams.jp/maebashi/racedetail/2220241111020010/?pageType=odds,2026-10-05T04:54:01.779101+00:00,7-1/4-2/5-3-6,published,アオケイ,楽天Kドリームス 並び予想
2220241111020011,2024-11-12,前橋競輪,F2,A1/A2,11,Ａ級準決勝,20:00,19:55,7,https://keirin.kdreams.jp/maebashi/racedetail/2220241111020011/?pageType=odds,2026-10-05T04:54:03.652455+00:00,1-4/5-2/6/7-3,published,アオケイ,楽天Kドリームス 並び予想
2220241111020012,2024-11-12,前橋競輪,F2,A1/A2,12,Ａ級準決勝,20:25,20:20,7,https://keirin.kdreams.jp/maebashi/racedetail/2220241111020012/?pageType=odds,2026-10-05T04:54:05.470515+00:00,1-5/2-7/6-3/4,published,アオケイ,楽天Kドリームス 並び予想
2320241112010001,2024-11-12,取手競輪,F1,A1/A2,1,Ａ級予選,10:30,10:25,7,https://keirin.kdreams.jp/toride/racedetail/2320241112010001/?pageType=odds,2026-10-05T04:56:51.977531+00:00,1-6/2-5/4-7-3,published,アオケイ,楽天Kドリームス 並び予想
2320241112010002,2024-11-12,取手競輪,F1,A1/A2,2,Ａ級予選,10:55,10:50,7,https://keirin.kdreams.jp/toride/racedetail/2320241112010002/?pageType=odds,2026-10-05T04:56:53.717026+00:00,4-1/3/2-5-7-6,published,アオケイ,楽天Kドリームス 並び予想
2320241112010003,2024-11-12,取手競輪,F1,A1/A2,3,Ａ級予選,11:20,11:15,7,https://keirin.kdreams.jp/toride/racedetail/2320241112010003/?pageType=odds,2026-10-05T04:56:55.350903+00:00,2-5-1/6/4-3-7,published,アオケイ,楽天Kドリームス 並び予想
2320241112010004,2024-11-12,取手競輪,F1,A1/A2,4,Ａ級予選,11:45,11:40,7,https://keirin.kdreams.jp/toride/racedetail/2320241112010004/?pageType=odds,2026-10-05T04:56:57.226788+00:00,7-1-4/2/3-5-6,published,アオケイ,楽天Kドリームス 並び予想
2320241112010005,2024-11-12,取手競輪,F1,A1/A2,5,Ａ級初日特選,12:15,12:10,7,https://keirin.kdreams.jp/toride/racedetail/2320241112010005/?pageType=odds,2026-10-05T04:56:58.817076+00:00,1-4/6/5-2/3-7,published,アオケイ,楽天Kドリームス 並び予想
5520241111020001,2024-11-12,和歌山競輪,F1,A1/A2,1,Ａ級一般,10:40,10:35,7,https://keirin.kdreams.jp/wakayama/racedetail/5520241111020001/?pageType=odds,2026-10-05T04:55:01.095323+00:00,1-7-4/2-5/3-6,published,競輪研究,楽天Kドリームス 並び予想
5520241111020002,2024-11-12,和歌山競輪,F1,A1/A2,2,Ａ級一般,11:05,11:00,7,https://keirin.kdreams.jp/wakayama/racedetail/5520241111020002/?pageType=odds,2026-10-05T04:55:03.039379+00:00,5-2-6/3-1/4/7,published,競輪研究,楽天Kドリームス 並び予想
5520241111020003,2024-11-12,和歌山競輪,F1,A1/A2,3,Ａ級準決勝,11:35,11:30,7,https://keirin.kdreams.jp/wakayama/racedetail/5520241111020003/?pageType=odds,2026-10-05T04:55:04.806732+00:00,5-1/2-4/7-3/6,published,競輪研究,楽天Kドリームス 並び予想
5520241111020004,2024-11-12,和歌山競輪,F1,A1/A2,4,Ａ級準決勝,12:05,12:00,7,https://keirin.kdreams.jp/wakayama/racedetail/5520241111020004/?pageType=odds,2026-10-05T04:55:06.656373+00:00,5-1/2-7-6/4-3,published,競輪研究,楽天Kドリームス 並び予想
5520241111020005,2024-11-12,和歌山競輪,F1,A1/A2,5,Ａ級準決勝,12:35,12:30,7,https://keirin.kdreams.jp/wakayama/racedetail/5520241111020005/?pageType=odds,2026-10-05T04:55:08.469015+00:00,4-5-1/7-2/6-3,published,競輪研究,楽天Kドリームス 並び予想
4320241111020001,2024-11-12,岐阜競輪,F1,A1/A2,1,Ａ級一般,15:28,15:23,6,https://keirin.kdreams.jp/gifu/racedetail/4320241111020001/?pageType=odds,2026-10-05T04:53:32.391605+00:00,4-1-5/2/6-3,published,中部競輪・ひかり,楽天Kドリームス 並び予想
4320241111020002,2024-11-12,岐阜競輪,F1,A1/A2,2,Ａ級一般,15:54,15:49,7,https://keirin.kdreams.jp/gifu/racedetail/4320241111020002/?pageType=odds,2026-10-05T04:53:34.094980+00:00,7-3/1/6/4-2-5,published,中部競輪・ひかり,楽天Kドリームス 並び予想
4320241111020003,2024-11-12,岐阜競輪,F1,A1/A2,3,Ａ級準決勝,16:20,16:15,7,https://keirin.kdreams.jp/gifu/racedetail/4320241111020003/?pageType=odds,2026-10-05T04:53:35.833149+00:00,3-1-7/4/2-5-6,published,中部競輪・ひかり,楽天Kドリームス 並び予想
4320241111020004,2024-11-12,岐阜競輪,F1,A1/A2,4,Ａ級準決勝,16:46,16:41,7,https://keirin.kdreams.jp/gifu/racedetail/4320241111020004/?pageType=odds,2026-10-05T04:53:37.601264+00:00,1-5-3/7-2/6-4,published,中部競輪・ひかり,楽天Kドリームス 並び予想
4320241111020005,2024-11-12,岐阜競輪,F1,A1/A2,5,Ａ級準決勝,17:12,17:07,7,https://keirin.kdreams.jp/gifu/racedetail/4320241111020005/?pageType=odds,2026-10-05T04:53:39.335406+00:00,7-1/2/3-5/6-4,published,中部競輪・ひかり,楽天Kドリームス 並び予想
3420241112010003,2024-11-12,川崎競輪,F2,A1/A2,3,Ａ級予選,21:20,21:15,7,https://keirin.kdreams.jp/kawasaki/racedetail/3420241112010003/?pageType=odds,2026-10-05T04:55:19.106429+00:00,1-2-5/3-4/7-6,published,小田競・サイクル,楽天Kドリームス 並び予想
3420241112010004,2024-11-12,川崎競輪,F2,A1/A2,4,Ａ級予選,21:40,21:35,7,https://keirin.kdreams.jp/kawasaki/racedetail/3420241112010004/?pageType=odds,2026-10-05T04:55:20.894701+00:00,1-3/4-2/7/6-5,published,小田競・サイクル,楽天Kドリームス 並び予想
3420241112010005,2024-11-12,川崎競輪,F2,A1/A2,5,Ａ級予選,22:00,21:55,7,https://keirin.kdreams.jp/kawasaki/racedetail/3420241112010005/?pageType=odds,2026-10-05T04:55:22.634847+00:00,1-2-7/3-6/5-4,published,小田競・サイクル,楽天Kドリームス 並び予想
3420241112010006,2024-11-12,川崎競輪,F2,A1/A2,6,Ａ級予選,22:20,22:15,7,https://keirin.kdreams.jp/kawasaki/racedetail/3420241112010006/?pageType=odds,2026-10-05T04:55:24.307278+00:00,1-2-4-7/3-5-6,published,小田競・サイクル,楽天Kドリームス 並び予想
3420241112010007,2024-11-12,川崎競輪,F2,A1/A2,7,Ａ級予選,22:40,22:35,7,https://keirin.kdreams.jp/kawasaki/racedetail/3420241112010007/?pageType=odds,2026-10-05T04:55:25.914430+00:00,2-1-3/4-5/6-7,published,小田競・サイクル,楽天Kドリームス 並び予想
3420241112010008,2024-11-12,川崎競輪,F2,A1/A2,8,Ａ級予選,23:00,22:55,7,https://keirin.kdreams.jp/kawasaki/racedetail/3420241112010008/?pageType=odds,2026-10-05T04:55:27.687189+00:00,4-6/2-1-7/5-3,published,小田競・サイクル,楽天Kドリームス 並び予想
3420241112010009,2024-11-12,川崎競輪,F2,A1/A2,9,Ａ級初日特選,23:20,23:15,7,https://keirin.kdreams.jp/kawasaki/racedetail/3420241112010009/?pageType=odds,2026-10-05T04:55:29.251737+00:00,1-4-5/7-2/6-3,published,小田競・サイクル,楽天Kドリームス 並び予想
8420241112010001,2024-11-12,武雄競輪,F1,A1/A2,1,Ａ級予選,20:50,20:45,7,https://keirin.kdreams.jp/takeo/racedetail/8420241112010001/?pageType=odds,2026-10-05T04:56:32.043756+00:00,1-3/2-6/4-5-7,published,百万弗,楽天Kドリームス 並び予想
8420241112010002,2024-11-12,武雄競輪,F1,A1/A2,2,Ａ級予選,21:10,21:05,7,https://keirin.kdreams.jp/takeo/racedetail/8420241112010002/?pageType=odds,2026-10-05T04:56:33.727125+00:00,1-2-3-5/4/6-7,published,百万弗,楽天Kドリームス 並び予想
8420241112010003,2024-11-12,武雄競輪,F1,A1/A2,3,Ａ級予選,21:30,21:25,7,https://keirin.kdreams.jp/takeo/racedetail/8420241112010003/?pageType=odds,2026-10-05T04:56:35.310192+00:00,1-2-7/4-3/5-6,published,百万弗,楽天Kドリームス 並び予想
8420241112010004,2024-11-12,武雄競輪,F1,A1/A2,4,Ａ級初日特選,21:50,21:45,7,https://keirin.kdreams.jp/takeo/racedetail/8420241112010004/?pageType=odds,2026-10-05T04:56:36.890725+00:00,1-2/5/6/7-3-4,published,百万弗,楽天Kドリームス 並び予想
4520241111020001,2024-11-12,豊橋競輪,F2,A1/A2,1,Ａ級一般,09:00,08:55,7,https://keirin.kdreams.jp/toyohashi/racedetail/4520241111020001/?pageType=odds,2026-10-05T04:54:28.244836+00:00,3-6-4/1/7-5-2,published,中部競輪,楽天Kドリームス 並び予想
4520241111020002,2024-11-12,豊橋競輪,F2,A1/A2,2,Ａ級一般,09:20,09:15,7,https://keirin.kdreams.jp/toyohashi/racedetail/4520241111020002/?pageType=odds,2026-10-05T04:54:29.934754+00:00,5-2/1-4/6/3-7,published,中部競輪,楽天Kドリームス 並び予想
4520241111020003,2024-11-12,豊橋競輪,F2,A1/A2,3,Ａ級選抜,09:40,09:35,7,https://keirin.kdreams.jp/toyohashi/racedetail/4520241111020003/?pageType=odds,2026-10-05T04:54:31.493652+00:00,2-4-5-6/1/7-3,published,中部競輪,楽天Kドリームス 並び予想
4520241111020004,2024-11-12,豊橋競輪,F2,A1/A2,4,Ａ級選抜,10:00,09:55,7,https://keirin.kdreams.jp/toyohashi/racedetail/4520241111020004/?pageType=odds,2026-10-05T04:54:33.280696+00:00,7-3-4/2-6/5-1,published,中部競輪,楽天Kドリームス 並び予想
4520241111020005,2024-11-12,豊橋競輪,F2,A1/A2,5,Ａ級準決勝,10:20,10:15,7,https://keirin.kdreams.jp/toyohashi/racedetail/4520241111020005/?pageType=odds,2026-10-05T04:54:35.147153+00:00,7-3-4/2/5-1/6,published,中部競輪,楽天Kドリームス 並び予想
4520241111020006,2024-11-12,豊橋競輪,F2,A1/A2,6,Ａ級準決勝,10:40,10:35,7,https://keirin.kdreams.jp/toyohashi/racedetail/4520241111020006/?pageType=odds,2026-10-05T04:54:36.858635+00:00,5-4-1/7-2/6-3,published,中部競輪,楽天Kドリームス 並び予想
4520241111020007,2024-11-12,豊橋競輪,F2,A1/A2,7,Ａ級準決勝,11:00,10:55,7,https://keirin.kdreams.jp/toyohashi/racedetail/4520241111020007/?pageType=odds,2026-10-05T04:54:38.656399+00:00,3-1-7/4-2-5-6,published,中部競輪,楽天Kドリームス 並び予想
7420241112010006,2024-11-12,高知競輪,F2,A1/A2,6,Ａ級予選,13:10,13:05,7,https://keirin.kdreams.jp/kochi/racedetail/7420241112010006/?pageType=odds,2026-10-05T04:55:55.647409+00:00,1-3-5/6/7-2-4,published,福ちゃん出版社,楽天Kドリームス 並び予想
7420241112010007,2024-11-12,高知競輪,F2,A1/A2,7,Ａ級予選,13:40,13:35,7,https://keirin.kdreams.jp/kochi/racedetail/7420241112010007/?pageType=odds,2026-10-05T04:55:57.251515+00:00,2-5-6/1-7/3-4,published,福ちゃん出版社,楽天Kドリームス 並び予想
7420241112010008,2024-11-12,高知競輪,F2,A1/A2,8,Ａ級予選,14:10,14:05,7,https://keirin.kdreams.jp/kochi/racedetail/7420241112010008/?pageType=odds,2026-10-05T04:55:59.345366+00:00,4-1-7/3-6/2-5,published,福ちゃん出版社,楽天Kドリームス 並び予想
7420241112010009,2024-11-12,高知競輪,F2,A1/A2,9,Ａ級予選,14:40,14:35,7,https://keirin.kdreams.jp/kochi/racedetail/7420241112010009/?pageType=odds,2026-10-05T04:56:01.088766+00:00,4-1-7/2-6/5-3,published,福ちゃん出版社,楽天Kドリームス 並び予想
7420241112010010,2024-11-12,高知競輪,F2,A1/A2,10,Ａ級予選,15:10,15:05,7,https://keirin.kdreams.jp/kochi/racedetail/7420241112010010/?pageType=odds,2026-10-05T04:56:02.904292+00:00,1-7-4/5-3-2-6,published,福ちゃん出版社,楽天Kドリームス 並び予想
7420241112010011,2024-11-12,高知競輪,F2,A1/A2,11,Ａ級予選,15:45,15:40,7,https://keirin.kdreams.jp/kochi/racedetail/7420241112010011/?pageType=odds,2026-10-05T04:56:04.669882+00:00,4-1-7/2-5/3-6,published,福ちゃん出版社,楽天Kドリームス 並び予想
7420241112010012,2024-11-12,高知競輪,F2,A1/A2,12,Ａ級初日特選,16:20,16:15,7,https://keirin.kdreams.jp/kochi/racedetail/7420241112010012/?pageType=odds,2026-10-05T04:56:06.481497+00:00,5-1/6-2-4/3-7,published,福ちゃん出版社,楽天Kドリームス 並び予想
1320241113010008,2024-11-13,いわき平競輪,F2,A1/A2,8,Ａ級特予選,18:47,18:42,7,https://keirin.kdreams.jp/iwakitaira/racedetail/1320241113010008/?pageType=odds,2026-10-05T04:57:17.375927+00:00,1-4/2-6/7-3/5,published,アオケイ,楽天Kドリームス 並び予想
1320241113010009,2024-11-13,いわき平競輪,F2,A1/A2,9,Ａ級特予選,19:11,19:06,7,https://keirin.kdreams.jp/iwakitaira/racedetail/1320241113010009/?pageType=odds,2026-10-05T04:57:19.056457+00:00,4-1-7/5-2/6-3,published,アオケイ,楽天Kドリームス 並び予想
1320241113010010,2024-11-13,いわき平競輪,F2,A1/A2,10,Ａ級特予選,19:35,19:30,7,https://keirin.kdreams.jp/iwakitaira/racedetail/1320241113010010/?pageType=odds,2026-10-05T04:57:20.658201+00:00,6-1/4-5-2/7-3,published,アオケイ,楽天Kドリームス 並び予想
1320241113010011,2024-11-13,いわき平競輪,F2,A1/A2,11,Ａ級特予選,19:59,19:54,7,https://keirin.kdreams.jp/iwakitaira/racedetail/1320241113010011/?pageType=odds,2026-10-05T04:57:22.337568+00:00,4-1-5/6-2/3-7,published,アオケイ,楽天Kドリームス 並び予想
1320241113010012,2024-11-13,いわき平競輪,F2,A1/A2,12,Ａ級初日特選,20:25,20:20,7,https://keirin.kdreams.jp/iwakitaira/racedetail/1320241113010012/?pageType=odds,2026-10-05T04:57:24.039725+00:00,5-1/2-6/3-4/7,published,アオケイ,楽天Kドリームス 並び予想
2220241111030006,2024-11-13,前橋競輪,F2,A1/A2,6,Ａ級特一般,18:00,17:55,7,https://keirin.kdreams.jp/maebashi/racedetail/2220241111030006/?pageType=odds,2026-10-05T04:54:07.162285+00:00,5-3-7/1/6-2-4,published,アオケイ,楽天Kドリームス 並び予想
2220241111030007,2024-11-13,前橋競輪,F2,A1/A2,7,Ａ級特一般,18:24,18:19,7,https://keirin.kdreams.jp/maebashi/racedetail/2220241111030007/?pageType=odds,2026-10-05T04:54:08.848535+00:00,4-2-6/5-1/7-3,published,アオケイ,楽天Kドリームス 並び予想
2220241111030008,2024-11-13,前橋競輪,F2,A1/A2,8,Ａ級特選,18:48,18:43,7,https://keirin.kdreams.jp/maebashi/racedetail/2220241111030008/?pageType=odds,2026-10-05T04:54:10.592368+00:00,4-1-7/6-2/5-3,published,アオケイ,楽天Kドリームス 並び予想
2220241111030009,2024-11-13,前橋競輪,F2,A1/A2,9,Ａ級特選,19:14,19:09,7,https://keirin.kdreams.jp/maebashi/racedetail/2220241111030009/?pageType=odds,2026-10-05T04:54:12.658198+00:00,5-6-3/2/4-1-7,published,アオケイ,楽天Kドリームス 並び予想
2220241111030012,2024-11-13,前橋競輪,F2,A1/A2,12,Ａ級決勝,20:35,20:30,7,https://keirin.kdreams.jp/maebashi/racedetail/2220241111030012/?pageType=odds,2026-10-05T04:54:14.491872+00:00,7-1/2-5-4/3-6,published,アオケイ,楽天Kドリームス 並び予想
2320241112020001,2024-11-13,取手競輪,F1,A1/A2,1,Ａ級一般,10:30,10:25,7,https://keirin.kdreams.jp/toride/racedetail/2320241112020001/?pageType=odds,2026-10-05T04:57:00.699126+00:00,5-1-3-7/6-2-4,published,アオケイ,楽天Kドリームス 並び予想
2320241112020002,2024-11-13,取手競輪,F1,A1/A2,2,Ａ級一般,10:55,10:50,7,https://keirin.kdreams.jp/toride/racedetail/2320241112020002/?pageType=odds,2026-10-05T04:57:02.374282+00:00,3-1-6/4/5-2-7,published,アオケイ,楽天Kドリームス 並び予想
2320241112020003,2024-11-13,取手競輪,F1,A1/A2,3,Ａ級準決勝,11:20,11:15,7,https://keirin.kdreams.jp/toride/racedetail/2320241112020003/?pageType=odds,2026-10-05T04:57:03.998469+00:00,3-1-5/6/7-2-4,published,アオケイ,楽天Kドリームス 並び予想
2320241112020004,2024-11-13,取手競輪,F1,A1/A2,4,Ａ級準決勝,11:45,11:40,7,https://keirin.kdreams.jp/toride/racedetail/2320241112020004/?pageType=odds,2026-10-05T04:57:05.556935+00:00,1-7/2-4/5-3-6,published,アオケイ,楽天Kドリームス 並び予想
2320241112020005,2024-11-13,取手競輪,F1,A1/A2,5,Ａ級準決勝,12:15,12:10,7,https://keirin.kdreams.jp/toride/racedetail/2320241112020005/?pageType=odds,2026-10-05T04:57:07.246912+00:00,2-5-4/6-1/3-7,published,アオケイ,楽天Kドリームス 並び予想
5520241111030001,2024-11-13,和歌山競輪,F1,A1/A2,1,Ａ級一般,10:40,10:35,7,https://keirin.kdreams.jp/wakayama/racedetail/5520241111030001/?pageType=odds,2026-10-05T04:55:10.315567+00:00,1-4-7-6/5-2-3,published,競輪研究,楽天Kドリームス 並び予想
5520241111030002,2024-11-13,和歌山競輪,F1,A1/A2,2,Ａ級一般,11:05,11:00,7,https://keirin.kdreams.jp/wakayama/racedetail/5520241111030002/?pageType=odds,2026-10-05T04:55:12.182163+00:00,1-5/7-2-6/3/4,published,競輪研究,楽天Kドリームス 並び予想
5520241111030003,2024-11-13,和歌山競輪,F1,A1/A2,3,Ａ級特選,11:35,11:30,7,https://keirin.kdreams.jp/wakayama/racedetail/5520241111030003/?pageType=odds,2026-10-05T04:55:13.828840+00:00,4-2-6/1-5-7/3,published,競輪研究,楽天Kドリームス 並び予想
5520241111030004,2024-11-13,和歌山競輪,F1,A1/A2,4,Ａ級特選,12:05,12:00,7,https://keirin.kdreams.jp/wakayama/racedetail/5520241111030004/?pageType=odds,2026-10-05T04:55:15.748272+00:00,1-5/2-6/4-3/7,published,競輪研究,楽天Kドリームス 並び予想
5520241111030011,2024-11-13,和歌山競輪,F1,A1/A2,11,Ａ級決勝,15:35,15:30,7,https://keirin.kdreams.jp/wakayama/racedetail/5520241111030011/?pageType=odds,2026-10-05T04:55:17.411473+00:00,7-2/3-5/1/6-4,published,競輪研究,楽天Kドリームス 並び予想
4320241111030001,2024-11-13,岐阜競輪,F1,A1/A2,1,Ａ級一般,15:28,15:23,6,https://keirin.kdreams.jp/gifu/racedetail/4320241111030001/?pageType=odds,2026-10-05T04:53:40.864688+00:00,1-4-6/2-5/3,published,中部競輪・ひかり,楽天Kドリームス 並び予想
4320241111030002,2024-11-13,岐阜競輪,F1,A1/A2,2,Ａ級一般,15:54,15:49,7,https://keirin.kdreams.jp/gifu/racedetail/4320241111030002/?pageType=odds,2026-10-05T04:53:42.510851+00:00,5-3-1/6/2-4-7,published,中部競輪・ひかり,楽天Kドリームス 並び予想
4320241111030003,2024-11-13,岐阜競輪,F1,A1/A2,3,Ａ級特選,16:20,16:15,7,https://keirin.kdreams.jp/gifu/racedetail/4320241111030003/?pageType=odds,2026-10-05T04:53:44.403657+00:00,2-5/4-3-7/6-1,published,中部競輪・ひかり,楽天Kドリームス 並び予想
4320241111030004,2024-11-13,岐阜競輪,F1,A1/A2,4,Ａ級特選,16:46,16:41,7,https://keirin.kdreams.jp/gifu/racedetail/4320241111030004/?pageType=odds,2026-10-05T04:53:46.561064+00:00,5-2/6-1/3/4-7,published,中部競輪・ひかり,楽天Kドリームス 並び予想
4320241111030010,2024-11-13,岐阜競輪,F1,A1/A2,10,Ａ級決勝,19:26,19:21,7,https://keirin.kdreams.jp/gifu/racedetail/4320241111030010/?pageType=odds,2026-10-05T04:53:48.337285+00:00,1-5-4/6/2-7-3,published,中部競輪・ひかり,楽天Kドリームス 並び予想
3420241112020003,2024-11-13,川崎競輪,F2,A1/A2,3,Ａ級一般,21:20,21:15,7,https://keirin.kdreams.jp/kawasaki/racedetail/3420241112020003/?pageType=odds,2026-10-05T04:55:30.981722+00:00,2-1-3-5/4/6/7,published,小田競・サイクル,楽天Kドリームス 並び予想
3420241112020004,2024-11-13,川崎競輪,F2,A1/A2,4,Ａ級一般,21:40,21:35,7,https://keirin.kdreams.jp/kawasaki/racedetail/3420241112020004/?pageType=odds,2026-10-05T04:55:32.907499+00:00,4-1-7/2-6-3-5,published,小田競・サイクル,楽天Kドリームス 並び予想
3420241112020005,2024-11-13,川崎競輪,F2,A1/A2,5,Ａ級選抜,22:00,21:55,7,https://keirin.kdreams.jp/kawasaki/racedetail/3420241112020005/?pageType=odds,2026-10-05T04:55:34.575689+00:00,2-1-3/5/4-7-6,published,小田競・サイクル,楽天Kドリームス 並び予想
3420241112020006,2024-11-13,川崎競輪,F2,A1/A2,6,Ａ級選抜,22:20,22:15,7,https://keirin.kdreams.jp/kawasaki/racedetail/3420241112020006/?pageType=odds,2026-10-05T04:55:36.240682+00:00,6-2-4/3-1-5/7,published,小田競・サイクル,楽天Kドリームス 並び予想
3420241112020007,2024-11-13,川崎競輪,F2,A1/A2,7,Ａ級準決勝,22:40,22:35,7,https://keirin.kdreams.jp/kawasaki/racedetail/3420241112020007/?pageType=odds,2026-10-05T04:55:37.869184+00:00,3-2-7/4-1/5-6,published,小田競・サイクル,楽天Kドリームス 並び予想
3420241112020008,2024-11-13,川崎競輪,F2,A1/A2,8,Ａ級準決勝,23:00,22:55,7,https://keirin.kdreams.jp/kawasaki/racedetail/3420241112020008/?pageType=odds,2026-10-05T04:55:39.556941+00:00,4-2/1-6/3-5/7,published,小田競・サイクル,楽天Kドリームス 並び予想
3420241112020009,2024-11-13,川崎競輪,F2,A1/A2,9,Ａ級準決勝,23:20,23:15,7,https://keirin.kdreams.jp/kawasaki/racedetail/3420241112020009/?pageType=odds,2026-10-05T04:55:41.322630+00:00,7-3-6/1-2/5-4,published,小田競・サイクル,楽天Kドリームス 並び予想
8420241112020001,2024-11-13,武雄競輪,F1,A1/A2,1,Ａ級一般,20:50,20:45,7,https://keirin.kdreams.jp/takeo/racedetail/8420241112020001/?pageType=odds,2026-10-05T04:56:38.666981+00:00,1-2-5-7/4-3-6,published,百万弗,楽天Kドリームス 並び予想
8420241112020002,2024-11-13,武雄競輪,F1,A1/A2,2,Ａ級一般,21:10,21:05,7,https://keirin.kdreams.jp/takeo/racedetail/8420241112020002/?pageType=odds,2026-10-05T04:56:40.250669+00:00,2-1-7/3-4/5-6,published,百万弗,楽天Kドリームス 並び予想
8420241112020003,2024-11-13,武雄競輪,F1,A1/A2,3,Ａ級準決勝,21:30,21:25,7,https://keirin.kdreams.jp/takeo/racedetail/8420241112020003/?pageType=odds,2026-10-05T04:56:41.829434+00:00,1-2-7/5-3/4-6,published,百万弗,楽天Kドリームス 並び予想
8420241112020004,2024-11-13,武雄競輪,F1,A1/A2,4,Ａ級準決勝,21:50,21:45,7,https://keirin.kdreams.jp/takeo/racedetail/8420241112020004/?pageType=odds,2026-10-05T04:56:43.540522+00:00,2-1-5/3-7/4-6,published,百万弗,楽天Kドリームス 並び予想
4520241111030001,2024-11-13,豊橋競輪,F2,A1/A2,1,Ａ級一般,09:00,08:55,7,https://keirin.kdreams.jp/toyohashi/racedetail/4520241111030001/?pageType=odds,2026-10-05T04:54:40.366883+00:00,1-5-6/3/2-7-4,published,中部競輪,楽天Kドリームス 並び予想
4520241111030002,2024-11-13,豊橋競輪,F2,A1/A2,2,Ａ級一般,09:20,09:15,7,https://keirin.kdreams.jp/toyohashi/racedetail/4520241111030002/?pageType=odds,2026-10-05T04:54:41.971286+00:00,6-1/4-2/7-3-5,published,中部競輪,楽天Kドリームス 並び予想
4520241111030003,2024-11-13,豊橋競輪,F2,A1/A2,3,Ａ級一般,09:40,09:35,7,https://keirin.kdreams.jp/toyohashi/racedetail/4520241111030003/?pageType=odds,2026-10-05T04:54:43.761385+00:00,1-7-5-2/4/6-3,published,中部競輪,楽天Kドリームス 並び予想
4520241111030004,2024-11-13,豊橋競輪,F2,A1/A2,4,Ａ級特選,10:00,09:55,7,https://keirin.kdreams.jp/toyohashi/racedetail/4520241111030004/?pageType=odds,2026-10-05T04:54:45.604740+00:00,5-1-3/2-7-4/6,published,中部競輪,楽天Kドリームス 並び予想
4520241111030005,2024-11-13,豊橋競輪,F2,A1/A2,5,Ａ級特選,10:20,10:15,7,https://keirin.kdreams.jp/toyohashi/racedetail/4520241111030005/?pageType=odds,2026-10-05T04:54:47.286810+00:00,2-4-6/1/5-3-7,published,中部競輪,楽天Kドリームス 並び予想
4520241111030006,2024-11-13,豊橋競輪,F2,A1/A2,6,Ａ級特選,10:40,10:35,7,https://keirin.kdreams.jp/toyohashi/racedetail/4520241111030006/?pageType=odds,2026-10-05T04:54:48.907610+00:00,1-4-6/5-2/3-7,published,中部競輪,楽天Kドリームス 並び予想
4520241111030007,2024-11-13,豊橋競輪,F2,A1/A2,7,Ａ級決勝,11:00,10:55,7,https://keirin.kdreams.jp/toyohashi/racedetail/4520241111030007/?pageType=odds,2026-10-05T04:54:50.586633+00:00,2-7/1/4/3-5-6,published,中部競輪,楽天Kドリームス 並び予想
7420241112020006,2024-11-13,高知競輪,F2,A1/A2,6,Ａ級一般,13:10,13:05,7,https://keirin.kdreams.jp/kochi/racedetail/7420241112020006/?pageType=odds,2026-10-05T04:56:08.387096+00:00,4-2-6/1/7-3/5,published,福ちゃん出版社,楽天Kドリームス 並び予想
7420241112020007,2024-11-13,高知競輪,F2,A1/A2,7,Ａ級一般,13:40,13:35,7,https://keirin.kdreams.jp/kochi/racedetail/7420241112020007/?pageType=odds,2026-10-05T04:56:10.014068+00:00,1-4-6/2-7/3/5,published,福ちゃん出版社,楽天Kドリームス 並び予想
7420241112020008,2024-11-13,高知競輪,F2,A1/A2,8,Ａ級選抜,14:10,14:05,7,https://keirin.kdreams.jp/kochi/racedetail/7420241112020008/?pageType=odds,2026-10-05T04:56:11.856190+00:00,1-7/3/2-5-4/6,published,福ちゃん出版社,楽天Kドリームス 並び予想
7420241112020009,2024-11-13,高知競輪,F2,A1/A2,9,Ａ級選抜,14:40,14:35,7,https://keirin.kdreams.jp/kochi/racedetail/7420241112020009/?pageType=odds,2026-10-05T04:56:13.522517+00:00,1-4/2-7/5-3-6,published,福ちゃん出版社,楽天Kドリームス 並び予想
7420241112020010,2024-11-13,高知競輪,F2,A1/A2,10,Ａ級準決勝,15:10,15:05,7,https://keirin.kdreams.jp/kochi/racedetail/7420241112020010/?pageType=odds,2026-10-05T04:56:15.301965+00:00,6-1/2-7-4/3-5,published,福ちゃん出版社,楽天Kドリームス 並び予想
7420241112020011,2024-11-13,高知競輪,F2,A1/A2,11,Ａ級準決勝,15:45,15:40,7,https://keirin.kdreams.jp/kochi/racedetail/7420241112020011/?pageType=odds,2026-10-05T04:56:17.115579+00:00,1-7/2-4/3-5/6,published,福ちゃん出版社,楽天Kドリームス 並び予想
7420241112020012,2024-11-13,高知競輪,F2,A1/A2,12,Ａ級準決勝,16:20,16:15,7,https://keirin.kdreams.jp/kochi/racedetail/7420241112020012/?pageType=odds,2026-10-05T04:56:18.817088+00:00,1-4-6/5-2/3-7,published,福ちゃん出版社,楽天Kドリームス 並び予想
1320241113020008,2024-11-14,いわき平競輪,F2,A1/A2,8,Ａ級特一般,18:47,18:42,7,https://keirin.kdreams.jp/iwakitaira/racedetail/1320241113020008/?pageType=odds,2026-10-05T04:57:25.847102+00:00,4-6-1/2-7/5-3,published,アオケイ,楽天Kドリームス 並び予想
1320241113020009,2024-11-14,いわき平競輪,F2,A1/A2,9,Ａ級特一般,19:11,19:06,7,https://keirin.kdreams.jp/iwakitaira/racedetail/1320241113020009/?pageType=odds,2026-10-05T04:57:27.511851+00:00,1-6-5/7-2/4-3,published,アオケイ,楽天Kドリームス 並び予想
1320241113020010,2024-11-14,いわき平競輪,F2,A1/A2,10,Ａ級準決勝,19:35,19:30,7,https://keirin.kdreams.jp/iwakitaira/racedetail/1320241113020010/?pageType=odds,2026-10-05T04:57:29.149377+00:00,1-5-2/7-4/3-6,published,アオケイ,楽天Kドリームス 並び予想
1320241113020011,2024-11-14,いわき平競輪,F2,A1/A2,11,Ａ級準決勝,19:59,19:54,7,https://keirin.kdreams.jp/iwakitaira/racedetail/1320241113020011/?pageType=odds,2026-10-05T04:57:30.882387+00:00,1-5-7/4-2/3-6,published,アオケイ,楽天Kドリームス 並び予想
1320241113020012,2024-11-14,いわき平競輪,F2,A1/A2,12,Ａ級準決勝,20:25,20:20,7,https://keirin.kdreams.jp/iwakitaira/racedetail/1320241113020012/?pageType=odds,2026-10-05T04:57:32.837951+00:00,4-1-7/3/5-2-6,published,アオケイ,楽天Kドリームス 並び予想
2320241112030001,2024-11-14,取手競輪,F1,A1/A2,1,Ａ級一般,10:30,10:25,7,https://keirin.kdreams.jp/toride/racedetail/2320241112030001/?pageType=odds,2026-10-05T04:57:09.060463+00:00,1-4-6/3/5-2-7,published,アオケイ,楽天Kドリームス 並び予想
2320241112030002,2024-11-14,取手競輪,F1,A1/A2,2,Ａ級一般,10:55,10:50,7,https://keirin.kdreams.jp/toride/racedetail/2320241112030002/?pageType=odds,2026-10-05T04:57:10.801254+00:00,1-5/2-4-6/7-3,published,アオケイ,楽天Kドリームス 並び予想
2320241112030003,2024-11-14,取手競輪,F1,A1/A2,3,Ａ級特選,11:20,11:15,7,https://keirin.kdreams.jp/toride/racedetail/2320241112030003/?pageType=odds,2026-10-05T04:57:12.468069+00:00,2-6/1/3-5-4-7,published,アオケイ,楽天Kドリームス 並び予想
2320241112030004,2024-11-14,取手競輪,F1,A1/A2,4,Ａ級特選,11:45,11:40,7,https://keirin.kdreams.jp/toride/racedetail/2320241112030004/?pageType=odds,2026-10-05T04:57:14.081559+00:00,6-1/4-7-2-5-3,published,アオケイ,楽天Kドリームス 並び予想
2320241112030011,2024-11-14,取手競輪,F1,A1/A2,11,Ａ級決勝,15:25,15:20,7,https://keirin.kdreams.jp/toride/racedetail/2320241112030011/?pageType=odds,2026-10-05T04:57:15.782753+00:00,1-7/4-2/5-3-6,published,アオケイ,楽天Kドリームス 並び予想
5320241114010001,2024-11-14,奈良競輪,F1,A1/A2,1,Ａ級予選,15:37,15:32,7,https://keirin.kdreams.jp/nara/racedetail/5320241114010001/?pageType=odds,2026-10-05T04:58:17.984136+00:00,1-4-7/6-2/5-3,published,競輪研究,楽天Kドリームス 並び予想
5320241114010002,2024-11-14,奈良競輪,F1,A1/A2,2,Ａ級予選,16:01,15:56,7,https://keirin.kdreams.jp/nara/racedetail/5320241114010002/?pageType=odds,2026-10-05T04:58:19.782134+00:00,7-1-4/6/5-2-3,published,競輪研究,楽天Kドリームス 並び予想
5320241114010003,2024-11-14,奈良競輪,F1,A1/A2,3,Ａ級予選,16:25,16:20,7,https://keirin.kdreams.jp/nara/racedetail/5320241114010003/?pageType=odds,2026-10-05T04:58:21.323428+00:00,1-5-3/2-7-4-6,published,競輪研究,楽天Kドリームス 並び予想
5320241114010004,2024-11-14,奈良競輪,F1,A1/A2,4,Ａ級予選,16:49,16:44,7,https://keirin.kdreams.jp/nara/racedetail/5320241114010004/?pageType=odds,2026-10-05T04:58:23.017543+00:00,5-1-4/7-2/3-6,published,競輪研究,楽天Kドリームス 並び予想
5320241114010005,2024-11-14,奈良競輪,F1,A1/A2,5,Ａ級初日特選,17:14,17:09,7,https://keirin.kdreams.jp/nara/racedetail/5320241114010005/?pageType=odds,2026-10-05T04:58:24.656897+00:00,5-1/4-2-7/3-6,published,競輪研究,楽天Kドリームス 並び予想
3420241112030002,2024-11-14,川崎競輪,F2,A1/A2,2,Ａ級一般,21:00,20:55,7,https://keirin.kdreams.jp/kawasaki/racedetail/3420241112030002/?pageType=odds,2026-10-05T04:55:43.001800+00:00,2-5-6/7-3/1-4,published,小田競・サイクル,楽天Kドリームス 並び予想
3420241112030003,2024-11-14,川崎競輪,F2,A1/A2,3,Ａ級一般,21:20,21:15,7,https://keirin.kdreams.jp/kawasaki/racedetail/3420241112030003/?pageType=odds,2026-10-05T04:55:44.613272+00:00,1/2-6/3/4-7/5,published,小田競・サイクル,楽天Kドリームス 並び予想
3420241112030004,2024-11-14,川崎競輪,F2,A1/A2,4,Ａ級一般,21:40,21:35,7,https://keirin.kdreams.jp/kawasaki/racedetail/3420241112030004/?pageType=odds,2026-10-05T04:55:46.360539+00:00,2-1-4/3/5-6-7,published,小田競・サイクル,楽天Kドリームス 並び予想
3420241112030005,2024-11-14,川崎競輪,F2,A1/A2,5,Ａ級特選,22:00,21:55,7,https://keirin.kdreams.jp/kawasaki/racedetail/3420241112030005/?pageType=odds,2026-10-05T04:55:48.858004+00:00,2-1/4-7-3/5-6,published,小田競・サイクル,楽天Kドリームス 並び予想
3420241112030006,2024-11-14,川崎競輪,F2,A1/A2,6,Ａ級特選,22:20,22:15,7,https://keirin.kdreams.jp/kawasaki/racedetail/3420241112030006/?pageType=odds,2026-10-05T04:55:50.528258+00:00,3-2-6/1-5/7-4,published,小田競・サイクル,楽天Kドリームス 並び予想
3420241112030007,2024-11-14,川崎競輪,F2,A1/A2,7,Ａ級特選,22:40,22:35,7,https://keirin.kdreams.jp/kawasaki/racedetail/3420241112030007/?pageType=odds,2026-10-05T04:55:52.285327+00:00,7-6/5-1/4-3-2,published,小田競・サイクル,楽天Kドリームス 並び予想
3420241112030009,2024-11-14,川崎競輪,F2,A1/A2,9,Ａ級決勝,23:20,23:15,7,https://keirin.kdreams.jp/kawasaki/racedetail/3420241112030009/?pageType=odds,2026-10-05T04:55:53.918262+00:00,1-2/3-7/5-4/6,published,小田競・サイクル,楽天Kドリームス 並び予想
3120241114010001,2024-11-14,松戸競輪,F2,A1/A2,1,Ａ級予選,08:50,08:45,7,https://keirin.kdreams.jp/matsudo/racedetail/3120241114010001/?pageType=odds,2026-10-05T04:57:43.055170+00:00,5-1-6/4/2-7-3,published,アオケイ,楽天Kドリームス 並び予想
3120241114010002,2024-11-14,松戸競輪,F2,A1/A2,2,Ａ級予選,09:10,09:05,7,https://keirin.kdreams.jp/matsudo/racedetail/3120241114010002/?pageType=odds,2026-10-05T04:57:44.632879+00:00,4-1/2-7-6/3-5,published,アオケイ,楽天Kドリームス 並び予想
3120241114010003,2024-11-14,松戸競輪,F2,A1/A2,3,Ａ級予選,09:30,09:25,7,https://keirin.kdreams.jp/matsudo/racedetail/3120241114010003/?pageType=odds,2026-10-05T04:57:46.271863+00:00,7-3-5/6-1/4-2,published,アオケイ,楽天Kドリームス 並び予想
3120241114010004,2024-11-14,松戸競輪,F2,A1/A2,4,Ａ級予選,09:50,09:45,7,https://keirin.kdreams.jp/matsudo/racedetail/3120241114010004/?pageType=odds,2026-10-05T04:57:47.829014+00:00,5-1-3/6/7-2-4,published,アオケイ,楽天Kドリームス 並び予想
3120241114010005,2024-11-14,松戸競輪,F2,A1/A2,5,Ａ級予選,10:10,10:05,7,https://keirin.kdreams.jp/matsudo/racedetail/3120241114010005/?pageType=odds,2026-10-05T04:57:49.612184+00:00,2-7-5/1/3-4/6,published,アオケイ,楽天Kドリームス 並び予想
3120241114010006,2024-11-14,松戸競輪,F2,A1/A2,6,Ａ級予選,10:30,10:25,7,https://keirin.kdreams.jp/matsudo/racedetail/3120241114010006/?pageType=odds,2026-10-05T04:57:51.332000+00:00,1-4-3-7/5-2-6,published,アオケイ,楽天Kドリームス 並び予想
3120241114010007,2024-11-14,松戸競輪,F2,A1/A2,7,Ａ級初日特選,10:50,10:45,7,https://keirin.kdreams.jp/matsudo/racedetail/3120241114010007/?pageType=odds,2026-10-05T04:57:53.061605+00:00,1-6-7-3/2-4/5,published,アオケイ,楽天Kドリームス 並び予想
8420241112030001,2024-11-14,武雄競輪,F1,A1/A2,1,Ａ級一般,20:50,20:45,7,https://keirin.kdreams.jp/takeo/racedetail/8420241112030001/?pageType=odds,2026-10-05T04:56:45.212672+00:00,1-4/2-7-6/3-5,published,百万弗,楽天Kドリームス 並び予想
8420241112030002,2024-11-14,武雄競輪,F1,A1/A2,2,Ａ級一般,21:10,21:05,7,https://keirin.kdreams.jp/takeo/racedetail/8420241112030002/?pageType=odds,2026-10-05T04:56:46.946595+00:00,2-1-7/6/5-3-4,published,百万弗,楽天Kドリームス 並び予想
8420241112030003,2024-11-14,武雄競輪,F1,A1/A2,3,Ａ級特選,21:30,21:25,7,https://keirin.kdreams.jp/takeo/racedetail/8420241112030003/?pageType=odds,2026-10-05T04:56:48.566433+00:00,1-4-3/6/2-5-7,published,百万弗,楽天Kドリームス 並び予想
8420241112030008,2024-11-14,武雄競輪,F1,A1/A2,8,Ａ級決勝,23:10,23:05,7,https://keirin.kdreams.jp/takeo/racedetail/8420241112030008/?pageType=odds,2026-10-05T04:56:50.210357+00:00,2-1/3-7/5/6-4,published,百万弗,楽天Kドリームス 並び予想
7420241112030005,2024-11-14,高知競輪,F2,A1/A2,5,Ａ級一般,12:35,12:30,7,https://keirin.kdreams.jp/kochi/racedetail/7420241112030005/?pageType=odds,2026-10-05T04:56:20.463377+00:00,4-5-1/2-6/7-3,published,福ちゃん出版社,楽天Kドリームス 並び予想
7420241112030006,2024-11-14,高知競輪,F2,A1/A2,6,Ａ級一般,13:05,13:00,7,https://keirin.kdreams.jp/kochi/racedetail/7420241112030006/?pageType=odds,2026-10-05T04:56:22.063828+00:00,1-7-5/6-2/3-4,published,福ちゃん出版社,楽天Kドリームス 並び予想
7420241112030007,2024-11-14,高知競輪,F2,A1/A2,7,Ａ級一般,13:35,13:30,7,https://keirin.kdreams.jp/kochi/racedetail/7420241112030007/?pageType=odds,2026-10-05T04:56:23.739238+00:00,4-1-7/2/3-5/6,published,福ちゃん出版社,楽天Kドリームス 並び予想
7420241112030008,2024-11-14,高知競輪,F2,A1/A2,8,Ａ級特選,14:05,14:00,7,https://keirin.kdreams.jp/kochi/racedetail/7420241112030008/?pageType=odds,2026-10-05T04:56:25.407521+00:00,4-1-6/7-2/5-3,published,福ちゃん出版社,楽天Kドリームス 並び予想
7420241112030009,2024-11-14,高知競輪,F2,A1/A2,9,Ａ級特選,14:40,14:35,7,https://keirin.kdreams.jp/kochi/racedetail/7420241112030009/?pageType=odds,2026-10-05T04:56:27.142798+00:00,2-4/1/5-3-7/6,published,福ちゃん出版社,楽天Kドリームス 並び予想
7420241112030010,2024-11-14,高知競輪,F2,A1/A2,10,Ａ級特選,15:15,15:10,7,https://keirin.kdreams.jp/kochi/racedetail/7420241112030010/?pageType=odds,2026-10-05T04:56:28.713654+00:00,4-7-1/6-2/3-5,published,福ちゃん出版社,楽天Kドリームス 並び予想
7420241112030012,2024-11-14,高知競輪,F2,A1/A2,12,Ａ級決勝,16:25,16:20,7,https://keirin.kdreams.jp/kochi/racedetail/7420241112030012/?pageType=odds,2026-10-05T04:56:30.473693+00:00,2-4-1/6/7-3-5,published,福ちゃん出版社,楽天Kドリームス 並び予想
1320241113030006,2024-11-15,いわき平競輪,F2,A1/A2,6,Ａ級特一般,17:59,17:54,7,https://keirin.kdreams.jp/iwakitaira/racedetail/1320241113030006/?pageType=odds,2026-10-05T04:57:34.678204+00:00,4-7/6-1/2-5/3,published,アオケイ,楽天Kドリームス 並び予想
1320241113030007,2024-11-15,いわき平競輪,F2,A1/A2,7,Ａ級特一般,18:23,18:18,7,https://keirin.kdreams.jp/iwakitaira/racedetail/1320241113030007/?pageType=odds,2026-10-05T04:57:36.164775+00:00,1-5-7/2/3-6-4,published,アオケイ,楽天Kドリームス 並び予想
1320241113030008,2024-11-15,いわき平競輪,F2,A1/A2,8,Ａ級特選,18:47,18:42,7,https://keirin.kdreams.jp/iwakitaira/racedetail/1320241113030008/?pageType=odds,2026-10-05T04:57:37.935774+00:00,1-3-7/4-2-5/6,published,アオケイ,楽天Kドリームス 並び予想
1320241113030009,2024-11-15,いわき平競輪,F2,A1/A2,9,Ａ級特選,19:11,19:06,7,https://keirin.kdreams.jp/iwakitaira/racedetail/1320241113030009/?pageType=odds,2026-10-05T04:57:39.694905+00:00,6-2-5-1/4-3/7,published,アオケイ,楽天Kドリームス 並び予想
1320241113030012,2024-11-15,いわき平競輪,F2,A1/A2,12,Ａ級決勝,20:35,20:30,7,https://keirin.kdreams.jp/iwakitaira/racedetail/1320241113030012/?pageType=odds,2026-10-05T04:57:41.425163+00:00,5-1/2-4-6/3-7,published,アオケイ,楽天Kドリームス 並び予想
4420241115010003,2024-11-15,大垣競輪,F2,A1/A2,3,Ａ級予選,21:30,21:25,7,https://keirin.kdreams.jp/ogaki/racedetail/4420241115010003/?pageType=odds,2026-10-05T04:59:21.842305+00:00,1-4-7/3-2-5/6,published,ひかり,楽天Kドリームス 並び予想
4420241115010004,2024-11-15,大垣競輪,F2,A1/A2,4,Ａ級予選,21:50,21:45,7,https://keirin.kdreams.jp/ogaki/racedetail/4420241115010004/?pageType=odds,2026-10-05T04:59:23.659171+00:00,4-6/1-2/3-5-7,published,ひかり,楽天Kドリームス 並び予想
4420241115010005,2024-11-15,大垣競輪,F2,A1/A2,5,Ａ級予選,22:10,22:05,7,https://keirin.kdreams.jp/ogaki/racedetail/4420241115010005/?pageType=odds,2026-10-05T04:59:25.607203+00:00,3-4-5/2-1-7/6,published,ひかり,楽天Kドリームス 並び予想
4420241115010006,2024-11-15,大垣競輪,F2,A1/A2,6,Ａ級予選,22:30,22:25,7,https://keirin.kdreams.jp/ogaki/racedetail/4420241115010006/?pageType=odds,2026-10-05T04:59:27.263918+00:00,1-5-6/3-2-4-7,published,ひかり,楽天Kドリームス 並び予想
4420241115010007,2024-11-15,大垣競輪,F2,A1/A2,7,Ａ級予選,22:50,22:45,7,https://keirin.kdreams.jp/ogaki/racedetail/4420241115010007/?pageType=odds,2026-10-05T04:59:28.899843+00:00,2-1-7/4-3/5-6,published,ひかり,楽天Kドリームス 並び予想
4420241115010008,2024-11-15,大垣競輪,F2,A1/A2,8,Ａ級予選,23:10,23:05,7,https://keirin.kdreams.jp/ogaki/racedetail/4420241115010008/?pageType=odds,2026-10-05T04:59:30.645291+00:00,1-2-3-7/4-5/6,published,ひかり,楽天Kドリームス 並び予想
4420241115010009,2024-11-15,大垣競輪,F2,A1/A2,9,Ａ級初日特選,23:30,23:25,7,https://keirin.kdreams.jp/ogaki/racedetail/4420241115010009/?pageType=odds,2026-10-05T04:59:32.400436+00:00,1-3/2-6/4-7/5,published,ひかり,楽天Kドリームス 並び予想
5320241114020001,2024-11-15,奈良競輪,F1,A1/A2,1,Ａ級一般,15:37,15:32,6,https://keirin.kdreams.jp/nara/racedetail/5320241114020001/?pageType=odds,2026-10-05T04:58:26.244091+00:00,5-1-4/2/3/6,published,競輪研究,楽天Kドリームス 並び予想
5320241114020002,2024-11-15,奈良競輪,F1,A1/A2,2,Ａ級一般,16:01,15:56,7,https://keirin.kdreams.jp/nara/racedetail/5320241114020002/?pageType=odds,2026-10-05T04:58:27.865779+00:00,1-7-3-4/5-2/6,published,競輪研究,楽天Kドリームス 並び予想
5320241114020003,2024-11-15,奈良競輪,F1,A1/A2,3,Ａ級準決勝,16:25,16:20,7,https://keirin.kdreams.jp/nara/racedetail/5320241114020003/?pageType=odds,2026-10-05T04:58:29.453794+00:00,4-1-7/3-2-6/5,published,競輪研究,楽天Kドリームス 並び予想
5320241114020004,2024-11-15,奈良競輪,F1,A1/A2,4,Ａ級準決勝,16:49,16:44,7,https://keirin.kdreams.jp/nara/racedetail/5320241114020004/?pageType=odds,2026-10-05T04:58:31.244879+00:00,1-4-6/7-2/3-5,published,競輪研究,楽天Kドリームス 並び予想
5320241114020005,2024-11-15,奈良競輪,F1,A1/A2,5,Ａ級準決勝,17:14,17:09,7,https://keirin.kdreams.jp/nara/racedetail/5320241114020005/?pageType=odds,2026-10-05T04:58:33.027577+00:00,7-1-4/2-6/3-5,published,競輪研究,楽天Kドリームス 並び予想
7320241115010003,2024-11-15,小松島競輪,F2,A1/A2,3,Ａ級予選,21:20,21:15,7,https://keirin.kdreams.jp/komatsushima/racedetail/7320241115010003/?pageType=odds,2026-10-05T04:58:43.300102+00:00,3-1-7/2-6/4-5,published,競輪毎日,楽天Kドリームス 並び予想
7320241115010004,2024-11-15,小松島競輪,F2,A1/A2,4,Ａ級予選,21:40,21:35,7,https://keirin.kdreams.jp/komatsushima/racedetail/7320241115010004/?pageType=odds,2026-10-05T04:58:45.336463+00:00,1-3/5-2/4/6-7,published,競輪毎日,楽天Kドリームス 並び予想
7320241115010005,2024-11-15,小松島競輪,F2,A1/A2,5,Ａ級予選,22:00,21:55,7,https://keirin.kdreams.jp/komatsushima/racedetail/7320241115010005/?pageType=odds,2026-10-05T04:58:47.048226+00:00,2-1-7/6-3/4-5,published,競輪毎日,楽天Kドリームス 並び予想
7320241115010006,2024-11-15,小松島競輪,F2,A1/A2,6,Ａ級予選,22:20,22:15,7,https://keirin.kdreams.jp/komatsushima/racedetail/7320241115010006/?pageType=odds,2026-10-05T04:58:48.721209+00:00,2-1-7/3-5/4/6,published,競輪毎日,楽天Kドリームス 並び予想
7320241115010007,2024-11-15,小松島競輪,F2,A1/A2,7,Ａ級予選,22:40,22:35,7,https://keirin.kdreams.jp/komatsushima/racedetail/7320241115010007/?pageType=odds,2026-10-05T04:58:50.529695+00:00,1-2-6-7/3-4/5,published,競輪毎日,楽天Kドリームス 並び予想
7320241115010008,2024-11-15,小松島競輪,F2,A1/A2,8,Ａ級予選,23:00,22:55,7,https://keirin.kdreams.jp/komatsushima/racedetail/7320241115010008/?pageType=odds,2026-10-05T04:58:52.601175+00:00,7-1-4/2-3/5-6,published,競輪毎日,楽天Kドリームス 並び予想
7320241115010009,2024-11-15,小松島競輪,F2,A1/A2,9,Ａ級初日特選,23:20,23:15,7,https://keirin.kdreams.jp/komatsushima/racedetail/7320241115010009/?pageType=odds,2026-10-05T04:58:54.483818+00:00,1-2/3-4/6-5/7,published,競輪毎日,楽天Kドリームス 並び予想
3120241114020001,2024-11-15,松戸競輪,F2,A1/A2,1,Ａ級一般,08:50,08:45,7,https://keirin.kdreams.jp/matsudo/racedetail/3120241114020001/?pageType=odds,2026-10-05T04:57:54.714380+00:00,4-2-1/6/3-7-5,published,アオケイ,楽天Kドリームス 並び予想
3120241114020002,2024-11-15,松戸競輪,F2,A1/A2,2,Ａ級一般,09:10,09:05,7,https://keirin.kdreams.jp/matsudo/racedetail/3120241114020002/?pageType=odds,2026-10-05T04:57:56.466903+00:00,1-4-6/5/7-2-3,published,アオケイ,楽天Kドリームス 並び予想
3120241114020003,2024-11-15,松戸競輪,F2,A1/A2,3,Ａ級選抜,09:30,09:25,7,https://keirin.kdreams.jp/matsudo/racedetail/3120241114020003/?pageType=odds,2026-10-05T04:57:58.047155+00:00,3-1-4-5-6-7-2,published,アオケイ,楽天Kドリームス 並び予想
3120241114020004,2024-11-15,松戸競輪,F2,A1/A2,4,Ａ級選抜,09:50,09:45,7,https://keirin.kdreams.jp/matsudo/racedetail/3120241114020004/?pageType=odds,2026-10-05T04:57:59.699673+00:00,5-1-6/7/4-3-2,published,アオケイ,楽天Kドリームス 並び予想
3120241114020005,2024-11-15,松戸競輪,F2,A1/A2,5,Ａ級準決勝,10:10,10:05,7,https://keirin.kdreams.jp/matsudo/racedetail/3120241114020005/?pageType=odds,2026-10-05T04:58:01.714874+00:00,1-7-4/3-5/6-2,published,アオケイ,楽天Kドリームス 並び予想
3120241114020006,2024-11-15,松戸競輪,F2,A1/A2,6,Ａ級準決勝,10:30,10:25,7,https://keirin.kdreams.jp/matsudo/racedetail/3120241114020006/?pageType=odds,2026-10-05T04:58:03.342578+00:00,7-5-1/3-4/2-6,published,アオケイ,楽天Kドリームス 並び予想
3120241114020007,2024-11-15,松戸競輪,F2,A1/A2,7,Ａ級準決勝,10:50,10:45,7,https://keirin.kdreams.jp/matsudo/racedetail/3120241114020007/?pageType=odds,2026-10-05T04:58:04.997471+00:00,1-7-4/2/5-3-6,published,アオケイ,楽天Kドリームス 並び予想
2720241116010001,2024-11-16,京王閣競輪,F1,A1/A2,1,Ａ級予選,15:32,15:27,7,https://keirin.kdreams.jp/keiokaku/racedetail/2720241116010001/?pageType=odds,2026-10-05T05:00:27.364440+00:00,1-4-6/7-2/5-3,published,アオケイ,楽天Kドリームス 並び予想
2720241116010002,2024-11-16,京王閣競輪,F1,A1/A2,2,Ａ級予選,15:55,15:50,7,https://keirin.kdreams.jp/keiokaku/racedetail/2720241116010002/?pageType=odds,2026-10-05T05:00:29.155136+00:00,3-1-7/4/5/6-2,published,アオケイ,楽天Kドリームス 並び予想
2720241116010003,2024-11-16,京王閣競輪,F1,A1/A2,3,Ａ級予選,16:19,16:14,7,https://keirin.kdreams.jp/keiokaku/racedetail/2720241116010003/?pageType=odds,2026-10-05T05:00:30.963517+00:00,1-5/4-2/6-3-7,published,アオケイ,楽天Kドリームス 並び予想
2720241116010004,2024-11-16,京王閣競輪,F1,A1/A2,4,Ａ級予選,16:45,16:40,7,https://keirin.kdreams.jp/keiokaku/racedetail/2720241116010004/?pageType=odds,2026-10-05T05:00:33.002444+00:00,5-1-7/3/6-4-2,published,アオケイ,楽天Kドリームス 並び予想
2720241116010005,2024-11-16,京王閣競輪,F1,A1/A2,5,Ａ級初日特選,17:10,17:05,7,https://keirin.kdreams.jp/keiokaku/racedetail/2720241116010005/?pageType=odds,2026-10-05T05:00:34.981276+00:00,1-4/2-5/7-3/6,published,アオケイ,楽天Kドリームス 並び予想
4420241115020003,2024-11-16,大垣競輪,F2,A1/A2,3,Ａ級一般,21:30,21:25,6,https://keirin.kdreams.jp/ogaki/racedetail/4420241115020003/?pageType=odds,2026-10-05T04:59:33.954706+00:00,1-2-5-4/3-6,published,ひかり,楽天Kドリームス 並び予想
4420241115020004,2024-11-16,大垣競輪,F2,A1/A2,4,Ａ級一般,21:50,21:45,7,https://keirin.kdreams.jp/ogaki/racedetail/4420241115020004/?pageType=odds,2026-10-05T04:59:35.905091+00:00,1-7-5/6/2-3-4,published,ひかり,楽天Kドリームス 並び予想
4420241115020005,2024-11-16,大垣競輪,F2,A1/A2,5,Ａ級選抜,22:10,22:05,7,https://keirin.kdreams.jp/ogaki/racedetail/4420241115020005/?pageType=odds,2026-10-05T04:59:37.625621+00:00,1-6-5/3-2/4-7,published,ひかり,楽天Kドリームス 並び予想
4420241115020006,2024-11-16,大垣競輪,F2,A1/A2,6,Ａ級選抜,22:30,22:25,7,https://keirin.kdreams.jp/ogaki/racedetail/4420241115020006/?pageType=odds,2026-10-05T04:59:39.392571+00:00,3-1-2/7/4-5-6,published,ひかり,楽天Kドリームス 並び予想
4420241115020007,2024-11-16,大垣競輪,F2,A1/A2,7,Ａ級準決勝,22:50,22:45,7,https://keirin.kdreams.jp/ogaki/racedetail/4420241115020007/?pageType=odds,2026-10-05T04:59:41.174202+00:00,1-5/2-4/3-6-7,published,ひかり,楽天Kドリームス 並び予想
4420241115020008,2024-11-16,大垣競輪,F2,A1/A2,8,Ａ級準決勝,23:10,23:05,7,https://keirin.kdreams.jp/ogaki/racedetail/4420241115020008/?pageType=odds,2026-10-05T04:59:42.852722+00:00,1-4-7/6-2/3-5,published,ひかり,楽天Kドリームス 並び予想
4420241115020009,2024-11-16,大垣競輪,F2,A1/A2,9,Ａ級準決勝,23:30,23:25,7,https://keirin.kdreams.jp/ogaki/racedetail/4420241115020009/?pageType=odds,2026-10-05T04:59:44.703786+00:00,1-3-5/4-2/6-7,published,ひかり,楽天Kドリームス 並び予想
5320241114030001,2024-11-16,奈良競輪,F1,A1/A2,1,Ａ級一般,15:37,15:32,5,https://keirin.kdreams.jp/nara/racedetail/5320241114030001/?pageType=odds,2026-10-05T04:58:34.633000+00:00,2-5-3/1/4,published,競輪研究,楽天Kドリームス 並び予想
5320241114030002,2024-11-16,奈良競輪,F1,A1/A2,2,Ａ級一般,16:01,15:56,5,https://keirin.kdreams.jp/nara/racedetail/5320241114030002/?pageType=odds,2026-10-05T04:58:36.186636+00:00,4-1/3/5-2,published,競輪研究,楽天Kドリームス 並び予想
5320241114030003,2024-11-16,奈良競輪,F1,A1/A2,3,Ａ級特選,16:25,16:20,6,https://keirin.kdreams.jp/nara/racedetail/5320241114030003/?pageType=odds,2026-10-05T04:58:37.903963+00:00,1-4-6-2/3-5,published,競輪研究,楽天Kドリームス 並び予想
5320241114030004,2024-11-16,奈良競輪,F1,A1/A2,4,Ａ級特選,16:50,16:45,7,https://keirin.kdreams.jp/nara/racedetail/5320241114030004/?pageType=odds,2026-10-05T04:58:39.827232+00:00,1-4/5-2-6/7-3,published,競輪研究,楽天Kドリームス 並び予想
5320241114030011,2024-11-16,奈良競輪,F1,A1/A2,11,Ａ級決勝,20:00,19:55,7,https://keirin.kdreams.jp/nara/racedetail/5320241114030011/?pageType=odds,2026-10-05T04:58:41.000419+00:00,1-4/6-3-5/2/7,published,競輪研究,楽天Kドリームス 並び予想
7320241115020003,2024-11-16,小松島競輪,F2,A1/A2,3,Ａ級一般,21:20,21:15,7,https://keirin.kdreams.jp/komatsushima/racedetail/7320241115020003/?pageType=odds,2026-10-05T04:58:56.426937+00:00,1-3-5/2-6/4-7,published,競輪毎日,楽天Kドリームス 並び予想
7320241115020004,2024-11-16,小松島競輪,F2,A1/A2,4,Ａ級一般,21:40,21:35,7,https://keirin.kdreams.jp/komatsushima/racedetail/7320241115020004/?pageType=odds,2026-10-05T04:58:58.239527+00:00,1-3/2-4-6/5-7,published,競輪毎日,楽天Kドリームス 並び予想
7320241115020005,2024-11-16,小松島競輪,F2,A1/A2,5,Ａ級選抜,22:00,21:55,7,https://keirin.kdreams.jp/komatsushima/racedetail/7320241115020005/?pageType=odds,2026-10-05T04:59:00.089742+00:00,3-1-5/4-2/6-7,published,競輪毎日,楽天Kドリームス 並び予想
7320241115020006,2024-11-16,小松島競輪,F2,A1/A2,6,Ａ級選抜,22:20,22:15,7,https://keirin.kdreams.jp/komatsushima/racedetail/7320241115020006/?pageType=odds,2026-10-05T04:59:01.785362+00:00,1-3-7/2/4/5-6,published,競輪毎日,楽天Kドリームス 並び予想
7320241115020007,2024-11-16,小松島競輪,F2,A1/A2,7,Ａ級準決勝,22:40,22:35,7,https://keirin.kdreams.jp/komatsushima/racedetail/7320241115020007/?pageType=odds,2026-10-05T04:59:03.551092+00:00,2-1-5/4-3/7-6,published,競輪毎日,楽天Kドリームス 並び予想
7320241115020008,2024-11-16,小松島競輪,F2,A1/A2,8,Ａ級準決勝,23:00,22:55,7,https://keirin.kdreams.jp/komatsushima/racedetail/7320241115020008/?pageType=odds,2026-10-05T04:59:05.463064+00:00,1-2-7/3-5/6-4,published,競輪毎日,楽天Kドリームス 並び予想
7320241115020009,2024-11-16,小松島競輪,F2,A1/A2,9,Ａ級準決勝,23:20,23:15,7,https://keirin.kdreams.jp/komatsushima/racedetail/7320241115020009/?pageType=odds,2026-10-05T04:59:07.246772+00:00,1-2-4/7-3/6-5,published,競輪毎日,楽天Kドリームス 並び予想
3120241114030001,2024-11-16,松戸競輪,F2,A1/A2,1,Ａ級一般,09:00,08:55,7,https://keirin.kdreams.jp/matsudo/racedetail/3120241114030001/?pageType=odds,2026-10-05T04:58:06.675441+00:00,1-6/3/4/5-2-7,published,アオケイ,楽天Kドリームス 並び予想
3120241114030002,2024-11-16,松戸競輪,F2,A1/A2,2,Ａ級一般,09:20,09:15,7,https://keirin.kdreams.jp/matsudo/racedetail/3120241114030002/?pageType=odds,2026-10-05T04:58:08.415721+00:00,1-7-4/6/2-3-5,published,アオケイ,楽天Kドリームス 並び予想
3120241114030003,2024-11-16,松戸競輪,F2,A1/A2,3,Ａ級一般,09:40,09:35,7,https://keirin.kdreams.jp/matsudo/racedetail/3120241114030003/?pageType=odds,2026-10-05T04:58:09.996881+00:00,1-5-3-4/7-2/6,published,アオケイ,楽天Kドリームス 並び予想
3120241114030004,2024-11-16,松戸競輪,F2,A1/A2,4,Ａ級特選,10:00,09:55,7,https://keirin.kdreams.jp/matsudo/racedetail/3120241114030004/?pageType=odds,2026-10-05T04:58:11.588988+00:00,5-2/4-1/7-3-6,published,アオケイ,楽天Kドリームス 並び予想
3120241114030005,2024-11-16,松戸競輪,F2,A1/A2,5,Ａ級特選,10:20,10:15,7,https://keirin.kdreams.jp/matsudo/racedetail/3120241114030005/?pageType=odds,2026-10-05T04:58:13.225133+00:00,2-7/1-6/3-4-5,published,アオケイ,楽天Kドリームス 並び予想
3120241114030006,2024-11-16,松戸競輪,F2,A1/A2,6,Ａ級特選,10:40,10:35,7,https://keirin.kdreams.jp/matsudo/racedetail/3120241114030006/?pageType=odds,2026-10-05T04:58:14.717020+00:00,4-1-6/2-5/7-3,published,アオケイ,楽天Kドリームス 並び予想
3120241114030007,2024-11-16,松戸競輪,F2,A1/A2,7,Ａ級決勝,11:00,10:55,7,https://keirin.kdreams.jp/matsudo/racedetail/3120241114030007/?pageType=odds,2026-10-05T04:58:16.454062+00:00,1-5/2-7/4-3-6,published,アオケイ,楽天Kドリームス 並び予想
6320241116010001,2024-11-16,防府競輪,F1,A1/A2,1,Ａ級予選,10:45,10:40,7,https://keirin.kdreams.jp/hofu/racedetail/6320241116010001/?pageType=odds,2026-10-05T04:59:59.382843+00:00,1-6/2-5/7-3-4,published,リズム,楽天Kドリームス 並び予想
6320241116010002,2024-11-16,防府競輪,F1,A1/A2,2,Ａ級予選,11:10,11:05,7,https://keirin.kdreams.jp/hofu/racedetail/6320241116010002/?pageType=odds,2026-10-05T05:00:01.213596+00:00,6-1-5/7-2/4-3,published,リズム,楽天Kドリームス 並び予想
6320241116010003,2024-11-16,防府競輪,F1,A1/A2,3,Ａ級予選,11:35,11:30,7,https://keirin.kdreams.jp/hofu/racedetail/6320241116010003/?pageType=odds,2026-10-05T05:00:03.249182+00:00,7-2/3-5/1-4-6,published,リズム,楽天Kドリームス 並び予想
6320241116010004,2024-11-16,防府競輪,F1,A1/A2,4,Ａ級予選,12:00,11:55,7,https://keirin.kdreams.jp/hofu/racedetail/6320241116010004/?pageType=odds,2026-10-05T05:00:05.148802+00:00,1-4-7/3/5-2-6,published,リズム,楽天Kドリームス 並び予想
6320241116010005,2024-11-16,防府競輪,F1,A1/A2,5,Ａ級初日特選,12:30,12:25,7,https://keirin.kdreams.jp/hofu/racedetail/6320241116010005/?pageType=odds,2026-10-05T05:00:07.065427+00:00,7-1/2-5/4/3-6,published,リズム,楽天Kドリームス 並び予想
2720241116020001,2024-11-17,京王閣競輪,F1,A1/A2,1,Ａ級一般,15:32,15:27,7,https://keirin.kdreams.jp/keiokaku/racedetail/2720241116020001/?pageType=odds,2026-10-05T05:00:36.802641+00:00,7-1-4/6-2/3-5,published,アオケイ,楽天Kドリームス 並び予想
2720241116020002,2024-11-17,京王閣競輪,F1,A1/A2,2,Ａ級一般,15:55,15:50,7,https://keirin.kdreams.jp/keiokaku/racedetail/2720241116020002/?pageType=odds,2026-10-05T05:00:38.698316+00:00,4-1/5-2/6-7-3,published,アオケイ,楽天Kドリームス 並び予想
2720241116020003,2024-11-17,京王閣競輪,F1,A1/A2,3,Ａ級準決勝,16:19,16:14,7,https://keirin.kdreams.jp/keiokaku/racedetail/2720241116020003/?pageType=odds,2026-10-05T05:00:40.626078+00:00,7-5-1/2-6/4-3,published,アオケイ,楽天Kドリームス 並び予想
2720241116020004,2024-11-17,京王閣競輪,F1,A1/A2,4,Ａ級準決勝,16:45,16:40,7,https://keirin.kdreams.jp/keiokaku/racedetail/2720241116020004/?pageType=odds,2026-10-05T05:00:42.538209+00:00,1-4-6/2-7/5-3,published,アオケイ,楽天Kドリームス 並び予想
2720241116020005,2024-11-17,京王閣競輪,F1,A1/A2,5,Ａ級準決勝,17:10,17:05,7,https://keirin.kdreams.jp/keiokaku/racedetail/2720241116020005/?pageType=odds,2026-10-05T05:00:44.314220+00:00,1-4/5-2/3-7/6,published,アオケイ,楽天Kドリームス 並び予想
4420241115030002,2024-11-17,大垣競輪,F2,A1/A2,2,Ａ級一般,21:10,21:05,6,https://keirin.kdreams.jp/ogaki/racedetail/4420241115030002/?pageType=odds,2026-10-05T04:59:46.307130+00:00,1-5-4/2-3/6,published,ひかり,楽天Kドリームス 並び予想
4420241115030003,2024-11-17,大垣競輪,F2,A1/A2,3,Ａ級一般,21:30,21:25,6,https://keirin.kdreams.jp/ogaki/racedetail/4420241115030003/?pageType=odds,2026-10-05T04:59:47.981856+00:00,1-3-6/2-5/4,published,ひかり,楽天Kドリームス 並び予想
4420241115030004,2024-11-17,大垣競輪,F2,A1/A2,4,Ａ級一般,21:50,21:45,7,https://keirin.kdreams.jp/ogaki/racedetail/4420241115030004/?pageType=odds,2026-10-05T04:59:49.772980+00:00,3-5-1-7/2-6-4,published,ひかり,楽天Kドリームス 並び予想
4420241115030005,2024-11-17,大垣競輪,F2,A1/A2,5,Ａ級特選,22:10,22:05,7,https://keirin.kdreams.jp/ogaki/racedetail/4420241115030005/?pageType=odds,2026-10-05T04:59:51.515866+00:00,4-1/3-2/6/5-7,published,ひかり,楽天Kドリームス 並び予想
4420241115030006,2024-11-17,大垣競輪,F2,A1/A2,6,Ａ級特選,22:30,22:25,7,https://keirin.kdreams.jp/ogaki/racedetail/4420241115030006/?pageType=odds,2026-10-05T04:59:53.283957+00:00,1-2/4-3-7/6-5,published,ひかり,楽天Kドリームス 並び予想
4420241115030007,2024-11-17,大垣競輪,F2,A1/A2,7,Ａ級特選,22:50,22:45,7,https://keirin.kdreams.jp/ogaki/racedetail/4420241115030007/?pageType=odds,2026-10-05T04:59:55.097732+00:00,1-4-7/2-5/6-3,published,ひかり,楽天Kドリームス 並び予想
4420241115030009,2024-11-17,大垣競輪,F2,A1/A2,9,Ａ級決勝,23:30,23:25,7,https://keirin.kdreams.jp/ogaki/racedetail/4420241115030009/?pageType=odds,2026-10-05T04:59:57.182290+00:00,2-4-6/3-7-5/1,published,ひかり,楽天Kドリームス 並び予想
7320241115030002,2024-11-17,小松島競輪,F2,A1/A2,2,Ａ級一般,21:00,20:55,7,https://keirin.kdreams.jp/komatsushima/racedetail/7320241115030002/?pageType=odds,2026-10-05T04:59:09.330526+00:00,1-3-5/4-2/6-7,published,競輪毎日,楽天Kドリームス 並び予想
7320241115030003,2024-11-17,小松島競輪,F2,A1/A2,3,Ａ級一般,21:20,21:15,7,https://keirin.kdreams.jp/komatsushima/racedetail/7320241115030003/?pageType=odds,2026-10-05T04:59:11.144935+00:00,6-3/1-2/4-7/5,published,競輪毎日,楽天Kドリームス 並び予想
7320241115030004,2024-11-17,小松島競輪,F2,A1/A2,4,Ａ級一般,21:40,21:35,7,https://keirin.kdreams.jp/komatsushima/racedetail/7320241115030004/?pageType=odds,2026-10-05T04:59:13.099798+00:00,1-2-3/4-5/6-7,published,競輪毎日,楽天Kドリームス 並び予想
7320241115030005,2024-11-17,小松島競輪,F2,A1/A2,5,Ａ級特選,22:00,21:55,7,https://keirin.kdreams.jp/komatsushima/racedetail/7320241115030005/?pageType=odds,2026-10-05T04:59:14.920068+00:00,1-2-7/4-3/5/6,published,競輪毎日,楽天Kドリームス 並び予想
7320241115030006,2024-11-17,小松島競輪,F2,A1/A2,6,Ａ級特選,22:20,22:15,7,https://keirin.kdreams.jp/komatsushima/racedetail/7320241115030006/?pageType=odds,2026-10-05T04:59:16.638055+00:00,4-1-3/2-5/6-7,published,競輪毎日,楽天Kドリームス 並び予想
7320241115030007,2024-11-17,小松島競輪,F2,A1/A2,7,Ａ級特選,22:40,22:35,7,https://keirin.kdreams.jp/komatsushima/racedetail/7320241115030007/?pageType=odds,2026-10-05T04:59:18.373359+00:00,2-1-6/3-5/4-7,published,競輪毎日,楽天Kドリームス 並び予想
7320241115030009,2024-11-17,小松島競輪,F2,A1/A2,9,Ａ級決勝,23:20,23:15,7,https://keirin.kdreams.jp/komatsushima/racedetail/7320241115030009/?pageType=odds,2026-10-05T04:59:20.155743+00:00,4-1-2/3/7-6-5,published,競輪毎日,楽天Kドリームス 並び予想
6320241116020001,2024-11-17,防府競輪,F1,A1/A2,1,Ａ級一般,10:45,10:40,7,https://keirin.kdreams.jp/hofu/racedetail/6320241116020001/?pageType=odds,2026-10-05T05:00:08.844727+00:00,2-7/4/5-3-6/1,published,リズム,楽天Kドリームス 並び予想
6320241116020002,2024-11-17,防府競輪,F1,A1/A2,2,Ａ級一般,11:10,11:05,7,https://keirin.kdreams.jp/hofu/racedetail/6320241116020002/?pageType=odds,2026-10-05T05:00:10.683438+00:00,4-7-1/2-6/3-5,published,リズム,楽天Kドリームス 並び予想
6320241116020003,2024-11-17,防府競輪,F1,A1/A2,3,Ａ級準決勝,11:35,11:30,7,https://keirin.kdreams.jp/hofu/racedetail/6320241116020003/?pageType=odds,2026-10-05T05:00:12.402664+00:00,7-1-4/5/3/6-2,published,リズム,楽天Kドリームス 並び予想
6320241116020004,2024-11-17,防府競輪,F1,A1/A2,4,Ａ級準決勝,12:00,11:55,7,https://keirin.kdreams.jp/hofu/racedetail/6320241116020004/?pageType=odds,2026-10-05T05:00:14.362625+00:00,7-4-1/2-5/3-6,published,リズム,楽天Kドリームス 並び予想
6320241116020005,2024-11-17,防府競輪,F1,A1/A2,5,Ａ級準決勝,12:30,12:25,7,https://keirin.kdreams.jp/hofu/racedetail/6320241116020005/?pageType=odds,2026-10-05T05:00:16.098929+00:00,1-6-4/7-2/5-3,published,リズム,楽天Kドリームス 並び予想
2720241116030001,2024-11-18,京王閣競輪,F1,A1/A2,1,Ａ級一般,15:45,15:40,7,https://keirin.kdreams.jp/keiokaku/racedetail/2720241116030001/?pageType=odds,2026-10-05T05:00:46.266986+00:00,1-4-3/2-5/6-7,published,アオケイ,楽天Kドリームス 並び予想
2720241116030002,2024-11-18,京王閣競輪,F1,A1/A2,2,Ａ級一般,16:10,16:05,7,https://keirin.kdreams.jp/keiokaku/racedetail/2720241116030002/?pageType=odds,2026-10-05T05:00:48.069103+00:00,1-5/2-7-4/6-3,published,アオケイ,楽天Kドリームス 並び予想
2720241116030003,2024-11-18,京王閣競輪,F1,A1/A2,3,Ａ級特選,16:35,16:30,7,https://keirin.kdreams.jp/keiokaku/racedetail/2720241116030003/?pageType=odds,2026-10-05T05:00:49.818872+00:00,2-6/1-4/5-3-7,published,アオケイ,楽天Kドリームス 並び予想
2720241116030004,2024-11-18,京王閣競輪,F1,A1/A2,4,Ａ級特選,17:00,16:55,7,https://keirin.kdreams.jp/keiokaku/racedetail/2720241116030004/?pageType=odds,2026-10-05T05:00:51.715602+00:00,7-1-5/6/3-2-4,published,アオケイ,楽天Kドリームス 並び予想
2720241116030011,2024-11-18,京王閣競輪,F1,A1/A2,11,Ａ級決勝,19:58,19:53,7,https://keirin.kdreams.jp/keiokaku/racedetail/2720241116030011/?pageType=odds,2026-10-05T05:00:53.446226+00:00,2-7/1/3-5/4-6,published,アオケイ,楽天Kドリームス 並び予想
4320241118010006,2024-11-18,岐阜競輪,F2,A1/A2,6,Ａ級予選,13:10,13:05,7,https://keirin.kdreams.jp/gifu/racedetail/4320241118010006/?pageType=odds,2026-10-05T05:00:55.307631+00:00,4-1-6/2/7-5-3,published,中部競輪・ひかり,楽天Kドリームス 並び予想
4320241118010007,2024-11-18,岐阜競輪,F2,A1/A2,7,Ａ級予選,13:40,13:35,7,https://keirin.kdreams.jp/gifu/racedetail/4320241118010007/?pageType=odds,2026-10-05T05:00:57.336274+00:00,4-2/1-7/3-5/6,published,中部競輪・ひかり,楽天Kドリームス 並び予想
4320241118010008,2024-11-18,岐阜競輪,F2,A1/A2,8,Ａ級予選,14:10,14:05,7,https://keirin.kdreams.jp/gifu/racedetail/4320241118010008/?pageType=odds,2026-10-05T05:00:59.120462+00:00,1-5/7-2/4/6-3,published,中部競輪・ひかり,楽天Kドリームス 並び予想
4320241118010009,2024-11-18,岐阜競輪,F2,A1/A2,9,Ａ級予選,14:40,14:35,7,https://keirin.kdreams.jp/gifu/racedetail/4320241118010009/?pageType=odds,2026-10-05T05:01:00.859345+00:00,5-1-7/6-2/3-4,published,中部競輪・ひかり,楽天Kドリームス 並び予想
4320241118010010,2024-11-18,岐阜競輪,F2,A1/A2,10,Ａ級予選,15:13,15:08,7,https://keirin.kdreams.jp/gifu/racedetail/4320241118010010/?pageType=odds,2026-10-05T05:01:02.678609+00:00,6-2/1-4/5-3-7,published,中部競輪・ひかり,楽天Kドリームス 並び予想
4320241118010011,2024-11-18,岐阜競輪,F2,A1/A2,11,Ａ級予選,15:49,15:44,7,https://keirin.kdreams.jp/gifu/racedetail/4320241118010011/?pageType=odds,2026-10-05T05:01:04.361411+00:00,1-4-7/2-6/5-3,published,中部競輪・ひかり,楽天Kドリームス 並び予想
4320241118010012,2024-11-18,岐阜競輪,F2,A1/A2,12,Ａ級初日特選,16:28,16:23,7,https://keirin.kdreams.jp/gifu/racedetail/4320241118010012/?pageType=odds,2026-10-05T05:01:06.161168+00:00,2-5/1/3/6-4/7,published,中部競輪・ひかり,楽天Kドリームス 並び予想
5620241118010008,2024-11-18,岸和田競輪,F2,A1/A2,8,Ａ級特予選,14:03,13:58,7,https://keirin.kdreams.jp/kishiwada/racedetail/5620241118010008/?pageType=odds,2026-10-05T05:01:33.001748+00:00,2-7/6-1/5-3-4,published,競輪研究,楽天Kドリームス 並び予想
5620241118010009,2024-11-18,岸和田競輪,F2,A1/A2,9,Ａ級特予選,14:33,14:28,7,https://keirin.kdreams.jp/kishiwada/racedetail/5620241118010009/?pageType=odds,2026-10-05T05:01:34.770104+00:00,2-5/1-7/4-3-6,published,競輪研究,楽天Kドリームス 並び予想
5620241118010010,2024-11-18,岸和田競輪,F2,A1/A2,10,Ａ級特予選,15:05,15:00,7,https://keirin.kdreams.jp/kishiwada/racedetail/5620241118010010/?pageType=odds,2026-10-05T05:01:36.429493+00:00,5-1/7-2-6/3-4,published,競輪研究,楽天Kドリームス 並び予想
5620241118010011,2024-11-18,岸和田競輪,F2,A1/A2,11,Ａ級特予選,15:37,15:32,7,https://keirin.kdreams.jp/kishiwada/racedetail/5620241118010011/?pageType=odds,2026-10-05T05:01:38.067545+00:00,1-5-4/3-2/7-6,published,競輪研究,楽天Kドリームス 並び予想
5620241118010012,2024-11-18,岸和田競輪,F2,A1/A2,12,Ａ級初日特選,16:10,16:05,7,https://keirin.kdreams.jp/kishiwada/racedetail/5620241118010012/?pageType=odds,2026-10-05T05:01:39.738748+00:00,6-3-5/7-1/4-2,published,競輪研究,楽天Kドリームス 並び予想
6320241116030001,2024-11-18,防府競輪,F1,A1/A2,1,Ａ級一般,10:45,10:40,6,https://keirin.kdreams.jp/hofu/racedetail/6320241116030001/?pageType=odds,2026-10-05T05:00:17.875470+00:00,4-3-1-6/5-2,published,リズム,楽天Kドリームス 並び予想
6320241116030002,2024-11-18,防府競輪,F1,A1/A2,2,Ａ級一般,11:10,11:05,7,https://keirin.kdreams.jp/hofu/racedetail/6320241116030002/?pageType=odds,2026-10-05T05:00:19.699559+00:00,1-6/7-2/4/3-5,published,リズム,楽天Kドリームス 並び予想
6320241116030003,2024-11-18,防府競輪,F1,A1/A2,3,Ａ級特選,11:35,11:30,7,https://keirin.kdreams.jp/hofu/racedetail/6320241116030003/?pageType=odds,2026-10-05T05:00:21.811578+00:00,1-7/4-2/3-5-6,published,リズム,楽天Kドリームス 並び予想
6320241116030004,2024-11-18,防府競輪,F1,A1/A2,4,Ａ級特選,12:00,11:55,7,https://keirin.kdreams.jp/hofu/racedetail/6320241116030004/?pageType=odds,2026-10-05T05:00:23.619296+00:00,1-7/3-4-5/6-2,published,リズム,楽天Kドリームス 並び予想
6320241116030011,2024-11-18,防府競輪,F1,A1/A2,11,Ａ級決勝,15:43,15:38,7,https://keirin.kdreams.jp/hofu/racedetail/6320241116030011/?pageType=odds,2026-10-05T05:00:25.533234+00:00,4-5/1/7-2/6-3,published,リズム,楽天Kドリームス 並び予想
8620241119010001,2024-11-19,別府競輪,F1,A1/A2,1,Ａ級予選,10:47,10:42,7,https://keirin.kdreams.jp/beppu/racedetail/8620241119010001/?pageType=odds,2026-10-05T05:01:59.731218+00:00,5-1-7-2/4-3/6,published,ダービー,楽天Kドリームス 並び予想
8620241119010002,2024-11-19,別府競輪,F1,A1/A2,2,Ａ級予選,11:12,11:07,7,https://keirin.kdreams.jp/beppu/racedetail/8620241119010002/?pageType=odds,2026-10-05T05:02:01.527048+00:00,5-1-3/2-7-4/6,published,ダービー,楽天Kドリームス 並び予想
8620241119010003,2024-11-19,別府競輪,F1,A1/A2,3,Ａ級予選,11:37,11:32,7,https://keirin.kdreams.jp/beppu/racedetail/8620241119010003/?pageType=odds,2026-10-05T05:02:03.467971+00:00,4-1/3-6/5-2-7,published,ダービー,楽天Kドリームス 並び予想
8620241119010004,2024-11-19,別府競輪,F1,A1/A2,4,Ａ級予選,12:02,11:57,7,https://keirin.kdreams.jp/beppu/racedetail/8620241119010004/?pageType=odds,2026-10-05T05:02:05.258177+00:00,5-1-6/2-4/3/7,published,ダービー,楽天Kドリームス 並び予想
8620241119010005,2024-11-19,別府競輪,F1,A1/A2,5,Ａ級初日特選,12:27,12:22,7,https://keirin.kdreams.jp/beppu/racedetail/8620241119010005/?pageType=odds,2026-10-05T05:02:07.149366+00:00,1-5/7-2-4/6-3,published,ダービー,楽天Kドリームス 並び予想
2520241119010001,2024-11-19,大宮競輪,F1,A1/A2,1,Ａ級予選,10:35,10:30,7,https://keirin.kdreams.jp/omiya/racedetail/2520241119010001/?pageType=odds,2026-10-05T05:02:26.162346+00:00,1-7/4-3/5-2-6,published,アオケイ,楽天Kドリームス 並び予想
2520241119010002,2024-11-19,大宮競輪,F1,A1/A2,2,Ａ級予選,11:00,10:55,7,https://keirin.kdreams.jp/omiya/racedetail/2520241119010002/?pageType=odds,2026-10-05T05:02:27.887357+00:00,1-5-4/7-2/6/3,published,アオケイ,楽天Kドリームス 並び予想
2520241119010003,2024-11-19,大宮競輪,F1,A1/A2,3,Ａ級予選,11:25,11:20,7,https://keirin.kdreams.jp/omiya/racedetail/2520241119010003/?pageType=odds,2026-10-05T05:02:29.537400+00:00,1-4-6/7-2/5-3,published,アオケイ,楽天Kドリームス 並び予想
2520241119010004,2024-11-19,大宮競輪,F1,A1/A2,4,Ａ級予選,11:50,11:45,7,https://keirin.kdreams.jp/omiya/racedetail/2520241119010004/?pageType=odds,2026-10-05T05:02:31.550025+00:00,1-5/6-2/7-3-4,published,アオケイ,楽天Kドリームス 並び予想
2520241119010005,2024-11-19,大宮競輪,F1,A1/A2,5,Ａ級初日特選,12:15,12:10,7,https://keirin.kdreams.jp/omiya/racedetail/2520241119010005/?pageType=odds,2026-10-05T05:02:33.279681+00:00,1/2-4-7/6-5-3,published,アオケイ,楽天Kドリームス 並び予想
4320241118020006,2024-11-19,岐阜競輪,F2,A1/A2,6,Ａ級一般,13:10,13:05,6,https://keirin.kdreams.jp/gifu/racedetail/4320241118020006/?pageType=odds,2026-10-05T05:01:07.820557+00:00,2-6-4/5-1/3,published,中部競輪・ひかり,楽天Kドリームス 並び予想
4320241118020007,2024-11-19,岐阜競輪,F2,A1/A2,7,Ａ級一般,13:40,13:35,7,https://keirin.kdreams.jp/gifu/racedetail/4320241118020007/?pageType=odds,2026-10-05T05:01:09.535008+00:00,1-7/6-2-5/4-3,published,中部競輪・ひかり,楽天Kドリームス 並び予想
4320241118020008,2024-11-19,岐阜競輪,F2,A1/A2,8,Ａ級選抜,14:10,14:05,7,https://keirin.kdreams.jp/gifu/racedetail/4320241118020008/?pageType=odds,2026-10-05T05:01:11.495295+00:00,5-1/3/4-2-7/6,published,中部競輪・ひかり,楽天Kドリームス 並び予想
4320241118020009,2024-11-19,岐阜競輪,F2,A1/A2,9,Ａ級選抜,14:40,14:35,7,https://keirin.kdreams.jp/gifu/racedetail/4320241118020009/?pageType=odds,2026-10-05T05:01:13.302493+00:00,1-7-4/3/6-2-5,published,中部競輪・ひかり,楽天Kドリームス 並び予想
4320241118020010,2024-11-19,岐阜競輪,F2,A1/A2,10,Ａ級準決勝,15:13,15:08,7,https://keirin.kdreams.jp/gifu/racedetail/4320241118020010/?pageType=odds,2026-10-05T05:01:15.106428+00:00,7-1/4/2-6/5-3,published,中部競輪・ひかり,楽天Kドリームス 並び予想
4320241118020011,2024-11-19,岐阜競輪,F2,A1/A2,11,Ａ級準決勝,15:49,15:44,7,https://keirin.kdreams.jp/gifu/racedetail/4320241118020011/?pageType=odds,2026-10-05T05:01:16.913593+00:00,5-1-4/6-2/3-7,published,中部競輪・ひかり,楽天Kドリームス 並び予想
4320241118020012,2024-11-19,岐阜競輪,F2,A1/A2,12,Ａ級準決勝,16:28,16:23,7,https://keirin.kdreams.jp/gifu/racedetail/4320241118020012/?pageType=odds,2026-10-05T05:01:19.048563+00:00,7-1-3/5/6-4-2,published,中部競輪・ひかり,楽天Kドリームス 並び予想
5620241118020008,2024-11-19,岸和田競輪,F2,A1/A2,8,Ａ級特一般,14:03,13:58,7,https://keirin.kdreams.jp/kishiwada/racedetail/5620241118020008/?pageType=odds,2026-10-05T05:01:41.341866+00:00,6-4-1/5/3-7-2,published,競輪研究,楽天Kドリームス 並び予想
5620241118020009,2024-11-19,岸和田競輪,F2,A1/A2,9,Ａ級特一般,14:33,14:28,7,https://keirin.kdreams.jp/kishiwada/racedetail/5620241118020009/?pageType=odds,2026-10-05T05:01:43.128464+00:00,2-7-4/1/3-5/6,published,競輪研究,楽天Kドリームス 並び予想
5620241118020010,2024-11-19,岸和田競輪,F2,A1/A2,10,Ａ級準決勝,15:05,15:00,7,https://keirin.kdreams.jp/kishiwada/racedetail/5620241118020010/?pageType=odds,2026-10-05T05:01:44.853510+00:00,5-1-6/2-4/7-3,published,競輪研究,楽天Kドリームス 並び予想
5620241118020011,2024-11-19,岸和田競輪,F2,A1/A2,11,Ａ級準決勝,15:37,15:32,7,https://keirin.kdreams.jp/kishiwada/racedetail/5620241118020011/?pageType=odds,2026-10-05T05:01:46.846517+00:00,2-7/1-6/3-5-4,published,競輪研究,楽天Kドリームス 並び予想
5620241118020012,2024-11-19,岸和田競輪,F2,A1/A2,12,Ａ級準決勝,16:10,16:05,7,https://keirin.kdreams.jp/kishiwada/racedetail/5620241118020012/?pageType=odds,2026-10-05T05:01:48.591601+00:00,1-7-4/6-2/3-5,published,競輪研究,楽天Kドリームス 並び予想
8620241119020001,2024-11-20,別府競輪,F1,A1/A2,1,Ａ級一般,10:47,10:42,7,https://keirin.kdreams.jp/beppu/racedetail/8620241119020001/?pageType=odds,2026-10-05T05:02:08.892462+00:00,1-5-6/4-2/3-7,published,ダービー,楽天Kドリームス 並び予想
8620241119020002,2024-11-20,別府競輪,F1,A1/A2,2,Ａ級一般,11:12,11:07,7,https://keirin.kdreams.jp/beppu/racedetail/8620241119020002/?pageType=odds,2026-10-05T05:02:10.659521+00:00,6-1/3-7-4-2/5,published,ダービー,楽天Kドリームス 並び予想
8620241119020003,2024-11-20,別府競輪,F1,A1/A2,3,Ａ級準決勝,11:37,11:32,7,https://keirin.kdreams.jp/beppu/racedetail/8620241119020003/?pageType=odds,2026-10-05T05:02:12.209114+00:00,1-5/4-2/3-7/6,published,ダービー,楽天Kドリームス 並び予想
8620241119020004,2024-11-20,別府競輪,F1,A1/A2,4,Ａ級準決勝,12:02,11:57,7,https://keirin.kdreams.jp/beppu/racedetail/8620241119020004/?pageType=odds,2026-10-05T05:02:14.035816+00:00,7-1-4/2-6/3-5,published,ダービー,楽天Kドリームス 並び予想
8620241119020005,2024-11-20,別府競輪,F1,A1/A2,5,Ａ級準決勝,12:27,12:22,7,https://keirin.kdreams.jp/beppu/racedetail/8620241119020005/?pageType=odds,2026-10-05T05:02:15.746104+00:00,1-5-4/2/6-3/7,published,ダービー,楽天Kドリームス 並び予想
2520241119020001,2024-11-20,大宮競輪,F1,A1/A2,1,Ａ級一般,10:35,10:30,7,https://keirin.kdreams.jp/omiya/racedetail/2520241119020001/?pageType=odds,2026-10-05T05:02:35.032298+00:00,7-1/6-2-5/3-4,published,アオケイ,楽天Kドリームス 並び予想
2520241119020002,2024-11-20,大宮競輪,F1,A1/A2,2,Ａ級一般,11:00,10:55,7,https://keirin.kdreams.jp/omiya/racedetail/2520241119020002/?pageType=odds,2026-10-05T05:02:36.761617+00:00,1-7/5-2/4/3-6,published,アオケイ,楽天Kドリームス 並び予想
2520241119020003,2024-11-20,大宮競輪,F1,A1/A2,3,Ａ級準決勝,11:25,11:20,7,https://keirin.kdreams.jp/omiya/racedetail/2520241119020003/?pageType=odds,2026-10-05T05:02:38.423444+00:00,5-1/2-7/4/6-3,published,アオケイ,楽天Kドリームス 並び予想
2520241119020004,2024-11-20,大宮競輪,F1,A1/A2,4,Ａ級準決勝,11:50,11:45,7,https://keirin.kdreams.jp/omiya/racedetail/2520241119020004/?pageType=odds,2026-10-05T05:02:40.156290+00:00,1-4-6/7-2/3-5,published,アオケイ,楽天Kドリームス 並び予想
2520241119020005,2024-11-20,大宮競輪,F1,A1/A2,5,Ａ級準決勝,12:15,12:10,7,https://keirin.kdreams.jp/omiya/racedetail/2520241119020005/?pageType=odds,2026-10-05T05:02:41.906965+00:00,5-1-6/3-7-2-4,published,アオケイ,楽天Kドリームス 並び予想
4320241118030005,2024-11-20,岐阜競輪,F2,A1/A2,5,Ａ級一般,12:38,12:33,6,https://keirin.kdreams.jp/gifu/racedetail/4320241118030005/?pageType=odds,2026-10-05T05:01:20.718739+00:00,5-1-4/3-6-2,published,中部競輪・ひかり,楽天Kドリームス 並び予想
4320241118030006,2024-11-20,岐阜競輪,F2,A1/A2,6,Ａ級一般,13:10,13:05,7,https://keirin.kdreams.jp/gifu/racedetail/4320241118030006/?pageType=odds,2026-10-05T05:01:22.419822+00:00,1-5/3/6-4-2/7,published,中部競輪・ひかり,楽天Kドリームス 並び予想
4320241118030007,2024-11-20,岐阜競輪,F2,A1/A2,7,Ａ級一般,13:40,13:35,7,https://keirin.kdreams.jp/gifu/racedetail/4320241118030007/?pageType=odds,2026-10-05T05:01:24.279300+00:00,1-4-7/2-5/3-6,published,中部競輪・ひかり,楽天Kドリームス 並び予想
4320241118030008,2024-11-20,岐阜競輪,F2,A1/A2,8,Ａ級特選,14:10,14:05,7,https://keirin.kdreams.jp/gifu/racedetail/4320241118030008/?pageType=odds,2026-10-05T05:01:25.974522+00:00,1-5/6-2-7/4-3,published,中部競輪・ひかり,楽天Kドリームス 並び予想
4320241118030009,2024-11-20,岐阜競輪,F2,A1/A2,9,Ａ級特選,14:40,14:35,7,https://keirin.kdreams.jp/gifu/racedetail/4320241118030009/?pageType=odds,2026-10-05T05:01:27.759115+00:00,1-7/2-4/5-3-6,published,中部競輪・ひかり,楽天Kドリームス 並び予想
4320241118030010,2024-11-20,岐阜競輪,F2,A1/A2,10,Ａ級特選,15:13,15:08,7,https://keirin.kdreams.jp/gifu/racedetail/4320241118030010/?pageType=odds,2026-10-05T05:01:29.611391+00:00,1-7-4/2/3-5-6,published,中部競輪・ひかり,楽天Kドリームス 並び予想
4320241118030012,2024-11-20,岐阜競輪,F2,A1/A2,12,Ａ級決勝,16:28,16:23,7,https://keirin.kdreams.jp/gifu/racedetail/4320241118030012/?pageType=odds,2026-10-05T05:01:31.363042+00:00,1-7/3/6-4-2-5,published,中部競輪・ひかり,楽天Kドリームス 並び予想
5620241118030008,2024-11-20,岸和田競輪,F2,A1/A2,8,Ａ級特一般,14:03,13:58,7,https://keirin.kdreams.jp/kishiwada/racedetail/5620241118030008/?pageType=odds,2026-10-05T05:01:50.492581+00:00,5-4-1/2/6/7-3,published,競輪研究,楽天Kドリームス 並び予想
5620241118030009,2024-11-20,岸和田競輪,F2,A1/A2,9,Ａ級特一般,14:33,14:28,7,https://keirin.kdreams.jp/kishiwada/racedetail/5620241118030009/?pageType=odds,2026-10-05T05:01:52.098288+00:00,6-3-1/7/2-5-4,published,競輪研究,楽天Kドリームス 並び予想
5620241118030010,2024-11-20,岸和田競輪,F2,A1/A2,10,Ａ級特選,15:05,15:00,7,https://keirin.kdreams.jp/kishiwada/racedetail/5620241118030010/?pageType=odds,2026-10-05T05:01:53.950223+00:00,1-6/2-7/4/3-5,published,競輪研究,楽天Kドリームス 並び予想
5620241118030011,2024-11-20,岸和田競輪,F2,A1/A2,11,Ａ級特選,15:37,15:32,7,https://keirin.kdreams.jp/kishiwada/racedetail/5620241118030011/?pageType=odds,2026-10-05T05:01:55.738993+00:00,1-7/4-2/3-5-6,published,競輪研究,楽天Kドリームス 並び予想
5620241118030012,2024-11-20,岸和田競輪,F2,A1/A2,12,Ａ級決勝,16:10,16:05,7,https://keirin.kdreams.jp/kishiwada/racedetail/5620241118030012/?pageType=odds,2026-10-05T05:01:57.931307+00:00,1-5/3-4-2-7-6,published,競輪研究,楽天Kドリームス 並び予想
8620241119030001,2024-11-21,別府競輪,F1,A1/A2,1,Ａ級一般,10:47,10:42,7,https://keirin.kdreams.jp/beppu/racedetail/8620241119030001/?pageType=odds,2026-10-05T05:02:17.586287+00:00,5-1-4/7-2/3-6,published,ダービー,楽天Kドリームス 並び予想
8620241119030002,2024-11-21,別府競輪,F1,A1/A2,2,Ａ級一般,11:12,11:07,7,https://keirin.kdreams.jp/beppu/racedetail/8620241119030002/?pageType=odds,2026-10-05T05:02:19.234802+00:00,6-1-5/2/7-3-4,published,ダービー,楽天Kドリームス 並び予想
8620241119030003,2024-11-21,別府競輪,F1,A1/A2,3,Ａ級特選,11:37,11:32,7,https://keirin.kdreams.jp/beppu/racedetail/8620241119030003/?pageType=odds,2026-10-05T05:02:20.846183+00:00,7-1-3/5-2-4/6,published,ダービー,楽天Kドリームス 並び予想
8620241119030004,2024-11-21,別府競輪,F1,A1/A2,4,Ａ級特選,12:02,11:57,7,https://keirin.kdreams.jp/beppu/racedetail/8620241119030004/?pageType=odds,2026-10-05T05:02:22.801707+00:00,4-1/6-5-2/3-7,published,ダービー,楽天Kドリームス 並び予想
8620241119030009,2024-11-21,別府競輪,F1,A1/A2,9,Ａ級決勝,14:18,14:13,7,https://keirin.kdreams.jp/beppu/racedetail/8620241119030009/?pageType=odds,2026-10-05T05:02:24.416450+00:00,5-1/2-6/3-7/4,published,ダービー,楽天Kドリームス 並び予想
2220241121010003,2024-11-21,前橋競輪,F2,A1/A2,3,Ａ級予選,21:20,21:15,7,https://keirin.kdreams.jp/maebashi/racedetail/2220241121010003/?pageType=odds,2026-10-05T05:03:29.115757+00:00,3-1-5-6/2/7-4,published,アオケイ,楽天Kドリームス 並び予想
2220241121010004,2024-11-21,前橋競輪,F2,A1/A2,4,Ａ級予選,21:40,21:35,7,https://keirin.kdreams.jp/maebashi/racedetail/2220241121010004/?pageType=odds,2026-10-05T05:03:30.950049+00:00,5-1/4/7/2-3-6,published,アオケイ,楽天Kドリームス 並び予想
2220241121010005,2024-11-21,前橋競輪,F2,A1/A2,5,Ａ級予選,22:00,21:55,7,https://keirin.kdreams.jp/maebashi/racedetail/2220241121010005/?pageType=odds,2026-10-05T05:03:32.576671+00:00,2-1-5/4/7-3-6,published,アオケイ,楽天Kドリームス 並び予想
2220241121010006,2024-11-21,前橋競輪,F2,A1/A2,6,Ａ級予選,22:20,22:15,7,https://keirin.kdreams.jp/maebashi/racedetail/2220241121010006/?pageType=odds,2026-10-05T05:03:34.181153+00:00,2-1-4/7/5-3-6,published,アオケイ,楽天Kドリームス 並び予想
2220241121010007,2024-11-21,前橋競輪,F2,A1/A2,7,Ａ級予選,22:40,22:35,7,https://keirin.kdreams.jp/maebashi/racedetail/2220241121010007/?pageType=odds,2026-10-05T05:03:36.145957+00:00,1-2-6/5-3/7-4,published,アオケイ,楽天Kドリームス 並び予想
2220241121010008,2024-11-21,前橋競輪,F2,A1/A2,8,Ａ級予選,23:00,22:55,7,https://keirin.kdreams.jp/maebashi/racedetail/2220241121010008/?pageType=odds,2026-10-05T05:03:37.792530+00:00,2-1-3/5-4/7-6,published,アオケイ,楽天Kドリームス 並び予想
2220241121010009,2024-11-21,前橋競輪,F2,A1/A2,9,Ａ級初日特選,23:20,23:15,7,https://keirin.kdreams.jp/maebashi/racedetail/2220241121010009/?pageType=odds,2026-10-05T05:03:39.666996+00:00,1-2-4/3/5-6-7,published,アオケイ,楽天Kドリームス 並び予想
2520241119030001,2024-11-21,大宮競輪,F1,A1/A2,1,Ａ級一般,10:35,10:30,7,https://keirin.kdreams.jp/omiya/racedetail/2520241119030001/?pageType=odds,2026-10-05T05:02:43.561692+00:00,1-6/2-4/3-5-7,published,アオケイ,楽天Kドリームス 並び予想
2520241119030002,2024-11-21,大宮競輪,F1,A1/A2,2,Ａ級一般,11:00,10:55,7,https://keirin.kdreams.jp/omiya/racedetail/2520241119030002/?pageType=odds,2026-10-05T05:02:45.305932+00:00,1-5-6-3/4-7-2,published,アオケイ,楽天Kドリームス 並び予想
2520241119030003,2024-11-21,大宮競輪,F1,A1/A2,3,Ａ級特選,11:25,11:20,7,https://keirin.kdreams.jp/omiya/racedetail/2520241119030003/?pageType=odds,2026-10-05T05:02:46.923510+00:00,2-6-7-4/5/3/1,published,アオケイ,楽天Kドリームス 並び予想
2520241119030004,2024-11-21,大宮競輪,F1,A1/A2,4,Ａ級特選,11:50,11:45,7,https://keirin.kdreams.jp/omiya/racedetail/2520241119030004/?pageType=odds,2026-10-05T05:02:48.553134+00:00,1-5-6/7-2/4-3,published,アオケイ,楽天Kドリームス 並び予想
2520241119030009,2024-11-21,大宮競輪,F1,A1/A2,9,Ａ級決勝,14:03,13:58,7,https://keirin.kdreams.jp/omiya/racedetail/2520241119030009/?pageType=odds,2026-10-05T05:02:50.233462+00:00,1-5/2/4/6/7-3,published,アオケイ,楽天Kドリームス 並び予想
7320241121010003,2024-11-21,小松島競輪,F2,A1/A2,3,Ａ級予選,21:30,21:25,7,https://keirin.kdreams.jp/komatsushima/racedetail/7320241121010003/?pageType=odds,2026-10-05T05:02:52.057194+00:00,2-5/6-1-7/4-3,published,競輪毎日,楽天Kドリームス 並び予想
7320241121010004,2024-11-21,小松島競輪,F2,A1/A2,4,Ａ級予選,21:50,21:45,7,https://keirin.kdreams.jp/komatsushima/racedetail/7320241121010004/?pageType=odds,2026-10-05T05:02:53.598727+00:00,3-1-7/2-6/4-5,published,競輪毎日,楽天Kドリームス 並び予想
7320241121010005,2024-11-21,小松島競輪,F2,A1/A2,5,Ａ級予選,22:10,22:05,7,https://keirin.kdreams.jp/komatsushima/racedetail/7320241121010005/?pageType=odds,2026-10-05T05:02:55.303594+00:00,6-1-3/2-4/7-5,published,競輪毎日,楽天Kドリームス 並び予想
7320241121010006,2024-11-21,小松島競輪,F2,A1/A2,6,Ａ級予選,22:30,22:25,7,https://keirin.kdreams.jp/komatsushima/racedetail/7320241121010006/?pageType=odds,2026-10-05T05:02:56.854902+00:00,2-1/6-3-5/4-7,published,競輪毎日,楽天Kドリームス 並び予想
7320241121010007,2024-11-21,小松島競輪,F2,A1/A2,7,Ａ級予選,22:50,22:45,7,https://keirin.kdreams.jp/komatsushima/racedetail/7320241121010007/?pageType=odds,2026-10-05T05:02:58.509514+00:00,1-2-4/3-5/7-6,published,競輪毎日,楽天Kドリームス 並び予想
7320241121010008,2024-11-21,小松島競輪,F2,A1/A2,8,Ａ級予選,23:10,23:05,7,https://keirin.kdreams.jp/komatsushima/racedetail/7320241121010008/?pageType=odds,2026-10-05T05:03:00.196775+00:00,1-2-6/5-3-4/7,published,競輪毎日,楽天Kドリームス 並び予想
7320241121010009,2024-11-21,小松島競輪,F2,A1/A2,9,Ａ級初日特選,23:30,23:25,7,https://keirin.kdreams.jp/komatsushima/racedetail/7320241121010009/?pageType=odds,2026-10-05T05:03:01.989616+00:00,1-5/4-2/3-6-7,published,競輪毎日,楽天Kドリームス 並び予想
3720241122010001,2024-11-22,伊東競輪,F1,A1/A2,1,Ａ級予選,10:47,10:42,7,https://keirin.kdreams.jp/ito/racedetail/3720241122010001/?pageType=odds,2026-10-05T05:04:32.088626+00:00,4-2-6/1/3-7-5,published,ひかり・小田競,楽天Kドリームス 並び予想
3720241122010002,2024-11-22,伊東競輪,F1,A1/A2,2,Ａ級予選,11:12,11:07,7,https://keirin.kdreams.jp/ito/racedetail/3720241122010002/?pageType=odds,2026-10-05T05:04:34.023791+00:00,2-5-6/1/3-7/4,published,ひかり・小田競,楽天Kドリームス 並び予想
3720241122010003,2024-11-22,伊東競輪,F1,A1/A2,3,Ａ級予選,11:37,11:32,7,https://keirin.kdreams.jp/ito/racedetail/3720241122010003/?pageType=odds,2026-10-05T05:04:35.686647+00:00,4-1-3/2-5-7/6,published,ひかり・小田競,楽天Kドリームス 並び予想
3720241122010004,2024-11-22,伊東競輪,F1,A1/A2,4,Ａ級予選,12:02,11:57,7,https://keirin.kdreams.jp/ito/racedetail/3720241122010004/?pageType=odds,2026-10-05T05:04:37.497195+00:00,1-5-6/2-4/7-3,published,ひかり・小田競,楽天Kドリームス 並び予想
3720241122010005,2024-11-22,伊東競輪,F1,A1/A2,5,Ａ級初日特選,12:27,12:22,7,https://keirin.kdreams.jp/ito/racedetail/3720241122010005/?pageType=odds,2026-10-05T05:04:39.375137+00:00,2-7/1/5-3/4-6,published,ひかり・小田競,楽天Kドリームス 並び予想
2220241121020003,2024-11-22,前橋競輪,F2,A1/A2,3,Ａ級一般,21:20,21:15,7,https://keirin.kdreams.jp/maebashi/racedetail/2220241121020003/?pageType=odds,2026-10-05T05:03:41.674110+00:00,5-1-4/7-2/3-6,published,アオケイ,楽天Kドリームス 並び予想
2220241121020004,2024-11-22,前橋競輪,F2,A1/A2,4,Ａ級一般,21:40,21:35,7,https://keirin.kdreams.jp/maebashi/racedetail/2220241121020004/?pageType=odds,2026-10-05T05:03:43.916568+00:00,6-2/1/5/7-3-4,published,アオケイ,楽天Kドリームス 並び予想
2220241121020005,2024-11-22,前橋競輪,F2,A1/A2,5,Ａ級選抜,22:00,21:55,7,https://keirin.kdreams.jp/maebashi/racedetail/2220241121020005/?pageType=odds,2026-10-05T05:03:45.441337+00:00,2-1-5/3/6/4-7,published,アオケイ,楽天Kドリームス 並び予想
2220241121020006,2024-11-22,前橋競輪,F2,A1/A2,6,Ａ級選抜,22:20,22:15,7,https://keirin.kdreams.jp/maebashi/racedetail/2220241121020006/?pageType=odds,2026-10-05T05:03:47.191019+00:00,1-3-2/7/6-4-5,published,アオケイ,楽天Kドリームス 並び予想
2220241121020007,2024-11-22,前橋競輪,F2,A1/A2,7,Ａ級準決勝,22:40,22:35,7,https://keirin.kdreams.jp/maebashi/racedetail/2220241121020007/?pageType=odds,2026-10-05T05:03:49.042144+00:00,1-2/3-4/6-5-7,published,アオケイ,楽天Kドリームス 並び予想
2220241121020008,2024-11-22,前橋競輪,F2,A1/A2,8,Ａ級準決勝,23:00,22:55,7,https://keirin.kdreams.jp/maebashi/racedetail/2220241121020008/?pageType=odds,2026-10-05T05:03:50.819834+00:00,5-1-4/2-7/3-6,published,アオケイ,楽天Kドリームス 並び予想
2220241121020009,2024-11-22,前橋競輪,F2,A1/A2,9,Ａ級準決勝,23:20,23:15,7,https://keirin.kdreams.jp/maebashi/racedetail/2220241121020009/?pageType=odds,2026-10-05T05:03:52.337540+00:00,1-2-5/3-4/7-6,published,アオケイ,楽天Kドリームス 並び予想
7320241121020003,2024-11-22,小松島競輪,F2,A1/A2,3,Ａ級一般,21:30,21:25,7,https://keirin.kdreams.jp/komatsushima/racedetail/7320241121020003/?pageType=odds,2026-10-05T05:03:03.830645+00:00,1-2/5-3-7/4-6,published,競輪毎日,楽天Kドリームス 並び予想
7320241121020004,2024-11-22,小松島競輪,F2,A1/A2,4,Ａ級一般,21:50,21:45,7,https://keirin.kdreams.jp/komatsushima/racedetail/7320241121020004/?pageType=odds,2026-10-05T05:03:05.946236+00:00,1-6/7-2/5/4-3,published,競輪毎日,楽天Kドリームス 並び予想
7320241121020005,2024-11-22,小松島競輪,F2,A1/A2,5,Ａ級選抜,22:10,22:05,7,https://keirin.kdreams.jp/komatsushima/racedetail/7320241121020005/?pageType=odds,2026-10-05T05:03:07.732762+00:00,6-1-4/2-5/3-7,published,競輪毎日,楽天Kドリームス 並び予想
7320241121020006,2024-11-22,小松島競輪,F2,A1/A2,6,Ａ級選抜,22:30,22:25,7,https://keirin.kdreams.jp/komatsushima/racedetail/7320241121020006/?pageType=odds,2026-10-05T05:03:09.371351+00:00,1-5-7/6/3-2-4,published,競輪毎日,楽天Kドリームス 並び予想
7320241121020007,2024-11-22,小松島競輪,F2,A1/A2,7,Ａ級準決勝,22:50,22:45,7,https://keirin.kdreams.jp/komatsushima/racedetail/7320241121020007/?pageType=odds,2026-10-05T05:03:11.046175+00:00,2-1/3-4/6-5/7,published,競輪毎日,楽天Kドリームス 並び予想
7320241121020008,2024-11-22,小松島競輪,F2,A1/A2,8,Ａ級準決勝,23:10,23:05,7,https://keirin.kdreams.jp/komatsushima/racedetail/7320241121020008/?pageType=odds,2026-10-05T05:03:13.234656+00:00,1-3-6/2-4/7-5,published,競輪毎日,楽天Kドリームス 並び予想
7320241121020009,2024-11-22,小松島競輪,F2,A1/A2,9,Ａ級準決勝,23:30,23:25,7,https://keirin.kdreams.jp/komatsushima/racedetail/7320241121020009/?pageType=odds,2026-10-05T05:03:14.803676+00:00,1-5/6-2/3-4-7,published,競輪毎日,楽天Kドリームス 並び予想
4320241122010008,2024-11-22,岐阜競輪,F2,A1/A2,8,Ａ級特予選,14:11,14:06,7,https://keirin.kdreams.jp/gifu/racedetail/4320241122010008/?pageType=odds,2026-10-05T05:04:06.335540+00:00,5-2-6/1-4/3-7,published,中部競輪・ひかり,楽天Kドリームス 並び予想
4320241122010009,2024-11-22,岐阜競輪,F2,A1/A2,9,Ａ級特予選,14:41,14:36,7,https://keirin.kdreams.jp/gifu/racedetail/4320241122010009/?pageType=odds,2026-10-05T05:04:08.132701+00:00,2-7-1/5-3/4-6,published,中部競輪・ひかり,楽天Kドリームス 並び予想
4320241122010010,2024-11-22,岐阜競輪,F2,A1/A2,10,Ａ級特予選,15:12,15:07,7,https://keirin.kdreams.jp/gifu/racedetail/4320241122010010/?pageType=odds,2026-10-05T05:04:09.943433+00:00,4-1-6/7-2/3-5,published,中部競輪・ひかり,楽天Kドリームス 並び予想
4320241122010011,2024-11-22,岐阜競輪,F2,A1/A2,11,Ａ級特予選,15:43,15:38,7,https://keirin.kdreams.jp/gifu/racedetail/4320241122010011/?pageType=odds,2026-10-05T05:04:11.557802+00:00,5-3/4-1-6/7-2,published,中部競輪・ひかり,楽天Kドリームス 並び予想
4320241122010012,2024-11-22,岐阜競輪,F2,A1/A2,12,Ａ級初日特選,16:15,16:10,7,https://keirin.kdreams.jp/gifu/racedetail/4320241122010012/?pageType=odds,2026-10-05T05:04:13.170167+00:00,7-1-3-5/4-2-6,published,中部競輪・ひかり,楽天Kドリームス 並び予想
6120241122010001,2024-11-22,玉野競輪,F1,A1/A2,1,Ａ級予選,10:35,10:30,7,https://keirin.kdreams.jp/tamano/racedetail/6120241122010001/?pageType=odds,2026-10-05T05:04:59.649113+00:00,1-5-3/6/4-7-2,published,競輪毎日,楽天Kドリームス 並び予想
6120241122010002,2024-11-22,玉野競輪,F1,A1/A2,2,Ａ級予選,11:00,10:55,7,https://keirin.kdreams.jp/tamano/racedetail/6120241122010002/?pageType=odds,2026-10-05T05:05:01.403118+00:00,3-1-5-6/7-2-4,published,競輪毎日,楽天Kドリームス 並び予想
6120241122010003,2024-11-22,玉野競輪,F1,A1/A2,3,Ａ級予選,11:25,11:20,7,https://keirin.kdreams.jp/tamano/racedetail/6120241122010003/?pageType=odds,2026-10-05T05:05:03.320510+00:00,1-4-6/5-2/3-7,published,競輪毎日,楽天Kドリームス 並び予想
6120241122010004,2024-11-22,玉野競輪,F1,A1/A2,4,Ａ級予選,11:50,11:45,7,https://keirin.kdreams.jp/tamano/racedetail/6120241122010004/?pageType=odds,2026-10-05T05:05:05.068612+00:00,5-1-7/2/3-4-6,published,競輪毎日,楽天Kドリームス 並び予想
6120241122010005,2024-11-22,玉野競輪,F1,A1/A2,5,Ａ級初日特選,12:15,12:10,7,https://keirin.kdreams.jp/tamano/racedetail/6120241122010005/?pageType=odds,2026-10-05T05:05:06.691165+00:00,1-7-4-2/5-3-6,published,競輪毎日,楽天Kドリームス 並び予想
3720241122020001,2024-11-23,伊東競輪,F1,A1/A2,1,Ａ級一般,10:47,10:42,6,https://keirin.kdreams.jp/ito/racedetail/3720241122020001/?pageType=odds,2026-10-05T05:04:41.605831+00:00,1-3-6/2-4-5,published,ひかり・小田競,楽天Kドリームス 並び予想
3720241122020002,2024-11-23,伊東競輪,F1,A1/A2,2,Ａ級一般,11:12,11:07,7,https://keirin.kdreams.jp/ito/racedetail/3720241122020002/?pageType=odds,2026-10-05T05:04:43.400312+00:00,1-5/4-2/7/3-6,published,ひかり・小田競,楽天Kドリームス 並び予想
3720241122020003,2024-11-23,伊東競輪,F1,A1/A2,3,Ａ級準決勝,11:37,11:32,7,https://keirin.kdreams.jp/ito/racedetail/3720241122020003/?pageType=odds,2026-10-05T05:04:45.206377+00:00,5-1-6/7-2/3-4,published,ひかり・小田競,楽天Kドリームス 並び予想
3720241122020004,2024-11-23,伊東競輪,F1,A1/A2,4,Ａ級準決勝,12:02,11:57,7,https://keirin.kdreams.jp/ito/racedetail/3720241122020004/?pageType=odds,2026-10-05T05:04:46.907957+00:00,5-1/4-2-6/3-7,published,ひかり・小田競,楽天Kドリームス 並び予想
3720241122020005,2024-11-23,伊東競輪,F1,A1/A2,5,Ａ級準決勝,12:27,12:22,7,https://keirin.kdreams.jp/ito/racedetail/3720241122020005/?pageType=odds,2026-10-05T05:04:48.676912+00:00,4-1/7-2/3-5-6,published,ひかり・小田競,楽天Kドリームス 並び予想
2220241121030002,2024-11-23,前橋競輪,F2,A1/A2,2,Ａ級一般,21:00,20:55,7,https://keirin.kdreams.jp/maebashi/racedetail/2220241121030002/?pageType=odds,2026-10-05T05:03:54.083741+00:00,7-1-4/2/3/5/6,published,アオケイ,楽天Kドリームス 並び予想
2220241121030003,2024-11-23,前橋競輪,F2,A1/A2,3,Ａ級一般,21:20,21:15,7,https://keirin.kdreams.jp/maebashi/racedetail/2220241121030003/?pageType=odds,2026-10-05T05:03:55.907716+00:00,3-6-1/2-5/7-4,published,アオケイ,楽天Kドリームス 並び予想
2220241121030004,2024-11-23,前橋競輪,F2,A1/A2,4,Ａ級一般,21:40,21:35,7,https://keirin.kdreams.jp/maebashi/racedetail/2220241121030004/?pageType=odds,2026-10-05T05:03:57.686775+00:00,7-1/2/3-5/6-4,published,アオケイ,楽天Kドリームス 並び予想
2220241121030005,2024-11-23,前橋競輪,F2,A1/A2,5,Ａ級特選,22:00,21:55,7,https://keirin.kdreams.jp/maebashi/racedetail/2220241121030005/?pageType=odds,2026-10-05T05:03:59.437076+00:00,1-4-7/6/3-2-5,published,アオケイ,楽天Kドリームス 並び予想
2220241121030006,2024-11-23,前橋競輪,F2,A1/A2,6,Ａ級特選,22:20,22:15,7,https://keirin.kdreams.jp/maebashi/racedetail/2220241121030006/?pageType=odds,2026-10-05T05:04:01.212431+00:00,1-2/5-3-7/6-4,published,アオケイ,楽天Kドリームス 並び予想
2220241121030007,2024-11-23,前橋競輪,F2,A1/A2,7,Ａ級特選,22:40,22:35,7,https://keirin.kdreams.jp/maebashi/racedetail/2220241121030007/?pageType=odds,2026-10-05T05:04:02.964124+00:00,1-4-6/5-2/7-3,published,アオケイ,楽天Kドリームス 並び予想
2220241121030009,2024-11-23,前橋競輪,F2,A1/A2,9,Ａ級決勝,23:20,23:15,7,https://keirin.kdreams.jp/maebashi/racedetail/2220241121030009/?pageType=odds,2026-10-05T05:04:04.617227+00:00,1-2/7-3/6/4-5,published,アオケイ,楽天Kドリームス 並び予想
7320241121030002,2024-11-23,小松島競輪,F2,A1/A2,2,Ａ級一般,21:10,21:05,7,https://keirin.kdreams.jp/komatsushima/racedetail/7320241121030002/?pageType=odds,2026-10-05T05:03:16.432355+00:00,2-1-6/5-3-4/7,published,競輪毎日,楽天Kドリームス 並び予想
7320241121030003,2024-11-23,小松島競輪,F2,A1/A2,3,Ａ級一般,21:30,21:25,7,https://keirin.kdreams.jp/komatsushima/racedetail/7320241121030003/?pageType=odds,2026-10-05T05:03:18.296885+00:00,4-1-7/5-2/6-3,published,競輪毎日,楽天Kドリームス 並び予想
7320241121030004,2024-11-23,小松島競輪,F2,A1/A2,4,Ａ級一般,21:50,21:45,7,https://keirin.kdreams.jp/komatsushima/racedetail/7320241121030004/?pageType=odds,2026-10-05T05:03:20.140087+00:00,1-4-6/5-2-3/7,published,競輪毎日,楽天Kドリームス 並び予想
7320241121030005,2024-11-23,小松島競輪,F2,A1/A2,5,Ａ級特選,22:10,22:05,7,https://keirin.kdreams.jp/komatsushima/racedetail/7320241121030005/?pageType=odds,2026-10-05T05:03:21.879892+00:00,5-1/4-2/7-3-6,published,競輪毎日,楽天Kドリームス 並び予想
7320241121030006,2024-11-23,小松島競輪,F2,A1/A2,6,Ａ級特選,22:30,22:25,7,https://keirin.kdreams.jp/komatsushima/racedetail/7320241121030006/?pageType=odds,2026-10-05T05:03:23.692169+00:00,1-7-3/4-2/5-6,published,競輪毎日,楽天Kドリームス 並び予想
7320241121030007,2024-11-23,小松島競輪,F2,A1/A2,7,Ａ級特選,22:50,22:45,7,https://keirin.kdreams.jp/komatsushima/racedetail/7320241121030007/?pageType=odds,2026-10-05T05:03:25.555812+00:00,1-2-3/4-7/5-6,published,競輪毎日,楽天Kドリームス 並び予想
7320241121030009,2024-11-23,小松島競輪,F2,A1/A2,9,Ａ級決勝,23:30,23:25,7,https://keirin.kdreams.jp/komatsushima/racedetail/7320241121030009/?pageType=odds,2026-10-05T05:03:27.401296+00:00,1-4/2-5-6/3-7,published,競輪毎日,楽天Kドリームス 並び予想
4320241122020008,2024-11-23,岐阜競輪,F2,A1/A2,8,Ａ級特一般,14:11,14:06,7,https://keirin.kdreams.jp/gifu/racedetail/4320241122020008/?pageType=odds,2026-10-05T05:04:14.932693+00:00,1-4/2-7/3-5-6,published,中部競輪・ひかり,楽天Kドリームス 並び予想
4320241122020009,2024-11-23,岐阜競輪,F2,A1/A2,9,Ａ級特一般,14:41,14:36,7,https://keirin.kdreams.jp/gifu/racedetail/4320241122020009/?pageType=odds,2026-10-05T05:04:16.497539+00:00,1-4-6/3/5-7-2,published,中部競輪・ひかり,楽天Kドリームス 並び予想
4320241122020010,2024-11-23,岐阜競輪,F2,A1/A2,10,Ａ級準決勝,15:12,15:07,7,https://keirin.kdreams.jp/gifu/racedetail/4320241122020010/?pageType=odds,2026-10-05T05:04:18.284704+00:00,5-7-1-3/2-6-4,published,中部競輪・ひかり,楽天Kドリームス 並び予想
4320241122020011,2024-11-23,岐阜競輪,F2,A1/A2,11,Ａ級準決勝,15:43,15:38,7,https://keirin.kdreams.jp/gifu/racedetail/4320241122020011/?pageType=odds,2026-10-05T05:04:19.936523+00:00,6-2-4/5-1/3-7,published,中部競輪・ひかり,楽天Kドリームス 並び予想
4320241122020012,2024-11-23,岐阜競輪,F2,A1/A2,12,Ａ級準決勝,16:15,16:10,7,https://keirin.kdreams.jp/gifu/racedetail/4320241122020012/?pageType=odds,2026-10-05T05:04:21.589446+00:00,1-5-4/6-2/3-7,published,中部競輪・ひかり,楽天Kドリームス 並び予想
6120241122020001,2024-11-23,玉野競輪,F1,A1/A2,1,Ａ級一般,10:35,10:30,7,https://keirin.kdreams.jp/tamano/racedetail/6120241122020001/?pageType=odds,2026-10-05T05:05:08.525750+00:00,2-5/3/1/4/6/7,published,競輪毎日,楽天Kドリームス 並び予想
6120241122020002,2024-11-23,玉野競輪,F1,A1/A2,2,Ａ級一般,11:00,10:55,7,https://keirin.kdreams.jp/tamano/racedetail/6120241122020002/?pageType=odds,2026-10-05T05:05:10.329221+00:00,2-4-3-6/5-1-7,published,競輪毎日,楽天Kドリームス 並び予想
6120241122020003,2024-11-23,玉野競輪,F1,A1/A2,3,Ａ級準決勝,11:25,11:20,7,https://keirin.kdreams.jp/tamano/racedetail/6120241122020003/?pageType=odds,2026-10-05T05:05:12.040675+00:00,6-1/4-2/5-3-7,published,競輪毎日,楽天Kドリームス 並び予想
6120241122020004,2024-11-23,玉野競輪,F1,A1/A2,4,Ａ級準決勝,11:50,11:45,7,https://keirin.kdreams.jp/tamano/racedetail/6120241122020004/?pageType=odds,2026-10-05T05:05:13.804447+00:00,1-5-7/6-2/4-3,published,競輪毎日,楽天Kドリームス 並び予想
6120241122020005,2024-11-23,玉野競輪,F1,A1/A2,5,Ａ級準決勝,12:15,12:10,7,https://keirin.kdreams.jp/tamano/racedetail/6120241122020005/?pageType=odds,2026-10-05T05:05:15.604770+00:00,7-1-4/3-2-5-6,published,競輪毎日,楽天Kドリームス 並び予想
1320241124010001,2024-11-24,いわき平競輪,F2,A1/A2,1,Ａ級予選,20:58,20:53,7,https://keirin.kdreams.jp/iwakitaira/racedetail/1320241124010001/?pageType=odds,2026-10-05T05:05:26.182510+00:00,2-1-6/4-3-5/7,published,アオケイ,楽天Kドリームス 並び予想
1320241124010002,2024-11-24,いわき平競輪,F2,A1/A2,2,Ａ級予選,21:22,21:17,7,https://keirin.kdreams.jp/iwakitaira/racedetail/1320241124010002/?pageType=odds,2026-10-05T05:05:27.986050+00:00,2-1-3/5-4-7/6,published,アオケイ,楽天Kドリームス 並び予想
1320241124010003,2024-11-24,いわき平競輪,F2,A1/A2,3,Ａ級予選,21:46,21:41,7,https://keirin.kdreams.jp/iwakitaira/racedetail/1320241124010003/?pageType=odds,2026-10-05T05:05:29.679444+00:00,2-1-5/4-3-7/6,published,アオケイ,楽天Kドリームス 並び予想
1320241124010004,2024-11-24,いわき平競輪,F2,A1/A2,4,Ａ級予選,22:10,22:05,7,https://keirin.kdreams.jp/iwakitaira/racedetail/1320241124010004/?pageType=odds,2026-10-05T05:05:31.311025+00:00,2-1-7/3-6/4-5,published,アオケイ,楽天Kドリームス 並び予想
1320241124010005,2024-11-24,いわき平競輪,F2,A1/A2,5,Ａ級予選,22:34,22:29,7,https://keirin.kdreams.jp/iwakitaira/racedetail/1320241124010005/?pageType=odds,2026-10-05T05:05:33.103949+00:00,6-1-4/3-2/5-7,published,アオケイ,楽天Kドリームス 並び予想
1320241124010006,2024-11-24,いわき平競輪,F2,A1/A2,6,Ａ級予選,22:58,22:53,7,https://keirin.kdreams.jp/iwakitaira/racedetail/1320241124010006/?pageType=odds,2026-10-05T05:05:34.778287+00:00,1-2-3-5-6/4-7,published,アオケイ,楽天Kドリームス 並び予想
1320241124010007,2024-11-24,いわき平競輪,F2,A1/A2,7,Ａ級初日特選,23:22,23:17,7,https://keirin.kdreams.jp/iwakitaira/racedetail/1320241124010007/?pageType=odds,2026-10-05T05:05:36.479108+00:00,1-7/5-2-3/4-6,published,アオケイ,楽天Kドリームス 並び予想
3720241122030001,2024-11-24,伊東競輪,F1,A1/A2,1,Ａ級一般,10:47,10:42,7,https://keirin.kdreams.jp/ito/racedetail/3720241122030001/?pageType=odds,2026-10-05T05:04:50.693116+00:00,6-3/1-2-4/7-5,published,ひかり・小田競,楽天Kドリームス 並び予想
3720241122030002,2024-11-24,伊東競輪,F1,A1/A2,2,Ａ級一般,11:12,11:07,7,https://keirin.kdreams.jp/ito/racedetail/3720241122030002/?pageType=odds,2026-10-05T05:04:52.545114+00:00,2-5/7-1/4-3-6,published,ひかり・小田競,楽天Kドリームス 並び予想
3720241122030003,2024-11-24,伊東競輪,F1,A1/A2,3,Ａ級特選,11:37,11:32,7,https://keirin.kdreams.jp/ito/racedetail/3720241122030003/?pageType=odds,2026-10-05T05:04:54.345189+00:00,1-4-3/6-5/2-7,published,ひかり・小田競,楽天Kドリームス 並び予想
3720241122030004,2024-11-24,伊東競輪,F1,A1/A2,4,Ａ級特選,12:02,11:57,7,https://keirin.kdreams.jp/ito/racedetail/3720241122030004/?pageType=odds,2026-10-05T05:04:56.056828+00:00,1-7/2-6/5-3/4,published,ひかり・小田競,楽天Kドリームス 並び予想
3720241122030009,2024-11-24,伊東競輪,F1,A1/A2,9,Ａ級決勝,14:18,14:13,7,https://keirin.kdreams.jp/ito/racedetail/3720241122030009/?pageType=odds,2026-10-05T05:04:57.982859+00:00,1-7/2-6-4/3-5,published,ひかり・小田競,楽天Kドリームス 並び予想
4320241122030005,2024-11-24,岐阜競輪,F2,A1/A2,5,Ａ級特一般,12:47,12:42,7,https://keirin.kdreams.jp/gifu/racedetail/4320241122030005/?pageType=odds,2026-10-05T05:04:23.308525+00:00,1-7-6/2-4/5-3,published,中部競輪・ひかり,楽天Kドリームス 並び予想
4320241122030006,2024-11-24,岐阜競輪,F2,A1/A2,6,Ａ級特一般,13:13,13:08,7,https://keirin.kdreams.jp/gifu/racedetail/4320241122030006/?pageType=odds,2026-10-05T05:04:24.976028+00:00,1-6/2/4-7-5/3,published,中部競輪・ひかり,楽天Kドリームス 並び予想
4320241122030008,2024-11-24,岐阜競輪,F2,A1/A2,8,Ａ級特選,14:11,14:06,7,https://keirin.kdreams.jp/gifu/racedetail/4320241122030008/?pageType=odds,2026-10-05T05:04:26.920802+00:00,1-5/6-2/4/7-3,published,中部競輪・ひかり,楽天Kドリームス 並び予想
4320241122030009,2024-11-24,岐阜競輪,F2,A1/A2,9,Ａ級特選,14:41,14:36,7,https://keirin.kdreams.jp/gifu/racedetail/4320241122030009/?pageType=odds,2026-10-05T05:04:28.760018+00:00,2-5/1-4/6-7-3,published,中部競輪・ひかり,楽天Kドリームス 並び予想
4320241122030012,2024-11-24,岐阜競輪,F2,A1/A2,12,Ａ級決勝,16:15,16:10,7,https://keirin.kdreams.jp/gifu/racedetail/4320241122030012/?pageType=odds,2026-10-05T05:04:30.426563+00:00,7-4-1-6/3/2-5,published,中部競輪・ひかり,楽天Kドリームス 並び予想
4720241124010001,2024-11-24,松阪競輪,F2,A1/A2,1,Ａ級予選,21:06,21:01,7,https://keirin.kdreams.jp/matsusaka/racedetail/4720241124010001/?pageType=odds,2026-10-05T05:06:02.550457+00:00,2-4-5/3-1/7-6,published,中部競輪,楽天Kドリームス 並び予想
4720241124010002,2024-11-24,松阪競輪,F2,A1/A2,2,Ａ級予選,21:30,21:25,7,https://keirin.kdreams.jp/matsusaka/racedetail/4720241124010002/?pageType=odds,2026-10-05T05:06:04.187096+00:00,3-1-7/4-2/5-6,published,中部競輪,楽天Kドリームス 並び予想
4720241124010003,2024-11-24,松阪競輪,F2,A1/A2,3,Ａ級予選,21:54,21:49,7,https://keirin.kdreams.jp/matsusaka/racedetail/4720241124010003/?pageType=odds,2026-10-05T05:06:05.830563+00:00,1-2-3/6/5-4-7,published,中部競輪,楽天Kドリームス 並び予想
4720241124010004,2024-11-24,松阪競輪,F2,A1/A2,4,Ａ級予選,22:18,22:13,7,https://keirin.kdreams.jp/matsusaka/racedetail/4720241124010004/?pageType=odds,2026-10-05T05:06:07.387497+00:00,1-2-6/4-3/5-7,published,中部競輪,楽天Kドリームス 並び予想
4720241124010005,2024-11-24,松阪競輪,F2,A1/A2,5,Ａ級予選,22:42,22:37,7,https://keirin.kdreams.jp/matsusaka/racedetail/4720241124010005/?pageType=odds,2026-10-05T05:06:09.106258+00:00,1-2-5/6/4-3-7,published,中部競輪,楽天Kドリームス 並び予想
4720241124010006,2024-11-24,松阪競輪,F2,A1/A2,6,Ａ級予選,23:06,23:01,7,https://keirin.kdreams.jp/matsusaka/racedetail/4720241124010006/?pageType=odds,2026-10-05T05:06:10.978405+00:00,1-2-7/3-5/6-4,published,中部競輪,楽天Kドリームス 並び予想
4720241124010007,2024-11-24,松阪競輪,F2,A1/A2,7,Ａ級初日特選,23:30,23:25,7,https://keirin.kdreams.jp/matsusaka/racedetail/4720241124010007/?pageType=odds,2026-10-05T05:06:12.843820+00:00,3-1/2-4/5-6/7,published,中部競輪,楽天Kドリームス 並び予想
6120241122030001,2024-11-24,玉野競輪,F1,A1/A2,1,Ａ級一般,10:35,10:30,7,https://keirin.kdreams.jp/tamano/racedetail/6120241122030001/?pageType=odds,2026-10-05T05:05:17.286926+00:00,2-1-4/7-3/5/6,published,競輪毎日,楽天Kドリームス 並び予想
6120241122030002,2024-11-24,玉野競輪,F1,A1/A2,2,Ａ級一般,11:00,10:55,7,https://keirin.kdreams.jp/tamano/racedetail/6120241122030002/?pageType=odds,2026-10-05T05:05:19.079508+00:00,4-1/2/6/7-3-5,published,競輪毎日,楽天Kドリームス 並び予想
6120241122030003,2024-11-24,玉野競輪,F1,A1/A2,3,Ａ級特選,11:25,11:20,7,https://keirin.kdreams.jp/tamano/racedetail/6120241122030003/?pageType=odds,2026-10-05T05:05:20.813123+00:00,3-7-1-5/2-4-6,published,競輪毎日,楽天Kドリームス 並び予想
6120241122030004,2024-11-24,玉野競輪,F1,A1/A2,4,Ａ級特選,11:50,11:45,7,https://keirin.kdreams.jp/tamano/racedetail/6120241122030004/?pageType=odds,2026-10-05T05:05:22.502491+00:00,6-1/2-5/4-3-7,published,競輪毎日,楽天Kドリームス 並び予想
6120241122030009,2024-11-24,玉野競輪,F1,A1/A2,9,Ａ級決勝,14:03,13:58,7,https://keirin.kdreams.jp/tamano/racedetail/6120241122030009/?pageType=odds,2026-10-05T05:05:24.337427+00:00,3-6-1/2/4-5-7,published,競輪毎日,楽天Kドリームス 並び予想
7120241124010001,2024-11-24,高松競輪,F2,A1/A2,1,Ａ級予選,20:50,20:45,7,https://keirin.kdreams.jp/takamatsu/racedetail/7120241124010001/?pageType=odds,2026-10-05T05:06:38.812397+00:00,1-2-5/7/4-3-6,published,競輪毎日,楽天Kドリームス 並び予想
7120241124010002,2024-11-24,高松競輪,F2,A1/A2,2,Ａ級予選,21:14,21:09,7,https://keirin.kdreams.jp/takamatsu/racedetail/7120241124010002/?pageType=odds,2026-10-05T05:06:40.483575+00:00,2-1-5/3/6-4/7,published,競輪毎日,楽天Kドリームス 並び予想
7120241124010003,2024-11-24,高松競輪,F2,A1/A2,3,Ａ級予選,21:38,21:33,7,https://keirin.kdreams.jp/takamatsu/racedetail/7120241124010003/?pageType=odds,2026-10-05T05:06:42.179203+00:00,4-1/2-3-6/7-5,published,競輪毎日,楽天Kドリームス 並び予想
7120241124010004,2024-11-24,高松競輪,F2,A1/A2,4,Ａ級予選,22:02,21:57,7,https://keirin.kdreams.jp/takamatsu/racedetail/7120241124010004/?pageType=odds,2026-10-05T05:06:43.905502+00:00,6-1-4-7/2-3-5,published,競輪毎日,楽天Kドリームス 並び予想
7120241124010005,2024-11-24,高松競輪,F2,A1/A2,5,Ａ級予選,22:26,22:21,7,https://keirin.kdreams.jp/takamatsu/racedetail/7120241124010005/?pageType=odds,2026-10-05T05:06:45.936534+00:00,1-3-5-6/2-7/4,published,競輪毎日,楽天Kドリームス 並び予想
7120241124010006,2024-11-24,高松競輪,F2,A1/A2,6,Ａ級予選,22:50,22:45,7,https://keirin.kdreams.jp/takamatsu/racedetail/7120241124010006/?pageType=odds,2026-10-05T05:06:47.621944+00:00,2-1-6-5/7/4-3,published,競輪毎日,楽天Kドリームス 並び予想
7120241124010007,2024-11-24,高松競輪,F2,A1/A2,7,Ａ級初日特選,23:14,23:09,7,https://keirin.kdreams.jp/takamatsu/racedetail/7120241124010007/?pageType=odds,2026-10-05T05:06:49.625427+00:00,1-5/7-2/3-4/6,published,競輪毎日,楽天Kドリームス 並び予想
1320241124020001,2024-11-25,いわき平競輪,F2,A1/A2,1,Ａ級一般,20:58,20:53,7,https://keirin.kdreams.jp/iwakitaira/racedetail/1320241124020001/?pageType=odds,2026-10-05T05:05:38.154931+00:00,3-5/2-1/6-4-7,published,アオケイ,楽天Kドリームス 並び予想
1320241124020002,2024-11-25,いわき平競輪,F2,A1/A2,2,Ａ級一般,21:22,21:17,7,https://keirin.kdreams.jp/iwakitaira/racedetail/1320241124020002/?pageType=odds,2026-10-05T05:05:39.886244+00:00,1-2-4-5/3-6-7,published,アオケイ,楽天Kドリームス 並び予想
1320241124020003,2024-11-25,いわき平競輪,F2,A1/A2,3,Ａ級選抜,21:46,21:41,7,https://keirin.kdreams.jp/iwakitaira/racedetail/1320241124020003/?pageType=odds,2026-10-05T05:05:41.604419+00:00,1-4-7/3-2-5-6,published,アオケイ,楽天Kドリームス 並び予想
1320241124020004,2024-11-25,いわき平競輪,F2,A1/A2,4,Ａ級選抜,22:10,22:05,7,https://keirin.kdreams.jp/iwakitaira/racedetail/1320241124020004/?pageType=odds,2026-10-05T05:05:43.283846+00:00,4-2-3/1-6/5-7,published,アオケイ,楽天Kドリームス 並び予想
1320241124020005,2024-11-25,いわき平競輪,F2,A1/A2,5,Ａ級準決勝,22:34,22:29,7,https://keirin.kdreams.jp/iwakitaira/racedetail/1320241124020005/?pageType=odds,2026-10-05T05:05:44.941464+00:00,4-1/2-3/5/6-7,published,アオケイ,楽天Kドリームス 並び予想
1320241124020006,2024-11-25,いわき平競輪,F2,A1/A2,6,Ａ級準決勝,22:58,22:53,7,https://keirin.kdreams.jp/iwakitaira/racedetail/1320241124020006/?pageType=odds,2026-10-05T05:05:46.725132+00:00,2-1-6/5-3/7-4,published,アオケイ,楽天Kドリームス 並び予想
1320241124020007,2024-11-25,いわき平競輪,F2,A1/A2,7,Ａ級準決勝,23:22,23:17,7,https://keirin.kdreams.jp/iwakitaira/racedetail/1320241124020007/?pageType=odds,2026-10-05T05:05:48.414181+00:00,1-5-3/4/7-2-6,published,アオケイ,楽天Kドリームス 並び予想
5520241125010008,2024-11-25,和歌山競輪,F2,A1/A2,8,Ａ級特予選,13:55,13:50,7,https://keirin.kdreams.jp/wakayama/racedetail/5520241125010008/?pageType=odds,2026-10-05T05:08:36.461782+00:00,7-1-4/3/5-2-6,published,競輪研究,楽天Kドリームス 並び予想
5520241125010009,2024-11-25,和歌山競輪,F2,A1/A2,9,Ａ級特予選,14:30,14:25,7,https://keirin.kdreams.jp/wakayama/racedetail/5520241125010009/?pageType=odds,2026-10-05T05:08:38.338318+00:00,5-1-2-7/3-4-6,published,競輪研究,楽天Kドリームス 並び予想
5520241125010010,2024-11-25,和歌山競輪,F2,A1/A2,10,Ａ級特予選,15:00,14:55,7,https://keirin.kdreams.jp/wakayama/racedetail/5520241125010010/?pageType=odds,2026-10-05T05:08:40.332040+00:00,1-5-6/2-7/4-3,published,競輪研究,楽天Kドリームス 並び予想
5520241125010011,2024-11-25,和歌山競輪,F2,A1/A2,11,Ａ級特予選,15:35,15:30,7,https://keirin.kdreams.jp/wakayama/racedetail/5520241125010011/?pageType=odds,2026-10-05T05:08:42.032737+00:00,4-1-5/6-2/7-3,published,競輪研究,楽天Kドリームス 並び予想
5520241125010012,2024-11-25,和歌山競輪,F2,A1/A2,12,Ａ級初日特選,16:10,16:05,7,https://keirin.kdreams.jp/wakayama/racedetail/5520241125010012/?pageType=odds,2026-10-05T05:08:43.855411+00:00,3-7-5/2-1-6/4,published,競輪研究,楽天Kドリームス 並び予想
4420241125010001,2024-11-25,大垣競輪,F1,A1/A2,1,Ａ級予選,10:40,10:35,7,https://keirin.kdreams.jp/ogaki/racedetail/4420241125010001/?pageType=odds,2026-10-05T05:08:09.711955+00:00,7-1/2-5/3-4-6,published,ひかり,楽天Kドリームス 並び予想
4420241125010002,2024-11-25,大垣競輪,F1,A1/A2,2,Ａ級予選,11:08,11:03,7,https://keirin.kdreams.jp/ogaki/racedetail/4420241125010002/?pageType=odds,2026-10-05T05:08:11.531567+00:00,6-1/7-2/5-3/4,published,ひかり,楽天Kドリームス 並び予想
4420241125010003,2024-11-25,大垣競輪,F1,A1/A2,3,Ａ級予選,11:36,11:31,7,https://keirin.kdreams.jp/ogaki/racedetail/4420241125010003/?pageType=odds,2026-10-05T05:08:13.457383+00:00,5-1-3/7-2-4/6,published,ひかり,楽天Kドリームス 並び予想
4420241125010004,2024-11-25,大垣競輪,F1,A1/A2,4,Ａ級予選,12:06,12:01,7,https://keirin.kdreams.jp/ogaki/racedetail/4420241125010004/?pageType=odds,2026-10-05T05:08:15.323433+00:00,5-1-7/4/2/6-3,published,ひかり,楽天Kドリームス 並び予想
4420241125010005,2024-11-25,大垣競輪,F1,A1/A2,5,Ａ級初日特選,12:36,12:31,7,https://keirin.kdreams.jp/ogaki/racedetail/4420241125010005/?pageType=odds,2026-10-05T05:08:16.992480+00:00,7-2/1/4/3-6-5,published,ひかり,楽天Kドリームス 並び予想
3120241125010001,2024-11-25,松戸競輪,F1,A1/A2,1,Ａ級予選,15:28,15:23,7,https://keirin.kdreams.jp/matsudo/racedetail/3120241125010001/?pageType=odds,2026-10-05T05:07:42.638779+00:00,1-5/4/2-7/6-3,published,アオケイ,楽天Kドリームス 並び予想
3120241125010002,2024-11-25,松戸競輪,F1,A1/A2,2,Ａ級予選,15:52,15:47,7,https://keirin.kdreams.jp/matsudo/racedetail/3120241125010002/?pageType=odds,2026-10-05T05:07:44.122807+00:00,2-7/6-1/3-5-4,published,アオケイ,楽天Kドリームス 並び予想
3120241125010003,2024-11-25,松戸競輪,F1,A1/A2,3,Ａ級予選,16:16,16:11,7,https://keirin.kdreams.jp/matsudo/racedetail/3120241125010003/?pageType=odds,2026-10-05T05:07:45.787839+00:00,1-4-3/6/7-2-5,published,アオケイ,楽天Kドリームス 並び予想
3120241125010004,2024-11-25,松戸競輪,F1,A1/A2,4,Ａ級予選,16:41,16:36,7,https://keirin.kdreams.jp/matsudo/racedetail/3120241125010004/?pageType=odds,2026-10-05T05:07:47.928014+00:00,4-1-6/5-2/7-3,published,アオケイ,楽天Kドリームス 並び予想
3120241125010005,2024-11-25,松戸競輪,F1,A1/A2,5,Ａ級初日特選,17:06,17:01,7,https://keirin.kdreams.jp/matsudo/racedetail/3120241125010005/?pageType=odds,2026-10-05T05:07:49.645907+00:00,1-7/4/5-2/3-6,published,アオケイ,楽天Kドリームス 並び予想
4720241124020001,2024-11-25,松阪競輪,F2,A1/A2,1,Ａ級一般,21:06,21:01,6,https://keirin.kdreams.jp/matsusaka/racedetail/4720241124020001/?pageType=odds,2026-10-05T05:06:14.580642+00:00,1-5/2-3/4-6,published,中部競輪,楽天Kドリームス 並び予想
4720241124020002,2024-11-25,松阪競輪,F2,A1/A2,2,Ａ級一般,21:30,21:25,7,https://keirin.kdreams.jp/matsusaka/racedetail/4720241124020002/?pageType=odds,2026-10-05T05:06:16.320406+00:00,4-3/1/2-7/6-5,published,中部競輪,楽天Kドリームス 並び予想
4720241124020003,2024-11-25,松阪競輪,F2,A1/A2,3,Ａ級選抜,21:54,21:49,7,https://keirin.kdreams.jp/matsusaka/racedetail/4720241124020003/?pageType=odds,2026-10-05T05:06:18.153380+00:00,5-1-6/4/3-2-7,published,中部競輪,楽天Kドリームス 並び予想
4720241124020004,2024-11-25,松阪競輪,F2,A1/A2,4,Ａ級選抜,22:18,22:13,7,https://keirin.kdreams.jp/matsusaka/racedetail/4720241124020004/?pageType=odds,2026-10-05T05:06:19.906874+00:00,4-1/2-7/3-6/5,published,中部競輪,楽天Kドリームス 並び予想
4720241124020005,2024-11-25,松阪競輪,F2,A1/A2,5,Ａ級準決勝,22:42,22:37,7,https://keirin.kdreams.jp/matsusaka/racedetail/4720241124020005/?pageType=odds,2026-10-05T05:06:21.685264+00:00,2-1/5-3-6/4-7,published,中部競輪,楽天Kドリームス 並び予想
4720241124020006,2024-11-25,松阪競輪,F2,A1/A2,6,Ａ級準決勝,23:06,23:01,7,https://keirin.kdreams.jp/matsusaka/racedetail/4720241124020006/?pageType=odds,2026-10-05T05:06:23.290908+00:00,1-2/3-4/6-5-7,published,中部競輪,楽天Kドリームス 並び予想
4720241124020007,2024-11-25,松阪競輪,F2,A1/A2,7,Ａ級準決勝,23:30,23:25,7,https://keirin.kdreams.jp/matsusaka/racedetail/4720241124020007/?pageType=odds,2026-10-05T05:06:25.316291+00:00,2-1-4/5-7/3-6,published,中部競輪,楽天Kドリームス 並び予想
6320241125010008,2024-11-25,防府競輪,F2,A1/A2,8,Ａ級特予選,11:15,11:10,7,https://keirin.kdreams.jp/hofu/racedetail/6320241125010008/?pageType=odds,2026-10-05T05:07:16.828588+00:00,4-1-3-6/5-2-7,published,リズム,楽天Kドリームス 並び予想
6320241125010009,2024-11-25,防府競輪,F2,A1/A2,9,Ａ級特予選,11:40,11:35,7,https://keirin.kdreams.jp/hofu/racedetail/6320241125010009/?pageType=odds,2026-10-05T05:07:18.461580+00:00,1-3-5/7-2-4/6,published,リズム,楽天Kドリームス 並び予想
6320241125010010,2024-11-25,防府競輪,F2,A1/A2,10,Ａ級特予選,12:10,12:05,7,https://keirin.kdreams.jp/hofu/racedetail/6320241125010010/?pageType=odds,2026-10-05T05:07:20.354636+00:00,5-1-6/4-2-7/3,published,リズム,楽天Kドリームス 並び予想
6320241125010011,2024-11-25,防府競輪,F2,A1/A2,11,Ａ級特予選,12:40,12:35,7,https://keirin.kdreams.jp/hofu/racedetail/6320241125010011/?pageType=odds,2026-10-05T05:07:22.319299+00:00,1-5-6/4-2/3-7,published,リズム,楽天Kドリームス 並び予想
6320241125010012,2024-11-25,防府競輪,F2,A1/A2,12,Ａ級初日特選,13:10,13:05,7,https://keirin.kdreams.jp/hofu/racedetail/6320241125010012/?pageType=odds,2026-10-05T05:07:24.049968+00:00,2-4/1/7-3-5/6,published,リズム,楽天Kドリームス 並び予想
7120241124020001,2024-11-25,高松競輪,F2,A1/A2,1,Ａ級一般,20:50,20:45,7,https://keirin.kdreams.jp/takamatsu/racedetail/7120241124020001/?pageType=odds,2026-10-05T05:06:51.323234+00:00,1-5/2-3-4/7-6,published,競輪毎日,楽天Kドリームス 並び予想
7120241124020002,2024-11-25,高松競輪,F2,A1/A2,2,Ａ級一般,21:14,21:09,7,https://keirin.kdreams.jp/takamatsu/racedetail/7120241124020002/?pageType=odds,2026-10-05T05:06:53.155484+00:00,1-7/2/4-5-3/6,published,競輪毎日,楽天Kドリームス 並び予想
7120241124020003,2024-11-25,高松競輪,F2,A1/A2,3,Ａ級選抜,21:38,21:33,7,https://keirin.kdreams.jp/takamatsu/racedetail/7120241124020003/?pageType=odds,2026-10-05T05:06:54.910216+00:00,4-2-1-3/5/6-7,published,競輪毎日,楽天Kドリームス 並び予想
7120241124020004,2024-11-25,高松競輪,F2,A1/A2,4,Ａ級選抜,22:02,21:57,7,https://keirin.kdreams.jp/takamatsu/racedetail/7120241124020004/?pageType=odds,2026-10-05T05:06:56.875897+00:00,1-4-3/2-6-5-7,published,競輪毎日,楽天Kドリームス 並び予想
7120241124020005,2024-11-25,高松競輪,F2,A1/A2,5,Ａ級準決勝,22:26,22:21,7,https://keirin.kdreams.jp/takamatsu/racedetail/7120241124020005/?pageType=odds,2026-10-05T05:06:58.688630+00:00,1-5/3-2-4/7-6,published,競輪毎日,楽天Kドリームス 並び予想
7120241124020006,2024-11-25,高松競輪,F2,A1/A2,6,Ａ級準決勝,22:50,22:45,7,https://keirin.kdreams.jp/takamatsu/racedetail/7120241124020006/?pageType=odds,2026-10-05T05:07:00.429190+00:00,1-2-7/3-5/4-6,published,競輪毎日,楽天Kドリームス 並び予想
7120241124020007,2024-11-25,高松競輪,F2,A1/A2,7,Ａ級準決勝,23:14,23:09,7,https://keirin.kdreams.jp/takamatsu/racedetail/7120241124020007/?pageType=odds,2026-10-05T05:07:02.243655+00:00,1-4-7/2-3/5-6,published,競輪毎日,楽天Kドリームス 並び予想
1320241124030001,2024-11-26,いわき平競輪,F2,A1/A2,1,Ａ級一般,20:58,20:53,7,https://keirin.kdreams.jp/iwakitaira/racedetail/1320241124030001/?pageType=odds,2026-10-05T05:05:50.072320+00:00,1-6-7/2-3/4/5,published,アオケイ,楽天Kドリームス 並び予想
1320241124030002,2024-11-26,いわき平競輪,F2,A1/A2,2,Ａ級一般,21:22,21:17,7,https://keirin.kdreams.jp/iwakitaira/racedetail/1320241124030002/?pageType=odds,2026-10-05T05:05:51.895040+00:00,3-7-6/1-5/2-4,published,アオケイ,楽天Kドリームス 並び予想
1320241124030003,2024-11-26,いわき平競輪,F2,A1/A2,3,Ａ級一般,21:46,21:41,7,https://keirin.kdreams.jp/iwakitaira/racedetail/1320241124030003/?pageType=odds,2026-10-05T05:05:53.570285+00:00,1-4/2-5-6/3-7,published,アオケイ,楽天Kドリームス 並び予想
1320241124030004,2024-11-26,いわき平競輪,F2,A1/A2,4,Ａ級特選,22:10,22:05,7,https://keirin.kdreams.jp/iwakitaira/racedetail/1320241124030004/?pageType=odds,2026-10-05T05:05:55.295178+00:00,2-1-7/4-3-6/5,published,アオケイ,楽天Kドリームス 並び予想
1320241124030005,2024-11-26,いわき平競輪,F2,A1/A2,5,Ａ級特選,22:34,22:29,7,https://keirin.kdreams.jp/iwakitaira/racedetail/1320241124030005/?pageType=odds,2026-10-05T05:05:57.093067+00:00,1-2-3/4-6/5-7,published,アオケイ,楽天Kドリームス 並び予想
1320241124030006,2024-11-26,いわき平競輪,F2,A1/A2,6,Ａ級特選,22:58,22:53,7,https://keirin.kdreams.jp/iwakitaira/racedetail/1320241124030006/?pageType=odds,2026-10-05T05:05:58.879268+00:00,1/2/3/4/7-6-5,published,アオケイ,楽天Kドリームス 並び予想
1320241124030007,2024-11-26,いわき平競輪,F2,A1/A2,7,Ａ級決勝,23:22,23:17,7,https://keirin.kdreams.jp/iwakitaira/racedetail/1320241124030007/?pageType=odds,2026-10-05T05:06:00.793004+00:00,1-5/4-2-3/7-6,published,アオケイ,楽天Kドリームス 並び予想
5520241125020008,2024-11-26,和歌山競輪,F2,A1/A2,8,Ａ級特一般,14:00,13:55,7,https://keirin.kdreams.jp/wakayama/racedetail/5520241125020008/?pageType=odds,2026-10-05T05:08:45.488137+00:00,1-5-7/2/6-4-3,published,競輪研究,楽天Kドリームス 並び予想
5520241125020009,2024-11-26,和歌山競輪,F2,A1/A2,9,Ａ級特一般,14:35,14:30,7,https://keirin.kdreams.jp/wakayama/racedetail/5520241125020009/?pageType=odds,2026-10-05T05:08:47.282610+00:00,5-3-2/6/7-1-4,published,競輪研究,楽天Kドリームス 並び予想
5520241125020010,2024-11-26,和歌山競輪,F2,A1/A2,10,Ａ級準決勝,15:05,15:00,7,https://keirin.kdreams.jp/wakayama/racedetail/5520241125020010/?pageType=odds,2026-10-05T05:08:49.182272+00:00,5-3/4/1/2-7-6,published,競輪研究,楽天Kドリームス 並び予想
5520241125020011,2024-11-26,和歌山競輪,F2,A1/A2,11,Ａ級準決勝,15:35,15:30,7,https://keirin.kdreams.jp/wakayama/racedetail/5520241125020011/?pageType=odds,2026-10-05T05:08:51.077967+00:00,1-4-7/3-6/5-2,published,競輪研究,楽天Kドリームス 並び予想
5520241125020012,2024-11-26,和歌山競輪,F2,A1/A2,12,Ａ級準決勝,16:10,16:05,7,https://keirin.kdreams.jp/wakayama/racedetail/5520241125020012/?pageType=odds,2026-10-05T05:08:52.887890+00:00,7-3-2/5-1-4-6,published,競輪研究,楽天Kドリームス 並び予想
4420241125020001,2024-11-26,大垣競輪,F1,A1/A2,1,Ａ級一般,10:40,10:35,6,https://keirin.kdreams.jp/ogaki/racedetail/4420241125020001/?pageType=odds,2026-10-05T05:08:18.862422+00:00,1-6/4-2/5-3,published,ひかり,楽天Kドリームス 並び予想
4420241125020002,2024-11-26,大垣競輪,F1,A1/A2,2,Ａ級一般,11:08,11:03,7,https://keirin.kdreams.jp/ogaki/racedetail/4420241125020002/?pageType=odds,2026-10-05T05:08:20.846219+00:00,2-4/1/3-7-5/6,published,ひかり,楽天Kドリームス 並び予想
4420241125020003,2024-11-26,大垣競輪,F1,A1/A2,3,Ａ級準決勝,11:36,11:31,7,https://keirin.kdreams.jp/ogaki/racedetail/4420241125020003/?pageType=odds,2026-10-05T05:08:22.607940+00:00,1-7-4/2-5/3/6,published,ひかり,楽天Kドリームス 並び予想
4420241125020004,2024-11-26,大垣競輪,F1,A1/A2,4,Ａ級準決勝,12:06,12:01,7,https://keirin.kdreams.jp/ogaki/racedetail/4420241125020004/?pageType=odds,2026-10-05T05:08:24.213514+00:00,3-7-4/5-1/6-2,published,ひかり,楽天Kドリームス 並び予想
4420241125020005,2024-11-26,大垣競輪,F1,A1/A2,5,Ａ級準決勝,12:36,12:31,7,https://keirin.kdreams.jp/ogaki/racedetail/4420241125020005/?pageType=odds,2026-10-05T05:08:26.093218+00:00,1-3-6/5-7-2/4,published,ひかり,楽天Kドリームス 並び予想
3120241125020001,2024-11-26,松戸競輪,F1,A1/A2,1,Ａ級一般,15:28,15:23,7,https://keirin.kdreams.jp/matsudo/racedetail/3120241125020001/?pageType=odds,2026-10-05T05:07:51.679419+00:00,1-4/5/2-6/3-7,published,アオケイ,楽天Kドリームス 並び予想
3120241125020002,2024-11-26,松戸競輪,F1,A1/A2,2,Ａ級一般,15:52,15:47,7,https://keirin.kdreams.jp/matsudo/racedetail/3120241125020002/?pageType=odds,2026-10-05T05:07:53.362764+00:00,2-5-7/1/4/6-3,published,アオケイ,楽天Kドリームス 並び予想
3120241125020003,2024-11-26,松戸競輪,F1,A1/A2,3,Ａ級準決勝,16:16,16:11,7,https://keirin.kdreams.jp/matsudo/racedetail/3120241125020003/?pageType=odds,2026-10-05T05:07:55.300091+00:00,7-1-5/2-6/4-3,published,アオケイ,楽天Kドリームス 並び予想
3120241125020004,2024-11-26,松戸競輪,F1,A1/A2,4,Ａ級準決勝,16:41,16:36,7,https://keirin.kdreams.jp/matsudo/racedetail/3120241125020004/?pageType=odds,2026-10-05T05:07:57.076128+00:00,1-4/2/5/3-7-6,published,アオケイ,楽天Kドリームス 並び予想
3120241125020005,2024-11-26,松戸競輪,F1,A1/A2,5,Ａ級準決勝,17:06,17:01,7,https://keirin.kdreams.jp/matsudo/racedetail/3120241125020005/?pageType=odds,2026-10-05T05:07:58.890830+00:00,1-6/5-2/7-3-4,published,アオケイ,楽天Kドリームス 並び予想
4720241124030001,2024-11-26,松阪競輪,F2,A1/A2,1,Ａ級一般,21:06,21:01,6,https://keirin.kdreams.jp/matsusaka/racedetail/4720241124030001/?pageType=odds,2026-10-05T05:06:26.967387+00:00,6-4-1/3-2-5,published,中部競輪,楽天Kドリームス 並び予想
4720241124030002,2024-11-26,松阪競輪,F2,A1/A2,2,Ａ級一般,21:30,21:25,7,https://keirin.kdreams.jp/matsusaka/racedetail/4720241124030002/?pageType=odds,2026-10-05T05:06:28.633374+00:00,1-4-7/2-6/5-3,published,中部競輪,楽天Kドリームス 並び予想
4720241124030003,2024-11-26,松阪競輪,F2,A1/A2,3,Ａ級一般,21:54,21:49,7,https://keirin.kdreams.jp/matsusaka/racedetail/4720241124030003/?pageType=odds,2026-10-05T05:06:30.416064+00:00,3-1-4/7-2-6/5,published,中部競輪,楽天Kドリームス 並び予想
4720241124030004,2024-11-26,松阪競輪,F2,A1/A2,4,Ａ級特選,22:18,22:13,7,https://keirin.kdreams.jp/matsusaka/racedetail/4720241124030004/?pageType=odds,2026-10-05T05:06:32.091116+00:00,1-5-7/2-4/6-3,published,中部競輪,楽天Kドリームス 並び予想
4720241124030005,2024-11-26,松阪競輪,F2,A1/A2,5,Ａ級特選,22:42,22:37,7,https://keirin.kdreams.jp/matsusaka/racedetail/4720241124030005/?pageType=odds,2026-10-05T05:06:33.884054+00:00,1-2-6/5-4-3-7,published,中部競輪,楽天Kドリームス 並び予想
4720241124030006,2024-11-26,松阪競輪,F2,A1/A2,6,Ａ級特選,23:06,23:01,7,https://keirin.kdreams.jp/matsusaka/racedetail/4720241124030006/?pageType=odds,2026-10-05T05:06:35.472366+00:00,1-2-5-6/4-3-7,published,中部競輪,楽天Kドリームス 並び予想
4720241124030007,2024-11-26,松阪競輪,F2,A1/A2,7,Ａ級決勝,23:30,23:25,7,https://keirin.kdreams.jp/matsusaka/racedetail/4720241124030007/?pageType=odds,2026-10-05T05:06:37.158614+00:00,7-6-4/3-1/5-2,published,中部競輪,楽天Kドリームス 並び予想
6320241125020008,2024-11-26,防府競輪,F2,A1/A2,8,Ａ級特一般,11:15,11:10,7,https://keirin.kdreams.jp/hofu/racedetail/6320241125020008/?pageType=odds,2026-10-05T05:07:25.991002+00:00,3/1/4-6/5-7-2,published,リズム,楽天Kドリームス 並び予想
6320241125020009,2024-11-26,防府競輪,F2,A1/A2,9,Ａ級特一般,11:40,11:35,7,https://keirin.kdreams.jp/hofu/racedetail/6320241125020009/?pageType=odds,2026-10-05T05:07:27.712269+00:00,2-7/1/3-5-6-4,published,リズム,楽天Kドリームス 並び予想
6320241125020010,2024-11-26,防府競輪,F2,A1/A2,10,Ａ級準決勝,12:10,12:05,7,https://keirin.kdreams.jp/hofu/racedetail/6320241125020010/?pageType=odds,2026-10-05T05:07:29.818020+00:00,6-1/7-2-5/4-3,published,リズム,楽天Kドリームス 並び予想
6320241125020011,2024-11-26,防府競輪,F2,A1/A2,11,Ａ級準決勝,12:40,12:35,7,https://keirin.kdreams.jp/hofu/racedetail/6320241125020011/?pageType=odds,2026-10-05T05:07:31.640534+00:00,5-1-6/2-4/3-7,published,リズム,楽天Kドリームス 並び予想
6320241125020012,2024-11-26,防府競輪,F2,A1/A2,12,Ａ級準決勝,13:10,13:05,7,https://keirin.kdreams.jp/hofu/racedetail/6320241125020012/?pageType=odds,2026-10-05T05:07:33.413603+00:00,5-1/2-4/3-7/6,published,リズム,楽天Kドリームス 並び予想
7120241124030001,2024-11-26,高松競輪,F2,A1/A2,1,Ａ級一般,20:50,20:45,7,https://keirin.kdreams.jp/takamatsu/racedetail/7120241124030001/?pageType=odds,2026-10-05T05:07:04.056313+00:00,5-1/6/4-3-2-7,published,競輪毎日,楽天Kドリームス 並び予想
7120241124030002,2024-11-26,高松競輪,F2,A1/A2,2,Ａ級一般,21:14,21:09,7,https://keirin.kdreams.jp/takamatsu/racedetail/7120241124030002/?pageType=odds,2026-10-05T05:07:06.115062+00:00,3-1-6/2-4-5/7,published,競輪毎日,楽天Kドリームス 並び予想
7120241124030003,2024-11-26,高松競輪,F2,A1/A2,3,Ａ級一般,21:38,21:33,7,https://keirin.kdreams.jp/takamatsu/racedetail/7120241124030003/?pageType=odds,2026-10-05T05:07:07.821023+00:00,2-1-5/3-4/7-6,published,競輪毎日,楽天Kドリームス 並び予想
7120241124030004,2024-11-26,高松競輪,F2,A1/A2,4,Ａ級特選,22:02,21:57,7,https://keirin.kdreams.jp/takamatsu/racedetail/7120241124030004/?pageType=odds,2026-10-05T05:07:09.637734+00:00,1-5-4-7/6-2-3,published,競輪毎日,楽天Kドリームス 並び予想
7120241124030005,2024-11-26,高松競輪,F2,A1/A2,5,Ａ級特選,22:26,22:21,7,https://keirin.kdreams.jp/takamatsu/racedetail/7120241124030005/?pageType=odds,2026-10-05T05:07:11.384222+00:00,1-2-3/7/5-4-6,published,競輪毎日,楽天Kドリームス 並び予想
7120241124030006,2024-11-26,高松競輪,F2,A1/A2,6,Ａ級特選,22:50,22:45,7,https://keirin.kdreams.jp/takamatsu/racedetail/7120241124030006/?pageType=odds,2026-10-05T05:07:13.337961+00:00,1-4/7/2-5-6/3,published,競輪毎日,楽天Kドリームス 並び予想
7120241124030007,2024-11-26,高松競輪,F2,A1/A2,7,Ａ級決勝,23:14,23:09,7,https://keirin.kdreams.jp/takamatsu/racedetail/7120241124030007/?pageType=odds,2026-10-05T05:07:15.034828+00:00,1-7/5-2/3-4/6,published,競輪毎日,楽天Kドリームス 並び予想
7420241126010001,2024-11-26,高知競輪,F1,A1/A2,1,Ａ級予選,10:53,10:48,7,https://keirin.kdreams.jp/kochi/racedetail/7420241126010001/?pageType=odds,2026-10-05T05:09:03.733371+00:00,7-1-5-2/3-4/6,published,福ちゃん出版社,楽天Kドリームス 並び予想
7420241126010002,2024-11-26,高知競輪,F1,A1/A2,2,Ａ級予選,11:21,11:16,7,https://keirin.kdreams.jp/kochi/racedetail/7420241126010002/?pageType=odds,2026-10-05T05:09:05.300930+00:00,2-4/1/7/5-3-6,published,福ちゃん出版社,楽天Kドリームス 並び予想
7420241126010003,2024-11-26,高知競輪,F1,A1/A2,3,Ａ級予選,11:50,11:45,7,https://keirin.kdreams.jp/kochi/racedetail/7420241126010003/?pageType=odds,2026-10-05T05:09:06.925193+00:00,2-5/6-1-4/7-3,published,福ちゃん出版社,楽天Kドリームス 並び予想
7420241126010004,2024-11-26,高知競輪,F1,A1/A2,4,Ａ級予選,12:19,12:14,7,https://keirin.kdreams.jp/kochi/racedetail/7420241126010004/?pageType=odds,2026-10-05T05:09:08.852215+00:00,1-5-7/2/4-3/6,published,福ちゃん出版社,楽天Kドリームス 並び予想
7420241126010005,2024-11-26,高知競輪,F1,A1/A2,5,Ａ級初日特選,12:49,12:44,7,https://keirin.kdreams.jp/kochi/racedetail/7420241126010005/?pageType=odds,2026-10-05T05:09:10.699766+00:00,2-4/1/7-3/6-5,published,福ちゃん出版社,楽天Kドリームス 並び予想
5520241125030008,2024-11-27,和歌山競輪,F2,A1/A2,8,Ａ級特一般,14:00,13:55,7,https://keirin.kdreams.jp/wakayama/racedetail/5520241125030008/?pageType=odds,2026-10-05T05:08:54.693591+00:00,7-2/1/3-4-5/6,published,競輪研究,楽天Kドリームス 並び予想
5520241125030009,2024-11-27,和歌山競輪,F2,A1/A2,9,Ａ級特一般,14:35,14:30,7,https://keirin.kdreams.jp/wakayama/racedetail/5520241125030009/?pageType=odds,2026-10-05T05:08:56.248418+00:00,5-1-6/4-2-3/7,published,競輪研究,楽天Kドリームス 並び予想
5520241125030010,2024-11-27,和歌山競輪,F2,A1/A2,10,Ａ級特選,15:05,15:00,7,https://keirin.kdreams.jp/wakayama/racedetail/5520241125030010/?pageType=odds,2026-10-05T05:08:58.215360+00:00,1-5/7-2-6/4-3,published,競輪研究,楽天Kドリームス 並び予想
5520241125030011,2024-11-27,和歌山競輪,F2,A1/A2,11,Ａ級特選,15:35,15:30,7,https://keirin.kdreams.jp/wakayama/racedetail/5520241125030011/?pageType=odds,2026-10-05T05:09:00.055767+00:00,1-5/2-6/4-3/7,published,競輪研究,楽天Kドリームス 並び予想
5520241125030012,2024-11-27,和歌山競輪,F2,A1/A2,12,Ａ級決勝,16:10,16:05,7,https://keirin.kdreams.jp/wakayama/racedetail/5520241125030012/?pageType=odds,2026-10-05T05:09:01.849181+00:00,1-3-4-6/7-2-5,published,競輪研究,楽天Kドリームス 並び予想
4420241125030001,2024-11-27,大垣競輪,F1,A1/A2,1,Ａ級一般,10:40,10:35,5,https://keirin.kdreams.jp/ogaki/racedetail/4420241125030001/?pageType=odds,2026-10-05T05:08:27.750343+00:00,1-4/3/2-5,published,ひかり,楽天Kドリームス 並び予想
4420241125030002,2024-11-27,大垣競輪,F1,A1/A2,2,Ａ級一般,11:08,11:03,6,https://keirin.kdreams.jp/ogaki/racedetail/4420241125030002/?pageType=odds,2026-10-05T05:08:29.441832+00:00,1-5-3/4-2-6,published,ひかり,楽天Kドリームス 並び予想
4420241125030003,2024-11-27,大垣競輪,F1,A1/A2,3,Ａ級特選,11:36,11:31,7,https://keirin.kdreams.jp/ogaki/racedetail/4420241125030003/?pageType=odds,2026-10-05T05:08:31.319471+00:00,2-6/3-5/1/4-7,published,ひかり,楽天Kドリームス 並び予想
4420241125030004,2024-11-27,大垣競輪,F1,A1/A2,4,Ａ級特選,12:06,12:01,7,https://keirin.kdreams.jp/ogaki/racedetail/4420241125030004/?pageType=odds,2026-10-05T05:08:33.017469+00:00,6-2/1-5-7/4-3,published,ひかり,楽天Kドリームス 並び予想
4420241125030011,2024-11-27,大垣競輪,F1,A1/A2,11,Ａ級決勝,15:50,15:45,7,https://keirin.kdreams.jp/ogaki/racedetail/4420241125030011/?pageType=odds,2026-10-05T05:08:34.813210+00:00,1-4-7/2/5-3/6,published,ひかり,楽天Kドリームス 並び予想
5320241127010001,2024-11-27,奈良競輪,F1,A1/A2,1,Ａ級予選,15:23,15:18,7,https://keirin.kdreams.jp/nara/racedetail/5320241127010001/?pageType=odds,2026-10-05T05:10:34.759879+00:00,3-5/1-7/2-6/4,published,競輪研究,楽天Kドリームス 並び予想
5320241127010002,2024-11-27,奈良競輪,F1,A1/A2,2,Ａ級予選,15:47,15:42,7,https://keirin.kdreams.jp/nara/racedetail/5320241127010002/?pageType=odds,2026-10-05T05:10:36.542815+00:00,3-6/1-5-2-4-7,published,競輪研究,楽天Kドリームス 並び予想
5320241127010003,2024-11-27,奈良競輪,F1,A1/A2,3,Ａ級予選,16:11,16:06,7,https://keirin.kdreams.jp/nara/racedetail/5320241127010003/?pageType=odds,2026-10-05T05:10:38.258004+00:00,2-4-6/5-1/7-3,published,競輪研究,楽天Kドリームス 並び予想
5320241127010004,2024-11-27,奈良競輪,F1,A1/A2,4,Ａ級予選,16:36,16:31,7,https://keirin.kdreams.jp/nara/racedetail/5320241127010004/?pageType=odds,2026-10-05T05:10:40.073536+00:00,4-7-1/2-5/3-6,published,競輪研究,楽天Kドリームス 並び予想
5320241127010005,2024-11-27,奈良競輪,F1,A1/A2,5,Ａ級初日特選,17:01,16:56,7,https://keirin.kdreams.jp/nara/racedetail/5320241127010005/?pageType=odds,2026-10-05T05:10:41.126403+00:00,5-2/4-3-6/7-1,published,競輪研究,楽天Kドリームス 並び予想
4320241127010005,2024-11-27,岐阜競輪,F2,A1/A2,5,Ａ級特予選,22:00,21:55,7,https://keirin.kdreams.jp/gifu/racedetail/4320241127010005/?pageType=odds,2026-10-05T05:09:30.406358+00:00,2-1-6/3-4-5/7,published,中部競輪・ひかり,楽天Kドリームス 並び予想
4320241127010006,2024-11-27,岐阜競輪,F2,A1/A2,6,Ａ級特予選,22:20,22:15,7,https://keirin.kdreams.jp/gifu/racedetail/4320241127010006/?pageType=odds,2026-10-05T05:09:32.668594+00:00,4-2-6/1-3-5/7,published,中部競輪・ひかり,楽天Kドリームス 並び予想
4320241127010007,2024-11-27,岐阜競輪,F2,A1/A2,7,Ａ級特予選,22:40,22:35,7,https://keirin.kdreams.jp/gifu/racedetail/4320241127010007/?pageType=odds,2026-10-05T05:09:34.320575+00:00,1-2-5-6/3-4/7,published,中部競輪・ひかり,楽天Kドリームス 並び予想
4320241127010008,2024-11-27,岐阜競輪,F2,A1/A2,8,Ａ級特予選,23:00,22:55,7,https://keirin.kdreams.jp/gifu/racedetail/4320241127010008/?pageType=odds,2026-10-05T05:09:36.080657+00:00,5-3/1-2-7/6-4,published,中部競輪・ひかり,楽天Kドリームス 並び予想
4320241127010009,2024-11-27,岐阜競輪,F2,A1/A2,9,Ａ級初日特選,23:20,23:15,7,https://keirin.kdreams.jp/gifu/racedetail/4320241127010009/?pageType=odds,2026-10-05T05:09:38.139596+00:00,1-5/2-4/3-7-6,published,中部競輪・ひかり,楽天Kドリームス 並び予想
7520241127010003,2024-11-27,松山競輪,F2,A1/A2,3,Ａ級予選,21:30,21:25,7,https://keirin.kdreams.jp/matsuyama/racedetail/7520241127010003/?pageType=odds,2026-10-05T05:09:57.160306+00:00,2-1/7-3/4-6-5,published,金星社,楽天Kドリームス 並び予想
7520241127010004,2024-11-27,松山競輪,F2,A1/A2,4,Ａ級予選,21:50,21:45,7,https://keirin.kdreams.jp/matsuyama/racedetail/7520241127010004/?pageType=odds,2026-10-05T05:09:58.746514+00:00,1-3/4-2-5/7-6,published,金星社,楽天Kドリームス 並び予想
7520241127010005,2024-11-27,松山競輪,F2,A1/A2,5,Ａ級予選,22:10,22:05,7,https://keirin.kdreams.jp/matsuyama/racedetail/7520241127010005/?pageType=odds,2026-10-05T05:10:00.536685+00:00,1-2-7/3/5-4-6,published,金星社,楽天Kドリームス 並び予想
7520241127010006,2024-11-27,松山競輪,F2,A1/A2,6,Ａ級予選,22:30,22:25,7,https://keirin.kdreams.jp/matsuyama/racedetail/7520241127010006/?pageType=odds,2026-10-05T05:10:02.142915+00:00,2-1-5/6-3/7-4,published,金星社,楽天Kドリームス 並び予想
7520241127010007,2024-11-27,松山競輪,F2,A1/A2,7,Ａ級予選,22:50,22:45,7,https://keirin.kdreams.jp/matsuyama/racedetail/7520241127010007/?pageType=odds,2026-10-05T05:10:04.020633+00:00,1-3-7/5-2/6-4,published,金星社,楽天Kドリームス 並び予想
7520241127010008,2024-11-27,松山競輪,F2,A1/A2,8,Ａ級予選,23:10,23:05,7,https://keirin.kdreams.jp/matsuyama/racedetail/7520241127010008/?pageType=odds,2026-10-05T05:10:05.721402+00:00,1-2-6/5/3-4/7,published,金星社,楽天Kドリームス 並び予想
7520241127010009,2024-11-27,松山競輪,F2,A1/A2,9,Ａ級初日特選,23:30,23:25,7,https://keirin.kdreams.jp/matsuyama/racedetail/7520241127010009/?pageType=odds,2026-10-05T05:10:07.452300+00:00,1-5-6/3/7-4-2,published,金星社,楽天Kドリームス 並び予想
3120241125030001,2024-11-27,松戸競輪,F1,A1/A2,1,Ａ級一般,15:28,15:23,7,https://keirin.kdreams.jp/matsudo/racedetail/3120241125030001/?pageType=odds,2026-10-05T05:08:00.713607+00:00,4-1/7/5-2-3-6,published,アオケイ,楽天Kドリームス 並び予想
3120241125030002,2024-11-27,松戸競輪,F1,A1/A2,2,Ａ級一般,15:52,15:47,7,https://keirin.kdreams.jp/matsudo/racedetail/3120241125030002/?pageType=odds,2026-10-05T05:08:02.569283+00:00,1-7/2-4/6-3-5,published,アオケイ,楽天Kドリームス 並び予想
3120241125030003,2024-11-27,松戸競輪,F1,A1/A2,3,Ａ級特選,16:16,16:11,7,https://keirin.kdreams.jp/matsudo/racedetail/3120241125030003/?pageType=odds,2026-10-05T05:08:04.404067+00:00,4-1-6/7-2/3-5,published,アオケイ,楽天Kドリームス 並び予想
3120241125030004,2024-11-27,松戸競輪,F1,A1/A2,4,Ａ級特選,16:42,16:37,7,https://keirin.kdreams.jp/matsudo/racedetail/3120241125030004/?pageType=odds,2026-10-05T05:08:06.259434+00:00,7-1/2-5/6-4-3,published,アオケイ,楽天Kドリームス 並び予想
3120241125030010,2024-11-27,松戸競輪,F1,A1/A2,10,Ａ級決勝,19:29,19:24,7,https://keirin.kdreams.jp/matsudo/racedetail/3120241125030010/?pageType=odds,2026-10-05T05:08:07.881939+00:00,1/6-2/4-7/3-5,published,アオケイ,楽天Kドリームス 並び予想
6320241125030006,2024-11-27,防府競輪,F2,A1/A2,6,Ａ級特一般,10:30,10:25,7,https://keirin.kdreams.jp/hofu/racedetail/6320241125030006/?pageType=odds,2026-10-05T05:07:35.130790+00:00,4-1/2/6/3-5/7,published,リズム,楽天Kドリームス 並び予想
6320241125030007,2024-11-27,防府競輪,F2,A1/A2,7,Ａ級特一般,10:50,10:45,7,https://keirin.kdreams.jp/hofu/racedetail/6320241125030007/?pageType=odds,2026-10-05T05:07:36.902308+00:00,5-1/2-4-3-6/7,published,リズム,楽天Kドリームス 並び予想
6320241125030008,2024-11-27,防府競輪,F2,A1/A2,8,Ａ級特選,11:15,11:10,7,https://keirin.kdreams.jp/hofu/racedetail/6320241125030008/?pageType=odds,2026-10-05T05:07:38.655456+00:00,1-7-5/2/6-4-3,published,リズム,楽天Kドリームス 並び予想
6320241125030009,2024-11-27,防府競輪,F2,A1/A2,9,Ａ級特選,11:40,11:35,7,https://keirin.kdreams.jp/hofu/racedetail/6320241125030009/?pageType=odds,2026-10-05T05:07:40.492070+00:00,2-5/1-6/7-3-4,published,リズム,楽天Kドリームス 並び予想
6320241125030012,2024-11-27,防府競輪,F2,A1/A2,12,Ａ級決勝,13:10,13:05,7,https://keirin.kdreams.jp/hofu/racedetail/6320241125030012/?pageType=odds,2026-10-05T05:07:41.492839+00:00,3-7/5-1/6-2-4,published,リズム,楽天Kドリームス 並び予想
7420241126020001,2024-11-27,高知競輪,F1,A1/A2,1,Ａ級一般,10:53,10:48,7,https://keirin.kdreams.jp/kochi/racedetail/7420241126020001/?pageType=odds,2026-10-05T05:09:12.434259+00:00,5-1/2/3-4/6/7,published,福ちゃん出版社,楽天Kドリームス 並び予想
7420241126020002,2024-11-27,高知競輪,F1,A1/A2,2,Ａ級一般,11:21,11:16,7,https://keirin.kdreams.jp/kochi/racedetail/7420241126020002/?pageType=odds,2026-10-05T05:09:14.279393+00:00,1-4-7/6-2/3-5,published,福ちゃん出版社,楽天Kドリームス 並び予想
7420241126020003,2024-11-27,高知競輪,F1,A1/A2,3,Ａ級準決勝,11:50,11:45,7,https://keirin.kdreams.jp/kochi/racedetail/7420241126020003/?pageType=odds,2026-10-05T05:09:16.054408+00:00,3-6/1-5/7-4-2,published,福ちゃん出版社,楽天Kドリームス 並び予想
7420241126020004,2024-11-27,高知競輪,F1,A1/A2,4,Ａ級準決勝,12:19,12:14,7,https://keirin.kdreams.jp/kochi/racedetail/7420241126020004/?pageType=odds,2026-10-05T05:09:17.954293+00:00,4-1/7-2-6/3-5,published,福ちゃん出版社,楽天Kドリームス 並び予想
7420241126020005,2024-11-27,高知競輪,F1,A1/A2,5,Ａ級準決勝,12:49,12:44,7,https://keirin.kdreams.jp/kochi/racedetail/7420241126020005/?pageType=odds,2026-10-05T05:09:19.823405+00:00,5-1/4-2-7/3-6,published,福ちゃん出版社,楽天Kドリームス 並び予想
5320241127020001,2024-11-28,奈良競輪,F1,A1/A2,1,Ａ級一般,15:32,15:27,7,https://keirin.kdreams.jp/nara/racedetail/5320241127020001/?pageType=odds,2026-10-05T05:10:42.279298+00:00,1-7-6/2-4/5-3,published,競輪研究,楽天Kドリームス 並び予想
5320241127020002,2024-11-28,奈良競輪,F1,A1/A2,2,Ａ級一般,15:55,15:50,7,https://keirin.kdreams.jp/nara/racedetail/5320241127020002/?pageType=odds,2026-10-05T05:10:43.351836+00:00,5-2/7-3/1/4-6,published,競輪研究,楽天Kドリームス 並び予想
5320241127020003,2024-11-28,奈良競輪,F1,A1/A2,3,Ａ級準決勝,16:19,16:14,7,https://keirin.kdreams.jp/nara/racedetail/5320241127020003/?pageType=odds,2026-10-05T05:10:44.766800+00:00,7-1-4/3-5/6-2,published,競輪研究,楽天Kドリームス 並び予想
5320241127020004,2024-11-28,奈良競輪,F1,A1/A2,4,Ａ級準決勝,16:44,16:39,7,https://keirin.kdreams.jp/nara/racedetail/5320241127020004/?pageType=odds,2026-10-05T05:10:46.588194+00:00,1-5-6/4-3/7-2,published,競輪研究,楽天Kドリームス 並び予想
5320241127020005,2024-11-28,奈良競輪,F1,A1/A2,5,Ａ級準決勝,17:09,17:04,7,https://keirin.kdreams.jp/nara/racedetail/5320241127020005/?pageType=odds,2026-10-05T05:10:48.406171+00:00,1-7/4/5-2/6-3,published,競輪研究,楽天Kドリームス 並び予想
4320241127020005,2024-11-28,岐阜競輪,F2,A1/A2,5,Ａ級特一般,22:00,21:55,6,https://keirin.kdreams.jp/gifu/racedetail/4320241127020005/?pageType=odds,2026-10-05T05:09:39.809420+00:00,1-2-3/4/5/6,published,中部競輪・ひかり,楽天Kドリームス 並び予想
4320241127020006,2024-11-28,岐阜競輪,F2,A1/A2,6,Ａ級特一般,22:20,22:15,7,https://keirin.kdreams.jp/gifu/racedetail/4320241127020006/?pageType=odds,2026-10-05T05:09:41.621326+00:00,1-3/2/4-5-7/6,published,中部競輪・ひかり,楽天Kドリームス 並び予想
4320241127020007,2024-11-28,岐阜競輪,F2,A1/A2,7,Ａ級準決勝,22:40,22:35,7,https://keirin.kdreams.jp/gifu/racedetail/4320241127020007/?pageType=odds,2026-10-05T05:09:43.587301+00:00,1-5/2-3/6-4-7,published,中部競輪・ひかり,楽天Kドリームス 並び予想
4320241127020008,2024-11-28,岐阜競輪,F2,A1/A2,8,Ａ級準決勝,23:00,22:55,7,https://keirin.kdreams.jp/gifu/racedetail/4320241127020008/?pageType=odds,2026-10-05T05:09:45.403417+00:00,1-3/4-2/5/7-6,published,中部競輪・ひかり,楽天Kドリームス 並び予想
4320241127020009,2024-11-28,岐阜競輪,F2,A1/A2,9,Ａ級準決勝,23:20,23:15,7,https://keirin.kdreams.jp/gifu/racedetail/4320241127020009/?pageType=odds,2026-10-05T05:09:47.110553+00:00,1-2-7/6-3/5-4,published,中部競輪・ひかり,楽天Kドリームス 並び予想
7520241127020003,2024-11-28,松山競輪,F2,A1/A2,3,Ａ級一般,21:30,21:25,7,https://keirin.kdreams.jp/matsuyama/racedetail/7520241127020003/?pageType=odds,2026-10-05T05:10:09.360631+00:00,1-7-6/2/3/4/5,published,金星社,楽天Kドリームス 並び予想
7520241127020004,2024-11-28,松山競輪,F2,A1/A2,4,Ａ級一般,21:50,21:45,7,https://keirin.kdreams.jp/matsuyama/racedetail/7520241127020004/?pageType=odds,2026-10-05T05:10:11.041739+00:00,3-1-5/7/4-2-6,published,金星社,楽天Kドリームス 並び予想
7520241127020005,2024-11-28,松山競輪,F2,A1/A2,5,Ａ級選抜,22:10,22:05,7,https://keirin.kdreams.jp/matsuyama/racedetail/7520241127020005/?pageType=odds,2026-10-05T05:10:12.997038+00:00,1-2/3-6/7-4-5,published,金星社,楽天Kドリームス 並び予想
7520241127020006,2024-11-28,松山競輪,F2,A1/A2,6,Ａ級選抜,22:30,22:25,7,https://keirin.kdreams.jp/matsuyama/racedetail/7520241127020006/?pageType=odds,2026-10-05T05:10:14.713767+00:00,1-4-2/5/6-3-7,published,金星社,楽天Kドリームス 並び予想
7520241127020007,2024-11-28,松山競輪,F2,A1/A2,7,Ａ級準決勝,22:50,22:45,7,https://keirin.kdreams.jp/matsuyama/racedetail/7520241127020007/?pageType=odds,2026-10-05T05:10:16.783947+00:00,4-1/3-2-5/7-6,published,金星社,楽天Kドリームス 並び予想
7520241127020008,2024-11-28,松山競輪,F2,A1/A2,8,Ａ級準決勝,23:10,23:05,7,https://keirin.kdreams.jp/matsuyama/racedetail/7520241127020008/?pageType=odds,2026-10-05T05:10:18.444170+00:00,2-1-6/4-5/7-3,published,金星社,楽天Kドリームス 並び予想
7520241127020009,2024-11-28,松山競輪,F2,A1/A2,9,Ａ級準決勝,23:30,23:25,7,https://keirin.kdreams.jp/matsuyama/racedetail/7520241127020009/?pageType=odds,2026-10-05T05:10:20.243151+00:00,1-3-5/4-2/6-7,published,金星社,楽天Kドリームス 並び予想
3820241128010001,2024-11-28,静岡競輪,F1,A1/A2,1,Ａ級予選,10:45,10:40,7,https://keirin.kdreams.jp/shizuoka/racedetail/3820241128010001/?pageType=odds,2026-10-05T05:10:59.243475+00:00,1-4/3-6/7-5-2,published,ひかり・小田競,楽天Kドリームス 並び予想
3820241128010002,2024-11-28,静岡競輪,F1,A1/A2,2,Ａ級予選,11:11,11:06,7,https://keirin.kdreams.jp/shizuoka/racedetail/3820241128010002/?pageType=odds,2026-10-05T05:11:00.987478+00:00,1-5/7-2/6/3-4,published,ひかり・小田競,楽天Kドリームス 並び予想
3820241128010003,2024-11-28,静岡競輪,F1,A1/A2,3,Ａ級予選,11:39,11:34,7,https://keirin.kdreams.jp/shizuoka/racedetail/3820241128010003/?pageType=odds,2026-10-05T05:11:02.797176+00:00,4-1/6-2/3-7-5,published,ひかり・小田競,楽天Kドリームス 並び予想
3820241128010004,2024-11-28,静岡競輪,F1,A1/A2,4,Ａ級予選,12:07,12:02,7,https://keirin.kdreams.jp/shizuoka/racedetail/3820241128010004/?pageType=odds,2026-10-05T05:11:04.594279+00:00,5-3/7-4-1/6-2,published,ひかり・小田競,楽天Kドリームス 並び予想
3820241128010005,2024-11-28,静岡競輪,F1,A1/A2,5,Ａ級初日特選,12:35,12:30,7,https://keirin.kdreams.jp/shizuoka/racedetail/3820241128010005/?pageType=odds,2026-10-05T05:11:06.246253+00:00,1-5/2-6/4/7-3,published,ひかり・小田競,楽天Kドリームス 並び予想
7420241126030001,2024-11-28,高知競輪,F1,A1/A2,1,Ａ級一般,10:53,10:48,7,https://keirin.kdreams.jp/kochi/racedetail/7420241126030001/?pageType=odds,2026-10-05T05:09:21.609411+00:00,5-3/6-1/7-2-4,published,福ちゃん出版社,楽天Kドリームス 並び予想
7420241126030002,2024-11-28,高知競輪,F1,A1/A2,2,Ａ級一般,11:21,11:16,7,https://keirin.kdreams.jp/kochi/racedetail/7420241126030002/?pageType=odds,2026-10-05T05:09:23.206787+00:00,2-1/5-3/4/6/7,published,福ちゃん出版社,楽天Kドリームス 並び予想
7420241126030003,2024-11-28,高知競輪,F1,A1/A2,3,Ａ級特選,11:50,11:45,7,https://keirin.kdreams.jp/kochi/racedetail/7420241126030003/?pageType=odds,2026-10-05T05:09:25.008789+00:00,7-1-4/2/6-3-5,published,福ちゃん出版社,楽天Kドリームス 並び予想
7420241126030004,2024-11-28,高知競輪,F1,A1/A2,4,Ａ級特選,12:19,12:14,7,https://keirin.kdreams.jp/kochi/racedetail/7420241126030004/?pageType=odds,2026-10-05T05:09:26.939517+00:00,1-4-7/3/6-2-5,published,福ちゃん出版社,楽天Kドリームス 並び予想
7420241126030011,2024-11-28,高知競輪,F1,A1/A2,11,Ａ級決勝,16:00,15:55,7,https://keirin.kdreams.jp/kochi/racedetail/7420241126030011/?pageType=odds,2026-10-05T05:09:28.774167+00:00,1/2/7-4/3-6-5,published,福ちゃん出版社,楽天Kドリームス 並び予想
5320241127030001,2024-11-29,奈良競輪,F1,A1/A2,1,Ａ級一般,15:37,15:32,7,https://keirin.kdreams.jp/nara/racedetail/5320241127030001/?pageType=odds,2026-10-05T05:10:50.219727+00:00,1-5/7-2/4-6-3,published,競輪研究,楽天Kドリームス 並び予想
5320241127030002,2024-11-29,奈良競輪,F1,A1/A2,2,Ａ級一般,16:01,15:56,7,https://keirin.kdreams.jp/nara/racedetail/5320241127030002/?pageType=odds,2026-10-05T05:10:52.167063+00:00,7-1/2-6/4/3/5,published,競輪研究,楽天Kドリームス 並び予想
5320241127030003,2024-11-29,奈良競輪,F1,A1/A2,3,Ａ級特選,16:25,16:20,7,https://keirin.kdreams.jp/nara/racedetail/5320241127030003/?pageType=odds,2026-10-05T05:10:53.882744+00:00,1/2/3-5-7-6/4,published,競輪研究,楽天Kドリームス 並び予想
5320241127030004,2024-11-29,奈良競輪,F1,A1/A2,4,Ａ級特選,16:50,16:45,7,https://keirin.kdreams.jp/nara/racedetail/5320241127030004/?pageType=odds,2026-10-05T05:10:55.527250+00:00,2-4-6/5-1/3-7,published,競輪研究,楽天Kドリームス 並び予想
5320241127030011,2024-11-29,奈良競輪,F1,A1/A2,11,Ａ級決勝,20:00,19:55,7,https://keirin.kdreams.jp/nara/racedetail/5320241127030011/?pageType=odds,2026-10-05T05:10:57.494939+00:00,2/3-5/7-1-6/4,published,競輪研究,楽天Kドリームス 並び予想
4320241127030004,2024-11-29,岐阜競輪,F2,A1/A2,4,Ａ級特一般,21:40,21:35,6,https://keirin.kdreams.jp/gifu/racedetail/4320241127030004/?pageType=odds,2026-10-05T05:09:48.662662+00:00,3-1-2-4/5/6,published,中部競輪・ひかり,楽天Kドリームス 並び予想
4320241127030005,2024-11-29,岐阜競輪,F2,A1/A2,5,Ａ級特一般,22:00,21:55,7,https://keirin.kdreams.jp/gifu/racedetail/4320241127030005/?pageType=odds,2026-10-05T05:09:50.464985+00:00,3-1-4/2/5/6/7,published,中部競輪・ひかり,楽天Kドリームス 並び予想
4320241127030006,2024-11-29,岐阜競輪,F2,A1/A2,6,Ａ級特選,22:20,22:15,7,https://keirin.kdreams.jp/gifu/racedetail/4320241127030006/?pageType=odds,2026-10-05T05:09:52.055159+00:00,2-1/7-4-5/3-6,published,中部競輪・ひかり,楽天Kドリームス 並び予想
4320241127030007,2024-11-29,岐阜競輪,F2,A1/A2,7,Ａ級特選,22:40,22:35,7,https://keirin.kdreams.jp/gifu/racedetail/4320241127030007/?pageType=odds,2026-10-05T05:09:53.765813+00:00,1-4-7/5-2/3-6,published,中部競輪・ひかり,楽天Kドリームス 並び予想
4320241127030009,2024-11-29,岐阜競輪,F2,A1/A2,9,Ａ級決勝,23:20,23:15,7,https://keirin.kdreams.jp/gifu/racedetail/4320241127030009/?pageType=odds,2026-10-05T05:09:55.480106+00:00,1-7-4/2/6-3-5,published,中部競輪・ひかり,楽天Kドリームス 並び予想
7520241127030002,2024-11-29,松山競輪,F2,A1/A2,2,Ａ級一般,21:10,21:05,7,https://keirin.kdreams.jp/matsuyama/racedetail/7520241127030002/?pageType=odds,2026-10-05T05:10:21.956675+00:00,1-3-5/4-2/6/7,published,金星社,楽天Kドリームス 並び予想
7520241127030003,2024-11-29,松山競輪,F2,A1/A2,3,Ａ級一般,21:30,21:25,7,https://keirin.kdreams.jp/matsuyama/racedetail/7520241127030003/?pageType=odds,2026-10-05T05:10:23.776952+00:00,5-1-6/2-3-4/7,published,金星社,楽天Kドリームス 並び予想
7520241127030004,2024-11-29,松山競輪,F2,A1/A2,4,Ａ級一般,21:50,21:45,7,https://keirin.kdreams.jp/matsuyama/racedetail/7520241127030004/?pageType=odds,2026-10-05T05:10:25.520109+00:00,1-5/7-2/4-3/6,published,金星社,楽天Kドリームス 並び予想
7520241127030005,2024-11-29,松山競輪,F2,A1/A2,5,Ａ級特選,22:10,22:05,7,https://keirin.kdreams.jp/matsuyama/racedetail/7520241127030005/?pageType=odds,2026-10-05T05:10:27.453304+00:00,1-3/2-6/5-4/7,published,金星社,楽天Kドリームス 並び予想
7520241127030006,2024-11-29,松山競輪,F2,A1/A2,6,Ａ級特選,22:30,22:25,7,https://keirin.kdreams.jp/matsuyama/racedetail/7520241127030006/?pageType=odds,2026-10-05T05:10:29.205211+00:00,1-3/4-2/7-6-5,published,金星社,楽天Kドリームス 並び予想
7520241127030007,2024-11-29,松山競輪,F2,A1/A2,7,Ａ級特選,22:50,22:45,7,https://keirin.kdreams.jp/matsuyama/racedetail/7520241127030007/?pageType=odds,2026-10-05T05:10:30.908921+00:00,2-1-6/3/4-5/7,published,金星社,楽天Kドリームス 並び予想
7520241127030009,2024-11-29,松山競輪,F2,A1/A2,9,Ａ級決勝,23:30,23:25,7,https://keirin.kdreams.jp/matsuyama/racedetail/7520241127030009/?pageType=odds,2026-10-05T05:10:33.069278+00:00,1-3-4/5-2/7-6,published,金星社,楽天Kドリームス 並び予想
2620241129010008,2024-11-29,西武園競輪,F2,A1/A2,8,Ａ級特予選,18:23,18:18,7,https://keirin.kdreams.jp/seibuen/racedetail/2620241129010008/?pageType=odds,2026-10-05T05:11:26.581838+00:00,5-3-1/7/4-2-6,published,アオケイ,楽天Kドリームス 並び予想
2620241129010009,2024-11-29,西武園競輪,F2,A1/A2,9,Ａ級特予選,18:49,18:44,7,https://keirin.kdreams.jp/seibuen/racedetail/2620241129010009/?pageType=odds,2026-10-05T05:11:28.358699+00:00,1-5/6-2/4-7-3,published,アオケイ,楽天Kドリームス 並び予想
2620241129010010,2024-11-29,西武園競輪,F2,A1/A2,10,Ａ級特予選,19:21,19:16,7,https://keirin.kdreams.jp/seibuen/racedetail/2620241129010010/?pageType=odds,2026-10-05T05:11:30.317920+00:00,3-4-1/7/2-5-6,published,アオケイ,楽天Kドリームス 並び予想
2620241129010011,2024-11-29,西武園競輪,F2,A1/A2,11,Ａ級特予選,19:54,19:49,7,https://keirin.kdreams.jp/seibuen/racedetail/2620241129010011/?pageType=odds,2026-10-05T05:11:32.314489+00:00,4-1-3-6/5-7-2,published,アオケイ,楽天Kドリームス 並び予想
2620241129010012,2024-11-29,西武園競輪,F2,A1/A2,12,Ａ級初日特選,20:27,20:22,7,https://keirin.kdreams.jp/seibuen/racedetail/2620241129010012/?pageType=odds,2026-10-05T05:11:34.022121+00:00,2-6/1/7-3-5/4,published,アオケイ,楽天Kドリームス 並び予想
3820241128020001,2024-11-29,静岡競輪,F1,A1/A2,1,Ａ級一般,10:45,10:40,7,https://keirin.kdreams.jp/shizuoka/racedetail/3820241128020001/?pageType=odds,2026-10-05T05:11:08.191602+00:00,2-7/1-6/4-3-5,published,ひかり・小田競,楽天Kドリームス 並び予想
3820241128020002,2024-11-29,静岡競輪,F1,A1/A2,2,Ａ級一般,11:11,11:06,7,https://keirin.kdreams.jp/shizuoka/racedetail/3820241128020002/?pageType=odds,2026-10-05T05:11:09.853207+00:00,2-5/1-4/3-7/6,published,ひかり・小田競,楽天Kドリームス 並び予想
3820241128020003,2024-11-29,静岡競輪,F1,A1/A2,3,Ａ級準決勝,11:39,11:34,7,https://keirin.kdreams.jp/shizuoka/racedetail/3820241128020003/?pageType=odds,2026-10-05T05:11:11.860245+00:00,1-5/2-4-6/3-7,published,ひかり・小田競,楽天Kドリームス 並び予想
3820241128020004,2024-11-29,静岡競輪,F1,A1/A2,4,Ａ級準決勝,12:07,12:02,7,https://keirin.kdreams.jp/shizuoka/racedetail/3820241128020004/?pageType=odds,2026-10-05T05:11:13.506917+00:00,6-2/7-1/4/5-3,published,ひかり・小田競,楽天Kドリームス 並び予想
3820241128020005,2024-11-29,静岡競輪,F1,A1/A2,5,Ａ級準決勝,12:35,12:30,7,https://keirin.kdreams.jp/shizuoka/racedetail/3820241128020005/?pageType=odds,2026-10-05T05:11:15.341145+00:00,4-1/7-3/5-2-6,published,ひかり・小田競,楽天Kドリームス 並び予想
1320241130010001,2024-11-30,いわき平競輪,F1,A1/A2,1,Ａ級予選,15:59,15:54,7,https://keirin.kdreams.jp/iwakitaira/racedetail/1320241130010001/?pageType=odds,2026-10-05T05:12:32.496144+00:00,5-1/3-7/6-2-4,published,アオケイ,楽天Kドリームス 並び予想
1320241130010002,2024-11-30,いわき平競輪,F1,A1/A2,2,Ａ級予選,16:23,16:18,7,https://keirin.kdreams.jp/iwakitaira/racedetail/1320241130010002/?pageType=odds,2026-10-05T05:12:34.132656+00:00,4-1/3/2-5-7/6,published,アオケイ,楽天Kドリームス 並び予想
1320241130010003,2024-11-30,いわき平競輪,F1,A1/A2,3,Ａ級予選,16:47,16:42,7,https://keirin.kdreams.jp/iwakitaira/racedetail/1320241130010003/?pageType=odds,2026-10-05T05:12:35.852449+00:00,1-5/7-2/4-3/6,published,アオケイ,楽天Kドリームス 並び予想
1320241130010004,2024-11-30,いわき平競輪,F1,A1/A2,4,Ａ級予選,17:11,17:06,7,https://keirin.kdreams.jp/iwakitaira/racedetail/1320241130010004/?pageType=odds,2026-10-05T05:12:37.569764+00:00,5-1-4/6-2/7-3,published,アオケイ,楽天Kドリームス 並び予想
1320241130010005,2024-11-30,いわき平競輪,F1,A1/A2,5,Ａ級初日特選,17:35,17:30,7,https://keirin.kdreams.jp/iwakitaira/racedetail/1320241130010005/?pageType=odds,2026-10-05T05:12:39.171682+00:00,1-7/5-2/4-3-6,published,アオケイ,楽天Kドリームス 並び予想
3720241130010001,2024-11-30,伊東競輪,F2,A1/A2,1,Ａ級予選,08:50,08:45,7,https://keirin.kdreams.jp/ito/racedetail/3720241130010001/?pageType=odds,2026-10-05T05:11:53.608447+00:00,6-2/1-5/7-3-4,published,ひかり・小田競,楽天Kドリームス 並び予想
3720241130010002,2024-11-30,伊東競輪,F2,A1/A2,2,Ａ級予選,09:10,09:05,7,https://keirin.kdreams.jp/ito/racedetail/3720241130010002/?pageType=odds,2026-10-05T05:11:55.446194+00:00,5-2-1/4-7-3/6,published,ひかり・小田競,楽天Kドリームス 並び予想
3720241130010003,2024-11-30,伊東競輪,F2,A1/A2,3,Ａ級予選,09:30,09:25,7,https://keirin.kdreams.jp/ito/racedetail/3720241130010003/?pageType=odds,2026-10-05T05:11:56.981005+00:00,6-1/4-2/5-3-7,published,ひかり・小田競,楽天Kドリームス 並び予想
3720241130010004,2024-11-30,伊東競輪,F2,A1/A2,4,Ａ級予選,09:50,09:45,7,https://keirin.kdreams.jp/ito/racedetail/3720241130010004/?pageType=odds,2026-10-05T05:11:58.716082+00:00,1-4-5/2/7-3/6,published,ひかり・小田競,楽天Kドリームス 並び予想
3720241130010005,2024-11-30,伊東競輪,F2,A1/A2,5,Ａ級予選,10:10,10:05,7,https://keirin.kdreams.jp/ito/racedetail/3720241130010005/?pageType=odds,2026-10-05T05:12:00.445693+00:00,7-1/2-6/3-4-5,published,ひかり・小田競,楽天Kドリームス 並び予想
3720241130010006,2024-11-30,伊東競輪,F2,A1/A2,6,Ａ級予選,10:30,10:25,7,https://keirin.kdreams.jp/ito/racedetail/3720241130010006/?pageType=odds,2026-10-05T05:12:02.642234+00:00,1-5-7/4-3-2/6,published,ひかり・小田競,楽天Kドリームス 並び予想
3720241130010007,2024-11-30,伊東競輪,F2,A1/A2,7,Ａ級初日特選,10:50,10:45,7,https://keirin.kdreams.jp/ito/racedetail/3720241130010007/?pageType=odds,2026-10-05T05:12:04.333769+00:00,4-5-1/2-7/3-6,published,ひかり・小田競,楽天Kドリームス 並び予想
8120241130010001,2024-11-30,小倉競輪,F2,A1/A2,1,Ａ級予選,20:40,20:35,7,https://keirin.kdreams.jp/kokura/racedetail/8120241130010001/?pageType=odds,2026-10-05T05:12:58.793733+00:00,2-1/3-4/5-6-7,published,コンドル出版社,楽天Kドリームス 並び予想
8120241130010002,2024-11-30,小倉競輪,F2,A1/A2,2,Ａ級予選,21:05,21:00,7,https://keirin.kdreams.jp/kokura/racedetail/8120241130010002/?pageType=odds,2026-10-05T05:13:00.444431+00:00,2-1-7/3-6/4-5,published,コンドル出版社,楽天Kドリームス 並び予想
8120241130010003,2024-11-30,小倉競輪,F2,A1/A2,3,Ａ級予選,21:30,21:25,7,https://keirin.kdreams.jp/kokura/racedetail/8120241130010003/?pageType=odds,2026-10-05T05:13:02.416561+00:00,1-3-5-7/4-2/6,published,コンドル出版社,楽天Kドリームス 並び予想
8120241130010004,2024-11-30,小倉競輪,F2,A1/A2,4,Ａ級予選,21:55,21:50,7,https://keirin.kdreams.jp/kokura/racedetail/8120241130010004/?pageType=odds,2026-10-05T05:13:04.018749+00:00,3-1-5/4-2-6/7,published,コンドル出版社,楽天Kドリームス 並び予想
8120241130010005,2024-11-30,小倉競輪,F2,A1/A2,5,Ａ級予選,22:20,22:15,7,https://keirin.kdreams.jp/kokura/racedetail/8120241130010005/?pageType=odds,2026-10-05T05:13:05.841199+00:00,1-2/4-5/6-3-7,published,コンドル出版社,楽天Kドリームス 並び予想
8120241130010006,2024-11-30,小倉競輪,F2,A1/A2,6,Ａ級予選,22:45,22:40,7,https://keirin.kdreams.jp/kokura/racedetail/8120241130010006/?pageType=odds,2026-10-05T05:13:07.612481+00:00,1-2-5/4-3/6/7,published,コンドル出版社,楽天Kドリームス 並び予想
8120241130010007,2024-11-30,小倉競輪,F2,A1/A2,7,Ａ級初日特選,23:10,23:05,7,https://keirin.kdreams.jp/kokura/racedetail/8120241130010007/?pageType=odds,2026-10-05T05:13:09.253943+00:00,1-3-7/5/2-4-6,published,コンドル出版社,楽天Kドリームス 並び予想
2620241129020008,2024-11-30,西武園競輪,F2,A1/A2,8,Ａ級特一般,18:23,18:18,7,https://keirin.kdreams.jp/seibuen/racedetail/2620241129020008/?pageType=odds,2026-10-05T05:11:35.802570+00:00,5-1-4/2-7/3-6,published,アオケイ,楽天Kドリームス 並び予想
2620241129020009,2024-11-30,西武園競輪,F2,A1/A2,9,Ａ級特一般,18:49,18:44,7,https://keirin.kdreams.jp/seibuen/racedetail/2620241129020009/?pageType=odds,2026-10-05T05:11:37.521003+00:00,7-1/5-2/4/6-3,published,アオケイ,楽天Kドリームス 並び予想
2620241129020010,2024-11-30,西武園競輪,F2,A1/A2,10,Ａ級準決勝,19:21,19:16,7,https://keirin.kdreams.jp/seibuen/racedetail/2620241129020010/?pageType=odds,2026-10-05T05:11:39.338814+00:00,4-1/2-5-6/7-3,published,アオケイ,楽天Kドリームス 並び予想
2620241129020011,2024-11-30,西武園競輪,F2,A1/A2,11,Ａ級準決勝,19:54,19:49,7,https://keirin.kdreams.jp/seibuen/racedetail/2620241129020011/?pageType=odds,2026-10-05T05:11:41.120159+00:00,2-4-6/1/5-3-7,published,アオケイ,楽天Kドリームス 並び予想
2620241129020012,2024-11-30,西武園競輪,F2,A1/A2,12,Ａ級準決勝,20:27,20:22,7,https://keirin.kdreams.jp/seibuen/racedetail/2620241129020012/?pageType=odds,2026-10-05T05:11:42.845138+00:00,1-5/2/6/7-3-4,published,アオケイ,楽天Kドリームス 並び予想
3820241128030001,2024-11-30,静岡競輪,F1,A1/A2,1,Ａ級一般,10:45,10:40,7,https://keirin.kdreams.jp/shizuoka/racedetail/3820241128030001/?pageType=odds,2026-10-05T05:11:17.037852+00:00,5-2-7/6-1-3/4,published,ひかり・小田競,楽天Kドリームス 並び予想
3820241128030002,2024-11-30,静岡競輪,F1,A1/A2,2,Ａ級一般,11:11,11:06,7,https://keirin.kdreams.jp/shizuoka/racedetail/3820241128030002/?pageType=odds,2026-10-05T05:11:18.792001+00:00,1-7/2-5-4/6-3,published,ひかり・小田競,楽天Kドリームス 並び予想
3820241128030003,2024-11-30,静岡競輪,F1,A1/A2,3,Ａ級特選,11:39,11:34,7,https://keirin.kdreams.jp/shizuoka/racedetail/3820241128030003/?pageType=odds,2026-10-05T05:11:20.520738+00:00,4-1-5/7-2/3-6,published,ひかり・小田競,楽天Kドリームス 並び予想
3820241128030004,2024-11-30,静岡競輪,F1,A1/A2,4,Ａ級特選,12:07,12:02,7,https://keirin.kdreams.jp/shizuoka/racedetail/3820241128030004/?pageType=odds,2026-10-05T05:11:22.462059+00:00,1-4-7/6-5-3-2,published,ひかり・小田競,楽天Kドリームス 並び予想
3820241128030011,2024-11-30,静岡競輪,F1,A1/A2,11,Ａ級決勝,15:50,15:45,7,https://keirin.kdreams.jp/shizuoka/racedetail/3820241128030011/?pageType=odds,2026-10-05T05:11:24.612859+00:00,1-5/6-2-7/4-3,published,ひかり・小田競,楽天Kドリームス 並び予想
1320241130020001,2024-12-01,いわき平競輪,F1,A1/A2,1,Ａ級一般,15:59,15:54,7,https://keirin.kdreams.jp/iwakitaira/racedetail/1320241130020001/?pageType=odds,2026-10-05T05:12:40.966273+00:00,6-1/4-3/5-2-7,published,アオケイ,楽天Kドリームス 並び予想
1320241130020002,2024-12-01,いわき平競輪,F1,A1/A2,2,Ａ級一般,16:23,16:18,7,https://keirin.kdreams.jp/iwakitaira/racedetail/1320241130020002/?pageType=odds,2026-10-05T05:12:42.782683+00:00,4-5-1/2-6/7-3,published,アオケイ,楽天Kドリームス 並び予想
1320241130020003,2024-12-01,いわき平競輪,F1,A1/A2,3,Ａ級準決勝,16:47,16:42,7,https://keirin.kdreams.jp/iwakitaira/racedetail/1320241130020003/?pageType=odds,2026-10-05T05:12:44.715743+00:00,1-4-3/2-7-5/6,published,アオケイ,楽天Kドリームス 並び予想
1320241130020004,2024-12-01,いわき平競輪,F1,A1/A2,4,Ａ級準決勝,17:11,17:06,7,https://keirin.kdreams.jp/iwakitaira/racedetail/1320241130020004/?pageType=odds,2026-10-05T05:12:46.556947+00:00,1-5/7-2/3-4-6,published,アオケイ,楽天Kドリームス 並び予想
1320241130020005,2024-12-01,いわき平競輪,F1,A1/A2,5,Ａ級準決勝,17:35,17:30,7,https://keirin.kdreams.jp/iwakitaira/racedetail/1320241130020005/?pageType=odds,2026-10-05T05:12:48.405603+00:00,7-1-5/2-6/3-4,published,アオケイ,楽天Kドリームス 並び予想
3720241130020001,2024-12-01,伊東競輪,F2,A1/A2,1,Ａ級一般,08:50,08:45,7,https://keirin.kdreams.jp/ito/racedetail/3720241130020001/?pageType=odds,2026-10-05T05:12:06.270479+00:00,6-3-7-1/2-5/4,published,ひかり・小田競,楽天Kドリームス 並び予想
3720241130020002,2024-12-01,伊東競輪,F2,A1/A2,2,Ａ級一般,09:10,09:05,7,https://keirin.kdreams.jp/ito/racedetail/3720241130020002/?pageType=odds,2026-10-05T05:12:08.504961+00:00,4-1-6/7-2/3-5,published,ひかり・小田競,楽天Kドリームス 並び予想
3720241130020003,2024-12-01,伊東競輪,F2,A1/A2,3,Ａ級選抜,09:30,09:25,7,https://keirin.kdreams.jp/ito/racedetail/3720241130020003/?pageType=odds,2026-10-05T05:12:10.419294+00:00,7-2/1/4/5-3/6,published,ひかり・小田競,楽天Kドリームス 並び予想
3720241130020004,2024-12-01,伊東競輪,F2,A1/A2,4,Ａ級選抜,09:50,09:45,7,https://keirin.kdreams.jp/ito/racedetail/3720241130020004/?pageType=odds,2026-10-05T05:12:12.274056+00:00,1-7/2-6/3-5-4,published,ひかり・小田競,楽天Kドリームス 並び予想
3720241130020005,2024-12-01,伊東競輪,F2,A1/A2,5,Ａ級準決勝,10:10,10:05,7,https://keirin.kdreams.jp/ito/racedetail/3720241130020005/?pageType=odds,2026-10-05T05:12:14.120729+00:00,1-5/7-4-2/6-3,published,ひかり・小田競,楽天Kドリームス 並び予想
3720241130020006,2024-12-01,伊東競輪,F2,A1/A2,6,Ａ級準決勝,10:30,10:25,7,https://keirin.kdreams.jp/ito/racedetail/3720241130020006/?pageType=odds,2026-10-05T05:12:16.118016+00:00,1-7/6-2/3-4-5,published,ひかり・小田競,楽天Kドリームス 並び予想
3720241130020007,2024-12-01,伊東競輪,F2,A1/A2,7,Ａ級準決勝,10:50,10:45,7,https://keirin.kdreams.jp/ito/racedetail/3720241130020007/?pageType=odds,2026-10-05T05:12:17.785636+00:00,2-5-4/1-7/6-3,published,ひかり・小田競,楽天Kドリームス 並び予想
8620241201010001,2024-12-01,別府競輪,F1,A1/A2,1,Ａ級予選,15:42,15:37,7,https://keirin.kdreams.jp/beppu/racedetail/8620241201010001/?pageType=odds,2026-10-05T05:13:34.410590+00:00,7-1-5/4-2-3-6,published,ダービー,楽天Kドリームス 並び予想
8620241201010002,2024-12-01,別府競輪,F1,A1/A2,2,Ａ級予選,16:06,16:01,7,https://keirin.kdreams.jp/beppu/racedetail/8620241201010002/?pageType=odds,2026-10-05T05:13:36.176836+00:00,5-1-6/2/3-7-4,published,ダービー,楽天Kドリームス 並び予想
8620241201010003,2024-12-01,別府競輪,F1,A1/A2,3,Ａ級予選,16:30,16:25,7,https://keirin.kdreams.jp/beppu/racedetail/8620241201010003/?pageType=odds,2026-10-05T05:13:37.966888+00:00,2-7-5-3/1-4/6,published,ダービー,楽天Kドリームス 並び予想
8620241201010004,2024-12-01,別府競輪,F1,A1/A2,4,Ａ級予選,16:54,16:49,7,https://keirin.kdreams.jp/beppu/racedetail/8620241201010004/?pageType=odds,2026-10-05T05:13:39.013532+00:00,1-5-7-2/4/6-3,published,ダービー,楽天Kドリームス 並び予想
8620241201010005,2024-12-01,別府競輪,F1,A1/A2,5,Ａ級初日特選,17:18,17:13,7,https://keirin.kdreams.jp/beppu/racedetail/8620241201010005/?pageType=odds,2026-10-05T05:13:40.370052+00:00,3-7-1-6/5-2-4,published,ダービー,楽天Kドリームス 並び予想
8120241130020001,2024-12-01,小倉競輪,F2,A1/A2,1,Ａ級一般,20:40,20:35,7,https://keirin.kdreams.jp/kokura/racedetail/8120241130020001/?pageType=odds,2026-10-05T05:13:10.894012+00:00,1-4-5/2-6-3/7,published,コンドル出版社,楽天Kドリームス 並び予想
8120241130020002,2024-12-01,小倉競輪,F2,A1/A2,2,Ａ級一般,21:05,21:00,7,https://keirin.kdreams.jp/kokura/racedetail/8120241130020002/?pageType=odds,2026-10-05T05:13:12.660565+00:00,1-2-7/3-4/5-6,published,コンドル出版社,楽天Kドリームス 並び予想
8120241130020003,2024-12-01,小倉競輪,F2,A1/A2,3,Ａ級選抜,21:30,21:25,7,https://keirin.kdreams.jp/kokura/racedetail/8120241130020003/?pageType=odds,2026-10-05T05:13:14.284543+00:00,2-1-5-7/3-6/4,published,コンドル出版社,楽天Kドリームス 並び予想
8120241130020004,2024-12-01,小倉競輪,F2,A1/A2,4,Ａ級選抜,21:55,21:50,7,https://keirin.kdreams.jp/kokura/racedetail/8120241130020004/?pageType=odds,2026-10-05T05:13:16.065796+00:00,1-3-5/2-4/6/7,published,コンドル出版社,楽天Kドリームス 並び予想
8120241130020005,2024-12-01,小倉競輪,F2,A1/A2,5,Ａ級準決勝,22:20,22:15,7,https://keirin.kdreams.jp/kokura/racedetail/8120241130020005/?pageType=odds,2026-10-05T05:13:17.899410+00:00,3-1/6-2/5-4/7,published,コンドル出版社,楽天Kドリームス 並び予想
8120241130020006,2024-12-01,小倉競輪,F2,A1/A2,6,Ａ級準決勝,22:45,22:40,7,https://keirin.kdreams.jp/kokura/racedetail/8120241130020006/?pageType=odds,2026-10-05T05:13:19.657150+00:00,1-4-2/3-5/6/7,published,コンドル出版社,楽天Kドリームス 並び予想
8120241130020007,2024-12-01,小倉競輪,F2,A1/A2,7,Ａ級準決勝,23:10,23:05,7,https://keirin.kdreams.jp/kokura/racedetail/8120241130020007/?pageType=odds,2026-10-05T05:13:21.314560+00:00,1-4/7-2/3/6-5,published,コンドル出版社,楽天Kドリームス 並び予想
2620241129030006,2024-12-01,西武園競輪,F2,A1/A2,6,Ａ級特一般,17:33,17:28,7,https://keirin.kdreams.jp/seibuen/racedetail/2620241129030006/?pageType=odds,2026-10-05T05:11:44.670373+00:00,5-3-1/4/6-2/7,published,アオケイ,楽天Kドリームス 並び予想
2620241129030007,2024-12-01,西武園競輪,F2,A1/A2,7,Ａ級特一般,17:58,17:53,7,https://keirin.kdreams.jp/seibuen/racedetail/2620241129030007/?pageType=odds,2026-10-05T05:11:46.426843+00:00,1-5-7/3/2-6-4,published,アオケイ,楽天Kドリームス 並び予想
2620241129030008,2024-12-01,西武園競輪,F2,A1/A2,8,Ａ級特選,18:23,18:18,7,https://keirin.kdreams.jp/seibuen/racedetail/2620241129030008/?pageType=odds,2026-10-05T05:11:48.433192+00:00,6-1/4/5-2-3/7,published,アオケイ,楽天Kドリームス 並び予想
2620241129030009,2024-12-01,西武園競輪,F2,A1/A2,9,Ａ級特選,18:49,18:44,7,https://keirin.kdreams.jp/seibuen/racedetail/2620241129030009/?pageType=odds,2026-10-05T05:11:50.305147+00:00,1-7/4-2-6/5-3,published,アオケイ,楽天Kドリームス 並び予想
2620241129030012,2024-12-01,西武園競輪,F2,A1/A2,12,Ａ級決勝,20:27,20:22,7,https://keirin.kdreams.jp/seibuen/racedetail/2620241129030012/?pageType=odds,2026-10-05T05:11:51.971791+00:00,6-4-1/2/3-5-7,published,アオケイ,楽天Kドリームス 並び予想
6320241201010001,2024-12-01,防府競輪,F2,A1/A2,1,Ａ級特予選,09:00,08:55,7,https://keirin.kdreams.jp/hofu/racedetail/6320241201010001/?pageType=odds,2026-10-05T05:14:00.318988+00:00,1-4/3-6/2-5-7,published,リズム,楽天Kドリームス 並び予想
6320241201010002,2024-12-01,防府競輪,F2,A1/A2,2,Ａ級特予選,09:20,09:15,7,https://keirin.kdreams.jp/hofu/racedetail/6320241201010002/?pageType=odds,2026-10-05T05:14:02.142412+00:00,7-1-5/2-6/4-3,published,リズム,楽天Kドリームス 並び予想
6320241201010003,2024-12-01,防府競輪,F2,A1/A2,3,Ａ級特予選,09:40,09:35,7,https://keirin.kdreams.jp/hofu/racedetail/6320241201010003/?pageType=odds,2026-10-05T05:14:03.922019+00:00,1-7/5-2/4-3-6,published,リズム,楽天Kドリームス 並び予想
6320241201010004,2024-12-01,防府競輪,F2,A1/A2,4,Ａ級特予選,10:00,09:55,7,https://keirin.kdreams.jp/hofu/racedetail/6320241201010004/?pageType=odds,2026-10-05T05:14:05.612697+00:00,1-7-4/2-6/5-3,published,リズム,楽天Kドリームス 並び予想
6320241201010005,2024-12-01,防府競輪,F2,A1/A2,5,Ａ級初日特選,10:20,10:15,7,https://keirin.kdreams.jp/hofu/racedetail/6320241201010005/?pageType=odds,2026-10-05T05:14:07.359204+00:00,1-4/3-7/6-5-2,published,リズム,楽天Kドリームス 並び予想
1320241130030001,2024-12-02,いわき平競輪,F1,A1/A2,1,Ａ級一般,15:59,15:54,7,https://keirin.kdreams.jp/iwakitaira/racedetail/1320241130030001/?pageType=odds,2026-10-05T05:12:50.178437+00:00,5-4-1/2-7/3/6,published,アオケイ,楽天Kドリームス 並び予想
1320241130030002,2024-12-02,いわき平競輪,F1,A1/A2,2,Ａ級一般,16:23,16:18,7,https://keirin.kdreams.jp/iwakitaira/racedetail/1320241130030002/?pageType=odds,2026-10-05T05:12:51.932088+00:00,1-7/4-5-2/3-6,published,アオケイ,楽天Kドリームス 並び予想
1320241130030003,2024-12-02,いわき平競輪,F1,A1/A2,3,Ａ級特選,16:47,16:42,7,https://keirin.kdreams.jp/iwakitaira/racedetail/1320241130030003/?pageType=odds,2026-10-05T05:12:53.636199+00:00,4-1-7/3/2-5-6,published,アオケイ,楽天Kドリームス 並び予想
1320241130030004,2024-12-02,いわき平競輪,F1,A1/A2,4,Ａ級特選,17:11,17:06,7,https://keirin.kdreams.jp/iwakitaira/racedetail/1320241130030004/?pageType=odds,2026-10-05T05:12:55.372240+00:00,6-1/4-3/2/5-7,published,アオケイ,楽天Kドリームス 並び予想
1320241130030011,2024-12-02,いわき平競輪,F1,A1/A2,11,Ａ級決勝,20:05,20:00,7,https://keirin.kdreams.jp/iwakitaira/racedetail/1320241130030011/?pageType=odds,2026-10-05T05:12:57.172278+00:00,1-6-4/5-2/7-3,published,アオケイ,楽天Kドリームス 並び予想
3720241130030001,2024-12-02,伊東競輪,F2,A1/A2,1,Ａ級一般,08:50,08:45,7,https://keirin.kdreams.jp/ito/racedetail/3720241130030001/?pageType=odds,2026-10-05T05:12:19.673399+00:00,3-7-6/1/5-4/2,published,ひかり・小田競,楽天Kドリームス 並び予想
3720241130030002,2024-12-02,伊東競輪,F2,A1/A2,2,Ａ級一般,09:10,09:05,7,https://keirin.kdreams.jp/ito/racedetail/3720241130030002/?pageType=odds,2026-10-05T05:12:21.361951+00:00,7-1/5-2/3-6/4,published,ひかり・小田競,楽天Kドリームス 並び予想
3720241130030003,2024-12-02,伊東競輪,F2,A1/A2,3,Ａ級一般,09:30,09:25,7,https://keirin.kdreams.jp/ito/racedetail/3720241130030003/?pageType=odds,2026-10-05T05:12:23.373977+00:00,6-2-4/1/7-3-5,published,ひかり・小田競,楽天Kドリームス 並び予想
3720241130030004,2024-12-02,伊東競輪,F2,A1/A2,4,Ａ級特選,09:50,09:45,7,https://keirin.kdreams.jp/ito/racedetail/3720241130030004/?pageType=odds,2026-10-05T05:12:25.120068+00:00,3-5/6-4-1/7-2,published,ひかり・小田競,楽天Kドリームス 並び予想
3720241130030005,2024-12-02,伊東競輪,F2,A1/A2,5,Ａ級特選,10:10,10:05,7,https://keirin.kdreams.jp/ito/racedetail/3720241130030005/?pageType=odds,2026-10-05T05:12:26.958558+00:00,4-1-6/5-2-3-7,published,ひかり・小田競,楽天Kドリームス 並び予想
3720241130030006,2024-12-02,伊東競輪,F2,A1/A2,6,Ａ級特選,10:30,10:25,7,https://keirin.kdreams.jp/ito/racedetail/3720241130030006/?pageType=odds,2026-10-05T05:12:28.779710+00:00,4-1-2/3-5-7/6,published,ひかり・小田競,楽天Kドリームス 並び予想
3720241130030007,2024-12-02,伊東競輪,F2,A1/A2,7,Ａ級決勝,10:50,10:45,7,https://keirin.kdreams.jp/ito/racedetail/3720241130030007/?pageType=odds,2026-10-05T05:12:30.761287+00:00,3-1/5-2-7/6-4,published,ひかり・小田競,楽天Kドリームス 並び予想
8620241201020001,2024-12-02,別府競輪,F1,A1/A2,1,Ａ級一般,15:42,15:37,7,https://keirin.kdreams.jp/beppu/racedetail/8620241201020001/?pageType=odds,2026-10-05T05:13:42.041147+00:00,2-4-5-7/1/3/6,published,ダービー,楽天Kドリームス 並び予想
8620241201020002,2024-12-02,別府競輪,F1,A1/A2,2,Ａ級一般,16:06,16:01,7,https://keirin.kdreams.jp/beppu/racedetail/8620241201020002/?pageType=odds,2026-10-05T05:13:43.890081+00:00,5-2-6/1-7/3/4,published,ダービー,楽天Kドリームス 並び予想
8620241201020003,2024-12-02,別府競輪,F1,A1/A2,3,Ａ級準決勝,16:30,16:25,7,https://keirin.kdreams.jp/beppu/racedetail/8620241201020003/?pageType=odds,2026-10-05T05:13:45.806973+00:00,1-4/3-5-2/6/7,published,ダービー,楽天Kドリームス 並び予想
8620241201020004,2024-12-02,別府競輪,F1,A1/A2,4,Ａ級準決勝,16:54,16:49,7,https://keirin.kdreams.jp/beppu/racedetail/8620241201020004/?pageType=odds,2026-10-05T05:13:47.954648+00:00,4-2/1-7/5-3-6,published,ダービー,楽天Kドリームス 並び予想
8620241201020005,2024-12-02,別府競輪,F1,A1/A2,5,Ａ級準決勝,17:18,17:13,7,https://keirin.kdreams.jp/beppu/racedetail/8620241201020005/?pageType=odds,2026-10-05T05:13:49.957625+00:00,1-7-5/6-2/4-3,published,ダービー,楽天Kドリームス 並び予想
8120241130030001,2024-12-02,小倉競輪,F2,A1/A2,1,Ａ級一般,20:40,20:35,7,https://keirin.kdreams.jp/kokura/racedetail/8120241130030001/?pageType=odds,2026-10-05T05:13:22.899439+00:00,2-1-6/4-7-3/5,published,コンドル出版社,楽天Kドリームス 並び予想
8120241130030002,2024-12-02,小倉競輪,F2,A1/A2,2,Ａ級一般,21:05,21:00,7,https://keirin.kdreams.jp/kokura/racedetail/8120241130030002/?pageType=odds,2026-10-05T05:13:24.565982+00:00,1-2-5/6-3/4-7,published,コンドル出版社,楽天Kドリームス 並び予想
8120241130030003,2024-12-02,小倉競輪,F2,A1/A2,3,Ａ級一般,21:30,21:25,7,https://keirin.kdreams.jp/kokura/racedetail/8120241130030003/?pageType=odds,2026-10-05T05:13:26.237408+00:00,1-7/3-2-5/4/6,published,コンドル出版社,楽天Kドリームス 並び予想
8120241130030004,2024-12-02,小倉競輪,F2,A1/A2,4,Ａ級特選,21:55,21:50,7,https://keirin.kdreams.jp/kokura/racedetail/8120241130030004/?pageType=odds,2026-10-05T05:13:27.885391+00:00,5-1/4-2-6/7-3,published,コンドル出版社,楽天Kドリームス 並び予想
8120241130030005,2024-12-02,小倉競輪,F2,A1/A2,5,Ａ級特選,22:20,22:15,7,https://keirin.kdreams.jp/kokura/racedetail/8120241130030005/?pageType=odds,2026-10-05T05:13:29.481726+00:00,5-3/6-1-7/2-4,published,コンドル出版社,楽天Kドリームス 並び予想
8120241130030006,2024-12-02,小倉競輪,F2,A1/A2,6,Ａ級特選,22:45,22:40,7,https://keirin.kdreams.jp/kokura/racedetail/8120241130030006/?pageType=odds,2026-10-05T05:13:31.198143+00:00,2-1-5/7-3/6-4,published,コンドル出版社,楽天Kドリームス 並び予想
8120241130030007,2024-12-02,小倉競輪,F2,A1/A2,7,Ａ級決勝,23:10,23:05,7,https://keirin.kdreams.jp/kokura/racedetail/8120241130030007/?pageType=odds,2026-10-05T05:13:32.829827+00:00,1-3/2-5/4/7-6,published,コンドル出版社,楽天Kドリームス 並び予想
7320241202010001,2024-12-02,小松島競輪,F1,A1/A2,1,Ａ級予選,10:37,10:32,7,https://keirin.kdreams.jp/komatsushima/racedetail/7320241202010001/?pageType=odds,2026-10-05T05:14:27.324282+00:00,1-7/5-2/3-6-4,published,競輪毎日,楽天Kドリームス 並び予想
7320241202010002,2024-12-02,小松島競輪,F1,A1/A2,2,Ａ級予選,11:03,10:58,7,https://keirin.kdreams.jp/komatsushima/racedetail/7320241202010002/?pageType=odds,2026-10-05T05:14:29.113558+00:00,5-1-7/2-6/3-4,published,競輪毎日,楽天Kドリームス 並び予想
7320241202010003,2024-12-02,小松島競輪,F1,A1/A2,3,Ａ級予選,11:30,11:25,7,https://keirin.kdreams.jp/komatsushima/racedetail/7320241202010003/?pageType=odds,2026-10-05T05:14:30.911972+00:00,4-1-3-7/2-5-6,published,競輪毎日,楽天Kドリームス 並び予想
7320241202010004,2024-12-02,小松島競輪,F1,A1/A2,4,Ａ級予選,11:58,11:53,7,https://keirin.kdreams.jp/komatsushima/racedetail/7320241202010004/?pageType=odds,2026-10-05T05:14:32.571172+00:00,1-7/5-2/3-6/4,published,競輪毎日,楽天Kドリームス 並び予想
7320241202010005,2024-12-02,小松島競輪,F1,A1/A2,5,Ａ級初日特選,12:26,12:21,7,https://keirin.kdreams.jp/komatsushima/racedetail/7320241202010005/?pageType=odds,2026-10-05T05:14:34.204888+00:00,5-1/7-2/6-3/4,published,競輪毎日,楽天Kドリームス 並び予想
6320241201020001,2024-12-02,防府競輪,F2,A1/A2,1,Ａ級特一般,09:00,08:55,7,https://keirin.kdreams.jp/hofu/racedetail/6320241201020001/?pageType=odds,2026-10-05T05:14:09.055815+00:00,7-1/2-6/5/4-3,published,リズム,楽天Kドリームス 並び予想
6320241201020002,2024-12-02,防府競輪,F2,A1/A2,2,Ａ級特一般,09:20,09:15,7,https://keirin.kdreams.jp/hofu/racedetail/6320241201020002/?pageType=odds,2026-10-05T05:14:10.997069+00:00,2/3-7/4-1/5-6,published,リズム,楽天Kドリームス 並び予想
6320241201020003,2024-12-02,防府競輪,F2,A1/A2,3,Ａ級準決勝,09:40,09:35,7,https://keirin.kdreams.jp/hofu/racedetail/6320241201020003/?pageType=odds,2026-10-05T05:14:12.857926+00:00,6-1/2-5/3-4-7,published,リズム,楽天Kドリームス 並び予想
6320241201020004,2024-12-02,防府競輪,F2,A1/A2,4,Ａ級準決勝,10:00,09:55,7,https://keirin.kdreams.jp/hofu/racedetail/6320241201020004/?pageType=odds,2026-10-05T05:14:14.589132+00:00,1-7/4-2/5-3-6,published,リズム,楽天Kドリームス 並び予想
6320241201020005,2024-12-02,防府競輪,F2,A1/A2,5,Ａ級準決勝,10:20,10:15,7,https://keirin.kdreams.jp/hofu/racedetail/6320241201020005/?pageType=odds,2026-10-05T05:14:16.623630+00:00,1-4-6/5-2/7-3,published,リズム,楽天Kドリームス 並び予想
8620241201030001,2024-12-03,別府競輪,F1,A1/A2,1,Ａ級一般,15:42,15:37,7,https://keirin.kdreams.jp/beppu/racedetail/8620241201030001/?pageType=odds,2026-10-05T05:13:51.718597+00:00,4-2-7/3/1/5/6,published,ダービー,楽天Kドリームス 並び予想
8620241201030002,2024-12-03,別府競輪,F1,A1/A2,2,Ａ級一般,16:06,16:01,7,https://keirin.kdreams.jp/beppu/racedetail/8620241201030002/?pageType=odds,2026-10-05T05:13:53.258135+00:00,3-5-7/4/1/2/6,published,ダービー,楽天Kドリームス 並び予想
8620241201030003,2024-12-03,別府競輪,F1,A1/A2,3,Ａ級特選,16:30,16:25,7,https://keirin.kdreams.jp/beppu/racedetail/8620241201030003/?pageType=odds,2026-10-05T05:13:54.929709+00:00,2-5/4-1-7/6-3,published,ダービー,楽天Kドリームス 並び予想
8620241201030004,2024-12-03,別府競輪,F1,A1/A2,4,Ａ級特選,16:54,16:49,7,https://keirin.kdreams.jp/beppu/racedetail/8620241201030004/?pageType=odds,2026-10-05T05:13:56.727094+00:00,5-2-1-7/4/3-6,published,ダービー,楽天Kドリームス 並び予想
8620241201030011,2024-12-03,別府競輪,F1,A1/A2,11,Ａ級決勝,19:59,19:54,7,https://keirin.kdreams.jp/beppu/racedetail/8620241201030011/?pageType=odds,2026-10-05T05:13:58.620443+00:00,2-5-4/1-6/3-7,published,ダービー,楽天Kドリームス 並び予想
7320241202020001,2024-12-03,小松島競輪,F1,A1/A2,1,Ａ級一般,10:37,10:32,6,https://keirin.kdreams.jp/komatsushima/racedetail/7320241202020001/?pageType=odds,2026-10-05T05:14:35.979288+00:00,1-4-6/3-2/5,published,競輪毎日,楽天Kドリームス 並び予想
7320241202020002,2024-12-03,小松島競輪,F1,A1/A2,2,Ａ級一般,11:03,10:58,6,https://keirin.kdreams.jp/komatsushima/racedetail/7320241202020002/?pageType=odds,2026-10-05T05:14:37.592703+00:00,3-1-5/2-4-6,published,競輪毎日,楽天Kドリームス 並び予想
7320241202020003,2024-12-03,小松島競輪,F1,A1/A2,3,Ａ級準決勝,11:30,11:25,7,https://keirin.kdreams.jp/komatsushima/racedetail/7320241202020003/?pageType=odds,2026-10-05T05:14:39.543625+00:00,1-4-6/2-5/7-3,published,競輪毎日,楽天Kドリームス 並び予想
7320241202020004,2024-12-03,小松島競輪,F1,A1/A2,4,Ａ級準決勝,11:58,11:53,7,https://keirin.kdreams.jp/komatsushima/racedetail/7320241202020004/?pageType=odds,2026-10-05T05:14:41.600900+00:00,1-4-7/2-6/5-3,published,競輪毎日,楽天Kドリームス 並び予想
7320241202020005,2024-12-03,小松島競輪,F1,A1/A2,5,Ａ級準決勝,12:26,12:21,7,https://keirin.kdreams.jp/komatsushima/racedetail/7320241202020005/?pageType=odds,2026-10-05T05:14:43.368785+00:00,1-5-6/2-7/4-3,published,競輪毎日,楽天Kドリームス 並び予想
6120241203010003,2024-12-03,玉野競輪,F2,A1/A2,3,Ａ級予選,21:30,21:25,7,https://keirin.kdreams.jp/tamano/racedetail/6120241203010003/?pageType=odds,2026-10-05T05:15:31.535743+00:00,1-3/2/4-5-6-7,published,競輪毎日,楽天Kドリームス 並び予想
6120241203010004,2024-12-03,玉野競輪,F2,A1/A2,4,Ａ級予選,21:50,21:45,7,https://keirin.kdreams.jp/tamano/racedetail/6120241203010004/?pageType=odds,2026-10-05T05:15:33.403221+00:00,6-1-4/2-3/7-5,published,競輪毎日,楽天Kドリームス 並び予想
6120241203010005,2024-12-03,玉野競輪,F2,A1/A2,5,Ａ級予選,22:10,22:05,7,https://keirin.kdreams.jp/tamano/racedetail/6120241203010005/?pageType=odds,2026-10-05T05:15:34.983280+00:00,3-1-4/2-5-7/6,published,競輪毎日,楽天Kドリームス 並び予想
6120241203010006,2024-12-03,玉野競輪,F2,A1/A2,6,Ａ級予選,22:30,22:25,7,https://keirin.kdreams.jp/tamano/racedetail/6120241203010006/?pageType=odds,2026-10-05T05:15:36.741066+00:00,1-5-6/2-3/4/7,published,競輪毎日,楽天Kドリームス 並び予想
6120241203010007,2024-12-03,玉野競輪,F2,A1/A2,7,Ａ級予選,22:50,22:45,7,https://keirin.kdreams.jp/tamano/racedetail/6120241203010007/?pageType=odds,2026-10-05T05:15:38.465360+00:00,1-2-5-6/3-4-7,published,競輪毎日,楽天Kドリームス 並び予想
6120241203010008,2024-12-03,玉野競輪,F2,A1/A2,8,Ａ級予選,23:10,23:05,7,https://keirin.kdreams.jp/tamano/racedetail/6120241203010008/?pageType=odds,2026-10-05T05:15:40.175068+00:00,1-2-5-4/7-3-6,published,競輪毎日,楽天Kドリームス 並び予想
6120241203010009,2024-12-03,玉野競輪,F2,A1/A2,9,Ａ級初日特選,23:30,23:25,7,https://keirin.kdreams.jp/tamano/racedetail/6120241203010009/?pageType=odds,2026-10-05T05:15:41.909328+00:00,6-2-5/1-4/3-7,published,競輪毎日,楽天Kドリームス 並び予想
6320241201030001,2024-12-03,防府競輪,F2,A1/A2,1,Ａ級特一般,08:50,08:45,7,https://keirin.kdreams.jp/hofu/racedetail/6320241201030001/?pageType=odds,2026-10-05T05:14:18.239076+00:00,5-6-2/1/3-7-4,published,リズム,楽天Kドリームス 並び予想
6320241201030002,2024-12-03,防府競輪,F2,A1/A2,2,Ａ級特一般,09:10,09:05,7,https://keirin.kdreams.jp/hofu/racedetail/6320241201030002/?pageType=odds,2026-10-05T05:14:20.184512+00:00,5-1-3/2/6-4/7,published,リズム,楽天Kドリームス 並び予想
6320241201030003,2024-12-03,防府競輪,F2,A1/A2,3,Ａ級特選,09:30,09:25,7,https://keirin.kdreams.jp/hofu/racedetail/6320241201030003/?pageType=odds,2026-10-05T05:14:21.950827+00:00,3-7-1/4-5-2-6,published,リズム,楽天Kドリームス 並び予想
6320241201030004,2024-12-03,防府競輪,F2,A1/A2,4,Ａ級特選,09:50,09:45,7,https://keirin.kdreams.jp/hofu/racedetail/6320241201030004/?pageType=odds,2026-10-05T05:14:23.757873+00:00,3-4/6-5-1/7-2,published,リズム,楽天Kドリームス 並び予想
6320241201030005,2024-12-03,防府競輪,F2,A1/A2,5,Ａ級決勝,10:10,10:05,7,https://keirin.kdreams.jp/hofu/racedetail/6320241201030005/?pageType=odds,2026-10-05T05:14:25.591098+00:00,6-4/2/7-1/5-3,published,リズム,楽天Kドリームス 並び予想
3820241203010003,2024-12-03,静岡競輪,F2,A1/A2,3,Ａ級予選,21:20,21:15,7,https://keirin.kdreams.jp/shizuoka/racedetail/3820241203010003/?pageType=odds,2026-10-05T05:14:53.837608+00:00,2-1/3-5-7/4-6,published,ひかり・小田競,楽天Kドリームス 並び予想
3820241203010004,2024-12-03,静岡競輪,F2,A1/A2,4,Ａ級予選,21:40,21:35,7,https://keirin.kdreams.jp/shizuoka/racedetail/3820241203010004/?pageType=odds,2026-10-05T05:14:55.605493+00:00,1-3/2-4-7/5-6,published,ひかり・小田競,楽天Kドリームス 並び予想
3820241203010005,2024-12-03,静岡競輪,F2,A1/A2,5,Ａ級予選,22:00,21:55,7,https://keirin.kdreams.jp/shizuoka/racedetail/3820241203010005/?pageType=odds,2026-10-05T05:14:57.426110+00:00,2-1-6/7/4-3-5,published,ひかり・小田競,楽天Kドリームス 並び予想
3820241203010006,2024-12-03,静岡競輪,F2,A1/A2,6,Ａ級予選,22:20,22:15,7,https://keirin.kdreams.jp/shizuoka/racedetail/3820241203010006/?pageType=odds,2026-10-05T05:14:59.155923+00:00,1-2-6/4-3/5-7,published,ひかり・小田競,楽天Kドリームス 並び予想
3820241203010007,2024-12-03,静岡競輪,F2,A1/A2,7,Ａ級予選,22:40,22:35,7,https://keirin.kdreams.jp/shizuoka/racedetail/3820241203010007/?pageType=odds,2026-10-05T05:15:00.866554+00:00,2-1-6/7-3/5-4,published,ひかり・小田競,楽天Kドリームス 並び予想
3820241203010008,2024-12-03,静岡競輪,F2,A1/A2,8,Ａ級予選,23:00,22:55,7,https://keirin.kdreams.jp/shizuoka/racedetail/3820241203010008/?pageType=odds,2026-10-05T05:15:02.746450+00:00,1-2-6/3-4/7-5,published,ひかり・小田競,楽天Kドリームス 並び予想
3820241203010009,2024-12-03,静岡競輪,F2,A1/A2,9,Ａ級初日特選,23:20,23:15,7,https://keirin.kdreams.jp/shizuoka/racedetail/3820241203010009/?pageType=odds,2026-10-05T05:15:04.436347+00:00,3-4-1/2/5-6-7,published,ひかり・小田競,楽天Kドリームス 並び予想
2220241204010001,2024-12-04,前橋競輪,F1,A1/A2,1,Ａ級予選,10:42,10:37,7,https://keirin.kdreams.jp/maebashi/racedetail/2220241204010001/?pageType=odds,2026-10-05T05:16:07.879368+00:00,5-3-6/1/7-2-4,published,アオケイ,楽天Kドリームス 並び予想
2220241204010002,2024-12-04,前橋競輪,F1,A1/A2,2,Ａ級予選,11:10,11:05,7,https://keirin.kdreams.jp/maebashi/racedetail/2220241204010002/?pageType=odds,2026-10-05T05:16:09.559632+00:00,1-5-6/2-4/7-3,published,アオケイ,楽天Kドリームス 並び予想
2220241204010003,2024-12-04,前橋競輪,F1,A1/A2,3,Ａ級予選,11:38,11:33,7,https://keirin.kdreams.jp/maebashi/racedetail/2220241204010003/?pageType=odds,2026-10-05T05:16:11.336855+00:00,1/5-2-4-7/3-6,published,アオケイ,楽天Kドリームス 並び予想
2220241204010004,2024-12-04,前橋競輪,F1,A1/A2,4,Ａ級予選,12:06,12:01,7,https://keirin.kdreams.jp/maebashi/racedetail/2220241204010004/?pageType=odds,2026-10-05T05:16:12.938624+00:00,2-5-7/1-4/3-6,published,アオケイ,楽天Kドリームス 並び予想
2220241204010005,2024-12-04,前橋競輪,F1,A1/A2,5,Ａ級初日特選,12:36,12:31,7,https://keirin.kdreams.jp/maebashi/racedetail/2220241204010005/?pageType=odds,2026-10-05T05:16:14.686993+00:00,1-6/2-5/3-7-4,published,アオケイ,楽天Kドリームス 並び予想
2520241204010001,2024-12-04,大宮競輪,F2,A1/A2,1,Ａ級予選,09:00,08:55,7,https://keirin.kdreams.jp/omiya/racedetail/2520241204010001/?pageType=odds,2026-10-05T05:16:59.113094+00:00,1-5/6-2/4-3-7,published,アオケイ,楽天Kドリームス 並び予想
2520241204010002,2024-12-04,大宮競輪,F2,A1/A2,2,Ａ級予選,09:20,09:15,7,https://keirin.kdreams.jp/omiya/racedetail/2520241204010002/?pageType=odds,2026-10-05T05:17:00.761587+00:00,1-6/5-7-3/2-4,published,アオケイ,楽天Kドリームス 並び予想
2520241204010003,2024-12-04,大宮競輪,F2,A1/A2,3,Ａ級予選,09:40,09:35,7,https://keirin.kdreams.jp/omiya/racedetail/2520241204010003/?pageType=odds,2026-10-05T05:17:02.673121+00:00,1-6/5-2/3-4-7,published,アオケイ,楽天Kドリームス 並び予想
2520241204010004,2024-12-04,大宮競輪,F2,A1/A2,4,Ａ級予選,10:00,09:55,7,https://keirin.kdreams.jp/omiya/racedetail/2520241204010004/?pageType=odds,2026-10-05T05:17:04.415406+00:00,7-1-4/6/3-5-2,published,アオケイ,楽天Kドリームス 並び予想
2520241204010005,2024-12-04,大宮競輪,F2,A1/A2,5,Ａ級予選,10:20,10:15,7,https://keirin.kdreams.jp/omiya/racedetail/2520241204010005/?pageType=odds,2026-10-05T05:17:06.389973+00:00,6-1/2-5/3-7-4,published,アオケイ,楽天Kドリームス 並び予想
2520241204010006,2024-12-04,大宮競輪,F2,A1/A2,6,Ａ級予選,10:40,10:35,7,https://keirin.kdreams.jp/omiya/racedetail/2520241204010006/?pageType=odds,2026-10-05T05:17:08.000591+00:00,7-4-1/6-2/5-3,published,アオケイ,楽天Kドリームス 並び予想
2520241204010007,2024-12-04,大宮競輪,F2,A1/A2,7,Ａ級初日特選,11:00,10:55,7,https://keirin.kdreams.jp/omiya/racedetail/2520241204010007/?pageType=odds,2026-10-05T05:17:09.819657+00:00,6-1-5/3/2-4-7,published,アオケイ,楽天Kドリームス 並び予想
5320241204010001,2024-12-04,奈良競輪,F1,A1/A2,1,Ａ級予選,15:40,15:35,7,https://keirin.kdreams.jp/nara/racedetail/5320241204010001/?pageType=odds,2026-10-05T05:16:34.561492+00:00,1-5/6/3/4-2-7,published,競輪研究,楽天Kドリームス 並び予想
5320241204010002,2024-12-04,奈良競輪,F1,A1/A2,2,Ａ級予選,16:04,15:59,7,https://keirin.kdreams.jp/nara/racedetail/5320241204010002/?pageType=odds,2026-10-05T05:16:36.439038+00:00,5-1/2-4/3-7-6,published,競輪研究,楽天Kドリームス 並び予想
5320241204010003,2024-12-04,奈良競輪,F1,A1/A2,3,Ａ級予選,16:28,16:23,7,https://keirin.kdreams.jp/nara/racedetail/5320241204010003/?pageType=odds,2026-10-05T05:16:37.622516+00:00,1-4/6-2/5-3/7,published,競輪研究,楽天Kドリームス 並び予想
5320241204010004,2024-12-04,奈良競輪,F1,A1/A2,4,Ａ級予選,16:52,16:47,7,https://keirin.kdreams.jp/nara/racedetail/5320241204010004/?pageType=odds,2026-10-05T05:16:38.659572+00:00,4-1-7/2-5/3-6,published,競輪研究,楽天Kドリームス 並び予想
5320241204010005,2024-12-04,奈良競輪,F1,A1/A2,5,Ａ級初日特選,17:17,17:12,7,https://keirin.kdreams.jp/nara/racedetail/5320241204010005/?pageType=odds,2026-10-05T05:16:40.406753+00:00,1-4/5-2-6/7-3,published,競輪研究,楽天Kドリームス 並び予想
7320241202030001,2024-12-04,小松島競輪,F1,A1/A2,1,Ａ級一般,10:37,10:32,6,https://keirin.kdreams.jp/komatsushima/racedetail/7320241202030001/?pageType=odds,2026-10-05T05:14:44.993713+00:00,4-2/1/5-3-6,published,競輪毎日,楽天Kドリームス 並び予想
7320241202030002,2024-12-04,小松島競輪,F1,A1/A2,2,Ａ級一般,11:03,10:58,6,https://keirin.kdreams.jp/komatsushima/racedetail/7320241202030002/?pageType=odds,2026-10-05T05:14:46.778882+00:00,1-6-4/2/5-3,published,競輪毎日,楽天Kドリームス 並び予想
7320241202030003,2024-12-04,小松島競輪,F1,A1/A2,3,Ａ級特選,11:30,11:25,7,https://keirin.kdreams.jp/komatsushima/racedetail/7320241202030003/?pageType=odds,2026-10-05T05:14:48.614641+00:00,5-3-2/6/1-7-4,published,競輪毎日,楽天Kドリームス 並び予想
7320241202030004,2024-12-04,小松島競輪,F1,A1/A2,4,Ａ級特選,11:58,11:53,7,https://keirin.kdreams.jp/komatsushima/racedetail/7320241202030004/?pageType=odds,2026-10-05T05:14:50.312930+00:00,7-2-4-5/1/3-6,published,競輪毎日,楽天Kドリームス 並び予想
7320241202030011,2024-12-04,小松島競輪,F1,A1/A2,11,Ａ級決勝,15:35,15:30,7,https://keirin.kdreams.jp/komatsushima/racedetail/7320241202030011/?pageType=odds,2026-10-05T05:14:52.152960+00:00,6-1/5-2/3-7-4,published,競輪毎日,楽天Kドリームス 並び予想
6120241203020003,2024-12-04,玉野競輪,F2,A1/A2,3,Ａ級一般,21:30,21:25,7,https://keirin.kdreams.jp/tamano/racedetail/6120241203020003/?pageType=odds,2026-10-05T05:15:43.542894+00:00,1-3-6/7-2/4-5,published,競輪毎日,楽天Kドリームス 並び予想
6120241203020004,2024-12-04,玉野競輪,F2,A1/A2,4,Ａ級一般,21:50,21:45,7,https://keirin.kdreams.jp/tamano/racedetail/6120241203020004/?pageType=odds,2026-10-05T05:15:45.312120+00:00,1-3-7-2/6-4/5,published,競輪毎日,楽天Kドリームス 並び予想
6120241203020005,2024-12-04,玉野競輪,F2,A1/A2,5,Ａ級選抜,22:10,22:05,7,https://keirin.kdreams.jp/tamano/racedetail/6120241203020005/?pageType=odds,2026-10-05T05:15:47.137174+00:00,1-2-3/4-5/6-7,published,競輪毎日,楽天Kドリームス 並び予想
6120241203020006,2024-12-04,玉野競輪,F2,A1/A2,6,Ａ級選抜,22:30,22:25,7,https://keirin.kdreams.jp/tamano/racedetail/6120241203020006/?pageType=odds,2026-10-05T05:15:48.879616+00:00,1-3-6/2/4/5/7,published,競輪毎日,楽天Kドリームス 並び予想
6120241203020007,2024-12-04,玉野競輪,F2,A1/A2,7,Ａ級準決勝,22:50,22:45,7,https://keirin.kdreams.jp/tamano/racedetail/6120241203020007/?pageType=odds,2026-10-05T05:15:50.577468+00:00,1-4/3-2-7/6-5,published,競輪毎日,楽天Kドリームス 並び予想
6120241203020008,2024-12-04,玉野競輪,F2,A1/A2,8,Ａ級準決勝,23:10,23:05,7,https://keirin.kdreams.jp/tamano/racedetail/6120241203020008/?pageType=odds,2026-10-05T05:15:52.277977+00:00,1-4-5/3-2/7-6,published,競輪毎日,楽天Kドリームス 並び予想
6120241203020009,2024-12-04,玉野競輪,F2,A1/A2,9,Ａ級準決勝,23:30,23:25,7,https://keirin.kdreams.jp/tamano/racedetail/6120241203020009/?pageType=odds,2026-10-05T05:15:53.798511+00:00,3-1-6/5-2/7-4,published,競輪毎日,楽天Kドリームス 並び予想
3820241203020003,2024-12-04,静岡競輪,F2,A1/A2,3,Ａ級一般,21:20,21:15,7,https://keirin.kdreams.jp/shizuoka/racedetail/3820241203020003/?pageType=odds,2026-10-05T05:15:06.233420+00:00,1-2/4-3/6-5/7,published,ひかり・小田競,楽天Kドリームス 並び予想
3820241203020004,2024-12-04,静岡競輪,F2,A1/A2,4,Ａ級一般,21:40,21:35,7,https://keirin.kdreams.jp/shizuoka/racedetail/3820241203020004/?pageType=odds,2026-10-05T05:15:07.940077+00:00,1-2-7/3-6/4-5,published,ひかり・小田競,楽天Kドリームス 並び予想
3820241203020005,2024-12-04,静岡競輪,F2,A1/A2,5,Ａ級選抜,22:00,21:55,7,https://keirin.kdreams.jp/shizuoka/racedetail/3820241203020005/?pageType=odds,2026-10-05T05:15:09.764418+00:00,1/2-7/5-4-3/6,published,ひかり・小田競,楽天Kドリームス 並び予想
3820241203020006,2024-12-04,静岡競輪,F2,A1/A2,6,Ａ級選抜,22:20,22:15,7,https://keirin.kdreams.jp/shizuoka/racedetail/3820241203020006/?pageType=odds,2026-10-05T05:15:11.459553+00:00,1-2-6/3/5-4/7,published,ひかり・小田競,楽天Kドリームス 並び予想
3820241203020007,2024-12-04,静岡競輪,F2,A1/A2,7,Ａ級準決勝,22:40,22:35,7,https://keirin.kdreams.jp/shizuoka/racedetail/3820241203020007/?pageType=odds,2026-10-05T05:15:13.247929+00:00,5-1/2-3/7-4-6,published,ひかり・小田競,楽天Kドリームス 並び予想
3820241203020008,2024-12-04,静岡競輪,F2,A1/A2,8,Ａ級準決勝,23:00,22:55,7,https://keirin.kdreams.jp/shizuoka/racedetail/3820241203020008/?pageType=odds,2026-10-05T05:15:15.330633+00:00,1-6/2-5-7/3-4,published,ひかり・小田競,楽天Kドリームス 並び予想
3820241203020009,2024-12-04,静岡競輪,F2,A1/A2,9,Ａ級準決勝,23:20,23:15,7,https://keirin.kdreams.jp/shizuoka/racedetail/3820241203020009/?pageType=odds,2026-10-05T05:15:17.025400+00:00,3-1/5-2/7-4-6,published,ひかり・小田競,楽天Kドリームス 並び予想
2220241204020001,2024-12-05,前橋競輪,F1,A1/A2,1,Ａ級一般,10:40,10:35,7,https://keirin.kdreams.jp/maebashi/racedetail/2220241204020001/?pageType=odds,2026-10-05T05:16:16.538438+00:00,1-5-6/3-4-2/7,published,アオケイ,楽天Kドリームス 並び予想
2220241204020002,2024-12-05,前橋競輪,F1,A1/A2,2,Ａ級一般,11:05,11:00,7,https://keirin.kdreams.jp/maebashi/racedetail/2220241204020002/?pageType=odds,2026-10-05T05:16:18.270455+00:00,7-1/3-6/4-2-5,published,アオケイ,楽天Kドリームス 並び予想
2220241204020003,2024-12-05,前橋競輪,F1,A1/A2,3,Ａ級準決勝,11:33,11:28,7,https://keirin.kdreams.jp/maebashi/racedetail/2220241204020003/?pageType=odds,2026-10-05T05:16:19.903670+00:00,4-3/7-1/2-5/6,published,アオケイ,楽天Kドリームス 並び予想
2220241204020004,2024-12-05,前橋競輪,F1,A1/A2,4,Ａ級準決勝,12:01,11:56,7,https://keirin.kdreams.jp/maebashi/racedetail/2220241204020004/?pageType=odds,2026-10-05T05:16:21.670233+00:00,5-1/4-2-6/3-7,published,アオケイ,楽天Kドリームス 並び予想
2220241204020005,2024-12-05,前橋競輪,F1,A1/A2,5,Ａ級準決勝,12:30,12:25,7,https://keirin.kdreams.jp/maebashi/racedetail/2220241204020005/?pageType=odds,2026-10-05T05:16:23.242886+00:00,1-6/2/3-5/7/4,published,アオケイ,楽天Kドリームス 並び予想
2520241204020001,2024-12-05,大宮競輪,F2,A1/A2,1,Ａ級一般,09:00,08:55,7,https://keirin.kdreams.jp/omiya/racedetail/2520241204020001/?pageType=odds,2026-10-05T05:17:11.143411+00:00,6-1-5/2-7/4-3,published,アオケイ,楽天Kドリームス 並び予想
2520241204020002,2024-12-05,大宮競輪,F2,A1/A2,2,Ａ級一般,09:20,09:15,7,https://keirin.kdreams.jp/omiya/racedetail/2520241204020002/?pageType=odds,2026-10-05T05:17:12.915854+00:00,1-7/4-2/5/6-3,published,アオケイ,楽天Kドリームス 並び予想
2520241204020003,2024-12-05,大宮競輪,F2,A1/A2,3,Ａ級選抜,09:40,09:35,7,https://keirin.kdreams.jp/omiya/racedetail/2520241204020003/?pageType=odds,2026-10-05T05:17:14.599785+00:00,1-4-6-2/5-7-3,published,アオケイ,楽天Kドリームス 並び予想
2520241204020004,2024-12-05,大宮競輪,F2,A1/A2,4,Ａ級選抜,10:00,09:55,7,https://keirin.kdreams.jp/omiya/racedetail/2520241204020004/?pageType=odds,2026-10-05T05:17:16.438353+00:00,4/1-5-6/2-7-3,published,アオケイ,楽天Kドリームス 並び予想
2520241204020005,2024-12-05,大宮競輪,F2,A1/A2,5,Ａ級準決勝,10:20,10:15,7,https://keirin.kdreams.jp/omiya/racedetail/2520241204020005/?pageType=odds,2026-10-05T05:17:18.330539+00:00,5-1/2-4/6/7-3,published,アオケイ,楽天Kドリームス 並び予想
2520241204020006,2024-12-05,大宮競輪,F2,A1/A2,6,Ａ級準決勝,10:40,10:35,7,https://keirin.kdreams.jp/omiya/racedetail/2520241204020006/?pageType=odds,2026-10-05T05:17:20.215253+00:00,4-1/2-7/6/5-3,published,アオケイ,楽天Kドリームス 並び予想
2520241204020007,2024-12-05,大宮競輪,F2,A1/A2,7,Ａ級準決勝,11:00,10:55,7,https://keirin.kdreams.jp/omiya/racedetail/2520241204020007/?pageType=odds,2026-10-05T05:17:21.890885+00:00,5-1-7/4-2/6-3,published,アオケイ,楽天Kドリームス 並び予想
5320241204020001,2024-12-05,奈良競輪,F1,A1/A2,1,Ａ級一般,15:40,15:35,7,https://keirin.kdreams.jp/nara/racedetail/5320241204020001/?pageType=odds,2026-10-05T05:16:42.151962+00:00,7-1/4-2-6/3-5,published,競輪研究,楽天Kドリームス 並び予想
5320241204020002,2024-12-05,奈良競輪,F1,A1/A2,2,Ａ級一般,16:04,15:59,7,https://keirin.kdreams.jp/nara/racedetail/5320241204020002/?pageType=odds,2026-10-05T05:16:43.901901+00:00,1-5/7-2/4-3-6,published,競輪研究,楽天Kドリームス 並び予想
5320241204020003,2024-12-05,奈良競輪,F1,A1/A2,3,Ａ級準決勝,16:28,16:23,7,https://keirin.kdreams.jp/nara/racedetail/5320241204020003/?pageType=odds,2026-10-05T05:16:45.550155+00:00,1-6/5-2-7/4-3,published,競輪研究,楽天Kドリームス 並び予想
5320241204020004,2024-12-05,奈良競輪,F1,A1/A2,4,Ａ級準決勝,16:52,16:47,7,https://keirin.kdreams.jp/nara/racedetail/5320241204020004/?pageType=odds,2026-10-05T05:16:47.189644+00:00,3-7-1/5-2-4-6,published,競輪研究,楽天Kドリームス 並び予想
5320241204020005,2024-12-05,奈良競輪,F1,A1/A2,5,Ａ級準決勝,17:17,17:12,7,https://keirin.kdreams.jp/nara/racedetail/5320241204020005/?pageType=odds,2026-10-05T05:16:48.768435+00:00,7-1-6/2-5/4-3,published,競輪研究,楽天Kドリームス 並び予想
6120241203030002,2024-12-05,玉野競輪,F2,A1/A2,2,Ａ級一般,21:10,21:05,7,https://keirin.kdreams.jp/tamano/racedetail/6120241203030002/?pageType=odds,2026-10-05T05:15:55.541436+00:00,7-2-3-4/1/5/6,published,競輪毎日,楽天Kドリームス 並び予想
6120241203030003,2024-12-05,玉野競輪,F2,A1/A2,3,Ａ級一般,21:30,21:25,7,https://keirin.kdreams.jp/tamano/racedetail/6120241203030003/?pageType=odds,2026-10-05T05:15:57.244829+00:00,1-2/4-3/7-5/6,published,競輪毎日,楽天Kドリームス 並び予想
6120241203030004,2024-12-05,玉野競輪,F2,A1/A2,4,Ａ級一般,21:50,21:45,7,https://keirin.kdreams.jp/tamano/racedetail/6120241203030004/?pageType=odds,2026-10-05T05:15:59.022603+00:00,1-3-6-2-5/7-4,published,競輪毎日,楽天Kドリームス 並び予想
6120241203030005,2024-12-05,玉野競輪,F2,A1/A2,5,Ａ級特選,22:10,22:05,7,https://keirin.kdreams.jp/tamano/racedetail/6120241203030005/?pageType=odds,2026-10-05T05:16:00.672551+00:00,1-3/5-2/7-4-6,published,競輪毎日,楽天Kドリームス 並び予想
6120241203030006,2024-12-05,玉野競輪,F2,A1/A2,6,Ａ級特選,22:30,22:25,7,https://keirin.kdreams.jp/tamano/racedetail/6120241203030006/?pageType=odds,2026-10-05T05:16:02.759930+00:00,1-3/7-2/4-5-6,published,競輪毎日,楽天Kドリームス 並び予想
6120241203030007,2024-12-05,玉野競輪,F2,A1/A2,7,Ａ級特選,22:50,22:45,7,https://keirin.kdreams.jp/tamano/racedetail/6120241203030007/?pageType=odds,2026-10-05T05:16:04.369462+00:00,1-2-6/3-7/5-4,published,競輪毎日,楽天Kドリームス 並び予想
6120241203030009,2024-12-05,玉野競輪,F2,A1/A2,9,Ａ級決勝,23:30,23:25,7,https://keirin.kdreams.jp/tamano/racedetail/6120241203030009/?pageType=odds,2026-10-05T05:16:06.094830+00:00,3-6/4-7-1-5/2,published,競輪毎日,楽天Kドリームス 並び予想
3820241203030001,2024-12-05,静岡競輪,F2,A1/A2,1,Ａ級一般,21:00,20:55,7,https://keirin.kdreams.jp/shizuoka/racedetail/3820241203030001/?pageType=odds,2026-10-05T05:15:18.826013+00:00,1-2-3/5-4-6/7,published,ひかり・小田競,楽天Kドリームス 並び予想
3820241203030002,2024-12-05,静岡競輪,F2,A1/A2,2,Ａ級一般,21:20,21:15,7,https://keirin.kdreams.jp/shizuoka/racedetail/3820241203030002/?pageType=odds,2026-10-05T05:15:20.498950+00:00,3-1-6/2-4/7-5,published,ひかり・小田競,楽天Kドリームス 並び予想
3820241203030003,2024-12-05,静岡競輪,F2,A1/A2,3,Ａ級一般,21:40,21:35,7,https://keirin.kdreams.jp/shizuoka/racedetail/3820241203030003/?pageType=odds,2026-10-05T05:15:22.750731+00:00,1-3-5/2/4-6/7,published,ひかり・小田競,楽天Kドリームス 並び予想
3820241203030004,2024-12-05,静岡競輪,F2,A1/A2,4,Ａ級特選,22:00,21:55,7,https://keirin.kdreams.jp/shizuoka/racedetail/3820241203030004/?pageType=odds,2026-10-05T05:15:24.454826+00:00,7-1-2/3-4/6-5,published,ひかり・小田競,楽天Kドリームス 並び予想
3820241203030005,2024-12-05,静岡競輪,F2,A1/A2,5,Ａ級特選,22:20,22:15,7,https://keirin.kdreams.jp/shizuoka/racedetail/3820241203030005/?pageType=odds,2026-10-05T05:15:26.267828+00:00,2-1-7/3-6/5-4,published,ひかり・小田競,楽天Kドリームス 並び予想
3820241203030006,2024-12-05,静岡競輪,F2,A1/A2,6,Ａ級特選,22:40,22:35,7,https://keirin.kdreams.jp/shizuoka/racedetail/3820241203030006/?pageType=odds,2026-10-05T05:15:28.052561+00:00,1-4/2-3/5-6-7,published,ひかり・小田競,楽天Kドリームス 並び予想
3820241203030008,2024-12-05,静岡競輪,F2,A1/A2,8,Ａ級決勝,23:20,23:15,7,https://keirin.kdreams.jp/shizuoka/racedetail/3820241203030008/?pageType=odds,2026-10-05T05:15:29.830892+00:00,6-4-1/3-2/5-7,published,ひかり・小田競,楽天Kドリームス 並び予想
2220241204030001,2024-12-06,前橋競輪,F1,A1/A2,1,Ａ級一般,10:40,10:35,7,https://keirin.kdreams.jp/maebashi/racedetail/2220241204030001/?pageType=odds,2026-10-05T05:16:25.251862+00:00,2-4-5/1/7-3-6,published,アオケイ,楽天Kドリームス 並び予想
2220241204030002,2024-12-06,前橋競輪,F1,A1/A2,2,Ａ級一般,11:05,11:00,7,https://keirin.kdreams.jp/maebashi/racedetail/2220241204030002/?pageType=odds,2026-10-05T05:16:27.258140+00:00,1-5-7-6/2/3/4,published,アオケイ,楽天Kドリームス 並び予想
2220241204030003,2024-12-06,前橋競輪,F1,A1/A2,3,Ａ級特選,11:33,11:28,7,https://keirin.kdreams.jp/maebashi/racedetail/2220241204030003/?pageType=odds,2026-10-05T05:16:29.057149+00:00,6-3/1/2-5-7/4,published,アオケイ,楽天Kドリームス 並び予想
2220241204030004,2024-12-06,前橋競輪,F1,A1/A2,4,Ａ級特選,12:01,11:56,7,https://keirin.kdreams.jp/maebashi/racedetail/2220241204030004/?pageType=odds,2026-10-05T05:16:30.815068+00:00,1-4-6/3/5-2-7,published,アオケイ,楽天Kドリームス 並び予想
2220241204030010,2024-12-06,前橋競輪,F1,A1/A2,10,Ａ級決勝,15:10,15:05,7,https://keirin.kdreams.jp/maebashi/racedetail/2220241204030010/?pageType=odds,2026-10-05T05:16:32.799303+00:00,3-1/7-2/5-4-6,published,アオケイ,楽天Kドリームス 並び予想
4220241206010005,2024-12-06,名古屋競輪,F2,A1/A2,5,Ａ級特予選,22:10,22:05,7,https://keirin.kdreams.jp/nagoya/racedetail/4220241206010005/?pageType=odds,2026-10-05T05:18:13.471584+00:00,1-4/2-3-5/7-6,published,中部競輪,楽天Kドリームス 並び予想
4220241206010006,2024-12-06,名古屋競輪,F2,A1/A2,6,Ａ級特予選,22:30,22:25,7,https://keirin.kdreams.jp/nagoya/racedetail/4220241206010006/?pageType=odds,2026-10-05T05:18:15.304079+00:00,2-3-5/4-1-7/6,published,中部競輪,楽天Kドリームス 並び予想
4220241206010007,2024-12-06,名古屋競輪,F2,A1/A2,7,Ａ級特予選,22:50,22:45,7,https://keirin.kdreams.jp/nagoya/racedetail/4220241206010007/?pageType=odds,2026-10-05T05:18:17.181614+00:00,6-1/4/5-2-3/7,published,中部競輪,楽天Kドリームス 並び予想
4220241206010008,2024-12-06,名古屋競輪,F2,A1/A2,8,Ａ級特予選,23:10,23:05,7,https://keirin.kdreams.jp/nagoya/racedetail/4220241206010008/?pageType=odds,2026-10-05T05:18:18.869308+00:00,2-1-7/3-4/6-5,published,中部競輪,楽天Kドリームス 並び予想
4220241206010009,2024-12-06,名古屋競輪,F2,A1/A2,9,Ａ級初日特選,23:30,23:25,7,https://keirin.kdreams.jp/nagoya/racedetail/4220241206010009/?pageType=odds,2026-10-05T05:18:20.691826+00:00,1-4-6/2/5-7-3,published,中部競輪,楽天Kドリームス 並び予想
4820241206010008,2024-12-06,四日市競輪,F2,A1/A2,8,Ａ級特予選,18:28,18:23,7,https://keirin.kdreams.jp/yokkaichi/racedetail/4820241206010008/?pageType=odds,2026-10-05T05:19:08.359125+00:00,1-7/5-3/2-4-6,published,富山中部,楽天Kドリームス 並び予想
4820241206010009,2024-12-06,四日市競輪,F2,A1/A2,9,Ａ級特予選,18:55,18:50,7,https://keirin.kdreams.jp/yokkaichi/racedetail/4820241206010009/?pageType=odds,2026-10-05T05:19:10.070607+00:00,4-1-3-6/2-7-5,published,富山中部,楽天Kドリームス 並び予想
4820241206010010,2024-12-06,四日市競輪,F2,A1/A2,10,Ａ級特予選,19:25,19:20,7,https://keirin.kdreams.jp/yokkaichi/racedetail/4820241206010010/?pageType=odds,2026-10-05T05:19:11.866418+00:00,1-4-3/7-5-2-6,published,富山中部,楽天Kドリームス 並び予想
4820241206010011,2024-12-06,四日市競輪,F2,A1/A2,11,Ａ級特予選,19:55,19:50,7,https://keirin.kdreams.jp/yokkaichi/racedetail/4820241206010011/?pageType=odds,2026-10-05T05:19:13.705063+00:00,1-4-7/5-2/6-3,published,富山中部,楽天Kドリームス 並び予想
4820241206010012,2024-12-06,四日市競輪,F2,A1/A2,12,Ａ級初日特選,20:25,20:20,7,https://keirin.kdreams.jp/yokkaichi/racedetail/4820241206010012/?pageType=odds,2026-10-05T05:19:15.490029+00:00,1-5-3-6/7-4-2,published,富山中部,楽天Kドリームス 並び予想
2520241204030001,2024-12-06,大宮競輪,F2,A1/A2,1,Ａ級一般,09:00,08:55,7,https://keirin.kdreams.jp/omiya/racedetail/2520241204030001/?pageType=odds,2026-10-05T05:17:23.740255+00:00,1-3-6/5/7-4-2,published,アオケイ,楽天Kドリームス 並び予想
2520241204030002,2024-12-06,大宮競輪,F2,A1/A2,2,Ａ級一般,09:20,09:15,7,https://keirin.kdreams.jp/omiya/racedetail/2520241204030002/?pageType=odds,2026-10-05T05:17:25.520649+00:00,1-5/4-7-2/6-3,published,アオケイ,楽天Kドリームス 並び予想
2520241204030003,2024-12-06,大宮競輪,F2,A1/A2,3,Ａ級一般,09:40,09:35,7,https://keirin.kdreams.jp/omiya/racedetail/2520241204030003/?pageType=odds,2026-10-05T05:17:27.240938+00:00,6-1-5/3/7-4-2,published,アオケイ,楽天Kドリームス 並び予想
2520241204030004,2024-12-06,大宮競輪,F2,A1/A2,4,Ａ級特選,10:00,09:55,7,https://keirin.kdreams.jp/omiya/racedetail/2520241204030004/?pageType=odds,2026-10-05T05:17:28.908652+00:00,5-1/6-2/7-4-3,published,アオケイ,楽天Kドリームス 並び予想
2520241204030005,2024-12-06,大宮競輪,F2,A1/A2,5,Ａ級特選,10:20,10:15,7,https://keirin.kdreams.jp/omiya/racedetail/2520241204030005/?pageType=odds,2026-10-05T05:17:30.804308+00:00,7-5-1/4-2/3-6,published,アオケイ,楽天Kドリームス 並び予想
2520241204030006,2024-12-06,大宮競輪,F2,A1/A2,6,Ａ級特選,10:40,10:35,7,https://keirin.kdreams.jp/omiya/racedetail/2520241204030006/?pageType=odds,2026-10-05T05:17:33.219678+00:00,1-7/4-2-6/5-3,published,アオケイ,楽天Kドリームス 並び予想
2520241204030007,2024-12-06,大宮競輪,F2,A1/A2,7,Ａ級決勝,11:00,10:55,7,https://keirin.kdreams.jp/omiya/racedetail/2520241204030007/?pageType=odds,2026-10-05T05:17:34.888611+00:00,1-5/4-7-2/3-6,published,アオケイ,楽天Kドリームス 並び予想
5320241204030001,2024-12-06,奈良競輪,F1,A1/A2,1,Ａ級一般,15:37,15:32,7,https://keirin.kdreams.jp/nara/racedetail/5320241204030001/?pageType=odds,2026-10-05T05:16:50.468439+00:00,7-1-6/4-2/3-5,published,競輪研究,楽天Kドリームス 並び予想
5320241204030002,2024-12-06,奈良競輪,F1,A1/A2,2,Ａ級一般,16:01,15:56,7,https://keirin.kdreams.jp/nara/racedetail/5320241204030002/?pageType=odds,2026-10-05T05:16:52.228664+00:00,4-1-6/7-2/5-3,published,競輪研究,楽天Kドリームス 並び予想
5320241204030003,2024-12-06,奈良競輪,F1,A1/A2,3,Ａ級特選,16:25,16:20,7,https://keirin.kdreams.jp/nara/racedetail/5320241204030003/?pageType=odds,2026-10-05T05:16:54.057076+00:00,4-2/1-5-6/7-3,published,競輪研究,楽天Kドリームス 並び予想
5320241204030004,2024-12-06,奈良競輪,F1,A1/A2,4,Ａ級特選,16:50,16:45,7,https://keirin.kdreams.jp/nara/racedetail/5320241204030004/?pageType=odds,2026-10-05T05:16:55.662658+00:00,1-4-3/6/5-7-2,published,競輪研究,楽天Kドリームス 並び予想
5320241204030011,2024-12-06,奈良競輪,F1,A1/A2,11,Ａ級決勝,20:00,19:55,7,https://keirin.kdreams.jp/nara/racedetail/5320241204030011/?pageType=odds,2026-10-05T05:16:57.476104+00:00,1-5/2-7/6/3-4,published,競輪研究,楽天Kドリームス 並び予想
2420241206010008,2024-12-06,宇都宮競輪,F2,A1/A2,8,Ａ級特予選,14:07,14:02,7,https://keirin.kdreams.jp/utsunomiya/racedetail/2420241206010008/?pageType=odds,2026-10-05T05:18:40.269914+00:00,4-2-5/1-7/3-6,published,アオケイ,楽天Kドリームス 並び予想
2420241206010009,2024-12-06,宇都宮競輪,F2,A1/A2,9,Ａ級特予選,14:35,14:30,7,https://keirin.kdreams.jp/utsunomiya/racedetail/2420241206010009/?pageType=odds,2026-10-05T05:18:41.988477+00:00,1-7/4/2-5-6/3,published,アオケイ,楽天Kドリームス 並び予想
2420241206010010,2024-12-06,宇都宮競輪,F2,A1/A2,10,Ａ級特予選,15:03,14:58,7,https://keirin.kdreams.jp/utsunomiya/racedetail/2420241206010010/?pageType=odds,2026-10-05T05:18:43.974910+00:00,7-1-4/2-6/3-5,published,アオケイ,楽天Kドリームス 並び予想
2420241206010011,2024-12-06,宇都宮競輪,F2,A1/A2,11,Ａ級特予選,15:31,15:26,7,https://keirin.kdreams.jp/utsunomiya/racedetail/2420241206010011/?pageType=odds,2026-10-05T05:18:45.798988+00:00,1-3-5/7-2-4/6,published,アオケイ,楽天Kドリームス 並び予想
2420241206010012,2024-12-06,宇都宮競輪,F2,A1/A2,12,Ａ級初日特選,16:00,15:55,7,https://keirin.kdreams.jp/utsunomiya/racedetail/2420241206010012/?pageType=odds,2026-10-05T05:18:47.571780+00:00,1-6/4/3/2-7-5,published,アオケイ,楽天Kドリームス 並び予想
8720241206010003,2024-12-06,熊本競輪,F2,A1/A2,3,Ａ級予選,21:20,21:15,7,https://keirin.kdreams.jp/kumamoto/racedetail/8720241206010003/?pageType=odds,2026-10-05T05:17:36.586177+00:00,1-2-4-6/3-5-7,published,コンドル出版社,楽天Kドリームス 並び予想
8720241206010004,2024-12-06,熊本競輪,F2,A1/A2,4,Ａ級予選,21:40,21:35,7,https://keirin.kdreams.jp/kumamoto/racedetail/8720241206010004/?pageType=odds,2026-10-05T05:17:38.317687+00:00,1-2-6/3-7/5-4,published,コンドル出版社,楽天Kドリームス 並び予想
8720241206010005,2024-12-06,熊本競輪,F2,A1/A2,5,Ａ級予選,22:00,21:55,7,https://keirin.kdreams.jp/kumamoto/racedetail/8720241206010005/?pageType=odds,2026-10-05T05:17:40.013773+00:00,1-3-6/2-4-5-7,published,コンドル出版社,楽天Kドリームス 並び予想
8720241206010006,2024-12-06,熊本競輪,F2,A1/A2,6,Ａ級予選,22:20,22:15,7,https://keirin.kdreams.jp/kumamoto/racedetail/8720241206010006/?pageType=odds,2026-10-05T05:17:41.749640+00:00,1-3-6/4-2-5/7,published,コンドル出版社,楽天Kドリームス 並び予想
8720241206010007,2024-12-06,熊本競輪,F2,A1/A2,7,Ａ級予選,22:40,22:35,7,https://keirin.kdreams.jp/kumamoto/racedetail/8720241206010007/?pageType=odds,2026-10-05T05:17:43.508167+00:00,1-2-4/3-5-6/7,published,コンドル出版社,楽天Kドリームス 並び予想
8720241206010008,2024-12-06,熊本競輪,F2,A1/A2,8,Ａ級予選,23:00,22:55,7,https://keirin.kdreams.jp/kumamoto/racedetail/8720241206010008/?pageType=odds,2026-10-05T05:17:45.165254+00:00,1-2-3-6/5-4-7,published,コンドル出版社,楽天Kドリームス 並び予想
8720241206010009,2024-12-06,熊本競輪,F2,A1/A2,9,Ａ級初日特選,23:20,23:15,7,https://keirin.kdreams.jp/kumamoto/racedetail/8720241206010009/?pageType=odds,2026-10-05T05:17:47.159934+00:00,1-7/2-4/3/5-6,published,コンドル出版社,楽天Kドリームス 並び予想
3720241207010001,2024-12-07,伊東競輪,F1,A1/A2,1,Ａ級予選,15:35,15:30,7,https://keirin.kdreams.jp/ito/racedetail/3720241207010001/?pageType=odds,2026-10-05T05:20:11.292091+00:00,1-5/2-4/3-7-6,published,ひかり・小田競,楽天Kドリームス 並び予想
3720241207010002,2024-12-07,伊東競輪,F1,A1/A2,2,Ａ級予選,16:00,15:55,7,https://keirin.kdreams.jp/ito/racedetail/3720241207010002/?pageType=odds,2026-10-05T05:20:12.998443+00:00,1-4-6/7-2/3-5,published,ひかり・小田競,楽天Kドリームス 並び予想
3720241207010003,2024-12-07,伊東競輪,F1,A1/A2,3,Ａ級予選,16:25,16:20,7,https://keirin.kdreams.jp/ito/racedetail/3720241207010003/?pageType=odds,2026-10-05T05:20:14.875757+00:00,5-1-6/2-4/7-3,published,ひかり・小田競,楽天Kドリームス 並び予想
3720241207010004,2024-12-07,伊東競輪,F1,A1/A2,4,Ａ級予選,16:50,16:45,7,https://keirin.kdreams.jp/ito/racedetail/3720241207010004/?pageType=odds,2026-10-05T05:20:16.591612+00:00,7-1-4/2/3-5-6,published,ひかり・小田競,楽天Kドリームス 並び予想
3720241207010005,2024-12-07,伊東競輪,F1,A1/A2,5,Ａ級初日特選,17:16,17:11,7,https://keirin.kdreams.jp/ito/racedetail/3720241207010005/?pageType=odds,2026-10-05T05:20:18.264800+00:00,2-7-6/1/4-3-5,published,ひかり・小田競,楽天Kドリームス 並び予想
8620241207010001,2024-12-07,別府競輪,F2,A1/A2,1,Ａ級予選,08:50,08:45,7,https://keirin.kdreams.jp/beppu/racedetail/8620241207010001/?pageType=odds,2026-10-05T05:19:34.362554+00:00,1-4-6/7-2/3-5,published,ダービー,楽天Kドリームス 並び予想
8620241207010002,2024-12-07,別府競輪,F2,A1/A2,2,Ａ級予選,09:10,09:05,7,https://keirin.kdreams.jp/beppu/racedetail/8620241207010002/?pageType=odds,2026-10-05T05:19:35.764064+00:00,7-1-5/2-6/3-4,published,ダービー,楽天Kドリームス 並び予想
8620241207010003,2024-12-07,別府競輪,F2,A1/A2,3,Ａ級予選,09:30,09:25,7,https://keirin.kdreams.jp/beppu/racedetail/8620241207010003/?pageType=odds,2026-10-05T05:19:37.638556+00:00,7-1/4-2-6/5-3,published,ダービー,楽天Kドリームス 並び予想
8620241207010004,2024-12-07,別府競輪,F2,A1/A2,4,Ａ級予選,09:50,09:45,7,https://keirin.kdreams.jp/beppu/racedetail/8620241207010004/?pageType=odds,2026-10-05T05:19:39.453719+00:00,4-1-5/2-6/7-3,published,ダービー,楽天Kドリームス 並び予想
8620241207010005,2024-12-07,別府競輪,F2,A1/A2,5,Ａ級予選,10:10,10:05,7,https://keirin.kdreams.jp/beppu/racedetail/8620241207010005/?pageType=odds,2026-10-05T05:19:41.193296+00:00,1-5-6/2-7/3-4,published,ダービー,楽天Kドリームス 並び予想
8620241207010006,2024-12-07,別府競輪,F2,A1/A2,6,Ａ級予選,10:30,10:25,7,https://keirin.kdreams.jp/beppu/racedetail/8620241207010006/?pageType=odds,2026-10-05T05:19:42.934872+00:00,5-1-7/3-4/6-2,published,ダービー,楽天Kドリームス 並び予想
8620241207010007,2024-12-07,別府競輪,F2,A1/A2,7,Ａ級初日特選,10:50,10:45,7,https://keirin.kdreams.jp/beppu/racedetail/8620241207010007/?pageType=odds,2026-10-05T05:19:44.620905+00:00,1-7/5-2/6/4-3,published,ダービー,楽天Kドリームス 並び予想
4220241206020005,2024-12-07,名古屋競輪,F2,A1/A2,5,Ａ級特一般,22:10,22:05,7,https://keirin.kdreams.jp/nagoya/racedetail/4220241206020005/?pageType=odds,2026-10-05T05:18:22.499289+00:00,1-4-2/3-7/6-5,published,中部競輪,楽天Kドリームス 並び予想
4220241206020006,2024-12-07,名古屋競輪,F2,A1/A2,6,Ａ級特一般,22:30,22:25,7,https://keirin.kdreams.jp/nagoya/racedetail/4220241206020006/?pageType=odds,2026-10-05T05:18:24.358760+00:00,1-2-3/4/7-6-5,published,中部競輪,楽天Kドリームス 並び予想
4220241206020007,2024-12-07,名古屋競輪,F2,A1/A2,7,Ａ級準決勝,22:50,22:45,7,https://keirin.kdreams.jp/nagoya/racedetail/4220241206020007/?pageType=odds,2026-10-05T05:18:26.119707+00:00,1-4-6/2-7/5-3,published,中部競輪,楽天Kドリームス 並び予想
4220241206020008,2024-12-07,名古屋競輪,F2,A1/A2,8,Ａ級準決勝,23:10,23:05,7,https://keirin.kdreams.jp/nagoya/racedetail/4220241206020008/?pageType=odds,2026-10-05T05:18:27.925837+00:00,2-1/5-4-3/6/7,published,中部競輪,楽天Kドリームス 並び予想
4220241206020009,2024-12-07,名古屋競輪,F2,A1/A2,9,Ａ級準決勝,23:30,23:25,7,https://keirin.kdreams.jp/nagoya/racedetail/4220241206020009/?pageType=odds,2026-10-05T05:18:29.551493+00:00,1-2-4-6/5-3/7,published,中部競輪,楽天Kドリームス 並び予想
4820241206020008,2024-12-07,四日市競輪,F2,A1/A2,8,Ａ級特一般,18:29,18:24,7,https://keirin.kdreams.jp/yokkaichi/racedetail/4820241206020008/?pageType=odds,2026-10-05T05:19:17.139533+00:00,2-5/1-6/7-4-3,published,富山中部,楽天Kドリームス 並び予想
4820241206020009,2024-12-07,四日市競輪,F2,A1/A2,9,Ａ級特一般,18:56,18:51,7,https://keirin.kdreams.jp/yokkaichi/racedetail/4820241206020009/?pageType=odds,2026-10-05T05:19:18.862666+00:00,1-4/2-5/3-7/6,published,富山中部,楽天Kドリームス 並び予想
4820241206020010,2024-12-07,四日市競輪,F2,A1/A2,10,Ａ級準決勝,19:23,19:18,7,https://keirin.kdreams.jp/yokkaichi/racedetail/4820241206020010/?pageType=odds,2026-10-05T05:19:20.580966+00:00,1-5-2-6/3-4-7,published,富山中部,楽天Kドリームス 並び予想
4820241206020011,2024-12-07,四日市競輪,F2,A1/A2,11,Ａ級準決勝,19:52,19:47,7,https://keirin.kdreams.jp/yokkaichi/racedetail/4820241206020011/?pageType=odds,2026-10-05T05:19:22.381030+00:00,1-4-6/7-2/3-5,published,富山中部,楽天Kドリームス 並び予想
4820241206020012,2024-12-07,四日市競輪,F2,A1/A2,12,Ａ級準決勝,20:23,20:18,7,https://keirin.kdreams.jp/yokkaichi/racedetail/4820241206020012/?pageType=odds,2026-10-05T05:19:24.061413+00:00,3-5-1/6/7-2-4,published,富山中部,楽天Kドリームス 並び予想
2420241206020008,2024-12-07,宇都宮競輪,F2,A1/A2,8,Ａ級特一般,14:07,14:02,7,https://keirin.kdreams.jp/utsunomiya/racedetail/2420241206020008/?pageType=odds,2026-10-05T05:18:49.511105+00:00,1-7-4/6-2/3-5,published,アオケイ,楽天Kドリームス 並び予想
2420241206020009,2024-12-07,宇都宮競輪,F2,A1/A2,9,Ａ級特一般,14:35,14:30,7,https://keirin.kdreams.jp/utsunomiya/racedetail/2420241206020009/?pageType=odds,2026-10-05T05:18:51.525567+00:00,1-3-5/6/4-2-7,published,アオケイ,楽天Kドリームス 並び予想
2420241206020010,2024-12-07,宇都宮競輪,F2,A1/A2,10,Ａ級準決勝,15:03,14:58,7,https://keirin.kdreams.jp/utsunomiya/racedetail/2420241206020010/?pageType=odds,2026-10-05T05:18:53.314379+00:00,1-5-3/4-2-7/6,published,アオケイ,楽天Kドリームス 並び予想
2420241206020011,2024-12-07,宇都宮競輪,F2,A1/A2,11,Ａ級準決勝,15:31,15:26,7,https://keirin.kdreams.jp/utsunomiya/racedetail/2420241206020011/?pageType=odds,2026-10-05T05:18:55.062356+00:00,7-1/6-2/5-3-4,published,アオケイ,楽天Kドリームス 並び予想
2420241206020012,2024-12-07,宇都宮競輪,F2,A1/A2,12,Ａ級準決勝,16:00,15:55,7,https://keirin.kdreams.jp/utsunomiya/racedetail/2420241206020012/?pageType=odds,2026-10-05T05:18:56.805562+00:00,5-1-6/2-4-7/3,published,アオケイ,楽天Kドリームス 並び予想
8720241206020003,2024-12-07,熊本競輪,F2,A1/A2,3,Ａ級一般,21:20,21:15,7,https://keirin.kdreams.jp/kumamoto/racedetail/8720241206020003/?pageType=odds,2026-10-05T05:17:48.850674+00:00,1-5-7/6/3-2-4,published,コンドル出版社,楽天Kドリームス 並び予想
8720241206020004,2024-12-07,熊本競輪,F2,A1/A2,4,Ａ級一般,21:40,21:35,7,https://keirin.kdreams.jp/kumamoto/racedetail/8720241206020004/?pageType=odds,2026-10-05T05:17:50.664868+00:00,1-5-6-7/3-2-4,published,コンドル出版社,楽天Kドリームス 並び予想
8720241206020005,2024-12-07,熊本競輪,F2,A1/A2,5,Ａ級選抜,22:00,21:55,7,https://keirin.kdreams.jp/kumamoto/racedetail/8720241206020005/?pageType=odds,2026-10-05T05:17:52.447958+00:00,2-1/3/4/5/6/7,published,コンドル出版社,楽天Kドリームス 並び予想
8720241206020006,2024-12-07,熊本競輪,F2,A1/A2,6,Ａ級選抜,22:20,22:15,7,https://keirin.kdreams.jp/kumamoto/racedetail/8720241206020006/?pageType=odds,2026-10-05T05:17:54.295709+00:00,1-4/2-5-7-6/3,published,コンドル出版社,楽天Kドリームス 並び予想
8720241206020007,2024-12-07,熊本競輪,F2,A1/A2,7,Ａ級準決勝,22:40,22:35,7,https://keirin.kdreams.jp/kumamoto/racedetail/8720241206020007/?pageType=odds,2026-10-05T05:17:55.862936+00:00,4-1/2-3/5-6/7,published,コンドル出版社,楽天Kドリームス 並び予想
8720241206020008,2024-12-07,熊本競輪,F2,A1/A2,8,Ａ級準決勝,23:00,22:55,7,https://keirin.kdreams.jp/kumamoto/racedetail/8720241206020008/?pageType=odds,2026-10-05T05:17:57.636768+00:00,1-6/5-2/4-3/7,published,コンドル出版社,楽天Kドリームス 並び予想
8720241206020009,2024-12-07,熊本競輪,F2,A1/A2,9,Ａ級準決勝,23:20,23:15,7,https://keirin.kdreams.jp/kumamoto/racedetail/8720241206020009/?pageType=odds,2026-10-05T05:17:59.357105+00:00,1-5/2-3/4-7/6,published,コンドル出版社,楽天Kドリームス 並び予想
3720241207020001,2024-12-08,伊東競輪,F1,A1/A2,1,Ａ級一般,15:35,15:30,7,https://keirin.kdreams.jp/ito/racedetail/3720241207020001/?pageType=odds,2026-10-05T05:20:20.034454+00:00,5-2-6/3-7/4/1,published,ひかり・小田競,楽天Kドリームス 並び予想
3720241207020002,2024-12-08,伊東競輪,F1,A1/A2,2,Ａ級一般,16:00,15:55,7,https://keirin.kdreams.jp/ito/racedetail/3720241207020002/?pageType=odds,2026-10-05T05:20:22.057068+00:00,1-4-6/2-7/5-3,published,ひかり・小田競,楽天Kドリームス 並び予想
3720241207020003,2024-12-08,伊東競輪,F1,A1/A2,3,Ａ級準決勝,16:25,16:20,7,https://keirin.kdreams.jp/ito/racedetail/3720241207020003/?pageType=odds,2026-10-05T05:20:23.773567+00:00,7-1/5-3/4-2-6,published,ひかり・小田競,楽天Kドリームス 並び予想
3720241207020004,2024-12-08,伊東競輪,F1,A1/A2,4,Ａ級準決勝,16:50,16:45,7,https://keirin.kdreams.jp/ito/racedetail/3720241207020004/?pageType=odds,2026-10-05T05:20:25.550897+00:00,7-1-4/3-5-2/6,published,ひかり・小田競,楽天Kドリームス 並び予想
3720241207020005,2024-12-08,伊東競輪,F1,A1/A2,5,Ａ級準決勝,17:16,17:11,7,https://keirin.kdreams.jp/ito/racedetail/3720241207020005/?pageType=odds,2026-10-05T05:20:27.383702+00:00,5-1-7/4-3/2-6,published,ひかり・小田競,楽天Kドリームス 並び予想
8620241207020001,2024-12-08,別府競輪,F2,A1/A2,1,Ａ級一般,08:50,08:45,7,https://keirin.kdreams.jp/beppu/racedetail/8620241207020001/?pageType=odds,2026-10-05T05:19:46.299887+00:00,1-7/5-2-6/3-4,published,ダービー,楽天Kドリームス 並び予想
8620241207020002,2024-12-08,別府競輪,F2,A1/A2,2,Ａ級一般,09:10,09:05,7,https://keirin.kdreams.jp/beppu/racedetail/8620241207020002/?pageType=odds,2026-10-05T05:19:48.094867+00:00,1-7-5/2-6/3-4,published,ダービー,楽天Kドリームス 並び予想
8620241207020003,2024-12-08,別府競輪,F2,A1/A2,3,Ａ級選抜,09:30,09:25,7,https://keirin.kdreams.jp/beppu/racedetail/8620241207020003/?pageType=odds,2026-10-05T05:19:50.152805+00:00,5-1-3-7/2-4-6,published,ダービー,楽天Kドリームス 並び予想
8620241207020004,2024-12-08,別府競輪,F2,A1/A2,4,Ａ級選抜,09:50,09:45,7,https://keirin.kdreams.jp/beppu/racedetail/8620241207020004/?pageType=odds,2026-10-05T05:19:51.910795+00:00,1-6/2-5-7/3-4,published,ダービー,楽天Kドリームス 並び予想
8620241207020005,2024-12-08,別府競輪,F2,A1/A2,5,Ａ級準決勝,10:10,10:05,7,https://keirin.kdreams.jp/beppu/racedetail/8620241207020005/?pageType=odds,2026-10-05T05:19:53.459580+00:00,7-1/3/2-5-6-4,published,ダービー,楽天Kドリームス 並び予想
8620241207020006,2024-12-08,別府競輪,F2,A1/A2,6,Ａ級準決勝,10:30,10:25,7,https://keirin.kdreams.jp/beppu/racedetail/8620241207020006/?pageType=odds,2026-10-05T05:19:55.449844+00:00,7-1-4/2-5/6-3,published,ダービー,楽天Kドリームス 並び予想
8620241207020007,2024-12-08,別府競輪,F2,A1/A2,7,Ａ級準決勝,10:50,10:45,7,https://keirin.kdreams.jp/beppu/racedetail/8620241207020007/?pageType=odds,2026-10-05T05:19:57.122787+00:00,4-1-5/6-2/7-3,published,ダービー,楽天Kドリームス 並び予想
4220241206030004,2024-12-08,名古屋競輪,F2,A1/A2,4,Ａ級特一般,21:50,21:45,7,https://keirin.kdreams.jp/nagoya/racedetail/4220241206030004/?pageType=odds,2026-10-05T05:18:31.245494+00:00,1-4-6/2-3/5-7,published,中部競輪,楽天Kドリームス 並び予想
4220241206030005,2024-12-08,名古屋競輪,F2,A1/A2,5,Ａ級特一般,22:10,22:05,7,https://keirin.kdreams.jp/nagoya/racedetail/4220241206030005/?pageType=odds,2026-10-05T05:18:33.017614+00:00,1-2-6/3/7/4-5,published,中部競輪,楽天Kドリームス 並び予想
4220241206030006,2024-12-08,名古屋競輪,F2,A1/A2,6,Ａ級特選,22:30,22:25,7,https://keirin.kdreams.jp/nagoya/racedetail/4220241206030006/?pageType=odds,2026-10-05T05:18:34.721595+00:00,1-4/2/7/5-3-6,published,中部競輪,楽天Kドリームス 並び予想
4220241206030007,2024-12-08,名古屋競輪,F2,A1/A2,7,Ａ級特選,22:50,22:45,7,https://keirin.kdreams.jp/nagoya/racedetail/4220241206030007/?pageType=odds,2026-10-05T05:18:36.577605+00:00,1-3/2/7/4-5-6,published,中部競輪,楽天Kドリームス 並び予想
4220241206030009,2024-12-08,名古屋競輪,F2,A1/A2,9,Ａ級決勝,23:30,23:25,7,https://keirin.kdreams.jp/nagoya/racedetail/4220241206030009/?pageType=odds,2026-10-05T05:18:38.450459+00:00,1-4/3/7-2-5-6,published,中部競輪,楽天Kドリームス 並び予想
5520241208010001,2024-12-08,和歌山競輪,F1,A1/A2,1,Ａ級予選,10:35,10:30,7,https://keirin.kdreams.jp/wakayama/racedetail/5520241208010001/?pageType=odds,2026-10-05T05:20:38.065116+00:00,4-5-1/7-3-2-6,published,競輪研究,楽天Kドリームス 並び予想
5520241208010002,2024-12-08,和歌山競輪,F1,A1/A2,2,Ａ級予選,11:00,10:55,7,https://keirin.kdreams.jp/wakayama/racedetail/5520241208010002/?pageType=odds,2026-10-05T05:20:39.705644+00:00,2-4-5/6/7-1-3,published,競輪研究,楽天Kドリームス 並び予想
5520241208010003,2024-12-08,和歌山競輪,F1,A1/A2,3,Ａ級予選,11:25,11:20,7,https://keirin.kdreams.jp/wakayama/racedetail/5520241208010003/?pageType=odds,2026-10-05T05:20:41.395805+00:00,7-2-1-4-3/6/5,published,競輪研究,楽天Kドリームス 並び予想
5520241208010004,2024-12-08,和歌山競輪,F1,A1/A2,4,Ａ級予選,11:55,11:50,7,https://keirin.kdreams.jp/wakayama/racedetail/5520241208010004/?pageType=odds,2026-10-05T05:20:43.299881+00:00,5-7-1-2/4/6-3,published,競輪研究,楽天Kドリームス 並び予想
5520241208010005,2024-12-08,和歌山競輪,F1,A1/A2,5,Ａ級初日特選,12:30,12:25,7,https://keirin.kdreams.jp/wakayama/racedetail/5520241208010005/?pageType=odds,2026-10-05T05:20:45.063914+00:00,3/7-1/4/5-2-6,published,競輪研究,楽天Kドリームス 並び予想
4820241206030006,2024-12-08,四日市競輪,F2,A1/A2,6,Ａ級特一般,17:49,17:44,7,https://keirin.kdreams.jp/yokkaichi/racedetail/4820241206030006/?pageType=odds,2026-10-05T05:19:25.720289+00:00,4-6-1/5-2/3-7,published,富山中部,楽天Kドリームス 並び予想
4820241206030007,2024-12-08,四日市競輪,F2,A1/A2,7,Ａ級特一般,18:15,18:10,7,https://keirin.kdreams.jp/yokkaichi/racedetail/4820241206030007/?pageType=odds,2026-10-05T05:19:27.429430+00:00,1-5-2/7/4-3-6,published,富山中部,楽天Kドリームス 並び予想
4820241206030008,2024-12-08,四日市競輪,F2,A1/A2,8,Ａ級特選,18:41,18:36,7,https://keirin.kdreams.jp/yokkaichi/racedetail/4820241206030008/?pageType=odds,2026-10-05T05:19:28.995302+00:00,4-1-7/2-6/5-3,published,富山中部,楽天Kドリームス 並び予想
4820241206030009,2024-12-08,四日市競輪,F2,A1/A2,9,Ａ級特選,19:08,19:03,7,https://keirin.kdreams.jp/yokkaichi/racedetail/4820241206030009/?pageType=odds,2026-10-05T05:19:30.590236+00:00,7-1-4/3/6-2-5,published,富山中部,楽天Kドリームス 並び予想
4820241206030012,2024-12-08,四日市競輪,F2,A1/A2,12,Ａ級決勝,20:35,20:30,7,https://keirin.kdreams.jp/yokkaichi/racedetail/4820241206030012/?pageType=odds,2026-10-05T05:19:32.589865+00:00,4-7-1/5-2/6-3,published,富山中部,楽天Kドリームス 並び予想
2420241206030005,2024-12-08,宇都宮競輪,F2,A1/A2,5,Ａ級特一般,13:11,13:06,7,https://keirin.kdreams.jp/utsunomiya/racedetail/2420241206030005/?pageType=odds,2026-10-05T05:18:58.583086+00:00,1-4/5-2/6-3/7,published,アオケイ,楽天Kドリームス 並び予想
2420241206030006,2024-12-08,宇都宮競輪,F2,A1/A2,6,Ａ級特一般,13:39,13:34,7,https://keirin.kdreams.jp/utsunomiya/racedetail/2420241206030006/?pageType=odds,2026-10-05T05:19:00.528789+00:00,1-4-7/5-2/3-6,published,アオケイ,楽天Kドリームス 並び予想
2420241206030007,2024-12-08,宇都宮競輪,F2,A1/A2,7,Ａ級特選,14:07,14:02,7,https://keirin.kdreams.jp/utsunomiya/racedetail/2420241206030007/?pageType=odds,2026-10-05T05:19:02.629475+00:00,3-1-6/5-2-4/7,published,アオケイ,楽天Kドリームス 並び予想
2420241206030008,2024-12-08,宇都宮競輪,F2,A1/A2,8,Ａ級特選,14:35,14:30,7,https://keirin.kdreams.jp/utsunomiya/racedetail/2420241206030008/?pageType=odds,2026-10-05T05:19:04.644556+00:00,7-1/5-2/3-4-6,published,アオケイ,楽天Kドリームス 並び予想
2420241206030011,2024-12-08,宇都宮競輪,F2,A1/A2,11,Ａ級決勝,16:00,15:55,7,https://keirin.kdreams.jp/utsunomiya/racedetail/2420241206030011/?pageType=odds,2026-10-05T05:19:06.418189+00:00,3-5-7/1/2-4/6,published,アオケイ,楽天Kドリームス 並び予想
8720241206030002,2024-12-08,熊本競輪,F2,A1/A2,2,Ａ級一般,21:00,20:55,7,https://keirin.kdreams.jp/kumamoto/racedetail/8720241206030002/?pageType=odds,2026-10-05T05:18:01.372884+00:00,6-1-4/7-2-5-3,published,コンドル出版社,楽天Kドリームス 並び予想
8720241206030003,2024-12-08,熊本競輪,F2,A1/A2,3,Ａ級一般,21:20,21:15,7,https://keirin.kdreams.jp/kumamoto/racedetail/8720241206030003/?pageType=odds,2026-10-05T05:18:03.077555+00:00,1/2/4-3-5-7/6,published,コンドル出版社,楽天Kドリームス 並び予想
8720241206030004,2024-12-08,熊本競輪,F2,A1/A2,4,Ａ級一般,21:40,21:35,7,https://keirin.kdreams.jp/kumamoto/racedetail/8720241206030004/?pageType=odds,2026-10-05T05:18:04.787474+00:00,2-1-3-6/5/7-4,published,コンドル出版社,楽天Kドリームス 並び予想
8720241206030005,2024-12-08,熊本競輪,F2,A1/A2,5,Ａ級特選,22:00,21:55,7,https://keirin.kdreams.jp/kumamoto/racedetail/8720241206030005/?pageType=odds,2026-10-05T05:18:06.531951+00:00,1-3-7/6/2-5-4,published,コンドル出版社,楽天Kドリームス 並び予想
8720241206030006,2024-12-08,熊本競輪,F2,A1/A2,6,Ａ級特選,22:20,22:15,7,https://keirin.kdreams.jp/kumamoto/racedetail/8720241206030006/?pageType=odds,2026-10-05T05:18:08.241784+00:00,2-1-4/6-3/5-7,published,コンドル出版社,楽天Kドリームス 並び予想
8720241206030007,2024-12-08,熊本競輪,F2,A1/A2,7,Ａ級特選,22:40,22:35,7,https://keirin.kdreams.jp/kumamoto/racedetail/8720241206030007/?pageType=odds,2026-10-05T05:18:10.055734+00:00,3-2/4-1/5-6-7,published,コンドル出版社,楽天Kドリームス 並び予想
8720241206030009,2024-12-08,熊本競輪,F2,A1/A2,9,Ａ級決勝,23:20,23:15,7,https://keirin.kdreams.jp/kumamoto/racedetail/8720241206030009/?pageType=odds,2026-10-05T05:18:11.698982+00:00,1/6-2/5-3/4/7,published,コンドル出版社,楽天Kドリームス 並び予想
3720241207030001,2024-12-09,伊東競輪,F1,A1/A2,1,Ａ級一般,15:35,15:30,7,https://keirin.kdreams.jp/ito/racedetail/3720241207030001/?pageType=odds,2026-10-05T05:20:29.434272+00:00,5-6-1/2-4/3-7,published,ひかり・小田競,楽天Kドリームス 並び予想
3720241207030002,2024-12-09,伊東競輪,F1,A1/A2,2,Ａ級一般,16:00,15:55,7,https://keirin.kdreams.jp/ito/racedetail/3720241207030002/?pageType=odds,2026-10-05T05:20:30.762580+00:00,5-1-7/2-4-6/3,published,ひかり・小田競,楽天Kドリームス 並び予想
3720241207030003,2024-12-09,伊東競輪,F1,A1/A2,3,Ａ級特選,16:25,16:20,7,https://keirin.kdreams.jp/ito/racedetail/3720241207030003/?pageType=odds,2026-10-05T05:20:32.929707+00:00,1-7-5/4-3-2/6,published,ひかり・小田競,楽天Kドリームス 並び予想
3720241207030004,2024-12-09,伊東競輪,F1,A1/A2,4,Ａ級特選,16:51,16:46,7,https://keirin.kdreams.jp/ito/racedetail/3720241207030004/?pageType=odds,2026-10-05T05:20:34.620184+00:00,2-7-4-5/1/3/6,published,ひかり・小田競,楽天Kドリームス 並び予想
3720241207030011,2024-12-09,伊東競輪,F1,A1/A2,11,Ａ級決勝,20:04,19:59,7,https://keirin.kdreams.jp/ito/racedetail/3720241207030011/?pageType=odds,2026-10-05T05:20:36.339613+00:00,1-6-4/2-5/7-3,published,ひかり・小田競,楽天Kドリームス 並び予想
8620241207030001,2024-12-09,別府競輪,F2,A1/A2,1,Ａ級一般,08:50,08:45,7,https://keirin.kdreams.jp/beppu/racedetail/8620241207030001/?pageType=odds,2026-10-05T05:19:58.916126+00:00,1-5-6/7-2/3-4,published,ダービー,楽天Kドリームス 並び予想
8620241207030002,2024-12-09,別府競輪,F2,A1/A2,2,Ａ級一般,09:10,09:05,7,https://keirin.kdreams.jp/beppu/racedetail/8620241207030002/?pageType=odds,2026-10-05T05:20:00.559587+00:00,1-4/2-6-3/5/7,published,ダービー,楽天Kドリームス 並び予想
8620241207030003,2024-12-09,別府競輪,F2,A1/A2,3,Ａ級一般,09:30,09:25,7,https://keirin.kdreams.jp/beppu/racedetail/8620241207030003/?pageType=odds,2026-10-05T05:20:02.502692+00:00,4-1-7/3-5-2-6,published,ダービー,楽天Kドリームス 並び予想
8620241207030004,2024-12-09,別府競輪,F2,A1/A2,4,Ａ級特選,09:50,09:45,7,https://keirin.kdreams.jp/beppu/racedetail/8620241207030004/?pageType=odds,2026-10-05T05:20:04.273629+00:00,5-1/2-6/3-4-7,published,ダービー,楽天Kドリームス 並び予想
8620241207030005,2024-12-09,別府競輪,F2,A1/A2,5,Ａ級特選,10:10,10:05,7,https://keirin.kdreams.jp/beppu/racedetail/8620241207030005/?pageType=odds,2026-10-05T05:20:05.993051+00:00,5-4-1/2-7/3-6,published,ダービー,楽天Kドリームス 並び予想
8620241207030006,2024-12-09,別府競輪,F2,A1/A2,6,Ａ級特選,10:30,10:25,7,https://keirin.kdreams.jp/beppu/racedetail/8620241207030006/?pageType=odds,2026-10-05T05:20:07.807513+00:00,1-4-7/6-2/5-3,published,ダービー,楽天Kドリームス 並び予想
8620241207030007,2024-12-09,別府競輪,F2,A1/A2,7,Ａ級決勝,10:50,10:45,7,https://keirin.kdreams.jp/beppu/racedetail/8620241207030007/?pageType=odds,2026-10-05T05:20:09.463285+00:00,4-1/2-7/6-3/5,published,ダービー,楽天Kドリームス 並び予想
5520241208020001,2024-12-09,和歌山競輪,F1,A1/A2,1,Ａ級一般,10:25,10:20,7,https://keirin.kdreams.jp/wakayama/racedetail/5520241208020001/?pageType=odds,2026-10-05T05:20:46.780572+00:00,1-5-6/3-4-7-2,published,競輪研究,楽天Kドリームス 並び予想
5520241208020002,2024-12-09,和歌山競輪,F1,A1/A2,2,Ａ級一般,10:55,10:50,7,https://keirin.kdreams.jp/wakayama/racedetail/5520241208020002/?pageType=odds,2026-10-05T05:20:48.556393+00:00,1-7-5/6/3-4-2,published,競輪研究,楽天Kドリームス 並び予想
5520241208020003,2024-12-09,和歌山競輪,F1,A1/A2,3,Ａ級準決勝,11:20,11:15,7,https://keirin.kdreams.jp/wakayama/racedetail/5520241208020003/?pageType=odds,2026-10-05T05:20:50.223160+00:00,3-6/5-1/7-2-4,published,競輪研究,楽天Kドリームス 並び予想
5520241208020004,2024-12-09,和歌山競輪,F1,A1/A2,4,Ａ級準決勝,11:50,11:45,7,https://keirin.kdreams.jp/wakayama/racedetail/5520241208020004/?pageType=odds,2026-10-05T05:20:51.970810+00:00,1-7/4-2-5/3-6,published,競輪研究,楽天Kドリームス 並び予想
5520241208020005,2024-12-09,和歌山競輪,F1,A1/A2,5,Ａ級準決勝,12:25,12:20,7,https://keirin.kdreams.jp/wakayama/racedetail/5520241208020005/?pageType=odds,2026-10-05T05:20:53.820073+00:00,1-4-6/5-3/2-7,published,競輪研究,楽天Kドリームス 並び予想
2620241209010001,2024-12-09,西武園競輪,F1,A1/A2,1,Ａ級予選,10:25,10:20,7,https://keirin.kdreams.jp/seibuen/racedetail/2620241209010001/?pageType=odds,2026-10-05T05:21:04.822409+00:00,5-1/6/4-7-2-3,published,アオケイ,楽天Kドリームス 並び予想
2620241209010002,2024-12-09,西武園競輪,F1,A1/A2,2,Ａ級予選,10:50,10:45,7,https://keirin.kdreams.jp/seibuen/racedetail/2620241209010002/?pageType=odds,2026-10-05T05:21:06.553624+00:00,5-2-6/3-7-1-4,published,アオケイ,楽天Kドリームス 並び予想
2620241209010003,2024-12-09,西武園競輪,F1,A1/A2,3,Ａ級予選,11:15,11:10,7,https://keirin.kdreams.jp/seibuen/racedetail/2620241209010003/?pageType=odds,2026-10-05T05:21:08.377652+00:00,4-1-6/2-7/5-3,published,アオケイ,楽天Kドリームス 並び予想
2620241209010004,2024-12-09,西武園競輪,F1,A1/A2,4,Ａ級予選,11:40,11:35,7,https://keirin.kdreams.jp/seibuen/racedetail/2620241209010004/?pageType=odds,2026-10-05T05:21:10.209060+00:00,3-5/1-6/4-7-2,published,アオケイ,楽天Kドリームス 並び予想
2620241209010005,2024-12-09,西武園競輪,F1,A1/A2,5,Ａ級初日特選,12:10,12:05,7,https://keirin.kdreams.jp/seibuen/racedetail/2620241209010005/?pageType=odds,2026-10-05T05:21:12.049954+00:00,2-4-6/1-5-3-7,published,アオケイ,楽天Kドリームス 並び予想
4220241210010001,2024-12-10,名古屋競輪,F1,A1/A2,1,Ａ級予選,15:27,15:22,7,https://keirin.kdreams.jp/nagoya/racedetail/4220241210010001/?pageType=odds,2026-10-05T05:21:31.696121+00:00,1-4/7-2/6/5-3,published,中部競輪,楽天Kドリームス 並び予想
4220241210010002,2024-12-10,名古屋競輪,F1,A1/A2,2,Ａ級予選,15:52,15:47,7,https://keirin.kdreams.jp/nagoya/racedetail/4220241210010002/?pageType=odds,2026-10-05T05:21:33.578831+00:00,4-2-7/3-5-1/6,published,中部競輪,楽天Kドリームス 並び予想
4220241210010003,2024-12-10,名古屋競輪,F1,A1/A2,3,Ａ級予選,16:17,16:12,7,https://keirin.kdreams.jp/nagoya/racedetail/4220241210010003/?pageType=odds,2026-10-05T05:21:35.438887+00:00,1/2-4-6/5-3/7,published,中部競輪,楽天Kドリームス 並び予想
4220241210010004,2024-12-10,名古屋競輪,F1,A1/A2,4,Ａ級予選,16:43,16:38,7,https://keirin.kdreams.jp/nagoya/racedetail/4220241210010004/?pageType=odds,2026-10-05T05:21:37.211760+00:00,4-1-7/2-6/3-5,published,中部競輪,楽天Kドリームス 並び予想
4220241210010005,2024-12-10,名古屋競輪,F1,A1/A2,5,Ａ級初日特選,17:09,17:04,7,https://keirin.kdreams.jp/nagoya/racedetail/4220241210010005/?pageType=odds,2026-10-05T05:21:38.957622+00:00,3-5/1-7/4-2-6,published,中部競輪,楽天Kドリームス 並び予想
5520241208030001,2024-12-10,和歌山競輪,F1,A1/A2,1,Ａ級一般,10:25,10:20,7,https://keirin.kdreams.jp/wakayama/racedetail/5520241208030001/?pageType=odds,2026-10-05T05:20:55.673280+00:00,7-3-5/2/4-1-6,published,競輪研究,楽天Kドリームス 並び予想
5520241208030002,2024-12-10,和歌山競輪,F1,A1/A2,2,Ａ級一般,10:55,10:50,7,https://keirin.kdreams.jp/wakayama/racedetail/5520241208030002/?pageType=odds,2026-10-05T05:20:57.314358+00:00,4-1-7/2/6/3-5,published,競輪研究,楽天Kドリームス 並び予想
5520241208030003,2024-12-10,和歌山競輪,F1,A1/A2,3,Ａ級特選,11:20,11:15,7,https://keirin.kdreams.jp/wakayama/racedetail/5520241208030003/?pageType=odds,2026-10-05T05:20:59.379656+00:00,1-3-6/2/5-4-7,published,競輪研究,楽天Kドリームス 並び予想
5520241208030004,2024-12-10,和歌山競輪,F1,A1/A2,4,Ａ級特選,11:50,11:45,7,https://keirin.kdreams.jp/wakayama/racedetail/5520241208030004/?pageType=odds,2026-10-05T05:21:01.268402+00:00,3-1-5/4/7-6-2,published,競輪研究,楽天Kドリームス 並び予想
5520241208030011,2024-12-10,和歌山競輪,F1,A1/A2,11,Ａ級決勝,15:30,15:25,7,https://keirin.kdreams.jp/wakayama/racedetail/5520241208030011/?pageType=odds,2026-10-05T05:21:03.137766+00:00,1-7-4/5-2/3/6,published,競輪研究,楽天Kドリームス 並び予想
2620241209020001,2024-12-10,西武園競輪,F1,A1/A2,1,Ａ級一般,10:27,10:22,7,https://keirin.kdreams.jp/seibuen/racedetail/2620241209020001/?pageType=odds,2026-10-05T05:21:13.821660+00:00,7-1-5/2/3-4-6,published,アオケイ,楽天Kドリームス 並び予想
2620241209020002,2024-12-10,西武園競輪,F1,A1/A2,2,Ａ級一般,10:54,10:49,7,https://keirin.kdreams.jp/seibuen/racedetail/2620241209020002/?pageType=odds,2026-10-05T05:21:15.719708+00:00,4-1-6/3/7-2-5,published,アオケイ,楽天Kドリームス 並び予想
2620241209020003,2024-12-10,西武園競輪,F1,A1/A2,3,Ａ級準決勝,11:21,11:16,7,https://keirin.kdreams.jp/seibuen/racedetail/2620241209020003/?pageType=odds,2026-10-05T05:21:17.471385+00:00,7-1/2-6/5-3-4,published,アオケイ,楽天Kドリームス 並び予想
2620241209020004,2024-12-10,西武園競輪,F1,A1/A2,4,Ａ級準決勝,11:48,11:43,7,https://keirin.kdreams.jp/seibuen/racedetail/2620241209020004/?pageType=odds,2026-10-05T05:21:19.233610+00:00,6/4-1/5-2/7-3,published,アオケイ,楽天Kドリームス 並び予想
2620241209020005,2024-12-10,西武園競輪,F1,A1/A2,5,Ａ級準決勝,12:15,12:10,7,https://keirin.kdreams.jp/seibuen/racedetail/2620241209020005/?pageType=odds,2026-10-05T05:21:20.927463+00:00,1-4-7/5-2/3-6,published,アオケイ,楽天Kドリームス 並び予想
4220241210020001,2024-12-11,名古屋競輪,F1,A1/A2,1,Ａ級一般,15:27,15:22,7,https://keirin.kdreams.jp/nagoya/racedetail/4220241210020001/?pageType=odds,2026-10-05T05:21:41.040300+00:00,1-5-4-3/7-2/6,published,中部競輪,楽天Kドリームス 並び予想
4220241210020002,2024-12-11,名古屋競輪,F1,A1/A2,2,Ａ級一般,15:52,15:47,7,https://keirin.kdreams.jp/nagoya/racedetail/4220241210020002/?pageType=odds,2026-10-05T05:21:43.010682+00:00,2-7/1/5/3-4-6,published,中部競輪,楽天Kドリームス 並び予想
4220241210020003,2024-12-11,名古屋競輪,F1,A1/A2,3,Ａ級準決勝,16:17,16:12,7,https://keirin.kdreams.jp/nagoya/racedetail/4220241210020003/?pageType=odds,2026-10-05T05:21:44.893473+00:00,5-1-6/2-7/3/4,published,中部競輪,楽天Kドリームス 並び予想
4220241210020004,2024-12-11,名古屋競輪,F1,A1/A2,4,Ａ級準決勝,16:43,16:38,7,https://keirin.kdreams.jp/nagoya/racedetail/4220241210020004/?pageType=odds,2026-10-05T05:21:46.749244+00:00,7-1/5-2/4/3-6,published,中部競輪,楽天Kドリームス 並び予想
4220241210020005,2024-12-11,名古屋競輪,F1,A1/A2,5,Ａ級準決勝,17:09,17:04,7,https://keirin.kdreams.jp/nagoya/racedetail/4220241210020005/?pageType=odds,2026-10-05T05:21:48.721948+00:00,1-4/2-5-6/3-7,published,中部競輪,楽天Kドリームス 並び予想
2620241209030001,2024-12-11,西武園競輪,F1,A1/A2,1,Ａ級一般,10:27,10:22,7,https://keirin.kdreams.jp/seibuen/racedetail/2620241209030001/?pageType=odds,2026-10-05T05:21:22.860331+00:00,4-1-5/2-7/6-3,published,アオケイ,楽天Kドリームス 並び予想
2620241209030002,2024-12-11,西武園競輪,F1,A1/A2,2,Ａ級一般,10:54,10:49,7,https://keirin.kdreams.jp/seibuen/racedetail/2620241209030002/?pageType=odds,2026-10-05T05:21:24.696981+00:00,1-6-4/3/2-7-5,published,アオケイ,楽天Kドリームス 並び予想
2620241209030003,2024-12-11,西武園競輪,F1,A1/A2,3,Ａ級特選,11:21,11:16,7,https://keirin.kdreams.jp/seibuen/racedetail/2620241209030003/?pageType=odds,2026-10-05T05:21:26.478444+00:00,5-4/7-1-3/6-2,published,アオケイ,楽天Kドリームス 並び予想
2620241209030004,2024-12-11,西武園競輪,F1,A1/A2,4,Ａ級特選,11:48,11:43,7,https://keirin.kdreams.jp/seibuen/racedetail/2620241209030004/?pageType=odds,2026-10-05T05:21:28.185803+00:00,4-1/2-7-6/3-5,published,アオケイ,楽天Kドリームス 並び予想
2620241209030010,2024-12-11,西武園競輪,F1,A1/A2,10,Ａ級決勝,14:50,14:45,7,https://keirin.kdreams.jp/seibuen/racedetail/2620241209030010/?pageType=odds,2026-10-05T05:21:30.037272+00:00,4-1/5-2/3-7-6,published,アオケイ,楽天Kドリームス 並び予想
2320241212010001,2024-12-12,取手競輪,F2,A1/A2,1,Ａ級予選,08:50,08:45,7,https://keirin.kdreams.jp/toride/racedetail/2320241212010001/?pageType=odds,2026-10-05T05:23:45.597856+00:00,2-7-4/5-3/6-1,published,アオケイ,楽天Kドリームス 並び予想
2320241212010002,2024-12-12,取手競輪,F2,A1/A2,2,Ａ級予選,09:10,09:05,7,https://keirin.kdreams.jp/toride/racedetail/2320241212010002/?pageType=odds,2026-10-05T05:23:47.250183+00:00,5-2-7/6/3-4-1,published,アオケイ,楽天Kドリームス 並び予想
2320241212010003,2024-12-12,取手競輪,F2,A1/A2,3,Ａ級予選,09:30,09:25,7,https://keirin.kdreams.jp/toride/racedetail/2320241212010003/?pageType=odds,2026-10-05T05:23:48.988985+00:00,6-2/5/1/7-3-4,published,アオケイ,楽天Kドリームス 並び予想
2320241212010004,2024-12-12,取手競輪,F2,A1/A2,4,Ａ級予選,09:50,09:45,7,https://keirin.kdreams.jp/toride/racedetail/2320241212010004/?pageType=odds,2026-10-05T05:23:50.911843+00:00,1-3-5/6/7-2-4,published,アオケイ,楽天Kドリームス 並び予想
2320241212010005,2024-12-12,取手競輪,F2,A1/A2,5,Ａ級予選,10:10,10:05,7,https://keirin.kdreams.jp/toride/racedetail/2320241212010005/?pageType=odds,2026-10-05T05:23:52.626820+00:00,1-5-6/3/4/2-7,published,アオケイ,楽天Kドリームス 並び予想
2320241212010006,2024-12-12,取手競輪,F2,A1/A2,6,Ａ級予選,10:30,10:25,7,https://keirin.kdreams.jp/toride/racedetail/2320241212010006/?pageType=odds,2026-10-05T05:23:54.303608+00:00,5-2-4/1-7-3/6,published,アオケイ,楽天Kドリームス 並び予想
2320241212010007,2024-12-12,取手競輪,F2,A1/A2,7,Ａ級初日特選,10:50,10:45,7,https://keirin.kdreams.jp/toride/racedetail/2320241212010007/?pageType=odds,2026-10-05T05:23:56.076071+00:00,7-1/3/2-4-5-6,published,アオケイ,楽天Kドリームス 並び予想
4220241210030001,2024-12-12,名古屋競輪,F1,A1/A2,1,Ａ級一般,15:27,15:22,6,https://keirin.kdreams.jp/nagoya/racedetail/4220241210030001/?pageType=odds,2026-10-05T05:21:50.557819+00:00,3-1-5/6-4-2,published,中部競輪,楽天Kドリームス 並び予想
4220241210030002,2024-12-12,名古屋競輪,F1,A1/A2,2,Ａ級一般,15:52,15:47,7,https://keirin.kdreams.jp/nagoya/racedetail/4220241210030002/?pageType=odds,2026-10-05T05:21:52.336800+00:00,4-1/5-2-7/3/6,published,中部競輪,楽天Kドリームス 並び予想
4220241210030003,2024-12-12,名古屋競輪,F1,A1/A2,3,Ａ級特選,16:17,16:12,7,https://keirin.kdreams.jp/nagoya/racedetail/4220241210030003/?pageType=odds,2026-10-05T05:21:54.105160+00:00,1-7-3-6/2-4/5,published,中部競輪,楽天Kドリームス 並び予想
4220241210030004,2024-12-12,名古屋競輪,F1,A1/A2,4,Ａ級特選,16:43,16:38,7,https://keirin.kdreams.jp/nagoya/racedetail/4220241210030004/?pageType=odds,2026-10-05T05:21:55.882836+00:00,2-4-6/1-7/5-3,published,中部競輪,楽天Kドリームス 並び予想
4220241210030011,2024-12-12,名古屋競輪,F1,A1/A2,11,Ａ級決勝,19:55,19:50,7,https://keirin.kdreams.jp/nagoya/racedetail/4220241210030011/?pageType=odds,2026-10-05T05:21:57.730571+00:00,1-5-6/7-4-2/3,published,中部競輪,楽天Kドリームス 並び予想
3420241212010003,2024-12-12,川崎競輪,F2,A1/A2,3,Ａ級予選,21:20,21:15,7,https://keirin.kdreams.jp/kawasaki/racedetail/3420241212010003/?pageType=odds,2026-10-05T05:21:59.678915+00:00,2-1-6/4-3/7-5,published,小田競・サイクル,楽天Kドリームス 並び予想
3420241212010004,2024-12-12,川崎競輪,F2,A1/A2,4,Ａ級予選,21:40,21:35,7,https://keirin.kdreams.jp/kawasaki/racedetail/3420241212010004/?pageType=odds,2026-10-05T05:22:01.655486+00:00,2-1/4-3-5/6-7,published,小田競・サイクル,楽天Kドリームス 並び予想
3420241212010005,2024-12-12,川崎競輪,F2,A1/A2,5,Ａ級予選,22:00,21:55,7,https://keirin.kdreams.jp/kawasaki/racedetail/3420241212010005/?pageType=odds,2026-10-05T05:22:03.398637+00:00,2-1-6/4-3/7-5,published,小田競・サイクル,楽天Kドリームス 並び予想
3420241212010006,2024-12-12,川崎競輪,F2,A1/A2,6,Ａ級予選,22:20,22:15,7,https://keirin.kdreams.jp/kawasaki/racedetail/3420241212010006/?pageType=odds,2026-10-05T05:22:05.213643+00:00,1-2-6/5-3/4-7,published,小田競・サイクル,楽天Kドリームス 並び予想
3420241212010007,2024-12-12,川崎競輪,F2,A1/A2,7,Ａ級予選,22:40,22:35,7,https://keirin.kdreams.jp/kawasaki/racedetail/3420241212010007/?pageType=odds,2026-10-05T05:22:06.938669+00:00,1-3-5/6-2/4-7,published,小田競・サイクル,楽天Kドリームス 並び予想
3420241212010008,2024-12-12,川崎競輪,F2,A1/A2,8,Ａ級予選,23:00,22:55,7,https://keirin.kdreams.jp/kawasaki/racedetail/3420241212010008/?pageType=odds,2026-10-05T05:22:08.726129+00:00,1-2-4/6-3/7-5,published,小田競・サイクル,楽天Kドリームス 並び予想
3420241212010009,2024-12-12,川崎競輪,F2,A1/A2,9,Ａ級初日特選,23:20,23:15,7,https://keirin.kdreams.jp/kawasaki/racedetail/3420241212010009/?pageType=odds,2026-10-05T05:22:10.497483+00:00,1-5/2-3-6/4/7,published,小田競・サイクル,楽天Kドリームス 並び予想
4720241212010003,2024-12-12,松阪競輪,F2,A1/A2,3,Ａ級予選,21:30,21:25,7,https://keirin.kdreams.jp/matsusaka/racedetail/4720241212010003/?pageType=odds,2026-10-05T05:22:37.693362+00:00,5-1/6-2-4/7-3,published,中部競輪,楽天Kドリームス 並び予想
4720241212010004,2024-12-12,松阪競輪,F2,A1/A2,4,Ａ級予選,21:50,21:45,7,https://keirin.kdreams.jp/matsusaka/racedetail/4720241212010004/?pageType=odds,2026-10-05T05:22:39.611589+00:00,3-1/2-5/7-4-6,published,中部競輪,楽天Kドリームス 並び予想
4720241212010005,2024-12-12,松阪競輪,F2,A1/A2,5,Ａ級予選,22:10,22:05,7,https://keirin.kdreams.jp/matsusaka/racedetail/4720241212010005/?pageType=odds,2026-10-05T05:22:41.252678+00:00,3-1/5-2-7/6-4,published,中部競輪,楽天Kドリームス 並び予想
4720241212010006,2024-12-12,松阪競輪,F2,A1/A2,6,Ａ級予選,22:30,22:25,7,https://keirin.kdreams.jp/matsusaka/racedetail/4720241212010006/?pageType=odds,2026-10-05T05:22:43.023384+00:00,4-1-6-7/5-2-3,published,中部競輪,楽天Kドリームス 並び予想
4720241212010007,2024-12-12,松阪競輪,F2,A1/A2,7,Ａ級予選,22:50,22:45,7,https://keirin.kdreams.jp/matsusaka/racedetail/4720241212010007/?pageType=odds,2026-10-05T05:22:44.846376+00:00,1-3-7/5-2/6-4,published,中部競輪,楽天Kドリームス 並び予想
4720241212010008,2024-12-12,松阪競輪,F2,A1/A2,8,Ａ級予選,23:10,23:05,7,https://keirin.kdreams.jp/matsusaka/racedetail/4720241212010008/?pageType=odds,2026-10-05T05:22:46.803476+00:00,1-2/6-3-4/7-5,published,中部競輪,楽天Kドリームス 並び予想
4720241212010009,2024-12-12,松阪競輪,F2,A1/A2,9,Ａ級初日特選,23:30,23:25,7,https://keirin.kdreams.jp/matsusaka/racedetail/4720241212010009/?pageType=odds,2026-10-05T05:22:48.681701+00:00,1-3/7-2-4/5-6,published,中部競輪,楽天Kドリームス 並び予想
3820241212010001,2024-12-12,静岡競輪,F1,A1/A2,1,Ａ級予選,10:35,10:30,7,https://keirin.kdreams.jp/shizuoka/racedetail/3820241212010001/?pageType=odds,2026-10-05T05:23:16.215023+00:00,7-1-3/5/2-4-6,published,ひかり・小田競,楽天Kドリームス 並び予想
3820241212010002,2024-12-12,静岡競輪,F1,A1/A2,2,Ａ級予選,11:00,10:55,7,https://keirin.kdreams.jp/shizuoka/racedetail/3820241212010002/?pageType=odds,2026-10-05T05:23:17.964358+00:00,5-1-4/6/7-3-2,published,ひかり・小田競,楽天Kドリームス 並び予想
3820241212010003,2024-12-12,静岡競輪,F1,A1/A2,3,Ａ級予選,11:25,11:20,7,https://keirin.kdreams.jp/shizuoka/racedetail/3820241212010003/?pageType=odds,2026-10-05T05:23:19.656390+00:00,1-6/2-4/3-5-7,published,ひかり・小田競,楽天Kドリームス 並び予想
3820241212010004,2024-12-12,静岡競輪,F1,A1/A2,4,Ａ級予選,11:55,11:50,7,https://keirin.kdreams.jp/shizuoka/racedetail/3820241212010004/?pageType=odds,2026-10-05T05:23:21.317543+00:00,7-1-4/5-2/6-3,published,ひかり・小田競,楽天Kドリームス 並び予想
3820241212010005,2024-12-12,静岡競輪,F1,A1/A2,5,Ａ級初日特選,12:25,12:20,7,https://keirin.kdreams.jp/shizuoka/racedetail/3820241212010005/?pageType=odds,2026-10-05T05:23:23.122765+00:00,1-5/4-7-2/3-6,published,ひかり・小田競,楽天Kドリームス 並び予想
1320241213010008,2024-12-13,いわき平競輪,F2,A1/A2,8,Ａ級特予選,18:35,18:30,7,https://keirin.kdreams.jp/iwakitaira/racedetail/1320241213010008/?pageType=odds,2026-10-05T05:24:23.002396+00:00,6-1-5/3/2-7-4,published,アオケイ,楽天Kドリームス 並び予想
1320241213010009,2024-12-13,いわき平競輪,F2,A1/A2,9,Ａ級特予選,18:59,18:54,7,https://keirin.kdreams.jp/iwakitaira/racedetail/1320241213010009/?pageType=odds,2026-10-05T05:24:24.733505+00:00,1-5-7/2-6/3-4,published,アオケイ,楽天Kドリームス 並び予想
1320241213010010,2024-12-13,いわき平競輪,F2,A1/A2,10,Ａ級特予選,19:23,19:18,7,https://keirin.kdreams.jp/iwakitaira/racedetail/1320241213010010/?pageType=odds,2026-10-05T05:24:26.604643+00:00,1-7/2-5-4/3-6,published,アオケイ,楽天Kドリームス 並び予想
1320241213010011,2024-12-13,いわき平競輪,F2,A1/A2,11,Ａ級特予選,19:47,19:42,7,https://keirin.kdreams.jp/iwakitaira/racedetail/1320241213010011/?pageType=odds,2026-10-05T05:24:28.286115+00:00,4-1-5/6/7-2-3,published,アオケイ,楽天Kドリームス 並び予想
1320241213010012,2024-12-13,いわき平競輪,F2,A1/A2,12,Ａ級初日特選,20:13,20:08,7,https://keirin.kdreams.jp/iwakitaira/racedetail/1320241213010012/?pageType=odds,2026-10-05T05:24:30.082449+00:00,1/2-6/3-5/7-4,published,アオケイ,楽天Kドリームス 並び予想
2320241212020001,2024-12-13,取手競輪,F2,A1/A2,1,Ａ級一般,08:50,08:45,6,https://keirin.kdreams.jp/toride/racedetail/2320241212020001/?pageType=odds,2026-10-05T05:23:57.714944+00:00,4-2-3/6-5-1,published,アオケイ,楽天Kドリームス 並び予想
2320241212020002,2024-12-13,取手競輪,F2,A1/A2,2,Ａ級一般,09:10,09:05,7,https://keirin.kdreams.jp/toride/racedetail/2320241212020002/?pageType=odds,2026-10-05T05:23:59.233111+00:00,5-2-1-6/4-7-3,published,アオケイ,楽天Kドリームス 並び予想
2320241212020003,2024-12-13,取手競輪,F2,A1/A2,3,Ａ級選抜,09:30,09:25,7,https://keirin.kdreams.jp/toride/racedetail/2320241212020003/?pageType=odds,2026-10-05T05:24:01.110544+00:00,4-2-5/1/3-6/7,published,アオケイ,楽天Kドリームス 並び予想
2320241212020004,2024-12-13,取手競輪,F2,A1/A2,4,Ａ級選抜,09:50,09:45,7,https://keirin.kdreams.jp/toride/racedetail/2320241212020004/?pageType=odds,2026-10-05T05:24:02.807291+00:00,7-1-5/3/2-4-6,published,アオケイ,楽天Kドリームス 並び予想
2320241212020005,2024-12-13,取手競輪,F2,A1/A2,5,Ａ級準決勝,10:10,10:05,7,https://keirin.kdreams.jp/toride/racedetail/2320241212020005/?pageType=odds,2026-10-05T05:24:04.962466+00:00,5-7-1/2-6/4-3,published,アオケイ,楽天Kドリームス 並び予想
2320241212020006,2024-12-13,取手競輪,F2,A1/A2,6,Ａ級準決勝,10:30,10:25,7,https://keirin.kdreams.jp/toride/racedetail/2320241212020006/?pageType=odds,2026-10-05T05:24:06.647707+00:00,4-5-3/1-6/2-7,published,アオケイ,楽天Kドリームス 並び予想
2320241212020007,2024-12-13,取手競輪,F2,A1/A2,7,Ａ級準決勝,10:50,10:45,7,https://keirin.kdreams.jp/toride/racedetail/2320241212020007/?pageType=odds,2026-10-05T05:24:08.471426+00:00,5-3-1/2-7-4-6,published,アオケイ,楽天Kドリームス 並び予想
5520241213010008,2024-12-13,和歌山競輪,F2,A1/A2,8,Ａ級特予選,13:50,13:45,7,https://keirin.kdreams.jp/wakayama/racedetail/5520241213010008/?pageType=odds,2026-10-05T05:25:16.481985+00:00,6-1-5/2-7/4-3,published,競輪研究,楽天Kドリームス 並び予想
5520241213010009,2024-12-13,和歌山競輪,F2,A1/A2,9,Ａ級特予選,14:25,14:20,7,https://keirin.kdreams.jp/wakayama/racedetail/5520241213010009/?pageType=odds,2026-10-05T05:25:18.315301+00:00,7-2-5/1-4-3-6,published,競輪研究,楽天Kドリームス 並び予想
5520241213010010,2024-12-13,和歌山競輪,F2,A1/A2,10,Ａ級特予選,15:00,14:55,7,https://keirin.kdreams.jp/wakayama/racedetail/5520241213010010/?pageType=odds,2026-10-05T05:25:20.073912+00:00,7-1/4-2-6/3-5,published,競輪研究,楽天Kドリームス 並び予想
5520241213010011,2024-12-13,和歌山競輪,F2,A1/A2,11,Ａ級特予選,15:35,15:30,7,https://keirin.kdreams.jp/wakayama/racedetail/5520241213010011/?pageType=odds,2026-10-05T05:25:21.720171+00:00,4-1-3/6/7-2-5,published,競輪研究,楽天Kドリームス 並び予想
5520241213010012,2024-12-13,和歌山競輪,F2,A1/A2,12,Ａ級初日特選,16:10,16:05,7,https://keirin.kdreams.jp/wakayama/racedetail/5520241213010012/?pageType=odds,2026-10-05T05:25:23.805935+00:00,5-1-6/4-2/3-7,published,競輪研究,楽天Kドリームス 並び予想
8120241213010001,2024-12-13,小倉競輪,F1,A1/A2,1,Ａ級予選,15:42,15:37,7,https://keirin.kdreams.jp/kokura/racedetail/8120241213010001/?pageType=odds,2026-10-05T05:24:49.580674+00:00,7-1/4-2/6/3-5,published,コンドル出版社,楽天Kドリームス 並び予想
8120241213010002,2024-12-13,小倉競輪,F1,A1/A2,2,Ａ級予選,16:17,16:12,7,https://keirin.kdreams.jp/kokura/racedetail/8120241213010002/?pageType=odds,2026-10-05T05:24:51.551942+00:00,5-1-3/6/2-7-4,published,コンドル出版社,楽天Kドリームス 並び予想
8120241213010003,2024-12-13,小倉競輪,F1,A1/A2,3,Ａ級予選,16:47,16:42,7,https://keirin.kdreams.jp/kokura/racedetail/8120241213010003/?pageType=odds,2026-10-05T05:24:53.332230+00:00,5-1-6/2/3-7-4,published,コンドル出版社,楽天Kドリームス 並び予想
8120241213010004,2024-12-13,小倉競輪,F1,A1/A2,4,Ａ級予選,17:11,17:06,7,https://keirin.kdreams.jp/kokura/racedetail/8120241213010004/?pageType=odds,2026-10-05T05:24:54.998194+00:00,1-7-5/2-6/3-4,published,コンドル出版社,楽天Kドリームス 並び予想
8120241213010005,2024-12-13,小倉競輪,F1,A1/A2,5,Ａ級初日特選,17:35,17:30,7,https://keirin.kdreams.jp/kokura/racedetail/8120241213010005/?pageType=odds,2026-10-05T05:24:56.860910+00:00,5-6-2/1/4-3/7,published,コンドル出版社,楽天Kドリームス 並び予想
3420241212020003,2024-12-13,川崎競輪,F2,A1/A2,3,Ａ級一般,21:20,21:15,7,https://keirin.kdreams.jp/kawasaki/racedetail/3420241212020003/?pageType=odds,2026-10-05T05:22:12.146121+00:00,5-1/3-2/7-4/6,published,小田競・サイクル,楽天Kドリームス 並び予想
3420241212020004,2024-12-13,川崎競輪,F2,A1/A2,4,Ａ級一般,21:40,21:35,7,https://keirin.kdreams.jp/kawasaki/racedetail/3420241212020004/?pageType=odds,2026-10-05T05:22:13.946654+00:00,3-1-4/5-2/7-6,published,小田競・サイクル,楽天Kドリームス 並び予想
3420241212020005,2024-12-13,川崎競輪,F2,A1/A2,5,Ａ級選抜,22:00,21:55,7,https://keirin.kdreams.jp/kawasaki/racedetail/3420241212020005/?pageType=odds,2026-10-05T05:22:15.715448+00:00,2-6-4/1-7/5-3,published,小田競・サイクル,楽天Kドリームス 並び予想
3420241212020006,2024-12-13,川崎競輪,F2,A1/A2,6,Ａ級選抜,22:20,22:15,7,https://keirin.kdreams.jp/kawasaki/racedetail/3420241212020006/?pageType=odds,2026-10-05T05:22:17.548283+00:00,1-4-7/5-2-3/6,published,小田競・サイクル,楽天Kドリームス 並び予想
3420241212020007,2024-12-13,川崎競輪,F2,A1/A2,7,Ａ級準決勝,22:40,22:35,7,https://keirin.kdreams.jp/kawasaki/racedetail/3420241212020007/?pageType=odds,2026-10-05T05:22:19.216235+00:00,1-3/2-7/5-4/6,published,小田競・サイクル,楽天Kドリームス 並び予想
3420241212020008,2024-12-13,川崎競輪,F2,A1/A2,8,Ａ級準決勝,23:00,22:55,7,https://keirin.kdreams.jp/kawasaki/racedetail/3420241212020008/?pageType=odds,2026-10-05T05:22:21.026949+00:00,1-4/3-2/5-6/7,published,小田競・サイクル,楽天Kドリームス 並び予想
3420241212020009,2024-12-13,川崎競輪,F2,A1/A2,9,Ａ級準決勝,23:20,23:15,7,https://keirin.kdreams.jp/kawasaki/racedetail/3420241212020009/?pageType=odds,2026-10-05T05:22:22.693574+00:00,1-3-7/5-2/6-4,published,小田競・サイクル,楽天Kドリームス 並び予想
4720241212020003,2024-12-13,松阪競輪,F2,A1/A2,3,Ａ級一般,21:30,21:25,6,https://keirin.kdreams.jp/matsusaka/racedetail/4720241212020003/?pageType=odds,2026-10-05T05:22:50.424883+00:00,5-4-1/3-2/6,published,中部競輪,楽天Kドリームス 並び予想
4720241212020004,2024-12-13,松阪競輪,F2,A1/A2,4,Ａ級一般,21:50,21:45,7,https://keirin.kdreams.jp/matsusaka/racedetail/4720241212020004/?pageType=odds,2026-10-05T05:22:52.507003+00:00,7-1-4/2-3/6-5,published,中部競輪,楽天Kドリームス 並び予想
4720241212020005,2024-12-13,松阪競輪,F2,A1/A2,5,Ａ級選抜,22:10,22:05,7,https://keirin.kdreams.jp/matsusaka/racedetail/4720241212020005/?pageType=odds,2026-10-05T05:22:54.374583+00:00,4-2-6/1-7/5-3,published,中部競輪,楽天Kドリームス 並び予想
4720241212020006,2024-12-13,松阪競輪,F2,A1/A2,6,Ａ級選抜,22:30,22:25,7,https://keirin.kdreams.jp/matsusaka/racedetail/4720241212020006/?pageType=odds,2026-10-05T05:22:56.222566+00:00,1-2/7-3/6-4-5,published,中部競輪,楽天Kドリームス 並び予想
4720241212020007,2024-12-13,松阪競輪,F2,A1/A2,7,Ａ級準決勝,22:50,22:45,7,https://keirin.kdreams.jp/matsusaka/racedetail/4720241212020007/?pageType=odds,2026-10-05T05:22:57.936046+00:00,1-2/3-6/7-4/5,published,中部競輪,楽天Kドリームス 並び予想
4720241212020008,2024-12-13,松阪競輪,F2,A1/A2,8,Ａ級準決勝,23:10,23:05,7,https://keirin.kdreams.jp/matsusaka/racedetail/4720241212020008/?pageType=odds,2026-10-05T05:22:59.712495+00:00,3-1-5/4-2/6/7,published,中部競輪,楽天Kドリームス 並び予想
4720241212020009,2024-12-13,松阪競輪,F2,A1/A2,9,Ａ級準決勝,23:30,23:25,7,https://keirin.kdreams.jp/matsusaka/racedetail/4720241212020009/?pageType=odds,2026-10-05T05:23:01.522409+00:00,1-7/5-2/6-3-4,published,中部競輪,楽天Kドリームス 並び予想
3820241212020001,2024-12-13,静岡競輪,F1,A1/A2,1,Ａ級一般,10:35,10:30,7,https://keirin.kdreams.jp/shizuoka/racedetail/3820241212020001/?pageType=odds,2026-10-05T05:23:25.018589+00:00,4-1-7/2-6/3-5,published,ひかり・小田競,楽天Kドリームス 並び予想
3820241212020002,2024-12-13,静岡競輪,F1,A1/A2,2,Ａ級一般,11:00,10:55,7,https://keirin.kdreams.jp/shizuoka/racedetail/3820241212020002/?pageType=odds,2026-10-05T05:23:27.145473+00:00,2-5/1-6/4/3-7,published,ひかり・小田競,楽天Kドリームス 並び予想
3820241212020003,2024-12-13,静岡競輪,F1,A1/A2,3,Ａ級準決勝,11:25,11:20,7,https://keirin.kdreams.jp/shizuoka/racedetail/3820241212020003/?pageType=odds,2026-10-05T05:23:29.066028+00:00,4-5-1/7-2/3-6,published,ひかり・小田競,楽天Kドリームス 並び予想
3820241212020004,2024-12-13,静岡競輪,F1,A1/A2,4,Ａ級準決勝,11:55,11:50,7,https://keirin.kdreams.jp/shizuoka/racedetail/3820241212020004/?pageType=odds,2026-10-05T05:23:30.820329+00:00,7-1/5/2-6/3-4,published,ひかり・小田競,楽天Kドリームス 並び予想
3820241212020005,2024-12-13,静岡競輪,F1,A1/A2,5,Ａ級準決勝,12:25,12:20,7,https://keirin.kdreams.jp/shizuoka/racedetail/3820241212020005/?pageType=odds,2026-10-05T05:23:32.822114+00:00,5-1/2-4-7/3-6,published,ひかり・小田競,楽天Kドリームス 並び予想
1320241213020008,2024-12-14,いわき平競輪,F2,A1/A2,8,Ａ級特一般,18:35,18:30,7,https://keirin.kdreams.jp/iwakitaira/racedetail/1320241213020008/?pageType=odds,2026-10-05T05:24:31.818329+00:00,1-5/6-2-4/7/3,published,アオケイ,楽天Kドリームス 並び予想
1320241213020009,2024-12-14,いわき平競輪,F2,A1/A2,9,Ａ級特一般,18:59,18:54,7,https://keirin.kdreams.jp/iwakitaira/racedetail/1320241213020009/?pageType=odds,2026-10-05T05:24:33.563104+00:00,4-1-6-3/5-2/7,published,アオケイ,楽天Kドリームス 並び予想
1320241213020010,2024-12-14,いわき平競輪,F2,A1/A2,10,Ａ級準決勝,19:23,19:18,7,https://keirin.kdreams.jp/iwakitaira/racedetail/1320241213020010/?pageType=odds,2026-10-05T05:24:35.309800+00:00,4-1/5-2/7/6-3,published,アオケイ,楽天Kドリームス 並び予想
1320241213020011,2024-12-14,いわき平競輪,F2,A1/A2,11,Ａ級準決勝,19:47,19:42,7,https://keirin.kdreams.jp/iwakitaira/racedetail/1320241213020011/?pageType=odds,2026-10-05T05:24:37.460790+00:00,1-6/7-2-4/3-5,published,アオケイ,楽天Kドリームス 並び予想
1320241213020012,2024-12-14,いわき平競輪,F2,A1/A2,12,Ａ級準決勝,20:13,20:08,7,https://keirin.kdreams.jp/iwakitaira/racedetail/1320241213020012/?pageType=odds,2026-10-05T05:24:39.299734+00:00,5-1-6/4-2/3-7,published,アオケイ,楽天Kドリームス 並び予想
2320241212030001,2024-12-14,取手競輪,F2,A1/A2,1,Ａ級一般,08:50,08:45,7,https://keirin.kdreams.jp/toride/racedetail/2320241212030001/?pageType=odds,2026-10-05T05:24:10.175134+00:00,7-1-4/2/3-5-6,published,アオケイ,楽天Kドリームス 並び予想
2320241212030002,2024-12-14,取手競輪,F2,A1/A2,2,Ａ級一般,09:10,09:05,7,https://keirin.kdreams.jp/toride/racedetail/2320241212030002/?pageType=odds,2026-10-05T05:24:11.888086+00:00,7-1-3/2/5/4-6,published,アオケイ,楽天Kドリームス 並び予想
2320241212030003,2024-12-14,取手競輪,F2,A1/A2,3,Ａ級一般,09:30,09:25,7,https://keirin.kdreams.jp/toride/racedetail/2320241212030003/?pageType=odds,2026-10-05T05:24:13.626260+00:00,2-7-3/5/4-1/6,published,アオケイ,楽天Kドリームス 並び予想
2320241212030004,2024-12-14,取手競輪,F2,A1/A2,4,Ａ級特選,09:50,09:45,7,https://keirin.kdreams.jp/toride/racedetail/2320241212030004/?pageType=odds,2026-10-05T05:24:15.471444+00:00,4-1-5/6-2/3-7,published,アオケイ,楽天Kドリームス 並び予想
2320241212030005,2024-12-14,取手競輪,F2,A1/A2,5,Ａ級特選,10:10,10:05,7,https://keirin.kdreams.jp/toride/racedetail/2320241212030005/?pageType=odds,2026-10-05T05:24:17.450638+00:00,5-2-7/4-1/6-3,published,アオケイ,楽天Kドリームス 並び予想
2320241212030006,2024-12-14,取手競輪,F2,A1/A2,6,Ａ級特選,10:30,10:25,7,https://keirin.kdreams.jp/toride/racedetail/2320241212030006/?pageType=odds,2026-10-05T05:24:19.280391+00:00,2-7/4-1-6/5-3,published,アオケイ,楽天Kドリームス 並び予想
2320241212030007,2024-12-14,取手競輪,F2,A1/A2,7,Ａ級決勝,10:50,10:45,7,https://keirin.kdreams.jp/toride/racedetail/2320241212030007/?pageType=odds,2026-10-05T05:24:21.185438+00:00,2-5/1-7/3-4-6,published,アオケイ,楽天Kドリームス 並び予想
5520241213020008,2024-12-14,和歌山競輪,F2,A1/A2,8,Ａ級特一般,13:50,13:45,7,https://keirin.kdreams.jp/wakayama/racedetail/5520241213020008/?pageType=odds,2026-10-05T05:25:25.447356+00:00,5-1-2/6/3-4-7,published,競輪研究,楽天Kドリームス 並び予想
5520241213020009,2024-12-14,和歌山競輪,F2,A1/A2,9,Ａ級特一般,14:25,14:20,7,https://keirin.kdreams.jp/wakayama/racedetail/5520241213020009/?pageType=odds,2026-10-05T05:25:27.175464+00:00,5-1-4/2-7/6-3,published,競輪研究,楽天Kドリームス 並び予想
5520241213020010,2024-12-14,和歌山競輪,F2,A1/A2,10,Ａ級準決勝,15:00,14:55,7,https://keirin.kdreams.jp/wakayama/racedetail/5520241213020010/?pageType=odds,2026-10-05T05:25:28.974267+00:00,7-2/4-1/3-5-6,published,競輪研究,楽天Kドリームス 並び予想
5520241213020011,2024-12-14,和歌山競輪,F2,A1/A2,11,Ａ級準決勝,15:35,15:30,7,https://keirin.kdreams.jp/wakayama/racedetail/5520241213020011/?pageType=odds,2026-10-05T05:25:30.916312+00:00,1-4-7/3-5-2-6,published,競輪研究,楽天Kドリームス 並び予想
5520241213020012,2024-12-14,和歌山競輪,F2,A1/A2,12,Ａ級準決勝,16:10,16:05,7,https://keirin.kdreams.jp/wakayama/racedetail/5520241213020012/?pageType=odds,2026-10-05T05:25:32.831190+00:00,1-7/2-4/5-3-6,published,競輪研究,楽天Kドリームス 並び予想
8120241213020001,2024-12-14,小倉競輪,F1,A1/A2,1,Ａ級一般,15:42,15:37,7,https://keirin.kdreams.jp/kokura/racedetail/8120241213020001/?pageType=odds,2026-10-05T05:24:58.615921+00:00,3-6-4/1/5-7-2,published,コンドル出版社,楽天Kドリームス 並び予想
8120241213020002,2024-12-14,小倉競輪,F1,A1/A2,2,Ａ級一般,16:17,16:12,7,https://keirin.kdreams.jp/kokura/racedetail/8120241213020002/?pageType=odds,2026-10-05T05:25:00.405241+00:00,1-7/4-6/5-2/3,published,コンドル出版社,楽天Kドリームス 並び予想
8120241213020003,2024-12-14,小倉競輪,F1,A1/A2,3,Ａ級準決勝,16:47,16:42,7,https://keirin.kdreams.jp/kokura/racedetail/8120241213020003/?pageType=odds,2026-10-05T05:25:02.102328+00:00,1-4-6/5/3-7-2,published,コンドル出版社,楽天Kドリームス 並び予想
8120241213020004,2024-12-14,小倉競輪,F1,A1/A2,4,Ａ級準決勝,17:11,17:06,7,https://keirin.kdreams.jp/kokura/racedetail/8120241213020004/?pageType=odds,2026-10-05T05:25:03.938639+00:00,1-4/5-7-2/6-3,published,コンドル出版社,楽天Kドリームス 並び予想
8120241213020005,2024-12-14,小倉競輪,F1,A1/A2,5,Ａ級準決勝,17:35,17:30,7,https://keirin.kdreams.jp/kokura/racedetail/8120241213020005/?pageType=odds,2026-10-05T05:25:05.787531+00:00,5-2-6/4-1/3-7,published,コンドル出版社,楽天Kドリームス 並び予想
3420241212030002,2024-12-14,川崎競輪,F2,A1/A2,2,Ａ級一般,21:00,20:55,7,https://keirin.kdreams.jp/kawasaki/racedetail/3420241212030002/?pageType=odds,2026-10-05T05:22:24.499594+00:00,5-1/4-2-6/7-3,published,小田競・サイクル,楽天Kドリームス 並び予想
3420241212030003,2024-12-14,川崎競輪,F2,A1/A2,3,Ａ級一般,21:20,21:15,7,https://keirin.kdreams.jp/kawasaki/racedetail/3420241212030003/?pageType=odds,2026-10-05T05:22:26.698660+00:00,1-2/7-3/5-4-6,published,小田競・サイクル,楽天Kドリームス 並び予想
3420241212030004,2024-12-14,川崎競輪,F2,A1/A2,4,Ａ級一般,21:40,21:35,7,https://keirin.kdreams.jp/kawasaki/racedetail/3420241212030004/?pageType=odds,2026-10-05T05:22:28.695649+00:00,1-3-7/4-2/5-6,published,小田競・サイクル,楽天Kドリームス 並び予想
3420241212030005,2024-12-14,川崎競輪,F2,A1/A2,5,Ａ級特選,22:00,21:55,7,https://keirin.kdreams.jp/kawasaki/racedetail/3420241212030005/?pageType=odds,2026-10-05T05:22:30.409484+00:00,3-1-5-6/2-4-7,published,小田競・サイクル,楽天Kドリームス 並び予想
3420241212030006,2024-12-14,川崎競輪,F2,A1/A2,6,Ａ級特選,22:20,22:15,7,https://keirin.kdreams.jp/kawasaki/racedetail/3420241212030006/?pageType=odds,2026-10-05T05:22:32.262886+00:00,2-6-3-5/1/4-7,published,小田競・サイクル,楽天Kドリームス 並び予想
3420241212030007,2024-12-14,川崎競輪,F2,A1/A2,7,Ａ級特選,22:40,22:35,7,https://keirin.kdreams.jp/kawasaki/racedetail/3420241212030007/?pageType=odds,2026-10-05T05:22:33.981228+00:00,2-3/1/6-4-7/5,published,小田競・サイクル,楽天Kドリームス 並び予想
3420241212030009,2024-12-14,川崎競輪,F2,A1/A2,9,Ａ級決勝,23:20,23:15,7,https://keirin.kdreams.jp/kawasaki/racedetail/3420241212030009/?pageType=odds,2026-10-05T05:22:35.973054+00:00,1-7/2-4-6/3-5,published,小田競・サイクル,楽天Kドリームス 並び予想
4720241212030002,2024-12-14,松阪競輪,F2,A1/A2,2,Ａ級一般,21:10,21:05,6,https://keirin.kdreams.jp/matsusaka/racedetail/4720241212030002/?pageType=odds,2026-10-05T05:23:03.288927+00:00,2-3/4-1/5-6,published,中部競輪,楽天Kドリームス 並び予想
4720241212030003,2024-12-14,松阪競輪,F2,A1/A2,3,Ａ級一般,21:30,21:25,7,https://keirin.kdreams.jp/matsusaka/racedetail/4720241212030003/?pageType=odds,2026-10-05T05:23:05.000852+00:00,7-2/1/4-3/5-6,published,中部競輪,楽天Kドリームス 並び予想
4720241212030004,2024-12-14,松阪競輪,F2,A1/A2,4,Ａ級一般,21:50,21:45,7,https://keirin.kdreams.jp/matsusaka/racedetail/4720241212030004/?pageType=odds,2026-10-05T05:23:06.950385+00:00,2-1/4-3-5/6/7,published,中部競輪,楽天Kドリームス 並び予想
4720241212030005,2024-12-14,松阪競輪,F2,A1/A2,5,Ａ級特選,22:10,22:05,7,https://keirin.kdreams.jp/matsusaka/racedetail/4720241212030005/?pageType=odds,2026-10-05T05:23:08.777598+00:00,6-2/1-4/5-3-7,published,中部競輪,楽天Kドリームス 並び予想
4720241212030006,2024-12-14,松阪競輪,F2,A1/A2,6,Ａ級特選,22:30,22:25,7,https://keirin.kdreams.jp/matsusaka/racedetail/4720241212030006/?pageType=odds,2026-10-05T05:23:10.531194+00:00,2-1-5/3-7/6-4,published,中部競輪,楽天Kドリームス 並び予想
4720241212030007,2024-12-14,松阪競輪,F2,A1/A2,7,Ａ級特選,22:50,22:45,7,https://keirin.kdreams.jp/matsusaka/racedetail/4720241212030007/?pageType=odds,2026-10-05T05:23:12.422360+00:00,2-1-6/3-4/7-5,published,中部競輪,楽天Kドリームス 並び予想
4720241212030009,2024-12-14,松阪競輪,F2,A1/A2,9,Ａ級決勝,23:30,23:25,7,https://keirin.kdreams.jp/matsusaka/racedetail/4720241212030009/?pageType=odds,2026-10-05T05:23:14.360956+00:00,2-1/3-4-5-6/7,published,中部競輪,楽天Kドリームス 並び予想
3820241212030001,2024-12-14,静岡競輪,F1,A1/A2,1,Ａ級一般,10:35,10:30,7,https://keirin.kdreams.jp/shizuoka/racedetail/3820241212030001/?pageType=odds,2026-10-05T05:23:34.846083+00:00,1-5-7/3/4/2-6,published,ひかり・小田競,楽天Kドリームス 並び予想
3820241212030002,2024-12-14,静岡競輪,F1,A1/A2,2,Ａ級一般,11:00,10:55,7,https://keirin.kdreams.jp/shizuoka/racedetail/3820241212030002/?pageType=odds,2026-10-05T05:23:36.524897+00:00,5-1/7/6-4-2-3,published,ひかり・小田競,楽天Kドリームス 並び予想
3820241212030003,2024-12-14,静岡競輪,F1,A1/A2,3,Ａ級特選,11:25,11:20,7,https://keirin.kdreams.jp/shizuoka/racedetail/3820241212030003/?pageType=odds,2026-10-05T05:23:38.614834+00:00,7-2-3/5-1-4/6,published,ひかり・小田競,楽天Kドリームス 並び予想
3820241212030004,2024-12-14,静岡競輪,F1,A1/A2,4,Ａ級特選,11:55,11:50,7,https://keirin.kdreams.jp/shizuoka/racedetail/3820241212030004/?pageType=odds,2026-10-05T05:23:40.265413+00:00,4-3/1-7-6/5-2,published,ひかり・小田競,楽天Kドリームス 並び予想
3820241212030010,2024-12-14,静岡競輪,F1,A1/A2,10,Ａ級決勝,15:15,15:10,7,https://keirin.kdreams.jp/shizuoka/racedetail/3820241212030010/?pageType=odds,2026-10-05T05:23:42.000166+00:00,7-2/1-4/3-5-6,published,ひかり・小田競,楽天Kドリームス 並び予想
1320241213030006,2024-12-15,いわき平競輪,F2,A1/A2,6,Ａ級特一般,17:51,17:46,6,https://keirin.kdreams.jp/iwakitaira/racedetail/1320241213030006/?pageType=odds,2026-10-05T05:24:40.972522+00:00,4-2-5/1/6-3,published,アオケイ,楽天Kドリームス 並び予想
1320241213030007,2024-12-15,いわき平競輪,F2,A1/A2,7,Ａ級特一般,18:15,18:10,7,https://keirin.kdreams.jp/iwakitaira/racedetail/1320241213030007/?pageType=odds,2026-10-05T05:24:42.716938+00:00,6-1/7-2-4/3-5,published,アオケイ,楽天Kドリームス 並び予想
1320241213030008,2024-12-15,いわき平競輪,F2,A1/A2,8,Ａ級特選,18:39,18:34,7,https://keirin.kdreams.jp/iwakitaira/racedetail/1320241213030008/?pageType=odds,2026-10-05T05:24:44.450010+00:00,1-4/5-2/6-3-7,published,アオケイ,楽天Kドリームス 並び予想
1320241213030009,2024-12-15,いわき平競輪,F2,A1/A2,9,Ａ級特選,19:03,18:58,7,https://keirin.kdreams.jp/iwakitaira/racedetail/1320241213030009/?pageType=odds,2026-10-05T05:24:46.230025+00:00,1-5-6/7-2/4-3,published,アオケイ,楽天Kドリームス 並び予想
1320241213030012,2024-12-15,いわき平競輪,F2,A1/A2,12,Ａ級決勝,20:23,20:18,7,https://keirin.kdreams.jp/iwakitaira/racedetail/1320241213030012/?pageType=odds,2026-10-05T05:24:47.803553+00:00,1-7/2-5/3-4-6,published,アオケイ,楽天Kドリームス 並び予想
8620241215010001,2024-12-15,別府競輪,F2,A1/A2,1,Ａ級予選,08:50,08:45,7,https://keirin.kdreams.jp/beppu/racedetail/8620241215010001/?pageType=odds,2026-10-05T05:25:42.095938+00:00,1-7-2/3-5/4/6,published,ダービー,楽天Kドリームス 並び予想
8620241215010002,2024-12-15,別府競輪,F2,A1/A2,2,Ａ級予選,09:10,09:05,7,https://keirin.kdreams.jp/beppu/racedetail/8620241215010002/?pageType=odds,2026-10-05T05:25:44.022909+00:00,1-4/2-6/5-3/7,published,ダービー,楽天Kドリームス 並び予想
8620241215010003,2024-12-15,別府競輪,F2,A1/A2,3,Ａ級予選,09:30,09:25,7,https://keirin.kdreams.jp/beppu/racedetail/8620241215010003/?pageType=odds,2026-10-05T05:25:45.687812+00:00,7-1-5/3-4-2-6,published,ダービー,楽天Kドリームス 並び予想
8620241215010004,2024-12-15,別府競輪,F2,A1/A2,4,Ａ級予選,09:50,09:45,7,https://keirin.kdreams.jp/beppu/racedetail/8620241215010004/?pageType=odds,2026-10-05T05:25:47.349008+00:00,3-7-1/4-2-5/6,published,ダービー,楽天Kドリームス 並び予想
8620241215010005,2024-12-15,別府競輪,F2,A1/A2,5,Ａ級予選,10:10,10:05,7,https://keirin.kdreams.jp/beppu/racedetail/8620241215010005/?pageType=odds,2026-10-05T05:25:49.085867+00:00,7-3-1-5/4-2/6,published,ダービー,楽天Kドリームス 並び予想
8620241215010006,2024-12-15,別府競輪,F2,A1/A2,6,Ａ級予選,10:30,10:25,7,https://keirin.kdreams.jp/beppu/racedetail/8620241215010006/?pageType=odds,2026-10-05T05:25:50.676935+00:00,1-4-6/5-2/3-7,published,ダービー,楽天Kドリームス 並び予想
8620241215010007,2024-12-15,別府競輪,F2,A1/A2,7,Ａ級初日特選,10:50,10:45,7,https://keirin.kdreams.jp/beppu/racedetail/8620241215010007/?pageType=odds,2026-10-05T05:25:52.539760+00:00,5-1/2/6/4-7-3,published,ダービー,楽天Kドリームス 並び予想
5520241213030008,2024-12-15,和歌山競輪,F2,A1/A2,8,Ａ級特一般,13:50,13:45,7,https://keirin.kdreams.jp/wakayama/racedetail/5520241213030008/?pageType=odds,2026-10-05T05:25:34.684790+00:00,1-4/2-6/5-3-7,published,競輪研究,楽天Kドリームス 並び予想
5520241213030009,2024-12-15,和歌山競輪,F2,A1/A2,9,Ａ級特一般,14:25,14:20,7,https://keirin.kdreams.jp/wakayama/racedetail/5520241213030009/?pageType=odds,2026-10-05T05:25:36.532886+00:00,6-1-3/4/7-5-2,published,競輪研究,楽天Kドリームス 並び予想
5520241213030010,2024-12-15,和歌山競輪,F2,A1/A2,10,Ａ級特選,15:00,14:55,7,https://keirin.kdreams.jp/wakayama/racedetail/5520241213030010/?pageType=odds,2026-10-05T05:25:38.485021+00:00,4-5-2/1-6/3-7,published,競輪研究,楽天Kドリームス 並び予想
5520241213030011,2024-12-15,和歌山競輪,F2,A1/A2,11,Ａ級特選,15:35,15:30,7,https://keirin.kdreams.jp/wakayama/racedetail/5520241213030011/?pageType=odds,2026-10-05T05:25:39.632934+00:00,4-1-7/2/6-5-3,published,競輪研究,楽天Kドリームス 並び予想
5520241213030012,2024-12-15,和歌山競輪,F2,A1/A2,12,Ａ級決勝,16:10,16:05,7,https://keirin.kdreams.jp/wakayama/racedetail/5520241213030012/?pageType=odds,2026-10-05T05:25:40.907921+00:00,7-1/6-3/2/4-5,published,競輪研究,楽天Kドリームス 並び予想
8120241213030001,2024-12-15,小倉競輪,F1,A1/A2,1,Ａ級一般,16:00,15:55,7,https://keirin.kdreams.jp/kokura/racedetail/8120241213030001/?pageType=odds,2026-10-05T05:25:07.453846+00:00,1-7-3/2-4/6/5,published,コンドル出版社,楽天Kドリームス 並び予想
8120241213030002,2024-12-15,小倉競輪,F1,A1/A2,2,Ａ級一般,16:24,16:19,7,https://keirin.kdreams.jp/kokura/racedetail/8120241213030002/?pageType=odds,2026-10-05T05:25:09.290822+00:00,7-1-5/3/6-4-2,published,コンドル出版社,楽天Kドリームス 並び予想
8120241213030003,2024-12-15,小倉競輪,F1,A1/A2,3,Ａ級特選,16:51,16:46,7,https://keirin.kdreams.jp/kokura/racedetail/8120241213030003/?pageType=odds,2026-10-05T05:25:11.076999+00:00,2-5-7/4-3-1-6,published,コンドル出版社,楽天Kドリームス 並び予想
8120241213030004,2024-12-15,小倉競輪,F1,A1/A2,4,Ａ級特選,17:15,17:10,7,https://keirin.kdreams.jp/kokura/racedetail/8120241213030004/?pageType=odds,2026-10-05T05:25:12.910269+00:00,4-1-6/2/7-3-5,published,コンドル出版社,楽天Kドリームス 並び予想
8120241213030011,2024-12-15,小倉競輪,F1,A1/A2,11,Ａ級決勝,20:05,20:00,7,https://keirin.kdreams.jp/kokura/racedetail/8120241213030011/?pageType=odds,2026-10-05T05:25:14.678370+00:00,4-1-5-7/2-3-6,published,コンドル出版社,楽天Kドリームス 並び予想
8720241215010005,2024-12-15,熊本競輪,F2,A1/A2,5,Ａ級特予選,22:10,22:05,7,https://keirin.kdreams.jp/kumamoto/racedetail/8720241215010005/?pageType=odds,2026-10-05T05:26:18.716638+00:00,1-3/4-2/5/7-6,published,コンドル出版社,楽天Kドリームス 並び予想
8720241215010006,2024-12-15,熊本競輪,F2,A1/A2,6,Ａ級特予選,22:30,22:25,7,https://keirin.kdreams.jp/kumamoto/racedetail/8720241215010006/?pageType=odds,2026-10-05T05:26:20.366936+00:00,1-5/2-6/4-3-7,published,コンドル出版社,楽天Kドリームス 並び予想
8720241215010007,2024-12-15,熊本競輪,F2,A1/A2,7,Ａ級特予選,22:50,22:45,7,https://keirin.kdreams.jp/kumamoto/racedetail/8720241215010007/?pageType=odds,2026-10-05T05:26:22.014432+00:00,2-1/3-5-4/7-6,published,コンドル出版社,楽天Kドリームス 並び予想
8720241215010008,2024-12-15,熊本競輪,F2,A1/A2,8,Ａ級特予選,23:10,23:05,7,https://keirin.kdreams.jp/kumamoto/racedetail/8720241215010008/?pageType=odds,2026-10-05T05:26:23.708472+00:00,2-1-7/3-5/6-4,published,コンドル出版社,楽天Kドリームス 並び予想
8720241215010009,2024-12-15,熊本競輪,F2,A1/A2,9,Ａ級初日特選,23:30,23:25,7,https://keirin.kdreams.jp/kumamoto/racedetail/8720241215010009/?pageType=odds,2026-10-05T05:26:25.488774+00:00,1-4/2-5/7-6-3,published,コンドル出版社,楽天Kドリームス 並び予想
4520241215010005,2024-12-15,豊橋競輪,F2,A1/A2,5,Ａ級特予選,22:00,21:55,7,https://keirin.kdreams.jp/toyohashi/racedetail/4520241215010005/?pageType=odds,2026-10-05T05:26:44.435549+00:00,2-1-5/3-4-6/7,published,中部競輪,楽天Kドリームス 並び予想
4520241215010006,2024-12-15,豊橋競輪,F2,A1/A2,6,Ａ級特予選,22:20,22:15,7,https://keirin.kdreams.jp/toyohashi/racedetail/4520241215010006/?pageType=odds,2026-10-05T05:26:46.112549+00:00,2-1-7/3-4/5-6,published,中部競輪,楽天Kドリームス 並び予想
4520241215010007,2024-12-15,豊橋競輪,F2,A1/A2,7,Ａ級特予選,22:40,22:35,7,https://keirin.kdreams.jp/toyohashi/racedetail/4520241215010007/?pageType=odds,2026-10-05T05:26:47.628884+00:00,2-1-5-6/3-4-7,published,中部競輪,楽天Kドリームス 並び予想
4520241215010008,2024-12-15,豊橋競輪,F2,A1/A2,8,Ａ級特予選,23:00,22:55,7,https://keirin.kdreams.jp/toyohashi/racedetail/4520241215010008/?pageType=odds,2026-10-05T05:26:49.463537+00:00,2-1-7/5-3/6-4,published,中部競輪,楽天Kドリームス 並び予想
4520241215010009,2024-12-15,豊橋競輪,F2,A1/A2,9,Ａ級初日特選,23:20,23:15,7,https://keirin.kdreams.jp/toyohashi/racedetail/4520241215010009/?pageType=odds,2026-10-05T05:26:51.269801+00:00,2-1-5/3/6-4-7,published,中部競輪,楽天Kドリームス 並び予想
8620241215020001,2024-12-16,別府競輪,F2,A1/A2,1,Ａ級一般,08:50,08:45,7,https://keirin.kdreams.jp/beppu/racedetail/8620241215020001/?pageType=odds,2026-10-05T05:25:54.137950+00:00,2-7-4/1-5/6-3,published,ダービー,楽天Kドリームス 並び予想
8620241215020002,2024-12-16,別府競輪,F2,A1/A2,2,Ａ級一般,09:10,09:05,7,https://keirin.kdreams.jp/beppu/racedetail/8620241215020002/?pageType=odds,2026-10-05T05:25:56.032686+00:00,2-7-6/1/4-3-5,published,ダービー,楽天Kドリームス 並び予想
8620241215020003,2024-12-16,別府競輪,F2,A1/A2,3,Ａ級選抜,09:30,09:25,7,https://keirin.kdreams.jp/beppu/racedetail/8620241215020003/?pageType=odds,2026-10-05T05:25:57.622903+00:00,2-4-6/1/5/3-7,published,ダービー,楽天Kドリームス 並び予想
8620241215020004,2024-12-16,別府競輪,F2,A1/A2,4,Ａ級選抜,09:50,09:45,7,https://keirin.kdreams.jp/beppu/racedetail/8620241215020004/?pageType=odds,2026-10-05T05:25:59.576344+00:00,2-4-6/1-5/7-3,published,ダービー,楽天Kドリームス 並び予想
8620241215020005,2024-12-16,別府競輪,F2,A1/A2,5,Ａ級準決勝,10:10,10:05,7,https://keirin.kdreams.jp/beppu/racedetail/8620241215020005/?pageType=odds,2026-10-05T05:26:01.179997+00:00,1-5-7/4-2/3-6,published,ダービー,楽天Kドリームス 並び予想
8620241215020006,2024-12-16,別府競輪,F2,A1/A2,6,Ａ級準決勝,10:30,10:25,7,https://keirin.kdreams.jp/beppu/racedetail/8620241215020006/?pageType=odds,2026-10-05T05:26:03.055672+00:00,1-4-7/2-6/5-3,published,ダービー,楽天Kドリームス 並び予想
8620241215020007,2024-12-16,別府競輪,F2,A1/A2,7,Ａ級準決勝,10:50,10:45,7,https://keirin.kdreams.jp/beppu/racedetail/8620241215020007/?pageType=odds,2026-10-05T05:26:04.816556+00:00,5-1-7/4-2/6-3,published,ダービー,楽天Kドリームス 並び予想
4320241216010001,2024-12-16,岐阜競輪,F1,A1/A2,1,Ａ級予選,10:40,10:35,7,https://keirin.kdreams.jp/gifu/racedetail/4320241216010001/?pageType=odds,2026-10-05T05:27:10.643269+00:00,2-4-6/1/5/7-3,published,中部競輪・ひかり,楽天Kドリームス 並び予想
4320241216010002,2024-12-16,岐阜競輪,F1,A1/A2,2,Ａ級予選,11:05,11:00,7,https://keirin.kdreams.jp/gifu/racedetail/4320241216010002/?pageType=odds,2026-10-05T05:27:12.401080+00:00,1-3-6/5-2/4-7,published,中部競輪・ひかり,楽天Kドリームス 並び予想
4320241216010003,2024-12-16,岐阜競輪,F1,A1/A2,3,Ａ級予選,11:32,11:27,7,https://keirin.kdreams.jp/gifu/racedetail/4320241216010003/?pageType=odds,2026-10-05T05:27:14.052978+00:00,2-6/4-1/7-3-5,published,中部競輪・ひかり,楽天Kドリームス 並び予想
4320241216010004,2024-12-16,岐阜競輪,F1,A1/A2,4,Ａ級予選,11:59,11:54,7,https://keirin.kdreams.jp/gifu/racedetail/4320241216010004/?pageType=odds,2026-10-05T05:27:15.744990+00:00,1-4-3-7/5-2-6,published,中部競輪・ひかり,楽天Kドリームス 並び予想
4320241216010005,2024-12-16,岐阜競輪,F1,A1/A2,5,Ａ級初日特選,12:28,12:23,7,https://keirin.kdreams.jp/gifu/racedetail/4320241216010005/?pageType=odds,2026-10-05T05:27:17.324745+00:00,3-1-5-6/7-4-2,published,中部競輪・ひかり,楽天Kドリームス 並び予想
3120241216010001,2024-12-16,松戸競輪,F1,A1/A2,1,Ａ級予選,15:28,15:23,7,https://keirin.kdreams.jp/matsudo/racedetail/3120241216010001/?pageType=odds,2026-10-05T05:27:36.407776+00:00,1-7-4/6-2/3-5,published,アオケイ,楽天Kドリームス 並び予想
3120241216010002,2024-12-16,松戸競輪,F1,A1/A2,2,Ａ級予選,15:52,15:47,7,https://keirin.kdreams.jp/matsudo/racedetail/3120241216010002/?pageType=odds,2026-10-05T05:27:38.216637+00:00,1-7-6/3/4-2-5,published,アオケイ,楽天Kドリームス 並び予想
3120241216010003,2024-12-16,松戸競輪,F1,A1/A2,3,Ａ級予選,16:16,16:11,7,https://keirin.kdreams.jp/matsudo/racedetail/3120241216010003/?pageType=odds,2026-10-05T05:27:39.864958+00:00,3-5-2/4-1-7/6,published,アオケイ,楽天Kドリームス 並び予想
3120241216010004,2024-12-16,松戸競輪,F1,A1/A2,4,Ａ級予選,16:41,16:36,7,https://keirin.kdreams.jp/matsudo/racedetail/3120241216010004/?pageType=odds,2026-10-05T05:27:41.546797+00:00,2-5-4/7-3-6-1,published,アオケイ,楽天Kドリームス 並び予想
3120241216010005,2024-12-16,松戸競輪,F1,A1/A2,5,Ａ級初日特選,17:06,17:01,7,https://keirin.kdreams.jp/matsudo/racedetail/3120241216010005/?pageType=odds,2026-10-05T05:27:43.274411+00:00,5-1/2-7/4-3/6,published,アオケイ,楽天Kドリームス 並び予想
8720241215020005,2024-12-16,熊本競輪,F2,A1/A2,5,Ａ級特一般,22:10,22:05,7,https://keirin.kdreams.jp/kumamoto/racedetail/8720241215020005/?pageType=odds,2026-10-05T05:26:27.157118+00:00,1-5/4-3/7-2-6,published,コンドル出版社,楽天Kドリームス 並び予想
8720241215020006,2024-12-16,熊本競輪,F2,A1/A2,6,Ａ級特一般,22:30,22:25,7,https://keirin.kdreams.jp/kumamoto/racedetail/8720241215020006/?pageType=odds,2026-10-05T05:26:28.854375+00:00,1-4-3/2-6/7-5,published,コンドル出版社,楽天Kドリームス 並び予想
8720241215020007,2024-12-16,熊本競輪,F2,A1/A2,7,Ａ級準決勝,22:50,22:45,7,https://keirin.kdreams.jp/kumamoto/racedetail/8720241215020007/?pageType=odds,2026-10-05T05:26:30.524462+00:00,4-2-6/3-1/7-5,published,コンドル出版社,楽天Kドリームス 並び予想
8720241215020008,2024-12-16,熊本競輪,F2,A1/A2,8,Ａ級準決勝,23:10,23:05,7,https://keirin.kdreams.jp/kumamoto/racedetail/8720241215020008/?pageType=odds,2026-10-05T05:26:32.343751+00:00,1-4/2-6/7-3-5,published,コンドル出版社,楽天Kドリームス 並び予想
8720241215020009,2024-12-16,熊本競輪,F2,A1/A2,9,Ａ級準決勝,23:30,23:25,7,https://keirin.kdreams.jp/kumamoto/racedetail/8720241215020009/?pageType=odds,2026-10-05T05:26:34.095985+00:00,5-2/3-1-7/4-6,published,コンドル出版社,楽天Kドリームス 並び予想
4520241215020005,2024-12-16,豊橋競輪,F2,A1/A2,5,Ａ級特一般,22:00,21:55,7,https://keirin.kdreams.jp/toyohashi/racedetail/4520241215020005/?pageType=odds,2026-10-05T05:26:53.022599+00:00,2-1-5/6/3-4-7,published,中部競輪,楽天Kドリームス 並び予想
4520241215020006,2024-12-16,豊橋競輪,F2,A1/A2,6,Ａ級特一般,22:20,22:15,7,https://keirin.kdreams.jp/toyohashi/racedetail/4520241215020006/?pageType=odds,2026-10-05T05:26:54.733509+00:00,1-3-5/7-2-4-6,published,中部競輪,楽天Kドリームス 並び予想
4520241215020007,2024-12-16,豊橋競輪,F2,A1/A2,7,Ａ級準決勝,22:40,22:35,7,https://keirin.kdreams.jp/toyohashi/racedetail/4520241215020007/?pageType=odds,2026-10-05T05:26:56.432999+00:00,1-6/5-2-7/4-3,published,中部競輪,楽天Kドリームス 並び予想
4520241215020008,2024-12-16,豊橋競輪,F2,A1/A2,8,Ａ級準決勝,23:00,22:55,7,https://keirin.kdreams.jp/toyohashi/racedetail/4520241215020008/?pageType=odds,2026-10-05T05:26:58.246959+00:00,4-1/2-3-6/5-7,published,中部競輪,楽天Kドリームス 並び予想
4520241215020009,2024-12-16,豊橋競輪,F2,A1/A2,9,Ａ級準決勝,23:20,23:15,7,https://keirin.kdreams.jp/toyohashi/racedetail/4520241215020009/?pageType=odds,2026-10-05T05:26:59.902537+00:00,1-3/6-2-4/7-5,published,中部競輪,楽天Kドリームス 並び予想
8620241215030001,2024-12-17,別府競輪,F2,A1/A2,1,Ａ級一般,08:50,08:45,6,https://keirin.kdreams.jp/beppu/racedetail/8620241215030001/?pageType=odds,2026-10-05T05:26:06.509875+00:00,1/3/4/6-2-5,published,ダービー,楽天Kドリームス 並び予想
8620241215030002,2024-12-17,別府競輪,F2,A1/A2,2,Ａ級一般,09:10,09:05,6,https://keirin.kdreams.jp/beppu/racedetail/8620241215030002/?pageType=odds,2026-10-05T05:26:08.009410+00:00,1-3-6/5-2-4,published,ダービー,楽天Kドリームス 並び予想
8620241215030003,2024-12-17,別府競輪,F2,A1/A2,3,Ａ級一般,09:30,09:25,7,https://keirin.kdreams.jp/beppu/racedetail/8620241215030003/?pageType=odds,2026-10-05T05:26:09.972734+00:00,1/7-2/4/6/3-5,published,ダービー,楽天Kドリームス 並び予想
8620241215030004,2024-12-17,別府競輪,F2,A1/A2,4,Ａ級特選,09:50,09:45,7,https://keirin.kdreams.jp/beppu/racedetail/8620241215030004/?pageType=odds,2026-10-05T05:26:11.665632+00:00,1-6/5-3/4-7-2,published,ダービー,楽天Kドリームス 並び予想
8620241215030005,2024-12-17,別府競輪,F2,A1/A2,5,Ａ級特選,10:10,10:05,7,https://keirin.kdreams.jp/beppu/racedetail/8620241215030005/?pageType=odds,2026-10-05T05:26:13.330534+00:00,1-7/2-4/5/3-6,published,ダービー,楽天Kドリームス 並び予想
8620241215030006,2024-12-17,別府競輪,F2,A1/A2,6,Ａ級特選,10:30,10:25,7,https://keirin.kdreams.jp/beppu/racedetail/8620241215030006/?pageType=odds,2026-10-05T05:26:15.280611+00:00,1-7/3-4/5-2-6,published,ダービー,楽天Kドリームス 並び予想
8620241215030007,2024-12-17,別府競輪,F2,A1/A2,7,Ａ級決勝,10:50,10:45,7,https://keirin.kdreams.jp/beppu/racedetail/8620241215030007/?pageType=odds,2026-10-05T05:26:16.886211+00:00,2-7/1/5-3-4-6,published,ダービー,楽天Kドリームス 並び予想
2520241217010001,2024-12-17,大宮競輪,F1,A1/A2,1,Ａ級予選,10:32,10:27,7,https://keirin.kdreams.jp/omiya/racedetail/2520241217010001/?pageType=odds,2026-10-05T05:28:03.199227+00:00,3/4-7-1/2-5-6,published,アオケイ,楽天Kドリームス 並び予想
2520241217010002,2024-12-17,大宮競輪,F1,A1/A2,2,Ａ級予選,10:57,10:52,7,https://keirin.kdreams.jp/omiya/racedetail/2520241217010002/?pageType=odds,2026-10-05T05:28:05.111506+00:00,1-4/7-2-5/3-6,published,アオケイ,楽天Kドリームス 並び予想
2520241217010003,2024-12-17,大宮競輪,F1,A1/A2,3,Ａ級予選,11:22,11:17,7,https://keirin.kdreams.jp/omiya/racedetail/2520241217010003/?pageType=odds,2026-10-05T05:28:06.797725+00:00,1-4-6/5-2/7-3,published,アオケイ,楽天Kドリームス 並び予想
2520241217010004,2024-12-17,大宮競輪,F1,A1/A2,4,Ａ級予選,11:48,11:43,7,https://keirin.kdreams.jp/omiya/racedetail/2520241217010004/?pageType=odds,2026-10-05T05:28:08.604909+00:00,1-5/7-2-6/3-4,published,アオケイ,楽天Kドリームス 並び予想
2520241217010005,2024-12-17,大宮競輪,F1,A1/A2,5,Ａ級初日特選,12:14,12:09,7,https://keirin.kdreams.jp/omiya/racedetail/2520241217010005/?pageType=odds,2026-10-05T05:28:10.375306+00:00,2-5/7-1/4/6-3,published,アオケイ,楽天Kドリームス 並び予想
4320241216020001,2024-12-17,岐阜競輪,F1,A1/A2,1,Ａ級一般,10:40,10:35,6,https://keirin.kdreams.jp/gifu/racedetail/4320241216020001/?pageType=odds,2026-10-05T05:27:19.046554+00:00,4-5-2/3/1-6,published,中部競輪・ひかり,楽天Kドリームス 並び予想
4320241216020002,2024-12-17,岐阜競輪,F1,A1/A2,2,Ａ級一般,11:05,11:00,7,https://keirin.kdreams.jp/gifu/racedetail/4320241216020002/?pageType=odds,2026-10-05T05:27:20.846349+00:00,1-4-7/6/5-3-2,published,中部競輪・ひかり,楽天Kドリームス 並び予想
4320241216020003,2024-12-17,岐阜競輪,F1,A1/A2,3,Ａ級準決勝,11:32,11:27,7,https://keirin.kdreams.jp/gifu/racedetail/4320241216020003/?pageType=odds,2026-10-05T05:27:22.500844+00:00,5-2/1-4-6/3-7,published,中部競輪・ひかり,楽天Kドリームス 並び予想
4320241216020004,2024-12-17,岐阜競輪,F1,A1/A2,4,Ａ級準決勝,11:59,11:54,7,https://keirin.kdreams.jp/gifu/racedetail/4320241216020004/?pageType=odds,2026-10-05T05:27:24.300742+00:00,1-7-4/2-6/3-5,published,中部競輪・ひかり,楽天Kドリームス 並び予想
4320241216020005,2024-12-17,岐阜競輪,F1,A1/A2,5,Ａ級準決勝,12:28,12:23,7,https://keirin.kdreams.jp/gifu/racedetail/4320241216020005/?pageType=odds,2026-10-05T05:27:26.230593+00:00,4-1-7/6-3/2-5,published,中部競輪・ひかり,楽天Kドリームス 並び予想
3120241216020001,2024-12-17,松戸競輪,F1,A1/A2,1,Ａ級一般,15:28,15:23,7,https://keirin.kdreams.jp/matsudo/racedetail/3120241216020001/?pageType=odds,2026-10-05T05:27:45.277189+00:00,5-1-6/3/2-4-7,published,アオケイ,楽天Kドリームス 並び予想
3120241216020002,2024-12-17,松戸競輪,F1,A1/A2,2,Ａ級一般,15:52,15:47,7,https://keirin.kdreams.jp/matsudo/racedetail/3120241216020002/?pageType=odds,2026-10-05T05:27:47.000046+00:00,3-7-1/5/2-6-4,published,アオケイ,楽天Kドリームス 並び予想
3120241216020003,2024-12-17,松戸競輪,F1,A1/A2,3,Ａ級準決勝,16:16,16:11,7,https://keirin.kdreams.jp/matsudo/racedetail/3120241216020003/?pageType=odds,2026-10-05T05:27:48.912467+00:00,1-5-4/3/2-7-6,published,アオケイ,楽天Kドリームス 並び予想
3120241216020004,2024-12-17,松戸競輪,F1,A1/A2,4,Ａ級準決勝,16:41,16:36,7,https://keirin.kdreams.jp/matsudo/racedetail/3120241216020004/?pageType=odds,2026-10-05T05:27:50.676597+00:00,7-1/5-2/3-6-4,published,アオケイ,楽天Kドリームス 並び予想
3120241216020005,2024-12-17,松戸競輪,F1,A1/A2,5,Ａ級準決勝,17:06,17:01,7,https://keirin.kdreams.jp/matsudo/racedetail/3120241216020005/?pageType=odds,2026-10-05T05:27:52.422300+00:00,1-4-5/2-6/7-3,published,アオケイ,楽天Kドリームス 並び予想
8720241215030004,2024-12-17,熊本競輪,F2,A1/A2,4,Ａ級特一般,21:50,21:45,7,https://keirin.kdreams.jp/kumamoto/racedetail/8720241215030004/?pageType=odds,2026-10-05T05:26:35.809227+00:00,1-3/2-4-5/7-6,published,コンドル出版社,楽天Kドリームス 並び予想
8720241215030005,2024-12-17,熊本競輪,F2,A1/A2,5,Ａ級特一般,22:10,22:05,7,https://keirin.kdreams.jp/kumamoto/racedetail/8720241215030005/?pageType=odds,2026-10-05T05:26:37.341480+00:00,1-3-4/2-5-6/7,published,コンドル出版社,楽天Kドリームス 並び予想
8720241215030006,2024-12-17,熊本競輪,F2,A1/A2,6,Ａ級特選,22:30,22:25,7,https://keirin.kdreams.jp/kumamoto/racedetail/8720241215030006/?pageType=odds,2026-10-05T05:26:39.238571+00:00,1-3/6-2/5-4-7,published,コンドル出版社,楽天Kドリームス 並び予想
8720241215030007,2024-12-17,熊本競輪,F2,A1/A2,7,Ａ級特選,22:50,22:45,7,https://keirin.kdreams.jp/kumamoto/racedetail/8720241215030007/?pageType=odds,2026-10-05T05:26:40.902376+00:00,1-2/3-5/7/6-4,published,コンドル出版社,楽天Kドリームス 並び予想
8720241215030009,2024-12-17,熊本競輪,F2,A1/A2,9,Ａ級決勝,23:30,23:25,7,https://keirin.kdreams.jp/kumamoto/racedetail/8720241215030009/?pageType=odds,2026-10-05T05:26:42.736098+00:00,5-1/2-7-4/6-3,published,コンドル出版社,楽天Kドリームス 並び予想
4520241215030004,2024-12-17,豊橋競輪,F2,A1/A2,4,Ａ級特一般,21:40,21:35,7,https://keirin.kdreams.jp/toyohashi/racedetail/4520241215030004/?pageType=odds,2026-10-05T05:27:01.797810+00:00,1-4-2/3-6-7/5,published,中部競輪,楽天Kドリームス 並び予想
4520241215030005,2024-12-17,豊橋競輪,F2,A1/A2,5,Ａ級特一般,22:00,21:55,7,https://keirin.kdreams.jp/toyohashi/racedetail/4520241215030005/?pageType=odds,2026-10-05T05:27:03.530089+00:00,7-1-5/2-6/3-4,published,中部競輪,楽天Kドリームス 並び予想
4520241215030006,2024-12-17,豊橋競輪,F2,A1/A2,6,Ａ級特選,22:20,22:15,7,https://keirin.kdreams.jp/toyohashi/racedetail/4520241215030006/?pageType=odds,2026-10-05T05:27:05.517251+00:00,1-5/2-3-6/4/7,published,中部競輪,楽天Kドリームス 並び予想
4520241215030007,2024-12-17,豊橋競輪,F2,A1/A2,7,Ａ級特選,22:40,22:35,7,https://keirin.kdreams.jp/toyohashi/racedetail/4520241215030007/?pageType=odds,2026-10-05T05:27:07.168789+00:00,1-4/2-3-7/5-6,published,中部競輪,楽天Kドリームス 並び予想
4520241215030009,2024-12-17,豊橋競輪,F2,A1/A2,9,Ａ級決勝,23:20,23:15,7,https://keirin.kdreams.jp/toyohashi/racedetail/4520241215030009/?pageType=odds,2026-10-05T05:27:08.927494+00:00,7-3-1-5/6-2-4,published,中部競輪,楽天Kドリームス 並び予想
2720241218010003,2024-12-18,京王閣競輪,F2,A1/A2,3,Ａ級予選,21:30,21:25,7,https://keirin.kdreams.jp/keiokaku/racedetail/2720241218010003/?pageType=odds,2026-10-05T05:28:29.761119+00:00,6-1-2/5-3/7-4,published,アオケイ,楽天Kドリームス 並び予想
2720241218010004,2024-12-18,京王閣競輪,F2,A1/A2,4,Ａ級予選,21:50,21:45,7,https://keirin.kdreams.jp/keiokaku/racedetail/2720241218010004/?pageType=odds,2026-10-05T05:28:31.360806+00:00,3-1/2-4-7/5-6,published,アオケイ,楽天Kドリームス 並び予想
2720241218010005,2024-12-18,京王閣競輪,F2,A1/A2,5,Ａ級予選,22:10,22:05,7,https://keirin.kdreams.jp/keiokaku/racedetail/2720241218010005/?pageType=odds,2026-10-05T05:28:33.030707+00:00,2-1-5-3/7/4/6,published,アオケイ,楽天Kドリームス 並び予想
2720241218010006,2024-12-18,京王閣競輪,F2,A1/A2,6,Ａ級予選,22:30,22:25,7,https://keirin.kdreams.jp/keiokaku/racedetail/2720241218010006/?pageType=odds,2026-10-05T05:28:34.001238+00:00,2-1-3/6-4/5-7,published,アオケイ,楽天Kドリームス 並び予想
2720241218010007,2024-12-18,京王閣競輪,F2,A1/A2,7,Ａ級予選,22:50,22:45,7,https://keirin.kdreams.jp/keiokaku/racedetail/2720241218010007/?pageType=odds,2026-10-05T05:28:35.234953+00:00,1-2-4/6-3/5-7,published,アオケイ,楽天Kドリームス 並び予想
2720241218010008,2024-12-18,京王閣競輪,F2,A1/A2,8,Ａ級予選,23:10,23:05,7,https://keirin.kdreams.jp/keiokaku/racedetail/2720241218010008/?pageType=odds,2026-10-05T05:28:36.878828+00:00,1-2-5/4-3/7-6,published,アオケイ,楽天Kドリームス 並び予想
2720241218010009,2024-12-18,京王閣競輪,F2,A1/A2,9,Ａ級初日特選,23:30,23:25,7,https://keirin.kdreams.jp/keiokaku/racedetail/2720241218010009/?pageType=odds,2026-10-05T05:28:38.798540+00:00,1-7/2-3/4-5/6,published,アオケイ,楽天Kドリームス 並び予想
2520241217020001,2024-12-18,大宮競輪,F1,A1/A2,1,Ａ級一般,10:32,10:27,7,https://keirin.kdreams.jp/omiya/racedetail/2520241217020001/?pageType=odds,2026-10-05T05:28:12.097880+00:00,1-5-7/2/4/3/6,published,アオケイ,楽天Kドリームス 並び予想
2520241217020002,2024-12-18,大宮競輪,F1,A1/A2,2,Ａ級一般,10:57,10:52,7,https://keirin.kdreams.jp/omiya/racedetail/2520241217020002/?pageType=odds,2026-10-05T05:28:13.744699+00:00,5-1-7-4/2/3-6,published,アオケイ,楽天Kドリームス 並び予想
2520241217020003,2024-12-18,大宮競輪,F1,A1/A2,3,Ａ級準決勝,11:22,11:17,7,https://keirin.kdreams.jp/omiya/racedetail/2520241217020003/?pageType=odds,2026-10-05T05:28:15.414009+00:00,7-1/2-4/6/5-3,published,アオケイ,楽天Kドリームス 並び予想
2520241217020004,2024-12-18,大宮競輪,F1,A1/A2,4,Ａ級準決勝,11:48,11:43,7,https://keirin.kdreams.jp/omiya/racedetail/2520241217020004/?pageType=odds,2026-10-05T05:28:17.145554+00:00,1-7/5-2/4/6-3,published,アオケイ,楽天Kドリームス 並び予想
2520241217020005,2024-12-18,大宮競輪,F1,A1/A2,5,Ａ級準決勝,12:14,12:09,7,https://keirin.kdreams.jp/omiya/racedetail/2520241217020005/?pageType=odds,2026-10-05T05:28:18.872948+00:00,4-1-6/7-2/5-3,published,アオケイ,楽天Kドリームス 並び予想
4320241216030001,2024-12-18,岐阜競輪,F1,A1/A2,1,Ａ級一般,10:40,10:35,6,https://keirin.kdreams.jp/gifu/racedetail/4320241216030001/?pageType=odds,2026-10-05T05:27:27.810238+00:00,6-1/2-4/3-5,published,中部競輪・ひかり,楽天Kドリームス 並び予想
4320241216030002,2024-12-18,岐阜競輪,F1,A1/A2,2,Ａ級一般,11:05,11:00,7,https://keirin.kdreams.jp/gifu/racedetail/4320241216030002/?pageType=odds,2026-10-05T05:27:29.532598+00:00,4-2-1/3-7-6/5,published,中部競輪・ひかり,楽天Kドリームス 並び予想
4320241216030003,2024-12-18,岐阜競輪,F1,A1/A2,3,Ａ級特選,11:32,11:27,7,https://keirin.kdreams.jp/gifu/racedetail/4320241216030003/?pageType=odds,2026-10-05T05:27:31.376657+00:00,1-7/2-5-6/4-3,published,中部競輪・ひかり,楽天Kドリームス 並び予想
4320241216030004,2024-12-18,岐阜競輪,F1,A1/A2,4,Ａ級特選,11:59,11:54,7,https://keirin.kdreams.jp/gifu/racedetail/4320241216030004/?pageType=odds,2026-10-05T05:27:33.020691+00:00,1-5-3/2/6-4/7,published,中部競輪・ひかり,楽天Kドリームス 並び予想
4320241216030010,2024-12-18,岐阜競輪,F1,A1/A2,10,Ａ級決勝,15:10,15:05,7,https://keirin.kdreams.jp/gifu/racedetail/4320241216030010/?pageType=odds,2026-10-05T05:27:34.768201+00:00,1-4-7/6-2/5-3,published,中部競輪・ひかり,楽天Kドリームス 並び予想
5620241218010005,2024-12-18,岸和田競輪,F2,A1/A2,5,Ａ級特予選,22:00,21:55,7,https://keirin.kdreams.jp/kishiwada/racedetail/5620241218010005/?pageType=odds,2026-10-05T05:29:04.941841+00:00,5-1-3/2-6-4-7,published,競輪研究,楽天Kドリームス 並び予想
5620241218010006,2024-12-18,岸和田競輪,F2,A1/A2,6,Ａ級特予選,22:20,22:15,7,https://keirin.kdreams.jp/kishiwada/racedetail/5620241218010006/?pageType=odds,2026-10-05T05:29:06.598333+00:00,6-1/4-2/3-5-7,published,競輪研究,楽天Kドリームス 並び予想
5620241218010007,2024-12-18,岸和田競輪,F2,A1/A2,7,Ａ級特予選,22:40,22:35,7,https://keirin.kdreams.jp/kishiwada/racedetail/5620241218010007/?pageType=odds,2026-10-05T05:29:07.982097+00:00,1-2-5-3-6/4-7,published,競輪研究,楽天Kドリームス 並び予想
5620241218010008,2024-12-18,岸和田競輪,F2,A1/A2,8,Ａ級特予選,23:00,22:55,7,https://keirin.kdreams.jp/kishiwada/racedetail/5620241218010008/?pageType=odds,2026-10-05T05:29:09.630368+00:00,1-2-3-6-5/4-7,published,競輪研究,楽天Kドリームス 並び予想
5620241218010009,2024-12-18,岸和田競輪,F2,A1/A2,9,Ａ級初日特選,23:20,23:15,7,https://keirin.kdreams.jp/kishiwada/racedetail/5620241218010009/?pageType=odds,2026-10-05T05:29:11.272695+00:00,1-2/4-7-3/5-6,published,競輪研究,楽天Kドリームス 並び予想
3120241216030001,2024-12-18,松戸競輪,F1,A1/A2,1,Ａ級一般,15:28,15:23,7,https://keirin.kdreams.jp/matsudo/racedetail/3120241216030001/?pageType=odds,2026-10-05T05:27:54.277642+00:00,5-2-3/7/4-6-1,published,アオケイ,楽天Kドリームス 並び予想
3120241216030002,2024-12-18,松戸競輪,F1,A1/A2,2,Ａ級一般,15:52,15:47,7,https://keirin.kdreams.jp/matsudo/racedetail/3120241216030002/?pageType=odds,2026-10-05T05:27:55.980913+00:00,7-1-4/5-2/6-3,published,アオケイ,楽天Kドリームス 並び予想
3120241216030003,2024-12-18,松戸競輪,F1,A1/A2,3,Ａ級特選,16:16,16:11,7,https://keirin.kdreams.jp/matsudo/racedetail/3120241216030003/?pageType=odds,2026-10-05T05:27:57.661508+00:00,2-6/7-3/5-4-1,published,アオケイ,楽天Kドリームス 並び予想
3120241216030004,2024-12-18,松戸競輪,F1,A1/A2,4,Ａ級特選,16:42,16:37,7,https://keirin.kdreams.jp/matsudo/racedetail/3120241216030004/?pageType=odds,2026-10-05T05:27:59.659026+00:00,4-1/3-7/5-2-6,published,アオケイ,楽天Kドリームス 並び予想
3120241216030011,2024-12-18,松戸競輪,F1,A1/A2,11,Ａ級決勝,20:00,19:55,7,https://keirin.kdreams.jp/matsudo/racedetail/3120241216030011/?pageType=odds,2026-10-05T05:28:01.426629+00:00,1-4/5/3-6/7-2,published,アオケイ,楽天Kドリームス 並び予想
2720241218020003,2024-12-19,京王閣競輪,F2,A1/A2,3,Ａ級一般,21:30,21:25,7,https://keirin.kdreams.jp/keiokaku/racedetail/2720241218020003/?pageType=odds,2026-10-05T05:28:40.407157+00:00,1-7/2/3-4/5/6,published,アオケイ,楽天Kドリームス 並び予想
2720241218020004,2024-12-19,京王閣競輪,F2,A1/A2,4,Ａ級一般,21:50,21:45,7,https://keirin.kdreams.jp/keiokaku/racedetail/2720241218020004/?pageType=odds,2026-10-05T05:28:42.056995+00:00,4-1/3-2-7/5-6,published,アオケイ,楽天Kドリームス 並び予想
2720241218020005,2024-12-19,京王閣競輪,F2,A1/A2,5,Ａ級選抜,22:10,22:05,7,https://keirin.kdreams.jp/keiokaku/racedetail/2720241218020005/?pageType=odds,2026-10-05T05:28:43.888204+00:00,7-1/2-4-3/5-6,published,アオケイ,楽天Kドリームス 並び予想
2720241218020006,2024-12-19,京王閣競輪,F2,A1/A2,6,Ａ級選抜,22:30,22:25,7,https://keirin.kdreams.jp/keiokaku/racedetail/2720241218020006/?pageType=odds,2026-10-05T05:28:45.506476+00:00,7-2-5/1/3-6/4,published,アオケイ,楽天Kドリームス 並び予想
2720241218020007,2024-12-19,京王閣競輪,F2,A1/A2,7,Ａ級準決勝,22:50,22:45,7,https://keirin.kdreams.jp/keiokaku/racedetail/2720241218020007/?pageType=odds,2026-10-05T05:28:47.241561+00:00,3-1/2/4-7/6-5,published,アオケイ,楽天Kドリームス 並び予想
2720241218020008,2024-12-19,京王閣競輪,F2,A1/A2,8,Ａ級準決勝,23:10,23:05,7,https://keirin.kdreams.jp/keiokaku/racedetail/2720241218020008/?pageType=odds,2026-10-05T05:28:48.947416+00:00,1-4-6/2-3-5/7,published,アオケイ,楽天Kドリームス 並び予想
2720241218020009,2024-12-19,京王閣競輪,F2,A1/A2,9,Ａ級準決勝,23:30,23:25,7,https://keirin.kdreams.jp/keiokaku/racedetail/2720241218020009/?pageType=odds,2026-10-05T05:28:50.726739+00:00,1-3-2/5-4-6/7,published,アオケイ,楽天Kドリームス 並び予想
4220241219010008,2024-12-19,名古屋競輪,F2,A1/A2,8,Ａ級特予選,13:53,13:48,7,https://keirin.kdreams.jp/nagoya/racedetail/4220241219010008/?pageType=odds,2026-10-05T05:30:22.709138+00:00,2-7-1/6-3/4-5,published,中部競輪,楽天Kドリームス 並び予想
4220241219010009,2024-12-19,名古屋競輪,F2,A1/A2,9,Ａ級特予選,14:27,14:22,7,https://keirin.kdreams.jp/nagoya/racedetail/4220241219010009/?pageType=odds,2026-10-05T05:30:24.580044+00:00,4-1-6/2-5/7-3,published,中部競輪,楽天Kドリームス 並び予想
4220241219010010,2024-12-19,名古屋競輪,F2,A1/A2,10,Ａ級特予選,15:01,14:56,7,https://keirin.kdreams.jp/nagoya/racedetail/4220241219010010/?pageType=odds,2026-10-05T05:30:26.366587+00:00,6-1/2-5-4/3-7,published,中部競輪,楽天Kドリームス 並び予想
4220241219010011,2024-12-19,名古屋競輪,F2,A1/A2,11,Ａ級特予選,15:35,15:30,7,https://keirin.kdreams.jp/nagoya/racedetail/4220241219010011/?pageType=odds,2026-10-05T05:30:28.587527+00:00,7-3-4/1-5/2-6,published,中部競輪,楽天Kドリームス 並び予想
4220241219010012,2024-12-19,名古屋競輪,F2,A1/A2,12,Ａ級初日特選,16:10,16:05,7,https://keirin.kdreams.jp/nagoya/racedetail/4220241219010012/?pageType=odds,2026-10-05T05:30:30.285695+00:00,6-1/7-2/4/3-5,published,中部競輪,楽天Kドリームス 並び予想
2520241217030001,2024-12-19,大宮競輪,F1,A1/A2,1,Ａ級一般,10:32,10:27,7,https://keirin.kdreams.jp/omiya/racedetail/2520241217030001/?pageType=odds,2026-10-05T05:28:20.595600+00:00,4-1/6-2-5/3-7,published,アオケイ,楽天Kドリームス 並び予想
2520241217030002,2024-12-19,大宮競輪,F1,A1/A2,2,Ａ級一般,10:57,10:52,7,https://keirin.kdreams.jp/omiya/racedetail/2520241217030002/?pageType=odds,2026-10-05T05:28:22.337215+00:00,2-7-4/6/5-1-3,published,アオケイ,楽天Kドリームス 並び予想
2520241217030003,2024-12-19,大宮競輪,F1,A1/A2,3,Ａ級特選,11:22,11:17,7,https://keirin.kdreams.jp/omiya/racedetail/2520241217030003/?pageType=odds,2026-10-05T05:28:24.015051+00:00,1-5/4-7-2/3-6,published,アオケイ,楽天Kドリームス 並び予想
2520241217030004,2024-12-19,大宮競輪,F1,A1/A2,4,Ａ級特選,11:48,11:43,7,https://keirin.kdreams.jp/omiya/racedetail/2520241217030004/?pageType=odds,2026-10-05T05:28:25.879041+00:00,1-4-2/6/5/7-3,published,アオケイ,楽天Kドリームス 並び予想
2520241217030011,2024-12-19,大宮競輪,F1,A1/A2,11,Ａ級決勝,15:22,15:17,7,https://keirin.kdreams.jp/omiya/racedetail/2520241217030011/?pageType=odds,2026-10-05T05:28:27.560870+00:00,1-6-4/2-7/5-3,published,アオケイ,楽天Kドリームス 並び予想
5620241218020005,2024-12-19,岸和田競輪,F2,A1/A2,5,Ａ級特一般,22:00,21:55,7,https://keirin.kdreams.jp/kishiwada/racedetail/5620241218020005/?pageType=odds,2026-10-05T05:29:13.040627+00:00,5-1-6/3-2/4-7,published,競輪研究,楽天Kドリームス 並び予想
5620241218020006,2024-12-19,岸和田競輪,F2,A1/A2,6,Ａ級特一般,22:20,22:15,7,https://keirin.kdreams.jp/kishiwada/racedetail/5620241218020006/?pageType=odds,2026-10-05T05:29:14.744079+00:00,1-2-4/7/5-3-6,published,競輪研究,楽天Kドリームス 並び予想
5620241218020007,2024-12-19,岸和田競輪,F2,A1/A2,7,Ａ級準決勝,22:40,22:35,7,https://keirin.kdreams.jp/kishiwada/racedetail/5620241218020007/?pageType=odds,2026-10-05T05:29:16.435207+00:00,1-2/3-5/6-4/7,published,競輪研究,楽天Kドリームス 並び予想
5620241218020008,2024-12-19,岸和田競輪,F2,A1/A2,8,Ａ級準決勝,23:00,22:55,7,https://keirin.kdreams.jp/kishiwada/racedetail/5620241218020008/?pageType=odds,2026-10-05T05:29:18.190116+00:00,4-1/2-6/5/3-7,published,競輪研究,楽天Kドリームス 並び予想
5620241218020009,2024-12-19,岸和田競輪,F2,A1/A2,9,Ａ級準決勝,23:20,23:15,7,https://keirin.kdreams.jp/kishiwada/racedetail/5620241218020009/?pageType=odds,2026-10-05T05:29:19.880129+00:00,4-1/2-3-7/5-6,published,競輪研究,楽天Kドリームス 並び予想
7520241219010001,2024-12-19,松山競輪,F1,A1/A2,1,Ａ級予選,15:41,15:36,7,https://keirin.kdreams.jp/matsuyama/racedetail/7520241219010001/?pageType=odds,2026-10-05T05:29:56.152172+00:00,2-5-3/6/1-7-4,published,金星社,楽天Kドリームス 並び予想
7520241219010002,2024-12-19,松山競輪,F1,A1/A2,2,Ａ級予選,16:05,16:00,7,https://keirin.kdreams.jp/matsuyama/racedetail/7520241219010002/?pageType=odds,2026-10-05T05:29:57.877131+00:00,1-4-7/5-3/2/6,published,金星社,楽天Kドリームス 並び予想
7520241219010003,2024-12-19,松山競輪,F1,A1/A2,3,Ａ級予選,16:29,16:24,7,https://keirin.kdreams.jp/matsuyama/racedetail/7520241219010003/?pageType=odds,2026-10-05T05:29:59.435437+00:00,1-4-7/2/6-3-5,published,金星社,楽天Kドリームス 並び予想
7520241219010004,2024-12-19,松山競輪,F1,A1/A2,4,Ａ級予選,16:54,16:49,7,https://keirin.kdreams.jp/matsuyama/racedetail/7520241219010004/?pageType=odds,2026-10-05T05:30:01.138744+00:00,1-4/7-2/5-3-6,published,金星社,楽天Kドリームス 並び予想
7520241219010005,2024-12-19,松山競輪,F1,A1/A2,5,Ａ級初日特選,17:19,17:14,7,https://keirin.kdreams.jp/matsuyama/racedetail/7520241219010005/?pageType=odds,2026-10-05T05:30:03.002212+00:00,4-1/3/2-7-5/6,published,金星社,楽天Kドリームス 並び予想
4720241219010008,2024-12-19,松阪競輪,F2,A1/A2,8,Ａ級特予選,14:13,14:08,7,https://keirin.kdreams.jp/matsusaka/racedetail/4720241219010008/?pageType=odds,2026-10-05T05:29:30.531764+00:00,7-3-1-6/2-5-4,published,中部競輪,楽天Kドリームス 並び予想
4720241219010009,2024-12-19,松阪競輪,F2,A1/A2,9,Ａ級特予選,14:47,14:42,7,https://keirin.kdreams.jp/matsusaka/racedetail/4720241219010009/?pageType=odds,2026-10-05T05:29:32.228691+00:00,1-7-5/4-2-3/6,published,中部競輪,楽天Kドリームス 並び予想
4720241219010010,2024-12-19,松阪競輪,F2,A1/A2,10,Ａ級特予選,15:23,15:18,7,https://keirin.kdreams.jp/matsusaka/racedetail/4720241219010010/?pageType=odds,2026-10-05T05:29:34.026977+00:00,5-1-7/6-2/3-4,published,中部競輪,楽天Kドリームス 並び予想
4720241219010011,2024-12-19,松阪競輪,F2,A1/A2,11,Ａ級特予選,16:01,15:56,7,https://keirin.kdreams.jp/matsusaka/racedetail/4720241219010011/?pageType=odds,2026-10-05T05:29:35.846281+00:00,4-1-5-6/7-2-3,published,中部競輪,楽天Kドリームス 並び予想
4720241219010012,2024-12-19,松阪競輪,F2,A1/A2,12,Ａ級初日特選,16:40,16:35,7,https://keirin.kdreams.jp/matsusaka/racedetail/4720241219010012/?pageType=odds,2026-10-05T05:29:37.550411+00:00,7-1-4/2-6/3-5,published,中部競輪,楽天Kドリームス 並び予想
2720241218030001,2024-12-20,京王閣競輪,F2,A1/A2,1,Ａ級一般,21:10,21:05,7,https://keirin.kdreams.jp/keiokaku/racedetail/2720241218030001/?pageType=odds,2026-10-05T05:28:52.396807+00:00,4-1/5-2-7/6-3,published,アオケイ,楽天Kドリームス 並び予想
2720241218030002,2024-12-20,京王閣競輪,F2,A1/A2,2,Ａ級一般,21:30,21:25,7,https://keirin.kdreams.jp/keiokaku/racedetail/2720241218030002/?pageType=odds,2026-10-05T05:28:54.088519+00:00,4-1-3-6/5-2-7,published,アオケイ,楽天Kドリームス 並び予想
2720241218030003,2024-12-20,京王閣競輪,F2,A1/A2,3,Ａ級一般,21:50,21:45,7,https://keirin.kdreams.jp/keiokaku/racedetail/2720241218030003/?pageType=odds,2026-10-05T05:28:55.805947+00:00,1-2/4-3-6/7-5,published,アオケイ,楽天Kドリームス 並び予想
2720241218030004,2024-12-20,京王閣競輪,F2,A1/A2,4,Ａ級特選,22:10,22:05,7,https://keirin.kdreams.jp/keiokaku/racedetail/2720241218030004/?pageType=odds,2026-10-05T05:28:57.828413+00:00,4-1-5/3-2-6/7,published,アオケイ,楽天Kドリームス 並び予想
2720241218030005,2024-12-20,京王閣競輪,F2,A1/A2,5,Ａ級特選,22:30,22:25,7,https://keirin.kdreams.jp/keiokaku/racedetail/2720241218030005/?pageType=odds,2026-10-05T05:28:59.543878+00:00,2-5/1-6/4-3/7,published,アオケイ,楽天Kドリームス 並び予想
2720241218030006,2024-12-20,京王閣競輪,F2,A1/A2,6,Ａ級特選,22:50,22:45,7,https://keirin.kdreams.jp/keiokaku/racedetail/2720241218030006/?pageType=odds,2026-10-05T05:29:01.293235+00:00,2-1-6/3-7/4/5,published,アオケイ,楽天Kドリームス 並び予想
2720241218030008,2024-12-20,京王閣競輪,F2,A1/A2,8,Ａ級決勝,23:30,23:25,7,https://keirin.kdreams.jp/keiokaku/racedetail/2720241218030008/?pageType=odds,2026-10-05T05:29:02.984293+00:00,1-6-5-7/2-4/3,published,アオケイ,楽天Kドリームス 並び予想
4220241219020008,2024-12-20,名古屋競輪,F2,A1/A2,8,Ａ級特一般,13:53,13:48,7,https://keirin.kdreams.jp/nagoya/racedetail/4220241219020008/?pageType=odds,2026-10-05T05:30:31.938520+00:00,7-1/5-2/4/3-6,published,中部競輪,楽天Kドリームス 並び予想
4220241219020009,2024-12-20,名古屋競輪,F2,A1/A2,9,Ａ級特一般,14:27,14:22,7,https://keirin.kdreams.jp/nagoya/racedetail/4220241219020009/?pageType=odds,2026-10-05T05:30:33.647679+00:00,5-7-2/4-1/3-6,published,中部競輪,楽天Kドリームス 並び予想
4220241219020010,2024-12-20,名古屋競輪,F2,A1/A2,10,Ａ級準決勝,15:01,14:56,7,https://keirin.kdreams.jp/nagoya/racedetail/4220241219020010/?pageType=odds,2026-10-05T05:30:35.595106+00:00,5-2-6/4-1/3-7,published,中部競輪,楽天Kドリームス 並び予想
4220241219020011,2024-12-20,名古屋競輪,F2,A1/A2,11,Ａ級準決勝,15:35,15:30,7,https://keirin.kdreams.jp/nagoya/racedetail/4220241219020011/?pageType=odds,2026-10-05T05:30:37.264779+00:00,7-5-1/3/4-2-6,published,中部競輪,楽天Kドリームス 並び予想
4220241219020012,2024-12-20,名古屋競輪,F2,A1/A2,12,Ａ級準決勝,16:10,16:05,7,https://keirin.kdreams.jp/nagoya/racedetail/4220241219020012/?pageType=odds,2026-10-05T05:30:38.976614+00:00,1-5-3/6/7-2-4,published,中部競輪,楽天Kドリームス 並び予想
7320241220010006,2024-12-20,小松島競輪,F2,A1/A2,6,Ａ級予選,10:33,10:28,7,https://keirin.kdreams.jp/komatsushima/racedetail/7320241220010006/?pageType=odds,2026-10-05T05:30:51.738896+00:00,2-7-1/5-3/4-6,published,競輪毎日,楽天Kドリームス 並び予想
7320241220010007,2024-12-20,小松島競輪,F2,A1/A2,7,Ａ級予選,10:58,10:53,7,https://keirin.kdreams.jp/komatsushima/racedetail/7320241220010007/?pageType=odds,2026-10-05T05:30:53.454538+00:00,1-4/2-7/5-3-6,published,競輪毎日,楽天Kドリームス 並び予想
7320241220010008,2024-12-20,小松島競輪,F2,A1/A2,8,Ａ級予選,11:24,11:19,7,https://keirin.kdreams.jp/komatsushima/racedetail/7320241220010008/?pageType=odds,2026-10-05T05:30:55.236476+00:00,1-5-3/6/7-2-4,published,競輪毎日,楽天Kドリームス 並び予想
7320241220010009,2024-12-20,小松島競輪,F2,A1/A2,9,Ａ級予選,11:52,11:47,7,https://keirin.kdreams.jp/komatsushima/racedetail/7320241220010009/?pageType=odds,2026-10-05T05:30:56.915062+00:00,3-1-2-7/4/5/6,published,競輪毎日,楽天Kドリームス 並び予想
7320241220010010,2024-12-20,小松島競輪,F2,A1/A2,10,Ａ級予選,12:21,12:16,7,https://keirin.kdreams.jp/komatsushima/racedetail/7320241220010010/?pageType=odds,2026-10-05T05:30:58.523836+00:00,2-7/1-4/5-3-6,published,競輪毎日,楽天Kドリームス 並び予想
7320241220010011,2024-12-20,小松島競輪,F2,A1/A2,11,Ａ級予選,12:50,12:45,7,https://keirin.kdreams.jp/komatsushima/racedetail/7320241220010011/?pageType=odds,2026-10-05T05:31:00.195485+00:00,1-5-3-6/7-2-4,published,競輪毎日,楽天Kドリームス 並び予想
7320241220010012,2024-12-20,小松島競輪,F2,A1/A2,12,Ａ級初日特選,13:19,13:14,7,https://keirin.kdreams.jp/komatsushima/racedetail/7320241220010012/?pageType=odds,2026-10-05T05:31:02.103359+00:00,2-3/7-1/5/4-6,published,競輪毎日,楽天Kドリームス 並び予想
5620241218030004,2024-12-20,岸和田競輪,F2,A1/A2,4,Ａ級特一般,21:40,21:35,7,https://keirin.kdreams.jp/kishiwada/racedetail/5620241218030004/?pageType=odds,2026-10-05T05:29:21.666003+00:00,4-1-5/2-6-7/3,published,競輪研究,楽天Kドリームス 並び予想
5620241218030005,2024-12-20,岸和田競輪,F2,A1/A2,5,Ａ級特一般,22:00,21:55,7,https://keirin.kdreams.jp/kishiwada/racedetail/5620241218030005/?pageType=odds,2026-10-05T05:29:23.600600+00:00,1-4-7/2/3/5-6,published,競輪研究,楽天Kドリームス 並び予想
5620241218030006,2024-12-20,岸和田競輪,F2,A1/A2,6,Ａ級特選,22:20,22:15,7,https://keirin.kdreams.jp/kishiwada/racedetail/5620241218030006/?pageType=odds,2026-10-05T05:29:25.459714+00:00,7-1/2-4-3/5-6,published,競輪研究,楽天Kドリームス 並び予想
5620241218030007,2024-12-20,岸和田競輪,F2,A1/A2,7,Ａ級特選,22:40,22:35,7,https://keirin.kdreams.jp/kishiwada/racedetail/5620241218030007/?pageType=odds,2026-10-05T05:29:27.251949+00:00,4-1-3/6-2-5/7,published,競輪研究,楽天Kドリームス 並び予想
5620241218030009,2024-12-20,岸和田競輪,F2,A1/A2,9,Ａ級決勝,23:20,23:15,7,https://keirin.kdreams.jp/kishiwada/racedetail/5620241218030009/?pageType=odds,2026-10-05T05:29:28.888368+00:00,6-1-2/3-7-4/5,published,競輪研究,楽天Kドリームス 並び予想
7520241219020001,2024-12-20,松山競輪,F1,A1/A2,1,Ａ級一般,15:41,15:36,6,https://keirin.kdreams.jp/matsuyama/racedetail/7520241219020001/?pageType=odds,2026-10-05T05:30:04.699161+00:00,6-1-3/4-2-5,published,金星社,楽天Kドリームス 並び予想
7520241219020002,2024-12-20,松山競輪,F1,A1/A2,2,Ａ級一般,16:05,16:00,7,https://keirin.kdreams.jp/matsuyama/racedetail/7520241219020002/?pageType=odds,2026-10-05T05:30:06.542722+00:00,1-4-7/5-3-6/2,published,金星社,楽天Kドリームス 並び予想
7520241219020003,2024-12-20,松山競輪,F1,A1/A2,3,Ａ級準決勝,16:29,16:24,7,https://keirin.kdreams.jp/matsuyama/racedetail/7520241219020003/?pageType=odds,2026-10-05T05:30:08.287762+00:00,3-4/1-7/6-2-5,published,金星社,楽天Kドリームス 並び予想
7520241219020004,2024-12-20,松山競輪,F1,A1/A2,4,Ａ級準決勝,16:54,16:49,7,https://keirin.kdreams.jp/matsuyama/racedetail/7520241219020004/?pageType=odds,2026-10-05T05:30:10.065242+00:00,7-2/1-5/4-3/6,published,金星社,楽天Kドリームス 並び予想
7520241219020005,2024-12-20,松山競輪,F1,A1/A2,5,Ａ級準決勝,17:19,17:14,7,https://keirin.kdreams.jp/matsuyama/racedetail/7520241219020005/?pageType=odds,2026-10-05T05:30:11.792462+00:00,5-1-7/2-4/3-6,published,金星社,楽天Kドリームス 並び予想
4720241219020008,2024-12-20,松阪競輪,F2,A1/A2,8,Ａ級特一般,14:13,14:08,6,https://keirin.kdreams.jp/matsusaka/racedetail/4720241219020008/?pageType=odds,2026-10-05T05:29:39.171774+00:00,5-4-1/2/3-6,published,中部競輪,楽天Kドリームス 並び予想
4720241219020009,2024-12-20,松阪競輪,F2,A1/A2,9,Ａ級特一般,14:47,14:42,7,https://keirin.kdreams.jp/matsusaka/racedetail/4720241219020009/?pageType=odds,2026-10-05T05:29:40.812520+00:00,5-1/2-7-6/3-4,published,中部競輪,楽天Kドリームス 並び予想
4720241219020010,2024-12-20,松阪競輪,F2,A1/A2,10,Ａ級準決勝,15:23,15:18,7,https://keirin.kdreams.jp/matsusaka/racedetail/4720241219020010/?pageType=odds,2026-10-05T05:29:42.788887+00:00,3-7/1-4-6/5-2,published,中部競輪,楽天Kドリームス 並び予想
4720241219020011,2024-12-20,松阪競輪,F2,A1/A2,11,Ａ級準決勝,16:01,15:56,7,https://keirin.kdreams.jp/matsusaka/racedetail/4720241219020011/?pageType=odds,2026-10-05T05:29:44.534229+00:00,7-1/2-4/6/5-3,published,中部競輪,楽天Kドリームス 並び予想
4720241219020012,2024-12-20,松阪競輪,F2,A1/A2,12,Ａ級準決勝,16:40,16:35,7,https://keirin.kdreams.jp/matsusaka/racedetail/4720241219020012/?pageType=odds,2026-10-05T05:29:46.230855+00:00,1-4/2-7-6/5-3,published,中部競輪,楽天Kドリームス 並び予想
2220241221010005,2024-12-21,前橋競輪,F2,A1/A2,5,Ａ級特予選,22:10,22:05,7,https://keirin.kdreams.jp/maebashi/racedetail/2220241221010005/?pageType=odds,2026-10-05T05:31:28.343722+00:00,2-6/1-4-5/3-7,published,アオケイ,楽天Kドリームス 並び予想
2220241221010006,2024-12-21,前橋競輪,F2,A1/A2,6,Ａ級特予選,22:30,22:25,7,https://keirin.kdreams.jp/maebashi/racedetail/2220241221010006/?pageType=odds,2026-10-05T05:31:29.791509+00:00,3-1-6/7/4-2-5,published,アオケイ,楽天Kドリームス 並び予想
2220241221010007,2024-12-21,前橋競輪,F2,A1/A2,7,Ａ級特予選,22:50,22:45,7,https://keirin.kdreams.jp/maebashi/racedetail/2220241221010007/?pageType=odds,2026-10-05T05:31:31.678117+00:00,1-2-3-5/6/7-4,published,アオケイ,楽天Kドリームス 並び予想
2220241221010008,2024-12-21,前橋競輪,F2,A1/A2,8,Ａ級特予選,23:10,23:05,7,https://keirin.kdreams.jp/maebashi/racedetail/2220241221010008/?pageType=odds,2026-10-05T05:31:33.441974+00:00,1-2-4-7/6-5-3,published,アオケイ,楽天Kドリームス 並び予想
2220241221010009,2024-12-21,前橋競輪,F2,A1/A2,9,Ａ級初日特選,23:30,23:25,7,https://keirin.kdreams.jp/maebashi/racedetail/2220241221010009/?pageType=odds,2026-10-05T05:31:35.134539+00:00,5-1/2-6-7/4-3,published,アオケイ,楽天Kドリームス 並び予想
2320241221010001,2024-12-21,取手競輪,F1,A1/A2,1,Ａ級予選,10:40,10:35,7,https://keirin.kdreams.jp/toride/racedetail/2320241221010001/?pageType=odds,2026-10-05T05:31:54.597005+00:00,4-1/6/2-7/5-3,published,アオケイ,楽天Kドリームス 並び予想
2320241221010002,2024-12-21,取手競輪,F1,A1/A2,2,Ａ級予選,11:05,11:00,7,https://keirin.kdreams.jp/toride/racedetail/2320241221010002/?pageType=odds,2026-10-05T05:31:56.475433+00:00,4-7-1/3-5/6-2,published,アオケイ,楽天Kドリームス 並び予想
2320241221010003,2024-12-21,取手競輪,F1,A1/A2,3,Ａ級予選,11:30,11:25,7,https://keirin.kdreams.jp/toride/racedetail/2320241221010003/?pageType=odds,2026-10-05T05:31:58.515159+00:00,2-7/6-4-1/3-5,published,アオケイ,楽天Kドリームス 並び予想
2320241221010004,2024-12-21,取手競輪,F1,A1/A2,4,Ａ級予選,11:55,11:50,7,https://keirin.kdreams.jp/toride/racedetail/2320241221010004/?pageType=odds,2026-10-05T05:32:00.202323+00:00,1-5/3/6/7-2-4,published,アオケイ,楽天Kドリームス 並び予想
2320241221010005,2024-12-21,取手競輪,F1,A1/A2,5,Ａ級初日特選,12:23,12:18,7,https://keirin.kdreams.jp/toride/racedetail/2320241221010005/?pageType=odds,2026-10-05T05:32:02.037518+00:00,1-4-7/2-6/5-3,published,アオケイ,楽天Kドリームス 並び予想
4220241219030006,2024-12-21,名古屋競輪,F2,A1/A2,6,Ａ級特一般,12:51,12:46,7,https://keirin.kdreams.jp/nagoya/racedetail/4220241219030006/?pageType=odds,2026-10-05T05:30:40.995258+00:00,1-4/2/5-7-3/6,published,中部競輪,楽天Kドリームス 並び予想
4220241219030007,2024-12-21,名古屋競輪,F2,A1/A2,7,Ａ級特一般,13:21,13:16,7,https://keirin.kdreams.jp/nagoya/racedetail/4220241219030007/?pageType=odds,2026-10-05T05:30:42.718871+00:00,4-3/1-6-5/2-7,published,中部競輪,楽天Kドリームス 並び予想
4220241219030008,2024-12-21,名古屋競輪,F2,A1/A2,8,Ａ級特選,13:53,13:48,7,https://keirin.kdreams.jp/nagoya/racedetail/4220241219030008/?pageType=odds,2026-10-05T05:30:44.430324+00:00,6-3-1/4/2-7-5,published,中部競輪,楽天Kドリームス 並び予想
4220241219030009,2024-12-21,名古屋競輪,F2,A1/A2,9,Ａ級特選,14:27,14:22,7,https://keirin.kdreams.jp/nagoya/racedetail/4220241219030009/?pageType=odds,2026-10-05T05:30:46.237141+00:00,6-2-4/1-7/5/3,published,中部競輪,楽天Kドリームス 並び予想
4220241219030012,2024-12-21,名古屋競輪,F2,A1/A2,12,Ａ級決勝,16:10,16:05,7,https://keirin.kdreams.jp/nagoya/racedetail/4220241219030012/?pageType=odds,2026-10-05T05:30:47.998534+00:00,5-1/2-6/3/7-4,published,中部競輪,楽天Kドリームス 並び予想
4820241221010005,2024-12-21,四日市競輪,F2,A1/A2,5,Ａ級特予選,22:00,21:55,7,https://keirin.kdreams.jp/yokkaichi/racedetail/4820241221010005/?pageType=odds,2026-10-05T05:32:21.583630+00:00,1-4-6/3-2-5/7,published,富山中部,楽天Kドリームス 並び予想
4820241221010006,2024-12-21,四日市競輪,F2,A1/A2,6,Ａ級特予選,22:20,22:15,7,https://keirin.kdreams.jp/yokkaichi/racedetail/4820241221010006/?pageType=odds,2026-10-05T05:32:23.274630+00:00,2-1-6/7/4-3-5,published,富山中部,楽天Kドリームス 並び予想
4820241221010007,2024-12-21,四日市競輪,F2,A1/A2,7,Ａ級特予選,22:40,22:35,7,https://keirin.kdreams.jp/yokkaichi/racedetail/4820241221010007/?pageType=odds,2026-10-05T05:32:25.009610+00:00,3-1-6/2-4/7-5,published,富山中部,楽天Kドリームス 並び予想
4820241221010008,2024-12-21,四日市競輪,F2,A1/A2,8,Ａ級特予選,23:00,22:55,7,https://keirin.kdreams.jp/yokkaichi/racedetail/4820241221010008/?pageType=odds,2026-10-05T05:32:26.870050+00:00,6-1-4/3-2-5/7,published,富山中部,楽天Kドリームス 並び予想
4820241221010009,2024-12-21,四日市競輪,F2,A1/A2,9,Ａ級初日特選,23:20,23:15,7,https://keirin.kdreams.jp/yokkaichi/racedetail/4820241221010009/?pageType=odds,2026-10-05T05:32:28.717076+00:00,7-5-1/2-3/6-4,published,富山中部,楽天Kドリームス 並び予想
7320241220020005,2024-12-21,小松島競輪,F2,A1/A2,5,Ａ級一般,10:10,10:05,7,https://keirin.kdreams.jp/komatsushima/racedetail/7320241220020005/?pageType=odds,2026-10-05T05:31:03.778674+00:00,5-1/2-7-6/3/4,published,競輪毎日,楽天Kドリームス 並び予想
7320241220020006,2024-12-21,小松島競輪,F2,A1/A2,6,Ａ級一般,10:33,10:28,7,https://keirin.kdreams.jp/komatsushima/racedetail/7320241220020006/?pageType=odds,2026-10-05T05:31:05.440246+00:00,1-4-6/3-2/5/7,published,競輪毎日,楽天Kドリームス 並び予想
7320241220020007,2024-12-21,小松島競輪,F2,A1/A2,7,Ａ級選抜,10:58,10:53,7,https://keirin.kdreams.jp/komatsushima/racedetail/7320241220020007/?pageType=odds,2026-10-05T05:31:07.278366+00:00,1-5-7/4-3-6-2,published,競輪毎日,楽天Kドリームス 並び予想
7320241220020008,2024-12-21,小松島競輪,F2,A1/A2,8,Ａ級選抜,11:24,11:19,7,https://keirin.kdreams.jp/komatsushima/racedetail/7320241220020008/?pageType=odds,2026-10-05T05:31:08.928825+00:00,7-2-1/5/3-4-6,published,競輪毎日,楽天Kドリームス 並び予想
7320241220020009,2024-12-21,小松島競輪,F2,A1/A2,9,Ａ級準決勝,11:52,11:47,7,https://keirin.kdreams.jp/komatsushima/racedetail/7320241220020009/?pageType=odds,2026-10-05T05:31:10.829788+00:00,1-4/7-2/6-5-3,published,競輪毎日,楽天Kドリームス 並び予想
7320241220020010,2024-12-21,小松島競輪,F2,A1/A2,10,Ａ級準決勝,12:21,12:16,7,https://keirin.kdreams.jp/komatsushima/racedetail/7320241220020010/?pageType=odds,2026-10-05T05:31:12.724727+00:00,1-4-6/7-2/5-3,published,競輪毎日,楽天Kドリームス 並び予想
7320241220020011,2024-12-21,小松島競輪,F2,A1/A2,11,Ａ級準決勝,12:50,12:45,7,https://keirin.kdreams.jp/komatsushima/racedetail/7320241220020011/?pageType=odds,2026-10-05T05:31:14.416367+00:00,7-1-4/2-5/3-6,published,競輪毎日,楽天Kドリームス 並び予想
7520241219030001,2024-12-21,松山競輪,F1,A1/A2,1,Ａ級一般,15:41,15:36,6,https://keirin.kdreams.jp/matsuyama/racedetail/7520241219030001/?pageType=odds,2026-10-05T05:30:13.493574+00:00,2-5/1-6/3-4,published,金星社,楽天Kドリームス 並び予想
7520241219030002,2024-12-21,松山競輪,F1,A1/A2,2,Ａ級一般,16:05,16:00,7,https://keirin.kdreams.jp/matsuyama/racedetail/7520241219030002/?pageType=odds,2026-10-05T05:30:15.414509+00:00,7-1-2/5/6-4-3,published,金星社,楽天Kドリームス 並び予想
7520241219030003,2024-12-21,松山競輪,F1,A1/A2,3,Ａ級特選,16:29,16:24,7,https://keirin.kdreams.jp/matsuyama/racedetail/7520241219030003/?pageType=odds,2026-10-05T05:30:17.228630+00:00,7-1-3/2-4-5/6,published,金星社,楽天Kドリームス 並び予想
7520241219030004,2024-12-21,松山競輪,F1,A1/A2,4,Ａ級特選,16:54,16:49,7,https://keirin.kdreams.jp/matsuyama/racedetail/7520241219030004/?pageType=odds,2026-10-05T05:30:19.114461+00:00,2-7-4/6-1/3-5,published,金星社,楽天Kドリームス 並び予想
7520241219030011,2024-12-21,松山競輪,F1,A1/A2,11,Ａ級決勝,20:04,19:59,7,https://keirin.kdreams.jp/matsuyama/racedetail/7520241219030011/?pageType=odds,2026-10-05T05:30:20.984724+00:00,1-4-6/3-5/7-2,published,金星社,楽天Kドリームス 並び予想
4720241219030006,2024-12-21,松阪競輪,F2,A1/A2,6,Ａ級特一般,13:12,13:07,6,https://keirin.kdreams.jp/matsusaka/racedetail/4720241219030006/?pageType=odds,2026-10-05T05:29:47.810642+00:00,1-5/4-2/3-6,published,中部競輪,楽天Kドリームス 並び予想
4720241219030007,2024-12-21,松阪競輪,F2,A1/A2,7,Ａ級特一般,13:41,13:36,7,https://keirin.kdreams.jp/matsusaka/racedetail/4720241219030007/?pageType=odds,2026-10-05T05:29:49.472536+00:00,1-4-3/2-7/6-5,published,中部競輪,楽天Kドリームス 並び予想
4720241219030008,2024-12-21,松阪競輪,F2,A1/A2,8,Ａ級特選,14:13,14:08,7,https://keirin.kdreams.jp/matsusaka/racedetail/4720241219030008/?pageType=odds,2026-10-05T05:29:51.111620+00:00,1-4/6-2/7/3-5,published,中部競輪,楽天Kドリームス 並び予想
4720241219030009,2024-12-21,松阪競輪,F2,A1/A2,9,Ａ級特選,14:47,14:42,7,https://keirin.kdreams.jp/matsusaka/racedetail/4720241219030009/?pageType=odds,2026-10-05T05:29:52.770494+00:00,6-1/2-5/3-7-4,published,中部競輪,楽天Kドリームス 並び予想
4720241219030012,2024-12-21,松阪競輪,F2,A1/A2,12,Ａ級決勝,16:40,16:35,7,https://keirin.kdreams.jp/matsusaka/racedetail/4720241219030012/?pageType=odds,2026-10-05T05:29:54.455690+00:00,1-7-5/2-3/4/6,published,中部競輪,楽天Kドリームス 並び予想
8520241219040009,2024-12-22,佐世保競輪,,A1/A2,9,Ａ級Ｒ・ファイナル,14:37,14:32,9,https://keirin.kdreams.jp/sasebo/racedetail/8520241219040009/?pageType=odds,2026-10-05T05:30:50.081798+00:00,1-4-8/2-9/3-6/5-7,published,百万弗,楽天Kドリームス 並び予想
2220241221020005,2024-12-22,前橋競輪,F2,A1/A2,5,Ａ級特一般,22:10,22:05,7,https://keirin.kdreams.jp/maebashi/racedetail/2220241221020005/?pageType=odds,2026-10-05T05:31:36.871882+00:00,5-1-2/3/6-7-4,published,アオケイ,楽天Kドリームス 並び予想
2220241221020006,2024-12-22,前橋競輪,F2,A1/A2,6,Ａ級特一般,22:30,22:25,7,https://keirin.kdreams.jp/maebashi/racedetail/2220241221020006/?pageType=odds,2026-10-05T05:31:38.701661+00:00,2-5-1-3/4/7/6,published,アオケイ,楽天Kドリームス 並び予想
2220241221020007,2024-12-22,前橋競輪,F2,A1/A2,7,Ａ級準決勝,22:50,22:45,7,https://keirin.kdreams.jp/maebashi/racedetail/2220241221020007/?pageType=odds,2026-10-05T05:31:40.489300+00:00,2-1/3-4-5/6-7,published,アオケイ,楽天Kドリームス 並び予想
2220241221020008,2024-12-22,前橋競輪,F2,A1/A2,8,Ａ級準決勝,23:10,23:05,7,https://keirin.kdreams.jp/maebashi/racedetail/2220241221020008/?pageType=odds,2026-10-05T05:31:42.188165+00:00,2-1-7/3-5/6-4,published,アオケイ,楽天Kドリームス 並び予想
2220241221020009,2024-12-22,前橋競輪,F2,A1/A2,9,Ａ級準決勝,23:30,23:25,7,https://keirin.kdreams.jp/maebashi/racedetail/2220241221020009/?pageType=odds,2026-10-05T05:31:43.975173+00:00,1-4/5-3/6-2-7,published,アオケイ,楽天Kドリームス 並び予想
2320241221020001,2024-12-22,取手競輪,F1,A1/A2,1,Ａ級一般,10:40,10:35,7,https://keirin.kdreams.jp/toride/racedetail/2320241221020001/?pageType=odds,2026-10-05T05:32:03.796398+00:00,7-1-5/3/6-2-4,published,アオケイ,楽天Kドリームス 並び予想
2320241221020002,2024-12-22,取手競輪,F1,A1/A2,2,Ａ級一般,11:05,11:00,7,https://keirin.kdreams.jp/toride/racedetail/2320241221020002/?pageType=odds,2026-10-05T05:32:05.516234+00:00,1-4/2/6/3-7-5,published,アオケイ,楽天Kドリームス 並び予想
2320241221020003,2024-12-22,取手競輪,F1,A1/A2,3,Ａ級準決勝,11:30,11:25,7,https://keirin.kdreams.jp/toride/racedetail/2320241221020003/?pageType=odds,2026-10-05T05:32:07.219775+00:00,3-1-5/7-2/6-4,published,アオケイ,楽天Kドリームス 並び予想
2320241221020004,2024-12-22,取手競輪,F1,A1/A2,4,Ａ級準決勝,11:55,11:50,7,https://keirin.kdreams.jp/toride/racedetail/2320241221020004/?pageType=odds,2026-10-05T05:32:08.951779+00:00,1-4-7/6-2/5-3,published,アオケイ,楽天Kドリームス 並び予想
2320241221020005,2024-12-22,取手競輪,F1,A1/A2,5,Ａ級準決勝,12:23,12:18,7,https://keirin.kdreams.jp/toride/racedetail/2320241221020005/?pageType=odds,2026-10-05T05:32:10.756564+00:00,5-1-4/6-2/3-7,published,アオケイ,楽天Kドリームス 並び予想
4820241221020005,2024-12-22,四日市競輪,F2,A1/A2,5,Ａ級特一般,22:00,21:55,7,https://keirin.kdreams.jp/yokkaichi/racedetail/4820241221020005/?pageType=odds,2026-10-05T05:32:30.356509+00:00,3-1-5/4-2-7/6,published,富山中部,楽天Kドリームス 並び予想
4820241221020006,2024-12-22,四日市競輪,F2,A1/A2,6,Ａ級特一般,22:20,22:15,7,https://keirin.kdreams.jp/yokkaichi/racedetail/4820241221020006/?pageType=odds,2026-10-05T05:32:32.024701+00:00,1-6-4/2/7-5-3,published,富山中部,楽天Kドリームス 並び予想
4820241221020007,2024-12-22,四日市競輪,F2,A1/A2,7,Ａ級準決勝,22:40,22:35,7,https://keirin.kdreams.jp/yokkaichi/racedetail/4820241221020007/?pageType=odds,2026-10-05T05:32:33.931873+00:00,3-1-6/5-2-4/7,published,富山中部,楽天Kドリームス 並び予想
4820241221020008,2024-12-22,四日市競輪,F2,A1/A2,8,Ａ級準決勝,23:00,22:55,7,https://keirin.kdreams.jp/yokkaichi/racedetail/4820241221020008/?pageType=odds,2026-10-05T05:32:35.737042+00:00,7-1-3/2-4-5/6,published,富山中部,楽天Kドリームス 並び予想
4820241221020009,2024-12-22,四日市競輪,F2,A1/A2,9,Ａ級準決勝,23:20,23:15,7,https://keirin.kdreams.jp/yokkaichi/racedetail/4820241221020009/?pageType=odds,2026-10-05T05:32:37.392956+00:00,5-1/2-3-6/4-7,published,富山中部,楽天Kドリームス 並び予想
7320241220030005,2024-12-22,小松島競輪,F2,A1/A2,5,Ａ級一般,10:10,10:05,7,https://keirin.kdreams.jp/komatsushima/racedetail/7320241220030005/?pageType=odds,2026-10-05T05:31:16.089401+00:00,1-3/2-5-4/6/7,published,競輪毎日,楽天Kドリームス 並び予想
7320241220030006,2024-12-22,小松島競輪,F2,A1/A2,6,Ａ級一般,10:30,10:25,7,https://keirin.kdreams.jp/komatsushima/racedetail/7320241220030006/?pageType=odds,2026-10-05T05:31:17.777881+00:00,4-1-3/6/5-2-7,published,競輪毎日,楽天Kドリームス 並び予想
7320241220030007,2024-12-22,小松島競輪,F2,A1/A2,7,Ａ級一般,10:50,10:45,7,https://keirin.kdreams.jp/komatsushima/racedetail/7320241220030007/?pageType=odds,2026-10-05T05:31:19.620498+00:00,5-1-4/7-3-2/6,published,競輪毎日,楽天Kドリームス 並び予想
7320241220030008,2024-12-22,小松島競輪,F2,A1/A2,8,Ａ級特選,11:11,11:06,7,https://keirin.kdreams.jp/komatsushima/racedetail/7320241220030008/?pageType=odds,2026-10-05T05:31:21.288012+00:00,4-2-7/5-1/6-3,published,競輪毎日,楽天Kドリームス 並び予想
7320241220030009,2024-12-22,小松島競輪,F2,A1/A2,9,Ａ級特選,11:32,11:27,7,https://keirin.kdreams.jp/komatsushima/racedetail/7320241220030009/?pageType=odds,2026-10-05T05:31:23.079923+00:00,1-5-7/6-2/3-4,published,競輪毎日,楽天Kドリームス 並び予想
7320241220030010,2024-12-22,小松島競輪,F2,A1/A2,10,Ａ級特選,11:54,11:49,7,https://keirin.kdreams.jp/komatsushima/racedetail/7320241220030010/?pageType=odds,2026-10-05T05:31:24.927102+00:00,1-4/7-2/3-5-6,published,競輪毎日,楽天Kドリームス 並び予想
7320241220030011,2024-12-22,小松島競輪,F2,A1/A2,11,Ａ級決勝,12:16,12:11,7,https://keirin.kdreams.jp/komatsushima/racedetail/7320241220030011/?pageType=odds,2026-10-05T05:31:26.648196+00:00,1-6/5-7-2/3/4,published,競輪毎日,楽天Kドリームス 並び予想
3420241222010001,2024-12-22,川崎競輪,F1,A1/A2,1,Ａ級予選,15:40,15:35,7,https://keirin.kdreams.jp/kawasaki/racedetail/3420241222010001/?pageType=odds,2026-10-05T05:32:48.753491+00:00,4-5-1/6-2/3-7,published,小田競・サイクル,楽天Kドリームス 並び予想
3420241222010002,2024-12-22,川崎競輪,F1,A1/A2,2,Ａ級予選,16:20,16:15,7,https://keirin.kdreams.jp/kawasaki/racedetail/3420241222010002/?pageType=odds,2026-10-05T05:32:50.499094+00:00,4-1/7-2/5-3-6,published,小田競・サイクル,楽天Kドリームス 並び予想
3420241222010003,2024-12-22,川崎競輪,F1,A1/A2,3,Ａ級予選,16:45,16:40,7,https://keirin.kdreams.jp/kawasaki/racedetail/3420241222010003/?pageType=odds,2026-10-05T05:32:52.179682+00:00,1-5/7-2/3-4-6,published,小田競・サイクル,楽天Kドリームス 並び予想
3420241222010004,2024-12-22,川崎競輪,F1,A1/A2,4,Ａ級予選,17:08,17:03,7,https://keirin.kdreams.jp/kawasaki/racedetail/3420241222010004/?pageType=odds,2026-10-05T05:32:53.912406+00:00,5-3-4-1/7-2-6,published,小田競・サイクル,楽天Kドリームス 並び予想
3420241222010005,2024-12-22,川崎競輪,F1,A1/A2,5,Ａ級初日特選,17:31,17:26,7,https://keirin.kdreams.jp/kawasaki/racedetail/3420241222010005/?pageType=odds,2026-10-05T05:32:55.601000+00:00,7-3-1/4/2-5-6,published,小田競・サイクル,楽天Kドリームス 並び予想
2820241222010001,2024-12-22,立川競輪,F2,A1/A2,1,Ａ級予選,09:00,08:55,7,https://keirin.kdreams.jp/tachikawa/racedetail/2820241222010001/?pageType=odds,2026-10-05T05:33:14.853029+00:00,1-5-6/7-2/4-3,published,アオケイ,楽天Kドリームス 並び予想
2820241222010002,2024-12-22,立川競輪,F2,A1/A2,2,Ａ級予選,09:20,09:15,7,https://keirin.kdreams.jp/tachikawa/racedetail/2820241222010002/?pageType=odds,2026-10-05T05:33:16.600794+00:00,4-1-7/6-3/2-5,published,アオケイ,楽天Kドリームス 並び予想
2820241222010003,2024-12-22,立川競輪,F2,A1/A2,3,Ａ級予選,09:40,09:35,7,https://keirin.kdreams.jp/tachikawa/racedetail/2820241222010003/?pageType=odds,2026-10-05T05:33:18.403215+00:00,5-3-4/1/2-7-6,published,アオケイ,楽天Kドリームス 並び予想
2820241222010004,2024-12-22,立川競輪,F2,A1/A2,4,Ａ級予選,10:00,09:55,7,https://keirin.kdreams.jp/tachikawa/racedetail/2820241222010004/?pageType=odds,2026-10-05T05:33:20.186821+00:00,3-4/7-2/1-5-6,published,アオケイ,楽天Kドリームス 並び予想
2820241222010005,2024-12-22,立川競輪,F2,A1/A2,5,Ａ級予選,10:20,10:15,7,https://keirin.kdreams.jp/tachikawa/racedetail/2820241222010005/?pageType=odds,2026-10-05T05:33:21.865316+00:00,2-5-3/7-4-1/6,published,アオケイ,楽天Kドリームス 並び予想
2820241222010006,2024-12-22,立川競輪,F2,A1/A2,6,Ａ級予選,10:40,10:35,7,https://keirin.kdreams.jp/tachikawa/racedetail/2820241222010006/?pageType=odds,2026-10-05T05:33:23.623495+00:00,5-1-6/2-7/3-4,published,アオケイ,楽天Kドリームス 並び予想
2820241222010007,2024-12-22,立川競輪,F2,A1/A2,7,Ａ級初日特選,11:00,10:55,7,https://keirin.kdreams.jp/tachikawa/racedetail/2820241222010007/?pageType=odds,2026-10-05T05:33:25.334637+00:00,7-2-1/5-3/4-6,published,アオケイ,楽天Kドリームス 並び予想
2220241221030004,2024-12-23,前橋競輪,F2,A1/A2,4,Ａ級特一般,21:50,21:45,7,https://keirin.kdreams.jp/maebashi/racedetail/2220241221030004/?pageType=odds,2026-10-05T05:31:45.726699+00:00,1-2-7/3/5-4-6,published,アオケイ,楽天Kドリームス 並び予想
2220241221030005,2024-12-23,前橋競輪,F2,A1/A2,5,Ａ級特一般,22:10,22:05,7,https://keirin.kdreams.jp/maebashi/racedetail/2220241221030005/?pageType=odds,2026-10-05T05:31:47.500433+00:00,1-3-7/6-2/5-4,published,アオケイ,楽天Kドリームス 並び予想
2220241221030006,2024-12-23,前橋競輪,F2,A1/A2,6,Ａ級特選,22:30,22:25,7,https://keirin.kdreams.jp/maebashi/racedetail/2220241221030006/?pageType=odds,2026-10-05T05:31:49.210953+00:00,4-2-3-7/6-1/5,published,アオケイ,楽天Kドリームス 並び予想
2220241221030007,2024-12-23,前橋競輪,F2,A1/A2,7,Ａ級特選,22:50,22:45,7,https://keirin.kdreams.jp/maebashi/racedetail/2220241221030007/?pageType=odds,2026-10-05T05:31:51.050897+00:00,3-1-4-2/5/6/7,published,アオケイ,楽天Kドリームス 並び予想
2220241221030009,2024-12-23,前橋競輪,F2,A1/A2,9,Ａ級決勝,23:30,23:25,7,https://keirin.kdreams.jp/maebashi/racedetail/2220241221030009/?pageType=odds,2026-10-05T05:31:52.760915+00:00,5-1/4-3/6-2-7,published,アオケイ,楽天Kドリームス 並び予想
2320241221030001,2024-12-23,取手競輪,F1,A1/A2,1,Ａ級一般,10:40,10:35,7,https://keirin.kdreams.jp/toride/racedetail/2320241221030001/?pageType=odds,2026-10-05T05:32:12.658865+00:00,5-1/2-4/7-3-6,published,アオケイ,楽天Kドリームス 並び予想
2320241221030002,2024-12-23,取手競輪,F1,A1/A2,2,Ａ級一般,11:05,11:00,7,https://keirin.kdreams.jp/toride/racedetail/2320241221030002/?pageType=odds,2026-10-05T05:32:14.378838+00:00,1-5-2-6/3-4-7,published,アオケイ,楽天Kドリームス 並び予想
2320241221030003,2024-12-23,取手競輪,F1,A1/A2,3,Ａ級特選,11:30,11:25,7,https://keirin.kdreams.jp/toride/racedetail/2320241221030003/?pageType=odds,2026-10-05T05:32:16.146557+00:00,6-1/4/2-7/5-3,published,アオケイ,楽天Kドリームス 並び予想
2320241221030004,2024-12-23,取手競輪,F1,A1/A2,4,Ａ級特選,11:55,11:50,7,https://keirin.kdreams.jp/toride/racedetail/2320241221030004/?pageType=odds,2026-10-05T05:32:17.887043+00:00,1-5-7/2-4/6-3,published,アオケイ,楽天Kドリームス 並び予想
2320241221030011,2024-12-23,取手競輪,F1,A1/A2,11,Ａ級決勝,15:25,15:20,7,https://keirin.kdreams.jp/toride/racedetail/2320241221030011/?pageType=odds,2026-10-05T05:32:19.590125+00:00,7-1-4/3/6-2-5,published,アオケイ,楽天Kドリームス 並び予想
4220241223010001,2024-12-23,名古屋競輪,F1,A1/A2,1,Ａ級予選,10:34,10:29,7,https://keirin.kdreams.jp/nagoya/racedetail/4220241223010001/?pageType=odds,2026-10-05T05:34:17.750271+00:00,7-2-1-4/5-3-6,published,中部競輪,楽天Kドリームス 並び予想
4220241223010002,2024-12-23,名古屋競輪,F1,A1/A2,2,Ａ級予選,11:02,10:57,7,https://keirin.kdreams.jp/nagoya/racedetail/4220241223010002/?pageType=odds,2026-10-05T05:34:19.629789+00:00,5-1-6/2/3-4/7,published,中部競輪,楽天Kドリームス 並び予想
4220241223010003,2024-12-23,名古屋競輪,F1,A1/A2,3,Ａ級予選,11:30,11:25,7,https://keirin.kdreams.jp/nagoya/racedetail/4220241223010003/?pageType=odds,2026-10-05T05:34:21.266978+00:00,1-4/2-5-6/3-7,published,中部競輪,楽天Kドリームス 並び予想
4220241223010004,2024-12-23,名古屋競輪,F1,A1/A2,4,Ａ級予選,12:00,11:55,7,https://keirin.kdreams.jp/nagoya/racedetail/4220241223010004/?pageType=odds,2026-10-05T05:34:22.873853+00:00,1-7-4/5-2/6-3,published,中部競輪,楽天Kドリームス 並び予想
4220241223010005,2024-12-23,名古屋競輪,F1,A1/A2,5,Ａ級初日特選,12:30,12:25,7,https://keirin.kdreams.jp/nagoya/racedetail/4220241223010005/?pageType=odds,2026-10-05T05:34:24.735994+00:00,1-7/2-5-4/3-6,published,中部競輪,楽天Kドリームス 並び予想
4820241221030004,2024-12-23,四日市競輪,F2,A1/A2,4,Ａ級特一般,21:40,21:35,7,https://keirin.kdreams.jp/yokkaichi/racedetail/4820241221030004/?pageType=odds,2026-10-05T05:32:39.124816+00:00,1-2-3/7-5-6/4,published,富山中部,楽天Kドリームス 並び予想
4820241221030005,2024-12-23,四日市競輪,F2,A1/A2,5,Ａ級特一般,22:00,21:55,7,https://keirin.kdreams.jp/yokkaichi/racedetail/4820241221030005/?pageType=odds,2026-10-05T05:32:41.169123+00:00,1-5-3/2-4/6/7,published,富山中部,楽天Kドリームス 並び予想
4820241221030006,2024-12-23,四日市競輪,F2,A1/A2,6,Ａ級特選,22:20,22:15,7,https://keirin.kdreams.jp/yokkaichi/racedetail/4820241221030006/?pageType=odds,2026-10-05T05:32:42.897257+00:00,3-1/4-2-6/7-5,published,富山中部,楽天Kドリームス 並び予想
4820241221030007,2024-12-23,四日市競輪,F2,A1/A2,7,Ａ級特選,22:40,22:35,7,https://keirin.kdreams.jp/yokkaichi/racedetail/4820241221030007/?pageType=odds,2026-10-05T05:32:45.185616+00:00,3-2-1/4/7-6-5,published,富山中部,楽天Kドリームス 並び予想
4820241221030009,2024-12-23,四日市競輪,F2,A1/A2,9,Ａ級決勝,23:20,23:15,7,https://keirin.kdreams.jp/yokkaichi/racedetail/4820241221030009/?pageType=odds,2026-10-05T05:32:46.805759+00:00,1-2-7/4-3/5-6,published,富山中部,楽天Kドリームス 並び予想
3420241222020001,2024-12-23,川崎競輪,F1,A1/A2,1,Ａ級一般,15:37,15:32,7,https://keirin.kdreams.jp/kawasaki/racedetail/3420241222020001/?pageType=odds,2026-10-05T05:32:57.355025+00:00,1-5/2-7/4-3-6,published,小田競・サイクル,楽天Kドリームス 並び予想
3420241222020002,2024-12-23,川崎競輪,F1,A1/A2,2,Ａ級一般,16:10,16:05,7,https://keirin.kdreams.jp/kawasaki/racedetail/3420241222020002/?pageType=odds,2026-10-05T05:32:59.057142+00:00,1-7-4/2-5/3/6,published,小田競・サイクル,楽天Kドリームス 並び予想
3420241222020003,2024-12-23,川崎競輪,F1,A1/A2,3,Ａ級準決勝,16:40,16:35,7,https://keirin.kdreams.jp/kawasaki/racedetail/3420241222020003/?pageType=odds,2026-10-05T05:33:00.886934+00:00,2-4/7-1/5-3-6,published,小田競・サイクル,楽天Kドリームス 並び予想
3420241222020004,2024-12-23,川崎競輪,F1,A1/A2,4,Ａ級準決勝,17:03,16:58,7,https://keirin.kdreams.jp/kawasaki/racedetail/3420241222020004/?pageType=odds,2026-10-05T05:33:02.588264+00:00,1-7-4/2-6/5-3,published,小田競・サイクル,楽天Kドリームス 並び予想
3420241222020005,2024-12-23,川崎競輪,F1,A1/A2,5,Ａ級準決勝,17:26,17:21,7,https://keirin.kdreams.jp/kawasaki/racedetail/3420241222020005/?pageType=odds,2026-10-05T05:33:04.358612+00:00,1-4/6-2/5-3-7,published,小田競・サイクル,楽天Kドリームス 並び予想
8720241223010001,2024-12-23,熊本競輪,F1,A1/A2,1,Ａ級予選,10:40,10:35,7,https://keirin.kdreams.jp/kumamoto/racedetail/8720241223010001/?pageType=odds,2026-10-05T05:33:51.482970+00:00,5-1-6/3/7-2-4,published,コンドル出版社,楽天Kドリームス 並び予想
8720241223010002,2024-12-23,熊本競輪,F1,A1/A2,2,Ａ級予選,11:08,11:03,7,https://keirin.kdreams.jp/kumamoto/racedetail/8720241223010002/?pageType=odds,2026-10-05T05:33:53.229096+00:00,1-6/2-5/7-3-4,published,コンドル出版社,楽天Kドリームス 並び予想
8720241223010003,2024-12-23,熊本競輪,F1,A1/A2,3,Ａ級予選,11:36,11:31,7,https://keirin.kdreams.jp/kumamoto/racedetail/8720241223010003/?pageType=odds,2026-10-05T05:33:54.818951+00:00,1-4-6/7-2/5-3,published,コンドル出版社,楽天Kドリームス 並び予想
8720241223010004,2024-12-23,熊本競輪,F1,A1/A2,4,Ａ級予選,12:06,12:01,7,https://keirin.kdreams.jp/kumamoto/racedetail/8720241223010004/?pageType=odds,2026-10-05T05:33:56.509444+00:00,3-4/6-1/5-2-7,published,コンドル出版社,楽天Kドリームス 並び予想
8720241223010005,2024-12-23,熊本競輪,F1,A1/A2,5,Ａ級初日特選,12:36,12:31,7,https://keirin.kdreams.jp/kumamoto/racedetail/8720241223010005/?pageType=odds,2026-10-05T05:33:58.322892+00:00,7-1-4/5-2-6/3,published,コンドル出版社,楽天Kドリームス 並び予想
2820241222020001,2024-12-23,立川競輪,F2,A1/A2,1,Ａ級一般,08:50,08:45,5,https://keirin.kdreams.jp/tachikawa/racedetail/2820241222020001/?pageType=odds,2026-10-05T05:33:26.943144+00:00,1-2-4/3-5,published,アオケイ,楽天Kドリームス 並び予想
2820241222020002,2024-12-23,立川競輪,F2,A1/A2,2,Ａ級一般,09:10,09:05,6,https://keirin.kdreams.jp/tachikawa/racedetail/2820241222020002/?pageType=odds,2026-10-05T05:33:28.650250+00:00,4-1-3/2-5/6,published,アオケイ,楽天Kドリームス 並び予想
2820241222020003,2024-12-23,立川競輪,F2,A1/A2,3,Ａ級選抜,09:30,09:25,7,https://keirin.kdreams.jp/tachikawa/racedetail/2820241222020003/?pageType=odds,2026-10-05T05:33:30.366170+00:00,7-3-4-1/2-5/6,published,アオケイ,楽天Kドリームス 並び予想
2820241222020004,2024-12-23,立川競輪,F2,A1/A2,4,Ａ級選抜,09:50,09:45,7,https://keirin.kdreams.jp/tachikawa/racedetail/2820241222020004/?pageType=odds,2026-10-05T05:33:32.111052+00:00,7-2-4/1/3-5/6,published,アオケイ,楽天Kドリームス 並び予想
2820241222020005,2024-12-23,立川競輪,F2,A1/A2,5,Ａ級準決勝,10:10,10:05,7,https://keirin.kdreams.jp/tachikawa/racedetail/2820241222020005/?pageType=odds,2026-10-05T05:33:33.981731+00:00,2-6/1-5-7/3-4,published,アオケイ,楽天Kドリームス 並び予想
2820241222020006,2024-12-23,立川競輪,F2,A1/A2,6,Ａ級準決勝,10:30,10:25,7,https://keirin.kdreams.jp/tachikawa/racedetail/2820241222020006/?pageType=odds,2026-10-05T05:33:35.619592+00:00,4-1-6/2/3-5/7,published,アオケイ,楽天Kドリームス 並び予想
2820241222020007,2024-12-23,立川競輪,F2,A1/A2,7,Ａ級準決勝,10:50,10:45,7,https://keirin.kdreams.jp/tachikawa/racedetail/2820241222020007/?pageType=odds,2026-10-05T05:33:37.777836+00:00,1-5/2-7/3-4/6,published,アオケイ,楽天Kドリームス 並び予想
4220241223020001,2024-12-24,名古屋競輪,F1,A1/A2,1,Ａ級一般,10:34,10:29,7,https://keirin.kdreams.jp/nagoya/racedetail/4220241223020001/?pageType=odds,2026-10-05T05:34:27.097815+00:00,5-4-3/7-1/2-6,published,中部競輪,楽天Kドリームス 並び予想
4220241223020002,2024-12-24,名古屋競輪,F1,A1/A2,2,Ａ級一般,11:02,10:57,7,https://keirin.kdreams.jp/nagoya/racedetail/4220241223020002/?pageType=odds,2026-10-05T05:34:29.007262+00:00,4-1/2-6/7-5-3,published,中部競輪,楽天Kドリームス 並び予想
4220241223020003,2024-12-24,名古屋競輪,F1,A1/A2,3,Ａ級準決勝,11:30,11:25,7,https://keirin.kdreams.jp/nagoya/racedetail/4220241223020003/?pageType=odds,2026-10-05T05:34:30.892803+00:00,3-4/5-6-1/7-2,published,中部競輪,楽天Kドリームス 並び予想
4220241223020004,2024-12-24,名古屋競輪,F1,A1/A2,4,Ａ級準決勝,12:00,11:55,7,https://keirin.kdreams.jp/nagoya/racedetail/4220241223020004/?pageType=odds,2026-10-05T05:34:32.877111+00:00,7-1-5/6-2/4-3,published,中部競輪,楽天Kドリームス 並び予想
4220241223020005,2024-12-24,名古屋競輪,F1,A1/A2,5,Ａ級準決勝,12:30,12:25,7,https://keirin.kdreams.jp/nagoya/racedetail/4220241223020005/?pageType=odds,2026-10-05T05:34:34.619865+00:00,5-1/7-2/4/6-3,published,中部競輪,楽天Kドリームス 並び予想
3420241222030001,2024-12-24,川崎競輪,F1,A1/A2,1,Ａ級一般,15:37,15:32,6,https://keirin.kdreams.jp/kawasaki/racedetail/3420241222030001/?pageType=odds,2026-10-05T05:33:05.939670+00:00,5-1/6-2/3-4,published,小田競・サイクル,楽天Kドリームス 並び予想
3420241222030002,2024-12-24,川崎競輪,F1,A1/A2,2,Ａ級一般,16:10,16:05,6,https://keirin.kdreams.jp/kawasaki/racedetail/3420241222030002/?pageType=odds,2026-10-05T05:33:07.536346+00:00,4-2/1/5-3-6,published,小田競・サイクル,楽天Kドリームス 並び予想
3420241222030003,2024-12-24,川崎競輪,F1,A1/A2,3,Ａ級特選,16:40,16:35,7,https://keirin.kdreams.jp/kawasaki/racedetail/3420241222030003/?pageType=odds,2026-10-05T05:33:09.308344+00:00,5-3-6/4/7-2/1,published,小田競・サイクル,楽天Kドリームス 並び予想
3420241222030004,2024-12-24,川崎競輪,F1,A1/A2,4,Ａ級特選,17:03,16:58,7,https://keirin.kdreams.jp/kawasaki/racedetail/3420241222030004/?pageType=odds,2026-10-05T05:33:11.157248+00:00,7-2/3/5-4-1/6,published,小田競・サイクル,楽天Kドリームス 並び予想
3420241222030011,2024-12-24,川崎競輪,F1,A1/A2,11,Ａ級決勝,20:02,19:57,7,https://keirin.kdreams.jp/kawasaki/racedetail/3420241222030011/?pageType=odds,2026-10-05T05:33:13.135529+00:00,7-2/6-1/3-5/4,published,小田競・サイクル,楽天Kドリームス 並び予想
3120241224010001,2024-12-24,松戸競輪,F2,A1/A2,1,Ａ級予選,20:50,20:45,6,https://keirin.kdreams.jp/matsudo/racedetail/3120241224010001/?pageType=odds,2026-10-05T05:34:45.411813+00:00,1-4/6-2/5-3,published,アオケイ,楽天Kドリームス 並び予想
3120241224010002,2024-12-24,松戸競輪,F2,A1/A2,2,Ａ級予選,21:14,21:09,7,https://keirin.kdreams.jp/matsudo/racedetail/3120241224010002/?pageType=odds,2026-10-05T05:34:47.219066+00:00,5-1-4/3-2/6-7,published,アオケイ,楽天Kドリームス 並び予想
3120241224010003,2024-12-24,松戸競輪,F2,A1/A2,3,Ａ級予選,21:38,21:33,7,https://keirin.kdreams.jp/matsudo/racedetail/3120241224010003/?pageType=odds,2026-10-05T05:34:48.973079+00:00,2-1-7/3-5/6-4,published,アオケイ,楽天Kドリームス 並び予想
3120241224010004,2024-12-24,松戸競輪,F2,A1/A2,4,Ａ級予選,22:02,21:57,7,https://keirin.kdreams.jp/matsudo/racedetail/3120241224010004/?pageType=odds,2026-10-05T05:34:50.661129+00:00,5-4/1-2/7/3-6,published,アオケイ,楽天Kドリームス 並び予想
3120241224010005,2024-12-24,松戸競輪,F2,A1/A2,5,Ａ級予選,22:26,22:21,7,https://keirin.kdreams.jp/matsudo/racedetail/3120241224010005/?pageType=odds,2026-10-05T05:34:52.320838+00:00,2-1-4/5-3/7-6,published,アオケイ,楽天Kドリームス 並び予想
3120241224010006,2024-12-24,松戸競輪,F2,A1/A2,6,Ａ級予選,22:50,22:45,7,https://keirin.kdreams.jp/matsudo/racedetail/3120241224010006/?pageType=odds,2026-10-05T05:34:53.996568+00:00,1-2-6/5/7/3-4,published,アオケイ,楽天Kドリームス 並び予想
3120241224010007,2024-12-24,松戸競輪,F2,A1/A2,7,Ａ級初日特選,23:14,23:09,7,https://keirin.kdreams.jp/matsudo/racedetail/3120241224010007/?pageType=odds,2026-10-05T05:34:55.743753+00:00,1-7/2-3-6/4/5,published,アオケイ,楽天Kドリームス 並び予想
8720241223020001,2024-12-24,熊本競輪,F1,A1/A2,1,Ａ級一般,10:40,10:35,7,https://keirin.kdreams.jp/kumamoto/racedetail/8720241223020001/?pageType=odds,2026-10-05T05:34:00.214498+00:00,4-1-7/3-2-5/6,published,コンドル出版社,楽天Kドリームス 並び予想
8720241223020002,2024-12-24,熊本競輪,F1,A1/A2,2,Ａ級一般,11:08,11:03,7,https://keirin.kdreams.jp/kumamoto/racedetail/8720241223020002/?pageType=odds,2026-10-05T05:34:02.296517+00:00,4-3/7-1/5-2-6,published,コンドル出版社,楽天Kドリームス 並び予想
8720241223020003,2024-12-24,熊本競輪,F1,A1/A2,3,Ａ級準決勝,11:36,11:31,7,https://keirin.kdreams.jp/kumamoto/racedetail/8720241223020003/?pageType=odds,2026-10-05T05:34:04.040226+00:00,4-1-7/2-5-3-6,published,コンドル出版社,楽天Kドリームス 並び予想
8720241223020004,2024-12-24,熊本競輪,F1,A1/A2,4,Ａ級準決勝,12:06,12:01,7,https://keirin.kdreams.jp/kumamoto/racedetail/8720241223020004/?pageType=odds,2026-10-05T05:34:05.835692+00:00,7-2-5/3/4-1-6,published,コンドル出版社,楽天Kドリームス 並び予想
8720241223020005,2024-12-24,熊本競輪,F1,A1/A2,5,Ａ級準決勝,12:36,12:31,7,https://keirin.kdreams.jp/kumamoto/racedetail/8720241223020005/?pageType=odds,2026-10-05T05:34:07.511711+00:00,5-3-1-6/2-7-4,published,コンドル出版社,楽天Kドリームス 並び予想
2820241222030001,2024-12-24,立川競輪,F2,A1/A2,1,Ａ級一般,08:50,08:45,6,https://keirin.kdreams.jp/tachikawa/racedetail/2820241222030001/?pageType=odds,2026-10-05T05:33:39.333208+00:00,5-1-4-2/3/6,published,アオケイ,楽天Kドリームス 並び予想
2820241222030002,2024-12-24,立川競輪,F2,A1/A2,2,Ａ級一般,09:10,09:05,6,https://keirin.kdreams.jp/tachikawa/racedetail/2820241222030002/?pageType=odds,2026-10-05T05:33:41.016150+00:00,3-1-4/2-5-6,published,アオケイ,楽天Kドリームス 並び予想
2820241222030003,2024-12-24,立川競輪,F2,A1/A2,3,Ａ級一般,09:30,09:25,7,https://keirin.kdreams.jp/tachikawa/racedetail/2820241222030003/?pageType=odds,2026-10-05T05:33:42.903858+00:00,5-1-4/7-3-2/6,published,アオケイ,楽天Kドリームス 並び予想
2820241222030004,2024-12-24,立川競輪,F2,A1/A2,4,Ａ級特選,09:50,09:45,7,https://keirin.kdreams.jp/tachikawa/racedetail/2820241222030004/?pageType=odds,2026-10-05T05:33:44.579870+00:00,4-1-6/2-7/5-3,published,アオケイ,楽天Kドリームス 並び予想
2820241222030005,2024-12-24,立川競輪,F2,A1/A2,5,Ａ級特選,10:10,10:05,7,https://keirin.kdreams.jp/tachikawa/racedetail/2820241222030005/?pageType=odds,2026-10-05T05:33:46.277084+00:00,5-1/2-7-6/4-3,published,アオケイ,楽天Kドリームス 並び予想
2820241222030006,2024-12-24,立川競輪,F2,A1/A2,6,Ａ級特選,10:30,10:25,7,https://keirin.kdreams.jp/tachikawa/racedetail/2820241222030006/?pageType=odds,2026-10-05T05:33:47.918764+00:00,1-7/2-6/3-4/5,published,アオケイ,楽天Kドリームス 並び予想
2820241222030007,2024-12-24,立川競輪,F2,A1/A2,7,Ａ級決勝,10:50,10:45,7,https://keirin.kdreams.jp/tachikawa/racedetail/2820241222030007/?pageType=odds,2026-10-05T05:33:49.733943+00:00,1-4/6-2/7-3/5,published,アオケイ,楽天Kドリームス 並び予想
4220241223030001,2024-12-25,名古屋競輪,F1,A1/A2,1,Ａ級一般,10:34,10:29,5,https://keirin.kdreams.jp/nagoya/racedetail/4220241223030001/?pageType=odds,2026-10-05T05:34:36.322583+00:00,1-5/3/4-2,published,中部競輪,楽天Kドリームス 並び予想
4220241223030002,2024-12-25,名古屋競輪,F1,A1/A2,2,Ａ級一般,11:02,10:57,5,https://keirin.kdreams.jp/nagoya/racedetail/4220241223030002/?pageType=odds,2026-10-05T05:34:37.902823+00:00,3-1-4/5-2,published,中部競輪,楽天Kドリームス 並び予想
4220241223030003,2024-12-25,名古屋競輪,F1,A1/A2,3,Ａ級特選,11:30,11:25,7,https://keirin.kdreams.jp/nagoya/racedetail/4220241223030003/?pageType=odds,2026-10-05T05:34:39.645105+00:00,7-5-1/6-2/4-3,published,中部競輪,楽天Kドリームス 並び予想
4220241223030004,2024-12-25,名古屋競輪,F1,A1/A2,4,Ａ級特選,12:00,11:55,7,https://keirin.kdreams.jp/nagoya/racedetail/4220241223030004/?pageType=odds,2026-10-05T05:34:41.616050+00:00,1-7/2-6/4-3-5,published,中部競輪,楽天Kドリームス 並び予想
4220241223030011,2024-12-25,名古屋競輪,F1,A1/A2,11,Ａ級決勝,15:42,15:37,7,https://keirin.kdreams.jp/nagoya/racedetail/4220241223030011/?pageType=odds,2026-10-05T05:34:43.691913+00:00,5-1-7/2/6-3/4,published,中部競輪,楽天Kドリームス 並び予想
3120241224020001,2024-12-25,松戸競輪,F2,A1/A2,1,Ａ級一般,20:50,20:45,7,https://keirin.kdreams.jp/matsudo/racedetail/3120241224020001/?pageType=odds,2026-10-05T05:34:57.356873+00:00,1-2/3-6/4-5/7,published,アオケイ,楽天Kドリームス 並び予想
3120241224020002,2024-12-25,松戸競輪,F2,A1/A2,2,Ａ級一般,21:14,21:09,7,https://keirin.kdreams.jp/matsudo/racedetail/3120241224020002/?pageType=odds,2026-10-05T05:34:59.085547+00:00,1-4-3/5/6/2-7,published,アオケイ,楽天Kドリームス 並び予想
3120241224020003,2024-12-25,松戸競輪,F2,A1/A2,3,Ａ級選抜,21:38,21:33,7,https://keirin.kdreams.jp/matsudo/racedetail/3120241224020003/?pageType=odds,2026-10-05T05:35:00.725774+00:00,2-1-5/3/6-4/7,published,アオケイ,楽天Kドリームス 並び予想
3120241224020004,2024-12-25,松戸競輪,F2,A1/A2,4,Ａ級選抜,22:02,21:57,7,https://keirin.kdreams.jp/matsudo/racedetail/3120241224020004/?pageType=odds,2026-10-05T05:35:02.570810+00:00,1-2-7/4/5-6-3,published,アオケイ,楽天Kドリームス 並び予想
3120241224020005,2024-12-25,松戸競輪,F2,A1/A2,5,Ａ級準決勝,22:26,22:21,7,https://keirin.kdreams.jp/matsudo/racedetail/3120241224020005/?pageType=odds,2026-10-05T05:35:04.533837+00:00,5-1-6/2-4/3-7,published,アオケイ,楽天Kドリームス 並び予想
3120241224020006,2024-12-25,松戸競輪,F2,A1/A2,6,Ａ級準決勝,22:50,22:45,7,https://keirin.kdreams.jp/matsudo/racedetail/3120241224020006/?pageType=odds,2026-10-05T05:35:06.284287+00:00,1-3-4/5-6/2-7,published,アオケイ,楽天Kドリームス 並び予想
3120241224020007,2024-12-25,松戸競輪,F2,A1/A2,7,Ａ級準決勝,23:14,23:09,7,https://keirin.kdreams.jp/matsudo/racedetail/3120241224020007/?pageType=odds,2026-10-05T05:35:08.030721+00:00,1-2-4/6-3/7-5,published,アオケイ,楽天Kドリームス 並び予想
8720241223030001,2024-12-25,熊本競輪,F1,A1/A2,1,Ａ級一般,10:40,10:35,7,https://keirin.kdreams.jp/kumamoto/racedetail/8720241223030001/?pageType=odds,2026-10-05T05:34:09.165188+00:00,1-6/5-2/4-7-3,published,コンドル出版社,楽天Kドリームス 並び予想
8720241223030002,2024-12-25,熊本競輪,F1,A1/A2,2,Ａ級一般,11:08,11:03,7,https://keirin.kdreams.jp/kumamoto/racedetail/8720241223030002/?pageType=odds,2026-10-05T05:34:10.944479+00:00,7-2-4/5/1/6-3,published,コンドル出版社,楽天Kドリームス 並び予想
8720241223030003,2024-12-25,熊本競輪,F1,A1/A2,3,Ａ級特選,11:36,11:31,7,https://keirin.kdreams.jp/kumamoto/racedetail/8720241223030003/?pageType=odds,2026-10-05T05:34:12.617710+00:00,7-5-2-6/4/1/3,published,コンドル出版社,楽天Kドリームス 並び予想
8720241223030004,2024-12-25,熊本競輪,F1,A1/A2,4,Ａ級特選,12:06,12:01,7,https://keirin.kdreams.jp/kumamoto/racedetail/8720241223030004/?pageType=odds,2026-10-05T05:34:14.256532+00:00,2-6/3/4-1-7-5,published,コンドル出版社,楽天Kドリームス 並び予想
8720241223030011,2024-12-25,熊本競輪,F1,A1/A2,11,Ａ級決勝,15:50,15:45,7,https://keirin.kdreams.jp/kumamoto/racedetail/8720241223030011/?pageType=odds,2026-10-05T05:34:16.125902+00:00,7-1-4/2-6/5-3,published,コンドル出版社,楽天Kドリームス 並び予想
2620241225010001,2024-12-25,西武園競輪,F1,A1/A2,1,Ａ級予選,15:06,15:01,7,https://keirin.kdreams.jp/seibuen/racedetail/2620241225010001/?pageType=odds,2026-10-05T05:35:49.725778+00:00,1-5/2-7/4-3-6,published,アオケイ,楽天Kドリームス 並び予想
2620241225010002,2024-12-25,西武園競輪,F1,A1/A2,2,Ａ級予選,15:32,15:27,7,https://keirin.kdreams.jp/seibuen/racedetail/2620241225010002/?pageType=odds,2026-10-05T05:35:51.317546+00:00,4-1-6/7-2/5-3,published,アオケイ,楽天Kドリームス 並び予想
2620241225010003,2024-12-25,西武園競輪,F1,A1/A2,3,Ａ級予選,15:58,15:53,7,https://keirin.kdreams.jp/seibuen/racedetail/2620241225010003/?pageType=odds,2026-10-05T05:35:53.239229+00:00,2-6/5-1/7-3-4,published,アオケイ,楽天Kドリームス 並び予想
2620241225010004,2024-12-25,西武園競輪,F1,A1/A2,4,Ａ級予選,16:24,16:19,7,https://keirin.kdreams.jp/seibuen/racedetail/2620241225010004/?pageType=odds,2026-10-05T05:35:54.983278+00:00,4-7-2/6-1/5-3,published,アオケイ,楽天Kドリームス 並び予想
2620241225010005,2024-12-25,西武園競輪,F1,A1/A2,5,Ａ級初日特選,16:50,16:45,7,https://keirin.kdreams.jp/seibuen/racedetail/2620241225010005/?pageType=odds,2026-10-05T05:35:56.684339+00:00,6-4-1/3/7-5-2,published,アオケイ,楽天Kドリームス 並び予想
7420241225010001,2024-12-25,高知競輪,F1,A1/A2,1,Ａ級予選,10:53,10:48,7,https://keirin.kdreams.jp/kochi/racedetail/7420241225010001/?pageType=odds,2026-10-05T05:35:22.467562+00:00,4-1-6/3-5-2-7,published,福ちゃん出版社,楽天Kドリームス 並び予想
7420241225010002,2024-12-25,高知競輪,F1,A1/A2,2,Ａ級予選,11:21,11:16,7,https://keirin.kdreams.jp/kochi/racedetail/7420241225010002/?pageType=odds,2026-10-05T05:35:24.313701+00:00,1-4-6/3-5-7-2,published,福ちゃん出版社,楽天Kドリームス 並び予想
7420241225010003,2024-12-25,高知競輪,F1,A1/A2,3,Ａ級予選,11:50,11:45,7,https://keirin.kdreams.jp/kochi/racedetail/7420241225010003/?pageType=odds,2026-10-05T05:35:26.033686+00:00,1-3-7-6/4-2-5,published,福ちゃん出版社,楽天Kドリームス 並び予想
7420241225010004,2024-12-25,高知競輪,F1,A1/A2,4,Ａ級予選,12:19,12:14,7,https://keirin.kdreams.jp/kochi/racedetail/7420241225010004/?pageType=odds,2026-10-05T05:35:28.069324+00:00,4-1-6/7-2/3-5,published,福ちゃん出版社,楽天Kドリームス 並び予想
7420241225010005,2024-12-25,高知競輪,F1,A1/A2,5,Ａ級初日特選,12:49,12:44,7,https://keirin.kdreams.jp/kochi/racedetail/7420241225010005/?pageType=odds,2026-10-05T05:35:29.815254+00:00,1-5/4-2/6/7-3,published,福ちゃん出版社,楽天Kドリームス 並び予想
3120241224030001,2024-12-26,松戸競輪,F2,A1/A2,1,Ａ級一般,20:50,20:45,7,https://keirin.kdreams.jp/matsudo/racedetail/3120241224030001/?pageType=odds,2026-10-05T05:35:09.803221+00:00,,parse_failure,,
3120241224030002,2024-12-26,松戸競輪,F2,A1/A2,2,Ａ級一般,21:14,21:09,7,https://keirin.kdreams.jp/matsudo/racedetail/3120241224030002/?pageType=odds,2026-10-05T05:35:11.645281+00:00,1-3/6-2/4-7/5,published,アオケイ,楽天Kドリームス 並び予想
3120241224030003,2024-12-26,松戸競輪,F2,A1/A2,3,Ａ級一般,21:38,21:33,7,https://keirin.kdreams.jp/matsudo/racedetail/3120241224030003/?pageType=odds,2026-10-05T05:35:13.405424+00:00,3-1/2-6-5/4-7,published,アオケイ,楽天Kドリームス 並び予想
3120241224030004,2024-12-26,松戸競輪,F2,A1/A2,4,Ａ級特選,22:02,21:57,7,https://keirin.kdreams.jp/matsudo/racedetail/3120241224030004/?pageType=odds,2026-10-05T05:35:15.202762+00:00,1-7/4-2/6-3-5,published,アオケイ,楽天Kドリームス 並び予想
3120241224030005,2024-12-26,松戸競輪,F2,A1/A2,5,Ａ級特選,22:26,22:21,7,https://keirin.kdreams.jp/matsudo/racedetail/3120241224030005/?pageType=odds,2026-10-05T05:35:17.167236+00:00,1-2/4-3/5/6-7,published,アオケイ,楽天Kドリームス 並び予想
3120241224030006,2024-12-26,松戸競輪,F2,A1/A2,6,Ａ級特選,22:50,22:45,7,https://keirin.kdreams.jp/matsudo/racedetail/3120241224030006/?pageType=odds,2026-10-05T05:35:18.850259+00:00,1-2/3-5-7/6-4,published,アオケイ,楽天Kドリームス 並び予想
3120241224030007,2024-12-26,松戸競輪,F2,A1/A2,7,Ａ級決勝,23:14,23:09,7,https://keirin.kdreams.jp/matsudo/racedetail/3120241224030007/?pageType=odds,2026-10-05T05:35:20.642616+00:00,1-6/4/2-3-7-5,published,アオケイ,楽天Kドリームス 並び予想
2620241225020001,2024-12-26,西武園競輪,F1,A1/A2,1,Ａ級一般,15:06,15:01,7,https://keirin.kdreams.jp/seibuen/racedetail/2620241225020001/?pageType=odds,2026-10-05T05:35:58.365715+00:00,6-4-1/2-5/3-7,published,アオケイ,楽天Kドリームス 並び予想
2620241225020002,2024-12-26,西武園競輪,F1,A1/A2,2,Ａ級一般,15:32,15:27,7,https://keirin.kdreams.jp/seibuen/racedetail/2620241225020002/?pageType=odds,2026-10-05T05:36:00.017073+00:00,6-1/7-2/3/5-4,published,アオケイ,楽天Kドリームス 並び予想
2620241225020003,2024-12-26,西武園競輪,F1,A1/A2,3,Ａ級準決勝,15:58,15:53,7,https://keirin.kdreams.jp/seibuen/racedetail/2620241225020003/?pageType=odds,2026-10-05T05:36:01.853343+00:00,3-5/7-1-4/2-6,published,アオケイ,楽天Kドリームス 並び予想
2620241225020004,2024-12-26,西武園競輪,F1,A1/A2,4,Ａ級準決勝,16:24,16:19,7,https://keirin.kdreams.jp/seibuen/racedetail/2620241225020004/?pageType=odds,2026-10-05T05:36:03.649183+00:00,7-3/4-2-6/5-1,published,アオケイ,楽天Kドリームス 並び予想
2620241225020005,2024-12-26,西武園競輪,F1,A1/A2,5,Ａ級準決勝,16:50,16:45,7,https://keirin.kdreams.jp/seibuen/racedetail/2620241225020005/?pageType=odds,2026-10-05T05:36:05.337323+00:00,1-4-7-6/3/5-2,published,アオケイ,楽天Kドリームス 並び予想
7420241225020001,2024-12-26,高知競輪,F1,A1/A2,1,Ａ級一般,10:53,10:48,7,https://keirin.kdreams.jp/kochi/racedetail/7420241225020001/?pageType=odds,2026-10-05T05:35:31.566432+00:00,2-7-3-5/1-6/4,published,福ちゃん出版社,楽天Kドリームス 並び予想
7420241225020002,2024-12-26,高知競輪,F1,A1/A2,2,Ａ級一般,11:21,11:16,7,https://keirin.kdreams.jp/kochi/racedetail/7420241225020002/?pageType=odds,2026-10-05T05:35:33.398414+00:00,1-5-7/2/4-3/6,published,福ちゃん出版社,楽天Kドリームス 並び予想
7420241225020003,2024-12-26,高知競輪,F1,A1/A2,3,Ａ級準決勝,11:50,11:45,7,https://keirin.kdreams.jp/kochi/racedetail/7420241225020003/?pageType=odds,2026-10-05T05:35:35.120932+00:00,1-4/2-6/5/7-3,published,福ちゃん出版社,楽天Kドリームス 並び予想
7420241225020004,2024-12-26,高知競輪,F1,A1/A2,4,Ａ級準決勝,12:19,12:14,7,https://keirin.kdreams.jp/kochi/racedetail/7420241225020004/?pageType=odds,2026-10-05T05:35:36.912768+00:00,7-1-4/2-6/5-3,published,福ちゃん出版社,楽天Kドリームス 並び予想
7420241225020005,2024-12-26,高知競輪,F1,A1/A2,5,Ａ級準決勝,12:49,12:44,7,https://keirin.kdreams.jp/kochi/racedetail/7420241225020005/?pageType=odds,2026-10-05T05:35:38.655620+00:00,1-5-6/7-2/3-4,published,福ちゃん出版社,楽天Kドリームス 並び予想
8320241227010003,2024-12-27,久留米競輪,F2,A1/A2,3,Ａ級予選,21:30,21:25,7,https://keirin.kdreams.jp/kurume/racedetail/8320241227010003/?pageType=odds,2026-10-05T05:37:10.051617+00:00,1-2-5-6/3-4-7,published,コンドル出版社,楽天Kドリームス 並び予想
8320241227010004,2024-12-27,久留米競輪,F2,A1/A2,4,Ａ級予選,21:50,21:45,7,https://keirin.kdreams.jp/kurume/racedetail/8320241227010004/?pageType=odds,2026-10-05T05:37:11.836909+00:00,3-1/2-4/6-5/7,published,コンドル出版社,楽天Kドリームス 並び予想
8320241227010005,2024-12-27,久留米競輪,F2,A1/A2,5,Ａ級予選,22:10,22:05,7,https://keirin.kdreams.jp/kurume/racedetail/8320241227010005/?pageType=odds,2026-10-05T05:37:13.678964+00:00,1-2-6/7-3/4-5,published,コンドル出版社,楽天Kドリームス 並び予想
8320241227010006,2024-12-27,久留米競輪,F2,A1/A2,6,Ａ級予選,22:30,22:25,7,https://keirin.kdreams.jp/kurume/racedetail/8320241227010006/?pageType=odds,2026-10-05T05:37:15.397744+00:00,1-3-4-7-6/5-2,published,コンドル出版社,楽天Kドリームス 並び予想
8320241227010007,2024-12-27,久留米競輪,F2,A1/A2,7,Ａ級予選,22:50,22:45,7,https://keirin.kdreams.jp/kurume/racedetail/8320241227010007/?pageType=odds,2026-10-05T05:37:17.211855+00:00,2-1-4/3-5/6-7,published,コンドル出版社,楽天Kドリームス 並び予想
8320241227010008,2024-12-27,久留米競輪,F2,A1/A2,8,Ａ級予選,23:10,23:05,7,https://keirin.kdreams.jp/kurume/racedetail/8320241227010008/?pageType=odds,2026-10-05T05:37:19.378157+00:00,1-2-6/3-5/7-4,published,コンドル出版社,楽天Kドリームス 並び予想
8320241227010009,2024-12-27,久留米競輪,F2,A1/A2,9,Ａ級初日特選,23:30,23:25,7,https://keirin.kdreams.jp/kurume/racedetail/8320241227010009/?pageType=odds,2026-10-05T05:37:21.019239+00:00,1-5/2/7/6-4-3,published,コンドル出版社,楽天Kドリームス 並び予想
2320241227010006,2024-12-27,取手競輪,F2,A1/A2,6,Ａ級予選,10:40,10:35,7,https://keirin.kdreams.jp/toride/racedetail/2320241227010006/?pageType=odds,2026-10-05T05:38:13.899029+00:00,5-1-3/6/2-7-4,published,アオケイ,楽天Kドリームス 並び予想
2320241227010007,2024-12-27,取手競輪,F2,A1/A2,7,Ａ級予選,11:00,10:55,7,https://keirin.kdreams.jp/toride/racedetail/2320241227010007/?pageType=odds,2026-10-05T05:38:15.596997+00:00,1-7-4/2-6/5-3,published,アオケイ,楽天Kドリームス 並び予想
2320241227010008,2024-12-27,取手競輪,F2,A1/A2,8,Ａ級予選,11:27,11:22,7,https://keirin.kdreams.jp/toride/racedetail/2320241227010008/?pageType=odds,2026-10-05T05:38:17.351494+00:00,3-4-7/1/5-2-6,published,アオケイ,楽天Kドリームス 並び予想
2320241227010009,2024-12-27,取手競輪,F2,A1/A2,9,Ａ級予選,11:55,11:50,7,https://keirin.kdreams.jp/toride/racedetail/2320241227010009/?pageType=odds,2026-10-05T05:38:19.476811+00:00,1-6/7-2-4/3-5,published,アオケイ,楽天Kドリームス 並び予想
2320241227010010,2024-12-27,取手競輪,F2,A1/A2,10,Ａ級予選,12:25,12:20,7,https://keirin.kdreams.jp/toride/racedetail/2320241227010010/?pageType=odds,2026-10-05T05:38:21.183765+00:00,1-4/2-5-6/3-7,published,アオケイ,楽天Kドリームス 並び予想
2320241227010011,2024-12-27,取手競輪,F2,A1/A2,11,Ａ級予選,12:55,12:50,7,https://keirin.kdreams.jp/toride/racedetail/2320241227010011/?pageType=odds,2026-10-05T05:38:22.833225+00:00,1-5/7-2/3-4-6,published,アオケイ,楽天Kドリームス 並び予想
2320241227010012,2024-12-27,取手競輪,F2,A1/A2,12,Ａ級初日特選,13:27,13:22,7,https://keirin.kdreams.jp/toride/racedetail/2320241227010012/?pageType=odds,2026-10-05T05:38:24.627278+00:00,5-1/7-3/4-6-2,published,アオケイ,楽天Kドリームス 並び予想
5320241227010005,2024-12-27,奈良競輪,F2,A1/A2,5,Ａ級特予選,22:00,21:55,7,https://keirin.kdreams.jp/nara/racedetail/5320241227010005/?pageType=odds,2026-10-05T05:37:47.594657+00:00,1-2-5/4-3-6/7,published,競輪研究,楽天Kドリームス 並び予想
5320241227010006,2024-12-27,奈良競輪,F2,A1/A2,6,Ａ級特予選,22:20,22:15,7,https://keirin.kdreams.jp/nara/racedetail/5320241227010006/?pageType=odds,2026-10-05T05:37:49.395068+00:00,1-2-7/4/6-3-5,published,競輪研究,楽天Kドリームス 並び予想
5320241227010007,2024-12-27,奈良競輪,F2,A1/A2,7,Ａ級特予選,22:40,22:35,7,https://keirin.kdreams.jp/nara/racedetail/5320241227010007/?pageType=odds,2026-10-05T05:37:51.018552+00:00,1-3-6/2-7/4/5,published,競輪研究,楽天Kドリームス 並び予想
5320241227010008,2024-12-27,奈良競輪,F2,A1/A2,8,Ａ級特予選,23:00,22:55,7,https://keirin.kdreams.jp/nara/racedetail/5320241227010008/?pageType=odds,2026-10-05T05:37:52.799622+00:00,1-4/2-5-7/3-6,published,競輪研究,楽天Kドリームス 並び予想
5320241227010009,2024-12-27,奈良競輪,F2,A1/A2,9,Ａ級初日特選,23:20,23:15,7,https://keirin.kdreams.jp/nara/racedetail/5320241227010009/?pageType=odds,2026-10-05T05:37:54.412174+00:00,1-2/3/4/7-5-6,published,競輪研究,楽天Kドリームス 並び予想
8120241227010008,2024-12-27,小倉競輪,F2,A1/A2,8,Ａ級特予選,18:05,18:00,7,https://keirin.kdreams.jp/kokura/racedetail/8120241227010008/?pageType=odds,2026-10-05T05:36:42.845800+00:00,5-1-3/2-7-4/6,published,コンドル出版社,楽天Kドリームス 並び予想
8120241227010009,2024-12-27,小倉競輪,F2,A1/A2,9,Ａ級特予選,18:35,18:30,7,https://keirin.kdreams.jp/kokura/racedetail/8120241227010009/?pageType=odds,2026-10-05T05:36:44.650548+00:00,3-7/1-5/4-2-6,published,コンドル出版社,楽天Kドリームス 並び予想
8120241227010010,2024-12-27,小倉競輪,F2,A1/A2,10,Ａ級特予選,19:06,19:01,7,https://keirin.kdreams.jp/kokura/racedetail/8120241227010010/?pageType=odds,2026-10-05T05:36:46.403818+00:00,7-1-6/2-5/3-4,published,コンドル出版社,楽天Kドリームス 並び予想
8120241227010011,2024-12-27,小倉競輪,F2,A1/A2,11,Ａ級特予選,19:40,19:35,7,https://keirin.kdreams.jp/kokura/racedetail/8120241227010011/?pageType=odds,2026-10-05T05:36:48.321497+00:00,5-1-7/2-6/3-4,published,コンドル出版社,楽天Kドリームス 並び予想
8120241227010012,2024-12-27,小倉競輪,F2,A1/A2,12,Ａ級初日特選,20:20,20:15,7,https://keirin.kdreams.jp/kokura/racedetail/8120241227010012/?pageType=odds,2026-10-05T05:36:50.077826+00:00,5-3-4/7-1-2/6,published,コンドル出版社,楽天Kドリームス 並び予想
4320241227010008,2024-12-27,岐阜競輪,F2,A1/A2,8,Ａ級特予選,13:58,13:53,7,https://keirin.kdreams.jp/gifu/racedetail/4320241227010008/?pageType=odds,2026-10-05T05:36:15.988576+00:00,2-6-5-1/4-3-7,published,中部競輪・ひかり,楽天Kドリームス 並び予想
4320241227010009,2024-12-27,岐阜競輪,F2,A1/A2,9,Ａ級特予選,14:30,14:25,7,https://keirin.kdreams.jp/gifu/racedetail/4320241227010009/?pageType=odds,2026-10-05T05:36:17.711617+00:00,5-1-3/4-2-7/6,published,中部競輪・ひかり,楽天Kドリームス 並び予想
4320241227010010,2024-12-27,岐阜競輪,F2,A1/A2,10,Ａ級特予選,15:02,14:57,7,https://keirin.kdreams.jp/gifu/racedetail/4320241227010010/?pageType=odds,2026-10-05T05:36:19.437352+00:00,1-7/2-4-6/5-3,published,中部競輪・ひかり,楽天Kドリームス 並び予想
4320241227010011,2024-12-27,岐阜競輪,F2,A1/A2,11,Ａ級特予選,15:40,15:35,7,https://keirin.kdreams.jp/gifu/racedetail/4320241227010011/?pageType=odds,2026-10-05T05:36:21.179965+00:00,7-1-6/2/3-4/5,published,中部競輪・ひかり,楽天Kドリームス 並び予想
4320241227010012,2024-12-27,岐阜競輪,F2,A1/A2,12,Ａ級初日特選,16:20,16:15,7,https://keirin.kdreams.jp/gifu/racedetail/4320241227010012/?pageType=odds,2026-10-05T05:36:22.951111+00:00,3-5-1/7-2-4/6,published,中部競輪・ひかり,楽天Kドリームス 並び予想
2620241225030001,2024-12-27,西武園競輪,F1,A1/A2,1,Ａ級一般,15:06,15:01,7,https://keirin.kdreams.jp/seibuen/racedetail/2620241225030001/?pageType=odds,2026-10-05T05:36:07.178245+00:00,1-7-3-2/4/5-6,published,アオケイ,楽天Kドリームス 並び予想
2620241225030002,2024-12-27,西武園競輪,F1,A1/A2,2,Ａ級一般,15:32,15:27,7,https://keirin.kdreams.jp/seibuen/racedetail/2620241225030002/?pageType=odds,2026-10-05T05:36:08.963788+00:00,6-1-5/3/7-2/4,published,アオケイ,楽天Kドリームス 並び予想
2620241225030003,2024-12-27,西武園競輪,F1,A1/A2,3,Ａ級特選,15:58,15:53,7,https://keirin.kdreams.jp/seibuen/racedetail/2620241225030003/?pageType=odds,2026-10-05T05:36:10.751308+00:00,1-5/2-4-6/3/7,published,アオケイ,楽天Kドリームス 並び予想
2620241225030004,2024-12-27,西武園競輪,F1,A1/A2,4,Ａ級特選,16:24,16:19,7,https://keirin.kdreams.jp/seibuen/racedetail/2620241225030004/?pageType=odds,2026-10-05T05:36:12.471989+00:00,1-4/2-5-7/6-3,published,アオケイ,楽天Kドリームス 並び予想
2620241225030011,2024-12-27,西武園競輪,F1,A1/A2,11,Ａ級決勝,19:50,19:45,7,https://keirin.kdreams.jp/seibuen/racedetail/2620241225030011/?pageType=odds,2026-10-05T05:36:14.277074+00:00,3-4/1-5/6-2-7,published,アオケイ,楽天Kドリームス 並び予想
7420241225030001,2024-12-27,高知競輪,F1,A1/A2,1,Ａ級一般,10:53,10:48,7,https://keirin.kdreams.jp/kochi/racedetail/7420241225030001/?pageType=odds,2026-10-05T05:35:40.422077+00:00,2-4-1-6/3/5-7,published,福ちゃん出版社,楽天Kドリームス 並び予想
7420241225030002,2024-12-27,高知競輪,F1,A1/A2,2,Ａ級一般,11:21,11:16,7,https://keirin.kdreams.jp/kochi/racedetail/7420241225030002/?pageType=odds,2026-10-05T05:35:42.317264+00:00,7-1-5-3-2/4/6,published,福ちゃん出版社,楽天Kドリームス 並び予想
7420241225030003,2024-12-27,高知競輪,F1,A1/A2,3,Ａ級特選,11:50,11:45,7,https://keirin.kdreams.jp/kochi/racedetail/7420241225030003/?pageType=odds,2026-10-05T05:35:44.386315+00:00,3-1-6/4-2-7-5,published,福ちゃん出版社,楽天Kドリームス 並び予想
7420241225030004,2024-12-27,高知競輪,F1,A1/A2,4,Ａ級特選,12:19,12:14,7,https://keirin.kdreams.jp/kochi/racedetail/7420241225030004/?pageType=odds,2026-10-05T05:35:46.141241+00:00,5-1/2-7/6-4-3,published,福ちゃん出版社,楽天Kドリームス 並び予想
7420241225030011,2024-12-27,高知競輪,F1,A1/A2,11,Ａ級決勝,16:00,15:55,7,https://keirin.kdreams.jp/kochi/racedetail/7420241225030011/?pageType=odds,2026-10-05T05:35:47.994221+00:00,6-4-1/2/3-7-5,published,福ちゃん出版社,楽天Kドリームス 並び予想
8320241227020003,2024-12-28,久留米競輪,F2,A1/A2,3,Ａ級一般,21:30,21:25,7,https://keirin.kdreams.jp/kurume/racedetail/8320241227020003/?pageType=odds,2026-10-05T05:37:22.879470+00:00,1-2/6-5-3/7-4,published,コンドル出版社,楽天Kドリームス 並び予想
8320241227020004,2024-12-28,久留米競輪,F2,A1/A2,4,Ａ級一般,21:50,21:45,7,https://keirin.kdreams.jp/kurume/racedetail/8320241227020004/?pageType=odds,2026-10-05T05:37:24.688252+00:00,4-1-5/2-3-7-6,published,コンドル出版社,楽天Kドリームス 並び予想
8320241227020005,2024-12-28,久留米競輪,F2,A1/A2,5,Ａ級選抜,22:10,22:05,7,https://keirin.kdreams.jp/kurume/racedetail/8320241227020005/?pageType=odds,2026-10-05T05:37:26.378664+00:00,1-6-2/3-4/7-5,published,コンドル出版社,楽天Kドリームス 並び予想
8320241227020006,2024-12-28,久留米競輪,F2,A1/A2,6,Ａ級選抜,22:30,22:25,7,https://keirin.kdreams.jp/kurume/racedetail/8320241227020006/?pageType=odds,2026-10-05T05:37:28.063247+00:00,1-2-7/5-3/4-6,published,コンドル出版社,楽天Kドリームス 並び予想
8320241227020007,2024-12-28,久留米競輪,F2,A1/A2,7,Ａ級準決勝,22:50,22:45,7,https://keirin.kdreams.jp/kurume/racedetail/8320241227020007/?pageType=odds,2026-10-05T05:37:29.379263+00:00,1-3/7-2/5/4-6,published,コンドル出版社,楽天Kドリームス 並び予想
8320241227020008,2024-12-28,久留米競輪,F2,A1/A2,8,Ａ級準決勝,23:10,23:05,7,https://keirin.kdreams.jp/kurume/racedetail/8320241227020008/?pageType=odds,2026-10-05T05:37:31.223126+00:00,4-1/2-3-7/6-5,published,コンドル出版社,楽天Kドリームス 並び予想
8320241227020009,2024-12-28,久留米競輪,F2,A1/A2,9,Ａ級準決勝,23:30,23:25,7,https://keirin.kdreams.jp/kurume/racedetail/8320241227020009/?pageType=odds,2026-10-05T05:37:33.023067+00:00,3-1-6/4-2/7-5,published,コンドル出版社,楽天Kドリームス 並び予想
2320241227020006,2024-12-28,取手競輪,F2,A1/A2,6,Ａ級一般,10:40,10:35,6,https://keirin.kdreams.jp/toride/racedetail/2320241227020006/?pageType=odds,2026-10-05T05:38:26.556892+00:00,1-3-5-6/4-2,published,アオケイ,楽天Kドリームス 並び予想
2320241227020007,2024-12-28,取手競輪,F2,A1/A2,7,Ａ級一般,11:00,10:55,7,https://keirin.kdreams.jp/toride/racedetail/2320241227020007/?pageType=odds,2026-10-05T05:38:28.437095+00:00,2-7-4/1/3/5/6,published,アオケイ,楽天Kドリームス 並び予想
2320241227020008,2024-12-28,取手競輪,F2,A1/A2,8,Ａ級選抜,11:27,11:22,7,https://keirin.kdreams.jp/toride/racedetail/2320241227020008/?pageType=odds,2026-10-05T05:38:30.340817+00:00,1-3-7/6/5-2-4,published,アオケイ,楽天Kドリームス 並び予想
2320241227020009,2024-12-28,取手競輪,F2,A1/A2,9,Ａ級選抜,11:55,11:50,7,https://keirin.kdreams.jp/toride/racedetail/2320241227020009/?pageType=odds,2026-10-05T05:38:32.313837+00:00,1-7/2-4/3-5-6,published,アオケイ,楽天Kドリームス 並び予想
2320241227020010,2024-12-28,取手競輪,F2,A1/A2,10,Ａ級準決勝,12:25,12:20,7,https://keirin.kdreams.jp/toride/racedetail/2320241227020010/?pageType=odds,2026-10-05T05:38:34.172497+00:00,5-1-4/6/7-2-3,published,アオケイ,楽天Kドリームス 並び予想
2320241227020011,2024-12-28,取手競輪,F2,A1/A2,11,Ａ級準決勝,12:55,12:50,7,https://keirin.kdreams.jp/toride/racedetail/2320241227020011/?pageType=odds,2026-10-05T05:38:35.898616+00:00,5-1/7-2-4/6-3,published,アオケイ,楽天Kドリームス 並び予想
2320241227020012,2024-12-28,取手競輪,F2,A1/A2,12,Ａ級準決勝,13:27,13:22,7,https://keirin.kdreams.jp/toride/racedetail/2320241227020012/?pageType=odds,2026-10-05T05:38:37.792815+00:00,4-1-2-6/3-7-5,published,アオケイ,楽天Kドリームス 並び予想
5320241227020005,2024-12-28,奈良競輪,F2,A1/A2,5,Ａ級特一般,22:00,21:55,7,https://keirin.kdreams.jp/nara/racedetail/5320241227020005/?pageType=odds,2026-10-05T05:37:56.104164+00:00,3-1-2/7-4-6-5,published,競輪研究,楽天Kドリームス 並び予想
5320241227020006,2024-12-28,奈良競輪,F2,A1/A2,6,Ａ級特一般,22:20,22:15,7,https://keirin.kdreams.jp/nara/racedetail/5320241227020006/?pageType=odds,2026-10-05T05:37:57.814553+00:00,1-5/2-4/3-6-7,published,競輪研究,楽天Kドリームス 並び予想
5320241227020007,2024-12-28,奈良競輪,F2,A1/A2,7,Ａ級準決勝,22:40,22:35,7,https://keirin.kdreams.jp/nara/racedetail/5320241227020007/?pageType=odds,2026-10-05T05:37:59.577659+00:00,4-1/7-2-5/6-3,published,競輪研究,楽天Kドリームス 並び予想
5320241227020008,2024-12-28,奈良競輪,F2,A1/A2,8,Ａ級準決勝,23:00,22:55,7,https://keirin.kdreams.jp/nara/racedetail/5320241227020008/?pageType=odds,2026-10-05T05:38:01.409525+00:00,1-6/5-2/4-3-7,published,競輪研究,楽天Kドリームス 並び予想
5320241227020009,2024-12-28,奈良競輪,F2,A1/A2,9,Ａ級準決勝,23:20,23:15,7,https://keirin.kdreams.jp/nara/racedetail/5320241227020009/?pageType=odds,2026-10-05T05:38:03.098368+00:00,1-2-6/4/3-7-5,published,競輪研究,楽天Kドリームス 並び予想
8120241227020008,2024-12-28,小倉競輪,F2,A1/A2,8,Ａ級特一般,18:37,18:32,7,https://keirin.kdreams.jp/kokura/racedetail/8120241227020008/?pageType=odds,2026-10-05T05:36:51.769093+00:00,1-7/4/2/5-3-6,published,コンドル出版社,楽天Kドリームス 並び予想
8120241227020009,2024-12-28,小倉競輪,F2,A1/A2,9,Ａ級特一般,19:01,18:56,7,https://keirin.kdreams.jp/kokura/racedetail/8120241227020009/?pageType=odds,2026-10-05T05:36:53.505262+00:00,1-5-7/2-4-6/3,published,コンドル出版社,楽天Kドリームス 並び予想
8120241227020010,2024-12-28,小倉競輪,F2,A1/A2,10,Ａ級準決勝,19:25,19:20,7,https://keirin.kdreams.jp/kokura/racedetail/8120241227020010/?pageType=odds,2026-10-05T05:36:55.222005+00:00,7-1/5-2/3-4/6,published,コンドル出版社,楽天Kドリームス 並び予想
8120241227020011,2024-12-28,小倉競輪,F2,A1/A2,11,Ａ級準決勝,19:49,19:44,7,https://keirin.kdreams.jp/kokura/racedetail/8120241227020011/?pageType=odds,2026-10-05T05:36:57.341279+00:00,1-4-6/2-5-7/3,published,コンドル出版社,楽天Kドリームス 並び予想
8120241227020012,2024-12-28,小倉競輪,F2,A1/A2,12,Ａ級準決勝,20:14,20:09,7,https://keirin.kdreams.jp/kokura/racedetail/8120241227020012/?pageType=odds,2026-10-05T05:36:59.053282+00:00,7-1-4/2-6/3-5,published,コンドル出版社,楽天Kドリームス 並び予想
4320241227020007,2024-12-28,岐阜競輪,F2,A1/A2,7,Ａ級特一般,13:58,13:53,7,https://keirin.kdreams.jp/gifu/racedetail/4320241227020007/?pageType=odds,2026-10-05T05:36:24.795569+00:00,1-4-7/2-6/3/5,published,中部競輪・ひかり,楽天Kドリームス 並び予想
4320241227020008,2024-12-28,岐阜競輪,F2,A1/A2,8,Ａ級特一般,14:30,14:25,7,https://keirin.kdreams.jp/gifu/racedetail/4320241227020008/?pageType=odds,2026-10-05T05:36:26.665830+00:00,1-4-7/2-5-3-6,published,中部競輪・ひかり,楽天Kドリームス 並び予想
4320241227020009,2024-12-28,岐阜競輪,F2,A1/A2,9,Ａ級準決勝,15:02,14:57,7,https://keirin.kdreams.jp/gifu/racedetail/4320241227020009/?pageType=odds,2026-10-05T05:36:28.408914+00:00,2-6-4/1/3-5/7,published,中部競輪・ひかり,楽天Kドリームス 並び予想
4320241227020010,2024-12-28,岐阜競輪,F2,A1/A2,10,Ａ級準決勝,15:40,15:35,7,https://keirin.kdreams.jp/gifu/racedetail/4320241227020010/?pageType=odds,2026-10-05T05:36:30.276539+00:00,5-1/2-7/4-3-6,published,中部競輪・ひかり,楽天Kドリームス 並び予想
4320241227020011,2024-12-28,岐阜競輪,F2,A1/A2,11,Ａ級準決勝,16:20,16:15,7,https://keirin.kdreams.jp/gifu/racedetail/4320241227020011/?pageType=odds,2026-10-05T05:36:32.334959+00:00,1-4-6/5-2/7-3,published,中部競輪・ひかり,楽天Kドリームス 並び予想
4720241228010001,2024-12-28,松阪競輪,F1,A1/A2,1,Ａ級予選,16:01,15:56,7,https://keirin.kdreams.jp/matsusaka/racedetail/4720241228010001/?pageType=odds,2026-10-05T05:38:51.853993+00:00,5-7-2/6-1/3-4,published,中部競輪,楽天Kドリームス 並び予想
4720241228010002,2024-12-28,松阪競輪,F1,A1/A2,2,Ａ級予選,16:25,16:20,7,https://keirin.kdreams.jp/matsusaka/racedetail/4720241228010002/?pageType=odds,2026-10-05T05:38:53.553626+00:00,3-1-5/7-2-4/6,published,中部競輪,楽天Kドリームス 並び予想
4720241228010003,2024-12-28,松阪競輪,F1,A1/A2,3,Ａ級予選,16:49,16:44,7,https://keirin.kdreams.jp/matsusaka/racedetail/4720241228010003/?pageType=odds,2026-10-05T05:38:55.375520+00:00,5-2/1-7/4/3-6,published,中部競輪,楽天Kドリームス 並び予想
4720241228010004,2024-12-28,松阪競輪,F1,A1/A2,4,Ａ級予選,17:13,17:08,7,https://keirin.kdreams.jp/matsusaka/racedetail/4720241228010004/?pageType=odds,2026-10-05T05:38:57.295985+00:00,7-3/1-5-4/2-6,published,中部競輪,楽天Kドリームス 並び予想
4720241228010005,2024-12-28,松阪競輪,F1,A1/A2,5,Ａ級初日特選,17:37,17:32,7,https://keirin.kdreams.jp/matsusaka/racedetail/4720241228010005/?pageType=odds,2026-10-05T05:38:59.075715+00:00,7-2-5/4-1/3/6,published,中部競輪,楽天Kドリームス 並び予想
2820241228010008,2024-12-28,立川競輪,F2,A1/A2,8,Ａ級特予選,13:42,13:37,7,https://keirin.kdreams.jp/tachikawa/racedetail/2820241228010008/?pageType=odds,2026-10-05T05:39:18.056100+00:00,5-1-6/2-4/7-3,published,アオケイ,楽天Kドリームス 並び予想
2820241228010009,2024-12-28,立川競輪,F2,A1/A2,9,Ａ級特予選,14:16,14:11,7,https://keirin.kdreams.jp/tachikawa/racedetail/2820241228010009/?pageType=odds,2026-10-05T05:39:19.763054+00:00,1-5/7-2/6-3-4,published,アオケイ,楽天Kドリームス 並び予想
2820241228010010,2024-12-28,立川競輪,F2,A1/A2,10,Ａ級特予選,14:50,14:45,7,https://keirin.kdreams.jp/tachikawa/racedetail/2820241228010010/?pageType=odds,2026-10-05T05:39:21.640339+00:00,5-3/4-1/7-2-6,published,アオケイ,楽天Kドリームス 並び予想
2820241228010011,2024-12-28,立川競輪,F2,A1/A2,11,Ａ級特予選,15:25,15:20,7,https://keirin.kdreams.jp/tachikawa/racedetail/2820241228010011/?pageType=odds,2026-10-05T05:39:23.312766+00:00,3-5-6/1-4/7-2,published,アオケイ,楽天Kドリームス 並び予想
2820241228010012,2024-12-28,立川競輪,F2,A1/A2,12,Ａ級初日特選,16:06,16:01,7,https://keirin.kdreams.jp/tachikawa/racedetail/2820241228010012/?pageType=odds,2026-10-05T05:39:25.024285+00:00,5-1/2-4/6-3/7,published,アオケイ,楽天Kドリームス 並び予想
8320241227030002,2024-12-29,久留米競輪,F2,A1/A2,2,Ａ級一般,21:10,21:05,7,https://keirin.kdreams.jp/kurume/racedetail/8320241227030002/?pageType=odds,2026-10-05T05:37:34.888219+00:00,5-6/1/2/3/7-4,published,コンドル出版社,楽天Kドリームス 並び予想
8320241227030003,2024-12-29,久留米競輪,F2,A1/A2,3,Ａ級一般,21:30,21:25,7,https://keirin.kdreams.jp/kurume/racedetail/8320241227030003/?pageType=odds,2026-10-05T05:37:36.671417+00:00,6-2/1-5/3-4-7,published,コンドル出版社,楽天Kドリームス 並び予想
8320241227030004,2024-12-29,久留米競輪,F2,A1/A2,4,Ａ級一般,21:50,21:45,7,https://keirin.kdreams.jp/kurume/racedetail/8320241227030004/?pageType=odds,2026-10-05T05:37:38.430823+00:00,1-5/2-6-7/4-3,published,コンドル出版社,楽天Kドリームス 並び予想
8320241227030005,2024-12-29,久留米競輪,F2,A1/A2,5,Ａ級特選,22:10,22:05,7,https://keirin.kdreams.jp/kurume/racedetail/8320241227030005/?pageType=odds,2026-10-05T05:37:40.196423+00:00,2-1/5-3/6-4-7,published,コンドル出版社,楽天Kドリームス 並び予想
8320241227030006,2024-12-29,久留米競輪,F2,A1/A2,6,Ａ級特選,22:30,22:25,7,https://keirin.kdreams.jp/kurume/racedetail/8320241227030006/?pageType=odds,2026-10-05T05:37:41.987108+00:00,5-1-4/2-7/6-3,published,コンドル出版社,楽天Kドリームス 並び予想
8320241227030007,2024-12-29,久留米競輪,F2,A1/A2,7,Ａ級特選,22:50,22:45,7,https://keirin.kdreams.jp/kurume/racedetail/8320241227030007/?pageType=odds,2026-10-05T05:37:44.101497+00:00,1-2-4/5-3/6-7,published,コンドル出版社,楽天Kドリームス 並び予想
8320241227030009,2024-12-29,久留米競輪,F2,A1/A2,9,Ａ級決勝,23:30,23:25,7,https://keirin.kdreams.jp/kurume/racedetail/8320241227030009/?pageType=odds,2026-10-05T05:37:45.920078+00:00,1-3-4/2-5/6/7,published,コンドル出版社,楽天Kドリームス 並び予想
2320241227030005,2024-12-29,取手競輪,F2,A1/A2,5,Ａ級一般,10:20,10:15,6,https://keirin.kdreams.jp/toride/racedetail/2320241227030005/?pageType=odds,2026-10-05T05:38:39.500848+00:00,1-4-6/3/2-5,published,アオケイ,楽天Kドリームス 並び予想
2320241227030006,2024-12-29,取手競輪,F2,A1/A2,6,Ａ級一般,10:40,10:35,6,https://keirin.kdreams.jp/toride/racedetail/2320241227030006/?pageType=odds,2026-10-05T05:38:41.149341+00:00,1-5-4/2/3-6,published,アオケイ,楽天Kドリームス 並び予想
2320241227030007,2024-12-29,取手競輪,F2,A1/A2,7,Ａ級一般,11:00,10:55,7,https://keirin.kdreams.jp/toride/racedetail/2320241227030007/?pageType=odds,2026-10-05T05:38:42.804194+00:00,7-2/4/1-6/3-5,published,アオケイ,楽天Kドリームス 並び予想
2320241227030008,2024-12-29,取手競輪,F2,A1/A2,8,Ａ級特選,11:27,11:22,7,https://keirin.kdreams.jp/toride/racedetail/2320241227030008/?pageType=odds,2026-10-05T05:38:44.609103+00:00,1/7/3-6/2-5-4,published,アオケイ,楽天Kドリームス 並び予想
2320241227030009,2024-12-29,取手競輪,F2,A1/A2,9,Ａ級特選,11:55,11:50,7,https://keirin.kdreams.jp/toride/racedetail/2320241227030009/?pageType=odds,2026-10-05T05:38:46.228455+00:00,5-1/2/6/4/3-7,published,アオケイ,楽天Kドリームス 並び予想
2320241227030010,2024-12-29,取手競輪,F2,A1/A2,10,Ａ級特選,12:25,12:20,7,https://keirin.kdreams.jp/toride/racedetail/2320241227030010/?pageType=odds,2026-10-05T05:38:47.985687+00:00,1-6-5/2/3-7-4,published,アオケイ,楽天Kドリームス 並び予想
2320241227030012,2024-12-29,取手競輪,F2,A1/A2,12,Ａ級決勝,13:27,13:22,7,https://keirin.kdreams.jp/toride/racedetail/2320241227030012/?pageType=odds,2026-10-05T05:38:50.070704+00:00,2-1-6/3-5/4-7,published,アオケイ,楽天Kドリームス 並び予想
5320241227030004,2024-12-29,奈良競輪,F2,A1/A2,4,Ａ級特一般,21:40,21:35,7,https://keirin.kdreams.jp/nara/racedetail/5320241227030004/?pageType=odds,2026-10-05T05:38:04.966991+00:00,1-3-7/2-6/4-5,published,競輪研究,楽天Kドリームス 並び予想
5320241227030005,2024-12-29,奈良競輪,F2,A1/A2,5,Ａ級特一般,22:00,21:55,7,https://keirin.kdreams.jp/nara/racedetail/5320241227030005/?pageType=odds,2026-10-05T05:38:06.766428+00:00,7-1/2-6/3/4-5,published,競輪研究,楽天Kドリームス 並び予想
5320241227030006,2024-12-29,奈良競輪,F2,A1/A2,6,Ａ級特選,22:20,22:15,7,https://keirin.kdreams.jp/nara/racedetail/5320241227030006/?pageType=odds,2026-10-05T05:38:08.487876+00:00,1-4/3-2-6/5-7,published,競輪研究,楽天Kドリームス 並び予想
5320241227030007,2024-12-29,奈良競輪,F2,A1/A2,7,Ａ級特選,22:40,22:35,7,https://keirin.kdreams.jp/nara/racedetail/5320241227030007/?pageType=odds,2026-10-05T05:38:10.390914+00:00,1-4-6-5/2-3/7,published,競輪研究,楽天Kドリームス 並び予想
5320241227030009,2024-12-29,奈良競輪,F2,A1/A2,9,Ａ級決勝,23:20,23:15,7,https://keirin.kdreams.jp/nara/racedetail/5320241227030009/?pageType=odds,2026-10-05T05:38:12.083366+00:00,1-3/2/7-4/6-5,published,競輪研究,楽天Kドリームス 並び予想
8120241227030006,2024-12-29,小倉競輪,F2,A1/A2,6,Ａ級特一般,17:49,17:44,7,https://keirin.kdreams.jp/kokura/racedetail/8120241227030006/?pageType=odds,2026-10-05T05:37:01.032949+00:00,1-7/2/4/3-5-6,published,コンドル出版社,楽天Kドリームス 並び予想
8120241227030007,2024-12-29,小倉競輪,F2,A1/A2,7,Ａ級特一般,18:13,18:08,7,https://keirin.kdreams.jp/kokura/racedetail/8120241227030007/?pageType=odds,2026-10-05T05:37:02.883414+00:00,4-2-1/3-7/5-6,published,コンドル出版社,楽天Kドリームス 並び予想
8120241227030008,2024-12-29,小倉競輪,F2,A1/A2,8,Ａ級特選,18:37,18:32,7,https://keirin.kdreams.jp/kokura/racedetail/8120241227030008/?pageType=odds,2026-10-05T05:37:04.639845+00:00,1-7-4/5-2/3-6,published,コンドル出版社,楽天Kドリームス 並び予想
8120241227030009,2024-12-29,小倉競輪,F2,A1/A2,9,Ａ級特選,19:01,18:56,7,https://keirin.kdreams.jp/kokura/racedetail/8120241227030009/?pageType=odds,2026-10-05T05:37:06.381431+00:00,1-7/4-2-6/3-5,published,コンドル出版社,楽天Kドリームス 並び予想
8120241227030012,2024-12-29,小倉競輪,F2,A1/A2,12,Ａ級決勝,20:16,20:11,7,https://keirin.kdreams.jp/kokura/racedetail/8120241227030012/?pageType=odds,2026-10-05T05:37:08.187977+00:00,1-7-4/6-2/3-5,published,コンドル出版社,楽天Kドリームス 並び予想
4320241227030004,2024-12-29,岐阜競輪,F2,A1/A2,4,Ａ級特一般,12:26,12:21,7,https://keirin.kdreams.jp/gifu/racedetail/4320241227030004/?pageType=odds,2026-10-05T05:36:34.208918+00:00,3-5-7-2/6-1-4,published,中部競輪・ひかり,楽天Kドリームス 並び予想
4320241227030005,2024-12-29,岐阜競輪,F2,A1/A2,5,Ａ級特一般,12:54,12:49,7,https://keirin.kdreams.jp/gifu/racedetail/4320241227030005/?pageType=odds,2026-10-05T05:36:36.044944+00:00,4-1-6/7-2-3/5,published,中部競輪・ひかり,楽天Kドリームス 並び予想
4320241227030007,2024-12-29,岐阜競輪,F2,A1/A2,7,Ａ級特選,13:58,13:53,7,https://keirin.kdreams.jp/gifu/racedetail/4320241227030007/?pageType=odds,2026-10-05T05:36:37.728098+00:00,4-1-6/5-2-7/3,published,中部競輪・ひかり,楽天Kドリームス 並び予想
4320241227030008,2024-12-29,岐阜競輪,F2,A1/A2,8,Ａ級特選,14:30,14:25,7,https://keirin.kdreams.jp/gifu/racedetail/4320241227030008/?pageType=odds,2026-10-05T05:36:39.473576+00:00,1-4-5/7-2-3-6,published,中部競輪・ひかり,楽天Kドリームス 並び予想
4320241227030011,2024-12-29,岐阜競輪,F2,A1/A2,11,Ａ級決勝,16:20,16:15,7,https://keirin.kdreams.jp/gifu/racedetail/4320241227030011/?pageType=odds,2026-10-05T05:36:41.209341+00:00,6-5-1/2/7-3/4,published,中部競輪・ひかり,楽天Kドリームス 並び予想
4720241228020001,2024-12-29,松阪競輪,F1,A1/A2,1,Ａ級一般,16:01,15:56,6,https://keirin.kdreams.jp/matsusaka/racedetail/4720241228020001/?pageType=odds,2026-10-05T05:39:00.731264+00:00,1-3-6/4-2-5,published,中部競輪,楽天Kドリームス 並び予想
4720241228020002,2024-12-29,松阪競輪,F1,A1/A2,2,Ａ級一般,16:25,16:20,6,https://keirin.kdreams.jp/matsusaka/racedetail/4720241228020002/?pageType=odds,2026-10-05T05:39:02.458785+00:00,1/6/2-5-4-3,published,中部競輪,楽天Kドリームス 並び予想
4720241228020003,2024-12-29,松阪競輪,F1,A1/A2,3,Ａ級準決勝,16:49,16:44,7,https://keirin.kdreams.jp/matsusaka/racedetail/4720241228020003/?pageType=odds,2026-10-05T05:39:04.300465+00:00,1-4-3/6/7-2-5,published,中部競輪,楽天Kドリームス 並び予想
4720241228020004,2024-12-29,松阪競輪,F1,A1/A2,4,Ａ級準決勝,17:13,17:08,7,https://keirin.kdreams.jp/matsusaka/racedetail/4720241228020004/?pageType=odds,2026-10-05T05:39:06.071532+00:00,2-4/1-5-6/7-3,published,中部競輪,楽天Kドリームス 並び予想
4720241228020005,2024-12-29,松阪競輪,F1,A1/A2,5,Ａ級準決勝,17:37,17:32,7,https://keirin.kdreams.jp/matsusaka/racedetail/4720241228020005/?pageType=odds,2026-10-05T05:39:07.825431+00:00,1-4-6/5-2/7-3,published,中部競輪,楽天Kドリームス 並び予想
2820241228020008,2024-12-29,立川競輪,F2,A1/A2,8,Ａ級特一般,13:42,13:37,7,https://keirin.kdreams.jp/tachikawa/racedetail/2820241228020008/?pageType=odds,2026-10-05T05:39:26.677934+00:00,1-5/6-2-4/3/7,published,アオケイ,楽天Kドリームス 並び予想
2820241228020009,2024-12-29,立川競輪,F2,A1/A2,9,Ａ級特一般,14:16,14:11,7,https://keirin.kdreams.jp/tachikawa/racedetail/2820241228020009/?pageType=odds,2026-10-05T05:39:28.318142+00:00,5-1/2-4/7-3-6,published,アオケイ,楽天Kドリームス 並び予想
2820241228020010,2024-12-29,立川競輪,F2,A1/A2,10,Ａ級準決勝,14:50,14:45,7,https://keirin.kdreams.jp/tachikawa/racedetail/2820241228020010/?pageType=odds,2026-10-05T05:39:30.092189+00:00,4-2-7/1-6/3-5,published,アオケイ,楽天Kドリームス 並び予想
2820241228020011,2024-12-29,立川競輪,F2,A1/A2,11,Ａ級準決勝,15:25,15:20,7,https://keirin.kdreams.jp/tachikawa/racedetail/2820241228020011/?pageType=odds,2026-10-05T05:39:31.812075+00:00,1-4/2-7/6-3/5,published,アオケイ,楽天Kドリームス 並び予想
2820241228020012,2024-12-29,立川競輪,F2,A1/A2,12,Ａ級準決勝,16:06,16:01,7,https://keirin.kdreams.jp/tachikawa/racedetail/2820241228020012/?pageType=odds,2026-10-05T05:39:33.382714+00:00,1-7-6/2-5/3-4,published,アオケイ,楽天Kドリームス 並び予想
4220241230010003,2024-12-30,名古屋競輪,F2,A1/A2,3,Ａ級予選,21:20,21:15,6,https://keirin.kdreams.jp/nagoya/racedetail/4220241230010003/?pageType=odds,2026-10-05T05:40:16.347322+00:00,1-3/4-2/5-6,published,中部競輪,楽天Kドリームス 並び予想
4220241230010004,2024-12-30,名古屋競輪,F2,A1/A2,4,Ａ級予選,21:40,21:35,6,https://keirin.kdreams.jp/nagoya/racedetail/4220241230010004/?pageType=odds,2026-10-05T05:40:17.988426+00:00,2-1/6-3/5-4,published,中部競輪,楽天Kドリームス 並び予想
4220241230010005,2024-12-30,名古屋競輪,F2,A1/A2,5,Ａ級予選,22:00,21:55,6,https://keirin.kdreams.jp/nagoya/racedetail/4220241230010005/?pageType=odds,2026-10-05T05:40:19.386757+00:00,4-1-6/3-2-5,published,中部競輪,楽天Kドリームス 並び予想
4220241230010006,2024-12-30,名古屋競輪,F2,A1/A2,6,Ａ級予選,22:20,22:15,6,https://keirin.kdreams.jp/nagoya/racedetail/4220241230010006/?pageType=odds,2026-10-05T05:40:21.338621+00:00,3-1-2/4-5/6,published,中部競輪,楽天Kドリームス 並び予想
4220241230010007,2024-12-30,名古屋競輪,F2,A1/A2,7,Ａ級予選,22:40,22:35,6,https://keirin.kdreams.jp/nagoya/racedetail/4220241230010007/?pageType=odds,2026-10-05T05:40:22.980407+00:00,1-2-6/3-4-5,published,中部競輪,楽天Kドリームス 並び予想
4220241230010008,2024-12-30,名古屋競輪,F2,A1/A2,8,Ａ級予選,23:00,22:55,6,https://keirin.kdreams.jp/nagoya/racedetail/4220241230010008/?pageType=odds,2026-10-05T05:40:24.868833+00:00,1-2/6-3/4-5,published,中部競輪,楽天Kドリームス 並び予想
4220241230010009,2024-12-30,名古屋競輪,F2,A1/A2,9,Ａ級初日特選,23:20,23:15,7,https://keirin.kdreams.jp/nagoya/racedetail/4220241230010009/?pageType=odds,2026-10-05T05:40:26.625598+00:00,2-1/5-3-6/4/7,published,中部競輪,楽天Kドリームス 並び予想
4720241228030001,2024-12-30,松阪競輪,F1,A1/A2,1,Ａ級一般,16:10,16:05,6,https://keirin.kdreams.jp/matsusaka/racedetail/4720241228030001/?pageType=odds,2026-10-05T05:39:09.457551+00:00,1-6/2-4/3-5,published,中部競輪,楽天Kドリームス 並び予想
4720241228030002,2024-12-30,松阪競輪,F1,A1/A2,2,Ａ級一般,16:33,16:28,6,https://keirin.kdreams.jp/matsusaka/racedetail/4720241228030002/?pageType=odds,2026-10-05T05:39:11.050358+00:00,6-1-3/2-5-4,published,中部競輪,楽天Kドリームス 並び予想
4720241228030003,2024-12-30,松阪競輪,F1,A1/A2,3,Ａ級特選,16:56,16:51,7,https://keirin.kdreams.jp/matsusaka/racedetail/4720241228030003/?pageType=odds,2026-10-05T05:39:12.835124+00:00,1-7-5/4-2/3-6,published,中部競輪,楽天Kドリームス 並び予想
4720241228030004,2024-12-30,松阪競輪,F1,A1/A2,4,Ａ級特選,17:19,17:14,7,https://keirin.kdreams.jp/matsusaka/racedetail/4720241228030004/?pageType=odds,2026-10-05T05:39:14.467130+00:00,1-4-6/5-2/7-3,published,中部競輪,楽天Kドリームス 並び予想
4720241228030011,2024-12-30,松阪競輪,F1,A1/A2,11,Ａ級決勝,20:05,20:00,7,https://keirin.kdreams.jp/matsusaka/racedetail/4720241228030011/?pageType=odds,2026-10-05T05:39:16.151751+00:00,4-1-5-6/2/7-3,published,中部競輪,楽天Kドリームス 並び予想
8420241230010001,2024-12-30,武雄競輪,F1,A1/A2,1,Ａ級予選,15:34,15:29,6,https://keirin.kdreams.jp/takeo/racedetail/8420241230010001/?pageType=odds,2026-10-05T05:40:48.769879+00:00,4-1/3/5-2-6,published,百万弗,楽天Kドリームス 並び予想
8420241230010002,2024-12-30,武雄競輪,F1,A1/A2,2,Ａ級予選,15:56,15:51,6,https://keirin.kdreams.jp/takeo/racedetail/8420241230010002/?pageType=odds,2026-10-05T05:40:50.429670+00:00,1-6/4-3/5-2,published,百万弗,楽天Kドリームス 並び予想
8420241230010003,2024-12-30,武雄競輪,F1,A1/A2,3,Ａ級予選,16:18,16:13,6,https://keirin.kdreams.jp/takeo/racedetail/8420241230010003/?pageType=odds,2026-10-05T05:40:52.024147+00:00,1-5/2-6/4-3,published,百万弗,楽天Kドリームス 並び予想
8420241230010004,2024-12-30,武雄競輪,F1,A1/A2,4,Ａ級予選,16:40,16:35,6,https://keirin.kdreams.jp/takeo/racedetail/8420241230010004/?pageType=odds,2026-10-05T05:40:53.658619+00:00,4-1-6/2/5-3,published,百万弗,楽天Kドリームス 並び予想
8420241230010005,2024-12-30,武雄競輪,F1,A1/A2,5,Ａ級初日特選,17:03,16:58,7,https://keirin.kdreams.jp/takeo/racedetail/8420241230010005/?pageType=odds,2026-10-05T05:40:55.474564+00:00,1/2/5-3/7-6-4,published,百万弗,楽天Kドリームス 並び予想
6120241230010005,2024-12-30,玉野競輪,F2,A1/A2,5,Ａ級特予選,22:10,22:05,6,https://keirin.kdreams.jp/tamano/racedetail/6120241230010005/?pageType=odds,2026-10-05T05:41:13.667665+00:00,3-1-6/2-4-5,published,競輪毎日,楽天Kドリームス 並び予想
6120241230010006,2024-12-30,玉野競輪,F2,A1/A2,6,Ａ級特予選,22:30,22:25,6,https://keirin.kdreams.jp/tamano/racedetail/6120241230010006/?pageType=odds,2026-10-05T05:41:15.475654+00:00,2-4/3-1/5-6,published,競輪毎日,楽天Kドリームス 並び予想
6120241230010007,2024-12-30,玉野競輪,F2,A1/A2,7,Ａ級特予選,22:50,22:45,6,https://keirin.kdreams.jp/tamano/racedetail/6120241230010007/?pageType=odds,2026-10-05T05:41:17.033376+00:00,,parse_failure,,
6120241230010008,2024-12-30,玉野競輪,F2,A1/A2,8,Ａ級特予選,23:10,23:05,7,https://keirin.kdreams.jp/tamano/racedetail/6120241230010008/?pageType=odds,2026-10-05T05:41:18.783836+00:00,3-1-2/4-6/5-7,published,競輪毎日,楽天Kドリームス 並び予想
6120241230010009,2024-12-30,玉野競輪,F2,A1/A2,9,Ａ級初日特選,23:30,23:25,7,https://keirin.kdreams.jp/tamano/racedetail/6120241230010009/?pageType=odds,2026-10-05T05:41:20.584414+00:00,7-1/2/3/5/4-6,published,競輪毎日,楽天Kドリームス 並び予想
2820241228030006,2024-12-30,立川競輪,F2,A1/A2,6,Ａ級特一般,12:40,12:35,6,https://keirin.kdreams.jp/tachikawa/racedetail/2820241228030006/?pageType=odds,2026-10-05T05:39:34.957971+00:00,1-4-3/2/5/6,published,アオケイ,楽天Kドリームス 並び予想
2820241228030007,2024-12-30,立川競輪,F2,A1/A2,7,Ａ級特一般,13:10,13:05,7,https://keirin.kdreams.jp/tachikawa/racedetail/2820241228030007/?pageType=odds,2026-10-05T05:39:36.615798+00:00,1-4-2-6/3/5/7,published,アオケイ,楽天Kドリームス 並び予想
2820241228030010,2024-12-30,立川競輪,F2,A1/A2,10,Ａ級特選,14:50,14:45,7,https://keirin.kdreams.jp/tachikawa/racedetail/2820241228030010/?pageType=odds,2026-10-05T05:39:38.292174+00:00,1-7/4-2-6/5-3,published,アオケイ,楽天Kドリームス 並び予想
2820241228030011,2024-12-30,立川競輪,F2,A1/A2,11,Ａ級特選,15:25,15:20,7,https://keirin.kdreams.jp/tachikawa/racedetail/2820241228030011/?pageType=odds,2026-10-05T05:39:39.877638+00:00,6-1-5/4-2/3-7,published,アオケイ,楽天Kドリームス 並び予想
2820241228030012,2024-12-30,立川競輪,F2,A1/A2,12,Ａ級決勝,16:05,16:00,7,https://keirin.kdreams.jp/tachikawa/racedetail/2820241228030012/?pageType=odds,2026-10-05T05:39:41.542423+00:00,1-5/7-2/6-3/4,published,アオケイ,楽天Kドリームス 並び予想
7420241230010001,2024-12-30,高知競輪,F2,A1/A2,1,Ａ級予選,09:00,08:55,6,https://keirin.kdreams.jp/kochi/racedetail/7420241230010001/?pageType=odds,2026-10-05T05:39:42.946681+00:00,1-5-3/4-2/6,published,福ちゃん出版社,楽天Kドリームス 並び予想
7420241230010002,2024-12-30,高知競輪,F2,A1/A2,2,Ａ級予選,09:20,09:15,6,https://keirin.kdreams.jp/kochi/racedetail/7420241230010002/?pageType=odds,2026-10-05T05:39:44.473651+00:00,1-4-6/2-5-3,published,福ちゃん出版社,楽天Kドリームス 並び予想
7420241230010003,2024-12-30,高知競輪,F2,A1/A2,3,Ａ級予選,09:40,09:35,6,https://keirin.kdreams.jp/kochi/racedetail/7420241230010003/?pageType=odds,2026-10-05T05:39:45.965188+00:00,5-1/3-6/2-4,published,福ちゃん出版社,楽天Kドリームス 並び予想
7420241230010004,2024-12-30,高知競輪,F2,A1/A2,4,Ａ級予選,10:00,09:55,6,https://keirin.kdreams.jp/kochi/racedetail/7420241230010004/?pageType=odds,2026-10-05T05:39:47.570339+00:00,1-3-5/6-2-4,published,福ちゃん出版社,楽天Kドリームス 並び予想
7420241230010005,2024-12-30,高知競輪,F2,A1/A2,5,Ａ級予選,10:20,10:15,7,https://keirin.kdreams.jp/kochi/racedetail/7420241230010005/?pageType=odds,2026-10-05T05:39:49.367694+00:00,1-5/7-2-4/3-6,published,福ちゃん出版社,楽天Kドリームス 並び予想
7420241230010006,2024-12-30,高知競輪,F2,A1/A2,6,Ａ級予選,10:40,10:35,7,https://keirin.kdreams.jp/kochi/racedetail/7420241230010006/?pageType=odds,2026-10-05T05:39:50.990691+00:00,1-4-6/7-2/5-3,published,福ちゃん出版社,楽天Kドリームス 並び予想
7420241230010007,2024-12-30,高知競輪,F2,A1/A2,7,Ａ級初日特選,11:00,10:55,7,https://keirin.kdreams.jp/kochi/racedetail/7420241230010007/?pageType=odds,2026-10-05T05:39:52.798924+00:00,1-2-5/6/3-7-4,published,福ちゃん出版社,楽天Kドリームス 並び予想
8620241231010001,2024-12-31,別府競輪,F2,A1/A2,1,Ａ級予選,08:50,08:45,6,https://keirin.kdreams.jp/beppu/racedetail/8620241231010001/?pageType=odds,2026-10-05T05:41:38.450979+00:00,4-1-5/2/3-6,published,ダービー,楽天Kドリームス 並び予想
8620241231010002,2024-12-31,別府競輪,F2,A1/A2,2,Ａ級予選,09:10,09:05,6,https://keirin.kdreams.jp/beppu/racedetail/8620241231010002/?pageType=odds,2026-10-05T05:41:40.097096+00:00,6-4-1/3/2-5,published,ダービー,楽天Kドリームス 並び予想
8620241231010003,2024-12-31,別府競輪,F2,A1/A2,3,Ａ級予選,09:30,09:25,6,https://keirin.kdreams.jp/beppu/racedetail/8620241231010003/?pageType=odds,2026-10-05T05:41:42.086065+00:00,1-5/6-2/4-3,published,ダービー,楽天Kドリームス 並び予想
8620241231010004,2024-12-31,別府競輪,F2,A1/A2,4,Ａ級予選,09:50,09:45,6,https://keirin.kdreams.jp/beppu/racedetail/8620241231010004/?pageType=odds,2026-10-05T05:41:43.731486+00:00,1-4-6/3-5-2,published,ダービー,楽天Kドリームス 並び予想
8620241231010005,2024-12-31,別府競輪,F2,A1/A2,5,Ａ級予選,10:10,10:05,6,https://keirin.kdreams.jp/beppu/racedetail/8620241231010005/?pageType=odds,2026-10-05T05:41:45.354491+00:00,5-1-2-6/3-4,published,ダービー,楽天Kドリームス 並び予想
8620241231010006,2024-12-31,別府競輪,F2,A1/A2,6,Ａ級予選,10:30,10:25,6,https://keirin.kdreams.jp/beppu/racedetail/8620241231010006/?pageType=odds,2026-10-05T05:41:47.066291+00:00,4-1-6/3/5-2,published,ダービー,楽天Kドリームス 並び予想
8620241231010007,2024-12-31,別府競輪,F2,A1/A2,7,Ａ級初日特選,10:50,10:45,7,https://keirin.kdreams.jp/beppu/racedetail/8620241231010007/?pageType=odds,2026-10-05T05:41:48.884647+00:00,5-4/1/7-3-6-2,published,ダービー,楽天Kドリームス 並び予想
4220241230020003,2024-12-31,名古屋競輪,F2,A1/A2,3,Ａ級一般,21:40,21:35,7,https://keirin.kdreams.jp/nagoya/racedetail/4220241230020003/?pageType=odds,2026-10-05T05:40:28.508093+00:00,1-3/2-5/7-4/6,published,中部競輪,楽天Kドリームス 並び予想
4220241230020004,2024-12-31,名古屋競輪,F2,A1/A2,4,Ａ級選抜,22:00,21:55,7,https://keirin.kdreams.jp/nagoya/racedetail/4220241230020004/?pageType=odds,2026-10-05T05:40:30.222748+00:00,1-7/3-2/6-4-5,published,中部競輪,楽天Kドリームス 並び予想
4220241230020005,2024-12-31,名古屋競輪,F2,A1/A2,5,Ａ級選抜,22:20,22:15,7,https://keirin.kdreams.jp/nagoya/racedetail/4220241230020005/?pageType=odds,2026-10-05T05:40:32.188801+00:00,1-4/2/3-6/5-7,published,中部競輪,楽天Kドリームス 並び予想
4220241230020006,2024-12-31,名古屋競輪,F2,A1/A2,6,Ａ級準決勝,22:40,22:35,7,https://keirin.kdreams.jp/nagoya/racedetail/4220241230020006/?pageType=odds,2026-10-05T05:40:33.879000+00:00,1-3/5-2-4/6-7,published,中部競輪,楽天Kドリームス 並び予想
4220241230020007,2024-12-31,名古屋競輪,F2,A1/A2,7,Ａ級準決勝,23:00,22:55,7,https://keirin.kdreams.jp/nagoya/racedetail/4220241230020007/?pageType=odds,2026-10-05T05:40:35.688442+00:00,1-5/3-2/7/4-6,published,中部競輪,楽天Kドリームス 並び予想
4220241230020008,2024-12-31,名古屋競輪,F2,A1/A2,8,Ａ級準決勝,23:20,23:15,7,https://keirin.kdreams.jp/nagoya/racedetail/4220241230020008/?pageType=odds,2026-10-05T05:40:37.413447+00:00,2-1/3-6/4/7-5,published,中部競輪,楽天Kドリームス 並び予想
5620241231010001,2024-12-31,岸和田競輪,F1,A1/A2,1,Ａ級予選１,10:40,10:35,5,https://keirin.kdreams.jp/kishiwada/racedetail/5620241231010001/?pageType=odds,2026-10-05T05:42:10.202126+00:00,1-5-3/2-4,published,競輪研究,楽天Kドリームス 並び予想
5620241231010002,2024-12-31,岸和田競輪,F1,A1/A2,2,Ａ級予選１,11:08,11:03,6,https://keirin.kdreams.jp/kishiwada/racedetail/5620241231010002/?pageType=odds,2026-10-05T05:42:11.885269+00:00,4-3/1-6/5-2,published,競輪研究,楽天Kドリームス 並び予想
5620241231010003,2024-12-31,岸和田競輪,F1,A1/A2,3,Ａ級予選１,11:36,11:31,6,https://keirin.kdreams.jp/kishiwada/racedetail/5620241231010003/?pageType=odds,2026-10-05T05:42:13.641998+00:00,5-1/6-2/3-4,published,競輪研究,楽天Kドリームス 並び予想
5620241231010004,2024-12-31,岸和田競輪,F1,A1/A2,4,Ａ級予選１,12:06,12:01,6,https://keirin.kdreams.jp/kishiwada/racedetail/5620241231010004/?pageType=odds,2026-10-05T05:42:15.490851+00:00,3-1-6/4-2-5,published,競輪研究,楽天Kドリームス 並び予想
5620241231010005,2024-12-31,岸和田競輪,F1,A1/A2,5,Ａ級初日特選,12:36,12:31,7,https://keirin.kdreams.jp/kishiwada/racedetail/5620241231010005/?pageType=odds,2026-10-05T05:42:17.454764+00:00,7-1/2-5/4-3/6,published,競輪研究,楽天Kドリームス 並び予想
7520241231010008,2024-12-31,松山競輪,F2,A1/A2,8,Ａ級特予選,18:34,18:29,6,https://keirin.kdreams.jp/matsuyama/racedetail/7520241231010008/?pageType=odds,2026-10-05T05:42:40.038095+00:00,5-1-3/4-2/6,published,金星社,楽天Kドリームス 並び予想
7520241231010009,2024-12-31,松山競輪,F2,A1/A2,9,Ａ級特予選,19:00,18:55,6,https://keirin.kdreams.jp/matsuyama/racedetail/7520241231010009/?pageType=odds,2026-10-05T05:42:41.590182+00:00,4-2/1/5-3/6,published,金星社,楽天Kドリームス 並び予想
7520241231010010,2024-12-31,松山競輪,F2,A1/A2,10,Ａ級特予選,19:27,19:22,7,https://keirin.kdreams.jp/matsuyama/racedetail/7520241231010010/?pageType=odds,2026-10-05T05:42:43.472121+00:00,1-5-6/7-2/4-3,published,金星社,楽天Kドリームス 並び予想
7520241231010011,2024-12-31,松山競輪,F2,A1/A2,11,Ａ級特予選,19:55,19:50,7,https://keirin.kdreams.jp/matsuyama/racedetail/7520241231010011/?pageType=odds,2026-10-05T05:42:45.236878+00:00,1-4-7/6-2/3-5,published,金星社,楽天Kドリームス 並び予想
7520241231010012,2024-12-31,松山競輪,F2,A1/A2,12,Ａ級初日特選,20:25,20:20,7,https://keirin.kdreams.jp/matsuyama/racedetail/7520241231010012/?pageType=odds,2026-10-05T05:42:46.943390+00:00,1-4/2-5-6/3-7,published,金星社,楽天Kドリームス 並び予想
8420241230020001,2024-12-31,武雄競輪,F1,A1/A2,1,Ａ級一般,15:34,15:29,5,https://keirin.kdreams.jp/takeo/racedetail/8420241230020001/?pageType=odds,2026-10-05T05:40:57.178009+00:00,1-3-4/2/5,published,百万弗,楽天Kドリームス 並び予想
8420241230020002,2024-12-31,武雄競輪,F1,A1/A2,2,Ａ級一般,15:56,15:51,5,https://keirin.kdreams.jp/takeo/racedetail/8420241230020002/?pageType=odds,2026-10-05T05:40:58.839900+00:00,3-1/5-4-2,published,百万弗,楽天Kドリームス 並び予想
8420241230020003,2024-12-31,武雄競輪,F1,A1/A2,3,Ａ級準決勝,16:18,16:13,7,https://keirin.kdreams.jp/takeo/racedetail/8420241230020003/?pageType=odds,2026-10-05T05:41:00.661293+00:00,1-7/3-4/6-2-5,published,百万弗,楽天Kドリームス 並び予想
8420241230020004,2024-12-31,武雄競輪,F1,A1/A2,4,Ａ級準決勝,16:40,16:35,7,https://keirin.kdreams.jp/takeo/racedetail/8420241230020004/?pageType=odds,2026-10-05T05:41:02.383022+00:00,7-1/2/3-4/5/6,published,百万弗,楽天Kドリームス 並び予想
8420241230020005,2024-12-31,武雄競輪,F1,A1/A2,5,Ａ級準決勝,17:03,16:58,7,https://keirin.kdreams.jp/takeo/racedetail/8420241230020005/?pageType=odds,2026-10-05T05:41:04.153083+00:00,1-4-7/2-5/3/6,published,百万弗,楽天Kドリームス 並び予想
6120241230020005,2024-12-31,玉野競輪,F2,A1/A2,5,Ａ級特一般,22:10,22:05,5,https://keirin.kdreams.jp/tamano/racedetail/6120241230020005/?pageType=odds,2026-10-05T05:41:22.089774+00:00,1-2/3-4-5,published,競輪毎日,楽天Kドリームス 並び予想
6120241230020006,2024-12-31,玉野競輪,F2,A1/A2,6,Ａ級特一般,22:30,22:25,6,https://keirin.kdreams.jp/tamano/racedetail/6120241230020006/?pageType=odds,2026-10-05T05:41:23.782617+00:00,1-2-4/3-5/6,published,競輪毎日,楽天Kドリームス 並び予想
6120241230020007,2024-12-31,玉野競輪,F2,A1/A2,7,Ａ級準決勝,22:50,22:45,7,https://keirin.kdreams.jp/tamano/racedetail/6120241230020007/?pageType=odds,2026-10-05T05:41:25.550222+00:00,1-6/4-2-5/3/7,published,競輪毎日,楽天Kドリームス 並び予想
6120241230020008,2024-12-31,玉野競輪,F2,A1/A2,8,Ａ級準決勝,23:10,23:05,7,https://keirin.kdreams.jp/tamano/racedetail/6120241230020008/?pageType=odds,2026-10-05T05:41:27.520496+00:00,5-1-4/2-6/3-7,published,競輪毎日,楽天Kドリームス 並び予想
6120241230020009,2024-12-31,玉野競輪,F2,A1/A2,9,Ａ級準決勝,23:30,23:25,7,https://keirin.kdreams.jp/tamano/racedetail/6120241230020009/?pageType=odds,2026-10-05T05:41:29.273396+00:00,2-1-7/4-3/5-6,published,競輪毎日,楽天Kドリームス 並び予想
4520241231010001,2024-12-31,豊橋競輪,F1,A1/A2,1,Ａ級予選,10:34,10:29,6,https://keirin.kdreams.jp/toyohashi/racedetail/4520241231010001/?pageType=odds,2026-10-05T05:43:04.869983+00:00,6-1/3/2-5-4,published,中部競輪,楽天Kドリームス 並び予想
4520241231010002,2024-12-31,豊橋競輪,F1,A1/A2,2,Ａ級予選,11:02,10:57,7,https://keirin.kdreams.jp/toyohashi/racedetail/4520241231010002/?pageType=odds,2026-10-05T05:43:06.752324+00:00,4-3/1-7/2-5-6,published,中部競輪,楽天Kドリームス 並び予想
4520241231010003,2024-12-31,豊橋競輪,F1,A1/A2,3,Ａ級予選,11:30,11:25,7,https://keirin.kdreams.jp/toyohashi/racedetail/4520241231010003/?pageType=odds,2026-10-05T05:43:08.542475+00:00,3-4-6/7-1/5-2,published,中部競輪,楽天Kドリームス 並び予想
4520241231010004,2024-12-31,豊橋競輪,F1,A1/A2,4,Ａ級予選,12:00,11:55,7,https://keirin.kdreams.jp/toyohashi/racedetail/4520241231010004/?pageType=odds,2026-10-05T05:43:10.211091+00:00,7-1-5/6-2/4-3,published,中部競輪,楽天Kドリームス 並び予想
4520241231010005,2024-12-31,豊橋競輪,F1,A1/A2,5,Ａ級初日特選,12:30,12:25,7,https://keirin.kdreams.jp/toyohashi/racedetail/4520241231010005/?pageType=odds,2026-10-05T05:43:11.314385+00:00,4-5-1/7-2/3/6,published,中部競輪,楽天Kドリームス 並び予想
7420241230020001,2024-12-31,高知競輪,F2,A1/A2,1,Ａ級一般,09:00,08:55,5,https://keirin.kdreams.jp/kochi/racedetail/7420241230020001/?pageType=odds,2026-10-05T05:39:54.340927+00:00,1-5/4-2/3,published,福ちゃん出版社,楽天Kドリームス 並び予想
7420241230020002,2024-12-31,高知競輪,F2,A1/A2,2,Ａ級一般,09:20,09:15,5,https://keirin.kdreams.jp/kochi/racedetail/7420241230020002/?pageType=odds,2026-10-05T05:39:56.090722+00:00,4-1/5-3-2,published,福ちゃん出版社,楽天Kドリームス 並び予想
7420241230020003,2024-12-31,高知競輪,F2,A1/A2,3,Ａ級選抜,09:40,09:35,7,https://keirin.kdreams.jp/kochi/racedetail/7420241230020003/?pageType=odds,2026-10-05T05:39:57.766932+00:00,7-1-5/4-2-3/6,published,福ちゃん出版社,楽天Kドリームス 並び予想
7420241230020004,2024-12-31,高知競輪,F2,A1/A2,4,Ａ級選抜,10:00,09:55,7,https://keirin.kdreams.jp/kochi/racedetail/7420241230020004/?pageType=odds,2026-10-05T05:39:59.364501+00:00,1-5/7-2-6/3-4,published,福ちゃん出版社,楽天Kドリームス 並び予想
7420241230020005,2024-12-31,高知競輪,F2,A1/A2,5,Ａ級準決勝,10:20,10:15,7,https://keirin.kdreams.jp/kochi/racedetail/7420241230020005/?pageType=odds,2026-10-05T05:40:01.088734+00:00,5-1-7/2/6-3-4,published,福ちゃん出版社,楽天Kドリームス 並び予想
7420241230020006,2024-12-31,高知競輪,F2,A1/A2,6,Ａ級準決勝,10:40,10:35,7,https://keirin.kdreams.jp/kochi/racedetail/7420241230020006/?pageType=odds,2026-10-05T05:40:03.063869+00:00,1-7/2-4-6/5-3,published,福ちゃん出版社,楽天Kドリームス 並び予想
7420241230020007,2024-12-31,高知競輪,F2,A1/A2,7,Ａ級準決勝,11:00,10:55,7,https://keirin.kdreams.jp/kochi/racedetail/7420241230020007/?pageType=odds,2026-10-05T05:40:04.781551+00:00,5-1/6-2/4-7-3,published,福ちゃん出版社,楽天Kドリームス 並び予想
