race_id,race_date,track,meeting_grade,class_scope,race_no,race_type,start_time,deadline,entry_count,source_url,captured_at_utc,predicted_line_formation,line_status,line_provider,line_source
3720231030030001,2023-11-01,伊東競輪,F1,A1/A2,1,Ａ級一般,10:48,10:43,7,https://keirin.kdreams.jp/ito/racedetail/3720231030030001/?pageType=result,2026-10-04T02:14:23.182929+00:00,1-5-2/3-7-4/6,published,ひかり・小田競,楽天Kドリームス 並び予想
3720231030030002,2023-11-01,伊東競輪,F1,A1/A2,2,Ａ級一般,11:16,11:11,7,https://keirin.kdreams.jp/ito/racedetail/3720231030030002/?pageType=result,2026-10-04T02:14:25.453044+00:00,6-1-4/7-2/3-5,published,ひかり・小田競,楽天Kドリームス 並び予想
3720231030030003,2023-11-01,伊東競輪,F1,A1/A2,3,Ａ級特選,11:45,11:40,7,https://keirin.kdreams.jp/ito/racedetail/3720231030030003/?pageType=result,2026-10-04T02:14:27.707555+00:00,5-1/2-6/7-3-4,published,ひかり・小田競,楽天Kドリームス 並び予想
3720231030030004,2023-11-01,伊東競輪,F1,A1/A2,4,Ａ級特選,12:14,12:09,7,https://keirin.kdreams.jp/ito/racedetail/3720231030030004/?pageType=result,2026-10-04T02:14:29.947833+00:00,4-1/2/6/5/7-3,published,ひかり・小田競,楽天Kドリームス 並び予想
3720231030030010,2023-11-01,伊東競輪,F1,A1/A2,10,Ａ級決勝,15:27,15:22,7,https://keirin.kdreams.jp/ito/racedetail/3720231030030010/?pageType=result,2026-10-04T02:14:32.238173+00:00,3-7-1-4-6-5/2,published,ひかり・小田競,楽天Kドリームス 並び予想
4620231101010006,2023-11-01,富山競輪,F2,A1/A2,6,Ａ級予選,12:39,12:34,7,https://keirin.kdreams.jp/toyama/racedetail/4620231101010006/?pageType=result,2026-10-04T02:16:12.022910+00:00,3-5-2/6/7-4-1,published,中部競輪,楽天Kドリームス 並び予想
4620231101010007,2023-11-01,富山競輪,F2,A1/A2,7,Ａ級予選,13:09,13:04,7,https://keirin.kdreams.jp/toyama/racedetail/4620231101010007/?pageType=result,2026-10-04T02:16:14.102056+00:00,2-7/5-1-6/3-4,published,中部競輪,楽天Kドリームス 並び予想
4620231101010008,2023-11-01,富山競輪,F2,A1/A2,8,Ａ級予選,13:39,13:34,7,https://keirin.kdreams.jp/toyama/racedetail/4620231101010008/?pageType=result,2026-10-04T02:16:16.173640+00:00,1-4-7/3-5/6-2,published,中部競輪,楽天Kドリームス 並び予想
4620231101010009,2023-11-01,富山競輪,F2,A1/A2,9,Ａ級予選,14:09,14:04,7,https://keirin.kdreams.jp/toyama/racedetail/4620231101010009/?pageType=result,2026-10-04T02:16:18.524718+00:00,3-4/7-1-5/6-2,published,中部競輪,楽天Kドリームス 並び予想
4620231101010010,2023-11-01,富山競輪,F2,A1/A2,10,Ａ級予選,14:39,14:34,7,https://keirin.kdreams.jp/toyama/racedetail/4620231101010010/?pageType=result,2026-10-04T02:16:20.896071+00:00,1-5-4/7-2/6-3,published,中部競輪,楽天Kドリームス 並び予想
4620231101010011,2023-11-01,富山競輪,F2,A1/A2,11,Ａ級予選,15:13,15:08,7,https://keirin.kdreams.jp/toyama/racedetail/4620231101010011/?pageType=result,2026-10-04T02:16:23.189929+00:00,4-1-6/7-3/5-2,published,中部競輪,楽天Kドリームス 並び予想
4620231101010012,2023-11-01,富山競輪,F2,A1/A2,12,Ａ級初日特選,15:50,15:45,7,https://keirin.kdreams.jp/toyama/racedetail/4620231101010012/?pageType=result,2026-10-04T02:16:25.394197+00:00,1-6/2-7/3/5-4,published,中部競輪,楽天Kドリームス 並び予想
8120231101010003,2023-11-01,小倉競輪,F2,A1/A2,3,Ａ級特予選,21:30,21:25,7,https://keirin.kdreams.jp/kokura/racedetail/8120231101010003/?pageType=result,2026-10-04T02:14:34.449373+00:00,2-1-5/7/4-3-6,published,コンドル出版社,楽天Kドリームス 並び予想
8120231101010004,2023-11-01,小倉競輪,F2,A1/A2,4,Ａ級特予選,21:55,21:50,7,https://keirin.kdreams.jp/kokura/racedetail/8120231101010004/?pageType=result,2026-10-04T02:14:36.755510+00:00,2-4/7-1-3/6-5,published,コンドル出版社,楽天Kドリームス 並び予想
8120231101010005,2023-11-01,小倉競輪,F2,A1/A2,5,Ａ級特予選,22:20,22:15,7,https://keirin.kdreams.jp/kokura/racedetail/8120231101010005/?pageType=result,2026-10-04T02:14:38.716370+00:00,1-2-4/5-3-7/6,published,コンドル出版社,楽天Kドリームス 並び予想
8120231101010006,2023-11-01,小倉競輪,F2,A1/A2,6,Ａ級特予選,22:45,22:40,7,https://keirin.kdreams.jp/kokura/racedetail/8120231101010006/?pageType=result,2026-10-04T02:14:41.117266+00:00,1-2-6/5/7-3-4,published,コンドル出版社,楽天Kドリームス 並び予想
8120231101010007,2023-11-01,小倉競輪,F2,A1/A2,7,Ａ級初日特選,23:10,23:05,7,https://keirin.kdreams.jp/kokura/racedetail/8120231101010007/?pageType=result,2026-10-04T02:14:43.329706+00:00,2-4-5/1/6-7-3,published,コンドル出版社,楽天Kドリームス 並び予想
4720231101010001,2023-11-01,松阪競輪,F1,A1/A2,1,Ａ級予選,15:35,15:30,7,https://keirin.kdreams.jp/matsusaka/racedetail/4720231101010001/?pageType=result,2026-10-04T02:15:08.057714+00:00,1-4/3-6/2-7-5,published,中部競輪,楽天Kドリームス 並び予想
4720231101010002,2023-11-01,松阪競輪,F1,A1/A2,2,Ａ級予選,16:00,15:55,7,https://keirin.kdreams.jp/matsusaka/racedetail/4720231101010002/?pageType=result,2026-10-04T02:15:10.237621+00:00,5-1-7/6-2/3/4,published,中部競輪,楽天Kドリームス 並び予想
4720231101010003,2023-11-01,松阪競輪,F1,A1/A2,3,Ａ級予選,16:25,16:20,7,https://keirin.kdreams.jp/matsusaka/racedetail/4720231101010003/?pageType=result,2026-10-04T02:15:12.886639+00:00,1-4/2-7/3-5-6,published,中部競輪,楽天Kドリームス 並び予想
4720231101010004,2023-11-01,松阪競輪,F1,A1/A2,4,Ａ級予選,16:50,16:45,7,https://keirin.kdreams.jp/matsusaka/racedetail/4720231101010004/?pageType=result,2026-10-04T02:15:15.353814+00:00,1-4-6/5-2/3-7,published,中部競輪,楽天Kドリームス 並び予想
4720231101010005,2023-11-01,松阪競輪,F1,A1/A2,5,Ａ級初日特選,17:15,17:10,7,https://keirin.kdreams.jp/matsusaka/racedetail/4720231101010005/?pageType=result,2026-10-04T02:15:17.899559+00:00,7-2/1-6/3-5/4,published,中部競輪,楽天Kドリームス 並び予想
7120231030030005,2023-11-01,高松競輪,F2,A1/A2,5,Ａ級特一般,09:50,09:45,7,https://keirin.kdreams.jp/takamatsu/racedetail/7120231030030005/?pageType=result,2026-10-04T02:16:01.306898+00:00,1-7-4/2/3-6-5,published,競輪毎日,楽天Kドリームス 並び予想
7120231030030006,2023-11-01,高松競輪,F2,A1/A2,6,Ａ級特一般,10:10,10:05,7,https://keirin.kdreams.jp/takamatsu/racedetail/7120231030030006/?pageType=result,2026-10-04T02:16:03.329471+00:00,1-4-7/6-2/5-3,published,競輪毎日,楽天Kドリームス 並び予想
7120231030030007,2023-11-01,高松競輪,F2,A1/A2,7,Ａ級特選,10:30,10:25,7,https://keirin.kdreams.jp/takamatsu/racedetail/7120231030030007/?pageType=result,2026-10-04T02:16:05.515943+00:00,4-1-6/2/3-5/7,published,競輪毎日,楽天Kドリームス 並び予想
7120231030030008,2023-11-01,高松競輪,F2,A1/A2,8,Ａ級特選,10:59,10:54,7,https://keirin.kdreams.jp/takamatsu/racedetail/7120231030030008/?pageType=result,2026-10-04T02:16:07.785798+00:00,1-2-4/6-5-3-7,published,競輪毎日,楽天Kドリームス 並び予想
7120231030030011,2023-11-01,高松競輪,F2,A1/A2,11,Ａ級決勝,12:28,12:23,7,https://keirin.kdreams.jp/takamatsu/racedetail/7120231030030011/?pageType=result,2026-10-04T02:16:09.892323+00:00,4-1-6/2-5/7-3,published,競輪毎日,楽天Kドリームス 並び予想
2320231102010001,2023-11-02,取手競輪,F1,A1/A2,1,Ａ級予選,10:30,10:25,7,https://keirin.kdreams.jp/toride/racedetail/2320231102010001/?pageType=result,2026-10-04T02:17:45.761520+00:00,4-1/6-2/7-3-5,published,アオケイ,楽天Kドリームス 並び予想
2320231102010002,2023-11-02,取手競輪,F1,A1/A2,2,Ａ級予選,10:57,10:52,7,https://keirin.kdreams.jp/toride/racedetail/2320231102010002/?pageType=result,2026-10-04T02:17:47.856405+00:00,1-5-6/4-2/3-7,published,アオケイ,楽天Kドリームス 並び予想
2320231102010003,2023-11-02,取手競輪,F1,A1/A2,3,Ａ級予選,11:24,11:19,7,https://keirin.kdreams.jp/toride/racedetail/2320231102010003/?pageType=result,2026-10-04T02:17:50.002975+00:00,1-4-6/5/2-7-3,published,アオケイ,楽天Kドリームス 並び予想
2320231102010004,2023-11-02,取手競輪,F1,A1/A2,4,Ａ級予選,11:51,11:46,7,https://keirin.kdreams.jp/toride/racedetail/2320231102010004/?pageType=result,2026-10-04T02:17:52.207984+00:00,7-1/6/5-2/4-3,published,アオケイ,楽天Kドリームス 並び予想
2320231102010005,2023-11-02,取手競輪,F1,A1/A2,5,Ａ級初日特選,12:19,12:14,7,https://keirin.kdreams.jp/toride/racedetail/2320231102010005/?pageType=result,2026-10-04T02:17:54.700415+00:00,1/4/3-6/5-7-2,published,アオケイ,楽天Kドリームス 並び予想
4620231101020006,2023-11-02,富山競輪,F2,A1/A2,6,Ａ級一般,12:46,12:41,7,https://keirin.kdreams.jp/toyama/racedetail/4620231101020006/?pageType=result,2026-10-04T02:16:27.886381+00:00,1-7/2-4/5-3-6,published,中部競輪,楽天Kドリームス 並び予想
4620231101020007,2023-11-02,富山競輪,F2,A1/A2,7,Ａ級一般,13:16,13:11,7,https://keirin.kdreams.jp/toyama/racedetail/4620231101020007/?pageType=result,2026-10-04T02:16:30.316188+00:00,2-6/1-7/3-5-4,published,中部競輪,楽天Kドリームス 並び予想
4620231101020008,2023-11-02,富山競輪,F2,A1/A2,8,Ａ級選抜,13:46,13:41,7,https://keirin.kdreams.jp/toyama/racedetail/4620231101020008/?pageType=result,2026-10-04T02:16:32.754873+00:00,1-7-3-6/5-2-4,published,中部競輪,楽天Kドリームス 並び予想
4620231101020009,2023-11-02,富山競輪,F2,A1/A2,9,Ａ級選抜,14:17,14:12,7,https://keirin.kdreams.jp/toyama/racedetail/4620231101020009/?pageType=result,2026-10-04T02:16:35.367332+00:00,2-5-6/3/4-7-1,published,中部競輪,楽天Kドリームス 並び予想
4620231101020010,2023-11-02,富山競輪,F2,A1/A2,10,Ａ級準決勝,14:48,14:43,7,https://keirin.kdreams.jp/toyama/racedetail/4620231101020010/?pageType=result,2026-10-04T02:16:37.719851+00:00,1-5-4/2/7-3/6,published,中部競輪,楽天Kドリームス 並び予想
4620231101020011,2023-11-02,富山競輪,F2,A1/A2,11,Ａ級準決勝,15:21,15:16,7,https://keirin.kdreams.jp/toyama/racedetail/4620231101020011/?pageType=result,2026-10-04T02:16:39.696450+00:00,3-5/4-1-7/2-6,published,中部競輪,楽天Kドリームス 並び予想
4620231101020012,2023-11-02,富山競輪,F2,A1/A2,12,Ａ級準決勝,15:56,15:51,7,https://keirin.kdreams.jp/toyama/racedetail/4620231101020012/?pageType=result,2026-10-04T02:16:41.759573+00:00,7-1/2-4-5/6-3,published,中部競輪,楽天Kドリームス 並び予想
8120231101020003,2023-11-02,小倉競輪,F2,A1/A2,3,Ａ級特一般,21:30,21:25,7,https://keirin.kdreams.jp/kokura/racedetail/8120231101020003/?pageType=result,2026-10-04T02:14:45.578577+00:00,3-1-7/5-2-4/6,published,コンドル出版社,楽天Kドリームス 並び予想
8120231101020004,2023-11-02,小倉競輪,F2,A1/A2,4,Ａ級特一般,21:55,21:50,7,https://keirin.kdreams.jp/kokura/racedetail/8120231101020004/?pageType=result,2026-10-04T02:14:47.898255+00:00,2-6/1/4-3/7-5,published,コンドル出版社,楽天Kドリームス 並び予想
8120231101020005,2023-11-02,小倉競輪,F2,A1/A2,5,Ａ級準決勝,22:20,22:15,7,https://keirin.kdreams.jp/kokura/racedetail/8120231101020005/?pageType=result,2026-10-04T02:14:50.199457+00:00,1-2-7/3-4-5/6,published,コンドル出版社,楽天Kドリームス 並び予想
8120231101020006,2023-11-02,小倉競輪,F2,A1/A2,6,Ａ級準決勝,22:45,22:40,7,https://keirin.kdreams.jp/kokura/racedetail/8120231101020006/?pageType=result,2026-10-04T02:14:52.226791+00:00,3-1-4/7/5-2-6,published,コンドル出版社,楽天Kドリームス 並び予想
8120231101020007,2023-11-02,小倉競輪,F2,A1/A2,7,Ａ級準決勝,23:10,23:05,7,https://keirin.kdreams.jp/kokura/racedetail/8120231101020007/?pageType=result,2026-10-04T02:14:54.771770+00:00,1-4-5/2-3/7-6,published,コンドル出版社,楽天Kドリームス 並び予想
4720231101020001,2023-11-02,松阪競輪,F1,A1/A2,1,Ａ級一般,15:35,15:30,7,https://keirin.kdreams.jp/matsusaka/racedetail/4720231101020001/?pageType=result,2026-10-04T02:15:20.119235+00:00,2-6/4-1-7/5-3,published,中部競輪,楽天Kドリームス 並び予想
4720231101020002,2023-11-02,松阪競輪,F1,A1/A2,2,Ａ級一般,16:00,15:55,7,https://keirin.kdreams.jp/matsusaka/racedetail/4720231101020002/?pageType=result,2026-10-04T02:15:22.439513+00:00,5-1/7-2-4/3-6,published,中部競輪,楽天Kドリームス 並び予想
4720231101020003,2023-11-02,松阪競輪,F1,A1/A2,3,Ａ級準決勝,16:25,16:20,7,https://keirin.kdreams.jp/matsusaka/racedetail/4720231101020003/?pageType=result,2026-10-04T02:15:24.902319+00:00,4-1/7-2/3/5-6,published,中部競輪,楽天Kドリームス 並び予想
4720231101020004,2023-11-02,松阪競輪,F1,A1/A2,4,Ａ級準決勝,16:50,16:45,7,https://keirin.kdreams.jp/matsusaka/racedetail/4720231101020004/?pageType=result,2026-10-04T02:15:26.990068+00:00,1-4-6/5-2/3-7,published,中部競輪,楽天Kドリームス 並び予想
4720231101020005,2023-11-02,松阪競輪,F1,A1/A2,5,Ａ級準決勝,17:15,17:10,7,https://keirin.kdreams.jp/matsusaka/racedetail/4720231101020005/?pageType=result,2026-10-04T02:15:29.439254+00:00,1-5-4/2-6/7-3,published,中部競輪,楽天Kドリームス 並び予想
5120231102010001,2023-11-02,福井競輪,F2,A1/A2,1,Ａ級予選,08:50,08:45,7,https://keirin.kdreams.jp/fukui/racedetail/5120231102010001/?pageType=result,2026-10-04T02:17:00.417714+00:00,1-6/4-2-7/3-5,published,福井中部,楽天Kドリームス 並び予想
5120231102010002,2023-11-02,福井競輪,F2,A1/A2,2,Ａ級予選,09:10,09:05,7,https://keirin.kdreams.jp/fukui/racedetail/5120231102010002/?pageType=result,2026-10-04T02:17:02.391105+00:00,4-1-5-3/7-6-2,published,福井中部,楽天Kドリームス 並び予想
5120231102010003,2023-11-02,福井競輪,F2,A1/A2,3,Ａ級予選,09:30,09:25,7,https://keirin.kdreams.jp/fukui/racedetail/5120231102010003/?pageType=result,2026-10-04T02:17:04.816849+00:00,1-4-6/2-5/3-7,published,福井中部,楽天Kドリームス 並び予想
5120231102010004,2023-11-02,福井競輪,F2,A1/A2,4,Ａ級予選,09:50,09:45,7,https://keirin.kdreams.jp/fukui/racedetail/5120231102010004/?pageType=result,2026-10-04T02:17:06.867031+00:00,5-1-7/6-2/3-4,published,福井中部,楽天Kドリームス 並び予想
5120231102010005,2023-11-02,福井競輪,F2,A1/A2,5,Ａ級予選,10:10,10:05,7,https://keirin.kdreams.jp/fukui/racedetail/5120231102010005/?pageType=result,2026-10-04T02:17:08.965554+00:00,1-7-4/2/5-3-6,published,福井中部,楽天Kドリームス 並び予想
5120231102010006,2023-11-02,福井競輪,F2,A1/A2,6,Ａ級予選,10:30,10:25,7,https://keirin.kdreams.jp/fukui/racedetail/5120231102010006/?pageType=result,2026-10-04T02:17:10.972395+00:00,4-1-7/6/5-3-2,published,福井中部,楽天Kドリームス 並び予想
5120231102010007,2023-11-02,福井競輪,F2,A1/A2,7,Ａ級初日特選,10:50,10:45,7,https://keirin.kdreams.jp/fukui/racedetail/5120231102010007/?pageType=result,2026-10-04T02:17:13.435469+00:00,1-2/7-5-3/4-6,published,福井中部,楽天Kドリームス 並び予想
2320231102020001,2023-11-03,取手競輪,F1,A1/A2,1,Ａ級一般,10:30,10:25,7,https://keirin.kdreams.jp/toride/racedetail/2320231102020001/?pageType=result,2026-10-04T02:17:57.824175+00:00,1-5-7/2/4-3-6,published,アオケイ,楽天Kドリームス 並び予想
2320231102020002,2023-11-03,取手競輪,F1,A1/A2,2,Ａ級一般,10:57,10:52,7,https://keirin.kdreams.jp/toride/racedetail/2320231102020002/?pageType=result,2026-10-04T02:18:00.249087+00:00,1-6/7-2/5-3-4,published,アオケイ,楽天Kドリームス 並び予想
2320231102020003,2023-11-03,取手競輪,F1,A1/A2,3,Ａ級準決勝,11:24,11:19,7,https://keirin.kdreams.jp/toride/racedetail/2320231102020003/?pageType=result,2026-10-04T02:18:03.110909+00:00,1-5/6-3/7-2-4,published,アオケイ,楽天Kドリームス 並び予想
2320231102020004,2023-11-03,取手競輪,F1,A1/A2,4,Ａ級準決勝,11:51,11:46,7,https://keirin.kdreams.jp/toride/racedetail/2320231102020004/?pageType=result,2026-10-04T02:18:05.237869+00:00,4-1-6/2-7/3-5,published,アオケイ,楽天Kドリームス 並び予想
2320231102020005,2023-11-03,取手競輪,F1,A1/A2,5,Ａ級準決勝,12:19,12:14,7,https://keirin.kdreams.jp/toride/racedetail/2320231102020005/?pageType=result,2026-10-04T02:18:07.755041+00:00,1-5-2/4/6/7-3,published,アオケイ,楽天Kドリームス 並び予想
5420231103010008,2023-11-03,向日町競輪,F2,A1/A2,8,Ａ級特予選,14:22,14:17,7,https://keirin.kdreams.jp/mukomachi/racedetail/5420231103010008/?pageType=result,2026-10-04T02:19:01.719423+00:00,7-1-6/3/2-4-5,published,競輪研究,楽天Kドリームス 並び予想
5420231103010009,2023-11-03,向日町競輪,F2,A1/A2,9,Ａ級特予選,14:53,14:48,7,https://keirin.kdreams.jp/mukomachi/racedetail/5420231103010009/?pageType=result,2026-10-04T02:19:04.097277+00:00,1-4-6/3-7-2-5,published,競輪研究,楽天Kドリームス 並び予想
5420231103010010,2023-11-03,向日町競輪,F2,A1/A2,10,Ａ級特予選,15:27,15:22,7,https://keirin.kdreams.jp/mukomachi/racedetail/5420231103010010/?pageType=result,2026-10-04T02:19:06.462290+00:00,5-1-4/6/7-2-3,published,競輪研究,楽天Kドリームス 並び予想
5420231103010011,2023-11-03,向日町競輪,F2,A1/A2,11,Ａ級特予選,16:02,15:57,7,https://keirin.kdreams.jp/mukomachi/racedetail/5420231103010011/?pageType=result,2026-10-04T02:19:08.593840+00:00,1-4/3/6/2-5-7,published,競輪研究,楽天Kドリームス 並び予想
5420231103010012,2023-11-03,向日町競輪,F2,A1/A2,12,Ａ級初日特選,16:40,16:35,7,https://keirin.kdreams.jp/mukomachi/racedetail/5420231103010012/?pageType=result,2026-10-04T02:19:11.187392+00:00,1-4/5-2/3-7/6,published,競輪研究,楽天Kドリームス 並び予想
4620231101030005,2023-11-03,富山競輪,F2,A1/A2,5,Ａ級一般,12:16,12:11,6,https://keirin.kdreams.jp/toyama/racedetail/4620231101030005/?pageType=result,2026-10-04T02:16:43.750750+00:00,1-5/2-6/4-3,published,中部競輪,楽天Kドリームス 並び予想
4620231101030006,2023-11-03,富山競輪,F2,A1/A2,6,Ａ級一般,12:46,12:41,7,https://keirin.kdreams.jp/toyama/racedetail/4620231101030006/?pageType=result,2026-10-04T02:16:45.905284+00:00,1-4/7-2/5-3-6,published,中部競輪,楽天Kドリームス 並び予想
4620231101030007,2023-11-03,富山競輪,F2,A1/A2,7,Ａ級一般,13:16,13:11,7,https://keirin.kdreams.jp/toyama/racedetail/4620231101030007/?pageType=result,2026-10-04T02:16:48.407284+00:00,4-1-5/7-2/3-6,published,中部競輪,楽天Kドリームス 並び予想
4620231101030008,2023-11-03,富山競輪,F2,A1/A2,8,Ａ級特選,13:46,13:41,7,https://keirin.kdreams.jp/toyama/racedetail/4620231101030008/?pageType=result,2026-10-04T02:16:50.915468+00:00,6-2/1-4/5-7-3,published,中部競輪,楽天Kドリームス 並び予想
4620231101030009,2023-11-03,富山競輪,F2,A1/A2,9,Ａ級特選,14:17,14:12,7,https://keirin.kdreams.jp/toyama/racedetail/4620231101030009/?pageType=result,2026-10-04T02:16:52.991739+00:00,5-4/1-7/2/6-3,published,中部競輪,楽天Kドリームス 並び予想
4620231101030010,2023-11-03,富山競輪,F2,A1/A2,10,Ａ級特選,14:48,14:43,7,https://keirin.kdreams.jp/toyama/racedetail/4620231101030010/?pageType=result,2026-10-04T02:16:55.127485+00:00,5-3/6/4-1/7-2,published,中部競輪,楽天Kドリームス 並び予想
4620231101030012,2023-11-03,富山競輪,F2,A1/A2,12,Ａ級決勝,15:56,15:51,7,https://keirin.kdreams.jp/toyama/racedetail/4620231101030012/?pageType=result,2026-10-04T02:16:57.984630+00:00,5-2/1/6-3/7-4,published,中部競輪,楽天Kドリームス 並び予想
8120231101030002,2023-11-03,小倉競輪,F2,A1/A2,2,Ａ級特一般,21:05,21:00,7,https://keirin.kdreams.jp/kokura/racedetail/8120231101030002/?pageType=result,2026-10-04T02:14:56.950899+00:00,6-1-4/3-2-5/7,published,コンドル出版社,楽天Kドリームス 並び予想
8120231101030003,2023-11-03,小倉競輪,F2,A1/A2,3,Ａ級特一般,21:30,21:25,7,https://keirin.kdreams.jp/kokura/racedetail/8120231101030003/?pageType=result,2026-10-04T02:14:59.069076+00:00,3-1-4-7/6-2-5,published,コンドル出版社,楽天Kドリームス 並び予想
8120231101030004,2023-11-03,小倉競輪,F2,A1/A2,4,Ａ級特選,21:55,21:50,7,https://keirin.kdreams.jp/kokura/racedetail/8120231101030004/?pageType=result,2026-10-04T02:15:01.218859+00:00,7-1-2-4/5/3-6,published,コンドル出版社,楽天Kドリームス 並び予想
8120231101030005,2023-11-03,小倉競輪,F2,A1/A2,5,Ａ級特選,22:20,22:15,7,https://keirin.kdreams.jp/kokura/racedetail/8120231101030005/?pageType=result,2026-10-04T02:15:03.354490+00:00,5-1-7-4/2-3/6,published,コンドル出版社,楽天Kドリームス 並び予想
8120231101030007,2023-11-03,小倉競輪,F2,A1/A2,7,Ａ級決勝,23:10,23:05,7,https://keirin.kdreams.jp/kokura/racedetail/8120231101030007/?pageType=result,2026-10-04T02:15:05.835465+00:00,6-1/2-5-7/3-4,published,コンドル出版社,楽天Kドリームス 並び予想
4720231101030001,2023-11-03,松阪競輪,F1,A1/A2,1,Ａ級一般,15:39,15:34,7,https://keirin.kdreams.jp/matsusaka/racedetail/4720231101030001/?pageType=result,2026-10-04T02:15:31.951616+00:00,1-7/2-5/4-3-6,published,中部競輪,楽天Kドリームス 並び予想
4720231101030002,2023-11-03,松阪競輪,F1,A1/A2,2,Ａ級一般,16:03,15:58,7,https://keirin.kdreams.jp/matsusaka/racedetail/4720231101030002/?pageType=result,2026-10-04T02:15:33.381071+00:00,1-5-6/2-4/7-3,published,中部競輪,楽天Kドリームス 並び予想
4720231101030003,2023-11-03,松阪競輪,F1,A1/A2,3,Ａ級特選,16:27,16:22,7,https://keirin.kdreams.jp/matsusaka/racedetail/4720231101030003/?pageType=result,2026-10-04T02:15:35.207912+00:00,5-1-3/7/4-2-6,published,中部競輪,楽天Kドリームス 並び予想
4720231101030004,2023-11-03,松阪競輪,F1,A1/A2,4,Ａ級特選,16:51,16:46,7,https://keirin.kdreams.jp/matsusaka/racedetail/4720231101030004/?pageType=result,2026-10-04T02:15:37.390901+00:00,4-1-6/2/7-5-3,published,中部競輪,楽天Kドリームス 並び予想
4720231101030011,2023-11-03,松阪競輪,F1,A1/A2,11,Ａ級決勝,19:56,19:51,7,https://keirin.kdreams.jp/matsusaka/racedetail/4720231101030011/?pageType=result,2026-10-04T02:15:39.699170+00:00,2-4/5/7-3/6-1,published,中部競輪,楽天Kドリームス 並び予想
5120231102020001,2023-11-03,福井競輪,F2,A1/A2,1,Ａ級一般,08:50,08:45,6,https://keirin.kdreams.jp/fukui/racedetail/5120231102020001/?pageType=result,2026-10-04T02:17:15.491512+00:00,5-1-3/2-4-6,published,福井中部,楽天Kドリームス 並び予想
5120231102020002,2023-11-03,福井競輪,F2,A1/A2,2,Ａ級一般,09:10,09:05,7,https://keirin.kdreams.jp/fukui/racedetail/5120231102020002/?pageType=result,2026-10-04T02:17:18.104803+00:00,1-4-7/6/2-5-3,published,福井中部,楽天Kドリームス 並び予想
5120231102020003,2023-11-03,福井競輪,F2,A1/A2,3,Ａ級選抜,09:30,09:25,7,https://keirin.kdreams.jp/fukui/racedetail/5120231102020003/?pageType=result,2026-10-04T02:17:20.429604+00:00,1-4-5/6/7-2-3,published,福井中部,楽天Kドリームス 並び予想
5120231102020004,2023-11-03,福井競輪,F2,A1/A2,4,Ａ級選抜,09:50,09:45,7,https://keirin.kdreams.jp/fukui/racedetail/5120231102020004/?pageType=result,2026-10-04T02:17:22.445286+00:00,7-1-4/5-2-3-6,published,福井中部,楽天Kドリームス 並び予想
5120231102020005,2023-11-03,福井競輪,F2,A1/A2,5,Ａ級準決勝,10:10,10:05,7,https://keirin.kdreams.jp/fukui/racedetail/5120231102020005/?pageType=result,2026-10-04T02:17:24.617858+00:00,1-7/4-2-6/5-3,published,福井中部,楽天Kドリームス 並び予想
5120231102020006,2023-11-03,福井競輪,F2,A1/A2,6,Ａ級準決勝,10:30,10:25,7,https://keirin.kdreams.jp/fukui/racedetail/5120231102020006/?pageType=result,2026-10-04T02:17:26.927232+00:00,6-4-2/7-1/3-5,published,福井中部,楽天Kドリームス 並び予想
5120231102020007,2023-11-03,福井競輪,F2,A1/A2,7,Ａ級準決勝,10:50,10:45,7,https://keirin.kdreams.jp/fukui/racedetail/5120231102020007/?pageType=result,2026-10-04T02:17:29.083049+00:00,1-6/5-2-4/7-3,published,福井中部,楽天Kドリームス 並び予想
1220231103010008,2023-11-03,青森競輪,F2,A1/A2,8,Ａ級特予選,14:23,14:18,7,https://keirin.kdreams.jp/aomori/racedetail/1220231103010008/?pageType=result,2026-10-04T02:18:21.362685+00:00,2-5-4/7-1/6-3,published,アオケイ,楽天Kドリームス 並び予想
1220231103010009,2023-11-03,青森競輪,F2,A1/A2,9,Ａ級特予選,14:55,14:50,7,https://keirin.kdreams.jp/aomori/racedetail/1220231103010009/?pageType=result,2026-10-04T02:18:23.574467+00:00,7-1-5/2-6/3-4,published,アオケイ,楽天Kドリームス 並び予想
1220231103010010,2023-11-03,青森競輪,F2,A1/A2,10,Ａ級特予選,15:27,15:22,7,https://keirin.kdreams.jp/aomori/racedetail/1220231103010010/?pageType=result,2026-10-04T02:18:26.301822+00:00,2-7/4-1/5-3/6,published,アオケイ,楽天Kドリームス 並び予想
1220231103010011,2023-11-03,青森競輪,F2,A1/A2,11,Ａ級特予選,16:00,15:55,7,https://keirin.kdreams.jp/aomori/racedetail/1220231103010011/?pageType=result,2026-10-04T02:18:28.969810+00:00,1-5-7/2-6/3/4,published,アオケイ,楽天Kドリームス 並び予想
1220231103010012,2023-11-03,青森競輪,F2,A1/A2,12,Ａ級初日特選,16:35,16:30,7,https://keirin.kdreams.jp/aomori/racedetail/1220231103010012/?pageType=result,2026-10-04T02:18:31.511809+00:00,1-3/5-2/4-7-6,published,アオケイ,楽天Kドリームス 並び予想
3820231103010001,2023-11-03,静岡競輪,F1,A1/A2,1,Ａ級予選,15:37,15:32,7,https://keirin.kdreams.jp/shizuoka/racedetail/3820231103010001/?pageType=result,2026-10-04T02:19:39.740048+00:00,1-5/3-7/2-6-4,published,ひかり・小田競,楽天Kドリームス 並び予想
3820231103010002,2023-11-03,静岡競輪,F1,A1/A2,2,Ａ級予選,16:00,15:55,7,https://keirin.kdreams.jp/shizuoka/racedetail/3820231103010002/?pageType=result,2026-10-04T02:19:41.973529+00:00,4-1-7/2-5/3-6,published,ひかり・小田競,楽天Kドリームス 並び予想
3820231103010003,2023-11-03,静岡競輪,F1,A1/A2,3,Ａ級予選,16:23,16:18,7,https://keirin.kdreams.jp/shizuoka/racedetail/3820231103010003/?pageType=result,2026-10-04T02:19:44.084443+00:00,5-1-6/3-4/7-2,published,ひかり・小田競,楽天Kドリームス 並び予想
3820231103010004,2023-11-03,静岡競輪,F1,A1/A2,4,Ａ級予選,16:47,16:42,7,https://keirin.kdreams.jp/shizuoka/racedetail/3820231103010004/?pageType=result,2026-10-04T02:19:46.165351+00:00,4-1-6/2-5/3-7,published,ひかり・小田競,楽天Kドリームス 並び予想
3820231103010005,2023-11-03,静岡競輪,F1,A1/A2,5,Ａ級初日特選,17:11,17:06,7,https://keirin.kdreams.jp/shizuoka/racedetail/3820231103010005/?pageType=result,2026-10-04T02:19:48.430913+00:00,2-7-6/4-1/3-5,published,ひかり・小田競,楽天Kドリームス 並び予想
1320231104010003,2023-11-04,いわき平競輪,F2,A1/A2,3,Ａ級予選,21:30,21:25,7,https://keirin.kdreams.jp/iwakitaira/racedetail/1320231104010003/?pageType=result,2026-10-04T02:20:12.535547+00:00,3-2-4/1-5/6-7,published,アオケイ,楽天Kドリームス 並び予想
1320231104010004,2023-11-04,いわき平競輪,F2,A1/A2,4,Ａ級予選,21:50,21:45,7,https://keirin.kdreams.jp/iwakitaira/racedetail/1320231104010004/?pageType=result,2026-10-04T02:20:14.925072+00:00,1-2-7/3-4/6-5,published,アオケイ,楽天Kドリームス 並び予想
1320231104010005,2023-11-04,いわき平競輪,F2,A1/A2,5,Ａ級予選,22:10,22:05,7,https://keirin.kdreams.jp/iwakitaira/racedetail/1320231104010005/?pageType=result,2026-10-04T02:20:16.957405+00:00,1-2/3/5/7-4-6,published,アオケイ,楽天Kドリームス 並び予想
1320231104010006,2023-11-04,いわき平競輪,F2,A1/A2,6,Ａ級予選,22:30,22:25,7,https://keirin.kdreams.jp/iwakitaira/racedetail/1320231104010006/?pageType=result,2026-10-04T02:20:19.075726+00:00,1-2-4/3/5/7-6,published,アオケイ,楽天Kドリームス 並び予想
1320231104010007,2023-11-04,いわき平競輪,F2,A1/A2,7,Ａ級予選,22:50,22:45,7,https://keirin.kdreams.jp/iwakitaira/racedetail/1320231104010007/?pageType=result,2026-10-04T02:20:21.511130+00:00,1-4-5/3-2/7/6,published,アオケイ,楽天Kドリームス 並び予想
1320231104010008,2023-11-04,いわき平競輪,F2,A1/A2,8,Ａ級予選,23:10,23:05,7,https://keirin.kdreams.jp/iwakitaira/racedetail/1320231104010008/?pageType=result,2026-10-04T02:20:23.822070+00:00,6-2/4-7/5-1-3,published,アオケイ,楽天Kドリームス 並び予想
1320231104010009,2023-11-04,いわき平競輪,F2,A1/A2,9,Ａ級初日特選,23:30,23:25,7,https://keirin.kdreams.jp/iwakitaira/racedetail/1320231104010009/?pageType=result,2026-10-04T02:20:26.016243+00:00,1-2-5/3-7/4/6,published,アオケイ,楽天Kドリームス 並び予想
2320231102030001,2023-11-04,取手競輪,F1,A1/A2,1,Ａ級一般,10:30,10:25,7,https://keirin.kdreams.jp/toride/racedetail/2320231102030001/?pageType=result,2026-10-04T02:18:09.961259+00:00,1-7/6/2-4/5-3,published,アオケイ,楽天Kドリームス 並び予想
2320231102030002,2023-11-04,取手競輪,F1,A1/A2,2,Ａ級一般,10:57,10:52,7,https://keirin.kdreams.jp/toride/racedetail/2320231102030002/?pageType=result,2026-10-04T02:18:12.141021+00:00,2-6/1/5/7-3-4,published,アオケイ,楽天Kドリームス 並び予想
2320231102030003,2023-11-04,取手競輪,F1,A1/A2,3,Ａ級特選,11:24,11:19,7,https://keirin.kdreams.jp/toride/racedetail/2320231102030003/?pageType=result,2026-10-04T02:18:14.459410+00:00,7-1-5/6-2/3-4,published,アオケイ,楽天Kドリームス 並び予想
2320231102030004,2023-11-04,取手競輪,F1,A1/A2,4,Ａ級特選,11:51,11:46,7,https://keirin.kdreams.jp/toride/racedetail/2320231102030004/?pageType=result,2026-10-04T02:18:16.585438+00:00,1-4-6/2/7/5-3,published,アオケイ,楽天Kドリームス 並び予想
2320231102030011,2023-11-04,取手競輪,F1,A1/A2,11,Ａ級決勝,15:27,15:22,7,https://keirin.kdreams.jp/toride/racedetail/2320231102030011/?pageType=result,2026-10-04T02:18:18.773036+00:00,7-1-4/2-5/3-6,published,アオケイ,楽天Kドリームス 並び予想
5420231103020008,2023-11-04,向日町競輪,F2,A1/A2,8,Ａ級特一般,14:22,14:17,7,https://keirin.kdreams.jp/mukomachi/racedetail/5420231103020008/?pageType=result,2026-10-04T02:19:13.680631+00:00,2-7-4/5-1/3-6,published,競輪研究,楽天Kドリームス 並び予想
5420231103020009,2023-11-04,向日町競輪,F2,A1/A2,9,Ａ級特一般,14:53,14:48,7,https://keirin.kdreams.jp/mukomachi/racedetail/5420231103020009/?pageType=result,2026-10-04T02:19:16.332025+00:00,2-4-7/1/6/3-5,published,競輪研究,楽天Kドリームス 並び予想
5420231103020010,2023-11-04,向日町競輪,F2,A1/A2,10,Ａ級準決勝,15:27,15:22,7,https://keirin.kdreams.jp/mukomachi/racedetail/5420231103020010/?pageType=result,2026-10-04T02:19:18.865612+00:00,4-3-1-6/2-7/5,published,競輪研究,楽天Kドリームス 並び予想
5420231103020011,2023-11-04,向日町競輪,F2,A1/A2,11,Ａ級準決勝,16:02,15:57,7,https://keirin.kdreams.jp/mukomachi/racedetail/5420231103020011/?pageType=result,2026-10-04T02:19:21.486734+00:00,1-4/2-7/5/3-6,published,競輪研究,楽天Kドリームス 並び予想
5420231103020012,2023-11-04,向日町競輪,F2,A1/A2,12,Ａ級準決勝,16:40,16:35,7,https://keirin.kdreams.jp/mukomachi/racedetail/5420231103020012/?pageType=result,2026-10-04T02:19:24.748116+00:00,1-4/7-2/5-3-6,published,競輪研究,楽天Kドリームス 並び予想
4420231104010003,2023-11-04,大垣競輪,F2,A1/A2,3,Ａ級予選,21:20,21:15,7,https://keirin.kdreams.jp/ogaki/racedetail/4420231104010003/?pageType=result,2026-10-04T02:21:00.706467+00:00,1-2/3-4-6/7-5,published,ひかり,楽天Kドリームス 並び予想
4420231104010004,2023-11-04,大垣競輪,F2,A1/A2,4,Ａ級予選,21:40,21:35,7,https://keirin.kdreams.jp/ogaki/racedetail/4420231104010004/?pageType=result,2026-10-04T02:21:03.200503+00:00,1-4-5/2-3-6/7,published,ひかり,楽天Kドリームス 並び予想
4420231104010005,2023-11-04,大垣競輪,F2,A1/A2,5,Ａ級予選,22:00,21:55,7,https://keirin.kdreams.jp/ogaki/racedetail/4420231104010005/?pageType=result,2026-10-04T02:21:05.404929+00:00,4-1-5/6/3-2-7,published,ひかり,楽天Kドリームス 並び予想
4420231104010006,2023-11-04,大垣競輪,F2,A1/A2,6,Ａ級予選,22:20,22:15,7,https://keirin.kdreams.jp/ogaki/racedetail/4420231104010006/?pageType=result,2026-10-04T02:21:07.644122+00:00,2-1-6/4-5/7-3,published,ひかり,楽天Kドリームス 並び予想
4420231104010007,2023-11-04,大垣競輪,F2,A1/A2,7,Ａ級予選,22:40,22:35,7,https://keirin.kdreams.jp/ogaki/racedetail/4420231104010007/?pageType=result,2026-10-04T02:21:10.159072+00:00,1-2-7/3-4/6-5,published,ひかり,楽天Kドリームス 並び予想
4420231104010008,2023-11-04,大垣競輪,F2,A1/A2,8,Ａ級予選,23:00,22:55,7,https://keirin.kdreams.jp/ogaki/racedetail/4420231104010008/?pageType=result,2026-10-04T02:21:12.513197+00:00,2-1-4-6/3/5/7,published,ひかり,楽天Kドリームス 並び予想
4420231104010009,2023-11-04,大垣競輪,F2,A1/A2,9,Ａ級初日特選,23:20,23:15,7,https://keirin.kdreams.jp/ogaki/racedetail/4420231104010009/?pageType=result,2026-10-04T02:21:15.218592+00:00,2-1-7/6/5-3-4,published,ひかり,楽天Kドリームス 並び予想
5120231102030001,2023-11-04,福井競輪,F2,A1/A2,1,Ａ級一般,08:50,08:45,6,https://keirin.kdreams.jp/fukui/racedetail/5120231102030001/?pageType=result,2026-10-04T02:17:30.959231+00:00,5-1/2-4/3-6,published,福井中部,楽天Kドリームス 並び予想
5120231102030002,2023-11-04,福井競輪,F2,A1/A2,2,Ａ級一般,09:10,09:05,7,https://keirin.kdreams.jp/fukui/racedetail/5120231102030002/?pageType=result,2026-10-04T02:17:32.962784+00:00,5-3-1-7/6/4-2,published,福井中部,楽天Kドリームス 並び予想
5120231102030003,2023-11-04,福井競輪,F2,A1/A2,3,Ａ級一般,09:30,09:25,7,https://keirin.kdreams.jp/fukui/racedetail/5120231102030003/?pageType=result,2026-10-04T02:17:35.153606+00:00,4-2-6/1/3-5-7,published,福井中部,楽天Kドリームス 並び予想
5120231102030004,2023-11-04,福井競輪,F2,A1/A2,4,Ａ級特選,09:50,09:45,7,https://keirin.kdreams.jp/fukui/racedetail/5120231102030004/?pageType=result,2026-10-04T02:17:37.285164+00:00,1-5/2-7/4-3-6,published,福井中部,楽天Kドリームス 並び予想
5120231102030005,2023-11-04,福井競輪,F2,A1/A2,5,Ａ級特選,10:10,10:05,7,https://keirin.kdreams.jp/fukui/racedetail/5120231102030005/?pageType=result,2026-10-04T02:17:39.342918+00:00,7-6-1/2-5/4-3,published,福井中部,楽天Kドリームス 並び予想
5120231102030006,2023-11-04,福井競輪,F2,A1/A2,6,Ａ級特選,10:30,10:25,7,https://keirin.kdreams.jp/fukui/racedetail/5120231102030006/?pageType=result,2026-10-04T02:17:41.376028+00:00,7-2-4/1-5/6-3,published,福井中部,楽天Kドリームス 並び予想
5120231102030007,2023-11-04,福井競輪,F2,A1/A2,7,Ａ級決勝,10:50,10:45,7,https://keirin.kdreams.jp/fukui/racedetail/5120231102030007/?pageType=result,2026-10-04T02:17:43.390518+00:00,1-6/2-4/3-7-5,published,福井中部,楽天Kドリームス 並び予想
1220231103020008,2023-11-04,青森競輪,F2,A1/A2,8,Ａ級特一般,14:23,14:18,7,https://keirin.kdreams.jp/aomori/racedetail/1220231103020008/?pageType=result,2026-10-04T02:18:34.076329+00:00,3-7/5-1/2-4/6,published,アオケイ,楽天Kドリームス 並び予想
1220231103020009,2023-11-04,青森競輪,F2,A1/A2,9,Ａ級特一般,14:55,14:50,7,https://keirin.kdreams.jp/aomori/racedetail/1220231103020009/?pageType=result,2026-10-04T02:18:37.400196+00:00,1-3-5/4-7-2/6,published,アオケイ,楽天Kドリームス 並び予想
1220231103020010,2023-11-04,青森競輪,F2,A1/A2,10,Ａ級準決勝,15:27,15:22,7,https://keirin.kdreams.jp/aomori/racedetail/1220231103020010/?pageType=result,2026-10-04T02:18:40.043970+00:00,6-3/4-1/2-7-5,published,アオケイ,楽天Kドリームス 並び予想
1220231103020011,2023-11-04,青森競輪,F2,A1/A2,11,Ａ級準決勝,16:00,15:55,7,https://keirin.kdreams.jp/aomori/racedetail/1220231103020011/?pageType=result,2026-10-04T02:18:43.071242+00:00,6-4-1/2-5/3-7,published,アオケイ,楽天Kドリームス 並び予想
1220231103020012,2023-11-04,青森競輪,F2,A1/A2,12,Ａ級準決勝,16:35,16:30,7,https://keirin.kdreams.jp/aomori/racedetail/1220231103020012/?pageType=result,2026-10-04T02:18:45.499631+00:00,7-2-1/5-3/6-4,published,アオケイ,楽天Kドリームス 並び予想
3820231103020001,2023-11-04,静岡競輪,F1,A1/A2,1,Ａ級一般,15:39,15:34,7,https://keirin.kdreams.jp/shizuoka/racedetail/3820231103020001/?pageType=result,2026-10-04T02:19:50.887354+00:00,2-4-6/7-1/3-5,published,ひかり・小田競,楽天Kドリームス 並び予想
3820231103020002,2023-11-04,静岡競輪,F1,A1/A2,2,Ａ級一般,16:03,15:58,7,https://keirin.kdreams.jp/shizuoka/racedetail/3820231103020002/?pageType=result,2026-10-04T02:19:53.021833+00:00,6-1/2-5-7/4-3,published,ひかり・小田競,楽天Kドリームス 並び予想
3820231103020003,2023-11-04,静岡競輪,F1,A1/A2,3,Ａ級準決勝,16:27,16:22,7,https://keirin.kdreams.jp/shizuoka/racedetail/3820231103020003/?pageType=result,2026-10-04T02:19:55.427750+00:00,5-1-3-4/2-7-6,published,ひかり・小田競,楽天Kドリームス 並び予想
3820231103020004,2023-11-04,静岡競輪,F1,A1/A2,4,Ａ級準決勝,16:51,16:46,7,https://keirin.kdreams.jp/shizuoka/racedetail/3820231103020004/?pageType=result,2026-10-04T02:19:57.451763+00:00,1-7-5/2/4-6-3,published,ひかり・小田競,楽天Kドリームス 並び予想
3820231103020005,2023-11-04,静岡競輪,F1,A1/A2,5,Ａ級準決勝,17:15,17:10,7,https://keirin.kdreams.jp/shizuoka/racedetail/3820231103020005/?pageType=result,2026-10-04T02:19:59.676308+00:00,6-3/5-1-4/7-2,published,ひかり・小田競,楽天Kドリームス 並び予想
1320231104020003,2023-11-05,いわき平競輪,F2,A1/A2,3,Ａ級一般,21:30,21:25,6,https://keirin.kdreams.jp/iwakitaira/racedetail/1320231104020003/?pageType=result,2026-10-04T02:20:27.974250+00:00,5-1-2/4/3-6,published,アオケイ,楽天Kドリームス 並び予想
1320231104020004,2023-11-05,いわき平競輪,F2,A1/A2,4,Ａ級一般,21:50,21:45,7,https://keirin.kdreams.jp/iwakitaira/racedetail/1320231104020004/?pageType=result,2026-10-04T02:20:30.303657+00:00,2-3/4-1/7-5/6,published,アオケイ,楽天Kドリームス 並び予想
1320231104020005,2023-11-05,いわき平競輪,F2,A1/A2,5,Ａ級選抜,22:10,22:05,7,https://keirin.kdreams.jp/iwakitaira/racedetail/1320231104020005/?pageType=result,2026-10-04T02:20:32.676723+00:00,1-6-7/2-4/3-5,published,アオケイ,楽天Kドリームス 並び予想
1320231104020006,2023-11-05,いわき平競輪,F2,A1/A2,6,Ａ級選抜,22:30,22:25,7,https://keirin.kdreams.jp/iwakitaira/racedetail/1320231104020006/?pageType=result,2026-10-04T02:20:34.653112+00:00,1-2-4-7/3/5/6,published,アオケイ,楽天Kドリームス 並び予想
1320231104020007,2023-11-05,いわき平競輪,F2,A1/A2,7,Ａ級準決勝,22:50,22:45,7,https://keirin.kdreams.jp/iwakitaira/racedetail/1320231104020007/?pageType=result,2026-10-04T02:20:36.727667+00:00,1-2-5-6/3-7/4,published,アオケイ,楽天Kドリームス 並び予想
1320231104020008,2023-11-05,いわき平競輪,F2,A1/A2,8,Ａ級準決勝,23:10,23:05,7,https://keirin.kdreams.jp/iwakitaira/racedetail/1320231104020008/?pageType=result,2026-10-04T02:20:39.306380+00:00,7-1-6/4-2/3/5,published,アオケイ,楽天Kドリームス 並び予想
1320231104020009,2023-11-05,いわき平競輪,F2,A1/A2,9,Ａ級準決勝,23:30,23:25,7,https://keirin.kdreams.jp/iwakitaira/racedetail/1320231104020009/?pageType=result,2026-10-04T02:20:41.759965+00:00,1-2-6-3-5/4-7,published,アオケイ,楽天Kドリームス 並び予想
5420231103030005,2023-11-05,向日町競輪,F2,A1/A2,5,Ａ級特一般,12:51,12:46,7,https://keirin.kdreams.jp/mukomachi/racedetail/5420231103030005/?pageType=result,2026-10-04T02:19:27.560942+00:00,4-1/6/5-7-3-2,published,競輪研究,楽天Kドリームス 並び予想
5420231103030006,2023-11-05,向日町競輪,F2,A1/A2,6,Ａ級特一般,13:21,13:16,7,https://keirin.kdreams.jp/mukomachi/racedetail/5420231103030006/?pageType=result,2026-10-04T02:19:29.857632+00:00,4-2-6/1-7/3/5,published,競輪研究,楽天Kドリームス 並び予想
5420231103030008,2023-11-05,向日町競輪,F2,A1/A2,8,Ａ級特選,14:22,14:17,7,https://keirin.kdreams.jp/mukomachi/racedetail/5420231103030008/?pageType=result,2026-10-04T02:19:32.473347+00:00,4-2/7-1/6-5-3,published,競輪研究,楽天Kドリームス 並び予想
5420231103030009,2023-11-05,向日町競輪,F2,A1/A2,9,Ａ級特選,14:53,14:48,7,https://keirin.kdreams.jp/mukomachi/racedetail/5420231103030009/?pageType=result,2026-10-04T02:19:34.999814+00:00,4-1-5/6/2-7-3,published,競輪研究,楽天Kドリームス 並び予想
5420231103030012,2023-11-05,向日町競輪,F2,A1/A2,12,Ａ級決勝,16:40,16:35,7,https://keirin.kdreams.jp/mukomachi/racedetail/5420231103030012/?pageType=result,2026-10-04T02:19:37.366406+00:00,2-6/1/5-3-7-4,published,競輪研究,楽天Kドリームス 並び予想
4420231104020003,2023-11-05,大垣競輪,F2,A1/A2,3,Ａ級一般,21:20,21:15,7,https://keirin.kdreams.jp/ogaki/racedetail/4420231104020003/?pageType=result,2026-10-04T02:21:17.614346+00:00,5-1/6/2-3-4/7,published,ひかり,楽天Kドリームス 並び予想
4420231104020004,2023-11-05,大垣競輪,F2,A1/A2,4,Ａ級一般,21:40,21:35,7,https://keirin.kdreams.jp/ogaki/racedetail/4420231104020004/?pageType=result,2026-10-04T02:21:19.801662+00:00,1-5-6/3-4/7-2,published,ひかり,楽天Kドリームス 並び予想
4420231104020005,2023-11-05,大垣競輪,F2,A1/A2,5,Ａ級選抜,22:00,21:55,7,https://keirin.kdreams.jp/ogaki/racedetail/4420231104020005/?pageType=result,2026-10-04T02:21:21.887066+00:00,1-5-4/6/2-3-7,published,ひかり,楽天Kドリームス 並び予想
4420231104020006,2023-11-05,大垣競輪,F2,A1/A2,6,Ａ級選抜,22:20,22:15,7,https://keirin.kdreams.jp/ogaki/racedetail/4420231104020006/?pageType=result,2026-10-04T02:21:24.374308+00:00,2-3-1/5/7/4-6,published,ひかり,楽天Kドリームス 並び予想
4420231104020007,2023-11-05,大垣競輪,F2,A1/A2,7,Ａ級準決勝,22:40,22:35,7,https://keirin.kdreams.jp/ogaki/racedetail/4420231104020007/?pageType=result,2026-10-04T02:21:26.533705+00:00,1-5/3/6-2/4-7,published,ひかり,楽天Kドリームス 並び予想
4420231104020008,2023-11-05,大垣競輪,F2,A1/A2,8,Ａ級準決勝,23:00,22:55,7,https://keirin.kdreams.jp/ogaki/racedetail/4420231104020008/?pageType=result,2026-10-04T02:21:28.606871+00:00,3-1-7/6-4/5-2,published,ひかり,楽天Kドリームス 並び予想
4420231104020009,2023-11-05,大垣競輪,F2,A1/A2,9,Ａ級準決勝,23:20,23:15,7,https://keirin.kdreams.jp/ogaki/racedetail/4420231104020009/?pageType=result,2026-10-04T02:21:30.610625+00:00,1-2-7/4-6/5-3,published,ひかり,楽天Kドリームス 並び予想
1220231103030006,2023-11-05,青森競輪,F2,A1/A2,6,Ａ級特一般,13:19,13:14,7,https://keirin.kdreams.jp/aomori/racedetail/1220231103030006/?pageType=result,2026-10-04T02:18:47.940178+00:00,4-1/2/7-3/6/5,published,アオケイ,楽天Kドリームス 並び予想
1220231103030007,2023-11-05,青森競輪,F2,A1/A2,7,Ａ級特一般,13:51,13:46,7,https://keirin.kdreams.jp/aomori/racedetail/1220231103030007/?pageType=result,2026-10-04T02:18:51.554750+00:00,4-1/2-5-6/3/7,published,アオケイ,楽天Kドリームス 並び予想
1220231103030008,2023-11-05,青森競輪,F2,A1/A2,8,Ａ級特選,14:23,14:18,7,https://keirin.kdreams.jp/aomori/racedetail/1220231103030008/?pageType=result,2026-10-04T02:18:54.438412+00:00,3-2-6/1-7-4/5,published,アオケイ,楽天Kドリームス 並び予想
1220231103030009,2023-11-05,青森競輪,F2,A1/A2,9,Ａ級特選,14:55,14:50,7,https://keirin.kdreams.jp/aomori/racedetail/1220231103030009/?pageType=result,2026-10-04T02:18:56.953543+00:00,1-3-7-4/2/6-5,published,アオケイ,楽天Kドリームス 並び予想
1220231103030012,2023-11-05,青森競輪,F2,A1/A2,12,Ａ級決勝,16:35,16:30,7,https://keirin.kdreams.jp/aomori/racedetail/1220231103030012/?pageType=result,2026-10-04T02:18:59.401000+00:00,1-6/7-2/3-5/4,published,アオケイ,楽天Kドリームス 並び予想
3820231103030001,2023-11-05,静岡競輪,F1,A1/A2,1,Ａ級一般,15:39,15:34,7,https://keirin.kdreams.jp/shizuoka/racedetail/3820231103030001/?pageType=result,2026-10-04T02:20:01.942895+00:00,1-7-5/2-6/3-4,published,ひかり・小田競,楽天Kドリームス 並び予想
3820231103030002,2023-11-05,静岡競輪,F1,A1/A2,2,Ａ級一般,16:03,15:58,7,https://keirin.kdreams.jp/shizuoka/racedetail/3820231103030002/?pageType=result,2026-10-04T02:20:04.023804+00:00,7-2-1/4/5-3-6,published,ひかり・小田競,楽天Kドリームス 並び予想
3820231103030003,2023-11-05,静岡競輪,F1,A1/A2,3,Ａ級特選,16:27,16:22,7,https://keirin.kdreams.jp/shizuoka/racedetail/3820231103030003/?pageType=result,2026-10-04T02:20:06.365783+00:00,5-1/7-2-4/6-3,published,ひかり・小田競,楽天Kドリームス 並び予想
3820231103030004,2023-11-05,静岡競輪,F1,A1/A2,4,Ａ級特選,16:51,16:46,7,https://keirin.kdreams.jp/shizuoka/racedetail/3820231103030004/?pageType=result,2026-10-04T02:20:08.462637+00:00,1-6-4/2/5-3-7,published,ひかり・小田競,楽天Kドリームス 並び予想
3820231103030010,2023-11-05,静岡競輪,F1,A1/A2,10,Ａ級決勝,19:26,19:21,7,https://keirin.kdreams.jp/shizuoka/racedetail/3820231103030010/?pageType=result,2026-10-04T02:20:10.566980+00:00,5-2-4/1-6/7-3,published,ひかり・小田競,楽天Kドリームス 並び予想
1320231104030002,2023-11-06,いわき平競輪,F2,A1/A2,2,Ａ級一般,21:10,21:05,7,https://keirin.kdreams.jp/iwakitaira/racedetail/1320231104030002/?pageType=result,2026-10-04T02:20:44.061897+00:00,4-2-3-5/1/6-7,published,アオケイ,楽天Kドリームス 並び予想
1320231104030003,2023-11-06,いわき平競輪,F2,A1/A2,3,Ａ級一般,21:30,21:25,7,https://keirin.kdreams.jp/iwakitaira/racedetail/1320231104030003/?pageType=result,2026-10-04T02:20:46.329953+00:00,3-1/2-4/5-6/7,published,アオケイ,楽天Kドリームス 並び予想
1320231104030004,2023-11-06,いわき平競輪,F2,A1/A2,4,Ａ級一般,21:50,21:45,7,https://keirin.kdreams.jp/iwakitaira/racedetail/1320231104030004/?pageType=result,2026-10-04T02:20:48.608870+00:00,1-7-6/4-2-3-5,published,アオケイ,楽天Kドリームス 並び予想
1320231104030005,2023-11-06,いわき平競輪,F2,A1/A2,5,Ａ級特選,22:10,22:05,7,https://keirin.kdreams.jp/iwakitaira/racedetail/1320231104030005/?pageType=result,2026-10-04T02:20:50.930728+00:00,5-1-6/2-4-7/3,published,アオケイ,楽天Kドリームス 並び予想
1320231104030006,2023-11-06,いわき平競輪,F2,A1/A2,6,Ａ級特選,22:30,22:25,7,https://keirin.kdreams.jp/iwakitaira/racedetail/1320231104030006/?pageType=result,2026-10-04T02:20:53.433157+00:00,1-5/2-6-7/3-4,published,アオケイ,楽天Kドリームス 並び予想
1320231104030007,2023-11-06,いわき平競輪,F2,A1/A2,7,Ａ級特選,22:50,22:45,7,https://keirin.kdreams.jp/iwakitaira/racedetail/1320231104030007/?pageType=result,2026-10-04T02:20:55.967016+00:00,2-1-5/3-4/7-6,published,アオケイ,楽天Kドリームス 並び予想
1320231104030009,2023-11-06,いわき平競輪,F2,A1/A2,9,Ａ級決勝,23:30,23:25,7,https://keirin.kdreams.jp/iwakitaira/racedetail/1320231104030009/?pageType=result,2026-10-04T02:20:58.267015+00:00,1-3/4-5/7-2-6,published,アオケイ,楽天Kドリームス 並び予想
8620231106010001,2023-11-06,別府競輪,F1,A1/A2,1,Ａ級予選,15:55,15:50,7,https://keirin.kdreams.jp/beppu/racedetail/8620231106010001/?pageType=result,2026-10-04T02:21:48.533487+00:00,4-1-7/5-2-6/3,published,ダービー,楽天Kドリームス 並び予想
8620231106010002,2023-11-06,別府競輪,F1,A1/A2,2,Ａ級予選,16:19,16:14,7,https://keirin.kdreams.jp/beppu/racedetail/8620231106010002/?pageType=result,2026-10-04T02:21:51.193399+00:00,1-6/4-2/5-3-7,published,ダービー,楽天Kドリームス 並び予想
8620231106010003,2023-11-06,別府競輪,F1,A1/A2,3,Ａ級予選,16:43,16:38,7,https://keirin.kdreams.jp/beppu/racedetail/8620231106010003/?pageType=result,2026-10-04T02:21:53.834743+00:00,4-3-1-6/7-2/5,published,ダービー,楽天Kドリームス 並び予想
8620231106010004,2023-11-06,別府競輪,F1,A1/A2,4,Ａ級予選,17:07,17:02,7,https://keirin.kdreams.jp/beppu/racedetail/8620231106010004/?pageType=result,2026-10-04T02:21:56.074167+00:00,3-7-4/1/5-2-6,published,ダービー,楽天Kドリームス 並び予想
8620231106010005,2023-11-06,別府競輪,F1,A1/A2,5,Ａ級初日特選,17:31,17:26,7,https://keirin.kdreams.jp/beppu/racedetail/8620231106010005/?pageType=result,2026-10-04T02:21:57.981683+00:00,7-1-6/5-2/3-4,published,ダービー,楽天Kドリームス 並び予想
4420231104030002,2023-11-06,大垣競輪,F2,A1/A2,2,Ａ級一般,21:00,20:55,7,https://keirin.kdreams.jp/ogaki/racedetail/4420231104030002/?pageType=result,2026-10-04T02:21:33.247390+00:00,5-1-6/2-7/3-4,published,ひかり,楽天Kドリームス 並び予想
4420231104030003,2023-11-06,大垣競輪,F2,A1/A2,3,Ａ級一般,21:20,21:15,7,https://keirin.kdreams.jp/ogaki/racedetail/4420231104030003/?pageType=result,2026-10-04T02:21:35.236521+00:00,1-2-5/3/7-4/6,published,ひかり,楽天Kドリームス 並び予想
4420231104030004,2023-11-06,大垣競輪,F2,A1/A2,4,Ａ級一般,21:40,21:35,7,https://keirin.kdreams.jp/ogaki/racedetail/4420231104030004/?pageType=result,2026-10-04T02:21:37.407401+00:00,1-3/2-4/5/6/7,published,ひかり,楽天Kドリームス 並び予想
4420231104030005,2023-11-06,大垣競輪,F2,A1/A2,5,Ａ級特選,22:00,21:55,7,https://keirin.kdreams.jp/ogaki/racedetail/4420231104030005/?pageType=result,2026-10-04T02:21:40.154322+00:00,2-7/1-6/4-3-5,published,ひかり,楽天Kドリームス 並び予想
4420231104030006,2023-11-06,大垣競輪,F2,A1/A2,6,Ａ級特選,22:20,22:15,7,https://keirin.kdreams.jp/ogaki/racedetail/4420231104030006/?pageType=result,2026-10-04T02:21:42.227122+00:00,1-3-6/2-5-4-7,published,ひかり,楽天Kドリームス 並び予想
4420231104030007,2023-11-06,大垣競輪,F2,A1/A2,7,Ａ級特選,22:40,22:35,7,https://keirin.kdreams.jp/ogaki/racedetail/4420231104030007/?pageType=result,2026-10-04T02:21:44.339711+00:00,2-1-7/3-6/5-4,published,ひかり,楽天Kドリームス 並び予想
4420231104030009,2023-11-06,大垣競輪,F2,A1/A2,9,Ａ級決勝,23:20,23:15,7,https://keirin.kdreams.jp/ogaki/racedetail/4420231104030009/?pageType=result,2026-10-04T02:21:46.501885+00:00,1-6-2/3/4/5-7,published,ひかり,楽天Kドリームス 並び予想
7320231106010001,2023-11-06,小松島競輪,F1,A1/A2,1,Ａ級予選,10:56,10:51,7,https://keirin.kdreams.jp/komatsushima/racedetail/7320231106010001/?pageType=result,2026-10-04T02:22:55.657110+00:00,1-5/2-7/4-3-6,published,競輪毎日,楽天Kドリームス 並び予想
7320231106010002,2023-11-06,小松島競輪,F1,A1/A2,2,Ａ級予選,11:24,11:19,7,https://keirin.kdreams.jp/komatsushima/racedetail/7320231106010002/?pageType=result,2026-10-04T02:22:58.070385+00:00,2-4/1/5-3-6/7,published,競輪毎日,楽天Kドリームス 並び予想
7320231106010003,2023-11-06,小松島競輪,F1,A1/A2,3,Ａ級予選,11:54,11:49,7,https://keirin.kdreams.jp/komatsushima/racedetail/7320231106010003/?pageType=result,2026-10-04T02:23:00.239873+00:00,1-7/6-2-4/3-5,published,競輪毎日,楽天Kドリームス 並び予想
7320231106010004,2023-11-06,小松島競輪,F1,A1/A2,4,Ａ級予選,12:24,12:19,7,https://keirin.kdreams.jp/komatsushima/racedetail/7320231106010004/?pageType=result,2026-10-04T02:23:02.327197+00:00,5-1-7/4-2/6-3,published,競輪毎日,楽天Kドリームス 並び予想
7320231106010005,2023-11-06,小松島競輪,F1,A1/A2,5,Ａ級初日特選,12:55,12:50,7,https://keirin.kdreams.jp/komatsushima/racedetail/7320231106010005/?pageType=result,2026-10-04T02:23:04.461967+00:00,7-3-5-1/2/4-6,published,競輪毎日,楽天Kドリームス 並び予想
3520231106010008,2023-11-06,平塚競輪,F2,A1/A2,8,Ａ級特予選,18:29,18:24,7,https://keirin.kdreams.jp/hiratsuka/racedetail/3520231106010008/?pageType=result,2026-10-04T02:22:23.031145+00:00,6-5-1/4-2/7-3,published,小田競・サイクル,楽天Kドリームス 並び予想
3520231106010009,2023-11-06,平塚競輪,F2,A1/A2,9,Ａ級特予選,18:56,18:51,7,https://keirin.kdreams.jp/hiratsuka/racedetail/3520231106010009/?pageType=result,2026-10-04T02:22:25.089800+00:00,1-5-7/2-4/3-6,published,小田競・サイクル,楽天Kドリームス 並び予想
3520231106010010,2023-11-06,平塚競輪,F2,A1/A2,10,Ａ級特予選,19:24,19:19,7,https://keirin.kdreams.jp/hiratsuka/racedetail/3520231106010010/?pageType=result,2026-10-04T02:22:27.198161+00:00,7-3/2-5/1-4-6,published,小田競・サイクル,楽天Kドリームス 並び予想
3520231106010011,2023-11-06,平塚競輪,F2,A1/A2,11,Ａ級特予選,19:53,19:48,7,https://keirin.kdreams.jp/hiratsuka/racedetail/3520231106010011/?pageType=result,2026-10-04T02:22:29.326467+00:00,5-1-4/3-7/6-2,published,小田競・サイクル,楽天Kドリームス 並び予想
3520231106010012,2023-11-06,平塚競輪,F2,A1/A2,12,Ａ級初日特選,20:25,20:20,7,https://keirin.kdreams.jp/hiratsuka/racedetail/3520231106010012/?pageType=result,2026-10-04T02:22:31.306387+00:00,7-3-5/1/6-4-2,published,小田競・サイクル,楽天Kドリームス 並び予想
4520231106010001,2023-11-06,豊橋競輪,F1,A1/A2,1,Ａ級予選,10:40,10:35,7,https://keirin.kdreams.jp/toyohashi/racedetail/4520231106010001/?pageType=result,2026-10-04T02:23:29.051299+00:00,1-5/6-2/3-7-4,published,中部競輪,楽天Kドリームス 並び予想
4520231106010002,2023-11-06,豊橋競輪,F1,A1/A2,2,Ａ級予選,11:08,11:03,7,https://keirin.kdreams.jp/toyohashi/racedetail/4520231106010002/?pageType=result,2026-10-04T02:23:31.124598+00:00,1-4/3-6/5-2-7,published,中部競輪,楽天Kドリームス 並び予想
4520231106010003,2023-11-06,豊橋競輪,F1,A1/A2,3,Ａ級予選,11:36,11:31,7,https://keirin.kdreams.jp/toyohashi/racedetail/4520231106010003/?pageType=result,2026-10-04T02:23:33.290710+00:00,1-7-4-6/3/2-5,published,中部競輪,楽天Kドリームス 並び予想
4520231106010004,2023-11-06,豊橋競輪,F1,A1/A2,4,Ａ級予選,12:06,12:01,7,https://keirin.kdreams.jp/toyohashi/racedetail/4520231106010004/?pageType=result,2026-10-04T02:23:35.578220+00:00,5-7-1/6-2/3-4,published,中部競輪,楽天Kドリームス 並び予想
4520231106010005,2023-11-06,豊橋競輪,F1,A1/A2,5,Ａ級初日特選,12:36,12:31,7,https://keirin.kdreams.jp/toyohashi/racedetail/4520231106010005/?pageType=result,2026-10-04T02:23:37.711865+00:00,2-4/1/3-6-5/7,published,中部競輪,楽天Kドリームス 並び予想
8520231107010001,2023-11-07,佐世保競輪,F2,A1/A2,1,Ａ級予選,08:50,08:45,7,https://keirin.kdreams.jp/sasebo/racedetail/8520231107010001/?pageType=result,2026-10-04T02:24:39.132544+00:00,1-5/7-2-4/6-3,published,百万弗,楽天Kドリームス 並び予想
8520231107010002,2023-11-07,佐世保競輪,F2,A1/A2,2,Ａ級予選,09:10,09:05,7,https://keirin.kdreams.jp/sasebo/racedetail/8520231107010002/?pageType=result,2026-10-04T02:24:41.270780+00:00,4-1/7-2/5-3-6,published,百万弗,楽天Kドリームス 並び予想
8520231107010003,2023-11-07,佐世保競輪,F2,A1/A2,3,Ａ級予選,09:30,09:25,7,https://keirin.kdreams.jp/sasebo/racedetail/8520231107010003/?pageType=result,2026-10-04T02:24:43.732400+00:00,1-7-4/6/5-2-3,published,百万弗,楽天Kドリームス 並び予想
8520231107010004,2023-11-07,佐世保競輪,F2,A1/A2,4,Ａ級予選,09:50,09:45,7,https://keirin.kdreams.jp/sasebo/racedetail/8520231107010004/?pageType=result,2026-10-04T02:24:45.780887+00:00,4-1-6/5/7-2-3,published,百万弗,楽天Kドリームス 並び予想
8520231107010005,2023-11-07,佐世保競輪,F2,A1/A2,5,Ａ級予選,10:10,10:05,7,https://keirin.kdreams.jp/sasebo/racedetail/8520231107010005/?pageType=result,2026-10-04T02:24:47.916127+00:00,1-6-4/3/5-7-2,published,百万弗,楽天Kドリームス 並び予想
8520231107010006,2023-11-07,佐世保競輪,F2,A1/A2,6,Ａ級予選,10:30,10:25,7,https://keirin.kdreams.jp/sasebo/racedetail/8520231107010006/?pageType=result,2026-10-04T02:24:49.920462+00:00,3-5/1/4-7-2-6,published,百万弗,楽天Kドリームス 並び予想
8520231107010007,2023-11-07,佐世保競輪,F2,A1/A2,7,Ａ級初日特選,10:50,10:45,7,https://keirin.kdreams.jp/sasebo/racedetail/8520231107010007/?pageType=result,2026-10-04T02:24:52.080768+00:00,1-6/2-7/4/5-3,published,百万弗,楽天Kドリームス 並び予想
8620231106020001,2023-11-07,別府競輪,F1,A1/A2,1,Ａ級一般,15:55,15:50,7,https://keirin.kdreams.jp/beppu/racedetail/8620231106020001/?pageType=result,2026-10-04T02:22:00.374994+00:00,1/2/3-7/4/5/6,published,ダービー,楽天Kドリームス 並び予想
8620231106020002,2023-11-07,別府競輪,F1,A1/A2,2,Ａ級一般,16:19,16:14,7,https://keirin.kdreams.jp/beppu/racedetail/8620231106020002/?pageType=result,2026-10-04T02:22:02.764663+00:00,4-1-2/3-6/5/7,published,ダービー,楽天Kドリームス 並び予想
8620231106020003,2023-11-07,別府競輪,F1,A1/A2,3,Ａ級準決勝,16:43,16:38,7,https://keirin.kdreams.jp/beppu/racedetail/8620231106020003/?pageType=result,2026-10-04T02:22:04.897454+00:00,6-1/7-2-4/3-5,published,ダービー,楽天Kドリームス 並び予想
8620231106020004,2023-11-07,別府競輪,F1,A1/A2,4,Ａ級準決勝,17:07,17:02,7,https://keirin.kdreams.jp/beppu/racedetail/8620231106020004/?pageType=result,2026-10-04T02:22:07.213865+00:00,1-5-3/7-2-4/6,published,ダービー,楽天Kドリームス 並び予想
8620231106020005,2023-11-07,別府競輪,F1,A1/A2,5,Ａ級準決勝,17:31,17:26,7,https://keirin.kdreams.jp/beppu/racedetail/8620231106020005/?pageType=result,2026-10-04T02:22:09.482356+00:00,5-1/2-7-4/6-3,published,ダービー,楽天Kドリームス 並び予想
2220231107010001,2023-11-07,前橋競輪,F1,A1/A2,1,Ａ級予選,10:45,10:40,7,https://keirin.kdreams.jp/maebashi/racedetail/2220231107010001/?pageType=result,2026-10-04T02:24:03.716614+00:00,1-5/7-2-4/6-3,published,アオケイ,楽天Kドリームス 並び予想
2220231107010002,2023-11-07,前橋競輪,F1,A1/A2,2,Ａ級予選,11:13,11:08,7,https://keirin.kdreams.jp/maebashi/racedetail/2220231107010002/?pageType=result,2026-10-04T02:24:05.811804+00:00,1-4/7-2/6/3-5,published,アオケイ,楽天Kドリームス 並び予想
2220231107010003,2023-11-07,前橋競輪,F1,A1/A2,3,Ａ級予選,11:43,11:38,7,https://keirin.kdreams.jp/maebashi/racedetail/2220231107010003/?pageType=result,2026-10-04T02:24:08.078502+00:00,6-1/2-4-7/5-3,published,アオケイ,楽天Kドリームス 並び予想
2220231107010004,2023-11-07,前橋競輪,F1,A1/A2,4,Ａ級予選,12:13,12:08,7,https://keirin.kdreams.jp/maebashi/racedetail/2220231107010004/?pageType=result,2026-10-04T02:24:10.565108+00:00,2-7-5/4-1/3-6,published,アオケイ,楽天Kドリームス 並び予想
2220231107010005,2023-11-07,前橋競輪,F1,A1/A2,5,Ａ級初日特選,12:44,12:39,7,https://keirin.kdreams.jp/maebashi/racedetail/2220231107010005/?pageType=result,2026-10-04T02:24:13.023836+00:00,2-6-5/1/4/7-3,published,アオケイ,楽天Kドリームス 並び予想
7320231106020001,2023-11-07,小松島競輪,F1,A1/A2,1,Ａ級一般,10:56,10:51,7,https://keirin.kdreams.jp/komatsushima/racedetail/7320231106020001/?pageType=result,2026-10-04T02:23:06.859577+00:00,4-1-6/7-2/3/5,published,競輪毎日,楽天Kドリームス 並び予想
7320231106020002,2023-11-07,小松島競輪,F1,A1/A2,2,Ａ級一般,11:24,11:19,7,https://keirin.kdreams.jp/komatsushima/racedetail/7320231106020002/?pageType=result,2026-10-04T02:23:09.012213+00:00,6-1/3/2-5-7/4,published,競輪毎日,楽天Kドリームス 並び予想
7320231106020003,2023-11-07,小松島競輪,F1,A1/A2,3,Ａ級準決勝,11:54,11:49,7,https://keirin.kdreams.jp/komatsushima/racedetail/7320231106020003/?pageType=result,2026-10-04T02:23:11.297789+00:00,7-1/4-2/3-5-6,published,競輪毎日,楽天Kドリームス 並び予想
7320231106020004,2023-11-07,小松島競輪,F1,A1/A2,4,Ａ級準決勝,12:24,12:19,7,https://keirin.kdreams.jp/komatsushima/racedetail/7320231106020004/?pageType=result,2026-10-04T02:23:13.537180+00:00,2-4/1-5/3-7/6,published,競輪毎日,楽天Kドリームス 並び予想
7320231106020005,2023-11-07,小松島競輪,F1,A1/A2,5,Ａ級準決勝,12:55,12:50,7,https://keirin.kdreams.jp/komatsushima/racedetail/7320231106020005/?pageType=result,2026-10-04T02:23:14.925823+00:00,1-7-4/5-3-2/6,published,競輪毎日,楽天Kドリームス 並び予想
3520231106020008,2023-11-07,平塚競輪,F2,A1/A2,8,Ａ級特一般,18:29,18:24,7,https://keirin.kdreams.jp/hiratsuka/racedetail/3520231106020008/?pageType=result,2026-10-04T02:22:33.674583+00:00,1-5-7-3/6-2-4,published,小田競・サイクル,楽天Kドリームス 並び予想
3520231106020009,2023-11-07,平塚競輪,F2,A1/A2,9,Ａ級特一般,18:56,18:51,7,https://keirin.kdreams.jp/hiratsuka/racedetail/3520231106020009/?pageType=result,2026-10-04T02:22:35.797294+00:00,1-4/2-6/7/3-5,published,小田競・サイクル,楽天Kドリームス 並び予想
3520231106020010,2023-11-07,平塚競輪,F2,A1/A2,10,Ａ級準決勝,19:24,19:19,7,https://keirin.kdreams.jp/hiratsuka/racedetail/3520231106020010/?pageType=result,2026-10-04T02:22:37.829605+00:00,5-1/6-2/4-3-7,published,小田競・サイクル,楽天Kドリームス 並び予想
3520231106020011,2023-11-07,平塚競輪,F2,A1/A2,11,Ａ級準決勝,19:53,19:48,7,https://keirin.kdreams.jp/hiratsuka/racedetail/3520231106020011/?pageType=result,2026-10-04T02:22:40.647343+00:00,1-7/5-2-6/3-4,published,小田競・サイクル,楽天Kドリームス 並び予想
3520231106020012,2023-11-07,平塚競輪,F2,A1/A2,12,Ａ級準決勝,20:25,20:20,7,https://keirin.kdreams.jp/hiratsuka/racedetail/3520231106020012/?pageType=result,2026-10-04T02:22:42.918319+00:00,1-4-6/2-5/7-3,published,小田競・サイクル,楽天Kドリームス 並び予想
4520231106020001,2023-11-07,豊橋競輪,F1,A1/A2,1,Ａ級一般,10:40,10:35,7,https://keirin.kdreams.jp/toyohashi/racedetail/4520231106020001/?pageType=result,2026-10-04T02:23:40.093518+00:00,4-2/6/1/5-7-3,published,中部競輪,楽天Kドリームス 並び予想
4520231106020002,2023-11-07,豊橋競輪,F1,A1/A2,2,Ａ級一般,11:08,11:03,7,https://keirin.kdreams.jp/toyohashi/racedetail/4520231106020002/?pageType=result,2026-10-04T02:23:42.538113+00:00,4-2-5/6-1/3-7,published,中部競輪,楽天Kドリームス 並び予想
4520231106020003,2023-11-07,豊橋競輪,F1,A1/A2,3,Ａ級準決勝,11:36,11:31,7,https://keirin.kdreams.jp/toyohashi/racedetail/4520231106020003/?pageType=result,2026-10-04T02:23:44.899302+00:00,5-1-6/2/4-3-7,published,中部競輪,楽天Kドリームス 並び予想
4520231106020004,2023-11-07,豊橋競輪,F1,A1/A2,4,Ａ級準決勝,12:06,12:01,7,https://keirin.kdreams.jp/toyohashi/racedetail/4520231106020004/?pageType=result,2026-10-04T02:23:47.445488+00:00,1-5/2-7/4-3-6,published,中部競輪,楽天Kドリームス 並び予想
4520231106020005,2023-11-07,豊橋競輪,F1,A1/A2,5,Ａ級準決勝,12:36,12:31,7,https://keirin.kdreams.jp/toyohashi/racedetail/4520231106020005/?pageType=result,2026-10-04T02:23:49.696533+00:00,4-1-7/2/6-3-5,published,中部競輪,楽天Kドリームス 並び予想
8520231107020001,2023-11-08,佐世保競輪,F2,A1/A2,1,Ａ級一般,08:50,08:45,7,https://keirin.kdreams.jp/sasebo/racedetail/8520231107020001/?pageType=result,2026-10-04T02:24:54.160913+00:00,2-6/1/3-7-4/5,published,百万弗,楽天Kドリームス 並び予想
8520231107020002,2023-11-08,佐世保競輪,F2,A1/A2,2,Ａ級一般,09:10,09:05,7,https://keirin.kdreams.jp/sasebo/racedetail/8520231107020002/?pageType=result,2026-10-04T02:24:56.128608+00:00,7-1-4/2-5-3/6,published,百万弗,楽天Kドリームス 並び予想
8520231107020003,2023-11-08,佐世保競輪,F2,A1/A2,3,Ａ級選抜,09:30,09:25,7,https://keirin.kdreams.jp/sasebo/racedetail/8520231107020003/?pageType=result,2026-10-04T02:24:58.171072+00:00,1-5-4-3/2-7/6,published,百万弗,楽天Kドリームス 並び予想
8520231107020004,2023-11-08,佐世保競輪,F2,A1/A2,4,Ａ級選抜,09:50,09:45,7,https://keirin.kdreams.jp/sasebo/racedetail/8520231107020004/?pageType=result,2026-10-04T02:25:00.344543+00:00,2-7-1/6-3/5-4,published,百万弗,楽天Kドリームス 並び予想
8520231107020005,2023-11-08,佐世保競輪,F2,A1/A2,5,Ａ級準決勝,10:10,10:05,7,https://keirin.kdreams.jp/sasebo/racedetail/8520231107020005/?pageType=result,2026-10-04T02:25:02.814485+00:00,1-4/6-2/3-7-5,published,百万弗,楽天Kドリームス 並び予想
8520231107020006,2023-11-08,佐世保競輪,F2,A1/A2,6,Ａ級準決勝,10:30,10:25,7,https://keirin.kdreams.jp/sasebo/racedetail/8520231107020006/?pageType=result,2026-10-04T02:25:04.899209+00:00,4-6-1/2-5/7-3,published,百万弗,楽天Kドリームス 並び予想
8520231107020007,2023-11-08,佐世保競輪,F2,A1/A2,7,Ａ級準決勝,10:50,10:45,7,https://keirin.kdreams.jp/sasebo/racedetail/8520231107020007/?pageType=result,2026-10-04T02:25:07.074309+00:00,4-1-6/2-7/5-3,published,百万弗,楽天Kドリームス 並び予想
8620231106030001,2023-11-08,別府競輪,F1,A1/A2,1,Ａ級一般,15:55,15:50,7,https://keirin.kdreams.jp/beppu/racedetail/8620231106030001/?pageType=result,2026-10-04T02:22:11.709044+00:00,2-6/1/5/7/3-4,published,ダービー,楽天Kドリームス 並び予想
8620231106030002,2023-11-08,別府競輪,F1,A1/A2,2,Ａ級一般,16:19,16:14,7,https://keirin.kdreams.jp/beppu/racedetail/8620231106030002/?pageType=result,2026-10-04T02:22:14.080907+00:00,7-1/4/6/2-5-3,published,ダービー,楽天Kドリームス 並び予想
8620231106030003,2023-11-08,別府競輪,F1,A1/A2,3,Ａ級特選,16:43,16:38,7,https://keirin.kdreams.jp/beppu/racedetail/8620231106030003/?pageType=result,2026-10-04T02:22:16.408487+00:00,1/2-4-7/3-6/5,published,ダービー,楽天Kドリームス 並び予想
8620231106030004,2023-11-08,別府競輪,F1,A1/A2,4,Ａ級特選,17:07,17:02,7,https://keirin.kdreams.jp/beppu/racedetail/8620231106030004/?pageType=result,2026-10-04T02:22:18.377601+00:00,5-1-6/4-2/7-3,published,ダービー,楽天Kドリームス 並び予想
8620231106030011,2023-11-08,別府競輪,F1,A1/A2,11,Ａ級決勝,20:01,19:56,7,https://keirin.kdreams.jp/beppu/racedetail/8620231106030011/?pageType=result,2026-10-04T02:22:20.604470+00:00,1-5-6/2-7/4-3,published,ダービー,楽天Kドリームス 並び予想
2220231107020001,2023-11-08,前橋競輪,F1,A1/A2,1,Ａ級一般,10:45,10:40,7,https://keirin.kdreams.jp/maebashi/racedetail/2220231107020001/?pageType=result,2026-10-04T02:24:15.490428+00:00,1-4-7/2-5/6-3,published,アオケイ,楽天Kドリームス 並び予想
2220231107020002,2023-11-08,前橋競輪,F1,A1/A2,2,Ａ級一般,11:13,11:08,7,https://keirin.kdreams.jp/maebashi/racedetail/2220231107020002/?pageType=result,2026-10-04T02:24:17.962716+00:00,7-1-3/6/5-2/4,published,アオケイ,楽天Kドリームス 並び予想
2220231107020003,2023-11-08,前橋競輪,F1,A1/A2,3,Ａ級準決勝,11:43,11:38,7,https://keirin.kdreams.jp/maebashi/racedetail/2220231107020003/?pageType=result,2026-10-04T02:24:20.315587+00:00,4-2-6/5-1/3-7,published,アオケイ,楽天Kドリームス 並び予想
2220231107020004,2023-11-08,前橋競輪,F1,A1/A2,4,Ａ級準決勝,12:13,12:08,7,https://keirin.kdreams.jp/maebashi/racedetail/2220231107020004/?pageType=result,2026-10-04T02:24:22.396109+00:00,1-5/2-7/3-4-6,published,アオケイ,楽天Kドリームス 並び予想
2220231107020005,2023-11-08,前橋競輪,F1,A1/A2,5,Ａ級準決勝,12:44,12:39,7,https://keirin.kdreams.jp/maebashi/racedetail/2220231107020005/?pageType=result,2026-10-04T02:24:24.484911+00:00,4-1-7/3/5-2/6,published,アオケイ,楽天Kドリームス 並び予想
5320231108010005,2023-11-08,奈良競輪,F2,A1/A2,5,Ａ級特予選,22:00,21:55,7,https://keirin.kdreams.jp/nara/racedetail/5320231108010005/?pageType=result,2026-10-04T02:25:55.850063+00:00,3-1/2-6-7/4-5,published,競輪研究,楽天Kドリームス 並び予想
5320231108010006,2023-11-08,奈良競輪,F2,A1/A2,6,Ａ級特予選,22:20,22:15,7,https://keirin.kdreams.jp/nara/racedetail/5320231108010006/?pageType=result,2026-10-04T02:25:57.903075+00:00,1-6-4/7/2-5-3,published,競輪研究,楽天Kドリームス 並び予想
5320231108010007,2023-11-08,奈良競輪,F2,A1/A2,7,Ａ級特予選,22:40,22:35,7,https://keirin.kdreams.jp/nara/racedetail/5320231108010007/?pageType=result,2026-10-04T02:26:00.100152+00:00,1-2-7/6-3/5-4,published,競輪研究,楽天Kドリームス 並び予想
5320231108010008,2023-11-08,奈良競輪,F2,A1/A2,8,Ａ級特予選,23:00,22:55,7,https://keirin.kdreams.jp/nara/racedetail/5320231108010008/?pageType=result,2026-10-04T02:26:02.340709+00:00,2-1-5/3-4/7-6,published,競輪研究,楽天Kドリームス 並び予想
5320231108010009,2023-11-08,奈良競輪,F2,A1/A2,9,Ａ級初日特選,23:20,23:15,7,https://keirin.kdreams.jp/nara/racedetail/5320231108010009/?pageType=result,2026-10-04T02:26:04.460938+00:00,1/2-6/3-4/7-5,published,競輪研究,楽天Kドリームス 並び予想
7320231106030001,2023-11-08,小松島競輪,F1,A1/A2,1,Ａ級一般,10:56,10:51,7,https://keirin.kdreams.jp/komatsushima/racedetail/7320231106030001/?pageType=result,2026-10-04T02:23:17.123605+00:00,4-6-2/1/5-3-7,published,競輪毎日,楽天Kドリームス 並び予想
7320231106030002,2023-11-08,小松島競輪,F1,A1/A2,2,Ａ級一般,11:24,11:19,7,https://keirin.kdreams.jp/komatsushima/racedetail/7320231106030002/?pageType=result,2026-10-04T02:23:19.299200+00:00,1-4/2/6-3/5-7,published,競輪毎日,楽天Kドリームス 並び予想
7320231106030003,2023-11-08,小松島競輪,F1,A1/A2,3,Ａ級特選,11:54,11:49,7,https://keirin.kdreams.jp/komatsushima/racedetail/7320231106030003/?pageType=result,2026-10-04T02:23:21.652330+00:00,1-7/3/4/6-2-5,published,競輪毎日,楽天Kドリームス 並び予想
7320231106030004,2023-11-08,小松島競輪,F1,A1/A2,4,Ａ級特選,12:24,12:19,7,https://keirin.kdreams.jp/komatsushima/racedetail/7320231106030004/?pageType=result,2026-10-04T02:23:24.627679+00:00,1-7-5/3/2-4-6,published,競輪毎日,楽天Kドリームス 並び予想
7320231106030011,2023-11-08,小松島競輪,F1,A1/A2,11,Ａ級決勝,16:06,16:01,7,https://keirin.kdreams.jp/komatsushima/racedetail/7320231106030011/?pageType=result,2026-10-04T02:23:26.741933+00:00,5-1-6-7/2/3-4,published,競輪毎日,楽天Kドリームス 並び予想
3520231106030006,2023-11-08,平塚競輪,F2,A1/A2,6,Ａ級特一般,17:39,17:34,6,https://keirin.kdreams.jp/hiratsuka/racedetail/3520231106030006/?pageType=result,2026-10-04T02:22:44.993850+00:00,1-3-5/4/2/6,published,小田競・サイクル,楽天Kドリームス 並び予想
3520231106030007,2023-11-08,平塚競輪,F2,A1/A2,7,Ａ級特一般,18:06,18:01,6,https://keirin.kdreams.jp/hiratsuka/racedetail/3520231106030007/?pageType=result,2026-10-04T02:22:47.243546+00:00,1-6-3/2-4/5,published,小田競・サイクル,楽天Kドリームス 並び予想
3520231106030008,2023-11-08,平塚競輪,F2,A1/A2,8,Ａ級特選,18:34,18:29,7,https://keirin.kdreams.jp/hiratsuka/racedetail/3520231106030008/?pageType=result,2026-10-04T02:22:49.472206+00:00,6-1-5/7-2/4-3,published,小田競・サイクル,楽天Kドリームス 並び予想
3520231106030009,2023-11-08,平塚競輪,F2,A1/A2,9,Ａ級特選,19:02,18:57,7,https://keirin.kdreams.jp/hiratsuka/racedetail/3520231106030009/?pageType=result,2026-10-04T02:22:51.512681+00:00,1-7-2-6/5-4-3,published,小田競・サイクル,楽天Kドリームス 並び予想
3520231106030012,2023-11-08,平塚競輪,F2,A1/A2,12,Ａ級決勝,20:35,20:30,7,https://keirin.kdreams.jp/hiratsuka/racedetail/3520231106030012/?pageType=result,2026-10-04T02:22:53.515877+00:00,1-7-3/2/4-6-5,published,小田競・サイクル,楽天Kドリームス 並び予想
3120231108010005,2023-11-08,松戸競輪,F2,A1/A2,5,Ａ級特予選,22:10,22:05,7,https://keirin.kdreams.jp/matsudo/racedetail/3120231108010005/?pageType=result,2026-10-04T02:25:24.152706+00:00,1-5/2-3-6/7-4,published,アオケイ,楽天Kドリームス 並び予想
3120231108010006,2023-11-08,松戸競輪,F2,A1/A2,6,Ａ級特予選,22:30,22:25,7,https://keirin.kdreams.jp/matsudo/racedetail/3120231108010006/?pageType=result,2026-10-04T02:25:26.214104+00:00,1-3-6/4-2/5-7,published,アオケイ,楽天Kドリームス 並び予想
3120231108010007,2023-11-08,松戸競輪,F2,A1/A2,7,Ａ級特予選,22:50,22:45,7,https://keirin.kdreams.jp/matsudo/racedetail/3120231108010007/?pageType=result,2026-10-04T02:25:28.251174+00:00,2-1-4/7-3/5-6,published,アオケイ,楽天Kドリームス 並び予想
3120231108010008,2023-11-08,松戸競輪,F2,A1/A2,8,Ａ級特予選,23:10,23:05,7,https://keirin.kdreams.jp/matsudo/racedetail/3120231108010008/?pageType=result,2026-10-04T02:25:30.447591+00:00,1-2-5/4-3/6-7,published,アオケイ,楽天Kドリームス 並び予想
3120231108010009,2023-11-08,松戸競輪,F2,A1/A2,9,Ａ級初日特選,23:30,23:25,7,https://keirin.kdreams.jp/matsudo/racedetail/3120231108010009/?pageType=result,2026-10-04T02:25:32.412595+00:00,1-6/3-2/7-4/5,published,アオケイ,楽天Kドリームス 並び予想
4520231106030001,2023-11-08,豊橋競輪,F1,A1/A2,1,Ａ級一般,10:40,10:35,6,https://keirin.kdreams.jp/toyohashi/racedetail/4520231106030001/?pageType=result,2026-10-04T02:23:51.948529+00:00,4-2-5/6-3-1,published,中部競輪,楽天Kドリームス 並び予想
4520231106030002,2023-11-08,豊橋競輪,F1,A1/A2,2,Ａ級一般,11:08,11:03,7,https://keirin.kdreams.jp/toyohashi/racedetail/4520231106030002/?pageType=result,2026-10-04T02:23:54.537136+00:00,1-7/2-5-4/6-3,published,中部競輪,楽天Kドリームス 並び予想
4520231106030003,2023-11-08,豊橋競輪,F1,A1/A2,3,Ａ級特選,11:36,11:31,7,https://keirin.kdreams.jp/toyohashi/racedetail/4520231106030003/?pageType=result,2026-10-04T02:23:57.159654+00:00,4-1-5-6/2/3/7,published,中部競輪,楽天Kドリームス 並び予想
4520231106030004,2023-11-08,豊橋競輪,F1,A1/A2,4,Ａ級特選,12:06,12:01,7,https://keirin.kdreams.jp/toyohashi/racedetail/4520231106030004/?pageType=result,2026-10-04T02:23:59.326913+00:00,7-2-4-6/1-5/3,published,中部競輪,楽天Kドリームス 並び予想
4520231106030011,2023-11-08,豊橋競輪,F1,A1/A2,11,Ａ級決勝,15:50,15:45,7,https://keirin.kdreams.jp/toyohashi/racedetail/4520231106030011/?pageType=result,2026-10-04T02:24:01.382553+00:00,1-7/5-2/4/6-3,published,中部競輪,楽天Kドリームス 並び予想
8520231107030001,2023-11-09,佐世保競輪,F2,A1/A2,1,Ａ級一般,08:50,08:45,6,https://keirin.kdreams.jp/sasebo/racedetail/8520231107030001/?pageType=result,2026-10-04T02:25:08.991305+00:00,2-6/1/3-5-4,published,百万弗,楽天Kドリームス 並び予想
8520231107030002,2023-11-09,佐世保競輪,F2,A1/A2,2,Ａ級一般,09:10,09:05,6,https://keirin.kdreams.jp/sasebo/racedetail/8520231107030002/?pageType=result,2026-10-04T02:25:11.168208+00:00,6-1/2/4-5-3,published,百万弗,楽天Kドリームス 並び予想
8520231107030003,2023-11-09,佐世保競輪,F2,A1/A2,3,Ａ級一般,09:30,09:25,7,https://keirin.kdreams.jp/sasebo/racedetail/8520231107030003/?pageType=result,2026-10-04T02:25:13.510670+00:00,3-7-1/6/2-4-5,published,百万弗,楽天Kドリームス 並び予想
8520231107030004,2023-11-09,佐世保競輪,F2,A1/A2,4,Ａ級特選,09:50,09:45,7,https://keirin.kdreams.jp/sasebo/racedetail/8520231107030004/?pageType=result,2026-10-04T02:25:15.680109+00:00,5-3-1/6-2/7-4,published,百万弗,楽天Kドリームス 並び予想
8520231107030005,2023-11-09,佐世保競輪,F2,A1/A2,5,Ａ級特選,10:10,10:05,7,https://keirin.kdreams.jp/sasebo/racedetail/8520231107030005/?pageType=result,2026-10-04T02:25:17.786472+00:00,7-2-4/1-6/3-5,published,百万弗,楽天Kドリームス 並び予想
8520231107030006,2023-11-09,佐世保競輪,F2,A1/A2,6,Ａ級特選,10:30,10:25,7,https://keirin.kdreams.jp/sasebo/racedetail/8520231107030006/?pageType=result,2026-10-04T02:25:19.827061+00:00,1-4/3/6/5-2-7,published,百万弗,楽天Kドリームス 並び予想
8520231107030007,2023-11-09,佐世保競輪,F2,A1/A2,7,Ａ級決勝,10:50,10:45,7,https://keirin.kdreams.jp/sasebo/racedetail/8520231107030007/?pageType=result,2026-10-04T02:25:22.164260+00:00,1-5/3-7/4-6-2,published,百万弗,楽天Kドリームス 並び予想
2220231107030001,2023-11-09,前橋競輪,F1,A1/A2,1,Ａ級一般,10:45,10:40,7,https://keirin.kdreams.jp/maebashi/racedetail/2220231107030001/?pageType=result,2026-10-04T02:24:26.894840+00:00,3-7/6-2/4-5-1,published,アオケイ,楽天Kドリームス 並び予想
2220231107030002,2023-11-09,前橋競輪,F1,A1/A2,2,Ａ級一般,11:13,11:08,7,https://keirin.kdreams.jp/maebashi/racedetail/2220231107030002/?pageType=result,2026-10-04T02:24:29.477391+00:00,5-3-1/6/7-2-4,published,アオケイ,楽天Kドリームス 並び予想
2220231107030003,2023-11-09,前橋競輪,F1,A1/A2,3,Ａ級特選,11:43,11:38,7,https://keirin.kdreams.jp/maebashi/racedetail/2220231107030003/?pageType=result,2026-10-04T02:24:32.091144+00:00,4-1/2-5/6-3/7,published,アオケイ,楽天Kドリームス 並び予想
2220231107030004,2023-11-09,前橋競輪,F1,A1/A2,4,Ａ級特選,12:13,12:08,7,https://keirin.kdreams.jp/maebashi/racedetail/2220231107030004/?pageType=result,2026-10-04T02:24:34.611001+00:00,1-4/3-7/6-5-2,published,アオケイ,楽天Kドリームス 並び予想
2220231107030011,2023-11-09,前橋競輪,F1,A1/A2,11,Ａ級決勝,15:59,15:54,7,https://keirin.kdreams.jp/maebashi/racedetail/2220231107030011/?pageType=result,2026-10-04T02:24:37.156661+00:00,6-1/4-2-7/5-3,published,アオケイ,楽天Kドリームス 並び予想
5320231108020005,2023-11-09,奈良競輪,F2,A1/A2,5,Ａ級特一般,22:00,21:55,7,https://keirin.kdreams.jp/nara/racedetail/5320231108020005/?pageType=result,2026-10-04T02:26:06.843081+00:00,5-1-2/3-6-4/7,published,競輪研究,楽天Kドリームス 並び予想
5320231108020006,2023-11-09,奈良競輪,F2,A1/A2,6,Ａ級特一般,22:20,22:15,7,https://keirin.kdreams.jp/nara/racedetail/5320231108020006/?pageType=result,2026-10-04T02:26:08.935308+00:00,3-4-1-5/2/6/7,published,競輪研究,楽天Kドリームス 並び予想
5320231108020007,2023-11-09,奈良競輪,F2,A1/A2,7,Ａ級準決勝,22:40,22:35,7,https://keirin.kdreams.jp/nara/racedetail/5320231108020007/?pageType=result,2026-10-04T02:26:11.078509+00:00,1-3/4/7-2/6-5,published,競輪研究,楽天Kドリームス 並び予想
5320231108020008,2023-11-09,奈良競輪,F2,A1/A2,8,Ａ級準決勝,23:00,22:55,7,https://keirin.kdreams.jp/nara/racedetail/5320231108020008/?pageType=result,2026-10-04T02:26:13.298357+00:00,1-7/3-2/5-4-6,published,競輪研究,楽天Kドリームス 並び予想
5320231108020009,2023-11-09,奈良競輪,F2,A1/A2,9,Ａ級準決勝,23:20,23:15,7,https://keirin.kdreams.jp/nara/racedetail/5320231108020009/?pageType=result,2026-10-04T02:26:15.740808+00:00,4-1/3-2-7/5-6,published,競輪研究,楽天Kドリームス 並び予想
3120231108020005,2023-11-09,松戸競輪,F2,A1/A2,5,Ａ級特一般,22:10,22:05,7,https://keirin.kdreams.jp/matsudo/racedetail/3120231108020005/?pageType=result,2026-10-04T02:25:34.481259+00:00,1-6-5/2-3-4/7,published,アオケイ,楽天Kドリームス 並び予想
3120231108020006,2023-11-09,松戸競輪,F2,A1/A2,6,Ａ級特一般,22:30,22:25,7,https://keirin.kdreams.jp/matsudo/racedetail/3120231108020006/?pageType=result,2026-10-04T02:25:36.715098+00:00,4-1/5-2-6/7-3,published,アオケイ,楽天Kドリームス 並び予想
3120231108020007,2023-11-09,松戸競輪,F2,A1/A2,7,Ａ級準決勝,22:50,22:45,7,https://keirin.kdreams.jp/matsudo/racedetail/3120231108020007/?pageType=result,2026-10-04T02:25:38.694948+00:00,1-3-5/2-4/6/7,published,アオケイ,楽天Kドリームス 並び予想
3120231108020008,2023-11-09,松戸競輪,F2,A1/A2,8,Ａ級準決勝,23:10,23:05,7,https://keirin.kdreams.jp/matsudo/racedetail/3120231108020008/?pageType=result,2026-10-04T02:25:40.817132+00:00,3-1-6/2-4-5/7,published,アオケイ,楽天Kドリームス 並び予想
3120231108020009,2023-11-09,松戸競輪,F2,A1/A2,9,Ａ級準決勝,23:30,23:25,7,https://keirin.kdreams.jp/matsudo/racedetail/3120231108020009/?pageType=result,2026-10-04T02:25:42.995557+00:00,1-3/4-2/5-6-7,published,アオケイ,楽天Kドリームス 並び予想
7120231109010001,2023-11-09,高松競輪,F1,A1/A2,1,Ａ級予選,10:38,10:33,7,https://keirin.kdreams.jp/takamatsu/racedetail/7120231109010001/?pageType=result,2026-10-04T02:26:29.360729+00:00,4-1-7/6/2-5-3,published,競輪毎日,楽天Kドリームス 並び予想
7120231109010002,2023-11-09,高松競輪,F1,A1/A2,2,Ａ級予選,11:05,11:00,7,https://keirin.kdreams.jp/takamatsu/racedetail/7120231109010002/?pageType=result,2026-10-04T02:26:31.410683+00:00,4-7-2/6-1/5-3,published,競輪毎日,楽天Kドリームス 並び予想
7120231109010003,2023-11-09,高松競輪,F1,A1/A2,3,Ａ級予選,11:33,11:28,7,https://keirin.kdreams.jp/takamatsu/racedetail/7120231109010003/?pageType=result,2026-10-04T02:26:33.762465+00:00,7-1/5-2/4-3-6,published,競輪毎日,楽天Kドリームス 並び予想
7120231109010004,2023-11-09,高松競輪,F1,A1/A2,4,Ａ級予選,12:04,11:59,7,https://keirin.kdreams.jp/takamatsu/racedetail/7120231109010004/?pageType=result,2026-10-04T02:26:35.760392+00:00,3-1-7/4-2-5/6,published,競輪毎日,楽天Kドリームス 並び予想
7120231109010005,2023-11-09,高松競輪,F1,A1/A2,5,Ａ級初日特選,12:35,12:30,7,https://keirin.kdreams.jp/takamatsu/racedetail/7120231109010005/?pageType=result,2026-10-04T02:26:37.902252+00:00,1-6/7-2/3-5-4,published,競輪毎日,楽天Kドリームス 並び予想
2720231110010001,2023-11-10,京王閣競輪,F1,A1/A2,1,Ａ級予選,10:40,10:35,7,https://keirin.kdreams.jp/keiokaku/racedetail/2720231110010001/?pageType=result,2026-10-04T02:27:00.690255+00:00,1-7-4/5-2/3/6,published,アオケイ,楽天Kドリームス 並び予想
2720231110010002,2023-11-10,京王閣競輪,F1,A1/A2,2,Ａ級予選,11:05,11:00,7,https://keirin.kdreams.jp/keiokaku/racedetail/2720231110010002/?pageType=result,2026-10-04T02:27:01.933095+00:00,5-1-4/3-7-2-6,published,アオケイ,楽天Kドリームス 並び予想
2720231110010003,2023-11-10,京王閣競輪,F1,A1/A2,3,Ａ級予選,11:30,11:25,7,https://keirin.kdreams.jp/keiokaku/racedetail/2720231110010003/?pageType=result,2026-10-04T02:27:03.134790+00:00,4-5-1/6/2-7-3,published,アオケイ,楽天Kドリームス 並び予想
2720231110010004,2023-11-10,京王閣競輪,F1,A1/A2,4,Ａ級予選,11:55,11:50,7,https://keirin.kdreams.jp/keiokaku/racedetail/2720231110010004/?pageType=result,2026-10-04T02:27:06.109624+00:00,7-2/1-4/3-5-6,published,アオケイ,楽天Kドリームス 並び予想
2720231110010005,2023-11-10,京王閣競輪,F1,A1/A2,5,Ａ級初日特選,12:25,12:20,7,https://keirin.kdreams.jp/keiokaku/racedetail/2720231110010005/?pageType=result,2026-10-04T02:27:08.199613+00:00,1-5/3-7-2/4/6,published,アオケイ,楽天Kドリームス 並び予想
5320231108030004,2023-11-10,奈良競輪,F2,A1/A2,4,Ａ級特一般,21:40,21:35,7,https://keirin.kdreams.jp/nara/racedetail/5320231108030004/?pageType=result,2026-10-04T02:26:17.852497+00:00,2-1-5/4-3/6/7,published,競輪研究,楽天Kドリームス 並び予想
5320231108030005,2023-11-10,奈良競輪,F2,A1/A2,5,Ａ級特一般,22:00,21:55,7,https://keirin.kdreams.jp/nara/racedetail/5320231108030005/?pageType=result,2026-10-04T02:26:20.316845+00:00,1-5-3/6-2-4-7,published,競輪研究,楽天Kドリームス 並び予想
5320231108030006,2023-11-10,奈良競輪,F2,A1/A2,6,Ａ級特選,22:20,22:15,7,https://keirin.kdreams.jp/nara/racedetail/5320231108030006/?pageType=result,2026-10-04T02:26:22.580238+00:00,2-1/6-3-7/5-4,published,競輪研究,楽天Kドリームス 並び予想
5320231108030007,2023-11-10,奈良競輪,F2,A1/A2,7,Ａ級特選,22:40,22:35,7,https://keirin.kdreams.jp/nara/racedetail/5320231108030007/?pageType=result,2026-10-04T02:26:24.780239+00:00,2-1-5/3/4-7/6,published,競輪研究,楽天Kドリームス 並び予想
5320231108030009,2023-11-10,奈良競輪,F2,A1/A2,9,Ａ級決勝,23:20,23:15,7,https://keirin.kdreams.jp/nara/racedetail/5320231108030009/?pageType=result,2026-10-04T02:26:26.918652+00:00,1-5/4-2-3/6-7,published,競輪研究,楽天Kドリームス 並び予想
5620231110010008,2023-11-10,岸和田競輪,F2,A1/A2,8,Ａ級特予選,13:53,13:48,7,https://keirin.kdreams.jp/kishiwada/racedetail/5620231110010008/?pageType=result,2026-10-04T02:27:32.648436+00:00,1-5-6/2/7-4-3,published,競輪研究,楽天Kドリームス 並び予想
5620231110010009,2023-11-10,岸和田競輪,F2,A1/A2,9,Ａ級特予選,14:24,14:19,7,https://keirin.kdreams.jp/kishiwada/racedetail/5620231110010009/?pageType=result,2026-10-04T02:27:34.700413+00:00,2-5/1-6/3-4-7,published,競輪研究,楽天Kドリームス 並び予想
5620231110010010,2023-11-10,岸和田競輪,F2,A1/A2,10,Ａ級特予選,14:55,14:50,7,https://keirin.kdreams.jp/kishiwada/racedetail/5620231110010010/?pageType=result,2026-10-04T02:27:37.209296+00:00,2-3-7/4-5-1/6,published,競輪研究,楽天Kドリームス 並び予想
5620231110010011,2023-11-10,岸和田競輪,F2,A1/A2,11,Ａ級特予選,15:27,15:22,7,https://keirin.kdreams.jp/kishiwada/racedetail/5620231110010011/?pageType=result,2026-10-04T02:27:39.584494+00:00,5-1-4/3-7/6-2,published,競輪研究,楽天Kドリームス 並び予想
5620231110010012,2023-11-10,岸和田競輪,F2,A1/A2,12,Ａ級初日特選,16:00,15:55,7,https://keirin.kdreams.jp/kishiwada/racedetail/5620231110010012/?pageType=result,2026-10-04T02:27:41.816790+00:00,7-2/1-4-5/6-3,published,競輪研究,楽天Kドリームス 並び予想
3120231108030004,2023-11-10,松戸競輪,F2,A1/A2,4,Ａ級特一般,21:50,21:45,7,https://keirin.kdreams.jp/matsudo/racedetail/3120231108030004/?pageType=result,2026-10-04T02:25:45.190878+00:00,5-1/3-2/4/7-6,published,アオケイ,楽天Kドリームス 並び予想
3120231108030005,2023-11-10,松戸競輪,F2,A1/A2,5,Ａ級特一般,22:10,22:05,7,https://keirin.kdreams.jp/matsudo/racedetail/3120231108030005/?pageType=result,2026-10-04T02:25:47.215456+00:00,7-1-4/2-3-6/5,published,アオケイ,楽天Kドリームス 並び予想
3120231108030006,2023-11-10,松戸競輪,F2,A1/A2,6,Ａ級特選,22:30,22:25,7,https://keirin.kdreams.jp/matsudo/racedetail/3120231108030006/?pageType=result,2026-10-04T02:25:49.506264+00:00,2-1-4-6/3-5-7,published,アオケイ,楽天Kドリームス 並び予想
3120231108030007,2023-11-10,松戸競輪,F2,A1/A2,7,Ａ級特選,22:50,22:45,7,https://keirin.kdreams.jp/matsudo/racedetail/3120231108030007/?pageType=result,2026-10-04T02:25:51.671485+00:00,1-3-5/4-2/6/7,published,アオケイ,楽天Kドリームス 並び予想
3120231108030009,2023-11-10,松戸競輪,F2,A1/A2,9,Ａ級決勝,23:30,23:25,7,https://keirin.kdreams.jp/matsudo/racedetail/3120231108030009/?pageType=result,2026-10-04T02:25:53.747405+00:00,1/5-2/3-7/4-6,published,アオケイ,楽天Kドリームス 並び予想
7120231109020001,2023-11-10,高松競輪,F1,A1/A2,1,Ａ級一般,10:52,10:47,7,https://keirin.kdreams.jp/takamatsu/racedetail/7120231109020001/?pageType=result,2026-10-04T02:26:40.174317+00:00,5-3-2-1-7-6/4,published,競輪毎日,楽天Kドリームス 並び予想
7120231109020002,2023-11-10,高松競輪,F1,A1/A2,2,Ａ級一般,11:18,11:13,7,https://keirin.kdreams.jp/takamatsu/racedetail/7120231109020002/?pageType=result,2026-10-04T02:26:42.238284+00:00,5-2/1/4/7-3-6,published,競輪毎日,楽天Kドリームス 並び予想
7120231109020003,2023-11-10,高松競輪,F1,A1/A2,3,Ａ級準決勝,11:45,11:40,7,https://keirin.kdreams.jp/takamatsu/racedetail/7120231109020003/?pageType=result,2026-10-04T02:26:44.377207+00:00,6-2-4/1/3-7-5,published,競輪毎日,楽天Kドリームス 並び予想
7120231109020004,2023-11-10,高松競輪,F1,A1/A2,4,Ａ級準決勝,12:12,12:07,7,https://keirin.kdreams.jp/takamatsu/racedetail/7120231109020004/?pageType=result,2026-10-04T02:26:46.727038+00:00,6-1/7-2/5-3/4,published,競輪毎日,楽天Kドリームス 並び予想
7120231109020005,2023-11-10,高松競輪,F1,A1/A2,5,Ａ級準決勝,12:40,12:35,7,https://keirin.kdreams.jp/takamatsu/racedetail/7120231109020005/?pageType=result,2026-10-04T02:26:48.918809+00:00,1-5-4/2/7-3-6,published,競輪毎日,楽天Kドリームス 並び予想
2720231110020001,2023-11-11,京王閣競輪,F1,A1/A2,1,Ａ級一般,10:40,10:35,7,https://keirin.kdreams.jp/keiokaku/racedetail/2720231110020001/?pageType=result,2026-10-04T02:27:10.288665+00:00,1-4-7/3/2-5-6,published,アオケイ,楽天Kドリームス 並び予想
2720231110020002,2023-11-11,京王閣競輪,F1,A1/A2,2,Ａ級一般,11:05,11:00,7,https://keirin.kdreams.jp/keiokaku/racedetail/2720231110020002/?pageType=result,2026-10-04T02:27:12.748333+00:00,5-1-4/2-3-7/6,published,アオケイ,楽天Kドリームス 並び予想
2720231110020003,2023-11-11,京王閣競輪,F1,A1/A2,3,Ａ級準決勝,11:30,11:25,7,https://keirin.kdreams.jp/keiokaku/racedetail/2720231110020003/?pageType=result,2026-10-04T02:27:14.887788+00:00,1-6/5-2/3-7/4,published,アオケイ,楽天Kドリームス 並び予想
2720231110020004,2023-11-11,京王閣競輪,F1,A1/A2,4,Ａ級準決勝,11:55,11:50,7,https://keirin.kdreams.jp/keiokaku/racedetail/2720231110020004/?pageType=result,2026-10-04T02:27:16.956078+00:00,1-4/5-2/7-3-6,published,アオケイ,楽天Kドリームス 並び予想
2720231110020005,2023-11-11,京王閣競輪,F1,A1/A2,5,Ａ級準決勝,12:25,12:20,7,https://keirin.kdreams.jp/keiokaku/racedetail/2720231110020005/?pageType=result,2026-10-04T02:27:19.159332+00:00,5-1/2-4/3-6/7,published,アオケイ,楽天Kドリームス 並び予想
8120231111010005,2023-11-11,小倉競輪,F2,A1/A2,5,Ａ級特予選,22:10,22:05,7,https://keirin.kdreams.jp/kokura/racedetail/8120231111010005/?pageType=result,2026-10-04T02:28:38.975146+00:00,2-1/6-3-7/4-5,published,コンドル出版社,楽天Kドリームス 並び予想
8120231111010006,2023-11-11,小倉競輪,F2,A1/A2,6,Ａ級特予選,22:30,22:25,7,https://keirin.kdreams.jp/kokura/racedetail/8120231111010006/?pageType=result,2026-10-04T02:28:41.234502+00:00,1-2/5-3/4-6-7,published,コンドル出版社,楽天Kドリームス 並び予想
8120231111010007,2023-11-11,小倉競輪,F2,A1/A2,7,Ａ級特予選,22:50,22:45,7,https://keirin.kdreams.jp/kokura/racedetail/8120231111010007/?pageType=result,2026-10-04T02:28:43.345865+00:00,1-2-6/4-3-5/7,published,コンドル出版社,楽天Kドリームス 並び予想
8120231111010008,2023-11-11,小倉競輪,F2,A1/A2,8,Ａ級特予選,23:10,23:05,7,https://keirin.kdreams.jp/kokura/racedetail/8120231111010008/?pageType=result,2026-10-04T02:28:45.503224+00:00,1-2-5/3-4-6/7,published,コンドル出版社,楽天Kドリームス 並び予想
8120231111010009,2023-11-11,小倉競輪,F2,A1/A2,9,Ａ級初日特選,23:30,23:25,7,https://keirin.kdreams.jp/kokura/racedetail/8120231111010009/?pageType=result,2026-10-04T02:28:47.792344+00:00,5-1-2/3-6/7-4,published,コンドル出版社,楽天Kドリームス 並び予想
5620231110020008,2023-11-11,岸和田競輪,F2,A1/A2,8,Ａ級特一般,13:53,13:48,6,https://keirin.kdreams.jp/kishiwada/racedetail/5620231110020008/?pageType=result,2026-10-04T02:27:43.851512+00:00,1-6-2/3-4-5,published,競輪研究,楽天Kドリームス 並び予想
5620231110020009,2023-11-11,岸和田競輪,F2,A1/A2,9,Ａ級特一般,14:24,14:19,7,https://keirin.kdreams.jp/kishiwada/racedetail/5620231110020009/?pageType=result,2026-10-04T02:27:45.818165+00:00,1-5-6/2-4/3-7,published,競輪研究,楽天Kドリームス 並び予想
5620231110020010,2023-11-11,岸和田競輪,F2,A1/A2,10,Ａ級準決勝,14:55,14:50,7,https://keirin.kdreams.jp/kishiwada/racedetail/5620231110020010/?pageType=result,2026-10-04T02:27:48.100186+00:00,5-1-6/7-2-4/3,published,競輪研究,楽天Kドリームス 並び予想
5620231110020011,2023-11-11,岸和田競輪,F2,A1/A2,11,Ａ級準決勝,15:27,15:22,7,https://keirin.kdreams.jp/kishiwada/racedetail/5620231110020011/?pageType=result,2026-10-04T02:27:50.175619+00:00,6-2-4/1-5/7-3,published,競輪研究,楽天Kドリームス 並び予想
5620231110020012,2023-11-11,岸和田競輪,F2,A1/A2,12,Ａ級準決勝,16:00,15:55,7,https://keirin.kdreams.jp/kishiwada/racedetail/5620231110020012/?pageType=result,2026-10-04T02:27:52.697116+00:00,4-7-1/5-3-2/6,published,競輪研究,楽天Kドリームス 並び予想
3420231111010008,2023-11-11,川崎競輪,F2,A1/A2,8,Ａ級特予選,14:20,14:15,7,https://keirin.kdreams.jp/kawasaki/racedetail/3420231111010008/?pageType=result,2026-10-04T02:28:06.749857+00:00,3-6/5-1/7-2/4,published,小田競・サイクル,楽天Kドリームス 並び予想
3420231111010009,2023-11-11,川崎競輪,F2,A1/A2,9,Ａ級特予選,14:50,14:45,7,https://keirin.kdreams.jp/kawasaki/racedetail/3420231111010009/?pageType=result,2026-10-04T02:28:08.891092+00:00,1-7-5/2-6/4-3,published,小田競・サイクル,楽天Kドリームス 並び予想
3420231111010010,2023-11-11,川崎競輪,F2,A1/A2,10,Ａ級特予選,15:20,15:15,7,https://keirin.kdreams.jp/kawasaki/racedetail/3420231111010010/?pageType=result,2026-10-04T02:28:10.926863+00:00,1-4/3-5-7/2-6,published,小田競・サイクル,楽天Kドリームス 並び予想
3420231111010011,2023-11-11,川崎競輪,F2,A1/A2,11,Ａ級特予選,15:55,15:50,7,https://keirin.kdreams.jp/kawasaki/racedetail/3420231111010011/?pageType=result,2026-10-04T02:28:13.107794+00:00,5-2/4-1/3-7/6,published,小田競・サイクル,楽天Kドリームス 並び予想
3420231111010012,2023-11-11,川崎競輪,F2,A1/A2,12,Ａ級初日特選,16:40,16:35,7,https://keirin.kdreams.jp/kawasaki/racedetail/3420231111010012/?pageType=result,2026-10-04T02:28:15.144082+00:00,7-5-2/1/3-4-6,published,小田競・サイクル,楽天Kドリームス 並び予想
6120231111010005,2023-11-11,玉野競輪,F2,A1/A2,5,Ａ級特予選,22:00,21:55,7,https://keirin.kdreams.jp/tamano/racedetail/6120231111010005/?pageType=result,2026-10-04T02:29:12.380905+00:00,4-2/1-3-7/6-5,published,競輪毎日,楽天Kドリームス 並び予想
6120231111010006,2023-11-11,玉野競輪,F2,A1/A2,6,Ａ級特予選,22:20,22:15,7,https://keirin.kdreams.jp/tamano/racedetail/6120231111010006/?pageType=result,2026-10-04T02:29:14.462701+00:00,1-3-7/2-4/6-5,published,競輪毎日,楽天Kドリームス 並び予想
6120231111010007,2023-11-11,玉野競輪,F2,A1/A2,7,Ａ級特予選,22:40,22:35,7,https://keirin.kdreams.jp/tamano/racedetail/6120231111010007/?pageType=result,2026-10-04T02:29:16.814579+00:00,1-2/3-5/7-4-6,published,競輪毎日,楽天Kドリームス 並び予想
6120231111010008,2023-11-11,玉野競輪,F2,A1/A2,8,Ａ級特予選,23:00,22:55,7,https://keirin.kdreams.jp/tamano/racedetail/6120231111010008/?pageType=result,2026-10-04T02:29:18.932182+00:00,2-1/6-7/3-4-5,published,競輪毎日,楽天Kドリームス 並び予想
6120231111010009,2023-11-11,玉野競輪,F2,A1/A2,9,Ａ級初日特選,23:20,23:15,7,https://keirin.kdreams.jp/tamano/racedetail/6120231111010009/?pageType=result,2026-10-04T02:29:20.958627+00:00,4-1-2-7/3-5-6,published,競輪毎日,楽天Kドリームス 並び予想
7120231109030001,2023-11-11,高松競輪,F1,A1/A2,1,Ａ級一般,10:52,10:47,7,https://keirin.kdreams.jp/takamatsu/racedetail/7120231109030001/?pageType=result,2026-10-04T02:26:51.073548+00:00,3-5-1/6/7-2-4,published,競輪毎日,楽天Kドリームス 並び予想
7120231109030002,2023-11-11,高松競輪,F1,A1/A2,2,Ａ級一般,11:18,11:13,7,https://keirin.kdreams.jp/takamatsu/racedetail/7120231109030002/?pageType=result,2026-10-04T02:26:53.223404+00:00,6-1-3/5/2-4-7,published,競輪毎日,楽天Kドリームス 並び予想
7120231109030003,2023-11-11,高松競輪,F1,A1/A2,3,Ａ級特選,11:45,11:40,7,https://keirin.kdreams.jp/takamatsu/racedetail/7120231109030003/?pageType=result,2026-10-04T02:26:55.690097+00:00,2-5-1-6/3-7-4,published,競輪毎日,楽天Kドリームス 並び予想
7120231109030004,2023-11-11,高松競輪,F1,A1/A2,4,Ａ級特選,12:12,12:07,7,https://keirin.kdreams.jp/takamatsu/racedetail/7120231109030004/?pageType=result,2026-10-04T02:26:58.105111+00:00,7-1/6-2/5/3-4,published,競輪毎日,楽天Kドリームス 並び予想
7120231109030011,2023-11-11,高松競輪,F1,A1/A2,11,Ａ級決勝,15:51,15:46,7,https://keirin.kdreams.jp/takamatsu/racedetail/7120231109030011/?pageType=result,2026-10-04T02:26:59.492316+00:00,1-7-5/2-6/3-4,published,競輪毎日,楽天Kドリームス 並び予想
2720231110030001,2023-11-12,京王閣競輪,F1,A1/A2,1,Ａ級一般,10:40,10:35,7,https://keirin.kdreams.jp/keiokaku/racedetail/2720231110030001/?pageType=result,2026-10-04T02:27:21.573841+00:00,7-1-4/2-5/3-6,published,アオケイ,楽天Kドリームス 並び予想
2720231110030002,2023-11-12,京王閣競輪,F1,A1/A2,2,Ａ級一般,11:05,11:00,7,https://keirin.kdreams.jp/keiokaku/racedetail/2720231110030002/?pageType=result,2026-10-04T02:27:23.630581+00:00,1-4-5/2-7/3-6,published,アオケイ,楽天Kドリームス 並び予想
2720231110030003,2023-11-12,京王閣競輪,F1,A1/A2,3,Ａ級特選,11:30,11:25,7,https://keirin.kdreams.jp/keiokaku/racedetail/2720231110030003/?pageType=result,2026-10-04T02:27:26.027109+00:00,5-1/2-4/3-6/7,published,アオケイ,楽天Kドリームス 並び予想
2720231110030004,2023-11-12,京王閣競輪,F1,A1/A2,4,Ａ級特選,11:55,11:50,7,https://keirin.kdreams.jp/keiokaku/racedetail/2720231110030004/?pageType=result,2026-10-04T02:27:28.002608+00:00,4-1-6/7-2/3-5,published,アオケイ,楽天Kドリームス 並び予想
2720231110030011,2023-11-12,京王閣競輪,F1,A1/A2,11,Ａ級決勝,15:25,15:20,7,https://keirin.kdreams.jp/keiokaku/racedetail/2720231110030011/?pageType=result,2026-10-04T02:27:30.584454+00:00,1-4/2-5/6-3/7,published,アオケイ,楽天Kドリームス 並び予想
8620231112010001,2023-11-12,別府競輪,F2,A1/A2,1,Ａ級予選,08:50,08:45,7,https://keirin.kdreams.jp/beppu/racedetail/8620231112010001/?pageType=result,2026-10-04T02:29:46.173634+00:00,4-1-5-2/6/7-3,published,ダービー,楽天Kドリームス 並び予想
8620231112010002,2023-11-12,別府競輪,F2,A1/A2,2,Ａ級予選,09:10,09:05,7,https://keirin.kdreams.jp/beppu/racedetail/8620231112010002/?pageType=result,2026-10-04T02:29:48.279628+00:00,1-4/5-2-7/3-6,published,ダービー,楽天Kドリームス 並び予想
8620231112010003,2023-11-12,別府競輪,F2,A1/A2,3,Ａ級予選,09:30,09:25,7,https://keirin.kdreams.jp/beppu/racedetail/8620231112010003/?pageType=result,2026-10-04T02:29:50.480451+00:00,5-1-6/2-4/3-7,published,ダービー,楽天Kドリームス 並び予想
8620231112010004,2023-11-12,別府競輪,F2,A1/A2,4,Ａ級予選,09:50,09:45,7,https://keirin.kdreams.jp/beppu/racedetail/8620231112010004/?pageType=result,2026-10-04T02:29:52.488808+00:00,1-6/5-2-4/3-7,published,ダービー,楽天Kドリームス 並び予想
8620231112010005,2023-11-12,別府競輪,F2,A1/A2,5,Ａ級予選,10:10,10:05,7,https://keirin.kdreams.jp/beppu/racedetail/8620231112010005/?pageType=result,2026-10-04T02:29:54.959938+00:00,1-4/3-5-6/7-2,published,ダービー,楽天Kドリームス 並び予想
8620231112010006,2023-11-12,別府競輪,F2,A1/A2,6,Ａ級予選,10:30,10:25,7,https://keirin.kdreams.jp/beppu/racedetail/8620231112010006/?pageType=result,2026-10-04T02:29:57.670896+00:00,7-4-1/6/5-3-2,published,ダービー,楽天Kドリームス 並び予想
8620231112010007,2023-11-12,別府競輪,F2,A1/A2,7,Ａ級初日特選,10:50,10:45,7,https://keirin.kdreams.jp/beppu/racedetail/8620231112010007/?pageType=result,2026-10-04T02:29:59.661715+00:00,7-4-1/6/2/3/5,published,ダービー,楽天Kドリームス 並び予想
8120231111020005,2023-11-12,小倉競輪,F2,A1/A2,5,Ａ級特一般,22:10,22:05,7,https://keirin.kdreams.jp/kokura/racedetail/8120231111020005/?pageType=result,2026-10-04T02:28:49.807423+00:00,2-4-6/1/7-3-5,published,コンドル出版社,楽天Kドリームス 並び予想
8120231111020006,2023-11-12,小倉競輪,F2,A1/A2,6,Ａ級特一般,22:30,22:25,7,https://keirin.kdreams.jp/kokura/racedetail/8120231111020006/?pageType=result,2026-10-04T02:28:52.181543+00:00,1-2/5-3-6/4-7,published,コンドル出版社,楽天Kドリームス 並び予想
8120231111020007,2023-11-12,小倉競輪,F2,A1/A2,7,Ａ級準決勝,22:50,22:45,7,https://keirin.kdreams.jp/kokura/racedetail/8120231111020007/?pageType=result,2026-10-04T02:28:54.350894+00:00,6-1/4/2-3/5-7,published,コンドル出版社,楽天Kドリームス 並び予想
8120231111020008,2023-11-12,小倉競輪,F2,A1/A2,8,Ａ級準決勝,23:10,23:05,7,https://keirin.kdreams.jp/kokura/racedetail/8120231111020008/?pageType=result,2026-10-04T02:28:56.385358+00:00,1-2/3-5/4-6/7,published,コンドル出版社,楽天Kドリームス 並び予想
8120231111020009,2023-11-12,小倉競輪,F2,A1/A2,9,Ａ級準決勝,23:30,23:25,7,https://keirin.kdreams.jp/kokura/racedetail/8120231111020009/?pageType=result,2026-10-04T02:28:58.643947+00:00,2-1-3/4/5/6-7,published,コンドル出版社,楽天Kドリームス 並び予想
5620231110030008,2023-11-12,岸和田競輪,F2,A1/A2,8,Ａ級特一般,13:53,13:48,7,https://keirin.kdreams.jp/kishiwada/racedetail/5620231110030008/?pageType=result,2026-10-04T02:27:54.839410+00:00,2-5/7-1/6-3/4,published,競輪研究,楽天Kドリームス 並び予想
5620231110030009,2023-11-12,岸和田競輪,F2,A1/A2,9,Ａ級特一般,14:24,14:19,7,https://keirin.kdreams.jp/kishiwada/racedetail/5620231110030009/?pageType=result,2026-10-04T02:27:57.609372+00:00,3/4/1/2-7-5/6,published,競輪研究,楽天Kドリームス 並び予想
5620231110030010,2023-11-12,岸和田競輪,F2,A1/A2,10,Ａ級特選,14:55,14:50,7,https://keirin.kdreams.jp/kishiwada/racedetail/5620231110030010/?pageType=result,2026-10-04T02:27:59.792511+00:00,6-2-5/7-1/4-3,published,競輪研究,楽天Kドリームス 並び予想
5620231110030011,2023-11-12,岸和田競輪,F2,A1/A2,11,Ａ級特選,15:27,15:22,7,https://keirin.kdreams.jp/kishiwada/racedetail/5620231110030011/?pageType=result,2026-10-04T02:28:02.164951+00:00,1-4-7/6-2/3-5,published,競輪研究,楽天Kドリームス 並び予想
5620231110030012,2023-11-12,岸和田競輪,F2,A1/A2,12,Ａ級決勝,16:00,15:55,7,https://keirin.kdreams.jp/kishiwada/racedetail/5620231110030012/?pageType=result,2026-10-04T02:28:04.437847+00:00,2-5-4/1-6/3-7,published,競輪研究,楽天Kドリームス 並び予想
3420231111020008,2023-11-12,川崎競輪,F2,A1/A2,8,Ａ級特一般,14:20,14:15,7,https://keirin.kdreams.jp/kawasaki/racedetail/3420231111020008/?pageType=result,2026-10-04T02:28:17.223764+00:00,4-6-2/1/3-7-5,published,小田競・サイクル,楽天Kドリームス 並び予想
3420231111020009,2023-11-12,川崎競輪,F2,A1/A2,9,Ａ級特一般,14:50,14:45,7,https://keirin.kdreams.jp/kawasaki/racedetail/3420231111020009/?pageType=result,2026-10-04T02:28:19.428447+00:00,7-1/2-6/4/3-5,published,小田競・サイクル,楽天Kドリームス 並び予想
3420231111020010,2023-11-12,川崎競輪,F2,A1/A2,10,Ａ級準決勝,15:20,15:15,7,https://keirin.kdreams.jp/kawasaki/racedetail/3420231111020010/?pageType=result,2026-10-04T02:28:21.568579+00:00,7-1/6-2-5/3-4,published,小田競・サイクル,楽天Kドリームス 並び予想
3420231111020011,2023-11-12,川崎競輪,F2,A1/A2,11,Ａ級準決勝,15:55,15:50,7,https://keirin.kdreams.jp/kawasaki/racedetail/3420231111020011/?pageType=result,2026-10-04T02:28:23.772703+00:00,1-4/7-3-6/5-2,published,小田競・サイクル,楽天Kドリームス 並び予想
3420231111020012,2023-11-12,川崎競輪,F2,A1/A2,12,Ａ級準決勝,16:40,16:35,7,https://keirin.kdreams.jp/kawasaki/racedetail/3420231111020012/?pageType=result,2026-10-04T02:28:25.881582+00:00,1-5-7/4-2/3-6,published,小田競・サイクル,楽天Kドリームス 並び予想
6120231111020005,2023-11-12,玉野競輪,F2,A1/A2,5,Ａ級特一般,22:00,21:55,7,https://keirin.kdreams.jp/tamano/racedetail/6120231111020005/?pageType=result,2026-10-04T02:29:23.094120+00:00,2-4/1-3-6/7-5,published,競輪毎日,楽天Kドリームス 並び予想
6120231111020006,2023-11-12,玉野競輪,F2,A1/A2,6,Ａ級特一般,22:20,22:15,7,https://keirin.kdreams.jp/tamano/racedetail/6120231111020006/?pageType=result,2026-10-04T02:29:25.333171+00:00,1-4-5/3/2-7/6,published,競輪毎日,楽天Kドリームス 並び予想
6120231111020007,2023-11-12,玉野競輪,F2,A1/A2,7,Ａ級準決勝,22:40,22:35,7,https://keirin.kdreams.jp/tamano/racedetail/6120231111020007/?pageType=result,2026-10-04T02:29:27.478116+00:00,4-1-7/3-2/5/6,published,競輪毎日,楽天Kドリームス 並び予想
6120231111020008,2023-11-12,玉野競輪,F2,A1/A2,8,Ａ級準決勝,23:00,22:55,7,https://keirin.kdreams.jp/tamano/racedetail/6120231111020008/?pageType=result,2026-10-04T02:29:29.803255+00:00,1-5-7/6/4-2-3,published,競輪毎日,楽天Kドリームス 並び予想
6120231111020009,2023-11-12,玉野競輪,F2,A1/A2,9,Ａ級準決勝,23:20,23:15,7,https://keirin.kdreams.jp/tamano/racedetail/6120231111020009/?pageType=result,2026-10-04T02:29:31.886302+00:00,5-1/2-6-3/7-4,published,競輪毎日,楽天Kドリームス 並び予想
1320231113010001,2023-11-13,いわき平競輪,F1,A1/A2,1,Ａ級予選,15:40,15:35,7,https://keirin.kdreams.jp/iwakitaira/racedetail/1320231113010001/?pageType=result,2026-10-04T02:31:06.488808+00:00,5-1-7/4-3/6-2,published,アオケイ,楽天Kドリームス 並び予想
1320231113010002,2023-11-13,いわき平競輪,F1,A1/A2,2,Ａ級予選,16:05,16:00,7,https://keirin.kdreams.jp/iwakitaira/racedetail/1320231113010002/?pageType=result,2026-10-04T02:31:08.520301+00:00,3-5-6/1-4/7-2,published,アオケイ,楽天Kドリームス 並び予想
1320231113010003,2023-11-13,いわき平競輪,F1,A1/A2,3,Ａ級予選,16:30,16:25,7,https://keirin.kdreams.jp/iwakitaira/racedetail/1320231113010003/?pageType=result,2026-10-04T02:31:10.752899+00:00,1-4-6/2-5/3-7,published,アオケイ,楽天Kドリームス 並び予想
1320231113010004,2023-11-13,いわき平競輪,F1,A1/A2,4,Ａ級予選,16:55,16:50,7,https://keirin.kdreams.jp/iwakitaira/racedetail/1320231113010004/?pageType=result,2026-10-04T02:31:13.111667+00:00,5-1-7/2-4/6-3,published,アオケイ,楽天Kドリームス 並び予想
1320231113010005,2023-11-13,いわき平競輪,F1,A1/A2,5,Ａ級初日特選,17:20,17:15,7,https://keirin.kdreams.jp/iwakitaira/racedetail/1320231113010005/?pageType=result,2026-10-04T02:31:15.457432+00:00,3-5/1-4/7-2/6,published,アオケイ,楽天Kドリームス 並び予想
8620231112020001,2023-11-13,別府競輪,F2,A1/A2,1,Ａ級一般,08:50,08:45,7,https://keirin.kdreams.jp/beppu/racedetail/8620231112020001/?pageType=result,2026-10-04T02:30:01.782710+00:00,1-5/2-7/4-3-6,published,ダービー,楽天Kドリームス 並び予想
8620231112020002,2023-11-13,別府競輪,F2,A1/A2,2,Ａ級一般,09:10,09:05,7,https://keirin.kdreams.jp/beppu/racedetail/8620231112020002/?pageType=result,2026-10-04T02:30:03.989373+00:00,4-7-1/5-3-2-6,published,ダービー,楽天Kドリームス 並び予想
8620231112020003,2023-11-13,別府競輪,F2,A1/A2,3,Ａ級選抜,09:30,09:25,7,https://keirin.kdreams.jp/beppu/racedetail/8620231112020003/?pageType=result,2026-10-04T02:30:05.991810+00:00,1-7-3/6-2/5-4,published,ダービー,楽天Kドリームス 並び予想
8620231112020004,2023-11-13,別府競輪,F2,A1/A2,4,Ａ級選抜,09:50,09:45,7,https://keirin.kdreams.jp/beppu/racedetail/8620231112020004/?pageType=result,2026-10-04T02:30:08.263684+00:00,4-1-6/3/7-5-2,published,ダービー,楽天Kドリームス 並び予想
8620231112020005,2023-11-13,別府競輪,F2,A1/A2,5,Ａ級準決勝,10:10,10:05,7,https://keirin.kdreams.jp/beppu/racedetail/8620231112020005/?pageType=result,2026-10-04T02:30:10.320790+00:00,1-7/2-5-4/6-3,published,ダービー,楽天Kドリームス 並び予想
8620231112020006,2023-11-13,別府競輪,F2,A1/A2,6,Ａ級準決勝,10:30,10:25,7,https://keirin.kdreams.jp/beppu/racedetail/8620231112020006/?pageType=result,2026-10-04T02:30:13.124565+00:00,1-6-5/2-4/7-3,published,ダービー,楽天Kドリームス 並び予想
8620231112020007,2023-11-13,別府競輪,F2,A1/A2,7,Ａ級準決勝,10:50,10:45,7,https://keirin.kdreams.jp/beppu/racedetail/8620231112020007/?pageType=result,2026-10-04T02:30:15.475314+00:00,4-1/2-5/6/3-7,published,ダービー,楽天Kドリームス 並び予想
8120231111030004,2023-11-13,小倉競輪,F2,A1/A2,4,Ａ級特一般,21:50,21:45,7,https://keirin.kdreams.jp/kokura/racedetail/8120231111030004/?pageType=result,2026-10-04T02:29:00.709325+00:00,3-1-5/2-4/7-6,published,コンドル出版社,楽天Kドリームス 並び予想
8120231111030005,2023-11-13,小倉競輪,F2,A1/A2,5,Ａ級特一般,22:10,22:05,7,https://keirin.kdreams.jp/kokura/racedetail/8120231111030005/?pageType=result,2026-10-04T02:29:03.056915+00:00,1-7-3/4-2/5-6,published,コンドル出版社,楽天Kドリームス 並び予想
8120231111030006,2023-11-13,小倉競輪,F2,A1/A2,6,Ａ級特選,22:30,22:25,7,https://keirin.kdreams.jp/kokura/racedetail/8120231111030006/?pageType=result,2026-10-04T02:29:05.547453+00:00,6-1-5/2-4/3-7,published,コンドル出版社,楽天Kドリームス 並び予想
8120231111030007,2023-11-13,小倉競輪,F2,A1/A2,7,Ａ級特選,22:50,22:45,7,https://keirin.kdreams.jp/kokura/racedetail/8120231111030007/?pageType=result,2026-10-04T02:29:07.836815+00:00,2-1/6-4/3/5-7,published,コンドル出版社,楽天Kドリームス 並び予想
8120231111030009,2023-11-13,小倉競輪,F2,A1/A2,9,Ａ級決勝,23:30,23:25,7,https://keirin.kdreams.jp/kokura/racedetail/8120231111030009/?pageType=result,2026-10-04T02:29:09.821623+00:00,4-7-1/6-2/5-3,published,コンドル出版社,楽天Kドリームス 並び予想
3420231111030006,2023-11-13,川崎競輪,F2,A1/A2,6,Ａ級特一般,13:20,13:15,7,https://keirin.kdreams.jp/kawasaki/racedetail/3420231111030006/?pageType=result,2026-10-04T02:28:27.956558+00:00,1/7-2/3-6/4-5,published,小田競・サイクル,楽天Kドリームス 並び予想
3420231111030007,2023-11-13,川崎競輪,F2,A1/A2,7,Ａ級特一般,13:50,13:45,7,https://keirin.kdreams.jp/kawasaki/racedetail/3420231111030007/?pageType=result,2026-10-04T02:28:30.088874+00:00,1-7/5-2/6/3-4,published,小田競・サイクル,楽天Kドリームス 並び予想
3420231111030009,2023-11-13,川崎競輪,F2,A1/A2,9,Ａ級特選,14:50,14:45,7,https://keirin.kdreams.jp/kawasaki/racedetail/3420231111030009/?pageType=result,2026-10-04T02:28:32.201984+00:00,7-1-5/6/4-3-2,published,小田競・サイクル,楽天Kドリームス 並び予想
3420231111030010,2023-11-13,川崎競輪,F2,A1/A2,10,Ａ級特選,15:20,15:15,7,https://keirin.kdreams.jp/kawasaki/racedetail/3420231111030010/?pageType=result,2026-10-04T02:28:34.239823+00:00,1-4-6/3/2-7-5,published,小田競・サイクル,楽天Kドリームス 並び予想
3420231111030012,2023-11-13,川崎競輪,F2,A1/A2,12,Ａ級決勝,16:40,16:35,7,https://keirin.kdreams.jp/kawasaki/racedetail/3420231111030012/?pageType=result,2026-10-04T02:28:36.326703+00:00,3-7-1-6/2/5-4,published,小田競・サイクル,楽天Kドリームス 並び予想
2120231113010008,2023-11-13,弥彦競輪,F2,A1/A2,8,Ａ級特予選,14:10,14:05,7,https://keirin.kdreams.jp/yahiko/racedetail/2120231113010008/?pageType=result,2026-10-04T02:32:15.455954+00:00,4-1-6/5/7-3-2,published,新潟スポーツ,楽天Kドリームス 並び予想
2120231113010009,2023-11-13,弥彦競輪,F2,A1/A2,9,Ａ級特予選,14:42,14:37,7,https://keirin.kdreams.jp/yahiko/racedetail/2120231113010009/?pageType=result,2026-10-04T02:32:17.649636+00:00,5-2-4/6/1-3-7,published,新潟スポーツ,楽天Kドリームス 並び予想
2120231113010010,2023-11-13,弥彦競輪,F2,A1/A2,10,Ａ級特予選,15:15,15:10,7,https://keirin.kdreams.jp/yahiko/racedetail/2120231113010010/?pageType=result,2026-10-04T02:32:20.292638+00:00,2-1-7-5/6-3/4,published,新潟スポーツ,楽天Kドリームス 並び予想
2120231113010011,2023-11-13,弥彦競輪,F2,A1/A2,11,Ａ級特予選,15:48,15:43,7,https://keirin.kdreams.jp/yahiko/racedetail/2120231113010011/?pageType=result,2026-10-04T02:32:22.367322+00:00,3-5-6/7-1/2-4,published,新潟スポーツ,楽天Kドリームス 並び予想
2120231113010012,2023-11-13,弥彦競輪,F2,A1/A2,12,Ａ級初日特選,16:25,16:20,7,https://keirin.kdreams.jp/yahiko/racedetail/2120231113010012/?pageType=result,2026-10-04T02:32:24.552253+00:00,6-3-2/1/5/4/7,published,新潟スポーツ,楽天Kドリームス 並び予想
6120231111030004,2023-11-13,玉野競輪,F2,A1/A2,4,Ａ級特一般,21:40,21:35,7,https://keirin.kdreams.jp/tamano/racedetail/6120231111030004/?pageType=result,2026-10-04T02:29:34.147340+00:00,2-6-1-7-5/3-4,published,競輪毎日,楽天Kドリームス 並び予想
6120231111030005,2023-11-13,玉野競輪,F2,A1/A2,5,Ａ級特一般,22:00,21:55,7,https://keirin.kdreams.jp/tamano/racedetail/6120231111030005/?pageType=result,2026-10-04T02:29:36.695647+00:00,2-7-1-3-4-5/6,published,競輪毎日,楽天Kドリームス 並び予想
6120231111030006,2023-11-13,玉野競輪,F2,A1/A2,6,Ａ級特選,22:20,22:15,7,https://keirin.kdreams.jp/tamano/racedetail/6120231111030006/?pageType=result,2026-10-04T02:29:39.447825+00:00,5-1-6/3-2/4-7,published,競輪毎日,楽天Kドリームス 並び予想
6120231111030007,2023-11-13,玉野競輪,F2,A1/A2,7,Ａ級特選,22:40,22:35,7,https://keirin.kdreams.jp/tamano/racedetail/6120231111030007/?pageType=result,2026-10-04T02:29:41.650575+00:00,3-1-6/5-2/4/7,published,競輪毎日,楽天Kドリームス 並び予想
6120231111030009,2023-11-13,玉野競輪,F2,A1/A2,9,Ａ級決勝,23:20,23:15,7,https://keirin.kdreams.jp/tamano/racedetail/6120231111030009/?pageType=result,2026-10-04T02:29:44.107811+00:00,2-7-3/1/5-4-6,published,競輪毎日,楽天Kドリームス 並び予想
5120231113010001,2023-11-13,福井競輪,F1,A1/A2,1,Ａ級予選,10:34,10:29,7,https://keirin.kdreams.jp/fukui/racedetail/5120231113010001/?pageType=result,2026-10-04T02:30:33.377101+00:00,2-4/6-7-1/5-3,published,福井中部,楽天Kドリームス 並び予想
5120231113010002,2023-11-13,福井競輪,F1,A1/A2,2,Ａ級予選,11:00,10:55,7,https://keirin.kdreams.jp/fukui/racedetail/5120231113010002/?pageType=result,2026-10-04T02:30:35.360060+00:00,7-5-2/1-4/3/6,published,福井中部,楽天Kドリームス 並び予想
5120231113010003,2023-11-13,福井競輪,F1,A1/A2,3,Ａ級予選,11:26,11:21,7,https://keirin.kdreams.jp/fukui/racedetail/5120231113010003/?pageType=result,2026-10-04T02:30:37.602201+00:00,4-1-6/5-2/3-7,published,福井中部,楽天Kドリームス 並び予想
5120231113010004,2023-11-13,福井競輪,F1,A1/A2,4,Ａ級予選,11:55,11:50,7,https://keirin.kdreams.jp/fukui/racedetail/5120231113010004/?pageType=result,2026-10-04T02:30:39.937069+00:00,5-7-1/2-6/4-3,published,福井中部,楽天Kドリームス 並び予想
5120231113010005,2023-11-13,福井競輪,F1,A1/A2,5,Ａ級初日特選,12:24,12:19,7,https://keirin.kdreams.jp/fukui/racedetail/5120231113010005/?pageType=result,2026-10-04T02:30:41.177472+00:00,1-5/7-2/3-6/4,published,福井中部,楽天Kドリームス 並び予想
4520231113010008,2023-11-13,豊橋競輪,F2,A1/A2,8,Ａ級特予選,18:27,18:22,7,https://keirin.kdreams.jp/toyohashi/racedetail/4520231113010008/?pageType=result,2026-10-04T02:31:40.195405+00:00,7-1-4/6-2/5/3,published,中部競輪,楽天Kドリームス 並び予想
4520231113010009,2023-11-13,豊橋競輪,F2,A1/A2,9,Ａ級特予選,18:53,18:48,7,https://keirin.kdreams.jp/toyohashi/racedetail/4520231113010009/?pageType=result,2026-10-04T02:31:42.206923+00:00,1-5/2-4-6/3-7,published,中部競輪,楽天Kドリームス 並び予想
4520231113010010,2023-11-13,豊橋競輪,F2,A1/A2,10,Ａ級特予選,19:19,19:14,7,https://keirin.kdreams.jp/toyohashi/racedetail/4520231113010010/?pageType=result,2026-10-04T02:31:44.703523+00:00,1-4/2-6/5-7-3,published,中部競輪,楽天Kドリームス 並び予想
4520231113010011,2023-11-13,豊橋競輪,F2,A1/A2,11,Ａ級特予選,19:45,19:40,7,https://keirin.kdreams.jp/toyohashi/racedetail/4520231113010011/?pageType=result,2026-10-04T02:31:47.406834+00:00,1-5-4/2-6/3-7,published,中部競輪,楽天Kドリームス 並び予想
4520231113010012,2023-11-13,豊橋競輪,F2,A1/A2,12,Ａ級初日特選,20:15,20:10,7,https://keirin.kdreams.jp/toyohashi/racedetail/4520231113010012/?pageType=result,2026-10-04T02:31:49.874233+00:00,2-5/4/7-1/6-3,published,中部競輪,楽天Kドリームス 並び予想
1320231113020001,2023-11-14,いわき平競輪,F1,A1/A2,1,Ａ級一般,15:40,15:35,5,https://keirin.kdreams.jp/iwakitaira/racedetail/1320231113020001/?pageType=result,2026-10-04T02:31:17.362570+00:00,5-1/3-2-4,published,アオケイ,楽天Kドリームス 並び予想
1320231113020002,2023-11-14,いわき平競輪,F1,A1/A2,2,Ａ級一般,16:05,16:00,6,https://keirin.kdreams.jp/iwakitaira/racedetail/1320231113020002/?pageType=result,2026-10-04T02:31:19.718482+00:00,4-1-6/2-5/3,published,アオケイ,楽天Kドリームス 並び予想
1320231113020003,2023-11-14,いわき平競輪,F1,A1/A2,3,Ａ級準決勝,16:30,16:25,7,https://keirin.kdreams.jp/iwakitaira/racedetail/1320231113020003/?pageType=result,2026-10-04T02:31:21.891746+00:00,4-1-5/3/2-7-6,published,アオケイ,楽天Kドリームス 並び予想
1320231113020004,2023-11-14,いわき平競輪,F1,A1/A2,4,Ａ級準決勝,16:55,16:50,7,https://keirin.kdreams.jp/iwakitaira/racedetail/1320231113020004/?pageType=result,2026-10-04T02:31:24.336628+00:00,7-1/2-5/3-4-6,published,アオケイ,楽天Kドリームス 並び予想
1320231113020005,2023-11-14,いわき平競輪,F1,A1/A2,5,Ａ級準決勝,17:20,17:15,7,https://keirin.kdreams.jp/iwakitaira/racedetail/1320231113020005/?pageType=result,2026-10-04T02:31:27.119575+00:00,7-1-6/2-4/5-3,published,アオケイ,楽天Kドリームス 並び予想
8620231112030001,2023-11-14,別府競輪,F2,A1/A2,1,Ａ級一般,08:50,08:45,7,https://keirin.kdreams.jp/beppu/racedetail/8620231112030001/?pageType=result,2026-10-04T02:30:17.581438+00:00,7-4-1/6/2-3-5,published,ダービー,楽天Kドリームス 並び予想
8620231112030002,2023-11-14,別府競輪,F2,A1/A2,2,Ａ級一般,09:10,09:05,7,https://keirin.kdreams.jp/beppu/racedetail/8620231112030002/?pageType=result,2026-10-04T02:30:19.983020+00:00,3-5-6/2-4-7-1,published,ダービー,楽天Kドリームス 並び予想
8620231112030003,2023-11-14,別府競輪,F2,A1/A2,3,Ａ級一般,09:30,09:25,7,https://keirin.kdreams.jp/beppu/racedetail/8620231112030003/?pageType=result,2026-10-04T02:30:22.103377+00:00,1-7-4/2/3/5-6,published,ダービー,楽天Kドリームス 並び予想
8620231112030004,2023-11-14,別府競輪,F2,A1/A2,4,Ａ級特選,09:50,09:45,7,https://keirin.kdreams.jp/beppu/racedetail/8620231112030004/?pageType=result,2026-10-04T02:30:24.128740+00:00,1-5/3-4/7-2-6,published,ダービー,楽天Kドリームス 並び予想
8620231112030005,2023-11-14,別府競輪,F2,A1/A2,5,Ａ級特選,10:10,10:05,7,https://keirin.kdreams.jp/beppu/racedetail/8620231112030005/?pageType=result,2026-10-04T02:30:26.197958+00:00,1-4-5/2-7/6-3,published,ダービー,楽天Kドリームス 並び予想
8620231112030006,2023-11-14,別府競輪,F2,A1/A2,6,Ａ級特選,10:30,10:25,7,https://keirin.kdreams.jp/beppu/racedetail/8620231112030006/?pageType=result,2026-10-04T02:30:28.338473+00:00,4-1/3-5/7-2-6,published,ダービー,楽天Kドリームス 並び予想
8620231112030007,2023-11-14,別府競輪,F2,A1/A2,7,Ａ級決勝,10:50,10:45,7,https://keirin.kdreams.jp/beppu/racedetail/8620231112030007/?pageType=result,2026-10-04T02:30:30.989611+00:00,7-1/3-6/5-2-4,published,ダービー,楽天Kドリームス 並び予想
5620231114010005,2023-11-14,岸和田競輪,F2,A1/A2,5,Ａ級特予選,22:10,22:05,7,https://keirin.kdreams.jp/kishiwada/racedetail/5620231114010005/?pageType=result,2026-10-04T02:33:37.143096+00:00,2-1-5/3/4-6-7,published,競輪研究,楽天Kドリームス 並び予想
5620231114010006,2023-11-14,岸和田競輪,F2,A1/A2,6,Ａ級特予選,22:30,22:25,7,https://keirin.kdreams.jp/kishiwada/racedetail/5620231114010006/?pageType=result,2026-10-04T02:33:39.661641+00:00,1-2-5/7/3-4-6,published,競輪研究,楽天Kドリームス 並び予想
5620231114010007,2023-11-14,岸和田競輪,F2,A1/A2,7,Ａ級特予選,22:50,22:45,7,https://keirin.kdreams.jp/kishiwada/racedetail/5620231114010007/?pageType=result,2026-10-04T02:33:41.636086+00:00,2-1-5/4/6-3/7,published,競輪研究,楽天Kドリームス 並び予想
5620231114010008,2023-11-14,岸和田競輪,F2,A1/A2,8,Ａ級特予選,23:10,23:05,7,https://keirin.kdreams.jp/kishiwada/racedetail/5620231114010008/?pageType=result,2026-10-04T02:33:43.918762+00:00,2-1-5/4-3/7-6,published,競輪研究,楽天Kドリームス 並び予想
5620231114010009,2023-11-14,岸和田競輪,F2,A1/A2,9,Ａ級初日特選,23:30,23:25,7,https://keirin.kdreams.jp/kishiwada/racedetail/5620231114010009/?pageType=result,2026-10-04T02:33:46.130385+00:00,3-2/1/5-4/6-7,published,競輪研究,楽天Kドリームス 並び予想
3520231114010003,2023-11-14,平塚競輪,F2,A1/A2,3,Ａ級予選,21:20,21:15,7,https://keirin.kdreams.jp/hiratsuka/racedetail/3520231114010003/?pageType=result,2026-10-04T02:32:49.592132+00:00,1-2/6-3/7-4-5,published,小田競・サイクル,楽天Kドリームス 並び予想
3520231114010004,2023-11-14,平塚競輪,F2,A1/A2,4,Ａ級予選,21:40,21:35,7,https://keirin.kdreams.jp/hiratsuka/racedetail/3520231114010004/?pageType=result,2026-10-04T02:32:51.868178+00:00,1-3-5/4-2/6-7,published,小田競・サイクル,楽天Kドリームス 並び予想
3520231114010005,2023-11-14,平塚競輪,F2,A1/A2,5,Ａ級予選,22:00,21:55,7,https://keirin.kdreams.jp/hiratsuka/racedetail/3520231114010005/?pageType=result,2026-10-04T02:32:54.097523+00:00,4-1-6/2-3/7-5,published,小田競・サイクル,楽天Kドリームス 並び予想
3520231114010006,2023-11-14,平塚競輪,F2,A1/A2,6,Ａ級予選,22:20,22:15,7,https://keirin.kdreams.jp/hiratsuka/racedetail/3520231114010006/?pageType=result,2026-10-04T02:32:56.250313+00:00,2-1/7-3/4/6-5,published,小田競・サイクル,楽天Kドリームス 並び予想
3520231114010007,2023-11-14,平塚競輪,F2,A1/A2,7,Ａ級予選,22:40,22:35,7,https://keirin.kdreams.jp/hiratsuka/racedetail/3520231114010007/?pageType=result,2026-10-04T02:32:58.519191+00:00,1-2-7/6/3-4-5,published,小田競・サイクル,楽天Kドリームス 並び予想
3520231114010008,2023-11-14,平塚競輪,F2,A1/A2,8,Ａ級予選,23:00,22:55,7,https://keirin.kdreams.jp/hiratsuka/racedetail/3520231114010008/?pageType=result,2026-10-04T02:33:01.136191+00:00,1-2-3/4-5/7-6,published,小田競・サイクル,楽天Kドリームス 並び予想
3520231114010009,2023-11-14,平塚競輪,F2,A1/A2,9,Ａ級初日特選,23:20,23:15,7,https://keirin.kdreams.jp/hiratsuka/racedetail/3520231114010009/?pageType=result,2026-10-04T02:33:03.296373+00:00,2-1-6/3-4/7-5,published,小田競・サイクル,楽天Kドリームス 並び予想
2120231113020008,2023-11-14,弥彦競輪,F2,A1/A2,8,Ａ級特一般,14:10,14:05,6,https://keirin.kdreams.jp/yahiko/racedetail/2120231113020008/?pageType=result,2026-10-04T02:32:27.184032+00:00,1-3/6/4-2-5,published,新潟スポーツ,楽天Kドリームス 並び予想
2120231113020009,2023-11-14,弥彦競輪,F2,A1/A2,9,Ａ級特一般,14:42,14:37,7,https://keirin.kdreams.jp/yahiko/racedetail/2120231113020009/?pageType=result,2026-10-04T02:32:29.409206+00:00,6-3-1-5/7/2-4,published,新潟スポーツ,楽天Kドリームス 並び予想
2120231113020010,2023-11-14,弥彦競輪,F2,A1/A2,10,Ａ級準決勝,15:15,15:10,7,https://keirin.kdreams.jp/yahiko/racedetail/2120231113020010/?pageType=result,2026-10-04T02:32:31.716465+00:00,6-1/5-2-4/3-7,published,新潟スポーツ,楽天Kドリームス 並び予想
2120231113020011,2023-11-14,弥彦競輪,F2,A1/A2,11,Ａ級準決勝,15:48,15:43,7,https://keirin.kdreams.jp/yahiko/racedetail/2120231113020011/?pageType=result,2026-10-04T02:32:33.704468+00:00,5-1/3/6/4-2-7,published,新潟スポーツ,楽天Kドリームス 並び予想
2120231113020012,2023-11-14,弥彦競輪,F2,A1/A2,12,Ａ級準決勝,16:25,16:20,7,https://keirin.kdreams.jp/yahiko/racedetail/2120231113020012/?pageType=result,2026-10-04T02:32:36.168106+00:00,5-1/3-6/2-7-4,published,新潟スポーツ,楽天Kドリームス 並び予想
5120231113020001,2023-11-14,福井競輪,F1,A1/A2,1,Ａ級一般,10:34,10:29,7,https://keirin.kdreams.jp/fukui/racedetail/5120231113020001/?pageType=result,2026-10-04T02:30:42.545443+00:00,1-4/3-7/2/6-5,published,福井中部,楽天Kドリームス 並び予想
5120231113020002,2023-11-14,福井競輪,F1,A1/A2,2,Ａ級一般,11:00,10:55,7,https://keirin.kdreams.jp/fukui/racedetail/5120231113020002/?pageType=result,2026-10-04T02:30:44.879266+00:00,4-6/2-7/1/5-3,published,福井中部,楽天Kドリームス 並び予想
5120231113020003,2023-11-14,福井競輪,F1,A1/A2,3,Ａ級準決勝,11:26,11:21,7,https://keirin.kdreams.jp/fukui/racedetail/5120231113020003/?pageType=result,2026-10-04T02:30:47.526748+00:00,5-2-1/4/3/6/7,published,福井中部,楽天Kドリームス 並び予想
5120231113020004,2023-11-14,福井競輪,F1,A1/A2,4,Ａ級準決勝,11:55,11:50,7,https://keirin.kdreams.jp/fukui/racedetail/5120231113020004/?pageType=result,2026-10-04T02:30:50.198828+00:00,4-3/5-1-6/7-2,published,福井中部,楽天Kドリームス 並び予想
5120231113020005,2023-11-14,福井競輪,F1,A1/A2,5,Ａ級準決勝,12:24,12:19,7,https://keirin.kdreams.jp/fukui/racedetail/5120231113020005/?pageType=result,2026-10-04T02:30:52.311750+00:00,2-4-6/1-5/3-7,published,福井中部,楽天Kドリームス 並び予想
4520231113020008,2023-11-14,豊橋競輪,F2,A1/A2,8,Ａ級特一般,18:27,18:22,7,https://keirin.kdreams.jp/toyohashi/racedetail/4520231113020008/?pageType=result,2026-10-04T02:31:52.228953+00:00,1-5-4/2-6/3-7,published,中部競輪,楽天Kドリームス 並び予想
4520231113020009,2023-11-14,豊橋競輪,F2,A1/A2,9,Ａ級特一般,18:53,18:48,7,https://keirin.kdreams.jp/toyohashi/racedetail/4520231113020009/?pageType=result,2026-10-04T02:31:54.398488+00:00,4-1/7-2-5/6-3,published,中部競輪,楽天Kドリームス 並び予想
4520231113020010,2023-11-14,豊橋競輪,F2,A1/A2,10,Ａ級準決勝,19:19,19:14,7,https://keirin.kdreams.jp/toyohashi/racedetail/4520231113020010/?pageType=result,2026-10-04T02:31:56.694467+00:00,2-4/7-5-1/6-3,published,中部競輪,楽天Kドリームス 並び予想
4520231113020011,2023-11-14,豊橋競輪,F2,A1/A2,11,Ａ級準決勝,19:45,19:40,7,https://keirin.kdreams.jp/toyohashi/racedetail/4520231113020011/?pageType=result,2026-10-04T02:31:58.827840+00:00,1-4-6/3/2-7-5,published,中部競輪,楽天Kドリームス 並び予想
4520231113020012,2023-11-14,豊橋競輪,F2,A1/A2,12,Ａ級準決勝,20:15,20:10,7,https://keirin.kdreams.jp/toyohashi/racedetail/4520231113020012/?pageType=result,2026-10-04T02:32:00.931920+00:00,1-5-6/7-3/2-4,published,中部競輪,楽天Kドリームス 並び予想
3820231114010001,2023-11-14,静岡競輪,F1,A1/A2,1,Ａ級予選,10:45,10:40,7,https://keirin.kdreams.jp/shizuoka/racedetail/3820231114010001/?pageType=result,2026-10-04T02:34:56.818003+00:00,2-4-7/6-1/3-5,published,ひかり・小田競,楽天Kドリームス 並び予想
3820231114010002,2023-11-14,静岡競輪,F1,A1/A2,2,Ａ級予選,11:11,11:06,7,https://keirin.kdreams.jp/shizuoka/racedetail/3820231114010002/?pageType=result,2026-10-04T02:34:58.967664+00:00,7-3-4/1-6/5-2,published,ひかり・小田競,楽天Kドリームス 並び予想
3820231114010003,2023-11-14,静岡競輪,F1,A1/A2,3,Ａ級予選,11:39,11:34,7,https://keirin.kdreams.jp/shizuoka/racedetail/3820231114010003/?pageType=result,2026-10-04T02:35:01.104943+00:00,1-4/5-7-2/6-3,published,ひかり・小田競,楽天Kドリームス 並び予想
3820231114010004,2023-11-14,静岡競輪,F1,A1/A2,4,Ａ級予選,12:07,12:02,7,https://keirin.kdreams.jp/shizuoka/racedetail/3820231114010004/?pageType=result,2026-10-04T02:35:03.634574+00:00,1-5-3/6/7-2-4,published,ひかり・小田競,楽天Kドリームス 並び予想
3820231114010005,2023-11-14,静岡競輪,F1,A1/A2,5,Ａ級初日特選,12:35,12:30,7,https://keirin.kdreams.jp/shizuoka/racedetail/3820231114010005/?pageType=result,2026-10-04T02:35:05.849908+00:00,3-6-1/2-7/5-4,published,ひかり・小田競,楽天Kドリームス 並び予想
7420231114010001,2023-11-14,高知競輪,F2,A1/A2,1,Ａ級予選,09:00,08:55,7,https://keirin.kdreams.jp/kochi/racedetail/7420231114010001/?pageType=result,2026-10-04T02:34:10.527647+00:00,1-7-3/5/4-2-6,published,福ちゃん出版社,楽天Kドリームス 並び予想
7420231114010002,2023-11-14,高知競輪,F2,A1/A2,2,Ａ級予選,09:20,09:15,7,https://keirin.kdreams.jp/kochi/racedetail/7420231114010002/?pageType=result,2026-10-04T02:34:12.585337+00:00,1-6/3-4/5-2-7,published,福ちゃん出版社,楽天Kドリームス 並び予想
7420231114010003,2023-11-14,高知競輪,F2,A1/A2,3,Ａ級予選,09:40,09:35,7,https://keirin.kdreams.jp/kochi/racedetail/7420231114010003/?pageType=result,2026-10-04T02:34:14.600226+00:00,4-1-5/7-2/3-6,published,福ちゃん出版社,楽天Kドリームス 並び予想
7420231114010004,2023-11-14,高知競輪,F2,A1/A2,4,Ａ級予選,10:00,09:55,7,https://keirin.kdreams.jp/kochi/racedetail/7420231114010004/?pageType=result,2026-10-04T02:34:17.030140+00:00,2-6/5-3/7-4-1,published,福ちゃん出版社,楽天Kドリームス 並び予想
7420231114010005,2023-11-14,高知競輪,F2,A1/A2,5,Ａ級予選,10:20,10:15,7,https://keirin.kdreams.jp/kochi/racedetail/7420231114010005/?pageType=result,2026-10-04T02:34:19.404967+00:00,2-6/5-7-1/3-4,published,福ちゃん出版社,楽天Kドリームス 並び予想
7420231114010006,2023-11-14,高知競輪,F2,A1/A2,6,Ａ級予選,10:40,10:35,7,https://keirin.kdreams.jp/kochi/racedetail/7420231114010006/?pageType=result,2026-10-04T02:34:22.024631+00:00,1-5-6-3/4-7-2,published,福ちゃん出版社,楽天Kドリームス 並び予想
7420231114010007,2023-11-14,高知競輪,F2,A1/A2,7,Ａ級初日特選,11:00,10:55,7,https://keirin.kdreams.jp/kochi/racedetail/7420231114010007/?pageType=result,2026-10-04T02:34:24.086293+00:00,2-1-4-7-5-6/3,published,福ちゃん出版社,楽天Kドリームス 並び予想
1320231113030001,2023-11-15,いわき平競輪,F1,A1/A2,1,Ａ級一般,15:40,15:35,5,https://keirin.kdreams.jp/iwakitaira/racedetail/1320231113030001/?pageType=result,2026-10-04T02:31:29.263882+00:00,3-1/5-2/4,published,アオケイ,楽天Kドリームス 並び予想
1320231113030002,2023-11-15,いわき平競輪,F1,A1/A2,2,Ａ級一般,16:05,16:00,5,https://keirin.kdreams.jp/iwakitaira/racedetail/1320231113030002/?pageType=result,2026-10-04T02:31:31.354784+00:00,1-4-5/3-2,published,アオケイ,楽天Kドリームス 並び予想
1320231113030003,2023-11-15,いわき平競輪,F1,A1/A2,3,Ａ級特選,16:30,16:25,6,https://keirin.kdreams.jp/iwakitaira/racedetail/1320231113030003/?pageType=result,2026-10-04T02:31:33.457178+00:00,1-4/6/5-3-2,published,アオケイ,楽天Kドリームス 並び予想
1320231113030004,2023-11-15,いわき平競輪,F1,A1/A2,4,Ａ級特選,16:55,16:50,7,https://keirin.kdreams.jp/iwakitaira/racedetail/1320231113030004/?pageType=result,2026-10-04T02:31:35.791470+00:00,7-1/4-2/3-5-6,published,アオケイ,楽天Kドリームス 並び予想
1320231113030011,2023-11-15,いわき平競輪,F1,A1/A2,11,Ａ級決勝,19:59,19:54,7,https://keirin.kdreams.jp/iwakitaira/racedetail/1320231113030011/?pageType=result,2026-10-04T02:31:38.018205+00:00,1-7-5/4-3/6-2,published,アオケイ,楽天Kドリームス 並び予想
5620231114020005,2023-11-15,岸和田競輪,F2,A1/A2,5,Ａ級特一般,22:10,22:05,7,https://keirin.kdreams.jp/kishiwada/racedetail/5620231114020005/?pageType=result,2026-10-04T02:33:48.270594+00:00,1-4/2-5/6/7-3,published,競輪研究,楽天Kドリームス 並び予想
5620231114020006,2023-11-15,岸和田競輪,F2,A1/A2,6,Ａ級特一般,22:30,22:25,7,https://keirin.kdreams.jp/kishiwada/racedetail/5620231114020006/?pageType=result,2026-10-04T02:33:50.377595+00:00,2-4-5/1-3/6-7,published,競輪研究,楽天Kドリームス 並び予想
5620231114020007,2023-11-15,岸和田競輪,F2,A1/A2,7,Ａ級準決勝,22:50,22:45,7,https://keirin.kdreams.jp/kishiwada/racedetail/5620231114020007/?pageType=result,2026-10-04T02:33:52.551405+00:00,2-1/3-6-7/4-5,published,競輪研究,楽天Kドリームス 並び予想
5620231114020008,2023-11-15,岸和田競輪,F2,A1/A2,8,Ａ級準決勝,23:10,23:05,7,https://keirin.kdreams.jp/kishiwada/racedetail/5620231114020008/?pageType=result,2026-10-04T02:33:54.703281+00:00,4-1-5-7/2-3-6,published,競輪研究,楽天Kドリームス 並び予想
5620231114020009,2023-11-15,岸和田競輪,F2,A1/A2,9,Ａ級準決勝,23:30,23:25,7,https://keirin.kdreams.jp/kishiwada/racedetail/5620231114020009/?pageType=result,2026-10-04T02:33:56.930960+00:00,1-3/4-2/5-7-6,published,競輪研究,楽天Kドリームス 並び予想
3520231114020003,2023-11-15,平塚競輪,F2,A1/A2,3,Ａ級一般,21:20,21:15,7,https://keirin.kdreams.jp/hiratsuka/racedetail/3520231114020003/?pageType=result,2026-10-04T02:33:05.583988+00:00,5-1-3/2-6/7-4,published,小田競・サイクル,楽天Kドリームス 並び予想
3520231114020004,2023-11-15,平塚競輪,F2,A1/A2,4,Ａ級一般,21:40,21:35,7,https://keirin.kdreams.jp/hiratsuka/racedetail/3520231114020004/?pageType=result,2026-10-04T02:33:07.716547+00:00,3-7-1/2-5/4/6,published,小田競・サイクル,楽天Kドリームス 並び予想
3520231114020005,2023-11-15,平塚競輪,F2,A1/A2,5,Ａ級選抜,22:00,21:55,7,https://keirin.kdreams.jp/hiratsuka/racedetail/3520231114020005/?pageType=result,2026-10-04T02:33:10.243171+00:00,1-2/3-6/7-4-5,published,小田競・サイクル,楽天Kドリームス 並び予想
3520231114020006,2023-11-15,平塚競輪,F2,A1/A2,6,Ａ級選抜,22:20,22:15,7,https://keirin.kdreams.jp/hiratsuka/racedetail/3520231114020006/?pageType=result,2026-10-04T02:33:12.775572+00:00,5-1-6/7-2/3/4,published,小田競・サイクル,楽天Kドリームス 並び予想
3520231114020007,2023-11-15,平塚競輪,F2,A1/A2,7,Ａ級準決勝,22:40,22:35,7,https://keirin.kdreams.jp/hiratsuka/racedetail/3520231114020007/?pageType=result,2026-10-04T02:33:14.917688+00:00,1-3-5/2-4-7/6,published,小田競・サイクル,楽天Kドリームス 並び予想
3520231114020008,2023-11-15,平塚競輪,F2,A1/A2,8,Ａ級準決勝,23:00,22:55,7,https://keirin.kdreams.jp/hiratsuka/racedetail/3520231114020008/?pageType=result,2026-10-04T02:33:17.255101+00:00,1-2-5/7-3/4-6,published,小田競・サイクル,楽天Kドリームス 並び予想
3520231114020009,2023-11-15,平塚競輪,F2,A1/A2,9,Ａ級準決勝,23:20,23:15,7,https://keirin.kdreams.jp/hiratsuka/racedetail/3520231114020009/?pageType=result,2026-10-04T02:33:19.285846+00:00,2-1-3/4-5-7/6,published,小田競・サイクル,楽天Kドリームス 並び予想
2120231113030006,2023-11-15,弥彦競輪,F2,A1/A2,6,Ａ級特一般,13:12,13:07,6,https://keirin.kdreams.jp/yahiko/racedetail/2120231113030006/?pageType=result,2026-10-04T02:32:38.236988+00:00,4-1-3/6-5-2,published,新潟スポーツ,楽天Kドリームス 並び予想
2120231113030007,2023-11-15,弥彦競輪,F2,A1/A2,7,Ａ級特一般,13:40,13:35,7,https://keirin.kdreams.jp/yahiko/racedetail/2120231113030007/?pageType=result,2026-10-04T02:32:40.390274+00:00,1-7-3/6/2-5-4,published,新潟スポーツ,楽天Kドリームス 並び予想
2120231113030008,2023-11-15,弥彦競輪,F2,A1/A2,8,Ａ級特選,14:10,14:05,7,https://keirin.kdreams.jp/yahiko/racedetail/2120231113030008/?pageType=result,2026-10-04T02:32:42.866406+00:00,6-2-4/7/1/3-5,published,新潟スポーツ,楽天Kドリームス 並び予想
2120231113030009,2023-11-15,弥彦競輪,F2,A1/A2,9,Ａ級特選,14:42,14:37,7,https://keirin.kdreams.jp/yahiko/racedetail/2120231113030009/?pageType=result,2026-10-04T02:32:45.029231+00:00,1-4-5-6/2-7-3,published,新潟スポーツ,楽天Kドリームス 並び予想
2120231113030012,2023-11-15,弥彦競輪,F2,A1/A2,12,Ａ級決勝,16:25,16:20,7,https://keirin.kdreams.jp/yahiko/racedetail/2120231113030012/?pageType=result,2026-10-04T02:32:47.233015+00:00,1-7-4/3/5-6-2,published,新潟スポーツ,楽天Kドリームス 並び予想
5120231113030001,2023-11-15,福井競輪,F1,A1/A2,1,Ａ級一般,10:34,10:29,7,https://keirin.kdreams.jp/fukui/racedetail/5120231113030001/?pageType=result,2026-10-04T02:30:54.798336+00:00,7-1/2-6/5-3-4,published,福井中部,楽天Kドリームス 並び予想
5120231113030002,2023-11-15,福井競輪,F1,A1/A2,2,Ａ級一般,11:00,10:55,7,https://keirin.kdreams.jp/fukui/racedetail/5120231113030002/?pageType=result,2026-10-04T02:30:56.996892+00:00,7-1-5/6-2/4-3,published,福井中部,楽天Kドリームス 並び予想
5120231113030003,2023-11-15,福井競輪,F1,A1/A2,3,Ａ級特選,11:26,11:21,7,https://keirin.kdreams.jp/fukui/racedetail/5120231113030003/?pageType=result,2026-10-04T02:30:59.311471+00:00,4-1-7/2-5-3/6,published,福井中部,楽天Kドリームス 並び予想
5120231113030004,2023-11-15,福井競輪,F1,A1/A2,4,Ａ級特選,11:55,11:50,7,https://keirin.kdreams.jp/fukui/racedetail/5120231113030004/?pageType=result,2026-10-04T02:31:01.907949+00:00,3-7-6/4/1-5-2,published,福井中部,楽天Kドリームス 並び予想
5120231113030011,2023-11-15,福井競輪,F1,A1/A2,11,Ａ級決勝,15:34,15:29,7,https://keirin.kdreams.jp/fukui/racedetail/5120231113030011/?pageType=result,2026-10-04T02:31:04.280328+00:00,6-1/2/3-5/4-7,published,福井中部,楽天Kドリームス 並び予想
4520231113030005,2023-11-15,豊橋競輪,F2,A1/A2,5,Ａ級特一般,17:35,17:30,7,https://keirin.kdreams.jp/toyohashi/racedetail/4520231113030005/?pageType=result,2026-10-04T02:32:03.722311+00:00,5-2-3/7/1/6-4,published,中部競輪,楽天Kドリームス 並び予想
4520231113030006,2023-11-15,豊橋競輪,F2,A1/A2,6,Ａ級特一般,18:01,17:56,7,https://keirin.kdreams.jp/toyohashi/racedetail/4520231113030006/?pageType=result,2026-10-04T02:32:06.152372+00:00,4-1-7/6/5-3-2,published,中部競輪,楽天Kドリームス 並び予想
4520231113030007,2023-11-15,豊橋競輪,F2,A1/A2,7,Ａ級特選,18:27,18:22,7,https://keirin.kdreams.jp/toyohashi/racedetail/4520231113030007/?pageType=result,2026-10-04T02:32:08.331483+00:00,5-1/4-2/7/3-6,published,中部競輪,楽天Kドリームス 並び予想
4520231113030008,2023-11-15,豊橋競輪,F2,A1/A2,8,Ａ級特選,18:53,18:48,7,https://keirin.kdreams.jp/toyohashi/racedetail/4520231113030008/?pageType=result,2026-10-04T02:32:10.544419+00:00,2-7/6/1-4/3-5,published,中部競輪,楽天Kドリームス 並び予想
4520231113030011,2023-11-15,豊橋競輪,F2,A1/A2,11,Ａ級決勝,20:15,20:10,7,https://keirin.kdreams.jp/toyohashi/racedetail/4520231113030011/?pageType=result,2026-10-04T02:32:12.834814+00:00,4-6-1/2/3-7-5,published,中部競輪,楽天Kドリームス 並び予想
3820231114020001,2023-11-15,静岡競輪,F1,A1/A2,1,Ａ級一般,10:45,10:40,6,https://keirin.kdreams.jp/shizuoka/racedetail/3820231114020001/?pageType=result,2026-10-04T02:35:07.933106+00:00,5-1-4/3/6-2,published,ひかり・小田競,楽天Kドリームス 並び予想
3820231114020002,2023-11-15,静岡競輪,F1,A1/A2,2,Ａ級一般,11:11,11:06,7,https://keirin.kdreams.jp/shizuoka/racedetail/3820231114020002/?pageType=result,2026-10-04T02:35:10.050765+00:00,1-6/5-2/7-3-4,published,ひかり・小田競,楽天Kドリームス 並び予想
3820231114020003,2023-11-15,静岡競輪,F1,A1/A2,3,Ａ級準決勝,11:39,11:34,7,https://keirin.kdreams.jp/shizuoka/racedetail/3820231114020003/?pageType=result,2026-10-04T02:35:12.119454+00:00,6-1/2-5/4/3-7,published,ひかり・小田競,楽天Kドリームス 並び予想
3820231114020004,2023-11-15,静岡競輪,F1,A1/A2,4,Ａ級準決勝,12:07,12:02,7,https://keirin.kdreams.jp/shizuoka/racedetail/3820231114020004/?pageType=result,2026-10-04T02:35:14.748832+00:00,5-2-4-1-6/3-7,published,ひかり・小田競,楽天Kドリームス 並び予想
3820231114020005,2023-11-15,静岡競輪,F1,A1/A2,5,Ａ級準決勝,12:35,12:30,7,https://keirin.kdreams.jp/shizuoka/racedetail/3820231114020005/?pageType=result,2026-10-04T02:35:17.166225+00:00,7-1-3/6/5-4-2,published,ひかり・小田競,楽天Kドリームス 並び予想
7420231114020001,2023-11-15,高知競輪,F2,A1/A2,1,Ａ級一般,09:00,08:55,7,https://keirin.kdreams.jp/kochi/racedetail/7420231114020001/?pageType=result,2026-10-04T02:34:26.154838+00:00,1-7/2/3-5/4-6,published,福ちゃん出版社,楽天Kドリームス 並び予想
7420231114020002,2023-11-15,高知競輪,F2,A1/A2,2,Ａ級一般,09:20,09:15,7,https://keirin.kdreams.jp/kochi/racedetail/7420231114020002/?pageType=result,2026-10-04T02:34:28.196026+00:00,4-6-1/2/3-5-7,published,福ちゃん出版社,楽天Kドリームス 並び予想
7420231114020003,2023-11-15,高知競輪,F2,A1/A2,3,Ａ級選抜,09:40,09:35,7,https://keirin.kdreams.jp/kochi/racedetail/7420231114020003/?pageType=result,2026-10-04T02:34:29.522919+00:00,1-5/7-2-4/3-6,published,福ちゃん出版社,楽天Kドリームス 並び予想
7420231114020004,2023-11-15,高知競輪,F2,A1/A2,4,Ａ級選抜,10:00,09:55,7,https://keirin.kdreams.jp/kochi/racedetail/7420231114020004/?pageType=result,2026-10-04T02:34:31.102828+00:00,1-7-5/2-4/3-6,published,福ちゃん出版社,楽天Kドリームス 並び予想
7420231114020005,2023-11-15,高知競輪,F2,A1/A2,5,Ａ級準決勝,10:20,10:15,7,https://keirin.kdreams.jp/kochi/racedetail/7420231114020005/?pageType=result,2026-10-04T02:34:34.186977+00:00,6-1/7-2-4/3-5,published,福ちゃん出版社,楽天Kドリームス 並び予想
7420231114020006,2023-11-15,高知競輪,F2,A1/A2,6,Ａ級準決勝,10:40,10:35,7,https://keirin.kdreams.jp/kochi/racedetail/7420231114020006/?pageType=result,2026-10-04T02:34:36.251876+00:00,7-1-4/3/5-2-6,published,福ちゃん出版社,楽天Kドリームス 並び予想
7420231114020007,2023-11-15,高知競輪,F2,A1/A2,7,Ａ級準決勝,11:00,10:55,7,https://keirin.kdreams.jp/kochi/racedetail/7420231114020007/?pageType=result,2026-10-04T02:34:38.468097+00:00,7-4-1/2/5-3/6,published,福ちゃん出版社,楽天Kドリームス 並び予想
5320231116010001,2023-11-16,奈良競輪,F1,A1/A2,1,Ａ級予選,15:42,15:37,7,https://keirin.kdreams.jp/nara/racedetail/5320231116010001/?pageType=result,2026-10-04T02:35:30.352637+00:00,1-5-6/4/3-7-2,published,競輪研究,楽天Kドリームス 並び予想
5320231116010002,2023-11-16,奈良競輪,F1,A1/A2,2,Ａ級予選,16:06,16:01,7,https://keirin.kdreams.jp/nara/racedetail/5320231116010002/?pageType=result,2026-10-04T02:35:32.505844+00:00,1-5-3/6/7-4-2,published,競輪研究,楽天Kドリームス 並び予想
5320231116010003,2023-11-16,奈良競輪,F1,A1/A2,3,Ａ級予選,16:30,16:25,7,https://keirin.kdreams.jp/nara/racedetail/5320231116010003/?pageType=result,2026-10-04T02:35:34.703386+00:00,1-5-7/4-3/6-2,published,競輪研究,楽天Kドリームス 並び予想
5320231116010004,2023-11-16,奈良競輪,F1,A1/A2,4,Ａ級予選,16:55,16:50,7,https://keirin.kdreams.jp/nara/racedetail/5320231116010004/?pageType=result,2026-10-04T02:35:36.747993+00:00,1-5/2/6/7-3-4,published,競輪研究,楽天Kドリームス 並び予想
5320231116010005,2023-11-16,奈良競輪,F1,A1/A2,5,Ａ級初日特選,17:20,17:15,7,https://keirin.kdreams.jp/nara/racedetail/5320231116010005/?pageType=result,2026-10-04T02:35:39.472538+00:00,1-7-4/2-6/5-3,published,競輪研究,楽天Kドリームス 並び予想
5620231114030004,2023-11-16,岸和田競輪,F2,A1/A2,4,Ａ級特一般,21:50,21:45,7,https://keirin.kdreams.jp/kishiwada/racedetail/5620231114030004/?pageType=result,2026-10-04T02:33:59.149146+00:00,1-4-6/2-3/7-5,published,競輪研究,楽天Kドリームス 並び予想
5620231114030005,2023-11-16,岸和田競輪,F2,A1/A2,5,Ａ級特一般,22:10,22:05,7,https://keirin.kdreams.jp/kishiwada/racedetail/5620231114030005/?pageType=result,2026-10-04T02:34:01.305946+00:00,1-4-6/2-5-7/3,published,競輪研究,楽天Kドリームス 並び予想
5620231114030006,2023-11-16,岸和田競輪,F2,A1/A2,6,Ａ級特選,22:30,22:25,7,https://keirin.kdreams.jp/kishiwada/racedetail/5620231114030006/?pageType=result,2026-10-04T02:34:03.694252+00:00,3-2-4/7-1/6-5,published,競輪研究,楽天Kドリームス 並び予想
5620231114030007,2023-11-16,岸和田競輪,F2,A1/A2,7,Ａ級特選,22:50,22:45,7,https://keirin.kdreams.jp/kishiwada/racedetail/5620231114030007/?pageType=result,2026-10-04T02:34:06.101800+00:00,1-2-3/4-7-5/6,published,競輪研究,楽天Kドリームス 並び予想
5620231114030009,2023-11-16,岸和田競輪,F2,A1/A2,9,Ａ級決勝,23:30,23:25,7,https://keirin.kdreams.jp/kishiwada/racedetail/5620231114030009/?pageType=result,2026-10-04T02:34:08.357878+00:00,5-2-1/3-6-7/4,published,競輪研究,楽天Kドリームス 並び予想
3520231114030002,2023-11-16,平塚競輪,F2,A1/A2,2,Ａ級一般,21:00,20:55,7,https://keirin.kdreams.jp/hiratsuka/racedetail/3520231114030002/?pageType=result,2026-10-04T02:33:21.671523+00:00,5-1/3-2-4/7-6,published,小田競・サイクル,楽天Kドリームス 並び予想
3520231114030003,2023-11-16,平塚競輪,F2,A1/A2,3,Ａ級一般,21:20,21:15,7,https://keirin.kdreams.jp/hiratsuka/racedetail/3520231114030003/?pageType=result,2026-10-04T02:33:24.052435+00:00,1-2/4-3/7-6-5,published,小田競・サイクル,楽天Kドリームス 並び予想
3520231114030004,2023-11-16,平塚競輪,F2,A1/A2,4,Ａ級一般,21:40,21:35,7,https://keirin.kdreams.jp/hiratsuka/racedetail/3520231114030004/?pageType=result,2026-10-04T02:33:26.276852+00:00,1-2/7-3-5/6-4,published,小田競・サイクル,楽天Kドリームス 並び予想
3520231114030005,2023-11-16,平塚競輪,F2,A1/A2,5,Ａ級特選,22:00,21:55,7,https://keirin.kdreams.jp/hiratsuka/racedetail/3520231114030005/?pageType=result,2026-10-04T02:33:29.094939+00:00,4-1-7-6/2-3-5,published,小田競・サイクル,楽天Kドリームス 並び予想
3520231114030006,2023-11-16,平塚競輪,F2,A1/A2,6,Ａ級特選,22:20,22:15,7,https://keirin.kdreams.jp/hiratsuka/racedetail/3520231114030006/?pageType=result,2026-10-04T02:33:31.148768+00:00,1-3-5/4-2-7/6,published,小田競・サイクル,楽天Kドリームス 並び予想
3520231114030007,2023-11-16,平塚競輪,F2,A1/A2,7,Ａ級特選,22:40,22:35,7,https://keirin.kdreams.jp/hiratsuka/racedetail/3520231114030007/?pageType=result,2026-10-04T02:33:33.263410+00:00,1-3-4/2-7/5-6,published,小田競・サイクル,楽天Kドリームス 並び予想
3520231114030009,2023-11-16,平塚競輪,F2,A1/A2,9,Ａ級決勝,23:20,23:15,7,https://keirin.kdreams.jp/hiratsuka/racedetail/3520231114030009/?pageType=result,2026-10-04T02:33:35.240349+00:00,2-1/3-5/4-6-7,published,小田競・サイクル,楽天Kドリームス 並び予想
3820231114030001,2023-11-16,静岡競輪,F1,A1/A2,1,Ａ級一般,10:45,10:40,5,https://keirin.kdreams.jp/shizuoka/racedetail/3820231114030001/?pageType=result,2026-10-04T02:35:19.034923+00:00,1-4/2-5/3,published,ひかり・小田競,楽天Kドリームス 並び予想
3820231114030002,2023-11-16,静岡競輪,F1,A1/A2,2,Ａ級一般,11:11,11:06,5,https://keirin.kdreams.jp/shizuoka/racedetail/3820231114030002/?pageType=result,2026-10-04T02:35:21.048757+00:00,3-1-5/2-4,published,ひかり・小田競,楽天Kドリームス 並び予想
3820231114030003,2023-11-16,静岡競輪,F1,A1/A2,3,Ａ級特選,11:39,11:34,7,https://keirin.kdreams.jp/shizuoka/racedetail/3820231114030003/?pageType=result,2026-10-04T02:35:23.773463+00:00,3-7-1/4/5-2-6,published,ひかり・小田競,楽天Kドリームス 並び予想
3820231114030004,2023-11-16,静岡競輪,F1,A1/A2,4,Ａ級特選,12:07,12:02,7,https://keirin.kdreams.jp/shizuoka/racedetail/3820231114030004/?pageType=result,2026-10-04T02:35:25.876069+00:00,7-1-3/2-4-5-6,published,ひかり・小田競,楽天Kドリームス 並び予想
3820231114030011,2023-11-16,静岡競輪,F1,A1/A2,11,Ａ級決勝,15:50,15:45,7,https://keirin.kdreams.jp/shizuoka/racedetail/3820231114030011/?pageType=result,2026-10-04T02:35:27.973855+00:00,1-5-7/2-6/3-4,published,ひかり・小田競,楽天Kドリームス 並び予想
7420231114030001,2023-11-16,高知競輪,F2,A1/A2,1,Ａ級一般,09:00,08:55,7,https://keirin.kdreams.jp/kochi/racedetail/7420231114030001/?pageType=result,2026-10-04T02:34:40.493491+00:00,1-5/2-6/3-7-4,published,福ちゃん出版社,楽天Kドリームス 並び予想
7420231114030002,2023-11-16,高知競輪,F2,A1/A2,2,Ａ級一般,09:20,09:15,7,https://keirin.kdreams.jp/kochi/racedetail/7420231114030002/?pageType=result,2026-10-04T02:34:42.709168+00:00,7-1-5/3/4/2-6,published,福ちゃん出版社,楽天Kドリームス 並び予想
7420231114030003,2023-11-16,高知競輪,F2,A1/A2,3,Ａ級一般,09:40,09:35,7,https://keirin.kdreams.jp/kochi/racedetail/7420231114030003/?pageType=result,2026-10-04T02:34:44.817221+00:00,5-1-3/2-6/4-7,published,福ちゃん出版社,楽天Kドリームス 並び予想
7420231114030004,2023-11-16,高知競輪,F2,A1/A2,4,Ａ級特選,10:00,09:55,7,https://keirin.kdreams.jp/kochi/racedetail/7420231114030004/?pageType=result,2026-10-04T02:34:47.941296+00:00,4-1/7-2-5/6-3,published,福ちゃん出版社,楽天Kドリームス 並び予想
7420231114030005,2023-11-16,高知競輪,F2,A1/A2,5,Ａ級特選,10:20,10:15,7,https://keirin.kdreams.jp/kochi/racedetail/7420231114030005/?pageType=result,2026-10-04T02:34:50.162519+00:00,7-1/5-2-6/4-3,published,福ちゃん出版社,楽天Kドリームス 並び予想
7420231114030006,2023-11-16,高知競輪,F2,A1/A2,6,Ａ級特選,10:40,10:35,7,https://keirin.kdreams.jp/kochi/racedetail/7420231114030006/?pageType=result,2026-10-04T02:34:52.476706+00:00,4-1-7/6/5-3-2,published,福ちゃん出版社,楽天Kドリームス 並び予想
7420231114030007,2023-11-16,高知競輪,F2,A1/A2,7,Ａ級決勝,11:00,10:55,7,https://keirin.kdreams.jp/kochi/racedetail/7420231114030007/?pageType=result,2026-10-04T02:34:54.574184+00:00,1-3-4/2-5/6-7,published,福ちゃん出版社,楽天Kドリームス 並び予想
2220231117010008,2023-11-17,前橋競輪,F2,A1/A2,8,Ａ級特予選,18:30,18:25,7,https://keirin.kdreams.jp/maebashi/racedetail/2220231117010008/?pageType=result,2026-10-04T02:36:53.799658+00:00,1-6/3-4/5-2-7,published,アオケイ,楽天Kドリームス 並び予想
2220231117010009,2023-11-17,前橋競輪,F2,A1/A2,9,Ａ級特予選,18:55,18:50,7,https://keirin.kdreams.jp/maebashi/racedetail/2220231117010009/?pageType=result,2026-10-04T02:36:56.367119+00:00,4-1-7/6-2/3-5,published,アオケイ,楽天Kドリームス 並び予想
2220231117010010,2023-11-17,前橋競輪,F2,A1/A2,10,Ａ級特予選,19:20,19:15,7,https://keirin.kdreams.jp/maebashi/racedetail/2220231117010010/?pageType=result,2026-10-04T02:36:58.456563+00:00,7-1/4-2/5-3-6,published,アオケイ,楽天Kドリームス 並び予想
2220231117010011,2023-11-17,前橋競輪,F2,A1/A2,11,Ａ級特予選,19:47,19:42,7,https://keirin.kdreams.jp/maebashi/racedetail/2220231117010011/?pageType=result,2026-10-04T02:37:00.428513+00:00,3-5-1/6/4-7-2,published,アオケイ,楽天Kドリームス 並び予想
2220231117010012,2023-11-17,前橋競輪,F2,A1/A2,12,Ａ級初日特選,20:15,20:10,7,https://keirin.kdreams.jp/maebashi/racedetail/2220231117010012/?pageType=result,2026-10-04T02:37:02.824239+00:00,1-7-5/4-2/3-6,published,アオケイ,楽天Kドリームス 並び予想
5320231116020001,2023-11-17,奈良競輪,F1,A1/A2,1,Ａ級一般,15:42,15:37,7,https://keirin.kdreams.jp/nara/racedetail/5320231116020001/?pageType=result,2026-10-04T02:35:41.721046+00:00,4-1-7/2-5/6-3,published,競輪研究,楽天Kドリームス 並び予想
5320231116020002,2023-11-17,奈良競輪,F1,A1/A2,2,Ａ級一般,16:06,16:01,7,https://keirin.kdreams.jp/nara/racedetail/5320231116020002/?pageType=result,2026-10-04T02:35:43.810078+00:00,1-4-5-3/2-7/6,published,競輪研究,楽天Kドリームス 並び予想
5320231116020003,2023-11-17,奈良競輪,F1,A1/A2,3,Ａ級準決勝,16:30,16:25,7,https://keirin.kdreams.jp/nara/racedetail/5320231116020003/?pageType=result,2026-10-04T02:35:45.782144+00:00,7-1/5-2-4/6-3,published,競輪研究,楽天Kドリームス 並び予想
5320231116020004,2023-11-17,奈良競輪,F1,A1/A2,4,Ａ級準決勝,16:55,16:50,7,https://keirin.kdreams.jp/nara/racedetail/5320231116020004/?pageType=result,2026-10-04T02:35:48.395814+00:00,1-4/2/6/5-3-7,published,競輪研究,楽天Kドリームス 並び予想
5320231116020005,2023-11-17,奈良競輪,F1,A1/A2,5,Ａ級準決勝,17:20,17:15,7,https://keirin.kdreams.jp/nara/racedetail/5320231116020005/?pageType=result,2026-10-04T02:35:50.533149+00:00,4-1-5/6-2/3-7,published,競輪研究,楽天Kドリームス 並び予想
7320231117010006,2023-11-17,小松島競輪,F2,A1/A2,6,Ａ級予選,10:40,10:35,7,https://keirin.kdreams.jp/komatsushima/racedetail/7320231117010006/?pageType=result,2026-10-04T02:36:04.837358+00:00,1-7-4/3-5-2-6,published,競輪毎日,楽天Kドリームス 並び予想
7320231117010007,2023-11-17,小松島競輪,F2,A1/A2,7,Ａ級予選,11:00,10:55,7,https://keirin.kdreams.jp/komatsushima/racedetail/7320231117010007/?pageType=result,2026-10-04T02:36:07.177244+00:00,7-1/4-2-6/3-5,published,競輪毎日,楽天Kドリームス 並び予想
7320231117010008,2023-11-17,小松島競輪,F2,A1/A2,8,Ａ級予選,11:25,11:20,7,https://keirin.kdreams.jp/komatsushima/racedetail/7320231117010008/?pageType=result,2026-10-04T02:36:09.541944+00:00,6-1/7-2-5/3-4,published,競輪毎日,楽天Kドリームス 並び予想
7320231117010009,2023-11-17,小松島競輪,F2,A1/A2,9,Ａ級予選,11:50,11:45,7,https://keirin.kdreams.jp/komatsushima/racedetail/7320231117010009/?pageType=result,2026-10-04T02:36:12.083611+00:00,5-1-2/3-7/6-4,published,競輪毎日,楽天Kドリームス 並び予想
7320231117010010,2023-11-17,小松島競輪,F2,A1/A2,10,Ａ級予選,12:20,12:15,7,https://keirin.kdreams.jp/komatsushima/racedetail/7320231117010010/?pageType=result,2026-10-04T02:36:14.276814+00:00,1-5-7/4-2/6-3,published,競輪毎日,楽天Kドリームス 並び予想
7320231117010011,2023-11-17,小松島競輪,F2,A1/A2,11,Ａ級予選,12:50,12:45,7,https://keirin.kdreams.jp/komatsushima/racedetail/7320231117010011/?pageType=result,2026-10-04T02:36:16.415962+00:00,4-1-7/2-6/5-3,published,競輪毎日,楽天Kドリームス 並び予想
7320231117010012,2023-11-17,小松島競輪,F2,A1/A2,12,Ａ級初日特選,13:20,13:15,7,https://keirin.kdreams.jp/komatsushima/racedetail/7320231117010012/?pageType=result,2026-10-04T02:36:18.476187+00:00,4-3/1/2-6/5-7,published,競輪毎日,楽天Kドリームス 並び予想
4720231117010005,2023-11-17,松阪競輪,F2,A1/A2,5,Ａ級特予選,22:00,21:55,7,https://keirin.kdreams.jp/matsusaka/racedetail/4720231117010005/?pageType=result,2026-10-04T02:37:26.880613+00:00,3-1-4/2-7/5/6,published,中部競輪,楽天Kドリームス 並び予想
4720231117010006,2023-11-17,松阪競輪,F2,A1/A2,6,Ａ級特予選,22:20,22:15,7,https://keirin.kdreams.jp/matsusaka/racedetail/4720231117010006/?pageType=result,2026-10-04T02:37:28.851457+00:00,1-6/3-2-4/7-5,published,中部競輪,楽天Kドリームス 並び予想
4720231117010007,2023-11-17,松阪競輪,F2,A1/A2,7,Ａ級特予選,22:40,22:35,7,https://keirin.kdreams.jp/matsusaka/racedetail/4720231117010007/?pageType=result,2026-10-04T02:37:31.578406+00:00,1-6/3-2/5-4-7,published,中部競輪,楽天Kドリームス 並び予想
4720231117010008,2023-11-17,松阪競輪,F2,A1/A2,8,Ａ級特予選,23:00,22:55,7,https://keirin.kdreams.jp/matsusaka/racedetail/4720231117010008/?pageType=result,2026-10-04T02:37:33.614776+00:00,1-2-4-5/3/6-7,published,中部競輪,楽天Kドリームス 並び予想
4720231117010009,2023-11-17,松阪競輪,F2,A1/A2,9,Ａ級初日特選,23:20,23:15,7,https://keirin.kdreams.jp/matsusaka/racedetail/4720231117010009/?pageType=result,2026-10-04T02:37:36.438578+00:00,1-4-7/6-2/3/5,published,中部競輪,楽天Kドリームス 並び予想
2620231117010003,2023-11-17,西武園競輪,F2,A1/A2,3,Ａ級予選,21:30,21:25,7,https://keirin.kdreams.jp/seibuen/racedetail/2620231117010003/?pageType=result,2026-10-04T02:38:01.704009+00:00,1-4-5/6/3-2-7,published,アオケイ,楽天Kドリームス 並び予想
2620231117010004,2023-11-17,西武園競輪,F2,A1/A2,4,Ａ級予選,21:50,21:45,7,https://keirin.kdreams.jp/seibuen/racedetail/2620231117010004/?pageType=result,2026-10-04T02:38:04.058352+00:00,1-3-7/4-2/5-6,published,アオケイ,楽天Kドリームス 並び予想
2620231117010005,2023-11-17,西武園競輪,F2,A1/A2,5,Ａ級予選,22:10,22:05,7,https://keirin.kdreams.jp/seibuen/racedetail/2620231117010005/?pageType=result,2026-10-04T02:38:06.493359+00:00,2-4-5-7/3-1-6,published,アオケイ,楽天Kドリームス 並び予想
2620231117010006,2023-11-17,西武園競輪,F2,A1/A2,6,Ａ級予選,22:30,22:25,7,https://keirin.kdreams.jp/seibuen/racedetail/2620231117010006/?pageType=result,2026-10-04T02:38:08.679496+00:00,1-4/6-2-5/3-7,published,アオケイ,楽天Kドリームス 並び予想
2620231117010007,2023-11-17,西武園競輪,F2,A1/A2,7,Ａ級予選,22:50,22:45,7,https://keirin.kdreams.jp/seibuen/racedetail/2620231117010007/?pageType=result,2026-10-04T02:38:10.802007+00:00,1-2-3-7/6-4-5,published,アオケイ,楽天Kドリームス 並び予想
2620231117010008,2023-11-17,西武園競輪,F2,A1/A2,8,Ａ級予選,23:10,23:05,7,https://keirin.kdreams.jp/seibuen/racedetail/2620231117010008/?pageType=result,2026-10-04T02:38:13.142828+00:00,1-3-2/5-4/6-7,published,アオケイ,楽天Kドリームス 並び予想
2620231117010009,2023-11-17,西武園競輪,F2,A1/A2,9,Ａ級初日特選,23:30,23:25,7,https://keirin.kdreams.jp/seibuen/racedetail/2620231117010009/?pageType=result,2026-10-04T02:38:15.136287+00:00,1-3/2-6/4-7/5,published,アオケイ,楽天Kドリームス 並び予想
2220231117020008,2023-11-18,前橋競輪,F2,A1/A2,8,Ａ級特一般,18:29,18:24,7,https://keirin.kdreams.jp/maebashi/racedetail/2220231117020008/?pageType=result,2026-10-04T02:37:05.075459+00:00,1-5/3/4-2-6/7,published,アオケイ,楽天Kドリームス 並び予想
2220231117020009,2023-11-18,前橋競輪,F2,A1/A2,9,Ａ級特一般,18:55,18:50,7,https://keirin.kdreams.jp/maebashi/racedetail/2220231117020009/?pageType=result,2026-10-04T02:37:07.490240+00:00,7-1-4/2-5/6-3,published,アオケイ,楽天Kドリームス 並び予想
2220231117020010,2023-11-18,前橋競輪,F2,A1/A2,10,Ａ級準決勝,19:22,19:17,7,https://keirin.kdreams.jp/maebashi/racedetail/2220231117020010/?pageType=result,2026-10-04T02:37:09.554348+00:00,7-1/6-2/4-5-3,published,アオケイ,楽天Kドリームス 並び予想
2220231117020011,2023-11-18,前橋競輪,F2,A1/A2,11,Ａ級準決勝,19:50,19:45,7,https://keirin.kdreams.jp/maebashi/racedetail/2220231117020011/?pageType=result,2026-10-04T02:37:11.705740+00:00,1-4/2-7-6/3-5,published,アオケイ,楽天Kドリームス 並び予想
2220231117020012,2023-11-18,前橋競輪,F2,A1/A2,12,Ａ級準決勝,20:20,20:15,7,https://keirin.kdreams.jp/maebashi/racedetail/2220231117020012/?pageType=result,2026-10-04T02:37:13.962493+00:00,7-5-1/2-6/3-4,published,アオケイ,楽天Kドリームス 並び予想
5320231116030001,2023-11-18,奈良競輪,F1,A1/A2,1,Ａ級一般,15:50,15:45,7,https://keirin.kdreams.jp/nara/racedetail/5320231116030001/?pageType=result,2026-10-04T02:35:52.840380+00:00,4-2/1/5-3-7/6,published,競輪研究,楽天Kドリームス 並び予想
5320231116030002,2023-11-18,奈良競輪,F1,A1/A2,2,Ａ級一般,16:15,16:10,7,https://keirin.kdreams.jp/nara/racedetail/5320231116030002/?pageType=result,2026-10-04T02:35:55.047381+00:00,4-1-7/6-2/3-5,published,競輪研究,楽天Kドリームス 並び予想
5320231116030003,2023-11-18,奈良競輪,F1,A1/A2,3,Ａ級特選,16:40,16:35,7,https://keirin.kdreams.jp/nara/racedetail/5320231116030003/?pageType=result,2026-10-04T02:35:57.461249+00:00,1-5/7-4-2/3-6,published,競輪研究,楽天Kドリームス 並び予想
5320231116030004,2023-11-18,奈良競輪,F1,A1/A2,4,Ａ級特選,17:05,17:00,7,https://keirin.kdreams.jp/nara/racedetail/5320231116030004/?pageType=result,2026-10-04T02:35:59.715011+00:00,1-7-5/3/2-6/4,published,競輪研究,楽天Kドリームス 並び予想
5320231116030011,2023-11-18,奈良競輪,F1,A1/A2,11,Ａ級決勝,20:02,19:57,7,https://keirin.kdreams.jp/nara/racedetail/5320231116030011/?pageType=result,2026-10-04T02:36:02.254194+00:00,3-7-1/6-2-4-5,published,競輪研究,楽天Kドリームス 並び予想
7320231117020006,2023-11-18,小松島競輪,F2,A1/A2,6,Ａ級一般,10:40,10:35,6,https://keirin.kdreams.jp/komatsushima/racedetail/7320231117020006/?pageType=result,2026-10-04T02:36:20.893873+00:00,2-6/1/4-3-5,published,競輪毎日,楽天Kドリームス 並び予想
7320231117020007,2023-11-18,小松島競輪,F2,A1/A2,7,Ａ級一般,11:00,10:55,7,https://keirin.kdreams.jp/komatsushima/racedetail/7320231117020007/?pageType=result,2026-10-04T02:36:23.383017+00:00,1-7/4-2/5/6-3,published,競輪毎日,楽天Kドリームス 並び予想
7320231117020008,2023-11-18,小松島競輪,F2,A1/A2,8,Ａ級選抜,11:25,11:20,7,https://keirin.kdreams.jp/komatsushima/racedetail/7320231117020008/?pageType=result,2026-10-04T02:36:25.669189+00:00,2-7-4/1-5/3-6,published,競輪毎日,楽天Kドリームス 並び予想
7320231117020009,2023-11-18,小松島競輪,F2,A1/A2,9,Ａ級選抜,11:50,11:45,7,https://keirin.kdreams.jp/komatsushima/racedetail/7320231117020009/?pageType=result,2026-10-04T02:36:27.806065+00:00,7-1-4/2/6-5-3,published,競輪毎日,楽天Kドリームス 並び予想
7320231117020010,2023-11-18,小松島競輪,F2,A1/A2,10,Ａ級準決勝,12:20,12:15,7,https://keirin.kdreams.jp/komatsushima/racedetail/7320231117020010/?pageType=result,2026-10-04T02:36:30.521574+00:00,7-1-4/2-5/6-3,published,競輪毎日,楽天Kドリームス 並び予想
7320231117020011,2023-11-18,小松島競輪,F2,A1/A2,11,Ａ級準決勝,12:50,12:45,7,https://keirin.kdreams.jp/komatsushima/racedetail/7320231117020011/?pageType=result,2026-10-04T02:36:32.668473+00:00,1-4-6/3/7-2-5,published,競輪毎日,楽天Kドリームス 並び予想
7320231117020012,2023-11-18,小松島競輪,F2,A1/A2,12,Ａ級準決勝,13:20,13:15,7,https://keirin.kdreams.jp/komatsushima/racedetail/7320231117020012/?pageType=result,2026-10-04T02:36:35.149044+00:00,1-7/6-2-4/5-3,published,競輪毎日,楽天Kドリームス 並び予想
3420231118010001,2023-11-18,川崎競輪,F1,A1/A2,1,Ａ級予選,15:40,15:35,7,https://keirin.kdreams.jp/kawasaki/racedetail/3420231118010001/?pageType=result,2026-10-04T02:38:45.507307+00:00,4-1/2-5-6/7-3,published,小田競・サイクル,楽天Kドリームス 並び予想
3420231118010002,2023-11-18,川崎競輪,F1,A1/A2,2,Ａ級予選,16:05,16:00,7,https://keirin.kdreams.jp/kawasaki/racedetail/3420231118010002/?pageType=result,2026-10-04T02:38:47.624338+00:00,4-3-1/6/2/7-5,published,小田競・サイクル,楽天Kドリームス 並び予想
3420231118010003,2023-11-18,川崎競輪,F1,A1/A2,3,Ａ級予選,16:30,16:25,7,https://keirin.kdreams.jp/kawasaki/racedetail/3420231118010003/?pageType=result,2026-10-04T02:38:49.602223+00:00,3-5/1/6/2-7-4,published,小田競・サイクル,楽天Kドリームス 並び予想
3420231118010004,2023-11-18,川崎競輪,F1,A1/A2,4,Ａ級予選,16:55,16:50,7,https://keirin.kdreams.jp/kawasaki/racedetail/3420231118010004/?pageType=result,2026-10-04T02:38:52.385284+00:00,1-7-4/2/5-3-6,published,小田競・サイクル,楽天Kドリームス 並び予想
3420231118010005,2023-11-18,川崎競輪,F1,A1/A2,5,Ａ級初日特選,17:20,17:15,7,https://keirin.kdreams.jp/kawasaki/racedetail/3420231118010005/?pageType=result,2026-10-04T02:38:54.770007+00:00,4-1/2-5/7/3-6,published,小田競・サイクル,楽天Kドリームス 並び予想
4720231117020005,2023-11-18,松阪競輪,F2,A1/A2,5,Ａ級特一般,22:00,21:55,7,https://keirin.kdreams.jp/matsusaka/racedetail/4720231117020005/?pageType=result,2026-10-04T02:37:38.452068+00:00,1/2-7/4-5/6-3,published,中部競輪,楽天Kドリームス 並び予想
4720231117020006,2023-11-18,松阪競輪,F2,A1/A2,6,Ａ級特一般,22:20,22:15,7,https://keirin.kdreams.jp/matsusaka/racedetail/4720231117020006/?pageType=result,2026-10-04T02:37:40.817019+00:00,1-5-2/3-7/4/6,published,中部競輪,楽天Kドリームス 並び予想
4720231117020007,2023-11-18,松阪競輪,F2,A1/A2,7,Ａ級準決勝,22:40,22:35,7,https://keirin.kdreams.jp/matsusaka/racedetail/4720231117020007/?pageType=result,2026-10-04T02:37:42.905228+00:00,1-4/3-2/5-6/7,published,中部競輪,楽天Kドリームス 並び予想
4720231117020008,2023-11-18,松阪競輪,F2,A1/A2,8,Ａ級準決勝,23:00,22:55,7,https://keirin.kdreams.jp/matsusaka/racedetail/4720231117020008/?pageType=result,2026-10-04T02:37:44.859502+00:00,3-1/2-5/4-6-7,published,中部競輪,楽天Kドリームス 並び予想
4720231117020009,2023-11-18,松阪競輪,F2,A1/A2,9,Ａ級準決勝,23:20,23:15,7,https://keirin.kdreams.jp/matsusaka/racedetail/4720231117020009/?pageType=result,2026-10-04T02:37:47.172867+00:00,1-3/4-2-5/6-7,published,中部競輪,楽天Kドリームス 並び予想
6120231118010001,2023-11-18,玉野競輪,F1,A1/A2,1,Ａ級予選,10:45,10:40,7,https://keirin.kdreams.jp/tamano/racedetail/6120231118010001/?pageType=result,2026-10-04T02:39:19.763019+00:00,7-1-5/4-2/3-6,published,競輪毎日,楽天Kドリームス 並び予想
6120231118010002,2023-11-18,玉野競輪,F1,A1/A2,2,Ａ級予選,11:11,11:06,7,https://keirin.kdreams.jp/tamano/racedetail/6120231118010002/?pageType=result,2026-10-04T02:39:21.958657+00:00,1-4-6/2/5-3-7,published,競輪毎日,楽天Kドリームス 並び予想
6120231118010003,2023-11-18,玉野競輪,F1,A1/A2,3,Ａ級予選,11:37,11:32,7,https://keirin.kdreams.jp/tamano/racedetail/6120231118010003/?pageType=result,2026-10-04T02:39:24.244318+00:00,1-4/3-6/7-5-2,published,競輪毎日,楽天Kドリームス 並び予想
6120231118010004,2023-11-18,玉野競輪,F1,A1/A2,4,Ａ級予選,12:05,12:00,7,https://keirin.kdreams.jp/tamano/racedetail/6120231118010004/?pageType=result,2026-10-04T02:39:26.592488+00:00,5-2-1-6/4-7-3,published,競輪毎日,楽天Kドリームス 並び予想
6120231118010005,2023-11-18,玉野競輪,F1,A1/A2,5,Ａ級初日特選,12:35,12:30,7,https://keirin.kdreams.jp/tamano/racedetail/6120231118010005/?pageType=result,2026-10-04T02:39:28.850672+00:00,1/2-6/3-4-7/5,published,競輪毎日,楽天Kドリームス 並び予想
2620231117020003,2023-11-18,西武園競輪,F2,A1/A2,3,Ａ級一般,21:30,21:25,7,https://keirin.kdreams.jp/seibuen/racedetail/2620231117020003/?pageType=result,2026-10-04T02:38:17.331269+00:00,4-2/1-3-6/5-7,published,アオケイ,楽天Kドリームス 並び予想
2620231117020004,2023-11-18,西武園競輪,F2,A1/A2,4,Ａ級一般,21:50,21:45,7,https://keirin.kdreams.jp/seibuen/racedetail/2620231117020004/?pageType=result,2026-10-04T02:38:18.690579+00:00,1-7-6/2-5/4-3,published,アオケイ,楽天Kドリームス 並び予想
2620231117020005,2023-11-18,西武園競輪,F2,A1/A2,5,Ａ級選抜,22:10,22:05,7,https://keirin.kdreams.jp/seibuen/racedetail/2620231117020005/?pageType=result,2026-10-04T02:38:19.920207+00:00,4-3/2-7/1-6-5,published,アオケイ,楽天Kドリームス 並び予想
2620231117020006,2023-11-18,西武園競輪,F2,A1/A2,6,Ａ級選抜,22:30,22:25,7,https://keirin.kdreams.jp/seibuen/racedetail/2620231117020006/?pageType=result,2026-10-04T02:38:21.726222+00:00,1-3/7-2-6/4-5,published,アオケイ,楽天Kドリームス 並び予想
2620231117020007,2023-11-18,西武園競輪,F2,A1/A2,7,Ａ級準決勝,22:50,22:45,7,https://keirin.kdreams.jp/seibuen/racedetail/2620231117020007/?pageType=result,2026-10-04T02:38:24.072825+00:00,1-7/3-2/5/4-6,published,アオケイ,楽天Kドリームス 並び予想
2620231117020008,2023-11-18,西武園競輪,F2,A1/A2,8,Ａ級準決勝,23:10,23:05,7,https://keirin.kdreams.jp/seibuen/racedetail/2620231117020008/?pageType=result,2026-10-04T02:38:26.300679+00:00,1-3-5/2-4/6-7,published,アオケイ,楽天Kドリームス 並び予想
2620231117020009,2023-11-18,西武園競輪,F2,A1/A2,9,Ａ級準決勝,23:30,23:25,7,https://keirin.kdreams.jp/seibuen/racedetail/2620231117020009/?pageType=result,2026-10-04T02:38:28.545236+00:00,1-3/2-4/7-5-6,published,アオケイ,楽天Kドリームス 並び予想
2220231117030006,2023-11-19,前橋競輪,F2,A1/A2,6,Ａ級特一般,17:57,17:52,7,https://keirin.kdreams.jp/maebashi/racedetail/2220231117030006/?pageType=result,2026-10-04T02:37:16.479430+00:00,1-5-3/4/7-2-6,published,アオケイ,楽天Kドリームス 並び予想
2220231117030007,2023-11-19,前橋競輪,F2,A1/A2,7,Ａ級特一般,18:22,18:17,7,https://keirin.kdreams.jp/maebashi/racedetail/2220231117030007/?pageType=result,2026-10-04T02:37:18.527431+00:00,2-4-7/1/3-6-5,published,アオケイ,楽天Kドリームス 並び予想
2220231117030008,2023-11-19,前橋競輪,F2,A1/A2,8,Ａ級特選,18:47,18:42,7,https://keirin.kdreams.jp/maebashi/racedetail/2220231117030008/?pageType=result,2026-10-04T02:37:20.632028+00:00,3-7/1-4-5/6-2,published,アオケイ,楽天Kドリームス 並び予想
2220231117030009,2023-11-19,前橋競輪,F2,A1/A2,9,Ａ級特選,19:12,19:07,7,https://keirin.kdreams.jp/maebashi/racedetail/2220231117030009/?pageType=result,2026-10-04T02:37:22.670399+00:00,1-7-6/2-4/5-3,published,アオケイ,楽天Kドリームス 並び予想
2220231117030012,2023-11-19,前橋競輪,F2,A1/A2,12,Ａ級決勝,20:30,20:25,7,https://keirin.kdreams.jp/maebashi/racedetail/2220231117030012/?pageType=result,2026-10-04T02:37:24.809556+00:00,4-1-5/2/3-7/6,published,アオケイ,楽天Kドリームス 並び予想
7320231117030006,2023-11-19,小松島競輪,F2,A1/A2,6,Ａ級一般,10:40,10:35,7,https://keirin.kdreams.jp/komatsushima/racedetail/7320231117030006/?pageType=result,2026-10-04T02:36:37.806018+00:00,4-1/5-2/6-3/7,published,競輪毎日,楽天Kドリームス 並び予想
7320231117030007,2023-11-19,小松島競輪,F2,A1/A2,7,Ａ級一般,11:00,10:55,7,https://keirin.kdreams.jp/komatsushima/racedetail/7320231117030007/?pageType=result,2026-10-04T02:36:39.995472+00:00,1-5-6/2/3-4/7,published,競輪毎日,楽天Kドリームス 並び予想
7320231117030008,2023-11-19,小松島競輪,F2,A1/A2,8,Ａ級一般,11:25,11:20,7,https://keirin.kdreams.jp/komatsushima/racedetail/7320231117030008/?pageType=result,2026-10-04T02:36:42.271732+00:00,6-2-4/5-1-3/7,published,競輪毎日,楽天Kドリームス 並び予想
7320231117030009,2023-11-19,小松島競輪,F2,A1/A2,9,Ａ級特選,11:50,11:45,7,https://keirin.kdreams.jp/komatsushima/racedetail/7320231117030009/?pageType=result,2026-10-04T02:36:44.379458+00:00,5-1/2-4-6/3-7,published,競輪毎日,楽天Kドリームス 並び予想
7320231117030010,2023-11-19,小松島競輪,F2,A1/A2,10,Ａ級特選,12:20,12:15,7,https://keirin.kdreams.jp/komatsushima/racedetail/7320231117030010/?pageType=result,2026-10-04T02:36:46.495475+00:00,2-7-1/4/5-3-6,published,競輪毎日,楽天Kドリームス 並び予想
7320231117030011,2023-11-19,小松島競輪,F2,A1/A2,11,Ａ級特選,12:50,12:45,7,https://keirin.kdreams.jp/komatsushima/racedetail/7320231117030011/?pageType=result,2026-10-04T02:36:49.552800+00:00,1-4/2-5-7/3-6,published,競輪毎日,楽天Kドリームス 並び予想
7320231117030012,2023-11-19,小松島競輪,F2,A1/A2,12,Ａ級決勝,13:20,13:15,7,https://keirin.kdreams.jp/komatsushima/racedetail/7320231117030012/?pageType=result,2026-10-04T02:36:51.831971+00:00,1-6/2-4/5-7-3,published,競輪毎日,楽天Kドリームス 並び予想
3420231118020001,2023-11-19,川崎競輪,F1,A1/A2,1,Ａ級一般,15:40,15:35,7,https://keirin.kdreams.jp/kawasaki/racedetail/3420231118020001/?pageType=result,2026-10-04T02:38:57.284762+00:00,4-1-5/7-2-3/6,published,小田競・サイクル,楽天Kドリームス 並び予想
3420231118020002,2023-11-19,川崎競輪,F1,A1/A2,2,Ａ級一般,16:05,16:00,7,https://keirin.kdreams.jp/kawasaki/racedetail/3420231118020002/?pageType=result,2026-10-04T02:38:59.463163+00:00,5-3-4/1/2/6/7,published,小田競・サイクル,楽天Kドリームス 並び予想
3420231118020003,2023-11-19,川崎競輪,F1,A1/A2,3,Ａ級準決勝,16:30,16:25,7,https://keirin.kdreams.jp/kawasaki/racedetail/3420231118020003/?pageType=result,2026-10-04T02:39:01.743740+00:00,7-2-6/1-5/4-3,published,小田競・サイクル,楽天Kドリームス 並び予想
3420231118020004,2023-11-19,川崎競輪,F1,A1/A2,4,Ａ級準決勝,16:55,16:50,7,https://keirin.kdreams.jp/kawasaki/racedetail/3420231118020004/?pageType=result,2026-10-04T02:39:03.753080+00:00,1-4/2-7/3-5-6,published,小田競・サイクル,楽天Kドリームス 並び予想
3420231118020005,2023-11-19,川崎競輪,F1,A1/A2,5,Ａ級準決勝,17:20,17:15,7,https://keirin.kdreams.jp/kawasaki/racedetail/3420231118020005/?pageType=result,2026-10-04T02:39:05.940613+00:00,5-1-4/2-6/7-3,published,小田競・サイクル,楽天Kドリームス 並び予想
4720231117030004,2023-11-19,松阪競輪,F2,A1/A2,4,Ａ級特一般,21:40,21:35,7,https://keirin.kdreams.jp/matsusaka/racedetail/4720231117030004/?pageType=result,2026-10-04T02:37:49.584514+00:00,1-6-5/2/4-3-7,published,中部競輪,楽天Kドリームス 並び予想
4720231117030005,2023-11-19,松阪競輪,F2,A1/A2,5,Ａ級特一般,22:00,21:55,7,https://keirin.kdreams.jp/matsusaka/racedetail/4720231117030005/?pageType=result,2026-10-04T02:37:51.917295+00:00,,parse_failure,,
4720231117030006,2023-11-19,松阪競輪,F2,A1/A2,6,Ａ級特選,22:20,22:15,7,https://keirin.kdreams.jp/matsusaka/racedetail/4720231117030006/?pageType=result,2026-10-04T02:37:54.279546+00:00,4-1/2-7/6/3-5,published,中部競輪,楽天Kドリームス 並び予想
4720231117030007,2023-11-19,松阪競輪,F2,A1/A2,7,Ａ級特選,22:40,22:35,7,https://keirin.kdreams.jp/matsusaka/racedetail/4720231117030007/?pageType=result,2026-10-04T02:37:56.473620+00:00,1-3-5/2-6/4/7,published,中部競輪,楽天Kドリームス 並び予想
4720231117030009,2023-11-19,松阪競輪,F2,A1/A2,9,Ａ級決勝,23:20,23:15,7,https://keirin.kdreams.jp/matsusaka/racedetail/4720231117030009/?pageType=result,2026-10-04T02:37:59.194445+00:00,1-3/2-6/4/7-5,published,中部競輪,楽天Kドリームス 並び予想
6120231118020001,2023-11-19,玉野競輪,F1,A1/A2,1,Ａ級一般,10:45,10:40,7,https://keirin.kdreams.jp/tamano/racedetail/6120231118020001/?pageType=result,2026-10-04T02:39:31.010209+00:00,7-5-3-4/1/2/6,published,競輪毎日,楽天Kドリームス 並び予想
6120231118020002,2023-11-19,玉野競輪,F1,A1/A2,2,Ａ級一般,11:11,11:06,7,https://keirin.kdreams.jp/tamano/racedetail/6120231118020002/?pageType=result,2026-10-04T02:39:33.124328+00:00,3-5/2-7-1/4-6,published,競輪毎日,楽天Kドリームス 並び予想
6120231118020003,2023-11-19,玉野競輪,F1,A1/A2,3,Ａ級準決勝,11:37,11:32,7,https://keirin.kdreams.jp/tamano/racedetail/6120231118020003/?pageType=result,2026-10-04T02:39:35.139447+00:00,1-7/2-5/3-6/4,published,競輪毎日,楽天Kドリームス 並び予想
6120231118020004,2023-11-19,玉野競輪,F1,A1/A2,4,Ａ級準決勝,12:05,12:00,7,https://keirin.kdreams.jp/tamano/racedetail/6120231118020004/?pageType=result,2026-10-04T02:39:37.329842+00:00,1-5/7-2/3-4/6,published,競輪毎日,楽天Kドリームス 並び予想
6120231118020005,2023-11-19,玉野競輪,F1,A1/A2,5,Ａ級準決勝,12:35,12:30,7,https://keirin.kdreams.jp/tamano/racedetail/6120231118020005/?pageType=result,2026-10-04T02:39:39.655498+00:00,5-2-7/1/4-3/6,published,競輪毎日,楽天Kドリームス 並び予想
2620231117030002,2023-11-19,西武園競輪,F2,A1/A2,2,Ａ級一般,21:10,21:05,7,https://keirin.kdreams.jp/seibuen/racedetail/2620231117030002/?pageType=result,2026-10-04T02:38:30.675299+00:00,3-4/1-5/6-2-7,published,アオケイ,楽天Kドリームス 並び予想
2620231117030003,2023-11-19,西武園競輪,F2,A1/A2,3,Ａ級一般,21:30,21:25,7,https://keirin.kdreams.jp/seibuen/racedetail/2620231117030003/?pageType=result,2026-10-04T02:38:32.682890+00:00,1-5/3-2-4/6-7,published,アオケイ,楽天Kドリームス 並び予想
2620231117030004,2023-11-19,西武園競輪,F2,A1/A2,4,Ａ級一般,21:50,21:45,7,https://keirin.kdreams.jp/seibuen/racedetail/2620231117030004/?pageType=result,2026-10-04T02:38:35.108070+00:00,4-1/2-3/5-7/6,published,アオケイ,楽天Kドリームス 並び予想
2620231117030005,2023-11-19,西武園競輪,F2,A1/A2,5,Ａ級特選,22:10,22:05,7,https://keirin.kdreams.jp/seibuen/racedetail/2620231117030005/?pageType=result,2026-10-04T02:38:37.432599+00:00,2-1-6/5/3-4-7,published,アオケイ,楽天Kドリームス 並び予想
2620231117030006,2023-11-19,西武園競輪,F2,A1/A2,6,Ａ級特選,22:30,22:25,7,https://keirin.kdreams.jp/seibuen/racedetail/2620231117030006/?pageType=result,2026-10-04T02:38:39.336150+00:00,2-1-5/4-3/7-6,published,アオケイ,楽天Kドリームス 並び予想
2620231117030007,2023-11-19,西武園競輪,F2,A1/A2,7,Ａ級特選,22:50,22:45,7,https://keirin.kdreams.jp/seibuen/racedetail/2620231117030007/?pageType=result,2026-10-04T02:38:41.444980+00:00,1-2-4-7/3-6/5,published,アオケイ,楽天Kドリームス 並び予想
2620231117030009,2023-11-19,西武園競輪,F2,A1/A2,9,Ａ級決勝,23:30,23:25,7,https://keirin.kdreams.jp/seibuen/racedetail/2620231117030009/?pageType=result,2026-10-04T02:38:43.497419+00:00,1-7/2-3-6/4/5,published,アオケイ,楽天Kドリームス 並び予想
3720231120010003,2023-11-20,伊東競輪,F2,A1/A2,3,Ａ級予選,21:30,21:25,7,https://keirin.kdreams.jp/ito/racedetail/3720231120010003/?pageType=result,2026-10-04T02:39:53.294177+00:00,2-1-4/7-3/6-5,published,ひかり・小田競,楽天Kドリームス 並び予想
3720231120010004,2023-11-20,伊東競輪,F2,A1/A2,4,Ａ級予選,21:50,21:45,7,https://keirin.kdreams.jp/ito/racedetail/3720231120010004/?pageType=result,2026-10-04T02:39:55.583566+00:00,4-1/3-2-5/7-6,published,ひかり・小田競,楽天Kドリームス 並び予想
3720231120010005,2023-11-20,伊東競輪,F2,A1/A2,5,Ａ級予選,22:10,22:05,7,https://keirin.kdreams.jp/ito/racedetail/3720231120010005/?pageType=result,2026-10-04T02:39:57.898403+00:00,1-2-5/7/3-4-6,published,ひかり・小田競,楽天Kドリームス 並び予想
3720231120010006,2023-11-20,伊東競輪,F2,A1/A2,6,Ａ級予選,22:30,22:25,7,https://keirin.kdreams.jp/ito/racedetail/3720231120010006/?pageType=result,2026-10-04T02:39:59.959937+00:00,,parse_failure,,
3720231120010007,2023-11-20,伊東競輪,F2,A1/A2,7,Ａ級予選,22:50,22:45,7,https://keirin.kdreams.jp/ito/racedetail/3720231120010007/?pageType=result,2026-10-04T02:40:02.219661+00:00,1-2-5-6/7/4-3,published,ひかり・小田競,楽天Kドリームス 並び予想
3720231120010008,2023-11-20,伊東競輪,F2,A1/A2,8,Ａ級予選,23:10,23:05,7,https://keirin.kdreams.jp/ito/racedetail/3720231120010008/?pageType=result,2026-10-04T02:40:04.487043+00:00,1-2-7/5-3/6-4,published,ひかり・小田競,楽天Kドリームス 並び予想
3720231120010009,2023-11-20,伊東競輪,F2,A1/A2,9,Ａ級初日特選,23:30,23:25,7,https://keirin.kdreams.jp/ito/racedetail/3720231120010009/?pageType=result,2026-10-04T02:40:06.503625+00:00,5-1/2-6/3-4-7,published,ひかり・小田競,楽天Kドリームス 並び予想
3420231118030001,2023-11-20,川崎競輪,F1,A1/A2,1,Ａ級一般,15:40,15:35,7,https://keirin.kdreams.jp/kawasaki/racedetail/3420231118030001/?pageType=result,2026-10-04T02:39:08.363154+00:00,4-2-7/1/3/5/6,published,小田競・サイクル,楽天Kドリームス 並び予想
3420231118030002,2023-11-20,川崎競輪,F1,A1/A2,2,Ａ級一般,16:05,16:00,7,https://keirin.kdreams.jp/kawasaki/racedetail/3420231118030002/?pageType=result,2026-10-04T02:39:10.985735+00:00,3-2-7-6/1-4/5,published,小田競・サイクル,楽天Kドリームス 並び予想
3420231118030003,2023-11-20,川崎競輪,F1,A1/A2,3,Ａ級特選,16:30,16:25,7,https://keirin.kdreams.jp/kawasaki/racedetail/3420231118030003/?pageType=result,2026-10-04T02:39:13.365353+00:00,4-2-6/1/3/5/7,published,小田競・サイクル,楽天Kドリームス 並び予想
3420231118030004,2023-11-20,川崎競輪,F1,A1/A2,4,Ａ級特選,16:55,16:50,7,https://keirin.kdreams.jp/kawasaki/racedetail/3420231118030004/?pageType=result,2026-10-04T02:39:15.494752+00:00,6-5-1/2/3-4-7,published,小田競・サイクル,楽天Kドリームス 並び予想
3420231118030011,2023-11-20,川崎競輪,F1,A1/A2,11,Ａ級決勝,20:00,19:55,7,https://keirin.kdreams.jp/kawasaki/racedetail/3420231118030011/?pageType=result,2026-10-04T02:39:17.670829+00:00,7-1-6/5-2/3-4,published,小田競・サイクル,楽天Kドリームス 並び予想
6120231118030001,2023-11-20,玉野競輪,F1,A1/A2,1,Ａ級一般,10:45,10:40,7,https://keirin.kdreams.jp/tamano/racedetail/6120231118030001/?pageType=result,2026-10-04T02:39:41.767821+00:00,2-7-4/1/5-3-6,published,競輪毎日,楽天Kドリームス 並び予想
6120231118030002,2023-11-20,玉野競輪,F1,A1/A2,2,Ａ級一般,11:11,11:06,7,https://keirin.kdreams.jp/tamano/racedetail/6120231118030002/?pageType=result,2026-10-04T02:39:43.947669+00:00,1-7/5-2/3-4-6,published,競輪毎日,楽天Kドリームス 並び予想
6120231118030003,2023-11-20,玉野競輪,F1,A1/A2,3,Ａ級特選,11:37,11:32,7,https://keirin.kdreams.jp/tamano/racedetail/6120231118030003/?pageType=result,2026-10-04T02:39:46.246976+00:00,1-6-5/7/2-4-3,published,競輪毎日,楽天Kドリームス 並び予想
6120231118030004,2023-11-20,玉野競輪,F1,A1/A2,4,Ａ級特選,12:05,12:00,7,https://keirin.kdreams.jp/tamano/racedetail/6120231118030004/?pageType=result,2026-10-04T02:39:48.363843+00:00,2-7/5-1/3-6-4,published,競輪毎日,楽天Kドリームス 並び予想
6120231118030011,2023-11-20,玉野競輪,F1,A1/A2,11,Ａ級決勝,15:49,15:44,7,https://keirin.kdreams.jp/tamano/racedetail/6120231118030011/?pageType=result,2026-10-04T02:39:51.060789+00:00,1-5-6/2-7/3-4,published,競輪毎日,楽天Kドリームス 並び予想
4520231120010005,2023-11-20,豊橋競輪,F2,A1/A2,5,Ａ級特予選,22:00,21:55,7,https://keirin.kdreams.jp/toyohashi/racedetail/4520231120010005/?pageType=result,2026-10-04T02:40:39.685910+00:00,2-1-5/3-4-6/7,published,中部競輪,楽天Kドリームス 並び予想
4520231120010006,2023-11-20,豊橋競輪,F2,A1/A2,6,Ａ級特予選,22:20,22:15,7,https://keirin.kdreams.jp/toyohashi/racedetail/4520231120010006/?pageType=result,2026-10-04T02:40:41.752620+00:00,7-1-6/2-3/4-5,published,中部競輪,楽天Kドリームス 並び予想
4520231120010007,2023-11-20,豊橋競輪,F2,A1/A2,7,Ａ級特予選,22:40,22:35,7,https://keirin.kdreams.jp/toyohashi/racedetail/4520231120010007/?pageType=result,2026-10-04T02:40:43.780611+00:00,1-2-4/3-5/7-6,published,中部競輪,楽天Kドリームス 並び予想
4520231120010008,2023-11-20,豊橋競輪,F2,A1/A2,8,Ａ級特予選,23:00,22:55,7,https://keirin.kdreams.jp/toyohashi/racedetail/4520231120010008/?pageType=result,2026-10-04T02:40:46.060083+00:00,1-2-7/3-5/6-4,published,中部競輪,楽天Kドリームス 並び予想
4520231120010009,2023-11-20,豊橋競輪,F2,A1/A2,9,Ａ級初日特選,23:20,23:15,7,https://keirin.kdreams.jp/toyohashi/racedetail/4520231120010009/?pageType=result,2026-10-04T02:40:48.175347+00:00,2-4/1-5/3-6/7,published,中部競輪,楽天Kドリームス 並び予想
3720231120020003,2023-11-21,伊東競輪,F2,A1/A2,3,Ａ級一般,21:30,21:25,7,https://keirin.kdreams.jp/ito/racedetail/3720231120020003/?pageType=result,2026-10-04T02:40:08.795187+00:00,1-7/4-2/6-3/5,published,ひかり・小田競,楽天Kドリームス 並び予想
3720231120020004,2023-11-21,伊東競輪,F2,A1/A2,4,Ａ級一般,21:50,21:45,7,https://keirin.kdreams.jp/ito/racedetail/3720231120020004/?pageType=result,2026-10-04T02:40:10.770760+00:00,3-1/4-2-5/6-7,published,ひかり・小田競,楽天Kドリームス 並び予想
3720231120020005,2023-11-21,伊東競輪,F2,A1/A2,5,Ａ級選抜,22:10,22:05,7,https://keirin.kdreams.jp/ito/racedetail/3720231120020005/?pageType=result,2026-10-04T02:40:12.966170+00:00,1-6-2/3/5-4-7,published,ひかり・小田競,楽天Kドリームス 並び予想
3720231120020006,2023-11-21,伊東競輪,F2,A1/A2,6,Ａ級選抜,22:30,22:25,7,https://keirin.kdreams.jp/ito/racedetail/3720231120020006/?pageType=result,2026-10-04T02:40:15.112687+00:00,3-1-5-6/4/2-7,published,ひかり・小田競,楽天Kドリームス 並び予想
3720231120020007,2023-11-21,伊東競輪,F2,A1/A2,7,Ａ級準決勝,22:50,22:45,7,https://keirin.kdreams.jp/ito/racedetail/3720231120020007/?pageType=result,2026-10-04T02:40:17.174041+00:00,4-1/2-7-5/6-3,published,ひかり・小田競,楽天Kドリームス 並び予想
3720231120020008,2023-11-21,伊東競輪,F2,A1/A2,8,Ａ級準決勝,23:10,23:05,7,https://keirin.kdreams.jp/ito/racedetail/3720231120020008/?pageType=result,2026-10-04T02:40:19.303598+00:00,1-4/2-3/6-5-7,published,ひかり・小田競,楽天Kドリームス 並び予想
3720231120020009,2023-11-21,伊東競輪,F2,A1/A2,9,Ａ級準決勝,23:30,23:25,7,https://keirin.kdreams.jp/ito/racedetail/3720231120020009/?pageType=result,2026-10-04T02:40:21.651388+00:00,3-1-6/7-2/5-4,published,ひかり・小田競,楽天Kドリームス 並び予想
3120231121010001,2023-11-21,松戸競輪,F1,A1/A2,1,Ａ級予選,10:47,10:42,7,https://keirin.kdreams.jp/matsudo/racedetail/3120231121010001/?pageType=result,2026-10-04T02:41:46.684332+00:00,4-1/2-5/6/7-3,published,アオケイ,楽天Kドリームス 並び予想
3120231121010002,2023-11-21,松戸競輪,F1,A1/A2,2,Ａ級予選,11:12,11:07,7,https://keirin.kdreams.jp/matsudo/racedetail/3120231121010002/?pageType=result,2026-10-04T02:41:48.933867+00:00,4-2-7/1-5/3-6,published,アオケイ,楽天Kドリームス 並び予想
3120231121010003,2023-11-21,松戸競輪,F1,A1/A2,3,Ａ級予選,11:37,11:32,7,https://keirin.kdreams.jp/matsudo/racedetail/3120231121010003/?pageType=result,2026-10-04T02:41:51.436945+00:00,4-3/1-7-6/5-2,published,アオケイ,楽天Kドリームス 並び予想
3120231121010004,2023-11-21,松戸競輪,F1,A1/A2,4,Ａ級予選,12:02,11:57,7,https://keirin.kdreams.jp/matsudo/racedetail/3120231121010004/?pageType=result,2026-10-04T02:41:53.546489+00:00,1-7-4/6/5-3-2,published,アオケイ,楽天Kドリームス 並び予想
3120231121010005,2023-11-21,松戸競輪,F1,A1/A2,5,Ａ級初日特選,12:27,12:22,7,https://keirin.kdreams.jp/matsudo/racedetail/3120231121010005/?pageType=result,2026-10-04T02:41:55.795947+00:00,5-1/2-7/4/3-6,published,アオケイ,楽天Kドリームス 並び予想
4520231120020005,2023-11-21,豊橋競輪,F2,A1/A2,5,Ａ級特一般,22:00,21:55,7,https://keirin.kdreams.jp/toyohashi/racedetail/4520231120020005/?pageType=result,2026-10-04T02:40:50.274067+00:00,1-3-6/7-2/5-4,published,中部競輪,楽天Kドリームス 並び予想
4520231120020006,2023-11-21,豊橋競輪,F2,A1/A2,6,Ａ級特一般,22:20,22:15,7,https://keirin.kdreams.jp/toyohashi/racedetail/4520231120020006/?pageType=result,2026-10-04T02:40:53.039591+00:00,1-2-3-5/6-4-7,published,中部競輪,楽天Kドリームス 並び予想
4520231120020007,2023-11-21,豊橋競輪,F2,A1/A2,7,Ａ級準決勝,22:40,22:35,7,https://keirin.kdreams.jp/toyohashi/racedetail/4520231120020007/?pageType=result,2026-10-04T02:40:55.295309+00:00,1-4/2-6/5-3-7,published,中部競輪,楽天Kドリームス 並び予想
4520231120020008,2023-11-21,豊橋競輪,F2,A1/A2,8,Ａ級準決勝,23:00,22:55,7,https://keirin.kdreams.jp/toyohashi/racedetail/4520231120020008/?pageType=result,2026-10-04T02:40:57.452620+00:00,1-2-6/7/3-4-5,published,中部競輪,楽天Kドリームス 並び予想
4520231120020009,2023-11-21,豊橋競輪,F2,A1/A2,9,Ａ級準決勝,23:20,23:15,7,https://keirin.kdreams.jp/toyohashi/racedetail/4520231120020009/?pageType=result,2026-10-04T02:40:59.538094+00:00,2-1-6/3/7/5-4,published,中部競輪,楽天Kドリームス 並び予想
7420231121010001,2023-11-21,高知競輪,F1,A1/A2,1,Ａ級予選,10:35,10:30,7,https://keirin.kdreams.jp/kochi/racedetail/7420231121010001/?pageType=result,2026-10-04T02:41:12.573914+00:00,6-1-3/7/2-5-4,published,福ちゃん出版社,楽天Kドリームス 並び予想
7420231121010002,2023-11-21,高知競輪,F1,A1/A2,2,Ａ級予選,11:00,10:55,7,https://keirin.kdreams.jp/kochi/racedetail/7420231121010002/?pageType=result,2026-10-04T02:41:14.739966+00:00,1-4-7/2-5-3-6,published,福ちゃん出版社,楽天Kドリームス 並び予想
7420231121010003,2023-11-21,高知競輪,F1,A1/A2,3,Ａ級予選,11:25,11:20,7,https://keirin.kdreams.jp/kochi/racedetail/7420231121010003/?pageType=result,2026-10-04T02:41:17.165795+00:00,4-1/2-5/7-3-6,published,福ちゃん出版社,楽天Kドリームス 並び予想
7420231121010004,2023-11-21,高知競輪,F1,A1/A2,4,Ａ級予選,11:50,11:45,7,https://keirin.kdreams.jp/kochi/racedetail/7420231121010004/?pageType=result,2026-10-04T02:41:19.273584+00:00,1-5-7/2-4/3-6,published,福ちゃん出版社,楽天Kドリームス 並び予想
7420231121010005,2023-11-21,高知競輪,F1,A1/A2,5,Ａ級初日特選,12:15,12:10,7,https://keirin.kdreams.jp/kochi/racedetail/7420231121010005/?pageType=result,2026-10-04T02:41:21.410816+00:00,7-1-4/6-2/3-5,published,福ちゃん出版社,楽天Kドリームス 並び予想
3720231120030002,2023-11-22,伊東競輪,F2,A1/A2,2,Ａ級一般,21:10,21:05,7,https://keirin.kdreams.jp/ito/racedetail/3720231120030002/?pageType=result,2026-10-04T02:40:23.831869+00:00,6-1-2/3-5/7-4,published,ひかり・小田競,楽天Kドリームス 並び予想
3720231120030003,2023-11-22,伊東競輪,F2,A1/A2,3,Ａ級一般,21:30,21:25,7,https://keirin.kdreams.jp/ito/racedetail/3720231120030003/?pageType=result,2026-10-04T02:40:25.923924+00:00,4-1-6/5/7-3-2,published,ひかり・小田競,楽天Kドリームス 並び予想
3720231120030004,2023-11-22,伊東競輪,F2,A1/A2,4,Ａ級一般,21:50,21:45,7,https://keirin.kdreams.jp/ito/racedetail/3720231120030004/?pageType=result,2026-10-04T02:40:28.412150+00:00,4-1/2-3/7-5/6,published,ひかり・小田競,楽天Kドリームス 並び予想
3720231120030005,2023-11-22,伊東競輪,F2,A1/A2,5,Ａ級特選,22:10,22:05,7,https://keirin.kdreams.jp/ito/racedetail/3720231120030005/?pageType=result,2026-10-04T02:40:30.605748+00:00,1-3/7-2/5-4-6,published,ひかり・小田競,楽天Kドリームス 並び予想
3720231120030006,2023-11-22,伊東競輪,F2,A1/A2,6,Ａ級特選,22:30,22:25,7,https://keirin.kdreams.jp/ito/racedetail/3720231120030006/?pageType=result,2026-10-04T02:40:32.709554+00:00,7-1/5-2/3-4-6,published,ひかり・小田競,楽天Kドリームス 並び予想
3720231120030007,2023-11-22,伊東競輪,F2,A1/A2,7,Ａ級特選,22:50,22:45,7,https://keirin.kdreams.jp/ito/racedetail/3720231120030007/?pageType=result,2026-10-04T02:40:35.161521+00:00,1-2-3/4-6/7-5,published,ひかり・小田競,楽天Kドリームス 並び予想
3720231120030009,2023-11-22,伊東競輪,F2,A1/A2,9,Ａ級決勝,23:30,23:25,7,https://keirin.kdreams.jp/ito/racedetail/3720231120030009/?pageType=result,2026-10-04T02:40:37.553540+00:00,5-1/2/4-3/6-7,published,ひかり・小田競,楽天Kドリームス 並び予想
3120231121020001,2023-11-22,松戸競輪,F1,A1/A2,1,Ａ級一般,10:47,10:42,7,https://keirin.kdreams.jp/matsudo/racedetail/3120231121020001/?pageType=result,2026-10-04T02:41:58.118369+00:00,5-1/3-7/6-2/4,published,アオケイ,楽天Kドリームス 並び予想
3120231121020002,2023-11-22,松戸競輪,F1,A1/A2,2,Ａ級一般,11:12,11:07,7,https://keirin.kdreams.jp/matsudo/racedetail/3120231121020002/?pageType=result,2026-10-04T02:42:00.800922+00:00,3-5-6/1-7/2/4,published,アオケイ,楽天Kドリームス 並び予想
3120231121020003,2023-11-22,松戸競輪,F1,A1/A2,3,Ａ級準決勝,11:37,11:32,7,https://keirin.kdreams.jp/matsudo/racedetail/3120231121020003/?pageType=result,2026-10-04T02:42:03.223738+00:00,1-4-6/2-5/3-7,published,アオケイ,楽天Kドリームス 並び予想
3120231121020004,2023-11-22,松戸競輪,F1,A1/A2,4,Ａ級準決勝,12:02,11:57,7,https://keirin.kdreams.jp/matsudo/racedetail/3120231121020004/?pageType=result,2026-10-04T02:42:05.621047+00:00,5-2/4-7-1/6-3,published,アオケイ,楽天Kドリームス 並び予想
3120231121020005,2023-11-22,松戸競輪,F1,A1/A2,5,Ａ級準決勝,12:27,12:22,7,https://keirin.kdreams.jp/matsudo/racedetail/3120231121020005/?pageType=result,2026-10-04T02:42:07.632040+00:00,1-5-6/2-4/7-3,published,アオケイ,楽天Kドリームス 並び予想
4720231122010008,2023-11-22,松阪競輪,F2,A1/A2,8,Ａ級特予選,11:15,11:10,7,https://keirin.kdreams.jp/matsusaka/racedetail/4720231122010008/?pageType=result,2026-10-04T02:42:20.181771+00:00,3-7-1/6/5-2-4,published,中部競輪,楽天Kドリームス 並び予想
4720231122010009,2023-11-22,松阪競輪,F2,A1/A2,9,Ａ級特予選,11:40,11:35,7,https://keirin.kdreams.jp/matsusaka/racedetail/4720231122010009/?pageType=result,2026-10-04T02:42:22.248701+00:00,1/7-2-4/6/5-3,published,中部競輪,楽天Kドリームス 並び予想
4720231122010010,2023-11-22,松阪競輪,F2,A1/A2,10,Ａ級特予選,12:10,12:05,7,https://keirin.kdreams.jp/matsusaka/racedetail/4720231122010010/?pageType=result,2026-10-04T02:42:24.760311+00:00,1-6/2-7-3/4/5,published,中部競輪,楽天Kドリームス 並び予想
4720231122010011,2023-11-22,松阪競輪,F2,A1/A2,11,Ａ級特予選,12:40,12:35,7,https://keirin.kdreams.jp/matsusaka/racedetail/4720231122010011/?pageType=result,2026-10-04T02:42:26.734343+00:00,4-1-7/6/5-2-3,published,中部競輪,楽天Kドリームス 並び予想
4720231122010012,2023-11-22,松阪競輪,F2,A1/A2,12,Ａ級初日特選,13:10,13:05,7,https://keirin.kdreams.jp/matsusaka/racedetail/4720231122010012/?pageType=result,2026-10-04T02:42:28.873277+00:00,1/3-5-6/4-7-2,published,中部競輪,楽天Kドリームス 並び予想
4520231120030004,2023-11-22,豊橋競輪,F2,A1/A2,4,Ａ級特一般,21:40,21:35,7,https://keirin.kdreams.jp/toyohashi/racedetail/4520231120030004/?pageType=result,2026-10-04T02:41:01.938769+00:00,1-5/2-7/6-4/3,published,中部競輪,楽天Kドリームス 並び予想
4520231120030005,2023-11-22,豊橋競輪,F2,A1/A2,5,Ａ級特一般,22:00,21:55,7,https://keirin.kdreams.jp/toyohashi/racedetail/4520231120030005/?pageType=result,2026-10-04T02:41:04.160756+00:00,1-2-7/4/6/5-3,published,中部競輪,楽天Kドリームス 並び予想
4520231120030006,2023-11-22,豊橋競輪,F2,A1/A2,6,Ａ級特選,22:20,22:15,7,https://keirin.kdreams.jp/toyohashi/racedetail/4520231120030006/?pageType=result,2026-10-04T02:41:06.327211+00:00,5-1/2-6/4-3-7,published,中部競輪,楽天Kドリームス 並び予想
4520231120030007,2023-11-22,豊橋競輪,F2,A1/A2,7,Ａ級特選,22:40,22:35,7,https://keirin.kdreams.jp/toyohashi/racedetail/4520231120030007/?pageType=result,2026-10-04T02:41:08.462449+00:00,1-2-3/7/4-5-6,published,中部競輪,楽天Kドリームス 並び予想
4520231120030009,2023-11-22,豊橋競輪,F2,A1/A2,9,Ａ級決勝,23:20,23:15,7,https://keirin.kdreams.jp/toyohashi/racedetail/4520231120030009/?pageType=result,2026-10-04T02:41:10.570186+00:00,3-7-1-6/5-2-4,published,中部競輪,楽天Kドリームス 並び予想
7420231121020001,2023-11-22,高知競輪,F1,A1/A2,1,Ａ級一般,10:35,10:30,7,https://keirin.kdreams.jp/kochi/racedetail/7420231121020001/?pageType=result,2026-10-04T02:41:23.443640+00:00,7-1-4/2/5/3-6,published,福ちゃん出版社,楽天Kドリームス 並び予想
7420231121020002,2023-11-22,高知競輪,F1,A1/A2,2,Ａ級一般,11:00,10:55,7,https://keirin.kdreams.jp/kochi/racedetail/7420231121020002/?pageType=result,2026-10-04T02:41:25.780036+00:00,1-4/5-2-6/7-3,published,福ちゃん出版社,楽天Kドリームス 並び予想
7420231121020003,2023-11-22,高知競輪,F1,A1/A2,3,Ａ級準決勝,11:25,11:20,7,https://keirin.kdreams.jp/kochi/racedetail/7420231121020003/?pageType=result,2026-10-04T02:41:28.110987+00:00,1-4/7-2-6/3-5,published,福ちゃん出版社,楽天Kドリームス 並び予想
7420231121020004,2023-11-22,高知競輪,F1,A1/A2,4,Ａ級準決勝,11:50,11:45,7,https://keirin.kdreams.jp/kochi/racedetail/7420231121020004/?pageType=result,2026-10-04T02:41:30.601014+00:00,4-7-1/2-5/3-6,published,福ちゃん出版社,楽天Kドリームス 並び予想
7420231121020005,2023-11-22,高知競輪,F1,A1/A2,5,Ａ級準決勝,12:15,12:10,7,https://keirin.kdreams.jp/kochi/racedetail/7420231121020005/?pageType=result,2026-10-04T02:41:33.249376+00:00,1-7-4/2-6/5-3,published,福ちゃん出版社,楽天Kドリームス 並び予想
3120231121030001,2023-11-23,松戸競輪,F1,A1/A2,1,Ａ級一般,10:47,10:42,7,https://keirin.kdreams.jp/matsudo/racedetail/3120231121030001/?pageType=result,2026-10-04T02:42:09.680037+00:00,1-7-5/3/2-4-6,published,アオケイ,楽天Kドリームス 並び予想
3120231121030002,2023-11-23,松戸競輪,F1,A1/A2,2,Ａ級一般,11:12,11:07,7,https://keirin.kdreams.jp/matsudo/racedetail/3120231121030002/?pageType=result,2026-10-04T02:42:11.856685+00:00,5-1-6/2/4-3/7,published,アオケイ,楽天Kドリームス 並び予想
3120231121030003,2023-11-23,松戸競輪,F1,A1/A2,3,Ａ級特選,11:37,11:32,7,https://keirin.kdreams.jp/matsudo/racedetail/3120231121030003/?pageType=result,2026-10-04T02:42:13.930685+00:00,1-5/6-2/3-7-4,published,アオケイ,楽天Kドリームス 並び予想
3120231121030004,2023-11-23,松戸競輪,F1,A1/A2,4,Ａ級特選,12:02,11:57,7,https://keirin.kdreams.jp/matsudo/racedetail/3120231121030004/?pageType=result,2026-10-04T02:42:15.913149+00:00,1-7-4/5-2/3-6,published,アオケイ,楽天Kドリームス 並び予想
3120231121030009,2023-11-23,松戸競輪,F1,A1/A2,9,Ａ級決勝,14:18,14:13,7,https://keirin.kdreams.jp/matsudo/racedetail/3120231121030009/?pageType=result,2026-10-04T02:42:17.896686+00:00,4-1-7-6/3/5-2,published,アオケイ,楽天Kドリームス 並び予想
4720231122020008,2023-11-23,松阪競輪,F2,A1/A2,8,Ａ級特一般,11:15,11:10,7,https://keirin.kdreams.jp/matsusaka/racedetail/4720231122020008/?pageType=result,2026-10-04T02:42:30.788884+00:00,1/2/7-5-3/4-6,published,中部競輪,楽天Kドリームス 並び予想
4720231122020009,2023-11-23,松阪競輪,F2,A1/A2,9,Ａ級特一般,11:40,11:35,7,https://keirin.kdreams.jp/matsusaka/racedetail/4720231122020009/?pageType=result,2026-10-04T02:42:32.850957+00:00,1/6/4-2/3-7-5,published,中部競輪,楽天Kドリームス 並び予想
4720231122020010,2023-11-23,松阪競輪,F2,A1/A2,10,Ａ級準決勝,12:10,12:05,7,https://keirin.kdreams.jp/matsusaka/racedetail/4720231122020010/?pageType=result,2026-10-04T02:42:35.246380+00:00,5-1-6/2/7-3-4,published,中部競輪,楽天Kドリームス 並び予想
4720231122020011,2023-11-23,松阪競輪,F2,A1/A2,11,Ａ級準決勝,12:40,12:35,7,https://keirin.kdreams.jp/matsusaka/racedetail/4720231122020011/?pageType=result,2026-10-04T02:42:37.629533+00:00,5-1-6/2/3/4/7,published,中部競輪,楽天Kドリームス 並び予想
4720231122020012,2023-11-23,松阪競輪,F2,A1/A2,12,Ａ級準決勝,13:10,13:05,7,https://keirin.kdreams.jp/matsusaka/racedetail/4720231122020012/?pageType=result,2026-10-04T02:42:39.653222+00:00,1-4-6/5/7-2-3,published,中部競輪,楽天Kドリームス 並び予想
7120231123010003,2023-11-23,高松競輪,F2,A1/A2,3,Ａ級特予選,21:50,21:45,7,https://keirin.kdreams.jp/takamatsu/racedetail/7120231123010003/?pageType=result,2026-10-04T02:42:53.529754+00:00,7-2-5/1/4/6-3,published,競輪毎日,楽天Kドリームス 並び予想
7120231123010004,2023-11-23,高松競輪,F2,A1/A2,4,Ａ級特予選,22:15,22:10,7,https://keirin.kdreams.jp/takamatsu/racedetail/7120231123010004/?pageType=result,2026-10-04T02:42:56.288940+00:00,1-3-4/7/2-5-6,published,競輪毎日,楽天Kドリームス 並び予想
7120231123010005,2023-11-23,高松競輪,F2,A1/A2,5,Ａ級特予選,22:40,22:35,7,https://keirin.kdreams.jp/takamatsu/racedetail/7120231123010005/?pageType=result,2026-10-04T02:42:58.308168+00:00,2-1-7/3-4/6-5,published,競輪毎日,楽天Kドリームス 並び予想
7120231123010006,2023-11-23,高松競輪,F2,A1/A2,6,Ａ級特予選,23:05,23:00,7,https://keirin.kdreams.jp/takamatsu/racedetail/7120231123010006/?pageType=result,2026-10-04T02:43:00.556448+00:00,1-2-3/4-7/5-6,published,競輪毎日,楽天Kドリームス 並び予想
7120231123010007,2023-11-23,高松競輪,F2,A1/A2,7,Ａ級初日特選,23:30,23:25,7,https://keirin.kdreams.jp/takamatsu/racedetail/7120231123010007/?pageType=result,2026-10-04T02:43:02.573655+00:00,1-4/2-6-7/3-5,published,競輪毎日,楽天Kドリームス 並び予想
7420231121030001,2023-11-23,高知競輪,F1,A1/A2,1,Ａ級一般,10:35,10:30,7,https://keirin.kdreams.jp/kochi/racedetail/7420231121030001/?pageType=result,2026-10-04T02:41:35.556445+00:00,1-7-4/3/5/2-6,published,福ちゃん出版社,楽天Kドリームス 並び予想
7420231121030002,2023-11-23,高知競輪,F1,A1/A2,2,Ａ級一般,11:00,10:55,7,https://keirin.kdreams.jp/kochi/racedetail/7420231121030002/?pageType=result,2026-10-04T02:41:37.707889+00:00,7-4-1/2/6/3-5,published,福ちゃん出版社,楽天Kドリームス 並び予想
7420231121030003,2023-11-23,高知競輪,F1,A1/A2,3,Ａ級特選,11:25,11:20,7,https://keirin.kdreams.jp/kochi/racedetail/7420231121030003/?pageType=result,2026-10-04T02:41:40.031722+00:00,7-1-6/5-3/4-2,published,福ちゃん出版社,楽天Kドリームス 並び予想
7420231121030004,2023-11-23,高知競輪,F1,A1/A2,4,Ａ級特選,11:50,11:45,7,https://keirin.kdreams.jp/kochi/racedetail/7420231121030004/?pageType=result,2026-10-04T02:41:42.173833+00:00,6-1/4-2-7/3-5,published,福ちゃん出版社,楽天Kドリームス 並び予想
7420231121030009,2023-11-23,高知競輪,F1,A1/A2,9,Ａ級決勝,14:03,13:58,7,https://keirin.kdreams.jp/kochi/racedetail/7420231121030009/?pageType=result,2026-10-04T02:41:44.317955+00:00,4-5-1/2-6/7-3,published,福ちゃん出版社,楽天Kドリームス 並び予想
1320231124010001,2023-11-24,いわき平競輪,F1,A1/A2,1,Ａ級予選,10:35,10:30,7,https://keirin.kdreams.jp/iwakitaira/racedetail/1320231124010001/?pageType=result,2026-10-04T02:43:26.919490+00:00,1-6/2-4-7/3-5,published,アオケイ,楽天Kドリームス 並び予想
1320231124010002,2023-11-24,いわき平競輪,F1,A1/A2,2,Ａ級予選,11:00,10:55,7,https://keirin.kdreams.jp/iwakitaira/racedetail/1320231124010002/?pageType=result,2026-10-04T02:43:29.006998+00:00,3-7-5/4-2/1-6,published,アオケイ,楽天Kドリームス 並び予想
1320231124010003,2023-11-24,いわき平競輪,F1,A1/A2,3,Ａ級予選,11:25,11:20,7,https://keirin.kdreams.jp/iwakitaira/racedetail/1320231124010003/?pageType=result,2026-10-04T02:43:31.355380+00:00,5-1-3/6/2-4-7,published,アオケイ,楽天Kドリームス 並び予想
1320231124010004,2023-11-24,いわき平競輪,F1,A1/A2,4,Ａ級予選,11:50,11:45,7,https://keirin.kdreams.jp/iwakitaira/racedetail/1320231124010004/?pageType=result,2026-10-04T02:43:33.552148+00:00,1-5/3-6/4-2-7,published,アオケイ,楽天Kドリームス 並び予想
1320231124010005,2023-11-24,いわき平競輪,F1,A1/A2,5,Ａ級初日特選,12:15,12:10,7,https://keirin.kdreams.jp/iwakitaira/racedetail/1320231124010005/?pageType=result,2026-10-04T02:43:35.859511+00:00,2-4-5/1/6-3-7,published,アオケイ,楽天Kドリームス 並び予想
8520231124010001,2023-11-24,佐世保競輪,F1,A1/A2,1,Ａ級予選,10:47,10:42,7,https://keirin.kdreams.jp/sasebo/racedetail/8520231124010001/?pageType=result,2026-10-04T02:44:34.902767+00:00,4-1-7/5-2/3-6,published,百万弗,楽天Kドリームス 並び予想
8520231124010002,2023-11-24,佐世保競輪,F1,A1/A2,2,Ａ級予選,11:12,11:07,7,https://keirin.kdreams.jp/sasebo/racedetail/8520231124010002/?pageType=result,2026-10-04T02:44:37.379584+00:00,5-1-4/2/7-3-6,published,百万弗,楽天Kドリームス 並び予想
8520231124010003,2023-11-24,佐世保競輪,F1,A1/A2,3,Ａ級予選,11:37,11:32,7,https://keirin.kdreams.jp/sasebo/racedetail/8520231124010003/?pageType=result,2026-10-04T02:44:39.451610+00:00,4-7-5-1/6-2/3,published,百万弗,楽天Kドリームス 並び予想
8520231124010004,2023-11-24,佐世保競輪,F1,A1/A2,4,Ａ級予選,12:02,11:57,7,https://keirin.kdreams.jp/sasebo/racedetail/8520231124010004/?pageType=result,2026-10-04T02:44:41.803740+00:00,4-1/2-7/5-3-6,published,百万弗,楽天Kドリームス 並び予想
8520231124010005,2023-11-24,佐世保競輪,F1,A1/A2,5,Ａ級初日特選,12:27,12:22,7,https://keirin.kdreams.jp/sasebo/racedetail/8520231124010005/?pageType=result,2026-10-04T02:44:44.065867+00:00,5-1-6/2-7/3/4,published,百万弗,楽天Kドリームス 並び予想
3420231124010008,2023-11-24,川崎競輪,F2,A1/A2,8,Ａ級特予選,14:13,14:08,7,https://keirin.kdreams.jp/kawasaki/racedetail/3420231124010008/?pageType=result,2026-10-04T02:44:01.778979+00:00,4-7-2/1/3-5/6,published,小田競・サイクル,楽天Kドリームス 並び予想
3420231124010009,2023-11-24,川崎競輪,F2,A1/A2,9,Ａ級特予選,14:43,14:38,7,https://keirin.kdreams.jp/kawasaki/racedetail/3420231124010009/?pageType=result,2026-10-04T02:44:04.038275+00:00,1-5/2-4/7-3-6,published,小田競・サイクル,楽天Kドリームス 並び予想
3420231124010010,2023-11-24,川崎競輪,F2,A1/A2,10,Ａ級特予選,15:19,15:14,7,https://keirin.kdreams.jp/kawasaki/racedetail/3420231124010010/?pageType=result,2026-10-04T02:44:05.883524+00:00,3-4/1-7/5/6-2,published,小田競・サイクル,楽天Kドリームス 並び予想
3420231124010011,2023-11-24,川崎競輪,F2,A1/A2,11,Ａ級特予選,15:55,15:50,7,https://keirin.kdreams.jp/kawasaki/racedetail/3420231124010011/?pageType=result,2026-10-04T02:44:07.956614+00:00,1-4/7-5-2/6-3,published,小田競・サイクル,楽天Kドリームス 並び予想
3420231124010012,2023-11-24,川崎競輪,F2,A1/A2,12,Ａ級初日特選,16:40,16:35,7,https://keirin.kdreams.jp/kawasaki/racedetail/3420231124010012/?pageType=result,2026-10-04T02:44:10.098398+00:00,2-4-5/6-1/7-3,published,小田競・サイクル,楽天Kドリームス 並び予想
4720231122030006,2023-11-24,松阪競輪,F2,A1/A2,6,Ａ級特一般,10:30,10:25,7,https://keirin.kdreams.jp/matsusaka/racedetail/4720231122030006/?pageType=result,2026-10-04T02:42:41.990489+00:00,5-2-7/6/3-1-4,published,中部競輪,楽天Kドリームス 並び予想
4720231122030007,2023-11-24,松阪競輪,F2,A1/A2,7,Ａ級特一般,10:50,10:45,7,https://keirin.kdreams.jp/matsusaka/racedetail/4720231122030007/?pageType=result,2026-10-04T02:42:44.108270+00:00,1-5-7-3/4/6-2,published,中部競輪,楽天Kドリームス 並び予想
4720231122030008,2023-11-24,松阪競輪,F2,A1/A2,8,Ａ級特選,11:15,11:10,7,https://keirin.kdreams.jp/matsusaka/racedetail/4720231122030008/?pageType=result,2026-10-04T02:42:47.182202+00:00,1/7-2/6/5-4-3,published,中部競輪,楽天Kドリームス 並び予想
4720231122030009,2023-11-24,松阪競輪,F2,A1/A2,9,Ａ級特選,11:40,11:35,7,https://keirin.kdreams.jp/matsusaka/racedetail/4720231122030009/?pageType=result,2026-10-04T02:42:49.271910+00:00,1-5-2/3-7-4-6,published,中部競輪,楽天Kドリームス 並び予想
4720231122030012,2023-11-24,松阪競輪,F2,A1/A2,12,Ａ級決勝,13:10,13:05,7,https://keirin.kdreams.jp/matsusaka/racedetail/4720231122030012/?pageType=result,2026-10-04T02:42:51.388983+00:00,2-7-1/4/3-5-6,published,中部競輪,楽天Kドリームス 並び予想
2620231124010001,2023-11-24,西武園競輪,F2,A1/A2,1,Ａ級予選,09:00,08:55,7,https://keirin.kdreams.jp/seibuen/racedetail/2620231124010001/?pageType=result,2026-10-04T02:45:08.964432+00:00,7-3-6/5-1/2-4,published,アオケイ,楽天Kドリームス 並び予想
2620231124010002,2023-11-24,西武園競輪,F2,A1/A2,2,Ａ級予選,09:20,09:15,7,https://keirin.kdreams.jp/seibuen/racedetail/2620231124010002/?pageType=result,2026-10-04T02:45:11.292607+00:00,4-1/7-2/5-3-6,published,アオケイ,楽天Kドリームス 並び予想
2620231124010003,2023-11-24,西武園競輪,F2,A1/A2,3,Ａ級予選,09:40,09:35,7,https://keirin.kdreams.jp/seibuen/racedetail/2620231124010003/?pageType=result,2026-10-04T02:45:13.873650+00:00,7-1/4/6/5-3-2,published,アオケイ,楽天Kドリームス 並び予想
2620231124010004,2023-11-24,西武園競輪,F2,A1/A2,4,Ａ級予選,10:00,09:55,7,https://keirin.kdreams.jp/seibuen/racedetail/2620231124010004/?pageType=result,2026-10-04T02:45:16.157926+00:00,5-1/7-3-4/2-6,published,アオケイ,楽天Kドリームス 並び予想
2620231124010005,2023-11-24,西武園競輪,F2,A1/A2,5,Ａ級予選,10:20,10:15,7,https://keirin.kdreams.jp/seibuen/racedetail/2620231124010005/?pageType=result,2026-10-04T02:45:18.324330+00:00,4-1-6/7-2/5-3,published,アオケイ,楽天Kドリームス 並び予想
2620231124010006,2023-11-24,西武園競輪,F2,A1/A2,6,Ａ級予選,10:40,10:35,7,https://keirin.kdreams.jp/seibuen/racedetail/2620231124010006/?pageType=result,2026-10-04T02:45:20.340417+00:00,2-5-6/7-1/4-3,published,アオケイ,楽天Kドリームス 並び予想
2620231124010007,2023-11-24,西武園競輪,F2,A1/A2,7,Ａ級初日特選,11:00,10:55,7,https://keirin.kdreams.jp/seibuen/racedetail/2620231124010007/?pageType=result,2026-10-04T02:45:22.731425+00:00,1-7-4/5-2/3-6,published,アオケイ,楽天Kドリームス 並び予想
7120231123020003,2023-11-24,高松競輪,F2,A1/A2,3,Ａ級特一般,21:50,21:45,7,https://keirin.kdreams.jp/takamatsu/racedetail/7120231123020003/?pageType=result,2026-10-04T02:43:04.595141+00:00,1-2/4-3/5-6-7,published,競輪毎日,楽天Kドリームス 並び予想
7120231123020004,2023-11-24,高松競輪,F2,A1/A2,4,Ａ級特一般,22:15,22:10,7,https://keirin.kdreams.jp/takamatsu/racedetail/7120231123020004/?pageType=result,2026-10-04T02:43:06.582568+00:00,3-1-7/6/4-2-5,published,競輪毎日,楽天Kドリームス 並び予想
7120231123020005,2023-11-24,高松競輪,F2,A1/A2,5,Ａ級準決勝,22:40,22:35,7,https://keirin.kdreams.jp/takamatsu/racedetail/7120231123020005/?pageType=result,2026-10-04T02:43:08.986532+00:00,1-3-2/5-4/6-7,published,競輪毎日,楽天Kドリームス 並び予想
7120231123020006,2023-11-24,高松競輪,F2,A1/A2,6,Ａ級準決勝,23:05,23:00,7,https://keirin.kdreams.jp/takamatsu/racedetail/7120231123020006/?pageType=result,2026-10-04T02:43:11.003392+00:00,1-6-3/4/5-2/7,published,競輪毎日,楽天Kドリームス 並び予想
7120231123020007,2023-11-24,高松競輪,F2,A1/A2,7,Ａ級準決勝,23:30,23:25,7,https://keirin.kdreams.jp/takamatsu/racedetail/7120231123020007/?pageType=result,2026-10-04T02:43:13.404722+00:00,1-2-6-7/3-5/4,published,競輪毎日,楽天Kドリームス 並び予想
1320231124020001,2023-11-25,いわき平競輪,F1,A1/A2,1,Ａ級一般,10:35,10:30,7,https://keirin.kdreams.jp/iwakitaira/racedetail/1320231124020001/?pageType=result,2026-10-04T02:43:37.810173+00:00,1-4-3/2-7-5/6,published,アオケイ,楽天Kドリームス 並び予想
1320231124020002,2023-11-25,いわき平競輪,F1,A1/A2,2,Ａ級一般,11:00,10:55,7,https://keirin.kdreams.jp/iwakitaira/racedetail/1320231124020002/?pageType=result,2026-10-04T02:43:40.135349+00:00,5-2-3/1-7-4/6,published,アオケイ,楽天Kドリームス 並び予想
1320231124020003,2023-11-25,いわき平競輪,F1,A1/A2,3,Ａ級準決勝,11:25,11:20,7,https://keirin.kdreams.jp/iwakitaira/racedetail/1320231124020003/?pageType=result,2026-10-04T02:43:42.485020+00:00,4-1/2-5/7-3-6,published,アオケイ,楽天Kドリームス 並び予想
1320231124020004,2023-11-25,いわき平競輪,F1,A1/A2,4,Ａ級準決勝,11:50,11:45,7,https://keirin.kdreams.jp/iwakitaira/racedetail/1320231124020004/?pageType=result,2026-10-04T02:43:45.469000+00:00,1-4-7/5-3/6-2,published,アオケイ,楽天Kドリームス 並び予想
1320231124020005,2023-11-25,いわき平競輪,F1,A1/A2,5,Ａ級準決勝,12:15,12:10,7,https://keirin.kdreams.jp/iwakitaira/racedetail/1320231124020005/?pageType=result,2026-10-04T02:43:47.802045+00:00,3-4-1/5-2-7/6,published,アオケイ,楽天Kドリームス 並び予想
8520231124020001,2023-11-25,佐世保競輪,F1,A1/A2,1,Ａ級一般,10:47,10:42,7,https://keirin.kdreams.jp/sasebo/racedetail/8520231124020001/?pageType=result,2026-10-04T02:44:46.394913+00:00,5-1/2/3-7/4/6,published,百万弗,楽天Kドリームス 並び予想
8520231124020002,2023-11-25,佐世保競輪,F1,A1/A2,2,Ａ級一般,11:12,11:07,7,https://keirin.kdreams.jp/sasebo/racedetail/8520231124020002/?pageType=result,2026-10-04T02:44:48.466361+00:00,3-5-4/6/7-2-1,published,百万弗,楽天Kドリームス 並び予想
8520231124020003,2023-11-25,佐世保競輪,F1,A1/A2,3,Ａ級準決勝,11:37,11:32,7,https://keirin.kdreams.jp/sasebo/racedetail/8520231124020003/?pageType=result,2026-10-04T02:44:51.079828+00:00,6-1/7-2-4/5-3,published,百万弗,楽天Kドリームス 並び予想
8520231124020004,2023-11-25,佐世保競輪,F1,A1/A2,4,Ａ級準決勝,12:02,11:57,7,https://keirin.kdreams.jp/sasebo/racedetail/8520231124020004/?pageType=result,2026-10-04T02:44:53.162207+00:00,4-2-3-5/1-7/6,published,百万弗,楽天Kドリームス 並び予想
8520231124020005,2023-11-25,佐世保競輪,F1,A1/A2,5,Ａ級準決勝,12:27,12:22,7,https://keirin.kdreams.jp/sasebo/racedetail/8520231124020005/?pageType=result,2026-10-04T02:44:55.349496+00:00,1-4/2-7/3-5-6,published,百万弗,楽天Kドリームス 並び予想
3420231124020008,2023-11-25,川崎競輪,F2,A1/A2,8,Ａ級特一般,14:13,14:08,7,https://keirin.kdreams.jp/kawasaki/racedetail/3420231124020008/?pageType=result,2026-10-04T02:44:12.283179+00:00,6-1/7-2/5-3-4,published,小田競・サイクル,楽天Kドリームス 並び予想
3420231124020009,2023-11-25,川崎競輪,F2,A1/A2,9,Ａ級特一般,14:43,14:38,7,https://keirin.kdreams.jp/kawasaki/racedetail/3420231124020009/?pageType=result,2026-10-04T02:44:14.340553+00:00,1-5/3-7-2/4-6,published,小田競・サイクル,楽天Kドリームス 並び予想
3420231124020010,2023-11-25,川崎競輪,F2,A1/A2,10,Ａ級準決勝,15:19,15:14,7,https://keirin.kdreams.jp/kawasaki/racedetail/3420231124020010/?pageType=result,2026-10-04T02:44:16.549753+00:00,1-7-6/5-2/4-3,published,小田競・サイクル,楽天Kドリームス 並び予想
3420231124020011,2023-11-25,川崎競輪,F2,A1/A2,11,Ａ級準決勝,15:55,15:50,7,https://keirin.kdreams.jp/kawasaki/racedetail/3420231124020011/?pageType=result,2026-10-04T02:44:19.018702+00:00,4-1/2-6/5-3-7,published,小田競・サイクル,楽天Kドリームス 並び予想
3420231124020012,2023-11-25,川崎競輪,F2,A1/A2,12,Ａ級準決勝,16:40,16:35,7,https://keirin.kdreams.jp/kawasaki/racedetail/3420231124020012/?pageType=result,2026-10-04T02:44:21.176869+00:00,5-1-6/2-4/7-3,published,小田競・サイクル,楽天Kドリームス 並び予想
2620231124020001,2023-11-25,西武園競輪,F2,A1/A2,1,Ａ級一般,09:00,08:55,7,https://keirin.kdreams.jp/seibuen/racedetail/2620231124020001/?pageType=result,2026-10-04T02:45:25.020639+00:00,3-4-7-6/1/5-2,published,アオケイ,楽天Kドリームス 並び予想
2620231124020002,2023-11-25,西武園競輪,F2,A1/A2,2,Ａ級一般,09:20,09:15,7,https://keirin.kdreams.jp/seibuen/racedetail/2620231124020002/?pageType=result,2026-10-04T02:45:27.008405+00:00,1-7/5-4-2-6/3,published,アオケイ,楽天Kドリームス 並び予想
2620231124020003,2023-11-25,西武園競輪,F2,A1/A2,3,Ａ級選抜,09:40,09:35,7,https://keirin.kdreams.jp/seibuen/racedetail/2620231124020003/?pageType=result,2026-10-04T02:45:29.093517+00:00,4-1-5/3/2-7-6,published,アオケイ,楽天Kドリームス 並び予想
2620231124020004,2023-11-25,西武園競輪,F2,A1/A2,4,Ａ級選抜,10:00,09:55,7,https://keirin.kdreams.jp/seibuen/racedetail/2620231124020004/?pageType=result,2026-10-04T02:45:31.076119+00:00,3-5/1-7/6-4-2,published,アオケイ,楽天Kドリームス 並び予想
2620231124020005,2023-11-25,西武園競輪,F2,A1/A2,5,Ａ級準決勝,10:20,10:15,7,https://keirin.kdreams.jp/seibuen/racedetail/2620231124020005/?pageType=result,2026-10-04T02:45:33.340951+00:00,7-1/4-5/6-2-3,published,アオケイ,楽天Kドリームス 並び予想
2620231124020006,2023-11-25,西武園競輪,F2,A1/A2,6,Ａ級準決勝,10:40,10:35,7,https://keirin.kdreams.jp/seibuen/racedetail/2620231124020006/?pageType=result,2026-10-04T02:45:35.454583+00:00,5-1-6/2/3/7-4,published,アオケイ,楽天Kドリームス 並び予想
2620231124020007,2023-11-25,西武園競輪,F2,A1/A2,7,Ａ級準決勝,11:00,10:55,7,https://keirin.kdreams.jp/seibuen/racedetail/2620231124020007/?pageType=result,2026-10-04T02:45:37.753942+00:00,2-7-5/1/3-4-6,published,アオケイ,楽天Kドリームス 並び予想
7120231123030002,2023-11-25,高松競輪,F2,A1/A2,2,Ａ級特一般,21:25,21:20,7,https://keirin.kdreams.jp/takamatsu/racedetail/7120231123030002/?pageType=result,2026-10-04T02:43:15.718619+00:00,1-5-2/7/3-4-6,published,競輪毎日,楽天Kドリームス 並び予想
7120231123030003,2023-11-25,高松競輪,F2,A1/A2,3,Ａ級特一般,21:50,21:45,7,https://keirin.kdreams.jp/takamatsu/racedetail/7120231123030003/?pageType=result,2026-10-04T02:43:18.034822+00:00,1-3/6-2/7/5-4,published,競輪毎日,楽天Kドリームス 並び予想
7120231123030004,2023-11-25,高松競輪,F2,A1/A2,4,Ａ級特選,22:15,22:10,7,https://keirin.kdreams.jp/takamatsu/racedetail/7120231123030004/?pageType=result,2026-10-04T02:43:20.306969+00:00,6-1/2-7/3-5-4,published,競輪毎日,楽天Kドリームス 並び予想
7120231123030005,2023-11-25,高松競輪,F2,A1/A2,5,Ａ級特選,22:40,22:35,7,https://keirin.kdreams.jp/takamatsu/racedetail/7120231123030005/?pageType=result,2026-10-04T02:43:22.412973+00:00,5-1-3-6/7-2-4,published,競輪毎日,楽天Kドリームス 並び予想
7120231123030007,2023-11-25,高松競輪,F2,A1/A2,7,Ａ級決勝,23:30,23:25,7,https://keirin.kdreams.jp/takamatsu/racedetail/7120231123030007/?pageType=result,2026-10-04T02:43:24.578175+00:00,1-5-6/2-3/4-7,published,競輪毎日,楽天Kドリームス 並び予想
1320231124030001,2023-11-26,いわき平競輪,F1,A1/A2,1,Ａ級一般,10:35,10:30,7,https://keirin.kdreams.jp/iwakitaira/racedetail/1320231124030001/?pageType=result,2026-10-04T02:43:49.983902+00:00,4-1/2-6/7-3/5,published,アオケイ,楽天Kドリームス 並び予想
1320231124030002,2023-11-26,いわき平競輪,F1,A1/A2,2,Ａ級一般,11:00,10:55,7,https://keirin.kdreams.jp/iwakitaira/racedetail/1320231124030002/?pageType=result,2026-10-04T02:43:52.327912+00:00,1-6/5-2/3-7-4,published,アオケイ,楽天Kドリームス 並び予想
1320231124030003,2023-11-26,いわき平競輪,F1,A1/A2,3,Ａ級特選,11:25,11:20,7,https://keirin.kdreams.jp/iwakitaira/racedetail/1320231124030003/?pageType=result,2026-10-04T02:43:54.896190+00:00,3-7/1/2-5-4/6,published,アオケイ,楽天Kドリームス 並び予想
1320231124030004,2023-11-26,いわき平競輪,F1,A1/A2,4,Ａ級特選,11:50,11:45,7,https://keirin.kdreams.jp/iwakitaira/racedetail/1320231124030004/?pageType=result,2026-10-04T02:43:56.910478+00:00,1-5/4-2-6/7-3,published,アオケイ,楽天Kドリームス 並び予想
1320231124030009,2023-11-26,いわき平競輪,F1,A1/A2,9,Ａ級決勝,14:03,13:58,7,https://keirin.kdreams.jp/iwakitaira/racedetail/1320231124030009/?pageType=result,2026-10-04T02:43:59.149759+00:00,1-7-4/2-5/3-6,published,アオケイ,楽天Kドリームス 並び予想
2720231126010003,2023-11-26,京王閣競輪,F2,A1/A2,3,Ａ級予選,21:20,21:15,7,https://keirin.kdreams.jp/keiokaku/racedetail/2720231126010003/?pageType=result,2026-10-04T02:45:55.356890+00:00,5-1/3-2-7/4-6,published,アオケイ,楽天Kドリームス 並び予想
2720231126010004,2023-11-26,京王閣競輪,F2,A1/A2,4,Ａ級予選,21:40,21:35,7,https://keirin.kdreams.jp/keiokaku/racedetail/2720231126010004/?pageType=result,2026-10-04T02:45:57.656803+00:00,2-1/3-6/5-4-7,published,アオケイ,楽天Kドリームス 並び予想
2720231126010005,2023-11-26,京王閣競輪,F2,A1/A2,5,Ａ級予選,22:00,21:55,7,https://keirin.kdreams.jp/keiokaku/racedetail/2720231126010005/?pageType=result,2026-10-04T02:46:00.026099+00:00,4-1-6-7/2-5-3,published,アオケイ,楽天Kドリームス 並び予想
2720231126010006,2023-11-26,京王閣競輪,F2,A1/A2,6,Ａ級予選,22:20,22:15,7,https://keirin.kdreams.jp/keiokaku/racedetail/2720231126010006/?pageType=result,2026-10-04T02:46:02.345491+00:00,2-1-6/4-3/7-5,published,アオケイ,楽天Kドリームス 並び予想
2720231126010007,2023-11-26,京王閣競輪,F2,A1/A2,7,Ａ級予選,22:40,22:35,7,https://keirin.kdreams.jp/keiokaku/racedetail/2720231126010007/?pageType=result,2026-10-04T02:46:04.754448+00:00,2-1-5-7/3-4/6,published,アオケイ,楽天Kドリームス 並び予想
2720231126010008,2023-11-26,京王閣競輪,F2,A1/A2,8,Ａ級予選,23:00,22:55,7,https://keirin.kdreams.jp/keiokaku/racedetail/2720231126010008/?pageType=result,2026-10-04T02:46:07.152926+00:00,1-2-3/4-6/7-5,published,アオケイ,楽天Kドリームス 並び予想
2720231126010009,2023-11-26,京王閣競輪,F2,A1/A2,9,Ａ級初日特選,23:20,23:15,7,https://keirin.kdreams.jp/keiokaku/racedetail/2720231126010009/?pageType=result,2026-10-04T02:46:09.385158+00:00,1-6/7-2/3-5/4,published,アオケイ,楽天Kドリームス 並び予想
8520231124030001,2023-11-26,佐世保競輪,F1,A1/A2,1,Ａ級一般,10:47,10:42,7,https://keirin.kdreams.jp/sasebo/racedetail/8520231124030001/?pageType=result,2026-10-04T02:44:57.578090+00:00,2-7-5/4-3-6-1,published,百万弗,楽天Kドリームス 並び予想
8520231124030002,2023-11-26,佐世保競輪,F1,A1/A2,2,Ａ級一般,11:12,11:07,7,https://keirin.kdreams.jp/sasebo/racedetail/8520231124030002/?pageType=result,2026-10-04T02:44:59.883119+00:00,4-1-5/3/7-6-2,published,百万弗,楽天Kドリームス 並び予想
8520231124030003,2023-11-26,佐世保競輪,F1,A1/A2,3,Ａ級特選,11:37,11:32,7,https://keirin.kdreams.jp/sasebo/racedetail/8520231124030003/?pageType=result,2026-10-04T02:45:02.271301+00:00,6-2/1/7/5-3-4,published,百万弗,楽天Kドリームス 並び予想
8520231124030004,2023-11-26,佐世保競輪,F1,A1/A2,4,Ａ級特選,12:02,11:57,7,https://keirin.kdreams.jp/sasebo/racedetail/8520231124030004/?pageType=result,2026-10-04T02:45:04.503652+00:00,7-3-5/1-6/4-2,published,百万弗,楽天Kドリームス 並び予想
8520231124030009,2023-11-26,佐世保競輪,F1,A1/A2,9,Ａ級決勝,14:18,14:13,7,https://keirin.kdreams.jp/sasebo/racedetail/8520231124030009/?pageType=result,2026-10-04T02:45:06.659348+00:00,1-6-4/3/2-7-5,published,百万弗,楽天Kドリームス 並び予想
3420231124030006,2023-11-26,川崎競輪,F2,A1/A2,6,Ａ級特一般,13:14,13:09,7,https://keirin.kdreams.jp/kawasaki/racedetail/3420231124030006/?pageType=result,2026-10-04T02:44:23.637551+00:00,5-2-1/4/6-3-7,published,小田競・サイクル,楽天Kドリームス 並び予想
3420231124030007,2023-11-26,川崎競輪,F2,A1/A2,7,Ａ級特一般,13:43,13:38,7,https://keirin.kdreams.jp/kawasaki/racedetail/3420231124030007/?pageType=result,2026-10-04T02:44:26.094602+00:00,1-6/2-4/7/3-5,published,小田競・サイクル,楽天Kドリームス 並び予想
3420231124030009,2023-11-26,川崎競輪,F2,A1/A2,9,Ａ級特選,14:43,14:38,7,https://keirin.kdreams.jp/kawasaki/racedetail/3420231124030009/?pageType=result,2026-10-04T02:44:28.288596+00:00,1-7/4/2/5-3-6,published,小田競・サイクル,楽天Kドリームス 並び予想
3420231124030010,2023-11-26,川崎競輪,F2,A1/A2,10,Ａ級特選,15:19,15:14,7,https://keirin.kdreams.jp/kawasaki/racedetail/3420231124030010/?pageType=result,2026-10-04T02:44:30.414270+00:00,2-7-5/1/6-4-3,published,小田競・サイクル,楽天Kドリームス 並び予想
3420231124030012,2023-11-26,川崎競輪,F2,A1/A2,12,Ａ級決勝,16:40,16:35,7,https://keirin.kdreams.jp/kawasaki/racedetail/3420231124030012/?pageType=result,2026-10-04T02:44:32.716584+00:00,1-4-6/2/5/3-7,published,小田競・サイクル,楽天Kドリームス 並び予想
4720231126010003,2023-11-26,松阪競輪,F2,A1/A2,3,Ａ級予選,21:30,21:25,7,https://keirin.kdreams.jp/matsusaka/racedetail/4720231126010003/?pageType=result,2026-10-04T02:46:44.107120+00:00,1-2-7/3-5/6-4,published,中部競輪,楽天Kドリームス 並び予想
4720231126010004,2023-11-26,松阪競輪,F2,A1/A2,4,Ａ級予選,21:50,21:45,7,https://keirin.kdreams.jp/matsusaka/racedetail/4720231126010004/?pageType=result,2026-10-04T02:46:46.194759+00:00,4-1-5-6/3-2-7,published,中部競輪,楽天Kドリームス 並び予想
4720231126010005,2023-11-26,松阪競輪,F2,A1/A2,5,Ａ級予選,22:10,22:05,7,https://keirin.kdreams.jp/matsusaka/racedetail/4720231126010005/?pageType=result,2026-10-04T02:46:48.339861+00:00,2-1-7/3-4/5-6,published,中部競輪,楽天Kドリームス 並び予想
4720231126010006,2023-11-26,松阪競輪,F2,A1/A2,6,Ａ級予選,22:30,22:25,7,https://keirin.kdreams.jp/matsusaka/racedetail/4720231126010006/?pageType=result,2026-10-04T02:46:50.716465+00:00,1-4-7-5/3-2-6,published,中部競輪,楽天Kドリームス 並び予想
4720231126010007,2023-11-26,松阪競輪,F2,A1/A2,7,Ａ級予選,22:50,22:45,7,https://keirin.kdreams.jp/matsusaka/racedetail/4720231126010007/?pageType=result,2026-10-04T02:46:52.927543+00:00,1-2-5/6-3/7-4,published,中部競輪,楽天Kドリームス 並び予想
4720231126010008,2023-11-26,松阪競輪,F2,A1/A2,8,Ａ級予選,23:10,23:05,7,https://keirin.kdreams.jp/matsusaka/racedetail/4720231126010008/?pageType=result,2026-10-04T02:46:54.950085+00:00,1-5-2/3-4-6-7,published,中部競輪,楽天Kドリームス 並び予想
4720231126010009,2023-11-26,松阪競輪,F2,A1/A2,9,Ａ級初日特選,23:30,23:25,7,https://keirin.kdreams.jp/matsusaka/racedetail/4720231126010009/?pageType=result,2026-10-04T02:46:57.175339+00:00,1-5/3-2/7-4-6,published,中部競輪,楽天Kドリームス 並び予想
2620231124030001,2023-11-26,西武園競輪,F2,A1/A2,1,Ａ級一般,09:00,08:55,7,https://keirin.kdreams.jp/seibuen/racedetail/2620231124030001/?pageType=result,2026-10-04T02:45:39.817390+00:00,1-4-5/2-7-6/3,published,アオケイ,楽天Kドリームス 並び予想
2620231124030002,2023-11-26,西武園競輪,F2,A1/A2,2,Ａ級一般,09:20,09:15,7,https://keirin.kdreams.jp/seibuen/racedetail/2620231124030002/?pageType=result,2026-10-04T02:45:41.882737+00:00,4-3-1-6/2-5-7,published,アオケイ,楽天Kドリームス 並び予想
2620231124030003,2023-11-26,西武園競輪,F2,A1/A2,3,Ａ級一般,09:40,09:35,7,https://keirin.kdreams.jp/seibuen/racedetail/2620231124030003/?pageType=result,2026-10-04T02:45:44.002767+00:00,3-1-5/4-2-7-6,published,アオケイ,楽天Kドリームス 並び予想
2620231124030004,2023-11-26,西武園競輪,F2,A1/A2,4,Ａ級特選,10:00,09:55,7,https://keirin.kdreams.jp/seibuen/racedetail/2620231124030004/?pageType=result,2026-10-04T02:45:46.061333+00:00,2-7/5-1/3-4-6,published,アオケイ,楽天Kドリームス 並び予想
2620231124030005,2023-11-26,西武園競輪,F2,A1/A2,5,Ａ級特選,10:20,10:15,7,https://keirin.kdreams.jp/seibuen/racedetail/2620231124030005/?pageType=result,2026-10-04T02:45:47.722823+00:00,1-4-6/5-2/7-3,published,アオケイ,楽天Kドリームス 並び予想
2620231124030006,2023-11-26,西武園競輪,F2,A1/A2,6,Ａ級特選,10:40,10:35,7,https://keirin.kdreams.jp/seibuen/racedetail/2620231124030006/?pageType=result,2026-10-04T02:45:50.655966+00:00,4-7-2/1-5/3-6,published,アオケイ,楽天Kドリームス 並び予想
2620231124030007,2023-11-26,西武園競輪,F2,A1/A2,7,Ａ級決勝,11:00,10:55,7,https://keirin.kdreams.jp/seibuen/racedetail/2620231124030007/?pageType=result,2026-10-04T02:45:53.133656+00:00,1-4-7/2-5/6-3,published,アオケイ,楽天Kドリームス 並び予想
2720231126020003,2023-11-27,京王閣競輪,F2,A1/A2,3,Ａ級一般,21:20,21:15,7,https://keirin.kdreams.jp/keiokaku/racedetail/2720231126020003/?pageType=result,2026-10-04T02:46:11.519019+00:00,3-1-6/2-4/5/7,published,アオケイ,楽天Kドリームス 並び予想
2720231126020004,2023-11-27,京王閣競輪,F2,A1/A2,4,Ａ級一般,21:40,21:35,7,https://keirin.kdreams.jp/keiokaku/racedetail/2720231126020004/?pageType=result,2026-10-04T02:46:13.543860+00:00,1-3/5-2/6-4-7,published,アオケイ,楽天Kドリームス 並び予想
2720231126020005,2023-11-27,京王閣競輪,F2,A1/A2,5,Ａ級選抜,22:00,21:55,7,https://keirin.kdreams.jp/keiokaku/racedetail/2720231126020005/?pageType=result,2026-10-04T02:46:15.905395+00:00,1-2/4-3-5/6-7,published,アオケイ,楽天Kドリームス 並び予想
2720231126020006,2023-11-27,京王閣競輪,F2,A1/A2,6,Ａ級選抜,22:20,22:15,7,https://keirin.kdreams.jp/keiokaku/racedetail/2720231126020006/?pageType=result,2026-10-04T02:46:18.241892+00:00,1-5-7/2-6/3-4,published,アオケイ,楽天Kドリームス 並び予想
2720231126020007,2023-11-27,京王閣競輪,F2,A1/A2,7,Ａ級準決勝,22:40,22:35,7,https://keirin.kdreams.jp/keiokaku/racedetail/2720231126020007/?pageType=result,2026-10-04T02:46:20.351395+00:00,5-1/2-4-6/7-3,published,アオケイ,楽天Kドリームス 並び予想
2720231126020008,2023-11-27,京王閣競輪,F2,A1/A2,8,Ａ級準決勝,23:00,22:55,7,https://keirin.kdreams.jp/keiokaku/racedetail/2720231126020008/?pageType=result,2026-10-04T02:46:22.822905+00:00,2-1/4-3-6/5-7,published,アオケイ,楽天Kドリームス 並び予想
2720231126020009,2023-11-27,京王閣競輪,F2,A1/A2,9,Ａ級準決勝,23:20,23:15,7,https://keirin.kdreams.jp/keiokaku/racedetail/2720231126020009/?pageType=result,2026-10-04T02:46:25.026320+00:00,1-3/6-2-4/5-7,published,アオケイ,楽天Kドリームス 並び予想
8620231127010001,2023-11-27,別府競輪,F2,A1/A2,1,Ａ級予選,08:50,08:45,7,https://keirin.kdreams.jp/beppu/racedetail/8620231127010001/?pageType=result,2026-10-04T02:47:31.285686+00:00,1-5-7/4-2/6-3,published,ダービー,楽天Kドリームス 並び予想
8620231127010002,2023-11-27,別府競輪,F2,A1/A2,2,Ａ級予選,09:10,09:05,7,https://keirin.kdreams.jp/beppu/racedetail/8620231127010002/?pageType=result,2026-10-04T02:47:33.414095+00:00,4-1/2-5/7-6-3,published,ダービー,楽天Kドリームス 並び予想
8620231127010003,2023-11-27,別府競輪,F2,A1/A2,3,Ａ級予選,09:30,09:25,7,https://keirin.kdreams.jp/beppu/racedetail/8620231127010003/?pageType=result,2026-10-04T02:47:36.111705+00:00,1-4-7/2-6/5-3,published,ダービー,楽天Kドリームス 並び予想
8620231127010004,2023-11-27,別府競輪,F2,A1/A2,4,Ａ級予選,09:50,09:45,7,https://keirin.kdreams.jp/beppu/racedetail/8620231127010004/?pageType=result,2026-10-04T02:47:38.243737+00:00,5-1/7-2/3-4/6,published,ダービー,楽天Kドリームス 並び予想
8620231127010005,2023-11-27,別府競輪,F2,A1/A2,5,Ａ級予選,10:10,10:05,7,https://keirin.kdreams.jp/beppu/racedetail/8620231127010005/?pageType=result,2026-10-04T02:47:40.537666+00:00,1-4-6/7/3-5-2,published,ダービー,楽天Kドリームス 並び予想
8620231127010006,2023-11-27,別府競輪,F2,A1/A2,6,Ａ級予選,10:30,10:25,7,https://keirin.kdreams.jp/beppu/racedetail/8620231127010006/?pageType=result,2026-10-04T02:47:42.770078+00:00,4-1/2-6/5-7-3,published,ダービー,楽天Kドリームス 並び予想
8620231127010007,2023-11-27,別府競輪,F2,A1/A2,7,Ａ級初日特選,10:50,10:45,7,https://keirin.kdreams.jp/beppu/racedetail/8620231127010007/?pageType=result,2026-10-04T02:47:45.006815+00:00,4-2-7/3/5-6-1,published,ダービー,楽天Kドリームス 並び予想
4720231126020003,2023-11-27,松阪競輪,F2,A1/A2,3,Ａ級一般,21:30,21:25,7,https://keirin.kdreams.jp/matsusaka/racedetail/4720231126020003/?pageType=result,2026-10-04T02:46:59.635959+00:00,1-5-7/2-3/6-4,published,中部競輪,楽天Kドリームス 並び予想
4720231126020004,2023-11-27,松阪競輪,F2,A1/A2,4,Ａ級一般,21:50,21:45,7,https://keirin.kdreams.jp/matsusaka/racedetail/4720231126020004/?pageType=result,2026-10-04T02:47:01.870609+00:00,1-4-3-5/2-7-6,published,中部競輪,楽天Kドリームス 並び予想
4720231126020005,2023-11-27,松阪競輪,F2,A1/A2,5,Ａ級選抜,22:10,22:05,7,https://keirin.kdreams.jp/matsusaka/racedetail/4720231126020005/?pageType=result,2026-10-04T02:47:04.309509+00:00,2-6/5-1-7/3/4,published,中部競輪,楽天Kドリームス 並び予想
4720231126020006,2023-11-27,松阪競輪,F2,A1/A2,6,Ａ級選抜,22:30,22:25,7,https://keirin.kdreams.jp/matsusaka/racedetail/4720231126020006/?pageType=result,2026-10-04T02:47:06.864036+00:00,2-1-6/3-5/4-7,published,中部競輪,楽天Kドリームス 並び予想
4720231126020007,2023-11-27,松阪競輪,F2,A1/A2,7,Ａ級準決勝,22:50,22:45,7,https://keirin.kdreams.jp/matsusaka/racedetail/4720231126020007/?pageType=result,2026-10-04T02:47:08.878349+00:00,2-5-7/4/3-1-6,published,中部競輪,楽天Kドリームス 並び予想
4720231126020008,2023-11-27,松阪競輪,F2,A1/A2,8,Ａ級準決勝,23:10,23:05,7,https://keirin.kdreams.jp/matsusaka/racedetail/4720231126020008/?pageType=result,2026-10-04T02:47:11.188749+00:00,7-1/3-2/4-5-6,published,中部競輪,楽天Kドリームス 並び予想
4720231126020009,2023-11-27,松阪競輪,F2,A1/A2,9,Ａ級準決勝,23:30,23:25,7,https://keirin.kdreams.jp/matsusaka/racedetail/4720231126020009/?pageType=result,2026-10-04T02:47:13.442793+00:00,1-3-4/5-7/6-2,published,中部競輪,楽天Kドリームス 並び予想
6120231127010001,2023-11-27,玉野競輪,F1,A1/A2,1,Ａ級予選,16:13,16:08,7,https://keirin.kdreams.jp/tamano/racedetail/6120231127010001/?pageType=result,2026-10-04T02:48:20.173383+00:00,5-1-6/4-2/3/7,published,競輪毎日,楽天Kドリームス 並び予想
6120231127010002,2023-11-27,玉野競輪,F1,A1/A2,2,Ａ級予選,16:36,16:31,7,https://keirin.kdreams.jp/tamano/racedetail/6120231127010002/?pageType=result,2026-10-04T02:48:22.233615+00:00,1-5/2-4-6/7-3,published,競輪毎日,楽天Kドリームス 並び予想
6120231127010003,2023-11-27,玉野競輪,F1,A1/A2,3,Ａ級予選,16:59,16:54,7,https://keirin.kdreams.jp/tamano/racedetail/6120231127010003/?pageType=result,2026-10-04T02:48:24.776148+00:00,7-1-4/5-2/6-3,published,競輪毎日,楽天Kドリームス 並び予想
6120231127010004,2023-11-27,玉野競輪,F1,A1/A2,4,Ａ級予選,17:22,17:17,7,https://keirin.kdreams.jp/tamano/racedetail/6120231127010004/?pageType=result,2026-10-04T02:48:26.969542+00:00,1-5/2-7-4/6-3,published,競輪毎日,楽天Kドリームス 並び予想
6120231127010005,2023-11-27,玉野競輪,F1,A1/A2,5,Ａ級初日特選,17:45,17:40,7,https://keirin.kdreams.jp/tamano/racedetail/6120231127010005/?pageType=result,2026-10-04T02:48:29.387599+00:00,7-1-4/6-2/3-5,published,競輪毎日,楽天Kドリームス 並び予想
4520231127010001,2023-11-27,豊橋競輪,F1,A1/A2,1,Ａ級予選,10:40,10:35,7,https://keirin.kdreams.jp/toyohashi/racedetail/4520231127010001/?pageType=result,2026-10-04T02:48:54.554635+00:00,2-5/7-4-1/3-6,published,中部競輪,楽天Kドリームス 並び予想
4520231127010002,2023-11-27,豊橋競輪,F1,A1/A2,2,Ａ級予選,11:08,11:03,7,https://keirin.kdreams.jp/toyohashi/racedetail/4520231127010002/?pageType=result,2026-10-04T02:48:56.780515+00:00,7-2-4/3/1-5-6,published,中部競輪,楽天Kドリームス 並び予想
4520231127010003,2023-11-27,豊橋競輪,F1,A1/A2,3,Ａ級予選,11:36,11:31,7,https://keirin.kdreams.jp/toyohashi/racedetail/4520231127010003/?pageType=result,2026-10-04T02:48:59.525678+00:00,5-1/3-4/7/6-2,published,中部競輪,楽天Kドリームス 並び予想
4520231127010004,2023-11-27,豊橋競輪,F1,A1/A2,4,Ａ級予選,12:06,12:01,7,https://keirin.kdreams.jp/toyohashi/racedetail/4520231127010004/?pageType=result,2026-10-04T02:49:01.632427+00:00,5-2/1-7-4/6-3,published,中部競輪,楽天Kドリームス 並び予想
4520231127010005,2023-11-27,豊橋競輪,F1,A1/A2,5,Ａ級初日特選,12:36,12:31,7,https://keirin.kdreams.jp/toyohashi/racedetail/4520231127010005/?pageType=result,2026-10-04T02:49:04.062929+00:00,4-1-6/2-5/7-3,published,中部競輪,楽天Kドリームス 並び予想
2720231126030002,2023-11-28,京王閣競輪,F2,A1/A2,2,Ａ級一般,21:00,20:55,7,https://keirin.kdreams.jp/keiokaku/racedetail/2720231126030002/?pageType=result,2026-10-04T02:46:27.562001+00:00,2-5-1/6-3/4/7,published,アオケイ,楽天Kドリームス 並び予想
2720231126030003,2023-11-28,京王閣競輪,F2,A1/A2,3,Ａ級一般,21:20,21:15,7,https://keirin.kdreams.jp/keiokaku/racedetail/2720231126030003/?pageType=result,2026-10-04T02:46:29.721854+00:00,1-3/2-6/5-4-7,published,アオケイ,楽天Kドリームス 並び予想
2720231126030004,2023-11-28,京王閣競輪,F2,A1/A2,4,Ａ級一般,21:40,21:35,7,https://keirin.kdreams.jp/keiokaku/racedetail/2720231126030004/?pageType=result,2026-10-04T02:46:32.620353+00:00,1-4/5-2/6-3/7,published,アオケイ,楽天Kドリームス 並び予想
2720231126030005,2023-11-28,京王閣競輪,F2,A1/A2,5,Ａ級特選,22:00,21:55,7,https://keirin.kdreams.jp/keiokaku/racedetail/2720231126030005/?pageType=result,2026-10-04T02:46:34.951360+00:00,1-3-6/2-4-5-7,published,アオケイ,楽天Kドリームス 並び予想
2720231126030006,2023-11-28,京王閣競輪,F2,A1/A2,6,Ａ級特選,22:20,22:15,7,https://keirin.kdreams.jp/keiokaku/racedetail/2720231126030006/?pageType=result,2026-10-04T02:46:37.128892+00:00,2-1/6-3/5-4/7,published,アオケイ,楽天Kドリームス 並び予想
2720231126030007,2023-11-28,京王閣競輪,F2,A1/A2,7,Ａ級特選,22:40,22:35,7,https://keirin.kdreams.jp/keiokaku/racedetail/2720231126030007/?pageType=result,2026-10-04T02:46:39.398875+00:00,1-2-6/4-3/5-7,published,アオケイ,楽天Kドリームス 並び予想
2720231126030009,2023-11-28,京王閣競輪,F2,A1/A2,9,Ａ級決勝,23:20,23:15,7,https://keirin.kdreams.jp/keiokaku/racedetail/2720231126030009/?pageType=result,2026-10-04T02:46:41.693884+00:00,1-7/5-2/3-4/6,published,アオケイ,楽天Kドリームス 並び予想
8620231127020001,2023-11-28,別府競輪,F2,A1/A2,1,Ａ級一般,08:50,08:45,7,https://keirin.kdreams.jp/beppu/racedetail/8620231127020001/?pageType=result,2026-10-04T02:47:47.147735+00:00,2-4-6/1/3/5/7,published,ダービー,楽天Kドリームス 並び予想
8620231127020002,2023-11-28,別府競輪,F2,A1/A2,2,Ａ級一般,09:10,09:05,7,https://keirin.kdreams.jp/beppu/racedetail/8620231127020002/?pageType=result,2026-10-04T02:47:49.181069+00:00,7-4-1/6/5-2-3,published,ダービー,楽天Kドリームス 並び予想
8620231127020003,2023-11-28,別府競輪,F2,A1/A2,3,Ａ級選抜,09:30,09:25,7,https://keirin.kdreams.jp/beppu/racedetail/8620231127020003/?pageType=result,2026-10-04T02:47:51.299725+00:00,5-1-6/4-2/7-3,published,ダービー,楽天Kドリームス 並び予想
8620231127020004,2023-11-28,別府競輪,F2,A1/A2,4,Ａ級選抜,09:50,09:45,7,https://keirin.kdreams.jp/beppu/racedetail/8620231127020004/?pageType=result,2026-10-04T02:47:53.368575+00:00,1-4-6/3/7-5-2,published,ダービー,楽天Kドリームス 並び予想
8620231127020005,2023-11-28,別府競輪,F2,A1/A2,5,Ａ級準決勝,10:10,10:05,7,https://keirin.kdreams.jp/beppu/racedetail/8620231127020005/?pageType=result,2026-10-04T02:47:55.683781+00:00,4-1-6/2-5/7-3,published,ダービー,楽天Kドリームス 並び予想
8620231127020006,2023-11-28,別府競輪,F2,A1/A2,6,Ａ級準決勝,10:30,10:25,7,https://keirin.kdreams.jp/beppu/racedetail/8620231127020006/?pageType=result,2026-10-04T02:47:58.054489+00:00,4-5-1/7-2/3-6,published,ダービー,楽天Kドリームス 並び予想
8620231127020007,2023-11-28,別府競輪,F2,A1/A2,7,Ａ級準決勝,10:50,10:45,7,https://keirin.kdreams.jp/beppu/racedetail/8620231127020007/?pageType=result,2026-10-04T02:48:00.676439+00:00,1-5/6-2/3-7/4,published,ダービー,楽天Kドリームス 並び予想
5520231128010001,2023-11-28,和歌山競輪,F1,A1/A2,1,Ａ級予選,10:35,10:30,7,https://keirin.kdreams.jp/wakayama/racedetail/5520231128010001/?pageType=result,2026-10-04T02:50:05.717981+00:00,1-4-6/7-3/2-5,published,競輪研究,楽天Kドリームス 並び予想
5520231128010002,2023-11-28,和歌山競輪,F1,A1/A2,2,Ａ級予選,11:00,10:55,7,https://keirin.kdreams.jp/wakayama/racedetail/5520231128010002/?pageType=result,2026-10-04T02:50:07.819211+00:00,5-1-6/7-2/3-4,published,競輪研究,楽天Kドリームス 並び予想
5520231128010003,2023-11-28,和歌山競輪,F1,A1/A2,3,Ａ級予選,11:25,11:20,7,https://keirin.kdreams.jp/wakayama/racedetail/5520231128010003/?pageType=result,2026-10-04T02:50:09.856802+00:00,2-7-4/1/5-3-6,published,競輪研究,楽天Kドリームス 並び予想
5520231128010004,2023-11-28,和歌山競輪,F1,A1/A2,4,Ａ級予選,11:55,11:50,7,https://keirin.kdreams.jp/wakayama/racedetail/5520231128010004/?pageType=result,2026-10-04T02:50:12.406117+00:00,1-5-4/2-6/3-7,published,競輪研究,楽天Kドリームス 並び予想
5520231128010005,2023-11-28,和歌山競輪,F1,A1/A2,5,Ａ級初日特選,12:25,12:20,7,https://keirin.kdreams.jp/wakayama/racedetail/5520231128010005/?pageType=result,2026-10-04T02:50:14.602649+00:00,7-1/2-4/3-6/5,published,競輪研究,楽天Kドリームス 並び予想
4720231126030002,2023-11-28,松阪競輪,F2,A1/A2,2,Ａ級一般,21:10,21:05,7,https://keirin.kdreams.jp/matsusaka/racedetail/4720231126030002/?pageType=result,2026-10-04T02:47:15.563793+00:00,1-2-3/5-4-6/7,published,中部競輪,楽天Kドリームス 並び予想
4720231126030003,2023-11-28,松阪競輪,F2,A1/A2,3,Ａ級一般,21:30,21:25,7,https://keirin.kdreams.jp/matsusaka/racedetail/4720231126030003/?pageType=result,2026-10-04T02:47:17.622957+00:00,1-2-7/5-4-3/6,published,中部競輪,楽天Kドリームス 並び予想
4720231126030004,2023-11-28,松阪競輪,F2,A1/A2,4,Ａ級一般,21:50,21:45,7,https://keirin.kdreams.jp/matsusaka/racedetail/4720231126030004/?pageType=result,2026-10-04T02:47:19.690462+00:00,1-3-6-2-7-5/4,published,中部競輪,楽天Kドリームス 並び予想
4720231126030005,2023-11-28,松阪競輪,F2,A1/A2,5,Ａ級特選,22:10,22:05,7,https://keirin.kdreams.jp/matsusaka/racedetail/4720231126030005/?pageType=result,2026-10-04T02:47:22.170400+00:00,2-1-3/5-4/6-7,published,中部競輪,楽天Kドリームス 並び予想
4720231126030006,2023-11-28,松阪競輪,F2,A1/A2,6,Ａ級特選,22:30,22:25,7,https://keirin.kdreams.jp/matsusaka/racedetail/4720231126030006/?pageType=result,2026-10-04T02:47:24.321577+00:00,5-1/2-7-6/3-4,published,中部競輪,楽天Kドリームス 並び予想
4720231126030007,2023-11-28,松阪競輪,F2,A1/A2,7,Ａ級特選,22:50,22:45,7,https://keirin.kdreams.jp/matsusaka/racedetail/4720231126030007/?pageType=result,2026-10-04T02:47:26.795570+00:00,1-4-7/6-2/3-5,published,中部競輪,楽天Kドリームス 並び予想
4720231126030009,2023-11-28,松阪競輪,F2,A1/A2,9,Ａ級決勝,23:30,23:25,7,https://keirin.kdreams.jp/matsusaka/racedetail/4720231126030009/?pageType=result,2026-10-04T02:47:29.223276+00:00,1-5-7/6-2/4-3,published,中部競輪,楽天Kドリームス 並び予想
6120231127020001,2023-11-28,玉野競輪,F1,A1/A2,1,Ａ級一般,16:13,16:08,6,https://keirin.kdreams.jp/tamano/racedetail/6120231127020001/?pageType=result,2026-10-04T02:48:32.068312+00:00,4-5-1/3-2-6,published,競輪毎日,楽天Kドリームス 並び予想
6120231127020002,2023-11-28,玉野競輪,F1,A1/A2,2,Ａ級一般,16:36,16:31,6,https://keirin.kdreams.jp/tamano/racedetail/6120231127020002/?pageType=result,2026-10-04T02:48:34.365958+00:00,4-1/6-2/3-5,published,競輪毎日,楽天Kドリームス 並び予想
6120231127020003,2023-11-28,玉野競輪,F1,A1/A2,3,Ａ級準決勝,16:59,16:54,7,https://keirin.kdreams.jp/tamano/racedetail/6120231127020003/?pageType=result,2026-10-04T02:48:36.698988+00:00,1-7-4/6-2/3-5,published,競輪毎日,楽天Kドリームス 並び予想
6120231127020004,2023-11-28,玉野競輪,F1,A1/A2,4,Ａ級準決勝,17:22,17:17,7,https://keirin.kdreams.jp/tamano/racedetail/6120231127020004/?pageType=result,2026-10-04T02:48:38.782596+00:00,1-4/2-5-7/6-3,published,競輪毎日,楽天Kドリームス 並び予想
6120231127020005,2023-11-28,玉野競輪,F1,A1/A2,5,Ａ級準決勝,17:45,17:40,7,https://keirin.kdreams.jp/tamano/racedetail/6120231127020005/?pageType=result,2026-10-04T02:48:41.166287+00:00,1-7/6-2-5/3-4,published,競輪毎日,楽天Kドリームス 並び予想
5120231128010008,2023-11-28,福井競輪,F2,A1/A2,8,Ａ級特予選,13:56,13:51,7,https://keirin.kdreams.jp/fukui/racedetail/5120231128010008/?pageType=result,2026-10-04T02:49:29.692429+00:00,4-1/5-2/7-3/6,published,福井中部,楽天Kドリームス 並び予想
5120231128010009,2023-11-28,福井競輪,F2,A1/A2,9,Ａ級特予選,14:28,14:23,7,https://keirin.kdreams.jp/fukui/racedetail/5120231128010009/?pageType=result,2026-10-04T02:49:32.710104+00:00,7-3-1-5/2-6/4,published,福井中部,楽天Kドリームス 並び予想
5120231128010010,2023-11-28,福井競輪,F2,A1/A2,10,Ａ級特予選,15:01,14:56,7,https://keirin.kdreams.jp/fukui/racedetail/5120231128010010/?pageType=result,2026-10-04T02:49:35.117476+00:00,6-2/4-5-1/7-3,published,福井中部,楽天Kドリームス 並び予想
5120231128010011,2023-11-28,福井競輪,F2,A1/A2,11,Ａ級特予選,15:34,15:29,7,https://keirin.kdreams.jp/fukui/racedetail/5120231128010011/?pageType=result,2026-10-04T02:49:37.392353+00:00,4-7-1/6-2/3-5,published,福井中部,楽天Kドリームス 並び予想
5120231128010012,2023-11-28,福井競輪,F2,A1/A2,12,Ａ級初日特選,16:10,16:05,7,https://keirin.kdreams.jp/fukui/racedetail/5120231128010012/?pageType=result,2026-10-04T02:49:40.373575+00:00,7-1-3/6-2/4-5,published,福井中部,楽天Kドリームス 並び予想
4520231127020001,2023-11-28,豊橋競輪,F1,A1/A2,1,Ａ級一般,10:40,10:35,7,https://keirin.kdreams.jp/toyohashi/racedetail/4520231127020001/?pageType=result,2026-10-04T02:49:06.228955+00:00,4-1-6/7-2/3/5,published,中部競輪,楽天Kドリームス 並び予想
4520231127020002,2023-11-28,豊橋競輪,F1,A1/A2,2,Ａ級一般,11:08,11:03,7,https://keirin.kdreams.jp/toyohashi/racedetail/4520231127020002/?pageType=result,2026-10-04T02:49:08.475744+00:00,5-1/6-2-4/7-3,published,中部競輪,楽天Kドリームス 並び予想
4520231127020003,2023-11-28,豊橋競輪,F1,A1/A2,3,Ａ級準決勝,11:36,11:31,7,https://keirin.kdreams.jp/toyohashi/racedetail/4520231127020003/?pageType=result,2026-10-04T02:49:10.771286+00:00,2-7-5/4-1-6-3,published,中部競輪,楽天Kドリームス 並び予想
4520231127020004,2023-11-28,豊橋競輪,F1,A1/A2,4,Ａ級準決勝,12:06,12:01,7,https://keirin.kdreams.jp/toyohashi/racedetail/4520231127020004/?pageType=result,2026-10-04T02:49:13.028962+00:00,1-5/2-4-6/7-3,published,中部競輪,楽天Kドリームス 並び予想
4520231127020005,2023-11-28,豊橋競輪,F1,A1/A2,5,Ａ級準決勝,12:36,12:31,7,https://keirin.kdreams.jp/toyohashi/racedetail/4520231127020005/?pageType=result,2026-10-04T02:49:15.304488+00:00,3-7/4-1-5/2-6,published,中部競輪,楽天Kドリームス 並び予想
8320231129010001,2023-11-29,久留米競輪,F1,A1/A2,1,Ａ級予選,16:00,15:55,7,https://keirin.kdreams.jp/kurume/racedetail/8320231129010001/?pageType=result,2026-10-04T02:51:15.506285+00:00,3-7-4/1-6/2/5,published,コンドル出版社,楽天Kドリームス 並び予想
8320231129010002,2023-11-29,久留米競輪,F1,A1/A2,2,Ａ級予選,16:23,16:18,7,https://keirin.kdreams.jp/kurume/racedetail/8320231129010002/?pageType=result,2026-10-04T02:51:17.679689+00:00,1-4-6/7-2/3-5,published,コンドル出版社,楽天Kドリームス 並び予想
8320231129010003,2023-11-29,久留米競輪,F1,A1/A2,3,Ａ級予選,16:46,16:41,7,https://keirin.kdreams.jp/kurume/racedetail/8320231129010003/?pageType=result,2026-10-04T02:51:19.925865+00:00,5-1/4-2-6/3-7,published,コンドル出版社,楽天Kドリームス 並び予想
8320231129010004,2023-11-29,久留米競輪,F1,A1/A2,4,Ａ級予選,17:09,17:04,7,https://keirin.kdreams.jp/kurume/racedetail/8320231129010004/?pageType=result,2026-10-04T02:51:22.089428+00:00,5-2-4/1-7/3-6,published,コンドル出版社,楽天Kドリームス 並び予想
8320231129010005,2023-11-29,久留米競輪,F1,A1/A2,5,Ａ級初日特選,17:32,17:27,7,https://keirin.kdreams.jp/kurume/racedetail/8320231129010005/?pageType=result,2026-10-04T02:51:24.590049+00:00,2-6/7-1/5-3-4,published,コンドル出版社,楽天Kドリームス 並び予想
8620231127030001,2023-11-29,別府競輪,F2,A1/A2,1,Ａ級一般,08:50,08:45,7,https://keirin.kdreams.jp/beppu/racedetail/8620231127030001/?pageType=result,2026-10-04T02:48:02.803652+00:00,1-7-2-4-6/3/5,published,ダービー,楽天Kドリームス 並び予想
8620231127030002,2023-11-29,別府競輪,F2,A1/A2,2,Ａ級一般,09:10,09:05,7,https://keirin.kdreams.jp/beppu/racedetail/8620231127030002/?pageType=result,2026-10-04T02:48:05.722849+00:00,4-1-6/3/5-2/7,published,ダービー,楽天Kドリームス 並び予想
8620231127030003,2023-11-29,別府競輪,F2,A1/A2,3,Ａ級一般,09:30,09:25,7,https://keirin.kdreams.jp/beppu/racedetail/8620231127030003/?pageType=result,2026-10-04T02:48:08.377926+00:00,7-1-5/4-2/3-6,published,ダービー,楽天Kドリームス 並び予想
8620231127030004,2023-11-29,別府競輪,F2,A1/A2,4,Ａ級特選,09:50,09:45,7,https://keirin.kdreams.jp/beppu/racedetail/8620231127030004/?pageType=result,2026-10-04T02:48:10.680444+00:00,4-3/6-2/5-7-1,published,ダービー,楽天Kドリームス 並び予想
8620231127030005,2023-11-29,別府競輪,F2,A1/A2,5,Ａ級特選,10:10,10:05,7,https://keirin.kdreams.jp/beppu/racedetail/8620231127030005/?pageType=result,2026-10-04T02:48:12.986201+00:00,5-1/2-7/3-6-4,published,ダービー,楽天Kドリームス 並び予想
8620231127030006,2023-11-29,別府競輪,F2,A1/A2,6,Ａ級特選,10:30,10:25,7,https://keirin.kdreams.jp/beppu/racedetail/8620231127030006/?pageType=result,2026-10-04T02:48:15.455598+00:00,1-7/2/3-5-6-4,published,ダービー,楽天Kドリームス 並び予想
8620231127030007,2023-11-29,別府競輪,F2,A1/A2,7,Ａ級決勝,10:50,10:45,7,https://keirin.kdreams.jp/beppu/racedetail/8620231127030007/?pageType=result,2026-10-04T02:48:17.761342+00:00,7-5-1/2/3-6-4,published,ダービー,楽天Kドリームス 並び予想
2320231129010008,2023-11-29,取手競輪,F2,A1/A2,8,Ａ級特予選,11:20,11:15,7,https://keirin.kdreams.jp/toride/racedetail/2320231129010008/?pageType=result,2026-10-04T02:51:50.554624+00:00,2-7-4/6/5-3-1,published,アオケイ,楽天Kドリームス 並び予想
2320231129010009,2023-11-29,取手競輪,F2,A1/A2,9,Ａ級特予選,11:40,11:35,7,https://keirin.kdreams.jp/toride/racedetail/2320231129010009/?pageType=result,2026-10-04T02:51:53.323545+00:00,7-1-4/6/3-2-5,published,アオケイ,楽天Kドリームス 並び予想
2320231129010010,2023-11-29,取手競輪,F2,A1/A2,10,Ａ級特予選,12:08,12:03,7,https://keirin.kdreams.jp/toride/racedetail/2320231129010010/?pageType=result,2026-10-04T02:51:56.030031+00:00,1-4-3-6/5-2-7,published,アオケイ,楽天Kドリームス 並び予想
2320231129010011,2023-11-29,取手競輪,F2,A1/A2,11,Ａ級特予選,12:38,12:33,7,https://keirin.kdreams.jp/toride/racedetail/2320231129010011/?pageType=result,2026-10-04T02:51:58.757628+00:00,1-5-7/3/4/6-2,published,アオケイ,楽天Kドリームス 並び予想
2320231129010012,2023-11-29,取手競輪,F2,A1/A2,12,Ａ級初日特選,13:10,13:05,7,https://keirin.kdreams.jp/toride/racedetail/2320231129010012/?pageType=result,2026-10-04T02:52:01.458779+00:00,2-7/5-3/6-1-4,published,アオケイ,楽天Kドリームス 並び予想
5520231128020001,2023-11-29,和歌山競輪,F1,A1/A2,1,Ａ級一般,10:35,10:30,7,https://keirin.kdreams.jp/wakayama/racedetail/5520231128020001/?pageType=result,2026-10-04T02:50:16.879292+00:00,2-5-6/3/7-1-4,published,競輪研究,楽天Kドリームス 並び予想
5520231128020002,2023-11-29,和歌山競輪,F1,A1/A2,2,Ａ級一般,11:00,10:55,7,https://keirin.kdreams.jp/wakayama/racedetail/5520231128020002/?pageType=result,2026-10-04T02:50:19.117346+00:00,4-1-6/2/5-3/7,published,競輪研究,楽天Kドリームス 並び予想
5520231128020003,2023-11-29,和歌山競輪,F1,A1/A2,3,Ａ級準決勝,11:25,11:20,7,https://keirin.kdreams.jp/wakayama/racedetail/5520231128020003/?pageType=result,2026-10-04T02:50:21.281476+00:00,4-3/1-7/2-5-6,published,競輪研究,楽天Kドリームス 並び予想
5520231128020004,2023-11-29,和歌山競輪,F1,A1/A2,4,Ａ級準決勝,11:55,11:50,7,https://keirin.kdreams.jp/wakayama/racedetail/5520231128020004/?pageType=result,2026-10-04T02:50:23.491466+00:00,1-5/7-2/3-4-6,published,競輪研究,楽天Kドリームス 並び予想
5520231128020005,2023-11-29,和歌山競輪,F1,A1/A2,5,Ａ級準決勝,12:25,12:20,7,https://keirin.kdreams.jp/wakayama/racedetail/5520231128020005/?pageType=result,2026-10-04T02:50:25.859647+00:00,1-4-5/3/7-2-6,published,競輪研究,楽天Kドリームス 並び予想
8120231129010003,2023-11-29,小倉競輪,F2,A1/A2,3,Ａ級特予選,21:30,21:25,7,https://keirin.kdreams.jp/kokura/racedetail/8120231129010003/?pageType=result,2026-10-04T02:50:40.436485+00:00,2-5-7/1-6/3-4,published,コンドル出版社,楽天Kドリームス 並び予想
8120231129010004,2023-11-29,小倉競輪,F2,A1/A2,4,Ａ級特予選,21:55,21:50,7,https://keirin.kdreams.jp/kokura/racedetail/8120231129010004/?pageType=result,2026-10-04T02:50:42.414585+00:00,2-4/1-3-6/7-5,published,コンドル出版社,楽天Kドリームス 並び予想
8120231129010005,2023-11-29,小倉競輪,F2,A1/A2,5,Ａ級特予選,22:20,22:15,7,https://keirin.kdreams.jp/kokura/racedetail/8120231129010005/?pageType=result,2026-10-04T02:50:44.826742+00:00,1-5/2-3-6/7-4,published,コンドル出版社,楽天Kドリームス 並び予想
8120231129010006,2023-11-29,小倉競輪,F2,A1/A2,6,Ａ級特予選,22:45,22:40,7,https://keirin.kdreams.jp/kokura/racedetail/8120231129010006/?pageType=result,2026-10-04T02:50:47.073605+00:00,1-2/3-7/6/5-4,published,コンドル出版社,楽天Kドリームス 並び予想
8120231129010007,2023-11-29,小倉競輪,F2,A1/A2,7,Ａ級初日特選,23:10,23:05,7,https://keirin.kdreams.jp/kokura/racedetail/8120231129010007/?pageType=result,2026-10-04T02:50:49.465639+00:00,2-1-3/4-5/6/7,published,コンドル出版社,楽天Kドリームス 並び予想
6120231127030001,2023-11-29,玉野競輪,F1,A1/A2,1,Ａ級一般,16:13,16:08,5,https://keirin.kdreams.jp/tamano/racedetail/6120231127030001/?pageType=result,2026-10-04T02:48:42.975647+00:00,1-5-4/3-2,published,競輪毎日,楽天Kドリームス 並び予想
6120231127030002,2023-11-29,玉野競輪,F1,A1/A2,2,Ａ級一般,16:36,16:31,5,https://keirin.kdreams.jp/tamano/racedetail/6120231127030002/?pageType=result,2026-10-04T02:48:45.173713+00:00,5-1/2/3-4,published,競輪毎日,楽天Kドリームス 並び予想
6120231127030003,2023-11-29,玉野競輪,F1,A1/A2,3,Ａ級特選,16:59,16:54,7,https://keirin.kdreams.jp/tamano/racedetail/6120231127030003/?pageType=result,2026-10-04T02:48:47.488146+00:00,4-1-3-6/2/5/7,published,競輪毎日,楽天Kドリームス 並び予想
6120231127030004,2023-11-29,玉野競輪,F1,A1/A2,4,Ａ級特選,17:22,17:17,7,https://keirin.kdreams.jp/tamano/racedetail/6120231127030004/?pageType=result,2026-10-04T02:48:49.801198+00:00,4-1/7-2-5/3-6,published,競輪毎日,楽天Kドリームス 並び予想
6120231127030011,2023-11-29,玉野競輪,F1,A1/A2,11,Ａ級決勝,20:05,20:00,7,https://keirin.kdreams.jp/tamano/racedetail/6120231127030011/?pageType=result,2026-10-04T02:48:52.525226+00:00,3-5-1/2-7/6-4,published,競輪毎日,楽天Kドリームス 並び予想
5120231128020008,2023-11-29,福井競輪,F2,A1/A2,8,Ａ級特一般,13:56,13:51,7,https://keirin.kdreams.jp/fukui/racedetail/5120231128020008/?pageType=result,2026-10-04T02:49:42.612721+00:00,7-1-5-6/4-2-3,published,福井中部,楽天Kドリームス 並び予想
5120231128020009,2023-11-29,福井競輪,F2,A1/A2,9,Ａ級特一般,14:28,14:23,7,https://keirin.kdreams.jp/fukui/racedetail/5120231128020009/?pageType=result,2026-10-04T02:49:45.068918+00:00,1-6-4/3/7-5-2,published,福井中部,楽天Kドリームス 並び予想
5120231128020010,2023-11-29,福井競輪,F2,A1/A2,10,Ａ級準決勝,15:01,14:56,7,https://keirin.kdreams.jp/fukui/racedetail/5120231128020010/?pageType=result,2026-10-04T02:49:47.528883+00:00,4-1/2-7/5/6-3,published,福井中部,楽天Kドリームス 並び予想
5120231128020011,2023-11-29,福井競輪,F2,A1/A2,11,Ａ級準決勝,15:34,15:29,7,https://keirin.kdreams.jp/fukui/racedetail/5120231128020011/?pageType=result,2026-10-04T02:49:49.650839+00:00,7-3/5-2/6/1-4,published,福井中部,楽天Kドリームス 並び予想
5120231128020012,2023-11-29,福井競輪,F2,A1/A2,12,Ａ級準決勝,16:10,16:05,7,https://keirin.kdreams.jp/fukui/racedetail/5120231128020012/?pageType=result,2026-10-04T02:49:51.842582+00:00,4-2/3-7/5-1-6,published,福井中部,楽天Kドリームス 並び予想
4520231127030001,2023-11-29,豊橋競輪,F1,A1/A2,1,Ａ級一般,10:40,10:35,7,https://keirin.kdreams.jp/toyohashi/racedetail/4520231127030001/?pageType=result,2026-10-04T02:49:17.464269+00:00,7-2-5/3-1/6-4,published,中部競輪,楽天Kドリームス 並び予想
4520231127030002,2023-11-29,豊橋競輪,F1,A1/A2,2,Ａ級一般,11:08,11:03,7,https://keirin.kdreams.jp/toyohashi/racedetail/4520231127030002/?pageType=result,2026-10-04T02:49:19.597515+00:00,1-7/3-4/6-5-2,published,中部競輪,楽天Kドリームス 並び予想
4520231127030003,2023-11-29,豊橋競輪,F1,A1/A2,3,Ａ級特選,11:36,11:31,7,https://keirin.kdreams.jp/toyohashi/racedetail/4520231127030003/?pageType=result,2026-10-04T02:49:22.364033+00:00,7-1-4/5-2/3-6,published,中部競輪,楽天Kドリームス 並び予想
4520231127030004,2023-11-29,豊橋競輪,F1,A1/A2,4,Ａ級特選,12:06,12:01,7,https://keirin.kdreams.jp/toyohashi/racedetail/4520231127030004/?pageType=result,2026-10-04T02:49:24.587830+00:00,2-4/1-5-7/3-6,published,中部競輪,楽天Kドリームス 並び予想
4520231127030011,2023-11-29,豊橋競輪,F1,A1/A2,11,Ａ級決勝,15:50,15:45,7,https://keirin.kdreams.jp/toyohashi/racedetail/4520231127030011/?pageType=result,2026-10-04T02:49:27.131779+00:00,2-5-6/3/1-7-4,published,中部競輪,楽天Kドリームス 並び予想
8320231129020001,2023-11-30,久留米競輪,F1,A1/A2,1,Ａ級一般,16:00,15:55,7,https://keirin.kdreams.jp/kurume/racedetail/8320231129020001/?pageType=result,2026-10-04T02:51:26.721261+00:00,2-6/1-5/4-3-7,published,コンドル出版社,楽天Kドリームス 並び予想
8320231129020002,2023-11-30,久留米競輪,F1,A1/A2,2,Ａ級一般,16:23,16:18,7,https://keirin.kdreams.jp/kurume/racedetail/8320231129020002/?pageType=result,2026-10-04T02:51:29.001329+00:00,5-1/7-2/4/3-6,published,コンドル出版社,楽天Kドリームス 並び予想
8320231129020003,2023-11-30,久留米競輪,F1,A1/A2,3,Ａ級準決勝,16:46,16:41,7,https://keirin.kdreams.jp/kurume/racedetail/8320231129020003/?pageType=result,2026-10-04T02:51:31.230546+00:00,4-1/2-5/7-3/6,published,コンドル出版社,楽天Kドリームス 並び予想
8320231129020004,2023-11-30,久留米競輪,F1,A1/A2,4,Ａ級準決勝,17:09,17:04,7,https://keirin.kdreams.jp/kurume/racedetail/8320231129020004/?pageType=result,2026-10-04T02:51:33.463299+00:00,1-4/5-2-6/3-7,published,コンドル出版社,楽天Kドリームス 並び予想
8320231129020005,2023-11-30,久留米競輪,F1,A1/A2,5,Ａ級準決勝,17:32,17:27,7,https://keirin.kdreams.jp/kurume/racedetail/8320231129020005/?pageType=result,2026-10-04T02:51:35.797117+00:00,5-1-3-6/7-2-4,published,コンドル出版社,楽天Kドリームス 並び予想
2320231129020008,2023-11-30,取手競輪,F2,A1/A2,8,Ａ級特一般,11:19,11:14,7,https://keirin.kdreams.jp/toride/racedetail/2320231129020008/?pageType=result,2026-10-04T02:52:03.809553+00:00,1-4/2/6/3-5-7,published,アオケイ,楽天Kドリームス 並び予想
2320231129020009,2023-11-30,取手競輪,F2,A1/A2,9,Ａ級特一般,11:48,11:43,7,https://keirin.kdreams.jp/toride/racedetail/2320231129020009/?pageType=result,2026-10-04T02:52:06.303068+00:00,1-4/2/6/3-5-7,published,アオケイ,楽天Kドリームス 並び予想
2320231129020010,2023-11-30,取手競輪,F2,A1/A2,10,Ａ級準決勝,12:17,12:12,7,https://keirin.kdreams.jp/toride/racedetail/2320231129020010/?pageType=result,2026-10-04T02:52:08.903914+00:00,4-1/2-5/7-3-6,published,アオケイ,楽天Kドリームス 並び予想
2320231129020011,2023-11-30,取手競輪,F2,A1/A2,11,Ａ級準決勝,12:46,12:41,7,https://keirin.kdreams.jp/toride/racedetail/2320231129020011/?pageType=result,2026-10-04T02:52:11.576206+00:00,7-1/6-3/2-5-4,published,アオケイ,楽天Kドリームス 並び予想
2320231129020012,2023-11-30,取手競輪,F2,A1/A2,12,Ａ級準決勝,13:17,13:12,7,https://keirin.kdreams.jp/toride/racedetail/2320231129020012/?pageType=result,2026-10-04T02:52:13.990903+00:00,1-4-6/5-2/7-3,published,アオケイ,楽天Kドリームス 並び予想
5520231128030001,2023-11-30,和歌山競輪,F1,A1/A2,1,Ａ級一般,10:35,10:30,6,https://keirin.kdreams.jp/wakayama/racedetail/5520231128030001/?pageType=result,2026-10-04T02:50:28.518779+00:00,4-2/1-6/3-5,published,競輪研究,楽天Kドリームス 並び予想
5520231128030002,2023-11-30,和歌山競輪,F1,A1/A2,2,Ａ級一般,11:00,10:55,7,https://keirin.kdreams.jp/wakayama/racedetail/5520231128030002/?pageType=result,2026-10-04T02:50:31.057445+00:00,4-5-2/1-6/7-3,published,競輪研究,楽天Kドリームス 並び予想
5520231128030003,2023-11-30,和歌山競輪,F1,A1/A2,3,Ａ級特選,11:25,11:20,7,https://keirin.kdreams.jp/wakayama/racedetail/5520231128030003/?pageType=result,2026-10-04T02:50:33.152591+00:00,5-3-7-2/1/4/6,published,競輪研究,楽天Kドリームス 並び予想
5520231128030004,2023-11-30,和歌山競輪,F1,A1/A2,4,Ａ級特選,11:55,11:50,7,https://keirin.kdreams.jp/wakayama/racedetail/5520231128030004/?pageType=result,2026-10-04T02:50:35.288447+00:00,3-7/1-5/2/6-4,published,競輪研究,楽天Kドリームス 並び予想
5520231128030011,2023-11-30,和歌山競輪,F1,A1/A2,11,Ａ級決勝,15:40,15:35,7,https://keirin.kdreams.jp/wakayama/racedetail/5520231128030011/?pageType=result,2026-10-04T02:50:37.816089+00:00,4-7-1-6/2/3-5,published,競輪研究,楽天Kドリームス 並び予想
8120231129020003,2023-11-30,小倉競輪,F2,A1/A2,3,Ａ級特一般,21:30,21:25,7,https://keirin.kdreams.jp/kokura/racedetail/8120231129020003/?pageType=result,2026-10-04T02:50:51.844876+00:00,1-4/2-3/5/6-7,published,コンドル出版社,楽天Kドリームス 並び予想
8120231129020004,2023-11-30,小倉競輪,F2,A1/A2,4,Ａ級特一般,21:55,21:50,7,https://keirin.kdreams.jp/kokura/racedetail/8120231129020004/?pageType=result,2026-10-04T02:50:54.476000+00:00,1-4-3/6/5-2-7,published,コンドル出版社,楽天Kドリームス 並び予想
8120231129020005,2023-11-30,小倉競輪,F2,A1/A2,5,Ａ級準決勝,22:20,22:15,7,https://keirin.kdreams.jp/kokura/racedetail/8120231129020005/?pageType=result,2026-10-04T02:50:56.929569+00:00,3-1-7/5-2/4-6,published,コンドル出版社,楽天Kドリームス 並び予想
8120231129020006,2023-11-30,小倉競輪,F2,A1/A2,6,Ａ級準決勝,22:45,22:40,7,https://keirin.kdreams.jp/kokura/racedetail/8120231129020006/?pageType=result,2026-10-04T02:50:59.267328+00:00,1-2-3/4-5/7-6,published,コンドル出版社,楽天Kドリームス 並び予想
8120231129020007,2023-11-30,小倉競輪,F2,A1/A2,7,Ａ級準決勝,23:10,23:05,7,https://keirin.kdreams.jp/kokura/racedetail/8120231129020007/?pageType=result,2026-10-04T02:51:02.218008+00:00,5-1/7-3/2/4-6,published,コンドル出版社,楽天Kドリームス 並び予想
5120231128030004,2023-11-30,福井競輪,F2,A1/A2,4,Ａ級特一般,12:24,12:19,6,https://keirin.kdreams.jp/fukui/racedetail/5120231128030004/?pageType=result,2026-10-04T02:49:54.019457+00:00,2-5/4-1/6-3,published,福井中部,楽天Kドリームス 並び予想
5120231128030005,2023-11-30,福井競輪,F2,A1/A2,5,Ａ級特一般,12:54,12:49,7,https://keirin.kdreams.jp/fukui/racedetail/5120231128030005/?pageType=result,2026-10-04T02:49:56.306933+00:00,3-7/2/6-1/5-4,published,福井中部,楽天Kドリームス 並び予想
5120231128030006,2023-11-30,福井競輪,F2,A1/A2,6,Ａ級特選,13:24,13:19,7,https://keirin.kdreams.jp/fukui/racedetail/5120231128030006/?pageType=result,2026-10-04T02:49:58.871228+00:00,3-4-7-6/1/2-5,published,福井中部,楽天Kドリームス 並び予想
5120231128030007,2023-11-30,福井競輪,F2,A1/A2,7,Ａ級特選,13:56,13:51,7,https://keirin.kdreams.jp/fukui/racedetail/5120231128030007/?pageType=result,2026-10-04T02:50:00.961118+00:00,1-5-4/2/3-6/7,published,福井中部,楽天Kドリームス 並び予想
5120231128030011,2023-11-30,福井競輪,F2,A1/A2,11,Ａ級決勝,16:10,16:05,7,https://keirin.kdreams.jp/fukui/racedetail/5120231128030011/?pageType=result,2026-10-04T02:50:03.125898+00:00,1-5-3/6/4-2-7,published,福井中部,楽天Kドリームス 並び予想
7420231130010008,2023-11-30,高知競輪,F2,A1/A2,8,Ａ級特予選,14:02,13:57,7,https://keirin.kdreams.jp/kochi/racedetail/7420231130010008/?pageType=result,2026-10-04T02:52:28.019903+00:00,1-4-6/5-2/7-3,published,福ちゃん出版社,楽天Kドリームス 並び予想
7420231130010009,2023-11-30,高知競輪,F2,A1/A2,9,Ａ級特予選,14:31,14:26,7,https://keirin.kdreams.jp/kochi/racedetail/7420231130010009/?pageType=result,2026-10-04T02:52:30.326278+00:00,5-1/4-2-6/7-3,published,福ちゃん出版社,楽天Kドリームス 並び予想
7420231130010010,2023-11-30,高知競輪,F2,A1/A2,10,Ａ級特予選,15:05,15:00,7,https://keirin.kdreams.jp/kochi/racedetail/7420231130010010/?pageType=result,2026-10-04T02:52:32.396413+00:00,6-1-4/2-7/3-5,published,福ちゃん出版社,楽天Kドリームス 並び予想
7420231130010011,2023-11-30,高知競輪,F2,A1/A2,11,Ａ級特予選,15:39,15:34,7,https://keirin.kdreams.jp/kochi/racedetail/7420231130010011/?pageType=result,2026-10-04T02:52:34.903704+00:00,1-5-6/4-2/3-7,published,福ちゃん出版社,楽天Kドリームス 並び予想
7420231130010012,2023-11-30,高知競輪,F2,A1/A2,12,Ａ級初日特選,16:15,16:10,7,https://keirin.kdreams.jp/kochi/racedetail/7420231130010012/?pageType=result,2026-10-04T02:52:37.459031+00:00,1-7-4-6/2/3-5,published,福ちゃん出版社,楽天Kドリームス 並び予想
8320231129030001,2023-12-01,久留米競輪,F1,A1/A2,1,Ａ級一般,16:00,15:55,7,https://keirin.kdreams.jp/kurume/racedetail/8320231129030001/?pageType=result,2026-10-04T02:51:38.268777+00:00,5-1/3/2-7-4/6,published,コンドル出版社,楽天Kドリームス 並び予想
8320231129030002,2023-12-01,久留米競輪,F1,A1/A2,2,Ａ級一般,16:23,16:18,7,https://keirin.kdreams.jp/kurume/racedetail/8320231129030002/?pageType=result,2026-10-04T02:51:40.884905+00:00,4-1-7/2-6/3-5,published,コンドル出版社,楽天Kドリームス 並び予想
8320231129030003,2023-12-01,久留米競輪,F1,A1/A2,3,Ａ級特選,16:46,16:41,7,https://keirin.kdreams.jp/kurume/racedetail/8320231129030003/?pageType=result,2026-10-04T02:51:43.227057+00:00,1-5/2-6/4-3-7,published,コンドル出版社,楽天Kドリームス 並び予想
8320231129030004,2023-12-01,久留米競輪,F1,A1/A2,4,Ａ級特選,17:09,17:04,7,https://keirin.kdreams.jp/kurume/racedetail/8320231129030004/?pageType=result,2026-10-04T02:51:45.699773+00:00,1-4/7-2/6/5-3,published,コンドル出版社,楽天Kドリームス 並び予想
8320231129030011,2023-12-01,久留米競輪,F1,A1/A2,11,Ａ級決勝,20:02,19:57,7,https://keirin.kdreams.jp/kurume/racedetail/8320231129030011/?pageType=result,2026-10-04T02:51:47.895322+00:00,7-1-6/2/5-3-4,published,コンドル出版社,楽天Kドリームス 並び予想
2320231129030006,2023-12-01,取手競輪,F2,A1/A2,6,Ａ級特一般,10:30,10:25,7,https://keirin.kdreams.jp/toride/racedetail/2320231129030006/?pageType=result,2026-10-04T02:52:16.235495+00:00,7-4-1/3-2-5-6,published,アオケイ,楽天Kドリームス 並び予想
2320231129030007,2023-12-01,取手競輪,F2,A1/A2,7,Ａ級特一般,10:50,10:45,7,https://keirin.kdreams.jp/toride/racedetail/2320231129030007/?pageType=result,2026-10-04T02:52:18.307675+00:00,1-7-4/2-6/5-3,published,アオケイ,楽天Kドリームス 並び予想
2320231129030008,2023-12-01,取手競輪,F2,A1/A2,8,Ａ級特選,11:19,11:14,7,https://keirin.kdreams.jp/toride/racedetail/2320231129030008/?pageType=result,2026-10-04T02:52:21.295719+00:00,1-5-3/6/4-7-2,published,アオケイ,楽天Kドリームス 並び予想
2320231129030009,2023-12-01,取手競輪,F2,A1/A2,9,Ａ級特選,11:48,11:43,7,https://keirin.kdreams.jp/toride/racedetail/2320231129030009/?pageType=result,2026-10-04T02:52:23.439733+00:00,7-4-1/3/6-2-5,published,アオケイ,楽天Kドリームス 並び予想
2320231129030012,2023-12-01,取手競輪,F2,A1/A2,12,Ａ級決勝,13:17,13:12,7,https://keirin.kdreams.jp/toride/racedetail/2320231129030012/?pageType=result,2026-10-04T02:52:25.676336+00:00,3-7-1-6/5-2-4,published,アオケイ,楽天Kドリームス 並び予想
8120231129030002,2023-12-01,小倉競輪,F2,A1/A2,2,Ａ級特一般,21:05,21:00,7,https://keirin.kdreams.jp/kokura/racedetail/8120231129030002/?pageType=result,2026-10-04T02:51:04.309863+00:00,1-3/2-7/6/4-5,published,コンドル出版社,楽天Kドリームス 並び予想
8120231129030003,2023-12-01,小倉競輪,F2,A1/A2,3,Ａ級特一般,21:30,21:25,7,https://keirin.kdreams.jp/kokura/racedetail/8120231129030003/?pageType=result,2026-10-04T02:51:06.357833+00:00,2-1-5/3-4/6-7,published,コンドル出版社,楽天Kドリームス 並び予想
8120231129030004,2023-12-01,小倉競輪,F2,A1/A2,4,Ａ級特選,21:55,21:50,7,https://keirin.kdreams.jp/kokura/racedetail/8120231129030004/?pageType=result,2026-10-04T02:51:08.869989+00:00,3-1-4/6-2/7-5,published,コンドル出版社,楽天Kドリームス 並び予想
8120231129030005,2023-12-01,小倉競輪,F2,A1/A2,5,Ａ級特選,22:20,22:15,7,https://keirin.kdreams.jp/kokura/racedetail/8120231129030005/?pageType=result,2026-10-04T02:51:11.008617+00:00,4-1-2/3-6-7/5,published,コンドル出版社,楽天Kドリームス 並び予想
8120231129030007,2023-12-01,小倉競輪,F2,A1/A2,7,Ａ級決勝,23:10,23:05,7,https://keirin.kdreams.jp/kokura/racedetail/8120231129030007/?pageType=result,2026-10-04T02:51:13.150491+00:00,4-1-3/2-7/6-5,published,コンドル出版社,楽天Kドリームス 並び予想
4720231201010001,2023-12-01,松阪競輪,F1,A1/A2,1,Ａ級予選,10:43,10:38,7,https://keirin.kdreams.jp/matsusaka/racedetail/4720231201010001/?pageType=result,2026-10-04T02:53:06.784425+00:00,1-4-3/6/7-5-2,published,中部競輪,楽天Kドリームス 並び予想
4720231201010002,2023-12-01,松阪競輪,F1,A1/A2,2,Ａ級予選,11:11,11:06,7,https://keirin.kdreams.jp/matsusaka/racedetail/4720231201010002/?pageType=result,2026-10-04T02:53:09.209178+00:00,1-4-7/6-2/3-5,published,中部競輪,楽天Kドリームス 並び予想
4720231201010003,2023-12-01,松阪競輪,F1,A1/A2,3,Ａ級予選,11:39,11:34,7,https://keirin.kdreams.jp/matsusaka/racedetail/4720231201010003/?pageType=result,2026-10-04T02:53:11.781772+00:00,3-1-5/2-4-7/6,published,中部競輪,楽天Kドリームス 並び予想
4720231201010004,2023-12-01,松阪競輪,F1,A1/A2,4,Ａ級予選,12:07,12:02,7,https://keirin.kdreams.jp/matsusaka/racedetail/4720231201010004/?pageType=result,2026-10-04T02:53:14.948558+00:00,1-7-5/4-2/6-3,published,中部競輪,楽天Kドリームス 並び予想
4720231201010005,2023-12-01,松阪競輪,F1,A1/A2,5,Ａ級初日特選,12:36,12:31,7,https://keirin.kdreams.jp/matsusaka/racedetail/4720231201010005/?pageType=result,2026-10-04T02:53:17.957734+00:00,1-6/3/7/4-2-5,published,中部競輪,楽天Kドリームス 並び予想
7420231130020008,2023-12-01,高知競輪,F2,A1/A2,8,Ａ級特一般,14:02,13:57,7,https://keirin.kdreams.jp/kochi/racedetail/7420231130020008/?pageType=result,2026-10-04T02:52:40.223821+00:00,1-5-7/3/4-2-6,published,福ちゃん出版社,楽天Kドリームス 並び予想
7420231130020009,2023-12-01,高知競輪,F2,A1/A2,9,Ａ級特一般,14:31,14:26,7,https://keirin.kdreams.jp/kochi/racedetail/7420231130020009/?pageType=result,2026-10-04T02:52:42.934744+00:00,7-5-1/4-2/6-3,published,福ちゃん出版社,楽天Kドリームス 並び予想
7420231130020010,2023-12-01,高知競輪,F2,A1/A2,10,Ａ級準決勝,15:05,15:00,7,https://keirin.kdreams.jp/kochi/racedetail/7420231130020010/?pageType=result,2026-10-04T02:52:45.712078+00:00,1-7-4/5-2/3-6,published,福ちゃん出版社,楽天Kドリームス 並び予想
7420231130020011,2023-12-01,高知競輪,F2,A1/A2,11,Ａ級準決勝,15:39,15:34,7,https://keirin.kdreams.jp/kochi/racedetail/7420231130020011/?pageType=result,2026-10-04T02:52:48.627077+00:00,7-1/4-2/6-3-5,published,福ちゃん出版社,楽天Kドリームス 並び予想
7420231130020012,2023-12-01,高知競輪,F2,A1/A2,12,Ａ級準決勝,16:15,16:10,7,https://keirin.kdreams.jp/kochi/racedetail/7420231130020012/?pageType=result,2026-10-04T02:52:51.177501+00:00,2-7/5-3/6-1-4,published,福ちゃん出版社,楽天Kドリームス 並び予想
2720231202010005,2023-12-02,京王閣競輪,F2,A1/A2,5,Ａ級特予選,22:10,22:05,7,https://keirin.kdreams.jp/keiokaku/racedetail/2720231202010005/?pageType=result,2026-10-04T02:53:46.477896+00:00,1-2-7/5/3-4-6,published,アオケイ,楽天Kドリームス 並び予想
2720231202010006,2023-12-02,京王閣競輪,F2,A1/A2,6,Ａ級特予選,22:30,22:25,7,https://keirin.kdreams.jp/keiokaku/racedetail/2720231202010006/?pageType=result,2026-10-04T02:53:48.639577+00:00,5-2-6/1-4-3-7,published,アオケイ,楽天Kドリームス 並び予想
2720231202010007,2023-12-02,京王閣競輪,F2,A1/A2,7,Ａ級特予選,22:50,22:45,7,https://keirin.kdreams.jp/keiokaku/racedetail/2720231202010007/?pageType=result,2026-10-04T02:53:51.083077+00:00,1-4/3-2/6-5-7,published,アオケイ,楽天Kドリームス 並び予想
2720231202010008,2023-12-02,京王閣競輪,F2,A1/A2,8,Ａ級特予選,23:10,23:05,7,https://keirin.kdreams.jp/keiokaku/racedetail/2720231202010008/?pageType=result,2026-10-04T02:53:53.176289+00:00,1-2-3/6/4-5-7,published,アオケイ,楽天Kドリームス 並び予想
2720231202010009,2023-12-02,京王閣競輪,F2,A1/A2,9,Ａ級初日特選,23:30,23:25,7,https://keirin.kdreams.jp/keiokaku/racedetail/2720231202010009/?pageType=result,2026-10-04T02:53:55.804941+00:00,1-2-3/4-6/7-5,published,アオケイ,楽天Kドリームス 並び予想
2520231202010001,2023-12-02,大宮競輪,F1,A1/A2,1,Ａ級予選,10:30,10:25,7,https://keirin.kdreams.jp/omiya/racedetail/2520231202010001/?pageType=result,2026-10-04T02:54:57.690150+00:00,1-7-4/5-3-2-6,published,アオケイ,楽天Kドリームス 並び予想
2520231202010002,2023-12-02,大宮競輪,F1,A1/A2,2,Ａ級予選,10:57,10:52,7,https://keirin.kdreams.jp/omiya/racedetail/2520231202010002/?pageType=result,2026-10-04T02:54:59.923045+00:00,5-4-1/6/3-7-2,published,アオケイ,楽天Kドリームス 並び予想
2520231202010003,2023-12-02,大宮競輪,F1,A1/A2,3,Ａ級予選,11:25,11:20,7,https://keirin.kdreams.jp/omiya/racedetail/2520231202010003/?pageType=result,2026-10-04T02:55:01.936010+00:00,2-7-1/4/5-3-6,published,アオケイ,楽天Kドリームス 並び予想
2520231202010004,2023-12-02,大宮競輪,F1,A1/A2,4,Ａ級予選,11:53,11:48,7,https://keirin.kdreams.jp/omiya/racedetail/2520231202010004/?pageType=result,2026-10-04T02:55:04.231472+00:00,2-4-6/1-5/7-3,published,アオケイ,楽天Kドリームス 並び予想
2520231202010005,2023-12-02,大宮競輪,F1,A1/A2,5,Ａ級初日特選,12:21,12:16,7,https://keirin.kdreams.jp/omiya/racedetail/2520231202010005/?pageType=result,2026-10-04T02:55:06.699311+00:00,7-1-4/2-5/6-3,published,アオケイ,楽天Kドリームス 並び予想
5620231202010005,2023-12-02,岸和田競輪,F2,A1/A2,5,Ａ級特予選,22:00,21:55,7,https://keirin.kdreams.jp/kishiwada/racedetail/5620231202010005/?pageType=result,2026-10-04T02:54:22.170416+00:00,3-1-4/5-2-6/7,published,競輪研究,楽天Kドリームス 並び予想
5620231202010006,2023-12-02,岸和田競輪,F2,A1/A2,6,Ａ級特予選,22:20,22:15,7,https://keirin.kdreams.jp/kishiwada/racedetail/5620231202010006/?pageType=result,2026-10-04T02:54:24.247507+00:00,3-1-4/7-2/5-6,published,競輪研究,楽天Kドリームス 並び予想
5620231202010007,2023-12-02,岸和田競輪,F2,A1/A2,7,Ａ級特予選,22:40,22:35,7,https://keirin.kdreams.jp/kishiwada/racedetail/5620231202010007/?pageType=result,2026-10-04T02:54:26.367122+00:00,5-1-6/4-2/3-7,published,競輪研究,楽天Kドリームス 並び予想
5620231202010008,2023-12-02,岸和田競輪,F2,A1/A2,8,Ａ級特予選,23:00,22:55,7,https://keirin.kdreams.jp/kishiwada/racedetail/5620231202010008/?pageType=result,2026-10-04T02:54:29.142734+00:00,1-2-3/5-4/6/7,published,競輪研究,楽天Kドリームス 並び予想
5620231202010009,2023-12-02,岸和田競輪,F2,A1/A2,9,Ａ級初日特選,23:20,23:15,7,https://keirin.kdreams.jp/kishiwada/racedetail/5620231202010009/?pageType=result,2026-10-04T02:54:31.339166+00:00,1-4/5-2/3-6/7,published,競輪研究,楽天Kドリームス 並び予想
4720231201020001,2023-12-02,松阪競輪,F1,A1/A2,1,Ａ級一般,10:43,10:38,7,https://keirin.kdreams.jp/matsusaka/racedetail/4720231201020001/?pageType=result,2026-10-04T02:53:20.690442+00:00,1-4/2-5/3-7/6,published,中部競輪,楽天Kドリームス 並び予想
4720231201020002,2023-12-02,松阪競輪,F1,A1/A2,2,Ａ級一般,11:11,11:06,7,https://keirin.kdreams.jp/matsusaka/racedetail/4720231201020002/?pageType=result,2026-10-04T02:53:23.091667+00:00,1-6-5/3/2-7-4,published,中部競輪,楽天Kドリームス 並び予想
4720231201020003,2023-12-02,松阪競輪,F1,A1/A2,3,Ａ級準決勝,11:39,11:34,7,https://keirin.kdreams.jp/matsusaka/racedetail/4720231201020003/?pageType=result,2026-10-04T02:53:25.392454+00:00,3-1-7/6/5-2-4,published,中部競輪,楽天Kドリームス 並び予想
4720231201020004,2023-12-02,松阪競輪,F1,A1/A2,4,Ａ級準決勝,12:07,12:02,7,https://keirin.kdreams.jp/matsusaka/racedetail/4720231201020004/?pageType=result,2026-10-04T02:53:27.739597+00:00,4-1-5/6/7-2-3,published,中部競輪,楽天Kドリームス 並び予想
4720231201020005,2023-12-02,松阪競輪,F1,A1/A2,5,Ａ級準決勝,12:36,12:31,7,https://keirin.kdreams.jp/matsusaka/racedetail/4720231201020005/?pageType=result,2026-10-04T02:53:30.233061+00:00,5-1-4/2-7/6-3,published,中部競輪,楽天Kドリームス 並び予想
7120231202010001,2023-12-02,高松競輪,F2,A1/A2,1,Ａ級予選,08:50,08:45,7,https://keirin.kdreams.jp/takamatsu/racedetail/7120231202010001/?pageType=result,2026-10-04T02:55:32.848702+00:00,1-5-6/3/4/7-2,published,競輪毎日,楽天Kドリームス 並び予想
7120231202010002,2023-12-02,高松競輪,F2,A1/A2,2,Ａ級予選,09:10,09:05,7,https://keirin.kdreams.jp/takamatsu/racedetail/7120231202010002/?pageType=result,2026-10-04T02:55:35.021847+00:00,2-4/1/3-5-7/6,published,競輪毎日,楽天Kドリームス 並び予想
7120231202010003,2023-12-02,高松競輪,F2,A1/A2,3,Ａ級予選,09:30,09:25,7,https://keirin.kdreams.jp/takamatsu/racedetail/7120231202010003/?pageType=result,2026-10-04T02:55:37.415102+00:00,4-3-1/7/6-2-5,published,競輪毎日,楽天Kドリームス 並び予想
7120231202010004,2023-12-02,高松競輪,F2,A1/A2,4,Ａ級予選,09:50,09:45,7,https://keirin.kdreams.jp/takamatsu/racedetail/7120231202010004/?pageType=result,2026-10-04T02:55:40.102752+00:00,3-7/1-4-5/6-2,published,競輪毎日,楽天Kドリームス 並び予想
7120231202010005,2023-12-02,高松競輪,F2,A1/A2,5,Ａ級予選,10:10,10:05,7,https://keirin.kdreams.jp/takamatsu/racedetail/7120231202010005/?pageType=result,2026-10-04T02:55:43.589814+00:00,7-1-4/5-3/6-2,published,競輪毎日,楽天Kドリームス 並び予想
7120231202010006,2023-12-02,高松競輪,F2,A1/A2,6,Ａ級予選,10:30,10:25,7,https://keirin.kdreams.jp/takamatsu/racedetail/7120231202010006/?pageType=result,2026-10-04T02:55:47.132205+00:00,1-5/2-4-7/3/6,published,競輪毎日,楽天Kドリームス 並び予想
7120231202010007,2023-12-02,高松競輪,F2,A1/A2,7,Ａ級初日特選,10:50,10:45,7,https://keirin.kdreams.jp/takamatsu/racedetail/7120231202010007/?pageType=result,2026-10-04T02:55:50.059192+00:00,4-1-7/6/2-3-5,published,競輪毎日,楽天Kドリームス 並び予想
7420231130030006,2023-12-02,高知競輪,F2,A1/A2,6,Ａ級特一般,13:04,12:59,7,https://keirin.kdreams.jp/kochi/racedetail/7420231130030006/?pageType=result,2026-10-04T02:52:53.948613+00:00,2-5-4/1-7/6-3,published,福ちゃん出版社,楽天Kドリームス 並び予想
7420231130030007,2023-12-02,高知競輪,F2,A1/A2,7,Ａ級特一般,13:33,13:28,7,https://keirin.kdreams.jp/kochi/racedetail/7420231130030007/?pageType=result,2026-10-04T02:52:56.634005+00:00,1-4-6/3/5-7-2,published,福ちゃん出版社,楽天Kドリームス 並び予想
7420231130030008,2023-12-02,高知競輪,F2,A1/A2,8,Ａ級特選,14:02,13:57,7,https://keirin.kdreams.jp/kochi/racedetail/7420231130030008/?pageType=result,2026-10-04T02:52:59.177096+00:00,1-4/7-2/6-3-5,published,福ちゃん出版社,楽天Kドリームス 並び予想
7420231130030009,2023-12-02,高知競輪,F2,A1/A2,9,Ａ級特選,14:31,14:26,7,https://keirin.kdreams.jp/kochi/racedetail/7420231130030009/?pageType=result,2026-10-04T02:53:01.606356+00:00,2-7-5/1/4-3-6,published,福ちゃん出版社,楽天Kドリームス 並び予想
7420231130030012,2023-12-02,高知競輪,F2,A1/A2,12,Ａ級決勝,16:15,16:10,7,https://keirin.kdreams.jp/kochi/racedetail/7420231130030012/?pageType=result,2026-10-04T02:53:04.256292+00:00,5-1-6/2-4/7-3,published,福ちゃん出版社,楽天Kドリームス 並び予想
2720231202020005,2023-12-03,京王閣競輪,F2,A1/A2,5,Ａ級特一般,22:10,22:05,7,https://keirin.kdreams.jp/keiokaku/racedetail/2720231202020005/?pageType=result,2026-10-04T02:53:58.413326+00:00,,parse_failure,,
2720231202020006,2023-12-03,京王閣競輪,F2,A1/A2,6,Ａ級特一般,22:30,22:25,7,https://keirin.kdreams.jp/keiokaku/racedetail/2720231202020006/?pageType=result,2026-10-04T02:54:00.926640+00:00,4-2-6/1-7/3-5,published,アオケイ,楽天Kドリームス 並び予想
2720231202020007,2023-12-03,京王閣競輪,F2,A1/A2,7,Ａ級準決勝,22:50,22:45,7,https://keirin.kdreams.jp/keiokaku/racedetail/2720231202020007/?pageType=result,2026-10-04T02:54:03.254851+00:00,1-3-7/6-5/4-2,published,アオケイ,楽天Kドリームス 並び予想
2720231202020008,2023-12-03,京王閣競輪,F2,A1/A2,8,Ａ級準決勝,23:10,23:05,7,https://keirin.kdreams.jp/keiokaku/racedetail/2720231202020008/?pageType=result,2026-10-04T02:54:05.637430+00:00,3-1-4/2-5/6-7,published,アオケイ,楽天Kドリームス 並び予想
2720231202020009,2023-12-03,京王閣競輪,F2,A1/A2,9,Ａ級準決勝,23:30,23:25,7,https://keirin.kdreams.jp/keiokaku/racedetail/2720231202020009/?pageType=result,2026-10-04T02:54:07.846500+00:00,1-4-5/3-7/6-2,published,アオケイ,楽天Kドリームス 並び予想
2520231202020001,2023-12-03,大宮競輪,F1,A1/A2,1,Ａ級一般,10:30,10:25,7,https://keirin.kdreams.jp/omiya/racedetail/2520231202020001/?pageType=result,2026-10-04T02:55:09.238400+00:00,1-4/2-7/5/3-6,published,アオケイ,楽天Kドリームス 並び予想
2520231202020002,2023-12-03,大宮競輪,F1,A1/A2,2,Ａ級一般,10:57,10:52,7,https://keirin.kdreams.jp/omiya/racedetail/2520231202020002/?pageType=result,2026-10-04T02:55:11.393299+00:00,5-1-6/2/3-4-7,published,アオケイ,楽天Kドリームス 並び予想
2520231202020003,2023-12-03,大宮競輪,F1,A1/A2,3,Ａ級準決勝,11:25,11:20,7,https://keirin.kdreams.jp/omiya/racedetail/2520231202020003/?pageType=result,2026-10-04T02:55:13.814165+00:00,4-1-3-7/5/6-2,published,アオケイ,楽天Kドリームス 並び予想
2520231202020004,2023-12-03,大宮競輪,F1,A1/A2,4,Ａ級準決勝,11:53,11:48,7,https://keirin.kdreams.jp/omiya/racedetail/2520231202020004/?pageType=result,2026-10-04T02:55:15.924991+00:00,1-7-5/3/4-2-6,published,アオケイ,楽天Kドリームス 並び予想
2520231202020005,2023-12-03,大宮競輪,F1,A1/A2,5,Ａ級準決勝,12:21,12:16,7,https://keirin.kdreams.jp/omiya/racedetail/2520231202020005/?pageType=result,2026-10-04T02:55:18.274514+00:00,1-3-5/6/4-2-7,published,アオケイ,楽天Kドリームス 並び予想
5620231202020005,2023-12-03,岸和田競輪,F2,A1/A2,5,Ａ級特一般,22:00,21:55,7,https://keirin.kdreams.jp/kishiwada/racedetail/5620231202020005/?pageType=result,2026-10-04T02:54:33.511027+00:00,2-3-6/1/7-4-5,published,競輪研究,楽天Kドリームス 並び予想
5620231202020006,2023-12-03,岸和田競輪,F2,A1/A2,6,Ａ級特一般,22:20,22:15,7,https://keirin.kdreams.jp/kishiwada/racedetail/5620231202020006/?pageType=result,2026-10-04T02:54:35.994067+00:00,1-7-5/6-2/4-3,published,競輪研究,楽天Kドリームス 並び予想
5620231202020007,2023-12-03,岸和田競輪,F2,A1/A2,7,Ａ級準決勝,22:40,22:35,7,https://keirin.kdreams.jp/kishiwada/racedetail/5620231202020007/?pageType=result,2026-10-04T02:54:38.421416+00:00,2-1-3/5-4-6/7,published,競輪研究,楽天Kドリームス 並び予想
5620231202020008,2023-12-03,岸和田競輪,F2,A1/A2,8,Ａ級準決勝,23:00,22:55,7,https://keirin.kdreams.jp/kishiwada/racedetail/5620231202020008/?pageType=result,2026-10-04T02:54:40.510581+00:00,7-2/1-5/3-6-4,published,競輪研究,楽天Kドリームス 並び予想
5620231202020009,2023-12-03,岸和田競輪,F2,A1/A2,9,Ａ級準決勝,23:20,23:15,7,https://keirin.kdreams.jp/kishiwada/racedetail/5620231202020009/?pageType=result,2026-10-04T02:54:42.772026+00:00,5-1-4-7/2-3-6,published,競輪研究,楽天Kドリームス 並び予想
4720231201030001,2023-12-03,松阪競輪,F1,A1/A2,1,Ａ級一般,10:43,10:38,7,https://keirin.kdreams.jp/matsusaka/racedetail/4720231201030001/?pageType=result,2026-10-04T02:53:32.943776+00:00,7-2-4-3/6/1/5,published,中部競輪,楽天Kドリームス 並び予想
4720231201030002,2023-12-03,松阪競輪,F1,A1/A2,2,Ａ級一般,11:11,11:06,7,https://keirin.kdreams.jp/matsusaka/racedetail/4720231201030002/?pageType=result,2026-10-04T02:53:35.232139+00:00,3-5-1/7-4-2/6,published,中部競輪,楽天Kドリームス 並び予想
4720231201030003,2023-12-03,松阪競輪,F1,A1/A2,3,Ａ級特選,11:39,11:34,7,https://keirin.kdreams.jp/matsusaka/racedetail/4720231201030003/?pageType=result,2026-10-04T02:53:38.246122+00:00,7-1/3-6/4-2-5,published,中部競輪,楽天Kドリームス 並び予想
4720231201030004,2023-12-03,松阪競輪,F1,A1/A2,4,Ａ級特選,12:07,12:02,7,https://keirin.kdreams.jp/matsusaka/racedetail/4720231201030004/?pageType=result,2026-10-04T02:53:40.754756+00:00,7-3/1/6-4/5-2,published,中部競輪,楽天Kドリームス 並び予想
4720231201030011,2023-12-03,松阪競輪,F1,A1/A2,11,Ａ級決勝,15:53,15:48,7,https://keirin.kdreams.jp/matsusaka/racedetail/4720231201030011/?pageType=result,2026-10-04T02:53:42.760992+00:00,1-5/3/6-2/7-4,published,中部競輪,楽天Kドリームス 並び予想
7120231202020001,2023-12-03,高松競輪,F2,A1/A2,1,Ａ級一般,08:50,08:45,6,https://keirin.kdreams.jp/takamatsu/racedetail/7120231202020001/?pageType=result,2026-10-04T02:55:52.302660+00:00,1-4/2-5/6-3,published,競輪毎日,楽天Kドリームス 並び予想
7120231202020002,2023-12-03,高松競輪,F2,A1/A2,2,Ａ級一般,09:10,09:05,7,https://keirin.kdreams.jp/takamatsu/racedetail/7120231202020002/?pageType=result,2026-10-04T02:55:54.927161+00:00,5-1/4-2-7/3-6,published,競輪毎日,楽天Kドリームス 並び予想
7120231202020003,2023-12-03,高松競輪,F2,A1/A2,3,Ａ級選抜,09:30,09:25,7,https://keirin.kdreams.jp/takamatsu/racedetail/7120231202020003/?pageType=result,2026-10-04T02:55:57.774278+00:00,7-2-5-4/1/3/6,published,競輪毎日,楽天Kドリームス 並び予想
7120231202020004,2023-12-03,高松競輪,F2,A1/A2,4,Ａ級選抜,09:50,09:45,7,https://keirin.kdreams.jp/takamatsu/racedetail/7120231202020004/?pageType=result,2026-10-04T02:56:00.068300+00:00,1-4-5/6-3-2-7,published,競輪毎日,楽天Kドリームス 並び予想
7120231202020005,2023-12-03,高松競輪,F2,A1/A2,5,Ａ級準決勝,10:10,10:05,7,https://keirin.kdreams.jp/takamatsu/racedetail/7120231202020005/?pageType=result,2026-10-04T02:56:02.372086+00:00,1-4/7-2/6-5-3,published,競輪毎日,楽天Kドリームス 並び予想
7120231202020006,2023-12-03,高松競輪,F2,A1/A2,6,Ａ級準決勝,10:30,10:25,7,https://keirin.kdreams.jp/takamatsu/racedetail/7120231202020006/?pageType=result,2026-10-04T02:56:04.642223+00:00,1-5/2-6/3-4-7,published,競輪毎日,楽天Kドリームス 並び予想
7120231202020007,2023-12-03,高松競輪,F2,A1/A2,7,Ａ級準決勝,10:50,10:45,7,https://keirin.kdreams.jp/takamatsu/racedetail/7120231202020007/?pageType=result,2026-10-04T02:56:07.593028+00:00,1-4/5-2-7/6-3,published,競輪毎日,楽天Kドリームス 並び予想
2720231202030004,2023-12-04,京王閣競輪,F2,A1/A2,4,Ａ級特一般,21:50,21:45,7,https://keirin.kdreams.jp/keiokaku/racedetail/2720231202030004/?pageType=result,2026-10-04T02:54:10.186557+00:00,3-2-6/5/4-1-7,published,アオケイ,楽天Kドリームス 並び予想
2720231202030005,2023-12-04,京王閣競輪,F2,A1/A2,5,Ａ級特一般,22:10,22:05,7,https://keirin.kdreams.jp/keiokaku/racedetail/2720231202030005/?pageType=result,2026-10-04T02:54:12.545160+00:00,3-1-4/2/5-6-7,published,アオケイ,楽天Kドリームス 並び予想
2720231202030006,2023-12-04,京王閣競輪,F2,A1/A2,6,Ａ級特選,22:30,22:25,7,https://keirin.kdreams.jp/keiokaku/racedetail/2720231202030006/?pageType=result,2026-10-04T02:54:14.853188+00:00,1-2-3-4/6-5-7,published,アオケイ,楽天Kドリームス 並び予想
2720231202030007,2023-12-04,京王閣競輪,F2,A1/A2,7,Ａ級特選,22:50,22:45,7,https://keirin.kdreams.jp/keiokaku/racedetail/2720231202030007/?pageType=result,2026-10-04T02:54:17.096165+00:00,1-2-6/3/5-4-7,published,アオケイ,楽天Kドリームス 並び予想
2720231202030009,2023-12-04,京王閣競輪,F2,A1/A2,9,Ａ級決勝,23:30,23:25,7,https://keirin.kdreams.jp/keiokaku/racedetail/2720231202030009/?pageType=result,2026-10-04T02:54:19.722788+00:00,2-3-1/6-4/5-7,published,アオケイ,楽天Kドリームス 並び予想
2520231202030001,2023-12-04,大宮競輪,F1,A1/A2,1,Ａ級一般,10:30,10:25,7,https://keirin.kdreams.jp/omiya/racedetail/2520231202030001/?pageType=result,2026-10-04T02:55:20.333332+00:00,1-5-7-2-4/3-6,published,アオケイ,楽天Kドリームス 並び予想
2520231202030002,2023-12-04,大宮競輪,F1,A1/A2,2,Ａ級一般,10:57,10:52,7,https://keirin.kdreams.jp/omiya/racedetail/2520231202030002/?pageType=result,2026-10-04T02:55:23.257631+00:00,5-4-1/6/7/2-3,published,アオケイ,楽天Kドリームス 並び予想
2520231202030003,2023-12-04,大宮競輪,F1,A1/A2,3,Ａ級特選,11:25,11:20,7,https://keirin.kdreams.jp/omiya/racedetail/2520231202030003/?pageType=result,2026-10-04T02:55:25.909757+00:00,7-5-1/2/6-4-3,published,アオケイ,楽天Kドリームス 並び予想
2520231202030004,2023-12-04,大宮競輪,F1,A1/A2,4,Ａ級特選,11:53,11:48,7,https://keirin.kdreams.jp/omiya/racedetail/2520231202030004/?pageType=result,2026-10-04T02:55:28.136174+00:00,7-5-1/2/6-3-4,published,アオケイ,楽天Kドリームス 並び予想
2520231202030010,2023-12-04,大宮競輪,F1,A1/A2,10,Ａ級決勝,14:51,14:46,7,https://keirin.kdreams.jp/omiya/racedetail/2520231202030010/?pageType=result,2026-10-04T02:55:30.477149+00:00,5-1-7/6-2/3-4,published,アオケイ,楽天Kドリームス 並び予想
5320231204010008,2023-12-04,奈良競輪,F2,A1/A2,8,Ａ級特予選,11:25,11:20,7,https://keirin.kdreams.jp/nara/racedetail/5320231204010008/?pageType=result,2026-10-04T02:56:27.206022+00:00,1-7-5/4-2/3/6,published,競輪研究,楽天Kドリームス 並び予想
5320231204010009,2023-12-04,奈良競輪,F2,A1/A2,9,Ａ級特予選,11:50,11:45,7,https://keirin.kdreams.jp/nara/racedetail/5320231204010009/?pageType=result,2026-10-04T02:56:29.781478+00:00,4-1-5/7-2-3/6,published,競輪研究,楽天Kドリームス 並び予想
5320231204010010,2023-12-04,奈良競輪,F2,A1/A2,10,Ａ級特予選,12:20,12:15,7,https://keirin.kdreams.jp/nara/racedetail/5320231204010010/?pageType=result,2026-10-04T02:56:31.911631+00:00,1-4-5-6-2/3-7,published,競輪研究,楽天Kドリームス 並び予想
5320231204010011,2023-12-04,奈良競輪,F2,A1/A2,11,Ａ級特予選,12:50,12:45,7,https://keirin.kdreams.jp/nara/racedetail/5320231204010011/?pageType=result,2026-10-04T02:56:34.222664+00:00,2-7-3/4-1-5/6,published,競輪研究,楽天Kドリームス 並び予想
5320231204010012,2023-12-04,奈良競輪,F2,A1/A2,12,Ａ級初日特選,13:20,13:15,7,https://keirin.kdreams.jp/nara/racedetail/5320231204010012/?pageType=result,2026-10-04T02:56:36.356651+00:00,1-6/2-5-7/3/4,published,競輪研究,楽天Kドリームス 並び予想
5620231202030004,2023-12-04,岸和田競輪,F2,A1/A2,4,Ａ級特一般,21:40,21:35,7,https://keirin.kdreams.jp/kishiwada/racedetail/5620231202030004/?pageType=result,2026-10-04T02:54:44.925136+00:00,1-4-7/2-3/5-6,published,競輪研究,楽天Kドリームス 並び予想
5620231202030005,2023-12-04,岸和田競輪,F2,A1/A2,5,Ａ級特一般,22:00,21:55,7,https://keirin.kdreams.jp/kishiwada/racedetail/5620231202030005/?pageType=result,2026-10-04T02:54:47.928848+00:00,1-2/3-5-7/6-4,published,競輪研究,楽天Kドリームス 並び予想
5620231202030006,2023-12-04,岸和田競輪,F2,A1/A2,6,Ａ級特選,22:20,22:15,7,https://keirin.kdreams.jp/kishiwada/racedetail/5620231202030006/?pageType=result,2026-10-04T02:54:50.325132+00:00,1-5-3/6/7-2-4,published,競輪研究,楽天Kドリームス 並び予想
5620231202030007,2023-12-04,岸和田競輪,F2,A1/A2,7,Ａ級特選,22:40,22:35,7,https://keirin.kdreams.jp/kishiwada/racedetail/5620231202030007/?pageType=result,2026-10-04T02:54:52.436464+00:00,2-1-3/4/5-6/7,published,競輪研究,楽天Kドリームス 並び予想
5620231202030009,2023-12-04,岸和田競輪,F2,A1/A2,9,Ａ級決勝,23:20,23:15,7,https://keirin.kdreams.jp/kishiwada/racedetail/5620231202030009/?pageType=result,2026-10-04T02:54:55.198982+00:00,1-2/3-5-4/7-6,published,競輪研究,楽天Kドリームス 並び予想
6120231204010001,2023-12-04,玉野競輪,F1,A1/A2,1,Ａ級予選,10:35,10:30,7,https://keirin.kdreams.jp/tamano/racedetail/6120231204010001/?pageType=result,2026-10-04T02:57:01.136089+00:00,1-7/6-3/5-2-4,published,競輪毎日,楽天Kドリームス 並び予想
6120231204010002,2023-12-04,玉野競輪,F1,A1/A2,2,Ａ級予選,11:03,10:58,7,https://keirin.kdreams.jp/tamano/racedetail/6120231204010002/?pageType=result,2026-10-04T02:57:03.239230+00:00,4-1/5-2-6/7-3,published,競輪毎日,楽天Kドリームス 並び予想
6120231204010003,2023-12-04,玉野競輪,F1,A1/A2,3,Ａ級予選,11:31,11:26,7,https://keirin.kdreams.jp/tamano/racedetail/6120231204010003/?pageType=result,2026-10-04T02:57:05.398992+00:00,1-7/4-2-5/6-3,published,競輪毎日,楽天Kドリームス 並び予想
6120231204010004,2023-12-04,玉野競輪,F1,A1/A2,4,Ａ級予選,12:01,11:56,7,https://keirin.kdreams.jp/tamano/racedetail/6120231204010004/?pageType=result,2026-10-04T02:57:07.552327+00:00,7-2-4/1-6/3-5,published,競輪毎日,楽天Kドリームス 並び予想
6120231204010005,2023-12-04,玉野競輪,F1,A1/A2,5,Ａ級初日特選,12:31,12:26,7,https://keirin.kdreams.jp/tamano/racedetail/6120231204010005/?pageType=result,2026-10-04T02:57:09.792334+00:00,5-2-6/1-4/7-3,published,競輪毎日,楽天Kドリームス 並び予想
4520231204010008,2023-12-04,豊橋競輪,F2,A1/A2,8,Ａ級特予選,14:11,14:06,7,https://keirin.kdreams.jp/toyohashi/racedetail/4520231204010008/?pageType=result,2026-10-04T02:57:34.798085+00:00,1-4/7/2-6-3/5,published,中部競輪,楽天Kドリームス 並び予想
4520231204010009,2023-12-04,豊橋競輪,F2,A1/A2,9,Ａ級特予選,14:42,14:37,7,https://keirin.kdreams.jp/toyohashi/racedetail/4520231204010009/?pageType=result,2026-10-04T02:57:37.031936+00:00,5-1-6/3/7-2-4,published,中部競輪,楽天Kドリームス 並び予想
4520231204010010,2023-12-04,豊橋競輪,F2,A1/A2,10,Ａ級特予選,15:15,15:10,7,https://keirin.kdreams.jp/toyohashi/racedetail/4520231204010010/?pageType=result,2026-10-04T02:57:39.364844+00:00,1-4/2-6/3-5-7,published,中部競輪,楽天Kドリームス 並び予想
4520231204010011,2023-12-04,豊橋競輪,F2,A1/A2,11,Ａ級特予選,15:48,15:43,7,https://keirin.kdreams.jp/toyohashi/racedetail/4520231204010011/?pageType=result,2026-10-04T02:57:41.393642+00:00,5-1-7/2/4-3/6,published,中部競輪,楽天Kドリームス 並び予想
4520231204010012,2023-12-04,豊橋競輪,F2,A1/A2,12,Ａ級初日特選,16:21,16:16,7,https://keirin.kdreams.jp/toyohashi/racedetail/4520231204010012/?pageType=result,2026-10-04T02:57:43.548668+00:00,1-3-7/2-5/4-6,published,中部競輪,楽天Kドリームス 並び予想
7120231202030001,2023-12-04,高松競輪,F2,A1/A2,1,Ａ級一般,08:50,08:45,7,https://keirin.kdreams.jp/takamatsu/racedetail/7120231202030001/?pageType=result,2026-10-04T02:56:10.217254+00:00,2-5-7/1/6-3-4,published,競輪毎日,楽天Kドリームス 並び予想
7120231202030002,2023-12-04,高松競輪,F2,A1/A2,2,Ａ級一般,09:10,09:05,7,https://keirin.kdreams.jp/takamatsu/racedetail/7120231202030002/?pageType=result,2026-10-04T02:56:13.041356+00:00,1-4-5/6-2/3-7,published,競輪毎日,楽天Kドリームス 並び予想
7120231202030003,2023-12-04,高松競輪,F2,A1/A2,3,Ａ級一般,09:30,09:25,7,https://keirin.kdreams.jp/takamatsu/racedetail/7120231202030003/?pageType=result,2026-10-04T02:56:15.219357+00:00,6-1-4/3-7/2-5,published,競輪毎日,楽天Kドリームス 並び予想
7120231202030004,2023-12-04,高松競輪,F2,A1/A2,4,Ａ級特選,09:50,09:45,7,https://keirin.kdreams.jp/takamatsu/racedetail/7120231202030004/?pageType=result,2026-10-04T02:56:17.952023+00:00,5-1-7/6-2/4-3,published,競輪毎日,楽天Kドリームス 並び予想
7120231202030005,2023-12-04,高松競輪,F2,A1/A2,5,Ａ級特選,10:10,10:05,7,https://keirin.kdreams.jp/takamatsu/racedetail/7120231202030005/?pageType=result,2026-10-04T02:56:20.147799+00:00,7-1/5-2/6-3-4,published,競輪毎日,楽天Kドリームス 並び予想
7120231202030006,2023-12-04,高松競輪,F2,A1/A2,6,Ａ級特選,10:30,10:25,7,https://keirin.kdreams.jp/takamatsu/racedetail/7120231202030006/?pageType=result,2026-10-04T02:56:22.357135+00:00,1-4-5/6-2/3-7,published,競輪毎日,楽天Kドリームス 並び予想
7120231202030007,2023-12-04,高松競輪,F2,A1/A2,7,Ａ級決勝,10:50,10:45,7,https://keirin.kdreams.jp/takamatsu/racedetail/7120231202030007/?pageType=result,2026-10-04T02:56:24.465742+00:00,1-5-7/4-2/3-6,published,競輪毎日,楽天Kドリームス 並び予想
3720231202040009,2023-12-05,伊東競輪,,A1/A2,9,Ａ級Ｒ・ファイナル,18:53,18:48,9,https://keirin.kdreams.jp/ito/racedetail/3720231202040009/?pageType=result,2026-10-04T02:53:45.166991+00:00,4-1-7/2-6/3/5/8/9,published,ひかり・小田競,楽天Kドリームス 並び予想
4420231205010005,2023-12-05,大垣競輪,F2,A1/A2,5,Ａ級特予選,22:10,22:05,7,https://keirin.kdreams.jp/ogaki/racedetail/4420231205010005/?pageType=result,2026-10-04T02:58:55.553244+00:00,1-7/2-5-6/3/4,published,ひかり,楽天Kドリームス 並び予想
4420231205010006,2023-12-05,大垣競輪,F2,A1/A2,6,Ａ級特予選,22:30,22:25,7,https://keirin.kdreams.jp/ogaki/racedetail/4420231205010006/?pageType=result,2026-10-04T02:58:58.099187+00:00,1-4/3-2-7/6-5,published,ひかり,楽天Kドリームス 並び予想
4420231205010007,2023-12-05,大垣競輪,F2,A1/A2,7,Ａ級特予選,22:50,22:45,7,https://keirin.kdreams.jp/ogaki/racedetail/4420231205010007/?pageType=result,2026-10-04T02:59:00.016733+00:00,2-1/3-5-6/7-4,published,ひかり,楽天Kドリームス 並び予想
4420231205010008,2023-12-05,大垣競輪,F2,A1/A2,8,Ａ級特予選,23:10,23:05,7,https://keirin.kdreams.jp/ogaki/racedetail/4420231205010008/?pageType=result,2026-10-04T02:59:02.134511+00:00,1-2-4/3-6/5-7,published,ひかり,楽天Kドリームス 並び予想
4420231205010009,2023-12-05,大垣競輪,F2,A1/A2,9,Ａ級初日特選,23:30,23:25,7,https://keirin.kdreams.jp/ogaki/racedetail/4420231205010009/?pageType=result,2026-10-04T02:59:04.133865+00:00,2-1-6/3-7/4-5,published,ひかり,楽天Kドリームス 並び予想
5320231204020008,2023-12-05,奈良競輪,F2,A1/A2,8,Ａ級特一般,11:15,11:10,7,https://keirin.kdreams.jp/nara/racedetail/5320231204020008/?pageType=result,2026-10-04T02:56:38.541444+00:00,5-1-6/3/7-4-2,published,競輪研究,楽天Kドリームス 並び予想
5320231204020009,2023-12-05,奈良競輪,F2,A1/A2,9,Ａ級特一般,11:40,11:35,7,https://keirin.kdreams.jp/nara/racedetail/5320231204020009/?pageType=result,2026-10-04T02:56:41.382616+00:00,5-1/2-7/3-4-6,published,競輪研究,楽天Kドリームス 並び予想
5320231204020010,2023-12-05,奈良競輪,F2,A1/A2,10,Ａ級準決勝,12:10,12:05,7,https://keirin.kdreams.jp/nara/racedetail/5320231204020010/?pageType=result,2026-10-04T02:56:43.326750+00:00,7-1/2-4/3-5/6,published,競輪研究,楽天Kドリームス 並び予想
5320231204020011,2023-12-05,奈良競輪,F2,A1/A2,11,Ａ級準決勝,12:40,12:35,7,https://keirin.kdreams.jp/nara/racedetail/5320231204020011/?pageType=result,2026-10-04T02:56:45.905620+00:00,6-1/7-2-4/5-3,published,競輪研究,楽天Kドリームス 並び予想
5320231204020012,2023-12-05,奈良競輪,F2,A1/A2,12,Ａ級準決勝,13:10,13:05,7,https://keirin.kdreams.jp/nara/racedetail/5320231204020012/?pageType=result,2026-10-04T02:56:47.912589+00:00,4-1-6/7-2-5/3,published,競輪研究,楽天Kドリームス 並び予想
8120231205010003,2023-12-05,小倉競輪,F2,A1/A2,3,Ａ級予選,21:20,21:15,7,https://keirin.kdreams.jp/kokura/racedetail/8120231205010003/?pageType=result,2026-10-04T02:58:07.739417+00:00,7-1/3-2/5-4-6,published,コンドル出版社,楽天Kドリームス 並び予想
8120231205010004,2023-12-05,小倉競輪,F2,A1/A2,4,Ａ級予選,21:40,21:35,7,https://keirin.kdreams.jp/kokura/racedetail/8120231205010004/?pageType=result,2026-10-04T02:58:09.935446+00:00,1-2-5/3-4-6/7,published,コンドル出版社,楽天Kドリームス 並び予想
8120231205010005,2023-12-05,小倉競輪,F2,A1/A2,5,Ａ級予選,22:00,21:55,7,https://keirin.kdreams.jp/kokura/racedetail/8120231205010005/?pageType=result,2026-10-04T02:58:12.174701+00:00,1-2-7/6-3/5-4,published,コンドル出版社,楽天Kドリームス 並び予想
8120231205010006,2023-12-05,小倉競輪,F2,A1/A2,6,Ａ級予選,22:20,22:15,7,https://keirin.kdreams.jp/kokura/racedetail/8120231205010006/?pageType=result,2026-10-04T02:58:14.299179+00:00,1-2/6-3-7/5-4,published,コンドル出版社,楽天Kドリームス 並び予想
8120231205010007,2023-12-05,小倉競輪,F2,A1/A2,7,Ａ級予選,22:40,22:35,7,https://keirin.kdreams.jp/kokura/racedetail/8120231205010007/?pageType=result,2026-10-04T02:58:16.406102+00:00,2-1-6-5/4-3/7,published,コンドル出版社,楽天Kドリームス 並び予想
8120231205010008,2023-12-05,小倉競輪,F2,A1/A2,8,Ａ級予選,23:00,22:55,7,https://keirin.kdreams.jp/kokura/racedetail/8120231205010008/?pageType=result,2026-10-04T02:58:18.577001+00:00,1-2-6/3-4/5/7,published,コンドル出版社,楽天Kドリームス 並び予想
8120231205010009,2023-12-05,小倉競輪,F2,A1/A2,9,Ａ級初日特選,23:20,23:15,7,https://keirin.kdreams.jp/kokura/racedetail/8120231205010009/?pageType=result,2026-10-04T02:58:21.200102+00:00,1-5/2-7/4-3/6,published,コンドル出版社,楽天Kドリームス 並び予想
6120231204020001,2023-12-05,玉野競輪,F1,A1/A2,1,Ａ級一般,10:35,10:30,7,https://keirin.kdreams.jp/tamano/racedetail/6120231204020001/?pageType=result,2026-10-04T02:57:12.236061+00:00,4-1-3/2-7-5/6,published,競輪毎日,楽天Kドリームス 並び予想
6120231204020002,2023-12-05,玉野競輪,F1,A1/A2,2,Ａ級一般,11:03,10:58,7,https://keirin.kdreams.jp/tamano/racedetail/6120231204020002/?pageType=result,2026-10-04T02:57:14.678520+00:00,1-5-3/6-2-4/7,published,競輪毎日,楽天Kドリームス 並び予想
6120231204020003,2023-12-05,玉野競輪,F1,A1/A2,3,Ａ級準決勝,11:31,11:26,7,https://keirin.kdreams.jp/tamano/racedetail/6120231204020003/?pageType=result,2026-10-04T02:57:16.867566+00:00,5-1-6/2/4/7-3,published,競輪毎日,楽天Kドリームス 並び予想
6120231204020004,2023-12-05,玉野競輪,F1,A1/A2,4,Ａ級準決勝,12:01,11:56,7,https://keirin.kdreams.jp/tamano/racedetail/6120231204020004/?pageType=result,2026-10-04T02:57:18.943047+00:00,1-7/2-4/3-5/6,published,競輪毎日,楽天Kドリームス 並び予想
6120231204020005,2023-12-05,玉野競輪,F1,A1/A2,5,Ａ級準決勝,12:31,12:26,7,https://keirin.kdreams.jp/tamano/racedetail/6120231204020005/?pageType=result,2026-10-04T02:57:21.115367+00:00,7-1-5/6-2/3-4,published,競輪毎日,楽天Kドリームス 並び予想
4520231204020008,2023-12-05,豊橋競輪,F2,A1/A2,8,Ａ級特一般,14:11,14:06,6,https://keirin.kdreams.jp/toyohashi/racedetail/4520231204020008/?pageType=result,2026-10-04T02:57:45.583441+00:00,1-3-5/6-2/4,published,中部競輪,楽天Kドリームス 並び予想
4520231204020009,2023-12-05,豊橋競輪,F2,A1/A2,9,Ａ級特一般,14:42,14:37,7,https://keirin.kdreams.jp/toyohashi/racedetail/4520231204020009/?pageType=result,2026-10-04T02:57:47.952965+00:00,1-4/5-2-7/3/6,published,中部競輪,楽天Kドリームス 並び予想
4520231204020010,2023-12-05,豊橋競輪,F2,A1/A2,10,Ａ級準決勝,15:15,15:10,7,https://keirin.kdreams.jp/toyohashi/racedetail/4520231204020010/?pageType=result,2026-10-04T02:57:50.102214+00:00,2-4-7/1-5/6-3,published,中部競輪,楽天Kドリームス 並び予想
4520231204020011,2023-12-05,豊橋競輪,F2,A1/A2,11,Ａ級準決勝,15:48,15:43,7,https://keirin.kdreams.jp/toyohashi/racedetail/4520231204020011/?pageType=result,2026-10-04T02:57:52.236061+00:00,5-4/2-6/1/7-3,published,中部競輪,楽天Kドリームス 並び予想
4520231204020012,2023-12-05,豊橋競輪,F2,A1/A2,12,Ａ級準決勝,16:21,16:16,7,https://keirin.kdreams.jp/toyohashi/racedetail/4520231204020012/?pageType=result,2026-10-04T02:57:54.329132+00:00,1-7-4/6-2/3-5,published,中部競輪,楽天Kドリームス 並び予想
4420231205020005,2023-12-06,大垣競輪,F2,A1/A2,5,Ａ級特一般,22:10,22:05,6,https://keirin.kdreams.jp/ogaki/racedetail/4420231205020005/?pageType=result,2026-10-04T02:59:06.414601+00:00,1-2-3/4-6/5,published,ひかり,楽天Kドリームス 並び予想
4420231205020006,2023-12-06,大垣競輪,F2,A1/A2,6,Ａ級特一般,22:30,22:25,7,https://keirin.kdreams.jp/ogaki/racedetail/4420231205020006/?pageType=result,2026-10-04T02:59:08.525891+00:00,7-1-3/4/6-2-5,published,ひかり,楽天Kドリームス 並び予想
4420231205020007,2023-12-06,大垣競輪,F2,A1/A2,7,Ａ級準決勝,22:50,22:45,7,https://keirin.kdreams.jp/ogaki/racedetail/4420231205020007/?pageType=result,2026-10-04T02:59:10.790866+00:00,1-3-7/6-5-2/4,published,ひかり,楽天Kドリームス 並び予想
4420231205020008,2023-12-06,大垣競輪,F2,A1/A2,8,Ａ級準決勝,23:10,23:05,7,https://keirin.kdreams.jp/ogaki/racedetail/4420231205020008/?pageType=result,2026-10-04T02:59:13.127422+00:00,1-4/3-2/5-7/6,published,ひかり,楽天Kドリームス 並び予想
4420231205020009,2023-12-06,大垣競輪,F2,A1/A2,9,Ａ級準決勝,23:30,23:25,7,https://keirin.kdreams.jp/ogaki/racedetail/4420231205020009/?pageType=result,2026-10-04T02:59:15.296672+00:00,2-1-7/5-3-4/6,published,ひかり,楽天Kドリームス 並び予想
5320231204030007,2023-12-06,奈良競輪,F2,A1/A2,7,Ａ級特一般,10:50,10:45,7,https://keirin.kdreams.jp/nara/racedetail/5320231204030007/?pageType=result,2026-10-04T02:56:50.188197+00:00,1-5-7/2-4-3-6,published,競輪研究,楽天Kドリームス 並び予想
5320231204030008,2023-12-06,奈良競輪,F2,A1/A2,8,Ａ級特一般,11:15,11:10,7,https://keirin.kdreams.jp/nara/racedetail/5320231204030008/?pageType=result,2026-10-04T02:56:52.520595+00:00,5-4-1/2-7/3-6,published,競輪研究,楽天Kドリームス 並び予想
5320231204030009,2023-12-06,奈良競輪,F2,A1/A2,9,Ａ級特選,11:40,11:35,7,https://keirin.kdreams.jp/nara/racedetail/5320231204030009/?pageType=result,2026-10-04T02:56:54.607281+00:00,2-5-6/1-7/3-4,published,競輪研究,楽天Kドリームス 並び予想
5320231204030010,2023-12-06,奈良競輪,F2,A1/A2,10,Ａ級特選,12:10,12:05,7,https://keirin.kdreams.jp/nara/racedetail/5320231204030010/?pageType=result,2026-10-04T02:56:56.799709+00:00,1-5-3/2/4-7-6,published,競輪研究,楽天Kドリームス 並び予想
5320231204030012,2023-12-06,奈良競輪,F2,A1/A2,12,Ａ級決勝,13:10,13:05,7,https://keirin.kdreams.jp/nara/racedetail/5320231204030012/?pageType=result,2026-10-04T02:56:58.841666+00:00,3-2/6-1/4-7-5,published,競輪研究,楽天Kドリームス 並び予想
8120231205020003,2023-12-06,小倉競輪,F2,A1/A2,3,Ａ級一般,21:20,21:15,7,https://keirin.kdreams.jp/kokura/racedetail/8120231205020003/?pageType=result,2026-10-04T02:58:23.660271+00:00,3-1-5/2-6/4/7,published,コンドル出版社,楽天Kドリームス 並び予想
8120231205020004,2023-12-06,小倉競輪,F2,A1/A2,4,Ａ級一般,21:40,21:35,7,https://keirin.kdreams.jp/kokura/racedetail/8120231205020004/?pageType=result,2026-10-04T02:58:26.279247+00:00,1-6-4/5-2/3/7,published,コンドル出版社,楽天Kドリームス 並び予想
8120231205020005,2023-12-06,小倉競輪,F2,A1/A2,5,Ａ級選抜,22:00,21:55,7,https://keirin.kdreams.jp/kokura/racedetail/8120231205020005/?pageType=result,2026-10-04T02:58:28.369283+00:00,2-1-7/3-4/5-6,published,コンドル出版社,楽天Kドリームス 並び予想
8120231205020006,2023-12-06,小倉競輪,F2,A1/A2,6,Ａ級選抜,22:20,22:15,7,https://keirin.kdreams.jp/kokura/racedetail/8120231205020006/?pageType=result,2026-10-04T02:58:30.805119+00:00,3-1-2/4/7-5/6,published,コンドル出版社,楽天Kドリームス 並び予想
8120231205020007,2023-12-06,小倉競輪,F2,A1/A2,7,Ａ級準決勝,22:40,22:35,7,https://keirin.kdreams.jp/kokura/racedetail/8120231205020007/?pageType=result,2026-10-04T02:58:33.196363+00:00,4-1-6/2-3/5/7,published,コンドル出版社,楽天Kドリームス 並び予想
8120231205020008,2023-12-06,小倉競輪,F2,A1/A2,8,Ａ級準決勝,23:00,22:55,7,https://keirin.kdreams.jp/kokura/racedetail/8120231205020008/?pageType=result,2026-10-04T02:58:35.591827+00:00,1-6/2-3/5-4-7,published,コンドル出版社,楽天Kドリームス 並び予想
8120231205020009,2023-12-06,小倉競輪,F2,A1/A2,9,Ａ級準決勝,23:20,23:15,7,https://keirin.kdreams.jp/kokura/racedetail/8120231205020009/?pageType=result,2026-10-04T02:58:37.999536+00:00,1-2/6-3-5/7-4,published,コンドル出版社,楽天Kドリームス 並び予想
3420231206010001,2023-12-06,川崎競輪,F1,A1/A2,1,Ａ級予選,15:42,15:37,7,https://keirin.kdreams.jp/kawasaki/racedetail/3420231206010001/?pageType=result,2026-10-04T02:59:29.387739+00:00,6-1/7-2-5/4-3,published,小田競・サイクル,楽天Kドリームス 並び予想
3420231206010002,2023-12-06,川崎競輪,F1,A1/A2,2,Ａ級予選,16:06,16:01,7,https://keirin.kdreams.jp/kawasaki/racedetail/3420231206010002/?pageType=result,2026-10-04T02:59:31.778550+00:00,3-5-1/7-4-2/6,published,小田競・サイクル,楽天Kドリームス 並び予想
3420231206010003,2023-12-06,川崎競輪,F1,A1/A2,3,Ａ級予選,16:30,16:25,7,https://keirin.kdreams.jp/kawasaki/racedetail/3420231206010003/?pageType=result,2026-10-04T02:59:33.979602+00:00,5-1/4-2-6/7-3,published,小田競・サイクル,楽天Kドリームス 並び予想
3420231206010004,2023-12-06,川崎競輪,F1,A1/A2,4,Ａ級予選,16:55,16:50,7,https://keirin.kdreams.jp/kawasaki/racedetail/3420231206010004/?pageType=result,2026-10-04T02:59:36.777525+00:00,7-1-4/2-5/3/6,published,小田競・サイクル,楽天Kドリームス 並び予想
3420231206010005,2023-12-06,川崎競輪,F1,A1/A2,5,Ａ級初日特選,17:20,17:15,7,https://keirin.kdreams.jp/kawasaki/racedetail/3420231206010005/?pageType=result,2026-10-04T02:59:38.806610+00:00,2-6/1/3-4/7-5,published,小田競・サイクル,楽天Kドリームス 並び予想
6120231204030001,2023-12-06,玉野競輪,F1,A1/A2,1,Ａ級一般,10:35,10:30,7,https://keirin.kdreams.jp/tamano/racedetail/6120231204030001/?pageType=result,2026-10-04T02:57:23.349317+00:00,1-7-5/4-2-6/3,published,競輪毎日,楽天Kドリームス 並び予想
6120231204030002,2023-12-06,玉野競輪,F1,A1/A2,2,Ａ級一般,11:03,10:58,7,https://keirin.kdreams.jp/tamano/racedetail/6120231204030002/?pageType=result,2026-10-04T02:57:25.419706+00:00,2-7/1-4/6-3/5,published,競輪毎日,楽天Kドリームス 並び予想
6120231204030003,2023-12-06,玉野競輪,F1,A1/A2,3,Ａ級特選,11:31,11:26,7,https://keirin.kdreams.jp/tamano/racedetail/6120231204030003/?pageType=result,2026-10-04T02:57:27.814719+00:00,4-1-6/7-2/3-5,published,競輪毎日,楽天Kドリームス 並び予想
6120231204030004,2023-12-06,玉野競輪,F1,A1/A2,4,Ａ級特選,12:01,11:56,7,https://keirin.kdreams.jp/tamano/racedetail/6120231204030004/?pageType=result,2026-10-04T02:57:30.293812+00:00,3-7-4/1-5/2-6,published,競輪毎日,楽天Kドリームス 並び予想
6120231204030011,2023-12-06,玉野競輪,F1,A1/A2,11,Ａ級決勝,15:45,15:40,7,https://keirin.kdreams.jp/tamano/racedetail/6120231204030011/?pageType=result,2026-10-04T02:57:32.318820+00:00,1-7-3/4/5-6-2,published,競輪毎日,楽天Kドリームス 並び予想
4520231204030006,2023-12-06,豊橋競輪,F2,A1/A2,6,Ａ級特一般,13:09,13:04,7,https://keirin.kdreams.jp/toyohashi/racedetail/4520231204030006/?pageType=result,2026-10-04T02:57:56.534236+00:00,6-2-4/5/7-3-1,published,中部競輪,楽天Kドリームス 並び予想
4520231204030007,2023-12-06,豊橋競輪,F2,A1/A2,7,Ａ級特一般,13:40,13:35,7,https://keirin.kdreams.jp/toyohashi/racedetail/4520231204030007/?pageType=result,2026-10-04T02:57:58.720617+00:00,1-5-4/7-2-6/3,published,中部競輪,楽天Kドリームス 並び予想
4520231204030008,2023-12-06,豊橋競輪,F2,A1/A2,8,Ａ級特選,14:11,14:06,7,https://keirin.kdreams.jp/toyohashi/racedetail/4520231204030008/?pageType=result,2026-10-04T02:58:00.991072+00:00,6-2/1-7-5/4-3,published,中部競輪,楽天Kドリームス 並び予想
4520231204030009,2023-12-06,豊橋競輪,F2,A1/A2,9,Ａ級特選,14:42,14:37,7,https://keirin.kdreams.jp/toyohashi/racedetail/4520231204030009/?pageType=result,2026-10-04T02:58:03.304628+00:00,7-1/2/3-5/6-4,published,中部競輪,楽天Kドリームス 並び予想
4520231204030012,2023-12-06,豊橋競輪,F2,A1/A2,12,Ａ級決勝,16:21,16:16,7,https://keirin.kdreams.jp/toyohashi/racedetail/4520231204030012/?pageType=result,2026-10-04T02:58:05.455460+00:00,5-1/4-7-2/6-3,published,中部競輪,楽天Kドリームス 並び予想
2320231207010001,2023-12-07,取手競輪,F2,A1/A2,1,Ａ級予選,08:50,08:45,7,https://keirin.kdreams.jp/toride/racedetail/2320231207010001/?pageType=result,2026-10-04T03:00:37.820560+00:00,7-1-6/2-4/5-3,published,アオケイ,楽天Kドリームス 並び予想
2320231207010002,2023-12-07,取手競輪,F2,A1/A2,2,Ａ級予選,09:10,09:05,7,https://keirin.kdreams.jp/toride/racedetail/2320231207010002/?pageType=result,2026-10-04T03:00:40.450203+00:00,2-6/4-1/5-3-7,published,アオケイ,楽天Kドリームス 並び予想
2320231207010003,2023-12-07,取手競輪,F2,A1/A2,3,Ａ級予選,09:30,09:25,7,https://keirin.kdreams.jp/toride/racedetail/2320231207010003/?pageType=result,2026-10-04T03:00:42.609337+00:00,7-1/2-6/5-3-4,published,アオケイ,楽天Kドリームス 並び予想
2320231207010004,2023-12-07,取手競輪,F2,A1/A2,4,Ａ級予選,09:50,09:45,7,https://keirin.kdreams.jp/toride/racedetail/2320231207010004/?pageType=result,2026-10-04T03:00:45.097735+00:00,1-4/5/7-2/3-6,published,アオケイ,楽天Kドリームス 並び予想
2320231207010005,2023-12-07,取手競輪,F2,A1/A2,5,Ａ級予選,10:10,10:05,7,https://keirin.kdreams.jp/toride/racedetail/2320231207010005/?pageType=result,2026-10-04T03:00:47.438655+00:00,1-4-3/6/7-5-2,published,アオケイ,楽天Kドリームス 並び予想
2320231207010006,2023-12-07,取手競輪,F2,A1/A2,6,Ａ級予選,10:30,10:25,7,https://keirin.kdreams.jp/toride/racedetail/2320231207010006/?pageType=result,2026-10-04T03:00:49.672287+00:00,1-7-4/2-5/3-6,published,アオケイ,楽天Kドリームス 並び予想
2320231207010007,2023-12-07,取手競輪,F2,A1/A2,7,Ａ級初日特選,10:50,10:45,7,https://keirin.kdreams.jp/toride/racedetail/2320231207010007/?pageType=result,2026-10-04T03:00:51.845494+00:00,7-1/4-3/6/2-5,published,アオケイ,楽天Kドリームス 並び予想
4420231205030004,2023-12-07,大垣競輪,F2,A1/A2,4,Ａ級特一般,21:50,21:45,7,https://keirin.kdreams.jp/ogaki/racedetail/4420231205030004/?pageType=result,2026-10-04T02:59:17.505841+00:00,1-3/2-5-7/6-4,published,ひかり,楽天Kドリームス 並び予想
4420231205030005,2023-12-07,大垣競輪,F2,A1/A2,5,Ａ級特一般,22:10,22:05,7,https://keirin.kdreams.jp/ogaki/racedetail/4420231205030005/?pageType=result,2026-10-04T02:59:20.002091+00:00,1-4/6-2/3-5/7,published,ひかり,楽天Kドリームス 並び予想
4420231205030006,2023-12-07,大垣競輪,F2,A1/A2,6,Ａ級特選,22:30,22:25,7,https://keirin.kdreams.jp/ogaki/racedetail/4420231205030006/?pageType=result,2026-10-04T02:59:22.276804+00:00,1-3/4-2/7-5-6,published,ひかり,楽天Kドリームス 並び予想
4420231205030007,2023-12-07,大垣競輪,F2,A1/A2,7,Ａ級特選,22:50,22:45,7,https://keirin.kdreams.jp/ogaki/racedetail/4420231205030007/?pageType=result,2026-10-04T02:59:24.319563+00:00,1-3-2/5/4-7/6,published,ひかり,楽天Kドリームス 並び予想
4420231205030009,2023-12-07,大垣競輪,F2,A1/A2,9,Ａ級決勝,23:30,23:25,7,https://keirin.kdreams.jp/ogaki/racedetail/4420231205030009/?pageType=result,2026-10-04T02:59:27.035424+00:00,2-1-5/6-3-4-7,published,ひかり,楽天Kドリームス 並び予想
8120231205030002,2023-12-07,小倉競輪,F2,A1/A2,2,Ａ級一般,21:00,20:55,7,https://keirin.kdreams.jp/kokura/racedetail/8120231205030002/?pageType=result,2026-10-04T02:58:40.190223+00:00,7-2-5/1-3/6-4,published,コンドル出版社,楽天Kドリームス 並び予想
8120231205030003,2023-12-07,小倉競輪,F2,A1/A2,3,Ａ級一般,21:20,21:15,7,https://keirin.kdreams.jp/kokura/racedetail/8120231205030003/?pageType=result,2026-10-04T02:58:42.303327+00:00,4-2/1-5/3-7/6,published,コンドル出版社,楽天Kドリームス 並び予想
8120231205030004,2023-12-07,小倉競輪,F2,A1/A2,4,Ａ級一般,21:40,21:35,7,https://keirin.kdreams.jp/kokura/racedetail/8120231205030004/?pageType=result,2026-10-04T02:58:44.426545+00:00,5-1-6/2/4/7-3,published,コンドル出版社,楽天Kドリームス 並び予想
8120231205030005,2023-12-07,小倉競輪,F2,A1/A2,5,Ａ級特選,22:00,21:55,7,https://keirin.kdreams.jp/kokura/racedetail/8120231205030005/?pageType=result,2026-10-04T02:58:46.683589+00:00,2-6/1/3-4/7-5,published,コンドル出版社,楽天Kドリームス 並び予想
8120231205030006,2023-12-07,小倉競輪,F2,A1/A2,6,Ａ級特選,22:20,22:15,7,https://keirin.kdreams.jp/kokura/racedetail/8120231205030006/?pageType=result,2026-10-04T02:58:48.986823+00:00,3-2/1/5-4/6-7,published,コンドル出版社,楽天Kドリームス 並び予想
8120231205030007,2023-12-07,小倉競輪,F2,A1/A2,7,Ａ級特選,22:40,22:35,7,https://keirin.kdreams.jp/kokura/racedetail/8120231205030007/?pageType=result,2026-10-04T02:58:51.150517+00:00,1-3/2-5/4-6/7,published,コンドル出版社,楽天Kドリームス 並び予想
8120231205030009,2023-12-07,小倉競輪,F2,A1/A2,9,Ａ級決勝,23:20,23:15,7,https://keirin.kdreams.jp/kokura/racedetail/8120231205030009/?pageType=result,2026-10-04T02:58:53.597779+00:00,3-1-5/4/7-2-6,published,コンドル出版社,楽天Kドリームス 並び予想
3420231206020001,2023-12-07,川崎競輪,F1,A1/A2,1,Ａ級一般,15:42,15:37,7,https://keirin.kdreams.jp/kawasaki/racedetail/3420231206020001/?pageType=result,2026-10-04T02:59:41.163058+00:00,2-7-6/4/3-5/1,published,小田競・サイクル,楽天Kドリームス 並び予想
3420231206020002,2023-12-07,川崎競輪,F1,A1/A2,2,Ａ級一般,16:06,16:01,7,https://keirin.kdreams.jp/kawasaki/racedetail/3420231206020002/?pageType=result,2026-10-04T02:59:44.363983+00:00,6-4-1/5-2/3-7,published,小田競・サイクル,楽天Kドリームス 並び予想
3420231206020003,2023-12-07,川崎競輪,F1,A1/A2,3,Ａ級準決勝,16:30,16:25,7,https://keirin.kdreams.jp/kawasaki/racedetail/3420231206020003/?pageType=result,2026-10-04T02:59:46.606123+00:00,1-4/2-5/3-7/6,published,小田競・サイクル,楽天Kドリームス 並び予想
3420231206020004,2023-12-07,川崎競輪,F1,A1/A2,4,Ａ級準決勝,16:55,16:50,7,https://keirin.kdreams.jp/kawasaki/racedetail/3420231206020004/?pageType=result,2026-10-04T02:59:48.788094+00:00,7-1/6-2/5-3/4,published,小田競・サイクル,楽天Kドリームス 並び予想
3420231206020005,2023-12-07,川崎競輪,F1,A1/A2,5,Ａ級準決勝,17:20,17:15,7,https://keirin.kdreams.jp/kawasaki/racedetail/3420231206020005/?pageType=result,2026-10-04T02:59:50.856150+00:00,5-1/2-4/7-3-6,published,小田競・サイクル,楽天Kドリームス 並び予想
7420231207010001,2023-12-07,高知競輪,F1,A1/A2,1,Ａ級予選,10:50,10:45,7,https://keirin.kdreams.jp/kochi/racedetail/7420231207010001/?pageType=result,2026-10-04T03:00:04.226894+00:00,6-1/3-5/7-2-4,published,福ちゃん出版社,楽天Kドリームス 並び予想
7420231207010002,2023-12-07,高知競輪,F1,A1/A2,2,Ａ級予選,11:16,11:11,7,https://keirin.kdreams.jp/kochi/racedetail/7420231207010002/?pageType=result,2026-10-04T03:00:06.369637+00:00,7-2-5/1-6/3-4,published,福ちゃん出版社,楽天Kドリームス 並び予想
7420231207010003,2023-12-07,高知競輪,F1,A1/A2,3,Ａ級予選,11:43,11:38,7,https://keirin.kdreams.jp/kochi/racedetail/7420231207010003/?pageType=result,2026-10-04T03:00:08.427865+00:00,1-7-4/2-5/6-3,published,福ちゃん出版社,楽天Kドリームス 並び予想
7420231207010004,2023-12-07,高知競輪,F1,A1/A2,4,Ａ級予選,12:10,12:05,7,https://keirin.kdreams.jp/kochi/racedetail/7420231207010004/?pageType=result,2026-10-04T03:00:10.583197+00:00,1-7-4/2-6/5-3,published,福ちゃん出版社,楽天Kドリームス 並び予想
7420231207010005,2023-12-07,高知競輪,F1,A1/A2,5,Ａ級初日特選,12:37,12:32,7,https://keirin.kdreams.jp/kochi/racedetail/7420231207010005/?pageType=result,2026-10-04T03:00:13.217936+00:00,4-1-5/2-7/6-3,published,福ちゃん出版社,楽天Kドリームス 並び予想
2320231207020001,2023-12-08,取手競輪,F2,A1/A2,1,Ａ級一般,08:50,08:45,7,https://keirin.kdreams.jp/toride/racedetail/2320231207020001/?pageType=result,2026-10-04T03:00:54.254963+00:00,1-6/3/5/2-7-4,published,アオケイ,楽天Kドリームス 並び予想
2320231207020002,2023-12-08,取手競輪,F2,A1/A2,2,Ａ級一般,09:10,09:05,7,https://keirin.kdreams.jp/toride/racedetail/2320231207020002/?pageType=result,2026-10-04T03:00:56.583894+00:00,1-7-3/4/5-2-6,published,アオケイ,楽天Kドリームス 並び予想
2320231207020003,2023-12-08,取手競輪,F2,A1/A2,3,Ａ級選抜,09:30,09:25,7,https://keirin.kdreams.jp/toride/racedetail/2320231207020003/?pageType=result,2026-10-04T03:00:59.101142+00:00,1-4/2-6/5-3-7,published,アオケイ,楽天Kドリームス 並び予想
2320231207020004,2023-12-08,取手競輪,F2,A1/A2,4,Ａ級選抜,09:50,09:45,7,https://keirin.kdreams.jp/toride/racedetail/2320231207020004/?pageType=result,2026-10-04T03:01:02.131414+00:00,4-1-6/2/3-7-5,published,アオケイ,楽天Kドリームス 並び予想
2320231207020005,2023-12-08,取手競輪,F2,A1/A2,5,Ａ級準決勝,10:10,10:05,7,https://keirin.kdreams.jp/toride/racedetail/2320231207020005/?pageType=result,2026-10-04T03:01:05.349662+00:00,1-4/3/7/5-2-6,published,アオケイ,楽天Kドリームス 並び予想
2320231207020006,2023-12-08,取手競輪,F2,A1/A2,6,Ａ級準決勝,10:30,10:25,7,https://keirin.kdreams.jp/toride/racedetail/2320231207020006/?pageType=result,2026-10-04T03:01:08.146047+00:00,7-1/3-4/5-2-6,published,アオケイ,楽天Kドリームス 並び予想
2320231207020007,2023-12-08,取手競輪,F2,A1/A2,7,Ａ級準決勝,10:50,10:45,7,https://keirin.kdreams.jp/toride/racedetail/2320231207020007/?pageType=result,2026-10-04T03:01:10.696346+00:00,7-1-5/4-2/6-3,published,アオケイ,楽天Kドリームス 並び予想
5620231208010005,2023-12-08,岸和田競輪,F2,A1/A2,5,Ａ級特予選,22:10,22:05,7,https://keirin.kdreams.jp/kishiwada/racedetail/5620231208010005/?pageType=result,2026-10-04T03:01:29.972045+00:00,1-2/5-4/6-3-7,published,競輪研究,楽天Kドリームス 並び予想
5620231208010006,2023-12-08,岸和田競輪,F2,A1/A2,6,Ａ級特予選,22:30,22:25,7,https://keirin.kdreams.jp/kishiwada/racedetail/5620231208010006/?pageType=result,2026-10-04T03:01:32.181213+00:00,2-1/4-3-6/5-7,published,競輪研究,楽天Kドリームス 並び予想
5620231208010007,2023-12-08,岸和田競輪,F2,A1/A2,7,Ａ級特予選,22:50,22:45,7,https://keirin.kdreams.jp/kishiwada/racedetail/5620231208010007/?pageType=result,2026-10-04T03:01:34.401541+00:00,1-7/4-2-5/3-6,published,競輪研究,楽天Kドリームス 並び予想
5620231208010008,2023-12-08,岸和田競輪,F2,A1/A2,8,Ａ級特予選,23:10,23:05,7,https://keirin.kdreams.jp/kishiwada/racedetail/5620231208010008/?pageType=result,2026-10-04T03:01:37.413262+00:00,1-4-7/2-3/6-5,published,競輪研究,楽天Kドリームス 並び予想
5620231208010009,2023-12-08,岸和田競輪,F2,A1/A2,9,Ａ級初日特選,23:30,23:25,7,https://keirin.kdreams.jp/kishiwada/racedetail/5620231208010009/?pageType=result,2026-10-04T03:01:39.771712+00:00,2-4-7/1-6/5-3,published,競輪研究,楽天Kドリームス 並び予想
3420231206030001,2023-12-08,川崎競輪,F1,A1/A2,1,Ａ級一般,15:42,15:37,7,https://keirin.kdreams.jp/kawasaki/racedetail/3420231206030001/?pageType=result,2026-10-04T02:59:52.892593+00:00,7-2/1/5-3/4-6,published,小田競・サイクル,楽天Kドリームス 並び予想
3420231206030002,2023-12-08,川崎競輪,F1,A1/A2,2,Ａ級一般,16:06,16:01,7,https://keirin.kdreams.jp/kawasaki/racedetail/3420231206030002/?pageType=result,2026-10-04T02:59:55.148583+00:00,7-1-5/2/4-3-6,published,小田競・サイクル,楽天Kドリームス 並び予想
3420231206030003,2023-12-08,川崎競輪,F1,A1/A2,3,Ａ級特選,16:30,16:25,7,https://keirin.kdreams.jp/kawasaki/racedetail/3420231206030003/?pageType=result,2026-10-04T02:59:57.593236+00:00,4-1/3-7/2-6-5,published,小田競・サイクル,楽天Kドリームス 並び予想
3420231206030004,2023-12-08,川崎競輪,F1,A1/A2,4,Ａ級特選,16:55,16:50,7,https://keirin.kdreams.jp/kawasaki/racedetail/3420231206030004/?pageType=result,2026-10-04T02:59:59.866309+00:00,2-7/1-6/3-5/4,published,小田競・サイクル,楽天Kドリームス 並び予想
3420231206030011,2023-12-08,川崎競輪,F1,A1/A2,11,Ａ級決勝,20:00,19:55,7,https://keirin.kdreams.jp/kawasaki/racedetail/3420231206030011/?pageType=result,2026-10-04T03:00:02.136996+00:00,1-5/4-2/7-3-6,published,小田競・サイクル,楽天Kドリームス 並び予想
4720231208010001,2023-12-08,松阪競輪,F1,A1/A2,1,Ａ級予選,15:54,15:49,7,https://keirin.kdreams.jp/matsusaka/racedetail/4720231208010001/?pageType=result,2026-10-04T03:02:05.236352+00:00,7-3-4/2-5-6-1,published,中部競輪,楽天Kドリームス 並び予想
4720231208010002,2023-12-08,松阪競輪,F1,A1/A2,2,Ａ級予選,16:18,16:13,7,https://keirin.kdreams.jp/matsusaka/racedetail/4720231208010002/?pageType=result,2026-10-04T03:02:07.296773+00:00,3-4/6-2/7-5-1,published,中部競輪,楽天Kドリームス 並び予想
4720231208010003,2023-12-08,松阪競輪,F1,A1/A2,3,Ａ級予選,16:42,16:37,7,https://keirin.kdreams.jp/matsusaka/racedetail/4720231208010003/?pageType=result,2026-10-04T03:02:09.422845+00:00,1-5-6/4-2/3-7,published,中部競輪,楽天Kドリームス 並び予想
4720231208010004,2023-12-08,松阪競輪,F1,A1/A2,4,Ａ級予選,17:06,17:01,7,https://keirin.kdreams.jp/matsusaka/racedetail/4720231208010004/?pageType=result,2026-10-04T03:02:11.668118+00:00,5-3-6/4-2/1-7,published,中部競輪,楽天Kドリームス 並び予想
4720231208010005,2023-12-08,松阪競輪,F1,A1/A2,5,Ａ級初日特選,17:30,17:25,7,https://keirin.kdreams.jp/matsusaka/racedetail/4720231208010005/?pageType=result,2026-10-04T03:02:13.708683+00:00,4-2-6/1-7/5-3,published,中部競輪,楽天Kドリームス 並び予想
2620231208010005,2023-12-08,西武園競輪,F2,A1/A2,5,Ａ級特予選,22:00,21:55,7,https://keirin.kdreams.jp/seibuen/racedetail/2620231208010005/?pageType=result,2026-10-04T03:02:34.177873+00:00,3-1/2-6/4/7-5,published,アオケイ,楽天Kドリームス 並び予想
2620231208010006,2023-12-08,西武園競輪,F2,A1/A2,6,Ａ級特予選,22:20,22:15,7,https://keirin.kdreams.jp/seibuen/racedetail/2620231208010006/?pageType=result,2026-10-04T03:02:36.505392+00:00,2-1/4-3-5/7-6,published,アオケイ,楽天Kドリームス 並び予想
2620231208010007,2023-12-08,西武園競輪,F2,A1/A2,7,Ａ級特予選,22:40,22:35,7,https://keirin.kdreams.jp/seibuen/racedetail/2620231208010007/?pageType=result,2026-10-04T03:02:38.563887+00:00,1-2-6/3-4/5-7,published,アオケイ,楽天Kドリームス 並び予想
2620231208010008,2023-12-08,西武園競輪,F2,A1/A2,8,Ａ級特予選,23:00,22:55,7,https://keirin.kdreams.jp/seibuen/racedetail/2620231208010008/?pageType=result,2026-10-04T03:02:40.592100+00:00,4-1-2/5-3/6-7,published,アオケイ,楽天Kドリームス 並び予想
2620231208010009,2023-12-08,西武園競輪,F2,A1/A2,9,Ａ級初日特選,23:20,23:15,7,https://keirin.kdreams.jp/seibuen/racedetail/2620231208010009/?pageType=result,2026-10-04T03:02:43.030326+00:00,4-1-3/7/2-6-5,published,アオケイ,楽天Kドリームス 並び予想
7420231207020001,2023-12-08,高知競輪,F1,A1/A2,1,Ａ級一般,10:50,10:45,6,https://keirin.kdreams.jp/kochi/racedetail/7420231207020001/?pageType=result,2026-10-04T03:00:15.252354+00:00,1-4-5/3-2-6,published,福ちゃん出版社,楽天Kドリームス 並び予想
7420231207020002,2023-12-08,高知競輪,F1,A1/A2,2,Ａ級一般,11:16,11:11,7,https://keirin.kdreams.jp/kochi/racedetail/7420231207020002/?pageType=result,2026-10-04T03:00:17.479531+00:00,3-1-6/2-4/7-5,published,福ちゃん出版社,楽天Kドリームス 並び予想
7420231207020003,2023-12-08,高知競輪,F1,A1/A2,3,Ａ級準決勝,11:43,11:38,7,https://keirin.kdreams.jp/kochi/racedetail/7420231207020003/?pageType=result,2026-10-04T03:00:19.791530+00:00,5-1/4-2/6-3-7,published,福ちゃん出版社,楽天Kドリームス 並び予想
7420231207020004,2023-12-08,高知競輪,F1,A1/A2,4,Ａ級準決勝,12:10,12:05,7,https://keirin.kdreams.jp/kochi/racedetail/7420231207020004/?pageType=result,2026-10-04T03:00:21.941854+00:00,1-4-5/3/2-7-6,published,福ちゃん出版社,楽天Kドリームス 並び予想
7420231207020005,2023-12-08,高知競輪,F1,A1/A2,5,Ａ級準決勝,12:37,12:32,7,https://keirin.kdreams.jp/kochi/racedetail/7420231207020005/?pageType=result,2026-10-04T03:00:24.117351+00:00,4-1/2-6/5-3-7,published,福ちゃん出版社,楽天Kドリームス 並び予想
2320231207030001,2023-12-09,取手競輪,F2,A1/A2,1,Ａ級一般,08:50,08:45,7,https://keirin.kdreams.jp/toride/racedetail/2320231207030001/?pageType=result,2026-10-04T03:01:12.926319+00:00,1-4-7/6/5-2-3,published,アオケイ,楽天Kドリームス 並び予想
2320231207030002,2023-12-09,取手競輪,F2,A1/A2,2,Ａ級一般,09:10,09:05,7,https://keirin.kdreams.jp/toride/racedetail/2320231207030002/?pageType=result,2026-10-04T03:01:15.794067+00:00,1-4/3-5-7/6-2,published,アオケイ,楽天Kドリームス 並び予想
2320231207030003,2023-12-09,取手競輪,F2,A1/A2,3,Ａ級一般,09:30,09:25,7,https://keirin.kdreams.jp/toride/racedetail/2320231207030003/?pageType=result,2026-10-04T03:01:18.186543+00:00,1-5-6/2-7/3-4,published,アオケイ,楽天Kドリームス 並び予想
2320231207030004,2023-12-09,取手競輪,F2,A1/A2,4,Ａ級特選,09:50,09:45,7,https://keirin.kdreams.jp/toride/racedetail/2320231207030004/?pageType=result,2026-10-04T03:01:20.269796+00:00,1-4-7/2-6/3-5,published,アオケイ,楽天Kドリームス 並び予想
2320231207030005,2023-12-09,取手競輪,F2,A1/A2,5,Ａ級特選,10:10,10:05,7,https://keirin.kdreams.jp/toride/racedetail/2320231207030005/?pageType=result,2026-10-04T03:01:22.815099+00:00,1-5/7-2/3-4-6,published,アオケイ,楽天Kドリームス 並び予想
2320231207030006,2023-12-09,取手競輪,F2,A1/A2,6,Ａ級特選,10:30,10:25,7,https://keirin.kdreams.jp/toride/racedetail/2320231207030006/?pageType=result,2026-10-04T03:01:25.488870+00:00,1-3-5/6/4-7-2,published,アオケイ,楽天Kドリームス 並び予想
2320231207030007,2023-12-09,取手競輪,F2,A1/A2,7,Ａ級決勝,10:50,10:45,7,https://keirin.kdreams.jp/toride/racedetail/2320231207030007/?pageType=result,2026-10-04T03:01:27.614874+00:00,2-5/6-3/1/4-7,published,アオケイ,楽天Kドリームス 並び予想
5620231208020005,2023-12-09,岸和田競輪,F2,A1/A2,5,Ａ級特一般,22:10,22:05,7,https://keirin.kdreams.jp/kishiwada/racedetail/5620231208020005/?pageType=result,2026-10-04T03:01:42.193559+00:00,3-1/4-2-5/6-7,published,競輪研究,楽天Kドリームス 並び予想
5620231208020006,2023-12-09,岸和田競輪,F2,A1/A2,6,Ａ級特一般,22:30,22:25,7,https://keirin.kdreams.jp/kishiwada/racedetail/5620231208020006/?pageType=result,2026-10-04T03:01:44.938615+00:00,1-2/3/6/5-7-4,published,競輪研究,楽天Kドリームス 並び予想
5620231208020007,2023-12-09,岸和田競輪,F2,A1/A2,7,Ａ級準決勝,22:50,22:45,7,https://keirin.kdreams.jp/kishiwada/racedetail/5620231208020007/?pageType=result,2026-10-04T03:01:47.545634+00:00,7-2/5-1/3-6-4,published,競輪研究,楽天Kドリームス 並び予想
5620231208020008,2023-12-09,岸和田競輪,F2,A1/A2,8,Ａ級準決勝,23:10,23:05,7,https://keirin.kdreams.jp/kishiwada/racedetail/5620231208020008/?pageType=result,2026-10-04T03:01:49.728880+00:00,1-2-5/3-6/4-7,published,競輪研究,楽天Kドリームス 並び予想
5620231208020009,2023-12-09,岸和田競輪,F2,A1/A2,9,Ａ級準決勝,23:30,23:25,7,https://keirin.kdreams.jp/kishiwada/racedetail/5620231208020009/?pageType=result,2026-10-04T03:01:51.835228+00:00,1-2-5/7-3/6-4,published,競輪研究,楽天Kドリームス 並び予想
4720231208020001,2023-12-09,松阪競輪,F1,A1/A2,1,Ａ級一般,16:18,16:13,7,https://keirin.kdreams.jp/matsusaka/racedetail/4720231208020001/?pageType=result,2026-10-04T03:02:16.582991+00:00,1-5-3-7/4-2-6,published,中部競輪,楽天Kドリームス 並び予想
4720231208020002,2023-12-09,松阪競輪,F1,A1/A2,2,Ａ級準決勝,16:42,16:37,7,https://keirin.kdreams.jp/matsusaka/racedetail/4720231208020002/?pageType=result,2026-10-04T03:02:18.672600+00:00,7-1-4/2-5/3-6,published,中部競輪,楽天Kドリームス 並び予想
4720231208020003,2023-12-09,松阪競輪,F1,A1/A2,3,Ａ級準決勝,17:06,17:01,7,https://keirin.kdreams.jp/matsusaka/racedetail/4720231208020003/?pageType=result,2026-10-04T03:02:20.795761+00:00,2-5-6/7-1/3-4,published,中部競輪,楽天Kドリームス 並び予想
4720231208020004,2023-12-09,松阪競輪,F1,A1/A2,4,Ａ級準決勝,17:30,17:25,7,https://keirin.kdreams.jp/matsusaka/racedetail/4720231208020004/?pageType=result,2026-10-04T03:02:22.859081+00:00,5-1-4/7-2/6-3,published,中部競輪,楽天Kドリームス 並び予想
2820231209010008,2023-12-09,立川競輪,F2,A1/A2,8,Ａ級特予選,13:57,13:52,7,https://keirin.kdreams.jp/tachikawa/racedetail/2820231209010008/?pageType=result,2026-10-04T03:03:06.705596+00:00,1-3-7-4/5-2-6,published,アオケイ,楽天Kドリームス 並び予想
2820231209010009,2023-12-09,立川競輪,F2,A1/A2,9,Ａ級特予選,14:35,14:30,7,https://keirin.kdreams.jp/tachikawa/racedetail/2820231209010009/?pageType=result,2026-10-04T03:03:08.757148+00:00,1-5-3/6/7-2-4,published,アオケイ,楽天Kドリームス 並び予想
2820231209010010,2023-12-09,立川競輪,F2,A1/A2,10,Ａ級特予選,15:13,15:08,7,https://keirin.kdreams.jp/tachikawa/racedetail/2820231209010010/?pageType=result,2026-10-04T03:03:10.842504+00:00,5-1-4/3-7/6-2,published,アオケイ,楽天Kドリームス 並び予想
2820231209010011,2023-12-09,立川競輪,F2,A1/A2,11,Ａ級特予選,15:51,15:46,7,https://keirin.kdreams.jp/tachikawa/racedetail/2820231209010011/?pageType=result,2026-10-04T03:03:13.250014+00:00,1-5-2/7/6-3-4,published,アオケイ,楽天Kドリームス 並び予想
2820231209010012,2023-12-09,立川競輪,F2,A1/A2,12,Ａ級初日特選,16:29,16:24,7,https://keirin.kdreams.jp/tachikawa/racedetail/2820231209010012/?pageType=result,2026-10-04T03:03:15.249547+00:00,4-1/7-2-5/3-6,published,アオケイ,楽天Kドリームス 並び予想
2620231208020005,2023-12-09,西武園競輪,F2,A1/A2,5,Ａ級特一般,22:00,21:55,7,https://keirin.kdreams.jp/seibuen/racedetail/2620231208020005/?pageType=result,2026-10-04T03:02:45.083377+00:00,6-2/4-1/7/5-3,published,アオケイ,楽天Kドリームス 並び予想
2620231208020006,2023-12-09,西武園競輪,F2,A1/A2,6,Ａ級特一般,22:20,22:15,7,https://keirin.kdreams.jp/seibuen/racedetail/2620231208020006/?pageType=result,2026-10-04T03:02:47.268198+00:00,3-4-2/1-6/5-7,published,アオケイ,楽天Kドリームス 並び予想
2620231208020007,2023-12-09,西武園競輪,F2,A1/A2,7,Ａ級準決勝,22:40,22:35,7,https://keirin.kdreams.jp/seibuen/racedetail/2620231208020007/?pageType=result,2026-10-04T03:02:49.202769+00:00,4-1-3-5-6/7-2,published,アオケイ,楽天Kドリームス 並び予想
2620231208020008,2023-12-09,西武園競輪,F2,A1/A2,8,Ａ級準決勝,23:00,22:55,7,https://keirin.kdreams.jp/seibuen/racedetail/2620231208020008/?pageType=result,2026-10-04T03:02:51.394656+00:00,1-4-7/3/5-2/6,published,アオケイ,楽天Kドリームス 並び予想
2620231208020009,2023-12-09,西武園競輪,F2,A1/A2,9,Ａ級準決勝,23:20,23:15,7,https://keirin.kdreams.jp/seibuen/racedetail/2620231208020009/?pageType=result,2026-10-04T03:02:53.554797+00:00,2-1-5/7/6-3-4,published,アオケイ,楽天Kドリームス 並び予想
7420231207030001,2023-12-09,高知競輪,F1,A1/A2,1,Ａ級一般,10:50,10:45,7,https://keirin.kdreams.jp/kochi/racedetail/7420231207030001/?pageType=result,2026-10-04T03:00:26.460466+00:00,1-6/2-4/3-5-7,published,福ちゃん出版社,楽天Kドリームス 並び予想
7420231207030002,2023-12-09,高知競輪,F1,A1/A2,2,Ａ級一般,11:16,11:11,7,https://keirin.kdreams.jp/kochi/racedetail/7420231207030002/?pageType=result,2026-10-04T03:00:28.945547+00:00,1-5-6/7-2/3-4,published,福ちゃん出版社,楽天Kドリームス 並び予想
7420231207030003,2023-12-09,高知競輪,F1,A1/A2,3,Ａ級特選,11:43,11:38,7,https://keirin.kdreams.jp/kochi/racedetail/7420231207030003/?pageType=result,2026-10-04T03:00:31.348734+00:00,1-5/4-7-3/6-2,published,福ちゃん出版社,楽天Kドリームス 並び予想
7420231207030004,2023-12-09,高知競輪,F1,A1/A2,4,Ａ級特選,12:10,12:05,7,https://keirin.kdreams.jp/kochi/racedetail/7420231207030004/?pageType=result,2026-10-04T03:00:33.520721+00:00,3-5/2/6/7-1-4,published,福ちゃん出版社,楽天Kドリームス 並び予想
7420231207030011,2023-12-09,高知競輪,F1,A1/A2,11,Ａ級決勝,15:39,15:34,7,https://keirin.kdreams.jp/kochi/racedetail/7420231207030011/?pageType=result,2026-10-04T03:00:35.583680+00:00,2-4-1/6-3/5-7,published,福ちゃん出版社,楽天Kドリームス 並び予想
5520231210010008,2023-12-10,和歌山競輪,F2,A1/A2,8,Ａ級特予選,13:30,13:25,7,https://keirin.kdreams.jp/wakayama/racedetail/5520231210010008/?pageType=result,2026-10-04T03:05:45.671499+00:00,1-3-7/5-4-2/6,published,競輪研究,楽天Kドリームス 並び予想
5520231210010009,2023-12-10,和歌山競輪,F2,A1/A2,9,Ａ級特予選,14:00,13:55,7,https://keirin.kdreams.jp/wakayama/racedetail/5520231210010009/?pageType=result,2026-10-04T03:05:47.952517+00:00,1-7-4/5-2/6-3,published,競輪研究,楽天Kドリームス 並び予想
5520231210010010,2023-12-10,和歌山競輪,F2,A1/A2,10,Ａ級特予選,14:35,14:30,7,https://keirin.kdreams.jp/wakayama/racedetail/5520231210010010/?pageType=result,2026-10-04T03:05:50.918435+00:00,4-7-1/2-5/6-3,published,競輪研究,楽天Kドリームス 並び予想
5520231210010011,2023-12-10,和歌山競輪,F2,A1/A2,11,Ａ級特予選,15:10,15:05,7,https://keirin.kdreams.jp/wakayama/racedetail/5520231210010011/?pageType=result,2026-10-04T03:05:53.423210+00:00,4-1/6-2/7-3-5,published,競輪研究,楽天Kドリームス 並び予想
5520231210010012,2023-12-10,和歌山競輪,F2,A1/A2,12,Ａ級初日特選,15:50,15:45,7,https://keirin.kdreams.jp/wakayama/racedetail/5520231210010012/?pageType=result,2026-10-04T03:05:55.658788+00:00,6-5-1/2-7/3-4,published,競輪研究,楽天Kドリームス 並び予想
5620231208030004,2023-12-10,岸和田競輪,F2,A1/A2,4,Ａ級特一般,21:50,21:45,7,https://keirin.kdreams.jp/kishiwada/racedetail/5620231208030004/?pageType=result,2026-10-04T03:01:53.923193+00:00,5-2/1/3-6/4-7,published,競輪研究,楽天Kドリームス 並び予想
5620231208030005,2023-12-10,岸和田競輪,F2,A1/A2,5,Ａ級特一般,22:10,22:05,7,https://keirin.kdreams.jp/kishiwada/racedetail/5620231208030005/?pageType=result,2026-10-04T03:01:56.339319+00:00,1-2-7-4/6-3-5,published,競輪研究,楽天Kドリームス 並び予想
5620231208030006,2023-12-10,岸和田競輪,F2,A1/A2,6,Ａ級特選,22:30,22:25,7,https://keirin.kdreams.jp/kishiwada/racedetail/5620231208030006/?pageType=result,2026-10-04T03:01:58.596848+00:00,6-1-7/4-3-2-5,published,競輪研究,楽天Kドリームス 並び予想
5620231208030007,2023-12-10,岸和田競輪,F2,A1/A2,7,Ａ級特選,22:50,22:45,7,https://keirin.kdreams.jp/kishiwada/racedetail/5620231208030007/?pageType=result,2026-10-04T03:02:00.919050+00:00,1-2-5/4-3/7-6,published,競輪研究,楽天Kドリームス 並び予想
5620231208030009,2023-12-10,岸和田競輪,F2,A1/A2,9,Ａ級決勝,23:30,23:25,7,https://keirin.kdreams.jp/kishiwada/racedetail/5620231208030009/?pageType=result,2026-10-04T03:02:03.084100+00:00,2-4-1/7-3-5-6,published,競輪研究,楽天Kドリームス 並び予想
3520231210010008,2023-12-10,平塚競輪,F2,A1/A2,8,Ａ級特予選,14:05,14:00,7,https://keirin.kdreams.jp/hiratsuka/racedetail/3520231210010008/?pageType=result,2026-10-04T03:03:39.430155+00:00,3-7-4/1/6-2-5,published,小田競・サイクル,楽天Kドリームス 並び予想
3520231210010009,2023-12-10,平塚競輪,F2,A1/A2,9,Ａ級特予選,14:37,14:32,7,https://keirin.kdreams.jp/hiratsuka/racedetail/3520231210010009/?pageType=result,2026-10-04T03:03:41.425856+00:00,7-3-1/6/5-2-4,published,小田競・サイクル,楽天Kドリームス 並び予想
3520231210010010,2023-12-10,平塚競輪,F2,A1/A2,10,Ａ級特予選,15:14,15:09,7,https://keirin.kdreams.jp/hiratsuka/racedetail/3520231210010010/?pageType=result,2026-10-04T03:03:43.526731+00:00,1-5/4-2-7/6-3,published,小田競・サイクル,楽天Kドリームス 並び予想
3520231210010011,2023-12-10,平塚競輪,F2,A1/A2,11,Ａ級特予選,15:51,15:46,7,https://keirin.kdreams.jp/hiratsuka/racedetail/3520231210010011/?pageType=result,2026-10-04T03:03:45.856820+00:00,1-4-7/2/3-5-6,published,小田競・サイクル,楽天Kドリームス 並び予想
3520231210010012,2023-12-10,平塚競輪,F2,A1/A2,12,Ａ級初日特選,16:30,16:25,7,https://keirin.kdreams.jp/hiratsuka/racedetail/3520231210010012/?pageType=result,2026-10-04T03:03:47.850874+00:00,3-4-1/7/5-6-2,published,小田競・サイクル,楽天Kドリームス 並び予想
7520231210010006,2023-12-10,松山競輪,F2,A1/A2,6,Ａ級予選,17:43,17:38,7,https://keirin.kdreams.jp/matsuyama/racedetail/7520231210010006/?pageType=result,2026-10-04T03:04:12.807729+00:00,2-4-6-1/7-3-5,published,金星社,楽天Kドリームス 並び予想
7520231210010007,2023-12-10,松山競輪,F2,A1/A2,7,Ａ級予選,18:08,18:03,7,https://keirin.kdreams.jp/matsuyama/racedetail/7520231210010007/?pageType=result,2026-10-04T03:04:14.788915+00:00,1-6/5-2/7-3-4,published,金星社,楽天Kドリームス 並び予想
7520231210010008,2023-12-10,松山競輪,F2,A1/A2,8,Ａ級予選,18:33,18:28,7,https://keirin.kdreams.jp/matsuyama/racedetail/7520231210010008/?pageType=result,2026-10-04T03:04:16.890089+00:00,7-1-4/2-6/5-3,published,金星社,楽天Kドリームス 並び予想
7520231210010009,2023-12-10,松山競輪,F2,A1/A2,9,Ａ級予選,18:58,18:53,7,https://keirin.kdreams.jp/matsuyama/racedetail/7520231210010009/?pageType=result,2026-10-04T03:04:19.303862+00:00,4-1/2-7/6-3-5,published,金星社,楽天Kドリームス 並び予想
7520231210010010,2023-12-10,松山競輪,F2,A1/A2,10,Ａ級予選,19:23,19:18,7,https://keirin.kdreams.jp/matsuyama/racedetail/7520231210010010/?pageType=result,2026-10-04T03:04:21.616374+00:00,4-1-6/7-2/5-3,published,金星社,楽天Kドリームス 並び予想
7520231210010011,2023-12-10,松山競輪,F2,A1/A2,11,Ａ級予選,19:53,19:48,7,https://keirin.kdreams.jp/matsuyama/racedetail/7520231210010011/?pageType=result,2026-10-04T03:04:23.727883+00:00,5-1-7/3-6/2-4,published,金星社,楽天Kドリームス 並び予想
7520231210010012,2023-12-10,松山競輪,F2,A1/A2,12,Ａ級初日特選,20:25,20:20,7,https://keirin.kdreams.jp/matsuyama/racedetail/7520231210010012/?pageType=result,2026-10-04T03:04:25.791587+00:00,4-1-5/7-2/3-6,published,金星社,楽天Kドリームス 並び予想
4720231208030001,2023-12-10,松阪競輪,F1,A1/A2,1,Ａ級一般,16:18,16:13,7,https://keirin.kdreams.jp/matsusaka/racedetail/4720231208030001/?pageType=result,2026-10-04T03:02:24.981625+00:00,5-1-7-3/2-6-4,published,中部競輪,楽天Kドリームス 並び予想
4720231208030002,2023-12-10,松阪競輪,F1,A1/A2,2,Ａ級特選,16:42,16:37,7,https://keirin.kdreams.jp/matsusaka/racedetail/4720231208030002/?pageType=result,2026-10-04T03:02:27.154822+00:00,1-2-6/7-3/5-4,published,中部競輪,楽天Kドリームス 並び予想
4720231208030003,2023-12-10,松阪競輪,F1,A1/A2,3,Ａ級特選,17:06,17:01,7,https://keirin.kdreams.jp/matsusaka/racedetail/4720231208030003/?pageType=result,2026-10-04T03:02:29.757960+00:00,7-1-4/5-2/3-6,published,中部競輪,楽天Kドリームス 並び予想
4720231208030010,2023-12-10,松阪競輪,F1,A1/A2,10,Ａ級決勝,20:00,19:55,7,https://keirin.kdreams.jp/matsusaka/racedetail/4720231208030010/?pageType=result,2026-10-04T03:02:31.912391+00:00,1-6/4-2-5/7-3,published,中部競輪,楽天Kドリームス 並び予想
2820231209020008,2023-12-10,立川競輪,F2,A1/A2,8,Ａ級特一般,13:55,13:50,7,https://keirin.kdreams.jp/tachikawa/racedetail/2820231209020008/?pageType=result,2026-10-04T03:03:17.379402+00:00,2-5/6-1/4/3-7,published,アオケイ,楽天Kドリームス 並び予想
2820231209020009,2023-12-10,立川競輪,F2,A1/A2,9,Ａ級特一般,14:25,14:20,7,https://keirin.kdreams.jp/tachikawa/racedetail/2820231209020009/?pageType=result,2026-10-04T03:03:19.387080+00:00,1-7-5/2/4/6/3,published,アオケイ,楽天Kドリームス 並び予想
2820231209020010,2023-12-10,立川競輪,F2,A1/A2,10,Ａ級準決勝,14:58,14:53,7,https://keirin.kdreams.jp/tachikawa/racedetail/2820231209020010/?pageType=result,2026-10-04T03:03:21.494098+00:00,5-4-1/3-2-7/6,published,アオケイ,楽天Kドリームス 並び予想
2820231209020011,2023-12-10,立川競輪,F2,A1/A2,11,Ａ級準決勝,15:35,15:30,7,https://keirin.kdreams.jp/tachikawa/racedetail/2820231209020011/?pageType=result,2026-10-04T03:03:23.476903+00:00,1-4-6/7-2/5-3,published,アオケイ,楽天Kドリームス 並び予想
2820231209020012,2023-12-10,立川競輪,F2,A1/A2,12,Ａ級準決勝,16:13,16:08,7,https://keirin.kdreams.jp/tachikawa/racedetail/2820231209020012/?pageType=result,2026-10-04T03:03:25.792593+00:00,5-1-7/4-2/3-6,published,アオケイ,楽天Kドリームス 並び予想
2620231208030004,2023-12-10,西武園競輪,F2,A1/A2,4,Ａ級特一般,21:40,21:35,7,https://keirin.kdreams.jp/seibuen/racedetail/2620231208030004/?pageType=result,2026-10-04T03:02:55.905795+00:00,1-4/2/3/5/7-6,published,アオケイ,楽天Kドリームス 並び予想
2620231208030005,2023-12-10,西武園競輪,F2,A1/A2,5,Ａ級特一般,22:00,21:55,7,https://keirin.kdreams.jp/seibuen/racedetail/2620231208030005/?pageType=result,2026-10-04T03:02:58.231343+00:00,1-3-7/4-2/5-6,published,アオケイ,楽天Kドリームス 並び予想
2620231208030006,2023-12-10,西武園競輪,F2,A1/A2,6,Ａ級特選,22:20,22:15,7,https://keirin.kdreams.jp/seibuen/racedetail/2620231208030006/?pageType=result,2026-10-04T03:03:00.334280+00:00,5-2/1-3/6/7-4,published,アオケイ,楽天Kドリームス 並び予想
2620231208030007,2023-12-10,西武園競輪,F2,A1/A2,7,Ａ級特選,22:40,22:35,7,https://keirin.kdreams.jp/seibuen/racedetail/2620231208030007/?pageType=result,2026-10-04T03:03:02.467904+00:00,6-2-4/1/5-3/7,published,アオケイ,楽天Kドリームス 並び予想
2620231208030009,2023-12-10,西武園競輪,F2,A1/A2,9,Ａ級決勝,23:20,23:15,7,https://keirin.kdreams.jp/seibuen/racedetail/2620231208030009/?pageType=result,2026-10-04T03:03:04.588894+00:00,5-4-1-3/2-7/6,published,アオケイ,楽天Kドリームス 並び予想
7120231210010006,2023-12-10,高松競輪,F2,A1/A2,6,Ａ級予選,10:30,10:25,7,https://keirin.kdreams.jp/takamatsu/racedetail/7120231210010006/?pageType=result,2026-10-04T03:04:58.592658+00:00,7-1-4/2-6/3-5,published,競輪毎日,楽天Kドリームス 並び予想
7120231210010007,2023-12-10,高松競輪,F2,A1/A2,7,Ａ級予選,10:50,10:45,7,https://keirin.kdreams.jp/takamatsu/racedetail/7120231210010007/?pageType=result,2026-10-04T03:05:00.638240+00:00,1-4/2-6/7-5-3,published,競輪毎日,楽天Kドリームス 並び予想
7120231210010008,2023-12-10,高松競輪,F2,A1/A2,8,Ａ級予選,11:15,11:10,7,https://keirin.kdreams.jp/takamatsu/racedetail/7120231210010008/?pageType=result,2026-10-04T03:05:03.031136+00:00,5-1-2/3/7-4/6,published,競輪毎日,楽天Kドリームス 並び予想
7120231210010009,2023-12-10,高松競輪,F2,A1/A2,9,Ａ級予選,11:41,11:36,7,https://keirin.kdreams.jp/takamatsu/racedetail/7120231210010009/?pageType=result,2026-10-04T03:05:05.148988+00:00,7-1-4/5-3-2-6,published,競輪毎日,楽天Kドリームス 並び予想
7120231210010010,2023-12-10,高松競輪,F2,A1/A2,10,Ａ級予選,12:08,12:03,7,https://keirin.kdreams.jp/takamatsu/racedetail/7120231210010010/?pageType=result,2026-10-04T03:05:07.299352+00:00,1-5/4-2-6/3-7,published,競輪毎日,楽天Kドリームス 並び予想
7120231210010011,2023-12-10,高松競輪,F2,A1/A2,11,Ａ級予選,12:36,12:31,7,https://keirin.kdreams.jp/takamatsu/racedetail/7120231210010011/?pageType=result,2026-10-04T03:05:09.566102+00:00,5-1-4/7-2/6-3,published,競輪毎日,楽天Kドリームス 並び予想
7120231210010012,2023-12-10,高松競輪,F2,A1/A2,12,Ａ級初日特選,13:05,13:00,7,https://keirin.kdreams.jp/takamatsu/racedetail/7120231210010012/?pageType=result,2026-10-04T03:05:11.920832+00:00,2-7/1/3-5/4-6,published,競輪毎日,楽天Kドリームス 並び予想
8320231211010001,2023-12-11,久留米競輪,F1,A1/A2,1,Ａ級予選,16:00,15:55,7,https://keirin.kdreams.jp/kurume/racedetail/8320231211010001/?pageType=result,2026-10-04T03:06:53.451525+00:00,1-6/5-2/4-3-7,published,コンドル出版社,楽天Kドリームス 並び予想
8320231211010002,2023-12-11,久留米競輪,F1,A1/A2,2,Ａ級予選,16:23,16:18,7,https://keirin.kdreams.jp/kurume/racedetail/8320231211010002/?pageType=result,2026-10-04T03:06:55.853712+00:00,7-3-5/1-4/2/6,published,コンドル出版社,楽天Kドリームス 並び予想
8320231211010003,2023-12-11,久留米競輪,F1,A1/A2,3,Ａ級予選,16:46,16:41,7,https://keirin.kdreams.jp/kurume/racedetail/8320231211010003/?pageType=result,2026-10-04T03:06:57.933046+00:00,1-7/4-2-5/6-3,published,コンドル出版社,楽天Kドリームス 並び予想
8320231211010004,2023-12-11,久留米競輪,F1,A1/A2,4,Ａ級予選,17:09,17:04,7,https://keirin.kdreams.jp/kurume/racedetail/8320231211010004/?pageType=result,2026-10-04T03:07:00.021788+00:00,5-3-4/7-1/6-2,published,コンドル出版社,楽天Kドリームス 並び予想
8320231211010005,2023-12-11,久留米競輪,F1,A1/A2,5,Ａ級初日特選,17:32,17:27,7,https://keirin.kdreams.jp/kurume/racedetail/8320231211010005/?pageType=result,2026-10-04T03:07:01.936163+00:00,6-1/4-3/7/5-2,published,コンドル出版社,楽天Kドリームス 並び予想
3720231211010005,2023-12-11,伊東競輪,F2,A1/A2,5,Ａ級特予選,22:00,21:55,7,https://keirin.kdreams.jp/ito/racedetail/3720231211010005/?pageType=result,2026-10-04T03:06:20.501010+00:00,4-1-5/3-2-7/6,published,ひかり・小田競,楽天Kドリームス 並び予想
3720231211010006,2023-12-11,伊東競輪,F2,A1/A2,6,Ａ級特予選,22:20,22:15,7,https://keirin.kdreams.jp/ito/racedetail/3720231211010006/?pageType=result,2026-10-04T03:06:22.638075+00:00,2-6-7/3-1/4-5,published,ひかり・小田競,楽天Kドリームス 並び予想
3720231211010007,2023-12-11,伊東競輪,F2,A1/A2,7,Ａ級特予選,22:40,22:35,7,https://keirin.kdreams.jp/ito/racedetail/3720231211010007/?pageType=result,2026-10-04T03:06:24.957650+00:00,1-2/5-3-7/6-4,published,ひかり・小田競,楽天Kドリームス 並び予想
3720231211010008,2023-12-11,伊東競輪,F2,A1/A2,8,Ａ級特予選,23:00,22:55,7,https://keirin.kdreams.jp/ito/racedetail/3720231211010008/?pageType=result,2026-10-04T03:06:27.029949+00:00,1-2-4/6-3/7-5,published,ひかり・小田競,楽天Kドリームス 並び予想
3720231211010009,2023-12-11,伊東競輪,F2,A1/A2,9,Ａ級初日特選,23:20,23:15,7,https://keirin.kdreams.jp/ito/racedetail/3720231211010009/?pageType=result,2026-10-04T03:06:29.253649+00:00,1-3/4/2-6/5-7,published,ひかり・小田競,楽天Kドリームス 並び予想
5520231210020008,2023-12-11,和歌山競輪,F2,A1/A2,8,Ａ級特一般,13:50,13:45,7,https://keirin.kdreams.jp/wakayama/racedetail/5520231210020008/?pageType=result,2026-10-04T03:05:57.772515+00:00,7-1/2-5/4-3/6,published,競輪研究,楽天Kドリームス 並び予想
5520231210020009,2023-12-11,和歌山競輪,F2,A1/A2,9,Ａ級特一般,14:20,14:15,7,https://keirin.kdreams.jp/wakayama/racedetail/5520231210020009/?pageType=result,2026-10-04T03:05:59.874564+00:00,5-1-7/3-6-2/4,published,競輪研究,楽天Kドリームス 並び予想
5520231210020010,2023-12-11,和歌山競輪,F2,A1/A2,10,Ａ級準決勝,14:55,14:50,7,https://keirin.kdreams.jp/wakayama/racedetail/5520231210020010/?pageType=result,2026-10-04T03:06:02.193956+00:00,1-3-5-6/2-7-4,published,競輪研究,楽天Kドリームス 並び予想
5520231210020011,2023-12-11,和歌山競輪,F2,A1/A2,11,Ａ級準決勝,15:30,15:25,7,https://keirin.kdreams.jp/wakayama/racedetail/5520231210020011/?pageType=result,2026-10-04T03:06:04.561464+00:00,7-1-3/6/2-5-4,published,競輪研究,楽天Kドリームス 並び予想
5520231210020012,2023-12-11,和歌山競輪,F2,A1/A2,12,Ａ級準決勝,16:10,16:05,7,https://keirin.kdreams.jp/wakayama/racedetail/5520231210020012/?pageType=result,2026-10-04T03:06:06.933250+00:00,1-7-3/4/2-5-6,published,競輪研究,楽天Kドリームス 並び予想
4420231211010001,2023-12-11,大垣競輪,F1,A1/A2,1,Ａ級予選,10:50,10:45,7,https://keirin.kdreams.jp/ogaki/racedetail/4420231211010001/?pageType=result,2026-10-04T03:07:27.703274+00:00,5-2-6/1-4/3-7,published,ひかり,楽天Kドリームス 並び予想
4420231211010002,2023-12-11,大垣競輪,F1,A1/A2,2,Ａ級予選,11:16,11:11,7,https://keirin.kdreams.jp/ogaki/racedetail/4420231211010002/?pageType=result,2026-10-04T03:07:30.106053+00:00,4-1-7/2-6/5-3,published,ひかり,楽天Kドリームス 並び予想
4420231211010003,2023-12-11,大垣競輪,F1,A1/A2,3,Ａ級予選,11:44,11:39,7,https://keirin.kdreams.jp/ogaki/racedetail/4420231211010003/?pageType=result,2026-10-04T03:07:32.367773+00:00,1-4-5/3-6/7-2,published,ひかり,楽天Kドリームス 並び予想
4420231211010004,2023-12-11,大垣競輪,F1,A1/A2,4,Ａ級予選,12:12,12:07,7,https://keirin.kdreams.jp/ogaki/racedetail/4420231211010004/?pageType=result,2026-10-04T03:07:34.692584+00:00,5-2-6/1/7-3/4,published,ひかり,楽天Kドリームス 並び予想
4420231211010005,2023-12-11,大垣競輪,F1,A1/A2,5,Ａ級初日特選,12:40,12:35,7,https://keirin.kdreams.jp/ogaki/racedetail/4420231211010005/?pageType=result,2026-10-04T03:07:37.002586+00:00,7-5-1/3-2-6/4,published,ひかり,楽天Kドリームス 並び予想
3520231210020008,2023-12-11,平塚競輪,F2,A1/A2,8,Ａ級特一般,14:07,14:02,6,https://keirin.kdreams.jp/hiratsuka/racedetail/3520231210020008/?pageType=result,2026-10-04T03:03:50.447063+00:00,6-1-4/2/5-3,published,小田競・サイクル,楽天Kドリームス 並び予想
3520231210020009,2023-12-11,平塚競輪,F2,A1/A2,9,Ａ級特一般,14:39,14:34,6,https://keirin.kdreams.jp/hiratsuka/racedetail/3520231210020009/?pageType=result,2026-10-04T03:03:52.613663+00:00,3-4/5-1/6-2,published,小田競・サイクル,楽天Kドリームス 並び予想
3520231210020010,2023-12-11,平塚競輪,F2,A1/A2,10,Ａ級準決勝,15:13,15:08,7,https://keirin.kdreams.jp/hiratsuka/racedetail/3520231210020010/?pageType=result,2026-10-04T03:03:55.008619+00:00,1-5-3/2-7-6/4,published,小田競・サイクル,楽天Kドリームス 並び予想
3520231210020011,2023-12-11,平塚競輪,F2,A1/A2,11,Ａ級準決勝,15:50,15:45,7,https://keirin.kdreams.jp/hiratsuka/racedetail/3520231210020011/?pageType=result,2026-10-04T03:03:57.612613+00:00,1-6/3-5/7-2-4,published,小田競・サイクル,楽天Kドリームス 並び予想
3520231210020012,2023-12-11,平塚競輪,F2,A1/A2,12,Ａ級準決勝,16:30,16:25,7,https://keirin.kdreams.jp/hiratsuka/racedetail/3520231210020012/?pageType=result,2026-10-04T03:03:59.772866+00:00,1-5-4/2-6/3-7,published,小田競・サイクル,楽天Kドリームス 並び予想
7520231210020006,2023-12-11,松山競輪,F2,A1/A2,6,Ａ級一般,17:43,17:38,7,https://keirin.kdreams.jp/matsuyama/racedetail/7520231210020006/?pageType=result,2026-10-04T03:04:28.227000+00:00,4-1-5-6/7-3/2,published,金星社,楽天Kドリームス 並び予想
7520231210020007,2023-12-11,松山競輪,F2,A1/A2,7,Ａ級一般,18:08,18:03,7,https://keirin.kdreams.jp/matsuyama/racedetail/7520231210020007/?pageType=result,2026-10-04T03:04:30.222667+00:00,1-7/2-4/6-3-5,published,金星社,楽天Kドリームス 並び予想
7520231210020008,2023-12-11,松山競輪,F2,A1/A2,8,Ａ級選抜,18:33,18:28,7,https://keirin.kdreams.jp/matsuyama/racedetail/7520231210020008/?pageType=result,2026-10-04T03:04:32.326435+00:00,7-1/2-5/6-3-4,published,金星社,楽天Kドリームス 並び予想
7520231210020009,2023-12-11,松山競輪,F2,A1/A2,9,Ａ級選抜,18:58,18:53,7,https://keirin.kdreams.jp/matsuyama/racedetail/7520231210020009/?pageType=result,2026-10-04T03:04:34.814115+00:00,1-6/2-4/3-5-7,published,金星社,楽天Kドリームス 並び予想
7520231210020010,2023-12-11,松山競輪,F2,A1/A2,10,Ａ級準決勝,19:23,19:18,7,https://keirin.kdreams.jp/matsuyama/racedetail/7520231210020010/?pageType=result,2026-10-04T03:04:37.131078+00:00,7-1/5-2-6/4-3,published,金星社,楽天Kドリームス 並び予想
7520231210020011,2023-12-11,松山競輪,F2,A1/A2,11,Ａ級準決勝,19:51,19:46,7,https://keirin.kdreams.jp/matsuyama/racedetail/7520231210020011/?pageType=result,2026-10-04T03:04:39.143145+00:00,5-1/6-2-4/3-7,published,金星社,楽天Kドリームス 並び予想
7520231210020012,2023-12-11,松山競輪,F2,A1/A2,12,Ａ級準決勝,20:25,20:20,7,https://keirin.kdreams.jp/matsuyama/racedetail/7520231210020012/?pageType=result,2026-10-04T03:04:41.210854+00:00,1-4/5-2/3/6/7,published,金星社,楽天Kドリームス 並び予想
6120231211010001,2023-12-11,玉野競輪,F1,A1/A2,1,Ａ級予選,20:50,20:45,7,https://keirin.kdreams.jp/tamano/racedetail/6120231211010001/?pageType=result,2026-10-04T03:08:04.806339+00:00,1-2-3-7/6-4-5,published,競輪毎日,楽天Kドリームス 並び予想
6120231211010002,2023-12-11,玉野競輪,F1,A1/A2,2,Ａ級予選,21:10,21:05,7,https://keirin.kdreams.jp/tamano/racedetail/6120231211010002/?pageType=result,2026-10-04T03:08:07.677498+00:00,5-1-4/3-2/7-6,published,競輪毎日,楽天Kドリームス 並び予想
6120231211010003,2023-12-11,玉野競輪,F1,A1/A2,3,Ａ級予選,21:30,21:25,7,https://keirin.kdreams.jp/tamano/racedetail/6120231211010003/?pageType=result,2026-10-04T03:08:10.638871+00:00,1-4-3/5-2/7-6,published,競輪毎日,楽天Kドリームス 並び予想
6120231211010004,2023-12-11,玉野競輪,F1,A1/A2,4,Ａ級初日特選,21:50,21:45,7,https://keirin.kdreams.jp/tamano/racedetail/6120231211010004/?pageType=result,2026-10-04T03:08:13.253014+00:00,2-5/1/4-6/3/7,published,競輪毎日,楽天Kドリームス 並び予想
2820231209030006,2023-12-11,立川競輪,F2,A1/A2,6,Ａ級特一般,12:55,12:50,6,https://keirin.kdreams.jp/tachikawa/racedetail/2820231209030006/?pageType=result,2026-10-04T03:03:28.250231+00:00,4-5-2/3-1/6,published,アオケイ,楽天Kドリームス 並び予想
2820231209030007,2023-12-11,立川競輪,F2,A1/A2,7,Ａ級特一般,13:26,13:21,6,https://keirin.kdreams.jp/tachikawa/racedetail/2820231209030007/?pageType=result,2026-10-04T03:03:30.654340+00:00,4-1-3/2/6-5,published,アオケイ,楽天Kドリームス 並び予想
2820231209030010,2023-12-11,立川競輪,F2,A1/A2,10,Ａ級特選,15:05,15:00,7,https://keirin.kdreams.jp/tachikawa/racedetail/2820231209030010/?pageType=result,2026-10-04T03:03:33.053935+00:00,1-5/3-7/4-2-6,published,アオケイ,楽天Kドリームス 並び予想
2820231209030011,2023-12-11,立川競輪,F2,A1/A2,11,Ａ級特選,15:40,15:35,7,https://keirin.kdreams.jp/tachikawa/racedetail/2820231209030011/?pageType=result,2026-10-04T03:03:35.130414+00:00,5-1-6/3/2-7-4,published,アオケイ,楽天Kドリームス 並び予想
2820231209030012,2023-12-11,立川競輪,F2,A1/A2,12,Ａ級決勝,16:18,16:13,7,https://keirin.kdreams.jp/tachikawa/racedetail/2820231209030012/?pageType=result,2026-10-04T03:03:37.316425+00:00,1-4-6/2-7-5/3,published,アオケイ,楽天Kドリームス 並び予想
7120231210020006,2023-12-11,高松競輪,F2,A1/A2,6,Ａ級一般,10:30,10:25,7,https://keirin.kdreams.jp/takamatsu/racedetail/7120231210020006/?pageType=result,2026-10-04T03:05:14.371493+00:00,1-7/5-2/4-3-6,published,競輪毎日,楽天Kドリームス 並び予想
7120231210020007,2023-12-11,高松競輪,F2,A1/A2,7,Ａ級一般,10:55,10:50,7,https://keirin.kdreams.jp/takamatsu/racedetail/7120231210020007/?pageType=result,2026-10-04T03:05:16.771877+00:00,1-4-5-7-2/3/6,published,競輪毎日,楽天Kドリームス 並び予想
7120231210020008,2023-12-11,高松競輪,F2,A1/A2,8,Ａ級選抜,11:21,11:16,7,https://keirin.kdreams.jp/takamatsu/racedetail/7120231210020008/?pageType=result,2026-10-04T03:05:19.066668+00:00,2-5-6/1/4-3-7,published,競輪毎日,楽天Kドリームス 並び予想
7120231210020009,2023-12-11,高松競輪,F2,A1/A2,9,Ａ級選抜,11:49,11:44,7,https://keirin.kdreams.jp/takamatsu/racedetail/7120231210020009/?pageType=result,2026-10-04T03:05:21.345954+00:00,1-7-5-3/6-2/4,published,競輪毎日,楽天Kドリームス 並び予想
7120231210020010,2023-12-11,高松競輪,F2,A1/A2,10,Ａ級準決勝,12:17,12:12,7,https://keirin.kdreams.jp/takamatsu/racedetail/7120231210020010/?pageType=result,2026-10-04T03:05:22.717424+00:00,1-7/2-4/5-3-6,published,競輪毎日,楽天Kドリームス 並び予想
7120231210020011,2023-12-11,高松競輪,F2,A1/A2,11,Ａ級準決勝,12:45,12:40,7,https://keirin.kdreams.jp/takamatsu/racedetail/7120231210020011/?pageType=result,2026-10-04T03:05:24.804329+00:00,1-4/5-2/6/7-3,published,競輪毎日,楽天Kドリームス 並び予想
7120231210020012,2023-12-11,高松競輪,F2,A1/A2,12,Ａ級準決勝,13:15,13:10,7,https://keirin.kdreams.jp/takamatsu/racedetail/7120231210020012/?pageType=result,2026-10-04T03:05:27.513519+00:00,1-5/2/4/7-3-6,published,競輪毎日,楽天Kドリームス 並び予想
8320231211020001,2023-12-12,久留米競輪,F1,A1/A2,1,Ａ級一般,16:00,15:55,7,https://keirin.kdreams.jp/kurume/racedetail/8320231211020001/?pageType=result,2026-10-04T03:07:04.241970+00:00,2-7-5/1-6/3-4,published,コンドル出版社,楽天Kドリームス 並び予想
8320231211020002,2023-12-12,久留米競輪,F1,A1/A2,2,Ａ級一般,16:23,16:18,7,https://keirin.kdreams.jp/kurume/racedetail/8320231211020002/?pageType=result,2026-10-04T03:07:06.641402+00:00,2-7-4/1/6-3/5,published,コンドル出版社,楽天Kドリームス 並び予想
8320231211020003,2023-12-12,久留米競輪,F1,A1/A2,3,Ａ級準決勝,16:46,16:41,7,https://keirin.kdreams.jp/kurume/racedetail/8320231211020003/?pageType=result,2026-10-04T03:07:09.004644+00:00,1-4/2-7/3-6-5,published,コンドル出版社,楽天Kドリームス 並び予想
8320231211020004,2023-12-12,久留米競輪,F1,A1/A2,4,Ａ級準決勝,17:09,17:04,7,https://keirin.kdreams.jp/kurume/racedetail/8320231211020004/?pageType=result,2026-10-04T03:07:11.496110+00:00,5-1-6/2-4/7-3,published,コンドル出版社,楽天Kドリームス 並び予想
8320231211020005,2023-12-12,久留米競輪,F1,A1/A2,5,Ａ級準決勝,17:32,17:27,7,https://keirin.kdreams.jp/kurume/racedetail/8320231211020005/?pageType=result,2026-10-04T03:07:13.669859+00:00,4-1-6/3-7/2-5,published,コンドル出版社,楽天Kドリームス 並び予想
3720231211020005,2023-12-12,伊東競輪,F2,A1/A2,5,Ａ級特一般,22:00,21:55,7,https://keirin.kdreams.jp/ito/racedetail/3720231211020005/?pageType=result,2026-10-04T03:06:31.473849+00:00,7-1/2-4/6/3-5,published,ひかり・小田競,楽天Kドリームス 並び予想
3720231211020006,2023-12-12,伊東競輪,F2,A1/A2,6,Ａ級特一般,22:20,22:15,7,https://keirin.kdreams.jp/ito/racedetail/3720231211020006/?pageType=result,2026-10-04T03:06:33.666385+00:00,4-1-6/5/7-3-2,published,ひかり・小田競,楽天Kドリームス 並び予想
3720231211020007,2023-12-12,伊東競輪,F2,A1/A2,7,Ａ級準決勝,22:40,22:35,7,https://keirin.kdreams.jp/ito/racedetail/3720231211020007/?pageType=result,2026-10-04T03:06:35.679280+00:00,2-1-3/5/4-6-7,published,ひかり・小田競,楽天Kドリームス 並び予想
3720231211020008,2023-12-12,伊東競輪,F2,A1/A2,8,Ａ級準決勝,23:00,22:55,7,https://keirin.kdreams.jp/ito/racedetail/3720231211020008/?pageType=result,2026-10-04T03:06:37.806852+00:00,1-5-7/2-4/6-3,published,ひかり・小田競,楽天Kドリームス 並び予想
3720231211020009,2023-12-12,伊東競輪,F2,A1/A2,9,Ａ級準決勝,23:20,23:15,7,https://keirin.kdreams.jp/ito/racedetail/3720231211020009/?pageType=result,2026-10-04T03:06:39.997578+00:00,1-6-3/4-2/7-5,published,ひかり・小田競,楽天Kドリームス 並び予想
5520231210030008,2023-12-12,和歌山競輪,F2,A1/A2,8,Ａ級特一般,13:50,13:45,7,https://keirin.kdreams.jp/wakayama/racedetail/5520231210030008/?pageType=result,2026-10-04T03:06:09.548312+00:00,4-2-1/6/5-7-3,published,競輪研究,楽天Kドリームス 並び予想
5520231210030009,2023-12-12,和歌山競輪,F2,A1/A2,9,Ａ級特一般,14:20,14:15,7,https://keirin.kdreams.jp/wakayama/racedetail/5520231210030009/?pageType=result,2026-10-04T03:06:11.861116+00:00,4-2/6-1/7-3-5,published,競輪研究,楽天Kドリームス 並び予想
5520231210030010,2023-12-12,和歌山競輪,F2,A1/A2,10,Ａ級特選,14:55,14:50,7,https://keirin.kdreams.jp/wakayama/racedetail/5520231210030010/?pageType=result,2026-10-04T03:06:14.107355+00:00,1-5-4/2/3-7-6,published,競輪研究,楽天Kドリームス 並び予想
5520231210030011,2023-12-12,和歌山競輪,F2,A1/A2,11,Ａ級特選,15:30,15:25,7,https://keirin.kdreams.jp/wakayama/racedetail/5520231210030011/?pageType=result,2026-10-04T03:06:16.256368+00:00,1-5/2-6/3-4-7,published,競輪研究,楽天Kドリームス 並び予想
5520231210030012,2023-12-12,和歌山競輪,F2,A1/A2,12,Ａ級決勝,16:10,16:05,7,https://keirin.kdreams.jp/wakayama/racedetail/5520231210030012/?pageType=result,2026-10-04T03:06:18.405546+00:00,6-5-1/7-2/3-4,published,競輪研究,楽天Kドリームス 並び予想
4420231211020001,2023-12-12,大垣競輪,F1,A1/A2,1,Ａ級一般,10:50,10:45,7,https://keirin.kdreams.jp/ogaki/racedetail/4420231211020001/?pageType=result,2026-10-04T03:07:39.142466+00:00,2-5-7-4/1/3/6,published,ひかり,楽天Kドリームス 並び予想
4420231211020002,2023-12-12,大垣競輪,F1,A1/A2,2,Ａ級一般,11:16,11:11,7,https://keirin.kdreams.jp/ogaki/racedetail/4420231211020002/?pageType=result,2026-10-04T03:07:41.593784+00:00,1-7-3/2-5-4-6,published,ひかり,楽天Kドリームス 並び予想
4420231211020003,2023-12-12,大垣競輪,F1,A1/A2,3,Ａ級準決勝,11:44,11:39,7,https://keirin.kdreams.jp/ogaki/racedetail/4420231211020003/?pageType=result,2026-10-04T03:07:43.774275+00:00,7-1-6/2-5-3/4,published,ひかり,楽天Kドリームス 並び予想
4420231211020004,2023-12-12,大垣競輪,F1,A1/A2,4,Ａ級準決勝,12:12,12:07,7,https://keirin.kdreams.jp/ogaki/racedetail/4420231211020004/?pageType=result,2026-10-04T03:07:46.453286+00:00,4-1-6/7-2/5-3,published,ひかり,楽天Kドリームス 並び予想
4420231211020005,2023-12-12,大垣競輪,F1,A1/A2,5,Ａ級準決勝,12:40,12:35,7,https://keirin.kdreams.jp/ogaki/racedetail/4420231211020005/?pageType=result,2026-10-04T03:07:48.836563+00:00,1-4-6/7-3/5-2,published,ひかり,楽天Kドリームス 並び予想
3520231210030006,2023-12-12,平塚競輪,F2,A1/A2,6,Ａ級特一般,13:05,13:00,5,https://keirin.kdreams.jp/hiratsuka/racedetail/3520231210030006/?pageType=result,2026-10-04T03:04:01.758707+00:00,4-1/2/3-5,published,小田競・サイクル,楽天Kドリームス 並び予想
3520231210030007,2023-12-12,平塚競輪,F2,A1/A2,7,Ａ級特一般,13:35,13:30,6,https://keirin.kdreams.jp/hiratsuka/racedetail/3520231210030007/?pageType=result,2026-10-04T03:04:03.833495+00:00,2-5-4/1/3-6,published,小田競・サイクル,楽天Kドリームス 並び予想
3520231210030008,2023-12-12,平塚競輪,F2,A1/A2,8,Ａ級特選,14:07,14:02,7,https://keirin.kdreams.jp/hiratsuka/racedetail/3520231210030008/?pageType=result,2026-10-04T03:04:06.235598+00:00,1-4-5/3-7-2-6,published,小田競・サイクル,楽天Kドリームス 並び予想
3520231210030009,2023-12-12,平塚競輪,F2,A1/A2,9,Ａ級特選,14:39,14:34,7,https://keirin.kdreams.jp/hiratsuka/racedetail/3520231210030009/?pageType=result,2026-10-04T03:04:08.526662+00:00,1-4-7/2-6/3-5,published,小田競・サイクル,楽天Kドリームス 並び予想
3520231210030012,2023-12-12,平塚競輪,F2,A1/A2,12,Ａ級決勝,16:30,16:25,7,https://keirin.kdreams.jp/hiratsuka/racedetail/3520231210030012/?pageType=result,2026-10-04T03:04:10.545476+00:00,6-1/3/2/7-5-4,published,小田競・サイクル,楽天Kドリームス 並び予想
7520231210030005,2023-12-12,松山競輪,F2,A1/A2,5,Ａ級一般,17:21,17:16,6,https://keirin.kdreams.jp/matsuyama/racedetail/7520231210030005/?pageType=result,2026-10-04T03:04:43.175828+00:00,1-6-2/5-3-4,published,金星社,楽天Kドリームス 並び予想
7520231210030006,2023-12-12,松山競輪,F2,A1/A2,6,Ａ級一般,17:46,17:41,7,https://keirin.kdreams.jp/matsuyama/racedetail/7520231210030006/?pageType=result,2026-10-04T03:04:45.205969+00:00,3-5/1/4-2-7-6,published,金星社,楽天Kドリームス 並び予想
7520231210030007,2023-12-12,松山競輪,F2,A1/A2,7,Ａ級一般,18:11,18:06,7,https://keirin.kdreams.jp/matsuyama/racedetail/7520231210030007/?pageType=result,2026-10-04T03:04:47.299738+00:00,1-5-4/2-6/3-7,published,金星社,楽天Kドリームス 並び予想
7520231210030008,2023-12-12,松山競輪,F2,A1/A2,8,Ａ級特選,18:36,18:31,7,https://keirin.kdreams.jp/matsuyama/racedetail/7520231210030008/?pageType=result,2026-10-04T03:04:49.387545+00:00,1-7/2-5/4/6-3,published,金星社,楽天Kドリームス 並び予想
7520231210030009,2023-12-12,松山競輪,F2,A1/A2,9,Ａ級特選,19:01,18:56,7,https://keirin.kdreams.jp/matsuyama/racedetail/7520231210030009/?pageType=result,2026-10-04T03:04:51.488301+00:00,1-6/4-2/7/5-3,published,金星社,楽天Kドリームス 並び予想
7520231210030010,2023-12-12,松山競輪,F2,A1/A2,10,Ａ級特選,19:32,19:27,7,https://keirin.kdreams.jp/matsuyama/racedetail/7520231210030010/?pageType=result,2026-10-04T03:04:53.879832+00:00,4-1-7/2-5/6-3,published,金星社,楽天Kドリームス 並び予想
7520231210030012,2023-12-12,松山競輪,F2,A1/A2,12,Ａ級決勝,20:35,20:30,7,https://keirin.kdreams.jp/matsuyama/racedetail/7520231210030012/?pageType=result,2026-10-04T03:04:56.472537+00:00,5-3-7-1/4/6-2,published,金星社,楽天Kドリームス 並び予想
6120231211020001,2023-12-12,玉野競輪,F1,A1/A2,1,Ａ級一般,20:50,20:45,7,https://keirin.kdreams.jp/tamano/racedetail/6120231211020001/?pageType=result,2026-10-04T03:08:15.609487+00:00,4-1/3/6-2/7-5,published,競輪毎日,楽天Kドリームス 並び予想
6120231211020002,2023-12-12,玉野競輪,F1,A1/A2,2,Ａ級一般,21:10,21:05,7,https://keirin.kdreams.jp/tamano/racedetail/6120231211020002/?pageType=result,2026-10-04T03:08:17.898955+00:00,2-1-3-7/4-6-5,published,競輪毎日,楽天Kドリームス 並び予想
6120231211020003,2023-12-12,玉野競輪,F1,A1/A2,3,Ａ級準決勝,21:30,21:25,7,https://keirin.kdreams.jp/tamano/racedetail/6120231211020003/?pageType=result,2026-10-04T03:08:20.156655+00:00,2-7/3-5/1-4-6,published,競輪毎日,楽天Kドリームス 並び予想
6120231211020004,2023-12-12,玉野競輪,F1,A1/A2,4,Ａ級準決勝,21:50,21:45,7,https://keirin.kdreams.jp/tamano/racedetail/6120231211020004/?pageType=result,2026-10-04T03:08:22.611271+00:00,2-7/1/6-3/4-5,published,競輪毎日,楽天Kドリームス 並び予想
7120231210030005,2023-12-12,高松競輪,F2,A1/A2,5,Ａ級一般,10:10,10:05,6,https://keirin.kdreams.jp/takamatsu/racedetail/7120231210030005/?pageType=result,2026-10-04T03:05:29.516495+00:00,1-6-4/5-3-2,published,競輪毎日,楽天Kドリームス 並び予想
7120231210030006,2023-12-12,高松競輪,F2,A1/A2,6,Ａ級一般,10:30,10:25,7,https://keirin.kdreams.jp/takamatsu/racedetail/7120231210030006/?pageType=result,2026-10-04T03:05:31.898516+00:00,2-4-6/1/3-7/5,published,競輪毎日,楽天Kドリームス 並び予想
7120231210030007,2023-12-12,高松競輪,F2,A1/A2,7,Ａ級一般,10:55,10:50,7,https://keirin.kdreams.jp/takamatsu/racedetail/7120231210030007/?pageType=result,2026-10-04T03:05:34.038854+00:00,7-1-6/2-5/3-4,published,競輪毎日,楽天Kドリームス 並び予想
7120231210030008,2023-12-12,高松競輪,F2,A1/A2,8,Ａ級特選,11:21,11:16,7,https://keirin.kdreams.jp/takamatsu/racedetail/7120231210030008/?pageType=result,2026-10-04T03:05:36.468259+00:00,7-1/4-2-5/3-6,published,競輪毎日,楽天Kドリームス 並び予想
7120231210030009,2023-12-12,高松競輪,F2,A1/A2,9,Ａ級特選,11:49,11:44,7,https://keirin.kdreams.jp/takamatsu/racedetail/7120231210030009/?pageType=result,2026-10-04T03:05:38.836147+00:00,1-4-3-6/2-5-7,published,競輪毎日,楽天Kドリームス 並び予想
7120231210030010,2023-12-12,高松競輪,F2,A1/A2,10,Ａ級特選,12:17,12:12,7,https://keirin.kdreams.jp/takamatsu/racedetail/7120231210030010/?pageType=result,2026-10-04T03:05:41.284159+00:00,1-6/4-2/5-7-3,published,競輪毎日,楽天Kドリームス 並び予想
7120231210030012,2023-12-12,高松競輪,F2,A1/A2,12,Ａ級決勝,13:15,13:10,7,https://keirin.kdreams.jp/takamatsu/racedetail/7120231210030012/?pageType=result,2026-10-04T03:05:43.563557+00:00,5-1/2/3-6/4-7,published,競輪毎日,楽天Kドリームス 並び予想
8320231211030001,2023-12-13,久留米競輪,F1,A1/A2,1,Ａ級一般,16:00,15:55,7,https://keirin.kdreams.jp/kurume/racedetail/8320231211030001/?pageType=result,2026-10-04T03:07:15.963537+00:00,7-2-4/3-5-1/6,published,コンドル出版社,楽天Kドリームス 並び予想
8320231211030002,2023-12-13,久留米競輪,F1,A1/A2,2,Ａ級一般,16:23,16:18,7,https://keirin.kdreams.jp/kurume/racedetail/8320231211030002/?pageType=result,2026-10-04T03:07:18.426661+00:00,4-1-7/2-5/6-3,published,コンドル出版社,楽天Kドリームス 並び予想
8320231211030003,2023-12-13,久留米競輪,F1,A1/A2,3,Ａ級特選,16:46,16:41,7,https://keirin.kdreams.jp/kurume/racedetail/8320231211030003/?pageType=result,2026-10-04T03:07:21.042384+00:00,7-1/5-2/4-3-6,published,コンドル出版社,楽天Kドリームス 並び予想
8320231211030004,2023-12-13,久留米競輪,F1,A1/A2,4,Ａ級特選,17:09,17:04,7,https://keirin.kdreams.jp/kurume/racedetail/8320231211030004/?pageType=result,2026-10-04T03:07:23.349538+00:00,1-7-5/3/4-2-6,published,コンドル出版社,楽天Kドリームス 並び予想
8320231211030011,2023-12-13,久留米競輪,F1,A1/A2,11,Ａ級決勝,20:02,19:57,7,https://keirin.kdreams.jp/kurume/racedetail/8320231211030011/?pageType=result,2026-10-04T03:07:25.505415+00:00,5-1-6/7-2/4-3,published,コンドル出版社,楽天Kドリームス 並び予想
3720231211030004,2023-12-13,伊東競輪,F2,A1/A2,4,Ａ級特一般,21:40,21:35,7,https://keirin.kdreams.jp/ito/racedetail/3720231211030004/?pageType=result,2026-10-04T03:06:42.009913+00:00,4-1-6/2-7/3-5,published,ひかり・小田競,楽天Kドリームス 並び予想
3720231211030005,2023-12-13,伊東競輪,F2,A1/A2,5,Ａ級特一般,22:00,21:55,7,https://keirin.kdreams.jp/ito/racedetail/3720231211030005/?pageType=result,2026-10-04T03:06:44.676727+00:00,1-2/4-6/7-3/5,published,ひかり・小田競,楽天Kドリームス 並び予想
3720231211030006,2023-12-13,伊東競輪,F2,A1/A2,6,Ａ級特選,22:20,22:15,7,https://keirin.kdreams.jp/ito/racedetail/3720231211030006/?pageType=result,2026-10-04T03:06:47.188625+00:00,2-1-3/5-4-6/7,published,ひかり・小田競,楽天Kドリームス 並び予想
3720231211030007,2023-12-13,伊東競輪,F2,A1/A2,7,Ａ級特選,22:40,22:35,7,https://keirin.kdreams.jp/ito/racedetail/3720231211030007/?pageType=result,2026-10-04T03:06:49.224456+00:00,1-7-6/2-3/4-5,published,ひかり・小田競,楽天Kドリームス 並び予想
3720231211030009,2023-12-13,伊東競輪,F2,A1/A2,9,Ａ級決勝,23:20,23:15,7,https://keirin.kdreams.jp/ito/racedetail/3720231211030009/?pageType=result,2026-10-04T03:06:51.418303+00:00,1-6-5/2-7/3/4,published,ひかり・小田競,楽天Kドリームス 並び予想
4420231211030001,2023-12-13,大垣競輪,F1,A1/A2,1,Ａ級一般,10:50,10:45,7,https://keirin.kdreams.jp/ogaki/racedetail/4420231211030001/?pageType=result,2026-10-04T03:07:50.902937+00:00,1-4/7-2/3-5-6,published,ひかり,楽天Kドリームス 並び予想
4420231211030002,2023-12-13,大垣競輪,F1,A1/A2,2,Ａ級一般,11:16,11:11,7,https://keirin.kdreams.jp/ogaki/racedetail/4420231211030002/?pageType=result,2026-10-04T03:07:52.990011+00:00,1-7-4/5-3-2/6,published,ひかり,楽天Kドリームス 並び予想
4420231211030003,2023-12-13,大垣競輪,F1,A1/A2,3,Ａ級特選,11:44,11:39,7,https://keirin.kdreams.jp/ogaki/racedetail/4420231211030003/?pageType=result,2026-10-04T03:07:55.943403+00:00,2-7/5-1/3-6/4,published,ひかり,楽天Kドリームス 並び予想
4420231211030004,2023-12-13,大垣競輪,F1,A1/A2,4,Ａ級特選,12:12,12:07,7,https://keirin.kdreams.jp/ogaki/racedetail/4420231211030004/?pageType=result,2026-10-04T03:07:58.282977+00:00,1-4/3-6/2/5/7,published,ひかり,楽天Kドリームス 並び予想
4420231211030011,2023-12-13,大垣競輪,F1,A1/A2,11,Ａ級決勝,15:55,15:50,7,https://keirin.kdreams.jp/ogaki/racedetail/4420231211030011/?pageType=result,2026-10-04T03:08:01.820831+00:00,2-1/4-3/6/5-7,published,ひかり,楽天Kドリームス 並び予想
3420231213010001,2023-12-13,川崎競輪,F1,A1/A2,1,Ａ級予選,15:48,15:43,7,https://keirin.kdreams.jp/kawasaki/racedetail/3420231213010001/?pageType=result,2026-10-04T03:08:34.520133+00:00,5-1-6/2-4/3-7,published,小田競・サイクル,楽天Kドリームス 並び予想
3420231213010002,2023-12-13,川崎競輪,F1,A1/A2,2,Ａ級予選,16:11,16:06,7,https://keirin.kdreams.jp/kawasaki/racedetail/3420231213010002/?pageType=result,2026-10-04T03:08:36.759019+00:00,2-7/1-6-4/5-3,published,小田競・サイクル,楽天Kドリームス 並び予想
3420231213010003,2023-12-13,川崎競輪,F1,A1/A2,3,Ａ級予選,16:34,16:29,7,https://keirin.kdreams.jp/kawasaki/racedetail/3420231213010003/?pageType=result,2026-10-04T03:08:39.092384+00:00,3-7/6-1/5-2-4,published,小田競・サイクル,楽天Kドリームス 並び予想
3420231213010004,2023-12-13,川崎競輪,F1,A1/A2,4,Ａ級予選,16:57,16:52,7,https://keirin.kdreams.jp/kawasaki/racedetail/3420231213010004/?pageType=result,2026-10-04T03:08:41.218765+00:00,1-7-2/4/5-3-6,published,小田競・サイクル,楽天Kドリームス 並び予想
3420231213010005,2023-12-13,川崎競輪,F1,A1/A2,5,Ａ級初日特選,17:20,17:15,7,https://keirin.kdreams.jp/kawasaki/racedetail/3420231213010005/?pageType=result,2026-10-04T03:08:43.574851+00:00,2-5-3/1-6/4-7,published,小田競・サイクル,楽天Kドリームス 並び予想
6120231211030001,2023-12-13,玉野競輪,F1,A1/A2,1,Ａ級一般,20:50,20:45,7,https://keirin.kdreams.jp/tamano/racedetail/6120231211030001/?pageType=result,2026-10-04T03:08:24.684957+00:00,1-2-5/3/7-4-6,published,競輪毎日,楽天Kドリームス 並び予想
6120231211030002,2023-12-13,玉野競輪,F1,A1/A2,2,Ａ級一般,21:10,21:05,7,https://keirin.kdreams.jp/tamano/racedetail/6120231211030002/?pageType=result,2026-10-04T03:08:26.886268+00:00,1-2-4/7/6-5-3,published,競輪毎日,楽天Kドリームス 並び予想
6120231211030003,2023-12-13,玉野競輪,F1,A1/A2,3,Ａ級特選,21:30,21:25,7,https://keirin.kdreams.jp/tamano/racedetail/6120231211030003/?pageType=result,2026-10-04T03:08:29.128568+00:00,7-1/2-6/5/3-4,published,競輪毎日,楽天Kドリームス 並び予想
6120231211030008,2023-12-13,玉野競輪,F1,A1/A2,8,Ａ級決勝,23:10,23:05,7,https://keirin.kdreams.jp/tamano/racedetail/6120231211030008/?pageType=result,2026-10-04T03:08:31.791992+00:00,1-6-3/2-4/5/7,published,競輪毎日,楽天Kドリームス 並び予想
1320231214010006,2023-12-14,いわき平競輪,F2,A1/A2,6,Ａ級予選,17:45,17:40,7,https://keirin.kdreams.jp/iwakitaira/racedetail/1320231214010006/?pageType=result,2026-10-04T03:09:35.356427+00:00,5-2-6/1-7/4-3,published,アオケイ,楽天Kドリームス 並び予想
1320231214010007,2023-12-14,いわき平競輪,F2,A1/A2,7,Ａ級予選,18:10,18:05,7,https://keirin.kdreams.jp/iwakitaira/racedetail/1320231214010007/?pageType=result,2026-10-04T03:09:37.775576+00:00,4-1/3/6-5-2/7,published,アオケイ,楽天Kドリームス 並び予想
1320231214010008,2023-12-14,いわき平競輪,F2,A1/A2,8,Ａ級予選,18:35,18:30,7,https://keirin.kdreams.jp/iwakitaira/racedetail/1320231214010008/?pageType=result,2026-10-04T03:09:40.053970+00:00,4-1-3/5/7-2-6,published,アオケイ,楽天Kドリームス 並び予想
1320231214010009,2023-12-14,いわき平競輪,F2,A1/A2,9,Ａ級予選,19:00,18:55,7,https://keirin.kdreams.jp/iwakitaira/racedetail/1320231214010009/?pageType=result,2026-10-04T03:09:42.135551+00:00,3-7/4-1-6/2-5,published,アオケイ,楽天Kドリームス 並び予想
1320231214010010,2023-12-14,いわき平競輪,F2,A1/A2,10,Ａ級予選,19:25,19:20,7,https://keirin.kdreams.jp/iwakitaira/racedetail/1320231214010010/?pageType=result,2026-10-04T03:09:44.223896+00:00,1-5-3/7-4-2/6,published,アオケイ,楽天Kドリームス 並び予想
1320231214010011,2023-12-14,いわき平競輪,F2,A1/A2,11,Ａ級予選,19:50,19:45,7,https://keirin.kdreams.jp/iwakitaira/racedetail/1320231214010011/?pageType=result,2026-10-04T03:09:46.644587+00:00,4-1-5/3-7/6-2,published,アオケイ,楽天Kドリームス 並び予想
1320231214010012,2023-12-14,いわき平競輪,F2,A1/A2,12,Ａ級初日特選,20:20,20:15,7,https://keirin.kdreams.jp/iwakitaira/racedetail/1320231214010012/?pageType=result,2026-10-04T03:09:48.778060+00:00,1-6/2-7/5/3-4,published,アオケイ,楽天Kドリームス 並び予想
8620231214010001,2023-12-14,別府競輪,F1,A1/A2,1,Ａ級予選,20:50,20:45,7,https://keirin.kdreams.jp/beppu/racedetail/8620231214010001/?pageType=result,2026-10-04T03:09:10.627074+00:00,7-1-3/5-4-2/6,published,ダービー,楽天Kドリームス 並び予想
8620231214010002,2023-12-14,別府競輪,F1,A1/A2,2,Ａ級予選,21:10,21:05,7,https://keirin.kdreams.jp/beppu/racedetail/8620231214010002/?pageType=result,2026-10-04T03:09:12.870755+00:00,1-4-6/2/5-3/7,published,ダービー,楽天Kドリームス 並び予想
8620231214010003,2023-12-14,別府競輪,F1,A1/A2,3,Ａ級予選,21:30,21:25,7,https://keirin.kdreams.jp/beppu/racedetail/8620231214010003/?pageType=result,2026-10-04T03:09:14.909911+00:00,3-1-7/2-4/5/6,published,ダービー,楽天Kドリームス 並び予想
8620231214010004,2023-12-14,別府競輪,F1,A1/A2,4,Ａ級初日特選,21:50,21:45,7,https://keirin.kdreams.jp/beppu/racedetail/8620231214010004/?pageType=result,2026-10-04T03:09:17.453536+00:00,7-6-1-4/2-3-5,published,ダービー,楽天Kドリームス 並び予想
5420231214010001,2023-12-14,向日町競輪,F1,A1/A2,1,Ａ級予選,11:00,10:55,7,https://keirin.kdreams.jp/mukomachi/racedetail/5420231214010001/?pageType=result,2026-10-04T03:10:23.293558+00:00,1-7-4/3-5/6-2,published,競輪研究,楽天Kドリームス 並び予想
5420231214010002,2023-12-14,向日町競輪,F1,A1/A2,2,Ａ級予選,11:27,11:22,7,https://keirin.kdreams.jp/mukomachi/racedetail/5420231214010002/?pageType=result,2026-10-04T03:10:25.565584+00:00,1-6/2-5/4-7-3,published,競輪研究,楽天Kドリームス 並び予想
5420231214010003,2023-12-14,向日町競輪,F1,A1/A2,3,Ａ級予選,11:55,11:50,7,https://keirin.kdreams.jp/mukomachi/racedetail/5420231214010003/?pageType=result,2026-10-04T03:10:27.787397+00:00,4-1/6/5-3-2-7,published,競輪研究,楽天Kドリームス 並び予想
5420231214010004,2023-12-14,向日町競輪,F1,A1/A2,4,Ａ級予選,12:23,12:18,7,https://keirin.kdreams.jp/mukomachi/racedetail/5420231214010004/?pageType=result,2026-10-04T03:10:29.979725+00:00,7-1-5-4/2/3/6,published,競輪研究,楽天Kドリームス 並び予想
5420231214010005,2023-12-14,向日町競輪,F1,A1/A2,5,Ａ級初日特選,12:51,12:46,7,https://keirin.kdreams.jp/mukomachi/racedetail/5420231214010005/?pageType=result,2026-10-04T03:10:32.443307+00:00,4-7-2/3-6-1-5,published,競輪研究,楽天Kドリームス 並び予想
3420231213020001,2023-12-14,川崎競輪,F1,A1/A2,1,Ａ級一般,15:33,15:28,7,https://keirin.kdreams.jp/kawasaki/racedetail/3420231213020001/?pageType=result,2026-10-04T03:08:45.752159+00:00,5-1/2/6-3/7-4,published,小田競・サイクル,楽天Kドリームス 並び予想
3420231213020002,2023-12-14,川崎競輪,F1,A1/A2,2,Ａ級一般,15:57,15:52,7,https://keirin.kdreams.jp/kawasaki/racedetail/3420231213020002/?pageType=result,2026-10-04T03:08:48.847920+00:00,4-6-2/1/7-5-3,published,小田競・サイクル,楽天Kドリームス 並び予想
3420231213020003,2023-12-14,川崎競輪,F1,A1/A2,3,Ａ級準決勝,16:21,16:16,7,https://keirin.kdreams.jp/kawasaki/racedetail/3420231213020003/?pageType=result,2026-10-04T03:08:51.725973+00:00,2-5/7-1/3-4-6,published,小田競・サイクル,楽天Kドリームス 並び予想
3420231213020004,2023-12-14,川崎競輪,F1,A1/A2,4,Ａ級準決勝,16:45,16:40,7,https://keirin.kdreams.jp/kawasaki/racedetail/3420231213020004/?pageType=result,2026-10-04T03:08:53.934874+00:00,3-1-7/6/4-2-5,published,小田競・サイクル,楽天Kドリームス 並び予想
3420231213020005,2023-12-14,川崎競輪,F1,A1/A2,5,Ａ級準決勝,17:09,17:04,7,https://keirin.kdreams.jp/kawasaki/racedetail/3420231213020005/?pageType=result,2026-10-04T03:08:56.142742+00:00,1-4/2-7/3-5-6,published,小田競・サイクル,楽天Kドリームス 並び予想
4520231214010003,2023-12-14,豊橋競輪,F2,A1/A2,3,Ａ級予選,21:20,21:15,7,https://keirin.kdreams.jp/toyohashi/racedetail/4520231214010003/?pageType=result,2026-10-04T03:11:01.285355+00:00,2-1/4/3-5/6/7,published,中部競輪,楽天Kドリームス 並び予想
4520231214010004,2023-12-14,豊橋競輪,F2,A1/A2,4,Ａ級予選,21:40,21:35,7,https://keirin.kdreams.jp/toyohashi/racedetail/4520231214010004/?pageType=result,2026-10-04T03:11:03.581984+00:00,2-1/6-5/4-3-7,published,中部競輪,楽天Kドリームス 並び予想
4520231214010005,2023-12-14,豊橋競輪,F2,A1/A2,5,Ａ級予選,22:00,21:55,7,https://keirin.kdreams.jp/toyohashi/racedetail/4520231214010005/?pageType=result,2026-10-04T03:11:05.728765+00:00,2-3/4-1-5/6-7,published,中部競輪,楽天Kドリームス 並び予想
4520231214010006,2023-12-14,豊橋競輪,F2,A1/A2,6,Ａ級予選,22:20,22:15,7,https://keirin.kdreams.jp/toyohashi/racedetail/4520231214010006/?pageType=result,2026-10-04T03:11:07.809390+00:00,1-2-7/6/4-3-5,published,中部競輪,楽天Kドリームス 並び予想
4520231214010007,2023-12-14,豊橋競輪,F2,A1/A2,7,Ａ級予選,22:40,22:35,7,https://keirin.kdreams.jp/toyohashi/racedetail/4520231214010007/?pageType=result,2026-10-04T03:11:09.839079+00:00,2-1-3-6/4/5-7,published,中部競輪,楽天Kドリームス 並び予想
4520231214010008,2023-12-14,豊橋競輪,F2,A1/A2,8,Ａ級予選,23:00,22:55,7,https://keirin.kdreams.jp/toyohashi/racedetail/4520231214010008/?pageType=result,2026-10-04T03:11:12.440582+00:00,1-2-5/6-3/7-4,published,中部競輪,楽天Kドリームス 並び予想
4520231214010009,2023-12-14,豊橋競輪,F2,A1/A2,9,Ａ級初日特選,23:20,23:15,7,https://keirin.kdreams.jp/toyohashi/racedetail/4520231214010009/?pageType=result,2026-10-04T03:11:14.579650+00:00,1-5-7/6-2/4-3,published,中部競輪,楽天Kドリームス 並び予想
1320231214020006,2023-12-15,いわき平競輪,F2,A1/A2,6,Ａ級一般,17:45,17:40,7,https://keirin.kdreams.jp/iwakitaira/racedetail/1320231214020006/?pageType=result,2026-10-04T03:09:50.964803+00:00,1-4-7/5-2/6-3,published,アオケイ,楽天Kドリームス 並び予想
1320231214020007,2023-12-15,いわき平競輪,F2,A1/A2,7,Ａ級一般,18:10,18:05,7,https://keirin.kdreams.jp/iwakitaira/racedetail/1320231214020007/?pageType=result,2026-10-04T03:09:53.059546+00:00,4-1-6/2-7/5-3,published,アオケイ,楽天Kドリームス 並び予想
1320231214020008,2023-12-15,いわき平競輪,F2,A1/A2,8,Ａ級選抜,18:35,18:30,7,https://keirin.kdreams.jp/iwakitaira/racedetail/1320231214020008/?pageType=result,2026-10-04T03:09:55.308879+00:00,1-7/2-4/6-3-5,published,アオケイ,楽天Kドリームス 並び予想
1320231214020009,2023-12-15,いわき平競輪,F2,A1/A2,9,Ａ級選抜,19:00,18:55,7,https://keirin.kdreams.jp/iwakitaira/racedetail/1320231214020009/?pageType=result,2026-10-04T03:09:57.352953+00:00,7-1-4/2-5/3-6,published,アオケイ,楽天Kドリームス 並び予想
1320231214020010,2023-12-15,いわき平競輪,F2,A1/A2,10,Ａ級準決勝,19:25,19:20,7,https://keirin.kdreams.jp/iwakitaira/racedetail/1320231214020010/?pageType=result,2026-10-04T03:09:59.506548+00:00,2-4-6/5-3/7-1,published,アオケイ,楽天Kドリームス 並び予想
1320231214020011,2023-12-15,いわき平競輪,F2,A1/A2,11,Ａ級準決勝,19:50,19:45,7,https://keirin.kdreams.jp/iwakitaira/racedetail/1320231214020011/?pageType=result,2026-10-04T03:10:02.356240+00:00,1-5/2/6-4/7-3,published,アオケイ,楽天Kドリームス 並び予想
1320231214020012,2023-12-15,いわき平競輪,F2,A1/A2,12,Ａ級準決勝,20:20,20:15,7,https://keirin.kdreams.jp/iwakitaira/racedetail/1320231214020012/?pageType=result,2026-10-04T03:10:04.782314+00:00,1-7-4/2-5/6-3,published,アオケイ,楽天Kドリームス 並び予想
2720231215010008,2023-12-15,京王閣競輪,F2,A1/A2,8,Ａ級特予選,18:22,18:17,7,https://keirin.kdreams.jp/keiokaku/racedetail/2720231215010008/?pageType=result,2026-10-04T03:11:48.357590+00:00,1-3-7/4-2-5/6,published,アオケイ,楽天Kドリームス 並び予想
2720231215010009,2023-12-15,京王閣競輪,F2,A1/A2,9,Ａ級特予選,18:49,18:44,7,https://keirin.kdreams.jp/keiokaku/racedetail/2720231215010009/?pageType=result,2026-10-04T03:11:51.052685+00:00,4-2/7/1/5-3-6,published,アオケイ,楽天Kドリームス 並び予想
2720231215010010,2023-12-15,京王閣競輪,F2,A1/A2,10,Ａ級特予選,19:18,19:13,7,https://keirin.kdreams.jp/keiokaku/racedetail/2720231215010010/?pageType=result,2026-10-04T03:11:53.052795+00:00,1-6/3-5-2/4-7,published,アオケイ,楽天Kドリームス 並び予想
2720231215010011,2023-12-15,京王閣競輪,F2,A1/A2,11,Ａ級特予選,19:47,19:42,7,https://keirin.kdreams.jp/keiokaku/racedetail/2720231215010011/?pageType=result,2026-10-04T03:11:55.094329+00:00,1-7-4/2-6/5-3,published,アオケイ,楽天Kドリームス 並び予想
2720231215010012,2023-12-15,京王閣競輪,F2,A1/A2,12,Ａ級初日特選,20:20,20:15,7,https://keirin.kdreams.jp/keiokaku/racedetail/2720231215010012/?pageType=result,2026-10-04T03:11:57.075911+00:00,6-1-5/2-7/4-3,published,アオケイ,楽天Kドリームス 並び予想
8620231214020001,2023-12-15,別府競輪,F1,A1/A2,1,Ａ級一般,20:50,20:45,7,https://keirin.kdreams.jp/beppu/racedetail/8620231214020001/?pageType=result,2026-10-04T03:09:18.745996+00:00,7-2-1/4/6/5-3,published,ダービー,楽天Kドリームス 並び予想
8620231214020002,2023-12-15,別府競輪,F1,A1/A2,2,Ａ級一般,21:10,21:05,7,https://keirin.kdreams.jp/beppu/racedetail/8620231214020002/?pageType=result,2026-10-04T03:09:20.667825+00:00,2-1-6-3/5/7-4,published,ダービー,楽天Kドリームス 並び予想
8620231214020003,2023-12-15,別府競輪,F1,A1/A2,3,Ａ級準決勝,21:30,21:25,7,https://keirin.kdreams.jp/beppu/racedetail/8620231214020003/?pageType=result,2026-10-04T03:09:22.867602+00:00,1-2-5/4-3/7-6,published,ダービー,楽天Kドリームス 並び予想
8620231214020004,2023-12-15,別府競輪,F1,A1/A2,4,Ａ級準決勝,21:50,21:45,7,https://keirin.kdreams.jp/beppu/racedetail/8620231214020004/?pageType=result,2026-10-04T03:09:24.939621+00:00,1-3-5/2/4/7-6,published,ダービー,楽天Kドリームス 並び予想
5420231214020001,2023-12-15,向日町競輪,F1,A1/A2,1,Ａ級一般,11:00,10:55,7,https://keirin.kdreams.jp/mukomachi/racedetail/5420231214020001/?pageType=result,2026-10-04T03:10:35.172765+00:00,7-1/4-2/5-3/6,published,競輪研究,楽天Kドリームス 並び予想
5420231214020002,2023-12-15,向日町競輪,F1,A1/A2,2,Ａ級一般,11:27,11:22,7,https://keirin.kdreams.jp/mukomachi/racedetail/5420231214020002/?pageType=result,2026-10-04T03:10:37.285478+00:00,7-4/1/5-2/6-3,published,競輪研究,楽天Kドリームス 並び予想
5420231214020003,2023-12-15,向日町競輪,F1,A1/A2,3,Ａ級準決勝,11:55,11:50,7,https://keirin.kdreams.jp/mukomachi/racedetail/5420231214020003/?pageType=result,2026-10-04T03:10:39.925186+00:00,1-7/4-2-6/3-5,published,競輪研究,楽天Kドリームス 並び予想
5420231214020004,2023-12-15,向日町競輪,F1,A1/A2,4,Ａ級準決勝,12:23,12:18,7,https://keirin.kdreams.jp/mukomachi/racedetail/5420231214020004/?pageType=result,2026-10-04T03:10:42.216959+00:00,5-1-7/3/4-2-6,published,競輪研究,楽天Kドリームス 並び予想
5420231214020005,2023-12-15,向日町競輪,F1,A1/A2,5,Ａ級準決勝,12:51,12:46,7,https://keirin.kdreams.jp/mukomachi/racedetail/5420231214020005/?pageType=result,2026-10-04T03:10:44.519665+00:00,1-7-4/2-5/3-6,published,競輪研究,楽天Kドリームス 並び予想
3420231213030001,2023-12-15,川崎競輪,F1,A1/A2,1,Ａ級一般,15:33,15:28,7,https://keirin.kdreams.jp/kawasaki/racedetail/3420231213030001/?pageType=result,2026-10-04T03:08:58.360953+00:00,1-7/2-4/3-5/6,published,小田競・サイクル,楽天Kドリームス 並び予想
3420231213030002,2023-12-15,川崎競輪,F1,A1/A2,2,Ａ級一般,15:57,15:52,7,https://keirin.kdreams.jp/kawasaki/racedetail/3420231213030002/?pageType=result,2026-10-04T03:09:00.620805+00:00,7-2-1/6/5/4-3,published,小田競・サイクル,楽天Kドリームス 並び予想
3420231213030003,2023-12-15,川崎競輪,F1,A1/A2,3,Ａ級特選,16:21,16:16,7,https://keirin.kdreams.jp/kawasaki/racedetail/3420231213030003/?pageType=result,2026-10-04T03:09:02.873424+00:00,4-3/5-1/7-6-2,published,小田競・サイクル,楽天Kドリームス 並び予想
3420231213030004,2023-12-15,川崎競輪,F1,A1/A2,4,Ａ級特選,16:45,16:40,7,https://keirin.kdreams.jp/kawasaki/racedetail/3420231213030004/?pageType=result,2026-10-04T03:09:04.946125+00:00,2-5-6/1/4-7-3,published,小田競・サイクル,楽天Kドリームス 並び予想
3420231213030011,2023-12-15,川崎競輪,F1,A1/A2,11,Ａ級決勝,19:59,19:54,7,https://keirin.kdreams.jp/kawasaki/racedetail/3420231213030011/?pageType=result,2026-10-04T03:09:07.574533+00:00,6-5/1/7-2/4-3,published,小田競・サイクル,楽天Kドリームス 並び予想
4520231214020003,2023-12-15,豊橋競輪,F2,A1/A2,3,Ａ級一般,21:20,21:15,7,https://keirin.kdreams.jp/toyohashi/racedetail/4520231214020003/?pageType=result,2026-10-04T03:11:16.794203+00:00,1-5/2-4/6-3-7,published,中部競輪,楽天Kドリームス 並び予想
4520231214020004,2023-12-15,豊橋競輪,F2,A1/A2,4,Ａ級一般,21:40,21:35,7,https://keirin.kdreams.jp/toyohashi/racedetail/4520231214020004/?pageType=result,2026-10-04T03:11:18.817471+00:00,1-3-4/2-5/7-6,published,中部競輪,楽天Kドリームス 並び予想
4520231214020005,2023-12-15,豊橋競輪,F2,A1/A2,5,Ａ級選抜,22:00,21:55,7,https://keirin.kdreams.jp/toyohashi/racedetail/4520231214020005/?pageType=result,2026-10-04T03:11:21.332528+00:00,1-3-7/4/6-5-2,published,中部競輪,楽天Kドリームス 並び予想
4520231214020006,2023-12-15,豊橋競輪,F2,A1/A2,6,Ａ級選抜,22:20,22:15,7,https://keirin.kdreams.jp/toyohashi/racedetail/4520231214020006/?pageType=result,2026-10-04T03:11:23.708808+00:00,1-5/7-2-6/3-4,published,中部競輪,楽天Kドリームス 並び予想
4520231214020007,2023-12-15,豊橋競輪,F2,A1/A2,7,Ａ級準決勝,22:40,22:35,7,https://keirin.kdreams.jp/toyohashi/racedetail/4520231214020007/?pageType=result,2026-10-04T03:11:26.970974+00:00,2-1-4-7/3-5-6,published,中部競輪,楽天Kドリームス 並び予想
4520231214020008,2023-12-15,豊橋競輪,F2,A1/A2,8,Ａ級準決勝,23:00,22:55,7,https://keirin.kdreams.jp/toyohashi/racedetail/4520231214020008/?pageType=result,2026-10-04T03:11:29.055152+00:00,1-4-7/2-3/6-5,published,中部競輪,楽天Kドリームス 並び予想
4520231214020009,2023-12-15,豊橋競輪,F2,A1/A2,9,Ａ級準決勝,23:20,23:15,7,https://keirin.kdreams.jp/toyohashi/racedetail/4520231214020009/?pageType=result,2026-10-04T03:11:31.324026+00:00,1-3-7/5-2/6-4,published,中部競輪,楽天Kドリームス 並び予想
1320231214030005,2023-12-16,いわき平競輪,F2,A1/A2,5,Ａ級一般,17:20,17:15,7,https://keirin.kdreams.jp/iwakitaira/racedetail/1320231214030005/?pageType=result,2026-10-04T03:10:06.944252+00:00,6-2/1-5-4/3-7,published,アオケイ,楽天Kドリームス 並び予想
1320231214030006,2023-12-16,いわき平競輪,F2,A1/A2,6,Ａ級一般,17:45,17:40,7,https://keirin.kdreams.jp/iwakitaira/racedetail/1320231214030006/?pageType=result,2026-10-04T03:10:09.314891+00:00,2-7/3/1-5-4/6,published,アオケイ,楽天Kドリームス 並び予想
1320231214030007,2023-12-16,いわき平競輪,F2,A1/A2,7,Ａ級一般,18:10,18:05,7,https://keirin.kdreams.jp/iwakitaira/racedetail/1320231214030007/?pageType=result,2026-10-04T03:10:11.433467+00:00,2-5-6/4-1/7-3,published,アオケイ,楽天Kドリームス 並び予想
1320231214030008,2023-12-16,いわき平競輪,F2,A1/A2,8,Ａ級特選,18:35,18:30,7,https://keirin.kdreams.jp/iwakitaira/racedetail/1320231214030008/?pageType=result,2026-10-04T03:10:13.505435+00:00,2-6/5-7-1/4-3,published,アオケイ,楽天Kドリームス 並び予想
1320231214030009,2023-12-16,いわき平競輪,F2,A1/A2,9,Ａ級特選,19:00,18:55,7,https://keirin.kdreams.jp/iwakitaira/racedetail/1320231214030009/?pageType=result,2026-10-04T03:10:15.655845+00:00,4-1/2-7-5/3-6,published,アオケイ,楽天Kドリームス 並び予想
1320231214030010,2023-12-16,いわき平競輪,F2,A1/A2,10,Ａ級特選,19:28,19:23,7,https://keirin.kdreams.jp/iwakitaira/racedetail/1320231214030010/?pageType=result,2026-10-04T03:10:17.816569+00:00,1-5-6/2-4/3-7,published,アオケイ,楽天Kドリームス 並び予想
1320231214030012,2023-12-16,いわき平競輪,F2,A1/A2,12,Ａ級決勝,20:30,20:25,7,https://keirin.kdreams.jp/iwakitaira/racedetail/1320231214030012/?pageType=result,2026-10-04T03:10:20.747885+00:00,6-2/5-1/7-4-3,published,アオケイ,楽天Kドリームス 並び予想
2720231215020008,2023-12-16,京王閣競輪,F2,A1/A2,8,Ａ級特一般,18:22,18:17,6,https://keirin.kdreams.jp/keiokaku/racedetail/2720231215020008/?pageType=result,2026-10-04T03:11:59.163370+00:00,5-1-3-4/6-2,published,アオケイ,楽天Kドリームス 並び予想
2720231215020009,2023-12-16,京王閣競輪,F2,A1/A2,9,Ａ級特一般,18:49,18:44,7,https://keirin.kdreams.jp/keiokaku/racedetail/2720231215020009/?pageType=result,2026-10-04T03:12:01.442344+00:00,4-1-3/6/7-2-5,published,アオケイ,楽天Kドリームス 並び予想
2720231215020010,2023-12-16,京王閣競輪,F2,A1/A2,10,Ａ級準決勝,19:18,19:13,7,https://keirin.kdreams.jp/keiokaku/racedetail/2720231215020010/?pageType=result,2026-10-04T03:12:03.658113+00:00,2-7-6/4-1/5-3,published,アオケイ,楽天Kドリームス 並び予想
2720231215020011,2023-12-16,京王閣競輪,F2,A1/A2,11,Ａ級準決勝,19:47,19:42,7,https://keirin.kdreams.jp/keiokaku/racedetail/2720231215020011/?pageType=result,2026-10-04T03:12:05.774940+00:00,7-2/1-5/3-4-6,published,アオケイ,楽天Kドリームス 並び予想
2720231215020012,2023-12-16,京王閣競輪,F2,A1/A2,12,Ａ級準決勝,20:20,20:15,7,https://keirin.kdreams.jp/keiokaku/racedetail/2720231215020012/?pageType=result,2026-10-04T03:12:08.077441+00:00,1-4-5/7-2/3-6,published,アオケイ,楽天Kドリームス 並び予想
8620231214030001,2023-12-16,別府競輪,F1,A1/A2,1,Ａ級一般,20:50,20:45,7,https://keirin.kdreams.jp/beppu/racedetail/8620231214030001/?pageType=result,2026-10-04T03:09:27.003410+00:00,3-2-6/5-1/7/4,published,ダービー,楽天Kドリームス 並び予想
8620231214030002,2023-12-16,別府競輪,F1,A1/A2,2,Ａ級一般,21:10,21:05,7,https://keirin.kdreams.jp/beppu/racedetail/8620231214030002/?pageType=result,2026-10-04T03:09:29.119549+00:00,1-4/2-5-6/7-3,published,ダービー,楽天Kドリームス 並び予想
8620231214030003,2023-12-16,別府競輪,F1,A1/A2,3,Ａ級特選,21:30,21:25,7,https://keirin.kdreams.jp/beppu/racedetail/8620231214030003/?pageType=result,2026-10-04T03:09:31.289509+00:00,1-7-6/5-4-2/3,published,ダービー,楽天Kドリームス 並び予想
8620231214030008,2023-12-16,別府競輪,F1,A1/A2,8,Ａ級決勝,23:10,23:05,7,https://keirin.kdreams.jp/beppu/racedetail/8620231214030008/?pageType=result,2026-10-04T03:09:33.364549+00:00,1-6-2-4/7-3-5,published,ダービー,楽天Kドリームス 並び予想
5420231214030001,2023-12-16,向日町競輪,F1,A1/A2,1,Ａ級一般,11:00,10:55,7,https://keirin.kdreams.jp/mukomachi/racedetail/5420231214030001/?pageType=result,2026-10-04T03:10:46.683504+00:00,1-6/3-5/4/7-2,published,競輪研究,楽天Kドリームス 並び予想
5420231214030002,2023-12-16,向日町競輪,F1,A1/A2,2,Ａ級一般,11:27,11:22,7,https://keirin.kdreams.jp/mukomachi/racedetail/5420231214030002/?pageType=result,2026-10-04T03:10:48.970432+00:00,1-7-5/2/4-3/6,published,競輪研究,楽天Kドリームス 並び予想
5420231214030003,2023-12-16,向日町競輪,F1,A1/A2,3,Ａ級特選,11:55,11:50,7,https://keirin.kdreams.jp/mukomachi/racedetail/5420231214030003/?pageType=result,2026-10-04T03:10:51.279614+00:00,2-7/4-1/6-5-3,published,競輪研究,楽天Kドリームス 並び予想
5420231214030004,2023-12-16,向日町競輪,F1,A1/A2,4,Ａ級特選,12:23,12:18,7,https://keirin.kdreams.jp/mukomachi/racedetail/5420231214030004/?pageType=result,2026-10-04T03:10:53.624562+00:00,1-4-3/7/2-5-6,published,競輪研究,楽天Kドリームス 並び予想
5420231214030010,2023-12-16,向日町競輪,F1,A1/A2,10,Ａ級決勝,15:27,15:22,7,https://keirin.kdreams.jp/mukomachi/racedetail/5420231214030010/?pageType=result,2026-10-04T03:10:55.937167+00:00,5-1/6/7-2/4-3,published,競輪研究,楽天Kドリームス 並び予想
7520231216010001,2023-12-16,松山競輪,F1,A1/A2,1,Ａ級予選,15:40,15:35,7,https://keirin.kdreams.jp/matsuyama/racedetail/7520231216010001/?pageType=result,2026-10-04T03:12:21.261745+00:00,5-1/2-7/4-3-6,published,金星社,楽天Kドリームス 並び予想
7520231216010002,2023-12-16,松山競輪,F1,A1/A2,2,Ａ級予選,16:05,16:00,7,https://keirin.kdreams.jp/matsuyama/racedetail/7520231216010002/?pageType=result,2026-10-04T03:12:24.081795+00:00,1-4-7/5-2/6-3,published,金星社,楽天Kドリームス 並び予想
7520231216010003,2023-12-16,松山競輪,F1,A1/A2,3,Ａ級予選,16:30,16:25,7,https://keirin.kdreams.jp/matsuyama/racedetail/7520231216010003/?pageType=result,2026-10-04T03:12:26.134073+00:00,3-5-1-4/2-7-6,published,金星社,楽天Kドリームス 並び予想
7520231216010004,2023-12-16,松山競輪,F1,A1/A2,4,Ａ級予選,16:55,16:50,7,https://keirin.kdreams.jp/matsuyama/racedetail/7520231216010004/?pageType=result,2026-10-04T03:12:28.250842+00:00,1-7-2-4/3-5/6,published,金星社,楽天Kドリームス 並び予想
7520231216010005,2023-12-16,松山競輪,F1,A1/A2,5,Ａ級初日特選,17:20,17:15,7,https://keirin.kdreams.jp/matsuyama/racedetail/7520231216010005/?pageType=result,2026-10-04T03:12:30.341088+00:00,6-4-1/3-2/5-7,published,金星社,楽天Kドリームス 並び予想
2620231216010008,2023-12-16,西武園競輪,F2,A1/A2,8,Ａ級特予選,11:20,11:15,7,https://keirin.kdreams.jp/seibuen/racedetail/2620231216010008/?pageType=result,2026-10-04T03:12:55.206323+00:00,4-3-1/6/2-7-5,published,アオケイ,楽天Kドリームス 並び予想
2620231216010009,2023-12-16,西武園競輪,F2,A1/A2,9,Ａ級特予選,11:45,11:40,7,https://keirin.kdreams.jp/seibuen/racedetail/2620231216010009/?pageType=result,2026-10-04T03:12:57.566831+00:00,1-4/2-5/7-3-6,published,アオケイ,楽天Kドリームス 並び予想
2620231216010010,2023-12-16,西武園競輪,F2,A1/A2,10,Ａ級特予選,12:15,12:10,7,https://keirin.kdreams.jp/seibuen/racedetail/2620231216010010/?pageType=result,2026-10-04T03:12:59.840481+00:00,1-4-3/6/5-2-7,published,アオケイ,楽天Kドリームス 並び予想
2620231216010011,2023-12-16,西武園競輪,F2,A1/A2,11,Ａ級特予選,12:45,12:40,7,https://keirin.kdreams.jp/seibuen/racedetail/2620231216010011/?pageType=result,2026-10-04T03:13:01.990942+00:00,1-5-7/3-6/4-2,published,アオケイ,楽天Kドリームス 並び予想
2620231216010012,2023-12-16,西武園競輪,F2,A1/A2,12,Ａ級初日特選,13:15,13:10,7,https://keirin.kdreams.jp/seibuen/racedetail/2620231216010012/?pageType=result,2026-10-04T03:13:04.382253+00:00,1-4-7/2/5-3/6,published,アオケイ,楽天Kドリームス 並び予想
4520231214030002,2023-12-16,豊橋競輪,F2,A1/A2,2,Ａ級一般,21:00,20:55,7,https://keirin.kdreams.jp/toyohashi/racedetail/4520231214030002/?pageType=result,2026-10-04T03:11:33.361702+00:00,1-5/3-2-6/4-7,published,中部競輪,楽天Kドリームス 並び予想
4520231214030003,2023-12-16,豊橋競輪,F2,A1/A2,3,Ａ級一般,21:20,21:15,7,https://keirin.kdreams.jp/toyohashi/racedetail/4520231214030003/?pageType=result,2026-10-04T03:11:35.766774+00:00,1-5/6-2-4/3-7,published,中部競輪,楽天Kドリームス 並び予想
4520231214030004,2023-12-16,豊橋競輪,F2,A1/A2,4,Ａ級一般,21:40,21:35,7,https://keirin.kdreams.jp/toyohashi/racedetail/4520231214030004/?pageType=result,2026-10-04T03:11:38.038583+00:00,1-5/2-4-3/7-6,published,中部競輪,楽天Kドリームス 並び予想
4520231214030005,2023-12-16,豊橋競輪,F2,A1/A2,5,Ａ級特選,22:00,21:55,7,https://keirin.kdreams.jp/toyohashi/racedetail/4520231214030005/?pageType=result,2026-10-04T03:11:40.172686+00:00,2-3-6-1-7/4-5,published,中部競輪,楽天Kドリームス 並び予想
4520231214030006,2023-12-16,豊橋競輪,F2,A1/A2,6,Ａ級特選,22:20,22:15,7,https://keirin.kdreams.jp/toyohashi/racedetail/4520231214030006/?pageType=result,2026-10-04T03:11:42.291894+00:00,1-4/2-3/6-5-7,published,中部競輪,楽天Kドリームス 並び予想
4520231214030007,2023-12-16,豊橋競輪,F2,A1/A2,7,Ａ級特選,22:40,22:35,7,https://keirin.kdreams.jp/toyohashi/racedetail/4520231214030007/?pageType=result,2026-10-04T03:11:44.286387+00:00,1-3-7/2/5-4/6,published,中部競輪,楽天Kドリームス 並び予想
4520231214030009,2023-12-16,豊橋競輪,F2,A1/A2,9,Ａ級決勝,23:20,23:15,7,https://keirin.kdreams.jp/toyohashi/racedetail/4520231214030009/?pageType=result,2026-10-04T03:11:46.358021+00:00,1-5-7/4/3-2-6,published,中部競輪,楽天Kドリームス 並び予想
2720231215030006,2023-12-17,京王閣競輪,F2,A1/A2,6,Ａ級特一般,17:31,17:26,6,https://keirin.kdreams.jp/keiokaku/racedetail/2720231215030006/?pageType=result,2026-10-04T03:12:10.112834+00:00,1-5-3/2-4-6,published,アオケイ,楽天Kドリームス 並び予想
2720231215030007,2023-12-17,京王閣競輪,F2,A1/A2,7,Ａ級特一般,17:58,17:53,7,https://keirin.kdreams.jp/keiokaku/racedetail/2720231215030007/?pageType=result,2026-10-04T03:12:12.348261+00:00,1-4-7/3/2-5/6,published,アオケイ,楽天Kドリームス 並び予想
2720231215030010,2023-12-17,京王閣競輪,F2,A1/A2,10,Ａ級特選,19:22,19:17,7,https://keirin.kdreams.jp/keiokaku/racedetail/2720231215030010/?pageType=result,2026-10-04T03:12:14.608486+00:00,5-2-4/7-1/3/6,published,アオケイ,楽天Kドリームス 並び予想
2720231215030011,2023-12-17,京王閣競輪,F2,A1/A2,11,Ａ級特選,19:52,19:47,7,https://keirin.kdreams.jp/keiokaku/racedetail/2720231215030011/?pageType=result,2026-10-04T03:12:16.856557+00:00,1-5-6/7-2/3-4,published,アオケイ,楽天Kドリームス 並び予想
2720231215030012,2023-12-17,京王閣競輪,F2,A1/A2,12,Ａ級決勝,20:30,20:25,7,https://keirin.kdreams.jp/keiokaku/racedetail/2720231215030012/?pageType=result,2026-10-04T03:12:19.014107+00:00,1/2-6-5/3-7/4,published,アオケイ,楽天Kドリームス 並び予想
7320231217010005,2023-12-17,小松島競輪,F2,A1/A2,5,Ａ級特予選,22:00,21:55,7,https://keirin.kdreams.jp/komatsushima/racedetail/7320231217010005/?pageType=result,2026-10-04T03:14:03.007235+00:00,1-5/2-3/6-4-7,published,競輪毎日,楽天Kドリームス 並び予想
7320231217010006,2023-12-17,小松島競輪,F2,A1/A2,6,Ａ級特予選,22:20,22:15,7,https://keirin.kdreams.jp/komatsushima/racedetail/7320231217010006/?pageType=result,2026-10-04T03:14:05.063792+00:00,1-6/2-3/5-7-4,published,競輪毎日,楽天Kドリームス 並び予想
7320231217010007,2023-12-17,小松島競輪,F2,A1/A2,7,Ａ級特予選,22:40,22:35,7,https://keirin.kdreams.jp/komatsushima/racedetail/7320231217010007/?pageType=result,2026-10-04T03:14:07.173823+00:00,1-3-7/2-4/6-5,published,競輪毎日,楽天Kドリームス 並び予想
7320231217010008,2023-12-17,小松島競輪,F2,A1/A2,8,Ａ級特予選,23:00,22:55,7,https://keirin.kdreams.jp/komatsushima/racedetail/7320231217010008/?pageType=result,2026-10-04T03:14:09.328817+00:00,1-2-5-7/3-4-6,published,競輪毎日,楽天Kドリームス 並び予想
7320231217010009,2023-12-17,小松島競輪,F2,A1/A2,9,Ａ級初日特選,23:20,23:15,7,https://keirin.kdreams.jp/komatsushima/racedetail/7320231217010009/?pageType=result,2026-10-04T03:14:11.457934+00:00,4-2/1/3/7-6-5,published,競輪毎日,楽天Kドリームス 並び予想
3520231217010005,2023-12-17,平塚競輪,F2,A1/A2,5,Ａ級特予選,22:10,22:05,7,https://keirin.kdreams.jp/hiratsuka/racedetail/3520231217010005/?pageType=result,2026-10-04T03:13:29.710292+00:00,4-1-6/3-2-5-7,published,小田競・サイクル,楽天Kドリームス 並び予想
3520231217010006,2023-12-17,平塚競輪,F2,A1/A2,6,Ａ級特予選,22:30,22:25,7,https://keirin.kdreams.jp/hiratsuka/racedetail/3520231217010006/?pageType=result,2026-10-04T03:13:32.037194+00:00,3-4-5/6-1-2-7,published,小田競・サイクル,楽天Kドリームス 並び予想
3520231217010007,2023-12-17,平塚競輪,F2,A1/A2,7,Ａ級特予選,22:50,22:45,7,https://keirin.kdreams.jp/hiratsuka/racedetail/3520231217010007/?pageType=result,2026-10-04T03:13:34.521812+00:00,2-1-4/5/7-3-6,published,小田競・サイクル,楽天Kドリームス 並び予想
3520231217010008,2023-12-17,平塚競輪,F2,A1/A2,8,Ａ級特予選,23:10,23:05,7,https://keirin.kdreams.jp/hiratsuka/racedetail/3520231217010008/?pageType=result,2026-10-04T03:13:36.686262+00:00,5-2/3-1-4/7-6,published,小田競・サイクル,楽天Kドリームス 並び予想
3520231217010009,2023-12-17,平塚競輪,F2,A1/A2,9,Ａ級初日特選,23:30,23:25,7,https://keirin.kdreams.jp/hiratsuka/racedetail/3520231217010009/?pageType=result,2026-10-04T03:13:38.783124+00:00,6-2/1/3-4-7/5,published,小田競・サイクル,楽天Kドリームス 並び予想
7520231216020001,2023-12-17,松山競輪,F1,A1/A2,1,Ａ級一般,15:40,15:35,7,https://keirin.kdreams.jp/matsuyama/racedetail/7520231216020001/?pageType=result,2026-10-04T03:12:32.708006+00:00,2-5-4/6-1-3/7,published,金星社,楽天Kドリームス 並び予想
7520231216020002,2023-12-17,松山競輪,F1,A1/A2,2,Ａ級一般,16:05,16:00,7,https://keirin.kdreams.jp/matsuyama/racedetail/7520231216020002/?pageType=result,2026-10-04T03:12:34.667447+00:00,2-7-4-1/6-3-5,published,金星社,楽天Kドリームス 並び予想
7520231216020003,2023-12-17,松山競輪,F1,A1/A2,3,Ａ級準決勝,16:30,16:25,7,https://keirin.kdreams.jp/matsuyama/racedetail/7520231216020003/?pageType=result,2026-10-04T03:12:36.891683+00:00,5-2/1-4-6/3-7,published,金星社,楽天Kドリームス 並び予想
7520231216020004,2023-12-17,松山競輪,F1,A1/A2,4,Ａ級準決勝,16:55,16:50,7,https://keirin.kdreams.jp/matsuyama/racedetail/7520231216020004/?pageType=result,2026-10-04T03:12:38.973475+00:00,1-5-6/2-4/7-3,published,金星社,楽天Kドリームス 並び予想
7520231216020005,2023-12-17,松山競輪,F1,A1/A2,5,Ａ級準決勝,17:20,17:15,7,https://keirin.kdreams.jp/matsuyama/racedetail/7520231216020005/?pageType=result,2026-10-04T03:12:41.382663+00:00,5-1/2-7/6-4-3,published,金星社,楽天Kドリームス 並び予想
2620231216020008,2023-12-17,西武園競輪,F2,A1/A2,8,Ａ級特一般,11:20,11:15,7,https://keirin.kdreams.jp/seibuen/racedetail/2620231216020008/?pageType=result,2026-10-04T03:13:06.878195+00:00,5-1-4/7-3-2/6,published,アオケイ,楽天Kドリームス 並び予想
2620231216020009,2023-12-17,西武園競輪,F2,A1/A2,9,Ａ級特一般,11:45,11:40,7,https://keirin.kdreams.jp/seibuen/racedetail/2620231216020009/?pageType=result,2026-10-04T03:13:08.986575+00:00,4-1-6/7-2/5-3,published,アオケイ,楽天Kドリームス 並び予想
2620231216020010,2023-12-17,西武園競輪,F2,A1/A2,10,Ａ級準決勝,12:15,12:10,7,https://keirin.kdreams.jp/seibuen/racedetail/2620231216020010/?pageType=result,2026-10-04T03:13:11.453615+00:00,5-2/1/4-6/7-3,published,アオケイ,楽天Kドリームス 並び予想
2620231216020011,2023-12-17,西武園競輪,F2,A1/A2,11,Ａ級準決勝,12:45,12:40,7,https://keirin.kdreams.jp/seibuen/racedetail/2620231216020011/?pageType=result,2026-10-04T03:13:13.757163+00:00,1-4-5/6/7-2-3,published,アオケイ,楽天Kドリームス 並び予想
2620231216020012,2023-12-17,西武園競輪,F2,A1/A2,12,Ａ級準決勝,13:15,13:10,7,https://keirin.kdreams.jp/seibuen/racedetail/2620231216020012/?pageType=result,2026-10-04T03:13:15.919925+00:00,4-1-7/3-5/6-2,published,アオケイ,楽天Kドリームス 並び予想
5320231218010001,2023-12-18,奈良競輪,F1,A1/A2,1,Ａ級予選,15:45,15:40,7,https://keirin.kdreams.jp/nara/racedetail/5320231218010001/?pageType=result,2026-10-04T03:14:38.256472+00:00,7-1-3/6/2-4-5,published,競輪研究,楽天Kドリームス 並び予想
5320231218010002,2023-12-18,奈良競輪,F1,A1/A2,2,Ａ級予選,16:10,16:05,7,https://keirin.kdreams.jp/nara/racedetail/5320231218010002/?pageType=result,2026-10-04T03:14:40.621822+00:00,5-1/2-4-6/3/7,published,競輪研究,楽天Kドリームス 並び予想
5320231218010003,2023-12-18,奈良競輪,F1,A1/A2,3,Ａ級予選,16:35,16:30,7,https://keirin.kdreams.jp/nara/racedetail/5320231218010003/?pageType=result,2026-10-04T03:14:42.655959+00:00,1-4/7-2/5-3-6,published,競輪研究,楽天Kドリームス 並び予想
5320231218010004,2023-12-18,奈良競輪,F1,A1/A2,4,Ａ級予選,17:00,16:55,7,https://keirin.kdreams.jp/nara/racedetail/5320231218010004/?pageType=result,2026-10-04T03:14:44.745033+00:00,4-1/2-6/5-7-3,published,競輪研究,楽天Kドリームス 並び予想
5320231218010005,2023-12-18,奈良競輪,F1,A1/A2,5,Ａ級初日特選,17:25,17:20,7,https://keirin.kdreams.jp/nara/racedetail/5320231218010005/?pageType=result,2026-10-04T03:14:47.248573+00:00,7-2/1-6-4/3-5,published,競輪研究,楽天Kドリームス 並び予想
7320231217020005,2023-12-18,小松島競輪,F2,A1/A2,5,Ａ級特一般,22:00,21:55,7,https://keirin.kdreams.jp/komatsushima/racedetail/7320231217020005/?pageType=result,2026-10-04T03:14:13.964246+00:00,1-5-7-4/2-6-3,published,競輪毎日,楽天Kドリームス 並び予想
7320231217020006,2023-12-18,小松島競輪,F2,A1/A2,6,Ａ級特一般,22:20,22:15,7,https://keirin.kdreams.jp/komatsushima/racedetail/7320231217020006/?pageType=result,2026-10-04T03:14:16.412040+00:00,1-4/2-5/6-3-7,published,競輪毎日,楽天Kドリームス 並び予想
7320231217020007,2023-12-18,小松島競輪,F2,A1/A2,7,Ａ級準決勝,22:40,22:35,7,https://keirin.kdreams.jp/komatsushima/racedetail/7320231217020007/?pageType=result,2026-10-04T03:14:18.466197+00:00,1-4/3-2-7/5-6,published,競輪毎日,楽天Kドリームス 並び予想
7320231217020008,2023-12-18,小松島競輪,F2,A1/A2,8,Ａ級準決勝,23:00,22:55,7,https://keirin.kdreams.jp/komatsushima/racedetail/7320231217020008/?pageType=result,2026-10-04T03:14:20.573184+00:00,2-1-6/3-7/4-5,published,競輪毎日,楽天Kドリームス 並び予想
7320231217020009,2023-12-18,小松島競輪,F2,A1/A2,9,Ａ級準決勝,23:20,23:15,7,https://keirin.kdreams.jp/komatsushima/racedetail/7320231217020009/?pageType=result,2026-10-04T03:14:22.911134+00:00,2-1/3-4-5/6-7,published,競輪毎日,楽天Kドリームス 並び予想
3520231217020005,2023-12-18,平塚競輪,F2,A1/A2,5,Ａ級特一般,22:10,22:05,7,https://keirin.kdreams.jp/hiratsuka/racedetail/3520231217020005/?pageType=result,2026-10-04T03:13:41.131582+00:00,5-1/7-2-3/4/6,published,小田競・サイクル,楽天Kドリームス 並び予想
3520231217020006,2023-12-18,平塚競輪,F2,A1/A2,6,Ａ級特一般,22:30,22:25,7,https://keirin.kdreams.jp/hiratsuka/racedetail/3520231217020006/?pageType=result,2026-10-04T03:13:43.340659+00:00,1-2-5/7-3-4/6,published,小田競・サイクル,楽天Kドリームス 並び予想
3520231217020007,2023-12-18,平塚競輪,F2,A1/A2,7,Ａ級準決勝,22:50,22:45,7,https://keirin.kdreams.jp/hiratsuka/racedetail/3520231217020007/?pageType=result,2026-10-04T03:13:45.541262+00:00,6-1-7/2/3-4-5,published,小田競・サイクル,楽天Kドリームス 並び予想
3520231217020008,2023-12-18,平塚競輪,F2,A1/A2,8,Ａ級準決勝,23:10,23:05,7,https://keirin.kdreams.jp/hiratsuka/racedetail/3520231217020008/?pageType=result,2026-10-04T03:13:47.653102+00:00,1-4-7/5-2/6-3,published,小田競・サイクル,楽天Kドリームス 並び予想
3520231217020009,2023-12-18,平塚競輪,F2,A1/A2,9,Ａ級準決勝,23:30,23:25,7,https://keirin.kdreams.jp/hiratsuka/racedetail/3520231217020009/?pageType=result,2026-10-04T03:13:49.991884+00:00,1-2/5-3-4/6-7,published,小田競・サイクル,楽天Kドリームス 並び予想
7520231216030001,2023-12-18,松山競輪,F1,A1/A2,1,Ａ級一般,15:50,15:45,7,https://keirin.kdreams.jp/matsuyama/racedetail/7520231216030001/?pageType=result,2026-10-04T03:12:44.332128+00:00,6-2/1-7/3-5-4,published,金星社,楽天Kドリームス 並び予想
7520231216030002,2023-12-18,松山競輪,F1,A1/A2,2,Ａ級一般,16:15,16:10,7,https://keirin.kdreams.jp/matsuyama/racedetail/7520231216030002/?pageType=result,2026-10-04T03:12:46.429934+00:00,1-4-2-7/5/6-3,published,金星社,楽天Kドリームス 並び予想
7520231216030003,2023-12-18,松山競輪,F1,A1/A2,3,Ａ級特選,16:40,16:35,7,https://keirin.kdreams.jp/matsuyama/racedetail/7520231216030003/?pageType=result,2026-10-04T03:12:48.399681+00:00,5-2-4/6-1/7-3,published,金星社,楽天Kドリームス 並び予想
7520231216030004,2023-12-18,松山競輪,F1,A1/A2,4,Ａ級特選,17:05,17:00,7,https://keirin.kdreams.jp/matsuyama/racedetail/7520231216030004/?pageType=result,2026-10-04T03:12:50.494082+00:00,5-1/2-7/4/6-3,published,金星社,楽天Kドリームス 並び予想
7520231216030011,2023-12-18,松山競輪,F1,A1/A2,11,Ａ級決勝,20:03,19:58,7,https://keirin.kdreams.jp/matsuyama/racedetail/7520231216030011/?pageType=result,2026-10-04T03:12:53.019451+00:00,4-1-7/3/5-2-6,published,金星社,楽天Kドリームス 並び予想
2620231216030006,2023-12-18,西武園競輪,F2,A1/A2,6,Ａ級特一般,10:32,10:27,7,https://keirin.kdreams.jp/seibuen/racedetail/2620231216030006/?pageType=result,2026-10-04T03:13:17.965471+00:00,3-4/1-7/5-2-6,published,アオケイ,楽天Kドリームス 並び予想
2620231216030007,2023-12-18,西武園競輪,F2,A1/A2,7,Ａ級特一般,10:55,10:50,7,https://keirin.kdreams.jp/seibuen/racedetail/2620231216030007/?pageType=result,2026-10-04T03:13:20.097218+00:00,1-4/3/2-5-7/6,published,アオケイ,楽天Kドリームス 並び予想
2620231216030008,2023-12-18,西武園競輪,F2,A1/A2,8,Ａ級特選,11:20,11:15,7,https://keirin.kdreams.jp/seibuen/racedetail/2620231216030008/?pageType=result,2026-10-04T03:13:22.659066+00:00,4-1/5-2/6/3-7,published,アオケイ,楽天Kドリームス 並び予想
2620231216030009,2023-12-18,西武園競輪,F2,A1/A2,9,Ａ級特選,11:45,11:40,7,https://keirin.kdreams.jp/seibuen/racedetail/2620231216030009/?pageType=result,2026-10-04T03:13:24.885641+00:00,7-1/5-2-3/6-4,published,アオケイ,楽天Kドリームス 並び予想
2620231216030012,2023-12-18,西武園競輪,F2,A1/A2,12,Ａ級決勝,13:15,13:10,7,https://keirin.kdreams.jp/seibuen/racedetail/2620231216030012/?pageType=result,2026-10-04T03:13:27.165124+00:00,2-7/1-6-4/5-3,published,アオケイ,楽天Kドリームス 並び予想
3820231218010001,2023-12-18,静岡競輪,F1,A1/A2,1,Ａ級予選,10:50,10:45,7,https://keirin.kdreams.jp/shizuoka/racedetail/3820231218010001/?pageType=result,2026-10-04T03:15:12.419787+00:00,1-7-6/2/4/3-5,published,ひかり・小田競,楽天Kドリームス 並び予想
3820231218010002,2023-12-18,静岡競輪,F1,A1/A2,2,Ａ級予選,11:16,11:11,7,https://keirin.kdreams.jp/shizuoka/racedetail/3820231218010002/?pageType=result,2026-10-04T03:15:14.475907+00:00,1-4/2-5-6/7-3,published,ひかり・小田競,楽天Kドリームス 並び予想
3820231218010003,2023-12-18,静岡競輪,F1,A1/A2,3,Ａ級予選,11:42,11:37,7,https://keirin.kdreams.jp/shizuoka/racedetail/3820231218010003/?pageType=result,2026-10-04T03:15:16.680040+00:00,1-5-6/2-7/4-3,published,ひかり・小田競,楽天Kドリームス 並び予想
3820231218010004,2023-12-18,静岡競輪,F1,A1/A2,4,Ａ級予選,12:10,12:05,7,https://keirin.kdreams.jp/shizuoka/racedetail/3820231218010004/?pageType=result,2026-10-04T03:15:19.057650+00:00,1-7-4/6-2/3-5,published,ひかり・小田競,楽天Kドリームス 並び予想
3820231218010005,2023-12-18,静岡競輪,F1,A1/A2,5,Ａ級初日特選,12:38,12:33,7,https://keirin.kdreams.jp/shizuoka/racedetail/3820231218010005/?pageType=result,2026-10-04T03:15:21.907623+00:00,1-6/7-2-4/5-3,published,ひかり・小田競,楽天Kドリームス 並び予想
8320231219010008,2023-12-19,久留米競輪,F2,A1/A2,8,Ａ級特予選,18:41,18:36,7,https://keirin.kdreams.jp/kurume/racedetail/8320231219010008/?pageType=result,2026-10-04T03:15:46.696577+00:00,4-2-7/6-1/3-5,published,コンドル出版社,楽天Kドリームス 並び予想
8320231219010009,2023-12-19,久留米競輪,F2,A1/A2,9,Ａ級特予選,19:04,18:59,7,https://keirin.kdreams.jp/kurume/racedetail/8320231219010009/?pageType=result,2026-10-04T03:15:49.011897+00:00,6-2/1/5/3-7-4,published,コンドル出版社,楽天Kドリームス 並び予想
8320231219010010,2023-12-19,久留米競輪,F2,A1/A2,10,Ａ級特予選,19:29,19:24,7,https://keirin.kdreams.jp/kurume/racedetail/8320231219010010/?pageType=result,2026-10-04T03:15:51.515660+00:00,7-1-4/2-5/6-3,published,コンドル出版社,楽天Kドリームス 並び予想
8320231219010011,2023-12-19,久留米競輪,F2,A1/A2,11,Ａ級特予選,19:54,19:49,7,https://keirin.kdreams.jp/kurume/racedetail/8320231219010011/?pageType=result,2026-10-04T03:15:53.548795+00:00,1-4-5/3-6/7-2,published,コンドル出版社,楽天Kドリームス 並び予想
8320231219010012,2023-12-19,久留米競輪,F2,A1/A2,12,Ａ級初日特選,20:20,20:15,7,https://keirin.kdreams.jp/kurume/racedetail/8320231219010012/?pageType=result,2026-10-04T03:15:55.658023+00:00,1-7/2-5/3-4/6,published,コンドル出版社,楽天Kドリームス 並び予想
5320231218020001,2023-12-19,奈良競輪,F1,A1/A2,1,Ａ級一般,15:45,15:40,7,https://keirin.kdreams.jp/nara/racedetail/5320231218020001/?pageType=result,2026-10-04T03:14:49.796480+00:00,7-3-5/1/2-6/4,published,競輪研究,楽天Kドリームス 並び予想
5320231218020002,2023-12-19,奈良競輪,F1,A1/A2,2,Ａ級一般,16:10,16:05,7,https://keirin.kdreams.jp/nara/racedetail/5320231218020002/?pageType=result,2026-10-04T03:14:52.107787+00:00,4-1/2/3-7/5/6,published,競輪研究,楽天Kドリームス 並び予想
5320231218020003,2023-12-19,奈良競輪,F1,A1/A2,3,Ａ級準決勝,16:35,16:30,7,https://keirin.kdreams.jp/nara/racedetail/5320231218020003/?pageType=result,2026-10-04T03:14:54.142532+00:00,7-2/5-1/4-3-6,published,競輪研究,楽天Kドリームス 並び予想
5320231218020004,2023-12-19,奈良競輪,F1,A1/A2,4,Ａ級準決勝,17:00,16:55,7,https://keirin.kdreams.jp/nara/racedetail/5320231218020004/?pageType=result,2026-10-04T03:14:56.650267+00:00,4-1/2-5-6/3-7,published,競輪研究,楽天Kドリームス 並び予想
5320231218020005,2023-12-19,奈良競輪,F1,A1/A2,5,Ａ級準決勝,17:25,17:20,7,https://keirin.kdreams.jp/nara/racedetail/5320231218020005/?pageType=result,2026-10-04T03:14:59.170020+00:00,5-1-4/6-2/7-3,published,競輪研究,楽天Kドリームス 並び予想
7320231217030004,2023-12-19,小松島競輪,F2,A1/A2,4,Ａ級特一般,21:40,21:35,7,https://keirin.kdreams.jp/komatsushima/racedetail/7320231217030004/?pageType=result,2026-10-04T03:14:25.411922+00:00,1-5-6/3-2-4/7,published,競輪毎日,楽天Kドリームス 並び予想
7320231217030005,2023-12-19,小松島競輪,F2,A1/A2,5,Ａ級特一般,22:00,21:55,7,https://keirin.kdreams.jp/komatsushima/racedetail/7320231217030005/?pageType=result,2026-10-04T03:14:28.612280+00:00,1-4/2-3-7/6-5,published,競輪毎日,楽天Kドリームス 並び予想
7320231217030006,2023-12-19,小松島競輪,F2,A1/A2,6,Ａ級特選,22:20,22:15,7,https://keirin.kdreams.jp/komatsushima/racedetail/7320231217030006/?pageType=result,2026-10-04T03:14:31.201620+00:00,7-1-5/2-6/3-4,published,競輪毎日,楽天Kドリームス 並び予想
7320231217030007,2023-12-19,小松島競輪,F2,A1/A2,7,Ａ級特選,22:40,22:35,7,https://keirin.kdreams.jp/komatsushima/racedetail/7320231217030007/?pageType=result,2026-10-04T03:14:33.764141+00:00,1-3-7/2-6-4-5,published,競輪毎日,楽天Kドリームス 並び予想
7320231217030009,2023-12-19,小松島競輪,F2,A1/A2,9,Ａ級決勝,23:20,23:15,7,https://keirin.kdreams.jp/komatsushima/racedetail/7320231217030009/?pageType=result,2026-10-04T03:14:36.030912+00:00,2-7/1/5-6-4-3,published,競輪毎日,楽天Kドリームス 並び予想
3520231217030004,2023-12-19,平塚競輪,F2,A1/A2,4,Ａ級特一般,21:50,21:45,7,https://keirin.kdreams.jp/hiratsuka/racedetail/3520231217030004/?pageType=result,2026-10-04T03:13:52.152211+00:00,1-6-3/7-2-4/5,published,小田競・サイクル,楽天Kドリームス 並び予想
3520231217030005,2023-12-19,平塚競輪,F2,A1/A2,5,Ａ級特一般,22:10,22:05,7,https://keirin.kdreams.jp/hiratsuka/racedetail/3520231217030005/?pageType=result,2026-10-04T03:13:54.196550+00:00,7-1-4/3-2-5/6,published,小田競・サイクル,楽天Kドリームス 並び予想
3520231217030006,2023-12-19,平塚競輪,F2,A1/A2,6,Ａ級特選,22:30,22:25,7,https://keirin.kdreams.jp/hiratsuka/racedetail/3520231217030006/?pageType=result,2026-10-04T03:13:56.443758+00:00,4-3-2-5/1/7-6,published,小田競・サイクル,楽天Kドリームス 並び予想
3520231217030007,2023-12-19,平塚競輪,F2,A1/A2,7,Ａ級特選,22:50,22:45,7,https://keirin.kdreams.jp/hiratsuka/racedetail/3520231217030007/?pageType=result,2026-10-04T03:13:58.626011+00:00,6-1-4/7-2/3-5,published,小田競・サイクル,楽天Kドリームス 並び予想
3520231217030009,2023-12-19,平塚競輪,F2,A1/A2,9,Ａ級決勝,23:30,23:25,7,https://keirin.kdreams.jp/hiratsuka/racedetail/3520231217030009/?pageType=result,2026-10-04T03:14:00.766180+00:00,4-2-6/1-7/3-5,published,小田競・サイクル,楽天Kドリームス 並び予想
3820231218020001,2023-12-19,静岡競輪,F1,A1/A2,1,Ａ級一般,10:50,10:45,7,https://keirin.kdreams.jp/shizuoka/racedetail/3820231218020001/?pageType=result,2026-10-04T03:15:23.999229+00:00,4-3-1/6-2/7-5,published,ひかり・小田競,楽天Kドリームス 並び予想
3820231218020002,2023-12-19,静岡競輪,F1,A1/A2,2,Ａ級一般,11:16,11:11,7,https://keirin.kdreams.jp/shizuoka/racedetail/3820231218020002/?pageType=result,2026-10-04T03:15:26.617808+00:00,2-6/4-1-5/7-3,published,ひかり・小田競,楽天Kドリームス 並び予想
3820231218020003,2023-12-19,静岡競輪,F1,A1/A2,3,Ａ級準決勝,11:42,11:37,7,https://keirin.kdreams.jp/shizuoka/racedetail/3820231218020003/?pageType=result,2026-10-04T03:15:28.668139+00:00,4-1/7-3/5-2/6,published,ひかり・小田競,楽天Kドリームス 並び予想
3820231218020004,2023-12-19,静岡競輪,F1,A1/A2,4,Ａ級準決勝,12:10,12:05,7,https://keirin.kdreams.jp/shizuoka/racedetail/3820231218020004/?pageType=result,2026-10-04T03:15:31.564030+00:00,7-2/5-1/3-4-6,published,ひかり・小田競,楽天Kドリームス 並び予想
3820231218020005,2023-12-19,静岡競輪,F1,A1/A2,5,Ａ級準決勝,12:38,12:33,7,https://keirin.kdreams.jp/shizuoka/racedetail/3820231218020005/?pageType=result,2026-10-04T03:15:33.884506+00:00,7-1-6/3-5/2/4,published,ひかり・小田競,楽天Kドリームス 並び予想
8320231219020008,2023-12-20,久留米競輪,F2,A1/A2,8,Ａ級特一般,18:41,18:36,7,https://keirin.kdreams.jp/kurume/racedetail/8320231219020008/?pageType=result,2026-10-04T03:15:57.904046+00:00,2-5/4-1-7/6-3,published,コンドル出版社,楽天Kドリームス 並び予想
8320231219020009,2023-12-20,久留米競輪,F2,A1/A2,9,Ａ級特一般,19:04,18:59,7,https://keirin.kdreams.jp/kurume/racedetail/8320231219020009/?pageType=result,2026-10-04T03:15:59.996671+00:00,7-2-4/6-1-5/3,published,コンドル出版社,楽天Kドリームス 並び予想
8320231219020010,2023-12-20,久留米競輪,F2,A1/A2,10,Ａ級準決勝,19:29,19:24,7,https://keirin.kdreams.jp/kurume/racedetail/8320231219020010/?pageType=result,2026-10-04T03:16:02.441838+00:00,6-2-4/1/3-7-5,published,コンドル出版社,楽天Kドリームス 並び予想
8320231219020011,2023-12-20,久留米競輪,F2,A1/A2,11,Ａ級準決勝,19:54,19:49,7,https://keirin.kdreams.jp/kurume/racedetail/8320231219020011/?pageType=result,2026-10-04T03:16:04.694046+00:00,1-5-6/2-7-4/3,published,コンドル出版社,楽天Kドリームス 並び予想
8320231219020012,2023-12-20,久留米競輪,F2,A1/A2,12,Ａ級準決勝,20:20,20:15,7,https://keirin.kdreams.jp/kurume/racedetail/8320231219020012/?pageType=result,2026-10-04T03:16:07.181358+00:00,5-1/2-7/4-3-6,published,コンドル出版社,楽天Kドリームス 並び予想
2220231220010003,2023-12-20,前橋競輪,F2,A1/A2,3,Ａ級予選,21:20,21:15,7,https://keirin.kdreams.jp/maebashi/racedetail/2220231220010003/?pageType=result,2026-10-04T03:16:20.109825+00:00,1-2-6/7/4-3-5,published,アオケイ,楽天Kドリームス 並び予想
2220231220010004,2023-12-20,前橋競輪,F2,A1/A2,4,Ａ級予選,21:40,21:35,7,https://keirin.kdreams.jp/maebashi/racedetail/2220231220010004/?pageType=result,2026-10-04T03:16:22.222252+00:00,1-4/3-2/6-5-7,published,アオケイ,楽天Kドリームス 並び予想
2220231220010005,2023-12-20,前橋競輪,F2,A1/A2,5,Ａ級予選,22:00,21:55,7,https://keirin.kdreams.jp/maebashi/racedetail/2220231220010005/?pageType=result,2026-10-04T03:16:24.199815+00:00,2-1-5/7/3-4-6,published,アオケイ,楽天Kドリームス 並び予想
2220231220010006,2023-12-20,前橋競輪,F2,A1/A2,6,Ａ級予選,22:20,22:15,7,https://keirin.kdreams.jp/maebashi/racedetail/2220231220010006/?pageType=result,2026-10-04T03:16:26.382027+00:00,2-1-6/3-5/4-7,published,アオケイ,楽天Kドリームス 並び予想
2220231220010007,2023-12-20,前橋競輪,F2,A1/A2,7,Ａ級予選,22:40,22:35,7,https://keirin.kdreams.jp/maebashi/racedetail/2220231220010007/?pageType=result,2026-10-04T03:16:28.769264+00:00,1-2-5/6-3/7-4,published,アオケイ,楽天Kドリームス 並び予想
2220231220010008,2023-12-20,前橋競輪,F2,A1/A2,8,Ａ級予選,23:00,22:55,7,https://keirin.kdreams.jp/maebashi/racedetail/2220231220010008/?pageType=result,2026-10-04T03:16:31.027560+00:00,2-1-6/7/5-4-3,published,アオケイ,楽天Kドリームス 並び予想
2220231220010009,2023-12-20,前橋競輪,F2,A1/A2,9,Ａ級初日特選,23:20,23:15,7,https://keirin.kdreams.jp/maebashi/racedetail/2220231220010009/?pageType=result,2026-10-04T03:16:33.108291+00:00,3-1-5/2-4/6-7,published,アオケイ,楽天Kドリームス 並び予想
5320231218030001,2023-12-20,奈良競輪,F1,A1/A2,1,Ａ級一般,15:55,15:50,7,https://keirin.kdreams.jp/nara/racedetail/5320231218030001/?pageType=result,2026-10-04T03:15:01.479534+00:00,1-7-4/5/2-6-3,published,競輪研究,楽天Kドリームス 並び予想
5320231218030002,2023-12-20,奈良競輪,F1,A1/A2,2,Ａ級一般,16:20,16:15,7,https://keirin.kdreams.jp/nara/racedetail/5320231218030002/?pageType=result,2026-10-04T03:15:03.658395+00:00,5-1-3-4/7-2/6,published,競輪研究,楽天Kドリームス 並び予想
5320231218030003,2023-12-20,奈良競輪,F1,A1/A2,3,Ａ級特選,16:45,16:40,7,https://keirin.kdreams.jp/nara/racedetail/5320231218030003/?pageType=result,2026-10-04T03:15:05.781479+00:00,1-3/4-2-5/6/7,published,競輪研究,楽天Kドリームス 並び予想
5320231218030004,2023-12-20,奈良競輪,F1,A1/A2,4,Ａ級特選,17:10,17:05,7,https://keirin.kdreams.jp/nara/racedetail/5320231218030004/?pageType=result,2026-10-04T03:15:08.010541+00:00,1-5/2/3-7/6-4,published,競輪研究,楽天Kドリームス 並び予想
5320231218030011,2023-12-20,奈良競輪,F1,A1/A2,11,Ａ級決勝,20:05,20:00,7,https://keirin.kdreams.jp/nara/racedetail/5320231218030011/?pageType=result,2026-10-04T03:15:10.133817+00:00,1-7/4-2/3-5-6,published,競輪研究,楽天Kドリームス 並び予想
4720231220010001,2023-12-20,松阪競輪,F1,A1/A2,1,Ａ級予選,10:44,10:39,7,https://keirin.kdreams.jp/matsusaka/racedetail/4720231220010001/?pageType=result,2026-10-04T03:17:04.868437+00:00,1-5/2-6/4-7-3,published,中部競輪,楽天Kドリームス 並び予想
4720231220010002,2023-12-20,松阪競輪,F1,A1/A2,2,Ａ級予選,11:10,11:05,7,https://keirin.kdreams.jp/matsusaka/racedetail/4720231220010002/?pageType=result,2026-10-04T03:17:07.176035+00:00,4-1-6/5-2/3-7,published,中部競輪,楽天Kドリームス 並び予想
4720231220010003,2023-12-20,松阪競輪,F1,A1/A2,3,Ａ級予選,11:36,11:31,7,https://keirin.kdreams.jp/matsusaka/racedetail/4720231220010003/?pageType=result,2026-10-04T03:17:09.424285+00:00,4-1-6/5-2/3-7,published,中部競輪,楽天Kドリームス 並び予想
4720231220010004,2023-12-20,松阪競輪,F1,A1/A2,4,Ａ級予選,12:02,11:57,7,https://keirin.kdreams.jp/matsusaka/racedetail/4720231220010004/?pageType=result,2026-10-04T03:17:11.437882+00:00,2-4-5/7-3/6-1,published,中部競輪,楽天Kドリームス 並び予想
4720231220010005,2023-12-20,松阪競輪,F1,A1/A2,5,Ａ級初日特選,12:30,12:25,7,https://keirin.kdreams.jp/matsusaka/racedetail/4720231220010005/?pageType=result,2026-10-04T03:17:13.547816+00:00,6-4-1-7/2-5/3,published,中部競輪,楽天Kドリームス 並び予想
4520231220010005,2023-12-20,豊橋競輪,F2,A1/A2,5,Ａ級特予選,22:10,22:05,7,https://keirin.kdreams.jp/toyohashi/racedetail/4520231220010005/?pageType=result,2026-10-04T03:17:39.218254+00:00,4-1-3/2-7/5/6,published,中部競輪,楽天Kドリームス 並び予想
4520231220010006,2023-12-20,豊橋競輪,F2,A1/A2,6,Ａ級特予選,22:30,22:25,7,https://keirin.kdreams.jp/toyohashi/racedetail/4520231220010006/?pageType=result,2026-10-04T03:17:41.202346+00:00,1-4-5/2-3-7/6,published,中部競輪,楽天Kドリームス 並び予想
4520231220010007,2023-12-20,豊橋競輪,F2,A1/A2,7,Ａ級特予選,22:50,22:45,7,https://keirin.kdreams.jp/toyohashi/racedetail/4520231220010007/?pageType=result,2026-10-04T03:17:43.234919+00:00,2-1-3/7-4/5-6,published,中部競輪,楽天Kドリームス 並び予想
4520231220010008,2023-12-20,豊橋競輪,F2,A1/A2,8,Ａ級特予選,23:10,23:05,7,https://keirin.kdreams.jp/toyohashi/racedetail/4520231220010008/?pageType=result,2026-10-04T03:17:45.283906+00:00,1-3-6/4-2-5/7,published,中部競輪,楽天Kドリームス 並び予想
4520231220010009,2023-12-20,豊橋競輪,F2,A1/A2,9,Ａ級初日特選,23:30,23:25,7,https://keirin.kdreams.jp/toyohashi/racedetail/4520231220010009/?pageType=result,2026-10-04T03:17:47.624035+00:00,4-1/2-3/6-5-7,published,中部競輪,楽天Kドリームス 並び予想
3820231218030001,2023-12-20,静岡競輪,F1,A1/A2,1,Ａ級一般,10:50,10:45,7,https://keirin.kdreams.jp/shizuoka/racedetail/3820231218030001/?pageType=result,2026-10-04T03:15:36.011035+00:00,7-2/6-1/4-5-3,published,ひかり・小田競,楽天Kドリームス 並び予想
3820231218030002,2023-12-20,静岡競輪,F1,A1/A2,2,Ａ級一般,11:16,11:11,7,https://keirin.kdreams.jp/shizuoka/racedetail/3820231218030002/?pageType=result,2026-10-04T03:15:38.320841+00:00,5-2/1-6/3-7-4,published,ひかり・小田競,楽天Kドリームス 並び予想
3820231218030003,2023-12-20,静岡競輪,F1,A1/A2,3,Ａ級特選,11:42,11:37,7,https://keirin.kdreams.jp/shizuoka/racedetail/3820231218030003/?pageType=result,2026-10-04T03:15:40.383457+00:00,5-1-6/3/7-2-4,published,ひかり・小田競,楽天Kドリームス 並び予想
3820231218030004,2023-12-20,静岡競輪,F1,A1/A2,4,Ａ級特選,12:10,12:05,7,https://keirin.kdreams.jp/shizuoka/racedetail/3820231218030004/?pageType=result,2026-10-04T03:15:42.513048+00:00,2-7/1-4/3/5-6,published,ひかり・小田競,楽天Kドリームス 並び予想
3820231218030011,2023-12-20,静岡競輪,F1,A1/A2,11,Ａ級決勝,15:53,15:48,7,https://keirin.kdreams.jp/shizuoka/racedetail/3820231218030011/?pageType=result,2026-10-04T03:15:44.612383+00:00,1-5-7/2/3/4/6,published,ひかり・小田競,楽天Kドリームス 並び予想
8320231219030006,2023-12-21,久留米競輪,F2,A1/A2,6,Ａ級特一般,17:55,17:50,7,https://keirin.kdreams.jp/kurume/racedetail/8320231219030006/?pageType=result,2026-10-04T03:16:09.402522+00:00,1-6/4-7-2/5-3,published,コンドル出版社,楽天Kドリームス 並び予想
8320231219030007,2023-12-21,久留米競輪,F2,A1/A2,7,Ａ級特一般,18:18,18:13,7,https://keirin.kdreams.jp/kurume/racedetail/8320231219030007/?pageType=result,2026-10-04T03:16:11.593758+00:00,1-5/6-2/4/7-3,published,コンドル出版社,楽天Kドリームス 並び予想
8320231219030008,2023-12-21,久留米競輪,F2,A1/A2,8,Ａ級特選,18:41,18:36,7,https://keirin.kdreams.jp/kurume/racedetail/8320231219030008/?pageType=result,2026-10-04T03:16:13.698212+00:00,6-1-7/4/5-3-2,published,コンドル出版社,楽天Kドリームス 並び予想
8320231219030009,2023-12-21,久留米競輪,F2,A1/A2,9,Ａ級特選,19:04,18:59,7,https://keirin.kdreams.jp/kurume/racedetail/8320231219030009/?pageType=result,2026-10-04T03:16:16.016932+00:00,4-1-5/2-7/3-6,published,コンドル出版社,楽天Kドリームス 並び予想
8320231219030012,2023-12-21,久留米競輪,F2,A1/A2,12,Ａ級決勝,20:35,20:30,7,https://keirin.kdreams.jp/kurume/racedetail/8320231219030012/?pageType=result,2026-10-04T03:16:18.105071+00:00,3-1-4/7-2/6-5,published,コンドル出版社,楽天Kドリームス 並び予想
2220231220020003,2023-12-21,前橋競輪,F2,A1/A2,3,Ａ級一般,21:20,21:15,7,https://keirin.kdreams.jp/maebashi/racedetail/2220231220020003/?pageType=result,2026-10-04T03:16:35.783015+00:00,4-1-3/2-7/5-6,published,アオケイ,楽天Kドリームス 並び予想
2220231220020004,2023-12-21,前橋競輪,F2,A1/A2,4,Ａ級一般,21:40,21:35,7,https://keirin.kdreams.jp/maebashi/racedetail/2220231220020004/?pageType=result,2026-10-04T03:16:37.768190+00:00,3-1/2-7/4/5-6,published,アオケイ,楽天Kドリームス 並び予想
2220231220020005,2023-12-21,前橋競輪,F2,A1/A2,5,Ａ級選抜,22:00,21:55,7,https://keirin.kdreams.jp/maebashi/racedetail/2220231220020005/?pageType=result,2026-10-04T03:16:40.578062+00:00,2-7-1/5/3-4-6,published,アオケイ,楽天Kドリームス 並び予想
2220231220020006,2023-12-21,前橋競輪,F2,A1/A2,6,Ａ級選抜,22:20,22:15,7,https://keirin.kdreams.jp/maebashi/racedetail/2220231220020006/?pageType=result,2026-10-04T03:16:42.666936+00:00,2-3-4/6/1-5-7,published,アオケイ,楽天Kドリームス 並び予想
2220231220020007,2023-12-21,前橋競輪,F2,A1/A2,7,Ａ級準決勝,22:40,22:35,7,https://keirin.kdreams.jp/maebashi/racedetail/2220231220020007/?pageType=result,2026-10-04T03:16:45.030684+00:00,1-2/5-4/6-3-7,published,アオケイ,楽天Kドリームス 並び予想
2220231220020008,2023-12-21,前橋競輪,F2,A1/A2,8,Ａ級準決勝,23:00,22:55,7,https://keirin.kdreams.jp/maebashi/racedetail/2220231220020008/?pageType=result,2026-10-04T03:16:47.055922+00:00,3-7/6-1/4/2-5,published,アオケイ,楽天Kドリームス 並び予想
2220231220020009,2023-12-21,前橋競輪,F2,A1/A2,9,Ａ級準決勝,23:20,23:15,7,https://keirin.kdreams.jp/maebashi/racedetail/2220231220020009/?pageType=result,2026-10-04T03:16:49.276120+00:00,5-1/4-2-7/3-6,published,アオケイ,楽天Kドリームス 並び予想
8120231221010001,2023-12-21,小倉競輪,F1,A1/A2,1,Ａ級予選,15:45,15:40,7,https://keirin.kdreams.jp/kokura/racedetail/8120231221010001/?pageType=result,2026-10-04T03:18:44.116046+00:00,5-1-7/4-2-3/6,published,コンドル出版社,楽天Kドリームス 並び予想
8120231221010002,2023-12-21,小倉競輪,F1,A1/A2,2,Ａ級予選,16:10,16:05,7,https://keirin.kdreams.jp/kokura/racedetail/8120231221010002/?pageType=result,2026-10-04T03:18:46.244795+00:00,5-1/2-4-6/7-3,published,コンドル出版社,楽天Kドリームス 並び予想
8120231221010003,2023-12-21,小倉競輪,F1,A1/A2,3,Ａ級予選,16:35,16:30,7,https://keirin.kdreams.jp/kokura/racedetail/8120231221010003/?pageType=result,2026-10-04T03:18:48.741345+00:00,1-7/2-5/4/6-3,published,コンドル出版社,楽天Kドリームス 並び予想
8120231221010004,2023-12-21,小倉競輪,F1,A1/A2,4,Ａ級予選,17:00,16:55,7,https://keirin.kdreams.jp/kokura/racedetail/8120231221010004/?pageType=result,2026-10-04T03:18:51.272719+00:00,5-7-3/2/6-1/4,published,コンドル出版社,楽天Kドリームス 並び予想
8120231221010005,2023-12-21,小倉競輪,F1,A1/A2,5,Ａ級初日特選,17:25,17:20,7,https://keirin.kdreams.jp/kokura/racedetail/8120231221010005/?pageType=result,2026-10-04T03:18:53.309152+00:00,7-1-5/2/4-6/3,published,コンドル出版社,楽天Kドリームス 並び予想
3420231221010008,2023-12-21,川崎競輪,F2,A1/A2,8,Ａ級特予選,18:30,18:25,7,https://keirin.kdreams.jp/kawasaki/racedetail/3420231221010008/?pageType=result,2026-10-04T03:18:11.284281+00:00,2-4-6/1/7-5-3,published,小田競・サイクル,楽天Kドリームス 並び予想
3420231221010009,2023-12-21,川崎競輪,F2,A1/A2,9,Ａ級特予選,18:55,18:50,7,https://keirin.kdreams.jp/kawasaki/racedetail/3420231221010009/?pageType=result,2026-10-04T03:18:13.945219+00:00,6-1/7-2-5/3-4,published,小田競・サイクル,楽天Kドリームス 並び予想
3420231221010010,2023-12-21,川崎競輪,F2,A1/A2,10,Ａ級特予選,19:20,19:15,7,https://keirin.kdreams.jp/kawasaki/racedetail/3420231221010010/?pageType=result,2026-10-04T03:18:16.148495+00:00,6-1/2-5/4-7-3,published,小田競・サイクル,楽天Kドリームス 並び予想
3420231221010011,2023-12-21,川崎競輪,F2,A1/A2,11,Ａ級特予選,19:45,19:40,7,https://keirin.kdreams.jp/kawasaki/racedetail/3420231221010011/?pageType=result,2026-10-04T03:18:18.226598+00:00,1-7-4/2-6/3-5,published,小田競・サイクル,楽天Kドリームス 並び予想
3420231221010012,2023-12-21,川崎競輪,F2,A1/A2,12,Ａ級初日特選,20:15,20:10,7,https://keirin.kdreams.jp/kawasaki/racedetail/3420231221010012/?pageType=result,2026-10-04T03:18:20.402173+00:00,1-7/3/4-5-2-6,published,小田競・サイクル,楽天Kドリームス 並び予想
4720231220020001,2023-12-21,松阪競輪,F1,A1/A2,1,Ａ級一般,10:33,10:28,7,https://keirin.kdreams.jp/matsusaka/racedetail/4720231220020001/?pageType=result,2026-10-04T03:17:15.886759+00:00,1-5-7/2/6-3/4,published,中部競輪,楽天Kドリームス 並び予想
4720231220020002,2023-12-21,松阪競輪,F1,A1/A2,2,Ａ級一般,11:00,10:55,7,https://keirin.kdreams.jp/matsusaka/racedetail/4720231220020002/?pageType=result,2026-10-04T03:17:18.113595+00:00,1-6/7-2/5-3-4,published,中部競輪,楽天Kドリームス 並び予想
4720231220020003,2023-12-21,松阪競輪,F1,A1/A2,3,Ａ級準決勝,11:27,11:22,7,https://keirin.kdreams.jp/matsusaka/racedetail/4720231220020003/?pageType=result,2026-10-04T03:17:20.770525+00:00,4-1-5/7-2/6-3,published,中部競輪,楽天Kドリームス 並び予想
4720231220020004,2023-12-21,松阪競輪,F1,A1/A2,4,Ａ級準決勝,11:54,11:49,7,https://keirin.kdreams.jp/matsusaka/racedetail/4720231220020004/?pageType=result,2026-10-04T03:17:22.822061+00:00,1-6/5-2-7/3-4,published,中部競輪,楽天Kドリームス 並び予想
4720231220020005,2023-12-21,松阪競輪,F1,A1/A2,5,Ａ級準決勝,12:23,12:18,7,https://keirin.kdreams.jp/matsusaka/racedetail/4720231220020005/?pageType=result,2026-10-04T03:17:24.848995+00:00,1-4-2/7-3-5/6,published,中部競輪,楽天Kドリームス 並び予想
4520231220020005,2023-12-21,豊橋競輪,F2,A1/A2,5,Ａ級特一般,22:10,22:05,7,https://keirin.kdreams.jp/toyohashi/racedetail/4520231220020005/?pageType=result,2026-10-04T03:17:49.848773+00:00,1-3/2-4/5/6-7,published,中部競輪,楽天Kドリームス 並び予想
4520231220020006,2023-12-21,豊橋競輪,F2,A1/A2,6,Ａ級特一般,22:30,22:25,7,https://keirin.kdreams.jp/toyohashi/racedetail/4520231220020006/?pageType=result,2026-10-04T03:17:51.879576+00:00,1-4-7/2/3-5/6,published,中部競輪,楽天Kドリームス 並び予想
4520231220020007,2023-12-21,豊橋競輪,F2,A1/A2,7,Ａ級準決勝,22:50,22:45,7,https://keirin.kdreams.jp/toyohashi/racedetail/4520231220020007/?pageType=result,2026-10-04T03:17:53.917347+00:00,1-7/3-2-5/6-4,published,中部競輪,楽天Kドリームス 並び予想
4520231220020008,2023-12-21,豊橋競輪,F2,A1/A2,8,Ａ級準決勝,23:10,23:05,7,https://keirin.kdreams.jp/toyohashi/racedetail/4520231220020008/?pageType=result,2026-10-04T03:17:56.041465+00:00,2-4-7/3-1/6-5,published,中部競輪,楽天Kドリームス 並び予想
4520231220020009,2023-12-21,豊橋競輪,F2,A1/A2,9,Ａ級準決勝,23:30,23:25,7,https://keirin.kdreams.jp/toyohashi/racedetail/4520231220020009/?pageType=result,2026-10-04T03:17:58.365073+00:00,1-2/3-4/6-5/7,published,中部競輪,楽天Kドリームス 並び予想
2220231220030002,2023-12-22,前橋競輪,F2,A1/A2,2,Ａ級一般,21:00,20:55,7,https://keirin.kdreams.jp/maebashi/racedetail/2220231220030002/?pageType=result,2026-10-04T03:16:51.800188+00:00,1-2-3-6/4/5/7,published,アオケイ,楽天Kドリームス 並び予想
2220231220030003,2023-12-22,前橋競輪,F2,A1/A2,3,Ａ級一般,21:20,21:15,7,https://keirin.kdreams.jp/maebashi/racedetail/2220231220030003/?pageType=result,2026-10-04T03:16:54.041295+00:00,2-1-6/4-3-5/7,published,アオケイ,楽天Kドリームス 並び予想
2220231220030004,2023-12-22,前橋競輪,F2,A1/A2,4,Ａ級一般,21:40,21:35,7,https://keirin.kdreams.jp/maebashi/racedetail/2220231220030004/?pageType=result,2026-10-04T03:16:55.251648+00:00,2-1-7/5/6-4-3,published,アオケイ,楽天Kドリームス 並び予想
2220231220030005,2023-12-22,前橋競輪,F2,A1/A2,5,Ａ級特選,22:00,21:55,7,https://keirin.kdreams.jp/maebashi/racedetail/2220231220030005/?pageType=result,2026-10-04T03:16:56.461279+00:00,5-1/3-2/4-6-7,published,アオケイ,楽天Kドリームス 並び予想
2220231220030006,2023-12-22,前橋競輪,F2,A1/A2,6,Ａ級特選,22:20,22:15,7,https://keirin.kdreams.jp/maebashi/racedetail/2220231220030006/?pageType=result,2026-10-04T03:16:58.214777+00:00,1-3-6/7/2-5-4,published,アオケイ,楽天Kドリームス 並び予想
2220231220030007,2023-12-22,前橋競輪,F2,A1/A2,7,Ａ級特選,22:40,22:35,7,https://keirin.kdreams.jp/maebashi/racedetail/2220231220030007/?pageType=result,2026-10-04T03:17:00.536179+00:00,1-3/6-2/7-5-4,published,アオケイ,楽天Kドリームス 並び予想
2220231220030009,2023-12-22,前橋競輪,F2,A1/A2,9,Ａ級決勝,23:20,23:15,7,https://keirin.kdreams.jp/maebashi/racedetail/2220231220030009/?pageType=result,2026-10-04T03:17:02.836493+00:00,4-1/6-2-3/7-5,published,アオケイ,楽天Kドリームス 並び予想
2320231222010001,2023-12-22,取手競輪,F2,A1/A2,1,Ａ級予選,08:50,08:45,7,https://keirin.kdreams.jp/toride/racedetail/2320231222010001/?pageType=result,2026-10-04T03:19:18.633906+00:00,1-5-7/4-2/6-3,published,アオケイ,楽天Kドリームス 並び予想
2320231222010002,2023-12-22,取手競輪,F2,A1/A2,2,Ａ級予選,09:10,09:05,7,https://keirin.kdreams.jp/toride/racedetail/2320231222010002/?pageType=result,2026-10-04T03:19:20.711553+00:00,1-6/5-3/7-2-4,published,アオケイ,楽天Kドリームス 並び予想
2320231222010003,2023-12-22,取手競輪,F2,A1/A2,3,Ａ級予選,09:30,09:25,7,https://keirin.kdreams.jp/toride/racedetail/2320231222010003/?pageType=result,2026-10-04T03:19:22.829483+00:00,1-7/4-3/2-5-6,published,アオケイ,楽天Kドリームス 並び予想
2320231222010004,2023-12-22,取手競輪,F2,A1/A2,4,Ａ級予選,09:50,09:45,7,https://keirin.kdreams.jp/toride/racedetail/2320231222010004/?pageType=result,2026-10-04T03:19:24.978655+00:00,1-4/2/6/3-7-5,published,アオケイ,楽天Kドリームス 並び予想
2320231222010005,2023-12-22,取手競輪,F2,A1/A2,5,Ａ級予選,10:10,10:05,7,https://keirin.kdreams.jp/toride/racedetail/2320231222010005/?pageType=result,2026-10-04T03:19:27.124588+00:00,3-5-1/7/6-2-4,published,アオケイ,楽天Kドリームス 並び予想
2320231222010006,2023-12-22,取手競輪,F2,A1/A2,6,Ａ級予選,10:30,10:25,7,https://keirin.kdreams.jp/toride/racedetail/2320231222010006/?pageType=result,2026-10-04T03:19:29.744110+00:00,7-1-4/5-2/6-3,published,アオケイ,楽天Kドリームス 並び予想
2320231222010007,2023-12-22,取手競輪,F2,A1/A2,7,Ａ級初日特選,10:50,10:45,7,https://keirin.kdreams.jp/toride/racedetail/2320231222010007/?pageType=result,2026-10-04T03:19:32.085495+00:00,1-5-7/2-4/3-6,published,アオケイ,楽天Kドリームス 並び予想
8120231221020001,2023-12-22,小倉競輪,F1,A1/A2,1,Ａ級一般,15:45,15:40,7,https://keirin.kdreams.jp/kokura/racedetail/8120231221020001/?pageType=result,2026-10-04T03:18:55.999459+00:00,6-4-3/5-1/2/7,published,コンドル出版社,楽天Kドリームス 並び予想
8120231221020002,2023-12-22,小倉競輪,F1,A1/A2,2,Ａ級一般,16:10,16:05,7,https://keirin.kdreams.jp/kokura/racedetail/8120231221020002/?pageType=result,2026-10-04T03:18:58.220544+00:00,1-7-5/2-4/3-6,published,コンドル出版社,楽天Kドリームス 並び予想
8120231221020003,2023-12-22,小倉競輪,F1,A1/A2,3,Ａ級準決勝,16:35,16:30,7,https://keirin.kdreams.jp/kokura/racedetail/8120231221020003/?pageType=result,2026-10-04T03:19:00.464286+00:00,4-2-7/1-6/5/3,published,コンドル出版社,楽天Kドリームス 並び予想
8120231221020004,2023-12-22,小倉競輪,F1,A1/A2,4,Ａ級準決勝,17:00,16:55,7,https://keirin.kdreams.jp/kokura/racedetail/8120231221020004/?pageType=result,2026-10-04T03:19:02.443853+00:00,1-5-4-7-2-3-6,published,コンドル出版社,楽天Kドリームス 並び予想
8120231221020005,2023-12-22,小倉競輪,F1,A1/A2,5,Ａ級準決勝,17:25,17:20,7,https://keirin.kdreams.jp/kokura/racedetail/8120231221020005/?pageType=result,2026-10-04T03:19:04.687174+00:00,3-4-1/6/7-2-5,published,コンドル出版社,楽天Kドリームス 並び予想
3420231221020008,2023-12-22,川崎競輪,F2,A1/A2,8,Ａ級特一般,18:30,18:25,7,https://keirin.kdreams.jp/kawasaki/racedetail/3420231221020008/?pageType=result,2026-10-04T03:18:22.472363+00:00,1-6/2-4-5/7-3,published,小田競・サイクル,楽天Kドリームス 並び予想
3420231221020009,2023-12-22,川崎競輪,F2,A1/A2,9,Ａ級特一般,18:55,18:50,7,https://keirin.kdreams.jp/kawasaki/racedetail/3420231221020009/?pageType=result,2026-10-04T03:18:24.528508+00:00,6-2/1/4/7-3-5,published,小田競・サイクル,楽天Kドリームス 並び予想
3420231221020010,2023-12-22,川崎競輪,F2,A1/A2,10,Ａ級準決勝,19:20,19:15,7,https://keirin.kdreams.jp/kawasaki/racedetail/3420231221020010/?pageType=result,2026-10-04T03:18:26.557271+00:00,1-4-6/2-7/5-3,published,小田競・サイクル,楽天Kドリームス 並び予想
3420231221020011,2023-12-22,川崎競輪,F2,A1/A2,11,Ａ級準決勝,19:45,19:40,7,https://keirin.kdreams.jp/kawasaki/racedetail/3420231221020011/?pageType=result,2026-10-04T03:18:28.598916+00:00,6-5-1/2/3-4-7,published,小田競・サイクル,楽天Kドリームス 並び予想
3420231221020012,2023-12-22,川崎競輪,F2,A1/A2,12,Ａ級準決勝,20:15,20:10,7,https://keirin.kdreams.jp/kawasaki/racedetail/3420231221020012/?pageType=result,2026-10-04T03:18:30.747301+00:00,7-4-1-6/5-2-3,published,小田競・サイクル,楽天Kドリームス 並び予想
4720231220030001,2023-12-22,松阪競輪,F1,A1/A2,1,Ａ級一般,10:33,10:28,7,https://keirin.kdreams.jp/matsusaka/racedetail/4720231220030001/?pageType=result,2026-10-04T03:17:27.531660+00:00,1-4/2-7-6/5-3,published,中部競輪,楽天Kドリームス 並び予想
4720231220030002,2023-12-22,松阪競輪,F1,A1/A2,2,Ａ級一般,11:00,10:55,7,https://keirin.kdreams.jp/matsusaka/racedetail/4720231220030002/?pageType=result,2026-10-04T03:17:30.001253+00:00,5-1/2-4/7/3-6,published,中部競輪,楽天Kドリームス 並び予想
4720231220030003,2023-12-22,松阪競輪,F1,A1/A2,3,Ａ級特選,11:27,11:22,7,https://keirin.kdreams.jp/matsusaka/racedetail/4720231220030003/?pageType=result,2026-10-04T03:17:32.529201+00:00,2-4-1/3-5-6/7,published,中部競輪,楽天Kドリームス 並び予想
4720231220030004,2023-12-22,松阪競輪,F1,A1/A2,4,Ａ級特選,11:54,11:49,7,https://keirin.kdreams.jp/matsusaka/racedetail/4720231220030004/?pageType=result,2026-10-04T03:17:34.961381+00:00,1-5/6-2/3/4-7,published,中部競輪,楽天Kドリームス 並び予想
4720231220030011,2023-12-22,松阪競輪,F1,A1/A2,11,Ａ級決勝,15:32,15:27,7,https://keirin.kdreams.jp/matsusaka/racedetail/4720231220030011/?pageType=result,2026-10-04T03:17:37.159990+00:00,5-1/3-7-2/4/6,published,中部競輪,楽天Kドリームス 並び予想
4520231220030004,2023-12-22,豊橋競輪,F2,A1/A2,4,Ａ級特一般,21:50,21:45,6,https://keirin.kdreams.jp/toyohashi/racedetail/4520231220030004/?pageType=result,2026-10-04T03:18:00.564757+00:00,1-2/3/4/5/6,published,中部競輪,楽天Kドリームス 並び予想
4520231220030005,2023-12-22,豊橋競輪,F2,A1/A2,5,Ａ級特一般,22:10,22:05,7,https://keirin.kdreams.jp/toyohashi/racedetail/4520231220030005/?pageType=result,2026-10-04T03:18:02.759640+00:00,1-2-3/4/7-5-6,published,中部競輪,楽天Kドリームス 並び予想
4520231220030006,2023-12-22,豊橋競輪,F2,A1/A2,6,Ａ級特選,22:30,22:25,7,https://keirin.kdreams.jp/toyohashi/racedetail/4520231220030006/?pageType=result,2026-10-04T03:18:04.790441+00:00,1-4-6/3/2-5/7,published,中部競輪,楽天Kドリームス 並び予想
4520231220030007,2023-12-22,豊橋競輪,F2,A1/A2,7,Ａ級特選,22:50,22:45,7,https://keirin.kdreams.jp/toyohashi/racedetail/4520231220030007/?pageType=result,2026-10-04T03:18:06.917983+00:00,1-3/2-7-6/5-4,published,中部競輪,楽天Kドリームス 並び予想
4520231220030009,2023-12-22,豊橋競輪,F2,A1/A2,9,Ａ級決勝,23:30,23:25,7,https://keirin.kdreams.jp/toyohashi/racedetail/4520231220030009/?pageType=result,2026-10-04T03:18:08.894066+00:00,3-6-1/2-5/4-7,published,中部競輪,楽天Kドリームス 並び予想
8520231223010003,2023-12-23,佐世保競輪,F2,A1/A2,3,Ａ級特予選,21:46,21:41,7,https://keirin.kdreams.jp/sasebo/racedetail/8520231223010003/?pageType=result,2026-10-04T03:20:04.944514+00:00,3-1/2-6/4-5-7,published,百万弗,楽天Kドリームス 並び予想
8520231223010004,2023-12-23,佐世保競輪,F2,A1/A2,4,Ａ級特予選,22:10,22:05,7,https://keirin.kdreams.jp/sasebo/racedetail/8520231223010004/?pageType=result,2026-10-04T03:20:07.272422+00:00,4-1/5-2/3-6-7,published,百万弗,楽天Kドリームス 並び予想
8520231223010005,2023-12-23,佐世保競輪,F2,A1/A2,5,Ａ級特予選,22:34,22:29,7,https://keirin.kdreams.jp/sasebo/racedetail/8520231223010005/?pageType=result,2026-10-04T03:20:09.835057+00:00,1-2-7/6-3/4-5,published,百万弗,楽天Kドリームス 並び予想
8520231223010006,2023-12-23,佐世保競輪,F2,A1/A2,6,Ａ級特予選,22:58,22:53,7,https://keirin.kdreams.jp/sasebo/racedetail/8520231223010006/?pageType=result,2026-10-04T03:20:11.844361+00:00,1-3-7/2-4/5-6,published,百万弗,楽天Kドリームス 並び予想
8520231223010007,2023-12-23,佐世保競輪,F2,A1/A2,7,Ａ級初日特選,23:22,23:17,7,https://keirin.kdreams.jp/sasebo/racedetail/8520231223010007/?pageType=result,2026-10-04T03:20:14.404823+00:00,4-1-6-7/2/3/5,published,百万弗,楽天Kドリームス 並び予想
2320231222020001,2023-12-23,取手競輪,F2,A1/A2,1,Ａ級一般,08:50,08:45,7,https://keirin.kdreams.jp/toride/racedetail/2320231222020001/?pageType=result,2026-10-04T03:19:34.225291+00:00,6-1/4/7-2-3-5,published,アオケイ,楽天Kドリームス 並び予想
2320231222020002,2023-12-23,取手競輪,F2,A1/A2,2,Ａ級一般,09:10,09:05,7,https://keirin.kdreams.jp/toride/racedetail/2320231222020002/?pageType=result,2026-10-04T03:19:36.326487+00:00,7-2-5/1/4/6-3,published,アオケイ,楽天Kドリームス 並び予想
2320231222020003,2023-12-23,取手競輪,F2,A1/A2,3,Ａ級選抜,09:30,09:25,7,https://keirin.kdreams.jp/toride/racedetail/2320231222020003/?pageType=result,2026-10-04T03:19:38.364681+00:00,1/5/2-4/3-7-6,published,アオケイ,楽天Kドリームス 並び予想
2320231222020004,2023-12-23,取手競輪,F2,A1/A2,4,Ａ級選抜,09:50,09:45,7,https://keirin.kdreams.jp/toride/racedetail/2320231222020004/?pageType=result,2026-10-04T03:19:40.524659+00:00,3-1-5/6/2-7-4,published,アオケイ,楽天Kドリームス 並び予想
2320231222020005,2023-12-23,取手競輪,F2,A1/A2,5,Ａ級準決勝,10:10,10:05,7,https://keirin.kdreams.jp/toride/racedetail/2320231222020005/?pageType=result,2026-10-04T03:19:42.581006+00:00,1-5-4/6-3/2-7,published,アオケイ,楽天Kドリームス 並び予想
2320231222020006,2023-12-23,取手競輪,F2,A1/A2,6,Ａ級準決勝,10:30,10:25,7,https://keirin.kdreams.jp/toride/racedetail/2320231222020006/?pageType=result,2026-10-04T03:19:44.714561+00:00,1-4/6-2-5/7-3,published,アオケイ,楽天Kドリームス 並び予想
2320231222020007,2023-12-23,取手競輪,F2,A1/A2,7,Ａ級準決勝,10:50,10:45,7,https://keirin.kdreams.jp/toride/racedetail/2320231222020007/?pageType=result,2026-10-04T03:19:46.915004+00:00,1-4-6/2-5/3-7,published,アオケイ,楽天Kドリームス 並び予想
2420231223010008,2023-12-23,宇都宮競輪,F2,A1/A2,8,Ａ級特予選,14:06,14:01,7,https://keirin.kdreams.jp/utsunomiya/racedetail/2420231223010008/?pageType=result,2026-10-04T03:21:11.638746+00:00,4-3/6-1/2-5-7,published,アオケイ,楽天Kドリームス 並び予想
2420231223010009,2023-12-23,宇都宮競輪,F2,A1/A2,9,Ａ級特予選,14:34,14:29,7,https://keirin.kdreams.jp/utsunomiya/racedetail/2420231223010009/?pageType=result,2026-10-04T03:21:14.261887+00:00,3-7-5-2/1-4-6,published,アオケイ,楽天Kドリームス 並び予想
2420231223010010,2023-12-23,宇都宮競輪,F2,A1/A2,10,Ａ級特予選,15:02,14:57,7,https://keirin.kdreams.jp/utsunomiya/racedetail/2420231223010010/?pageType=result,2026-10-04T03:21:17.091686+00:00,6-2-4/1-5/7-3,published,アオケイ,楽天Kドリームス 並び予想
2420231223010011,2023-12-23,宇都宮競輪,F2,A1/A2,11,Ａ級特予選,15:31,15:26,7,https://keirin.kdreams.jp/utsunomiya/racedetail/2420231223010011/?pageType=result,2026-10-04T03:21:19.512616+00:00,1-5-7/2-4/6-3,published,アオケイ,楽天Kドリームス 並び予想
2420231223010012,2023-12-23,宇都宮競輪,F2,A1/A2,12,Ａ級初日特選,16:00,15:55,7,https://keirin.kdreams.jp/utsunomiya/racedetail/2420231223010012/?pageType=result,2026-10-04T03:21:21.718962+00:00,2-7-6/4-1/5-3,published,アオケイ,楽天Kドリームス 並び予想
8120231221030001,2023-12-23,小倉競輪,F1,A1/A2,1,Ａ級一般,16:00,15:55,7,https://keirin.kdreams.jp/kokura/racedetail/8120231221030001/?pageType=result,2026-10-04T03:19:06.736186+00:00,7-1-4/5-2/6-3,published,コンドル出版社,楽天Kドリームス 並び予想
8120231221030002,2023-12-23,小倉競輪,F1,A1/A2,2,Ａ級一般,16:25,16:20,7,https://keirin.kdreams.jp/kokura/racedetail/8120231221030002/?pageType=result,2026-10-04T03:19:09.094151+00:00,4-2-7/1-5/3/6,published,コンドル出版社,楽天Kドリームス 並び予想
8120231221030003,2023-12-23,小倉競輪,F1,A1/A2,3,Ａ級特選,16:50,16:45,7,https://keirin.kdreams.jp/kokura/racedetail/8120231221030003/?pageType=result,2026-10-04T03:19:11.399374+00:00,1-4/2-6/3-5/7,published,コンドル出版社,楽天Kドリームス 並び予想
8120231221030004,2023-12-23,小倉競輪,F1,A1/A2,4,Ａ級特選,17:15,17:10,7,https://keirin.kdreams.jp/kokura/racedetail/8120231221030004/?pageType=result,2026-10-04T03:19:14.005584+00:00,2-4-6/3-7/1-5,published,コンドル出版社,楽天Kドリームス 並び予想
8120231221030011,2023-12-23,小倉競輪,F1,A1/A2,11,Ａ級決勝,20:10,20:05,7,https://keirin.kdreams.jp/kokura/racedetail/8120231221030011/?pageType=result,2026-10-04T03:19:16.327149+00:00,2-7-3/4-6-1-5,published,コンドル出版社,楽天Kドリームス 並び予想
3420231221030006,2023-12-23,川崎競輪,F2,A1/A2,6,Ａ級特一般,18:00,17:55,7,https://keirin.kdreams.jp/kawasaki/racedetail/3420231221030006/?pageType=result,2026-10-04T03:18:32.858172+00:00,6-1/3/7/5-4-2,published,小田競・サイクル,楽天Kドリームス 並び予想
3420231221030007,2023-12-23,川崎競輪,F2,A1/A2,7,Ａ級特一般,18:25,18:20,7,https://keirin.kdreams.jp/kawasaki/racedetail/3420231221030007/?pageType=result,2026-10-04T03:18:35.083683+00:00,2-7/1/3-5-6/4,published,小田競・サイクル,楽天Kドリームス 並び予想
3420231221030009,2023-12-23,川崎競輪,F2,A1/A2,9,Ａ級特選,19:15,19:10,7,https://keirin.kdreams.jp/kawasaki/racedetail/3420231221030009/?pageType=result,2026-10-04T03:18:37.215281+00:00,1/5-6-2/4-7-3,published,小田競・サイクル,楽天Kドリームス 並び予想
3420231221030010,2023-12-23,川崎競輪,F2,A1/A2,10,Ａ級特選,19:40,19:35,7,https://keirin.kdreams.jp/kawasaki/racedetail/3420231221030010/?pageType=result,2026-10-04T03:18:39.513940+00:00,5-1/4-2/7-3-6,published,小田競・サイクル,楽天Kドリームス 並び予想
3420231221030012,2023-12-23,川崎競輪,F2,A1/A2,12,Ａ級決勝,20:32,20:27,7,https://keirin.kdreams.jp/kawasaki/racedetail/3420231221030012/?pageType=result,2026-10-04T03:18:41.618523+00:00,1/2-7-5/4-3-6,published,小田競・サイクル,楽天Kドリームス 並び予想
2620231223010001,2023-12-23,西武園競輪,F1,A1/A2,1,Ａ級予選,15:44,15:39,7,https://keirin.kdreams.jp/seibuen/racedetail/2620231223010001/?pageType=result,2026-10-04T03:20:37.980250+00:00,1-7-4/2/6/5-3,published,アオケイ,楽天Kドリームス 並び予想
2620231223010002,2023-12-23,西武園競輪,F1,A1/A2,2,Ａ級予選,16:09,16:04,7,https://keirin.kdreams.jp/seibuen/racedetail/2620231223010002/?pageType=result,2026-10-04T03:20:40.004996+00:00,1-4-5/6/7-2-3,published,アオケイ,楽天Kドリームス 並び予想
2620231223010003,2023-12-23,西武園競輪,F1,A1/A2,3,Ａ級予選,16:34,16:29,7,https://keirin.kdreams.jp/seibuen/racedetail/2620231223010003/?pageType=result,2026-10-04T03:20:42.214224+00:00,1-5/4/2-7/3-6,published,アオケイ,楽天Kドリームス 並び予想
2620231223010004,2023-12-23,西武園競輪,F1,A1/A2,4,Ａ級予選,16:59,16:54,7,https://keirin.kdreams.jp/seibuen/racedetail/2620231223010004/?pageType=result,2026-10-04T03:20:44.289061+00:00,1-5-4/6-2/7-3,published,アオケイ,楽天Kドリームス 並び予想
2620231223010005,2023-12-23,西武園競輪,F1,A1/A2,5,Ａ級初日特選,17:24,17:19,7,https://keirin.kdreams.jp/seibuen/racedetail/2620231223010005/?pageType=result,2026-10-04T03:20:46.593892+00:00,2-7/4-1/6-3-5,published,アオケイ,楽天Kドリームス 並び予想
8320231224010001,2023-12-24,久留米競輪,F1,A1/A2,1,Ａ級予選,10:50,10:45,7,https://keirin.kdreams.jp/kurume/racedetail/8320231224010001/?pageType=result,2026-10-04T03:21:47.112486+00:00,6-1-5/2-7/3-4,published,コンドル出版社,楽天Kドリームス 並び予想
8320231224010002,2023-12-24,久留米競輪,F1,A1/A2,2,Ａ級予選,11:15,11:10,7,https://keirin.kdreams.jp/kurume/racedetail/8320231224010002/?pageType=result,2026-10-04T03:21:49.740820+00:00,6-2/1-4/5-3-7,published,コンドル出版社,楽天Kドリームス 並び予想
8320231224010003,2023-12-24,久留米競輪,F1,A1/A2,3,Ａ級予選,11:41,11:36,7,https://keirin.kdreams.jp/kurume/racedetail/8320231224010003/?pageType=result,2026-10-04T03:21:51.837929+00:00,1-4/2-6/7-3-5,published,コンドル出版社,楽天Kドリームス 並び予想
8320231224010004,2023-12-24,久留米競輪,F1,A1/A2,4,Ａ級予選,12:11,12:06,7,https://keirin.kdreams.jp/kurume/racedetail/8320231224010004/?pageType=result,2026-10-04T03:21:53.867325+00:00,7-1/3-6/5-2-4,published,コンドル出版社,楽天Kドリームス 並び予想
8320231224010005,2023-12-24,久留米競輪,F1,A1/A2,5,Ａ級初日特選,12:41,12:36,7,https://keirin.kdreams.jp/kurume/racedetail/8320231224010005/?pageType=result,2026-10-04T03:21:56.121975+00:00,2-6/1/5/3-7-4,published,コンドル出版社,楽天Kドリームス 並び予想
8520231223020003,2023-12-24,佐世保競輪,F2,A1/A2,3,Ａ級特一般,21:46,21:41,7,https://keirin.kdreams.jp/sasebo/racedetail/8520231223020003/?pageType=result,2026-10-04T03:20:16.473279+00:00,5-1-3/2-6-7/4,published,百万弗,楽天Kドリームス 並び予想
8520231223020004,2023-12-24,佐世保競輪,F2,A1/A2,4,Ａ級特一般,22:10,22:05,7,https://keirin.kdreams.jp/sasebo/racedetail/8520231223020004/?pageType=result,2026-10-04T03:20:18.580323+00:00,1-2-3-6-7/4-5,published,百万弗,楽天Kドリームス 並び予想
8520231223020005,2023-12-24,佐世保競輪,F2,A1/A2,5,Ａ級準決勝,22:34,22:29,7,https://keirin.kdreams.jp/sasebo/racedetail/8520231223020005/?pageType=result,2026-10-04T03:20:20.930057+00:00,3-1-7/5-2/6-4,published,百万弗,楽天Kドリームス 並び予想
8520231223020006,2023-12-24,佐世保競輪,F2,A1/A2,6,Ａ級準決勝,22:58,22:53,7,https://keirin.kdreams.jp/sasebo/racedetail/8520231223020006/?pageType=result,2026-10-04T03:20:23.123568+00:00,3-1/6-2/5-4-7,published,百万弗,楽天Kドリームス 並び予想
8520231223020007,2023-12-24,佐世保競輪,F2,A1/A2,7,Ａ級準決勝,23:22,23:17,7,https://keirin.kdreams.jp/sasebo/racedetail/8520231223020007/?pageType=result,2026-10-04T03:20:25.249306+00:00,1-2-3/6-4/7-5,published,百万弗,楽天Kドリームス 並び予想
2320231222030001,2023-12-24,取手競輪,F2,A1/A2,1,Ａ級一般,08:50,08:45,6,https://keirin.kdreams.jp/toride/racedetail/2320231222030001/?pageType=result,2026-10-04T03:19:49.025486+00:00,1-3-5/4/6-2,published,アオケイ,楽天Kドリームス 並び予想
2320231222030002,2023-12-24,取手競輪,F2,A1/A2,2,Ａ級一般,09:10,09:05,6,https://keirin.kdreams.jp/toride/racedetail/2320231222030002/?pageType=result,2026-10-04T03:19:51.339413+00:00,6-1-3/4-5-2,published,アオケイ,楽天Kドリームス 並び予想
2320231222030003,2023-12-24,取手競輪,F2,A1/A2,3,Ａ級一般,09:30,09:25,7,https://keirin.kdreams.jp/toride/racedetail/2320231222030003/?pageType=result,2026-10-04T03:19:53.815114+00:00,1/5/2-7/6-4-3,published,アオケイ,楽天Kドリームス 並び予想
2320231222030004,2023-12-24,取手競輪,F2,A1/A2,4,Ａ級特選,09:50,09:45,7,https://keirin.kdreams.jp/toride/racedetail/2320231222030004/?pageType=result,2026-10-04T03:19:56.251765+00:00,6-2/5-1-4/3-7,published,アオケイ,楽天Kドリームス 並び予想
2320231222030005,2023-12-24,取手競輪,F2,A1/A2,5,Ａ級特選,10:10,10:05,7,https://keirin.kdreams.jp/toride/racedetail/2320231222030005/?pageType=result,2026-10-04T03:19:58.578282+00:00,1-4-3/6/2-7-5,published,アオケイ,楽天Kドリームス 並び予想
2320231222030006,2023-12-24,取手競輪,F2,A1/A2,6,Ａ級特選,10:30,10:25,7,https://keirin.kdreams.jp/toride/racedetail/2320231222030006/?pageType=result,2026-10-04T03:20:00.801855+00:00,1-6/3-5/2-7-4,published,アオケイ,楽天Kドリームス 並び予想
2320231222030007,2023-12-24,取手競輪,F2,A1/A2,7,Ａ級決勝,10:50,10:45,7,https://keirin.kdreams.jp/toride/racedetail/2320231222030007/?pageType=result,2026-10-04T03:20:02.863560+00:00,4-1-5-7/3/6-2,published,アオケイ,楽天Kドリームス 並び予想
4820231224010008,2023-12-24,四日市競輪,F2,A1/A2,8,Ａ級特予選,18:46,18:41,7,https://keirin.kdreams.jp/yokkaichi/racedetail/4820231224010008/?pageType=result,2026-10-04T03:22:19.515863+00:00,4-1-6/5-2/3-7,published,富山中部,楽天Kドリームス 並び予想
4820231224010009,2023-12-24,四日市競輪,F2,A1/A2,9,Ａ級特予選,19:12,19:07,7,https://keirin.kdreams.jp/yokkaichi/racedetail/4820231224010009/?pageType=result,2026-10-04T03:22:21.701732+00:00,1-5-4/7-2/6-3,published,富山中部,楽天Kドリームス 並び予想
4820231224010010,2023-12-24,四日市競輪,F2,A1/A2,10,Ａ級特予選,19:38,19:33,7,https://keirin.kdreams.jp/yokkaichi/racedetail/4820231224010010/?pageType=result,2026-10-04T03:22:23.757765+00:00,7-1-5-6/2-4/3,published,富山中部,楽天Kドリームス 並び予想
4820231224010011,2023-12-24,四日市競輪,F2,A1/A2,11,Ａ級特予選,20:04,19:59,7,https://keirin.kdreams.jp/yokkaichi/racedetail/4820231224010011/?pageType=result,2026-10-04T03:22:25.886040+00:00,5-4-1/2-7/6-3,published,富山中部,楽天Kドリームス 並び予想
4820231224010012,2023-12-24,四日市競輪,F2,A1/A2,12,Ａ級初日特選,20:30,20:25,7,https://keirin.kdreams.jp/yokkaichi/racedetail/4820231224010012/?pageType=result,2026-10-04T03:22:28.078431+00:00,1-5/4-7-2/6-3,published,富山中部,楽天Kドリームス 並び予想
2420231223020008,2023-12-24,宇都宮競輪,F2,A1/A2,8,Ａ級特一般,14:06,14:01,7,https://keirin.kdreams.jp/utsunomiya/racedetail/2420231223020008/?pageType=result,2026-10-04T03:21:24.060224+00:00,1/4-7-2/6-3/5,published,アオケイ,楽天Kドリームス 並び予想
2420231223020009,2023-12-24,宇都宮競輪,F2,A1/A2,9,Ａ級特一般,14:34,14:29,7,https://keirin.kdreams.jp/utsunomiya/racedetail/2420231223020009/?pageType=result,2026-10-04T03:21:26.309110+00:00,1-4-6/2-5/7-3,published,アオケイ,楽天Kドリームス 並び予想
2420231223020010,2023-12-24,宇都宮競輪,F2,A1/A2,10,Ａ級準決勝,15:02,14:57,7,https://keirin.kdreams.jp/utsunomiya/racedetail/2420231223020010/?pageType=result,2026-10-04T03:21:28.441159+00:00,7-3-1-6/2-5-4,published,アオケイ,楽天Kドリームス 並び予想
2420231223020011,2023-12-24,宇都宮競輪,F2,A1/A2,11,Ａ級準決勝,15:31,15:26,7,https://keirin.kdreams.jp/utsunomiya/racedetail/2420231223020011/?pageType=result,2026-10-04T03:21:30.760421+00:00,1-7/6-2-5/4-3,published,アオケイ,楽天Kドリームス 並び予想
2420231223020012,2023-12-24,宇都宮競輪,F2,A1/A2,12,Ａ級準決勝,16:00,15:55,7,https://keirin.kdreams.jp/utsunomiya/racedetail/2420231223020012/?pageType=result,2026-10-04T03:21:33.014749+00:00,1-7/5-4-2/6-3,published,アオケイ,楽天Kドリームス 並び予想
2620231223020001,2023-12-24,西武園競輪,F1,A1/A2,1,Ａ級一般,15:44,15:39,7,https://keirin.kdreams.jp/seibuen/racedetail/2620231223020001/?pageType=result,2026-10-04T03:20:48.723236+00:00,3-7/6-1/4/5-2,published,アオケイ,楽天Kドリームス 並び予想
2620231223020002,2023-12-24,西武園競輪,F1,A1/A2,2,Ａ級一般,16:09,16:04,7,https://keirin.kdreams.jp/seibuen/racedetail/2620231223020002/?pageType=result,2026-10-04T03:20:50.890970+00:00,1-7-5/4/2-6-3,published,アオケイ,楽天Kドリームス 並び予想
2620231223020003,2023-12-24,西武園競輪,F1,A1/A2,3,Ａ級準決勝,16:34,16:29,7,https://keirin.kdreams.jp/seibuen/racedetail/2620231223020003/?pageType=result,2026-10-04T03:20:53.047859+00:00,2-7-4/3/1-5-6,published,アオケイ,楽天Kドリームス 並び予想
2620231223020004,2023-12-24,西武園競輪,F1,A1/A2,4,Ａ級準決勝,16:59,16:54,7,https://keirin.kdreams.jp/seibuen/racedetail/2620231223020004/?pageType=result,2026-10-04T03:20:55.396217+00:00,4-1/6-3/7/5-2,published,アオケイ,楽天Kドリームス 並び予想
2620231223020005,2023-12-24,西武園競輪,F1,A1/A2,5,Ａ級準決勝,17:24,17:19,7,https://keirin.kdreams.jp/seibuen/racedetail/2620231223020005/?pageType=result,2026-10-04T03:20:57.475507+00:00,1-7-3-6/5-4-2,published,アオケイ,楽天Kドリームス 並び予想
8320231224020001,2023-12-25,久留米競輪,F1,A1/A2,1,Ａ級一般,10:50,10:45,7,https://keirin.kdreams.jp/kurume/racedetail/8320231224020001/?pageType=result,2026-10-04T03:21:57.982285+00:00,2-4-6/1/7-3-5,published,コンドル出版社,楽天Kドリームス 並び予想
8320231224020002,2023-12-25,久留米競輪,F1,A1/A2,2,Ａ級一般,11:15,11:10,7,https://keirin.kdreams.jp/kurume/racedetail/8320231224020002/?pageType=result,2026-10-04T03:22:00.305862+00:00,1-7/6-4-2-5/3,published,コンドル出版社,楽天Kドリームス 並び予想
8320231224020003,2023-12-25,久留米競輪,F1,A1/A2,3,Ａ級準決勝,11:41,11:36,7,https://keirin.kdreams.jp/kurume/racedetail/8320231224020003/?pageType=result,2026-10-04T03:22:02.459648+00:00,1-5/2-7/6-3-4,published,コンドル出版社,楽天Kドリームス 並び予想
8320231224020004,2023-12-25,久留米競輪,F1,A1/A2,4,Ａ級準決勝,12:11,12:06,7,https://keirin.kdreams.jp/kurume/racedetail/8320231224020004/?pageType=result,2026-10-04T03:22:04.552899+00:00,1-7/5-2/3-6/4,published,コンドル出版社,楽天Kドリームス 並び予想
8320231224020005,2023-12-25,久留米競輪,F1,A1/A2,5,Ａ級準決勝,12:41,12:36,7,https://keirin.kdreams.jp/kurume/racedetail/8320231224020005/?pageType=result,2026-10-04T03:22:06.613348+00:00,4-1-6/7-2/5-3,published,コンドル出版社,楽天Kドリームス 並び予想
8520231223030002,2023-12-25,佐世保競輪,F2,A1/A2,2,Ａ級特一般,21:22,21:17,7,https://keirin.kdreams.jp/sasebo/racedetail/8520231223030002/?pageType=result,2026-10-04T03:20:27.487446+00:00,4-1-5-2-7/3/6,published,百万弗,楽天Kドリームス 並び予想
8520231223030003,2023-12-25,佐世保競輪,F2,A1/A2,3,Ａ級特一般,21:46,21:41,7,https://keirin.kdreams.jp/sasebo/racedetail/8520231223030003/?pageType=result,2026-10-04T03:20:30.039731+00:00,1-5-4/7/2-3-6,published,百万弗,楽天Kドリームス 並び予想
8520231223030004,2023-12-25,佐世保競輪,F2,A1/A2,4,Ａ級特選,22:10,22:05,7,https://keirin.kdreams.jp/sasebo/racedetail/8520231223030004/?pageType=result,2026-10-04T03:20:32.376614+00:00,2-6-1/3/5-7-4,published,百万弗,楽天Kドリームス 並び予想
8520231223030005,2023-12-25,佐世保競輪,F2,A1/A2,5,Ａ級特選,22:34,22:29,7,https://keirin.kdreams.jp/sasebo/racedetail/8520231223030005/?pageType=result,2026-10-04T03:20:34.544007+00:00,4-1/7-2/6/5-3,published,百万弗,楽天Kドリームス 並び予想
8520231223030007,2023-12-25,佐世保競輪,F2,A1/A2,7,Ａ級決勝,23:22,23:17,7,https://keirin.kdreams.jp/sasebo/racedetail/8520231223030007/?pageType=result,2026-10-04T03:20:36.742134+00:00,3-1-5-6/2/7-4,published,百万弗,楽天Kドリームス 並び予想
4820231224020008,2023-12-25,四日市競輪,F2,A1/A2,8,Ａ級特一般,18:46,18:41,7,https://keirin.kdreams.jp/yokkaichi/racedetail/4820231224020008/?pageType=result,2026-10-04T03:22:30.773729+00:00,1-7-5/3/6-4-2,published,富山中部,楽天Kドリームス 並び予想
4820231224020009,2023-12-25,四日市競輪,F2,A1/A2,9,Ａ級特一般,19:12,19:07,7,https://keirin.kdreams.jp/yokkaichi/racedetail/4820231224020009/?pageType=result,2026-10-04T03:22:32.982605+00:00,4-2/5-1-6/7-3,published,富山中部,楽天Kドリームス 並び予想
4820231224020010,2023-12-25,四日市競輪,F2,A1/A2,10,Ａ級準決勝,19:38,19:33,7,https://keirin.kdreams.jp/yokkaichi/racedetail/4820231224020010/?pageType=result,2026-10-04T03:22:35.186631+00:00,7-5-2/1-4/3-6,published,富山中部,楽天Kドリームス 並び予想
4820231224020011,2023-12-25,四日市競輪,F2,A1/A2,11,Ａ級準決勝,20:04,19:59,7,https://keirin.kdreams.jp/yokkaichi/racedetail/4820231224020011/?pageType=result,2026-10-04T03:22:37.445966+00:00,5-1/4-2-6/3-7,published,富山中部,楽天Kドリームス 並び予想
4820231224020012,2023-12-25,四日市競輪,F2,A1/A2,12,Ａ級準決勝,20:30,20:25,7,https://keirin.kdreams.jp/yokkaichi/racedetail/4820231224020012/?pageType=result,2026-10-04T03:22:39.975253+00:00,4-1-5/2-6/7-3,published,富山中部,楽天Kドリームス 並び予想
2420231223030006,2023-12-25,宇都宮競輪,F2,A1/A2,6,Ａ級特一般,13:10,13:05,7,https://keirin.kdreams.jp/utsunomiya/racedetail/2420231223030006/?pageType=result,2026-10-04T03:21:35.057832+00:00,1-5-4-3/7-2/6,published,アオケイ,楽天Kドリームス 並び予想
2420231223030007,2023-12-25,宇都宮競輪,F2,A1/A2,7,Ａ級特一般,13:38,13:33,7,https://keirin.kdreams.jp/utsunomiya/racedetail/2420231223030007/?pageType=result,2026-10-04T03:21:37.189305+00:00,3-4/2-5-7/6-1,published,アオケイ,楽天Kドリームス 並び予想
2420231223030008,2023-12-25,宇都宮競輪,F2,A1/A2,8,Ａ級特選,14:06,14:01,7,https://keirin.kdreams.jp/utsunomiya/racedetail/2420231223030008/?pageType=result,2026-10-04T03:21:39.869325+00:00,6-3-1-7/5-2/4,published,アオケイ,楽天Kドリームス 並び予想
2420231223030009,2023-12-25,宇都宮競輪,F2,A1/A2,9,Ａ級特選,14:34,14:29,7,https://keirin.kdreams.jp/utsunomiya/racedetail/2420231223030009/?pageType=result,2026-10-04T03:21:41.961285+00:00,6-1-3/2-7-5-4,published,アオケイ,楽天Kドリームス 並び予想
2420231223030012,2023-12-25,宇都宮競輪,F2,A1/A2,12,Ａ級決勝,16:00,15:55,7,https://keirin.kdreams.jp/utsunomiya/racedetail/2420231223030012/?pageType=result,2026-10-04T03:21:44.492808+00:00,6-4-7-1/2-5/3,published,アオケイ,楽天Kドリームス 並び予想
7320231225010001,2023-12-25,小松島競輪,F1,A1/A2,1,Ａ級予選,10:40,10:35,7,https://keirin.kdreams.jp/komatsushima/racedetail/7320231225010001/?pageType=result,2026-10-04T03:22:53.191431+00:00,1-4/2-7/3-5-6,published,競輪毎日,楽天Kドリームス 並び予想
7320231225010002,2023-12-25,小松島競輪,F1,A1/A2,2,Ａ級予選,11:08,11:03,7,https://keirin.kdreams.jp/komatsushima/racedetail/7320231225010002/?pageType=result,2026-10-04T03:22:55.361678+00:00,2-5-6/4-1/3-7,published,競輪毎日,楽天Kドリームス 並び予想
7320231225010003,2023-12-25,小松島競輪,F1,A1/A2,3,Ａ級予選,11:36,11:31,7,https://keirin.kdreams.jp/komatsushima/racedetail/7320231225010003/?pageType=result,2026-10-04T03:22:57.535913+00:00,1-2-4/6-3/5-7,published,競輪毎日,楽天Kドリームス 並び予想
7320231225010004,2023-12-25,小松島競輪,F1,A1/A2,4,Ａ級予選,12:06,12:01,7,https://keirin.kdreams.jp/komatsushima/racedetail/7320231225010004/?pageType=result,2026-10-04T03:22:59.672937+00:00,1-4/3-6/7-2-5,published,競輪毎日,楽天Kドリームス 並び予想
7320231225010005,2023-12-25,小松島競輪,F1,A1/A2,5,Ａ級初日特選,12:36,12:31,7,https://keirin.kdreams.jp/komatsushima/racedetail/7320231225010005/?pageType=result,2026-10-04T03:23:01.901947+00:00,5-1-4/3/7-2-6,published,競輪毎日,楽天Kドリームス 並び予想
2620231223030001,2023-12-25,西武園競輪,F1,A1/A2,1,Ａ級一般,15:44,15:39,7,https://keirin.kdreams.jp/seibuen/racedetail/2620231223030001/?pageType=result,2026-10-04T03:20:59.721363+00:00,5-3-1/4/7-2-6,published,アオケイ,楽天Kドリームス 並び予想
2620231223030002,2023-12-25,西武園競輪,F1,A1/A2,2,Ａ級一般,16:09,16:04,7,https://keirin.kdreams.jp/seibuen/racedetail/2620231223030002/?pageType=result,2026-10-04T03:21:02.051855+00:00,2-5-7/1/3-4-6,published,アオケイ,楽天Kドリームス 並び予想
2620231223030003,2023-12-25,西武園競輪,F1,A1/A2,3,Ａ級特選,16:34,16:29,7,https://keirin.kdreams.jp/seibuen/racedetail/2620231223030003/?pageType=result,2026-10-04T03:21:04.383309+00:00,1-3/2-5/6/7-4,published,アオケイ,楽天Kドリームス 並び予想
2620231223030004,2023-12-25,西武園競輪,F1,A1/A2,4,Ａ級特選,16:59,16:54,7,https://keirin.kdreams.jp/seibuen/racedetail/2620231223030004/?pageType=result,2026-10-04T03:21:07.100411+00:00,4-1-5/6/2-7-3,published,アオケイ,楽天Kドリームス 並び予想
2620231223030011,2023-12-25,西武園競輪,F1,A1/A2,11,Ａ級決勝,19:57,19:52,7,https://keirin.kdreams.jp/seibuen/racedetail/2620231223030011/?pageType=result,2026-10-04T03:21:09.550846+00:00,3-5-1-6/7-2-4,published,アオケイ,楽天Kドリームス 並び予想
7120231225010008,2023-12-25,高松競輪,F2,A1/A2,8,Ａ級特予選,11:12,11:07,7,https://keirin.kdreams.jp/takamatsu/racedetail/7120231225010008/?pageType=result,2026-10-04T03:23:27.199493+00:00,1-7/5-2-6/4-3,published,競輪毎日,楽天Kドリームス 並び予想
7120231225010009,2023-12-25,高松競輪,F2,A1/A2,9,Ａ級特予選,11:34,11:29,7,https://keirin.kdreams.jp/takamatsu/racedetail/7120231225010009/?pageType=result,2026-10-04T03:23:29.390384+00:00,1-5-4/7-2/6-3,published,競輪毎日,楽天Kドリームス 並び予想
7120231225010010,2023-12-25,高松競輪,F2,A1/A2,10,Ａ級特予選,11:59,11:54,7,https://keirin.kdreams.jp/takamatsu/racedetail/7120231225010010/?pageType=result,2026-10-04T03:23:32.348339+00:00,1-4-7/2-5-3-6,published,競輪毎日,楽天Kドリームス 並び予想
7120231225010011,2023-12-25,高松競輪,F2,A1/A2,11,Ａ級特予選,12:26,12:21,7,https://keirin.kdreams.jp/takamatsu/racedetail/7120231225010011/?pageType=result,2026-10-04T03:23:34.625249+00:00,1-7/2-5-6/3-4,published,競輪毎日,楽天Kドリームス 並び予想
7120231225010012,2023-12-25,高松競輪,F2,A1/A2,12,Ａ級初日特選,12:57,12:52,7,https://keirin.kdreams.jp/takamatsu/racedetail/7120231225010012/?pageType=result,2026-10-04T03:23:37.070516+00:00,3-5-1-4/2-7/6,published,競輪毎日,楽天Kドリームス 並び予想
8320231224030001,2023-12-26,久留米競輪,F1,A1/A2,1,Ａ級一般,10:50,10:45,7,https://keirin.kdreams.jp/kurume/racedetail/8320231224030001/?pageType=result,2026-10-04T03:22:08.786283+00:00,2-5-7/1-6/4-3,published,コンドル出版社,楽天Kドリームス 並び予想
8320231224030002,2023-12-26,久留米競輪,F1,A1/A2,2,Ａ級一般,11:15,11:10,7,https://keirin.kdreams.jp/kurume/racedetail/8320231224030002/?pageType=result,2026-10-04T03:22:10.846732+00:00,6-2-5/1/3-7-4,published,コンドル出版社,楽天Kドリームス 並び予想
8320231224030003,2023-12-26,久留米競輪,F1,A1/A2,3,Ａ級特選,11:41,11:36,7,https://keirin.kdreams.jp/kurume/racedetail/8320231224030003/?pageType=result,2026-10-04T03:22:13.015591+00:00,1-5-3/6/4-2-7,published,コンドル出版社,楽天Kドリームス 並び予想
8320231224030004,2023-12-26,久留米競輪,F1,A1/A2,4,Ａ級特選,12:11,12:06,7,https://keirin.kdreams.jp/kurume/racedetail/8320231224030004/?pageType=result,2026-10-04T03:22:15.254389+00:00,3-7-6-5/1/4/2,published,コンドル出版社,楽天Kドリームス 並び予想
8320231224030011,2023-12-26,久留米競輪,F1,A1/A2,11,Ａ級決勝,16:00,15:55,7,https://keirin.kdreams.jp/kurume/racedetail/8320231224030011/?pageType=result,2026-10-04T03:22:17.485631+00:00,4-1-5-6/2/7-3,published,コンドル出版社,楽天Kドリームス 並び予想
4820231224030006,2023-12-26,四日市競輪,F2,A1/A2,6,Ａ級特一般,18:05,18:00,7,https://keirin.kdreams.jp/yokkaichi/racedetail/4820231224030006/?pageType=result,2026-10-04T03:22:42.225810+00:00,2-7-4/5-1-3/6,published,富山中部,楽天Kドリームス 並び予想
4820231224030007,2023-12-26,四日市競輪,F2,A1/A2,7,Ａ級特一般,18:30,18:25,7,https://keirin.kdreams.jp/yokkaichi/racedetail/4820231224030007/?pageType=result,2026-10-04T03:22:44.334638+00:00,1-7-4/2-5/6-3,published,富山中部,楽天Kドリームス 並び予想
4820231224030008,2023-12-26,四日市競輪,F2,A1/A2,8,Ａ級特選,18:55,18:50,7,https://keirin.kdreams.jp/yokkaichi/racedetail/4820231224030008/?pageType=result,2026-10-04T03:22:46.471565+00:00,1-5/2-7/4/3-6,published,富山中部,楽天Kドリームス 並び予想
4820231224030009,2023-12-26,四日市競輪,F2,A1/A2,9,Ａ級特選,19:20,19:15,7,https://keirin.kdreams.jp/yokkaichi/racedetail/4820231224030009/?pageType=result,2026-10-04T03:22:48.650871+00:00,1/7-2-6/4-3-5,published,富山中部,楽天Kドリームス 並び予想
4820231224030012,2023-12-26,四日市競輪,F2,A1/A2,12,Ａ級決勝,20:35,20:30,7,https://keirin.kdreams.jp/yokkaichi/racedetail/4820231224030012/?pageType=result,2026-10-04T03:22:50.999962+00:00,1-5-4/2-7/3-6,published,富山中部,楽天Kドリームス 並び予想
7320231225020001,2023-12-26,小松島競輪,F1,A1/A2,1,Ａ級一般,10:40,10:35,6,https://keirin.kdreams.jp/komatsushima/racedetail/7320231225020001/?pageType=result,2026-10-04T03:23:04.596061+00:00,1-6/4-2/3-5,published,競輪毎日,楽天Kドリームス 並び予想
7320231225020002,2023-12-26,小松島競輪,F1,A1/A2,2,Ａ級一般,11:08,11:03,7,https://keirin.kdreams.jp/komatsushima/racedetail/7320231225020002/?pageType=result,2026-10-04T03:23:06.696866+00:00,4-1/3/7-2-5/6,published,競輪毎日,楽天Kドリームス 並び予想
7320231225020003,2023-12-26,小松島競輪,F1,A1/A2,3,Ａ級準決勝,11:36,11:31,7,https://keirin.kdreams.jp/komatsushima/racedetail/7320231225020003/?pageType=result,2026-10-04T03:23:09.108513+00:00,7-1/5-2-6/3-4,published,競輪毎日,楽天Kドリームス 並び予想
7320231225020004,2023-12-26,小松島競輪,F1,A1/A2,4,Ａ級準決勝,12:06,12:01,7,https://keirin.kdreams.jp/komatsushima/racedetail/7320231225020004/?pageType=result,2026-10-04T03:23:11.259633+00:00,4-1-7/5-2/6-3,published,競輪毎日,楽天Kドリームス 並び予想
7320231225020005,2023-12-26,小松島競輪,F1,A1/A2,5,Ａ級準決勝,12:36,12:31,7,https://keirin.kdreams.jp/komatsushima/racedetail/7320231225020005/?pageType=result,2026-10-04T03:23:13.374208+00:00,3-5-4-6/7-1-2,published,競輪毎日,楽天Kドリームス 並び予想
3420231226010003,2023-12-26,川崎競輪,F2,A1/A2,3,Ａ級予選,21:30,21:25,7,https://keirin.kdreams.jp/kawasaki/racedetail/3420231226010003/?pageType=result,2026-10-04T03:24:02.511248+00:00,1-5/2-3-6/7-4,published,小田競・サイクル,楽天Kドリームス 並び予想
3420231226010004,2023-12-26,川崎競輪,F2,A1/A2,4,Ａ級予選,21:50,21:45,7,https://keirin.kdreams.jp/kawasaki/racedetail/3420231226010004/?pageType=result,2026-10-04T03:24:05.307253+00:00,1-2-5/4-3-7/6,published,小田競・サイクル,楽天Kドリームス 並び予想
3420231226010005,2023-12-26,川崎競輪,F2,A1/A2,5,Ａ級予選,22:10,22:05,7,https://keirin.kdreams.jp/kawasaki/racedetail/3420231226010005/?pageType=result,2026-10-04T03:24:07.856777+00:00,1-4-5/3-2/7-6,published,小田競・サイクル,楽天Kドリームス 並び予想
3420231226010006,2023-12-26,川崎競輪,F2,A1/A2,6,Ａ級予選,22:30,22:25,7,https://keirin.kdreams.jp/kawasaki/racedetail/3420231226010006/?pageType=result,2026-10-04T03:24:10.522249+00:00,1-2-7/4-3/6-5,published,小田競・サイクル,楽天Kドリームス 並び予想
3420231226010007,2023-12-26,川崎競輪,F2,A1/A2,7,Ａ級予選,22:50,22:45,7,https://keirin.kdreams.jp/kawasaki/racedetail/3420231226010007/?pageType=result,2026-10-04T03:24:12.707617+00:00,1-3/2-4-7/6-5,published,小田競・サイクル,楽天Kドリームス 並び予想
3420231226010008,2023-12-26,川崎競輪,F2,A1/A2,8,Ａ級予選,23:10,23:05,7,https://keirin.kdreams.jp/kawasaki/racedetail/3420231226010008/?pageType=result,2026-10-04T03:24:14.940448+00:00,1-2/3-6/5-4-7,published,小田競・サイクル,楽天Kドリームス 並び予想
3420231226010009,2023-12-26,川崎競輪,F2,A1/A2,9,Ａ級初日特選,23:30,23:25,7,https://keirin.kdreams.jp/kawasaki/racedetail/3420231226010009/?pageType=result,2026-10-04T03:24:17.191827+00:00,1-4-7/3-2/6-5,published,小田競・サイクル,楽天Kドリームス 並び予想
7520231226010005,2023-12-26,松山競輪,F2,A1/A2,5,Ａ級特予選,22:00,21:55,7,https://keirin.kdreams.jp/matsuyama/racedetail/7520231226010005/?pageType=result,2026-10-04T03:25:28.022297+00:00,2-1/5-3/4-6-7,published,金星社,楽天Kドリームス 並び予想
7520231226010006,2023-12-26,松山競輪,F2,A1/A2,6,Ａ級特予選,22:20,22:15,7,https://keirin.kdreams.jp/matsuyama/racedetail/7520231226010006/?pageType=result,2026-10-04T03:25:30.695654+00:00,2-1-7/3-6/5-4,published,金星社,楽天Kドリームス 並び予想
7520231226010007,2023-12-26,松山競輪,F2,A1/A2,7,Ａ級特予選,22:40,22:35,7,https://keirin.kdreams.jp/matsuyama/racedetail/7520231226010007/?pageType=result,2026-10-04T03:25:33.059165+00:00,1-4-5/7/3-2-6,published,金星社,楽天Kドリームス 並び予想
7520231226010008,2023-12-26,松山競輪,F2,A1/A2,8,Ａ級特予選,23:00,22:55,7,https://keirin.kdreams.jp/matsuyama/racedetail/7520231226010008/?pageType=result,2026-10-04T03:25:35.203733+00:00,1-3-4/7-2/5-6,published,金星社,楽天Kドリームス 並び予想
7520231226010009,2023-12-26,松山競輪,F2,A1/A2,9,Ａ級初日特選,23:20,23:15,7,https://keirin.kdreams.jp/matsuyama/racedetail/7520231226010009/?pageType=result,2026-10-04T03:25:37.428097+00:00,1-4/2-3-6/5-7,published,金星社,楽天Kドリームス 並び予想
3120231226010001,2023-12-26,松戸競輪,F1,A1/A2,1,Ａ級予選,15:28,15:23,7,https://keirin.kdreams.jp/matsudo/racedetail/3120231226010001/?pageType=result,2026-10-04T03:24:52.962987+00:00,1-5-4/6/7-2-3,published,アオケイ,楽天Kドリームス 並び予想
3120231226010002,2023-12-26,松戸競輪,F1,A1/A2,2,Ａ級予選,15:52,15:47,7,https://keirin.kdreams.jp/matsudo/racedetail/3120231226010002/?pageType=result,2026-10-04T03:24:55.273966+00:00,4-1/5-7-2/3-6,published,アオケイ,楽天Kドリームス 並び予想
3120231226010003,2023-12-26,松戸競輪,F1,A1/A2,3,Ａ級予選,16:16,16:11,7,https://keirin.kdreams.jp/matsudo/racedetail/3120231226010003/?pageType=result,2026-10-04T03:24:57.390706+00:00,1-7-5/3-4/6-2,published,アオケイ,楽天Kドリームス 並び予想
3120231226010004,2023-12-26,松戸競輪,F1,A1/A2,4,Ａ級予選,16:41,16:36,7,https://keirin.kdreams.jp/matsudo/racedetail/3120231226010004/?pageType=result,2026-10-04T03:24:59.537486+00:00,5-1-7/2-4/6-3,published,アオケイ,楽天Kドリームス 並び予想
3120231226010005,2023-12-26,松戸競輪,F1,A1/A2,5,Ａ級初日特選,17:06,17:01,7,https://keirin.kdreams.jp/matsudo/racedetail/3120231226010005/?pageType=result,2026-10-04T03:25:01.955591+00:00,2-7-6/3/4-1-5,published,アオケイ,楽天Kドリームス 並び予想
7120231225020008,2023-12-26,高松競輪,F2,A1/A2,8,Ａ級特一般,11:12,11:07,7,https://keirin.kdreams.jp/takamatsu/racedetail/7120231225020008/?pageType=result,2026-10-04T03:23:39.359217+00:00,3-4-1/6/7-2-5,published,競輪毎日,楽天Kドリームス 並び予想
7120231225020009,2023-12-26,高松競輪,F2,A1/A2,9,Ａ級特一般,11:34,11:29,7,https://keirin.kdreams.jp/takamatsu/racedetail/7120231225020009/?pageType=result,2026-10-04T03:23:41.609945+00:00,1-7-6/2-5/3-4,published,競輪毎日,楽天Kドリームス 並び予想
7120231225020010,2023-12-26,高松競輪,F2,A1/A2,10,Ａ級準決勝,11:59,11:54,7,https://keirin.kdreams.jp/takamatsu/racedetail/7120231225020010/?pageType=result,2026-10-04T03:23:43.891454+00:00,4-1/2-5-6/7-3,published,競輪毎日,楽天Kドリームス 並び予想
7120231225020011,2023-12-26,高松競輪,F2,A1/A2,11,Ａ級準決勝,12:26,12:21,7,https://keirin.kdreams.jp/takamatsu/racedetail/7120231225020011/?pageType=result,2026-10-04T03:23:46.108487+00:00,1-7/2-5-4/3/6,published,競輪毎日,楽天Kドリームス 並び予想
7120231225020012,2023-12-26,高松競輪,F2,A1/A2,12,Ａ級準決勝,12:57,12:52,7,https://keirin.kdreams.jp/takamatsu/racedetail/7120231225020012/?pageType=result,2026-10-04T03:23:48.465608+00:00,1-5-4/6/2-3-7,published,競輪毎日,楽天Kドリームス 並び予想
7320231225030001,2023-12-27,小松島競輪,F1,A1/A2,1,Ａ級一般,10:40,10:35,7,https://keirin.kdreams.jp/komatsushima/racedetail/7320231225030001/?pageType=result,2026-10-04T03:23:15.686436+00:00,5-2/1-6/3/4-7,published,競輪毎日,楽天Kドリームス 並び予想
7320231225030002,2023-12-27,小松島競輪,F1,A1/A2,2,Ａ級一般,11:08,11:03,7,https://keirin.kdreams.jp/komatsushima/racedetail/7320231225030002/?pageType=result,2026-10-04T03:23:17.932439+00:00,5-2/1-7/4-6/3,published,競輪毎日,楽天Kドリームス 並び予想
7320231225030003,2023-12-27,小松島競輪,F1,A1/A2,3,Ａ級特選,11:36,11:31,7,https://keirin.kdreams.jp/komatsushima/racedetail/7320231225030003/?pageType=result,2026-10-04T03:23:20.248213+00:00,2-5/4-3/6-7-1,published,競輪毎日,楽天Kドリームス 並び予想
7320231225030004,2023-12-27,小松島競輪,F1,A1/A2,4,Ａ級特選,12:06,12:01,7,https://keirin.kdreams.jp/komatsushima/racedetail/7320231225030004/?pageType=result,2026-10-04T03:23:22.821423+00:00,1-5-6/4-3/7-2,published,競輪毎日,楽天Kドリームス 並び予想
7320231225030011,2023-12-27,小松島競輪,F1,A1/A2,11,Ａ級決勝,15:50,15:45,7,https://keirin.kdreams.jp/komatsushima/racedetail/7320231225030011/?pageType=result,2026-10-04T03:23:24.808121+00:00,2-4-6/1-5/3-7,published,競輪毎日,楽天Kドリームス 並び予想
3420231226020003,2023-12-27,川崎競輪,F2,A1/A2,3,Ａ級一般,21:30,21:25,7,https://keirin.kdreams.jp/kawasaki/racedetail/3420231226020003/?pageType=result,2026-10-04T03:24:20.174587+00:00,1-4-6/2-7/5-3,published,小田競・サイクル,楽天Kドリームス 並び予想
3420231226020004,2023-12-27,川崎競輪,F2,A1/A2,4,Ａ級一般,21:50,21:45,7,https://keirin.kdreams.jp/kawasaki/racedetail/3420231226020004/?pageType=result,2026-10-04T03:24:22.286811+00:00,1-5/2-3-6/4-7,published,小田競・サイクル,楽天Kドリームス 並び予想
3420231226020005,2023-12-27,川崎競輪,F2,A1/A2,5,Ａ級選抜,22:10,22:05,7,https://keirin.kdreams.jp/kawasaki/racedetail/3420231226020005/?pageType=result,2026-10-04T03:24:24.283010+00:00,1-3/5-2/6-4/7,published,小田競・サイクル,楽天Kドリームス 並び予想
3420231226020006,2023-12-27,川崎競輪,F2,A1/A2,6,Ａ級選抜,22:30,22:25,7,https://keirin.kdreams.jp/kawasaki/racedetail/3420231226020006/?pageType=result,2026-10-04T03:24:26.863778+00:00,1-3-4/6/2-5-7,published,小田競・サイクル,楽天Kドリームス 並び予想
3420231226020007,2023-12-27,川崎競輪,F2,A1/A2,7,Ａ級準決勝,22:50,22:45,7,https://keirin.kdreams.jp/kawasaki/racedetail/3420231226020007/?pageType=result,2026-10-04T03:24:29.088825+00:00,1-5/2-3/4/6/7,published,小田競・サイクル,楽天Kドリームス 並び予想
3420231226020008,2023-12-27,川崎競輪,F2,A1/A2,8,Ａ級準決勝,23:10,23:05,7,https://keirin.kdreams.jp/kawasaki/racedetail/3420231226020008/?pageType=result,2026-10-04T03:24:31.493321+00:00,2-3-6/4-1/5-7,published,小田競・サイクル,楽天Kドリームス 並び予想
3420231226020009,2023-12-27,川崎競輪,F2,A1/A2,9,Ａ級準決勝,23:30,23:25,7,https://keirin.kdreams.jp/kawasaki/racedetail/3420231226020009/?pageType=result,2026-10-04T03:24:33.589964+00:00,1-5-6/7/3-2-4,published,小田競・サイクル,楽天Kドリームス 並び予想
7520231226020005,2023-12-27,松山競輪,F2,A1/A2,5,Ａ級特一般,22:00,21:55,7,https://keirin.kdreams.jp/matsuyama/racedetail/7520231226020005/?pageType=result,2026-10-04T03:25:39.594135+00:00,6-1-7/2-5/3-4,published,金星社,楽天Kドリームス 並び予想
7520231226020006,2023-12-27,松山競輪,F2,A1/A2,6,Ａ級特一般,22:20,22:15,7,https://keirin.kdreams.jp/matsuyama/racedetail/7520231226020006/?pageType=result,2026-10-04T03:25:42.138999+00:00,1-4/2-6-3/5/7,published,金星社,楽天Kドリームス 並び予想
7520231226020007,2023-12-27,松山競輪,F2,A1/A2,7,Ａ級準決勝,22:40,22:35,7,https://keirin.kdreams.jp/matsuyama/racedetail/7520231226020007/?pageType=result,2026-10-04T03:25:44.663888+00:00,3-1-7/2-4/6-5,published,金星社,楽天Kドリームス 並び予想
7520231226020008,2023-12-27,松山競輪,F2,A1/A2,8,Ａ級準決勝,23:00,22:55,7,https://keirin.kdreams.jp/matsuyama/racedetail/7520231226020008/?pageType=result,2026-10-04T03:25:46.934079+00:00,1-3-5/4-2/6/7,published,金星社,楽天Kドリームス 並び予想
7520231226020009,2023-12-27,松山競輪,F2,A1/A2,9,Ａ級準決勝,23:20,23:15,7,https://keirin.kdreams.jp/matsuyama/racedetail/7520231226020009/?pageType=result,2026-10-04T03:25:48.955198+00:00,1-6-7/2-3/4-5,published,金星社,楽天Kドリームス 並び予想
3120231226020001,2023-12-27,松戸競輪,F1,A1/A2,1,Ａ級一般,15:52,15:47,7,https://keirin.kdreams.jp/matsudo/racedetail/3120231226020001/?pageType=result,2026-10-04T03:25:04.751516+00:00,3-1-4-6/7-2-5,published,アオケイ,楽天Kドリームス 並び予想
3120231226020002,2023-12-27,松戸競輪,F1,A1/A2,2,Ａ級一般,16:16,16:11,7,https://keirin.kdreams.jp/matsudo/racedetail/3120231226020002/?pageType=result,2026-10-04T03:25:07.041540+00:00,6-1/2-5/7-3-4,published,アオケイ,楽天Kドリームス 並び予想
3120231226020003,2023-12-27,松戸競輪,F1,A1/A2,3,Ａ級準決勝,16:41,16:36,7,https://keirin.kdreams.jp/matsudo/racedetail/3120231226020003/?pageType=result,2026-10-04T03:25:09.682388+00:00,1-5-4/2-7/6-3,published,アオケイ,楽天Kドリームス 並び予想
3120231226020004,2023-12-27,松戸競輪,F1,A1/A2,4,Ａ級準決勝,17:06,17:01,7,https://keirin.kdreams.jp/matsudo/racedetail/3120231226020004/?pageType=result,2026-10-04T03:25:12.051835+00:00,1-4-6/7-2-3-5,published,アオケイ,楽天Kドリームス 並び予想
3120231226020005,2023-12-27,松戸競輪,F1,A1/A2,5,Ａ級準決勝,17:31,17:26,7,https://keirin.kdreams.jp/matsudo/racedetail/3120231226020005/?pageType=result,2026-10-04T03:25:14.277917+00:00,1-5-4/7-2/6-3,published,アオケイ,楽天Kドリームス 並び予想
7120231225030006,2023-12-27,高松競輪,F2,A1/A2,6,Ａ級特一般,10:30,10:25,5,https://keirin.kdreams.jp/takamatsu/racedetail/7120231225030006/?pageType=result,2026-10-04T03:23:50.642432+00:00,3-2-1/4-5,published,競輪毎日,楽天Kドリームス 並び予想
7120231225030007,2023-12-27,高松競輪,F2,A1/A2,7,Ａ級特一般,10:50,10:45,6,https://keirin.kdreams.jp/takamatsu/racedetail/7120231225030007/?pageType=result,2026-10-04T03:23:52.798887+00:00,1-6/3/2-4-5,published,競輪毎日,楽天Kドリームス 並び予想
7120231225030008,2023-12-27,高松競輪,F2,A1/A2,8,Ａ級特選,11:12,11:07,7,https://keirin.kdreams.jp/takamatsu/racedetail/7120231225030008/?pageType=result,2026-10-04T03:23:55.465081+00:00,6-1-4/5-2/3-7,published,競輪毎日,楽天Kドリームス 並び予想
7120231225030009,2023-12-27,高松競輪,F2,A1/A2,9,Ａ級特選,11:34,11:29,7,https://keirin.kdreams.jp/takamatsu/racedetail/7120231225030009/?pageType=result,2026-10-04T03:23:58.012422+00:00,3-1-5-6/7-2-4,published,競輪毎日,楽天Kドリームス 並び予想
7120231225030012,2023-12-27,高松競輪,F2,A1/A2,12,Ａ級決勝,12:57,12:52,7,https://keirin.kdreams.jp/takamatsu/racedetail/7120231225030012/?pageType=result,2026-10-04T03:24:00.185591+00:00,5-1-7-6/2/3-4,published,競輪毎日,楽天Kドリームス 並び予想
8620231228010001,2023-12-28,別府競輪,F2,A1/A2,1,Ａ級予選,08:50,08:45,7,https://keirin.kdreams.jp/beppu/racedetail/8620231228010001/?pageType=result,2026-10-04T03:26:02.384262+00:00,1-4-7/2/5-3-6,published,ダービー,楽天Kドリームス 並び予想
8620231228010002,2023-12-28,別府競輪,F2,A1/A2,2,Ａ級予選,09:10,09:05,7,https://keirin.kdreams.jp/beppu/racedetail/8620231228010002/?pageType=result,2026-10-04T03:26:04.083096+00:00,7-2/5-6-1/3-4,published,ダービー,楽天Kドリームス 並び予想
8620231228010003,2023-12-28,別府競輪,F2,A1/A2,3,Ａ級予選,09:30,09:25,7,https://keirin.kdreams.jp/beppu/racedetail/8620231228010003/?pageType=result,2026-10-04T03:26:06.261937+00:00,5-1-6/4-2/3-7,published,ダービー,楽天Kドリームス 並び予想
8620231228010004,2023-12-28,別府競輪,F2,A1/A2,4,Ａ級予選,09:50,09:45,7,https://keirin.kdreams.jp/beppu/racedetail/8620231228010004/?pageType=result,2026-10-04T03:26:09.081530+00:00,1-4/2-7/3-5-6,published,ダービー,楽天Kドリームス 並び予想
8620231228010005,2023-12-28,別府競輪,F2,A1/A2,5,Ａ級予選,10:10,10:05,7,https://keirin.kdreams.jp/beppu/racedetail/8620231228010005/?pageType=result,2026-10-04T03:26:11.418861+00:00,1-7-4/5/3/6-2,published,ダービー,楽天Kドリームス 並び予想
8620231228010006,2023-12-28,別府競輪,F2,A1/A2,6,Ａ級予選,10:30,10:25,7,https://keirin.kdreams.jp/beppu/racedetail/8620231228010006/?pageType=result,2026-10-04T03:26:13.657272+00:00,5-1-3/7-2/4-6,published,ダービー,楽天Kドリームス 並び予想
8620231228010007,2023-12-28,別府競輪,F2,A1/A2,7,Ａ級初日特選,10:50,10:45,7,https://keirin.kdreams.jp/beppu/racedetail/8620231228010007/?pageType=result,2026-10-04T03:26:16.643074+00:00,4-1-7/2-5/6-3,published,ダービー,楽天Kドリームス 並び予想
3420231226030002,2023-12-28,川崎競輪,F2,A1/A2,2,Ａ級一般,21:10,21:05,7,https://keirin.kdreams.jp/kawasaki/racedetail/3420231226030002/?pageType=result,2026-10-04T03:24:36.073503+00:00,5-1/4/6/3-2-7,published,小田競・サイクル,楽天Kドリームス 並び予想
3420231226030003,2023-12-28,川崎競輪,F2,A1/A2,3,Ａ級一般,21:30,21:25,7,https://keirin.kdreams.jp/kawasaki/racedetail/3420231226030003/?pageType=result,2026-10-04T03:24:38.188738+00:00,4-1-7/2-6/5-3,published,小田競・サイクル,楽天Kドリームス 並び予想
3420231226030004,2023-12-28,川崎競輪,F2,A1/A2,4,Ａ級一般,21:50,21:45,7,https://keirin.kdreams.jp/kawasaki/racedetail/3420231226030004/?pageType=result,2026-10-04T03:24:40.626514+00:00,1-5/4/7/3-2-6,published,小田競・サイクル,楽天Kドリームス 並び予想
3420231226030005,2023-12-28,川崎競輪,F2,A1/A2,5,Ａ級特選,22:10,22:05,7,https://keirin.kdreams.jp/kawasaki/racedetail/3420231226030005/?pageType=result,2026-10-04T03:24:42.739034+00:00,1-4/2-3-6/5/7,published,小田競・サイクル,楽天Kドリームス 並び予想
3420231226030006,2023-12-28,川崎競輪,F2,A1/A2,6,Ａ級特選,22:30,22:25,7,https://keirin.kdreams.jp/kawasaki/racedetail/3420231226030006/?pageType=result,2026-10-04T03:24:45.226210+00:00,2-1-4-6/7/5-3,published,小田競・サイクル,楽天Kドリームス 並び予想
3420231226030007,2023-12-28,川崎競輪,F2,A1/A2,7,Ａ級特選,22:50,22:45,7,https://keirin.kdreams.jp/kawasaki/racedetail/3420231226030007/?pageType=result,2026-10-04T03:24:48.166265+00:00,1-2/4-7/5-3-6,published,小田競・サイクル,楽天Kドリームス 並び予想
3420231226030009,2023-12-28,川崎競輪,F2,A1/A2,9,Ａ級決勝,23:30,23:25,7,https://keirin.kdreams.jp/kawasaki/racedetail/3420231226030009/?pageType=result,2026-10-04T03:24:50.707172+00:00,2-6/1/3-7/5-4,published,小田競・サイクル,楽天Kドリームス 並び予想
7520231226030004,2023-12-28,松山競輪,F2,A1/A2,4,Ａ級特一般,21:40,21:35,7,https://keirin.kdreams.jp/matsuyama/racedetail/7520231226030004/?pageType=result,2026-10-04T03:25:51.236378+00:00,7-1-4-6/2-3-5,published,金星社,楽天Kドリームス 並び予想
7520231226030005,2023-12-28,松山競輪,F2,A1/A2,5,Ａ級特一般,22:00,21:55,7,https://keirin.kdreams.jp/matsuyama/racedetail/7520231226030005/?pageType=result,2026-10-04T03:25:53.848409+00:00,2-1-7-3/4-5/6,published,金星社,楽天Kドリームス 並び予想
7520231226030006,2023-12-28,松山競輪,F2,A1/A2,6,Ａ級特選,22:20,22:15,7,https://keirin.kdreams.jp/matsuyama/racedetail/7520231226030006/?pageType=result,2026-10-04T03:25:56.155917+00:00,3-1/5-2-7/6-4,published,金星社,楽天Kドリームス 並び予想
7520231226030007,2023-12-28,松山競輪,F2,A1/A2,7,Ａ級特選,22:40,22:35,7,https://keirin.kdreams.jp/matsuyama/racedetail/7520231226030007/?pageType=result,2026-10-04T03:25:58.305542+00:00,1-2/3/4-6/5-7,published,金星社,楽天Kドリームス 並び予想
7520231226030009,2023-12-28,松山競輪,F2,A1/A2,9,Ａ級決勝,23:20,23:15,7,https://keirin.kdreams.jp/matsuyama/racedetail/7520231226030009/?pageType=result,2026-10-04T03:26:00.381382+00:00,1-4/2-6-3/7-5,published,金星社,楽天Kドリームス 並び予想
3120231226030001,2023-12-28,松戸競輪,F1,A1/A2,1,Ａ級一般,15:52,15:47,7,https://keirin.kdreams.jp/matsudo/racedetail/3120231226030001/?pageType=result,2026-10-04T03:25:16.494940+00:00,1-4/2-5-6/7-3,published,アオケイ,楽天Kドリームス 並び予想
3120231226030002,2023-12-28,松戸競輪,F1,A1/A2,2,Ａ級一般,16:16,16:11,7,https://keirin.kdreams.jp/matsudo/racedetail/3120231226030002/?pageType=result,2026-10-04T03:25:18.804862+00:00,4-1-5/7-2/6-3,published,アオケイ,楽天Kドリームス 並び予想
3120231226030003,2023-12-28,松戸競輪,F1,A1/A2,3,Ａ級特選,16:42,16:37,7,https://keirin.kdreams.jp/matsudo/racedetail/3120231226030003/?pageType=result,2026-10-04T03:25:21.096006+00:00,7-1-4/2-6/5-3,published,アオケイ,楽天Kドリームス 並び予想
3120231226030004,2023-12-28,松戸競輪,F1,A1/A2,4,Ａ級特選,17:08,17:03,7,https://keirin.kdreams.jp/matsudo/racedetail/3120231226030004/?pageType=result,2026-10-04T03:25:23.354461+00:00,6-1-4-2/3-7-5,published,アオケイ,楽天Kドリームス 並び予想
3120231226030010,2023-12-28,松戸競輪,F1,A1/A2,10,Ａ級決勝,20:00,19:55,7,https://keirin.kdreams.jp/matsudo/racedetail/3120231226030010/?pageType=result,2026-10-04T03:25:25.837206+00:00,4-7-2-1/5-3-6,published,アオケイ,楽天Kドリームス 並び予想
4720231228010008,2023-12-28,松阪競輪,F2,A1/A2,8,Ａ級特予選,18:50,18:45,7,https://keirin.kdreams.jp/matsusaka/racedetail/4720231228010008/?pageType=result,2026-10-04T03:26:50.820720+00:00,2-7-5/6/4-3-1,published,中部競輪,楽天Kドリームス 並び予想
4720231228010009,2023-12-28,松阪競輪,F2,A1/A2,9,Ａ級特予選,19:14,19:09,7,https://keirin.kdreams.jp/matsusaka/racedetail/4720231228010009/?pageType=result,2026-10-04T03:26:52.957686+00:00,7-2/4-3/5-1-6,published,中部競輪,楽天Kドリームス 並び予想
4720231228010010,2023-12-28,松阪競輪,F2,A1/A2,10,Ａ級特予選,19:38,19:33,7,https://keirin.kdreams.jp/matsusaka/racedetail/4720231228010010/?pageType=result,2026-10-04T03:26:55.122549+00:00,3-5-2/6/1-4-7,published,中部競輪,楽天Kドリームス 並び予想
4720231228010011,2023-12-28,松阪競輪,F2,A1/A2,11,Ａ級特予選,20:02,19:57,7,https://keirin.kdreams.jp/matsusaka/racedetail/4720231228010011/?pageType=result,2026-10-04T03:26:57.298235+00:00,4-1-7/2-5/6-3,published,中部競輪,楽天Kドリームス 並び予想
4720231228010012,2023-12-28,松阪競輪,F2,A1/A2,12,Ａ級初日特選,20:26,20:21,7,https://keirin.kdreams.jp/matsusaka/racedetail/4720231228010012/?pageType=result,2026-10-04T03:26:59.677800+00:00,6-3/1/5-2-7/4,published,中部競輪,楽天Kドリームス 並び予想
1320231229010001,2023-12-29,いわき平競輪,F1,A1/A2,1,Ａ級予選,15:28,15:23,7,https://keirin.kdreams.jp/iwakitaira/racedetail/1320231229010001/?pageType=result,2026-10-04T03:27:24.916279+00:00,1-7/3-4/2-5-6,published,アオケイ,楽天Kドリームス 並び予想
1320231229010002,2023-12-29,いわき平競輪,F1,A1/A2,2,Ａ級予選,15:53,15:48,7,https://keirin.kdreams.jp/iwakitaira/racedetail/1320231229010002/?pageType=result,2026-10-04T03:27:27.276145+00:00,1-4-5/7-3-2/6,published,アオケイ,楽天Kドリームス 並び予想
1320231229010003,2023-12-29,いわき平競輪,F1,A1/A2,3,Ａ級予選,16:19,16:14,7,https://keirin.kdreams.jp/iwakitaira/racedetail/1320231229010003/?pageType=result,2026-10-04T03:27:29.618010+00:00,1-7/2/3-4-6/5,published,アオケイ,楽天Kドリームス 並び予想
1320231229010004,2023-12-29,いわき平競輪,F1,A1/A2,4,Ａ級予選,16:45,16:40,7,https://keirin.kdreams.jp/iwakitaira/racedetail/1320231229010004/?pageType=result,2026-10-04T03:27:32.027404+00:00,2-4/6-1/7-3/5,published,アオケイ,楽天Kドリームス 並び予想
1320231229010005,2023-12-29,いわき平競輪,F1,A1/A2,5,Ａ級初日特選,17:11,17:06,7,https://keirin.kdreams.jp/iwakitaira/racedetail/1320231229010005/?pageType=result,2026-10-04T03:27:34.411003+00:00,1-4/2-7/3-5/6,published,アオケイ,楽天Kドリームス 並び予想
8620231228020001,2023-12-29,別府競輪,F2,A1/A2,1,Ａ級一般,08:50,08:45,6,https://keirin.kdreams.jp/beppu/racedetail/8620231228020001/?pageType=result,2026-10-04T03:26:18.961445+00:00,3-1-6/4-5-2,published,ダービー,楽天Kドリームス 並び予想
8620231228020002,2023-12-29,別府競輪,F2,A1/A2,2,Ａ級一般,09:10,09:05,7,https://keirin.kdreams.jp/beppu/racedetail/8620231228020002/?pageType=result,2026-10-04T03:26:21.175113+00:00,1-7-3/6/2-5-4,published,ダービー,楽天Kドリームス 並び予想
8620231228020003,2023-12-29,別府競輪,F2,A1/A2,3,Ａ級選抜,09:30,09:25,7,https://keirin.kdreams.jp/beppu/racedetail/8620231228020003/?pageType=result,2026-10-04T03:26:24.026458+00:00,5-2/1/4/7-3/6,published,ダービー,楽天Kドリームス 並び予想
8620231228020004,2023-12-29,別府競輪,F2,A1/A2,4,Ａ級選抜,09:50,09:45,7,https://keirin.kdreams.jp/beppu/racedetail/8620231228020004/?pageType=result,2026-10-04T03:26:26.361245+00:00,1-4-3/6/2-5-7,published,ダービー,楽天Kドリームス 並び予想
8620231228020005,2023-12-29,別府競輪,F2,A1/A2,5,Ａ級準決勝,10:10,10:05,7,https://keirin.kdreams.jp/beppu/racedetail/8620231228020005/?pageType=result,2026-10-04T03:26:28.654415+00:00,5-1-4/2-7/3-6,published,ダービー,楽天Kドリームス 並び予想
8620231228020006,2023-12-29,別府競輪,F2,A1/A2,6,Ａ級準決勝,10:30,10:25,7,https://keirin.kdreams.jp/beppu/racedetail/8620231228020006/?pageType=result,2026-10-04T03:26:30.911233+00:00,1-5/2-7/6-4-3,published,ダービー,楽天Kドリームス 並び予想
8620231228020007,2023-12-29,別府競輪,F2,A1/A2,7,Ａ級準決勝,10:50,10:45,7,https://keirin.kdreams.jp/beppu/racedetail/8620231228020007/?pageType=result,2026-10-04T03:26:32.981796+00:00,1-7-3/2-5/4-6,published,ダービー,楽天Kドリームス 並び予想
5420231229010005,2023-12-29,向日町競輪,F2,A1/A2,5,Ａ級特予選,22:10,22:05,7,https://keirin.kdreams.jp/mukomachi/racedetail/5420231229010005/?pageType=result,2026-10-04T03:28:51.738206+00:00,1-2/4-3/5-6-7,published,競輪研究,楽天Kドリームス 並び予想
5420231229010006,2023-12-29,向日町競輪,F2,A1/A2,6,Ａ級特予選,22:30,22:25,7,https://keirin.kdreams.jp/mukomachi/racedetail/5420231229010006/?pageType=result,2026-10-04T03:28:53.828923+00:00,1-6/5/4-2/7-3,published,競輪研究,楽天Kドリームス 並び予想
5420231229010007,2023-12-29,向日町競輪,F2,A1/A2,7,Ａ級特予選,22:50,22:45,7,https://keirin.kdreams.jp/mukomachi/racedetail/5420231229010007/?pageType=result,2026-10-04T03:28:55.899096+00:00,1-2/6-3/7-4/5,published,競輪研究,楽天Kドリームス 並び予想
5420231229010008,2023-12-29,向日町競輪,F2,A1/A2,8,Ａ級特予選,23:10,23:05,7,https://keirin.kdreams.jp/mukomachi/racedetail/5420231229010008/?pageType=result,2026-10-04T03:28:58.463386+00:00,1-2-5/4-3/7-6,published,競輪研究,楽天Kドリームス 並び予想
5420231229010009,2023-12-29,向日町競輪,F2,A1/A2,9,Ａ級初日特選,23:30,23:25,7,https://keirin.kdreams.jp/mukomachi/racedetail/5420231229010009/?pageType=result,2026-10-04T03:29:01.548944+00:00,2-1/3-4/5-6/7,published,競輪研究,楽天Kドリームス 並び予想
8120231229010003,2023-12-29,小倉競輪,F2,A1/A2,3,Ａ級予選,21:20,21:15,7,https://keirin.kdreams.jp/kokura/racedetail/8120231229010003/?pageType=result,2026-10-04T03:28:00.452259+00:00,4-1/6-5/2-3-7,published,コンドル出版社,楽天Kドリームス 並び予想
8120231229010004,2023-12-29,小倉競輪,F2,A1/A2,4,Ａ級予選,21:40,21:35,7,https://keirin.kdreams.jp/kokura/racedetail/8120231229010004/?pageType=result,2026-10-04T03:28:02.812961+00:00,2-1-7/4-3-6/5,published,コンドル出版社,楽天Kドリームス 並び予想
8120231229010005,2023-12-29,小倉競輪,F2,A1/A2,5,Ａ級予選,22:00,21:55,7,https://keirin.kdreams.jp/kokura/racedetail/8120231229010005/?pageType=result,2026-10-04T03:28:04.983368+00:00,1-3/4-2-7/6-5,published,コンドル出版社,楽天Kドリームス 並び予想
8120231229010006,2023-12-29,小倉競輪,F2,A1/A2,6,Ａ級予選,22:20,22:15,7,https://keirin.kdreams.jp/kokura/racedetail/8120231229010006/?pageType=result,2026-10-04T03:28:07.105155+00:00,2-1-6/4-3/5-7,published,コンドル出版社,楽天Kドリームス 並び予想
8120231229010007,2023-12-29,小倉競輪,F2,A1/A2,7,Ａ級予選,22:40,22:35,7,https://keirin.kdreams.jp/kokura/racedetail/8120231229010007/?pageType=result,2026-10-04T03:28:09.310621+00:00,2-1-5/3-4/6-7,published,コンドル出版社,楽天Kドリームス 並び予想
8120231229010008,2023-12-29,小倉競輪,F2,A1/A2,8,Ａ級予選,23:00,22:55,7,https://keirin.kdreams.jp/kokura/racedetail/8120231229010008/?pageType=result,2026-10-04T03:28:12.177541+00:00,2-1-7/3-4/6-5,published,コンドル出版社,楽天Kドリームス 並び予想
8120231229010009,2023-12-29,小倉競輪,F2,A1/A2,9,Ａ級初日特選,23:20,23:15,7,https://keirin.kdreams.jp/kokura/racedetail/8120231229010009/?pageType=result,2026-10-04T03:28:14.236401+00:00,3-1-4/6-2/7-5,published,コンドル出版社,楽天Kドリームス 並び予想
4720231228020008,2023-12-29,松阪競輪,F2,A1/A2,8,Ａ級特一般,18:50,18:45,7,https://keirin.kdreams.jp/matsusaka/racedetail/4720231228020008/?pageType=result,2026-10-04T03:27:02.000926+00:00,1-5/2/4/3-7-6,published,中部競輪,楽天Kドリームス 並び予想
4720231228020009,2023-12-29,松阪競輪,F2,A1/A2,9,Ａ級特一般,19:14,19:09,7,https://keirin.kdreams.jp/matsusaka/racedetail/4720231228020009/?pageType=result,2026-10-04T03:27:04.530709+00:00,5-3-7-1/4-2/6,published,中部競輪,楽天Kドリームス 並び予想
4720231228020010,2023-12-29,松阪競輪,F2,A1/A2,10,Ａ級準決勝,19:38,19:33,7,https://keirin.kdreams.jp/matsusaka/racedetail/4720231228020010/?pageType=result,2026-10-04T03:27:06.771236+00:00,1-4/2-7/5-6-3,published,中部競輪,楽天Kドリームス 並び予想
4720231228020011,2023-12-29,松阪競輪,F2,A1/A2,11,Ａ級準決勝,20:02,19:57,7,https://keirin.kdreams.jp/matsusaka/racedetail/4720231228020011/?pageType=result,2026-10-04T03:27:08.933559+00:00,7-1/4-3-5/2-6,published,中部競輪,楽天Kドリームス 並び予想
4720231228020012,2023-12-29,松阪競輪,F2,A1/A2,12,Ａ級準決勝,20:26,20:21,7,https://keirin.kdreams.jp/matsusaka/racedetail/4720231228020012/?pageType=result,2026-10-04T03:27:11.130666+00:00,5-1/7-2/4-3-6,published,中部競輪,楽天Kドリームス 並び予想
1320231229020001,2023-12-30,いわき平競輪,F1,A1/A2,1,Ａ級一般,15:28,15:23,7,https://keirin.kdreams.jp/iwakitaira/racedetail/1320231229020001/?pageType=result,2026-10-04T03:27:36.566046+00:00,4-1-7/3/5/6-2,published,アオケイ,楽天Kドリームス 並び予想
1320231229020002,2023-12-30,いわき平競輪,F1,A1/A2,2,Ａ級一般,15:53,15:48,7,https://keirin.kdreams.jp/iwakitaira/racedetail/1320231229020002/?pageType=result,2026-10-04T03:27:39.259603+00:00,1-4-6/5-2/7-3,published,アオケイ,楽天Kドリームス 並び予想
1320231229020003,2023-12-30,いわき平競輪,F1,A1/A2,3,Ａ級準決勝,16:19,16:14,7,https://keirin.kdreams.jp/iwakitaira/racedetail/1320231229020003/?pageType=result,2026-10-04T03:27:41.919855+00:00,4-1/7-2/5-3-6,published,アオケイ,楽天Kドリームス 並び予想
1320231229020004,2023-12-30,いわき平競輪,F1,A1/A2,4,Ａ級準決勝,16:45,16:40,7,https://keirin.kdreams.jp/iwakitaira/racedetail/1320231229020004/?pageType=result,2026-10-04T03:27:44.374298+00:00,4-1-6/5-2/7-3,published,アオケイ,楽天Kドリームス 並び予想
1320231229020005,2023-12-30,いわき平競輪,F1,A1/A2,5,Ａ級準決勝,17:11,17:06,7,https://keirin.kdreams.jp/iwakitaira/racedetail/1320231229020005/?pageType=result,2026-10-04T03:27:46.740185+00:00,1-7-6/2/4-5-3,published,アオケイ,楽天Kドリームス 並び予想
8620231228030001,2023-12-30,別府競輪,F2,A1/A2,1,Ａ級一般,08:50,08:45,6,https://keirin.kdreams.jp/beppu/racedetail/8620231228030001/?pageType=result,2026-10-04T03:26:35.452091+00:00,6-2-4/1/5-3,published,ダービー,楽天Kドリームス 並び予想
8620231228030002,2023-12-30,別府競輪,F2,A1/A2,2,Ａ級一般,09:10,09:05,7,https://keirin.kdreams.jp/beppu/racedetail/8620231228030002/?pageType=result,2026-10-04T03:26:37.665613+00:00,4-1/7-2/3-5-6,published,ダービー,楽天Kドリームス 並び予想
8620231228030003,2023-12-30,別府競輪,F2,A1/A2,3,Ａ級一般,09:30,09:25,7,https://keirin.kdreams.jp/beppu/racedetail/8620231228030003/?pageType=result,2026-10-04T03:26:39.847028+00:00,3-5-1-7/4-2-6,published,ダービー,楽天Kドリームス 並び予想
8620231228030004,2023-12-30,別府競輪,F2,A1/A2,4,Ａ級特選,09:50,09:45,7,https://keirin.kdreams.jp/beppu/racedetail/8620231228030004/?pageType=result,2026-10-04T03:26:42.109462+00:00,1-4-5/3-2-7/6,published,ダービー,楽天Kドリームス 並び予想
8620231228030005,2023-12-30,別府競輪,F2,A1/A2,5,Ａ級特選,10:10,10:05,7,https://keirin.kdreams.jp/beppu/racedetail/8620231228030005/?pageType=result,2026-10-04T03:26:44.312863+00:00,6-1/5-2/3-7-4,published,ダービー,楽天Kドリームス 並び予想
8620231228030006,2023-12-30,別府競輪,F2,A1/A2,6,Ａ級特選,10:30,10:25,7,https://keirin.kdreams.jp/beppu/racedetail/8620231228030006/?pageType=result,2026-10-04T03:26:46.346753+00:00,1-3-7/2-6/5-4,published,ダービー,楽天Kドリームス 並び予想
8620231228030007,2023-12-30,別府競輪,F2,A1/A2,7,Ａ級決勝,10:50,10:45,7,https://keirin.kdreams.jp/beppu/racedetail/8620231228030007/?pageType=result,2026-10-04T03:26:48.748424+00:00,1-4/7-2-5/3-6,published,ダービー,楽天Kドリームス 並び予想
5420231229020003,2023-12-30,向日町競輪,F2,A1/A2,3,Ａ級特一般,21:30,21:25,7,https://keirin.kdreams.jp/mukomachi/racedetail/5420231229020003/?pageType=result,2026-10-04T03:29:03.858754+00:00,6-1/5/2-7/3-4,published,競輪研究,楽天Kドリームス 並び予想
5420231229020004,2023-12-30,向日町競輪,F2,A1/A2,4,Ａ級特一般,21:50,21:45,7,https://keirin.kdreams.jp/mukomachi/racedetail/5420231229020004/?pageType=result,2026-10-04T03:29:06.011946+00:00,1-3-2/4-5/6-7,published,競輪研究,楽天Kドリームス 並び予想
5420231229020007,2023-12-30,向日町競輪,F2,A1/A2,7,Ａ級準決勝,22:50,22:45,7,https://keirin.kdreams.jp/mukomachi/racedetail/5420231229020007/?pageType=result,2026-10-04T03:29:08.065997+00:00,1-3/7/2-5/6-4,published,競輪研究,楽天Kドリームス 並び予想
5420231229020008,2023-12-30,向日町競輪,F2,A1/A2,8,Ａ級準決勝,23:10,23:05,7,https://keirin.kdreams.jp/mukomachi/racedetail/5420231229020008/?pageType=result,2026-10-04T03:29:10.063736+00:00,2-1/3-4-6/5-7,published,競輪研究,楽天Kドリームス 並び予想
5420231229020009,2023-12-30,向日町競輪,F2,A1/A2,9,Ａ級準決勝,23:30,23:25,7,https://keirin.kdreams.jp/mukomachi/racedetail/5420231229020009/?pageType=result,2026-10-04T03:29:12.559487+00:00,1-5-4/7/3-2-6,published,競輪研究,楽天Kドリームス 並び予想
8120231229020003,2023-12-30,小倉競輪,F2,A1/A2,3,Ａ級一般,21:20,21:15,7,https://keirin.kdreams.jp/kokura/racedetail/8120231229020003/?pageType=result,2026-10-04T03:28:16.886472+00:00,1-3/4-2/6-5/7,published,コンドル出版社,楽天Kドリームス 並び予想
8120231229020004,2023-12-30,小倉競輪,F2,A1/A2,4,Ａ級一般,21:40,21:35,7,https://keirin.kdreams.jp/kokura/racedetail/8120231229020004/?pageType=result,2026-10-04T03:28:19.222853+00:00,2-1-5/3-6/4/7,published,コンドル出版社,楽天Kドリームス 並び予想
8120231229020005,2023-12-30,小倉競輪,F2,A1/A2,5,Ａ級選抜,22:00,21:55,7,https://keirin.kdreams.jp/kokura/racedetail/8120231229020005/?pageType=result,2026-10-04T03:28:22.561213+00:00,1-4/5-2-7/6-3,published,コンドル出版社,楽天Kドリームス 並び予想
8120231229020006,2023-12-30,小倉競輪,F2,A1/A2,6,Ａ級選抜,22:20,22:15,7,https://keirin.kdreams.jp/kokura/racedetail/8120231229020006/?pageType=result,2026-10-04T03:28:24.907102+00:00,4-1-5/2-7/3/6,published,コンドル出版社,楽天Kドリームス 並び予想
8120231229020007,2023-12-30,小倉競輪,F2,A1/A2,7,Ａ級準決勝,22:40,22:35,7,https://keirin.kdreams.jp/kokura/racedetail/8120231229020007/?pageType=result,2026-10-04T03:28:27.487414+00:00,4-2-1/5-3-7/6,published,コンドル出版社,楽天Kドリームス 並び予想
8120231229020008,2023-12-30,小倉競輪,F2,A1/A2,8,Ａ級準決勝,23:00,22:55,7,https://keirin.kdreams.jp/kokura/racedetail/8120231229020008/?pageType=result,2026-10-04T03:28:30.115015+00:00,2-1-4/5-3/7-6,published,コンドル出版社,楽天Kドリームス 並び予想
8120231229020009,2023-12-30,小倉競輪,F2,A1/A2,9,Ａ級準決勝,23:20,23:15,7,https://keirin.kdreams.jp/kokura/racedetail/8120231229020009/?pageType=result,2026-10-04T03:28:32.306372+00:00,1-5/2-3/7-4/6,published,コンドル出版社,楽天Kドリームス 並び予想
4720231228030007,2023-12-30,松阪競輪,F2,A1/A2,7,Ａ級特一般,18:31,18:26,7,https://keirin.kdreams.jp/matsusaka/racedetail/4720231228030007/?pageType=result,2026-10-04T03:27:13.247548+00:00,1-4-7/5-2/6-3,published,中部競輪,楽天Kドリームス 並び予想
4720231228030008,2023-12-30,松阪競輪,F2,A1/A2,8,Ａ級特一般,18:54,18:49,7,https://keirin.kdreams.jp/matsusaka/racedetail/4720231228030008/?pageType=result,2026-10-04T03:27:15.537576+00:00,1-5-3/6/7-2-4,published,中部競輪,楽天Kドリームス 並び予想
4720231228030009,2023-12-30,松阪競輪,F2,A1/A2,9,Ａ級特選,19:17,19:12,7,https://keirin.kdreams.jp/matsusaka/racedetail/4720231228030009/?pageType=result,2026-10-04T03:27:17.981121+00:00,5-1-6/4-3-2-7,published,中部競輪,楽天Kドリームス 並び予想
4720231228030010,2023-12-30,松阪競輪,F2,A1/A2,10,Ａ級特選,19:40,19:35,7,https://keirin.kdreams.jp/matsusaka/racedetail/4720231228030010/?pageType=result,2026-10-04T03:27:20.228260+00:00,1-5-6/2/3-7-4,published,中部競輪,楽天Kドリームス 並び予想
4720231228030012,2023-12-30,松阪競輪,F2,A1/A2,12,Ａ級決勝,20:30,20:25,7,https://keirin.kdreams.jp/matsusaka/racedetail/4720231228030012/?pageType=result,2026-10-04T03:27:22.291997+00:00,4-2/7-5/1/3-6,published,中部競輪,楽天Kドリームス 並び予想
1320231229030001,2023-12-31,いわき平競輪,F1,A1/A2,1,Ａ級一般,15:28,15:23,7,https://keirin.kdreams.jp/iwakitaira/racedetail/1320231229030001/?pageType=result,2026-10-04T03:27:49.106676+00:00,1-3-6/4/7-5-2,published,アオケイ,楽天Kドリームス 並び予想
1320231229030002,2023-12-31,いわき平競輪,F1,A1/A2,2,Ａ級一般,15:53,15:48,7,https://keirin.kdreams.jp/iwakitaira/racedetail/1320231229030002/?pageType=result,2026-10-04T03:27:51.197150+00:00,2-4/5-1/7-3/6,published,アオケイ,楽天Kドリームス 並び予想
1320231229030003,2023-12-31,いわき平競輪,F1,A1/A2,3,Ａ級特選,16:19,16:14,7,https://keirin.kdreams.jp/iwakitaira/racedetail/1320231229030003/?pageType=result,2026-10-04T03:27:53.686067+00:00,5-1-7/2-6/3-4,published,アオケイ,楽天Kドリームス 並び予想
1320231229030004,2023-12-31,いわき平競輪,F1,A1/A2,4,Ａ級特選,16:45,16:40,7,https://keirin.kdreams.jp/iwakitaira/racedetail/1320231229030004/?pageType=result,2026-10-04T03:27:55.820022+00:00,1-5-6/4-3/7-2,published,アオケイ,楽天Kドリームス 並び予想
1320231229030011,2023-12-31,いわき平競輪,F1,A1/A2,11,Ａ級決勝,19:59,19:54,7,https://keirin.kdreams.jp/iwakitaira/racedetail/1320231229030011/?pageType=result,2026-10-04T03:27:58.391960+00:00,1-4/2-6/5-3-7,published,アオケイ,楽天Kドリームス 並び予想
8320231231010006,2023-12-31,久留米競輪,F2,A1/A2,6,Ａ級予選,17:55,17:50,7,https://keirin.kdreams.jp/kurume/racedetail/8320231231010006/?pageType=result,2026-10-04T03:30:58.159044+00:00,4-2-6/3-5-7/1,published,コンドル出版社,楽天Kドリームス 並び予想
8320231231010007,2023-12-31,久留米競輪,F2,A1/A2,7,Ａ級予選,18:18,18:13,7,https://keirin.kdreams.jp/kurume/racedetail/8320231231010007/?pageType=result,2026-10-04T03:31:00.176977+00:00,4-1-7/5-3-2/6,published,コンドル出版社,楽天Kドリームス 並び予想
8320231231010008,2023-12-31,久留米競輪,F2,A1/A2,8,Ａ級予選,18:41,18:36,7,https://keirin.kdreams.jp/kurume/racedetail/8320231231010008/?pageType=result,2026-10-04T03:31:02.297187+00:00,7-1/2-5-6/4-3,published,コンドル出版社,楽天Kドリームス 並び予想
8320231231010009,2023-12-31,久留米競輪,F2,A1/A2,9,Ａ級予選,19:04,18:59,7,https://keirin.kdreams.jp/kurume/racedetail/8320231231010009/?pageType=result,2026-10-04T03:31:04.521226+00:00,1-7/2-4-6/5-3,published,コンドル出版社,楽天Kドリームス 並び予想
8320231231010010,2023-12-31,久留米競輪,F2,A1/A2,10,Ａ級予選,19:29,19:24,7,https://keirin.kdreams.jp/kurume/racedetail/8320231231010010/?pageType=result,2026-10-04T03:31:06.780447+00:00,6-1/2-4/3-7-5,published,コンドル出版社,楽天Kドリームス 並び予想
8320231231010011,2023-12-31,久留米競輪,F2,A1/A2,11,Ａ級予選,19:54,19:49,7,https://keirin.kdreams.jp/kurume/racedetail/8320231231010011/?pageType=result,2026-10-04T03:31:09.397945+00:00,4-1-7/2/3-5/6,published,コンドル出版社,楽天Kドリームス 並び予想
8320231231010012,2023-12-31,久留米競輪,F2,A1/A2,12,Ａ級初日特選,20:20,20:15,7,https://keirin.kdreams.jp/kurume/racedetail/8320231231010012/?pageType=result,2026-10-04T03:31:12.077533+00:00,6-1/5-2/3-7-4,published,コンドル出版社,楽天Kドリームス 並び予想
5420231229030004,2023-12-31,向日町競輪,F2,A1/A2,4,Ａ級特一般,21:50,21:45,7,https://keirin.kdreams.jp/mukomachi/racedetail/5420231229030004/?pageType=result,2026-10-04T03:29:14.769577+00:00,1-2/5/3-6/7-4,published,競輪研究,楽天Kドリームス 並び予想
5420231229030005,2023-12-31,向日町競輪,F2,A1/A2,5,Ａ級特一般,22:10,22:05,7,https://keirin.kdreams.jp/mukomachi/racedetail/5420231229030005/?pageType=result,2026-10-04T03:29:17.097516+00:00,7-1-2-4/5-3-6,published,競輪研究,楽天Kドリームス 並び予想
5420231229030006,2023-12-31,向日町競輪,F2,A1/A2,6,Ａ級特選,22:30,22:25,7,https://keirin.kdreams.jp/mukomachi/racedetail/5420231229030006/?pageType=result,2026-10-04T03:29:19.225612+00:00,1-2-5/4-7/6-3,published,競輪研究,楽天Kドリームス 並び予想
5420231229030007,2023-12-31,向日町競輪,F2,A1/A2,7,Ａ級特選,22:50,22:45,7,https://keirin.kdreams.jp/mukomachi/racedetail/5420231229030007/?pageType=result,2026-10-04T03:29:21.480389+00:00,7-1/2-5-6/3-4,published,競輪研究,楽天Kドリームス 並び予想
5420231229030009,2023-12-31,向日町競輪,F2,A1/A2,9,Ａ級決勝,23:30,23:25,7,https://keirin.kdreams.jp/mukomachi/racedetail/5420231229030009/?pageType=result,2026-10-04T03:29:24.144767+00:00,6-1/2-5/7/3-4,published,競輪研究,楽天Kドリームス 並び予想
4420231231010001,2023-12-31,大垣競輪,F1,A1/A2,1,Ａ級予選,10:40,10:35,6,https://keirin.kdreams.jp/ogaki/racedetail/4420231231010001/?pageType=result,2026-10-04T03:31:44.863184+00:00,1-5-3/6-4-2,published,ひかり,楽天Kドリームス 並び予想
4420231231010002,2023-12-31,大垣競輪,F1,A1/A2,2,Ａ級予選,11:08,11:03,6,https://keirin.kdreams.jp/ogaki/racedetail/4420231231010002/?pageType=result,2026-10-04T03:31:47.336929+00:00,2-5/6-1/4-3,published,ひかり,楽天Kドリームス 並び予想
4420231231010003,2023-12-31,大垣競輪,F1,A1/A2,3,Ａ級予選,11:36,11:31,7,https://keirin.kdreams.jp/ogaki/racedetail/4420231231010003/?pageType=result,2026-10-04T03:31:49.725662+00:00,1-4-7/6/3-5-2,published,ひかり,楽天Kドリームス 並び予想
4420231231010004,2023-12-31,大垣競輪,F1,A1/A2,4,Ａ級予選,12:06,12:01,7,https://keirin.kdreams.jp/ogaki/racedetail/4420231231010004/?pageType=result,2026-10-04T03:31:52.187102+00:00,5/2/7-1-4-3-6,published,ひかり,楽天Kドリームス 並び予想
4420231231010005,2023-12-31,大垣競輪,F1,A1/A2,5,Ａ級初日特選,12:36,12:31,7,https://keirin.kdreams.jp/ogaki/racedetail/4420231231010005/?pageType=result,2026-10-04T03:31:54.812835+00:00,6-1-5/3/7-2-4,published,ひかり,楽天Kドリームス 並び予想
8120231229030002,2023-12-31,小倉競輪,F2,A1/A2,2,Ａ級一般,21:00,20:55,6,https://keirin.kdreams.jp/kokura/racedetail/8120231229030002/?pageType=result,2026-10-04T03:28:34.612088+00:00,1-2-6/3/4/5,published,コンドル出版社,楽天Kドリームス 並び予想
8120231229030003,2023-12-31,小倉競輪,F2,A1/A2,3,Ａ級一般,21:20,21:15,6,https://keirin.kdreams.jp/kokura/racedetail/8120231229030003/?pageType=result,2026-10-04T03:28:36.859752+00:00,4-6/2-1/5-3,published,コンドル出版社,楽天Kドリームス 並び予想
8120231229030004,2023-12-31,小倉競輪,F2,A1/A2,4,Ａ級一般,21:40,21:35,6,https://keirin.kdreams.jp/kokura/racedetail/8120231229030004/?pageType=result,2026-10-04T03:28:39.143898+00:00,1-4/2-6/3/5,published,コンドル出版社,楽天Kドリームス 並び予想
8120231229030005,2023-12-31,小倉競輪,F2,A1/A2,5,Ａ級特選,22:00,21:55,7,https://keirin.kdreams.jp/kokura/racedetail/8120231229030005/?pageType=result,2026-10-04T03:28:41.462602+00:00,4-1/3-2-6/7-5,published,コンドル出版社,楽天Kドリームス 並び予想
8120231229030006,2023-12-31,小倉競輪,F2,A1/A2,6,Ａ級特選,22:20,22:15,7,https://keirin.kdreams.jp/kokura/racedetail/8120231229030006/?pageType=result,2026-10-04T03:28:44.567550+00:00,3-2-7/1/4-5/6,published,コンドル出版社,楽天Kドリームス 並び予想
8120231229030007,2023-12-31,小倉競輪,F2,A1/A2,7,Ａ級特選,22:40,22:35,7,https://keirin.kdreams.jp/kokura/racedetail/8120231229030007/?pageType=result,2026-10-04T03:28:47.398563+00:00,6-1/3-2-7/5-4,published,コンドル出版社,楽天Kドリームス 並び予想
8120231229030009,2023-12-31,小倉競輪,F2,A1/A2,9,Ａ級決勝,23:20,23:15,7,https://keirin.kdreams.jp/kokura/racedetail/8120231229030009/?pageType=result,2026-10-04T03:28:49.600580+00:00,4-1/6-2/7-5-3,published,コンドル出版社,楽天Kドリームス 並び予想
7320231231010006,2023-12-31,小松島競輪,F2,A1/A2,6,Ａ級予選,10:40,10:35,7,https://keirin.kdreams.jp/komatsushima/racedetail/7320231231010006/?pageType=result,2026-10-04T03:30:13.898241+00:00,7-1-5/6/4-2-3,published,競輪毎日,楽天Kドリームス 並び予想
7320231231010007,2023-12-31,小松島競輪,F2,A1/A2,7,Ａ級予選,11:00,10:55,7,https://keirin.kdreams.jp/komatsushima/racedetail/7320231231010007/?pageType=result,2026-10-04T03:30:15.921854+00:00,2-4-1/7/3-5-6,published,競輪毎日,楽天Kドリームス 並び予想
7320231231010008,2023-12-31,小松島競輪,F2,A1/A2,8,Ａ級予選,11:25,11:20,7,https://keirin.kdreams.jp/komatsushima/racedetail/7320231231010008/?pageType=result,2026-10-04T03:30:18.415670+00:00,5-1-7/2/3-4/6,published,競輪毎日,楽天Kドリームス 並び予想
7320231231010009,2023-12-31,小松島競輪,F2,A1/A2,9,Ａ級予選,11:50,11:45,7,https://keirin.kdreams.jp/komatsushima/racedetail/7320231231010009/?pageType=result,2026-10-04T03:30:20.635681+00:00,7-1-5/4-2/6-3,published,競輪毎日,楽天Kドリームス 並び予想
7320231231010010,2023-12-31,小松島競輪,F2,A1/A2,10,Ａ級予選,12:20,12:15,7,https://keirin.kdreams.jp/komatsushima/racedetail/7320231231010010/?pageType=result,2026-10-04T03:30:22.785408+00:00,1-2-6/3-5/4-7,published,競輪毎日,楽天Kドリームス 並び予想
7320231231010011,2023-12-31,小松島競輪,F2,A1/A2,11,Ａ級予選,12:50,12:45,7,https://keirin.kdreams.jp/komatsushima/racedetail/7320231231010011/?pageType=result,2026-10-04T03:30:24.892575+00:00,3-7-1/5/4-2/6,published,競輪毎日,楽天Kドリームス 並び予想
7320231231010012,2023-12-31,小松島競輪,F2,A1/A2,12,Ａ級初日特選,13:20,13:15,7,https://keirin.kdreams.jp/komatsushima/racedetail/7320231231010012/?pageType=result,2026-10-04T03:30:27.421445+00:00,1-7/4-2/3-5/6,published,競輪毎日,楽天Kドリームス 並び予想
5620231231010001,2023-12-31,岸和田競輪,F1,A1/A2,1,Ａ級予選１,10:34,10:29,7,https://keirin.kdreams.jp/kishiwada/racedetail/5620231231010001/?pageType=result,2026-10-04T03:29:26.437483+00:00,2-7-4/1/3/5/6,published,競輪研究,楽天Kドリームス 並び予想
5620231231010002,2023-12-31,岸和田競輪,F1,A1/A2,2,Ａ級予選１,11:02,10:57,7,https://keirin.kdreams.jp/kishiwada/racedetail/5620231231010002/?pageType=result,2026-10-04T03:29:28.881584+00:00,7-1/2-4/6/3-5,published,競輪研究,楽天Kドリームス 並び予想
5620231231010003,2023-12-31,岸和田競輪,F1,A1/A2,3,Ａ級予選１,11:30,11:25,7,https://keirin.kdreams.jp/kishiwada/racedetail/5620231231010003/?pageType=result,2026-10-04T03:29:31.923377+00:00,1-5-4/3/2/6-7,published,競輪研究,楽天Kドリームス 並び予想
5620231231010004,2023-12-31,岸和田競輪,F1,A1/A2,4,Ａ級予選１,12:00,11:55,7,https://keirin.kdreams.jp/kishiwada/racedetail/5620231231010004/?pageType=result,2026-10-04T03:29:34.327737+00:00,6-1/4/2/7-5-3,published,競輪研究,楽天Kドリームス 並び予想
5620231231010005,2023-12-31,岸和田競輪,F1,A1/A2,5,Ａ級初日特選,12:30,12:25,7,https://keirin.kdreams.jp/kishiwada/racedetail/5620231231010005/?pageType=result,2026-10-04T03:29:36.633907+00:00,4-5-1/2-6/7-3,published,競輪研究,楽天Kドリームス 並び予想
