race_id,race_date,track,meeting_grade,race_no,race_type,start_time,deadline,entry_count,source_url,captured_at_utc,predicted_line_formation,line_status,line_provider,line_source
2720230929030005,2023-10-01,京王閣競輪,F1,5,Ｓ級一般,17:10,17:05,6,https://keirin.kdreams.jp/keiokaku/racedetail/2720230929030005/?pageType=result,2026-10-08T03:06:45.402784+00:00,6-1/5/4-3-2,published,アオケイ,楽天Kドリームス 並び予想
2720230929030006,2023-10-01,京王閣競輪,F1,6,Ｓ級一般,17:37,17:32,7,https://keirin.kdreams.jp/keiokaku/racedetail/2720230929030006/?pageType=result,2026-10-08T03:06:47.248853+00:00,1-4/2-6/5-7-3,published,アオケイ,楽天Kドリームス 並び予想
2720230929030007,2023-10-01,京王閣競輪,F1,7,Ｓ級一般,18:04,17:59,7,https://keirin.kdreams.jp/keiokaku/racedetail/2720230929030007/?pageType=result,2026-10-08T03:06:49.053863+00:00,1-7/4/5-2/6-3,published,アオケイ,楽天Kドリームス 並び予想
2720230929030008,2023-10-01,京王閣競輪,F1,8,Ｓ級特選,18:31,18:26,7,https://keirin.kdreams.jp/keiokaku/racedetail/2720230929030008/?pageType=result,2026-10-08T03:06:51.012904+00:00,7-2-5/1/3-6/4,published,アオケイ,楽天Kドリームス 並び予想
2720230929030009,2023-10-01,京王閣競輪,F1,9,Ｓ級特選,18:58,18:53,7,https://keirin.kdreams.jp/keiokaku/racedetail/2720230929030009/?pageType=result,2026-10-08T03:06:52.854609+00:00,2-6/5-1-4/7-3,published,アオケイ,楽天Kドリームス 並び予想
2720230929030010,2023-10-01,京王閣競輪,F1,10,Ｓ級特選,19:25,19:20,7,https://keirin.kdreams.jp/keiokaku/racedetail/2720230929030010/?pageType=result,2026-10-08T03:06:54.626563+00:00,2-4/1-6/5-3/7,published,アオケイ,楽天Kドリームス 並び予想
2720230929030012,2023-10-01,京王閣競輪,F1,12,Ｓ級決勝,20:30,20:25,7,https://keirin.kdreams.jp/keiokaku/racedetail/2720230929030012/?pageType=result,2026-10-08T03:06:56.406931+00:00,5-1-4/2-7/3-6,published,アオケイ,楽天Kドリームス 並び予想
5120231002010006,2023-10-02,福井競輪,F1,6,Ｓ級予選,13:07,13:02,7,https://keirin.kdreams.jp/fukui/racedetail/5120231002010006/?pageType=result,2026-10-08T03:08:37.159018+00:00,4-1/7-2-5/6-3,published,福井中部,楽天Kドリームス 並び予想
5120231002010007,2023-10-02,福井競輪,F1,7,Ｓ級予選,13:38,13:33,7,https://keirin.kdreams.jp/fukui/racedetail/5120231002010007/?pageType=result,2026-10-08T03:08:39.174945+00:00,5-2-4/6-1/3-7,published,福井中部,楽天Kドリームス 並び予想
5120231002010008,2023-10-02,福井競輪,F1,8,Ｓ級予選,14:10,14:05,7,https://keirin.kdreams.jp/fukui/racedetail/5120231002010008/?pageType=result,2026-10-08T03:08:41.310097+00:00,4-3-6/1/7-2-5,published,福井中部,楽天Kドリームス 並び予想
5120231002010009,2023-10-02,福井競輪,F1,9,Ｓ級予選,14:43,14:38,7,https://keirin.kdreams.jp/fukui/racedetail/5120231002010009/?pageType=result,2026-10-08T03:08:43.128105+00:00,1-5-4/6-2/3-7,published,福井中部,楽天Kドリームス 並び予想
5120231002010010,2023-10-02,福井競輪,F1,10,Ｓ級予選,15:16,15:11,7,https://keirin.kdreams.jp/fukui/racedetail/5120231002010010/?pageType=result,2026-10-08T03:08:45.296590+00:00,7-4-1/6/3-5-2,published,福井中部,楽天Kドリームス 並び予想
5120231002010011,2023-10-02,福井競輪,F1,11,Ｓ級予選,15:53,15:48,7,https://keirin.kdreams.jp/fukui/racedetail/5120231002010011/?pageType=result,2026-10-08T03:08:47.272363+00:00,1-5-7/4-2/6-3,published,福井中部,楽天Kドリームス 並び予想
5120231002010012,2023-10-02,福井競輪,F1,12,Ｓ級初特選,16:33,16:28,7,https://keirin.kdreams.jp/fukui/racedetail/5120231002010012/?pageType=result,2026-10-08T03:08:49.103454+00:00,1-6/2/5/3-7-4,published,福井中部,楽天Kドリームス 並び予想
2520231003010006,2023-10-03,大宮競輪,F1,6,Ｓ級予選,12:48,12:43,7,https://keirin.kdreams.jp/omiya/racedetail/2520231003010006/?pageType=result,2026-10-08T03:09:16.861637+00:00,1-5-7/4/2/6-3,published,アオケイ,楽天Kドリームス 並び予想
2520231003010007,2023-10-03,大宮競輪,F1,7,Ｓ級予選,13:18,13:13,7,https://keirin.kdreams.jp/omiya/racedetail/2520231003010007/?pageType=result,2026-10-08T03:09:18.748545+00:00,1-7-4/6/2-5-3,published,アオケイ,楽天Kドリームス 並び予想
2520231003010008,2023-10-03,大宮競輪,F1,8,Ｓ級予選,13:48,13:43,7,https://keirin.kdreams.jp/omiya/racedetail/2520231003010008/?pageType=result,2026-10-08T03:09:20.748402+00:00,5-4-1/2-6/7-3,published,アオケイ,楽天Kドリームス 並び予想
2520231003010009,2023-10-03,大宮競輪,F1,9,Ｓ級予選,14:20,14:15,7,https://keirin.kdreams.jp/omiya/racedetail/2520231003010009/?pageType=result,2026-10-08T03:09:22.546565+00:00,2/1/5/6/3-4-7,published,アオケイ,楽天Kドリームス 並び予想
2520231003010010,2023-10-03,大宮競輪,F1,10,Ｓ級予選,14:56,14:51,7,https://keirin.kdreams.jp/omiya/racedetail/2520231003010010/?pageType=result,2026-10-08T03:09:24.332353+00:00,1-4/6-2/5-7-3,published,アオケイ,楽天Kドリームス 並び予想
2520231003010011,2023-10-03,大宮競輪,F1,11,Ｓ級予選,15:35,15:30,7,https://keirin.kdreams.jp/omiya/racedetail/2520231003010011/?pageType=result,2026-10-08T03:09:26.146380+00:00,7-5-1/2-4-3-6,published,アオケイ,楽天Kドリームス 並び予想
2520231003010012,2023-10-03,大宮競輪,F1,12,Ｓ級初特選,16:15,16:10,7,https://keirin.kdreams.jp/omiya/racedetail/2520231003010012/?pageType=result,2026-10-08T03:09:27.932261+00:00,4-1/5-2/3-6/7,published,アオケイ,楽天Kドリームス 並び予想
5120231002020006,2023-10-03,福井競輪,F1,6,Ｓ級一般,13:07,13:02,7,https://keirin.kdreams.jp/fukui/racedetail/5120231002020006/?pageType=result,2026-10-08T03:08:50.953439+00:00,3-7/5-1/2-4/6,published,福井中部,楽天Kドリームス 並び予想
5120231002020007,2023-10-03,福井競輪,F1,7,Ｓ級一般,13:38,13:33,7,https://keirin.kdreams.jp/fukui/racedetail/5120231002020007/?pageType=result,2026-10-08T03:08:52.798013+00:00,4-1/2-5/3-7-6,published,福井中部,楽天Kドリームス 並び予想
5120231002020008,2023-10-03,福井競輪,F1,8,Ｓ級選抜,14:10,14:05,7,https://keirin.kdreams.jp/fukui/racedetail/5120231002020008/?pageType=result,2026-10-08T03:08:54.602211+00:00,1-5/2-7/4-3-6,published,福井中部,楽天Kドリームス 並び予想
5120231002020009,2023-10-03,福井競輪,F1,9,Ｓ級選抜,14:43,14:38,7,https://keirin.kdreams.jp/fukui/racedetail/5120231002020009/?pageType=result,2026-10-08T03:08:56.348258+00:00,7-1-4/3/5-2-6,published,福井中部,楽天Kドリームス 並び予想
5120231002020010,2023-10-03,福井競輪,F1,10,Ｓ級準決勝,15:16,15:11,7,https://keirin.kdreams.jp/fukui/racedetail/5120231002020010/?pageType=result,2026-10-08T03:08:58.222018+00:00,1-5-6/2-4/3-7,published,福井中部,楽天Kドリームス 並び予想
5120231002020011,2023-10-03,福井競輪,F1,11,Ｓ級準決勝,15:53,15:48,7,https://keirin.kdreams.jp/fukui/racedetail/5120231002020011/?pageType=result,2026-10-08T03:09:00.027593+00:00,5-1/2-4-6/3-7,published,福井中部,楽天Kドリームス 並び予想
5120231002020012,2023-10-03,福井競輪,F1,12,Ｓ級準決勝,16:33,16:28,7,https://keirin.kdreams.jp/fukui/racedetail/5120231002020012/?pageType=result,2026-10-08T03:09:02.020176+00:00,1-6/7-2-5/3-4,published,福井中部,楽天Kドリームス 並び予想
2520231003020006,2023-10-04,大宮競輪,F1,6,Ｓ級一般,12:48,12:43,7,https://keirin.kdreams.jp/omiya/racedetail/2520231003020006/?pageType=result,2026-10-08T03:09:29.718586+00:00,1-7-4/2-5/3-6,published,アオケイ,楽天Kドリームス 並び予想
2520231003020007,2023-10-04,大宮競輪,F1,7,Ｓ級一般,13:18,13:13,7,https://keirin.kdreams.jp/omiya/racedetail/2520231003020007/?pageType=result,2026-10-08T03:09:31.541057+00:00,5-1/7-2/4-3-6,published,アオケイ,楽天Kドリームス 並び予想
2520231003020008,2023-10-04,大宮競輪,F1,8,Ｓ級選抜,13:48,13:43,7,https://keirin.kdreams.jp/omiya/racedetail/2520231003020008/?pageType=result,2026-10-08T03:09:33.340575+00:00,4-1/3/6/2-5-7,published,アオケイ,楽天Kドリームス 並び予想
2520231003020009,2023-10-04,大宮競輪,F1,9,Ｓ級選抜,14:20,14:15,7,https://keirin.kdreams.jp/omiya/racedetail/2520231003020009/?pageType=result,2026-10-08T03:09:35.227667+00:00,5-4-6-3-2-7/1,published,アオケイ,楽天Kドリームス 並び予想
2520231003020010,2023-10-04,大宮競輪,F1,10,Ｓ級準決勝,14:56,14:51,7,https://keirin.kdreams.jp/omiya/racedetail/2520231003020010/?pageType=result,2026-10-08T03:09:37.207674+00:00,6-1/2-5/4-3-7,published,アオケイ,楽天Kドリームス 並び予想
2520231003020011,2023-10-04,大宮競輪,F1,11,Ｓ級準決勝,15:35,15:30,7,https://keirin.kdreams.jp/omiya/racedetail/2520231003020011/?pageType=result,2026-10-08T03:09:39.123416+00:00,1-7/6-2/5/4-3,published,アオケイ,楽天Kドリームス 並び予想
2520231003020012,2023-10-04,大宮競輪,F1,12,Ｓ級準決勝,16:15,16:10,7,https://keirin.kdreams.jp/omiya/racedetail/2520231003020012/?pageType=result,2026-10-08T03:09:41.046741+00:00,1-7/6-2/4-5-3,published,アオケイ,楽天Kドリームス 並び予想
5120231002030005,2023-10-04,福井競輪,F1,5,Ｓ級一般,12:36,12:31,7,https://keirin.kdreams.jp/fukui/racedetail/5120231002030005/?pageType=result,2026-10-08T03:09:03.835841+00:00,6-1-4/5/7-2-3,published,福井中部,楽天Kドリームス 並び予想
5120231002030006,2023-10-04,福井競輪,F1,6,Ｓ級一般,13:07,13:02,7,https://keirin.kdreams.jp/fukui/racedetail/5120231002030006/?pageType=result,2026-10-08T03:09:05.734165+00:00,7-1/2-4/6-5-3,published,福井中部,楽天Kドリームス 並び予想
5120231002030007,2023-10-04,福井競輪,F1,7,Ｓ級一般,13:38,13:33,7,https://keirin.kdreams.jp/fukui/racedetail/5120231002030007/?pageType=result,2026-10-08T03:09:07.623909+00:00,5-4-1/6-2/3-7,published,福井中部,楽天Kドリームス 並び予想
5120231002030009,2023-10-04,福井競輪,F1,9,Ｓ級特選,14:43,14:38,7,https://keirin.kdreams.jp/fukui/racedetail/5120231002030009/?pageType=result,2026-10-08T03:09:09.509711+00:00,5-1-3/7-2/4-6,published,福井中部,楽天Kドリームス 並び予想
5120231002030010,2023-10-04,福井競輪,F1,10,Ｓ級特選,15:16,15:11,7,https://keirin.kdreams.jp/fukui/racedetail/5120231002030010/?pageType=result,2026-10-08T03:09:11.332609+00:00,5-1/6-3-7/2-4,published,福井中部,楽天Kドリームス 並び予想
5120231002030011,2023-10-04,福井競輪,F1,11,Ｓ級特選,15:53,15:48,7,https://keirin.kdreams.jp/fukui/racedetail/5120231002030011/?pageType=result,2026-10-08T03:09:13.188812+00:00,7-4-1/2/5-6-3,published,福井中部,楽天Kドリームス 並び予想
5120231002030012,2023-10-04,福井競輪,F1,12,Ｓ級決勝,16:33,16:28,7,https://keirin.kdreams.jp/fukui/racedetail/5120231002030012/?pageType=result,2026-10-08T03:09:15.063782+00:00,6-1-3/5-2/7-4,published,福井中部,楽天Kドリームス 並び予想
2520231003030005,2023-10-05,大宮競輪,F1,5,Ｓ級一般,12:26,12:21,6,https://keirin.kdreams.jp/omiya/racedetail/2520231003030005/?pageType=result,2026-10-08T03:09:42.802372+00:00,1-6/2-4-3/5,published,アオケイ,楽天Kドリームス 並び予想
2520231003030006,2023-10-05,大宮競輪,F1,6,Ｓ級一般,12:56,12:51,6,https://keirin.kdreams.jp/omiya/racedetail/2520231003030006/?pageType=result,2026-10-08T03:09:44.467471+00:00,1-5/2-4/3-6,published,アオケイ,楽天Kドリームス 並び予想
2520231003030007,2023-10-05,大宮競輪,F1,7,Ｓ級一般,13:28,13:23,7,https://keirin.kdreams.jp/omiya/racedetail/2520231003030007/?pageType=result,2026-10-08T03:09:46.193722+00:00,4-3-7-1/2-5/6,published,アオケイ,楽天Kドリームス 並び予想
2520231003030008,2023-10-05,大宮競輪,F1,8,Ｓ級特選,14:01,13:56,7,https://keirin.kdreams.jp/omiya/racedetail/2520231003030008/?pageType=result,2026-10-08T03:09:48.074188+00:00,1-4-5/6-2/3-7,published,アオケイ,楽天Kドリームス 並び予想
2520231003030009,2023-10-05,大宮競輪,F1,9,Ｓ級特選,14:36,14:31,7,https://keirin.kdreams.jp/omiya/racedetail/2520231003030009/?pageType=result,2026-10-08T03:09:49.813829+00:00,6-1/7/5-3-2-4,published,アオケイ,楽天Kドリームス 並び予想
2520231003030010,2023-10-05,大宮競輪,F1,10,Ｓ級特選,15:13,15:08,7,https://keirin.kdreams.jp/omiya/racedetail/2520231003030010/?pageType=result,2026-10-08T03:09:51.663690+00:00,5-1/6-4-2/3-7,published,アオケイ,楽天Kドリームス 並び予想
2520231003030012,2023-10-05,大宮競輪,F1,12,Ｓ級決勝,16:30,16:25,7,https://keirin.kdreams.jp/omiya/racedetail/2520231003030012/?pageType=result,2026-10-08T03:09:54.109839+00:00,5-4-1/7-2/6-3,published,アオケイ,楽天Kドリームス 並び予想
6120231005010006,2023-10-05,玉野競輪,F1,6,Ｓ級予選,17:49,17:44,7,https://keirin.kdreams.jp/tamano/racedetail/6120231005010006/?pageType=result,2026-10-08T03:09:56.132275+00:00,1-7/4-2-6/5-3,published,競輪毎日,楽天Kドリームス 並び予想
6120231005010007,2023-10-05,玉野競輪,F1,7,Ｓ級予選,18:15,18:10,7,https://keirin.kdreams.jp/tamano/racedetail/6120231005010007/?pageType=result,2026-10-08T03:09:57.978069+00:00,4-1-5/6-2/3-7,published,競輪毎日,楽天Kドリームス 並び予想
6120231005010008,2023-10-05,玉野競輪,F1,8,Ｓ級予選,18:41,18:36,7,https://keirin.kdreams.jp/tamano/racedetail/6120231005010008/?pageType=result,2026-10-08T03:09:59.946192+00:00,1-4-5/2-7/3-6,published,競輪毎日,楽天Kドリームス 並び予想
6120231005010009,2023-10-05,玉野競輪,F1,9,Ｓ級予選,19:08,19:03,7,https://keirin.kdreams.jp/tamano/racedetail/6120231005010009/?pageType=result,2026-10-08T03:10:01.946235+00:00,7-1-5/2-6/4-3,published,競輪毎日,楽天Kドリームス 並び予想
6120231005010010,2023-10-05,玉野競輪,F1,10,Ｓ級予選,19:36,19:31,7,https://keirin.kdreams.jp/tamano/racedetail/6120231005010010/?pageType=result,2026-10-08T03:10:04.335649+00:00,5-2-6/1-4/3-7,published,競輪毎日,楽天Kドリームス 並び予想
6120231005010011,2023-10-05,玉野競輪,F1,11,Ｓ級予選,20:05,20:00,7,https://keirin.kdreams.jp/tamano/racedetail/6120231005010011/?pageType=result,2026-10-08T03:10:06.448766+00:00,4-7/5-2/1/6-3,published,競輪毎日,楽天Kドリームス 並び予想
6120231005010012,2023-10-05,玉野競輪,F1,12,Ｓ級初特選,20:35,20:30,7,https://keirin.kdreams.jp/tamano/racedetail/6120231005010012/?pageType=result,2026-10-08T03:10:08.285348+00:00,2-4-7/1/3-6-5,published,競輪毎日,楽天Kドリームス 並び予想
2120231006010006,2023-10-06,弥彦競輪,F1,6,Ｓ級予選,13:00,12:55,7,https://keirin.kdreams.jp/yahiko/racedetail/2120231006010006/?pageType=result,2026-10-08T03:12:16.353939+00:00,1-5/7-4-2/6-3,published,新潟スポーツ,楽天Kドリームス 並び予想
2120231006010007,2023-10-06,弥彦競輪,F1,7,Ｓ級予選,13:32,13:27,7,https://keirin.kdreams.jp/yahiko/racedetail/2120231006010007/?pageType=result,2026-10-08T03:12:18.248000+00:00,5-3-1-7/2-4-6,published,新潟スポーツ,楽天Kドリームス 並び予想
2120231006010008,2023-10-06,弥彦競輪,F1,8,Ｓ級予選,14:04,13:59,7,https://keirin.kdreams.jp/yahiko/racedetail/2120231006010008/?pageType=result,2026-10-08T03:12:20.062064+00:00,4-1/5-2-7/6-3,published,新潟スポーツ,楽天Kドリームス 並び予想
2120231006010009,2023-10-06,弥彦競輪,F1,9,Ｓ級予選,14:37,14:32,7,https://keirin.kdreams.jp/yahiko/racedetail/2120231006010009/?pageType=result,2026-10-08T03:12:22.093886+00:00,2-7-4/1-6/5-3,published,新潟スポーツ,楽天Kドリームス 並び予想
2120231006010010,2023-10-06,弥彦競輪,F1,10,Ｓ級予選,15:14,15:09,7,https://keirin.kdreams.jp/yahiko/racedetail/2120231006010010/?pageType=result,2026-10-08T03:12:24.047891+00:00,1-7/5-2-6/4-3,published,新潟スポーツ,楽天Kドリームス 並び予想
2120231006010011,2023-10-06,弥彦競輪,F1,11,Ｓ級予選,15:52,15:47,7,https://keirin.kdreams.jp/yahiko/racedetail/2120231006010011/?pageType=result,2026-10-08T03:12:26.057507+00:00,4-7-1/5-2/6-3,published,新潟スポーツ,楽天Kドリームス 並び予想
2120231006010012,2023-10-06,弥彦競輪,F1,12,Ｓ級初特選,16:30,16:25,7,https://keirin.kdreams.jp/yahiko/racedetail/2120231006010012/?pageType=result,2026-10-08T03:12:27.860741+00:00,5-1/7-2-4/6-3,published,新潟スポーツ,楽天Kドリームス 並び予想
6120231005020006,2023-10-06,玉野競輪,F1,6,Ｓ級一般,17:49,17:44,7,https://keirin.kdreams.jp/tamano/racedetail/6120231005020006/?pageType=result,2026-10-08T03:10:10.259682+00:00,7-1/2/3-5/4-6,published,競輪毎日,楽天Kドリームス 並び予想
6120231005020007,2023-10-06,玉野競輪,F1,7,Ｓ級一般,18:15,18:10,7,https://keirin.kdreams.jp/tamano/racedetail/6120231005020007/?pageType=result,2026-10-08T03:10:12.175802+00:00,5-1/2-3/4-6/7,published,競輪毎日,楽天Kドリームス 並び予想
6120231005020008,2023-10-06,玉野競輪,F1,8,Ｓ級選抜,18:41,18:36,7,https://keirin.kdreams.jp/tamano/racedetail/6120231005020008/?pageType=result,2026-10-08T03:10:14.081493+00:00,6-1/2-7-4/3-5,published,競輪毎日,楽天Kドリームス 並び予想
6120231005020009,2023-10-06,玉野競輪,F1,9,Ｓ級選抜,19:08,19:03,7,https://keirin.kdreams.jp/tamano/racedetail/6120231005020009/?pageType=result,2026-10-08T03:10:16.095050+00:00,1-4/2-5-7/3/6,published,競輪毎日,楽天Kドリームス 並び予想
6120231005020010,2023-10-06,玉野競輪,F1,10,Ｓ級準決勝,19:36,19:31,7,https://keirin.kdreams.jp/tamano/racedetail/6120231005020010/?pageType=result,2026-10-08T03:10:17.984973+00:00,4-1/5-2/6/7-3,published,競輪毎日,楽天Kドリームス 並び予想
6120231005020011,2023-10-06,玉野競輪,F1,11,Ｓ級準決勝,20:05,20:00,7,https://keirin.kdreams.jp/tamano/racedetail/6120231005020011/?pageType=result,2026-10-08T03:10:19.896287+00:00,7-1-6/4-2/5-3,published,競輪毎日,楽天Kドリームス 並び予想
6120231005020012,2023-10-06,玉野競輪,F1,12,Ｓ級準決勝,20:35,20:30,7,https://keirin.kdreams.jp/tamano/racedetail/6120231005020012/?pageType=result,2026-10-08T03:10:21.852914+00:00,1-5-4/7-2/6-3,published,競輪毎日,楽天Kドリームス 並び予想
3420231007010006,2023-10-07,川崎競輪,F1,6,Ｓ級予選,17:46,17:41,7,https://keirin.kdreams.jp/kawasaki/racedetail/3420231007010006/?pageType=result,2026-10-08T03:12:57.364454+00:00,4-1/5-2/6/3-7,published,小田競・サイクル,楽天Kドリームス 並び予想
3420231007010007,2023-10-07,川崎競輪,F1,7,Ｓ級予選,18:12,18:07,7,https://keirin.kdreams.jp/kawasaki/racedetail/3420231007010007/?pageType=result,2026-10-08T03:12:59.350080+00:00,1-7/2-4/5-3-6,published,小田競・サイクル,楽天Kドリームス 並び予想
3420231007010008,2023-10-07,川崎競輪,F1,8,Ｓ級予選,18:38,18:33,7,https://keirin.kdreams.jp/kawasaki/racedetail/3420231007010008/?pageType=result,2026-10-08T03:13:01.164562+00:00,1-5/7-2-6/4-3,published,小田競・サイクル,楽天Kドリームス 並び予想
3420231007010009,2023-10-07,川崎競輪,F1,9,Ｓ級予選,19:05,19:00,7,https://keirin.kdreams.jp/kawasaki/racedetail/3420231007010009/?pageType=result,2026-10-08T03:13:03.099098+00:00,5-1/2-4-6/7-3,published,小田競・サイクル,楽天Kドリームス 並び予想
3420231007010010,2023-10-07,川崎競輪,F1,10,Ｓ級予選,19:32,19:27,7,https://keirin.kdreams.jp/kawasaki/racedetail/3420231007010010/?pageType=result,2026-10-08T03:13:05.114052+00:00,7-1-5/2-6/4-3,published,小田競・サイクル,楽天Kドリームス 並び予想
3420231007010011,2023-10-07,川崎競輪,F1,11,Ｓ級予選,20:00,19:55,7,https://keirin.kdreams.jp/kawasaki/racedetail/3420231007010011/?pageType=result,2026-10-08T03:13:07.167968+00:00,4-1/2-6/7-5-3,published,小田競・サイクル,楽天Kドリームス 並び予想
3420231007010012,2023-10-07,川崎競輪,F1,12,Ｓ級初特選,20:30,20:25,7,https://keirin.kdreams.jp/kawasaki/racedetail/3420231007010012/?pageType=result,2026-10-08T03:13:09.372892+00:00,1-4/3-5/6-7-2,published,小田競・サイクル,楽天Kドリームス 並び予想
2120231006020006,2023-10-07,弥彦競輪,F1,6,Ｓ級一般,13:00,12:55,7,https://keirin.kdreams.jp/yahiko/racedetail/2120231006020006/?pageType=result,2026-10-08T03:12:29.738934+00:00,1-7-4/3/5-2-6,published,新潟スポーツ,楽天Kドリームス 並び予想
2120231006020007,2023-10-07,弥彦競輪,F1,7,Ｓ級一般,13:32,13:27,7,https://keirin.kdreams.jp/yahiko/racedetail/2120231006020007/?pageType=result,2026-10-08T03:12:31.792389+00:00,1-5-4/3-6/7-2,published,新潟スポーツ,楽天Kドリームス 並び予想
2120231006020008,2023-10-07,弥彦競輪,F1,8,Ｓ級選抜,14:04,13:59,7,https://keirin.kdreams.jp/yahiko/racedetail/2120231006020008/?pageType=result,2026-10-08T03:12:33.604429+00:00,7-1/2-5/6-3-4,published,新潟スポーツ,楽天Kドリームス 並び予想
2120231006020009,2023-10-07,弥彦競輪,F1,9,Ｓ級選抜,14:37,14:32,7,https://keirin.kdreams.jp/yahiko/racedetail/2120231006020009/?pageType=result,2026-10-08T03:12:35.603824+00:00,1-3-7/2/5/6-4,published,新潟スポーツ,楽天Kドリームス 並び予想
2120231006020010,2023-10-07,弥彦競輪,F1,10,Ｓ級準決勝,15:14,15:09,7,https://keirin.kdreams.jp/yahiko/racedetail/2120231006020010/?pageType=result,2026-10-08T03:12:37.429680+00:00,7-2-6/1-5/4-3,published,新潟スポーツ,楽天Kドリームス 並び予想
2120231006020011,2023-10-07,弥彦競輪,F1,11,Ｓ級準決勝,15:52,15:47,7,https://keirin.kdreams.jp/yahiko/racedetail/2120231006020011/?pageType=result,2026-10-08T03:12:39.565891+00:00,5-1-4/6-2/3-7,published,新潟スポーツ,楽天Kドリームス 並び予想
2120231006020012,2023-10-07,弥彦競輪,F1,12,Ｓ級準決勝,16:30,16:25,7,https://keirin.kdreams.jp/yahiko/racedetail/2120231006020012/?pageType=result,2026-10-08T03:12:41.585998+00:00,1-7-4/2-5/6-3,published,新潟スポーツ,楽天Kドリームス 並び予想
6120231005030005,2023-10-07,玉野競輪,F1,5,Ｓ級一般,17:28,17:23,7,https://keirin.kdreams.jp/tamano/racedetail/6120231005030005/?pageType=result,2026-10-08T03:10:23.778920+00:00,4-1-5/6/3-7-2,published,競輪毎日,楽天Kドリームス 並び予想
6120231005030006,2023-10-07,玉野競輪,F1,6,Ｓ級一般,17:53,17:48,7,https://keirin.kdreams.jp/tamano/racedetail/6120231005030006/?pageType=result,2026-10-08T03:10:25.588664+00:00,1-3-7/4/5-2-6,published,競輪毎日,楽天Kドリームス 並び予想
6120231005030007,2023-10-07,玉野競輪,F1,7,Ｓ級一般,18:18,18:13,7,https://keirin.kdreams.jp/tamano/racedetail/6120231005030007/?pageType=result,2026-10-08T03:10:27.709060+00:00,5-1-7/4-2/3-6,published,競輪毎日,楽天Kドリームス 並び予想
6120231005030008,2023-10-07,玉野競輪,F1,8,Ｓ級特選,18:43,18:38,7,https://keirin.kdreams.jp/tamano/racedetail/6120231005030008/?pageType=result,2026-10-08T03:10:29.798678+00:00,1-5-2/7/4-3-6,published,競輪毎日,楽天Kドリームス 並び予想
6120231005030009,2023-10-07,玉野競輪,F1,9,Ｓ級特選,19:10,19:05,7,https://keirin.kdreams.jp/tamano/racedetail/6120231005030009/?pageType=result,2026-10-08T03:10:31.814376+00:00,7-5-1/6-2/3-4,published,競輪毎日,楽天Kドリームス 並び予想
6120231005030010,2023-10-07,玉野競輪,F1,10,Ｓ級特選,19:37,19:32,7,https://keirin.kdreams.jp/tamano/racedetail/6120231005030010/?pageType=result,2026-10-08T03:10:33.724027+00:00,1-4/7-2-5/6-3,published,競輪毎日,楽天Kドリームス 並び予想
6120231005030012,2023-10-07,玉野競輪,F1,12,Ｓ級決勝,20:35,20:30,7,https://keirin.kdreams.jp/tamano/racedetail/6120231005030012/?pageType=result,2026-10-08T03:10:35.680834+00:00,5-2/1/7/6-3-4,published,競輪毎日,楽天Kドリームス 並び予想
3420231007020006,2023-10-08,川崎競輪,F1,6,Ｓ級一般,17:46,17:41,7,https://keirin.kdreams.jp/kawasaki/racedetail/3420231007020006/?pageType=result,2026-10-08T03:13:11.315349+00:00,7-2-6/1-5/3-4,published,小田競・サイクル,楽天Kドリームス 並び予想
3420231007020007,2023-10-08,川崎競輪,F1,7,Ｓ級一般,18:12,18:07,7,https://keirin.kdreams.jp/kawasaki/racedetail/3420231007020007/?pageType=result,2026-10-08T03:13:13.419349+00:00,1-7-5-3-6/2-4,published,小田競・サイクル,楽天Kドリームス 並び予想
3420231007020008,2023-10-08,川崎競輪,F1,8,Ｓ級選抜,18:38,18:33,7,https://keirin.kdreams.jp/kawasaki/racedetail/3420231007020008/?pageType=result,2026-10-08T03:13:15.297490+00:00,3/1-6/7-2/4-5,published,小田競・サイクル,楽天Kドリームス 並び予想
3420231007020009,2023-10-08,川崎競輪,F1,9,Ｓ級選抜,19:05,19:00,7,https://keirin.kdreams.jp/kawasaki/racedetail/3420231007020009/?pageType=result,2026-10-08T03:13:17.230407+00:00,2-5-6/7-1/3-4,published,小田競・サイクル,楽天Kドリームス 並び予想
3420231007020010,2023-10-08,川崎競輪,F1,10,Ｓ級準決勝,19:32,19:27,7,https://keirin.kdreams.jp/kawasaki/racedetail/3420231007020010/?pageType=result,2026-10-08T03:13:19.417158+00:00,4-1/5-2-7/3-6,published,小田競・サイクル,楽天Kドリームス 並び予想
3420231007020011,2023-10-08,川崎競輪,F1,11,Ｓ級準決勝,20:00,19:55,7,https://keirin.kdreams.jp/kawasaki/racedetail/3420231007020011/?pageType=result,2026-10-08T03:13:21.532712+00:00,1-5/2-7/3/4-6,published,小田競・サイクル,楽天Kドリームス 並び予想
3420231007020012,2023-10-08,川崎競輪,F1,12,Ｓ級準決勝,20:30,20:25,7,https://keirin.kdreams.jp/kawasaki/racedetail/3420231007020012/?pageType=result,2026-10-08T03:13:23.885282+00:00,5-2/3-7/6-4/1,published,小田競・サイクル,楽天Kドリームス 並び予想
2120231006030005,2023-10-08,弥彦競輪,F1,5,Ｓ級一般,12:30,12:25,6,https://keirin.kdreams.jp/yahiko/racedetail/2120231006030005/?pageType=result,2026-10-08T03:12:43.268287+00:00,4-2/5-3/6-1,published,新潟スポーツ,楽天Kドリームス 並び予想
2120231006030006,2023-10-08,弥彦競輪,F1,6,Ｓ級一般,13:00,12:55,7,https://keirin.kdreams.jp/yahiko/racedetail/2120231006030006/?pageType=result,2026-10-08T03:12:45.153280+00:00,3-6/1/5/7-2-4,published,新潟スポーツ,楽天Kドリームス 並び予想
2120231006030007,2023-10-08,弥彦競輪,F1,7,Ｓ級一般,13:32,13:27,7,https://keirin.kdreams.jp/yahiko/racedetail/2120231006030007/?pageType=result,2026-10-08T03:12:47.169827+00:00,4-1/2-7-5/6-3,published,新潟スポーツ,楽天Kドリームス 並び予想
2120231006030008,2023-10-08,弥彦競輪,F1,8,Ｓ級特選,14:04,13:59,7,https://keirin.kdreams.jp/yahiko/racedetail/2120231006030008/?pageType=result,2026-10-08T03:12:49.176209+00:00,6-1/4-2/7-3-5,published,新潟スポーツ,楽天Kドリームス 並び予想
2120231006030009,2023-10-08,弥彦競輪,F1,9,Ｓ級特選,14:37,14:32,7,https://keirin.kdreams.jp/yahiko/racedetail/2120231006030009/?pageType=result,2026-10-08T03:12:51.099327+00:00,1-6-3/5/4-2-7,published,新潟スポーツ,楽天Kドリームス 並び予想
2120231006030010,2023-10-08,弥彦競輪,F1,10,Ｓ級特選,15:14,15:09,7,https://keirin.kdreams.jp/yahiko/racedetail/2120231006030010/?pageType=result,2026-10-08T03:12:53.009252+00:00,5-1-6-3/7-2-4,published,新潟スポーツ,楽天Kドリームス 並び予想
2120231006030012,2023-10-08,弥彦競輪,F1,12,Ｓ級決勝,16:30,16:25,7,https://keirin.kdreams.jp/yahiko/racedetail/2120231006030012/?pageType=result,2026-10-08T03:12:55.417479+00:00,5-2-4/1-6/7-3,published,新潟スポーツ,楽天Kドリームス 並び予想
3420231007030005,2023-10-09,川崎競輪,F1,5,Ｓ級一般,17:20,17:15,7,https://keirin.kdreams.jp/kawasaki/racedetail/3420231007030005/?pageType=result,2026-10-08T03:13:26.109439+00:00,7-2/5-1/4-3/6,published,小田競・サイクル,楽天Kドリームス 並び予想
3420231007030006,2023-10-09,川崎競輪,F1,6,Ｓ級一般,17:46,17:41,7,https://keirin.kdreams.jp/kawasaki/racedetail/3420231007030006/?pageType=result,2026-10-08T03:13:27.992454+00:00,2-6/1/3-7-5/4,published,小田競・サイクル,楽天Kドリームス 並び予想
3420231007030007,2023-10-09,川崎競輪,F1,7,Ｓ級一般,18:12,18:07,7,https://keirin.kdreams.jp/kawasaki/racedetail/3420231007030007/?pageType=result,2026-10-08T03:13:29.935070+00:00,1-6/5-7-2/3-4,published,小田競・サイクル,楽天Kドリームス 並び予想
3420231007030008,2023-10-09,川崎競輪,F1,8,Ｓ級特選,18:39,18:34,7,https://keirin.kdreams.jp/kawasaki/racedetail/3420231007030008/?pageType=result,2026-10-08T03:13:32.685077+00:00,6-2-7/1-5/4-3,published,小田競・サイクル,楽天Kドリームス 並び予想
3420231007030009,2023-10-09,川崎競輪,F1,9,Ｓ級特選,19:06,19:01,7,https://keirin.kdreams.jp/kawasaki/racedetail/3420231007030009/?pageType=result,2026-10-08T03:13:34.569867+00:00,7-1/2/3-6/5-4,published,小田競・サイクル,楽天Kドリームス 並び予想
3420231007030010,2023-10-09,川崎競輪,F1,10,Ｓ級特選,19:33,19:28,7,https://keirin.kdreams.jp/kawasaki/racedetail/3420231007030010/?pageType=result,2026-10-08T03:13:36.469822+00:00,1-4/7-2/6/5-3,published,小田競・サイクル,楽天Kドリームス 並び予想
3420231007030012,2023-10-09,川崎競輪,F1,12,Ｓ級決勝,20:35,20:30,7,https://keirin.kdreams.jp/kawasaki/racedetail/3420231007030012/?pageType=result,2026-10-08T03:13:38.339883+00:00,1-7/2-6/5-4-3,published,小田競・サイクル,楽天Kドリームス 並び予想
5320231010010006,2023-10-10,奈良競輪,F1,6,Ｓ級予選,17:50,17:45,7,https://keirin.kdreams.jp/nara/racedetail/5320231010010006/?pageType=result,2026-10-08T03:13:40.197700+00:00,6-1-4/7-2/3-5,published,競輪研究,楽天Kドリームス 並び予想
5320231010010007,2023-10-10,奈良競輪,F1,7,Ｓ級予選,18:15,18:10,7,https://keirin.kdreams.jp/nara/racedetail/5320231010010007/?pageType=result,2026-10-08T03:13:42.070156+00:00,5-1/2-6/3-4-7,published,競輪研究,楽天Kドリームス 並び予想
5320231010010008,2023-10-10,奈良競輪,F1,8,Ｓ級予選,18:40,18:35,7,https://keirin.kdreams.jp/nara/racedetail/5320231010010008/?pageType=result,2026-10-08T03:13:44.082265+00:00,6-2/1-4/3-5-7,published,競輪研究,楽天Kドリームス 並び予想
5320231010010009,2023-10-10,奈良競輪,F1,9,Ｓ級予選,19:05,19:00,7,https://keirin.kdreams.jp/nara/racedetail/5320231010010009/?pageType=result,2026-10-08T03:13:46.089896+00:00,5-1-7/4-2/6-3,published,競輪研究,楽天Kドリームス 並び予想
5320231010010010,2023-10-10,奈良競輪,F1,10,Ｓ級予選,19:30,19:25,7,https://keirin.kdreams.jp/nara/racedetail/5320231010010010/?pageType=result,2026-10-08T03:13:48.044037+00:00,5-1-7/2-4/6-3,published,競輪研究,楽天Kドリームス 並び予想
5320231010010011,2023-10-10,奈良競輪,F1,11,Ｓ級予選,19:55,19:50,7,https://keirin.kdreams.jp/nara/racedetail/5320231010010011/?pageType=result,2026-10-08T03:13:50.034370+00:00,5-1-6/2-4/7-3,published,競輪研究,楽天Kドリームス 並び予想
5320231010010012,2023-10-10,奈良競輪,F1,12,Ｓ級初特選,20:20,20:15,7,https://keirin.kdreams.jp/nara/racedetail/5320231010010012/?pageType=result,2026-10-08T03:13:51.850556+00:00,2-5/1/4/6/7-3,published,競輪研究,楽天Kドリームス 並び予想
4620231010010006,2023-10-10,富山競輪,F1,6,Ｓ級予選,13:13,13:08,7,https://keirin.kdreams.jp/toyama/racedetail/4620231010010006/?pageType=result,2026-10-08T03:14:20.611389+00:00,3-7-2/4-1-5/6,published,中部競輪,楽天Kドリームス 並び予想
4620231010010007,2023-10-10,富山競輪,F1,7,Ｓ級予選,13:43,13:38,7,https://keirin.kdreams.jp/toyama/racedetail/4620231010010007/?pageType=result,2026-10-08T03:14:22.675981+00:00,1-4/2/5-3-7/6,published,中部競輪,楽天Kドリームス 並び予想
4620231010010008,2023-10-10,富山競輪,F1,8,Ｓ級予選,14:14,14:09,7,https://keirin.kdreams.jp/toyama/racedetail/4620231010010008/?pageType=result,2026-10-08T03:14:24.499461+00:00,2-5-7/4-1-3/6,published,中部競輪,楽天Kドリームス 並び予想
4620231010010009,2023-10-10,富山競輪,F1,9,Ｓ級予選,14:45,14:40,7,https://keirin.kdreams.jp/toyama/racedetail/4620231010010009/?pageType=result,2026-10-08T03:14:26.532039+00:00,1-5-6/3-4/7-2,published,中部競輪,楽天Kドリームス 並び予想
4620231010010010,2023-10-10,富山競輪,F1,10,Ｓ級予選,15:17,15:12,7,https://keirin.kdreams.jp/toyama/racedetail/4620231010010010/?pageType=result,2026-10-08T03:14:28.555696+00:00,4-5-2-6/3-7-1,published,中部競輪,楽天Kドリームス 並び予想
4620231010010011,2023-10-10,富山競輪,F1,11,Ｓ級予選,15:50,15:45,7,https://keirin.kdreams.jp/toyama/racedetail/4620231010010011/?pageType=result,2026-10-08T03:14:30.421259+00:00,5-1-3/4-7-2/6,published,中部競輪,楽天Kドリームス 並び予想
4620231010010012,2023-10-10,富山競輪,F1,12,Ｓ級初特選,16:25,16:20,7,https://keirin.kdreams.jp/toyama/racedetail/4620231010010012/?pageType=result,2026-10-08T03:14:32.307034+00:00,2-7/4/5/6-1-3,published,中部競輪,楽天Kドリームス 並び予想
5320231010020006,2023-10-11,奈良競輪,F1,6,Ｓ級一般,17:50,17:45,6,https://keirin.kdreams.jp/nara/racedetail/5320231010020006/?pageType=result,2026-10-08T03:13:53.668106+00:00,1-5/4/6-2-3,published,競輪研究,楽天Kドリームス 並び予想
5320231010020007,2023-10-11,奈良競輪,F1,7,Ｓ級一般,18:15,18:10,6,https://keirin.kdreams.jp/nara/racedetail/5320231010020007/?pageType=result,2026-10-08T03:13:55.512969+00:00,4-1/2/6-3-5,published,競輪研究,楽天Kドリームス 並び予想
5320231010020008,2023-10-11,奈良競輪,F1,8,Ｓ級選抜,18:40,18:35,7,https://keirin.kdreams.jp/nara/racedetail/5320231010020008/?pageType=result,2026-10-08T03:13:57.346562+00:00,2-7/4-1/5/6-3,published,競輪研究,楽天Kドリームス 並び予想
5320231010020009,2023-10-11,奈良競輪,F1,9,Ｓ級選抜,19:05,19:00,7,https://keirin.kdreams.jp/nara/racedetail/5320231010020009/?pageType=result,2026-10-08T03:13:59.359755+00:00,7-1/4-5-2/3/6,published,競輪研究,楽天Kドリームス 並び予想
5320231010020010,2023-10-11,奈良競輪,F1,10,Ｓ級準決勝,19:30,19:25,7,https://keirin.kdreams.jp/nara/racedetail/5320231010020010/?pageType=result,2026-10-08T03:14:01.321804+00:00,1-6/4-2-7/3-5,published,競輪研究,楽天Kドリームス 並び予想
5320231010020011,2023-10-11,奈良競輪,F1,11,Ｓ級準決勝,19:55,19:50,7,https://keirin.kdreams.jp/nara/racedetail/5320231010020011/?pageType=result,2026-10-08T03:14:03.199595+00:00,4-1-7/6-2/5-3,published,競輪研究,楽天Kドリームス 並び予想
5320231010020012,2023-10-11,奈良競輪,F1,12,Ｓ級準決勝,20:20,20:15,7,https://keirin.kdreams.jp/nara/racedetail/5320231010020012/?pageType=result,2026-10-08T03:14:05.092553+00:00,5-1-2/7-3-4/6,published,競輪研究,楽天Kドリームス 並び予想
4620231010020006,2023-10-11,富山競輪,F1,6,Ｓ級一般,13:13,13:08,7,https://keirin.kdreams.jp/toyama/racedetail/4620231010020006/?pageType=result,2026-10-08T03:14:34.375412+00:00,3-5-1/6/2-7-4,published,中部競輪,楽天Kドリームス 並び予想
4620231010020007,2023-10-11,富山競輪,F1,7,Ｓ級一般,13:43,13:38,7,https://keirin.kdreams.jp/toyama/racedetail/4620231010020007/?pageType=result,2026-10-08T03:14:36.243402+00:00,1-4-6/2/7-3-5,published,中部競輪,楽天Kドリームス 並び予想
4620231010020008,2023-10-11,富山競輪,F1,8,Ｓ級選抜,14:14,14:09,7,https://keirin.kdreams.jp/toyama/racedetail/4620231010020008/?pageType=result,2026-10-08T03:14:38.161077+00:00,1-6/2-7/5-3/4,published,中部競輪,楽天Kドリームス 並び予想
4620231010020009,2023-10-11,富山競輪,F1,9,Ｓ級選抜,14:45,14:40,7,https://keirin.kdreams.jp/toyama/racedetail/4620231010020009/?pageType=result,2026-10-08T03:14:40.053495+00:00,4-1-5/6/7-3-2,published,中部競輪,楽天Kドリームス 並び予想
4620231010020010,2023-10-11,富山競輪,F1,10,Ｓ級準決勝,15:17,15:12,7,https://keirin.kdreams.jp/toyama/racedetail/4620231010020010/?pageType=result,2026-10-08T03:14:41.853383+00:00,5-1-4/3-2/6/7,published,中部競輪,楽天Kドリームス 並び予想
4620231010020011,2023-10-11,富山競輪,F1,11,Ｓ級準決勝,15:50,15:45,7,https://keirin.kdreams.jp/toyama/racedetail/4620231010020011/?pageType=result,2026-10-08T03:14:44.180111+00:00,1-4/3-5-6/2-7,published,中部競輪,楽天Kドリームス 並び予想
4620231010020012,2023-10-11,富山競輪,F1,12,Ｓ級準決勝,16:25,16:20,7,https://keirin.kdreams.jp/toyama/racedetail/4620231010020012/?pageType=result,2026-10-08T03:14:45.939817+00:00,5-7-1/2-6/4-3,published,中部競輪,楽天Kドリームス 並び予想
5320231010030005,2023-10-12,奈良競輪,F1,5,Ｓ級一般,17:35,17:30,5,https://keirin.kdreams.jp/nara/racedetail/5320231010030005/?pageType=result,2026-10-08T03:14:06.741010+00:00,3-1-4/5-2,published,競輪研究,楽天Kドリームス 並び予想
5320231010030006,2023-10-12,奈良競輪,F1,6,Ｓ級一般,18:00,17:55,6,https://keirin.kdreams.jp/nara/racedetail/5320231010030006/?pageType=result,2026-10-08T03:14:08.499372+00:00,6-2/4-1/5-3,published,競輪研究,楽天Kドリームス 並び予想
5320231010030007,2023-10-12,奈良競輪,F1,7,Ｓ級一般,18:25,18:20,6,https://keirin.kdreams.jp/nara/racedetail/5320231010030007/?pageType=result,2026-10-08T03:14:10.455009+00:00,4-1-6/2/3-5,published,競輪研究,楽天Kドリームス 並び予想
5320231010030008,2023-10-12,奈良競輪,F1,8,Ｓ級特選,18:50,18:45,7,https://keirin.kdreams.jp/nara/racedetail/5320231010030008/?pageType=result,2026-10-08T03:14:12.337005+00:00,2-1-7/4-3/6-5,published,競輪研究,楽天Kドリームス 並び予想
5320231010030009,2023-10-12,奈良競輪,F1,9,Ｓ級特選,19:15,19:10,7,https://keirin.kdreams.jp/nara/racedetail/5320231010030009/?pageType=result,2026-10-08T03:14:14.457179+00:00,1-5-6/4-2/3-7,published,競輪研究,楽天Kドリームス 並び予想
5320231010030010,2023-10-12,奈良競輪,F1,10,Ｓ級特選,19:40,19:35,7,https://keirin.kdreams.jp/nara/racedetail/5320231010030010/?pageType=result,2026-10-08T03:14:16.705443+00:00,6-1/2-4-7/5-3,published,競輪研究,楽天Kドリームス 並び予想
5320231010030012,2023-10-12,奈良競輪,F1,12,Ｓ級決勝,20:30,20:25,7,https://keirin.kdreams.jp/nara/racedetail/5320231010030012/?pageType=result,2026-10-08T03:14:18.753311+00:00,1-7/2-5-3/4-6,published,競輪研究,楽天Kドリームス 並び予想
4620231010030005,2023-10-12,富山競輪,F1,5,Ｓ級一般,12:28,12:23,6,https://keirin.kdreams.jp/toyama/racedetail/4620231010030005/?pageType=result,2026-10-08T03:14:47.796917+00:00,2/1/3-5-6/4,published,中部競輪,楽天Kドリームス 並び予想
4620231010030006,2023-10-12,富山競輪,F1,6,Ｓ級一般,12:58,12:53,7,https://keirin.kdreams.jp/toyama/racedetail/4620231010030006/?pageType=result,2026-10-08T03:14:49.688199+00:00,1-4-7/2-6/3-5,published,中部競輪,楽天Kドリームス 並び予想
4620231010030007,2023-10-12,富山競輪,F1,7,Ｓ級一般,13:28,13:23,7,https://keirin.kdreams.jp/toyama/racedetail/4620231010030007/?pageType=result,2026-10-08T03:14:51.952493+00:00,1-6-5/3/2-7-4,published,中部競輪,楽天Kドリームス 並び予想
4620231010030008,2023-10-12,富山競輪,F1,8,Ｓ級特選,13:58,13:53,7,https://keirin.kdreams.jp/toyama/racedetail/4620231010030008/?pageType=result,2026-10-08T03:14:54.097549+00:00,4-5-1/2-6/3-7,published,中部競輪,楽天Kドリームス 並び予想
4620231010030009,2023-10-12,富山競輪,F1,9,Ｓ級特選,14:29,14:24,7,https://keirin.kdreams.jp/toyama/racedetail/4620231010030009/?pageType=result,2026-10-08T03:14:55.983606+00:00,6-1/4-2/7-3-5,published,中部競輪,楽天Kドリームス 並び予想
4620231010030010,2023-10-12,富山競輪,F1,10,Ｓ級特選,15:05,15:00,7,https://keirin.kdreams.jp/toyama/racedetail/4620231010030010/?pageType=result,2026-10-08T03:14:57.767735+00:00,7-2-4/1/5/6-3,published,中部競輪,楽天Kドリームス 並び予想
4620231010030012,2023-10-12,富山競輪,F1,12,Ｓ級決勝,16:20,16:15,7,https://keirin.kdreams.jp/toyama/racedetail/4620231010030012/?pageType=result,2026-10-08T03:14:59.763306+00:00,1-7/3/6-4/5-2,published,中部競輪,楽天Kドリームス 並び予想
1220231012010008,2023-10-12,青森競輪,F1,8,Ｓ級予選,18:41,18:36,6,https://keirin.kdreams.jp/aomori/racedetail/1220231012010008/?pageType=result,2026-10-08T03:15:01.632278+00:00,6-3/5-1/2-4,published,アオケイ,楽天Kドリームス 並び予想
1220231012010009,2023-10-12,青森競輪,F1,9,Ｓ級予選,19:07,19:02,7,https://keirin.kdreams.jp/aomori/racedetail/1220231012010009/?pageType=result,2026-10-08T03:15:03.892413+00:00,3-7/1-4-6/5-2,published,アオケイ,楽天Kドリームス 並び予想
1220231012010010,2023-10-12,青森競輪,F1,10,Ｓ級予選,19:33,19:28,7,https://keirin.kdreams.jp/aomori/racedetail/1220231012010010/?pageType=result,2026-10-08T03:15:05.866233+00:00,5-1/2-6/4-7-3,published,アオケイ,楽天Kドリームス 並び予想
1220231012010011,2023-10-12,青森競輪,F1,11,Ｓ級予選,19:59,19:54,7,https://keirin.kdreams.jp/aomori/racedetail/1220231012010011/?pageType=result,2026-10-08T03:15:07.731536+00:00,3-1-5/7-2-4/6,published,アオケイ,楽天Kドリームス 並び予想
1220231012010012,2023-10-12,青森競輪,F1,12,Ｓ級初日特選,20:25,20:20,7,https://keirin.kdreams.jp/aomori/racedetail/1220231012010012/?pageType=result,2026-10-08T03:15:09.752391+00:00,7-3/1-5/4-6-2,published,アオケイ,楽天Kドリームス 並び予想
1220231012020008,2023-10-13,青森競輪,F1,8,Ｓ級一般,18:41,18:36,6,https://keirin.kdreams.jp/aomori/racedetail/1220231012020008/?pageType=result,2026-10-08T03:15:11.938181+00:00,5-1-6/2/3-4,published,アオケイ,楽天Kドリームス 並び予想
1220231012020009,2023-10-13,青森競輪,F1,9,Ｓ級一般,19:07,19:02,6,https://keirin.kdreams.jp/aomori/racedetail/1220231012020009/?pageType=result,2026-10-08T03:15:13.653255+00:00,1-3-4/6-5-2,published,アオケイ,楽天Kドリームス 並び予想
1220231012020010,2023-10-13,青森競輪,F1,10,Ｓ級準決勝,19:33,19:28,7,https://keirin.kdreams.jp/aomori/racedetail/1220231012020010/?pageType=result,2026-10-08T03:15:15.715668+00:00,1-7/2-4/3-5/6,published,アオケイ,楽天Kドリームス 並び予想
1220231012020011,2023-10-13,青森競輪,F1,11,Ｓ級準決勝,19:59,19:54,7,https://keirin.kdreams.jp/aomori/racedetail/1220231012020011/?pageType=result,2026-10-08T03:15:17.641510+00:00,2-7/6-4-1/5-3,published,アオケイ,楽天Kドリームス 並び予想
1220231012020012,2023-10-13,青森競輪,F1,12,Ｓ級準決勝,20:25,20:20,7,https://keirin.kdreams.jp/aomori/racedetail/1220231012020012/?pageType=result,2026-10-08T03:15:19.662503+00:00,1-5-7/6-2/3-4,published,アオケイ,楽天Kドリームス 並び予想
5520231014010008,2023-10-14,和歌山競輪,F1,8,Ｓ級予選,14:15,14:10,7,https://keirin.kdreams.jp/wakayama/racedetail/5520231014010008/?pageType=result,2026-10-08T03:17:12.080962+00:00,5-3/4-1/2-7-6,published,競輪研究,楽天Kドリームス 並び予想
5520231014010009,2023-10-14,和歌山競輪,F1,9,Ｓ級予選,14:40,14:35,7,https://keirin.kdreams.jp/wakayama/racedetail/5520231014010009/?pageType=result,2026-10-08T03:17:14.190227+00:00,2-5-6/4-1/7-3,published,競輪研究,楽天Kドリームス 並び予想
5520231014010010,2023-10-14,和歌山競輪,F1,10,Ｓ級予選,15:10,15:05,7,https://keirin.kdreams.jp/wakayama/racedetail/5520231014010010/?pageType=result,2026-10-08T03:17:16.162997+00:00,4-2/1/6/7-5-3,published,競輪研究,楽天Kドリームス 並び予想
5520231014010011,2023-10-14,和歌山競輪,F1,11,Ｓ級予選,15:40,15:35,7,https://keirin.kdreams.jp/wakayama/racedetail/5520231014010011/?pageType=result,2026-10-08T03:17:18.395615+00:00,5-4-1/6-2/3-7,published,競輪研究,楽天Kドリームス 並び予想
5520231014010012,2023-10-14,和歌山競輪,F1,12,Ｓ級初日特選,16:15,16:10,7,https://keirin.kdreams.jp/wakayama/racedetail/5520231014010012/?pageType=result,2026-10-08T03:17:20.330086+00:00,5-2/7-1/6-3/4,published,競輪研究,楽天Kドリームス 並び予想
1220231012030006,2023-10-14,青森競輪,F1,6,Ｓ級一般,17:50,17:45,6,https://keirin.kdreams.jp/aomori/racedetail/1220231012030006/?pageType=result,2026-10-08T03:15:21.390133+00:00,1-5-4/2/3-6,published,アオケイ,楽天Kドリームス 並び予想
1220231012030007,2023-10-14,青森競輪,F1,7,Ｓ級一般,18:16,18:11,6,https://keirin.kdreams.jp/aomori/racedetail/1220231012030007/?pageType=result,2026-10-08T03:15:23.263594+00:00,4-1-5/6-2-3,published,アオケイ,楽天Kドリームス 並び予想
1220231012030008,2023-10-14,青森競輪,F1,8,Ｓ級特選,18:42,18:37,7,https://keirin.kdreams.jp/aomori/racedetail/1220231012030008/?pageType=result,2026-10-08T03:15:25.147899+00:00,1-5/6-2/4-3/7,published,アオケイ,楽天Kドリームス 並び予想
1220231012030009,2023-10-14,青森競輪,F1,9,Ｓ級特選,19:08,19:03,7,https://keirin.kdreams.jp/aomori/racedetail/1220231012030009/?pageType=result,2026-10-08T03:15:26.962596+00:00,4-1-5/7-2/3-6,published,アオケイ,楽天Kドリームス 並び予想
1220231012030012,2023-10-14,青森競輪,F1,12,Ｓ級決勝,20:35,20:30,7,https://keirin.kdreams.jp/aomori/racedetail/1220231012030012/?pageType=result,2026-10-08T03:15:28.888227+00:00,3-7-1/2-5/4-6,published,アオケイ,楽天Kドリームス 並び予想
5520231014020008,2023-10-15,和歌山競輪,F1,8,Ｓ級一般,14:15,14:10,6,https://keirin.kdreams.jp/wakayama/racedetail/5520231014020008/?pageType=result,2026-10-08T03:17:22.115105+00:00,5-2-1/4-3/6,published,競輪研究,楽天Kドリームス 並び予想
5520231014020009,2023-10-15,和歌山競輪,F1,9,Ｓ級一般,14:40,14:35,7,https://keirin.kdreams.jp/wakayama/racedetail/5520231014020009/?pageType=result,2026-10-08T03:17:24.047299+00:00,5-2-1/4/3-7-6,published,競輪研究,楽天Kドリームス 並び予想
5520231014020010,2023-10-15,和歌山競輪,F1,10,Ｓ級準決勝,15:10,15:05,7,https://keirin.kdreams.jp/wakayama/racedetail/5520231014020010/?pageType=result,2026-10-08T03:17:25.854434+00:00,4-2/5-1/3-7-6,published,競輪研究,楽天Kドリームス 並び予想
5520231014020011,2023-10-15,和歌山競輪,F1,11,Ｓ級準決勝,15:40,15:35,7,https://keirin.kdreams.jp/wakayama/racedetail/5520231014020011/?pageType=result,2026-10-08T03:17:27.858347+00:00,1-6/2/3-4/5-7,published,競輪研究,楽天Kドリームス 並び予想
5520231014020012,2023-10-15,和歌山競輪,F1,12,Ｓ級準決勝,16:15,16:10,7,https://keirin.kdreams.jp/wakayama/racedetail/5520231014020012/?pageType=result,2026-10-08T03:17:29.731025+00:00,1-5-6/4-2/3-7,published,競輪研究,楽天Kドリームス 並び予想
8420231015010006,2023-10-15,武雄競輪,F1,6,Ｓ級予選,17:24,17:19,7,https://keirin.kdreams.jp/takeo/racedetail/8420231015010006/?pageType=result,2026-10-08T03:17:42.059702+00:00,1-6/7-3/5-2/4,published,百万弗,楽天Kドリームス 並び予想
8420231015010007,2023-10-15,武雄競輪,F1,7,Ｓ級予選,17:48,17:43,7,https://keirin.kdreams.jp/takeo/racedetail/8420231015010007/?pageType=result,2026-10-08T03:17:43.829087+00:00,4-3-7/6-1-5/2,published,百万弗,楽天Kドリームス 並び予想
8420231015010008,2023-10-15,武雄競輪,F1,8,Ｓ級予選,18:14,18:09,7,https://keirin.kdreams.jp/takeo/racedetail/8420231015010008/?pageType=result,2026-10-08T03:17:45.785942+00:00,1-4-6/5-3/2-7,published,百万弗,楽天Kドリームス 並び予想
8420231015010009,2023-10-15,武雄競輪,F1,9,Ｓ級予選,18:41,18:36,7,https://keirin.kdreams.jp/takeo/racedetail/8420231015010009/?pageType=result,2026-10-08T03:17:47.645852+00:00,5-1-6/4-3/7-2,published,百万弗,楽天Kドリームス 並び予想
8420231015010010,2023-10-15,武雄競輪,F1,10,Ｓ級予選,19:12,19:07,7,https://keirin.kdreams.jp/takeo/racedetail/8420231015010010/?pageType=result,2026-10-08T03:17:49.619275+00:00,7-4-2/3-5/6-1,published,百万弗,楽天Kドリームス 並び予想
8420231015010011,2023-10-15,武雄競輪,F1,11,Ｓ級予選,19:44,19:39,7,https://keirin.kdreams.jp/takeo/racedetail/8420231015010011/?pageType=result,2026-10-08T03:17:51.463721+00:00,2-7/1-5/4-3/6,published,百万弗,楽天Kドリームス 並び予想
8420231015010012,2023-10-15,武雄競輪,F1,12,Ｓ級初特選,20:20,20:15,7,https://keirin.kdreams.jp/takeo/racedetail/8420231015010012/?pageType=result,2026-10-08T03:17:53.383591+00:00,2-5/1/7-3/6-4,published,百万弗,楽天Kドリームス 並び予想
2320231016010006,2023-10-16,取手競輪,F1,6,Ｓ級予選,12:49,12:44,7,https://keirin.kdreams.jp/toride/racedetail/2320231016010006/?pageType=result,2026-10-08T03:19:02.616015+00:00,4-1-7/2-6/5-3,published,アオケイ,楽天Kドリームス 並び予想
2320231016010007,2023-10-16,取手競輪,F1,7,Ｓ級予選,13:19,13:14,7,https://keirin.kdreams.jp/toride/racedetail/2320231016010007/?pageType=result,2026-10-08T03:19:04.478711+00:00,3-5-1/6/7-2-4,published,アオケイ,楽天Kドリームス 並び予想
2320231016010008,2023-10-16,取手競輪,F1,8,Ｓ級予選,13:51,13:46,7,https://keirin.kdreams.jp/toride/racedetail/2320231016010008/?pageType=result,2026-10-08T03:19:06.730544+00:00,1-5/7-2/4/6-3,published,アオケイ,楽天Kドリームス 並び予想
2320231016010009,2023-10-16,取手競輪,F1,9,Ｓ級予選,14:23,14:18,7,https://keirin.kdreams.jp/toride/racedetail/2320231016010009/?pageType=result,2026-10-08T03:19:08.661018+00:00,4-1-2/5/6-3-7,published,アオケイ,楽天Kドリームス 並び予想
2320231016010010,2023-10-16,取手競輪,F1,10,Ｓ級予選,14:55,14:50,7,https://keirin.kdreams.jp/toride/racedetail/2320231016010010/?pageType=result,2026-10-08T03:19:10.394597+00:00,7-1-4/6/3-2-5,published,アオケイ,楽天Kドリームス 並び予想
2320231016010011,2023-10-16,取手競輪,F1,11,Ｓ級予選,15:27,15:22,7,https://keirin.kdreams.jp/toride/racedetail/2320231016010011/?pageType=result,2026-10-08T03:19:12.500137+00:00,1-3-5/2-6/7-4,published,アオケイ,楽天Kドリームス 並び予想
2320231016010012,2023-10-16,取手競輪,F1,12,Ｓ級初特選,16:00,15:55,7,https://keirin.kdreams.jp/toride/racedetail/2320231016010012/?pageType=result,2026-10-08T03:19:14.461474+00:00,1-7/4-3-6/2-5,published,アオケイ,楽天Kドリームス 並び予想
5520231014030006,2023-10-16,和歌山競輪,F1,6,Ｓ級一般,13:15,13:10,6,https://keirin.kdreams.jp/wakayama/racedetail/5520231014030006/?pageType=result,2026-10-08T03:17:31.981530+00:00,1-6/2/3-4-5,published,競輪研究,楽天Kドリームス 並び予想
5520231014030007,2023-10-16,和歌山競輪,F1,7,Ｓ級一般,13:45,13:40,7,https://keirin.kdreams.jp/wakayama/racedetail/5520231014030007/?pageType=result,2026-10-08T03:17:33.877314+00:00,2-4/1-7/5-6-3,published,競輪研究,楽天Kドリームス 並び予想
5520231014030008,2023-10-16,和歌山競輪,F1,8,Ｓ級特選,14:15,14:10,7,https://keirin.kdreams.jp/wakayama/racedetail/5520231014030008/?pageType=result,2026-10-08T03:17:35.710154+00:00,2-5/4-1-6/3-7,published,競輪研究,楽天Kドリームス 並び予想
5520231014030009,2023-10-16,和歌山競輪,F1,9,Ｓ級特選,14:40,14:35,7,https://keirin.kdreams.jp/wakayama/racedetail/5520231014030009/?pageType=result,2026-10-08T03:17:37.976602+00:00,4-1-6/2-7/5-3,published,競輪研究,楽天Kドリームス 並び予想
5520231014030012,2023-10-16,和歌山競輪,F1,12,Ｓ級決勝,16:15,16:10,7,https://keirin.kdreams.jp/wakayama/racedetail/5520231014030012/?pageType=result,2026-10-08T03:17:39.949676+00:00,6-1/5-2/7-3/4,published,競輪研究,楽天Kドリームス 並び予想
8420231015020006,2023-10-16,武雄競輪,F1,6,Ｓ級一般,17:24,17:19,7,https://keirin.kdreams.jp/takeo/racedetail/8420231015020006/?pageType=result,2026-10-08T03:17:55.420805+00:00,1-5/2-4-7/6-3,published,百万弗,楽天Kドリームス 並び予想
8420231015020007,2023-10-16,武雄競輪,F1,7,Ｓ級一般,17:48,17:43,7,https://keirin.kdreams.jp/takeo/racedetail/8420231015020007/?pageType=result,2026-10-08T03:17:57.244043+00:00,7-1-4/2-5/3/6,published,百万弗,楽天Kドリームス 並び予想
8420231015020008,2023-10-16,武雄競輪,F1,8,Ｓ級選抜,18:14,18:09,7,https://keirin.kdreams.jp/takeo/racedetail/8420231015020008/?pageType=result,2026-10-08T03:17:59.250050+00:00,1-4/7-2/3-5/6,published,百万弗,楽天Kドリームス 並び予想
8420231015020009,2023-10-16,武雄競輪,F1,9,Ｓ級選抜,18:41,18:36,7,https://keirin.kdreams.jp/takeo/racedetail/8420231015020009/?pageType=result,2026-10-08T03:18:01.134658+00:00,5-1-6/2-4/7-3,published,百万弗,楽天Kドリームス 並び予想
8420231015020010,2023-10-16,武雄競輪,F1,10,Ｓ級準決勝,19:12,19:07,7,https://keirin.kdreams.jp/takeo/racedetail/8420231015020010/?pageType=result,2026-10-08T03:18:03.357365+00:00,5-1-4/2-6/7-3,published,百万弗,楽天Kドリームス 並び予想
8420231015020011,2023-10-16,武雄競輪,F1,11,Ｓ級準決勝,19:44,19:39,7,https://keirin.kdreams.jp/takeo/racedetail/8420231015020011/?pageType=result,2026-10-08T03:18:05.363812+00:00,7-1/2-6/3-5/4,published,百万弗,楽天Kドリームス 並び予想
8420231015020012,2023-10-16,武雄競輪,F1,12,Ｓ級準決勝,20:20,20:15,7,https://keirin.kdreams.jp/takeo/racedetail/8420231015020012/?pageType=result,2026-10-08T03:18:07.252284+00:00,4-2/5-1-7/3-6,published,百万弗,楽天Kドリームス 並び予想
7120231016010006,2023-10-16,高松競輪,F1,6,Ｓ級予選,13:01,12:56,7,https://keirin.kdreams.jp/takamatsu/racedetail/7120231016010006/?pageType=result,2026-10-08T03:18:22.912561+00:00,3-1-5/6/7-2-4,published,競輪毎日,楽天Kドリームス 並び予想
7120231016010007,2023-10-16,高松競輪,F1,7,Ｓ級予選,13:32,13:27,7,https://keirin.kdreams.jp/takamatsu/racedetail/7120231016010007/?pageType=result,2026-10-08T03:18:24.772097+00:00,5-1-3-6/7-2-4,published,競輪毎日,楽天Kドリームス 並び予想
7120231016010008,2023-10-16,高松競輪,F1,8,Ｓ級予選,14:04,13:59,7,https://keirin.kdreams.jp/takamatsu/racedetail/7120231016010008/?pageType=result,2026-10-08T03:18:26.548061+00:00,4-2-5/6/7-1-3,published,競輪毎日,楽天Kドリームス 並び予想
7120231016010009,2023-10-16,高松競輪,F1,9,Ｓ級予選,14:36,14:31,7,https://keirin.kdreams.jp/takamatsu/racedetail/7120231016010009/?pageType=result,2026-10-08T03:18:28.469224+00:00,4-2/1-5-7/6-3,published,競輪毎日,楽天Kドリームス 並び予想
7120231016010010,2023-10-16,高松競輪,F1,10,Ｓ級予選,15:08,15:03,7,https://keirin.kdreams.jp/takamatsu/racedetail/7120231016010010/?pageType=result,2026-10-08T03:18:30.342844+00:00,1-7/5-2-4/6-3,published,競輪毎日,楽天Kドリームス 並び予想
7120231016010011,2023-10-16,高松競輪,F1,11,Ｓ級予選,15:42,15:37,7,https://keirin.kdreams.jp/takamatsu/racedetail/7120231016010011/?pageType=result,2026-10-08T03:18:32.409843+00:00,4-1-5/7-2/6-3,published,競輪毎日,楽天Kドリームス 並び予想
7120231016010012,2023-10-16,高松競輪,F1,12,Ｓ級初特選,16:20,16:15,7,https://keirin.kdreams.jp/takamatsu/racedetail/7120231016010012/?pageType=result,2026-10-08T03:18:34.321452+00:00,4-1/6-3/2/7-5,published,競輪毎日,楽天Kドリームス 並び予想
2320231016020006,2023-10-17,取手競輪,F1,6,Ｓ級一般,12:49,12:44,7,https://keirin.kdreams.jp/toride/racedetail/2320231016020006/?pageType=result,2026-10-08T03:19:16.340832+00:00,6-1-4/7-3/5-2,published,アオケイ,楽天Kドリームス 並び予想
2320231016020007,2023-10-17,取手競輪,F1,7,Ｓ級一般,13:19,13:14,7,https://keirin.kdreams.jp/toride/racedetail/2320231016020007/?pageType=result,2026-10-08T03:19:18.244176+00:00,1-4-6/3/7-2-5,published,アオケイ,楽天Kドリームス 並び予想
2320231016020008,2023-10-17,取手競輪,F1,8,Ｓ級選抜,13:51,13:46,7,https://keirin.kdreams.jp/toride/racedetail/2320231016020008/?pageType=result,2026-10-08T03:19:20.469433+00:00,5-1-7/2-6/3-4,published,アオケイ,楽天Kドリームス 並び予想
2320231016020009,2023-10-17,取手競輪,F1,9,Ｓ級選抜,14:23,14:18,7,https://keirin.kdreams.jp/toride/racedetail/2320231016020009/?pageType=result,2026-10-08T03:19:22.328562+00:00,7-1-4/2-5/6-3,published,アオケイ,楽天Kドリームス 並び予想
2320231016020010,2023-10-17,取手競輪,F1,10,Ｓ級準決勝,14:55,14:50,7,https://keirin.kdreams.jp/toride/racedetail/2320231016020010/?pageType=result,2026-10-08T03:19:24.419089+00:00,1-4/6-2-5/3-7,published,アオケイ,楽天Kドリームス 並び予想
2320231016020011,2023-10-17,取手競輪,F1,11,Ｓ級準決勝,15:27,15:22,7,https://keirin.kdreams.jp/toride/racedetail/2320231016020011/?pageType=result,2026-10-08T03:19:26.270078+00:00,4-1/2-7/5-3-6,published,アオケイ,楽天Kドリームス 並び予想
2320231016020012,2023-10-17,取手競輪,F1,12,Ｓ級準決勝,16:00,15:55,7,https://keirin.kdreams.jp/toride/racedetail/2320231016020012/?pageType=result,2026-10-08T03:19:28.020480+00:00,1-7-4-6/5/2-3,published,アオケイ,楽天Kドリームス 並び予想
3420231017010006,2023-10-17,川崎競輪,F1,6,Ｓ級予選,17:25,17:20,7,https://keirin.kdreams.jp/kawasaki/racedetail/3420231017010006/?pageType=result,2026-10-08T03:19:43.019414+00:00,7-4-1/5-3/6-2,published,小田競・サイクル,楽天Kドリームス 並び予想
3420231017010007,2023-10-17,川崎競輪,F1,7,Ｓ級予選,17:52,17:47,7,https://keirin.kdreams.jp/kawasaki/racedetail/3420231017010007/?pageType=result,2026-10-08T03:19:45.004402+00:00,2-7-5/4-3/6-1,published,小田競・サイクル,楽天Kドリームス 並び予想
3420231017010008,2023-10-17,川崎競輪,F1,8,Ｓ級予選,18:20,18:15,7,https://keirin.kdreams.jp/kawasaki/racedetail/3420231017010008/?pageType=result,2026-10-08T03:19:46.841133+00:00,7-1/4-2/3-5/6,published,小田競・サイクル,楽天Kドリームス 並び予想
3420231017010009,2023-10-17,川崎競輪,F1,9,Ｓ級予選,18:48,18:43,7,https://keirin.kdreams.jp/kawasaki/racedetail/3420231017010009/?pageType=result,2026-10-08T03:19:48.587552+00:00,1-5/3/7-2/4/6,published,小田競・サイクル,楽天Kドリームス 並び予想
3420231017010010,2023-10-17,川崎競輪,F1,10,Ｓ級予選,19:17,19:12,7,https://keirin.kdreams.jp/kawasaki/racedetail/3420231017010010/?pageType=result,2026-10-08T03:19:50.582219+00:00,1-4-6/2-5/3-7,published,小田競・サイクル,楽天Kドリームス 並び予想
3420231017010011,2023-10-17,川崎競輪,F1,11,Ｓ級予選,19:49,19:44,7,https://keirin.kdreams.jp/kawasaki/racedetail/3420231017010011/?pageType=result,2026-10-08T03:19:52.423030+00:00,1-7-6/4-2/5-3,published,小田競・サイクル,楽天Kドリームス 並び予想
3420231017010012,2023-10-17,川崎競輪,F1,12,Ｓ級初特選,20:25,20:20,7,https://keirin.kdreams.jp/kawasaki/racedetail/3420231017010012/?pageType=result,2026-10-08T03:19:54.673833+00:00,7-2/3/1-6/5-4,published,小田競・サイクル,楽天Kドリームス 並び予想
8420231015030005,2023-10-17,武雄競輪,F1,5,Ｓ級一般,17:10,17:05,7,https://keirin.kdreams.jp/takeo/racedetail/8420231015030005/?pageType=result,2026-10-08T03:18:09.159842+00:00,7-1/2-5-4/6-3,published,百万弗,楽天Kドリームス 並び予想
8420231015030006,2023-10-17,武雄競輪,F1,6,Ｓ級一般,17:35,17:30,7,https://keirin.kdreams.jp/takeo/racedetail/8420231015030006/?pageType=result,2026-10-08T03:18:11.353539+00:00,7-1/5-4-2/3/6,published,百万弗,楽天Kドリームス 並び予想
8420231015030007,2023-10-17,武雄競輪,F1,7,Ｓ級一般,18:02,17:57,7,https://keirin.kdreams.jp/takeo/racedetail/8420231015030007/?pageType=result,2026-10-08T03:18:13.379149+00:00,4-1-5/3/6-2/7,published,百万弗,楽天Kドリームス 並び予想
8420231015030008,2023-10-17,武雄競輪,F1,8,Ｓ級特選,18:30,18:25,7,https://keirin.kdreams.jp/takeo/racedetail/8420231015030008/?pageType=result,2026-10-08T03:18:15.270782+00:00,1-4-3/2-7-5/6,published,百万弗,楽天Kドリームス 並び予想
8420231015030009,2023-10-17,武雄競輪,F1,9,Ｓ級特選,18:58,18:53,7,https://keirin.kdreams.jp/takeo/racedetail/8420231015030009/?pageType=result,2026-10-08T03:18:17.153627+00:00,1-5/2-7/4-3-6,published,百万弗,楽天Kドリームス 並び予想
8420231015030010,2023-10-17,武雄競輪,F1,10,Ｓ級特選,19:27,19:22,7,https://keirin.kdreams.jp/takeo/racedetail/8420231015030010/?pageType=result,2026-10-08T03:18:19.065712+00:00,5-7-1/2-6/4-3,published,百万弗,楽天Kドリームス 並び予想
8420231015030012,2023-10-17,武雄競輪,F1,12,Ｓ級決勝,20:35,20:30,7,https://keirin.kdreams.jp/takeo/racedetail/8420231015030012/?pageType=result,2026-10-08T03:18:20.966697+00:00,1-5-7/2-6-4/3,published,百万弗,楽天Kドリームス 並び予想
7120231016020006,2023-10-17,高松競輪,F1,6,Ｓ級一般,13:01,12:56,7,https://keirin.kdreams.jp/takamatsu/racedetail/7120231016020006/?pageType=result,2026-10-08T03:18:36.179640+00:00,2-5-4/6/1-7-3,published,競輪毎日,楽天Kドリームス 並び予想
7120231016020007,2023-10-17,高松競輪,F1,7,Ｓ級一般,13:32,13:27,7,https://keirin.kdreams.jp/takamatsu/racedetail/7120231016020007/?pageType=result,2026-10-08T03:18:38.132055+00:00,1-4-5/6-2/7-3,published,競輪毎日,楽天Kドリームス 並び予想
7120231016020008,2023-10-17,高松競輪,F1,8,Ｓ級選抜,14:04,13:59,7,https://keirin.kdreams.jp/takamatsu/racedetail/7120231016020008/?pageType=result,2026-10-08T03:18:39.979318+00:00,2-4-7/1/6-3-5,published,競輪毎日,楽天Kドリームス 並び予想
7120231016020009,2023-10-17,高松競輪,F1,9,Ｓ級選抜,14:36,14:31,7,https://keirin.kdreams.jp/takamatsu/racedetail/7120231016020009/?pageType=result,2026-10-08T03:18:42.001286+00:00,5-7-1-2/3-6/4,published,競輪毎日,楽天Kドリームス 並び予想
7120231016020010,2023-10-17,高松競輪,F1,10,Ｓ級準決勝,15:08,15:03,7,https://keirin.kdreams.jp/takamatsu/racedetail/7120231016020010/?pageType=result,2026-10-08T03:18:43.759141+00:00,7-1-4-6/3/5-2,published,競輪毎日,楽天Kドリームス 並び予想
7120231016020011,2023-10-17,高松競輪,F1,11,Ｓ級準決勝,15:42,15:37,7,https://keirin.kdreams.jp/takamatsu/racedetail/7120231016020011/?pageType=result,2026-10-08T03:18:45.699805+00:00,1-7-4/5-2/6-3,published,競輪毎日,楽天Kドリームス 並び予想
7120231016020012,2023-10-17,高松競輪,F1,12,Ｓ級準決勝,16:20,16:15,7,https://keirin.kdreams.jp/takamatsu/racedetail/7120231016020012/?pageType=result,2026-10-08T03:18:47.627309+00:00,4-1-7/2-5/6-3,published,競輪毎日,楽天Kドリームス 並び予想
2320231016030005,2023-10-18,取手競輪,F1,5,Ｓ級一般,12:19,12:14,7,https://keirin.kdreams.jp/toride/racedetail/2320231016030005/?pageType=result,2026-10-08T03:19:29.919551+00:00,6-1/5-2/4-3-7,published,アオケイ,楽天Kドリームス 並び予想
2320231016030006,2023-10-18,取手競輪,F1,6,Ｓ級一般,12:49,12:44,7,https://keirin.kdreams.jp/toride/racedetail/2320231016030006/?pageType=result,2026-10-08T03:19:31.707789+00:00,6-5-1/2-4/3-7,published,アオケイ,楽天Kドリームス 並び予想
2320231016030007,2023-10-18,取手競輪,F1,7,Ｓ級一般,13:19,13:14,7,https://keirin.kdreams.jp/toride/racedetail/2320231016030007/?pageType=result,2026-10-08T03:19:33.672388+00:00,4-1-6/2-5/7-3,published,アオケイ,楽天Kドリームス 並び予想
2320231016030008,2023-10-18,取手競輪,F1,8,Ｓ級特選,13:51,13:46,7,https://keirin.kdreams.jp/toride/racedetail/2320231016030008/?pageType=result,2026-10-08T03:19:35.454620+00:00,4-1-7/3/5-2-6,published,アオケイ,楽天Kドリームス 並び予想
2320231016030009,2023-10-18,取手競輪,F1,9,Ｓ級特選,14:23,14:18,7,https://keirin.kdreams.jp/toride/racedetail/2320231016030009/?pageType=result,2026-10-08T03:19:37.292876+00:00,5-1/2-7-4/3-6,published,アオケイ,楽天Kドリームス 並び予想
2320231016030010,2023-10-18,取手競輪,F1,10,Ｓ級特選,14:55,14:50,7,https://keirin.kdreams.jp/toride/racedetail/2320231016030010/?pageType=result,2026-10-08T03:19:39.155147+00:00,3-1-5/6/4-7-2,published,アオケイ,楽天Kドリームス 並び予想
2320231016030012,2023-10-18,取手競輪,F1,12,Ｓ級決勝,16:00,15:55,7,https://keirin.kdreams.jp/toride/racedetail/2320231016030012/?pageType=result,2026-10-08T03:19:40.997219+00:00,3-2-1-5-4-7/6,published,アオケイ,楽天Kドリームス 並び予想
3420231017020006,2023-10-18,川崎競輪,F1,6,Ｓ級一般,17:25,17:20,7,https://keirin.kdreams.jp/kawasaki/racedetail/3420231017020006/?pageType=result,2026-10-08T03:19:56.640520+00:00,1-4-6/2-7/3-5,published,小田競・サイクル,楽天Kドリームス 並び予想
3420231017020007,2023-10-18,川崎競輪,F1,7,Ｓ級一般,17:52,17:47,7,https://keirin.kdreams.jp/kawasaki/racedetail/3420231017020007/?pageType=result,2026-10-08T03:19:58.560254+00:00,2-4/1/7-5-3/6,published,小田競・サイクル,楽天Kドリームス 並び予想
3420231017020008,2023-10-18,川崎競輪,F1,8,Ｓ級選抜,18:20,18:15,7,https://keirin.kdreams.jp/kawasaki/racedetail/3420231017020008/?pageType=result,2026-10-08T03:20:00.710755+00:00,1-6/2/3-5-7/4,published,小田競・サイクル,楽天Kドリームス 並び予想
3420231017020009,2023-10-18,川崎競輪,F1,9,Ｓ級選抜,18:48,18:43,7,https://keirin.kdreams.jp/kawasaki/racedetail/3420231017020009/?pageType=result,2026-10-08T03:20:02.600214+00:00,7-1-4/5-3-2/6,published,小田競・サイクル,楽天Kドリームス 並び予想
3420231017020010,2023-10-18,川崎競輪,F1,10,Ｓ級準決勝,19:17,19:12,7,https://keirin.kdreams.jp/kawasaki/racedetail/3420231017020010/?pageType=result,2026-10-08T03:20:04.714103+00:00,5-1/6/2-7/3-4,published,小田競・サイクル,楽天Kドリームス 並び予想
3420231017020011,2023-10-18,川崎競輪,F1,11,Ｓ級準決勝,19:49,19:44,7,https://keirin.kdreams.jp/kawasaki/racedetail/3420231017020011/?pageType=result,2026-10-08T03:20:06.980921+00:00,4-2/5-3/6/7-1,published,小田競・サイクル,楽天Kドリームス 並び予想
3420231017020012,2023-10-18,川崎競輪,F1,12,Ｓ級準決勝,20:25,20:20,7,https://keirin.kdreams.jp/kawasaki/racedetail/3420231017020012/?pageType=result,2026-10-08T03:20:09.552445+00:00,3-5-4/6-1/2-7,published,小田競・サイクル,楽天Kドリームス 並び予想
7120231016030005,2023-10-18,高松競輪,F1,5,Ｓ級一般,12:30,12:25,7,https://keirin.kdreams.jp/takamatsu/racedetail/7120231016030005/?pageType=result,2026-10-08T03:18:49.445520+00:00,7-4-1/6/5-2-3,published,競輪毎日,楽天Kドリームス 並び予想
7120231016030006,2023-10-18,高松競輪,F1,6,Ｓ級一般,13:01,12:56,7,https://keirin.kdreams.jp/takamatsu/racedetail/7120231016030006/?pageType=result,2026-10-08T03:18:51.429741+00:00,7-3-1-4/2-5-6,published,競輪毎日,楽天Kドリームス 並び予想
7120231016030007,2023-10-18,高松競輪,F1,7,Ｓ級一般,13:32,13:27,7,https://keirin.kdreams.jp/takamatsu/racedetail/7120231016030007/?pageType=result,2026-10-08T03:18:53.288412+00:00,4-1-6/2/5-7-3,published,競輪毎日,楽天Kドリームス 並び予想
7120231016030008,2023-10-18,高松競輪,F1,8,Ｓ級特選,14:04,13:59,7,https://keirin.kdreams.jp/takamatsu/racedetail/7120231016030008/?pageType=result,2026-10-08T03:18:55.129318+00:00,1-5/4-2-7/6-3,published,競輪毎日,楽天Kドリームス 並び予想
7120231016030009,2023-10-18,高松競輪,F1,9,Ｓ級特選,14:36,14:31,7,https://keirin.kdreams.jp/takamatsu/racedetail/7120231016030009/?pageType=result,2026-10-08T03:18:57.056709+00:00,3-5-1-6/4-2-7,published,競輪毎日,楽天Kドリームス 並び予想
7120231016030010,2023-10-18,高松競輪,F1,10,Ｓ級特選,15:08,15:03,7,https://keirin.kdreams.jp/takamatsu/racedetail/7120231016030010/?pageType=result,2026-10-08T03:18:58.886523+00:00,4-1-5/6-2/7-3,published,競輪毎日,楽天Kドリームス 並び予想
7120231016030012,2023-10-18,高松競輪,F1,12,Ｓ級決勝,16:20,16:15,7,https://keirin.kdreams.jp/takamatsu/racedetail/7120231016030012/?pageType=result,2026-10-08T03:19:00.706891+00:00,3-7/4/6-1-5/2,published,競輪毎日,楽天Kドリームス 並び予想
3420231017030005,2023-10-19,川崎競輪,F1,5,Ｓ級一般,17:10,17:05,7,https://keirin.kdreams.jp/kawasaki/racedetail/3420231017030005/?pageType=result,2026-10-08T03:20:11.895851+00:00,6-5-1/2-7/3-4,published,小田競・サイクル,楽天Kドリームス 並び予想
3420231017030006,2023-10-19,川崎競輪,F1,6,Ｓ級一般,17:35,17:30,7,https://keirin.kdreams.jp/kawasaki/racedetail/3420231017030006/?pageType=result,2026-10-08T03:20:13.931237+00:00,5-1/2/3-7-4-6,published,小田競・サイクル,楽天Kドリームス 並び予想
3420231017030007,2023-10-19,川崎競輪,F1,7,Ｓ級一般,18:02,17:57,7,https://keirin.kdreams.jp/kawasaki/racedetail/3420231017030007/?pageType=result,2026-10-08T03:20:15.876897+00:00,7-1/4-3-2-5/6,published,小田競・サイクル,楽天Kドリームス 並び予想
3420231017030008,2023-10-19,川崎競輪,F1,8,Ｓ級特選,18:30,18:25,7,https://keirin.kdreams.jp/kawasaki/racedetail/3420231017030008/?pageType=result,2026-10-08T03:20:17.852267+00:00,1-5/2-4-6/3-7,published,小田競・サイクル,楽天Kドリームス 並び予想
3420231017030009,2023-10-19,川崎競輪,F1,9,Ｓ級特選,18:58,18:53,7,https://keirin.kdreams.jp/kawasaki/racedetail/3420231017030009/?pageType=result,2026-10-08T03:20:19.690690+00:00,7-1/2-5/4-3/6,published,小田競・サイクル,楽天Kドリームス 並び予想
3420231017030010,2023-10-19,川崎競輪,F1,10,Ｓ級特選,19:27,19:22,7,https://keirin.kdreams.jp/kawasaki/racedetail/3420231017030010/?pageType=result,2026-10-08T03:20:21.722580+00:00,4-1/2-5-6/3-7,published,小田競・サイクル,楽天Kドリームス 並び予想
3420231017030012,2023-10-19,川崎競輪,F1,12,Ｓ級決勝,20:35,20:30,7,https://keirin.kdreams.jp/kawasaki/racedetail/3420231017030012/?pageType=result,2026-10-08T03:20:23.626819+00:00,1-5/3-4/7-2/6,published,小田競・サイクル,楽天Kドリームス 並び予想
1220231020010006,2023-10-20,青森競輪,F1,6,Ｓ級予選,13:19,13:14,7,https://keirin.kdreams.jp/aomori/racedetail/1220231020010006/?pageType=result,2026-10-08T03:22:09.136360+00:00,2-4-5/1-6/7-3,published,アオケイ,楽天Kドリームス 並び予想
1220231020010007,2023-10-20,青森競輪,F1,7,Ｓ級予選,13:51,13:46,7,https://keirin.kdreams.jp/aomori/racedetail/1220231020010007/?pageType=result,2026-10-08T03:22:11.034472+00:00,2-7/4-5-1/6-3,published,アオケイ,楽天Kドリームス 並び予想
1220231020010008,2023-10-20,青森競輪,F1,8,Ｓ級予選,14:23,14:18,7,https://keirin.kdreams.jp/aomori/racedetail/1220231020010008/?pageType=result,2026-10-08T03:22:13.097337+00:00,6-4-1/5-2/3-7,published,アオケイ,楽天Kドリームス 並び予想
1220231020010009,2023-10-20,青森競輪,F1,9,Ｓ級予選,14:55,14:50,7,https://keirin.kdreams.jp/aomori/racedetail/1220231020010009/?pageType=result,2026-10-08T03:22:14.898379+00:00,2-7/5-1/4-3/6,published,アオケイ,楽天Kドリームス 並び予想
1220231020010010,2023-10-20,青森競輪,F1,10,Ｓ級予選,15:27,15:22,7,https://keirin.kdreams.jp/aomori/racedetail/1220231020010010/?pageType=result,2026-10-08T03:22:16.633100+00:00,3-5-6/1-4-2/7,published,アオケイ,楽天Kドリームス 並び予想
1220231020010011,2023-10-20,青森競輪,F1,11,Ｓ級予選,16:00,15:55,7,https://keirin.kdreams.jp/aomori/racedetail/1220231020010011/?pageType=result,2026-10-08T03:22:18.741611+00:00,1-5-4/2-6/7-3,published,アオケイ,楽天Kドリームス 並び予想
1220231020010012,2023-10-20,青森競輪,F1,12,Ｓ級初特選,16:35,16:30,7,https://keirin.kdreams.jp/aomori/racedetail/1220231020010012/?pageType=result,2026-10-08T03:22:20.551632+00:00,7-2/1-6/5-3-4,published,アオケイ,楽天Kドリームス 並び予想
1220231020020006,2023-10-21,青森競輪,F1,6,Ｓ級一般,13:19,13:14,7,https://keirin.kdreams.jp/aomori/racedetail/1220231020020006/?pageType=result,2026-10-08T03:22:22.459214+00:00,2-4-6/7-1-5/3,published,アオケイ,楽天Kドリームス 並び予想
1220231020020007,2023-10-21,青森競輪,F1,7,Ｓ級一般,13:51,13:46,7,https://keirin.kdreams.jp/aomori/racedetail/1220231020020007/?pageType=result,2026-10-08T03:22:24.405801+00:00,4-1-7/5-3/2-6,published,アオケイ,楽天Kドリームス 並び予想
1220231020020008,2023-10-21,青森競輪,F1,8,Ｓ級選抜,14:23,14:18,7,https://keirin.kdreams.jp/aomori/racedetail/1220231020020008/?pageType=result,2026-10-08T03:22:26.255100+00:00,2-7/6-1/5-3-4,published,アオケイ,楽天Kドリームス 並び予想
1220231020020009,2023-10-21,青森競輪,F1,9,Ｓ級選抜,14:55,14:50,7,https://keirin.kdreams.jp/aomori/racedetail/1220231020020009/?pageType=result,2026-10-08T03:22:28.109017+00:00,1-4-5-2/7-3-6,published,アオケイ,楽天Kドリームス 並び予想
1220231020020010,2023-10-21,青森競輪,F1,10,Ｓ級準決勝,15:27,15:22,7,https://keirin.kdreams.jp/aomori/racedetail/1220231020020010/?pageType=result,2026-10-08T03:22:29.999882+00:00,7-1/3-4-6/5-2,published,アオケイ,楽天Kドリームス 並び予想
1220231020020011,2023-10-21,青森競輪,F1,11,Ｓ級準決勝,16:00,15:55,7,https://keirin.kdreams.jp/aomori/racedetail/1220231020020011/?pageType=result,2026-10-08T03:22:31.937713+00:00,4-2-6/7-1/5-3,published,アオケイ,楽天Kドリームス 並び予想
1220231020020012,2023-10-21,青森競輪,F1,12,Ｓ級準決勝,16:35,16:30,7,https://keirin.kdreams.jp/aomori/racedetail/1220231020020012/?pageType=result,2026-10-08T03:22:33.904614+00:00,4-1-3/2-5-7/6,published,アオケイ,楽天Kドリームス 並び予想
1220231020030005,2023-10-22,青森競輪,F1,5,Ｓ級一般,12:49,12:44,6,https://keirin.kdreams.jp/aomori/racedetail/1220231020030005/?pageType=result,2026-10-08T03:22:35.638674+00:00,1-4-6/5-2-3,published,アオケイ,楽天Kドリームス 並び予想
1220231020030006,2023-10-22,青森競輪,F1,6,Ｓ級一般,13:19,13:14,6,https://keirin.kdreams.jp/aomori/racedetail/1220231020030006/?pageType=result,2026-10-08T03:22:37.325113+00:00,2-5/1-4/6-3,published,アオケイ,楽天Kドリームス 並び予想
1220231020030007,2023-10-22,青森競輪,F1,7,Ｓ級一般,13:51,13:46,7,https://keirin.kdreams.jp/aomori/racedetail/1220231020030007/?pageType=result,2026-10-08T03:22:39.185721+00:00,5-1-3/7-2/6-4,published,アオケイ,楽天Kドリームス 並び予想
1220231020030008,2023-10-22,青森競輪,F1,8,Ｓ級特選,14:23,14:18,7,https://keirin.kdreams.jp/aomori/racedetail/1220231020030008/?pageType=result,2026-10-08T03:22:41.002509+00:00,7-1-4/2-5/3-6,published,アオケイ,楽天Kドリームス 並び予想
1220231020030009,2023-10-22,青森競輪,F1,9,Ｓ級特選,14:55,14:50,7,https://keirin.kdreams.jp/aomori/racedetail/1220231020030009/?pageType=result,2026-10-08T03:22:42.866490+00:00,4-1-7/2/6-3-5,published,アオケイ,楽天Kドリームス 並び予想
1220231020030010,2023-10-22,青森競輪,F1,10,Ｓ級特選,15:27,15:22,7,https://keirin.kdreams.jp/aomori/racedetail/1220231020030010/?pageType=result,2026-10-08T03:22:44.675323+00:00,5-2/3-7/6-1-4,published,アオケイ,楽天Kドリームス 並び予想
1220231020030012,2023-10-22,青森競輪,F1,12,Ｓ級決勝,16:35,16:30,7,https://keirin.kdreams.jp/aomori/racedetail/1220231020030012/?pageType=result,2026-10-08T03:22:46.450557+00:00,2-5-4/1-6/7-3,published,アオケイ,楽天Kドリームス 並び予想
1120231023010006,2023-10-23,函館競輪,F1,6,Ｓ級予選,17:45,17:40,7,https://keirin.kdreams.jp/hakodate/racedetail/1120231023010006/?pageType=result,2026-10-08T03:22:48.197006+00:00,1-4-6/7-2/5-3,published,北競,楽天Kドリームス 並び予想
1120231023010007,2023-10-23,函館競輪,F1,7,Ｓ級予選,18:10,18:05,7,https://keirin.kdreams.jp/hakodate/racedetail/1120231023010007/?pageType=result,2026-10-08T03:22:50.315237+00:00,1-7/2-5/3-4/6,published,北競,楽天Kドリームス 並び予想
1120231023010008,2023-10-23,函館競輪,F1,8,Ｓ級予選,18:35,18:30,7,https://keirin.kdreams.jp/hakodate/racedetail/1120231023010008/?pageType=result,2026-10-08T03:22:52.654308+00:00,5-2/4-1-6/7-3,published,北競,楽天Kドリームス 並び予想
1120231023010009,2023-10-23,函館競輪,F1,9,Ｓ級予選,19:00,18:55,7,https://keirin.kdreams.jp/hakodate/racedetail/1120231023010009/?pageType=result,2026-10-08T03:22:54.535506+00:00,3-4/1-5-7/6-2,published,北競,楽天Kドリームス 並び予想
1120231023010010,2023-10-23,函館競輪,F1,10,Ｓ級予選,19:25,19:20,7,https://keirin.kdreams.jp/hakodate/racedetail/1120231023010010/?pageType=result,2026-10-08T03:22:56.524897+00:00,2-5/4-1/6/7-3,published,北競,楽天Kドリームス 並び予想
1120231023010011,2023-10-23,函館競輪,F1,11,Ｓ級予選,19:50,19:45,7,https://keirin.kdreams.jp/hakodate/racedetail/1120231023010011/?pageType=result,2026-10-08T03:22:58.352130+00:00,5-1-7/2-4/6-3,published,北競,楽天Kドリームス 並び予想
1120231023010012,2023-10-23,函館競輪,F1,12,Ｓ級初特選,20:20,20:15,7,https://keirin.kdreams.jp/hakodate/racedetail/1120231023010012/?pageType=result,2026-10-08T03:23:00.257565+00:00,7-2/1/3-4/5/6,published,北競,楽天Kドリームス 並び予想
5520231023010006,2023-10-23,和歌山競輪,F1,6,Ｓ級予選,13:05,13:00,7,https://keirin.kdreams.jp/wakayama/racedetail/5520231023010006/?pageType=result,2026-10-08T03:23:28.055236+00:00,5-2-7/1-4/3-6,published,競輪研究,楽天Kドリームス 並び予想
5520231023010007,2023-10-23,和歌山競輪,F1,7,Ｓ級予選,13:35,13:30,7,https://keirin.kdreams.jp/wakayama/racedetail/5520231023010007/?pageType=result,2026-10-08T03:23:29.907512+00:00,7-2-1/5-3-6-4,published,競輪研究,楽天Kドリームス 並び予想
5520231023010008,2023-10-23,和歌山競輪,F1,8,Ｓ級予選,14:05,14:00,7,https://keirin.kdreams.jp/wakayama/racedetail/5520231023010008/?pageType=result,2026-10-08T03:23:31.681587+00:00,1-5-7/4-2-3-6,published,競輪研究,楽天Kドリームス 並び予想
5520231023010009,2023-10-23,和歌山競輪,F1,9,Ｓ級予選,14:35,14:30,7,https://keirin.kdreams.jp/wakayama/racedetail/5520231023010009/?pageType=result,2026-10-08T03:23:33.471221+00:00,5-7-2/6-1/3-4,published,競輪研究,楽天Kドリームス 並び予想
5520231023010010,2023-10-23,和歌山競輪,F1,10,Ｓ級予選,15:10,15:05,7,https://keirin.kdreams.jp/wakayama/racedetail/5520231023010010/?pageType=result,2026-10-08T03:23:35.271680+00:00,7-1-4/6-2/3-5,published,競輪研究,楽天Kドリームス 並び予想
5520231023010011,2023-10-23,和歌山競輪,F1,11,Ｓ級予選,15:45,15:40,7,https://keirin.kdreams.jp/wakayama/racedetail/5520231023010011/?pageType=result,2026-10-08T03:23:37.258441+00:00,2-7/5-1-6/4-3,published,競輪研究,楽天Kドリームス 並び予想
5520231023010012,2023-10-23,和歌山競輪,F1,12,Ｓ級初特選,16:25,16:20,7,https://keirin.kdreams.jp/wakayama/racedetail/5520231023010012/?pageType=result,2026-10-08T03:23:39.087859+00:00,2-5-6/1-7/4-3,published,競輪研究,楽天Kドリームス 並び予想
1120231023020006,2023-10-24,函館競輪,F1,6,Ｓ級一般,17:45,17:40,6,https://keirin.kdreams.jp/hakodate/racedetail/1120231023020006/?pageType=result,2026-10-08T03:23:02.073187+00:00,1-6/2-5/4-3,published,北競,楽天Kドリームス 並び予想
1120231023020007,2023-10-24,函館競輪,F1,7,Ｓ級一般,18:10,18:05,7,https://keirin.kdreams.jp/hakodate/racedetail/1120231023020007/?pageType=result,2026-10-08T03:23:03.882188+00:00,6-1-4/2-5/7-3,published,北競,楽天Kドリームス 並び予想
1120231023020008,2023-10-24,函館競輪,F1,8,Ｓ級選抜,18:35,18:30,7,https://keirin.kdreams.jp/hakodate/racedetail/1120231023020008/?pageType=result,2026-10-08T03:23:05.738235+00:00,7-1/2-4-6/3/5,published,北競,楽天Kドリームス 並び予想
1120231023020009,2023-10-24,函館競輪,F1,9,Ｓ級選抜,19:00,18:55,7,https://keirin.kdreams.jp/hakodate/racedetail/1120231023020009/?pageType=result,2026-10-08T03:23:07.613452+00:00,4-1/2-5-6/3-7,published,北競,楽天Kドリームス 並び予想
1120231023020010,2023-10-24,函館競輪,F1,10,Ｓ級準決勝,19:25,19:20,7,https://keirin.kdreams.jp/hakodate/racedetail/1120231023020010/?pageType=result,2026-10-08T03:23:09.428651+00:00,6-2-5/1-7/4-3,published,北競,楽天Kドリームス 並び予想
1120231023020011,2023-10-24,函館競輪,F1,11,Ｓ級準決勝,19:50,19:45,7,https://keirin.kdreams.jp/hakodate/racedetail/1120231023020011/?pageType=result,2026-10-08T03:23:11.218912+00:00,1-5/7-2-4/6-3,published,北競,楽天Kドリームス 並び予想
1120231023020012,2023-10-24,函館競輪,F1,12,Ｓ級準決勝,20:20,20:15,7,https://keirin.kdreams.jp/hakodate/racedetail/1120231023020012/?pageType=result,2026-10-08T03:23:13.002419+00:00,2-5/1-7/4/3-6,published,北競,楽天Kドリームス 並び予想
5520231023020006,2023-10-24,和歌山競輪,F1,6,Ｓ級一般,13:05,13:00,7,https://keirin.kdreams.jp/wakayama/racedetail/5520231023020006/?pageType=result,2026-10-08T03:23:40.873639+00:00,1-5/7-2/3-6/4,published,競輪研究,楽天Kドリームス 並び予想
5520231023020007,2023-10-24,和歌山競輪,F1,7,Ｓ級一般,13:35,13:30,7,https://keirin.kdreams.jp/wakayama/racedetail/5520231023020007/?pageType=result,2026-10-08T03:23:42.887831+00:00,7-2-4/1-6/5-3,published,競輪研究,楽天Kドリームス 並び予想
5520231023020008,2023-10-24,和歌山競輪,F1,8,Ｓ級選抜,14:05,14:00,7,https://keirin.kdreams.jp/wakayama/racedetail/5520231023020008/?pageType=result,2026-10-08T03:23:44.738302+00:00,4-2-7-3/1-5-6,published,競輪研究,楽天Kドリームス 並び予想
5520231023020009,2023-10-24,和歌山競輪,F1,9,Ｓ級選抜,14:35,14:30,7,https://keirin.kdreams.jp/wakayama/racedetail/5520231023020009/?pageType=result,2026-10-08T03:23:46.627761+00:00,4-1-5-3/7-2-6,published,競輪研究,楽天Kドリームス 並び予想
5520231023020010,2023-10-24,和歌山競輪,F1,10,Ｓ級準決勝,15:10,15:05,7,https://keirin.kdreams.jp/wakayama/racedetail/5520231023020010/?pageType=result,2026-10-08T03:23:48.497672+00:00,1-7/6-2/5-3-4,published,競輪研究,楽天Kドリームス 並び予想
5520231023020011,2023-10-24,和歌山競輪,F1,11,Ｓ級準決勝,15:45,15:40,7,https://keirin.kdreams.jp/wakayama/racedetail/5520231023020011/?pageType=result,2026-10-08T03:23:50.344710+00:00,1-5-6/4-2/7-3,published,競輪研究,楽天Kドリームス 並び予想
5520231023020012,2023-10-24,和歌山競輪,F1,12,Ｓ級準決勝,16:25,16:20,7,https://keirin.kdreams.jp/wakayama/racedetail/5520231023020012/?pageType=result,2026-10-08T03:23:52.292293+00:00,4-1-7/2-5/6-3,published,競輪研究,楽天Kドリームス 並び予想
1120231023030005,2023-10-25,函館競輪,F1,5,Ｓ級一般,17:20,17:15,6,https://keirin.kdreams.jp/hakodate/racedetail/1120231023030005/?pageType=result,2026-10-08T03:23:14.664462+00:00,1-4/3/6-2-5,published,北競,楽天Kドリームス 並び予想
1120231023030006,2023-10-25,函館競輪,F1,6,Ｓ級一般,17:46,17:41,6,https://keirin.kdreams.jp/hakodate/racedetail/1120231023030006/?pageType=result,2026-10-08T03:23:16.697971+00:00,3-5-1/4-2/6,published,北競,楽天Kドリームス 並び予想
1120231023030007,2023-10-25,函館競輪,F1,7,Ｓ級一般,18:12,18:07,7,https://keirin.kdreams.jp/hakodate/racedetail/1120231023030007/?pageType=result,2026-10-08T03:23:18.591569+00:00,7-1-5-6/2/4-3,published,北競,楽天Kドリームス 並び予想
1120231023030008,2023-10-25,函館競輪,F1,8,Ｓ級特選,18:38,18:33,7,https://keirin.kdreams.jp/hakodate/racedetail/1120231023030008/?pageType=result,2026-10-08T03:23:20.371898+00:00,3-4/1-7/5-2-6,published,北競,楽天Kドリームス 並び予想
1120231023030009,2023-10-25,函館競輪,F1,9,Ｓ級特選,19:05,19:00,7,https://keirin.kdreams.jp/hakodate/racedetail/1120231023030009/?pageType=result,2026-10-08T03:23:22.136858+00:00,1-4-6/5-3/7-2,published,北競,楽天Kドリームス 並び予想
1120231023030010,2023-10-25,函館競輪,F1,10,Ｓ級特選,19:32,19:27,7,https://keirin.kdreams.jp/hakodate/racedetail/1120231023030010/?pageType=result,2026-10-08T03:23:23.983076+00:00,5-1-4/2-7/6-3,published,北競,楽天Kドリームス 並び予想
1120231023030012,2023-10-25,函館競輪,F1,12,Ｓ級決勝,20:35,20:30,7,https://keirin.kdreams.jp/hakodate/racedetail/1120231023030012/?pageType=result,2026-10-08T03:23:26.157996+00:00,7-1/6-2/5-3/4,published,北競,楽天Kドリームス 並び予想
5520231023030005,2023-10-25,和歌山競輪,F1,5,Ｓ級一般,12:35,12:30,7,https://keirin.kdreams.jp/wakayama/racedetail/5520231023030005/?pageType=result,2026-10-08T03:23:54.130675+00:00,7-4/2-3/5-1/6,published,競輪研究,楽天Kドリームス 並び予想
5520231023030006,2023-10-25,和歌山競輪,F1,6,Ｓ級一般,13:05,13:00,7,https://keirin.kdreams.jp/wakayama/racedetail/5520231023030006/?pageType=result,2026-10-08T03:23:56.097258+00:00,2-5-4/1-7/3-6,published,競輪研究,楽天Kドリームス 並び予想
5520231023030007,2023-10-25,和歌山競輪,F1,7,Ｓ級一般,13:35,13:30,7,https://keirin.kdreams.jp/wakayama/racedetail/5520231023030007/?pageType=result,2026-10-08T03:23:58.099240+00:00,2-5-6/4-3/7-1,published,競輪研究,楽天Kドリームス 並び予想
5520231023030008,2023-10-25,和歌山競輪,F1,8,Ｓ級特選,14:05,14:00,7,https://keirin.kdreams.jp/wakayama/racedetail/5520231023030008/?pageType=result,2026-10-08T03:23:59.975545+00:00,5-3/6-1/4-2-7,published,競輪研究,楽天Kドリームス 並び予想
5520231023030009,2023-10-25,和歌山競輪,F1,9,Ｓ級特選,14:35,14:30,7,https://keirin.kdreams.jp/wakayama/racedetail/5520231023030009/?pageType=result,2026-10-08T03:24:02.043844+00:00,1-5-4/2-6/7-3,published,競輪研究,楽天Kドリームス 並び予想
5520231023030010,2023-10-25,和歌山競輪,F1,10,Ｓ級特選,15:10,15:05,7,https://keirin.kdreams.jp/wakayama/racedetail/5520231023030010/?pageType=result,2026-10-08T03:24:03.964240+00:00,1-5/2-4/3-7-6,published,競輪研究,楽天Kドリームス 並び予想
5520231023030012,2023-10-25,和歌山競輪,F1,12,Ｓ級決勝,16:25,16:20,7,https://keirin.kdreams.jp/wakayama/racedetail/5520231023030012/?pageType=result,2026-10-08T03:24:05.982860+00:00,1-7/2-4/3-5-6,published,競輪研究,楽天Kドリームス 並び予想
3120231025010006,2023-10-25,松戸競輪,F1,6,Ｓ級予選,17:31,17:26,7,https://keirin.kdreams.jp/matsudo/racedetail/3120231025010006/?pageType=result,2026-10-08T03:24:07.928941+00:00,7-3-1/2-4/5/6,published,アオケイ,楽天Kドリームス 並び予想
3120231025010007,2023-10-25,松戸競輪,F1,7,Ｓ級予選,17:58,17:53,7,https://keirin.kdreams.jp/matsudo/racedetail/3120231025010007/?pageType=result,2026-10-08T03:24:09.794810+00:00,4-3/1-7/2-5-6,published,アオケイ,楽天Kドリームス 並び予想
3120231025010008,2023-10-25,松戸競輪,F1,8,Ｓ級予選,18:25,18:20,7,https://keirin.kdreams.jp/matsudo/racedetail/3120231025010008/?pageType=result,2026-10-08T03:24:11.602689+00:00,1-5-6/7-2-3/4,published,アオケイ,楽天Kドリームス 並び予想
3120231025010009,2023-10-25,松戸競輪,F1,9,Ｓ級予選,18:52,18:47,7,https://keirin.kdreams.jp/matsudo/racedetail/3120231025010009/?pageType=result,2026-10-08T03:24:13.463112+00:00,7-3-6/1-4/2-5,published,アオケイ,楽天Kドリームス 並び予想
3120231025010010,2023-10-25,松戸競輪,F1,10,Ｓ級予選,19:23,19:18,7,https://keirin.kdreams.jp/matsudo/racedetail/3120231025010010/?pageType=result,2026-10-08T03:24:15.298932+00:00,4-1-6/7-2/3-5,published,アオケイ,楽天Kドリームス 並び予想
3120231025010011,2023-10-25,松戸競輪,F1,11,Ｓ級予選,19:54,19:49,7,https://keirin.kdreams.jp/matsudo/racedetail/3120231025010011/?pageType=result,2026-10-08T03:24:17.082459+00:00,5-2-4/1/3-7/6,published,アオケイ,楽天Kドリームス 並び予想
3120231025010012,2023-10-25,松戸競輪,F1,12,Ｓ級初特選,20:25,20:20,7,https://keirin.kdreams.jp/matsudo/racedetail/3120231025010012/?pageType=result,2026-10-08T03:24:18.820683+00:00,1-3/2/7-4-6/5,published,アオケイ,楽天Kドリームス 並び予想
3120231025020006,2023-10-26,松戸競輪,F1,6,Ｓ級一般,17:31,17:26,7,https://keirin.kdreams.jp/matsudo/racedetail/3120231025020006/?pageType=result,2026-10-08T03:24:20.593427+00:00,1-5-4/2/7-3/6,published,アオケイ,楽天Kドリームス 並び予想
3120231025020007,2023-10-26,松戸競輪,F1,7,Ｓ級一般,17:58,17:53,7,https://keirin.kdreams.jp/matsudo/racedetail/3120231025020007/?pageType=result,2026-10-08T03:24:22.345474+00:00,7-1-6/2/3-4-5,published,アオケイ,楽天Kドリームス 並び予想
3120231025020008,2023-10-26,松戸競輪,F1,8,Ｓ級選抜,18:25,18:20,7,https://keirin.kdreams.jp/matsudo/racedetail/3120231025020008/?pageType=result,2026-10-08T03:24:24.168483+00:00,1-4-5/2-6/3-7,published,アオケイ,楽天Kドリームス 並び予想
3120231025020009,2023-10-26,松戸競輪,F1,9,Ｓ級選抜,18:52,18:47,7,https://keirin.kdreams.jp/matsudo/racedetail/3120231025020009/?pageType=result,2026-10-08T03:24:26.098219+00:00,1-7-4/2/5-3/6,published,アオケイ,楽天Kドリームス 並び予想
3120231025020010,2023-10-26,松戸競輪,F1,10,Ｓ級準決勝,19:23,19:18,7,https://keirin.kdreams.jp/matsudo/racedetail/3120231025020010/?pageType=result,2026-10-08T03:24:27.875296+00:00,1-7/5-2/6-3/4,published,アオケイ,楽天Kドリームス 並び予想
3120231025020011,2023-10-26,松戸競輪,F1,11,Ｓ級準決勝,19:54,19:49,7,https://keirin.kdreams.jp/matsudo/racedetail/3120231025020011/?pageType=result,2026-10-08T03:24:29.734221+00:00,3-7/5-1/2-4-6,published,アオケイ,楽天Kドリームス 並び予想
3120231025020012,2023-10-26,松戸競輪,F1,12,Ｓ級準決勝,20:25,20:20,7,https://keirin.kdreams.jp/matsudo/racedetail/3120231025020012/?pageType=result,2026-10-08T03:24:31.605967+00:00,7-2-4/1-5/6-3,published,アオケイ,楽天Kドリームス 並び予想
8420231026010006,2023-10-26,武雄競輪,F1,6,Ｓ級予選,13:10,13:05,7,https://keirin.kdreams.jp/takeo/racedetail/8420231026010006/?pageType=result,2026-10-08T03:24:46.312465+00:00,7-1-4/3/6-2-5,published,百万弗,楽天Kドリームス 並び予想
8420231026010007,2023-10-26,武雄競輪,F1,7,Ｓ級予選,13:41,13:36,7,https://keirin.kdreams.jp/takeo/racedetail/8420231026010007/?pageType=result,2026-10-08T03:24:48.132271+00:00,5-1-7/2-4/6-3,published,百万弗,楽天Kドリームス 並び予想
8420231026010008,2023-10-26,武雄競輪,F1,8,Ｓ級予選,14:13,14:08,7,https://keirin.kdreams.jp/takeo/racedetail/8420231026010008/?pageType=result,2026-10-08T03:24:50.002101+00:00,4-7-1/5-3-2/6,published,百万弗,楽天Kドリームス 並び予想
8420231026010009,2023-10-26,武雄競輪,F1,9,Ｓ級予選,14:45,14:40,7,https://keirin.kdreams.jp/takeo/racedetail/8420231026010009/?pageType=result,2026-10-08T03:24:51.768708+00:00,7-1-5/4-2/6-3,published,百万弗,楽天Kドリームス 並び予想
8420231026010010,2023-10-26,武雄競輪,F1,10,Ｓ級予選,15:17,15:12,7,https://keirin.kdreams.jp/takeo/racedetail/8420231026010010/?pageType=result,2026-10-08T03:24:53.759046+00:00,4-2/1-7-5/3-6,published,百万弗,楽天Kドリームス 並び予想
8420231026010011,2023-10-26,武雄競輪,F1,11,Ｓ級予選,15:53,15:48,7,https://keirin.kdreams.jp/takeo/racedetail/8420231026010011/?pageType=result,2026-10-08T03:24:55.535994+00:00,2-5-7/3/4-1-6,published,百万弗,楽天Kドリームス 並び予想
8420231026010012,2023-10-26,武雄競輪,F1,12,Ｓ級初特選,16:30,16:25,7,https://keirin.kdreams.jp/takeo/racedetail/8420231026010012/?pageType=result,2026-10-08T03:24:57.396020+00:00,7-2/6-1/3-5/4,published,百万弗,楽天Kドリームス 並び予想
6120231026010006,2023-10-26,玉野競輪,F1,6,Ｓ級予選,13:05,13:00,7,https://keirin.kdreams.jp/tamano/racedetail/6120231026010006/?pageType=result,2026-10-08T03:25:25.567705+00:00,4-1-5/6/2-7-3,published,競輪毎日,楽天Kドリームス 並び予想
6120231026010007,2023-10-26,玉野競輪,F1,7,Ｓ級予選,13:35,13:30,7,https://keirin.kdreams.jp/tamano/racedetail/6120231026010007/?pageType=result,2026-10-08T03:25:27.531606+00:00,6-5-2/1-7/3-4,published,競輪毎日,楽天Kドリームス 並び予想
6120231026010008,2023-10-26,玉野競輪,F1,8,Ｓ級予選,14:05,14:00,7,https://keirin.kdreams.jp/tamano/racedetail/6120231026010008/?pageType=result,2026-10-08T03:25:29.358342+00:00,3-1-6/4/2-5/7,published,競輪毎日,楽天Kドリームス 並び予想
6120231026010009,2023-10-26,玉野競輪,F1,9,Ｓ級予選,14:40,14:35,7,https://keirin.kdreams.jp/tamano/racedetail/6120231026010009/?pageType=result,2026-10-08T03:25:31.228714+00:00,1-4-6/2/5-3-7,published,競輪毎日,楽天Kドリームス 並び予想
6120231026010010,2023-10-26,玉野競輪,F1,10,Ｓ級予選,15:15,15:10,7,https://keirin.kdreams.jp/tamano/racedetail/6120231026010010/?pageType=result,2026-10-08T03:25:33.273785+00:00,3-7-1-5/6-2-4,published,競輪毎日,楽天Kドリームス 並び予想
6120231026010011,2023-10-26,玉野競輪,F1,11,Ｓ級予選,15:50,15:45,7,https://keirin.kdreams.jp/tamano/racedetail/6120231026010011/?pageType=result,2026-10-08T03:25:35.354417+00:00,6-1-4/5-2/3-7,published,競輪毎日,楽天Kドリームス 並び予想
6120231026010012,2023-10-26,玉野競輪,F1,12,Ｓ級初特選,16:25,16:20,7,https://keirin.kdreams.jp/tamano/racedetail/6120231026010012/?pageType=result,2026-10-08T03:25:37.217068+00:00,2-6/1-5/7-3-4,published,競輪毎日,楽天Kドリームス 並び予想
5420231027010006,2023-10-27,向日町競輪,F1,6,Ｓ級予選,13:21,13:16,7,https://keirin.kdreams.jp/mukomachi/racedetail/5420231027010006/?pageType=result,2026-10-08T03:26:05.895702+00:00,1-7-4/5-2/6-3,published,競輪研究,楽天Kドリームス 並び予想
5420231027010007,2023-10-27,向日町競輪,F1,7,Ｓ級予選,13:51,13:46,7,https://keirin.kdreams.jp/mukomachi/racedetail/5420231027010007/?pageType=result,2026-10-08T03:26:07.779732+00:00,6-1-4/2-5/7-3,published,競輪研究,楽天Kドリームス 並び予想
5420231027010008,2023-10-27,向日町競輪,F1,8,Ｓ級予選,14:22,14:17,7,https://keirin.kdreams.jp/mukomachi/racedetail/5420231027010008/?pageType=result,2026-10-08T03:26:09.702894+00:00,7-1/2-4-6/5-3,published,競輪研究,楽天Kドリームス 並び予想
5420231027010009,2023-10-27,向日町競輪,F1,9,Ｓ級予選,14:53,14:48,7,https://keirin.kdreams.jp/mukomachi/racedetail/5420231027010009/?pageType=result,2026-10-08T03:26:11.292061+00:00,1-6/5-2/3-7-4,published,競輪研究,楽天Kドリームス 並び予想
5420231027010010,2023-10-27,向日町競輪,F1,10,Ｓ級予選,15:27,15:22,7,https://keirin.kdreams.jp/mukomachi/racedetail/5420231027010010/?pageType=result,2026-10-08T03:26:13.626878+00:00,5-1-6/4/7-2-3,published,競輪研究,楽天Kドリームス 並び予想
5420231027010011,2023-10-27,向日町競輪,F1,11,Ｓ級予選,16:02,15:57,7,https://keirin.kdreams.jp/mukomachi/racedetail/5420231027010011/?pageType=result,2026-10-08T03:26:15.424448+00:00,4-1-6/7-2/3-5,published,競輪研究,楽天Kドリームス 並び予想
5420231027010012,2023-10-27,向日町競輪,F1,12,Ｓ級初特選,16:40,16:35,7,https://keirin.kdreams.jp/mukomachi/racedetail/5420231027010012/?pageType=result,2026-10-08T03:26:17.228030+00:00,4-2-6/1/7-3-5,published,競輪研究,楽天Kドリームス 並び予想
3120231025030005,2023-10-27,松戸競輪,F1,5,Ｓ級一般,17:08,17:03,7,https://keirin.kdreams.jp/matsudo/racedetail/3120231025030005/?pageType=result,2026-10-08T03:24:33.399036+00:00,1-4/7-2-5/3/6,published,アオケイ,楽天Kドリームス 並び予想
3120231025030006,2023-10-27,松戸競輪,F1,6,Ｓ級一般,17:35,17:30,7,https://keirin.kdreams.jp/matsudo/racedetail/3120231025030006/?pageType=result,2026-10-08T03:24:35.415044+00:00,1-7-6/3-4-2/5,published,アオケイ,楽天Kドリームス 並び予想
3120231025030007,2023-10-27,松戸競輪,F1,7,Ｓ級一般,18:02,17:57,7,https://keirin.kdreams.jp/matsudo/racedetail/3120231025030007/?pageType=result,2026-10-08T03:24:37.210861+00:00,5-1-7-4/2-6/3,published,アオケイ,楽天Kドリームス 並び予想
3120231025030008,2023-10-27,松戸競輪,F1,8,Ｓ級特選,18:30,18:25,7,https://keirin.kdreams.jp/matsudo/racedetail/3120231025030008/?pageType=result,2026-10-08T03:24:38.944345+00:00,4-2-6/7-1/3-5,published,アオケイ,楽天Kドリームス 並び予想
3120231025030009,2023-10-27,松戸競輪,F1,9,Ｓ級特選,18:58,18:53,7,https://keirin.kdreams.jp/matsudo/racedetail/3120231025030009/?pageType=result,2026-10-08T03:24:41.001440+00:00,1-4-5/2-7-3/6,published,アオケイ,楽天Kドリームス 並び予想
3120231025030010,2023-10-27,松戸競輪,F1,10,Ｓ級特選,19:29,19:24,7,https://keirin.kdreams.jp/matsudo/racedetail/3120231025030010/?pageType=result,2026-10-08T03:24:42.760012+00:00,4-1-6/2-7/5-3,published,アオケイ,楽天Kドリームス 並び予想
3120231025030012,2023-10-27,松戸競輪,F1,12,Ｓ級決勝,20:35,20:30,7,https://keirin.kdreams.jp/matsudo/racedetail/3120231025030012/?pageType=result,2026-10-08T03:24:44.516222+00:00,1-5-6/2/3-7/4,published,アオケイ,楽天Kドリームス 並び予想
8420231026020006,2023-10-27,武雄競輪,F1,6,Ｓ級一般,13:10,13:05,7,https://keirin.kdreams.jp/takeo/racedetail/8420231026020006/?pageType=result,2026-10-08T03:24:59.188447+00:00,6-2/3-7-1/5-4,published,百万弗,楽天Kドリームス 並び予想
8420231026020007,2023-10-27,武雄競輪,F1,7,Ｓ級一般,13:41,13:36,7,https://keirin.kdreams.jp/takeo/racedetail/8420231026020007/?pageType=result,2026-10-08T03:25:01.186298+00:00,1-6-5/3/7-4-2,published,百万弗,楽天Kドリームス 並び予想
8420231026020008,2023-10-27,武雄競輪,F1,8,Ｓ級選抜,14:13,14:08,7,https://keirin.kdreams.jp/takeo/racedetail/8420231026020008/?pageType=result,2026-10-08T03:25:03.306664+00:00,1-7/6-5-3-2/4,published,百万弗,楽天Kドリームス 並び予想
8420231026020009,2023-10-27,武雄競輪,F1,9,Ｓ級選抜,14:45,14:40,7,https://keirin.kdreams.jp/takeo/racedetail/8420231026020009/?pageType=result,2026-10-08T03:25:05.290796+00:00,1-5-6/3/4/7-2,published,百万弗,楽天Kドリームス 並び予想
8420231026020010,2023-10-27,武雄競輪,F1,10,Ｓ級準決勝,15:17,15:12,7,https://keirin.kdreams.jp/takeo/racedetail/8420231026020010/?pageType=result,2026-10-08T03:25:07.260383+00:00,7-1/3-5/4-2-6,published,百万弗,楽天Kドリームス 並び予想
8420231026020011,2023-10-27,武雄競輪,F1,11,Ｓ級準決勝,15:53,15:48,7,https://keirin.kdreams.jp/takeo/racedetail/8420231026020011/?pageType=result,2026-10-08T03:25:09.106966+00:00,3-7-1-5/2-6-4,published,百万弗,楽天Kドリームス 並び予想
8420231026020012,2023-10-27,武雄競輪,F1,12,Ｓ級準決勝,16:30,16:25,7,https://keirin.kdreams.jp/takeo/racedetail/8420231026020012/?pageType=result,2026-10-08T03:25:10.956834+00:00,1-4-7/3-5/6-2,published,百万弗,楽天Kドリームス 並び予想
6120231026020006,2023-10-27,玉野競輪,F1,6,Ｓ級一般,13:05,13:00,7,https://keirin.kdreams.jp/tamano/racedetail/6120231026020006/?pageType=result,2026-10-08T03:25:39.125739+00:00,1-3-5/6/4-2-7,published,競輪毎日,楽天Kドリームス 並び予想
6120231026020007,2023-10-27,玉野競輪,F1,7,Ｓ級一般,13:35,13:30,7,https://keirin.kdreams.jp/tamano/racedetail/6120231026020007/?pageType=result,2026-10-08T03:25:41.567746+00:00,4-1-7/3/2-6-5,published,競輪毎日,楽天Kドリームス 並び予想
6120231026020008,2023-10-27,玉野競輪,F1,8,Ｓ級選抜,14:05,14:00,7,https://keirin.kdreams.jp/tamano/racedetail/6120231026020008/?pageType=result,2026-10-08T03:25:43.594081+00:00,3-4-7-1/5-2/6,published,競輪毎日,楽天Kドリームス 並び予想
6120231026020009,2023-10-27,玉野競輪,F1,9,Ｓ級選抜,14:40,14:35,7,https://keirin.kdreams.jp/tamano/racedetail/6120231026020009/?pageType=result,2026-10-08T03:25:45.340661+00:00,6-1-4/3/5-7-2,published,競輪毎日,楽天Kドリームス 並び予想
6120231026020010,2023-10-27,玉野競輪,F1,10,Ｓ級準決勝,15:15,15:10,7,https://keirin.kdreams.jp/tamano/racedetail/6120231026020010/?pageType=result,2026-10-08T03:25:47.100198+00:00,1-7/2-4/3-6/5,published,競輪毎日,楽天Kドリームス 並び予想
6120231026020011,2023-10-27,玉野競輪,F1,11,Ｓ級準決勝,15:50,15:45,7,https://keirin.kdreams.jp/tamano/racedetail/6120231026020011/?pageType=result,2026-10-08T03:25:48.876185+00:00,1-7/3/2-4-5/6,published,競輪毎日,楽天Kドリームス 並び予想
6120231026020012,2023-10-27,玉野競輪,F1,12,Ｓ級準決勝,16:25,16:20,7,https://keirin.kdreams.jp/tamano/racedetail/6120231026020012/?pageType=result,2026-10-08T03:25:50.677450+00:00,6-1/2-5-4/7-3,published,競輪毎日,楽天Kドリームス 並び予想
5420231027020006,2023-10-28,向日町競輪,F1,6,Ｓ級一般,13:21,13:16,7,https://keirin.kdreams.jp/mukomachi/racedetail/5420231027020006/?pageType=result,2026-10-08T03:26:19.125707+00:00,1-3/2/4-5-7/6,published,競輪研究,楽天Kドリームス 並び予想
5420231027020007,2023-10-28,向日町競輪,F1,7,Ｓ級一般,13:51,13:46,7,https://keirin.kdreams.jp/mukomachi/racedetail/5420231027020007/?pageType=result,2026-10-08T03:26:20.936788+00:00,1-7-5/6-2/3-4,published,競輪研究,楽天Kドリームス 並び予想
5420231027020008,2023-10-28,向日町競輪,F1,8,Ｓ級選抜,14:22,14:17,7,https://keirin.kdreams.jp/mukomachi/racedetail/5420231027020008/?pageType=result,2026-10-08T03:26:22.742473+00:00,7-1/2-5/4/3-6,published,競輪研究,楽天Kドリームス 並び予想
5420231027020009,2023-10-28,向日町競輪,F1,9,Ｓ級選抜,14:53,14:48,7,https://keirin.kdreams.jp/mukomachi/racedetail/5420231027020009/?pageType=result,2026-10-08T03:26:24.797512+00:00,3-7-1-6/2-4-5,published,競輪研究,楽天Kドリームス 並び予想
5420231027020010,2023-10-28,向日町競輪,F1,10,Ｓ級準決勝,15:27,15:22,7,https://keirin.kdreams.jp/mukomachi/racedetail/5420231027020010/?pageType=result,2026-10-08T03:26:26.653448+00:00,1-6/2-7/3-5-4,published,競輪研究,楽天Kドリームス 並び予想
5420231027020011,2023-10-28,向日町競輪,F1,11,Ｓ級準決勝,16:02,15:57,7,https://keirin.kdreams.jp/mukomachi/racedetail/5420231027020011/?pageType=result,2026-10-08T03:26:28.486004+00:00,1-4-5/2/6/3-7,published,競輪研究,楽天Kドリームス 並び予想
5420231027020012,2023-10-28,向日町競輪,F1,12,Ｓ級準決勝,16:40,16:35,7,https://keirin.kdreams.jp/mukomachi/racedetail/5420231027020012/?pageType=result,2026-10-08T03:26:30.330815+00:00,2-7/5-1-6/4-3,published,競輪研究,楽天Kドリームス 並び予想
8420231026030005,2023-10-28,武雄競輪,F1,5,Ｓ級一般,12:39,12:34,5,https://keirin.kdreams.jp/takeo/racedetail/8420231026030005/?pageType=result,2026-10-08T03:25:12.647387+00:00,1/3/5-2-4,published,百万弗,楽天Kドリームス 並び予想
8420231026030006,2023-10-28,武雄競輪,F1,6,Ｓ級一般,13:10,13:05,5,https://keirin.kdreams.jp/takeo/racedetail/8420231026030006/?pageType=result,2026-10-08T03:25:14.344415+00:00,4-1/2-5/3,published,百万弗,楽天Kドリームス 並び予想
8420231026030007,2023-10-28,武雄競輪,F1,7,Ｓ級一般,13:41,13:36,6,https://keirin.kdreams.jp/takeo/racedetail/8420231026030007/?pageType=result,2026-10-08T03:25:15.998849+00:00,3-5-1/6-2/4,published,百万弗,楽天Kドリームス 並び予想
8420231026030008,2023-10-28,武雄競輪,F1,8,Ｓ級特選,14:13,14:08,7,https://keirin.kdreams.jp/takeo/racedetail/8420231026030008/?pageType=result,2026-10-08T03:25:18.011467+00:00,1-4/6-7-2/3-5,published,百万弗,楽天Kドリームス 並び予想
8420231026030009,2023-10-28,武雄競輪,F1,9,Ｓ級特選,14:45,14:40,7,https://keirin.kdreams.jp/takeo/racedetail/8420231026030009/?pageType=result,2026-10-08T03:25:19.802159+00:00,7-1-6/2-5/3-4,published,百万弗,楽天Kドリームス 並び予想
8420231026030010,2023-10-28,武雄競輪,F1,10,Ｓ級特選,15:17,15:12,7,https://keirin.kdreams.jp/takeo/racedetail/8420231026030010/?pageType=result,2026-10-08T03:25:21.716021+00:00,1-5-6/7-2/4-3,published,百万弗,楽天Kドリームス 並び予想
8420231026030012,2023-10-28,武雄競輪,F1,12,Ｓ級決勝,16:30,16:25,7,https://keirin.kdreams.jp/takeo/racedetail/8420231026030012/?pageType=result,2026-10-08T03:25:23.682907+00:00,5-4-1/2-7-3/6,published,百万弗,楽天Kドリームス 並び予想
6120231026030005,2023-10-28,玉野競輪,F1,5,Ｓ級一般,12:35,12:30,7,https://keirin.kdreams.jp/tamano/racedetail/6120231026030005/?pageType=result,2026-10-08T03:25:52.588730+00:00,3-4-6/1/7-5-2,published,競輪毎日,楽天Kドリームス 並び予想
6120231026030006,2023-10-28,玉野競輪,F1,6,Ｓ級一般,13:05,13:00,7,https://keirin.kdreams.jp/tamano/racedetail/6120231026030006/?pageType=result,2026-10-08T03:25:54.537277+00:00,7-1-5/2/4-6-3,published,競輪毎日,楽天Kドリームス 並び予想
6120231026030007,2023-10-28,玉野競輪,F1,7,Ｓ級一般,13:35,13:30,7,https://keirin.kdreams.jp/tamano/racedetail/6120231026030007/?pageType=result,2026-10-08T03:25:56.387571+00:00,3-1-6/5/7-2-4,published,競輪毎日,楽天Kドリームス 並び予想
6120231026030008,2023-10-28,玉野競輪,F1,8,Ｓ級特選,14:05,14:00,7,https://keirin.kdreams.jp/tamano/racedetail/6120231026030008/?pageType=result,2026-10-08T03:25:58.412570+00:00,7-5-1/4-3/6-2,published,競輪毎日,楽天Kドリームス 並び予想
6120231026030009,2023-10-28,玉野競輪,F1,9,Ｓ級特選,14:40,14:35,7,https://keirin.kdreams.jp/tamano/racedetail/6120231026030009/?pageType=result,2026-10-08T03:26:00.411451+00:00,1-5-6/2/7-3-4,published,競輪毎日,楽天Kドリームス 並び予想
6120231026030010,2023-10-28,玉野競輪,F1,10,Ｓ級特選,15:15,15:10,7,https://keirin.kdreams.jp/tamano/racedetail/6120231026030010/?pageType=result,2026-10-08T03:26:02.284008+00:00,1-5/3/7-2-4-6,published,競輪毎日,楽天Kドリームス 並び予想
6120231026030012,2023-10-28,玉野競輪,F1,12,Ｓ級決勝,16:25,16:20,7,https://keirin.kdreams.jp/tamano/racedetail/6120231026030012/?pageType=result,2026-10-08T03:26:04.120981+00:00,5-1/2/7/4-3-6,published,競輪毎日,楽天Kドリームス 並び予想
5420231027030005,2023-10-29,向日町競輪,F1,5,Ｓ級一般,12:51,12:46,6,https://keirin.kdreams.jp/mukomachi/racedetail/5420231027030005/?pageType=result,2026-10-08T03:26:32.141702+00:00,2-4-3/5-1-6,published,競輪研究,楽天Kドリームス 並び予想
5420231027030006,2023-10-29,向日町競輪,F1,6,Ｓ級一般,13:21,13:16,6,https://keirin.kdreams.jp/mukomachi/racedetail/5420231027030006/?pageType=result,2026-10-08T03:26:33.902296+00:00,3-1-2/6/5-4,published,競輪研究,楽天Kドリームス 並び予想
5420231027030007,2023-10-29,向日町競輪,F1,7,Ｓ級一般,13:51,13:46,7,https://keirin.kdreams.jp/mukomachi/racedetail/5420231027030007/?pageType=result,2026-10-08T03:26:36.000535+00:00,1-7-5/2-6/4-3,published,競輪研究,楽天Kドリームス 並び予想
5420231027030008,2023-10-29,向日町競輪,F1,8,Ｓ級特選,14:22,14:17,7,https://keirin.kdreams.jp/mukomachi/racedetail/5420231027030008/?pageType=result,2026-10-08T03:26:37.904079+00:00,7-2/1-6/3-5/4,published,競輪研究,楽天Kドリームス 並び予想
5420231027030009,2023-10-29,向日町競輪,F1,9,Ｓ級特選,14:53,14:48,7,https://keirin.kdreams.jp/mukomachi/racedetail/5420231027030009/?pageType=result,2026-10-08T03:26:39.774816+00:00,6-1/5-4-2/3-7,published,競輪研究,楽天Kドリームス 並び予想
5420231027030010,2023-10-29,向日町競輪,F1,10,Ｓ級特選,15:27,15:22,7,https://keirin.kdreams.jp/mukomachi/racedetail/5420231027030010/?pageType=result,2026-10-08T03:26:41.788888+00:00,1-7-4/6-2/5-3,published,競輪研究,楽天Kドリームス 並び予想
5420231027030012,2023-10-29,向日町競輪,F1,12,Ｓ級決勝,16:40,16:35,7,https://keirin.kdreams.jp/mukomachi/racedetail/5420231027030012/?pageType=result,2026-10-08T03:26:43.689429+00:00,5-1/6/3-2/4-7,published,競輪研究,楽天Kドリームス 並び予想
4420231029010006,2023-10-29,大垣競輪,F1,6,Ｓ級予選,13:16,13:11,7,https://keirin.kdreams.jp/ogaki/racedetail/4420231029010006/?pageType=result,2026-10-08T03:28:27.132487+00:00,7-2/3-5/6-1-4,published,ひかり,楽天Kドリームス 並び予想
4420231029010007,2023-10-29,大垣競輪,F1,7,Ｓ級予選,13:46,13:41,7,https://keirin.kdreams.jp/ogaki/racedetail/4420231029010007/?pageType=result,2026-10-08T03:28:28.992893+00:00,5-2-3/7/1-4-6,published,ひかり,楽天Kドリームス 並び予想
4420231029010008,2023-10-29,大垣競輪,F1,8,Ｓ級予選,14:17,14:12,7,https://keirin.kdreams.jp/ogaki/racedetail/4420231029010008/?pageType=result,2026-10-08T03:28:30.853725+00:00,6-1-4/2-7/5-3,published,ひかり,楽天Kドリームス 並び予想
4420231029010009,2023-10-29,大垣競輪,F1,9,Ｓ級予選,14:48,14:43,7,https://keirin.kdreams.jp/ogaki/racedetail/4420231029010009/?pageType=result,2026-10-08T03:28:32.841516+00:00,1-5-7/6-3/2-4,published,ひかり,楽天Kドリームス 並び予想
4420231029010010,2023-10-29,大垣競輪,F1,10,Ｓ級予選,15:22,15:17,7,https://keirin.kdreams.jp/ogaki/racedetail/4420231029010010/?pageType=result,2026-10-08T03:28:35.084251+00:00,1-4-6/5-2/7-3,published,ひかり,楽天Kドリームス 並び予想
4420231029010011,2023-10-29,大垣競輪,F1,11,Ｓ級予選,15:57,15:52,7,https://keirin.kdreams.jp/ogaki/racedetail/4420231029010011/?pageType=result,2026-10-08T03:28:36.939730+00:00,1-7-4/6-2/3-5,published,ひかり,楽天Kドリームス 並び予想
4420231029010012,2023-10-29,大垣競輪,F1,12,Ｓ級初特選,16:34,16:29,7,https://keirin.kdreams.jp/ogaki/racedetail/4420231029010012/?pageType=result,2026-10-08T03:28:38.949343+00:00,1-4/6-2-7/3-5,published,ひかり,楽天Kドリームス 並び予想
3720231030010008,2023-10-30,伊東競輪,F1,8,Ｓ級予選,14:19,14:14,7,https://keirin.kdreams.jp/ito/racedetail/3720231030010008/?pageType=result,2026-10-08T03:29:08.172478+00:00,2-6-4/5-1/7-3,published,ひかり・小田競,楽天Kドリームス 並び予想
3720231030010009,2023-10-30,伊東競輪,F1,9,Ｓ級予選,14:51,14:46,7,https://keirin.kdreams.jp/ito/racedetail/3720231030010009/?pageType=result,2026-10-08T03:29:09.993064+00:00,1-7/5-2-4/6-3,published,ひかり・小田競,楽天Kドリームス 並び予想
3720231030010010,2023-10-30,伊東競輪,F1,10,Ｓ級予選,15:23,15:18,7,https://keirin.kdreams.jp/ito/racedetail/3720231030010010/?pageType=result,2026-10-08T03:29:11.955023+00:00,2-7/1-6/4-3/5,published,ひかり・小田競,楽天Kドリームス 並び予想
3720231030010011,2023-10-30,伊東競輪,F1,11,Ｓ級予選,15:56,15:51,7,https://keirin.kdreams.jp/ito/racedetail/3720231030010011/?pageType=result,2026-10-08T03:29:13.846817+00:00,3-5-1/6/7-4-2,published,ひかり・小田競,楽天Kドリームス 並び予想
3720231030010012,2023-10-30,伊東競輪,F1,12,Ｓ級初日特選,16:30,16:25,7,https://keirin.kdreams.jp/ito/racedetail/3720231030010012/?pageType=result,2026-10-08T03:29:15.823420+00:00,7-2-5/1/3/4/6,published,ひかり・小田競,楽天Kドリームス 並び予想
4420231029020006,2023-10-30,大垣競輪,F1,6,Ｓ級一般,13:11,13:06,5,https://keirin.kdreams.jp/ogaki/racedetail/4420231029020006/?pageType=result,2026-10-08T03:28:40.870397+00:00,1-4/3/5-2,published,ひかり,楽天Kドリームス 並び予想
4420231029020007,2023-10-30,大垣競輪,F1,7,Ｓ級一般,13:42,13:37,6,https://keirin.kdreams.jp/ogaki/racedetail/4420231029020007/?pageType=result,2026-10-08T03:28:42.647802+00:00,1-4/2-6/3-5,published,ひかり,楽天Kドリームス 並び予想
4420231029020008,2023-10-30,大垣競輪,F1,8,Ｓ級選抜,14:14,14:09,7,https://keirin.kdreams.jp/ogaki/racedetail/4420231029020008/?pageType=result,2026-10-08T03:28:44.543910+00:00,5-1-7/3-6/4-2,published,ひかり,楽天Kドリームス 並び予想
4420231029020009,2023-10-30,大垣競輪,F1,9,Ｓ級選抜,14:46,14:41,7,https://keirin.kdreams.jp/ogaki/racedetail/4420231029020009/?pageType=result,2026-10-08T03:28:46.658045+00:00,1-5/6/7-2/3-4,published,ひかり,楽天Kドリームス 並び予想
4420231029020010,2023-10-30,大垣競輪,F1,10,Ｓ級準決勝,15:18,15:13,7,https://keirin.kdreams.jp/ogaki/racedetail/4420231029020010/?pageType=result,2026-10-08T03:28:48.667807+00:00,6-2-1/3-7-5/4,published,ひかり,楽天Kドリームス 並び予想
4420231029020011,2023-10-30,大垣競輪,F1,11,Ｓ級準決勝,15:51,15:46,7,https://keirin.kdreams.jp/ogaki/racedetail/4420231029020011/?pageType=result,2026-10-08T03:28:50.636134+00:00,1-7/4-2-6/5-3,published,ひかり,楽天Kドリームス 並び予想
4420231029020012,2023-10-30,大垣競輪,F1,12,Ｓ級準決勝,16:25,16:20,7,https://keirin.kdreams.jp/ogaki/racedetail/4420231029020012/?pageType=result,2026-10-08T03:28:52.565550+00:00,1-4-6/7-2/5-3,published,ひかり,楽天Kドリームス 並び予想
3720231030020008,2023-10-31,伊東競輪,F1,8,Ｓ級一般,14:19,14:14,7,https://keirin.kdreams.jp/ito/racedetail/3720231030020008/?pageType=result,2026-10-08T03:29:17.797379+00:00,3-4/2-6/7-5-1,published,ひかり・小田競,楽天Kドリームス 並び予想
3720231030020009,2023-10-31,伊東競輪,F1,9,Ｓ級一般,14:51,14:46,7,https://keirin.kdreams.jp/ito/racedetail/3720231030020009/?pageType=result,2026-10-08T03:29:19.672015+00:00,6-2-4/1/3-7-5,published,ひかり・小田競,楽天Kドリームス 並び予想
3720231030020010,2023-10-31,伊東競輪,F1,10,Ｓ級準決勝,15:23,15:18,7,https://keirin.kdreams.jp/ito/racedetail/3720231030020010/?pageType=result,2026-10-08T03:29:21.605857+00:00,2-5-4/3-1/6-7,published,ひかり・小田競,楽天Kドリームス 並び予想
3720231030020011,2023-10-31,伊東競輪,F1,11,Ｓ級準決勝,15:56,15:51,7,https://keirin.kdreams.jp/ito/racedetail/3720231030020011/?pageType=result,2026-10-08T03:29:23.506290+00:00,3-5/6-2/7-4-1,published,ひかり・小田競,楽天Kドリームス 並び予想
3720231030020012,2023-10-31,伊東競輪,F1,12,Ｓ級準決勝,16:30,16:25,7,https://keirin.kdreams.jp/ito/racedetail/3720231030020012/?pageType=result,2026-10-08T03:29:25.587857+00:00,5-1-7/2-6/4-3,published,ひかり・小田競,楽天Kドリームス 並び予想
4420231029030005,2023-10-31,大垣競輪,F1,5,Ｓ級一般,12:41,12:36,6,https://keirin.kdreams.jp/ogaki/racedetail/4420231029030005/?pageType=result,2026-10-08T03:28:54.557382+00:00,3-1-6/5-2-4,published,ひかり,楽天Kドリームス 並び予想
4420231029030006,2023-10-31,大垣競輪,F1,6,Ｓ級一般,13:11,13:06,6,https://keirin.kdreams.jp/ogaki/racedetail/4420231029030006/?pageType=result,2026-10-08T03:28:56.397454+00:00,5-1-3/4-2/6,published,ひかり,楽天Kドリームス 並び予想
4420231029030007,2023-10-31,大垣競輪,F1,7,Ｓ級一般,13:42,13:37,6,https://keirin.kdreams.jp/ogaki/racedetail/4420231029030007/?pageType=result,2026-10-08T03:28:58.149623+00:00,4-3-1/6/5-2,published,ひかり,楽天Kドリームス 並び予想
4420231029030008,2023-10-31,大垣競輪,F1,8,Ｓ級特選,14:14,14:09,7,https://keirin.kdreams.jp/ogaki/racedetail/4420231029030008/?pageType=result,2026-10-08T03:29:00.015876+00:00,1-4/3/7/6-5-2,published,ひかり,楽天Kドリームス 並び予想
4420231029030009,2023-10-31,大垣競輪,F1,9,Ｓ級特選,14:46,14:41,7,https://keirin.kdreams.jp/ogaki/racedetail/4420231029030009/?pageType=result,2026-10-08T03:29:02.067616+00:00,1-5/7-2-4/3-6,published,ひかり,楽天Kドリームス 並び予想
4420231029030010,2023-10-31,大垣競輪,F1,10,Ｓ級特選,15:18,15:13,7,https://keirin.kdreams.jp/ogaki/racedetail/4420231029030010/?pageType=result,2026-10-08T03:29:04.042059+00:00,4-1-7/5-2/6-3,published,ひかり,楽天Kドリームス 並び予想
4420231029030012,2023-10-31,大垣競輪,F1,12,Ｓ級決勝,16:25,16:20,7,https://keirin.kdreams.jp/ogaki/racedetail/4420231029030012/?pageType=result,2026-10-08T03:29:06.161202+00:00,6-4-5-3/2/7-1,published,ひかり,楽天Kドリームス 並び予想
3720231030030006,2023-11-01,伊東競輪,F1,6,Ｓ級一般,13:17,13:12,7,https://keirin.kdreams.jp/ito/racedetail/3720231030030006/?pageType=result,2026-10-08T03:29:27.674574+00:00,1-6-4/2-5/3-7,published,ひかり・小田競,楽天Kドリームス 並び予想
3720231030030007,2023-11-01,伊東競輪,F1,7,Ｓ級一般,13:49,13:44,7,https://keirin.kdreams.jp/ito/racedetail/3720231030030007/?pageType=result,2026-10-08T03:29:30.173015+00:00,5-1/7-2-4/3-6,published,ひかり・小田競,楽天Kドリームス 並び予想
3720231030030008,2023-11-01,伊東競輪,F1,8,Ｓ級特選,14:21,14:16,7,https://keirin.kdreams.jp/ito/racedetail/3720231030030008/?pageType=result,2026-10-08T03:29:32.107771+00:00,7-1/4-2/3-6/5,published,ひかり・小田競,楽天Kドリームス 並び予想
3720231030030009,2023-11-01,伊東競輪,F1,9,Ｓ級特選,14:53,14:48,7,https://keirin.kdreams.jp/ito/racedetail/3720231030030009/?pageType=result,2026-10-08T03:29:34.074686+00:00,1-7-3/5-2-4/6,published,ひかり・小田競,楽天Kドリームス 並び予想
3720231030030012,2023-11-01,伊東競輪,F1,12,Ｓ級決勝,16:40,16:35,7,https://keirin.kdreams.jp/ito/racedetail/3720231030030012/?pageType=result,2026-10-08T03:29:35.978181+00:00,6-1-4/3/5-2/7,published,ひかり・小田競,楽天Kドリームス 並び予想
4720231101010006,2023-11-01,松阪競輪,F1,6,Ｓ級予選,17:40,17:35,7,https://keirin.kdreams.jp/matsusaka/racedetail/4720231101010006/?pageType=result,2026-10-08T03:29:37.972287+00:00,6-1-5/2/4-3-7,published,中部競輪,楽天Kドリームス 並び予想
4720231101010007,2023-11-01,松阪競輪,F1,7,Ｓ級予選,18:05,18:00,7,https://keirin.kdreams.jp/matsusaka/racedetail/4720231101010007/?pageType=result,2026-10-08T03:29:39.836628+00:00,4-1-3-7/2-5-6,published,中部競輪,楽天Kドリームス 並び予想
4720231101010008,2023-11-01,松阪競輪,F1,8,Ｓ級予選,18:31,18:26,7,https://keirin.kdreams.jp/matsusaka/racedetail/4720231101010008/?pageType=result,2026-10-08T03:29:41.838168+00:00,1-5/2/6/4-3/7,published,中部競輪,楽天Kドリームス 並び予想
4720231101010009,2023-11-01,松阪競輪,F1,9,Ｓ級予選,18:58,18:53,7,https://keirin.kdreams.jp/matsusaka/racedetail/4720231101010009/?pageType=result,2026-10-08T03:29:43.748751+00:00,6-1/4-2/3-5-7,published,中部競輪,楽天Kドリームス 並び予想
4720231101010010,2023-11-01,松阪競輪,F1,10,Ｓ級予選,19:26,19:21,7,https://keirin.kdreams.jp/matsusaka/racedetail/4720231101010010/?pageType=result,2026-10-08T03:29:45.616980+00:00,1-7-4/2-6/3-5,published,中部競輪,楽天Kドリームス 並び予想
4720231101010011,2023-11-01,松阪競輪,F1,11,Ｓ級予選,19:55,19:50,7,https://keirin.kdreams.jp/matsusaka/racedetail/4720231101010011/?pageType=result,2026-10-08T03:29:47.650668+00:00,5-1-3/6/2-7-4,published,中部競輪,楽天Kドリームス 並び予想
4720231101010012,2023-11-01,松阪競輪,F1,12,Ｓ級初特選,20:25,20:20,7,https://keirin.kdreams.jp/matsusaka/racedetail/4720231101010012/?pageType=result,2026-10-08T03:29:49.610614+00:00,5-1/7-3/6-4/2,published,中部競輪,楽天Kドリームス 並び予想
2320231102010006,2023-11-02,取手競輪,F1,6,Ｓ級予選,12:49,12:44,7,https://keirin.kdreams.jp/toride/racedetail/2320231102010006/?pageType=result,2026-10-08T03:31:58.899561+00:00,5-2-7/1/3-4-6,published,アオケイ,楽天Kドリームス 並び予想
2320231102010007,2023-11-02,取手競輪,F1,7,Ｓ級予選,13:19,13:14,7,https://keirin.kdreams.jp/toride/racedetail/2320231102010007/?pageType=result,2026-10-08T03:32:00.750525+00:00,4-1-6/3/7-2-5,published,アオケイ,楽天Kドリームス 並び予想
2320231102010008,2023-11-02,取手競輪,F1,8,Ｓ級予選,13:50,13:45,7,https://keirin.kdreams.jp/toride/racedetail/2320231102010008/?pageType=result,2026-10-08T03:32:02.631570+00:00,1-7-5/6/3-2-4,published,アオケイ,楽天Kドリームス 並び予想
2320231102010009,2023-11-02,取手競輪,F1,9,Ｓ級予選,14:21,14:16,7,https://keirin.kdreams.jp/toride/racedetail/2320231102010009/?pageType=result,2026-10-08T03:32:04.558985+00:00,6-1/2-5-4/7-3,published,アオケイ,楽天Kドリームス 並び予想
2320231102010010,2023-11-02,取手競輪,F1,10,Ｓ級予選,14:53,14:48,7,https://keirin.kdreams.jp/toride/racedetail/2320231102010010/?pageType=result,2026-10-08T03:32:06.496769+00:00,3-1-5/2-6/7-4,published,アオケイ,楽天Kドリームス 並び予想
2320231102010011,2023-11-02,取手競輪,F1,11,Ｓ級予選,15:27,15:22,7,https://keirin.kdreams.jp/toride/racedetail/2320231102010011/?pageType=result,2026-10-08T03:32:08.392817+00:00,1-7-4/6/5-2-3,published,アオケイ,楽天Kドリームス 並び予想
2320231102010012,2023-11-02,取手競輪,F1,12,Ｓ級初特選,16:05,16:00,7,https://keirin.kdreams.jp/toride/racedetail/2320231102010012/?pageType=result,2026-10-08T03:32:10.307999+00:00,1-6/4/7-2/5-3,published,アオケイ,楽天Kドリームス 並び予想
4720231101020006,2023-11-02,松阪競輪,F1,6,Ｓ級一般,17:40,17:35,7,https://keirin.kdreams.jp/matsusaka/racedetail/4720231101020006/?pageType=result,2026-10-08T03:29:51.435140+00:00,4-2-7/1/6-5-3,published,中部競輪,楽天Kドリームス 並び予想
4720231101020007,2023-11-02,松阪競輪,F1,7,Ｓ級一般,18:05,18:00,7,https://keirin.kdreams.jp/matsusaka/racedetail/4720231101020007/?pageType=result,2026-10-08T03:29:53.311817+00:00,1-4-3/2-7/5/6,published,中部競輪,楽天Kドリームス 並び予想
4720231101020008,2023-11-02,松阪競輪,F1,8,Ｓ級選抜,18:31,18:26,7,https://keirin.kdreams.jp/matsusaka/racedetail/4720231101020008/?pageType=result,2026-10-08T03:29:55.158167+00:00,5-1-7/2/4-3/6,published,中部競輪,楽天Kドリームス 並び予想
4720231101020009,2023-11-02,松阪競輪,F1,9,Ｓ級選抜,18:58,18:53,7,https://keirin.kdreams.jp/matsusaka/racedetail/4720231101020009/?pageType=result,2026-10-08T03:29:56.998819+00:00,4-1/2-7/6-3-5,published,中部競輪,楽天Kドリームス 並び予想
4720231101020010,2023-11-02,松阪競輪,F1,10,Ｓ級準決勝,19:26,19:21,7,https://keirin.kdreams.jp/matsusaka/racedetail/4720231101020010/?pageType=result,2026-10-08T03:29:58.931049+00:00,3-4-7/5-1/6-2,published,中部競輪,楽天Kドリームス 並び予想
4720231101020011,2023-11-02,松阪競輪,F1,11,Ｓ級準決勝,19:55,19:50,7,https://keirin.kdreams.jp/matsusaka/racedetail/4720231101020011/?pageType=result,2026-10-08T03:30:00.747642+00:00,1-5/6-2-4/3-7,published,中部競輪,楽天Kドリームス 並び予想
4720231101020012,2023-11-02,松阪競輪,F1,12,Ｓ級準決勝,20:25,20:20,7,https://keirin.kdreams.jp/matsusaka/racedetail/4720231101020012/?pageType=result,2026-10-08T03:30:02.586785+00:00,1-5-4/7-2/3-6,published,中部競輪,楽天Kドリームス 並び予想
2320231102020006,2023-11-03,取手競輪,F1,6,Ｓ級一般,12:49,12:44,7,https://keirin.kdreams.jp/toride/racedetail/2320231102020006/?pageType=result,2026-10-08T03:32:12.277039+00:00,1-5/7-4-2/6-3,published,アオケイ,楽天Kドリームス 並び予想
2320231102020007,2023-11-03,取手競輪,F1,7,Ｓ級一般,13:19,13:14,7,https://keirin.kdreams.jp/toride/racedetail/2320231102020007/?pageType=result,2026-10-08T03:32:14.273635+00:00,1-5/6-2/4-3-7,published,アオケイ,楽天Kドリームス 並び予想
2320231102020008,2023-11-03,取手競輪,F1,8,Ｓ級選抜,13:50,13:45,7,https://keirin.kdreams.jp/toride/racedetail/2320231102020008/?pageType=result,2026-10-08T03:32:16.141510+00:00,1-4-5-7-3/6-2,published,アオケイ,楽天Kドリームス 並び予想
2320231102020009,2023-11-03,取手競輪,F1,9,Ｓ級選抜,14:21,14:16,7,https://keirin.kdreams.jp/toride/racedetail/2320231102020009/?pageType=result,2026-10-08T03:32:17.949867+00:00,7-1-4/2/3-5-6,published,アオケイ,楽天Kドリームス 並び予想
2320231102020010,2023-11-03,取手競輪,F1,10,Ｓ級準決勝,14:53,14:48,7,https://keirin.kdreams.jp/toride/racedetail/2320231102020010/?pageType=result,2026-10-08T03:32:19.886184+00:00,1-5/7-3/6-4-2,published,アオケイ,楽天Kドリームス 並び予想
2320231102020011,2023-11-03,取手競輪,F1,11,Ｓ級準決勝,15:27,15:22,7,https://keirin.kdreams.jp/toride/racedetail/2320231102020011/?pageType=result,2026-10-08T03:32:21.757410+00:00,1-5-4/2-7/3-6,published,アオケイ,楽天Kドリームス 並び予想
2320231102020012,2023-11-03,取手競輪,F1,12,Ｓ級準決勝,16:05,16:00,7,https://keirin.kdreams.jp/toride/racedetail/2320231102020012/?pageType=result,2026-10-08T03:32:23.616097+00:00,1-4/6/2-5/7-3,published,アオケイ,楽天Kドリームス 並び予想
4720231101030005,2023-11-03,松阪競輪,F1,5,Ｓ級一般,17:15,17:10,6,https://keirin.kdreams.jp/matsusaka/racedetail/4720231101030005/?pageType=result,2026-10-08T03:30:03.626749+00:00,1-3-4/6-2/5,published,中部競輪,楽天Kドリームス 並び予想
4720231101030006,2023-11-03,松阪競輪,F1,6,Ｓ級一般,17:40,17:35,7,https://keirin.kdreams.jp/matsusaka/racedetail/4720231101030006/?pageType=result,2026-10-08T03:30:04.886423+00:00,3/5-1/6-2/7/4,published,中部競輪,楽天Kドリームス 並び予想
4720231101030007,2023-11-03,松阪競輪,F1,7,Ｓ級一般,18:05,18:00,7,https://keirin.kdreams.jp/matsusaka/racedetail/4720231101030007/?pageType=result,2026-10-08T03:30:06.220507+00:00,7-1/4/2-6/5-3,published,中部競輪,楽天Kドリームス 並び予想
4720231101030008,2023-11-03,松阪競輪,F1,8,Ｓ級特選,18:31,18:26,7,https://keirin.kdreams.jp/matsusaka/racedetail/4720231101030008/?pageType=result,2026-10-08T03:30:08.663587+00:00,5-3/7-1/6/4-2,published,中部競輪,楽天Kドリームス 並び予想
4720231101030009,2023-11-03,松阪競輪,F1,9,Ｓ級特選,18:58,18:53,7,https://keirin.kdreams.jp/matsusaka/racedetail/4720231101030009/?pageType=result,2026-10-08T03:30:10.555804+00:00,5-3-4/6-1/2-7,published,中部競輪,楽天Kドリームス 並び予想
4720231101030010,2023-11-03,松阪競輪,F1,10,Ｓ級特選,19:26,19:21,7,https://keirin.kdreams.jp/matsusaka/racedetail/4720231101030010/?pageType=result,2026-10-08T03:30:12.944551+00:00,1-7/2-4-6/5-3,published,中部競輪,楽天Kドリームス 並び予想
4720231101030012,2023-11-03,松阪競輪,F1,12,Ｓ級決勝,20:30,20:25,7,https://keirin.kdreams.jp/matsusaka/racedetail/4720231101030012/?pageType=result,2026-10-08T03:30:15.152394+00:00,2-5-7/1/4-3-6,published,中部競輪,楽天Kドリームス 並び予想
3820231103010008,2023-11-03,静岡競輪,F1,8,Ｓ級予選,18:26,18:21,7,https://keirin.kdreams.jp/shizuoka/racedetail/3820231103010008/?pageType=result,2026-10-08T03:32:38.502852+00:00,2-4/1-6/5-3/7,published,ひかり・小田競,楽天Kドリームス 並び予想
3820231103010009,2023-11-03,静岡競輪,F1,9,Ｓ級予選,18:53,18:48,7,https://keirin.kdreams.jp/shizuoka/racedetail/3820231103010009/?pageType=result,2026-10-08T03:32:40.568027+00:00,5-1/2-7/3-4-6,published,ひかり・小田競,楽天Kドリームス 並び予想
3820231103010010,2023-11-03,静岡競輪,F1,10,Ｓ級予選,19:21,19:16,7,https://keirin.kdreams.jp/shizuoka/racedetail/3820231103010010/?pageType=result,2026-10-08T03:32:42.405710+00:00,1-6/2-4/3-7-5,published,ひかり・小田競,楽天Kドリームス 並び予想
3820231103010011,2023-11-03,静岡競輪,F1,11,Ｓ級予選,19:49,19:44,7,https://keirin.kdreams.jp/shizuoka/racedetail/3820231103010011/?pageType=result,2026-10-08T03:32:44.171774+00:00,2-5-4/3-6/7-1,published,ひかり・小田競,楽天Kドリームス 並び予想
3820231103010012,2023-11-03,静岡競輪,F1,12,Ｓ級初日特選,20:20,20:15,7,https://keirin.kdreams.jp/shizuoka/racedetail/3820231103010012/?pageType=result,2026-10-08T03:32:45.891346+00:00,7-2/1/6-3/4/5,published,ひかり・小田競,楽天Kドリームス 並び予想
2320231102030005,2023-11-04,取手競輪,F1,5,Ｓ級一般,12:19,12:14,7,https://keirin.kdreams.jp/toride/racedetail/2320231102030005/?pageType=result,2026-10-08T03:32:25.517332+00:00,6-1-7/2/5/3-4,published,アオケイ,楽天Kドリームス 並び予想
2320231102030006,2023-11-04,取手競輪,F1,6,Ｓ級一般,12:49,12:44,7,https://keirin.kdreams.jp/toride/racedetail/2320231102030006/?pageType=result,2026-10-08T03:32:27.358157+00:00,4-1-3-7-5/6-2,published,アオケイ,楽天Kドリームス 並び予想
2320231102030007,2023-11-04,取手競輪,F1,7,Ｓ級一般,13:19,13:14,7,https://keirin.kdreams.jp/toride/racedetail/2320231102030007/?pageType=result,2026-10-08T03:32:29.182920+00:00,4-1/6/5-3/2-7,published,アオケイ,楽天Kドリームス 並び予想
2320231102030008,2023-11-04,取手競輪,F1,8,Ｓ級特選,13:50,13:45,7,https://keirin.kdreams.jp/toride/racedetail/2320231102030008/?pageType=result,2026-10-08T03:32:31.020384+00:00,1/2-6/5-4/7-3,published,アオケイ,楽天Kドリームス 並び予想
2320231102030009,2023-11-04,取手競輪,F1,9,Ｓ級特選,14:21,14:16,7,https://keirin.kdreams.jp/toride/racedetail/2320231102030009/?pageType=result,2026-10-08T03:32:33.002434+00:00,1-4/5/6-3/7-2,published,アオケイ,楽天Kドリームス 並び予想
2320231102030010,2023-11-04,取手競輪,F1,10,Ｓ級特選,14:53,14:48,7,https://keirin.kdreams.jp/toride/racedetail/2320231102030010/?pageType=result,2026-10-08T03:32:34.815871+00:00,2-7/4/6-1/3-5,published,アオケイ,楽天Kドリームス 並び予想
2320231102030012,2023-11-04,取手競輪,F1,12,Ｓ級決勝,16:05,16:00,7,https://keirin.kdreams.jp/toride/racedetail/2320231102030012/?pageType=result,2026-10-08T03:32:36.597659+00:00,1-7-6/3-4/2-5,published,アオケイ,楽天Kドリームス 並び予想
3820231103020008,2023-11-04,静岡競輪,F1,8,Ｓ級一般,18:31,18:26,7,https://keirin.kdreams.jp/shizuoka/racedetail/3820231103020008/?pageType=result,2026-10-08T03:32:47.911123+00:00,1-5/7-2-6/3-4,published,ひかり・小田競,楽天Kドリームス 並び予想
3820231103020009,2023-11-04,静岡競輪,F1,9,Ｓ級一般,18:57,18:52,7,https://keirin.kdreams.jp/shizuoka/racedetail/3820231103020009/?pageType=result,2026-10-08T03:32:49.778698+00:00,1-4/5-7-2/3-6,published,ひかり・小田競,楽天Kドリームス 並び予想
3820231103020010,2023-11-04,静岡競輪,F1,10,Ｓ級準決勝,19:26,19:21,7,https://keirin.kdreams.jp/shizuoka/racedetail/3820231103020010/?pageType=result,2026-10-08T03:32:51.810298+00:00,3-6/7/1-5/4-2,published,ひかり・小田競,楽天Kドリームス 並び予想
3820231103020011,2023-11-04,静岡競輪,F1,11,Ｓ級準決勝,19:57,19:52,7,https://keirin.kdreams.jp/shizuoka/racedetail/3820231103020011/?pageType=result,2026-10-08T03:32:53.658213+00:00,2-7/5-1-6/4-3,published,ひかり・小田競,楽天Kドリームス 並び予想
3820231103020012,2023-11-04,静岡競輪,F1,12,Ｓ級準決勝,20:30,20:25,7,https://keirin.kdreams.jp/shizuoka/racedetail/3820231103020012/?pageType=result,2026-10-08T03:32:55.434881+00:00,1-7/2-6/4-3/5,published,ひかり・小田競,楽天Kドリームス 並び予想
3820231103030006,2023-11-05,静岡競輪,F1,6,Ｓ級一般,17:40,17:35,7,https://keirin.kdreams.jp/shizuoka/racedetail/3820231103030006/?pageType=result,2026-10-08T03:32:57.306914+00:00,4-2-7/5/3/1-6,published,ひかり・小田競,楽天Kドリームス 並び予想
3820231103030007,2023-11-05,静岡競輪,F1,7,Ｓ級一般,18:05,18:00,7,https://keirin.kdreams.jp/shizuoka/racedetail/3820231103030007/?pageType=result,2026-10-08T03:32:59.075829+00:00,1-4-7/2-6/5-3,published,ひかり・小田競,楽天Kドリームス 並び予想
3820231103030008,2023-11-05,静岡競輪,F1,8,Ｓ級特選,18:31,18:26,7,https://keirin.kdreams.jp/shizuoka/racedetail/3820231103030008/?pageType=result,2026-10-08T03:33:01.220257+00:00,4-1/3/6/7-2-5,published,ひかり・小田競,楽天Kドリームス 並び予想
3820231103030009,2023-11-05,静岡競輪,F1,9,Ｓ級特選,18:57,18:52,7,https://keirin.kdreams.jp/shizuoka/racedetail/3820231103030009/?pageType=result,2026-10-08T03:33:03.235753+00:00,5-2/7-4-1/3-6,published,ひかり・小田競,楽天Kドリームス 並び予想
3820231103030012,2023-11-05,静岡競輪,F1,12,Ｓ級決勝,20:30,20:25,7,https://keirin.kdreams.jp/shizuoka/racedetail/3820231103030012/?pageType=result,2026-10-08T03:33:05.173716+00:00,6-5-1/2-4/7-3,published,ひかり・小田競,楽天Kドリームス 並び予想
8620231106010006,2023-11-06,別府競輪,F1,6,Ｓ級予選,17:55,17:50,6,https://keirin.kdreams.jp/beppu/racedetail/8620231106010006/?pageType=result,2026-10-08T03:33:06.873211+00:00,3-1-6/2-5-4,published,ダービー,楽天Kドリームス 並び予想
8620231106010007,2023-11-06,別府競輪,F1,7,Ｓ級予選,18:19,18:14,6,https://keirin.kdreams.jp/beppu/racedetail/8620231106010007/?pageType=result,2026-10-08T03:33:08.670888+00:00,5-1-3/4-2/6,published,ダービー,楽天Kドリームス 並び予想
8620231106010008,2023-11-06,別府競輪,F1,8,Ｓ級予選,18:43,18:38,7,https://keirin.kdreams.jp/beppu/racedetail/8620231106010008/?pageType=result,2026-10-08T03:33:10.565042+00:00,3-7-4/1/2-5-6,published,ダービー,楽天Kドリームス 並び予想
8620231106010009,2023-11-06,別府競輪,F1,9,Ｓ級予選,19:07,19:02,7,https://keirin.kdreams.jp/beppu/racedetail/8620231106010009/?pageType=result,2026-10-08T03:33:12.244082+00:00,5-3-1/7-2-4/6,published,ダービー,楽天Kドリームス 並び予想
8620231106010010,2023-11-06,別府競輪,F1,10,Ｓ級予選,19:31,19:26,7,https://keirin.kdreams.jp/beppu/racedetail/8620231106010010/?pageType=result,2026-10-08T03:33:14.006042+00:00,1-4/2-6/5-3-7,published,ダービー,楽天Kドリームス 並び予想
8620231106010011,2023-11-06,別府競輪,F1,11,Ｓ級予選,19:55,19:50,7,https://keirin.kdreams.jp/beppu/racedetail/8620231106010011/?pageType=result,2026-10-08T03:33:16.062412+00:00,2-7-4/5-1/3/6,published,ダービー,楽天Kドリームス 並び予想
8620231106010012,2023-11-06,別府競輪,F1,12,Ｓ級初特選,20:20,20:15,7,https://keirin.kdreams.jp/beppu/racedetail/8620231106010012/?pageType=result,2026-10-08T03:33:17.946738+00:00,5-1/6-2/3-7/4,published,ダービー,楽天Kドリームス 並び予想
7320231106010006,2023-11-06,小松島競輪,F1,6,Ｓ級予選,13:26,13:21,7,https://keirin.kdreams.jp/komatsushima/racedetail/7320231106010006/?pageType=result,2026-10-08T03:33:47.076844+00:00,1-6/2-5/7-3-4,published,競輪毎日,楽天Kドリームス 並び予想
7320231106010007,2023-11-06,小松島競輪,F1,7,Ｓ級予選,13:58,13:53,7,https://keirin.kdreams.jp/komatsushima/racedetail/7320231106010007/?pageType=result,2026-10-08T03:33:49.006029+00:00,1-5-6/7-2/3-4,published,競輪毎日,楽天Kドリームス 並び予想
7320231106010008,2023-11-06,小松島競輪,F1,8,Ｓ級予選,14:30,14:25,7,https://keirin.kdreams.jp/komatsushima/racedetail/7320231106010008/?pageType=result,2026-10-08T03:33:51.271749+00:00,4-3/7-2-6/5-1,published,競輪毎日,楽天Kドリームス 並び予想
7320231106010009,2023-11-06,小松島競輪,F1,9,Ｓ級予選,15:02,14:57,7,https://keirin.kdreams.jp/komatsushima/racedetail/7320231106010009/?pageType=result,2026-10-08T03:33:52.984796+00:00,1-4/7-3/5-2-6,published,競輪毎日,楽天Kドリームス 並び予想
7320231106010010,2023-11-06,小松島競輪,F1,10,Ｓ級予選,15:34,15:29,7,https://keirin.kdreams.jp/komatsushima/racedetail/7320231106010010/?pageType=result,2026-10-08T03:33:54.782969+00:00,1-7-5/6/4-3-2,published,競輪毎日,楽天Kドリームス 並び予想
7320231106010011,2023-11-06,小松島競輪,F1,11,Ｓ級予選,16:06,16:01,7,https://keirin.kdreams.jp/komatsushima/racedetail/7320231106010011/?pageType=result,2026-10-08T03:33:56.615232+00:00,1-5-7/4-2/6-3,published,競輪毎日,楽天Kドリームス 並び予想
7320231106010012,2023-11-06,小松島競輪,F1,12,Ｓ級初特選,16:40,16:35,7,https://keirin.kdreams.jp/komatsushima/racedetail/7320231106010012/?pageType=result,2026-10-08T03:33:58.391498+00:00,1-6/2-5/3-7-4,published,競輪毎日,楽天Kドリームス 並び予想
4520231106010006,2023-11-06,豊橋競輪,F1,6,Ｓ級予選,13:07,13:02,7,https://keirin.kdreams.jp/toyohashi/racedetail/4520231106010006/?pageType=result,2026-10-08T03:34:27.138997+00:00,1-5/3-6/4-7-2,published,中部競輪,楽天Kドリームス 並び予想
4520231106010007,2023-11-06,豊橋競輪,F1,7,Ｓ級予選,13:38,13:33,7,https://keirin.kdreams.jp/toyohashi/racedetail/4520231106010007/?pageType=result,2026-10-08T03:34:29.521365+00:00,7-2-4/5-3/1-6,published,中部競輪,楽天Kドリームス 並び予想
4520231106010008,2023-11-06,豊橋競輪,F1,8,Ｓ級予選,14:10,14:05,7,https://keirin.kdreams.jp/toyohashi/racedetail/4520231106010008/?pageType=result,2026-10-08T03:34:31.398076+00:00,4-1-7/2/5-3-6,published,中部競輪,楽天Kドリームス 並び予想
4520231106010009,2023-11-06,豊橋競輪,F1,9,Ｓ級予選,14:42,14:37,7,https://keirin.kdreams.jp/toyohashi/racedetail/4520231106010009/?pageType=result,2026-10-08T03:34:33.326547+00:00,2-5-4-1/6/3-7,published,中部競輪,楽天Kドリームス 並び予想
4520231106010010,2023-11-06,豊橋競輪,F1,10,Ｓ級予選,15:14,15:09,7,https://keirin.kdreams.jp/toyohashi/racedetail/4520231106010010/?pageType=result,2026-10-08T03:34:35.122192+00:00,7-1-5/4-2/6-3,published,中部競輪,楽天Kドリームス 並び予想
4520231106010011,2023-11-06,豊橋競輪,F1,11,Ｓ級予選,15:50,15:45,7,https://keirin.kdreams.jp/toyohashi/racedetail/4520231106010011/?pageType=result,2026-10-08T03:34:37.114125+00:00,1-5-7/3-4/6-2,published,中部競輪,楽天Kドリームス 並び予想
4520231106010012,2023-11-06,豊橋競輪,F1,12,Ｓ級初特選,16:30,16:25,7,https://keirin.kdreams.jp/toyohashi/racedetail/4520231106010012/?pageType=result,2026-10-08T03:34:39.078258+00:00,5-1-7/6-3/4-2,published,中部競輪,楽天Kドリームス 並び予想
8620231106020006,2023-11-07,別府競輪,F1,6,Ｓ級一般,17:55,17:50,5,https://keirin.kdreams.jp/beppu/racedetail/8620231106020006/?pageType=result,2026-10-08T03:33:19.697424+00:00,4/1-3/2-5,published,ダービー,楽天Kドリームス 並び予想
8620231106020007,2023-11-07,別府競輪,F1,7,Ｓ級一般,18:19,18:14,6,https://keirin.kdreams.jp/beppu/racedetail/8620231106020007/?pageType=result,2026-10-08T03:33:21.781493+00:00,1-5/3/6/4-2,published,ダービー,楽天Kドリームス 並び予想
8620231106020008,2023-11-07,別府競輪,F1,8,Ｓ級選抜,18:43,18:38,7,https://keirin.kdreams.jp/beppu/racedetail/8620231106020008/?pageType=result,2026-10-08T03:33:24.321959+00:00,7-1/6-2/4/5-3,published,ダービー,楽天Kドリームス 並び予想
8620231106020009,2023-11-07,別府競輪,F1,9,Ｓ級選抜,19:07,19:02,7,https://keirin.kdreams.jp/beppu/racedetail/8620231106020009/?pageType=result,2026-10-08T03:33:26.202829+00:00,7-4-5-1/3/6-2,published,ダービー,楽天Kドリームス 並び予想
8620231106020010,2023-11-07,別府競輪,F1,10,Ｓ級準決勝,19:31,19:26,7,https://keirin.kdreams.jp/beppu/racedetail/8620231106020010/?pageType=result,2026-10-08T03:33:28.155206+00:00,7-1-5/6-2/4-3,published,ダービー,楽天Kドリームス 並び予想
8620231106020011,2023-11-07,別府競輪,F1,11,Ｓ級準決勝,19:55,19:50,7,https://keirin.kdreams.jp/beppu/racedetail/8620231106020011/?pageType=result,2026-10-08T03:33:29.991533+00:00,5-1-4/6-2/3-7,published,ダービー,楽天Kドリームス 並び予想
8620231106020012,2023-11-07,別府競輪,F1,12,Ｓ級準決勝,20:20,20:15,7,https://keirin.kdreams.jp/beppu/racedetail/8620231106020012/?pageType=result,2026-10-08T03:33:31.952657+00:00,1-4-6/2-7/3-5,published,ダービー,楽天Kドリームス 並び予想
2220231107010006,2023-11-07,前橋競輪,F1,6,Ｓ級予選,13:15,13:10,7,https://keirin.kdreams.jp/maebashi/racedetail/2220231107010006/?pageType=result,2026-10-08T03:35:07.920206+00:00,6-1/5-2/3-4-7,published,アオケイ,楽天Kドリームス 並び予想
2220231107010007,2023-11-07,前橋競輪,F1,7,Ｓ級予選,13:47,13:42,7,https://keirin.kdreams.jp/maebashi/racedetail/2220231107010007/?pageType=result,2026-10-08T03:35:10.158818+00:00,5-2/3-7/6-4-1,published,アオケイ,楽天Kドリームス 並び予想
2220231107010008,2023-11-07,前橋競輪,F1,8,Ｓ級予選,14:19,14:14,7,https://keirin.kdreams.jp/maebashi/racedetail/2220231107010008/?pageType=result,2026-10-08T03:35:12.047738+00:00,5-1-6/7-2/3-4,published,アオケイ,楽天Kドリームス 並び予想
2220231107010009,2023-11-07,前橋競輪,F1,9,Ｓ級予選,14:52,14:47,7,https://keirin.kdreams.jp/maebashi/racedetail/2220231107010009/?pageType=result,2026-10-08T03:35:13.990173+00:00,5-7-1/3/4-2/6,published,アオケイ,楽天Kドリームス 並び予想
2220231107010010,2023-11-07,前橋競輪,F1,10,Ｓ級予選,15:25,15:20,7,https://keirin.kdreams.jp/maebashi/racedetail/2220231107010010/?pageType=result,2026-10-08T03:35:15.742520+00:00,1-4-7/2-6/5-3,published,アオケイ,楽天Kドリームス 並び予想
2220231107010011,2023-11-07,前橋競輪,F1,11,Ｓ級予選,15:59,15:54,7,https://keirin.kdreams.jp/maebashi/racedetail/2220231107010011/?pageType=result,2026-10-08T03:35:17.661986+00:00,5-1-7/4-2/6-3,published,アオケイ,楽天Kドリームス 並び予想
2220231107010012,2023-11-07,前橋競輪,F1,12,Ｓ級初特選,16:35,16:30,7,https://keirin.kdreams.jp/maebashi/racedetail/2220231107010012/?pageType=result,2026-10-08T03:35:20.068499+00:00,1/2-5-6/4/7-3,published,アオケイ,楽天Kドリームス 並び予想
7320231106020006,2023-11-07,小松島競輪,F1,6,Ｓ級一般,13:26,13:21,7,https://keirin.kdreams.jp/komatsushima/racedetail/7320231106020006/?pageType=result,2026-10-08T03:34:00.238197+00:00,3-5/1-7-4/2-6,published,競輪毎日,楽天Kドリームス 並び予想
7320231106020007,2023-11-07,小松島競輪,F1,7,Ｓ級一般,13:58,13:53,7,https://keirin.kdreams.jp/komatsushima/racedetail/7320231106020007/?pageType=result,2026-10-08T03:34:02.015775+00:00,7-1-5/2-4-3/6,published,競輪毎日,楽天Kドリームス 並び予想
7320231106020008,2023-11-07,小松島競輪,F1,8,Ｓ級選抜,14:30,14:25,7,https://keirin.kdreams.jp/komatsushima/racedetail/7320231106020008/?pageType=result,2026-10-08T03:34:04.010919+00:00,1-5-7/2/3-4/6,published,競輪毎日,楽天Kドリームス 並び予想
7320231106020009,2023-11-07,小松島競輪,F1,9,Ｓ級選抜,15:02,14:57,7,https://keirin.kdreams.jp/komatsushima/racedetail/7320231106020009/?pageType=result,2026-10-08T03:34:05.899726+00:00,5-1/2-6/3-4-7,published,競輪毎日,楽天Kドリームス 並び予想
7320231106020010,2023-11-07,小松島競輪,F1,10,Ｓ級準決勝,15:34,15:29,7,https://keirin.kdreams.jp/komatsushima/racedetail/7320231106020010/?pageType=result,2026-10-08T03:34:07.948371+00:00,4-3/1-5-7/6-2,published,競輪毎日,楽天Kドリームス 並び予想
7320231106020011,2023-11-07,小松島競輪,F1,11,Ｓ級準決勝,16:06,16:01,7,https://keirin.kdreams.jp/komatsushima/racedetail/7320231106020011/?pageType=result,2026-10-08T03:34:09.776383+00:00,7-2-4/1/6-3/5,published,競輪毎日,楽天Kドリームス 並び予想
7320231106020012,2023-11-07,小松島競輪,F1,12,Ｓ級準決勝,16:40,16:35,7,https://keirin.kdreams.jp/komatsushima/racedetail/7320231106020012/?pageType=result,2026-10-08T03:34:11.789230+00:00,7-3/1-4-6/5-2,published,競輪毎日,楽天Kドリームス 並び予想
4520231106020006,2023-11-07,豊橋競輪,F1,6,Ｓ級一般,13:07,13:02,7,https://keirin.kdreams.jp/toyohashi/racedetail/4520231106020006/?pageType=result,2026-10-08T03:34:40.958383+00:00,1-4-6/3/2-5-7,published,中部競輪,楽天Kドリームス 並び予想
4520231106020007,2023-11-07,豊橋競輪,F1,7,Ｓ級一般,13:38,13:33,7,https://keirin.kdreams.jp/toyohashi/racedetail/4520231106020007/?pageType=result,2026-10-08T03:34:42.907669+00:00,5-1-7/2-4/6-3,published,中部競輪,楽天Kドリームス 並び予想
4520231106020008,2023-11-07,豊橋競輪,F1,8,Ｓ級選抜,14:10,14:05,7,https://keirin.kdreams.jp/toyohashi/racedetail/4520231106020008/?pageType=result,2026-10-08T03:34:44.774597+00:00,5-1/3/7-2-4-6,published,中部競輪,楽天Kドリームス 並び予想
4520231106020009,2023-11-07,豊橋競輪,F1,9,Ｓ級選抜,14:42,14:37,7,https://keirin.kdreams.jp/toyohashi/racedetail/4520231106020009/?pageType=result,2026-10-08T03:34:46.587782+00:00,4-7-1/2/5/6-3,published,中部競輪,楽天Kドリームス 並び予想
4520231106020010,2023-11-07,豊橋競輪,F1,10,Ｓ級準決勝,15:14,15:09,7,https://keirin.kdreams.jp/toyohashi/racedetail/4520231106020010/?pageType=result,2026-10-08T03:34:48.456395+00:00,2-5/1-7/6-4-3,published,中部競輪,楽天Kドリームス 並び予想
4520231106020011,2023-11-07,豊橋競輪,F1,11,Ｓ級準決勝,15:50,15:45,7,https://keirin.kdreams.jp/toyohashi/racedetail/4520231106020011/?pageType=result,2026-10-08T03:34:50.375717+00:00,1-4/5-2/3-7-6,published,中部競輪,楽天Kドリームス 並び予想
4520231106020012,2023-11-07,豊橋競輪,F1,12,Ｓ級準決勝,16:30,16:25,7,https://keirin.kdreams.jp/toyohashi/racedetail/4520231106020012/?pageType=result,2026-10-08T03:34:52.710412+00:00,6-1/7-2/3-5-4,published,中部競輪,楽天Kドリームス 並び予想
8620231106030005,2023-11-08,別府競輪,F1,5,Ｓ級一般,17:31,17:26,6,https://keirin.kdreams.jp/beppu/racedetail/8620231106030005/?pageType=result,2026-10-08T03:33:33.685210+00:00,4-1/6/3-5-2,published,ダービー,楽天Kドリームス 並び予想
8620231106030006,2023-11-08,別府競輪,F1,6,Ｓ級一般,17:55,17:50,6,https://keirin.kdreams.jp/beppu/racedetail/8620231106030006/?pageType=result,2026-10-08T03:33:35.460812+00:00,1-5-4/2-6/3,published,ダービー,楽天Kドリームス 並び予想
8620231106030007,2023-11-08,別府競輪,F1,7,Ｓ級一般,18:19,18:14,6,https://keirin.kdreams.jp/beppu/racedetail/8620231106030007/?pageType=result,2026-10-08T03:33:37.245406+00:00,1-5/3-4-2/6,published,ダービー,楽天Kドリームス 並び予想
8620231106030008,2023-11-08,別府競輪,F1,8,Ｓ級特選,18:43,18:38,7,https://keirin.kdreams.jp/beppu/racedetail/8620231106030008/?pageType=result,2026-10-08T03:33:39.217537+00:00,7-1/6-4-2/5-3,published,ダービー,楽天Kドリームス 並び予想
8620231106030009,2023-11-08,別府競輪,F1,9,Ｓ級特選,19:09,19:04,7,https://keirin.kdreams.jp/beppu/racedetail/8620231106030009/?pageType=result,2026-10-08T03:33:41.234494+00:00,7-1/2-5-6/4-3,published,ダービー,楽天Kドリームス 並び予想
8620231106030010,2023-11-08,別府競輪,F1,10,Ｓ級特選,19:35,19:30,7,https://keirin.kdreams.jp/beppu/racedetail/8620231106030010/?pageType=result,2026-10-08T03:33:43.299055+00:00,1-4-6/2-7/3-5,published,ダービー,楽天Kドリームス 並び予想
8620231106030012,2023-11-08,別府競輪,F1,12,Ｓ級決勝,20:30,20:25,7,https://keirin.kdreams.jp/beppu/racedetail/8620231106030012/?pageType=result,2026-10-08T03:33:45.206279+00:00,1-7/4-2/6-3/5,published,ダービー,楽天Kドリームス 並び予想
2220231107020006,2023-11-08,前橋競輪,F1,6,Ｓ級一般,13:15,13:10,6,https://keirin.kdreams.jp/maebashi/racedetail/2220231107020006/?pageType=result,2026-10-08T03:35:21.839541+00:00,1-5-6/2/3-4,published,アオケイ,楽天Kドリームス 並び予想
2220231107020007,2023-11-08,前橋競輪,F1,7,Ｓ級一般,13:47,13:42,7,https://keirin.kdreams.jp/maebashi/racedetail/2220231107020007/?pageType=result,2026-10-08T03:35:23.767910+00:00,7-1/2-4/6-5-3,published,アオケイ,楽天Kドリームス 並び予想
2220231107020008,2023-11-08,前橋競輪,F1,8,Ｓ級選抜,14:19,14:14,7,https://keirin.kdreams.jp/maebashi/racedetail/2220231107020008/?pageType=result,2026-10-08T03:35:25.700633+00:00,6-2/3-5-1/7-4,published,アオケイ,楽天Kドリームス 並び予想
2220231107020009,2023-11-08,前橋競輪,F1,9,Ｓ級選抜,14:52,14:47,7,https://keirin.kdreams.jp/maebashi/racedetail/2220231107020009/?pageType=result,2026-10-08T03:35:27.628359+00:00,2-4-6/1-5/7/3,published,アオケイ,楽天Kドリームス 並び予想
2220231107020010,2023-11-08,前橋競輪,F1,10,Ｓ級準決勝,15:25,15:20,7,https://keirin.kdreams.jp/maebashi/racedetail/2220231107020010/?pageType=result,2026-10-08T03:35:29.443480+00:00,1-4/5-2/3-7/6,published,アオケイ,楽天Kドリームス 並び予想
2220231107020011,2023-11-08,前橋競輪,F1,11,Ｓ級準決勝,15:59,15:54,7,https://keirin.kdreams.jp/maebashi/racedetail/2220231107020011/?pageType=result,2026-10-08T03:35:31.298337+00:00,7-1-5/2-4/6-3,published,アオケイ,楽天Kドリームス 並び予想
2220231107020012,2023-11-08,前橋競輪,F1,12,Ｓ級準決勝,16:35,16:30,7,https://keirin.kdreams.jp/maebashi/racedetail/2220231107020012/?pageType=result,2026-10-08T03:35:33.143576+00:00,7-2/1-4-6/5-3,published,アオケイ,楽天Kドリームス 並び予想
7320231106030005,2023-11-08,小松島競輪,F1,5,Ｓ級一般,12:55,12:50,7,https://keirin.kdreams.jp/komatsushima/racedetail/7320231106030005/?pageType=result,2026-10-08T03:34:13.634856+00:00,5-3-1-6/2-7-4,published,競輪毎日,楽天Kドリームス 並び予想
7320231106030006,2023-11-08,小松島競輪,F1,6,Ｓ級一般,13:26,13:21,7,https://keirin.kdreams.jp/komatsushima/racedetail/7320231106030006/?pageType=result,2026-10-08T03:34:15.565831+00:00,4-1/2-6/5-3-7,published,競輪毎日,楽天Kドリームス 並び予想
7320231106030007,2023-11-08,小松島競輪,F1,7,Ｓ級一般,13:58,13:53,7,https://keirin.kdreams.jp/komatsushima/racedetail/7320231106030007/?pageType=result,2026-10-08T03:34:17.379841+00:00,1-5-7/2/4-3-6,published,競輪毎日,楽天Kドリームス 並び予想
7320231106030008,2023-11-08,小松島競輪,F1,8,Ｓ級特選,14:30,14:25,7,https://keirin.kdreams.jp/komatsushima/racedetail/7320231106030008/?pageType=result,2026-10-08T03:34:19.352994+00:00,6-4/2-1/5-3-7,published,競輪毎日,楽天Kドリームス 並び予想
7320231106030009,2023-11-08,小松島競輪,F1,9,Ｓ級特選,15:02,14:57,7,https://keirin.kdreams.jp/komatsushima/racedetail/7320231106030009/?pageType=result,2026-10-08T03:34:21.208433+00:00,3-4/6-1/7-2-5,published,競輪毎日,楽天Kドリームス 並び予想
7320231106030010,2023-11-08,小松島競輪,F1,10,Ｓ級特選,15:34,15:29,7,https://keirin.kdreams.jp/komatsushima/racedetail/7320231106030010/?pageType=result,2026-10-08T03:34:23.115686+00:00,1-5/7-2-4/6-3,published,競輪毎日,楽天Kドリームス 並び予想
7320231106030012,2023-11-08,小松島競輪,F1,12,Ｓ級決勝,16:40,16:35,7,https://keirin.kdreams.jp/komatsushima/racedetail/7320231106030012/?pageType=result,2026-10-08T03:34:25.082474+00:00,2-3/1-5/6-7/4,published,競輪毎日,楽天Kドリームス 並び予想
4520231106030005,2023-11-08,豊橋競輪,F1,5,Ｓ級一般,12:36,12:31,6,https://keirin.kdreams.jp/toyohashi/racedetail/4520231106030005/?pageType=result,2026-10-08T03:34:54.645243+00:00,6-1-4/2/3-5,published,中部競輪,楽天Kドリームス 並び予想
4520231106030006,2023-11-08,豊橋競輪,F1,6,Ｓ級一般,13:07,13:02,7,https://keirin.kdreams.jp/toyohashi/racedetail/4520231106030006/?pageType=result,2026-10-08T03:34:56.464148+00:00,5-1/7/6-3/2-4,published,中部競輪,楽天Kドリームス 並び予想
4520231106030007,2023-11-08,豊橋競輪,F1,7,Ｓ級一般,13:38,13:33,7,https://keirin.kdreams.jp/toyohashi/racedetail/4520231106030007/?pageType=result,2026-10-08T03:34:58.515212+00:00,5-1/4-2/7-3-6,published,中部競輪,楽天Kドリームス 並び予想
4520231106030008,2023-11-08,豊橋競輪,F1,8,Ｓ級特選,14:10,14:05,7,https://keirin.kdreams.jp/toyohashi/racedetail/4520231106030008/?pageType=result,2026-10-08T03:35:00.289056+00:00,1-7/2-5/3-4-6,published,中部競輪,楽天Kドリームス 並び予想
4520231106030009,2023-11-08,豊橋競輪,F1,9,Ｓ級特選,14:42,14:37,7,https://keirin.kdreams.jp/toyohashi/racedetail/4520231106030009/?pageType=result,2026-10-08T03:35:02.162696+00:00,6-2-7/4-3/1-5,published,中部競輪,楽天Kドリームス 並び予想
4520231106030010,2023-11-08,豊橋競輪,F1,10,Ｓ級特選,15:14,15:09,7,https://keirin.kdreams.jp/toyohashi/racedetail/4520231106030010/?pageType=result,2026-10-08T03:35:04.028380+00:00,4-7-1/5-2/6-3,published,中部競輪,楽天Kドリームス 並び予想
4520231106030012,2023-11-08,豊橋競輪,F1,12,Ｓ級決勝,16:30,16:25,7,https://keirin.kdreams.jp/toyohashi/racedetail/4520231106030012/?pageType=result,2026-10-08T03:35:06.021017+00:00,1-7/5-3/4-6/2,published,中部競輪,楽天Kドリームス 並び予想
2220231107030005,2023-11-09,前橋競輪,F1,5,Ｓ級一般,12:44,12:39,6,https://keirin.kdreams.jp/maebashi/racedetail/2220231107030005/?pageType=result,2026-10-08T03:35:35.060071+00:00,1-3-5/6-4-2,published,アオケイ,楽天Kドリームス 並び予想
2220231107030006,2023-11-09,前橋競輪,F1,6,Ｓ級一般,13:15,13:10,7,https://keirin.kdreams.jp/maebashi/racedetail/2220231107030006/?pageType=result,2026-10-08T03:35:37.075846+00:00,2-4/6-1/7-3-5,published,アオケイ,楽天Kドリームス 並び予想
2220231107030007,2023-11-09,前橋競輪,F1,7,Ｓ級一般,13:47,13:42,7,https://keirin.kdreams.jp/maebashi/racedetail/2220231107030007/?pageType=result,2026-10-08T03:35:38.846941+00:00,5-2/1/6/3-7-4,published,アオケイ,楽天Kドリームス 並び予想
2220231107030008,2023-11-09,前橋競輪,F1,8,Ｓ級特選,14:19,14:14,7,https://keirin.kdreams.jp/maebashi/racedetail/2220231107030008/?pageType=result,2026-10-08T03:35:40.724536+00:00,1-5-7/6-2/4-3,published,アオケイ,楽天Kドリームス 並び予想
2220231107030009,2023-11-09,前橋競輪,F1,9,Ｓ級特選,14:52,14:47,7,https://keirin.kdreams.jp/maebashi/racedetail/2220231107030009/?pageType=result,2026-10-08T03:35:42.748672+00:00,1-4/2-5/6/7-3,published,アオケイ,楽天Kドリームス 並び予想
2220231107030010,2023-11-09,前橋競輪,F1,10,Ｓ級特選,15:25,15:20,7,https://keirin.kdreams.jp/maebashi/racedetail/2220231107030010/?pageType=result,2026-10-08T03:35:44.709201+00:00,1-4/7-5-2/3-6,published,アオケイ,楽天Kドリームス 並び予想
2220231107030012,2023-11-09,前橋競輪,F1,12,Ｓ級決勝,16:35,16:30,7,https://keirin.kdreams.jp/maebashi/racedetail/2220231107030012/?pageType=result,2026-10-08T03:35:46.565352+00:00,3-6/4-1-7/2-5,published,アオケイ,楽天Kドリームス 並び予想
7120231109010006,2023-11-09,高松競輪,F1,6,Ｓ級予選,13:07,13:02,7,https://keirin.kdreams.jp/takamatsu/racedetail/7120231109010006/?pageType=result,2026-10-08T03:35:48.455258+00:00,7-1-5/6-2/4-3,published,競輪毎日,楽天Kドリームス 並び予想
7120231109010007,2023-11-09,高松競輪,F1,7,Ｓ級予選,13:39,13:34,7,https://keirin.kdreams.jp/takamatsu/racedetail/7120231109010007/?pageType=result,2026-10-08T03:35:50.521958+00:00,5-1/2-7/3-6/4,published,競輪毎日,楽天Kドリームス 並び予想
7120231109010008,2023-11-09,高松競輪,F1,8,Ｓ級予選,14:11,14:06,7,https://keirin.kdreams.jp/takamatsu/racedetail/7120231109010008/?pageType=result,2026-10-08T03:35:52.275299+00:00,4-1-7/2-5/6-3,published,競輪毎日,楽天Kドリームス 並び予想
7120231109010009,2023-11-09,高松競輪,F1,9,Ｓ級予選,14:44,14:39,7,https://keirin.kdreams.jp/takamatsu/racedetail/7120231109010009/?pageType=result,2026-10-08T03:35:54.245376+00:00,1-5/7-2-4/3-6,published,競輪毎日,楽天Kドリームス 並び予想
7120231109010010,2023-11-09,高松競輪,F1,10,Ｓ級予選,15:17,15:12,7,https://keirin.kdreams.jp/takamatsu/racedetail/7120231109010010/?pageType=result,2026-10-08T03:35:56.033006+00:00,1-4/2-7/5-3/6,published,競輪毎日,楽天Kドリームス 並び予想
7120231109010011,2023-11-09,高松競輪,F1,11,Ｓ級予選,15:52,15:47,7,https://keirin.kdreams.jp/takamatsu/racedetail/7120231109010011/?pageType=result,2026-10-08T03:35:57.817365+00:00,1-7/2-5/6-3-4,published,競輪毎日,楽天Kドリームス 並び予想
7120231109010012,2023-11-09,高松競輪,F1,12,Ｓ級初特選,16:27,16:22,7,https://keirin.kdreams.jp/takamatsu/racedetail/7120231109010012/?pageType=result,2026-10-08T03:36:00.081551+00:00,1-5-6/7-2-3/4,published,競輪毎日,楽天Kドリームス 並び予想
2720231110010006,2023-11-10,京王閣競輪,F1,6,Ｓ級予選,12:55,12:50,7,https://keirin.kdreams.jp/keiokaku/racedetail/2720231110010006/?pageType=result,2026-10-08T03:38:06.262285+00:00,1-5-4/7-2/3-6,published,アオケイ,楽天Kドリームス 並び予想
2720231110010007,2023-11-10,京王閣競輪,F1,7,Ｓ級予選,13:25,13:20,7,https://keirin.kdreams.jp/keiokaku/racedetail/2720231110010007/?pageType=result,2026-10-08T03:38:08.064934+00:00,7-1/2-4/6/3-5,published,アオケイ,楽天Kドリームス 並び予想
2720231110010008,2023-11-10,京王閣競輪,F1,8,Ｓ級予選,13:55,13:50,7,https://keirin.kdreams.jp/keiokaku/racedetail/2720231110010008/?pageType=result,2026-10-08T03:38:09.904711+00:00,1-5/2-4-6/3-7,published,アオケイ,楽天Kドリームス 並び予想
2720231110010009,2023-11-10,京王閣競輪,F1,9,Ｓ級予選,14:25,14:20,7,https://keirin.kdreams.jp/keiokaku/racedetail/2720231110010009/?pageType=result,2026-10-08T03:38:11.622392+00:00,4-1-5/2-7/6-3,published,アオケイ,楽天Kドリームス 並び予想
2720231110010010,2023-11-10,京王閣競輪,F1,10,Ｓ級予選,14:55,14:50,7,https://keirin.kdreams.jp/keiokaku/racedetail/2720231110010010/?pageType=result,2026-10-08T03:38:13.935920+00:00,4-1-7/2-5/3-6,published,アオケイ,楽天Kドリームス 並び予想
2720231110010011,2023-11-10,京王閣競輪,F1,11,Ｓ級予選,15:25,15:20,7,https://keirin.kdreams.jp/keiokaku/racedetail/2720231110010011/?pageType=result,2026-10-08T03:38:15.832655+00:00,1-7-5/2-6/4-3,published,アオケイ,楽天Kドリームス 並び予想
2720231110010012,2023-11-10,京王閣競輪,F1,12,Ｓ級初特選,16:00,15:55,7,https://keirin.kdreams.jp/keiokaku/racedetail/2720231110010012/?pageType=result,2026-10-08T03:38:17.775101+00:00,5-1/2-7-4/3-6,published,アオケイ,楽天Kドリームス 並び予想
7120231109020006,2023-11-10,高松競輪,F1,6,Ｓ級一般,13:10,13:05,7,https://keirin.kdreams.jp/takamatsu/racedetail/7120231109020006/?pageType=result,2026-10-08T03:36:01.898098+00:00,1-5/4-2-7/6-3,published,競輪毎日,楽天Kドリームス 並び予想
7120231109020007,2023-11-10,高松競輪,F1,7,Ｓ級一般,13:42,13:37,7,https://keirin.kdreams.jp/takamatsu/racedetail/7120231109020007/?pageType=result,2026-10-08T03:36:03.804522+00:00,7-1/2-4/6-3/5,published,競輪毎日,楽天Kドリームス 並び予想
7120231109020008,2023-11-10,高松競輪,F1,8,Ｓ級選抜,14:14,14:09,7,https://keirin.kdreams.jp/takamatsu/racedetail/7120231109020008/?pageType=result,2026-10-08T03:36:05.865610+00:00,2-3-5/1/4-6/7,published,競輪毎日,楽天Kドリームス 並び予想
7120231109020009,2023-11-10,高松競輪,F1,9,Ｓ級選抜,14:46,14:41,7,https://keirin.kdreams.jp/takamatsu/racedetail/7120231109020009/?pageType=result,2026-10-08T03:36:07.787321+00:00,7-2-5/1-4/6-3,published,競輪毎日,楽天Kドリームス 並び予想
7120231109020010,2023-11-10,高松競輪,F1,10,Ｓ級準決勝,15:18,15:13,7,https://keirin.kdreams.jp/takamatsu/racedetail/7120231109020010/?pageType=result,2026-10-08T03:36:09.752360+00:00,6-2/5-1/3-7/4,published,競輪毎日,楽天Kドリームス 並び予想
7120231109020011,2023-11-10,高松競輪,F1,11,Ｓ級準決勝,15:51,15:46,7,https://keirin.kdreams.jp/takamatsu/racedetail/7120231109020011/?pageType=result,2026-10-08T03:36:11.568891+00:00,4-1-7/6-2/3-5,published,競輪毎日,楽天Kドリームス 並び予想
7120231109020012,2023-11-10,高松競輪,F1,12,Ｓ級準決勝,16:25,16:20,7,https://keirin.kdreams.jp/takamatsu/racedetail/7120231109020012/?pageType=result,2026-10-08T03:36:13.629634+00:00,1-7-4/5-2-3-6,published,競輪毎日,楽天Kドリームス 並び予想
2720231110020006,2023-11-11,京王閣競輪,F1,6,Ｓ級一般,12:55,12:50,7,https://keirin.kdreams.jp/keiokaku/racedetail/2720231110020006/?pageType=result,2026-10-08T03:38:19.688413+00:00,4-1/2-7/3-5/6,published,アオケイ,楽天Kドリームス 並び予想
2720231110020007,2023-11-11,京王閣競輪,F1,7,Ｓ級一般,13:25,13:20,7,https://keirin.kdreams.jp/keiokaku/racedetail/2720231110020007/?pageType=result,2026-10-08T03:38:21.703348+00:00,7-1/2-6/5-3/4,published,アオケイ,楽天Kドリームス 並び予想
2720231110020008,2023-11-11,京王閣競輪,F1,8,Ｓ級選抜,13:55,13:50,7,https://keirin.kdreams.jp/keiokaku/racedetail/2720231110020008/?pageType=result,2026-10-08T03:38:23.504395+00:00,1-4/5/6/2-7-3,published,アオケイ,楽天Kドリームス 並び予想
2720231110020009,2023-11-11,京王閣競輪,F1,9,Ｓ級選抜,14:25,14:20,7,https://keirin.kdreams.jp/keiokaku/racedetail/2720231110020009/?pageType=result,2026-10-08T03:38:25.306495+00:00,5-1-6/2-7/4-3,published,アオケイ,楽天Kドリームス 並び予想
2720231110020010,2023-11-11,京王閣競輪,F1,10,Ｓ級準決勝,14:55,14:50,7,https://keirin.kdreams.jp/keiokaku/racedetail/2720231110020010/?pageType=result,2026-10-08T03:38:27.042455+00:00,3-6/7-1/5-2-4,published,アオケイ,楽天Kドリームス 並び予想
2720231110020011,2023-11-11,京王閣競輪,F1,11,Ｓ級準決勝,15:25,15:20,7,https://keirin.kdreams.jp/keiokaku/racedetail/2720231110020011/?pageType=result,2026-10-08T03:38:28.929581+00:00,4-1/2-7/5-3-6,published,アオケイ,楽天Kドリームス 並び予想
2720231110020012,2023-11-11,京王閣競輪,F1,12,Ｓ級準決勝,16:00,15:55,7,https://keirin.kdreams.jp/keiokaku/racedetail/2720231110020012/?pageType=result,2026-10-08T03:38:30.799405+00:00,1-7-5/2-4/3-6,published,アオケイ,楽天Kドリームス 並び予想
7120231109030005,2023-11-11,高松競輪,F1,5,Ｓ級一般,12:40,12:35,7,https://keirin.kdreams.jp/takamatsu/racedetail/7120231109030005/?pageType=result,2026-10-08T03:36:15.523469+00:00,5-2-7/1-6/3-4,published,競輪毎日,楽天Kドリームス 並び予想
7120231109030006,2023-11-11,高松競輪,F1,6,Ｓ級一般,13:10,13:05,7,https://keirin.kdreams.jp/takamatsu/racedetail/7120231109030006/?pageType=result,2026-10-08T03:36:17.542010+00:00,5-2-7/4-1/6-3,published,競輪毎日,楽天Kドリームス 並び予想
7120231109030007,2023-11-11,高松競輪,F1,7,Ｓ級一般,13:42,13:37,7,https://keirin.kdreams.jp/takamatsu/racedetail/7120231109030007/?pageType=result,2026-10-08T03:36:19.339490+00:00,1-4-5/6-2/7-3,published,競輪毎日,楽天Kドリームス 並び予想
7120231109030008,2023-11-11,高松競輪,F1,8,Ｓ級特選,14:14,14:09,7,https://keirin.kdreams.jp/takamatsu/racedetail/7120231109030008/?pageType=result,2026-10-08T03:36:21.328195+00:00,5-1/2/3-7/4/6,published,競輪毎日,楽天Kドリームス 並び予想
7120231109030009,2023-11-11,高松競輪,F1,9,Ｓ級特選,14:46,14:41,7,https://keirin.kdreams.jp/takamatsu/racedetail/7120231109030009/?pageType=result,2026-10-08T03:36:23.168285+00:00,7-1/5-2/3-6-4,published,競輪毎日,楽天Kドリームス 並び予想
7120231109030010,2023-11-11,高松競輪,F1,10,Ｓ級特選,15:18,15:13,7,https://keirin.kdreams.jp/takamatsu/racedetail/7120231109030010/?pageType=result,2026-10-08T03:36:25.271875+00:00,6-2/5-1-7/4-3,published,競輪毎日,楽天Kドリームス 並び予想
7120231109030012,2023-11-11,高松競輪,F1,12,Ｓ級決勝,16:25,16:20,7,https://keirin.kdreams.jp/takamatsu/racedetail/7120231109030012/?pageType=result,2026-10-08T03:36:27.227718+00:00,1-2-7/5-3/4-6,published,競輪毎日,楽天Kドリームス 並び予想
2720231110030005,2023-11-12,京王閣競輪,F1,5,Ｓ級一般,12:25,12:20,7,https://keirin.kdreams.jp/keiokaku/racedetail/2720231110030005/?pageType=result,2026-10-08T03:38:32.726228+00:00,2-4-7/1-5/6-3,published,アオケイ,楽天Kドリームス 並び予想
2720231110030006,2023-11-12,京王閣競輪,F1,6,Ｓ級一般,12:55,12:50,7,https://keirin.kdreams.jp/keiokaku/racedetail/2720231110030006/?pageType=result,2026-10-08T03:38:34.586201+00:00,1-6/7-2/4-5-3,published,アオケイ,楽天Kドリームス 並び予想
2720231110030007,2023-11-12,京王閣競輪,F1,7,Ｓ級一般,13:25,13:20,7,https://keirin.kdreams.jp/keiokaku/racedetail/2720231110030007/?pageType=result,2026-10-08T03:38:36.341147+00:00,2-7/4-1-5/3-6,published,アオケイ,楽天Kドリームス 並び予想
2720231110030008,2023-11-12,京王閣競輪,F1,8,Ｓ級特選,13:55,13:50,7,https://keirin.kdreams.jp/keiokaku/racedetail/2720231110030008/?pageType=result,2026-10-08T03:38:38.145216+00:00,1-3-6/2-5/7-4,published,アオケイ,楽天Kドリームス 並び予想
2720231110030009,2023-11-12,京王閣競輪,F1,9,Ｓ級特選,14:25,14:20,7,https://keirin.kdreams.jp/keiokaku/racedetail/2720231110030009/?pageType=result,2026-10-08T03:38:40.023233+00:00,1-5-6/4-2/3-7,published,アオケイ,楽天Kドリームス 並び予想
2720231110030010,2023-11-12,京王閣競輪,F1,10,Ｓ級特選,14:55,14:50,7,https://keirin.kdreams.jp/keiokaku/racedetail/2720231110030010/?pageType=result,2026-10-08T03:38:41.817165+00:00,1-7/4-2-6/3-5,published,アオケイ,楽天Kドリームス 並び予想
2720231110030012,2023-11-12,京王閣競輪,F1,12,Ｓ級決勝,16:00,15:55,7,https://keirin.kdreams.jp/keiokaku/racedetail/2720231110030012/?pageType=result,2026-10-08T03:38:43.570567+00:00,4-2-5/7-3/1/6,published,アオケイ,楽天Kドリームス 並び予想
1320231113010006,2023-11-13,いわき平競輪,F1,6,Ｓ級予選,17:45,17:40,7,https://keirin.kdreams.jp/iwakitaira/racedetail/1320231113010006/?pageType=result,2026-10-08T03:39:12.540125+00:00,1-7-5/2-6/4-3,published,アオケイ,楽天Kドリームス 並び予想
1320231113010007,2023-11-13,いわき平競輪,F1,7,Ｓ級予選,18:10,18:05,7,https://keirin.kdreams.jp/iwakitaira/racedetail/1320231113010007/?pageType=result,2026-10-08T03:39:14.254736+00:00,4-1-5/3-6/7-2,published,アオケイ,楽天Kドリームス 並び予想
1320231113010008,2023-11-13,いわき平競輪,F1,8,Ｓ級予選,18:35,18:30,7,https://keirin.kdreams.jp/iwakitaira/racedetail/1320231113010008/?pageType=result,2026-10-08T03:39:16.198710+00:00,1-7/4-5-2/6-3,published,アオケイ,楽天Kドリームス 並び予想
1320231113010009,2023-11-13,いわき平競輪,F1,9,Ｓ級予選,19:00,18:55,7,https://keirin.kdreams.jp/iwakitaira/racedetail/1320231113010009/?pageType=result,2026-10-08T03:39:18.001156+00:00,1-7-4/6/5-3-2,published,アオケイ,楽天Kドリームス 並び予想
1320231113010010,2023-11-13,いわき平競輪,F1,10,Ｓ級予選,19:25,19:20,7,https://keirin.kdreams.jp/iwakitaira/racedetail/1320231113010010/?pageType=result,2026-10-08T03:39:19.757505+00:00,3-1-7/6/5-4-2,published,アオケイ,楽天Kドリームス 並び予想
1320231113010011,2023-11-13,いわき平競輪,F1,11,Ｓ級予選,19:50,19:45,7,https://keirin.kdreams.jp/iwakitaira/racedetail/1320231113010011/?pageType=result,2026-10-08T03:39:21.702271+00:00,4-1-3/2-7-5/6,published,アオケイ,楽天Kドリームス 並び予想
1320231113010012,2023-11-13,いわき平競輪,F1,12,Ｓ級初特選,20:20,20:15,7,https://keirin.kdreams.jp/iwakitaira/racedetail/1320231113010012/?pageType=result,2026-10-08T03:39:23.698075+00:00,1-7/3-4/5-2-6,published,アオケイ,楽天Kドリームス 並び予想
5120231113010008,2023-11-13,福井競輪,F1,8,Ｓ級予選,13:56,13:51,7,https://keirin.kdreams.jp/fukui/racedetail/5120231113010008/?pageType=result,2026-10-08T03:38:45.241652+00:00,6-1/2-7-4/3-5,published,福井中部,楽天Kドリームス 並び予想
5120231113010009,2023-11-13,福井競輪,F1,9,Ｓ級予選,14:28,14:23,7,https://keirin.kdreams.jp/fukui/racedetail/5120231113010009/?pageType=result,2026-10-08T03:38:47.078541+00:00,4-2-1/7/5-3-6,published,福井中部,楽天Kドリームス 並び予想
5120231113010010,2023-11-13,福井競輪,F1,10,Ｓ級予選,15:01,14:56,7,https://keirin.kdreams.jp/fukui/racedetail/5120231113010010/?pageType=result,2026-10-08T03:38:48.834022+00:00,2-5/4-1/6/3-7,published,福井中部,楽天Kドリームス 並び予想
5120231113010011,2023-11-13,福井競輪,F1,11,Ｓ級予選,15:34,15:29,7,https://keirin.kdreams.jp/fukui/racedetail/5120231113010011/?pageType=result,2026-10-08T03:38:50.548176+00:00,2-5-4/1/3-6-7,published,福井中部,楽天Kドリームス 並び予想
5120231113010012,2023-11-13,福井競輪,F1,12,Ｓ級初日特選,16:10,16:05,7,https://keirin.kdreams.jp/fukui/racedetail/5120231113010012/?pageType=result,2026-10-08T03:38:52.281147+00:00,2-6/1-4/3-7/5,published,福井中部,楽天Kドリームス 並び予想
1320231113020006,2023-11-14,いわき平競輪,F1,6,Ｓ級一般,17:45,17:40,7,https://keirin.kdreams.jp/iwakitaira/racedetail/1320231113020006/?pageType=result,2026-10-08T03:39:25.477022+00:00,3/1-6/4/7-2-5,published,アオケイ,楽天Kドリームス 並び予想
1320231113020007,2023-11-14,いわき平競輪,F1,7,Ｓ級一般,18:10,18:05,7,https://keirin.kdreams.jp/iwakitaira/racedetail/1320231113020007/?pageType=result,2026-10-08T03:39:27.387179+00:00,3-4-5-7-1/2/6,published,アオケイ,楽天Kドリームス 並び予想
1320231113020008,2023-11-14,いわき平競輪,F1,8,Ｓ級選抜,18:35,18:30,7,https://keirin.kdreams.jp/iwakitaira/racedetail/1320231113020008/?pageType=result,2026-10-08T03:39:29.263553+00:00,4-1/2-5/7-3/6,published,アオケイ,楽天Kドリームス 並び予想
1320231113020009,2023-11-14,いわき平競輪,F1,9,Ｓ級選抜,19:00,18:55,7,https://keirin.kdreams.jp/iwakitaira/racedetail/1320231113020009/?pageType=result,2026-10-08T03:39:31.799468+00:00,4-3-6/7-1/5-2,published,アオケイ,楽天Kドリームス 並び予想
1320231113020010,2023-11-14,いわき平競輪,F1,10,Ｓ級準決勝,19:25,19:20,7,https://keirin.kdreams.jp/iwakitaira/racedetail/1320231113020010/?pageType=result,2026-10-08T03:39:33.631736+00:00,7-1-4/3-5-2-6,published,アオケイ,楽天Kドリームス 並び予想
1320231113020011,2023-11-14,いわき平競輪,F1,11,Ｓ級準決勝,19:50,19:45,7,https://keirin.kdreams.jp/iwakitaira/racedetail/1320231113020011/?pageType=result,2026-10-08T03:39:35.392678+00:00,4-1/5/6-2/7-3,published,アオケイ,楽天Kドリームス 並び予想
1320231113020012,2023-11-14,いわき平競輪,F1,12,Ｓ級準決勝,20:20,20:15,7,https://keirin.kdreams.jp/iwakitaira/racedetail/1320231113020012/?pageType=result,2026-10-08T03:39:37.237621+00:00,4-1-5/2/7-3/6,published,アオケイ,楽天Kドリームス 並び予想
5120231113020008,2023-11-14,福井競輪,F1,8,Ｓ級一般,13:56,13:51,7,https://keirin.kdreams.jp/fukui/racedetail/5120231113020008/?pageType=result,2026-10-08T03:38:54.061850+00:00,2-7-4/1/5-3-6,published,福井中部,楽天Kドリームス 並び予想
5120231113020009,2023-11-14,福井競輪,F1,9,Ｓ級一般,14:28,14:23,7,https://keirin.kdreams.jp/fukui/racedetail/5120231113020009/?pageType=result,2026-10-08T03:38:55.993548+00:00,1-5/7-4-2/3-6,published,福井中部,楽天Kドリームス 並び予想
5120231113020010,2023-11-14,福井競輪,F1,10,Ｓ級準決勝,15:01,14:56,7,https://keirin.kdreams.jp/fukui/racedetail/5120231113020010/?pageType=result,2026-10-08T03:38:57.702202+00:00,7-4-2/1/6-5-3,published,福井中部,楽天Kドリームス 並び予想
5120231113020011,2023-11-14,福井競輪,F1,11,Ｓ級準決勝,15:34,15:29,7,https://keirin.kdreams.jp/fukui/racedetail/5120231113020011/?pageType=result,2026-10-08T03:38:59.522662+00:00,5-1/7-2/3-4-6,published,福井中部,楽天Kドリームス 並び予想
5120231113020012,2023-11-14,福井競輪,F1,12,Ｓ級準決勝,16:10,16:05,7,https://keirin.kdreams.jp/fukui/racedetail/5120231113020012/?pageType=result,2026-10-08T03:39:01.325703+00:00,4-1-5/7-2/6-3,published,福井中部,楽天Kドリームス 並び予想
3820231114010006,2023-11-14,静岡競輪,F1,6,Ｓ級予選,13:05,13:00,7,https://keirin.kdreams.jp/shizuoka/racedetail/3820231114010006/?pageType=result,2026-10-08T03:39:52.103073+00:00,1-7-5/2/4-3-6,published,ひかり・小田競,楽天Kドリームス 並び予想
3820231114010007,2023-11-14,静岡競輪,F1,7,Ｓ級予選,13:35,13:30,7,https://keirin.kdreams.jp/shizuoka/racedetail/3820231114010007/?pageType=result,2026-10-08T03:39:54.054478+00:00,2-7/1-4-6/5-3,published,ひかり・小田競,楽天Kドリームス 並び予想
3820231114010008,2023-11-14,静岡競輪,F1,8,Ｓ級予選,14:07,14:02,7,https://keirin.kdreams.jp/shizuoka/racedetail/3820231114010008/?pageType=result,2026-10-08T03:39:55.991225+00:00,1-5-4/6-2/3-7,published,ひかり・小田競,楽天Kドリームス 並び予想
3820231114010009,2023-11-14,静岡競輪,F1,9,Ｓ級予選,14:39,14:34,7,https://keirin.kdreams.jp/shizuoka/racedetail/3820231114010009/?pageType=result,2026-10-08T03:39:57.927498+00:00,5-2-1/6/4-3-7,published,ひかり・小田競,楽天Kドリームス 並び予想
3820231114010010,2023-11-14,静岡競輪,F1,10,Ｓ級予選,15:13,15:08,7,https://keirin.kdreams.jp/shizuoka/racedetail/3820231114010010/?pageType=result,2026-10-08T03:39:59.993902+00:00,7-3-6/2/5-1/4,published,ひかり・小田競,楽天Kドリームス 並び予想
3820231114010011,2023-11-14,静岡競輪,F1,11,Ｓ級予選,15:50,15:45,7,https://keirin.kdreams.jp/shizuoka/racedetail/3820231114010011/?pageType=result,2026-10-08T03:40:01.970845+00:00,1-4-6/2-7/5-3,published,ひかり・小田競,楽天Kドリームス 並び予想
3820231114010012,2023-11-14,静岡競輪,F1,12,Ｓ級初特選,16:30,16:25,7,https://keirin.kdreams.jp/shizuoka/racedetail/3820231114010012/?pageType=result,2026-10-08T03:40:03.817506+00:00,1-7/3-4/2-5-6,published,ひかり・小田競,楽天Kドリームス 並び予想
1320231113030005,2023-11-15,いわき平競輪,F1,5,Ｓ級一般,17:20,17:15,7,https://keirin.kdreams.jp/iwakitaira/racedetail/1320231113030005/?pageType=result,2026-10-08T03:39:38.994273+00:00,3-4/2/5-1-7/6,published,アオケイ,楽天Kドリームス 並び予想
1320231113030006,2023-11-15,いわき平競輪,F1,6,Ｓ級一般,17:45,17:40,7,https://keirin.kdreams.jp/iwakitaira/racedetail/1320231113030006/?pageType=result,2026-10-08T03:39:40.757872+00:00,3-7-2-6/1-5/4,published,アオケイ,楽天Kドリームス 並び予想
1320231113030007,2023-11-15,いわき平競輪,F1,7,Ｓ級一般,18:10,18:05,7,https://keirin.kdreams.jp/iwakitaira/racedetail/1320231113030007/?pageType=result,2026-10-08T03:39:42.807558+00:00,5-7-1/6-2-4/3,published,アオケイ,楽天Kドリームス 並び予想
1320231113030008,2023-11-15,いわき平競輪,F1,8,Ｓ級特選,18:35,18:30,7,https://keirin.kdreams.jp/iwakitaira/racedetail/1320231113030008/?pageType=result,2026-10-08T03:39:44.631791+00:00,1-5/7-2/3-4-6,published,アオケイ,楽天Kドリームス 並び予想
1320231113030009,2023-11-15,いわき平競輪,F1,9,Ｓ級特選,19:00,18:55,7,https://keirin.kdreams.jp/iwakitaira/racedetail/1320231113030009/?pageType=result,2026-10-08T03:39:46.363559+00:00,1-4-5/2-7/6-3,published,アオケイ,楽天Kドリームス 並び予想
1320231113030010,2023-11-15,いわき平競輪,F1,10,Ｓ級特選,19:28,19:23,7,https://keirin.kdreams.jp/iwakitaira/racedetail/1320231113030010/?pageType=result,2026-10-08T03:39:48.477068+00:00,3-5/6-1-4/2-7,published,アオケイ,楽天Kドリームス 並び予想
1320231113030012,2023-11-15,いわき平競輪,F1,12,Ｓ級決勝,20:30,20:25,7,https://keirin.kdreams.jp/iwakitaira/racedetail/1320231113030012/?pageType=result,2026-10-08T03:39:50.341428+00:00,1-5-7-4/3/2-6,published,アオケイ,楽天Kドリームス 並び予想
5120231113030006,2023-11-15,福井競輪,F1,6,Ｓ級一般,12:54,12:49,5,https://keirin.kdreams.jp/fukui/racedetail/5120231113030006/?pageType=result,2026-10-08T03:39:03.298140+00:00,5-1/3-2-4,published,福井中部,楽天Kドリームス 並び予想
5120231113030007,2023-11-15,福井競輪,F1,7,Ｓ級一般,13:24,13:19,5,https://keirin.kdreams.jp/fukui/racedetail/5120231113030007/?pageType=result,2026-10-08T03:39:04.944652+00:00,1-5/4-3-2,published,福井中部,楽天Kドリームス 並び予想
5120231113030008,2023-11-15,福井競輪,F1,8,Ｓ級特選,13:56,13:51,7,https://keirin.kdreams.jp/fukui/racedetail/5120231113030008/?pageType=result,2026-10-08T03:39:06.725677+00:00,7-2/1-4/5-3-6,published,福井中部,楽天Kドリームス 並び予想
5120231113030009,2023-11-15,福井競輪,F1,9,Ｓ級特選,14:28,14:23,7,https://keirin.kdreams.jp/fukui/racedetail/5120231113030009/?pageType=result,2026-10-08T03:39:08.715445+00:00,6-2-5/7-1/4-3,published,福井中部,楽天Kドリームス 並び予想
5120231113030012,2023-11-15,福井競輪,F1,12,Ｓ級決勝,16:10,16:05,7,https://keirin.kdreams.jp/fukui/racedetail/5120231113030012/?pageType=result,2026-10-08T03:39:10.538045+00:00,1-6/3/7-2/5-4,published,福井中部,楽天Kドリームス 並び予想
3820231114020006,2023-11-15,静岡競輪,F1,6,Ｓ級一般,13:05,13:00,7,https://keirin.kdreams.jp/shizuoka/racedetail/3820231114020006/?pageType=result,2026-10-08T03:40:06.283265+00:00,4-1/6-3/2/7-5,published,ひかり・小田競,楽天Kドリームス 並び予想
3820231114020007,2023-11-15,静岡競輪,F1,7,Ｓ級一般,13:35,13:30,7,https://keirin.kdreams.jp/shizuoka/racedetail/3820231114020007/?pageType=result,2026-10-08T03:40:08.659290+00:00,2-7/4/6-1/3-5,published,ひかり・小田競,楽天Kドリームス 並び予想
3820231114020008,2023-11-15,静岡競輪,F1,8,Ｓ級選抜,14:07,14:02,7,https://keirin.kdreams.jp/shizuoka/racedetail/3820231114020008/?pageType=result,2026-10-08T03:40:10.722269+00:00,3-1-7/6/2-4-5,published,ひかり・小田競,楽天Kドリームス 並び予想
3820231114020009,2023-11-15,静岡競輪,F1,9,Ｓ級選抜,14:39,14:34,7,https://keirin.kdreams.jp/shizuoka/racedetail/3820231114020009/?pageType=result,2026-10-08T03:40:12.552832+00:00,7-2-4/1/3-5-6,published,ひかり・小田競,楽天Kドリームス 並び予想
3820231114020010,2023-11-15,静岡競輪,F1,10,Ｓ級準決勝,15:13,15:08,7,https://keirin.kdreams.jp/shizuoka/racedetail/3820231114020010/?pageType=result,2026-10-08T03:40:14.434038+00:00,2-6/4-3/1/5-7,published,ひかり・小田競,楽天Kドリームス 並び予想
3820231114020011,2023-11-15,静岡競輪,F1,11,Ｓ級準決勝,15:50,15:45,7,https://keirin.kdreams.jp/shizuoka/racedetail/3820231114020011/?pageType=result,2026-10-08T03:40:16.251504+00:00,1-5/2-4/3-7-6,published,ひかり・小田競,楽天Kドリームス 並び予想
3820231114020012,2023-11-15,静岡競輪,F1,12,Ｓ級準決勝,16:30,16:25,7,https://keirin.kdreams.jp/shizuoka/racedetail/3820231114020012/?pageType=result,2026-10-08T03:40:18.114043+00:00,1-4-2-6/7-3-5,published,ひかり・小田競,楽天Kドリームス 並び予想
5320231116010006,2023-11-16,奈良競輪,F1,6,Ｓ級予選,17:45,17:40,7,https://keirin.kdreams.jp/nara/racedetail/5320231116010006/?pageType=result,2026-10-08T03:40:34.671982+00:00,5-1/4-2/3-7-6,published,競輪研究,楽天Kドリームス 並び予想
5320231116010007,2023-11-16,奈良競輪,F1,7,Ｓ級予選,18:10,18:05,7,https://keirin.kdreams.jp/nara/racedetail/5320231116010007/?pageType=result,2026-10-08T03:40:36.529528+00:00,1-7-4/6/5-2-3,published,競輪研究,楽天Kドリームス 並び予想
5320231116010008,2023-11-16,奈良競輪,F1,8,Ｓ級予選,18:35,18:30,7,https://keirin.kdreams.jp/nara/racedetail/5320231116010008/?pageType=result,2026-10-08T03:40:38.370317+00:00,2-5/4-1/3-7-6,published,競輪研究,楽天Kドリームス 並び予想
5320231116010009,2023-11-16,奈良競輪,F1,9,Ｓ級予選,19:00,18:55,7,https://keirin.kdreams.jp/nara/racedetail/5320231116010009/?pageType=result,2026-10-08T03:40:40.189754+00:00,5-1-6/4-2/7-3,published,競輪研究,楽天Kドリームス 並び予想
5320231116010010,2023-11-16,奈良競輪,F1,10,Ｓ級予選,19:25,19:20,7,https://keirin.kdreams.jp/nara/racedetail/5320231116010010/?pageType=result,2026-10-08T03:40:42.161469+00:00,2-7/3-6/5-4-1,published,競輪研究,楽天Kドリームス 並び予想
5320231116010011,2023-11-16,奈良競輪,F1,11,Ｓ級予選,19:52,19:47,7,https://keirin.kdreams.jp/nara/racedetail/5320231116010011/?pageType=result,2026-10-08T03:40:44.111953+00:00,1-4-7/2-6/3-5,published,競輪研究,楽天Kドリームス 並び予想
5320231116010012,2023-11-16,奈良競輪,F1,12,Ｓ級初特選,20:20,20:15,7,https://keirin.kdreams.jp/nara/racedetail/5320231116010012/?pageType=result,2026-10-08T03:40:46.103056+00:00,1-6/2/5-4/7-3,published,競輪研究,楽天Kドリームス 並び予想
3820231114030005,2023-11-16,静岡競輪,F1,5,Ｓ級一般,12:35,12:30,7,https://keirin.kdreams.jp/shizuoka/racedetail/3820231114030005/?pageType=result,2026-10-08T03:40:20.350208+00:00,1-5/3-7/6-2/4,published,ひかり・小田競,楽天Kドリームス 並び予想
3820231114030006,2023-11-16,静岡競輪,F1,6,Ｓ級一般,13:05,13:00,7,https://keirin.kdreams.jp/shizuoka/racedetail/3820231114030006/?pageType=result,2026-10-08T03:40:22.224859+00:00,6-1/7-2/3-4-5,published,ひかり・小田競,楽天Kドリームス 並び予想
3820231114030007,2023-11-16,静岡競輪,F1,7,Ｓ級一般,13:35,13:30,7,https://keirin.kdreams.jp/shizuoka/racedetail/3820231114030007/?pageType=result,2026-10-08T03:40:24.489651+00:00,7-3-1/5/4/6-2,published,ひかり・小田競,楽天Kドリームス 並び予想
3820231114030008,2023-11-16,静岡競輪,F1,8,Ｓ級特選,14:07,14:02,7,https://keirin.kdreams.jp/shizuoka/racedetail/3820231114030008/?pageType=result,2026-10-08T03:40:26.379438+00:00,5-1-4/7-2/3-6,published,ひかり・小田競,楽天Kドリームス 並び予想
3820231114030009,2023-11-16,静岡競輪,F1,9,Ｓ級特選,14:39,14:34,7,https://keirin.kdreams.jp/shizuoka/racedetail/3820231114030009/?pageType=result,2026-10-08T03:40:28.547014+00:00,7-1-3-6/2-5-4,published,ひかり・小田競,楽天Kドリームス 並び予想
3820231114030010,2023-11-16,静岡競輪,F1,10,Ｓ級特選,15:13,15:08,7,https://keirin.kdreams.jp/shizuoka/racedetail/3820231114030010/?pageType=result,2026-10-08T03:40:30.459037+00:00,4-1/2-7-5/6-3,published,ひかり・小田競,楽天Kドリームス 並び予想
3820231114030012,2023-11-16,静岡競輪,F1,12,Ｓ級決勝,16:30,16:25,7,https://keirin.kdreams.jp/shizuoka/racedetail/3820231114030012/?pageType=result,2026-10-08T03:40:32.784636+00:00,1-2/6-3/4-7-5,published,ひかり・小田競,楽天Kドリームス 並び予想
5320231116020006,2023-11-17,奈良競輪,F1,6,Ｓ級一般,17:45,17:40,6,https://keirin.kdreams.jp/nara/racedetail/5320231116020006/?pageType=result,2026-10-08T03:40:47.957121+00:00,1-4-3/2-5-6,published,競輪研究,楽天Kドリームス 並び予想
5320231116020007,2023-11-17,奈良競輪,F1,7,Ｓ級一般,18:10,18:05,6,https://keirin.kdreams.jp/nara/racedetail/5320231116020007/?pageType=result,2026-10-08T03:40:49.751645+00:00,3-6-1/4-2-5,published,競輪研究,楽天Kドリームス 並び予想
5320231116020008,2023-11-17,奈良競輪,F1,8,Ｓ級選抜,18:35,18:30,7,https://keirin.kdreams.jp/nara/racedetail/5320231116020008/?pageType=result,2026-10-08T03:40:51.549443+00:00,1-4-7/2-5/3-6,published,競輪研究,楽天Kドリームス 並び予想
5320231116020009,2023-11-17,奈良競輪,F1,9,Ｓ級選抜,19:00,18:55,7,https://keirin.kdreams.jp/nara/racedetail/5320231116020009/?pageType=result,2026-10-08T03:40:53.314827+00:00,1-4/2-7-6/5-3,published,競輪研究,楽天Kドリームス 並び予想
5320231116020010,2023-11-17,奈良競輪,F1,10,Ｓ級準決勝,19:25,19:20,7,https://keirin.kdreams.jp/nara/racedetail/5320231116020010/?pageType=result,2026-10-08T03:40:55.440044+00:00,6-1/2-5/4/3-7,published,競輪研究,楽天Kドリームス 並び予想
5320231116020011,2023-11-17,奈良競輪,F1,11,Ｓ級準決勝,19:52,19:47,7,https://keirin.kdreams.jp/nara/racedetail/5320231116020011/?pageType=result,2026-10-08T03:40:57.330442+00:00,1-4-6/7-2/3-5,published,競輪研究,楽天Kドリームス 並び予想
5320231116020012,2023-11-17,奈良競輪,F1,12,Ｓ級準決勝,20:20,20:15,7,https://keirin.kdreams.jp/nara/racedetail/5320231116020012/?pageType=result,2026-10-08T03:40:59.358860+00:00,5-1/7-2/4-3-6,published,競輪研究,楽天Kドリームス 並び予想
5320231116030005,2023-11-18,奈良競輪,F1,5,Ｓ級一般,17:30,17:25,5,https://keirin.kdreams.jp/nara/racedetail/5320231116030005/?pageType=result,2026-10-08T03:41:01.061758+00:00,5-2-1/4-3,published,競輪研究,楽天Kドリームス 並び予想
5320231116030006,2023-11-18,奈良競輪,F1,6,Ｓ級一般,17:55,17:50,6,https://keirin.kdreams.jp/nara/racedetail/5320231116030006/?pageType=result,2026-10-08T03:41:03.325026+00:00,1-3-6/4-2-5,published,競輪研究,楽天Kドリームス 並び予想
5320231116030007,2023-11-18,奈良競輪,F1,7,Ｓ級一般,18:20,18:15,6,https://keirin.kdreams.jp/nara/racedetail/5320231116030007/?pageType=result,2026-10-08T03:41:05.114354+00:00,5-1/2/6/4-3,published,競輪研究,楽天Kドリームス 並び予想
5320231116030008,2023-11-18,奈良競輪,F1,8,Ｓ級特選,18:45,18:40,7,https://keirin.kdreams.jp/nara/racedetail/5320231116030008/?pageType=result,2026-10-08T03:41:08.065396+00:00,1-7/5-2/3-4-6,published,競輪研究,楽天Kドリームス 並び予想
5320231116030009,2023-11-18,奈良競輪,F1,9,Ｓ級特選,19:10,19:05,7,https://keirin.kdreams.jp/nara/racedetail/5320231116030009/?pageType=result,2026-10-08T03:41:10.400473+00:00,5-1/4-2-6/3-7,published,競輪研究,楽天Kドリームス 並び予想
5320231116030010,2023-11-18,奈良競輪,F1,10,Ｓ級特選,19:35,19:30,7,https://keirin.kdreams.jp/nara/racedetail/5320231116030010/?pageType=result,2026-10-08T03:41:12.371623+00:00,5-1-7/2-4/6-3,published,競輪研究,楽天Kドリームス 並び予想
5320231116030012,2023-11-18,奈良競輪,F1,12,Ｓ級決勝,20:30,20:25,7,https://keirin.kdreams.jp/nara/racedetail/5320231116030012/?pageType=result,2026-10-08T03:41:14.481822+00:00,7-1/2-5/3-6/4,published,競輪研究,楽天Kドリームス 並び予想
3420231118010006,2023-11-18,川崎競輪,F1,6,Ｓ級予選,17:45,17:40,7,https://keirin.kdreams.jp/kawasaki/racedetail/3420231118010006/?pageType=result,2026-10-08T03:42:56.274041+00:00,2-3-7/6/5-1-4,published,小田競・サイクル,楽天Kドリームス 並び予想
3420231118010007,2023-11-18,川崎競輪,F1,7,Ｓ級予選,18:10,18:05,7,https://keirin.kdreams.jp/kawasaki/racedetail/3420231118010007/?pageType=result,2026-10-08T03:42:58.183555+00:00,6-2/3-5/7-4-1,published,小田競・サイクル,楽天Kドリームス 並び予想
3420231118010008,2023-11-18,川崎競輪,F1,8,Ｓ級予選,18:35,18:30,7,https://keirin.kdreams.jp/kawasaki/racedetail/3420231118010008/?pageType=result,2026-10-08T03:43:00.258541+00:00,1-7-5/6/4-3-2,published,小田競・サイクル,楽天Kドリームス 並び予想
3420231118010009,2023-11-18,川崎競輪,F1,9,Ｓ級予選,19:00,18:55,7,https://keirin.kdreams.jp/kawasaki/racedetail/3420231118010009/?pageType=result,2026-10-08T03:43:02.007758+00:00,1-4-5/3-7/6-2,published,小田競・サイクル,楽天Kドリームス 並び予想
3420231118010010,2023-11-18,川崎競輪,F1,10,Ｓ級予選,19:27,19:22,7,https://keirin.kdreams.jp/kawasaki/racedetail/3420231118010010/?pageType=result,2026-10-08T03:43:04.075158+00:00,7-1/2-5-4/6-3,published,小田競・サイクル,楽天Kドリームス 並び予想
3420231118010011,2023-11-18,川崎競輪,F1,11,Ｓ級予選,19:55,19:50,7,https://keirin.kdreams.jp/kawasaki/racedetail/3420231118010011/?pageType=result,2026-10-08T03:43:05.914731+00:00,5-1-7/3/6-2-4,published,小田競・サイクル,楽天Kドリームス 並び予想
3420231118010012,2023-11-18,川崎競輪,F1,12,Ｓ級初特選,20:25,20:20,7,https://keirin.kdreams.jp/kawasaki/racedetail/3420231118010012/?pageType=result,2026-10-08T03:43:07.873992+00:00,1/4/6-2/7-5-3,published,小田競・サイクル,楽天Kドリームス 並び予想
6120231118010006,2023-11-18,玉野競輪,F1,6,Ｓ級予選,13:05,13:00,7,https://keirin.kdreams.jp/tamano/racedetail/6120231118010006/?pageType=result,2026-10-08T03:43:36.302708+00:00,7-1-4/2-6/5-3,published,競輪毎日,楽天Kドリームス 並び予想
6120231118010007,2023-11-18,玉野競輪,F1,7,Ｓ級予選,13:35,13:30,7,https://keirin.kdreams.jp/tamano/racedetail/6120231118010007/?pageType=result,2026-10-08T03:43:38.003724+00:00,1-5/3-4/7-2-6,published,競輪毎日,楽天Kドリームス 並び予想
6120231118010008,2023-11-18,玉野競輪,F1,8,Ｓ級予選,14:06,14:01,7,https://keirin.kdreams.jp/tamano/racedetail/6120231118010008/?pageType=result,2026-10-08T03:43:39.831294+00:00,1-4/5-2-6/3-7,published,競輪毎日,楽天Kドリームス 並び予想
6120231118010009,2023-11-18,玉野競輪,F1,9,Ｓ級予選,14:39,14:34,7,https://keirin.kdreams.jp/tamano/racedetail/6120231118010009/?pageType=result,2026-10-08T03:43:41.583375+00:00,2-6/3-5/7-1/4,published,競輪毎日,楽天Kドリームス 並び予想
6120231118010010,2023-11-18,玉野競輪,F1,10,Ｓ級予選,15:13,15:08,7,https://keirin.kdreams.jp/tamano/racedetail/6120231118010010/?pageType=result,2026-10-08T03:43:43.649686+00:00,4-2-5/1-6/3-7,published,競輪毎日,楽天Kドリームス 並び予想
6120231118010011,2023-11-18,玉野競輪,F1,11,Ｓ級予選,15:49,15:44,7,https://keirin.kdreams.jp/tamano/racedetail/6120231118010011/?pageType=result,2026-10-08T03:43:45.474460+00:00,7-1/5-2/4-3-6,published,競輪毎日,楽天Kドリームス 並び予想
6120231118010012,2023-11-18,玉野競輪,F1,12,Ｓ級初特選,16:25,16:20,7,https://keirin.kdreams.jp/tamano/racedetail/6120231118010012/?pageType=result,2026-10-08T03:43:47.403731+00:00,5-1/6-2/3-7-4,published,競輪毎日,楽天Kドリームス 並び予想
3420231118020006,2023-11-19,川崎競輪,F1,6,Ｓ級一般,17:45,17:40,7,https://keirin.kdreams.jp/kawasaki/racedetail/3420231118020006/?pageType=result,2026-10-08T03:43:09.771650+00:00,7-1/6-2/3-5/4,published,小田競・サイクル,楽天Kドリームス 並び予想
3420231118020007,2023-11-19,川崎競輪,F1,7,Ｓ級一般,18:10,18:05,7,https://keirin.kdreams.jp/kawasaki/racedetail/3420231118020007/?pageType=result,2026-10-08T03:43:11.623696+00:00,4-1/7-2-5/3/6,published,小田競・サイクル,楽天Kドリームス 並び予想
3420231118020008,2023-11-19,川崎競輪,F1,8,Ｓ級選抜,18:35,18:30,7,https://keirin.kdreams.jp/kawasaki/racedetail/3420231118020008/?pageType=result,2026-10-08T03:43:13.794007+00:00,7-4-1/6/2/3/5,published,小田競・サイクル,楽天Kドリームス 並び予想
3420231118020009,2023-11-19,川崎競輪,F1,9,Ｓ級選抜,19:00,18:55,7,https://keirin.kdreams.jp/kawasaki/racedetail/3420231118020009/?pageType=result,2026-10-08T03:43:15.889287+00:00,5-3-2/6-1-4/7,published,小田競・サイクル,楽天Kドリームス 並び予想
3420231118020010,2023-11-19,川崎競輪,F1,10,Ｓ級準決勝,19:27,19:22,7,https://keirin.kdreams.jp/kawasaki/racedetail/3420231118020010/?pageType=result,2026-10-08T03:43:17.772463+00:00,1-5/2-7/3-4-6,published,小田競・サイクル,楽天Kドリームス 並び予想
3420231118020011,2023-11-19,川崎競輪,F1,11,Ｓ級準決勝,19:55,19:50,7,https://keirin.kdreams.jp/kawasaki/racedetail/3420231118020011/?pageType=result,2026-10-08T03:43:19.695970+00:00,7-1/6-2/5-4-3,published,小田競・サイクル,楽天Kドリームス 並び予想
3420231118020012,2023-11-19,川崎競輪,F1,12,Ｓ級準決勝,20:25,20:20,7,https://keirin.kdreams.jp/kawasaki/racedetail/3420231118020012/?pageType=result,2026-10-08T03:43:21.008964+00:00,4-1/6/2-7/5-3,published,小田競・サイクル,楽天Kドリームス 並び予想
6120231118020006,2023-11-19,玉野競輪,F1,6,Ｓ級一般,13:05,13:00,6,https://keirin.kdreams.jp/tamano/racedetail/6120231118020006/?pageType=result,2026-10-08T03:43:49.125155+00:00,5-2/1/3-4-6,published,競輪毎日,楽天Kドリームス 並び予想
6120231118020007,2023-11-19,玉野競輪,F1,7,Ｓ級一般,13:35,13:30,7,https://keirin.kdreams.jp/tamano/racedetail/6120231118020007/?pageType=result,2026-10-08T03:43:51.043036+00:00,1-5-7/2/3/4/6,published,競輪毎日,楽天Kドリームス 並び予想
6120231118020008,2023-11-19,玉野競輪,F1,8,Ｓ級選抜,14:06,14:01,7,https://keirin.kdreams.jp/tamano/racedetail/6120231118020008/?pageType=result,2026-10-08T03:43:52.717975+00:00,6-1-3/4-2/5-7,published,競輪毎日,楽天Kドリームス 並び予想
6120231118020009,2023-11-19,玉野競輪,F1,9,Ｓ級選抜,14:39,14:34,7,https://keirin.kdreams.jp/tamano/racedetail/6120231118020009/?pageType=result,2026-10-08T03:43:54.800476+00:00,4-1/2-5-6/7-3,published,競輪毎日,楽天Kドリームス 並び予想
6120231118020010,2023-11-19,玉野競輪,F1,10,Ｓ級準決勝,15:13,15:08,7,https://keirin.kdreams.jp/tamano/racedetail/6120231118020010/?pageType=result,2026-10-08T03:43:56.678216+00:00,7-1/3-5/6-2-4,published,競輪毎日,楽天Kドリームス 並び予想
6120231118020011,2023-11-19,玉野競輪,F1,11,Ｓ級準決勝,15:49,15:44,7,https://keirin.kdreams.jp/tamano/racedetail/6120231118020011/?pageType=result,2026-10-08T03:43:58.814151+00:00,5-2/1-7-4/3-6,published,競輪毎日,楽天Kドリームス 並び予想
6120231118020012,2023-11-19,玉野競輪,F1,12,Ｓ級準決勝,16:25,16:20,7,https://keirin.kdreams.jp/tamano/racedetail/6120231118020012/?pageType=result,2026-10-08T03:44:00.701003+00:00,4-1/2-7/3-5-6,published,競輪毎日,楽天Kドリームス 並び予想
3420231118030005,2023-11-20,川崎競輪,F1,5,Ｓ級一般,17:20,17:15,6,https://keirin.kdreams.jp/kawasaki/racedetail/3420231118030005/?pageType=result,2026-10-08T03:43:23.351663+00:00,2-5-6/1-4/3,published,小田競・サイクル,楽天Kドリームス 並び予想
3420231118030006,2023-11-20,川崎競輪,F1,6,Ｓ級一般,17:45,17:40,6,https://keirin.kdreams.jp/kawasaki/racedetail/3420231118030006/?pageType=result,2026-10-08T03:43:25.134681+00:00,2-4/1/5-3/6,published,小田競・サイクル,楽天Kドリームス 並び予想
3420231118030007,2023-11-20,川崎競輪,F1,7,Ｓ級一般,18:10,18:05,7,https://keirin.kdreams.jp/kawasaki/racedetail/3420231118030007/?pageType=result,2026-10-08T03:43:26.941596+00:00,1-4-6/3/5-2-7,published,小田競・サイクル,楽天Kドリームス 並び予想
3420231118030008,2023-11-20,川崎競輪,F1,8,Ｓ級特選,18:37,18:32,7,https://keirin.kdreams.jp/kawasaki/racedetail/3420231118030008/?pageType=result,2026-10-08T03:43:28.809877+00:00,1-5-4/2-6/3-7,published,小田競・サイクル,楽天Kドリームス 並び予想
3420231118030009,2023-11-20,川崎競輪,F1,9,Ｓ級特選,19:04,18:59,7,https://keirin.kdreams.jp/kawasaki/racedetail/3420231118030009/?pageType=result,2026-10-08T03:43:30.731390+00:00,7-1/2-4-6/3-5,published,小田競・サイクル,楽天Kドリームス 並び予想
3420231118030010,2023-11-20,川崎競輪,F1,10,Ｓ級特選,19:31,19:26,7,https://keirin.kdreams.jp/kawasaki/racedetail/3420231118030010/?pageType=result,2026-10-08T03:43:32.575938+00:00,1-4/6-2-5/3-7,published,小田競・サイクル,楽天Kドリームス 並び予想
3420231118030012,2023-11-20,川崎競輪,F1,12,Ｓ級決勝,20:35,20:30,7,https://keirin.kdreams.jp/kawasaki/racedetail/3420231118030012/?pageType=result,2026-10-08T03:43:34.554359+00:00,1/2/7/5-6-3-4,published,小田競・サイクル,楽天Kドリームス 並び予想
6120231118030005,2023-11-20,玉野競輪,F1,5,Ｓ級一般,12:35,12:30,6,https://keirin.kdreams.jp/tamano/racedetail/6120231118030005/?pageType=result,2026-10-08T03:44:02.593904+00:00,2-4/1/5/6-3,published,競輪毎日,楽天Kドリームス 並び予想
6120231118030006,2023-11-20,玉野競輪,F1,6,Ｓ級一般,13:05,13:00,7,https://keirin.kdreams.jp/tamano/racedetail/6120231118030006/?pageType=result,2026-10-08T03:44:04.524250+00:00,1-5-4-6/7-2-3,published,競輪毎日,楽天Kドリームス 並び予想
6120231118030007,2023-11-20,玉野競輪,F1,7,Ｓ級一般,13:35,13:30,7,https://keirin.kdreams.jp/tamano/racedetail/6120231118030007/?pageType=result,2026-10-08T03:44:06.440762+00:00,1-7-3/4-2/5-6,published,競輪毎日,楽天Kドリームス 並び予想
6120231118030008,2023-11-20,玉野競輪,F1,8,Ｓ級特選,14:06,14:01,7,https://keirin.kdreams.jp/tamano/racedetail/6120231118030008/?pageType=result,2026-10-08T03:44:08.274779+00:00,5-7-1-6/2-4/3,published,競輪毎日,楽天Kドリームス 並び予想
6120231118030009,2023-11-20,玉野競輪,F1,9,Ｓ級特選,14:39,14:34,7,https://keirin.kdreams.jp/tamano/racedetail/6120231118030009/?pageType=result,2026-10-08T03:44:10.318135+00:00,4-1/3-7/5-2-6,published,競輪毎日,楽天Kドリームス 並び予想
6120231118030010,2023-11-20,玉野競輪,F1,10,Ｓ級特選,15:13,15:08,7,https://keirin.kdreams.jp/tamano/racedetail/6120231118030010/?pageType=result,2026-10-08T03:44:12.409934+00:00,4-2/5-1-6/7-3,published,競輪毎日,楽天Kドリームス 並び予想
6120231118030012,2023-11-20,玉野競輪,F1,12,Ｓ級決勝,16:25,16:20,7,https://keirin.kdreams.jp/tamano/racedetail/6120231118030012/?pageType=result,2026-10-08T03:44:14.226268+00:00,1-6-4/3/2-5-7,published,競輪毎日,楽天Kドリームス 並び予想
3120231121010006,2023-11-21,松戸競輪,F1,6,Ｓ級予選,12:52,12:47,7,https://keirin.kdreams.jp/matsudo/racedetail/3120231121010006/?pageType=result,2026-10-08T03:46:50.776259+00:00,7-1-6/2-4/5-3,published,アオケイ,楽天Kドリームス 並び予想
3120231121010007,2023-11-21,松戸競輪,F1,7,Ｓ級予選,13:19,13:14,7,https://keirin.kdreams.jp/matsudo/racedetail/3120231121010007/?pageType=result,2026-10-08T03:46:52.701278+00:00,7-2-4/1-5/6-3,published,アオケイ,楽天Kドリームス 並び予想
3120231121010008,2023-11-21,松戸競輪,F1,8,Ｓ級予選,13:48,13:43,7,https://keirin.kdreams.jp/matsudo/racedetail/3120231121010008/?pageType=result,2026-10-08T03:46:54.537899+00:00,1-4-6/3-7/5-2,published,アオケイ,楽天Kドリームス 並び予想
3120231121010009,2023-11-21,松戸競輪,F1,9,Ｓ級予選,14:18,14:13,7,https://keirin.kdreams.jp/matsudo/racedetail/3120231121010009/?pageType=result,2026-10-08T03:46:56.494307+00:00,1-6/3-5/7-2-4,published,アオケイ,楽天Kドリームス 並び予想
3120231121010010,2023-11-21,松戸競輪,F1,10,Ｓ級初日特選,14:48,14:43,7,https://keirin.kdreams.jp/matsudo/racedetail/3120231121010010/?pageType=result,2026-10-08T03:46:58.246139+00:00,2-7/3/5/6-1-4,published,アオケイ,楽天Kドリームス 並び予想
7420231121010006,2023-11-21,高知競輪,F1,6,Ｓ級予選,12:40,12:35,7,https://keirin.kdreams.jp/kochi/racedetail/7420231121010006/?pageType=result,2026-10-08T03:44:16.024341+00:00,4-1-3/6/7-2-5,published,福ちゃん出版社,楽天Kドリームス 並び予想
7420231121010007,2023-11-21,高知競輪,F1,7,Ｓ級予選,13:05,13:00,7,https://keirin.kdreams.jp/kochi/racedetail/7420231121010007/?pageType=result,2026-10-08T03:44:18.144531+00:00,7-4-1/6/2-5-3,published,福ちゃん出版社,楽天Kドリームス 並び予想
7420231121010008,2023-11-21,高知競輪,F1,8,Ｓ級予選,13:33,13:28,7,https://keirin.kdreams.jp/kochi/racedetail/7420231121010008/?pageType=result,2026-10-08T03:44:20.005204+00:00,1-5-6/7-2/3-4,published,福ちゃん出版社,楽天Kドリームス 並び予想
7420231121010009,2023-11-21,高知競輪,F1,9,Ｓ級予選,14:03,13:58,7,https://keirin.kdreams.jp/kochi/racedetail/7420231121010009/?pageType=result,2026-10-08T03:44:21.850548+00:00,4-1-6/7-2/3-5,published,福ちゃん出版社,楽天Kドリームス 並び予想
7420231121010010,2023-11-21,高知競輪,F1,10,Ｓ級初日特選,14:33,14:28,7,https://keirin.kdreams.jp/kochi/racedetail/7420231121010010/?pageType=result,2026-10-08T03:44:23.700491+00:00,5-1-4/2/7-3-6,published,福ちゃん出版社,楽天Kドリームス 並び予想
3120231121020006,2023-11-22,松戸競輪,F1,6,Ｓ級一般,12:52,12:47,7,https://keirin.kdreams.jp/matsudo/racedetail/3120231121020006/?pageType=result,2026-10-08T03:47:00.259743+00:00,1-5-3/2-6/7-4,published,アオケイ,楽天Kドリームス 並び予想
3120231121020007,2023-11-22,松戸競輪,F1,7,Ｓ級一般,13:19,13:14,7,https://keirin.kdreams.jp/matsudo/racedetail/3120231121020007/?pageType=result,2026-10-08T03:47:02.149512+00:00,1-3-7/6/5-4-2,published,アオケイ,楽天Kドリームス 並び予想
3120231121020008,2023-11-22,松戸競輪,F1,8,Ｓ級準決勝,13:48,13:43,7,https://keirin.kdreams.jp/matsudo/racedetail/3120231121020008/?pageType=result,2026-10-08T03:47:04.145108+00:00,7-1/2-4/3-5-6,published,アオケイ,楽天Kドリームス 並び予想
3120231121020009,2023-11-22,松戸競輪,F1,9,Ｓ級準決勝,14:18,14:13,7,https://keirin.kdreams.jp/matsudo/racedetail/3120231121020009/?pageType=result,2026-10-08T03:47:06.160881+00:00,1-5-7/2-4/6-3,published,アオケイ,楽天Kドリームス 並び予想
3120231121020010,2023-11-22,松戸競輪,F1,10,Ｓ級準決勝,14:48,14:43,7,https://keirin.kdreams.jp/matsudo/racedetail/3120231121020010/?pageType=result,2026-10-08T03:47:08.106275+00:00,7-1/2-5/4/6-3,published,アオケイ,楽天Kドリームス 並び予想
7420231121020006,2023-11-22,高知競輪,F1,6,Ｓ級一般,12:40,12:35,7,https://keirin.kdreams.jp/kochi/racedetail/7420231121020006/?pageType=result,2026-10-08T03:44:25.539747+00:00,1-6/3-5-2/4-7,published,福ちゃん出版社,楽天Kドリームス 並び予想
7420231121020007,2023-11-22,高知競輪,F1,7,Ｓ級一般,13:05,13:00,7,https://keirin.kdreams.jp/kochi/racedetail/7420231121020007/?pageType=result,2026-10-08T03:44:27.571283+00:00,7-2/6/5-3-4-1,published,福ちゃん出版社,楽天Kドリームス 並び予想
7420231121020008,2023-11-22,高知競輪,F1,8,Ｓ級準決勝,13:33,13:28,7,https://keirin.kdreams.jp/kochi/racedetail/7420231121020008/?pageType=result,2026-10-08T03:44:29.370320+00:00,1-5-6/4/3/2-7,published,福ちゃん出版社,楽天Kドリームス 並び予想
7420231121020009,2023-11-22,高知競輪,F1,9,Ｓ級準決勝,14:03,13:58,7,https://keirin.kdreams.jp/kochi/racedetail/7420231121020009/?pageType=result,2026-10-08T03:44:31.176103+00:00,4-1-2/7-3-5-6,published,福ちゃん出版社,楽天Kドリームス 並び予想
7420231121020010,2023-11-22,高知競輪,F1,10,Ｓ級準決勝,14:33,14:28,7,https://keirin.kdreams.jp/kochi/racedetail/7420231121020010/?pageType=result,2026-10-08T03:44:33.294725+00:00,1-7-4/5-3-2/6,published,福ちゃん出版社,楽天Kドリームス 並び予想
3120231121030005,2023-11-23,松戸競輪,F1,5,Ｓ級一般,12:27,12:22,7,https://keirin.kdreams.jp/matsudo/racedetail/3120231121030005/?pageType=result,2026-10-08T03:47:10.118626+00:00,4-5-1/3/2-7-6,published,アオケイ,楽天Kドリームス 並び予想
3120231121030006,2023-11-23,松戸競輪,F1,6,Ｓ級一般,12:52,12:47,7,https://keirin.kdreams.jp/matsudo/racedetail/3120231121030006/?pageType=result,2026-10-08T03:47:12.004144+00:00,3-1-5/6/4-2-7,published,アオケイ,楽天Kドリームス 並び予想
3120231121030007,2023-11-23,松戸競輪,F1,7,Ｓ級特選,13:19,13:14,7,https://keirin.kdreams.jp/matsudo/racedetail/3120231121030007/?pageType=result,2026-10-08T03:47:14.268908+00:00,5-1/2/7-3-4/6,published,アオケイ,楽天Kドリームス 並び予想
3120231121030008,2023-11-23,松戸競輪,F1,8,Ｓ級特選,13:48,13:43,7,https://keirin.kdreams.jp/matsudo/racedetail/3120231121030008/?pageType=result,2026-10-08T03:47:16.208628+00:00,1-6/4-2/3-7/5,published,アオケイ,楽天Kドリームス 並び予想
3120231121030010,2023-11-23,松戸競輪,F1,10,Ｓ級決勝,14:48,14:43,7,https://keirin.kdreams.jp/matsudo/racedetail/3120231121030010/?pageType=result,2026-10-08T03:47:18.045137+00:00,3-5/1-7/4/6-2,published,アオケイ,楽天Kドリームス 並び予想
7420231121030005,2023-11-23,高知競輪,F1,5,Ｓ級一般,12:15,12:10,7,https://keirin.kdreams.jp/kochi/racedetail/7420231121030005/?pageType=result,2026-10-08T03:44:35.135686+00:00,4-1/7/6-3-2-5,published,福ちゃん出版社,楽天Kドリームス 並び予想
7420231121030006,2023-11-23,高知競輪,F1,6,Ｓ級一般,12:40,12:35,7,https://keirin.kdreams.jp/kochi/racedetail/7420231121030006/?pageType=result,2026-10-08T03:44:37.113012+00:00,3-5-1/6/7-2-4,published,福ちゃん出版社,楽天Kドリームス 並び予想
7420231121030007,2023-11-23,高知競輪,F1,7,Ｓ級特選,13:05,13:00,7,https://keirin.kdreams.jp/kochi/racedetail/7420231121030007/?pageType=result,2026-10-08T03:44:39.201864+00:00,1-4-6/3/5-2-7,published,福ちゃん出版社,楽天Kドリームス 並び予想
7420231121030008,2023-11-23,高知競輪,F1,8,Ｓ級特選,13:33,13:28,7,https://keirin.kdreams.jp/kochi/racedetail/7420231121030008/?pageType=result,2026-10-08T03:44:41.064133+00:00,3-7/4-1-6/2-5,published,福ちゃん出版社,楽天Kドリームス 並び予想
7420231121030010,2023-11-23,高知競輪,F1,10,Ｓ級決勝,14:33,14:28,7,https://keirin.kdreams.jp/kochi/racedetail/7420231121030010/?pageType=result,2026-10-08T03:44:42.835827+00:00,5-6-3-1-7/2/4,published,福ちゃん出版社,楽天Kドリームス 並び予想
1320231124010006,2023-11-24,いわき平競輪,F1,6,Ｓ級予選,12:40,12:35,7,https://keirin.kdreams.jp/iwakitaira/racedetail/1320231124010006/?pageType=result,2026-10-08T03:47:20.115699+00:00,1-7/4-2/5-3-6,published,アオケイ,楽天Kドリームス 並び予想
1320231124010007,2023-11-24,いわき平競輪,F1,7,Ｓ級予選,13:05,13:00,7,https://keirin.kdreams.jp/iwakitaira/racedetail/1320231124010007/?pageType=result,2026-10-08T03:47:22.034495+00:00,5-1-7/2/4/6-3,published,アオケイ,楽天Kドリームス 並び予想
1320231124010008,2023-11-24,いわき平競輪,F1,8,Ｓ級予選,13:33,13:28,7,https://keirin.kdreams.jp/iwakitaira/racedetail/1320231124010008/?pageType=result,2026-10-08T03:47:23.843662+00:00,5-1/6-3/7-2-4,published,アオケイ,楽天Kドリームス 並び予想
1320231124010009,2023-11-24,いわき平競輪,F1,9,Ｓ級予選,14:03,13:58,7,https://keirin.kdreams.jp/iwakitaira/racedetail/1320231124010009/?pageType=result,2026-10-08T03:47:25.593819+00:00,2-4-7/5-1/3-6,published,アオケイ,楽天Kドリームス 並び予想
1320231124010010,2023-11-24,いわき平競輪,F1,10,Ｓ級初日特選,14:33,14:28,7,https://keirin.kdreams.jp/iwakitaira/racedetail/1320231124010010/?pageType=result,2026-10-08T03:47:27.469288+00:00,1-7/2-4/3-5/6,published,アオケイ,楽天Kドリームス 並び予想
8520231124010006,2023-11-24,佐世保競輪,F1,6,Ｓ級予選,12:52,12:47,7,https://keirin.kdreams.jp/sasebo/racedetail/8520231124010006/?pageType=result,2026-10-08T03:47:48.589624+00:00,1-6/4-7-2/5-3,published,百万弗,楽天Kドリームス 並び予想
8520231124010007,2023-11-24,佐世保競輪,F1,7,Ｓ級予選,13:19,13:14,7,https://keirin.kdreams.jp/sasebo/racedetail/8520231124010007/?pageType=result,2026-10-08T03:47:50.513180+00:00,1-7/2-5/4-3-6,published,百万弗,楽天Kドリームス 並び予想
8520231124010008,2023-11-24,佐世保競輪,F1,8,Ｓ級予選,13:48,13:43,7,https://keirin.kdreams.jp/sasebo/racedetail/8520231124010008/?pageType=result,2026-10-08T03:47:52.310817+00:00,5-2-4/6-1/7-3,published,百万弗,楽天Kドリームス 並び予想
8520231124010009,2023-11-24,佐世保競輪,F1,9,Ｓ級予選,14:18,14:13,7,https://keirin.kdreams.jp/sasebo/racedetail/8520231124010009/?pageType=result,2026-10-08T03:47:54.075946+00:00,4-2/7-5-1/6-3,published,百万弗,楽天Kドリームス 並び予想
8520231124010010,2023-11-24,佐世保競輪,F1,10,Ｓ級初日特選,14:48,14:43,7,https://keirin.kdreams.jp/sasebo/racedetail/8520231124010010/?pageType=result,2026-10-08T03:47:55.872526+00:00,7-2/5-3/4-6-1,published,百万弗,楽天Kドリームス 並び予想
1320231124020006,2023-11-25,いわき平競輪,F1,6,Ｓ級一般,12:40,12:35,7,https://keirin.kdreams.jp/iwakitaira/racedetail/1320231124020006/?pageType=result,2026-10-08T03:47:29.235370+00:00,4-1-3/2-5/7/6,published,アオケイ,楽天Kドリームス 並び予想
1320231124020007,2023-11-25,いわき平競輪,F1,7,Ｓ級一般,13:05,13:00,7,https://keirin.kdreams.jp/iwakitaira/racedetail/1320231124020007/?pageType=result,2026-10-08T03:47:31.261520+00:00,1-4-3/6/2-5-7,published,アオケイ,楽天Kドリームス 並び予想
1320231124020008,2023-11-25,いわき平競輪,F1,8,Ｓ級準決勝,13:33,13:28,7,https://keirin.kdreams.jp/iwakitaira/racedetail/1320231124020008/?pageType=result,2026-10-08T03:47:33.145508+00:00,1-6-4/5-2/7-3,published,アオケイ,楽天Kドリームス 並び予想
1320231124020009,2023-11-25,いわき平競輪,F1,9,Ｓ級準決勝,14:03,13:58,7,https://keirin.kdreams.jp/iwakitaira/racedetail/1320231124020009/?pageType=result,2026-10-08T03:47:35.051601+00:00,2-5/4-7/6-3/1,published,アオケイ,楽天Kドリームス 並び予想
1320231124020010,2023-11-25,いわき平競輪,F1,10,Ｓ級準決勝,14:33,14:28,7,https://keirin.kdreams.jp/iwakitaira/racedetail/1320231124020010/?pageType=result,2026-10-08T03:47:37.051066+00:00,4-1/2-5-7/6-3,published,アオケイ,楽天Kドリームス 並び予想
8520231124020006,2023-11-25,佐世保競輪,F1,6,Ｓ級一般,12:52,12:47,7,https://keirin.kdreams.jp/sasebo/racedetail/8520231124020006/?pageType=result,2026-10-08T03:47:57.961783+00:00,7-1/6-2/5-3/4,published,百万弗,楽天Kドリームス 並び予想
8520231124020007,2023-11-25,佐世保競輪,F1,7,Ｓ級一般,13:19,13:14,7,https://keirin.kdreams.jp/sasebo/racedetail/8520231124020007/?pageType=result,2026-10-08T03:47:59.842783+00:00,2-5-7/1-4/3-6,published,百万弗,楽天Kドリームス 並び予想
8520231124020008,2023-11-25,佐世保競輪,F1,8,Ｓ級準決勝,13:48,13:43,7,https://keirin.kdreams.jp/sasebo/racedetail/8520231124020008/?pageType=result,2026-10-08T03:48:01.625569+00:00,5-1-7/2-4/3-6,published,百万弗,楽天Kドリームス 並び予想
8520231124020009,2023-11-25,佐世保競輪,F1,9,Ｓ級準決勝,14:18,14:13,7,https://keirin.kdreams.jp/sasebo/racedetail/8520231124020009/?pageType=result,2026-10-08T03:48:03.528210+00:00,5-1/3-4/2-7-6,published,百万弗,楽天Kドリームス 並び予想
8520231124020010,2023-11-25,佐世保競輪,F1,10,Ｓ級準決勝,14:48,14:43,7,https://keirin.kdreams.jp/sasebo/racedetail/8520231124020010/?pageType=result,2026-10-08T03:48:05.728333+00:00,1-4/3-7-5/6-2,published,百万弗,楽天Kドリームス 並び予想
1320231124030005,2023-11-26,いわき平競輪,F1,5,Ｓ級一般,12:15,12:10,7,https://keirin.kdreams.jp/iwakitaira/racedetail/1320231124030005/?pageType=result,2026-10-08T03:47:38.900404+00:00,4-1-3/6/5-7-2,published,アオケイ,楽天Kドリームス 並び予想
1320231124030006,2023-11-26,いわき平競輪,F1,6,Ｓ級一般,12:40,12:35,7,https://keirin.kdreams.jp/iwakitaira/racedetail/1320231124030006/?pageType=result,2026-10-08T03:47:40.771647+00:00,4-1-3/5/6-2-7,published,アオケイ,楽天Kドリームス 並び予想
1320231124030007,2023-11-26,いわき平競輪,F1,7,Ｓ級特選,13:05,13:00,7,https://keirin.kdreams.jp/iwakitaira/racedetail/1320231124030007/?pageType=result,2026-10-08T03:47:42.587303+00:00,1-5/6-4-2/7-3,published,アオケイ,楽天Kドリームス 並び予想
1320231124030008,2023-11-26,いわき平競輪,F1,8,Ｓ級特選,13:33,13:28,7,https://keirin.kdreams.jp/iwakitaira/racedetail/1320231124030008/?pageType=result,2026-10-08T03:47:44.789432+00:00,2-5/1-4-7/6-3,published,アオケイ,楽天Kドリームス 並び予想
1320231124030010,2023-11-26,いわき平競輪,F1,10,Ｓ級決勝,14:33,14:28,7,https://keirin.kdreams.jp/iwakitaira/racedetail/1320231124030010/?pageType=result,2026-10-08T03:47:46.799785+00:00,1-4-5/2-6/3-7,published,アオケイ,楽天Kドリームス 並び予想
8520231124030005,2023-11-26,佐世保競輪,F1,5,Ｓ級一般,12:27,12:22,7,https://keirin.kdreams.jp/sasebo/racedetail/8520231124030005/?pageType=result,2026-10-08T03:48:07.740182+00:00,7-1-6/4-2/3-5,published,百万弗,楽天Kドリームス 並び予想
8520231124030006,2023-11-26,佐世保競輪,F1,6,Ｓ級一般,12:52,12:47,7,https://keirin.kdreams.jp/sasebo/racedetail/8520231124030006/?pageType=result,2026-10-08T03:48:09.701142+00:00,1-6-3-5-4/2-7,published,百万弗,楽天Kドリームス 並び予想
8520231124030007,2023-11-26,佐世保競輪,F1,7,Ｓ級特選,13:19,13:14,7,https://keirin.kdreams.jp/sasebo/racedetail/8520231124030007/?pageType=result,2026-10-08T03:48:11.717322+00:00,7-1-5/2/6-3-4,published,百万弗,楽天Kドリームス 並び予想
8520231124030008,2023-11-26,佐世保競輪,F1,8,Ｓ級特選,13:48,13:43,7,https://keirin.kdreams.jp/sasebo/racedetail/8520231124030008/?pageType=result,2026-10-08T03:48:13.845743+00:00,4-1-6/3-2/7-5,published,百万弗,楽天Kドリームス 並び予想
8520231124030010,2023-11-26,佐世保競輪,F1,10,Ｓ級決勝,14:48,14:43,7,https://keirin.kdreams.jp/sasebo/racedetail/8520231124030010/?pageType=result,2026-10-08T03:48:16.122009+00:00,5-7-1/3-2/6-4,published,百万弗,楽天Kドリームス 並び予想
6120231127010006,2023-11-27,玉野競輪,F1,6,Ｓ級予選,18:08,18:03,7,https://keirin.kdreams.jp/tamano/racedetail/6120231127010006/?pageType=result,2026-10-08T03:48:17.924397+00:00,4-1-5/6-2/3-7,published,競輪毎日,楽天Kドリームス 並び予想
6120231127010007,2023-11-27,玉野競輪,F1,7,Ｓ級予選,18:31,18:26,7,https://keirin.kdreams.jp/tamano/racedetail/6120231127010007/?pageType=result,2026-10-08T03:48:19.746223+00:00,1-5-7/6-2/3-4,published,競輪毎日,楽天Kドリームス 並び予想
6120231127010008,2023-11-27,玉野競輪,F1,8,Ｓ級予選,18:54,18:49,7,https://keirin.kdreams.jp/tamano/racedetail/6120231127010008/?pageType=result,2026-10-08T03:48:21.572860+00:00,5-3/7-1-4/6-2,published,競輪毎日,楽天Kドリームス 並び予想
6120231127010009,2023-11-27,玉野競輪,F1,9,Ｓ級予選,19:17,19:12,7,https://keirin.kdreams.jp/tamano/racedetail/6120231127010009/?pageType=result,2026-10-08T03:48:23.346785+00:00,5-1/6-2/3-4-7,published,競輪毎日,楽天Kドリームス 並び予想
6120231127010010,2023-11-27,玉野競輪,F1,10,Ｓ級予選,19:40,19:35,7,https://keirin.kdreams.jp/tamano/racedetail/6120231127010010/?pageType=result,2026-10-08T03:48:25.387914+00:00,2-5/1/6-3/4-7,published,競輪毎日,楽天Kドリームス 並び予想
6120231127010011,2023-11-27,玉野競輪,F1,11,Ｓ級予選,20:05,20:00,7,https://keirin.kdreams.jp/tamano/racedetail/6120231127010011/?pageType=result,2026-10-08T03:48:27.055582+00:00,3-5-1/7/6-2-4,published,競輪毎日,楽天Kドリームス 並び予想
6120231127010012,2023-11-27,玉野競輪,F1,12,Ｓ級初特選,20:30,20:25,7,https://keirin.kdreams.jp/tamano/racedetail/6120231127010012/?pageType=result,2026-10-08T03:48:28.874913+00:00,5-1-3/4/6-7-2,published,競輪毎日,楽天Kドリームス 並び予想
4520231127010006,2023-11-27,豊橋競輪,F1,6,Ｓ級予選,13:07,13:02,7,https://keirin.kdreams.jp/toyohashi/racedetail/4520231127010006/?pageType=result,2026-10-08T03:48:57.748615+00:00,5-3-4/1-7/6-2,published,中部競輪,楽天Kドリームス 並び予想
4520231127010007,2023-11-27,豊橋競輪,F1,7,Ｓ級予選,13:38,13:33,7,https://keirin.kdreams.jp/toyohashi/racedetail/4520231127010007/?pageType=result,2026-10-08T03:48:59.632948+00:00,1-7-5/4-2/3-6,published,中部競輪,楽天Kドリームス 並び予想
4520231127010008,2023-11-27,豊橋競輪,F1,8,Ｓ級予選,14:10,14:05,7,https://keirin.kdreams.jp/toyohashi/racedetail/4520231127010008/?pageType=result,2026-10-08T03:49:01.577824+00:00,3-5-6/1/2-7/4,published,中部競輪,楽天Kドリームス 並び予想
4520231127010009,2023-11-27,豊橋競輪,F1,9,Ｓ級予選,14:42,14:37,7,https://keirin.kdreams.jp/toyohashi/racedetail/4520231127010009/?pageType=result,2026-10-08T03:49:03.504984+00:00,1-5/2-7-4/6-3,published,中部競輪,楽天Kドリームス 並び予想
4520231127010010,2023-11-27,豊橋競輪,F1,10,Ｓ級予選,15:14,15:09,7,https://keirin.kdreams.jp/toyohashi/racedetail/4520231127010010/?pageType=result,2026-10-08T03:49:05.624055+00:00,2-5-3/6/4-1-7,published,中部競輪,楽天Kドリームス 並び予想
4520231127010011,2023-11-27,豊橋競輪,F1,11,Ｓ級予選,15:50,15:45,7,https://keirin.kdreams.jp/toyohashi/racedetail/4520231127010011/?pageType=result,2026-10-08T03:49:07.317148+00:00,1-4-7/2/5/3-6,published,中部競輪,楽天Kドリームス 並び予想
4520231127010012,2023-11-27,豊橋競輪,F1,12,Ｓ級初特選,16:30,16:25,7,https://keirin.kdreams.jp/toyohashi/racedetail/4520231127010012/?pageType=result,2026-10-08T03:49:09.231778+00:00,1-4/7-2/3-6-5,published,中部競輪,楽天Kドリームス 並び予想
5520231128010006,2023-11-28,和歌山競輪,F1,6,Ｓ級予選,12:55,12:50,7,https://keirin.kdreams.jp/wakayama/racedetail/5520231128010006/?pageType=result,2026-10-08T03:49:37.682438+00:00,6-4-1/2-5/7-3,published,競輪研究,楽天Kドリームス 並び予想
5520231128010007,2023-11-28,和歌山競輪,F1,7,Ｓ級予選,13:25,13:20,7,https://keirin.kdreams.jp/wakayama/racedetail/5520231128010007/?pageType=result,2026-10-08T03:49:39.474371+00:00,3-5/4-1/6-2/7,published,競輪研究,楽天Kドリームス 並び予想
5520231128010008,2023-11-28,和歌山競輪,F1,8,Ｓ級予選,13:55,13:50,7,https://keirin.kdreams.jp/wakayama/racedetail/5520231128010008/?pageType=result,2026-10-08T03:49:41.411552+00:00,2-7/6-5-1/4-3,published,競輪研究,楽天Kドリームス 並び予想
5520231128010009,2023-11-28,和歌山競輪,F1,9,Ｓ級予選,14:25,14:20,7,https://keirin.kdreams.jp/wakayama/racedetail/5520231128010009/?pageType=result,2026-10-08T03:49:43.254108+00:00,4-2/5-1-7/6-3,published,競輪研究,楽天Kドリームス 並び予想
5520231128010010,2023-11-28,和歌山競輪,F1,10,Ｓ級予選,15:00,14:55,7,https://keirin.kdreams.jp/wakayama/racedetail/5520231128010010/?pageType=result,2026-10-08T03:49:45.199753+00:00,5-7-2/6-1/3-4,published,競輪研究,楽天Kドリームス 並び予想
5520231128010011,2023-11-28,和歌山競輪,F1,11,Ｓ級予選,15:40,15:35,7,https://keirin.kdreams.jp/wakayama/racedetail/5520231128010011/?pageType=result,2026-10-08T03:49:46.998175+00:00,1-4-5/6-3/7-2,published,競輪研究,楽天Kドリームス 並び予想
5520231128010012,2023-11-28,和歌山競輪,F1,12,Ｓ級初特選,16:20,16:15,7,https://keirin.kdreams.jp/wakayama/racedetail/5520231128010012/?pageType=result,2026-10-08T03:49:48.840737+00:00,1-6/2-4/5-3-7,published,競輪研究,楽天Kドリームス 並び予想
6120231127020006,2023-11-28,玉野競輪,F1,6,Ｓ級一般,18:08,18:03,7,https://keirin.kdreams.jp/tamano/racedetail/6120231127020006/?pageType=result,2026-10-08T03:48:30.674211+00:00,6-1/7-2/4-3/5,published,競輪毎日,楽天Kドリームス 並び予想
6120231127020007,2023-11-28,玉野競輪,F1,7,Ｓ級一般,18:31,18:26,7,https://keirin.kdreams.jp/tamano/racedetail/6120231127020007/?pageType=result,2026-10-08T03:48:32.472882+00:00,3-4-7/1/2/6-5,published,競輪毎日,楽天Kドリームス 並び予想
6120231127020008,2023-11-28,玉野競輪,F1,8,Ｓ級選抜,18:54,18:49,7,https://keirin.kdreams.jp/tamano/racedetail/6120231127020008/?pageType=result,2026-10-08T03:48:34.253113+00:00,7-1-6/2-5/4-3,published,競輪毎日,楽天Kドリームス 並び予想
6120231127020009,2023-11-28,玉野競輪,F1,9,Ｓ級選抜,19:17,19:12,7,https://keirin.kdreams.jp/tamano/racedetail/6120231127020009/?pageType=result,2026-10-08T03:48:36.235584+00:00,1-4-6/3/7-2-5,published,競輪毎日,楽天Kドリームス 並び予想
6120231127020010,2023-11-28,玉野競輪,F1,10,Ｓ級準決勝,19:40,19:35,7,https://keirin.kdreams.jp/tamano/racedetail/6120231127020010/?pageType=result,2026-10-08T03:48:38.048079+00:00,7-1-4/2-5/3-6,published,競輪毎日,楽天Kドリームス 並び予想
6120231127020011,2023-11-28,玉野競輪,F1,11,Ｓ級準決勝,20:05,20:00,7,https://keirin.kdreams.jp/tamano/racedetail/6120231127020011/?pageType=result,2026-10-08T03:48:39.966688+00:00,1-7/2/5-3/4-6,published,競輪毎日,楽天Kドリームス 並び予想
6120231127020012,2023-11-28,玉野競輪,F1,12,Ｓ級準決勝,20:30,20:25,7,https://keirin.kdreams.jp/tamano/racedetail/6120231127020012/?pageType=result,2026-10-08T03:48:42.438384+00:00,7-3/1-5/6-2-4,published,競輪毎日,楽天Kドリームス 並び予想
4520231127020006,2023-11-28,豊橋競輪,F1,6,Ｓ級一般,13:07,13:02,6,https://keirin.kdreams.jp/toyohashi/racedetail/4520231127020006/?pageType=result,2026-10-08T03:49:10.870468+00:00,3-1-6/5/2-4,published,中部競輪,楽天Kドリームス 並び予想
4520231127020007,2023-11-28,豊橋競輪,F1,7,Ｓ級一般,13:38,13:33,7,https://keirin.kdreams.jp/toyohashi/racedetail/4520231127020007/?pageType=result,2026-10-08T03:49:13.198867+00:00,5-3-1/6/7-2-4,published,中部競輪,楽天Kドリームス 並び予想
4520231127020008,2023-11-28,豊橋競輪,F1,8,Ｓ級選抜,14:10,14:05,7,https://keirin.kdreams.jp/toyohashi/racedetail/4520231127020008/?pageType=result,2026-10-08T03:49:15.028551+00:00,1-5-6/2/4/3-7,published,中部競輪,楽天Kドリームス 並び予想
4520231127020009,2023-11-28,豊橋競輪,F1,9,Ｓ級選抜,14:42,14:37,7,https://keirin.kdreams.jp/toyohashi/racedetail/4520231127020009/?pageType=result,2026-10-08T03:49:16.828452+00:00,5-4-1/3-6/7-2,published,中部競輪,楽天Kドリームス 並び予想
4520231127020010,2023-11-28,豊橋競輪,F1,10,Ｓ級準決勝,15:14,15:09,7,https://keirin.kdreams.jp/toyohashi/racedetail/4520231127020010/?pageType=result,2026-10-08T03:49:18.739847+00:00,2-5/4-1-6/7-3,published,中部競輪,楽天Kドリームス 並び予想
4520231127020011,2023-11-28,豊橋競輪,F1,11,Ｓ級準決勝,15:50,15:45,7,https://keirin.kdreams.jp/toyohashi/racedetail/4520231127020011/?pageType=result,2026-10-08T03:49:20.581587+00:00,7-1-4/2-5-6/3,published,中部競輪,楽天Kドリームス 並び予想
4520231127020012,2023-11-28,豊橋競輪,F1,12,Ｓ級準決勝,16:30,16:25,7,https://keirin.kdreams.jp/toyohashi/racedetail/4520231127020012/?pageType=result,2026-10-08T03:49:22.454699+00:00,1-7/3/4/5-2-6,published,中部競輪,楽天Kドリームス 並び予想
8320231129010006,2023-11-29,久留米競輪,F1,6,Ｓ級予選,17:55,17:50,7,https://keirin.kdreams.jp/kurume/racedetail/8320231129010006/?pageType=result,2026-10-08T03:50:16.837803+00:00,5-1/2-6/7-3-4,published,コンドル出版社,楽天Kドリームス 並び予想
8320231129010007,2023-11-29,久留米競輪,F1,7,Ｓ級予選,18:18,18:13,7,https://keirin.kdreams.jp/kurume/racedetail/8320231129010007/?pageType=result,2026-10-08T03:50:18.714814+00:00,7-1/2-4/5-3-6,published,コンドル出版社,楽天Kドリームス 並び予想
8320231129010008,2023-11-29,久留米競輪,F1,8,Ｓ級予選,18:41,18:36,7,https://keirin.kdreams.jp/kurume/racedetail/8320231129010008/?pageType=result,2026-10-08T03:50:20.697411+00:00,2-5-6/7-1/3-4,published,コンドル出版社,楽天Kドリームス 並び予想
8320231129010009,2023-11-29,久留米競輪,F1,9,Ｓ級予選,19:04,18:59,7,https://keirin.kdreams.jp/kurume/racedetail/8320231129010009/?pageType=result,2026-10-08T03:50:22.534844+00:00,4-2-6/1-5/7-3,published,コンドル出版社,楽天Kドリームス 並び予想
8320231129010010,2023-11-29,久留米競輪,F1,10,Ｓ級予選,19:29,19:24,7,https://keirin.kdreams.jp/kurume/racedetail/8320231129010010/?pageType=result,2026-10-08T03:50:24.404942+00:00,3-5-7/1-4/2-6,published,コンドル出版社,楽天Kドリームス 並び予想
8320231129010011,2023-11-29,久留米競輪,F1,11,Ｓ級予選,19:54,19:49,7,https://keirin.kdreams.jp/kurume/racedetail/8320231129010011/?pageType=result,2026-10-08T03:50:26.308016+00:00,7-2/5-1-6/4-3,published,コンドル出版社,楽天Kドリームス 並び予想
8320231129010012,2023-11-29,久留米競輪,F1,12,Ｓ級初特選,20:20,20:15,7,https://keirin.kdreams.jp/kurume/racedetail/8320231129010012/?pageType=result,2026-10-08T03:50:28.178864+00:00,1-5-6/7-2/3-4,published,コンドル出版社,楽天Kドリームス 並び予想
5520231128020006,2023-11-29,和歌山競輪,F1,6,Ｓ級一般,12:55,12:50,7,https://keirin.kdreams.jp/wakayama/racedetail/5520231128020006/?pageType=result,2026-10-08T03:49:50.637744+00:00,6-1/2-4/3-5-7,published,競輪研究,楽天Kドリームス 並び予想
5520231128020007,2023-11-29,和歌山競輪,F1,7,Ｓ級一般,13:25,13:20,7,https://keirin.kdreams.jp/wakayama/racedetail/5520231128020007/?pageType=result,2026-10-08T03:49:52.501328+00:00,1-7/5-2/4-6-3,published,競輪研究,楽天Kドリームス 並び予想
5520231128020008,2023-11-29,和歌山競輪,F1,8,Ｓ級選抜,13:55,13:50,7,https://keirin.kdreams.jp/wakayama/racedetail/5520231128020008/?pageType=result,2026-10-08T03:49:54.448729+00:00,4-1/5-3/2-7/6,published,競輪研究,楽天Kドリームス 並び予想
5520231128020009,2023-11-29,和歌山競輪,F1,9,Ｓ級選抜,14:25,14:20,7,https://keirin.kdreams.jp/wakayama/racedetail/5520231128020009/?pageType=result,2026-10-08T03:49:56.377649+00:00,1-5-6/2-4/3-7,published,競輪研究,楽天Kドリームス 並び予想
5520231128020010,2023-11-29,和歌山競輪,F1,10,Ｓ級準決勝,15:00,14:55,7,https://keirin.kdreams.jp/wakayama/racedetail/5520231128020010/?pageType=result,2026-10-08T03:49:58.308725+00:00,5-1/3-7/4/6-2,published,競輪研究,楽天Kドリームス 並び予想
5520231128020011,2023-11-29,和歌山競輪,F1,11,Ｓ級準決勝,15:40,15:35,7,https://keirin.kdreams.jp/wakayama/racedetail/5520231128020011/?pageType=result,2026-10-08T03:49:59.514172+00:00,5-2/1-7/4-3-6,published,競輪研究,楽天Kドリームス 並び予想
5520231128020012,2023-11-29,和歌山競輪,F1,12,Ｓ級準決勝,16:20,16:15,7,https://keirin.kdreams.jp/wakayama/racedetail/5520231128020012/?pageType=result,2026-10-08T03:50:01.018193+00:00,4-1/3-6/7-2/5,published,競輪研究,楽天Kドリームス 並び予想
6120231127030005,2023-11-29,玉野競輪,F1,5,Ｓ級一般,17:45,17:40,7,https://keirin.kdreams.jp/tamano/racedetail/6120231127030005/?pageType=result,2026-10-08T03:48:44.319957+00:00,5-2-1/4/6-3/7,published,競輪毎日,楽天Kドリームス 並び予想
6120231127030006,2023-11-29,玉野競輪,F1,6,Ｓ級一般,18:08,18:03,7,https://keirin.kdreams.jp/tamano/racedetail/6120231127030006/?pageType=result,2026-10-08T03:48:46.330606+00:00,6/1/2-7/5-3-4,published,競輪毎日,楽天Kドリームス 並び予想
6120231127030007,2023-11-29,玉野競輪,F1,7,Ｓ級一般,18:31,18:26,7,https://keirin.kdreams.jp/tamano/racedetail/6120231127030007/?pageType=result,2026-10-08T03:48:48.278258+00:00,7-1/2/3-5/6-4,published,競輪毎日,楽天Kドリームス 並び予想
6120231127030008,2023-11-29,玉野競輪,F1,8,Ｓ級特選,18:54,18:49,7,https://keirin.kdreams.jp/tamano/racedetail/6120231127030008/?pageType=result,2026-10-08T03:48:50.059104+00:00,1-4-6/2-5/3-7,published,競輪毎日,楽天Kドリームス 並び予想
6120231127030009,2023-11-29,玉野競輪,F1,9,Ｓ級特選,19:17,19:12,7,https://keirin.kdreams.jp/tamano/racedetail/6120231127030009/?pageType=result,2026-10-08T03:48:52.071871+00:00,7-1/2-5-6/4-3,published,競輪毎日,楽天Kドリームス 並び予想
6120231127030010,2023-11-29,玉野競輪,F1,10,Ｓ級特選,19:40,19:35,7,https://keirin.kdreams.jp/tamano/racedetail/6120231127030010/?pageType=result,2026-10-08T03:48:53.925643+00:00,6-1/5-2/4-3-7,published,競輪毎日,楽天Kドリームス 並び予想
6120231127030012,2023-11-29,玉野競輪,F1,12,Ｓ級決勝,20:30,20:25,7,https://keirin.kdreams.jp/tamano/racedetail/6120231127030012/?pageType=result,2026-10-08T03:48:55.914980+00:00,5-1-7/2-4-3-6,published,競輪毎日,楽天Kドリームス 並び予想
4520231127030005,2023-11-29,豊橋競輪,F1,5,Ｓ級一般,12:36,12:31,5,https://keirin.kdreams.jp/toyohashi/racedetail/4520231127030005/?pageType=result,2026-10-08T03:49:24.472118+00:00,5-2-4/3-1,published,中部競輪,楽天Kドリームス 並び予想
4520231127030006,2023-11-29,豊橋競輪,F1,6,Ｓ級一般,13:07,13:02,5,https://keirin.kdreams.jp/toyohashi/racedetail/4520231127030006/?pageType=result,2026-10-08T03:49:26.184658+00:00,2-5/1/4-3,published,中部競輪,楽天Kドリームス 並び予想
4520231127030007,2023-11-29,豊橋競輪,F1,7,Ｓ級一般,13:38,13:33,6,https://keirin.kdreams.jp/toyohashi/racedetail/4520231127030007/?pageType=result,2026-10-08T03:49:27.894797+00:00,5-2/1/6-4-3,published,中部競輪,楽天Kドリームス 並び予想
4520231127030008,2023-11-29,豊橋競輪,F1,8,Ｓ級特選,14:10,14:05,7,https://keirin.kdreams.jp/toyohashi/racedetail/4520231127030008/?pageType=result,2026-10-08T03:49:29.859637+00:00,1-4-6/3-7/2-5,published,中部競輪,楽天Kドリームス 並び予想
4520231127030009,2023-11-29,豊橋競輪,F1,9,Ｓ級特選,14:42,14:37,7,https://keirin.kdreams.jp/toyohashi/racedetail/4520231127030009/?pageType=result,2026-10-08T03:49:31.863065+00:00,4-5-1/2/7-3/6,published,中部競輪,楽天Kドリームス 並び予想
4520231127030010,2023-11-29,豊橋競輪,F1,10,Ｓ級特選,15:14,15:09,7,https://keirin.kdreams.jp/toyohashi/racedetail/4520231127030010/?pageType=result,2026-10-08T03:49:33.826538+00:00,1-5/6-2/7-4-3,published,中部競輪,楽天Kドリームス 並び予想
4520231127030012,2023-11-29,豊橋競輪,F1,12,Ｓ級決勝,16:30,16:25,7,https://keirin.kdreams.jp/toyohashi/racedetail/4520231127030012/?pageType=result,2026-10-08T03:49:35.686030+00:00,1-7-3/6/2-4-5,published,中部競輪,楽天Kドリームス 並び予想
8320231129020006,2023-11-30,久留米競輪,F1,6,Ｓ級一般,17:55,17:50,7,https://keirin.kdreams.jp/kurume/racedetail/8320231129020006/?pageType=result,2026-10-08T03:50:30.054719+00:00,7-2-5/1-6/4-3,published,コンドル出版社,楽天Kドリームス 並び予想
8320231129020007,2023-11-30,久留米競輪,F1,7,Ｓ級一般,18:18,18:13,7,https://keirin.kdreams.jp/kurume/racedetail/8320231129020007/?pageType=result,2026-10-08T03:50:32.216334+00:00,7-2/5/1/4-3-6,published,コンドル出版社,楽天Kドリームス 並び予想
8320231129020008,2023-11-30,久留米競輪,F1,8,Ｓ級選抜,18:41,18:36,7,https://keirin.kdreams.jp/kurume/racedetail/8320231129020008/?pageType=result,2026-10-08T03:50:34.085888+00:00,1-6/5-2/3-7-4,published,コンドル出版社,楽天Kドリームス 並び予想
8320231129020009,2023-11-30,久留米競輪,F1,9,Ｓ級選抜,19:04,18:59,7,https://keirin.kdreams.jp/kurume/racedetail/8320231129020009/?pageType=result,2026-10-08T03:50:36.182290+00:00,2-6/7-1-5/4-3,published,コンドル出版社,楽天Kドリームス 並び予想
8320231129020010,2023-11-30,久留米競輪,F1,10,Ｓ級準決勝,19:29,19:24,7,https://keirin.kdreams.jp/kurume/racedetail/8320231129020010/?pageType=result,2026-10-08T03:50:38.079438+00:00,7-1/5-2/4/6-3,published,コンドル出版社,楽天Kドリームス 並び予想
8320231129020011,2023-11-30,久留米競輪,F1,11,Ｓ級準決勝,19:54,19:49,7,https://keirin.kdreams.jp/kurume/racedetail/8320231129020011/?pageType=result,2026-10-08T03:50:40.088668+00:00,5-1/7-2/4-3-6,published,コンドル出版社,楽天Kドリームス 並び予想
8320231129020012,2023-11-30,久留米競輪,F1,12,Ｓ級準決勝,20:20,20:15,7,https://keirin.kdreams.jp/kurume/racedetail/8320231129020012/?pageType=result,2026-10-08T03:50:42.214939+00:00,4-1/7-2-5/3-6,published,コンドル出版社,楽天Kドリームス 並び予想
5520231128030005,2023-11-30,和歌山競輪,F1,5,Ｓ級一般,12:25,12:20,6,https://keirin.kdreams.jp/wakayama/racedetail/5520231128030005/?pageType=result,2026-10-08T03:50:02.841851+00:00,4-2/6-1/3-5,published,競輪研究,楽天Kドリームス 並び予想
5520231128030006,2023-11-30,和歌山競輪,F1,6,Ｓ級一般,12:55,12:50,7,https://keirin.kdreams.jp/wakayama/racedetail/5520231128030006/?pageType=result,2026-10-08T03:50:04.846976+00:00,2-5/6-1/4-7-3,published,競輪研究,楽天Kドリームス 並び予想
5520231128030007,2023-11-30,和歌山競輪,F1,7,Ｓ級一般,13:25,13:20,7,https://keirin.kdreams.jp/wakayama/racedetail/5520231128030007/?pageType=result,2026-10-08T03:50:07.100172+00:00,5-1/2-4/3-7-6,published,競輪研究,楽天Kドリームス 並び予想
5520231128030008,2023-11-30,和歌山競輪,F1,8,Ｓ級特選,13:55,13:50,7,https://keirin.kdreams.jp/wakayama/racedetail/5520231128030008/?pageType=result,2026-10-08T03:50:09.029862+00:00,3-5/7-1/2-4-6,published,競輪研究,楽天Kドリームス 並び予想
5520231128030009,2023-11-30,和歌山競輪,F1,9,Ｓ級特選,14:25,14:20,7,https://keirin.kdreams.jp/wakayama/racedetail/5520231128030009/?pageType=result,2026-10-08T03:50:10.915856+00:00,1-5/7-2-6/4-3,published,競輪研究,楽天Kドリームス 並び予想
5520231128030010,2023-11-30,和歌山競輪,F1,10,Ｓ級特選,15:00,14:55,7,https://keirin.kdreams.jp/wakayama/racedetail/5520231128030010/?pageType=result,2026-10-08T03:50:12.880485+00:00,7-1/2-5/4-3/6,published,競輪研究,楽天Kドリームス 並び予想
5520231128030012,2023-11-30,和歌山競輪,F1,12,Ｓ級決勝,16:20,16:15,7,https://keirin.kdreams.jp/wakayama/racedetail/5520231128030012/?pageType=result,2026-10-08T03:50:14.902003+00:00,1-4-7/3-6-2-5,published,競輪研究,楽天Kドリームス 並び予想
8320231129030005,2023-12-01,久留米競輪,F1,5,Ｓ級一般,17:32,17:27,7,https://keirin.kdreams.jp/kurume/racedetail/8320231129030005/?pageType=result,2026-10-08T03:50:44.297163+00:00,1-7-4/3-5-2-6,published,コンドル出版社,楽天Kドリームス 並び予想
8320231129030006,2023-12-01,久留米競輪,F1,6,Ｓ級一般,17:55,17:50,7,https://keirin.kdreams.jp/kurume/racedetail/8320231129030006/?pageType=result,2026-10-08T03:50:46.236738+00:00,7-1/5-2/4/3-6,published,コンドル出版社,楽天Kドリームス 並び予想
8320231129030007,2023-12-01,久留米競輪,F1,7,Ｓ級一般,18:18,18:13,7,https://keirin.kdreams.jp/kurume/racedetail/8320231129030007/?pageType=result,2026-10-08T03:50:47.979760+00:00,4-1-6/3/2-7-5,published,コンドル出版社,楽天Kドリームス 並び予想
8320231129030008,2023-12-01,久留米競輪,F1,8,Ｓ級特選,18:41,18:36,7,https://keirin.kdreams.jp/kurume/racedetail/8320231129030008/?pageType=result,2026-10-08T03:50:50.010233+00:00,5/4-1/6-2/3-7,published,コンドル出版社,楽天Kドリームス 並び予想
8320231129030009,2023-12-01,久留米競輪,F1,9,Ｓ級特選,19:04,18:59,7,https://keirin.kdreams.jp/kurume/racedetail/8320231129030009/?pageType=result,2026-10-08T03:50:51.935881+00:00,6-1/2-4-7/3-5,published,コンドル出版社,楽天Kドリームス 並び予想
8320231129030010,2023-12-01,久留米競輪,F1,10,Ｓ級特選,19:32,19:27,7,https://keirin.kdreams.jp/kurume/racedetail/8320231129030010/?pageType=result,2026-10-08T03:50:53.817648+00:00,1-7/5-2/6-4-3,published,コンドル出版社,楽天Kドリームス 並び予想
8320231129030012,2023-12-01,久留米競輪,F1,12,Ｓ級決勝,20:35,20:30,7,https://keirin.kdreams.jp/kurume/racedetail/8320231129030012/?pageType=result,2026-10-08T03:50:55.763820+00:00,6-1-5/2-7/4-3,published,コンドル出版社,楽天Kドリームス 並び予想
4720231201010008,2023-12-01,松阪競輪,F1,8,Ｓ級予選,14:10,14:05,7,https://keirin.kdreams.jp/matsusaka/racedetail/4720231201010008/?pageType=result,2026-10-08T03:50:57.579535+00:00,1-5-7/2-6/3-4,published,中部競輪,楽天Kドリームス 並び予想
4720231201010009,2023-12-01,松阪競輪,F1,9,Ｓ級予選,14:42,14:37,7,https://keirin.kdreams.jp/matsusaka/racedetail/4720231201010009/?pageType=result,2026-10-08T03:50:59.375889+00:00,7-1-3-4/2-5/6,published,中部競輪,楽天Kドリームス 並び予想
4720231201010010,2023-12-01,松阪競輪,F1,10,Ｓ級予選,15:15,15:10,7,https://keirin.kdreams.jp/matsusaka/racedetail/4720231201010010/?pageType=result,2026-10-08T03:51:01.556030+00:00,1-7/5/4-2/3-6,published,中部競輪,楽天Kドリームス 並び予想
4720231201010011,2023-12-01,松阪競輪,F1,11,Ｓ級予選,15:50,15:45,7,https://keirin.kdreams.jp/matsusaka/racedetail/4720231201010011/?pageType=result,2026-10-08T03:51:03.766485+00:00,1-4-5/2-6/3-7,published,中部競輪,楽天Kドリームス 並び予想
4720231201010012,2023-12-01,松阪競輪,F1,12,Ｓ級初日特選,16:30,16:25,7,https://keirin.kdreams.jp/matsusaka/racedetail/4720231201010012/?pageType=result,2026-10-08T03:51:05.784816+00:00,1-6/2/5-3/7-4,published,中部競輪,楽天Kドリームス 並び予想
2520231202010008,2023-12-02,大宮競輪,F1,8,Ｓ級予選,13:49,13:44,7,https://keirin.kdreams.jp/omiya/racedetail/2520231202010008/?pageType=result,2026-10-08T03:53:01.402385+00:00,7-4-1/6/2-5-3,published,アオケイ,楽天Kドリームス 並び予想
2520231202010009,2023-12-02,大宮競輪,F1,9,Ｓ級予選,14:19,14:14,7,https://keirin.kdreams.jp/omiya/racedetail/2520231202010009/?pageType=result,2026-10-08T03:53:03.344850+00:00,1-4-5/7-2/6-3,published,アオケイ,楽天Kドリームス 並び予想
2520231202010010,2023-12-02,大宮競輪,F1,10,Ｓ級予選,14:51,14:46,7,https://keirin.kdreams.jp/omiya/racedetail/2520231202010010/?pageType=result,2026-10-08T03:53:05.157628+00:00,5-1-3/6/2-4-7,published,アオケイ,楽天Kドリームス 並び予想
2520231202010011,2023-12-02,大宮競輪,F1,11,Ｓ級予選,15:23,15:18,7,https://keirin.kdreams.jp/omiya/racedetail/2520231202010011/?pageType=result,2026-10-08T03:53:06.963121+00:00,1-4-7/5-2/6-3,published,アオケイ,楽天Kドリームス 並び予想
2520231202010012,2023-12-02,大宮競輪,F1,12,Ｓ級初日特選,16:00,15:55,7,https://keirin.kdreams.jp/omiya/racedetail/2520231202010012/?pageType=result,2026-10-08T03:53:08.824222+00:00,1/2-7/3-5/6-4,published,アオケイ,楽天Kドリームス 並び予想
4720231201020008,2023-12-02,松阪競輪,F1,8,Ｓ級一般,14:10,14:05,7,https://keirin.kdreams.jp/matsusaka/racedetail/4720231201020008/?pageType=result,2026-10-08T03:51:07.763868+00:00,4-1-7/2-6/3-5,published,中部競輪,楽天Kドリームス 並び予想
4720231201020009,2023-12-02,松阪競輪,F1,9,Ｓ級一般,14:42,14:37,7,https://keirin.kdreams.jp/matsusaka/racedetail/4720231201020009/?pageType=result,2026-10-08T03:51:09.774211+00:00,4-1-7/2/3-5-6,published,中部競輪,楽天Kドリームス 並び予想
4720231201020010,2023-12-02,松阪競輪,F1,10,Ｓ級準決勝,15:15,15:10,7,https://keirin.kdreams.jp/matsusaka/racedetail/4720231201020010/?pageType=result,2026-10-08T03:51:11.772463+00:00,5-1/6-2/3-7-4,published,中部競輪,楽天Kドリームス 並び予想
4720231201020011,2023-12-02,松阪競輪,F1,11,Ｓ級準決勝,15:50,15:45,7,https://keirin.kdreams.jp/matsusaka/racedetail/4720231201020011/?pageType=result,2026-10-08T03:51:13.792357+00:00,1-4-6/2-7/5-3,published,中部競輪,楽天Kドリームス 並び予想
4720231201020012,2023-12-02,松阪競輪,F1,12,Ｓ級準決勝,16:30,16:25,7,https://keirin.kdreams.jp/matsusaka/racedetail/4720231201020012/?pageType=result,2026-10-08T03:51:15.628649+00:00,5-1/4-2-7/6-3,published,中部競輪,楽天Kドリームス 並び予想
2520231202020008,2023-12-03,大宮競輪,F1,8,Ｓ級一般,13:49,13:44,7,https://keirin.kdreams.jp/omiya/racedetail/2520231202020008/?pageType=result,2026-10-08T03:53:10.556959+00:00,6-1/7-2/3-5-4,published,アオケイ,楽天Kドリームス 並び予想
2520231202020009,2023-12-03,大宮競輪,F1,9,Ｓ級一般,14:19,14:14,7,https://keirin.kdreams.jp/omiya/racedetail/2520231202020009/?pageType=result,2026-10-08T03:53:12.271810+00:00,1-4-7/3/5-2-6,published,アオケイ,楽天Kドリームス 並び予想
2520231202020010,2023-12-03,大宮競輪,F1,10,Ｓ級準決勝,14:51,14:46,7,https://keirin.kdreams.jp/omiya/racedetail/2520231202020010/?pageType=result,2026-10-08T03:53:14.652029+00:00,7-5-1/6-2/4-3,published,アオケイ,楽天Kドリームス 並び予想
2520231202020011,2023-12-03,大宮競輪,F1,11,Ｓ級準決勝,15:23,15:18,7,https://keirin.kdreams.jp/omiya/racedetail/2520231202020011/?pageType=result,2026-10-08T03:53:16.506582+00:00,7-2/4-1/5/6-3,published,アオケイ,楽天Kドリームス 並び予想
2520231202020012,2023-12-03,大宮競輪,F1,12,Ｓ級準決勝,16:00,15:55,7,https://keirin.kdreams.jp/omiya/racedetail/2520231202020012/?pageType=result,2026-10-08T03:53:17.737805+00:00,3-1-7/6/2-5-4,published,アオケイ,楽天Kドリームス 並び予想
4720231201030006,2023-12-03,松阪競輪,F1,6,Ｓ級一般,13:07,13:02,7,https://keirin.kdreams.jp/matsusaka/racedetail/4720231201030006/?pageType=result,2026-10-08T03:51:17.534122+00:00,3-1-5/2/4-6/7,published,中部競輪,楽天Kドリームス 並び予想
4720231201030007,2023-12-03,松阪競輪,F1,7,Ｓ級一般,13:39,13:34,7,https://keirin.kdreams.jp/matsusaka/racedetail/4720231201030007/?pageType=result,2026-10-08T03:51:19.463934+00:00,1-6/2-5-4/7-3,published,中部競輪,楽天Kドリームス 並び予想
4720231201030008,2023-12-03,松阪競輪,F1,8,Ｓ級特選,14:11,14:06,7,https://keirin.kdreams.jp/matsusaka/racedetail/4720231201030008/?pageType=result,2026-10-08T03:51:21.280117+00:00,1-5/7-2/6-4-3,published,中部競輪,楽天Kドリームス 並び予想
4720231201030009,2023-12-03,松阪競輪,F1,9,Ｓ級特選,14:44,14:39,7,https://keirin.kdreams.jp/matsusaka/racedetail/4720231201030009/?pageType=result,2026-10-08T03:51:23.164254+00:00,1-5/7-3/6-2-4,published,中部競輪,楽天Kドリームス 並び予想
4720231201030012,2023-12-03,松阪競輪,F1,12,Ｓ級決勝,16:33,16:28,7,https://keirin.kdreams.jp/matsusaka/racedetail/4720231201030012/?pageType=result,2026-10-08T03:51:25.077160+00:00,1-5-7/2/3-4-6,published,中部競輪,楽天Kドリームス 並び予想
2520231202030006,2023-12-04,大宮競輪,F1,6,Ｓ級一般,12:49,12:44,7,https://keirin.kdreams.jp/omiya/racedetail/2520231202030006/?pageType=result,2026-10-08T03:53:18.843398+00:00,1-7/2-6/3/5-4,published,アオケイ,楽天Kドリームス 並び予想
2520231202030007,2023-12-04,大宮競輪,F1,7,Ｓ級一般,13:19,13:14,7,https://keirin.kdreams.jp/omiya/racedetail/2520231202030007/?pageType=result,2026-10-08T03:53:20.038680+00:00,5-1/6-2/4-3-7,published,アオケイ,楽天Kドリームス 並び予想
2520231202030008,2023-12-04,大宮競輪,F1,8,Ｓ級特選,13:49,13:44,7,https://keirin.kdreams.jp/omiya/racedetail/2520231202030008/?pageType=result,2026-10-08T03:53:21.247907+00:00,5-1/2-7/6-3-4,published,アオケイ,楽天Kドリームス 並び予想
2520231202030009,2023-12-04,大宮競輪,F1,9,Ｓ級特選,14:19,14:14,7,https://keirin.kdreams.jp/omiya/racedetail/2520231202030009/?pageType=result,2026-10-08T03:53:22.464944+00:00,1-4/7-2/6-3-5,published,アオケイ,楽天Kドリームス 並び予想
2520231202030012,2023-12-04,大宮競輪,F1,12,Ｓ級決勝,16:00,15:55,7,https://keirin.kdreams.jp/omiya/racedetail/2520231202030012/?pageType=result,2026-10-08T03:53:23.665378+00:00,5-1/7-2/3-4-6,published,アオケイ,楽天Kドリームス 並び予想
6120231204010006,2023-12-04,玉野競輪,F1,6,Ｓ級予選,13:02,12:57,7,https://keirin.kdreams.jp/tamano/racedetail/6120231204010006/?pageType=result,2026-10-08T03:53:24.954334+00:00,1-5/2-7/4-3/6,published,競輪毎日,楽天Kドリームス 並び予想
6120231204010007,2023-12-04,玉野競輪,F1,7,Ｓ級予選,13:33,13:28,7,https://keirin.kdreams.jp/tamano/racedetail/6120231204010007/?pageType=result,2026-10-08T03:53:26.900084+00:00,7-1/3-6/4-5-2,published,競輪毎日,楽天Kドリームス 並び予想
6120231204010008,2023-12-04,玉野競輪,F1,8,Ｓ級予選,14:04,13:59,7,https://keirin.kdreams.jp/tamano/racedetail/6120231204010008/?pageType=result,2026-10-08T03:53:28.624830+00:00,5-1-4/2-6/3-7,published,競輪毎日,楽天Kドリームス 並び予想
6120231204010009,2023-12-04,玉野競輪,F1,9,Ｓ級予選,14:35,14:30,7,https://keirin.kdreams.jp/tamano/racedetail/6120231204010009/?pageType=result,2026-10-08T03:53:30.454645+00:00,1-5-3/7/4-2-6,published,競輪毎日,楽天Kドリームス 並び予想
6120231204010010,2023-12-04,玉野競輪,F1,10,Ｓ級予選,15:09,15:04,7,https://keirin.kdreams.jp/tamano/racedetail/6120231204010010/?pageType=result,2026-10-08T03:53:32.279814+00:00,1-6-4/7-2/5-3,published,競輪毎日,楽天Kドリームス 並び予想
6120231204010011,2023-12-04,玉野競輪,F1,11,Ｓ級予選,15:45,15:40,7,https://keirin.kdreams.jp/tamano/racedetail/6120231204010011/?pageType=result,2026-10-08T03:53:34.423366+00:00,2-7-4/5-1/6-3,published,競輪毎日,楽天Kドリームス 並び予想
6120231204010012,2023-12-04,玉野競輪,F1,12,Ｓ級初特選,16:25,16:20,7,https://keirin.kdreams.jp/tamano/racedetail/6120231204010012/?pageType=result,2026-10-08T03:53:36.291265+00:00,1-7/5-2/3-4-6,published,競輪毎日,楽天Kドリームス 並び予想
6120231204020006,2023-12-05,玉野競輪,F1,6,Ｓ級一般,13:02,12:57,7,https://keirin.kdreams.jp/tamano/racedetail/6120231204020006/?pageType=result,2026-10-08T03:53:38.144048+00:00,1-7-5/3/2-4-6,published,競輪毎日,楽天Kドリームス 並び予想
6120231204020007,2023-12-05,玉野競輪,F1,7,Ｓ級一般,13:33,13:28,7,https://keirin.kdreams.jp/tamano/racedetail/6120231204020007/?pageType=result,2026-10-08T03:53:39.993504+00:00,3-1-5/2/4-7/6,published,競輪毎日,楽天Kドリームス 並び予想
6120231204020008,2023-12-05,玉野競輪,F1,8,Ｓ級選抜,14:04,13:59,7,https://keirin.kdreams.jp/tamano/racedetail/6120231204020008/?pageType=result,2026-10-08T03:53:41.901778+00:00,1/2/3-5-7-6/4,published,競輪毎日,楽天Kドリームス 並び予想
6120231204020009,2023-12-05,玉野競輪,F1,9,Ｓ級選抜,14:35,14:30,7,https://keirin.kdreams.jp/tamano/racedetail/6120231204020009/?pageType=result,2026-10-08T03:53:44.231439+00:00,2-7/1/3-5-4/6,published,競輪毎日,楽天Kドリームス 並び予想
6120231204020010,2023-12-05,玉野競輪,F1,10,Ｓ級準決勝,15:09,15:04,7,https://keirin.kdreams.jp/tamano/racedetail/6120231204020010/?pageType=result,2026-10-08T03:53:46.288813+00:00,4-1/6-2/5-3-7,published,競輪毎日,楽天Kドリームス 並び予想
6120231204020011,2023-12-05,玉野競輪,F1,11,Ｓ級準決勝,15:45,15:40,7,https://keirin.kdreams.jp/tamano/racedetail/6120231204020011/?pageType=result,2026-10-08T03:53:48.709910+00:00,5-1/4-2/7-3-6,published,競輪毎日,楽天Kドリームス 並び予想
6120231204020012,2023-12-05,玉野競輪,F1,12,Ｓ級準決勝,16:25,16:20,7,https://keirin.kdreams.jp/tamano/racedetail/6120231204020012/?pageType=result,2026-10-08T03:53:50.804224+00:00,7-1/2-3-6/5-4,published,競輪毎日,楽天Kドリームス 並び予想
3420231206010006,2023-12-06,川崎競輪,F1,6,Ｓ級予選,17:45,17:40,7,https://keirin.kdreams.jp/kawasaki/racedetail/3420231206010006/?pageType=result,2026-10-08T03:54:06.052409+00:00,2-7/6-1/4-3-5,published,小田競・サイクル,楽天Kドリームス 並び予想
3420231206010007,2023-12-06,川崎競輪,F1,7,Ｓ級予選,18:10,18:05,7,https://keirin.kdreams.jp/kawasaki/racedetail/3420231206010007/?pageType=result,2026-10-08T03:54:07.956313+00:00,7-1-4/2-5/6-3,published,小田競・サイクル,楽天Kドリームス 並び予想
3420231206010008,2023-12-06,川崎競輪,F1,8,Ｓ級予選,18:35,18:30,7,https://keirin.kdreams.jp/kawasaki/racedetail/3420231206010008/?pageType=result,2026-10-08T03:54:09.875336+00:00,5-3-1/2-4-7/6,published,小田競・サイクル,楽天Kドリームス 並び予想
3420231206010009,2023-12-06,川崎競輪,F1,9,Ｓ級予選,19:00,18:55,7,https://keirin.kdreams.jp/kawasaki/racedetail/3420231206010009/?pageType=result,2026-10-08T03:54:11.943647+00:00,4-1/2-6/3-7-5,published,小田競・サイクル,楽天Kドリームス 並び予想
3420231206010010,2023-12-06,川崎競輪,F1,10,Ｓ級予選,19:27,19:22,7,https://keirin.kdreams.jp/kawasaki/racedetail/3420231206010010/?pageType=result,2026-10-08T03:54:14.095375+00:00,1-7-4/6-2/3-5,published,小田競・サイクル,楽天Kドリームス 並び予想
3420231206010011,2023-12-06,川崎競輪,F1,11,Ｓ級予選,19:55,19:50,7,https://keirin.kdreams.jp/kawasaki/racedetail/3420231206010011/?pageType=result,2026-10-08T03:54:16.088021+00:00,4-3-7/1-5/2-6,published,小田競・サイクル,楽天Kドリームス 並び予想
3420231206010012,2023-12-06,川崎競輪,F1,12,Ｓ級初特選,20:25,20:20,7,https://keirin.kdreams.jp/kawasaki/racedetail/3420231206010012/?pageType=result,2026-10-08T03:54:18.079454+00:00,5-6-3/7-1/4-2,published,小田競・サイクル,楽天Kドリームス 並び予想
6120231204030005,2023-12-06,玉野競輪,F1,5,Ｓ級一般,12:31,12:26,7,https://keirin.kdreams.jp/tamano/racedetail/6120231204030005/?pageType=result,2026-10-08T03:53:52.661542+00:00,7-3-4/1-6/2/5,published,競輪毎日,楽天Kドリームス 並び予想
6120231204030006,2023-12-06,玉野競輪,F1,6,Ｓ級一般,13:02,12:57,7,https://keirin.kdreams.jp/tamano/racedetail/6120231204030006/?pageType=result,2026-10-08T03:53:54.518220+00:00,5-1-6/2/7-3/4,published,競輪毎日,楽天Kドリームス 並び予想
6120231204030007,2023-12-06,玉野競輪,F1,7,Ｓ級一般,13:33,13:28,7,https://keirin.kdreams.jp/tamano/racedetail/6120231204030007/?pageType=result,2026-10-08T03:53:56.404536+00:00,1-7/2/5/6-4-3,published,競輪毎日,楽天Kドリームス 並び予想
6120231204030008,2023-12-06,玉野競輪,F1,8,Ｓ級特選,14:04,13:59,7,https://keirin.kdreams.jp/tamano/racedetail/6120231204030008/?pageType=result,2026-10-08T03:53:58.265989+00:00,1-7/5-2-4/3-6,published,競輪毎日,楽天Kドリームス 並び予想
6120231204030009,2023-12-06,玉野競輪,F1,9,Ｓ級特選,14:35,14:30,7,https://keirin.kdreams.jp/tamano/racedetail/6120231204030009/?pageType=result,2026-10-08T03:54:00.077586+00:00,4-1/2-6/7-5-3,published,競輪毎日,楽天Kドリームス 並び予想
6120231204030010,2023-12-06,玉野競輪,F1,10,Ｓ級特選,15:09,15:04,7,https://keirin.kdreams.jp/tamano/racedetail/6120231204030010/?pageType=result,2026-10-08T03:54:02.142139+00:00,1-5/3/2-6/4-7,published,競輪毎日,楽天Kドリームス 並び予想
6120231204030012,2023-12-06,玉野競輪,F1,12,Ｓ級決勝,16:25,16:20,7,https://keirin.kdreams.jp/tamano/racedetail/6120231204030012/?pageType=result,2026-10-08T03:54:04.064613+00:00,2-5-4/7-1/3-6,published,競輪毎日,楽天Kドリームス 並び予想
3420231206020006,2023-12-07,川崎競輪,F1,6,Ｓ級一般,17:45,17:40,7,https://keirin.kdreams.jp/kawasaki/racedetail/3420231206020006/?pageType=result,2026-10-08T03:54:19.908440+00:00,3-5-6/4-1/7-2,published,小田競・サイクル,楽天Kドリームス 並び予想
3420231206020007,2023-12-07,川崎競輪,F1,7,Ｓ級一般,18:10,18:05,7,https://keirin.kdreams.jp/kawasaki/racedetail/3420231206020007/?pageType=result,2026-10-08T03:54:21.733318+00:00,3-6/7-5-2/4-1,published,小田競・サイクル,楽天Kドリームス 並び予想
3420231206020008,2023-12-07,川崎競輪,F1,8,Ｓ級選抜,18:35,18:30,7,https://keirin.kdreams.jp/kawasaki/racedetail/3420231206020008/?pageType=result,2026-10-08T03:54:23.766747+00:00,3-6-1/5/2-4-7,published,小田競・サイクル,楽天Kドリームス 並び予想
3420231206020009,2023-12-07,川崎競輪,F1,9,Ｓ級選抜,19:00,18:55,7,https://keirin.kdreams.jp/kawasaki/racedetail/3420231206020009/?pageType=result,2026-10-08T03:54:25.892362+00:00,3-6-1/2-7-5/4,published,小田競・サイクル,楽天Kドリームス 並び予想
3420231206020010,2023-12-07,川崎競輪,F1,10,Ｓ級準決勝,19:27,19:22,7,https://keirin.kdreams.jp/kawasaki/racedetail/3420231206020010/?pageType=result,2026-10-08T03:54:28.020310+00:00,1-5-4/6-2/3-7,published,小田競・サイクル,楽天Kドリームス 並び予想
3420231206020011,2023-12-07,川崎競輪,F1,11,Ｓ級準決勝,19:55,19:50,7,https://keirin.kdreams.jp/kawasaki/racedetail/3420231206020011/?pageType=result,2026-10-08T03:54:29.707444+00:00,1-7/2-4-5/3-6,published,小田競・サイクル,楽天Kドリームス 並び予想
3420231206020012,2023-12-07,川崎競輪,F1,12,Ｓ級準決勝,20:25,20:20,7,https://keirin.kdreams.jp/kawasaki/racedetail/3420231206020012/?pageType=result,2026-10-08T03:54:31.638755+00:00,1-5-4/2-7/3-6,published,小田競・サイクル,楽天Kドリームス 並び予想
7420231207010006,2023-12-07,高知競輪,F1,6,Ｓ級予選,13:04,12:59,7,https://keirin.kdreams.jp/kochi/racedetail/7420231207010006/?pageType=result,2026-10-08T03:56:23.611562+00:00,1-6/5-2/4-3-7,published,福ちゃん出版社,楽天Kドリームス 並び予想
7420231207010007,2023-12-07,高知競輪,F1,7,Ｓ級予選,13:33,13:28,7,https://keirin.kdreams.jp/kochi/racedetail/7420231207010007/?pageType=result,2026-10-08T03:56:25.648072+00:00,2-7-4/5-3-1-6,published,福ちゃん出版社,楽天Kドリームス 並び予想
7420231207010008,2023-12-07,高知競輪,F1,8,Ｓ級予選,14:02,13:57,7,https://keirin.kdreams.jp/kochi/racedetail/7420231207010008/?pageType=result,2026-10-08T03:56:27.709467+00:00,1-5-6/2-7/4-3,published,福ちゃん出版社,楽天Kドリームス 並び予想
7420231207010009,2023-12-07,高知競輪,F1,9,Ｓ級予選,14:31,14:26,7,https://keirin.kdreams.jp/kochi/racedetail/7420231207010009/?pageType=result,2026-10-08T03:56:29.518097+00:00,4-1-6/2-5/7-3,published,福ちゃん出版社,楽天Kドリームス 並び予想
7420231207010010,2023-12-07,高知競輪,F1,10,Ｓ級予選,15:05,15:00,7,https://keirin.kdreams.jp/kochi/racedetail/7420231207010010/?pageType=result,2026-10-08T03:56:31.406979+00:00,7-1-4/5-2/3-6,published,福ちゃん出版社,楽天Kドリームス 並び予想
7420231207010011,2023-12-07,高知競輪,F1,11,Ｓ級予選,15:39,15:34,7,https://keirin.kdreams.jp/kochi/racedetail/7420231207010011/?pageType=result,2026-10-08T03:56:32.706862+00:00,7-1-5/2-6/4-3,published,福ちゃん出版社,楽天Kドリームス 並び予想
7420231207010012,2023-12-07,高知競輪,F1,12,Ｓ級初特選,16:15,16:10,7,https://keirin.kdreams.jp/kochi/racedetail/7420231207010012/?pageType=result,2026-10-08T03:56:34.929285+00:00,7-3/5-1-4/2-6,published,福ちゃん出版社,楽天Kドリームス 並び予想
3420231206030005,2023-12-08,川崎競輪,F1,5,Ｓ級一般,17:20,17:15,5,https://keirin.kdreams.jp/kawasaki/racedetail/3420231206030005/?pageType=result,2026-10-08T03:54:33.231700+00:00,1-5/4-3-2,published,小田競・サイクル,楽天Kドリームス 並び予想
3420231206030006,2023-12-08,川崎競輪,F1,6,Ｓ級一般,17:45,17:40,5,https://keirin.kdreams.jp/kawasaki/racedetail/3420231206030006/?pageType=result,2026-10-08T03:54:35.225309+00:00,1-5/4-3-2,published,小田競・サイクル,楽天Kドリームス 並び予想
3420231206030007,2023-12-08,川崎競輪,F1,7,Ｓ級一般,18:10,18:05,5,https://keirin.kdreams.jp/kawasaki/racedetail/3420231206030007/?pageType=result,2026-10-08T03:54:36.802915+00:00,5-1/4-3-2,published,小田競・サイクル,楽天Kドリームス 並び予想
3420231206030008,2023-12-08,川崎競輪,F1,8,Ｓ級特選,18:37,18:32,7,https://keirin.kdreams.jp/kawasaki/racedetail/3420231206030008/?pageType=result,2026-10-08T03:54:38.573366+00:00,4-2/5-7-1/6-3,published,小田競・サイクル,楽天Kドリームス 並び予想
3420231206030009,2023-12-08,川崎競輪,F1,9,Ｓ級特選,19:04,18:59,7,https://keirin.kdreams.jp/kawasaki/racedetail/3420231206030009/?pageType=result,2026-10-08T03:54:40.666504+00:00,7-4-1/5-3/6-2,published,小田競・サイクル,楽天Kドリームス 並び予想
3420231206030010,2023-12-08,川崎競輪,F1,10,Ｓ級特選,19:31,19:26,7,https://keirin.kdreams.jp/kawasaki/racedetail/3420231206030010/?pageType=result,2026-10-08T03:54:42.515260+00:00,1-7-6/2-5-4/3,published,小田競・サイクル,楽天Kドリームス 並び予想
3420231206030012,2023-12-08,川崎競輪,F1,12,Ｓ級決勝,20:35,20:30,7,https://keirin.kdreams.jp/kawasaki/racedetail/3420231206030012/?pageType=result,2026-10-08T03:54:44.340229+00:00,3-5/7-1/6-2-4,published,小田競・サイクル,楽天Kドリームス 並び予想
4720231208010008,2023-12-08,松阪競輪,F1,8,Ｓ級予選,18:42,18:37,7,https://keirin.kdreams.jp/matsusaka/racedetail/4720231208010008/?pageType=result,2026-10-08T03:57:03.401396+00:00,5-3-4/2-6/1-7,published,中部競輪,楽天Kドリームス 並び予想
4720231208010009,2023-12-08,松阪競輪,F1,9,Ｓ級予選,19:06,19:01,7,https://keirin.kdreams.jp/matsusaka/racedetail/4720231208010009/?pageType=result,2026-10-08T03:57:05.197974+00:00,5-1-6/4-2/3-7,published,中部競輪,楽天Kドリームス 並び予想
4720231208010010,2023-12-08,松阪競輪,F1,10,Ｓ級予選,19:32,19:27,7,https://keirin.kdreams.jp/matsusaka/racedetail/4720231208010010/?pageType=result,2026-10-08T03:57:07.233223+00:00,2-4-6/1/5-3/7,published,中部競輪,楽天Kドリームス 並び予想
4720231208010011,2023-12-08,松阪競輪,F1,11,Ｓ級予選,19:58,19:53,7,https://keirin.kdreams.jp/matsusaka/racedetail/4720231208010011/?pageType=result,2026-10-08T03:57:09.136874+00:00,5-7-1/4-2/3-6,published,中部競輪,楽天Kドリームス 並び予想
4720231208010012,2023-12-08,松阪競輪,F1,12,Ｓ級初日特選,20:26,20:21,7,https://keirin.kdreams.jp/matsusaka/racedetail/4720231208010012/?pageType=result,2026-10-08T03:57:11.042714+00:00,4-7-1/6-2/3-5,published,中部競輪,楽天Kドリームス 並び予想
7420231207020006,2023-12-08,高知競輪,F1,6,Ｓ級一般,13:04,12:59,7,https://keirin.kdreams.jp/kochi/racedetail/7420231207020006/?pageType=result,2026-10-08T03:56:36.867932+00:00,4-1/3-6/5-2/7,published,福ちゃん出版社,楽天Kドリームス 並び予想
7420231207020007,2023-12-08,高知競輪,F1,7,Ｓ級一般,13:33,13:28,7,https://keirin.kdreams.jp/kochi/racedetail/7420231207020007/?pageType=result,2026-10-08T03:56:38.878157+00:00,1-5/7-2/3-4-6,published,福ちゃん出版社,楽天Kドリームス 並び予想
7420231207020008,2023-12-08,高知競輪,F1,8,Ｓ級選抜,14:02,13:57,7,https://keirin.kdreams.jp/kochi/racedetail/7420231207020008/?pageType=result,2026-10-08T03:56:40.680051+00:00,1-4-7/2-5-3/6,published,福ちゃん出版社,楽天Kドリームス 並び予想
7420231207020009,2023-12-08,高知競輪,F1,9,Ｓ級選抜,14:31,14:26,7,https://keirin.kdreams.jp/kochi/racedetail/7420231207020009/?pageType=result,2026-10-08T03:56:42.538284+00:00,1-5/6-2/3-7-4,published,福ちゃん出版社,楽天Kドリームス 並び予想
7420231207020010,2023-12-08,高知競輪,F1,10,Ｓ級準決勝,15:05,15:00,7,https://keirin.kdreams.jp/kochi/racedetail/7420231207020010/?pageType=result,2026-10-08T03:56:44.340046+00:00,1-5/2-6/4-3/7,published,福ちゃん出版社,楽天Kドリームス 並び予想
7420231207020011,2023-12-08,高知競輪,F1,11,Ｓ級準決勝,15:39,15:34,7,https://keirin.kdreams.jp/kochi/racedetail/7420231207020011/?pageType=result,2026-10-08T03:56:46.426695+00:00,7-1/5-2/4/6-3,published,福ちゃん出版社,楽天Kドリームス 並び予想
7420231207020012,2023-12-08,高知競輪,F1,12,Ｓ級準決勝,16:15,16:10,7,https://keirin.kdreams.jp/kochi/racedetail/7420231207020012/?pageType=result,2026-10-08T03:56:48.358899+00:00,1-4-5/6-2/7-3,published,福ちゃん出版社,楽天Kドリームス 並び予想
4720231208020007,2023-12-09,松阪競輪,F1,7,Ｓ級一般,18:42,18:37,6,https://keirin.kdreams.jp/matsusaka/racedetail/4720231208020007/?pageType=result,2026-10-08T03:57:12.742416+00:00,1-6-3/4/5-2,published,中部競輪,楽天Kドリームス 並び予想
4720231208020008,2023-12-09,松阪競輪,F1,8,Ｓ級一般,19:06,19:01,7,https://keirin.kdreams.jp/matsusaka/racedetail/4720231208020008/?pageType=result,2026-10-08T03:57:14.606570+00:00,1-7/2-5-6/4-3,published,中部競輪,楽天Kドリームス 並び予想
4720231208020009,2023-12-09,松阪競輪,F1,9,Ｓ級準決勝,19:32,19:27,7,https://keirin.kdreams.jp/matsusaka/racedetail/4720231208020009/?pageType=result,2026-10-08T03:57:16.472086+00:00,4-1/2-6/7-3-5,published,中部競輪,楽天Kドリームス 並び予想
4720231208020010,2023-12-09,松阪競輪,F1,10,Ｓ級準決勝,19:58,19:53,7,https://keirin.kdreams.jp/matsusaka/racedetail/4720231208020010/?pageType=result,2026-10-08T03:57:18.354074+00:00,5-1/7-2/4/6-3,published,中部競輪,楽天Kドリームス 並び予想
4720231208020011,2023-12-09,松阪競輪,F1,11,Ｓ級準決勝,20:26,20:21,7,https://keirin.kdreams.jp/matsusaka/racedetail/4720231208020011/?pageType=result,2026-10-08T03:57:20.247122+00:00,1-4-6/7-2-5/3,published,中部競輪,楽天Kドリームス 並び予想
7420231207030005,2023-12-09,高知競輪,F1,5,Ｓ級一般,12:37,12:32,7,https://keirin.kdreams.jp/kochi/racedetail/7420231207030005/?pageType=result,2026-10-08T03:56:50.212676+00:00,2-7-4/6-1/5-3,published,福ちゃん出版社,楽天Kドリームス 並び予想
7420231207030006,2023-12-09,高知競輪,F1,6,Ｓ級一般,13:04,12:59,7,https://keirin.kdreams.jp/kochi/racedetail/7420231207030006/?pageType=result,2026-10-08T03:56:52.187900+00:00,1-7-5/3/2-4/6,published,福ちゃん出版社,楽天Kドリームス 並び予想
7420231207030007,2023-12-09,高知競輪,F1,7,Ｓ級一般,13:33,13:28,7,https://keirin.kdreams.jp/kochi/racedetail/7420231207030007/?pageType=result,2026-10-08T03:56:54.254729+00:00,5-1-6/2-4/7-3,published,福ちゃん出版社,楽天Kドリームス 並び予想
7420231207030008,2023-12-09,高知競輪,F1,8,Ｓ級特選,14:02,13:57,7,https://keirin.kdreams.jp/kochi/racedetail/7420231207030008/?pageType=result,2026-10-08T03:56:56.042963+00:00,1-7/6-2-5/3-4,published,福ちゃん出版社,楽天Kドリームス 並び予想
7420231207030009,2023-12-09,高知競輪,F1,9,Ｓ級特選,14:31,14:26,7,https://keirin.kdreams.jp/kochi/racedetail/7420231207030009/?pageType=result,2026-10-08T03:56:58.020714+00:00,7-2-5/1-4/6-3,published,福ちゃん出版社,楽天Kドリームス 並び予想
7420231207030010,2023-12-09,高知競輪,F1,10,Ｓ級特選,15:05,15:00,7,https://keirin.kdreams.jp/kochi/racedetail/7420231207030010/?pageType=result,2026-10-08T03:56:59.779257+00:00,1-5-7/6-2/3-4,published,福ちゃん出版社,楽天Kドリームス 並び予想
7420231207030012,2023-12-09,高知競輪,F1,12,Ｓ級決勝,16:15,16:10,7,https://keirin.kdreams.jp/kochi/racedetail/7420231207030012/?pageType=result,2026-10-08T03:57:01.732292+00:00,5-1/2/3-6-4-7,published,福ちゃん出版社,楽天Kドリームス 並び予想
4720231208030005,2023-12-10,松阪競輪,F1,5,Ｓ級一般,17:54,17:49,7,https://keirin.kdreams.jp/matsusaka/racedetail/4720231208030005/?pageType=result,2026-10-08T03:57:22.274774+00:00,5-2/1/4-6/7-3,published,中部競輪,楽天Kドリームス 並び予想
4720231208030006,2023-12-10,松阪競輪,F1,6,Ｓ級一般,18:18,18:13,7,https://keirin.kdreams.jp/matsusaka/racedetail/4720231208030006/?pageType=result,2026-10-08T03:57:24.091675+00:00,1-5-4/2-6/3-7,published,中部競輪,楽天Kドリームス 並び予想
4720231208030007,2023-12-10,松阪競輪,F1,7,Ｓ級特選,18:42,18:37,7,https://keirin.kdreams.jp/matsusaka/racedetail/4720231208030007/?pageType=result,2026-10-08T03:57:26.358771+00:00,5-1-7/6-2/4-3,published,中部競輪,楽天Kドリームス 並び予想
4720231208030008,2023-12-10,松阪競輪,F1,8,Ｓ級特選,19:06,19:01,7,https://keirin.kdreams.jp/matsusaka/racedetail/4720231208030008/?pageType=result,2026-10-08T03:57:28.138705+00:00,2-5/3-7/4/6-1,published,中部競輪,楽天Kドリームス 並び予想
4720231208030011,2023-12-10,松阪競輪,F1,11,Ｓ級決勝,20:30,20:25,7,https://keirin.kdreams.jp/matsusaka/racedetail/4720231208030011/?pageType=result,2026-10-08T03:57:30.198539+00:00,3-7/1-5/2/6-4,published,中部競輪,楽天Kドリームス 並び予想
8320231211010008,2023-12-11,久留米競輪,F1,8,Ｓ級予選,18:41,18:36,7,https://keirin.kdreams.jp/kurume/racedetail/8320231211010008/?pageType=result,2026-10-08T03:57:32.057715+00:00,1-5/6-2-4/3-7,published,コンドル出版社,楽天Kドリームス 並び予想
8320231211010009,2023-12-11,久留米競輪,F1,9,Ｓ級予選,19:04,18:59,7,https://keirin.kdreams.jp/kurume/racedetail/8320231211010009/?pageType=result,2026-10-08T03:57:33.941800+00:00,1-7/5-2-6/4-3,published,コンドル出版社,楽天Kドリームス 並び予想
8320231211010010,2023-12-11,久留米競輪,F1,10,Ｓ級予選,19:29,19:24,7,https://keirin.kdreams.jp/kurume/racedetail/8320231211010010/?pageType=result,2026-10-08T03:57:35.918084+00:00,7-3-4/5-1/2-6,published,コンドル出版社,楽天Kドリームス 並び予想
8320231211010011,2023-12-11,久留米競輪,F1,11,Ｓ級予選,19:54,19:49,7,https://keirin.kdreams.jp/kurume/racedetail/8320231211010011/?pageType=result,2026-10-08T03:57:38.462267+00:00,7-1/4-2-6/5-3,published,コンドル出版社,楽天Kドリームス 並び予想
8320231211010012,2023-12-11,久留米競輪,F1,12,Ｓ級初日特選,20:20,20:15,7,https://keirin.kdreams.jp/kurume/racedetail/8320231211010012/?pageType=result,2026-10-08T03:57:40.459422+00:00,1-7/5-2-6/3-4,published,コンドル出版社,楽天Kドリームス 並び予想
4420231211010008,2023-12-11,大垣競輪,F1,8,Ｓ級予選,14:12,14:07,7,https://keirin.kdreams.jp/ogaki/racedetail/4420231211010008/?pageType=result,2026-10-08T03:58:01.027903+00:00,1-5-4-6/2/7-3,published,ひかり,楽天Kドリームス 並び予想
4420231211010009,2023-12-11,大垣競輪,F1,9,Ｓ級予選,14:44,14:39,7,https://keirin.kdreams.jp/ogaki/racedetail/4420231211010009/?pageType=result,2026-10-08T03:58:02.871085+00:00,1-4-7/2-5/6-3,published,ひかり,楽天Kドリームス 並び予想
4420231211010010,2023-12-11,大垣競輪,F1,10,Ｓ級予選,15:18,15:13,7,https://keirin.kdreams.jp/ogaki/racedetail/4420231211010010/?pageType=result,2026-10-08T03:58:04.725748+00:00,4-2-7/5/3-6/1,published,ひかり,楽天Kドリームス 並び予想
4420231211010011,2023-12-11,大垣競輪,F1,11,Ｓ級予選,15:55,15:50,7,https://keirin.kdreams.jp/ogaki/racedetail/4420231211010011/?pageType=result,2026-10-08T03:58:07.124406+00:00,7-2-5/1-4-3-6,published,ひかり,楽天Kドリームス 並び予想
4420231211010012,2023-12-11,大垣競輪,F1,12,Ｓ級初日特選,16:35,16:30,7,https://keirin.kdreams.jp/ogaki/racedetail/4420231211010012/?pageType=result,2026-10-08T03:58:08.905213+00:00,5-1-6-3/7-2-4,published,ひかり,楽天Kドリームス 並び予想
6120231211010005,2023-12-11,玉野競輪,F1,5,Ｓ級予選,22:10,22:05,7,https://keirin.kdreams.jp/tamano/racedetail/6120231211010005/?pageType=result,2026-10-08T03:58:30.394932+00:00,5-1-6/4-3-2/7,published,競輪毎日,楽天Kドリームス 並び予想
6120231211010006,2023-12-11,玉野競輪,F1,6,Ｓ級予選,22:30,22:25,7,https://keirin.kdreams.jp/tamano/racedetail/6120231211010006/?pageType=result,2026-10-08T03:58:32.194694+00:00,1-2-5/4/7/6-3,published,競輪毎日,楽天Kドリームス 並び予想
6120231211010007,2023-12-11,玉野競輪,F1,7,Ｓ級予選,22:50,22:45,7,https://keirin.kdreams.jp/tamano/racedetail/6120231211010007/?pageType=result,2026-10-08T03:58:33.990181+00:00,3-1-4-2/6/7-5,published,競輪毎日,楽天Kドリームス 並び予想
6120231211010008,2023-12-11,玉野競輪,F1,8,Ｓ級予選,23:10,23:05,7,https://keirin.kdreams.jp/tamano/racedetail/6120231211010008/?pageType=result,2026-10-08T03:58:35.829651+00:00,1-2-4/7/3-5-6,published,競輪毎日,楽天Kドリームス 並び予想
6120231211010009,2023-12-11,玉野競輪,F1,9,Ｓ級初日特選,23:30,23:25,7,https://keirin.kdreams.jp/tamano/racedetail/6120231211010009/?pageType=result,2026-10-08T03:58:37.629739+00:00,2-6/3/5-1/7-4,published,競輪毎日,楽天Kドリームス 並び予想
8320231211020008,2023-12-12,久留米競輪,F1,8,Ｓ級一般,18:41,18:36,5,https://keirin.kdreams.jp/kurume/racedetail/8320231211020008/?pageType=result,2026-10-08T03:57:42.472360+00:00,1/5-2/4-3,published,コンドル出版社,楽天Kドリームス 並び予想
8320231211020009,2023-12-12,久留米競輪,F1,9,Ｓ級一般,19:04,18:59,6,https://keirin.kdreams.jp/kurume/racedetail/8320231211020009/?pageType=result,2026-10-08T03:57:44.393520+00:00,6-2/1-4/3-5,published,コンドル出版社,楽天Kドリームス 並び予想
8320231211020010,2023-12-12,久留米競輪,F1,10,Ｓ級準決勝,19:29,19:24,7,https://keirin.kdreams.jp/kurume/racedetail/8320231211020010/?pageType=result,2026-10-08T03:57:46.286230+00:00,7-1/2-5/4-3-6,published,コンドル出版社,楽天Kドリームス 並び予想
8320231211020011,2023-12-12,久留米競輪,F1,11,Ｓ級準決勝,19:54,19:49,7,https://keirin.kdreams.jp/kurume/racedetail/8320231211020011/?pageType=result,2026-10-08T03:57:48.093743+00:00,1-7/2-4-6/3-5,published,コンドル出版社,楽天Kドリームス 並び予想
8320231211020012,2023-12-12,久留米競輪,F1,12,Ｓ級準決勝,20:20,20:15,7,https://keirin.kdreams.jp/kurume/racedetail/8320231211020012/?pageType=result,2026-10-08T03:57:50.167829+00:00,1-5-7/2-4/3-6,published,コンドル出版社,楽天Kドリームス 並び予想
4420231211020008,2023-12-12,大垣競輪,F1,8,Ｓ級一般,14:12,14:07,7,https://keirin.kdreams.jp/ogaki/racedetail/4420231211020008/?pageType=result,2026-10-08T03:58:10.851426+00:00,1-7-4/5-2/3-6,published,ひかり,楽天Kドリームス 並び予想
4420231211020009,2023-12-12,大垣競輪,F1,9,Ｓ級一般,14:44,14:39,7,https://keirin.kdreams.jp/ogaki/racedetail/4420231211020009/?pageType=result,2026-10-08T03:58:12.848374+00:00,5-1-6/4-3/2-7,published,ひかり,楽天Kドリームス 並び予想
4420231211020010,2023-12-12,大垣競輪,F1,10,Ｓ級準決勝,15:18,15:13,7,https://keirin.kdreams.jp/ogaki/racedetail/4420231211020010/?pageType=result,2026-10-08T03:58:14.852141+00:00,1-7-4/5-2/3-6,published,ひかり,楽天Kドリームス 並び予想
4420231211020011,2023-12-12,大垣競輪,F1,11,Ｓ級準決勝,15:55,15:50,7,https://keirin.kdreams.jp/ogaki/racedetail/4420231211020011/?pageType=result,2026-10-08T03:58:16.544858+00:00,5-1/2-4-6/7-3,published,ひかり,楽天Kドリームス 並び予想
4420231211020012,2023-12-12,大垣競輪,F1,12,Ｓ級準決勝,16:35,16:30,7,https://keirin.kdreams.jp/ogaki/racedetail/4420231211020012/?pageType=result,2026-10-08T03:58:18.811365+00:00,1-7-5/6/2-3-4,published,ひかり,楽天Kドリームス 並び予想
6120231211020005,2023-12-12,玉野競輪,F1,5,Ｓ級一般,22:10,22:05,7,https://keirin.kdreams.jp/tamano/racedetail/6120231211020005/?pageType=result,2026-10-08T03:58:39.790035+00:00,6-1-2/5/7-3/4,published,競輪毎日,楽天Kドリームス 並び予想
6120231211020006,2023-12-12,玉野競輪,F1,6,Ｓ級一般,22:30,22:25,7,https://keirin.kdreams.jp/tamano/racedetail/6120231211020006/?pageType=result,2026-10-08T03:58:41.832943+00:00,1-5/4/2-3-6/7,published,競輪毎日,楽天Kドリームス 並び予想
6120231211020007,2023-12-12,玉野競輪,F1,7,Ｓ級準決勝,22:50,22:45,7,https://keirin.kdreams.jp/tamano/racedetail/6120231211020007/?pageType=result,2026-10-08T03:58:43.670233+00:00,5-1/2-6-7/3-4,published,競輪毎日,楽天Kドリームス 並び予想
6120231211020008,2023-12-12,玉野競輪,F1,8,Ｓ級準決勝,23:10,23:05,7,https://keirin.kdreams.jp/tamano/racedetail/6120231211020008/?pageType=result,2026-10-08T03:58:45.570703+00:00,2-4-5/6-1/3-7,published,競輪毎日,楽天Kドリームス 並び予想
6120231211020009,2023-12-12,玉野競輪,F1,9,Ｓ級準決勝,23:30,23:25,7,https://keirin.kdreams.jp/tamano/racedetail/6120231211020009/?pageType=result,2026-10-08T03:58:47.432483+00:00,1-4-3/6-2/7-5,published,競輪毎日,楽天Kドリームス 並び予想
8320231211030006,2023-12-13,久留米競輪,F1,6,Ｓ級一般,17:55,17:50,6,https://keirin.kdreams.jp/kurume/racedetail/8320231211030006/?pageType=result,2026-10-08T03:57:51.952655+00:00,6-1/2-5/3-4,published,コンドル出版社,楽天Kドリームス 並び予想
8320231211030007,2023-12-13,久留米競輪,F1,7,Ｓ級一般,18:18,18:13,6,https://keirin.kdreams.jp/kurume/racedetail/8320231211030007/?pageType=result,2026-10-08T03:57:53.580765+00:00,1-5/2-4/3/6,published,コンドル出版社,楽天Kドリームス 並び予想
8320231211030008,2023-12-13,久留米競輪,F1,8,Ｓ級特選,18:41,18:36,7,https://keirin.kdreams.jp/kurume/racedetail/8320231211030008/?pageType=result,2026-10-08T03:57:55.431830+00:00,7-1-3/5/2-4-6,published,コンドル出版社,楽天Kドリームス 並び予想
8320231211030009,2023-12-13,久留米競輪,F1,9,Ｓ級特選,19:04,18:59,7,https://keirin.kdreams.jp/kurume/racedetail/8320231211030009/?pageType=result,2026-10-08T03:57:57.333617+00:00,1-7/4-3/5-6-2,published,コンドル出版社,楽天Kドリームス 並び予想
8320231211030012,2023-12-13,久留米競輪,F1,12,Ｓ級決勝,20:35,20:30,7,https://keirin.kdreams.jp/kurume/racedetail/8320231211030012/?pageType=result,2026-10-08T03:57:59.204737+00:00,3-6-1/7-2/4-5,published,コンドル出版社,楽天Kドリームス 並び予想
4420231211030006,2023-12-13,大垣競輪,F1,6,Ｓ級一般,13:10,13:05,6,https://keirin.kdreams.jp/ogaki/racedetail/4420231211030006/?pageType=result,2026-10-08T03:58:20.672260+00:00,6-1-3/4/2-5,published,ひかり,楽天Kドリームス 並び予想
4420231211030007,2023-12-13,大垣競輪,F1,7,Ｓ級一般,13:40,13:35,6,https://keirin.kdreams.jp/ogaki/racedetail/4420231211030007/?pageType=result,2026-10-08T03:58:22.396445+00:00,5-1/3/6-2/4,published,ひかり,楽天Kドリームス 並び予想
4420231211030008,2023-12-13,大垣競輪,F1,8,Ｓ級特選,14:12,14:07,7,https://keirin.kdreams.jp/ogaki/racedetail/4420231211030008/?pageType=result,2026-10-08T03:58:24.736659+00:00,1-7-5/3/6-2-4,published,ひかり,楽天Kドリームス 並び予想
4420231211030009,2023-12-13,大垣競輪,F1,9,Ｓ級特選,14:44,14:39,7,https://keirin.kdreams.jp/ogaki/racedetail/4420231211030009/?pageType=result,2026-10-08T03:58:26.592605+00:00,2-7-5/1-6/3-4,published,ひかり,楽天Kドリームス 並び予想
4420231211030012,2023-12-13,大垣競輪,F1,12,Ｓ級決勝,16:35,16:30,7,https://keirin.kdreams.jp/ogaki/racedetail/4420231211030012/?pageType=result,2026-10-08T03:58:28.499704+00:00,5-1/2/6-7-3/4,published,ひかり,楽天Kドリームス 並び予想
3420231213010008,2023-12-13,川崎競輪,F1,8,Ｓ級予選,18:33,18:28,7,https://keirin.kdreams.jp/kawasaki/racedetail/3420231213010008/?pageType=result,2026-10-08T03:58:59.457211+00:00,7-1-6/5-2/4-3,published,小田競・サイクル,楽天Kドリームス 並び予想
3420231213010009,2023-12-13,川崎競輪,F1,9,Ｓ級予選,18:58,18:53,7,https://keirin.kdreams.jp/kawasaki/racedetail/3420231213010009/?pageType=result,2026-10-08T03:59:01.154323+00:00,1-4-2/6/7-5-3,published,小田競・サイクル,楽天Kドリームス 並び予想
3420231213010010,2023-12-13,川崎競輪,F1,10,Ｓ級予選,19:26,19:21,7,https://keirin.kdreams.jp/kawasaki/racedetail/3420231213010010/?pageType=result,2026-10-08T03:59:03.288638+00:00,4-2-6/1/3-5-7,published,小田競・サイクル,楽天Kドリームス 並び予想
3420231213010011,2023-12-13,川崎競輪,F1,11,Ｓ級予選,19:56,19:51,7,https://keirin.kdreams.jp/kawasaki/racedetail/3420231213010011/?pageType=result,2026-10-08T03:59:05.296663+00:00,1-4-5/2-6/7-3,published,小田競・サイクル,楽天Kドリームス 並び予想
3420231213010012,2023-12-13,川崎競輪,F1,12,Ｓ級初日特選,20:30,20:25,7,https://keirin.kdreams.jp/kawasaki/racedetail/3420231213010012/?pageType=result,2026-10-08T03:59:07.616055+00:00,6-3-1-4-7/2/5,published,小田競・サイクル,楽天Kドリームス 並び予想
6120231211030004,2023-12-13,玉野競輪,F1,4,Ｓ級一般,21:50,21:45,7,https://keirin.kdreams.jp/tamano/racedetail/6120231211030004/?pageType=result,2026-10-08T03:58:49.327098+00:00,2-1-5/4/6-7-3,published,競輪毎日,楽天Kドリームス 並び予想
6120231211030005,2023-12-13,玉野競輪,F1,5,Ｓ級一般,22:10,22:05,7,https://keirin.kdreams.jp/tamano/racedetail/6120231211030005/?pageType=result,2026-10-08T03:58:51.477893+00:00,1-2-3/4/6-5/7,published,競輪毎日,楽天Kドリームス 並び予想
6120231211030006,2023-12-13,玉野競輪,F1,6,Ｓ級特選,22:30,22:25,7,https://keirin.kdreams.jp/tamano/racedetail/6120231211030006/?pageType=result,2026-10-08T03:58:53.378407+00:00,1-3/2-7-4/5-6,published,競輪毎日,楽天Kドリームス 並び予想
6120231211030007,2023-12-13,玉野競輪,F1,7,Ｓ級特選,22:50,22:45,7,https://keirin.kdreams.jp/tamano/racedetail/6120231211030007/?pageType=result,2026-10-08T03:58:55.336428+00:00,2-1-5-7/3-4-6,published,競輪毎日,楽天Kドリームス 並び予想
6120231211030009,2023-12-13,玉野競輪,F1,9,Ｓ級決勝,23:30,23:25,7,https://keirin.kdreams.jp/tamano/racedetail/6120231211030009/?pageType=result,2026-10-08T03:58:57.514218+00:00,2-3-5/1-4/6-7,published,競輪毎日,楽天Kドリームス 並び予想
8620231214010005,2023-12-14,別府競輪,F1,5,Ｓ級予選,22:10,22:05,7,https://keirin.kdreams.jp/beppu/racedetail/8620231214010005/?pageType=result,2026-10-08T03:59:29.191113+00:00,2-3/1/4-6/7-5,published,ダービー,楽天Kドリームス 並び予想
8620231214010006,2023-12-14,別府競輪,F1,6,Ｓ級予選,22:30,22:25,7,https://keirin.kdreams.jp/beppu/racedetail/8620231214010006/?pageType=result,2026-10-08T03:59:31.089671+00:00,1-2/3-5-6/7-4,published,ダービー,楽天Kドリームス 並び予想
8620231214010007,2023-12-14,別府競輪,F1,7,Ｓ級予選,22:50,22:45,7,https://keirin.kdreams.jp/beppu/racedetail/8620231214010007/?pageType=result,2026-10-08T03:59:32.993900+00:00,1-2-7/5-3/4/6,published,ダービー,楽天Kドリームス 並び予想
8620231214010008,2023-12-14,別府競輪,F1,8,Ｓ級予選,23:10,23:05,7,https://keirin.kdreams.jp/beppu/racedetail/8620231214010008/?pageType=result,2026-10-08T03:59:34.889023+00:00,2-1-7/4-3/6-5,published,ダービー,楽天Kドリームス 並び予想
8620231214010009,2023-12-14,別府競輪,F1,9,Ｓ級初日特選,23:30,23:25,7,https://keirin.kdreams.jp/beppu/racedetail/8620231214010009/?pageType=result,2026-10-08T03:59:36.747701+00:00,2-1-7-5-4/3/6,published,ダービー,楽天Kドリームス 並び予想
5420231214010008,2023-12-14,向日町競輪,F1,8,Ｓ級予選,14:22,14:17,7,https://keirin.kdreams.jp/mukomachi/racedetail/5420231214010008/?pageType=result,2026-10-08T03:59:57.957711+00:00,1-7/6/4-2/5-3,published,競輪研究,楽天Kドリームス 並び予想
5420231214010009,2023-12-14,向日町競輪,F1,9,Ｓ級予選,14:53,14:48,7,https://keirin.kdreams.jp/mukomachi/racedetail/5420231214010009/?pageType=result,2026-10-08T04:00:00.037516+00:00,4-1-6/5/3-7-2,published,競輪研究,楽天Kドリームス 並び予想
5420231214010010,2023-12-14,向日町競輪,F1,10,Ｓ級予選,15:27,15:22,7,https://keirin.kdreams.jp/mukomachi/racedetail/5420231214010010/?pageType=result,2026-10-08T04:00:01.824599+00:00,7-1/5-3/2-4-6,published,競輪研究,楽天Kドリームス 並び予想
5420231214010011,2023-12-14,向日町競輪,F1,11,Ｓ級予選,16:02,15:57,7,https://keirin.kdreams.jp/mukomachi/racedetail/5420231214010011/?pageType=result,2026-10-08T04:00:03.766936+00:00,5-1-4/2-7/6-3,published,競輪研究,楽天Kドリームス 並び予想
5420231214010012,2023-12-14,向日町競輪,F1,12,Ｓ級初日特選,16:40,16:35,7,https://keirin.kdreams.jp/mukomachi/racedetail/5420231214010012/?pageType=result,2026-10-08T04:00:05.844693+00:00,4/5-3/6/1/7-2,published,競輪研究,楽天Kドリームス 並び予想
3420231213020008,2023-12-14,川崎競輪,F1,8,Ｓ級一般,18:29,18:24,7,https://keirin.kdreams.jp/kawasaki/racedetail/3420231213020008/?pageType=result,2026-10-08T03:59:09.563700+00:00,2-7-6/1/3-4-5,published,小田競・サイクル,楽天Kドリームス 並び予想
3420231213020009,2023-12-14,川崎競輪,F1,9,Ｓ級一般,18:57,18:52,7,https://keirin.kdreams.jp/kawasaki/racedetail/3420231213020009/?pageType=result,2026-10-08T03:59:11.611336+00:00,5-7-1/3/4-2-6,published,小田競・サイクル,楽天Kドリームス 並び予想
3420231213020010,2023-12-14,川崎競輪,F1,10,Ｓ級準決勝,19:27,19:22,7,https://keirin.kdreams.jp/kawasaki/racedetail/3420231213020010/?pageType=result,2026-10-08T03:59:13.701497+00:00,3-5-6-2/1-4-7,published,小田競・サイクル,楽天Kドリームス 並び予想
3420231213020011,2023-12-14,川崎競輪,F1,11,Ｓ級準決勝,19:57,19:52,7,https://keirin.kdreams.jp/kawasaki/racedetail/3420231213020011/?pageType=result,2026-10-08T03:59:15.597509+00:00,7-1-5/3/2-4-6,published,小田競・サイクル,楽天Kドリームス 並び予想
3420231213020012,2023-12-14,川崎競輪,F1,12,Ｓ級準決勝,20:30,20:25,7,https://keirin.kdreams.jp/kawasaki/racedetail/3420231213020012/?pageType=result,2026-10-08T03:59:17.913006+00:00,5-4-1-6/3/2-7,published,小田競・サイクル,楽天Kドリームス 並び予想
8620231214020005,2023-12-15,別府競輪,F1,5,Ｓ級一般,22:10,22:05,7,https://keirin.kdreams.jp/beppu/racedetail/8620231214020005/?pageType=result,2026-10-08T03:59:38.612160+00:00,1-3-5/4/7/6-2,published,ダービー,楽天Kドリームス 並び予想
8620231214020006,2023-12-15,別府競輪,F1,6,Ｓ級一般,22:30,22:25,7,https://keirin.kdreams.jp/beppu/racedetail/8620231214020006/?pageType=result,2026-10-08T03:59:40.448605+00:00,1-4/2-5/7-6-3,published,ダービー,楽天Kドリームス 並び予想
8620231214020007,2023-12-15,別府競輪,F1,7,Ｓ級準決勝,22:50,22:45,7,https://keirin.kdreams.jp/beppu/racedetail/8620231214020007/?pageType=result,2026-10-08T03:59:42.440573+00:00,6-1-7/2-5/3-4,published,ダービー,楽天Kドリームス 並び予想
8620231214020008,2023-12-15,別府競輪,F1,8,Ｓ級準決勝,23:10,23:05,7,https://keirin.kdreams.jp/beppu/racedetail/8620231214020008/?pageType=result,2026-10-08T03:59:44.492503+00:00,4-1/3-2-6/7-5,published,ダービー,楽天Kドリームス 並び予想
8620231214020009,2023-12-15,別府競輪,F1,9,Ｓ級準決勝,23:30,23:25,7,https://keirin.kdreams.jp/beppu/racedetail/8620231214020009/?pageType=result,2026-10-08T03:59:46.739509+00:00,1-2-4/5-3/6-7,published,ダービー,楽天Kドリームス 並び予想
5420231214020008,2023-12-15,向日町競輪,F1,8,Ｓ級一般,14:22,14:17,7,https://keirin.kdreams.jp/mukomachi/racedetail/5420231214020008/?pageType=result,2026-10-08T04:00:07.654078+00:00,1-7/2-5/4-3-6,published,競輪研究,楽天Kドリームス 並び予想
5420231214020009,2023-12-15,向日町競輪,F1,9,Ｓ級一般,14:53,14:48,7,https://keirin.kdreams.jp/mukomachi/racedetail/5420231214020009/?pageType=result,2026-10-08T04:00:09.482408+00:00,5-1/6-2-4/7-3,published,競輪研究,楽天Kドリームス 並び予想
5420231214020010,2023-12-15,向日町競輪,F1,10,Ｓ級準決勝,15:27,15:22,7,https://keirin.kdreams.jp/mukomachi/racedetail/5420231214020010/?pageType=result,2026-10-08T04:00:11.327348+00:00,1-7/2-5/3-4-6,published,競輪研究,楽天Kドリームス 並び予想
5420231214020011,2023-12-15,向日町競輪,F1,11,Ｓ級準決勝,16:02,15:57,7,https://keirin.kdreams.jp/mukomachi/racedetail/5420231214020011/?pageType=result,2026-10-08T04:00:13.171692+00:00,1-5/2-4-6/3-7,published,競輪研究,楽天Kドリームス 並び予想
5420231214020012,2023-12-15,向日町競輪,F1,12,Ｓ級準決勝,16:40,16:35,7,https://keirin.kdreams.jp/mukomachi/racedetail/5420231214020012/?pageType=result,2026-10-08T04:00:15.090776+00:00,1-5-7/2-6/3-4,published,競輪研究,楽天Kドリームス 並び予想
3420231213030006,2023-12-15,川崎競輪,F1,6,Ｓ級一般,17:35,17:30,7,https://keirin.kdreams.jp/kawasaki/racedetail/3420231213030006/?pageType=result,2026-10-08T03:59:19.779129+00:00,1-5-4/2/6-3/7,published,小田競・サイクル,楽天Kドリームス 並び予想
3420231213030007,2023-12-15,川崎競輪,F1,7,Ｓ級一般,18:01,17:56,7,https://keirin.kdreams.jp/kawasaki/racedetail/3420231213030007/?pageType=result,2026-10-08T03:59:21.518397+00:00,1/2-4-7/3-5-6,published,小田競・サイクル,楽天Kドリームス 並び予想
3420231213030008,2023-12-15,川崎競輪,F1,8,Ｓ級特選,18:29,18:24,7,https://keirin.kdreams.jp/kawasaki/racedetail/3420231213030008/?pageType=result,2026-10-08T03:59:23.542299+00:00,1-7-4/3/5-2-6,published,小田競・サイクル,楽天Kドリームス 並び予想
3420231213030009,2023-12-15,川崎競輪,F1,9,Ｓ級特選,18:57,18:52,7,https://keirin.kdreams.jp/kawasaki/racedetail/3420231213030009/?pageType=result,2026-10-08T03:59:25.384088+00:00,7-2-1/6/5-3-4,published,小田競・サイクル,楽天Kドリームス 並び予想
3420231213030012,2023-12-15,川崎競輪,F1,12,Ｓ級決勝,20:35,20:30,7,https://keirin.kdreams.jp/kawasaki/racedetail/3420231213030012/?pageType=result,2026-10-08T03:59:27.208753+00:00,4-1-7-3/2-5/6,published,小田競・サイクル,楽天Kドリームス 並び予想
8620231214030004,2023-12-16,別府競輪,F1,4,Ｓ級一般,21:50,21:45,7,https://keirin.kdreams.jp/beppu/racedetail/8620231214030004/?pageType=result,2026-10-08T03:59:48.582973+00:00,3-2/1/5-4/7-6,published,ダービー,楽天Kドリームス 並び予想
8620231214030005,2023-12-16,別府競輪,F1,5,Ｓ級一般,22:10,22:05,7,https://keirin.kdreams.jp/beppu/racedetail/8620231214030005/?pageType=result,2026-10-08T03:59:50.621747+00:00,1-5/2-3/4-6/7,published,ダービー,楽天Kドリームス 並び予想
8620231214030006,2023-12-16,別府競輪,F1,6,Ｓ級特選,22:30,22:25,7,https://keirin.kdreams.jp/beppu/racedetail/8620231214030006/?pageType=result,2026-10-08T03:59:52.443490+00:00,5-1/2-7/3-4-6,published,ダービー,楽天Kドリームス 並び予想
8620231214030007,2023-12-16,別府競輪,F1,7,Ｓ級特選,22:50,22:45,7,https://keirin.kdreams.jp/beppu/racedetail/8620231214030007/?pageType=result,2026-10-08T03:59:54.250861+00:00,7-1-3/2/6-4/5,published,ダービー,楽天Kドリームス 並び予想
8620231214030009,2023-12-16,別府競輪,F1,9,Ｓ級決勝,23:30,23:25,7,https://keirin.kdreams.jp/beppu/racedetail/8620231214030009/?pageType=result,2026-10-08T03:59:56.173945+00:00,1-7/6-2/4-3/5,published,ダービー,楽天Kドリームス 並び予想
5420231214030006,2023-12-16,向日町競輪,F1,6,Ｓ級一般,13:21,13:16,6,https://keirin.kdreams.jp/mukomachi/racedetail/5420231214030006/?pageType=result,2026-10-08T04:00:17.019503+00:00,4-1-5/2-6-3,published,競輪研究,楽天Kドリームス 並び予想
5420231214030007,2023-12-16,向日町競輪,F1,7,Ｓ級一般,13:51,13:46,7,https://keirin.kdreams.jp/mukomachi/racedetail/5420231214030007/?pageType=result,2026-10-08T04:00:18.827943+00:00,1-7/2-5-6/3-4,published,競輪研究,楽天Kドリームス 並び予想
5420231214030008,2023-12-16,向日町競輪,F1,8,Ｓ級特選,14:22,14:17,7,https://keirin.kdreams.jp/mukomachi/racedetail/5420231214030008/?pageType=result,2026-10-08T04:00:20.739810+00:00,5-1-6/2/4-3-7,published,競輪研究,楽天Kドリームス 並び予想
5420231214030009,2023-12-16,向日町競輪,F1,9,Ｓ級特選,14:53,14:48,7,https://keirin.kdreams.jp/mukomachi/racedetail/5420231214030009/?pageType=result,2026-10-08T04:00:22.619356+00:00,1-7-5/3-6/4-2,published,競輪研究,楽天Kドリームス 並び予想
5420231214030012,2023-12-16,向日町競輪,F1,12,Ｓ級決勝,16:40,16:35,7,https://keirin.kdreams.jp/mukomachi/racedetail/5420231214030012/?pageType=result,2026-10-08T04:00:24.515891+00:00,5-1-3/4/6-7-2,published,競輪研究,楽天Kドリームス 並び予想
7520231216010006,2023-12-16,松山競輪,F1,6,Ｓ級予選,17:45,17:40,7,https://keirin.kdreams.jp/matsuyama/racedetail/7520231216010006/?pageType=result,2026-10-08T04:02:01.840854+00:00,3-4/7-1/2-5/6,published,金星社,楽天Kドリームス 並び予想
7520231216010007,2023-12-16,松山競輪,F1,7,Ｓ級予選,18:10,18:05,7,https://keirin.kdreams.jp/matsuyama/racedetail/7520231216010007/?pageType=result,2026-10-08T04:02:03.966143+00:00,1-5-3/7/4-6-2,published,金星社,楽天Kドリームス 並び予想
7520231216010008,2023-12-16,松山競輪,F1,8,Ｓ級予選,18:35,18:30,7,https://keirin.kdreams.jp/matsuyama/racedetail/7520231216010008/?pageType=result,2026-10-08T04:02:05.790513+00:00,1-5-3/6/7-2-4,published,金星社,楽天Kドリームス 並び予想
7520231216010009,2023-12-16,松山競輪,F1,9,Ｓ級予選,19:00,18:55,7,https://keirin.kdreams.jp/matsuyama/racedetail/7520231216010009/?pageType=result,2026-10-08T04:02:07.607579+00:00,5-3-1/4/6-2-7,published,金星社,楽天Kドリームス 並び予想
7520231216010010,2023-12-16,松山競輪,F1,10,Ｓ級予選,19:25,19:20,7,https://keirin.kdreams.jp/matsuyama/racedetail/7520231216010010/?pageType=result,2026-10-08T04:02:09.408150+00:00,4-1/2-7/5/6-3,published,金星社,楽天Kドリームス 並び予想
7520231216010011,2023-12-16,松山競輪,F1,11,Ｓ級予選,19:55,19:50,7,https://keirin.kdreams.jp/matsuyama/racedetail/7520231216010011/?pageType=result,2026-10-08T04:02:11.477249+00:00,5/4-1-6/7-2-3,published,金星社,楽天Kドリームス 並び予想
7520231216010012,2023-12-16,松山競輪,F1,12,Ｓ級初特選,20:25,20:20,7,https://keirin.kdreams.jp/matsuyama/racedetail/7520231216010012/?pageType=result,2026-10-08T04:02:13.770299+00:00,1-7/3-2/5-4-6,published,金星社,楽天Kドリームス 並び予想
7520231216020006,2023-12-17,松山競輪,F1,6,Ｓ級一般,17:45,17:40,7,https://keirin.kdreams.jp/matsuyama/racedetail/7520231216020006/?pageType=result,2026-10-08T04:02:15.717603+00:00,3-7/1/5/2-6-4,published,金星社,楽天Kドリームス 並び予想
7520231216020007,2023-12-17,松山競輪,F1,7,Ｓ級一般,18:10,18:05,7,https://keirin.kdreams.jp/matsuyama/racedetail/7520231216020007/?pageType=result,2026-10-08T04:02:17.535395+00:00,1-7/2-5/4-3/6,published,金星社,楽天Kドリームス 並び予想
7520231216020008,2023-12-17,松山競輪,F1,8,Ｓ級選抜,18:35,18:30,7,https://keirin.kdreams.jp/matsuyama/racedetail/7520231216020008/?pageType=result,2026-10-08T04:02:19.548406+00:00,2-7/1/4/6-3-5,published,金星社,楽天Kドリームス 並び予想
7520231216020009,2023-12-17,松山競輪,F1,9,Ｓ級選抜,19:00,18:55,7,https://keirin.kdreams.jp/matsuyama/racedetail/7520231216020009/?pageType=result,2026-10-08T04:02:21.341519+00:00,3-7-1/4/2-5-6,published,金星社,楽天Kドリームス 並び予想
7520231216020010,2023-12-17,松山競輪,F1,10,Ｓ級準決勝,19:25,19:20,7,https://keirin.kdreams.jp/matsuyama/racedetail/7520231216020010/?pageType=result,2026-10-08T04:02:23.199030+00:00,1-5-7/6-2/4-3,published,金星社,楽天Kドリームス 並び予想
7520231216020011,2023-12-17,松山競輪,F1,11,Ｓ級準決勝,19:55,19:50,7,https://keirin.kdreams.jp/matsuyama/racedetail/7520231216020011/?pageType=result,2026-10-08T04:02:24.921718+00:00,1-4/6-2/5-3-7,published,金星社,楽天Kドリームス 並び予想
7520231216020012,2023-12-17,松山競輪,F1,12,Ｓ級準決勝,20:25,20:20,7,https://keirin.kdreams.jp/matsuyama/racedetail/7520231216020012/?pageType=result,2026-10-08T04:02:26.788938+00:00,5-1/2-7/3-4-6,published,金星社,楽天Kドリームス 並び予想
5320231218010006,2023-12-18,奈良競輪,F1,6,Ｓ級予選,17:50,17:45,6,https://keirin.kdreams.jp/nara/racedetail/5320231218010006/?pageType=result,2026-10-08T04:02:41.451152+00:00,4-3/1-5/6-2,published,競輪研究,楽天Kドリームス 並び予想
5320231218010007,2023-12-18,奈良競輪,F1,7,Ｓ級予選,18:15,18:10,7,https://keirin.kdreams.jp/nara/racedetail/5320231218010007/?pageType=result,2026-10-08T04:02:43.173628+00:00,3-7/2-6/4-5-1,published,競輪研究,楽天Kドリームス 並び予想
5320231218010008,2023-12-18,奈良競輪,F1,8,Ｓ級予選,18:40,18:35,7,https://keirin.kdreams.jp/nara/racedetail/5320231218010008/?pageType=result,2026-10-08T04:02:44.944881+00:00,1-4/6-2-7/5-3,published,競輪研究,楽天Kドリームス 並び予想
5320231218010009,2023-12-18,奈良競輪,F1,9,Ｓ級予選,19:05,19:00,7,https://keirin.kdreams.jp/nara/racedetail/5320231218010009/?pageType=result,2026-10-08T04:02:46.634476+00:00,7-2/1-4-6/3-5,published,競輪研究,楽天Kドリームス 並び予想
5320231218010010,2023-12-18,奈良競輪,F1,10,Ｓ級予選,19:30,19:25,7,https://keirin.kdreams.jp/nara/racedetail/5320231218010010/?pageType=result,2026-10-08T04:02:48.505088+00:00,4-1-5/2/7-3/6,published,競輪研究,楽天Kドリームス 並び予想
5320231218010011,2023-12-18,奈良競輪,F1,11,Ｓ級予選,19:55,19:50,7,https://keirin.kdreams.jp/nara/racedetail/5320231218010011/?pageType=result,2026-10-08T04:02:50.303200+00:00,1-4-5/6-2/7-3,published,競輪研究,楽天Kドリームス 並び予想
5320231218010012,2023-12-18,奈良競輪,F1,12,Ｓ級初特選,20:20,20:15,7,https://keirin.kdreams.jp/nara/racedetail/5320231218010012/?pageType=result,2026-10-08T04:02:52.322646+00:00,1-7-5/2/3-6/4,published,競輪研究,楽天Kドリームス 並び予想
7520231216030005,2023-12-18,松山競輪,F1,5,Ｓ級一般,17:30,17:25,6,https://keirin.kdreams.jp/matsuyama/racedetail/7520231216030005/?pageType=result,2026-10-08T04:02:28.677094+00:00,5-2/1/6-3-4,published,金星社,楽天Kドリームス 並び予想
7520231216030006,2023-12-18,松山競輪,F1,6,Ｓ級一般,17:55,17:50,7,https://keirin.kdreams.jp/matsuyama/racedetail/7520231216030006/?pageType=result,2026-10-08T04:02:30.551747+00:00,3-5/7-1/4-2-6,published,金星社,楽天Kドリームス 並び予想
7520231216030007,2023-12-18,松山競輪,F1,7,Ｓ級一般,18:20,18:15,7,https://keirin.kdreams.jp/matsuyama/racedetail/7520231216030007/?pageType=result,2026-10-08T04:02:32.415698+00:00,5-1-6/2-7/4-3,published,金星社,楽天Kドリームス 並び予想
7520231216030008,2023-12-18,松山競輪,F1,8,Ｓ級特選,18:45,18:40,7,https://keirin.kdreams.jp/matsuyama/racedetail/7520231216030008/?pageType=result,2026-10-08T04:02:34.226206+00:00,6-4-1/5-2/3-7,published,金星社,楽天Kドリームス 並び予想
7520231216030009,2023-12-18,松山競輪,F1,9,Ｓ級特選,19:10,19:05,7,https://keirin.kdreams.jp/matsuyama/racedetail/7520231216030009/?pageType=result,2026-10-08T04:02:35.994652+00:00,5-2/1-7-4/3-6,published,金星社,楽天Kドリームス 並び予想
7520231216030010,2023-12-18,松山競輪,F1,10,Ｓ級特選,19:35,19:30,7,https://keirin.kdreams.jp/matsuyama/racedetail/7520231216030010/?pageType=result,2026-10-08T04:02:37.781547+00:00,1-7/5-3/4-2-6,published,金星社,楽天Kドリームス 並び予想
7520231216030012,2023-12-18,松山競輪,F1,12,Ｓ級決勝,20:35,20:30,7,https://keirin.kdreams.jp/matsuyama/racedetail/7520231216030012/?pageType=result,2026-10-08T04:02:39.593761+00:00,5-1-4/2-6/3-7,published,金星社,楽天Kドリームス 並び予想
3820231218010006,2023-12-18,静岡競輪,F1,6,Ｓ級予選,13:07,13:02,7,https://keirin.kdreams.jp/shizuoka/racedetail/3820231218010006/?pageType=result,2026-10-08T04:03:20.387878+00:00,3-4-6/7-1/5-2,published,ひかり・小田競,楽天Kドリームス 並び予想
3820231218010007,2023-12-18,静岡競輪,F1,7,Ｓ級予選,13:37,13:32,7,https://keirin.kdreams.jp/shizuoka/racedetail/3820231218010007/?pageType=result,2026-10-08T04:03:22.272205+00:00,1-4/3-6/5-2-7,published,ひかり・小田競,楽天Kドリームス 並び予想
3820231218010008,2023-12-18,静岡競輪,F1,8,Ｓ級予選,14:11,14:06,7,https://keirin.kdreams.jp/shizuoka/racedetail/3820231218010008/?pageType=result,2026-10-08T04:03:24.172209+00:00,1-5-6/2-4/3-7,published,ひかり・小田競,楽天Kドリームス 並び予想
3820231218010009,2023-12-18,静岡競輪,F1,9,Ｓ級予選,14:45,14:40,7,https://keirin.kdreams.jp/shizuoka/racedetail/3820231218010009/?pageType=result,2026-10-08T04:03:25.972039+00:00,5-1-6/4-3/7-2,published,ひかり・小田競,楽天Kドリームス 並び予想
3820231218010010,2023-12-18,静岡競輪,F1,10,Ｓ級予選,15:19,15:14,7,https://keirin.kdreams.jp/shizuoka/racedetail/3820231218010010/?pageType=result,2026-10-08T04:03:27.932160+00:00,7-1/2-4/3-5-6,published,ひかり・小田競,楽天Kドリームス 並び予想
3820231218010011,2023-12-18,静岡競輪,F1,11,Ｓ級予選,15:53,15:48,7,https://keirin.kdreams.jp/shizuoka/racedetail/3820231218010011/?pageType=result,2026-10-08T04:03:29.745133+00:00,1-4/2-5-6/7-3,published,ひかり・小田競,楽天Kドリームス 並び予想
3820231218010012,2023-12-18,静岡競輪,F1,12,Ｓ級初特選,16:30,16:25,7,https://keirin.kdreams.jp/shizuoka/racedetail/3820231218010012/?pageType=result,2026-10-08T04:03:31.681697+00:00,1-7-5/2/4/3-6,published,ひかり・小田競,楽天Kドリームス 並び予想
5320231218020006,2023-12-19,奈良競輪,F1,6,Ｓ級一般,17:50,17:45,6,https://keirin.kdreams.jp/nara/racedetail/5320231218020006/?pageType=result,2026-10-08T04:02:54.029150+00:00,3-4-6/5-2/1,published,競輪研究,楽天Kドリームス 並び予想
5320231218020007,2023-12-19,奈良競輪,F1,7,Ｓ級一般,18:15,18:10,6,https://keirin.kdreams.jp/nara/racedetail/5320231218020007/?pageType=result,2026-10-08T04:02:55.415185+00:00,1-4/6-2/5-3,published,競輪研究,楽天Kドリームス 並び予想
5320231218020008,2023-12-19,奈良競輪,F1,8,Ｓ級選抜,18:40,18:35,7,https://keirin.kdreams.jp/nara/racedetail/5320231218020008/?pageType=result,2026-10-08T04:02:57.265126+00:00,1-4-5/6-3/2-7,published,競輪研究,楽天Kドリームス 並び予想
5320231218020009,2023-12-19,奈良競輪,F1,9,Ｓ級選抜,19:05,19:00,7,https://keirin.kdreams.jp/nara/racedetail/5320231218020009/?pageType=result,2026-10-08T04:02:59.162730+00:00,6-4-1/7-2/5-3,published,競輪研究,楽天Kドリームス 並び予想
5320231218020010,2023-12-19,奈良競輪,F1,10,Ｓ級準決勝,19:30,19:25,7,https://keirin.kdreams.jp/nara/racedetail/5320231218020010/?pageType=result,2026-10-08T04:03:01.076684+00:00,2-5-4/1-6/3-7,published,競輪研究,楽天Kドリームス 並び予想
5320231218020011,2023-12-19,奈良競輪,F1,11,Ｓ級準決勝,19:55,19:50,7,https://keirin.kdreams.jp/nara/racedetail/5320231218020011/?pageType=result,2026-10-08T04:03:03.244849+00:00,7-1/6-2/5-3-4,published,競輪研究,楽天Kドリームス 並び予想
5320231218020012,2023-12-19,奈良競輪,F1,12,Ｓ級準決勝,20:20,20:15,7,https://keirin.kdreams.jp/nara/racedetail/5320231218020012/?pageType=result,2026-10-08T04:03:04.594356+00:00,4-5-1/6-2/7-3,published,競輪研究,楽天Kドリームス 並び予想
3820231218020006,2023-12-19,静岡競輪,F1,6,Ｓ級一般,13:07,13:02,6,https://keirin.kdreams.jp/shizuoka/racedetail/3820231218020006/?pageType=result,2026-10-08T04:03:33.468675+00:00,1-6/3/5-2-4,published,ひかり・小田競,楽天Kドリームス 並び予想
3820231218020007,2023-12-19,静岡競輪,F1,7,Ｓ級一般,13:37,13:32,7,https://keirin.kdreams.jp/shizuoka/racedetail/3820231218020007/?pageType=result,2026-10-08T04:03:35.269220+00:00,4-1-7/5-2/3-6,published,ひかり・小田競,楽天Kドリームス 並び予想
3820231218020008,2023-12-19,静岡競輪,F1,8,Ｓ級選抜,14:11,14:06,7,https://keirin.kdreams.jp/shizuoka/racedetail/3820231218020008/?pageType=result,2026-10-08T04:03:37.145578+00:00,2-4/1-5/3-7/6,published,ひかり・小田競,楽天Kドリームス 並び予想
3820231218020009,2023-12-19,静岡競輪,F1,9,Ｓ級選抜,14:45,14:40,7,https://keirin.kdreams.jp/shizuoka/racedetail/3820231218020009/?pageType=result,2026-10-08T04:03:39.304950+00:00,1-5-6/2-7/4-3,published,ひかり・小田競,楽天Kドリームス 並び予想
3820231218020010,2023-12-19,静岡競輪,F1,10,Ｓ級準決勝,15:19,15:14,7,https://keirin.kdreams.jp/shizuoka/racedetail/3820231218020010/?pageType=result,2026-10-08T04:03:41.100195+00:00,5-3/1/4/7-2-6,published,ひかり・小田競,楽天Kドリームス 並び予想
3820231218020011,2023-12-19,静岡競輪,F1,11,Ｓ級準決勝,15:53,15:48,7,https://keirin.kdreams.jp/shizuoka/racedetail/3820231218020011/?pageType=result,2026-10-08T04:03:43.305638+00:00,6-2/1-7/3/4-5,published,ひかり・小田競,楽天Kドリームス 並び予想
3820231218020012,2023-12-19,静岡競輪,F1,12,Ｓ級準決勝,16:30,16:25,7,https://keirin.kdreams.jp/shizuoka/racedetail/3820231218020012/?pageType=result,2026-10-08T04:03:45.095094+00:00,4-1-7/5-2/6-3,published,ひかり・小田競,楽天Kドリームス 並び予想
5320231218030005,2023-12-20,奈良競輪,F1,5,Ｓ級一般,17:35,17:30,5,https://keirin.kdreams.jp/nara/racedetail/5320231218030005/?pageType=result,2026-10-08T04:03:06.555550+00:00,3-2-4/1-5,published,競輪研究,楽天Kドリームス 並び予想
5320231218030006,2023-12-20,奈良競輪,F1,6,Ｓ級一般,18:00,17:55,5,https://keirin.kdreams.jp/nara/racedetail/5320231218030006/?pageType=result,2026-10-08T04:03:08.354319+00:00,2-5-4/3-1,published,競輪研究,楽天Kドリームス 並び予想
5320231218030007,2023-12-20,奈良競輪,F1,7,Ｓ級一般,18:25,18:20,6,https://keirin.kdreams.jp/nara/racedetail/5320231218030007/?pageType=result,2026-10-08T04:03:10.566526+00:00,5-1-2/3-4/6,published,競輪研究,楽天Kドリームス 並び予想
5320231218030008,2023-12-20,奈良競輪,F1,8,Ｓ級特選,18:50,18:45,7,https://keirin.kdreams.jp/nara/racedetail/5320231218030008/?pageType=result,2026-10-08T04:03:12.622183+00:00,4-5-1/2-7/3-6,published,競輪研究,楽天Kドリームス 並び予想
5320231218030009,2023-12-20,奈良競輪,F1,9,Ｓ級特選,19:15,19:10,7,https://keirin.kdreams.jp/nara/racedetail/5320231218030009/?pageType=result,2026-10-08T04:03:14.472600+00:00,1-5-4/7-3-2/6,published,競輪研究,楽天Kドリームス 並び予想
5320231218030010,2023-12-20,奈良競輪,F1,10,Ｓ級特選,19:40,19:35,7,https://keirin.kdreams.jp/nara/racedetail/5320231218030010/?pageType=result,2026-10-08T04:03:16.394266+00:00,7-1/2-5-6/4-3,published,競輪研究,楽天Kドリームス 並び予想
5320231218030012,2023-12-20,奈良競輪,F1,12,Ｓ級決勝,20:30,20:25,7,https://keirin.kdreams.jp/nara/racedetail/5320231218030012/?pageType=result,2026-10-08T04:03:18.200675+00:00,3-2-1-5-6-7/4,published,競輪研究,楽天Kドリームス 並び予想
4720231220010006,2023-12-20,松阪競輪,F1,6,Ｓ級予選,12:58,12:53,6,https://keirin.kdreams.jp/matsusaka/racedetail/4720231220010006/?pageType=result,2026-10-08T04:04:00.580263+00:00,1-5/4-2/3-6,published,中部競輪,楽天Kドリームス 並び予想
4720231220010007,2023-12-20,松阪競輪,F1,7,Ｓ級予選,13:27,13:22,6,https://keirin.kdreams.jp/matsusaka/racedetail/4720231220010007/?pageType=result,2026-10-08T04:04:02.332609+00:00,4-1-6/5-3-2,published,中部競輪,楽天Kドリームス 並び予想
4720231220010008,2023-12-20,松阪競輪,F1,8,Ｓ級予選,13:57,13:52,6,https://keirin.kdreams.jp/matsusaka/racedetail/4720231220010008/?pageType=result,2026-10-08T04:04:04.369902+00:00,3-1-5/6-2-4,published,中部競輪,楽天Kドリームス 並び予想
4720231220010009,2023-12-20,松阪競輪,F1,9,Ｓ級予選,14:31,14:26,6,https://keirin.kdreams.jp/matsusaka/racedetail/4720231220010009/?pageType=result,2026-10-08T04:04:06.254071+00:00,2-6-3/1-4-5,published,中部競輪,楽天Kドリームス 並び予想
4720231220010010,2023-12-20,松阪競輪,F1,10,Ｓ級予選,15:05,15:00,7,https://keirin.kdreams.jp/matsusaka/racedetail/4720231220010010/?pageType=result,2026-10-08T04:04:08.162433+00:00,6-1/7-2-4/3-5,published,中部競輪,楽天Kドリームス 並び予想
4720231220010011,2023-12-20,松阪競輪,F1,11,Ｓ級予選,15:39,15:34,7,https://keirin.kdreams.jp/matsusaka/racedetail/4720231220010011/?pageType=result,2026-10-08T04:04:09.976419+00:00,1-4-7/6-2/5-3,published,中部競輪,楽天Kドリームス 並び予想
4720231220010012,2023-12-20,松阪競輪,F1,12,Ｓ級初特選,16:13,16:08,7,https://keirin.kdreams.jp/matsusaka/racedetail/4720231220010012/?pageType=result,2026-10-08T04:04:11.835845+00:00,4-7-1/6-2/5-3,published,中部競輪,楽天Kドリームス 並び予想
3820231218030005,2023-12-20,静岡競輪,F1,5,Ｓ級一般,12:38,12:33,6,https://keirin.kdreams.jp/shizuoka/racedetail/3820231218030005/?pageType=result,2026-10-08T04:03:46.964411+00:00,1-6/3-4/5-2,published,ひかり・小田競,楽天Kドリームス 並び予想
3820231218030006,2023-12-20,静岡競輪,F1,6,Ｓ級一般,13:07,13:02,7,https://keirin.kdreams.jp/shizuoka/racedetail/3820231218030006/?pageType=result,2026-10-08T04:03:48.978410+00:00,5-1/2-4-6/7-3,published,ひかり・小田競,楽天Kドリームス 並び予想
3820231218030007,2023-12-20,静岡競輪,F1,7,Ｓ級一般,13:37,13:32,7,https://keirin.kdreams.jp/shizuoka/racedetail/3820231218030007/?pageType=result,2026-10-08T04:03:50.794902+00:00,2-5/1-4-7/3-6,published,ひかり・小田競,楽天Kドリームス 並び予想
3820231218030008,2023-12-20,静岡競輪,F1,8,Ｓ級特選,14:11,14:06,7,https://keirin.kdreams.jp/shizuoka/racedetail/3820231218030008/?pageType=result,2026-10-08T04:03:52.844579+00:00,2-4/1/6/7-3-5,published,ひかり・小田競,楽天Kドリームス 並び予想
3820231218030009,2023-12-20,静岡競輪,F1,9,Ｓ級特選,14:45,14:40,7,https://keirin.kdreams.jp/shizuoka/racedetail/3820231218030009/?pageType=result,2026-10-08T04:03:54.773247+00:00,2-5/6-1/3-7-4,published,ひかり・小田競,楽天Kドリームス 並び予想
3820231218030010,2023-12-20,静岡競輪,F1,10,Ｓ級特選,15:19,15:14,7,https://keirin.kdreams.jp/shizuoka/racedetail/3820231218030010/?pageType=result,2026-10-08T04:03:56.803015+00:00,3-7/2-4-5/1-6,published,ひかり・小田競,楽天Kドリームス 並び予想
3820231218030012,2023-12-20,静岡競輪,F1,12,Ｓ級決勝,16:30,16:25,7,https://keirin.kdreams.jp/shizuoka/racedetail/3820231218030012/?pageType=result,2026-10-08T04:03:58.784846+00:00,1-6-4/3/5-2/7,published,ひかり・小田競,楽天Kドリームス 並び予想
8120231221010006,2023-12-21,小倉競輪,F1,6,Ｓ級予選,17:50,17:45,7,https://keirin.kdreams.jp/kokura/racedetail/8120231221010006/?pageType=result,2026-10-08T04:04:39.790641+00:00,4-1-7/3-5/2-6,published,コンドル出版社,楽天Kドリームス 並び予想
8120231221010007,2023-12-21,小倉競輪,F1,7,Ｓ級予選,18:15,18:10,7,https://keirin.kdreams.jp/kokura/racedetail/8120231221010007/?pageType=result,2026-10-08T04:04:41.580095+00:00,2-7/4-1-6/5-3,published,コンドル出版社,楽天Kドリームス 並び予想
8120231221010008,2023-12-21,小倉競輪,F1,8,Ｓ級予選,18:40,18:35,7,https://keirin.kdreams.jp/kokura/racedetail/8120231221010008/?pageType=result,2026-10-08T04:04:43.528711+00:00,5-7-3/6-1-4/2,published,コンドル出版社,楽天Kドリームス 並び予想
8120231221010009,2023-12-21,小倉競輪,F1,9,Ｓ級予選,19:05,19:00,7,https://keirin.kdreams.jp/kokura/racedetail/8120231221010009/?pageType=result,2026-10-08T04:04:45.374003+00:00,1-5/4-2-6/3-7,published,コンドル出版社,楽天Kドリームス 並び予想
8120231221010010,2023-12-21,小倉競輪,F1,10,Ｓ級予選,19:30,19:25,7,https://keirin.kdreams.jp/kokura/racedetail/8120231221010010/?pageType=result,2026-10-08T04:04:47.242891+00:00,5-7-1/4-2/3-6,published,コンドル出版社,楽天Kドリームス 並び予想
8120231221010011,2023-12-21,小倉競輪,F1,11,Ｓ級予選,19:55,19:50,7,https://keirin.kdreams.jp/kokura/racedetail/8120231221010011/?pageType=result,2026-10-08T04:04:49.416706+00:00,7-4-1/3/5/6-2,published,コンドル出版社,楽天Kドリームス 並び予想
8120231221010012,2023-12-21,小倉競輪,F1,12,Ｓ級初特選,20:20,20:15,7,https://keirin.kdreams.jp/kokura/racedetail/8120231221010012/?pageType=result,2026-10-08T04:04:51.575812+00:00,1-5-7/3/4-2/6,published,コンドル出版社,楽天Kドリームス 並び予想
4720231220020006,2023-12-21,松阪競輪,F1,6,Ｓ級一般,12:52,12:47,5,https://keirin.kdreams.jp/matsusaka/racedetail/4720231220020006/?pageType=result,2026-10-08T04:04:13.533315+00:00,1-5-3/2-4,published,中部競輪,楽天Kドリームス 並び予想
4720231220020007,2023-12-21,松阪競輪,F1,7,Ｓ級一般,13:21,13:16,5,https://keirin.kdreams.jp/matsusaka/racedetail/4720231220020007/?pageType=result,2026-10-08T04:04:15.130340+00:00,2-3-5/1/4,published,中部競輪,楽天Kドリームス 並び予想
4720231220020008,2023-12-21,松阪競輪,F1,8,Ｓ級選抜,13:53,13:48,7,https://keirin.kdreams.jp/matsusaka/racedetail/4720231220020008/?pageType=result,2026-10-08T04:04:17.074030+00:00,7-1/5-2/6-3-4,published,中部競輪,楽天Kドリームス 並び予想
4720231220020009,2023-12-21,松阪競輪,F1,9,Ｓ級選抜,14:25,14:20,7,https://keirin.kdreams.jp/matsusaka/racedetail/4720231220020009/?pageType=result,2026-10-08T04:04:18.869419+00:00,4-1-7/2/6/5-3,published,中部競輪,楽天Kドリームス 並び予想
4720231220020010,2023-12-21,松阪競輪,F1,10,Ｓ級準決勝,14:57,14:52,7,https://keirin.kdreams.jp/matsusaka/racedetail/4720231220020010/?pageType=result,2026-10-08T04:04:20.885079+00:00,1-3-7/5-4-2-6,published,中部競輪,楽天Kドリームス 並び予想
4720231220020011,2023-12-21,松阪競輪,F1,11,Ｓ級準決勝,15:32,15:27,7,https://keirin.kdreams.jp/matsusaka/racedetail/4720231220020011/?pageType=result,2026-10-08T04:04:22.630144+00:00,4-1-7/5-2-3/6,published,中部競輪,楽天Kドリームス 並び予想
4720231220020012,2023-12-21,松阪競輪,F1,12,Ｓ級準決勝,16:07,16:02,7,https://keirin.kdreams.jp/matsusaka/racedetail/4720231220020012/?pageType=result,2026-10-08T04:04:24.675293+00:00,1-5/7-2-6/4-3,published,中部競輪,楽天Kドリームス 並び予想
8120231221020006,2023-12-22,小倉競輪,F1,6,Ｓ級一般,17:50,17:45,7,https://keirin.kdreams.jp/kokura/racedetail/8120231221020006/?pageType=result,2026-10-08T04:04:53.410575+00:00,6-5-1/2-4/7-3,published,コンドル出版社,楽天Kドリームス 並び予想
8120231221020007,2023-12-22,小倉競輪,F1,7,Ｓ級一般,18:15,18:10,7,https://keirin.kdreams.jp/kokura/racedetail/8120231221020007/?pageType=result,2026-10-08T04:04:55.331758+00:00,1-4/7-2/3-5/6,published,コンドル出版社,楽天Kドリームス 並び予想
8120231221020008,2023-12-22,小倉競輪,F1,8,Ｓ級選抜,18:40,18:35,7,https://keirin.kdreams.jp/kokura/racedetail/8120231221020008/?pageType=result,2026-10-08T04:04:57.111455+00:00,1-3-7/2-4-5-6,published,コンドル出版社,楽天Kドリームス 並び予想
8120231221020009,2023-12-22,小倉競輪,F1,9,Ｓ級選抜,19:05,19:00,7,https://keirin.kdreams.jp/kokura/racedetail/8120231221020009/?pageType=result,2026-10-08T04:04:59.091163+00:00,6-1-4/5-2/7-3,published,コンドル出版社,楽天Kドリームス 並び予想
8120231221020010,2023-12-22,小倉競輪,F1,10,Ｓ級準決勝,19:30,19:25,7,https://keirin.kdreams.jp/kokura/racedetail/8120231221020010/?pageType=result,2026-10-08T04:05:00.918147+00:00,1-5/2-6/7-3/4,published,コンドル出版社,楽天Kドリームス 並び予想
8120231221020011,2023-12-22,小倉競輪,F1,11,Ｓ級準決勝,19:55,19:50,7,https://keirin.kdreams.jp/kokura/racedetail/8120231221020011/?pageType=result,2026-10-08T04:05:02.816898+00:00,1-4/7-2-5/6-3,published,コンドル出版社,楽天Kドリームス 並び予想
8120231221020012,2023-12-22,小倉競輪,F1,12,Ｓ級準決勝,20:20,20:15,7,https://keirin.kdreams.jp/kokura/racedetail/8120231221020012/?pageType=result,2026-10-08T04:05:04.754272+00:00,4-1-6/5-2/7-3,published,コンドル出版社,楽天Kドリームス 並び予想
4720231220030005,2023-12-22,松阪競輪,F1,5,Ｓ級一般,12:23,12:18,6,https://keirin.kdreams.jp/matsusaka/racedetail/4720231220030005/?pageType=result,2026-10-08T04:04:26.392445+00:00,1-5-3/4-2-6,published,中部競輪,楽天Kドリームス 並び予想
4720231220030006,2023-12-22,松阪競輪,F1,6,Ｓ級一般,12:52,12:47,6,https://keirin.kdreams.jp/matsusaka/racedetail/4720231220030006/?pageType=result,2026-10-08T04:04:28.320959+00:00,3-1-6/2-5-4,published,中部競輪,楽天Kドリームス 並び予想
4720231220030007,2023-12-22,松阪競輪,F1,7,Ｓ級一般,13:21,13:16,7,https://keirin.kdreams.jp/matsusaka/racedetail/4720231220030007/?pageType=result,2026-10-08T04:04:30.184459+00:00,1-6/2-5/7-4-3,published,中部競輪,楽天Kドリームス 並び予想
4720231220030008,2023-12-22,松阪競輪,F1,8,Ｓ級特選,13:53,13:48,7,https://keirin.kdreams.jp/matsusaka/racedetail/4720231220030008/?pageType=result,2026-10-08T04:04:32.462028+00:00,3-1-5/6/2-4-7,published,中部競輪,楽天Kドリームス 並び予想
4720231220030009,2023-12-22,松阪競輪,F1,9,Ｓ級特選,14:25,14:20,7,https://keirin.kdreams.jp/matsusaka/racedetail/4720231220030009/?pageType=result,2026-10-08T04:04:34.405974+00:00,1-4/2-7/5-3-6,published,中部競輪,楽天Kドリームス 並び予想
4720231220030010,2023-12-22,松阪競輪,F1,10,Ｓ級特選,14:57,14:52,7,https://keirin.kdreams.jp/matsusaka/racedetail/4720231220030010/?pageType=result,2026-10-08T04:04:36.106512+00:00,3-6/7-4-1/2/5,published,中部競輪,楽天Kドリームス 並び予想
4720231220030012,2023-12-22,松阪競輪,F1,12,Ｓ級決勝,16:07,16:02,7,https://keirin.kdreams.jp/matsusaka/racedetail/4720231220030012/?pageType=result,2026-10-08T04:04:37.892524+00:00,3-4-6/1-5/2/7,published,中部競輪,楽天Kドリームス 並び予想
8120231221030005,2023-12-23,小倉競輪,F1,5,Ｓ級一般,17:40,17:35,6,https://keirin.kdreams.jp/kokura/racedetail/8120231221030005/?pageType=result,2026-10-08T04:05:06.506984+00:00,1-5-3/4-2-6,published,コンドル出版社,楽天Kドリームス 並び予想
8120231221030006,2023-12-23,小倉競輪,F1,6,Ｓ級一般,18:05,18:00,7,https://keirin.kdreams.jp/kokura/racedetail/8120231221030006/?pageType=result,2026-10-08T04:05:08.717166+00:00,4-1-7/3-5/6-2,published,コンドル出版社,楽天Kドリームス 並び予想
8120231221030007,2023-12-23,小倉競輪,F1,7,Ｓ級一般,18:30,18:25,7,https://keirin.kdreams.jp/kokura/racedetail/8120231221030007/?pageType=result,2026-10-08T04:05:10.682642+00:00,4-3/2-7/6-5-1,published,コンドル出版社,楽天Kドリームス 並び予想
8120231221030008,2023-12-23,小倉競輪,F1,8,Ｓ級特選,18:55,18:50,7,https://keirin.kdreams.jp/kokura/racedetail/8120231221030008/?pageType=result,2026-10-08T04:05:12.586941+00:00,4-2-7/6-1/5-3,published,コンドル出版社,楽天Kドリームス 並び予想
8120231221030009,2023-12-23,小倉競輪,F1,9,Ｓ級特選,19:20,19:15,7,https://keirin.kdreams.jp/kokura/racedetail/8120231221030009/?pageType=result,2026-10-08T04:05:14.846514+00:00,2-4-7/5-1/3-6,published,コンドル出版社,楽天Kドリームス 並び予想
8120231221030010,2023-12-23,小倉競輪,F1,10,Ｓ級特選,19:45,19:40,7,https://keirin.kdreams.jp/kokura/racedetail/8120231221030010/?pageType=result,2026-10-08T04:05:16.744558+00:00,1-7/6-4-2/5-3,published,コンドル出版社,楽天Kドリームス 並び予想
8120231221030012,2023-12-23,小倉競輪,F1,12,Ｓ級決勝,20:35,20:30,7,https://keirin.kdreams.jp/kokura/racedetail/8120231221030012/?pageType=result,2026-10-08T04:05:18.840439+00:00,5-1-4-6/2/3-7,published,コンドル出版社,楽天Kドリームス 並び予想
2620231223010006,2023-12-23,西武園競輪,F1,6,Ｓ級予選,17:49,17:44,7,https://keirin.kdreams.jp/seibuen/racedetail/2620231223010006/?pageType=result,2026-10-08T04:06:55.530829+00:00,2-6/1-5/7-3-4,published,アオケイ,楽天Kドリームス 並び予想
2620231223010007,2023-12-23,西武園競輪,F1,7,Ｓ級予選,18:14,18:09,7,https://keirin.kdreams.jp/seibuen/racedetail/2620231223010007/?pageType=result,2026-10-08T04:06:57.455323+00:00,1-4/2-6/5-7-3,published,アオケイ,楽天Kドリームス 並び予想
2620231223010008,2023-12-23,西武園競輪,F1,8,Ｓ級予選,18:39,18:34,7,https://keirin.kdreams.jp/seibuen/racedetail/2620231223010008/?pageType=result,2026-10-08T04:06:59.330880+00:00,1-5/3/7-4-2/6,published,アオケイ,楽天Kドリームス 並び予想
2620231223010009,2023-12-23,西武園競輪,F1,9,Ｓ級予選,19:05,19:00,7,https://keirin.kdreams.jp/seibuen/racedetail/2620231223010009/?pageType=result,2026-10-08T04:07:01.478480+00:00,2-5-1/6/7-3-4,published,アオケイ,楽天Kドリームス 並び予想
2620231223010010,2023-12-23,西武園競輪,F1,10,Ｓ級予選,19:31,19:26,7,https://keirin.kdreams.jp/seibuen/racedetail/2620231223010010/?pageType=result,2026-10-08T04:07:03.258343+00:00,3-7-5-1/2-4/6,published,アオケイ,楽天Kドリームス 並び予想
2620231223010011,2023-12-23,西武園競輪,F1,11,Ｓ級予選,19:57,19:52,7,https://keirin.kdreams.jp/seibuen/racedetail/2620231223010011/?pageType=result,2026-10-08T04:07:05.124218+00:00,1-5-6/7-2/4-3,published,アオケイ,楽天Kドリームス 並び予想
2620231223010012,2023-12-23,西武園競輪,F1,12,Ｓ級初特選,20:23,20:18,7,https://keirin.kdreams.jp/seibuen/racedetail/2620231223010012/?pageType=result,2026-10-08T04:07:07.027025+00:00,6-1/2-7-4/3-5,published,アオケイ,楽天Kドリームス 並び予想
8320231224010006,2023-12-24,久留米競輪,F1,6,Ｓ級予選,13:11,13:06,7,https://keirin.kdreams.jp/kurume/racedetail/8320231224010006/?pageType=result,2026-10-08T04:07:36.208189+00:00,1-4/7-2/3-5/6,published,コンドル出版社,楽天Kドリームス 並び予想
8320231224010007,2023-12-24,久留米競輪,F1,7,Ｓ級予選,13:43,13:38,7,https://keirin.kdreams.jp/kurume/racedetail/8320231224010007/?pageType=result,2026-10-08T04:07:38.005414+00:00,4-1/6-2/3-7-5,published,コンドル出版社,楽天Kドリームス 並び予想
8320231224010008,2023-12-24,久留米競輪,F1,8,Ｓ級予選,14:17,14:12,7,https://keirin.kdreams.jp/kurume/racedetail/8320231224010008/?pageType=result,2026-10-08T04:07:39.771180+00:00,5-1-6/2-7/4-3,published,コンドル出版社,楽天Kドリームス 並び予想
8320231224010009,2023-12-24,久留米競輪,F1,9,Ｓ級予選,14:51,14:46,7,https://keirin.kdreams.jp/kurume/racedetail/8320231224010009/?pageType=result,2026-10-08T04:07:41.695681+00:00,1-4/7-2/3-5-6,published,コンドル出版社,楽天Kドリームス 並び予想
8320231224010010,2023-12-24,久留米競輪,F1,10,Ｓ級予選,15:25,15:20,7,https://keirin.kdreams.jp/kurume/racedetail/8320231224010010/?pageType=result,2026-10-08T04:07:43.701399+00:00,6-1/7-2-5/3-4,published,コンドル出版社,楽天Kドリームス 並び予想
8320231224010011,2023-12-24,久留米競輪,F1,11,Ｓ級予選,16:00,15:55,7,https://keirin.kdreams.jp/kurume/racedetail/8320231224010011/?pageType=result,2026-10-08T04:07:45.471214+00:00,5-1/4-2-7/6-3,published,コンドル出版社,楽天Kドリームス 並び予想
8320231224010012,2023-12-24,久留米競輪,F1,12,Ｓ級初特選,16:35,16:30,7,https://keirin.kdreams.jp/kurume/racedetail/8320231224010012/?pageType=result,2026-10-08T04:07:47.384362+00:00,2-6-3/1/7/5-4,published,コンドル出版社,楽天Kドリームス 並び予想
2620231223020006,2023-12-24,西武園競輪,F1,6,Ｓ級一般,17:49,17:44,7,https://keirin.kdreams.jp/seibuen/racedetail/2620231223020006/?pageType=result,2026-10-08T04:07:09.449937+00:00,4-1/3-5/6/7-2,published,アオケイ,楽天Kドリームス 並び予想
2620231223020007,2023-12-24,西武園競輪,F1,7,Ｓ級一般,18:14,18:09,7,https://keirin.kdreams.jp/seibuen/racedetail/2620231223020007/?pageType=result,2026-10-08T04:07:11.255740+00:00,5-1/2-4/6/3-7,published,アオケイ,楽天Kドリームス 並び予想
2620231223020008,2023-12-24,西武園競輪,F1,8,Ｓ級選抜,18:39,18:34,7,https://keirin.kdreams.jp/seibuen/racedetail/2620231223020008/?pageType=result,2026-10-08T04:07:13.119251+00:00,1-5-7-4/2-6/3,published,アオケイ,楽天Kドリームス 並び予想
2620231223020009,2023-12-24,西武園競輪,F1,9,Ｓ級選抜,19:05,19:00,7,https://keirin.kdreams.jp/seibuen/racedetail/2620231223020009/?pageType=result,2026-10-08T04:07:15.115732+00:00,1-7/2-4/5-6-3,published,アオケイ,楽天Kドリームス 並び予想
2620231223020010,2023-12-24,西武園競輪,F1,10,Ｓ級準決勝,19:31,19:26,7,https://keirin.kdreams.jp/seibuen/racedetail/2620231223020010/?pageType=result,2026-10-08T04:07:17.036772+00:00,5-1-4/3/6-2/7,published,アオケイ,楽天Kドリームス 並び予想
2620231223020011,2023-12-24,西武園競輪,F1,11,Ｓ級準決勝,19:57,19:52,7,https://keirin.kdreams.jp/seibuen/racedetail/2620231223020011/?pageType=result,2026-10-08T04:07:18.871555+00:00,5-4-1/2-7/6-3,published,アオケイ,楽天Kドリームス 並び予想
2620231223020012,2023-12-24,西武園競輪,F1,12,Ｓ級準決勝,20:23,20:18,7,https://keirin.kdreams.jp/seibuen/racedetail/2620231223020012/?pageType=result,2026-10-08T04:07:20.812543+00:00,7-1-4-5/2/6-3,published,アオケイ,楽天Kドリームス 並び予想
8320231224020006,2023-12-25,久留米競輪,F1,6,Ｓ級一般,13:11,13:06,7,https://keirin.kdreams.jp/kurume/racedetail/8320231224020006/?pageType=result,2026-10-08T04:07:49.111983+00:00,1-7/5-3/4-2-6,published,コンドル出版社,楽天Kドリームス 並び予想
8320231224020007,2023-12-25,久留米競輪,F1,7,Ｓ級一般,13:43,13:38,7,https://keirin.kdreams.jp/kurume/racedetail/8320231224020007/?pageType=result,2026-10-08T04:07:51.102350+00:00,4-1/5-2-7/6-3,published,コンドル出版社,楽天Kドリームス 並び予想
8320231224020008,2023-12-25,久留米競輪,F1,8,Ｓ級選抜,14:17,14:12,7,https://keirin.kdreams.jp/kurume/racedetail/8320231224020008/?pageType=result,2026-10-08T04:07:53.090861+00:00,1-5/6-2/4-3-7,published,コンドル出版社,楽天Kドリームス 並び予想
8320231224020009,2023-12-25,久留米競輪,F1,9,Ｓ級選抜,14:51,14:46,7,https://keirin.kdreams.jp/kurume/racedetail/8320231224020009/?pageType=result,2026-10-08T04:07:54.941756+00:00,1-6-2/4/5-3-7,published,コンドル出版社,楽天Kドリームス 並び予想
8320231224020010,2023-12-25,久留米競輪,F1,10,Ｓ級準決勝,15:25,15:20,7,https://keirin.kdreams.jp/kurume/racedetail/8320231224020010/?pageType=result,2026-10-08T04:07:56.711539+00:00,3-4/7-1/5-2-6,published,コンドル出版社,楽天Kドリームス 並び予想
8320231224020011,2023-12-25,久留米競輪,F1,11,Ｓ級準決勝,16:00,15:55,7,https://keirin.kdreams.jp/kurume/racedetail/8320231224020011/?pageType=result,2026-10-08T04:07:58.423160+00:00,6-1/4/5-2/3-7,published,コンドル出版社,楽天Kドリームス 並び予想
8320231224020012,2023-12-25,久留米競輪,F1,12,Ｓ級準決勝,16:35,16:30,7,https://keirin.kdreams.jp/kurume/racedetail/8320231224020012/?pageType=result,2026-10-08T04:08:00.480295+00:00,2-5/7-1-4/6-3,published,コンドル出版社,楽天Kドリームス 並び予想
7320231225010006,2023-12-25,小松島競輪,F1,6,Ｓ級予選,13:07,13:02,7,https://keirin.kdreams.jp/komatsushima/racedetail/7320231225010006/?pageType=result,2026-10-08T04:08:15.446340+00:00,7-1-2-4/5-3-6,published,競輪毎日,楽天Kドリームス 並び予想
7320231225010007,2023-12-25,小松島競輪,F1,7,Ｓ級予選,13:38,13:33,7,https://keirin.kdreams.jp/komatsushima/racedetail/7320231225010007/?pageType=result,2026-10-08T04:08:17.242962+00:00,4-1/5-3-7/6-2,published,競輪毎日,楽天Kドリームス 並び予想
7320231225010008,2023-12-25,小松島競輪,F1,8,Ｓ級予選,14:10,14:05,7,https://keirin.kdreams.jp/komatsushima/racedetail/7320231225010008/?pageType=result,2026-10-08T04:08:19.038130+00:00,1-5-6/4-2/7-3,published,競輪毎日,楽天Kドリームス 並び予想
7320231225010009,2023-12-25,小松島競輪,F1,9,Ｓ級予選,14:42,14:37,7,https://keirin.kdreams.jp/komatsushima/racedetail/7320231225010009/?pageType=result,2026-10-08T04:08:20.787117+00:00,3-5/4-7-1/6-2,published,競輪毎日,楽天Kドリームス 並び予想
7320231225010010,2023-12-25,小松島競輪,F1,10,Ｓ級予選,15:14,15:09,7,https://keirin.kdreams.jp/komatsushima/racedetail/7320231225010010/?pageType=result,2026-10-08T04:08:22.725747+00:00,2-4-1/7-3-5/6,published,競輪毎日,楽天Kドリームス 並び予想
7320231225010011,2023-12-25,小松島競輪,F1,11,Ｓ級予選,15:50,15:45,7,https://keirin.kdreams.jp/komatsushima/racedetail/7320231225010011/?pageType=result,2026-10-08T04:08:24.519274+00:00,1-5-7/3-6/4-2,published,競輪毎日,楽天Kドリームス 並び予想
7320231225010012,2023-12-25,小松島競輪,F1,12,Ｓ級初特選,16:30,16:25,7,https://keirin.kdreams.jp/komatsushima/racedetail/7320231225010012/?pageType=result,2026-10-08T04:08:26.320008+00:00,1-7/3-5/6-2-4,published,競輪毎日,楽天Kドリームス 並び予想
2620231223030005,2023-12-25,西武園競輪,F1,5,Ｓ級一般,17:24,17:19,7,https://keirin.kdreams.jp/seibuen/racedetail/2620231223030005/?pageType=result,2026-10-08T04:07:22.622530+00:00,4-1-3/5-2-7/6,published,アオケイ,楽天Kドリームス 並び予想
2620231223030006,2023-12-25,西武園競輪,F1,6,Ｓ級一般,17:49,17:44,7,https://keirin.kdreams.jp/seibuen/racedetail/2620231223030006/?pageType=result,2026-10-08T04:07:24.456197+00:00,2-4/1-5/7-3/6,published,アオケイ,楽天Kドリームス 並び予想
2620231223030007,2023-12-25,西武園競輪,F1,7,Ｓ級一般,18:14,18:09,7,https://keirin.kdreams.jp/seibuen/racedetail/2620231223030007/?pageType=result,2026-10-08T04:07:26.712533+00:00,1-7-4/5-2/3-6,published,アオケイ,楽天Kドリームス 並び予想
2620231223030008,2023-12-25,西武園競輪,F1,8,Ｓ級特選,18:39,18:34,7,https://keirin.kdreams.jp/seibuen/racedetail/2620231223030008/?pageType=result,2026-10-08T04:07:28.729369+00:00,6-2/1/5-3/7-4,published,アオケイ,楽天Kドリームス 並び予想
2620231223030009,2023-12-25,西武園競輪,F1,9,Ｓ級特選,19:05,19:00,7,https://keirin.kdreams.jp/seibuen/racedetail/2620231223030009/?pageType=result,2026-10-08T04:07:30.573995+00:00,7-5-1/4-2-6/3,published,アオケイ,楽天Kドリームス 並び予想
2620231223030010,2023-12-25,西武園競輪,F1,10,Ｓ級特選,19:31,19:26,7,https://keirin.kdreams.jp/seibuen/racedetail/2620231223030010/?pageType=result,2026-10-08T04:07:32.521921+00:00,5-1/2-6/4-7-3,published,アオケイ,楽天Kドリームス 並び予想
2620231223030012,2023-12-25,西武園競輪,F1,12,Ｓ級決勝,20:23,20:18,7,https://keirin.kdreams.jp/seibuen/racedetail/2620231223030012/?pageType=result,2026-10-08T04:07:34.356723+00:00,6-1/3-5-7/4-2,published,アオケイ,楽天Kドリームス 並び予想
8320231224030005,2023-12-26,久留米競輪,F1,5,Ｓ級一般,12:41,12:36,6,https://keirin.kdreams.jp/kurume/racedetail/8320231224030005/?pageType=result,2026-10-08T04:08:02.196389+00:00,1-4/6/2-5-3,published,コンドル出版社,楽天Kドリームス 並び予想
8320231224030006,2023-12-26,久留米競輪,F1,6,Ｓ級一般,13:11,13:06,6,https://keirin.kdreams.jp/kurume/racedetail/8320231224030006/?pageType=result,2026-10-08T04:08:04.116353+00:00,1-3/5/2-4-6,published,コンドル出版社,楽天Kドリームス 並び予想
8320231224030007,2023-12-26,久留米競輪,F1,7,Ｓ級一般,13:43,13:38,7,https://keirin.kdreams.jp/kurume/racedetail/8320231224030007/?pageType=result,2026-10-08T04:08:06.000180+00:00,6-1/2-5/4-3-7,published,コンドル出版社,楽天Kドリームス 並び予想
8320231224030008,2023-12-26,久留米競輪,F1,8,Ｓ級特選,14:17,14:12,7,https://keirin.kdreams.jp/kurume/racedetail/8320231224030008/?pageType=result,2026-10-08T04:08:07.855096+00:00,2-5/1/7-4/3-6,published,コンドル出版社,楽天Kドリームス 並び予想
8320231224030009,2023-12-26,久留米競輪,F1,9,Ｓ級特選,14:51,14:46,7,https://keirin.kdreams.jp/kurume/racedetail/8320231224030009/?pageType=result,2026-10-08T04:08:09.630402+00:00,1-5/2-6/3-7-4,published,コンドル出版社,楽天Kドリームス 並び予想
8320231224030010,2023-12-26,久留米競輪,F1,10,Ｓ級特選,15:25,15:20,7,https://keirin.kdreams.jp/kurume/racedetail/8320231224030010/?pageType=result,2026-10-08T04:08:11.494393+00:00,1-4-6/7-2/5-3,published,コンドル出版社,楽天Kドリームス 並び予想
8320231224030012,2023-12-26,久留米競輪,F1,12,Ｓ級決勝,16:35,16:30,7,https://keirin.kdreams.jp/kurume/racedetail/8320231224030012/?pageType=result,2026-10-08T04:08:13.384633+00:00,3-6/1-5/2-4-7,published,コンドル出版社,楽天Kドリームス 並び予想
7320231225020006,2023-12-26,小松島競輪,F1,6,Ｓ級一般,13:07,13:02,7,https://keirin.kdreams.jp/komatsushima/racedetail/7320231225020006/?pageType=result,2026-10-08T04:08:28.349863+00:00,2-7/1/3-6/4-5,published,競輪毎日,楽天Kドリームス 並び予想
7320231225020007,2023-12-26,小松島競輪,F1,7,Ｓ級一般,13:38,13:33,7,https://keirin.kdreams.jp/komatsushima/racedetail/7320231225020007/?pageType=result,2026-10-08T04:08:30.268694+00:00,1-6/2-4-7/3-5,published,競輪毎日,楽天Kドリームス 並び予想
7320231225020008,2023-12-26,小松島競輪,F1,8,Ｓ級選抜,14:10,14:05,7,https://keirin.kdreams.jp/komatsushima/racedetail/7320231225020008/?pageType=result,2026-10-08T04:08:32.195723+00:00,1-2/4-7-6/3/5,published,競輪毎日,楽天Kドリームス 並び予想
7320231225020009,2023-12-26,小松島競輪,F1,9,Ｓ級選抜,14:42,14:37,7,https://keirin.kdreams.jp/komatsushima/racedetail/7320231225020009/?pageType=result,2026-10-08T04:08:34.009942+00:00,7-1-5/3/2-4-6,published,競輪毎日,楽天Kドリームス 並び予想
7320231225020010,2023-12-26,小松島競輪,F1,10,Ｓ級準決勝,15:14,15:09,7,https://keirin.kdreams.jp/komatsushima/racedetail/7320231225020010/?pageType=result,2026-10-08T04:08:35.860323+00:00,2-5-6/1-4/7-3,published,競輪毎日,楽天Kドリームス 並び予想
7320231225020011,2023-12-26,小松島競輪,F1,11,Ｓ級準決勝,15:50,15:45,7,https://keirin.kdreams.jp/komatsushima/racedetail/7320231225020011/?pageType=result,2026-10-08T04:08:37.919495+00:00,5-1/7-2-6/4-3,published,競輪毎日,楽天Kドリームス 並び予想
7320231225020012,2023-12-26,小松島競輪,F1,12,Ｓ級準決勝,16:30,16:25,7,https://keirin.kdreams.jp/komatsushima/racedetail/7320231225020012/?pageType=result,2026-10-08T04:08:39.969530+00:00,1-3/2-7/6-4/5,published,競輪毎日,楽天Kドリームス 並び予想
3120231226010006,2023-12-26,松戸競輪,F1,6,Ｓ級予選,17:31,17:26,6,https://keirin.kdreams.jp/matsudo/racedetail/3120231226010006/?pageType=result,2026-10-08T04:08:54.235894+00:00,1-5-3/4/6-2,published,アオケイ,楽天Kドリームス 並び予想
3120231226010007,2023-12-26,松戸競輪,F1,7,Ｓ級予選,17:58,17:53,6,https://keirin.kdreams.jp/matsudo/racedetail/3120231226010007/?pageType=result,2026-10-08T04:08:56.298424+00:00,1-5-6/4-2-3,published,アオケイ,楽天Kドリームス 並び予想
3120231226010008,2023-12-26,松戸競輪,F1,8,Ｓ級予選,18:25,18:20,7,https://keirin.kdreams.jp/matsudo/racedetail/3120231226010008/?pageType=result,2026-10-08T04:08:58.175038+00:00,1-4/5-2-6/3-7,published,アオケイ,楽天Kドリームス 並び予想
3120231226010009,2023-12-26,松戸競輪,F1,9,Ｓ級予選,18:52,18:47,7,https://keirin.kdreams.jp/matsudo/racedetail/3120231226010009/?pageType=result,2026-10-08T04:09:00.084555+00:00,1-5-4/6/2-7-3,published,アオケイ,楽天Kドリームス 並び予想
3120231226010010,2023-12-26,松戸競輪,F1,10,Ｓ級予選,19:23,19:18,7,https://keirin.kdreams.jp/matsudo/racedetail/3120231226010010/?pageType=result,2026-10-08T04:09:01.937058+00:00,1-5-7/2/6/4-3,published,アオケイ,楽天Kドリームス 並び予想
3120231226010011,2023-12-26,松戸競輪,F1,11,Ｓ級予選,19:54,19:49,7,https://keirin.kdreams.jp/matsudo/racedetail/3120231226010011/?pageType=result,2026-10-08T04:09:03.918312+00:00,2-7-4/6/5-3/1,published,アオケイ,楽天Kドリームス 並び予想
3120231226010012,2023-12-26,松戸競輪,F1,12,Ｓ級初特選,20:25,20:20,7,https://keirin.kdreams.jp/matsudo/racedetail/3120231226010012/?pageType=result,2026-10-08T04:09:05.794481+00:00,1-5/6-2/4/3-7,published,アオケイ,楽天Kドリームス 並び予想
7320231225030005,2023-12-27,小松島競輪,F1,5,Ｓ級一般,12:36,12:31,7,https://keirin.kdreams.jp/komatsushima/racedetail/7320231225030005/?pageType=result,2026-10-08T04:08:41.703743+00:00,2-5/1-4-6/3-7,published,競輪毎日,楽天Kドリームス 並び予想
7320231225030006,2023-12-27,小松島競輪,F1,6,Ｓ級一般,13:07,13:02,7,https://keirin.kdreams.jp/komatsushima/racedetail/7320231225030006/?pageType=result,2026-10-08T04:08:43.581099+00:00,5-4-1/6-2/7/3,published,競輪毎日,楽天Kドリームス 並び予想
7320231225030007,2023-12-27,小松島競輪,F1,7,Ｓ級一般,13:38,13:33,7,https://keirin.kdreams.jp/komatsushima/racedetail/7320231225030007/?pageType=result,2026-10-08T04:08:45.404109+00:00,1-7-3/2-5-4-6,published,競輪毎日,楽天Kドリームス 並び予想
7320231225030008,2023-12-27,小松島競輪,F1,8,Ｓ級特選,14:10,14:05,7,https://keirin.kdreams.jp/komatsushima/racedetail/7320231225030008/?pageType=result,2026-10-08T04:08:47.108357+00:00,4-1-6/2/5-7-3,published,競輪毎日,楽天Kドリームス 並び予想
7320231225030009,2023-12-27,小松島競輪,F1,9,Ｓ級特選,14:42,14:37,7,https://keirin.kdreams.jp/komatsushima/racedetail/7320231225030009/?pageType=result,2026-10-08T04:08:48.680062+00:00,7-1/3-5-4/2-6,published,競輪毎日,楽天Kドリームス 並び予想
7320231225030010,2023-12-27,小松島競輪,F1,10,Ｓ級特選,15:14,15:09,7,https://keirin.kdreams.jp/komatsushima/racedetail/7320231225030010/?pageType=result,2026-10-08T04:08:50.527168+00:00,1-2-7/3-4/5-6,published,競輪毎日,楽天Kドリームス 並び予想
7320231225030012,2023-12-27,小松島競輪,F1,12,Ｓ級決勝,16:30,16:25,7,https://keirin.kdreams.jp/komatsushima/racedetail/7320231225030012/?pageType=result,2026-10-08T04:08:52.315593+00:00,1-7/3-5/2-6/4,published,競輪毎日,楽天Kドリームス 並び予想
3120231226020006,2023-12-27,松戸競輪,F1,6,Ｓ級一般,17:58,17:53,7,https://keirin.kdreams.jp/matsudo/racedetail/3120231226020006/?pageType=result,2026-10-08T04:09:07.566654+00:00,1-7-5/6-2/3/4,published,アオケイ,楽天Kドリームス 並び予想
3120231226020007,2023-12-27,松戸競輪,F1,7,Ｓ級選抜,18:25,18:20,7,https://keirin.kdreams.jp/matsudo/racedetail/3120231226020007/?pageType=result,2026-10-08T04:09:09.366899+00:00,2-7/1-4/5-3-6,published,アオケイ,楽天Kドリームス 並び予想
3120231226020008,2023-12-27,松戸競輪,F1,8,Ｓ級選抜,18:52,18:47,7,https://keirin.kdreams.jp/matsudo/racedetail/3120231226020008/?pageType=result,2026-10-08T04:09:11.344231+00:00,1-7/2/6-3-4/5,published,アオケイ,楽天Kドリームス 並び予想
3120231226020009,2023-12-27,松戸競輪,F1,9,Ｓ級準決勝,19:23,19:18,7,https://keirin.kdreams.jp/matsudo/racedetail/3120231226020009/?pageType=result,2026-10-08T04:09:13.675648+00:00,4-1/5-2-6/7-3,published,アオケイ,楽天Kドリームス 並び予想
3120231226020010,2023-12-27,松戸競輪,F1,10,Ｓ級準決勝,19:54,19:49,7,https://keirin.kdreams.jp/matsudo/racedetail/3120231226020010/?pageType=result,2026-10-08T04:09:15.461517+00:00,1-4-5/7-2/6-3,published,アオケイ,楽天Kドリームス 並び予想
3120231226020011,2023-12-27,松戸競輪,F1,11,Ｓ級準決勝,20:25,20:20,7,https://keirin.kdreams.jp/matsudo/racedetail/3120231226020011/?pageType=result,2026-10-08T04:09:17.261239+00:00,5-1-7/2/3-4/6,published,アオケイ,楽天Kドリームス 並び予想
3120231226030005,2023-12-28,松戸競輪,F1,5,Ｓ級一般,17:35,17:30,7,https://keirin.kdreams.jp/matsudo/racedetail/3120231226030005/?pageType=result,2026-10-08T04:09:19.019227+00:00,1-5-3/7/6-4-2,published,アオケイ,楽天Kドリームス 並び予想
3120231226030006,2023-12-28,松戸競輪,F1,6,Ｓ級一般,18:02,17:57,7,https://keirin.kdreams.jp/matsudo/racedetail/3120231226030006/?pageType=result,2026-10-08T04:09:20.882201+00:00,1-7-5/4-2-3-6,published,アオケイ,楽天Kドリームス 並び予想
3120231226030007,2023-12-28,松戸競輪,F1,7,Ｓ級特選,18:30,18:25,7,https://keirin.kdreams.jp/matsudo/racedetail/3120231226030007/?pageType=result,2026-10-08T04:09:23.006251+00:00,5-1-7/2-4/6-3,published,アオケイ,楽天Kドリームス 並び予想
3120231226030008,2023-12-28,松戸競輪,F1,8,Ｓ級特選,18:58,18:53,7,https://keirin.kdreams.jp/matsudo/racedetail/3120231226030008/?pageType=result,2026-10-08T04:09:24.860084+00:00,5-1/7-4-2/3-6,published,アオケイ,楽天Kドリームス 並び予想
3120231226030009,2023-12-28,松戸競輪,F1,9,Ｓ級特選,19:29,19:24,7,https://keirin.kdreams.jp/matsudo/racedetail/3120231226030009/?pageType=result,2026-10-08T04:09:26.636654+00:00,5-2/1/4/3-7-6,published,アオケイ,楽天Kドリームス 並び予想
3120231226030011,2023-12-28,松戸競輪,F1,11,Ｓ級決勝,20:35,20:30,7,https://keirin.kdreams.jp/matsudo/racedetail/3120231226030011/?pageType=result,2026-10-08T04:09:28.540416+00:00,1-5-6/2-7/4-3,published,アオケイ,楽天Kドリームス 並び予想
1320231229010006,2023-12-29,いわき平競輪,F1,6,Ｓ級予選,17:38,17:33,7,https://keirin.kdreams.jp/iwakitaira/racedetail/1320231229010006/?pageType=result,2026-10-08T04:10:29.602825+00:00,5-2/6-1/7-3-4,published,アオケイ,楽天Kドリームス 並び予想
1320231229010007,2023-12-29,いわき平競輪,F1,7,Ｓ級予選,18:05,18:00,7,https://keirin.kdreams.jp/iwakitaira/racedetail/1320231229010007/?pageType=result,2026-10-08T04:10:31.858050+00:00,7-1-3/5-2-6/4,published,アオケイ,楽天Kドリームス 並び予想
1320231229010008,2023-12-29,いわき平競輪,F1,8,Ｓ級予選,18:32,18:27,7,https://keirin.kdreams.jp/iwakitaira/racedetail/1320231229010008/?pageType=result,2026-10-08T04:10:33.693587+00:00,4-1/3-7/5-2-6,published,アオケイ,楽天Kドリームス 並び予想
1320231229010009,2023-12-29,いわき平競輪,F1,9,Ｓ級予選,18:59,18:54,7,https://keirin.kdreams.jp/iwakitaira/racedetail/1320231229010009/?pageType=result,2026-10-08T04:10:35.565726+00:00,2-7/4-1/5-3-6,published,アオケイ,楽天Kドリームス 並び予想
1320231229010010,2023-12-29,いわき平競輪,F1,10,Ｓ級予選,19:26,19:21,7,https://keirin.kdreams.jp/iwakitaira/racedetail/1320231229010010/?pageType=result,2026-10-08T04:10:37.432658+00:00,7-2/4-3-5/6-1,published,アオケイ,楽天Kドリームス 並び予想
1320231229010011,2023-12-29,いわき平競輪,F1,11,Ｓ級予選,19:53,19:48,7,https://keirin.kdreams.jp/iwakitaira/racedetail/1320231229010011/?pageType=result,2026-10-08T04:10:39.292568+00:00,1-4-6/2-5/7-3,published,アオケイ,楽天Kドリームス 並び予想
1320231229010012,2023-12-29,いわき平競輪,F1,12,Ｓ級初特選,20:20,20:15,7,https://keirin.kdreams.jp/iwakitaira/racedetail/1320231229010012/?pageType=result,2026-10-08T04:10:41.138322+00:00,1-6/2-7/5-3-4,published,アオケイ,楽天Kドリームス 並び予想
1320231229020006,2023-12-30,いわき平競輪,F1,6,Ｓ級一般,17:38,17:33,7,https://keirin.kdreams.jp/iwakitaira/racedetail/1320231229020006/?pageType=result,2026-10-08T04:10:43.176723+00:00,4-1-3/5/2-7-6,published,アオケイ,楽天Kドリームス 並び予想
1320231229020007,2023-12-30,いわき平競輪,F1,7,Ｓ級一般,18:05,18:00,7,https://keirin.kdreams.jp/iwakitaira/racedetail/1320231229020007/?pageType=result,2026-10-08T04:10:44.924860+00:00,1-4/2-5-7/6-3,published,アオケイ,楽天Kドリームス 並び予想
1320231229020008,2023-12-30,いわき平競輪,F1,8,Ｓ級選抜,18:32,18:27,7,https://keirin.kdreams.jp/iwakitaira/racedetail/1320231229020008/?pageType=result,2026-10-08T04:10:46.818748+00:00,6-2/1/3-4/5/7,published,アオケイ,楽天Kドリームス 並び予想
1320231229020009,2023-12-30,いわき平競輪,F1,9,Ｓ級選抜,18:59,18:54,7,https://keirin.kdreams.jp/iwakitaira/racedetail/1320231229020009/?pageType=result,2026-10-08T04:10:48.631376+00:00,1-4-3/6/2-5-7,published,アオケイ,楽天Kドリームス 並び予想
1320231229020010,2023-12-30,いわき平競輪,F1,10,Ｓ級準決勝,19:26,19:21,7,https://keirin.kdreams.jp/iwakitaira/racedetail/1320231229020010/?pageType=result,2026-10-08T04:10:50.498121+00:00,5-3/6-2/7-4-1,published,アオケイ,楽天Kドリームス 並び予想
1320231229020011,2023-12-30,いわき平競輪,F1,11,Ｓ級準決勝,19:53,19:48,7,https://keirin.kdreams.jp/iwakitaira/racedetail/1320231229020011/?pageType=result,2026-10-08T04:10:52.321349+00:00,3-4-1/6/2-7-5,published,アオケイ,楽天Kドリームス 並び予想
1320231229020012,2023-12-30,いわき平競輪,F1,12,Ｓ級準決勝,20:20,20:15,7,https://keirin.kdreams.jp/iwakitaira/racedetail/1320231229020012/?pageType=result,2026-10-08T04:10:54.562223+00:00,7-1/2-5-6/3-4,published,アオケイ,楽天Kドリームス 並び予想
1320231229030005,2023-12-31,いわき平競輪,F1,5,Ｓ級一般,17:11,17:06,7,https://keirin.kdreams.jp/iwakitaira/racedetail/1320231229030005/?pageType=result,2026-10-08T04:10:56.420717+00:00,5-1-6/4/7-2-3,published,アオケイ,楽天Kドリームス 並び予想
1320231229030006,2023-12-31,いわき平競輪,F1,6,Ｓ級一般,17:38,17:33,7,https://keirin.kdreams.jp/iwakitaira/racedetail/1320231229030006/?pageType=result,2026-10-08T04:10:58.469298+00:00,2-5-3/7-1/6-4,published,アオケイ,楽天Kドリームス 並び予想
1320231229030007,2023-12-31,いわき平競輪,F1,7,Ｓ級一般,18:05,18:00,7,https://keirin.kdreams.jp/iwakitaira/racedetail/1320231229030007/?pageType=result,2026-10-08T04:11:00.346554+00:00,1-7/5-3/6-2-4,published,アオケイ,楽天Kドリームス 並び予想
1320231229030008,2023-12-31,いわき平競輪,F1,8,Ｓ級特選,18:32,18:27,7,https://keirin.kdreams.jp/iwakitaira/racedetail/1320231229030008/?pageType=result,2026-10-08T04:11:02.294999+00:00,4-2/5-1/6-3-7,published,アオケイ,楽天Kドリームス 並び予想
1320231229030009,2023-12-31,いわき平競輪,F1,9,Ｓ級特選,19:00,18:55,7,https://keirin.kdreams.jp/iwakitaira/racedetail/1320231229030009/?pageType=result,2026-10-08T04:11:04.328681+00:00,6-1/3/5/2-7-4,published,アオケイ,楽天Kドリームス 並び予想
1320231229030010,2023-12-31,いわき平競輪,F1,10,Ｓ級特選,19:28,19:23,7,https://keirin.kdreams.jp/iwakitaira/racedetail/1320231229030010/?pageType=result,2026-10-08T04:11:06.145984+00:00,5-1/7-2-4/3-6,published,アオケイ,楽天Kドリームス 並び予想
1320231229030012,2023-12-31,いわき平競輪,F1,12,Ｓ級決勝,20:30,20:25,7,https://keirin.kdreams.jp/iwakitaira/racedetail/1320231229030012/?pageType=result,2026-10-08T04:11:07.988126+00:00,1-5-6/4-3/7-2,published,アオケイ,楽天Kドリームス 並び予想
4420231231010006,2023-12-31,大垣競輪,F1,6,Ｓ級予選,13:07,13:02,6,https://keirin.kdreams.jp/ogaki/racedetail/4420231231010006/?pageType=result,2026-10-08T04:12:01.416150+00:00,3-5-2/6-1-4,published,ひかり,楽天Kドリームス 並び予想
4420231231010007,2023-12-31,大垣競輪,F1,7,Ｓ級予選,13:38,13:33,7,https://keirin.kdreams.jp/ogaki/racedetail/4420231231010007/?pageType=result,2026-10-08T04:12:03.358883+00:00,1-4-7/5-3/6-2,published,ひかり,楽天Kドリームス 並び予想
4420231231010008,2023-12-31,大垣競輪,F1,8,Ｓ級予選,14:10,14:05,7,https://keirin.kdreams.jp/ogaki/racedetail/4420231231010008/?pageType=result,2026-10-08T04:12:05.548970+00:00,1-4-6/5-2/7-3,published,ひかり,楽天Kドリームス 並び予想
4420231231010009,2023-12-31,大垣競輪,F1,9,Ｓ級予選,14:42,14:37,7,https://keirin.kdreams.jp/ogaki/racedetail/4420231231010009/?pageType=result,2026-10-08T04:12:07.858336+00:00,2-5-7/6-3/4-1,published,ひかり,楽天Kドリームス 並び予想
4420231231010010,2023-12-31,大垣競輪,F1,10,Ｓ級予選,15:14,15:09,7,https://keirin.kdreams.jp/ogaki/racedetail/4420231231010010/?pageType=result,2026-10-08T04:12:09.814917+00:00,1-7-4/6/3-5-2,published,ひかり,楽天Kドリームス 並び予想
4420231231010011,2023-12-31,大垣競輪,F1,11,Ｓ級予選,15:50,15:45,7,https://keirin.kdreams.jp/ogaki/racedetail/4420231231010011/?pageType=result,2026-10-08T04:12:11.944128+00:00,1-5-7/4-2/6-3,published,ひかり,楽天Kドリームス 並び予想
4420231231010012,2023-12-31,大垣競輪,F1,12,Ｓ級初特選,16:30,16:25,7,https://keirin.kdreams.jp/ogaki/racedetail/4420231231010012/?pageType=result,2026-10-08T04:12:14.097681+00:00,1-5/6-2-4/7-3,published,ひかり,楽天Kドリームス 並び予想
5620231231010006,2023-12-31,岸和田競輪,F1,6,Ｓ級予選１,13:01,12:56,7,https://keirin.kdreams.jp/kishiwada/racedetail/5620231231010006/?pageType=result,2026-10-08T04:11:09.988802+00:00,6-1/5-2-4/3-7,published,競輪研究,楽天Kドリームス 並び予想
5620231231010007,2023-12-31,岸和田競輪,F1,7,Ｓ級予選１,13:32,13:27,7,https://keirin.kdreams.jp/kishiwada/racedetail/5620231231010007/?pageType=result,2026-10-08T04:11:11.887073+00:00,5-4-3/6-1/7-2,published,競輪研究,楽天Kドリームス 並び予想
5620231231010008,2023-12-31,岸和田競輪,F1,8,Ｓ級予選１,14:04,13:59,7,https://keirin.kdreams.jp/kishiwada/racedetail/5620231231010008/?pageType=result,2026-10-08T04:11:14.010880+00:00,1-6/4-2/7-3/5,published,競輪研究,楽天Kドリームス 並び予想
5620231231010009,2023-12-31,岸和田競輪,F1,9,Ｓ級予選１,14:36,14:31,7,https://keirin.kdreams.jp/kishiwada/racedetail/5620231231010009/?pageType=result,2026-10-08T04:11:15.981269+00:00,7-1-5/2-4/3/6,published,競輪研究,楽天Kドリームス 並び予想
5620231231010010,2023-12-31,岸和田競輪,F1,10,Ｓ級予選１,15:08,15:03,7,https://keirin.kdreams.jp/kishiwada/racedetail/5620231231010010/?pageType=result,2026-10-08T04:11:17.976775+00:00,2-5/4-3/1-7-6,published,競輪研究,楽天Kドリームス 並び予想
5620231231010011,2023-12-31,岸和田競輪,F1,11,Ｓ級予選１,15:42,15:37,7,https://keirin.kdreams.jp/kishiwada/racedetail/5620231231010011/?pageType=result,2026-10-08T04:11:20.028430+00:00,1-5-7/2-6/3-4,published,競輪研究,楽天Kドリームス 並び予想
5620231231010012,2023-12-31,岸和田競輪,F1,12,Ｓ級初特選,16:20,16:15,7,https://keirin.kdreams.jp/kishiwada/racedetail/5620231231010012/?pageType=result,2026-10-08T04:11:21.914328+00:00,2-4/6-1/5-3/7,published,競輪研究,楽天Kドリームス 並び予想
