race_id,race_date,track,meeting_grade,class_scope,race_no,race_type,start_time,deadline,entry_count,source_url,captured_at_utc,predicted_line_formation,line_status,line_provider,line_source
3720230630020001,2023-07-01,伊東競輪,F2,A3 challenge,1,チャレンジ一般,08:30,08:25,5,https://keirin.kdreams.jp/ito/racedetail/3720230630020001/?pageType=odds,2026-10-07T18:20:42.686417+00:00,2-4/1/5-3,published,ひかり・小田競,楽天Kドリームス 並び予想
3720230630020002,2023-07-01,伊東競輪,F2,A3 challenge,2,チャレンジ一般,08:50,08:45,6,https://keirin.kdreams.jp/ito/racedetail/3720230630020002/?pageType=odds,2026-10-07T18:20:44.450001+00:00,1/2/5-3/6-4,published,ひかり・小田競,楽天Kドリームス 並び予想
3720230630020003,2023-07-01,伊東競輪,F2,A3 challenge,3,チャレンジ選抜,09:10,09:05,7,https://keirin.kdreams.jp/ito/racedetail/3720230630020003/?pageType=odds,2026-10-07T18:20:46.324462+00:00,4-1-6/2/7-3-5,published,ひかり・小田競,楽天Kドリームス 並び予想
3720230630020004,2023-07-01,伊東競輪,F2,A3 challenge,4,チャレンジ選抜,09:30,09:25,7,https://keirin.kdreams.jp/ito/racedetail/3720230630020004/?pageType=odds,2026-10-07T18:20:48.086049+00:00,5-1-4-7-2/3/6,published,ひかり・小田競,楽天Kドリームス 並び予想
3720230630020005,2023-07-01,伊東競輪,F2,A3 challenge,5,チャレンジ準決勝,09:50,09:45,7,https://keirin.kdreams.jp/ito/racedetail/3720230630020005/?pageType=odds,2026-10-07T18:20:49.812432+00:00,4-1/5-2-6/7-3,published,ひかり・小田競,楽天Kドリームス 並び予想
3720230630020006,2023-07-01,伊東競輪,F2,A3 challenge,6,チャレンジ準決勝,10:10,10:05,7,https://keirin.kdreams.jp/ito/racedetail/3720230630020006/?pageType=odds,2026-10-07T18:20:51.708992+00:00,1-7/2-6/5-3-4,published,ひかり・小田競,楽天Kドリームス 並び予想
3720230630020007,2023-07-01,伊東競輪,F2,A3 challenge,7,チャレンジ準決勝,10:30,10:25,7,https://keirin.kdreams.jp/ito/racedetail/3720230630020007/?pageType=odds,2026-10-07T18:20:53.480413+00:00,1-5/2-4/7-3-6,published,ひかり・小田競,楽天Kドリームス 並び予想
8620230630020001,2023-07-01,別府競輪,F2,A3 challenge,1,チャレンジ一般,15:32,15:27,6,https://keirin.kdreams.jp/beppu/racedetail/8620230630020001/?pageType=odds,2026-10-07T18:20:12.105402+00:00,6-3-1-4/5-2,published,ダービー,楽天Kドリームス 並び予想
8620230630020002,2023-07-01,別府競輪,F2,A3 challenge,2,チャレンジ一般,15:55,15:50,7,https://keirin.kdreams.jp/beppu/racedetail/8620230630020002/?pageType=odds,2026-10-07T18:20:14.102634+00:00,5-3-7/1/2/4/6,published,ダービー,楽天Kドリームス 並び予想
8620230630020003,2023-07-01,別府競輪,F2,A3 challenge,3,チャレンジ準決勝,16:20,16:15,7,https://keirin.kdreams.jp/beppu/racedetail/8620230630020003/?pageType=odds,2026-10-07T18:20:16.429269+00:00,2-4/5-1/3-7-6,published,ダービー,楽天Kドリームス 並び予想
8620230630020004,2023-07-01,別府競輪,F2,A3 challenge,4,チャレンジ準決勝,16:45,16:40,7,https://keirin.kdreams.jp/beppu/racedetail/8620230630020004/?pageType=odds,2026-10-07T18:20:18.169022+00:00,7-1/2-6/4/5-3,published,ダービー,楽天Kドリームス 並び予想
8620230630020005,2023-07-01,別府競輪,F2,A3 challenge,5,チャレンジ準決勝,17:10,17:05,7,https://keirin.kdreams.jp/beppu/racedetail/8620230630020005/?pageType=odds,2026-10-07T18:20:20.118952+00:00,1-3-6/4-2/5-7,published,ダービー,楽天Kドリームス 並び予想
4420230701010001,2023-07-01,大垣競輪,F2,A3 challenge,1,チャレンジ予選,20:50,20:45,6,https://keirin.kdreams.jp/ogaki/racedetail/4420230701010001/?pageType=odds,2026-10-07T18:21:07.272666+00:00,4-1-5/6/3-2,published,ひかり,楽天Kドリームス 並び予想
4420230701010002,2023-07-01,大垣競輪,F2,A3 challenge,2,チャレンジ予選,21:14,21:09,7,https://keirin.kdreams.jp/ogaki/racedetail/4420230701010002/?pageType=odds,2026-10-07T18:21:09.037215+00:00,1-2/4-3/7/6-5,published,ひかり,楽天Kドリームス 並び予想
4420230701010003,2023-07-01,大垣競輪,F2,A3 challenge,3,チャレンジ予選,21:38,21:33,7,https://keirin.kdreams.jp/ogaki/racedetail/4420230701010003/?pageType=odds,2026-10-07T18:21:10.782924+00:00,3-1/7/4-2-5-6,published,ひかり,楽天Kドリームス 並び予想
4420230701010004,2023-07-01,大垣競輪,F2,A3 challenge,4,チャレンジ予選,22:02,21:57,7,https://keirin.kdreams.jp/ogaki/racedetail/4420230701010004/?pageType=odds,2026-10-07T18:21:13.241156+00:00,1-5-4/7/3-2-6,published,ひかり,楽天Kドリームス 並び予想
4420230701010005,2023-07-01,大垣競輪,F2,A3 challenge,5,チャレンジ予選,22:26,22:21,7,https://keirin.kdreams.jp/ogaki/racedetail/4420230701010005/?pageType=odds,2026-10-07T18:21:15.070902+00:00,1-5-4-6-7/2/3,published,ひかり,楽天Kドリームス 並び予想
4420230701010006,2023-07-01,大垣競輪,F2,A3 challenge,6,チャレンジ予選,22:50,22:45,7,https://keirin.kdreams.jp/ogaki/racedetail/4420230701010006/?pageType=odds,2026-10-07T18:21:17.209572+00:00,3-1-5/6/4-2-7,published,ひかり,楽天Kドリームス 並び予想
4420230701010007,2023-07-01,大垣競輪,F2,A3 challenge,7,チャレンジ予選,23:14,23:09,7,https://keirin.kdreams.jp/ogaki/racedetail/4420230701010007/?pageType=odds,2026-10-07T18:21:19.580906+00:00,1-2-3/4-6/7-5,published,ひかり,楽天Kドリームス 並び予想
8420230701010001,2023-07-01,武雄競輪,F2,A3 challenge,1,チャレンジ予選,21:06,21:01,7,https://keirin.kdreams.jp/takeo/racedetail/8420230701010001/?pageType=odds,2026-10-07T18:21:48.863161+00:00,5-2-7/1-3-4/6,published,百万弗,楽天Kドリームス 並び予想
8420230701010002,2023-07-01,武雄競輪,F2,A3 challenge,2,チャレンジ予選,21:30,21:25,7,https://keirin.kdreams.jp/takeo/racedetail/8420230701010002/?pageType=odds,2026-10-07T18:21:50.726714+00:00,3-1-2/6-5-4/7,published,百万弗,楽天Kドリームス 並び予想
8420230701010003,2023-07-01,武雄競輪,F2,A3 challenge,3,チャレンジ予選,21:54,21:49,7,https://keirin.kdreams.jp/takeo/racedetail/8420230701010003/?pageType=odds,2026-10-07T18:21:52.567303+00:00,4-6-5/1-2-3-7,published,百万弗,楽天Kドリームス 並び予想
8420230701010004,2023-07-01,武雄競輪,F2,A3 challenge,4,チャレンジ予選,22:18,22:13,7,https://keirin.kdreams.jp/takeo/racedetail/8420230701010004/?pageType=odds,2026-10-07T18:21:54.440308+00:00,3-1-6/5-2-4/7,published,百万弗,楽天Kドリームス 並び予想
8420230701010005,2023-07-01,武雄競輪,F2,A3 challenge,5,チャレンジ予選,22:42,22:37,7,https://keirin.kdreams.jp/takeo/racedetail/8420230701010005/?pageType=odds,2026-10-07T18:21:56.255624+00:00,3-1-7-5/4-2-6,published,百万弗,楽天Kドリームス 並び予想
8420230701010006,2023-07-01,武雄競輪,F2,A3 challenge,6,チャレンジ予選,23:06,23:01,7,https://keirin.kdreams.jp/takeo/racedetail/8420230701010006/?pageType=odds,2026-10-07T18:21:58.014661+00:00,3-2-7-4/6-1/5,published,百万弗,楽天Kドリームス 並び予想
8420230701010007,2023-07-01,武雄競輪,F2,A3 challenge,7,チャレンジ予選,23:30,23:25,7,https://keirin.kdreams.jp/takeo/racedetail/8420230701010007/?pageType=odds,2026-10-07T18:22:00.006062+00:00,3-5-7/1-2/6-4,published,百万弗,楽天Kドリームス 並び予想
3720230630030001,2023-07-02,伊東競輪,F2,A3 challenge,1,チャレンジ一般,08:30,08:25,5,https://keirin.kdreams.jp/ito/racedetail/3720230630030001/?pageType=odds,2026-10-07T18:20:55.118236+00:00,1-4-5/3-2,published,ひかり・小田競,楽天Kドリームス 並び予想
3720230630030002,2023-07-02,伊東競輪,F2,A3 challenge,2,チャレンジ一般,08:50,08:45,5,https://keirin.kdreams.jp/ito/racedetail/3720230630030002/?pageType=odds,2026-10-07T18:20:56.728120+00:00,5-2-1-3/4,published,ひかり・小田競,楽天Kドリームス 並び予想
3720230630030003,2023-07-02,伊東競輪,F2,A3 challenge,3,チャレンジ一般,09:10,09:05,5,https://keirin.kdreams.jp/ito/racedetail/3720230630030003/?pageType=odds,2026-10-07T18:20:58.277981+00:00,1-4-5/2/3,published,ひかり・小田競,楽天Kドリームス 並び予想
3720230630030004,2023-07-02,伊東競輪,F2,A3 challenge,4,チャレンジ選抜,09:30,09:25,7,https://keirin.kdreams.jp/ito/racedetail/3720230630030004/?pageType=odds,2026-10-07T18:21:00.024658+00:00,5-6-1/2-4/7-3,published,ひかり・小田競,楽天Kドリームス 並び予想
3720230630030005,2023-07-02,伊東競輪,F2,A3 challenge,5,チャレンジ選抜,09:50,09:45,7,https://keirin.kdreams.jp/ito/racedetail/3720230630030005/?pageType=odds,2026-10-07T18:21:01.820783+00:00,7-1/4-5-2/3-6,published,ひかり・小田競,楽天Kドリームス 並び予想
3720230630030006,2023-07-02,伊東競輪,F2,A3 challenge,6,チャレンジ選抜,10:10,10:05,7,https://keirin.kdreams.jp/ito/racedetail/3720230630030006/?pageType=odds,2026-10-07T18:21:03.810726+00:00,1-7-5/4-2/3-6,published,ひかり・小田競,楽天Kドリームス 並び予想
3720230630030007,2023-07-02,伊東競輪,F2,A3 challenge,7,チャレンジ決勝,10:30,10:25,7,https://keirin.kdreams.jp/ito/racedetail/3720230630030007/?pageType=odds,2026-10-07T18:21:05.594776+00:00,4-1/3-6-7-2-5,published,ひかり・小田競,楽天Kドリームス 並び予想
8620230630030001,2023-07-02,別府競輪,F2,A3 challenge,1,チャレンジ一般,15:37,15:32,5,https://keirin.kdreams.jp/beppu/racedetail/8620230630030001/?pageType=odds,2026-10-07T18:20:21.942160+00:00,1-4/3-5-2,published,ダービー,楽天Kドリームス 並び予想
8620230630030002,2023-07-02,別府競輪,F2,A3 challenge,2,チャレンジ一般,16:00,15:55,6,https://keirin.kdreams.jp/beppu/racedetail/8620230630030002/?pageType=odds,2026-10-07T18:20:23.971550+00:00,3-5-1-4/2/6,published,ダービー,楽天Kドリームス 並び予想
8620230630030003,2023-07-02,別府競輪,F2,A3 challenge,3,チャレンジ選抜,16:25,16:20,7,https://keirin.kdreams.jp/beppu/racedetail/8620230630030003/?pageType=odds,2026-10-07T18:20:26.039692+00:00,7-2/3-6/4/1-5,published,ダービー,楽天Kドリームス 並び予想
8620230630030004,2023-07-02,別府競輪,F2,A3 challenge,4,チャレンジ選抜,16:50,16:45,7,https://keirin.kdreams.jp/beppu/racedetail/8620230630030004/?pageType=odds,2026-10-07T18:20:28.157437+00:00,7-1-6/3-5/4-2,published,ダービー,楽天Kドリームス 並び予想
8620230630030010,2023-07-02,別府競輪,F2,A3 challenge,10,チャレンジ決勝,19:25,19:20,7,https://keirin.kdreams.jp/beppu/racedetail/8620230630030010/?pageType=odds,2026-10-07T18:20:30.148903+00:00,3-1-4/7/2/5-6,published,ダービー,楽天Kドリームス 並び予想
4420230701020001,2023-07-02,大垣競輪,F2,A3 challenge,1,チャレンジ一般,20:50,20:45,5,https://keirin.kdreams.jp/ogaki/racedetail/4420230701020001/?pageType=odds,2026-10-07T18:21:21.354828+00:00,1-2-4/3-5,published,ひかり,楽天Kドリームス 並び予想
4420230701020002,2023-07-02,大垣競輪,F2,A3 challenge,2,チャレンジ一般,21:14,21:09,5,https://keirin.kdreams.jp/ogaki/racedetail/4420230701020002/?pageType=odds,2026-10-07T18:21:23.107221+00:00,1-2-5/3-4,published,ひかり,楽天Kドリームス 並び予想
4420230701020003,2023-07-02,大垣競輪,F2,A3 challenge,3,チャレンジ選抜,21:38,21:33,7,https://keirin.kdreams.jp/ogaki/racedetail/4420230701020003/?pageType=odds,2026-10-07T18:21:25.033652+00:00,4-1-7/6-3-2-5,published,ひかり,楽天Kドリームス 並び予想
4420230701020004,2023-07-02,大垣競輪,F2,A3 challenge,4,チャレンジ選抜,22:02,21:57,7,https://keirin.kdreams.jp/ogaki/racedetail/4420230701020004/?pageType=odds,2026-10-07T18:21:27.217428+00:00,2-1-7-5/6/3/4,published,ひかり,楽天Kドリームス 並び予想
4420230701020005,2023-07-02,大垣競輪,F2,A3 challenge,5,チャレンジ準決勝,22:26,22:21,7,https://keirin.kdreams.jp/ogaki/racedetail/4420230701020005/?pageType=odds,2026-10-07T18:21:29.309647+00:00,1-4-5/7/3-2-6,published,ひかり,楽天Kドリームス 並び予想
4420230701020006,2023-07-02,大垣競輪,F2,A3 challenge,6,チャレンジ準決勝,22:50,22:45,7,https://keirin.kdreams.jp/ogaki/racedetail/4420230701020006/?pageType=odds,2026-10-07T18:21:31.505462+00:00,1-7-6/5-3/4-2,published,ひかり,楽天Kドリームス 並び予想
4420230701020007,2023-07-02,大垣競輪,F2,A3 challenge,7,チャレンジ準決勝,23:14,23:09,7,https://keirin.kdreams.jp/ogaki/racedetail/4420230701020007/?pageType=odds,2026-10-07T18:21:33.343868+00:00,2-6-1/4-3-5/7,published,ひかり,楽天Kドリームス 並び予想
8420230701020001,2023-07-02,武雄競輪,F2,A3 challenge,1,チャレンジ一般,21:06,21:01,6,https://keirin.kdreams.jp/takeo/racedetail/8420230701020001/?pageType=odds,2026-10-07T18:22:02.278908+00:00,1-3/4-2/5-6,published,百万弗,楽天Kドリームス 並び予想
8420230701020002,2023-07-02,武雄競輪,F2,A3 challenge,2,チャレンジ一般,21:30,21:25,6,https://keirin.kdreams.jp/takeo/racedetail/8420230701020002/?pageType=odds,2026-10-07T18:22:04.180657+00:00,3-4-1-2/5/6,published,百万弗,楽天Kドリームス 並び予想
8420230701020003,2023-07-02,武雄競輪,F2,A3 challenge,3,チャレンジ選抜,21:54,21:49,7,https://keirin.kdreams.jp/takeo/racedetail/8420230701020003/?pageType=odds,2026-10-07T18:22:05.959110+00:00,3-1/2-6/5-4-7,published,百万弗,楽天Kドリームス 並び予想
8420230701020004,2023-07-02,武雄競輪,F2,A3 challenge,4,チャレンジ選抜,22:18,22:13,7,https://keirin.kdreams.jp/takeo/racedetail/8420230701020004/?pageType=odds,2026-10-07T18:22:07.770902+00:00,1-3-4/2-6-5/7,published,百万弗,楽天Kドリームス 並び予想
8420230701020005,2023-07-02,武雄競輪,F2,A3 challenge,5,チャレンジ準決勝,22:42,22:37,7,https://keirin.kdreams.jp/takeo/racedetail/8420230701020005/?pageType=odds,2026-10-07T18:22:09.573038+00:00,1-5/4-2-6/7-3,published,百万弗,楽天Kドリームス 並び予想
8420230701020006,2023-07-02,武雄競輪,F2,A3 challenge,6,チャレンジ準決勝,23:06,23:01,7,https://keirin.kdreams.jp/takeo/racedetail/8420230701020006/?pageType=odds,2026-10-07T18:22:11.258412+00:00,1-4-7/3-2-5/6,published,百万弗,楽天Kドリームス 並び予想
8420230701020007,2023-07-02,武雄競輪,F2,A3 challenge,7,チャレンジ準決勝,23:30,23:25,7,https://keirin.kdreams.jp/takeo/racedetail/8420230701020007/?pageType=odds,2026-10-07T18:22:13.324295+00:00,3-1-6-7/4-2-5,published,百万弗,楽天Kドリームス 並び予想
7120230702010001,2023-07-02,高松競輪,F2,A3 challenge,1,チャレンジ予選,08:40,08:35,7,https://keirin.kdreams.jp/takamatsu/racedetail/7120230702010001/?pageType=odds,2026-10-07T18:22:28.249220+00:00,5-1/2-4-6/3-7,published,競輪毎日,楽天Kドリームス 並び予想
7120230702010002,2023-07-02,高松競輪,F2,A3 challenge,2,チャレンジ予選,09:00,08:55,7,https://keirin.kdreams.jp/takamatsu/racedetail/7120230702010002/?pageType=odds,2026-10-07T18:22:30.078085+00:00,4-1-3-6/2-7-5,published,競輪毎日,楽天Kドリームス 並び予想
7120230702010003,2023-07-02,高松競輪,F2,A3 challenge,3,チャレンジ予選,09:20,09:15,7,https://keirin.kdreams.jp/takamatsu/racedetail/7120230702010003/?pageType=odds,2026-10-07T18:22:31.990076+00:00,5-1-4/7-2/6-3,published,競輪毎日,楽天Kドリームス 並び予想
7120230702010004,2023-07-02,高松競輪,F2,A3 challenge,4,チャレンジ予選,09:40,09:35,7,https://keirin.kdreams.jp/takamatsu/racedetail/7120230702010004/?pageType=odds,2026-10-07T18:22:34.140228+00:00,2-4/5-1-6/3-7,published,競輪毎日,楽天Kドリームス 並び予想
7120230702010005,2023-07-02,高松競輪,F2,A3 challenge,5,チャレンジ予選,10:00,09:55,7,https://keirin.kdreams.jp/takamatsu/racedetail/7120230702010005/?pageType=odds,2026-10-07T18:22:35.921254+00:00,4-1-7/2/6/5-3,published,競輪毎日,楽天Kドリームス 並び予想
4420230701030001,2023-07-03,大垣競輪,F2,A3 challenge,1,チャレンジ一般,20:50,20:45,5,https://keirin.kdreams.jp/ogaki/racedetail/4420230701030001/?pageType=odds,2026-10-07T18:21:35.100406+00:00,1/4-2-3/5,published,ひかり,楽天Kドリームス 並び予想
4420230701030002,2023-07-03,大垣競輪,F2,A3 challenge,2,チャレンジ一般,21:14,21:09,5,https://keirin.kdreams.jp/ogaki/racedetail/4420230701030002/?pageType=odds,2026-10-07T18:21:36.783626+00:00,2-1-5/3/4,published,ひかり,楽天Kドリームス 並び予想
4420230701030003,2023-07-03,大垣競輪,F2,A3 challenge,3,チャレンジ一般,21:38,21:33,6,https://keirin.kdreams.jp/ogaki/racedetail/4420230701030003/?pageType=odds,2026-10-07T18:21:39.002753+00:00,1-3-5/2/6-4,published,ひかり,楽天Kドリームス 並び予想
4420230701030004,2023-07-03,大垣競輪,F2,A3 challenge,4,チャレンジ選抜,22:02,21:57,7,https://keirin.kdreams.jp/ogaki/racedetail/4420230701030004/?pageType=odds,2026-10-07T18:21:40.872911+00:00,1-4-5-7/3-2-6,published,ひかり,楽天Kドリームス 並び予想
4420230701030005,2023-07-03,大垣競輪,F2,A3 challenge,5,チャレンジ選抜,22:26,22:21,7,https://keirin.kdreams.jp/ogaki/racedetail/4420230701030005/?pageType=odds,2026-10-07T18:21:42.767470+00:00,2-1-5-7/4/6-3,published,ひかり,楽天Kドリームス 並び予想
4420230701030006,2023-07-03,大垣競輪,F2,A3 challenge,6,チャレンジ選抜,22:50,22:45,7,https://keirin.kdreams.jp/ogaki/racedetail/4420230701030006/?pageType=odds,2026-10-07T18:21:45.173952+00:00,1-5/2-4-6/7-3,published,ひかり,楽天Kドリームス 並び予想
4420230701030007,2023-07-03,大垣競輪,F2,A3 challenge,7,チャレンジ決勝,23:14,23:09,7,https://keirin.kdreams.jp/ogaki/racedetail/4420230701030007/?pageType=odds,2026-10-07T18:21:47.058880+00:00,7-1/3/5/4-2-6,published,ひかり,楽天Kドリームス 並び予想
8420230701030001,2023-07-03,武雄競輪,F2,A3 challenge,1,チャレンジ一般,21:06,21:01,6,https://keirin.kdreams.jp/takeo/racedetail/8420230701030001/?pageType=odds,2026-10-07T18:22:15.029314+00:00,4-1-2/5-6-3,published,百万弗,楽天Kドリームス 並び予想
8420230701030002,2023-07-03,武雄競輪,F2,A3 challenge,2,チャレンジ一般,21:30,21:25,6,https://keirin.kdreams.jp/takeo/racedetail/8420230701030002/?pageType=odds,2026-10-07T18:22:16.999282+00:00,1-4-2/3/5-6,published,百万弗,楽天Kドリームス 並び予想
8420230701030003,2023-07-03,武雄競輪,F2,A3 challenge,3,チャレンジ一般,21:54,21:49,6,https://keirin.kdreams.jp/takeo/racedetail/8420230701030003/?pageType=odds,2026-10-07T18:22:18.802728+00:00,2-3-1-4/6-5,published,百万弗,楽天Kドリームス 並び予想
8420230701030004,2023-07-03,武雄競輪,F2,A3 challenge,4,チャレンジ選抜,22:18,22:13,7,https://keirin.kdreams.jp/takeo/racedetail/8420230701030004/?pageType=odds,2026-10-07T18:22:20.708601+00:00,1-2-5/6-3-4/7,published,百万弗,楽天Kドリームス 並び予想
8420230701030005,2023-07-03,武雄競輪,F2,A3 challenge,5,チャレンジ選抜,22:42,22:37,7,https://keirin.kdreams.jp/takeo/racedetail/8420230701030005/?pageType=odds,2026-10-07T18:22:22.642070+00:00,4-1-5/6-2-7/3,published,百万弗,楽天Kドリームス 並び予想
8420230701030006,2023-07-03,武雄競輪,F2,A3 challenge,6,チャレンジ選抜,23:06,23:01,7,https://keirin.kdreams.jp/takeo/racedetail/8420230701030006/?pageType=odds,2026-10-07T18:22:24.516913+00:00,1-4-5/3-2-6-7,published,百万弗,楽天Kドリームス 並び予想
8420230701030007,2023-07-03,武雄競輪,F2,A3 challenge,7,チャレンジ決勝,23:30,23:25,7,https://keirin.kdreams.jp/takeo/racedetail/8420230701030007/?pageType=odds,2026-10-07T18:22:26.359481+00:00,5-7-1/6-2-3/4,published,百万弗,楽天Kドリームス 並び予想
7120230702020001,2023-07-03,高松競輪,F2,A3 challenge,1,チャレンジ一般,08:40,08:35,5,https://keirin.kdreams.jp/takamatsu/racedetail/7120230702020001/?pageType=odds,2026-10-07T18:22:37.585993+00:00,4-2-5-1/3,published,競輪毎日,楽天Kドリームス 並び予想
7120230702020002,2023-07-03,高松競輪,F2,A3 challenge,2,チャレンジ一般,09:00,08:55,6,https://keirin.kdreams.jp/takamatsu/racedetail/7120230702020002/?pageType=odds,2026-10-07T18:22:39.380811+00:00,1-4-6/5-3-2,published,競輪毎日,楽天Kドリームス 並び予想
7120230702020003,2023-07-03,高松競輪,F2,A3 challenge,3,チャレンジ準決勝,09:20,09:15,7,https://keirin.kdreams.jp/takamatsu/racedetail/7120230702020003/?pageType=odds,2026-10-07T18:22:41.198596+00:00,2-7-6/4-1/5-3,published,競輪毎日,楽天Kドリームス 並び予想
7120230702020004,2023-07-03,高松競輪,F2,A3 challenge,4,チャレンジ準決勝,09:40,09:35,7,https://keirin.kdreams.jp/takamatsu/racedetail/7120230702020004/?pageType=odds,2026-10-07T18:22:43.091504+00:00,1-7/4-2/3-5-6,published,競輪毎日,楽天Kドリームス 並び予想
7120230702020005,2023-07-03,高松競輪,F2,A3 challenge,5,チャレンジ準決勝,10:00,09:55,7,https://keirin.kdreams.jp/takamatsu/racedetail/7120230702020005/?pageType=odds,2026-10-07T18:22:44.996680+00:00,3-1-5/4/7-2-6,published,競輪毎日,楽天Kドリームス 並び予想
3120230704010001,2023-07-04,松戸競輪,F2,A3 challenge,1,チャレンジ予選,20:40,20:35,7,https://keirin.kdreams.jp/matsudo/racedetail/3120230704010001/?pageType=odds,2026-10-07T18:22:56.501530+00:00,3-1-4/5-2/7-6,published,アオケイ,楽天Kドリームス 並び予想
3120230704010002,2023-07-04,松戸競輪,F2,A3 challenge,2,チャレンジ予選,21:00,20:55,7,https://keirin.kdreams.jp/matsudo/racedetail/3120230704010002/?pageType=odds,2026-10-07T18:22:58.557816+00:00,1-5-7/4-2-3-6,published,アオケイ,楽天Kドリームス 並び予想
3120230704010003,2023-07-04,松戸競輪,F2,A3 challenge,3,チャレンジ予選,21:20,21:15,7,https://keirin.kdreams.jp/matsudo/racedetail/3120230704010003/?pageType=odds,2026-10-07T18:23:00.572425+00:00,5-1-4/2-3/6-7,published,アオケイ,楽天Kドリームス 並び予想
3120230704010004,2023-07-04,松戸競輪,F2,A3 challenge,4,チャレンジ予選,21:40,21:35,7,https://keirin.kdreams.jp/matsudo/racedetail/3120230704010004/?pageType=odds,2026-10-07T18:23:02.338247+00:00,1-2-6/7/3-4-5,published,アオケイ,楽天Kドリームス 並び予想
7120230702030001,2023-07-04,高松競輪,F2,A3 challenge,1,チャレンジ一般,08:40,08:35,5,https://keirin.kdreams.jp/takamatsu/racedetail/7120230702030001/?pageType=odds,2026-10-07T18:22:46.758320+00:00,1-4/3-5-2,published,競輪毎日,楽天Kドリームス 並び予想
7120230702030002,2023-07-04,高松競輪,F2,A3 challenge,2,チャレンジ一般,09:00,08:55,6,https://keirin.kdreams.jp/takamatsu/racedetail/7120230702030002/?pageType=odds,2026-10-07T18:22:48.533381+00:00,5-1-3/2-4-6,published,競輪毎日,楽天Kドリームス 並び予想
7120230702030003,2023-07-04,高松競輪,F2,A3 challenge,3,チャレンジ選抜,09:20,09:15,7,https://keirin.kdreams.jp/takamatsu/racedetail/7120230702030003/?pageType=odds,2026-10-07T18:22:50.548804+00:00,3-2-5/1/7-4-6,published,競輪毎日,楽天Kドリームス 並び予想
7120230702030004,2023-07-04,高松競輪,F2,A3 challenge,4,チャレンジ選抜,09:40,09:35,7,https://keirin.kdreams.jp/takamatsu/racedetail/7120230702030004/?pageType=odds,2026-10-07T18:22:52.459640+00:00,5-1/2-6/3-7-4,published,競輪毎日,楽天Kドリームス 並び予想
7120230702030011,2023-07-04,高松競輪,F2,A3 challenge,11,チャレンジ決勝,12:13,12:08,7,https://keirin.kdreams.jp/takamatsu/racedetail/7120230702030011/?pageType=odds,2026-10-07T18:22:54.317392+00:00,1-7/2-6/5-3/4,published,競輪毎日,楽天Kドリームス 並び予想
3120230704020001,2023-07-05,松戸競輪,F2,A3 challenge,1,チャレンジ一般,20:40,20:35,7,https://keirin.kdreams.jp/matsudo/racedetail/3120230704020001/?pageType=odds,2026-10-07T18:23:04.579796+00:00,1-2-3/6/4-5-7,published,アオケイ,楽天Kドリームス 並び予想
3120230704020002,2023-07-05,松戸競輪,F2,A3 challenge,2,チャレンジ一般,21:00,20:55,7,https://keirin.kdreams.jp/matsudo/racedetail/3120230704020002/?pageType=odds,2026-10-07T18:23:06.386465+00:00,5-2-3/1-7/6-4,published,アオケイ,楽天Kドリームス 並び予想
3120230704020003,2023-07-05,松戸競輪,F2,A3 challenge,3,チャレンジ準決勝,21:20,21:15,7,https://keirin.kdreams.jp/matsudo/racedetail/3120230704020003/?pageType=odds,2026-10-07T18:23:08.292002+00:00,1-3/6-2/5-4-7,published,アオケイ,楽天Kドリームス 並び予想
3120230704020004,2023-07-05,松戸競輪,F2,A3 challenge,4,チャレンジ準決勝,21:40,21:35,7,https://keirin.kdreams.jp/matsudo/racedetail/3120230704020004/?pageType=odds,2026-10-07T18:23:10.288289+00:00,3-1-6/4-7/5-2,published,アオケイ,楽天Kドリームス 並び予想
2520230706010001,2023-07-06,大宮競輪,F2,A3 challenge,1,チャレンジ予選,10:36,10:31,7,https://keirin.kdreams.jp/omiya/racedetail/2520230706010001/?pageType=odds,2026-10-07T18:23:20.165074+00:00,1-4-6/5-2-7-3,published,アオケイ,楽天Kドリームス 並び予想
2520230706010002,2023-07-06,大宮競輪,F2,A3 challenge,2,チャレンジ予選,11:03,10:58,7,https://keirin.kdreams.jp/omiya/racedetail/2520230706010002/?pageType=odds,2026-10-07T18:23:22.137012+00:00,1-5/7-2/3-4-6,published,アオケイ,楽天Kドリームス 並び予想
2520230706010003,2023-07-06,大宮競輪,F2,A3 challenge,3,チャレンジ予選,11:31,11:26,7,https://keirin.kdreams.jp/omiya/racedetail/2520230706010003/?pageType=odds,2026-10-07T18:23:24.200553+00:00,1-7-6/5-2/4-3,published,アオケイ,楽天Kドリームス 並び予想
2520230706010004,2023-07-06,大宮競輪,F2,A3 challenge,4,チャレンジ予選,12:00,11:55,7,https://keirin.kdreams.jp/omiya/racedetail/2520230706010004/?pageType=odds,2026-10-07T18:23:26.174433+00:00,5-1/2-4-6/7-3,published,アオケイ,楽天Kドリームス 並び予想
2520230706010005,2023-07-06,大宮競輪,F2,A3 challenge,5,チャレンジ予選,12:29,12:24,7,https://keirin.kdreams.jp/omiya/racedetail/2520230706010005/?pageType=odds,2026-10-07T18:23:28.112780+00:00,4-1-5/2-6/7-3,published,アオケイ,楽天Kドリームス 並び予想
4620230706010001,2023-07-06,富山競輪,F2,A3 challenge,1,チャレンジ予選,10:43,10:38,7,https://keirin.kdreams.jp/toyama/racedetail/4620230706010001/?pageType=odds,2026-10-07T18:24:18.926779+00:00,5-7-1/2-4/6-3,published,中部競輪,楽天Kドリームス 並び予想
4620230706010002,2023-07-06,富山競輪,F2,A3 challenge,2,チャレンジ予選,11:07,11:02,7,https://keirin.kdreams.jp/toyama/racedetail/4620230706010002/?pageType=odds,2026-10-07T18:24:20.730441+00:00,1-4-6/2-7/5-3,published,中部競輪,楽天Kドリームス 並び予想
4620230706010003,2023-07-06,富山競輪,F2,A3 challenge,3,チャレンジ予選,11:33,11:28,7,https://keirin.kdreams.jp/toyama/racedetail/4620230706010003/?pageType=odds,2026-10-07T18:24:22.549560+00:00,1-5-4/2-7/6-3,published,中部競輪,楽天Kドリームス 並び予想
4620230706010004,2023-07-06,富山競輪,F2,A3 challenge,4,チャレンジ予選,11:59,11:54,7,https://keirin.kdreams.jp/toyama/racedetail/4620230706010004/?pageType=odds,2026-10-07T18:24:24.386001+00:00,4-1-6/3-7-2/5,published,中部競輪,楽天Kドリームス 並び予想
4620230706010005,2023-07-06,富山競輪,F2,A3 challenge,5,チャレンジ予選,12:26,12:21,7,https://keirin.kdreams.jp/toyama/racedetail/4620230706010005/?pageType=odds,2026-10-07T18:24:26.297707+00:00,2-7/6-1/3-5/4,published,中部競輪,楽天Kドリームス 並び予想
3120230704030001,2023-07-06,松戸競輪,F2,A3 challenge,1,チャレンジ一般,20:40,20:35,6,https://keirin.kdreams.jp/matsudo/racedetail/3120230704030001/?pageType=odds,2026-10-07T18:23:12.257952+00:00,4-3-5/1-6/2,published,アオケイ,楽天Kドリームス 並び予想
3120230704030002,2023-07-06,松戸競輪,F2,A3 challenge,2,チャレンジ一般,21:00,20:55,6,https://keirin.kdreams.jp/matsudo/racedetail/3120230704030002/?pageType=odds,2026-10-07T18:23:14.158118+00:00,3-2-5-6/1/4,published,アオケイ,楽天Kドリームス 並び予想
3120230704030003,2023-07-06,松戸競輪,F2,A3 challenge,3,チャレンジ選抜,21:20,21:15,7,https://keirin.kdreams.jp/matsudo/racedetail/3120230704030003/?pageType=odds,2026-10-07T18:23:16.002688+00:00,4-1/3-2/5-6-7,published,アオケイ,楽天Kドリームス 並び予想
3120230704030008,2023-07-06,松戸競輪,F2,A3 challenge,8,チャレンジ決勝,23:00,22:55,7,https://keirin.kdreams.jp/matsudo/racedetail/3120230704030008/?pageType=odds,2026-10-07T18:23:18.200966+00:00,2-1-6/5-3/7-4,published,アオケイ,楽天Kドリームス 並び予想
8420230706010001,2023-07-06,武雄競輪,F2,A3 challenge,1,チャレンジ予選,15:37,15:32,7,https://keirin.kdreams.jp/takeo/racedetail/8420230706010001/?pageType=odds,2026-10-07T18:23:49.875576+00:00,7-1-5/3/4-2-6,published,百万弗,楽天Kドリームス 並び予想
8420230706010002,2023-07-06,武雄競輪,F2,A3 challenge,2,チャレンジ予選,15:57,15:52,7,https://keirin.kdreams.jp/takeo/racedetail/8420230706010002/?pageType=odds,2026-10-07T18:23:51.711394+00:00,5-2/1/3-6/4-7,published,百万弗,楽天Kドリームス 並び予想
8420230706010003,2023-07-06,武雄競輪,F2,A3 challenge,3,チャレンジ予選,16:18,16:13,7,https://keirin.kdreams.jp/takeo/racedetail/8420230706010003/?pageType=odds,2026-10-07T18:23:53.467048+00:00,5-1-6-3/2-4/7,published,百万弗,楽天Kドリームス 並び予想
8420230706010004,2023-07-06,武雄競輪,F2,A3 challenge,4,チャレンジ予選,16:39,16:34,7,https://keirin.kdreams.jp/takeo/racedetail/8420230706010004/?pageType=odds,2026-10-07T18:23:55.390466+00:00,1-5/3-6/4-2-7,published,百万弗,楽天Kドリームス 並び予想
8420230706010005,2023-07-06,武雄競輪,F2,A3 challenge,5,チャレンジ予選,17:02,16:57,7,https://keirin.kdreams.jp/takeo/racedetail/8420230706010005/?pageType=odds,2026-10-07T18:23:57.614738+00:00,5-3-6/1/7-2-4,published,百万弗,楽天Kドリームス 並び予想
1120230707010001,2023-07-07,函館競輪,F2,A3 challenge,1,チャレンジ予選,20:40,20:35,7,https://keirin.kdreams.jp/hakodate/racedetail/1120230707010001/?pageType=odds,2026-10-07T18:24:46.803270+00:00,7-1-3-2/5-4/6,published,北競,楽天Kドリームス 並び予想
1120230707010002,2023-07-07,函館競輪,F2,A3 challenge,2,チャレンジ予選,21:00,20:55,7,https://keirin.kdreams.jp/hakodate/racedetail/1120230707010002/?pageType=odds,2026-10-07T18:24:48.604883+00:00,5-1-3/4-2-7-6,published,北競,楽天Kドリームス 並び予想
1120230707010003,2023-07-07,函館競輪,F2,A3 challenge,3,チャレンジ予選,21:20,21:15,7,https://keirin.kdreams.jp/hakodate/racedetail/1120230707010003/?pageType=odds,2026-10-07T18:24:50.513667+00:00,2-4-6/3-1/5/7,published,北競,楽天Kドリームス 並び予想
1120230707010004,2023-07-07,函館競輪,F2,A3 challenge,4,チャレンジ予選,21:40,21:35,7,https://keirin.kdreams.jp/hakodate/racedetail/1120230707010004/?pageType=odds,2026-10-07T18:24:52.467484+00:00,2-3-6/1-4/7-5,published,北競,楽天Kドリームス 並び予想
2520230706020001,2023-07-07,大宮競輪,F2,A3 challenge,1,チャレンジ一般,10:36,10:31,7,https://keirin.kdreams.jp/omiya/racedetail/2520230706020001/?pageType=odds,2026-10-07T18:23:30.229852+00:00,1-7-6/5-2/4-3,published,アオケイ,楽天Kドリームス 並び予想
2520230706020002,2023-07-07,大宮競輪,F2,A3 challenge,2,チャレンジ一般,11:03,10:58,7,https://keirin.kdreams.jp/omiya/racedetail/2520230706020002/?pageType=odds,2026-10-07T18:23:32.138259+00:00,1-4/6-2/3-7-5,published,アオケイ,楽天Kドリームス 並び予想
2520230706020003,2023-07-07,大宮競輪,F2,A3 challenge,3,チャレンジ準決勝,11:31,11:26,7,https://keirin.kdreams.jp/omiya/racedetail/2520230706020003/?pageType=odds,2026-10-07T18:23:34.365367+00:00,3-1-5/6/4-2-7,published,アオケイ,楽天Kドリームス 並び予想
2520230706020004,2023-07-07,大宮競輪,F2,A3 challenge,4,チャレンジ準決勝,12:00,11:55,7,https://keirin.kdreams.jp/omiya/racedetail/2520230706020004/?pageType=odds,2026-10-07T18:23:36.298544+00:00,7-1/2-5-6/4-3,published,アオケイ,楽天Kドリームス 並び予想
2520230706020005,2023-07-07,大宮競輪,F2,A3 challenge,5,チャレンジ準決勝,12:29,12:24,7,https://keirin.kdreams.jp/omiya/racedetail/2520230706020005/?pageType=odds,2026-10-07T18:23:38.223129+00:00,1-5-7-6/2-4/3,published,アオケイ,楽天Kドリームス 並び予想
4620230706020001,2023-07-07,富山競輪,F2,A3 challenge,1,チャレンジ一般,10:43,10:38,6,https://keirin.kdreams.jp/toyama/racedetail/4620230706020001/?pageType=odds,2026-10-07T18:24:28.243818+00:00,3-1-6/2-5-4,published,中部競輪,楽天Kドリームス 並び予想
4620230706020002,2023-07-07,富山競輪,F2,A3 challenge,2,チャレンジ一般,11:07,11:02,7,https://keirin.kdreams.jp/toyama/racedetail/4620230706020002/?pageType=odds,2026-10-07T18:24:30.095335+00:00,1-5-6/3/2-7-4,published,中部競輪,楽天Kドリームス 並び予想
4620230706020003,2023-07-07,富山競輪,F2,A3 challenge,3,チャレンジ準決勝,11:33,11:28,7,https://keirin.kdreams.jp/toyama/racedetail/4620230706020003/?pageType=odds,2026-10-07T18:24:31.901841+00:00,4-1-5/7-2/3-6,published,中部競輪,楽天Kドリームス 並び予想
4620230706020004,2023-07-07,富山競輪,F2,A3 challenge,4,チャレンジ準決勝,11:59,11:54,7,https://keirin.kdreams.jp/toyama/racedetail/4620230706020004/?pageType=odds,2026-10-07T18:24:33.699601+00:00,5-1/7-2/3-4-6,published,中部競輪,楽天Kドリームス 並び予想
4620230706020005,2023-07-07,富山競輪,F2,A3 challenge,5,チャレンジ準決勝,12:26,12:21,7,https://keirin.kdreams.jp/toyama/racedetail/4620230706020005/?pageType=odds,2026-10-07T18:24:35.545936+00:00,7-1/5-2-6/4-3,published,中部競輪,楽天Kドリームス 並び予想
8420230706020001,2023-07-07,武雄競輪,F2,A3 challenge,1,チャレンジ一般,15:37,15:32,7,https://keirin.kdreams.jp/takeo/racedetail/8420230706020001/?pageType=odds,2026-10-07T18:23:59.506616+00:00,3-7-2-5/4-6-1,published,百万弗,楽天Kドリームス 並び予想
8420230706020002,2023-07-07,武雄競輪,F2,A3 challenge,2,チャレンジ一般,15:57,15:52,7,https://keirin.kdreams.jp/takeo/racedetail/8420230706020002/?pageType=odds,2026-10-07T18:24:01.377344+00:00,2-7-4/1/5-3-6,published,百万弗,楽天Kドリームス 並び予想
8420230706020003,2023-07-07,武雄競輪,F2,A3 challenge,3,チャレンジ準決勝,16:18,16:13,7,https://keirin.kdreams.jp/takeo/racedetail/8420230706020003/?pageType=odds,2026-10-07T18:24:03.348585+00:00,1-6/5-3/4/7-2,published,百万弗,楽天Kドリームス 並び予想
8420230706020004,2023-07-07,武雄競輪,F2,A3 challenge,4,チャレンジ準決勝,16:39,16:34,7,https://keirin.kdreams.jp/takeo/racedetail/8420230706020004/?pageType=odds,2026-10-07T18:24:05.346124+00:00,7-1-5/4/2-6-3,published,百万弗,楽天Kドリームス 並び予想
8420230706020005,2023-07-07,武雄競輪,F2,A3 challenge,5,チャレンジ準決勝,17:02,16:57,7,https://keirin.kdreams.jp/takeo/racedetail/8420230706020005/?pageType=odds,2026-10-07T18:24:07.577195+00:00,3-7-1/2-4/5-6,published,百万弗,楽天Kドリームス 並び予想
1120230707020001,2023-07-08,函館競輪,F2,A3 challenge,1,チャレンジ一般,20:40,20:35,7,https://keirin.kdreams.jp/hakodate/racedetail/1120230707020001/?pageType=odds,2026-10-07T18:24:54.259049+00:00,4-1-6/2-3/5-7,published,北競,楽天Kドリームス 並び予想
1120230707020002,2023-07-08,函館競輪,F2,A3 challenge,2,チャレンジ一般,21:00,20:55,7,https://keirin.kdreams.jp/hakodate/racedetail/1120230707020002/?pageType=odds,2026-10-07T18:24:56.034048+00:00,7-1-3/6-2-4-5,published,北競,楽天Kドリームス 並び予想
1120230707020003,2023-07-08,函館競輪,F2,A3 challenge,3,チャレンジ準決勝,21:20,21:15,7,https://keirin.kdreams.jp/hakodate/racedetail/1120230707020003/?pageType=odds,2026-10-07T18:24:57.893650+00:00,1-5-4-7/3-2-6,published,北競,楽天Kドリームス 並び予想
1120230707020004,2023-07-08,函館競輪,F2,A3 challenge,4,チャレンジ準決勝,21:40,21:35,7,https://keirin.kdreams.jp/hakodate/racedetail/1120230707020004/?pageType=odds,2026-10-07T18:24:59.682573+00:00,2-6-4-7/3-1/5,published,北競,楽天Kドリームス 並び予想
2520230706030001,2023-07-08,大宮競輪,F2,A3 challenge,1,チャレンジ一般,10:36,10:31,7,https://keirin.kdreams.jp/omiya/racedetail/2520230706030001/?pageType=odds,2026-10-07T18:23:40.028813+00:00,7-3-1/6/2-5-4,published,アオケイ,楽天Kドリームス 並び予想
2520230706030002,2023-07-08,大宮競輪,F2,A3 challenge,2,チャレンジ一般,11:03,10:58,7,https://keirin.kdreams.jp/omiya/racedetail/2520230706030002/?pageType=odds,2026-10-07T18:23:41.895135+00:00,7-5-1/2-6/3-4,published,アオケイ,楽天Kドリームス 並び予想
2520230706030003,2023-07-08,大宮競輪,F2,A3 challenge,3,チャレンジ選抜,11:31,11:26,7,https://keirin.kdreams.jp/omiya/racedetail/2520230706030003/?pageType=odds,2026-10-07T18:23:43.832687+00:00,1-5-2/4-7-3-6,published,アオケイ,楽天Kドリームス 並び予想
2520230706030004,2023-07-08,大宮競輪,F2,A3 challenge,4,チャレンジ選抜,12:00,11:55,7,https://keirin.kdreams.jp/omiya/racedetail/2520230706030004/?pageType=odds,2026-10-07T18:23:45.760617+00:00,7-1-4/6/2-3-5,published,アオケイ,楽天Kドリームス 並び予想
2520230706030010,2023-07-08,大宮競輪,F2,A3 challenge,10,チャレンジ決勝,15:12,15:07,7,https://keirin.kdreams.jp/omiya/racedetail/2520230706030010/?pageType=odds,2026-10-07T18:23:47.848414+00:00,1-7-3-5/2-4/6,published,アオケイ,楽天Kドリームス 並び予想
4620230706030001,2023-07-08,富山競輪,F2,A3 challenge,1,チャレンジ一般,10:41,10:36,5,https://keirin.kdreams.jp/toyama/racedetail/4620230706030001/?pageType=odds,2026-10-07T18:24:37.680670+00:00,5-3-1/4-2,published,中部競輪,楽天Kドリームス 並び予想
4620230706030002,2023-07-08,富山競輪,F2,A3 challenge,2,チャレンジ一般,11:05,11:00,5,https://keirin.kdreams.jp/toyama/racedetail/4620230706030002/?pageType=odds,2026-10-07T18:24:39.368560+00:00,5-1-3/4-2,published,中部競輪,楽天Kドリームス 並び予想
4620230706030003,2023-07-08,富山競輪,F2,A3 challenge,3,チャレンジ選抜,11:29,11:24,7,https://keirin.kdreams.jp/toyama/racedetail/4620230706030003/?pageType=odds,2026-10-07T18:24:41.236686+00:00,6-1-3/2-5-4/7,published,中部競輪,楽天Kドリームス 並び予想
4620230706030004,2023-07-08,富山競輪,F2,A3 challenge,4,チャレンジ選抜,11:55,11:50,7,https://keirin.kdreams.jp/toyama/racedetail/4620230706030004/?pageType=odds,2026-10-07T18:24:43.035676+00:00,1-7/2-5-6/4-3,published,中部競輪,楽天Kドリームス 並び予想
4620230706030011,2023-07-08,富山競輪,F2,A3 challenge,11,チャレンジ決勝,15:42,15:37,7,https://keirin.kdreams.jp/toyama/racedetail/4620230706030011/?pageType=odds,2026-10-07T18:24:45.000106+00:00,1-4/2/7/6-3-5,published,中部競輪,楽天Kドリームス 並び予想
8420230706030001,2023-07-08,武雄競輪,F2,A3 challenge,1,チャレンジ一般,15:37,15:32,6,https://keirin.kdreams.jp/takeo/racedetail/8420230706030001/?pageType=odds,2026-10-07T18:24:09.409807+00:00,1-4/2/5/3-6,published,百万弗,楽天Kドリームス 並び予想
8420230706030002,2023-07-08,武雄競輪,F2,A3 challenge,2,チャレンジ一般,15:57,15:52,6,https://keirin.kdreams.jp/takeo/racedetail/8420230706030002/?pageType=odds,2026-10-07T18:24:11.186609+00:00,4-1/5-2/6-3,published,百万弗,楽天Kドリームス 並び予想
8420230706030003,2023-07-08,武雄競輪,F2,A3 challenge,3,チャレンジ選抜,16:18,16:13,7,https://keirin.kdreams.jp/takeo/racedetail/8420230706030003/?pageType=odds,2026-10-07T18:24:13.140745+00:00,1/2/5/7/4-3-6,published,百万弗,楽天Kドリームス 並び予想
8420230706030004,2023-07-08,武雄競輪,F2,A3 challenge,4,チャレンジ選抜,16:39,16:34,7,https://keirin.kdreams.jp/takeo/racedetail/8420230706030004/?pageType=odds,2026-10-07T18:24:15.077804+00:00,1-7/3/4-2-6/5,published,百万弗,楽天Kドリームス 並び予想
8420230706030007,2023-07-08,武雄競輪,F2,A3 challenge,7,チャレンジ決勝,17:51,17:46,7,https://keirin.kdreams.jp/takeo/racedetail/8420230706030007/?pageType=odds,2026-10-07T18:24:17.170921+00:00,4-1/2/3-7/5-6,published,百万弗,楽天Kドリームス 並び予想
1120230707030001,2023-07-09,函館競輪,F2,A3 challenge,1,チャレンジ一般,20:40,20:35,7,https://keirin.kdreams.jp/hakodate/racedetail/1120230707030001/?pageType=odds,2026-10-07T18:25:01.552657+00:00,6-1-2/7-5-3/4,published,北競,楽天Kドリームス 並び予想
1120230707030002,2023-07-09,函館競輪,F2,A3 challenge,2,チャレンジ一般,21:00,20:55,7,https://keirin.kdreams.jp/hakodate/racedetail/1120230707030002/?pageType=odds,2026-10-07T18:25:03.371932+00:00,7-1-3/2-4/5-6,published,北競,楽天Kドリームス 並び予想
1120230707030003,2023-07-09,函館競輪,F2,A3 challenge,3,チャレンジ選抜,21:20,21:15,7,https://keirin.kdreams.jp/hakodate/racedetail/1120230707030003/?pageType=odds,2026-10-07T18:25:05.345857+00:00,2-1-6/3-7-4/5,published,北競,楽天Kドリームス 並び予想
1120230707030008,2023-07-09,函館競輪,F2,A3 challenge,8,チャレンジ決勝,23:00,22:55,7,https://keirin.kdreams.jp/hakodate/racedetail/1120230707030008/?pageType=odds,2026-10-07T18:25:07.281657+00:00,1-6-7/2/4-3/5,published,北競,楽天Kドリームス 並び予想
8320230710010001,2023-07-10,久留米競輪,F2,A3 challenge,1,チャレンジ予選,16:00,15:55,7,https://keirin.kdreams.jp/kurume/racedetail/8320230710010001/?pageType=odds,2026-10-07T18:25:09.243684+00:00,5-2-7/3-4-1/6,published,コンドル出版社,楽天Kドリームス 並び予想
8320230710010002,2023-07-10,久留米競輪,F2,A3 challenge,2,チャレンジ予選,16:23,16:18,7,https://keirin.kdreams.jp/kurume/racedetail/8320230710010002/?pageType=odds,2026-10-07T18:25:11.217901+00:00,4-2-6/3-7-1/5,published,コンドル出版社,楽天Kドリームス 並び予想
8320230710010003,2023-07-10,久留米競輪,F2,A3 challenge,3,チャレンジ予選,16:46,16:41,7,https://keirin.kdreams.jp/kurume/racedetail/8320230710010003/?pageType=odds,2026-10-07T18:25:13.395206+00:00,4-1-7-2/3-5-6,published,コンドル出版社,楽天Kドリームス 並び予想
8320230710010004,2023-07-10,久留米競輪,F2,A3 challenge,4,チャレンジ予選,17:09,17:04,7,https://keirin.kdreams.jp/kurume/racedetail/8320230710010004/?pageType=odds,2026-10-07T18:25:15.318023+00:00,2-7-5-6/1/4-3,published,コンドル出版社,楽天Kドリームス 並び予想
8320230710010005,2023-07-10,久留米競輪,F2,A3 challenge,5,チャレンジ予選,17:32,17:27,7,https://keirin.kdreams.jp/kurume/racedetail/8320230710010005/?pageType=odds,2026-10-07T18:25:17.186538+00:00,4-1-7/5-2-3/6,published,コンドル出版社,楽天Kドリームス 並び予想
5420230710010001,2023-07-10,向日町競輪,F2,A3 challenge,1,チャレンジ予選,20:50,20:45,7,https://keirin.kdreams.jp/mukomachi/racedetail/5420230710010001/?pageType=odds,2026-10-07T18:25:33.936607+00:00,3-1-7/2-6/4-5,published,競輪研究,楽天Kドリームス 並び予想
5420230710010002,2023-07-10,向日町競輪,F2,A3 challenge,2,チャレンジ予選,21:10,21:05,7,https://keirin.kdreams.jp/mukomachi/racedetail/5420230710010002/?pageType=odds,2026-10-07T18:25:36.022231+00:00,1-6/3-2-4/5/7,published,競輪研究,楽天Kドリームス 並び予想
5420230710010003,2023-07-10,向日町競輪,F2,A3 challenge,3,チャレンジ予選,21:30,21:25,7,https://keirin.kdreams.jp/mukomachi/racedetail/5420230710010003/?pageType=odds,2026-10-07T18:25:37.722775+00:00,1-6-7/4-2/5-3,published,競輪研究,楽天Kドリームス 並び予想
5420230710010004,2023-07-10,向日町競輪,F2,A3 challenge,4,チャレンジ予選,21:50,21:45,7,https://keirin.kdreams.jp/mukomachi/racedetail/5420230710010004/?pageType=odds,2026-10-07T18:25:39.529694+00:00,4-1/2-6/3-5-7,published,競輪研究,楽天Kドリームス 並び予想
5520230710010001,2023-07-10,和歌山競輪,F2,A3 challenge,1,チャレンジ予選,08:40,08:35,7,https://keirin.kdreams.jp/wakayama/racedetail/5520230710010001/?pageType=odds,2026-10-07T18:25:54.147788+00:00,7-1/2-5-4/6-3,published,競輪研究,楽天Kドリームス 並び予想
5520230710010002,2023-07-10,和歌山競輪,F2,A3 challenge,2,チャレンジ予選,09:00,08:55,7,https://keirin.kdreams.jp/wakayama/racedetail/5520230710010002/?pageType=odds,2026-10-07T18:25:56.113349+00:00,5-1-4/2-6/3-7,published,競輪研究,楽天Kドリームス 並び予想
5520230710010003,2023-07-10,和歌山競輪,F2,A3 challenge,3,チャレンジ予選,09:20,09:15,7,https://keirin.kdreams.jp/wakayama/racedetail/5520230710010003/?pageType=odds,2026-10-07T18:25:57.989229+00:00,4-1-5/7-2/3-6,published,競輪研究,楽天Kドリームス 並び予想
5520230710010004,2023-07-10,和歌山競輪,F2,A3 challenge,4,チャレンジ予選,09:40,09:35,7,https://keirin.kdreams.jp/wakayama/racedetail/5520230710010004/?pageType=odds,2026-10-07T18:25:59.775255+00:00,3/1-5/4-7-2/6,published,競輪研究,楽天Kドリームス 並び予想
5520230710010005,2023-07-10,和歌山競輪,F2,A3 challenge,5,チャレンジ予選,10:00,09:55,7,https://keirin.kdreams.jp/wakayama/racedetail/5520230710010005/?pageType=odds,2026-10-07T18:26:01.688507+00:00,2-4-7/6/3-5-1,published,競輪研究,楽天Kドリームス 並び予想
8320230710020001,2023-07-11,久留米競輪,F2,A3 challenge,1,チャレンジ一般,16:23,16:18,7,https://keirin.kdreams.jp/kurume/racedetail/8320230710020001/?pageType=odds,2026-10-07T18:25:19.199990+00:00,5-1/2/3-6/4/7,published,コンドル出版社,楽天Kドリームス 並び予想
8320230710020002,2023-07-11,久留米競輪,F2,A3 challenge,2,チャレンジ準決勝,16:46,16:41,7,https://keirin.kdreams.jp/kurume/racedetail/8320230710020002/?pageType=odds,2026-10-07T18:25:21.171846+00:00,2-7/1-6/3-4/5,published,コンドル出版社,楽天Kドリームス 並び予想
8320230710020003,2023-07-11,久留米競輪,F2,A3 challenge,3,チャレンジ準決勝,17:09,17:04,7,https://keirin.kdreams.jp/kurume/racedetail/8320230710020003/?pageType=odds,2026-10-07T18:25:23.157951+00:00,5-1/2-7/4-3-6,published,コンドル出版社,楽天Kドリームス 並び予想
8320230710020004,2023-07-11,久留米競輪,F2,A3 challenge,4,チャレンジ準決勝,17:32,17:27,7,https://keirin.kdreams.jp/kurume/racedetail/8320230710020004/?pageType=odds,2026-10-07T18:25:24.657969+00:00,5-1-4/7-3-2/6,published,コンドル出版社,楽天Kドリームス 並び予想
5420230710020001,2023-07-11,向日町競輪,F2,A3 challenge,1,チャレンジ一般,20:50,20:45,5,https://keirin.kdreams.jp/mukomachi/racedetail/5420230710020001/?pageType=odds,2026-10-07T18:25:41.191822+00:00,1-2-5/3-4,published,競輪研究,楽天Kドリームス 並び予想
5420230710020002,2023-07-11,向日町競輪,F2,A3 challenge,2,チャレンジ一般,21:10,21:05,6,https://keirin.kdreams.jp/mukomachi/racedetail/5420230710020002/?pageType=odds,2026-10-07T18:25:43.122763+00:00,2-1/3-4/6-5,published,競輪研究,楽天Kドリームス 並び予想
5420230710020005,2023-07-11,向日町競輪,F2,A3 challenge,5,チャレンジ準決勝,22:10,22:05,7,https://keirin.kdreams.jp/mukomachi/racedetail/5420230710020005/?pageType=odds,2026-10-07T18:25:44.911910+00:00,6-1/4-2/7/5-3,published,競輪研究,楽天Kドリームス 並び予想
5420230710020006,2023-07-11,向日町競輪,F2,A3 challenge,6,チャレンジ準決勝,22:30,22:25,7,https://keirin.kdreams.jp/mukomachi/racedetail/5420230710020006/?pageType=odds,2026-10-07T18:25:46.758978+00:00,3-1/6-2/4-7-5,published,競輪研究,楽天Kドリームス 並び予想
5520230710020001,2023-07-11,和歌山競輪,F2,A3 challenge,1,チャレンジ一般,08:40,08:35,6,https://keirin.kdreams.jp/wakayama/racedetail/5520230710020001/?pageType=odds,2026-10-07T18:26:03.563021+00:00,4-1-6/2-3-5,published,競輪研究,楽天Kドリームス 並び予想
5520230710020002,2023-07-11,和歌山競輪,F2,A3 challenge,2,チャレンジ一般,09:00,08:55,7,https://keirin.kdreams.jp/wakayama/racedetail/5520230710020002/?pageType=odds,2026-10-07T18:26:05.348990+00:00,4-7-1-3/2/5/6,published,競輪研究,楽天Kドリームス 並び予想
5520230710020003,2023-07-11,和歌山競輪,F2,A3 challenge,3,チャレンジ準決勝,09:20,09:15,7,https://keirin.kdreams.jp/wakayama/racedetail/5520230710020003/?pageType=odds,2026-10-07T18:26:07.197306+00:00,5-1/7-2/4-3-6,published,競輪研究,楽天Kドリームス 並び予想
5520230710020004,2023-07-11,和歌山競輪,F2,A3 challenge,4,チャレンジ準決勝,09:40,09:35,7,https://keirin.kdreams.jp/wakayama/racedetail/5520230710020004/?pageType=odds,2026-10-07T18:26:09.239133+00:00,5-1-4/2-6/3-7,published,競輪研究,楽天Kドリームス 並び予想
5520230710020005,2023-07-11,和歌山競輪,F2,A3 challenge,5,チャレンジ準決勝,10:00,09:55,7,https://keirin.kdreams.jp/wakayama/racedetail/5520230710020005/?pageType=odds,2026-10-07T18:26:11.007102+00:00,4-3-1/6/2-7-5,published,競輪研究,楽天Kドリームス 並び予想
8320230710030001,2023-07-12,久留米競輪,F2,A3 challenge,1,チャレンジ一般,16:23,16:18,5,https://keirin.kdreams.jp/kurume/racedetail/8320230710030001/?pageType=odds,2026-10-07T18:25:26.317187+00:00,2-5-1/4-3,published,コンドル出版社,楽天Kドリームス 並び予想
8320230710030002,2023-07-12,久留米競輪,F2,A3 challenge,2,チャレンジ選抜,16:46,16:41,7,https://keirin.kdreams.jp/kurume/racedetail/8320230710030002/?pageType=odds,2026-10-07T18:25:28.409183+00:00,1-6/2-5/7-4-3,published,コンドル出版社,楽天Kドリームス 並び予想
8320230710030003,2023-07-12,久留米競輪,F2,A3 challenge,3,チャレンジ選抜,17:09,17:04,7,https://keirin.kdreams.jp/kurume/racedetail/8320230710030003/?pageType=odds,2026-10-07T18:25:30.132018+00:00,5-2-7-1/3-4/6,published,コンドル出版社,楽天Kドリームス 並び予想
8320230710030009,2023-07-12,久留米競輪,F2,A3 challenge,9,チャレンジ決勝,19:32,19:27,7,https://keirin.kdreams.jp/kurume/racedetail/8320230710030009/?pageType=odds,2026-10-07T18:25:32.121333+00:00,3-5/1-6/2-7/4,published,コンドル出版社,楽天Kドリームス 並び予想
5420230710030001,2023-07-12,向日町競輪,F2,A3 challenge,1,チャレンジ一般,21:10,21:05,7,https://keirin.kdreams.jp/mukomachi/racedetail/5420230710030001/?pageType=odds,2026-10-07T18:25:48.687024+00:00,1-4-6-5/3-2-7,published,競輪研究,楽天Kドリームス 並び予想
5420230710030002,2023-07-12,向日町競輪,F2,A3 challenge,2,チャレンジ選抜,21:30,21:25,7,https://keirin.kdreams.jp/mukomachi/racedetail/5420230710030002/?pageType=odds,2026-10-07T18:25:50.514155+00:00,2-1-6/4/3-5/7,published,競輪研究,楽天Kドリームス 並び予想
5420230710030007,2023-07-12,向日町競輪,F2,A3 challenge,7,チャレンジ決勝,23:10,23:05,7,https://keirin.kdreams.jp/mukomachi/racedetail/5420230710030007/?pageType=odds,2026-10-07T18:25:52.352060+00:00,5-2/1/6-3/7-4,published,競輪研究,楽天Kドリームス 並び予想
5520230710030001,2023-07-12,和歌山競輪,F2,A3 challenge,1,チャレンジ一般,08:40,08:35,5,https://keirin.kdreams.jp/wakayama/racedetail/5520230710030001/?pageType=odds,2026-10-07T18:26:12.934169+00:00,5-3-1/2/4,published,競輪研究,楽天Kドリームス 並び予想
5520230710030002,2023-07-12,和歌山競輪,F2,A3 challenge,2,チャレンジ一般,09:00,08:55,6,https://keirin.kdreams.jp/wakayama/racedetail/5520230710030002/?pageType=odds,2026-10-07T18:26:14.678483+00:00,1/5-3-2/4/6,published,競輪研究,楽天Kドリームス 並び予想
5520230710030003,2023-07-12,和歌山競輪,F2,A3 challenge,3,チャレンジ選抜,09:20,09:15,7,https://keirin.kdreams.jp/wakayama/racedetail/5520230710030003/?pageType=odds,2026-10-07T18:26:16.556939+00:00,1-6/5-2/3-4-7,published,競輪研究,楽天Kドリームス 並び予想
5520230710030004,2023-07-12,和歌山競輪,F2,A3 challenge,4,チャレンジ選抜,09:40,09:35,7,https://keirin.kdreams.jp/wakayama/racedetail/5520230710030004/?pageType=odds,2026-10-07T18:26:18.585691+00:00,5-1-6/3-4-7-2,published,競輪研究,楽天Kドリームス 並び予想
5520230710030007,2023-07-12,和歌山競輪,F2,A3 challenge,7,チャレンジ決勝,10:40,10:35,7,https://keirin.kdreams.jp/wakayama/racedetail/5520230710030007/?pageType=odds,2026-10-07T18:26:20.490785+00:00,1-5-7/2-6/3/4,published,競輪研究,楽天Kドリームス 並び予想
4220230713010001,2023-07-13,名古屋競輪,F2,A3 challenge,1,チャレンジ予選,20:50,20:45,6,https://keirin.kdreams.jp/nagoya/racedetail/4220230713010001/?pageType=odds,2026-10-07T18:26:22.140550+00:00,4-1-6/5-2-3,published,中部競輪,楽天Kドリームス 並び予想
4220230713010002,2023-07-13,名古屋競輪,F2,A3 challenge,2,チャレンジ予選,21:10,21:05,7,https://keirin.kdreams.jp/nagoya/racedetail/4220230713010002/?pageType=odds,2026-10-07T18:26:23.993692+00:00,3-1-4-7/5-2/6,published,中部競輪,楽天Kドリームス 並び予想
4220230713010003,2023-07-13,名古屋競輪,F2,A3 challenge,3,チャレンジ予選,21:30,21:25,7,https://keirin.kdreams.jp/nagoya/racedetail/4220230713010003/?pageType=odds,2026-10-07T18:26:25.782564+00:00,2-1-3/4-5-6/7,published,中部競輪,楽天Kドリームス 並び予想
4220230713010004,2023-07-13,名古屋競輪,F2,A3 challenge,4,チャレンジ予選,21:50,21:45,7,https://keirin.kdreams.jp/nagoya/racedetail/4220230713010004/?pageType=odds,2026-10-07T18:26:27.647482+00:00,2-1-7/6-4/5-3,published,中部競輪,楽天Kドリームス 並び予想
4220230713020001,2023-07-14,名古屋競輪,F2,A3 challenge,1,チャレンジ一般,20:50,20:45,6,https://keirin.kdreams.jp/nagoya/racedetail/4220230713020001/?pageType=odds,2026-10-07T18:26:29.544673+00:00,1-2/4/3-5-6,published,中部競輪,楽天Kドリームス 並び予想
4220230713020002,2023-07-14,名古屋競輪,F2,A3 challenge,2,チャレンジ一般,21:10,21:05,7,https://keirin.kdreams.jp/nagoya/racedetail/4220230713020002/?pageType=odds,2026-10-07T18:26:31.435890+00:00,1-2/3-4-5/7-6,published,中部競輪,楽天Kドリームス 並び予想
4220230713020003,2023-07-14,名古屋競輪,F2,A3 challenge,3,チャレンジ準決勝,21:30,21:25,7,https://keirin.kdreams.jp/nagoya/racedetail/4220230713020003/?pageType=odds,2026-10-07T18:26:33.255277+00:00,6-1-7/2/3-4-5,published,中部競輪,楽天Kドリームス 並び予想
4220230713020004,2023-07-14,名古屋競輪,F2,A3 challenge,4,チャレンジ準決勝,21:50,21:45,7,https://keirin.kdreams.jp/nagoya/racedetail/4220230713020004/?pageType=odds,2026-10-07T18:26:34.947976+00:00,5-1-7/6-2/4-3,published,中部競輪,楽天Kドリームス 並び予想
3820230714010001,2023-07-14,静岡競輪,F2,A3 challenge,1,チャレンジ予選,10:46,10:41,7,https://keirin.kdreams.jp/shizuoka/racedetail/3820230714010001/?pageType=odds,2026-10-07T18:26:43.910686+00:00,1-4-7-6/3/2-5,published,ひかり・小田競,楽天Kドリームス 並び予想
3820230714010002,2023-07-14,静岡競輪,F2,A3 challenge,2,チャレンジ予選,11:14,11:09,7,https://keirin.kdreams.jp/shizuoka/racedetail/3820230714010002/?pageType=odds,2026-10-07T18:26:45.733468+00:00,3-1-7/2-4-5-6,published,ひかり・小田競,楽天Kドリームス 並び予想
3820230714010003,2023-07-14,静岡競輪,F2,A3 challenge,3,チャレンジ予選,11:44,11:39,7,https://keirin.kdreams.jp/shizuoka/racedetail/3820230714010003/?pageType=odds,2026-10-07T18:26:47.514674+00:00,1-5-3/6/7-2-4,published,ひかり・小田競,楽天Kドリームス 並び予想
3820230714010004,2023-07-14,静岡競輪,F2,A3 challenge,4,チャレンジ予選,12:14,12:09,7,https://keirin.kdreams.jp/shizuoka/racedetail/3820230714010004/?pageType=odds,2026-10-07T18:26:49.472016+00:00,6-1-3/4/2-5-7,published,ひかり・小田競,楽天Kドリームス 並び予想
3820230714010005,2023-07-14,静岡競輪,F2,A3 challenge,5,チャレンジ予選,12:45,12:40,7,https://keirin.kdreams.jp/shizuoka/racedetail/3820230714010005/?pageType=odds,2026-10-07T18:26:51.372710+00:00,7-1-5/3/6-2-4,published,ひかり・小田競,楽天Kドリームス 並び予想
8520230715010001,2023-07-15,佐世保競輪,F2,A3 challenge,1,チャレンジ予選,08:30,08:25,7,https://keirin.kdreams.jp/sasebo/racedetail/8520230715010001/?pageType=odds,2026-10-07T18:27:11.669962+00:00,1-5/3/7-2-4-6,published,百万弗,楽天Kドリームス 並び予想
8520230715010002,2023-07-15,佐世保競輪,F2,A3 challenge,2,チャレンジ予選,08:50,08:45,7,https://keirin.kdreams.jp/sasebo/racedetail/8520230715010002/?pageType=odds,2026-10-07T18:27:13.465979+00:00,4-1-6/5-2/7-3,published,百万弗,楽天Kドリームス 並び予想
8520230715010003,2023-07-15,佐世保競輪,F2,A3 challenge,3,チャレンジ予選,09:10,09:05,7,https://keirin.kdreams.jp/sasebo/racedetail/8520230715010003/?pageType=odds,2026-10-07T18:27:15.376118+00:00,7-4-1/6/2-5-3,published,百万弗,楽天Kドリームス 並び予想
8520230715010004,2023-07-15,佐世保競輪,F2,A3 challenge,4,チャレンジ予選,09:30,09:25,7,https://keirin.kdreams.jp/sasebo/racedetail/8520230715010004/?pageType=odds,2026-10-07T18:27:17.465630+00:00,7-4-1/3/5-2-6,published,百万弗,楽天Kドリームス 並び予想
8520230715010005,2023-07-15,佐世保競輪,F2,A3 challenge,5,チャレンジ予選,09:50,09:45,7,https://keirin.kdreams.jp/sasebo/racedetail/8520230715010005/?pageType=odds,2026-10-07T18:27:19.460040+00:00,1-7-5/4-3-2-6,published,百万弗,楽天Kドリームス 並び予想
8520230715010006,2023-07-15,佐世保競輪,F2,A3 challenge,6,チャレンジ予選,10:10,10:05,7,https://keirin.kdreams.jp/sasebo/racedetail/8520230715010006/?pageType=odds,2026-10-07T18:27:21.284808+00:00,4-1-7-5/3/6-2,published,百万弗,楽天Kドリームス 並び予想
8520230715010007,2023-07-15,佐世保競輪,F2,A3 challenge,7,チャレンジ予選,10:30,10:25,7,https://keirin.kdreams.jp/sasebo/racedetail/8520230715010007/?pageType=odds,2026-10-07T18:27:23.055933+00:00,4-1/2-5-6/7-3,published,百万弗,楽天Kドリームス 並び予想
4220230713030001,2023-07-15,名古屋競輪,F2,A3 challenge,1,チャレンジ一般,20:50,20:45,6,https://keirin.kdreams.jp/nagoya/racedetail/4220230713030001/?pageType=odds,2026-10-07T18:26:36.546210+00:00,2-1-6/4-3-5,published,中部競輪,楽天Kドリームス 並び予想
4220230713030002,2023-07-15,名古屋競輪,F2,A3 challenge,2,チャレンジ一般,21:10,21:05,7,https://keirin.kdreams.jp/nagoya/racedetail/4220230713030002/?pageType=odds,2026-10-07T18:26:38.550453+00:00,3-1/2-4-6/7-5,published,中部競輪,楽天Kドリームス 並び予想
4220230713030003,2023-07-15,名古屋競輪,F2,A3 challenge,3,チャレンジ選抜,21:30,21:25,7,https://keirin.kdreams.jp/nagoya/racedetail/4220230713030003/?pageType=odds,2026-10-07T18:26:40.276333+00:00,3-1-4-5/2/6/7,published,中部競輪,楽天Kドリームス 並び予想
4220230713030008,2023-07-15,名古屋競輪,F2,A3 challenge,8,チャレンジ決勝,23:10,23:05,7,https://keirin.kdreams.jp/nagoya/racedetail/4220230713030008/?pageType=odds,2026-10-07T18:26:41.987429+00:00,5-1-7/3/4/6-2,published,中部競輪,楽天Kドリームス 並び予想
3820230714020001,2023-07-15,静岡競輪,F2,A3 challenge,1,チャレンジ一般,10:58,10:53,6,https://keirin.kdreams.jp/shizuoka/racedetail/3820230714020001/?pageType=odds,2026-10-07T18:26:52.989738+00:00,1-6/3-4-5-2,published,ひかり・小田競,楽天Kドリームス 並び予想
3820230714020002,2023-07-15,静岡競輪,F2,A3 challenge,2,チャレンジ一般,11:23,11:18,7,https://keirin.kdreams.jp/shizuoka/racedetail/3820230714020002/?pageType=odds,2026-10-07T18:26:54.669684+00:00,6-2/1/3/7-4-5,published,ひかり・小田競,楽天Kドリームス 並び予想
3820230714020003,2023-07-15,静岡競輪,F2,A3 challenge,3,チャレンジ準決勝,11:48,11:43,7,https://keirin.kdreams.jp/shizuoka/racedetail/3820230714020003/?pageType=odds,2026-10-07T18:26:56.599912+00:00,4-1-3-6/7-2-5,published,ひかり・小田競,楽天Kドリームス 並び予想
3820230714020004,2023-07-15,静岡競輪,F2,A3 challenge,4,チャレンジ準決勝,12:15,12:10,7,https://keirin.kdreams.jp/shizuoka/racedetail/3820230714020004/?pageType=odds,2026-10-07T18:26:58.569910+00:00,6-1/4/7-3-5-2,published,ひかり・小田競,楽天Kドリームス 並び予想
3820230714020005,2023-07-15,静岡競輪,F2,A3 challenge,5,チャレンジ準決勝,12:42,12:37,7,https://keirin.kdreams.jp/shizuoka/racedetail/3820230714020005/?pageType=odds,2026-10-07T18:27:00.409610+00:00,1-3-7/4/2-5-6,published,ひかり・小田競,楽天Kドリームス 並び予想
8520230715020001,2023-07-16,佐世保競輪,F2,A3 challenge,1,チャレンジ一般,08:30,08:25,5,https://keirin.kdreams.jp/sasebo/racedetail/8520230715020001/?pageType=odds,2026-10-07T18:27:24.711943+00:00,2-1-4/3-5,published,百万弗,楽天Kドリームス 並び予想
8520230715020002,2023-07-16,佐世保競輪,F2,A3 challenge,2,チャレンジ一般,08:50,08:45,5,https://keirin.kdreams.jp/sasebo/racedetail/8520230715020002/?pageType=odds,2026-10-07T18:27:26.335959+00:00,1-5/2-4/3,published,百万弗,楽天Kドリームス 並び予想
8520230715020003,2023-07-16,佐世保競輪,F2,A3 challenge,3,チャレンジ選抜,09:10,09:05,7,https://keirin.kdreams.jp/sasebo/racedetail/8520230715020003/?pageType=odds,2026-10-07T18:27:28.130428+00:00,1-4-6/5-2-3/7,published,百万弗,楽天Kドリームス 並び予想
8520230715020004,2023-07-16,佐世保競輪,F2,A3 challenge,4,チャレンジ選抜,09:30,09:25,7,https://keirin.kdreams.jp/sasebo/racedetail/8520230715020004/?pageType=odds,2026-10-07T18:27:29.991849+00:00,5-1-3-6/4-2/7,published,百万弗,楽天Kドリームス 並び予想
8520230715020005,2023-07-16,佐世保競輪,F2,A3 challenge,5,チャレンジ準決勝,09:50,09:45,7,https://keirin.kdreams.jp/sasebo/racedetail/8520230715020005/?pageType=odds,2026-10-07T18:27:31.985412+00:00,2-7/5-4-3/6-1,published,百万弗,楽天Kドリームス 並び予想
8520230715020006,2023-07-16,佐世保競輪,F2,A3 challenge,6,チャレンジ準決勝,10:10,10:05,7,https://keirin.kdreams.jp/sasebo/racedetail/8520230715020006/?pageType=odds,2026-10-07T18:27:33.920094+00:00,2-5-4/3-7-1/6,published,百万弗,楽天Kドリームス 並び予想
8520230715020007,2023-07-16,佐世保競輪,F2,A3 challenge,7,チャレンジ準決勝,10:30,10:25,7,https://keirin.kdreams.jp/sasebo/racedetail/8520230715020007/?pageType=odds,2026-10-07T18:27:35.706048+00:00,1-7/3-6/5-2-4,published,百万弗,楽天Kドリームス 並び予想
2120230716010001,2023-07-16,弥彦競輪,F2,A3 challenge,1,チャレンジ予選,20:50,20:45,7,https://keirin.kdreams.jp/yahiko/racedetail/2120230716010001/?pageType=odds,2026-10-07T18:28:12.044798+00:00,1-5-6/3-2-4-7,published,新潟スポーツ,楽天Kドリームス 並び予想
2120230716010002,2023-07-16,弥彦競輪,F2,A3 challenge,2,チャレンジ予選,21:10,21:05,7,https://keirin.kdreams.jp/yahiko/racedetail/2120230716010002/?pageType=odds,2026-10-07T18:28:13.892940+00:00,1-4-5/2-3/6/7,published,新潟スポーツ,楽天Kドリームス 並び予想
2120230716010003,2023-07-16,弥彦競輪,F2,A3 challenge,3,チャレンジ予選,21:30,21:25,7,https://keirin.kdreams.jp/yahiko/racedetail/2120230716010003/?pageType=odds,2026-10-07T18:28:15.707742+00:00,1-7/2-4-5-3-6,published,新潟スポーツ,楽天Kドリームス 並び予想
2120230716010004,2023-07-16,弥彦競輪,F2,A3 challenge,4,チャレンジ予選,21:50,21:45,7,https://keirin.kdreams.jp/yahiko/racedetail/2120230716010004/?pageType=odds,2026-10-07T18:28:17.607045+00:00,4-1/2-7/3-6-5,published,新潟スポーツ,楽天Kドリームス 並び予想
3820230714030001,2023-07-16,静岡競輪,F2,A3 challenge,1,チャレンジ一般,10:58,10:53,6,https://keirin.kdreams.jp/shizuoka/racedetail/3820230714030001/?pageType=odds,2026-10-07T18:27:02.070031+00:00,6-1-3-5-4/2,published,ひかり・小田競,楽天Kドリームス 並び予想
3820230714030002,2023-07-16,静岡競輪,F2,A3 challenge,2,チャレンジ一般,11:23,11:18,6,https://keirin.kdreams.jp/shizuoka/racedetail/3820230714030002/?pageType=odds,2026-10-07T18:27:03.978149+00:00,5-1/2-3-4/6,published,ひかり・小田競,楽天Kドリームス 並び予想
3820230714030003,2023-07-16,静岡競輪,F2,A3 challenge,3,チャレンジ選抜,11:48,11:43,7,https://keirin.kdreams.jp/shizuoka/racedetail/3820230714030003/?pageType=odds,2026-10-07T18:27:05.821251+00:00,6-5/1/4-3-2-7,published,ひかり・小田競,楽天Kドリームス 並び予想
3820230714030004,2023-07-16,静岡競輪,F2,A3 challenge,4,チャレンジ選抜,12:15,12:10,7,https://keirin.kdreams.jp/shizuoka/racedetail/3820230714030004/?pageType=odds,2026-10-07T18:27:08.048946+00:00,1-4/6-3-7/5-2,published,ひかり・小田競,楽天Kドリームス 並び予想
3820230714030010,2023-07-16,静岡競輪,F2,A3 challenge,10,チャレンジ決勝,15:21,15:16,7,https://keirin.kdreams.jp/shizuoka/racedetail/3820230714030010/?pageType=odds,2026-10-07T18:27:09.831073+00:00,3-1-5/4-2/6-7,published,ひかり・小田競,楽天Kドリームス 並び予想
7420230716010001,2023-07-16,高知競輪,F2,A3 challenge,1,チャレンジ予選,20:40,20:35,7,https://keirin.kdreams.jp/kochi/racedetail/7420230716010001/?pageType=odds,2026-10-07T18:27:48.904269+00:00,3-2-1-4/5-6-7,published,福ちゃん出版社,楽天Kドリームス 並び予想
7420230716010002,2023-07-16,高知競輪,F2,A3 challenge,2,チャレンジ予選,21:00,20:55,7,https://keirin.kdreams.jp/kochi/racedetail/7420230716010002/?pageType=odds,2026-10-07T18:27:51.120417+00:00,2-1-5/3-4-6/7,published,福ちゃん出版社,楽天Kドリームス 並び予想
7420230716010003,2023-07-16,高知競輪,F2,A3 challenge,3,チャレンジ予選,21:20,21:15,7,https://keirin.kdreams.jp/kochi/racedetail/7420230716010003/?pageType=odds,2026-10-07T18:27:52.935968+00:00,2-1-7/4-6/5-3,published,福ちゃん出版社,楽天Kドリームス 並び予想
7420230716010004,2023-07-16,高知競輪,F2,A3 challenge,4,チャレンジ予選,21:40,21:35,7,https://keirin.kdreams.jp/kochi/racedetail/7420230716010004/?pageType=odds,2026-10-07T18:27:55.217451+00:00,2-1-6/3-5/7-4,published,福ちゃん出版社,楽天Kドリームス 並び予想
8520230715030001,2023-07-17,佐世保競輪,F2,A3 challenge,1,チャレンジ一般,08:30,08:25,5,https://keirin.kdreams.jp/sasebo/racedetail/8520230715030001/?pageType=odds,2026-10-07T18:27:36.731762+00:00,4-1-3/2-5,published,百万弗,楽天Kドリームス 並び予想
8520230715030002,2023-07-17,佐世保競輪,F2,A3 challenge,2,チャレンジ一般,08:50,08:45,5,https://keirin.kdreams.jp/sasebo/racedetail/8520230715030002/?pageType=odds,2026-10-07T18:27:37.787253+00:00,2-4/3-5-1,published,百万弗,楽天Kドリームス 並び予想
8520230715030003,2023-07-17,佐世保競輪,F2,A3 challenge,3,チャレンジ一般,09:10,09:05,5,https://keirin.kdreams.jp/sasebo/racedetail/8520230715030003/?pageType=odds,2026-10-07T18:27:38.801976+00:00,5-1-3-2/4,published,百万弗,楽天Kドリームス 並び予想
8520230715030004,2023-07-17,佐世保競輪,F2,A3 challenge,4,チャレンジ選抜,09:30,09:25,7,https://keirin.kdreams.jp/sasebo/racedetail/8520230715030004/?pageType=odds,2026-10-07T18:27:41.223764+00:00,3-5-2/6/4-7-1,published,百万弗,楽天Kドリームス 並び予想
8520230715030005,2023-07-17,佐世保競輪,F2,A3 challenge,5,チャレンジ選抜,09:50,09:45,7,https://keirin.kdreams.jp/sasebo/racedetail/8520230715030005/?pageType=odds,2026-10-07T18:27:43.119117+00:00,6-1-5/2-7/4-3,published,百万弗,楽天Kドリームス 並び予想
8520230715030006,2023-07-17,佐世保競輪,F2,A3 challenge,6,チャレンジ選抜,10:10,10:05,7,https://keirin.kdreams.jp/sasebo/racedetail/8520230715030006/?pageType=odds,2026-10-07T18:27:44.943761+00:00,1-4-7/2/5-3-6,published,百万弗,楽天Kドリームス 並び予想
8520230715030007,2023-07-17,佐世保競輪,F2,A3 challenge,7,チャレンジ決勝,10:30,10:25,7,https://keirin.kdreams.jp/sasebo/racedetail/8520230715030007/?pageType=odds,2026-10-07T18:27:46.911972+00:00,1-4/3/7-2/6-5,published,百万弗,楽天Kドリームス 並び予想
2120230716020001,2023-07-17,弥彦競輪,F2,A3 challenge,1,チャレンジ一般,20:50,20:45,5,https://keirin.kdreams.jp/yahiko/racedetail/2120230716020001/?pageType=odds,2026-10-07T18:28:19.239546+00:00,1-5/2-3-4,published,新潟スポーツ,楽天Kドリームス 並び予想
2120230716020002,2023-07-17,弥彦競輪,F2,A3 challenge,2,チャレンジ一般,21:10,21:05,6,https://keirin.kdreams.jp/yahiko/racedetail/2120230716020002/?pageType=odds,2026-10-07T18:28:20.967046+00:00,1-2-5/3-4/6,published,新潟スポーツ,楽天Kドリームス 並び予想
2120230716020003,2023-07-17,弥彦競輪,F2,A3 challenge,3,チャレンジ準決勝,21:30,21:25,7,https://keirin.kdreams.jp/yahiko/racedetail/2120230716020003/?pageType=odds,2026-10-07T18:28:23.219276+00:00,6-1/2/4-7/5-3,published,新潟スポーツ,楽天Kドリームス 並び予想
2120230716020004,2023-07-17,弥彦競輪,F2,A3 challenge,4,チャレンジ準決勝,21:50,21:45,7,https://keirin.kdreams.jp/yahiko/racedetail/2120230716020004/?pageType=odds,2026-10-07T18:28:25.226231+00:00,1-4-5/7/3-6/2,published,新潟スポーツ,楽天Kドリームス 並び予想
7420230716020001,2023-07-17,高知競輪,F2,A3 challenge,1,チャレンジ一般,20:40,20:35,6,https://keirin.kdreams.jp/kochi/racedetail/7420230716020001/?pageType=odds,2026-10-07T18:27:57.034732+00:00,1-4-3/2-6/5,published,福ちゃん出版社,楽天Kドリームス 並び予想
7420230716020002,2023-07-17,高知競輪,F2,A3 challenge,2,チャレンジ一般,21:00,20:55,7,https://keirin.kdreams.jp/kochi/racedetail/7420230716020002/?pageType=odds,2026-10-07T18:27:58.865419+00:00,2-1-4-7/6-3-5,published,福ちゃん出版社,楽天Kドリームス 並び予想
7420230716020003,2023-07-17,高知競輪,F2,A3 challenge,3,チャレンジ準決勝,21:20,21:15,7,https://keirin.kdreams.jp/kochi/racedetail/7420230716020003/?pageType=odds,2026-10-07T18:28:00.734401+00:00,6-2-7/4-1/3-5,published,福ちゃん出版社,楽天Kドリームス 並び予想
7420230716020004,2023-07-17,高知競輪,F2,A3 challenge,4,チャレンジ準決勝,21:40,21:35,7,https://keirin.kdreams.jp/kochi/racedetail/7420230716020004/?pageType=odds,2026-10-07T18:28:03.248525+00:00,4-3-2/1-6/5-7,published,福ちゃん出版社,楽天Kドリームス 並び予想
3720230718010001,2023-07-18,伊東競輪,F2,A3 challenge,1,チャレンジ予選,15:45,15:40,7,https://keirin.kdreams.jp/ito/racedetail/3720230718010001/?pageType=odds,2026-10-07T18:28:34.709463+00:00,4-1-2/6/7-3-5,published,ひかり・小田競,楽天Kドリームス 並び予想
3720230718010002,2023-07-18,伊東競輪,F2,A3 challenge,2,チャレンジ予選,16:09,16:04,7,https://keirin.kdreams.jp/ito/racedetail/3720230718010002/?pageType=odds,2026-10-07T18:28:36.507026+00:00,6-3/1-4-5/2-7,published,ひかり・小田競,楽天Kドリームス 並び予想
3720230718010003,2023-07-18,伊東競輪,F2,A3 challenge,3,チャレンジ予選,16:33,16:28,7,https://keirin.kdreams.jp/ito/racedetail/3720230718010003/?pageType=odds,2026-10-07T18:28:38.484740+00:00,1-7-5/2/3-4/6,published,ひかり・小田競,楽天Kドリームス 並び予想
3720230718010004,2023-07-18,伊東競輪,F2,A3 challenge,4,チャレンジ予選,16:58,16:53,7,https://keirin.kdreams.jp/ito/racedetail/3720230718010004/?pageType=odds,2026-10-07T18:28:40.381306+00:00,2-5-3/6/4-1-7,published,ひかり・小田競,楽天Kドリームス 並び予想
3720230718010005,2023-07-18,伊東競輪,F2,A3 challenge,5,チャレンジ予選,17:23,17:18,7,https://keirin.kdreams.jp/ito/racedetail/3720230718010005/?pageType=odds,2026-10-07T18:28:42.408518+00:00,3-7-5-2/4/6-1,published,ひかり・小田競,楽天Kドリームス 並び予想
4420230718010001,2023-07-18,大垣競輪,F2,A3 challenge,1,チャレンジ予選,10:47,10:42,7,https://keirin.kdreams.jp/ogaki/racedetail/4420230718010001/?pageType=odds,2026-10-07T18:29:03.571357+00:00,3-4-6/7-1/5-2,published,ひかり,楽天Kドリームス 並び予想
4420230718010002,2023-07-18,大垣競輪,F2,A3 challenge,2,チャレンジ予選,11:13,11:08,7,https://keirin.kdreams.jp/ogaki/racedetail/4420230718010002/?pageType=odds,2026-10-07T18:29:05.665560+00:00,5-1-4/6-2/3-7,published,ひかり,楽天Kドリームス 並び予想
4420230718010003,2023-07-18,大垣競輪,F2,A3 challenge,3,チャレンジ予選,11:40,11:35,7,https://keirin.kdreams.jp/ogaki/racedetail/4420230718010003/?pageType=odds,2026-10-07T18:29:07.450330+00:00,5-1-3/2-4-6/7,published,ひかり,楽天Kドリームス 並び予想
4420230718010004,2023-07-18,大垣競輪,F2,A3 challenge,4,チャレンジ予選,12:07,12:02,7,https://keirin.kdreams.jp/ogaki/racedetail/4420230718010004/?pageType=odds,2026-10-07T18:29:09.652278+00:00,1-4/2-5-6/7-3,published,ひかり,楽天Kドリームス 並び予想
4420230718010005,2023-07-18,大垣競輪,F2,A3 challenge,5,チャレンジ予選,12:35,12:30,7,https://keirin.kdreams.jp/ogaki/racedetail/4420230718010005/?pageType=odds,2026-10-07T18:29:11.461262+00:00,4-1-5/7-2/3/6,published,ひかり,楽天Kドリームス 並び予想
2120230716030001,2023-07-18,弥彦競輪,F2,A3 challenge,1,チャレンジ一般,20:50,20:45,5,https://keirin.kdreams.jp/yahiko/racedetail/2120230716030001/?pageType=odds,2026-10-07T18:28:26.898068+00:00,1-3/2/4-5,published,新潟スポーツ,楽天Kドリームス 並び予想
2120230716030002,2023-07-18,弥彦競輪,F2,A3 challenge,2,チャレンジ一般,21:10,21:05,6,https://keirin.kdreams.jp/yahiko/racedetail/2120230716030002/?pageType=odds,2026-10-07T18:28:28.721274+00:00,1-4-5/2-3-6,published,新潟スポーツ,楽天Kドリームス 並び予想
2120230716030003,2023-07-18,弥彦競輪,F2,A3 challenge,3,チャレンジ選抜,21:30,21:25,7,https://keirin.kdreams.jp/yahiko/racedetail/2120230716030003/?pageType=odds,2026-10-07T18:28:30.586410+00:00,1-3-4/2-7/5/6,published,新潟スポーツ,楽天Kドリームス 並び予想
2120230716030008,2023-07-18,弥彦競輪,F2,A3 challenge,8,チャレンジ決勝,23:10,23:05,7,https://keirin.kdreams.jp/yahiko/racedetail/2120230716030008/?pageType=odds,2026-10-07T18:28:32.376059+00:00,1-4-7/2/3/5/6,published,新潟スポーツ,楽天Kドリームス 並び予想
7420230716030001,2023-07-18,高知競輪,F2,A3 challenge,1,チャレンジ一般,20:40,20:35,5,https://keirin.kdreams.jp/kochi/racedetail/7420230716030001/?pageType=odds,2026-10-07T18:28:04.962337+00:00,1-5/4-2-3,published,福ちゃん出版社,楽天Kドリームス 並び予想
7420230716030002,2023-07-18,高知競輪,F2,A3 challenge,2,チャレンジ一般,21:00,20:55,5,https://keirin.kdreams.jp/kochi/racedetail/7420230716030002/?pageType=odds,2026-10-07T18:28:06.499521+00:00,2-1-4/3/5,published,福ちゃん出版社,楽天Kドリームス 並び予想
7420230716030003,2023-07-18,高知競輪,F2,A3 challenge,3,チャレンジ選抜,21:20,21:15,7,https://keirin.kdreams.jp/kochi/racedetail/7420230716030003/?pageType=odds,2026-10-07T18:28:08.379912+00:00,1-7-5/2-6-4/3,published,福ちゃん出版社,楽天Kドリームス 並び予想
7420230716030008,2023-07-18,高知競輪,F2,A3 challenge,8,チャレンジ決勝,23:00,22:55,7,https://keirin.kdreams.jp/kochi/racedetail/7420230716030008/?pageType=odds,2026-10-07T18:28:10.257363+00:00,5-4-1-2/6-3-7,published,福ちゃん出版社,楽天Kドリームス 並び予想
3720230718020001,2023-07-19,伊東競輪,F2,A3 challenge,1,チャレンジ一般,15:45,15:40,5,https://keirin.kdreams.jp/ito/racedetail/3720230718020001/?pageType=odds,2026-10-07T18:28:44.146909+00:00,4-1-5-2/3,published,ひかり・小田競,楽天Kドリームス 並び予想
3720230718020002,2023-07-19,伊東競輪,F2,A3 challenge,2,チャレンジ一般,16:09,16:04,6,https://keirin.kdreams.jp/ito/racedetail/3720230718020002/?pageType=odds,2026-10-07T18:28:45.883206+00:00,1-5-3/2/4/6,published,ひかり・小田競,楽天Kドリームス 並び予想
3720230718020003,2023-07-19,伊東競輪,F2,A3 challenge,3,チャレンジ準決勝,16:33,16:28,7,https://keirin.kdreams.jp/ito/racedetail/3720230718020003/?pageType=odds,2026-10-07T18:28:47.746605+00:00,5-1-6/7-2/4-3,published,ひかり・小田競,楽天Kドリームス 並び予想
3720230718020004,2023-07-19,伊東競輪,F2,A3 challenge,4,チャレンジ準決勝,16:58,16:53,7,https://keirin.kdreams.jp/ito/racedetail/3720230718020004/?pageType=odds,2026-10-07T18:28:49.560214+00:00,7-1-4/6/5-2-3,published,ひかり・小田競,楽天Kドリームス 並び予想
3720230718020005,2023-07-19,伊東競輪,F2,A3 challenge,5,チャレンジ準決勝,17:23,17:18,7,https://keirin.kdreams.jp/ito/racedetail/3720230718020005/?pageType=odds,2026-10-07T18:28:51.533876+00:00,1-4-5/7-3-2-6,published,ひかり・小田競,楽天Kドリームス 並び予想
4420230718020001,2023-07-19,大垣競輪,F2,A3 challenge,1,チャレンジ一般,10:47,10:42,7,https://keirin.kdreams.jp/ogaki/racedetail/4420230718020001/?pageType=odds,2026-10-07T18:29:13.558257+00:00,6-1-4/3/5-7-2,published,ひかり,楽天Kドリームス 並び予想
4420230718020002,2023-07-19,大垣競輪,F2,A3 challenge,2,チャレンジ一般,11:13,11:08,7,https://keirin.kdreams.jp/ogaki/racedetail/4420230718020002/?pageType=odds,2026-10-07T18:29:15.383127+00:00,1-4/3-7-2/5/6,published,ひかり,楽天Kドリームス 並び予想
4420230718020003,2023-07-19,大垣競輪,F2,A3 challenge,3,チャレンジ準決勝,11:40,11:35,7,https://keirin.kdreams.jp/ogaki/racedetail/4420230718020003/?pageType=odds,2026-10-07T18:29:17.322816+00:00,1-4/6-2-5/7-3,published,ひかり,楽天Kドリームス 並び予想
4420230718020004,2023-07-19,大垣競輪,F2,A3 challenge,4,チャレンジ準決勝,12:07,12:02,7,https://keirin.kdreams.jp/ogaki/racedetail/4420230718020004/?pageType=odds,2026-10-07T18:29:19.217187+00:00,4-5-1/2-6/7-3,published,ひかり,楽天Kドリームス 並び予想
4420230718020005,2023-07-19,大垣競輪,F2,A3 challenge,5,チャレンジ準決勝,12:35,12:30,7,https://keirin.kdreams.jp/ogaki/racedetail/4420230718020005/?pageType=odds,2026-10-07T18:29:21.125353+00:00,2-5-1-7/4-3-6,published,ひかり,楽天Kドリームス 並び予想
1220230719010001,2023-07-19,青森競輪,F2,A3 challenge,1,チャレンジ予選,20:50,20:45,6,https://keirin.kdreams.jp/aomori/racedetail/1220230719010001/?pageType=odds,2026-10-07T18:29:32.322030+00:00,1-3-4-5/2/6,published,アオケイ,楽天Kドリームス 並び予想
1220230719010002,2023-07-19,青森競輪,F2,A3 challenge,2,チャレンジ予選,21:10,21:05,7,https://keirin.kdreams.jp/aomori/racedetail/1220230719010002/?pageType=odds,2026-10-07T18:29:34.683628+00:00,2-1-6/3-5/4-7,published,アオケイ,楽天Kドリームス 並び予想
1220230719010003,2023-07-19,青森競輪,F2,A3 challenge,3,チャレンジ予選,21:30,21:25,7,https://keirin.kdreams.jp/aomori/racedetail/1220230719010003/?pageType=odds,2026-10-07T18:29:36.604812+00:00,2-3-7/5/4-1-6,published,アオケイ,楽天Kドリームス 並び予想
1220230719010004,2023-07-19,青森競輪,F2,A3 challenge,4,チャレンジ予選,21:50,21:45,7,https://keirin.kdreams.jp/aomori/racedetail/1220230719010004/?pageType=odds,2026-10-07T18:29:38.471421+00:00,2-1-7-6/3/4/5,published,アオケイ,楽天Kドリームス 並び予想
3720230718030001,2023-07-20,伊東競輪,F2,A3 challenge,1,チャレンジ一般,15:45,15:40,5,https://keirin.kdreams.jp/ito/racedetail/3720230718030001/?pageType=odds,2026-10-07T18:28:53.718376+00:00,1-4-5/2-3,published,ひかり・小田競,楽天Kドリームス 並び予想
3720230718030002,2023-07-20,伊東競輪,F2,A3 challenge,2,チャレンジ一般,16:09,16:04,6,https://keirin.kdreams.jp/ito/racedetail/3720230718030002/?pageType=odds,2026-10-07T18:28:55.445146+00:00,2-4-5-3/1/6,published,ひかり・小田競,楽天Kドリームス 並び予想
3720230718030003,2023-07-20,伊東競輪,F2,A3 challenge,3,チャレンジ選抜,16:33,16:28,7,https://keirin.kdreams.jp/ito/racedetail/3720230718030003/?pageType=odds,2026-10-07T18:28:57.401081+00:00,1-4-6/3-7-5/2,published,ひかり・小田競,楽天Kドリームス 並び予想
3720230718030004,2023-07-20,伊東競輪,F2,A3 challenge,4,チャレンジ選抜,16:57,16:52,7,https://keirin.kdreams.jp/ito/racedetail/3720230718030004/?pageType=odds,2026-10-07T18:28:59.623799+00:00,1-5-7/2/6-3-4,published,ひかり・小田競,楽天Kドリームス 並び予想
3720230718030011,2023-07-20,伊東競輪,F2,A3 challenge,11,チャレンジ決勝,19:58,19:53,7,https://keirin.kdreams.jp/ito/racedetail/3720230718030011/?pageType=odds,2026-10-07T18:29:01.565484+00:00,1-4-2/5/6-3-7,published,ひかり・小田競,楽天Kドリームス 並び予想
2320230720010001,2023-07-20,取手競輪,F2,A3 challenge,1,チャレンジ予選,08:30,08:25,7,https://keirin.kdreams.jp/toride/racedetail/2320230720010001/?pageType=odds,2026-10-07T18:29:55.184666+00:00,6-7-1/3/2-4-5,published,アオケイ,楽天Kドリームス 並び予想
2320230720010002,2023-07-20,取手競輪,F2,A3 challenge,2,チャレンジ予選,08:50,08:45,7,https://keirin.kdreams.jp/toride/racedetail/2320230720010002/?pageType=odds,2026-10-07T18:29:57.209250+00:00,1-5/6-2/7-3-4,published,アオケイ,楽天Kドリームス 並び予想
2320230720010003,2023-07-20,取手競輪,F2,A3 challenge,3,チャレンジ予選,09:10,09:05,7,https://keirin.kdreams.jp/toride/racedetail/2320230720010003/?pageType=odds,2026-10-07T18:29:59.063976+00:00,1-4-5/6/7-3-2,published,アオケイ,楽天Kドリームス 並び予想
2320230720010004,2023-07-20,取手競輪,F2,A3 challenge,4,チャレンジ予選,09:30,09:25,7,https://keirin.kdreams.jp/toride/racedetail/2320230720010004/?pageType=odds,2026-10-07T18:30:00.927429+00:00,2-5-7/3/6-1-4,published,アオケイ,楽天Kドリームス 並び予想
2320230720010005,2023-07-20,取手競輪,F2,A3 challenge,5,チャレンジ予選,09:50,09:45,7,https://keirin.kdreams.jp/toride/racedetail/2320230720010005/?pageType=odds,2026-10-07T18:30:02.896470+00:00,4-1-3/6/2-7-5,published,アオケイ,楽天Kドリームス 並び予想
2320230720010006,2023-07-20,取手競輪,F2,A3 challenge,6,チャレンジ予選,10:10,10:05,7,https://keirin.kdreams.jp/toride/racedetail/2320230720010006/?pageType=odds,2026-10-07T18:30:04.775161+00:00,1-4/2-6/5-3-7,published,アオケイ,楽天Kドリームス 並び予想
2320230720010007,2023-07-20,取手競輪,F2,A3 challenge,7,チャレンジ予選,10:30,10:25,7,https://keirin.kdreams.jp/toride/racedetail/2320230720010007/?pageType=odds,2026-10-07T18:30:06.690391+00:00,1-7-4/5-3/2-6,published,アオケイ,楽天Kドリームス 並び予想
4420230718030001,2023-07-20,大垣競輪,F2,A3 challenge,1,チャレンジ一般,10:41,10:36,6,https://keirin.kdreams.jp/ogaki/racedetail/4420230718030001/?pageType=odds,2026-10-07T18:29:22.934802+00:00,1-6-5-3/2-4,published,ひかり,楽天Kドリームス 並び予想
4420230718030002,2023-07-20,大垣競輪,F2,A3 challenge,2,チャレンジ一般,11:06,11:01,6,https://keirin.kdreams.jp/ogaki/racedetail/4420230718030002/?pageType=odds,2026-10-07T18:29:24.762466+00:00,1/4-6-3-2/5,published,ひかり,楽天Kドリームス 並び予想
4420230718030003,2023-07-20,大垣競輪,F2,A3 challenge,3,チャレンジ選抜,11:36,11:31,7,https://keirin.kdreams.jp/ogaki/racedetail/4420230718030003/?pageType=odds,2026-10-07T18:29:26.755956+00:00,2-7/5-3/4-6-1,published,ひかり,楽天Kドリームス 並び予想
4420230718030004,2023-07-20,大垣競輪,F2,A3 challenge,4,チャレンジ選抜,12:06,12:01,7,https://keirin.kdreams.jp/ogaki/racedetail/4420230718030004/?pageType=odds,2026-10-07T18:29:28.615542+00:00,1-7/6-2/4-5-3,published,ひかり,楽天Kドリームス 並び予想
4420230718030010,2023-07-20,大垣競輪,F2,A3 challenge,10,チャレンジ決勝,15:16,15:11,7,https://keirin.kdreams.jp/ogaki/racedetail/4420230718030010/?pageType=odds,2026-10-07T18:29:30.481823+00:00,3-7/1-4/5-6-2,published,ひかり,楽天Kドリームス 並び予想
1220230719020001,2023-07-20,青森競輪,F2,A3 challenge,1,チャレンジ一般,20:50,20:45,6,https://keirin.kdreams.jp/aomori/racedetail/1220230719020001/?pageType=odds,2026-10-07T18:29:40.207284+00:00,1/4/2-6-5-3,published,アオケイ,楽天Kドリームス 並び予想
1220230719020002,2023-07-20,青森競輪,F2,A3 challenge,2,チャレンジ一般,21:10,21:05,7,https://keirin.kdreams.jp/aomori/racedetail/1220230719020002/?pageType=odds,2026-10-07T18:29:42.061995+00:00,1-2-4/3-5-7-6,published,アオケイ,楽天Kドリームス 並び予想
1220230719020003,2023-07-20,青森競輪,F2,A3 challenge,3,チャレンジ準決勝,21:30,21:25,7,https://keirin.kdreams.jp/aomori/racedetail/1220230719020003/?pageType=odds,2026-10-07T18:29:43.850759+00:00,1-2-6/3-7/4-5,published,アオケイ,楽天Kドリームス 並び予想
1220230719020004,2023-07-20,青森競輪,F2,A3 challenge,4,チャレンジ準決勝,21:50,21:45,7,https://keirin.kdreams.jp/aomori/racedetail/1220230719020004/?pageType=odds,2026-10-07T18:29:45.893330+00:00,6-1/3-2/4-5-7,published,アオケイ,楽天Kドリームス 並び予想
1120230721010001,2023-07-21,函館競輪,F2,A3 challenge,1,チャレンジ予選,15:29,15:24,7,https://keirin.kdreams.jp/hakodate/racedetail/1120230721010001/?pageType=odds,2026-10-07T18:30:35.099337+00:00,3-1-7/6/4-5-2,published,北競,楽天Kドリームス 並び予想
1120230721010002,2023-07-21,函館競輪,F2,A3 challenge,2,チャレンジ予選,15:54,15:49,7,https://keirin.kdreams.jp/hakodate/racedetail/1120230721010002/?pageType=odds,2026-10-07T18:30:37.047792+00:00,4-7-1/2-6/5/3,published,北競,楽天Kドリームス 並び予想
1120230721010003,2023-07-21,函館競輪,F2,A3 challenge,3,チャレンジ予選,16:19,16:14,7,https://keirin.kdreams.jp/hakodate/racedetail/1120230721010003/?pageType=odds,2026-10-07T18:30:38.819554+00:00,3-5-6/1-7-2/4,published,北競,楽天Kドリームス 並び予想
1120230721010004,2023-07-21,函館競輪,F2,A3 challenge,4,チャレンジ予選,16:45,16:40,7,https://keirin.kdreams.jp/hakodate/racedetail/1120230721010004/?pageType=odds,2026-10-07T18:30:40.747686+00:00,5-1-6/2-4/3-7,published,北競,楽天Kドリームス 並び予想
1120230721010005,2023-07-21,函館競輪,F2,A3 challenge,5,チャレンジ予選,17:11,17:06,7,https://keirin.kdreams.jp/hakodate/racedetail/1120230721010005/?pageType=odds,2026-10-07T18:30:42.652595+00:00,4-1-5-6/2-3/7,published,北競,楽天Kドリームス 並び予想
2320230720020001,2023-07-21,取手競輪,F2,A3 challenge,1,チャレンジ一般,08:30,08:25,6,https://keirin.kdreams.jp/toride/racedetail/2320230720020001/?pageType=odds,2026-10-07T18:30:08.401947+00:00,1-3/4/5-2-6,published,アオケイ,楽天Kドリームス 並び予想
2320230720020002,2023-07-21,取手競輪,F2,A3 challenge,2,チャレンジ一般,08:50,08:45,7,https://keirin.kdreams.jp/toride/racedetail/2320230720020002/?pageType=odds,2026-10-07T18:30:10.160752+00:00,1-4/5/6/7-2-3,published,アオケイ,楽天Kドリームス 並び予想
2320230720020003,2023-07-21,取手競輪,F2,A3 challenge,3,チャレンジ選抜,09:10,09:05,7,https://keirin.kdreams.jp/toride/racedetail/2320230720020003/?pageType=odds,2026-10-07T18:30:12.046644+00:00,4-1-6/3-5-2-7,published,アオケイ,楽天Kドリームス 並び予想
2320230720020004,2023-07-21,取手競輪,F2,A3 challenge,4,チャレンジ選抜,09:30,09:25,7,https://keirin.kdreams.jp/toride/racedetail/2320230720020004/?pageType=odds,2026-10-07T18:30:13.915275+00:00,1-7/3/6/2-4-5,published,アオケイ,楽天Kドリームス 並び予想
2320230720020005,2023-07-21,取手競輪,F2,A3 challenge,5,チャレンジ準決勝,09:50,09:45,7,https://keirin.kdreams.jp/toride/racedetail/2320230720020005/?pageType=odds,2026-10-07T18:30:15.778349+00:00,7-1/4/5-2/6-3,published,アオケイ,楽天Kドリームス 並び予想
2320230720020006,2023-07-21,取手競輪,F2,A3 challenge,6,チャレンジ準決勝,10:10,10:05,7,https://keirin.kdreams.jp/toride/racedetail/2320230720020006/?pageType=odds,2026-10-07T18:30:17.564367+00:00,1-4/6/2-5/3-7,published,アオケイ,楽天Kドリームス 並び予想
2320230720020007,2023-07-21,取手競輪,F2,A3 challenge,7,チャレンジ準決勝,10:30,10:25,7,https://keirin.kdreams.jp/toride/racedetail/2320230720020007/?pageType=odds,2026-10-07T18:30:19.476409+00:00,7-1-6/4-2/5-3,published,アオケイ,楽天Kドリームス 並び予想
2820230721010001,2023-07-21,立川競輪,F2,A3 challenge,1,チャレンジ予選,10:25,10:20,7,https://keirin.kdreams.jp/tachikawa/racedetail/2820230721010001/?pageType=odds,2026-10-07T18:31:05.638810+00:00,4-1-7/2/3-5-6,published,アオケイ,楽天Kドリームス 並び予想
2820230721010002,2023-07-21,立川競輪,F2,A3 challenge,2,チャレンジ予選,10:52,10:47,7,https://keirin.kdreams.jp/tachikawa/racedetail/2820230721010002/?pageType=odds,2026-10-07T18:31:07.528337+00:00,2-4/5-1-7/6-3,published,アオケイ,楽天Kドリームス 並び予想
2820230721010003,2023-07-21,立川競輪,F2,A3 challenge,3,チャレンジ予選,11:22,11:17,7,https://keirin.kdreams.jp/tachikawa/racedetail/2820230721010003/?pageType=odds,2026-10-07T18:31:09.381712+00:00,1-4-6/5-3-7-2,published,アオケイ,楽天Kドリームス 並び予想
2820230721010004,2023-07-21,立川競輪,F2,A3 challenge,4,チャレンジ予選,11:52,11:47,7,https://keirin.kdreams.jp/tachikawa/racedetail/2820230721010004/?pageType=odds,2026-10-07T18:31:11.283612+00:00,7-1-5/2-6/4-3,published,アオケイ,楽天Kドリームス 並び予想
2820230721010005,2023-07-21,立川競輪,F2,A3 challenge,5,チャレンジ予選,12:22,12:17,7,https://keirin.kdreams.jp/tachikawa/racedetail/2820230721010005/?pageType=odds,2026-10-07T18:31:13.146166+00:00,1-4-6/2-7/5-3,published,アオケイ,楽天Kドリームス 並び予想
1220230719030001,2023-07-21,青森競輪,F2,A3 challenge,1,チャレンジ一般,20:50,20:45,6,https://keirin.kdreams.jp/aomori/racedetail/1220230719030001/?pageType=odds,2026-10-07T18:29:47.722162+00:00,1-4-6/2/3-5,published,アオケイ,楽天Kドリームス 並び予想
1220230719030002,2023-07-21,青森競輪,F2,A3 challenge,2,チャレンジ一般,21:10,21:05,7,https://keirin.kdreams.jp/aomori/racedetail/1220230719030002/?pageType=odds,2026-10-07T18:29:49.664520+00:00,2-1-3-5/4/6-7,published,アオケイ,楽天Kドリームス 並び予想
1220230719030003,2023-07-21,青森競輪,F2,A3 challenge,3,チャレンジ選抜,21:30,21:25,7,https://keirin.kdreams.jp/aomori/racedetail/1220230719030003/?pageType=odds,2026-10-07T18:29:51.553326+00:00,5-4-2-6/7/1-3,published,アオケイ,楽天Kドリームス 並び予想
1220230719030008,2023-07-21,青森競輪,F2,A3 challenge,8,チャレンジ決勝,23:10,23:05,7,https://keirin.kdreams.jp/aomori/racedetail/1220230719030008/?pageType=odds,2026-10-07T18:29:53.501181+00:00,7-1/4-2/3-5/6,published,アオケイ,楽天Kドリームス 並び予想
1120230721020001,2023-07-22,函館競輪,F2,A3 challenge,1,チャレンジ一般,15:29,15:24,7,https://keirin.kdreams.jp/hakodate/racedetail/1120230721020001/?pageType=odds,2026-10-07T18:30:44.918683+00:00,1-6/5-2/7-4-3,published,北競,楽天Kドリームス 並び予想
1120230721020002,2023-07-22,函館競輪,F2,A3 challenge,2,チャレンジ一般,15:54,15:49,7,https://keirin.kdreams.jp/hakodate/racedetail/1120230721020002/?pageType=odds,2026-10-07T18:30:47.023480+00:00,1-7/2/6/3-4-5,published,北競,楽天Kドリームス 並び予想
1120230721020003,2023-07-22,函館競輪,F2,A3 challenge,3,チャレンジ準決勝,16:19,16:14,7,https://keirin.kdreams.jp/hakodate/racedetail/1120230721020003/?pageType=odds,2026-10-07T18:30:49.276553+00:00,2-3-6/1/4-7-5,published,北競,楽天Kドリームス 並び予想
1120230721020004,2023-07-22,函館競輪,F2,A3 challenge,4,チャレンジ準決勝,16:45,16:40,7,https://keirin.kdreams.jp/hakodate/racedetail/1120230721020004/?pageType=odds,2026-10-07T18:30:51.552736+00:00,1-4-6/5/2-7-3,published,北競,楽天Kドリームス 並び予想
1120230721020005,2023-07-22,函館競輪,F2,A3 challenge,5,チャレンジ準決勝,17:11,17:06,7,https://keirin.kdreams.jp/hakodate/racedetail/1120230721020005/?pageType=odds,2026-10-07T18:30:53.515994+00:00,1-7/5-2/4-3-6,published,北競,楽天Kドリームス 並び予想
2320230720030001,2023-07-22,取手競輪,F2,A3 challenge,1,チャレンジ一般,08:30,08:25,5,https://keirin.kdreams.jp/toride/racedetail/2320230720030001/?pageType=odds,2026-10-07T18:30:21.167589+00:00,1-3/4/2-5,published,アオケイ,楽天Kドリームス 並び予想
2320230720030002,2023-07-22,取手競輪,F2,A3 challenge,2,チャレンジ一般,08:50,08:45,6,https://keirin.kdreams.jp/toride/racedetail/2320230720030002/?pageType=odds,2026-10-07T18:30:22.922739+00:00,5-2/1/4-3-6,published,アオケイ,楽天Kドリームス 並び予想
2320230720030003,2023-07-22,取手競輪,F2,A3 challenge,3,チャレンジ一般,09:10,09:05,6,https://keirin.kdreams.jp/toride/racedetail/2320230720030003/?pageType=odds,2026-10-07T18:30:24.856774+00:00,1/6/3-5-2-4,published,アオケイ,楽天Kドリームス 並び予想
2320230720030004,2023-07-22,取手競輪,F2,A3 challenge,4,チャレンジ選抜,09:30,09:25,7,https://keirin.kdreams.jp/toride/racedetail/2320230720030004/?pageType=odds,2026-10-07T18:30:27.112619+00:00,1-7-5/2-4/6-3,published,アオケイ,楽天Kドリームス 並び予想
2320230720030005,2023-07-22,取手競輪,F2,A3 challenge,5,チャレンジ選抜,09:50,09:45,7,https://keirin.kdreams.jp/toride/racedetail/2320230720030005/?pageType=odds,2026-10-07T18:30:29.419166+00:00,6-1-3/4/5-2-7,published,アオケイ,楽天Kドリームス 並び予想
2320230720030006,2023-07-22,取手競輪,F2,A3 challenge,6,チャレンジ選抜,10:10,10:05,7,https://keirin.kdreams.jp/toride/racedetail/2320230720030006/?pageType=odds,2026-10-07T18:30:31.333932+00:00,7-2/6/1-4/3-5,published,アオケイ,楽天Kドリームス 並び予想
2320230720030007,2023-07-22,取手競輪,F2,A3 challenge,7,チャレンジ決勝,10:30,10:25,7,https://keirin.kdreams.jp/toride/racedetail/2320230720030007/?pageType=odds,2026-10-07T18:30:33.172131+00:00,1-6/2/4/5/3-7,published,アオケイ,楽天Kドリームス 並び予想
4620230722010001,2023-07-22,富山競輪,F2,A3 challenge,1,チャレンジ予選,10:32,10:27,7,https://keirin.kdreams.jp/toyama/racedetail/4620230722010001/?pageType=odds,2026-10-07T18:31:34.654048+00:00,1-7/2-5-6/3-4,published,中部競輪,楽天Kドリームス 並び予想
4620230722010002,2023-07-22,富山競輪,F2,A3 challenge,2,チャレンジ予選,10:58,10:53,7,https://keirin.kdreams.jp/toyama/racedetail/4620230722010002/?pageType=odds,2026-10-07T18:31:36.466421+00:00,4-2-6/1/7-3/5,published,中部競輪,楽天Kドリームス 並び予想
4620230722010003,2023-07-22,富山競輪,F2,A3 challenge,3,チャレンジ予選,11:27,11:22,7,https://keirin.kdreams.jp/toyama/racedetail/4620230722010003/?pageType=odds,2026-10-07T18:31:38.404284+00:00,5-1/2-4-7/3-6,published,中部競輪,楽天Kドリームス 並び予想
4620230722010004,2023-07-22,富山競輪,F2,A3 challenge,4,チャレンジ予選,11:57,11:52,7,https://keirin.kdreams.jp/toyama/racedetail/4620230722010004/?pageType=odds,2026-10-07T18:31:40.333233+00:00,2-4-6/1/3-5-7,published,中部競輪,楽天Kドリームス 並び予想
4620230722010005,2023-07-22,富山競輪,F2,A3 challenge,5,チャレンジ予選,12:27,12:22,7,https://keirin.kdreams.jp/toyama/racedetail/4620230722010005/?pageType=odds,2026-10-07T18:31:42.351718+00:00,4-7-1/2-6/5-3,published,中部競輪,楽天Kドリームス 並び予想
2120230722010001,2023-07-22,弥彦競輪,F2,A3 challenge,1,チャレンジ予選,20:50,20:45,7,https://keirin.kdreams.jp/yahiko/racedetail/2120230722010001/?pageType=odds,2026-10-07T18:32:04.671297+00:00,4-1-3/7-2/5-6,published,新潟スポーツ,楽天Kドリームス 並び予想
2120230722010002,2023-07-22,弥彦競輪,F2,A3 challenge,2,チャレンジ予選,21:10,21:05,7,https://keirin.kdreams.jp/yahiko/racedetail/2120230722010002/?pageType=odds,2026-10-07T18:32:06.709217+00:00,1-6-7/3-5/2-4,published,新潟スポーツ,楽天Kドリームス 並び予想
2120230722010003,2023-07-22,弥彦競輪,F2,A3 challenge,3,チャレンジ予選,21:30,21:25,7,https://keirin.kdreams.jp/yahiko/racedetail/2120230722010003/?pageType=odds,2026-10-07T18:32:08.559645+00:00,3-1-2/5-4/6-7,published,新潟スポーツ,楽天Kドリームス 並び予想
2120230722010004,2023-07-22,弥彦競輪,F2,A3 challenge,4,チャレンジ予選,21:50,21:45,7,https://keirin.kdreams.jp/yahiko/racedetail/2120230722010004/?pageType=odds,2026-10-07T18:32:10.353089+00:00,2-3-4/5-1/6/7,published,新潟スポーツ,楽天Kドリームス 並び予想
2820230721020001,2023-07-22,立川競輪,F2,A3 challenge,1,チャレンジ一般,10:25,10:20,6,https://keirin.kdreams.jp/tachikawa/racedetail/2820230721020001/?pageType=odds,2026-10-07T18:31:14.961724+00:00,2-4/3-6-5-1,published,アオケイ,楽天Kドリームス 並び予想
2820230721020002,2023-07-22,立川競輪,F2,A3 challenge,2,チャレンジ一般,10:52,10:47,7,https://keirin.kdreams.jp/tachikawa/racedetail/2820230721020002/?pageType=odds,2026-10-07T18:31:16.747424+00:00,1-5-3/7-2/4/6,published,アオケイ,楽天Kドリームス 並び予想
2820230721020003,2023-07-22,立川競輪,F2,A3 challenge,3,チャレンジ準決勝,11:22,11:17,7,https://keirin.kdreams.jp/tachikawa/racedetail/2820230721020003/?pageType=odds,2026-10-07T18:31:18.744573+00:00,1-5/2-6/3-7-4,published,アオケイ,楽天Kドリームス 並び予想
2820230721020004,2023-07-22,立川競輪,F2,A3 challenge,4,チャレンジ準決勝,11:52,11:47,7,https://keirin.kdreams.jp/tachikawa/racedetail/2820230721020004/?pageType=odds,2026-10-07T18:31:20.611552+00:00,4-7-1/5-2/3-6,published,アオケイ,楽天Kドリームス 並び予想
2820230721020005,2023-07-22,立川競輪,F2,A3 challenge,5,チャレンジ準決勝,12:22,12:17,7,https://keirin.kdreams.jp/tachikawa/racedetail/2820230721020005/?pageType=odds,2026-10-07T18:31:22.814802+00:00,5-1-2/3-7/4/6,published,アオケイ,楽天Kドリームス 並び予想
1120230721030001,2023-07-23,函館競輪,F2,A3 challenge,1,チャレンジ一般,15:26,15:21,7,https://keirin.kdreams.jp/hakodate/racedetail/1120230721030001/?pageType=odds,2026-10-07T18:30:55.438142+00:00,1-6-4/2/5-3-7,published,北競,楽天Kドリームス 並び予想
1120230721030002,2023-07-23,函館競輪,F2,A3 challenge,2,チャレンジ一般,15:51,15:46,7,https://keirin.kdreams.jp/hakodate/racedetail/1120230721030002/?pageType=odds,2026-10-07T18:30:57.448955+00:00,1-5/2-6-4/7-3,published,北競,楽天Kドリームス 並び予想
1120230721030003,2023-07-23,函館競輪,F2,A3 challenge,3,チャレンジ選抜,16:16,16:11,7,https://keirin.kdreams.jp/hakodate/racedetail/1120230721030003/?pageType=odds,2026-10-07T18:30:59.435869+00:00,2-5-1-7/3/4/6,published,北競,楽天Kドリームス 並び予想
1120230721030004,2023-07-23,函館競輪,F2,A3 challenge,4,チャレンジ選抜,16:42,16:37,7,https://keirin.kdreams.jp/hakodate/racedetail/1120230721030004/?pageType=odds,2026-10-07T18:31:01.395167+00:00,7-1/2-4-5/3-6,published,北競,楽天Kドリームス 並び予想
1120230721030011,2023-07-23,函館競輪,F2,A3 challenge,11,チャレンジ決勝,19:55,19:50,7,https://keirin.kdreams.jp/hakodate/racedetail/1120230721030011/?pageType=odds,2026-10-07T18:31:03.429743+00:00,1-5/2-7/3-6/4,published,北競,楽天Kドリームス 並び予想
4620230722020001,2023-07-23,富山競輪,F2,A3 challenge,1,チャレンジ一般,10:28,10:23,7,https://keirin.kdreams.jp/toyama/racedetail/4620230722020001/?pageType=odds,2026-10-07T18:31:44.285951+00:00,4-2/1/3-6/5/7,published,中部競輪,楽天Kドリームス 並び予想
4620230722020002,2023-07-23,富山競輪,F2,A3 challenge,2,チャレンジ一般,10:56,10:51,7,https://keirin.kdreams.jp/toyama/racedetail/4620230722020002/?pageType=odds,2026-10-07T18:31:46.185412+00:00,1-7-3-6/4-5-2,published,中部競輪,楽天Kドリームス 並び予想
4620230722020003,2023-07-23,富山競輪,F2,A3 challenge,3,チャレンジ準決勝,11:25,11:20,7,https://keirin.kdreams.jp/toyama/racedetail/4620230722020003/?pageType=odds,2026-10-07T18:31:48.086642+00:00,4-1/6-5-2/3-7,published,中部競輪,楽天Kドリームス 並び予想
4620230722020004,2023-07-23,富山競輪,F2,A3 challenge,4,チャレンジ準決勝,11:55,11:50,7,https://keirin.kdreams.jp/toyama/racedetail/4620230722020004/?pageType=odds,2026-10-07T18:31:50.020078+00:00,2-6/3-5/7-1-4,published,中部競輪,楽天Kドリームス 並び予想
4620230722020005,2023-07-23,富山競輪,F2,A3 challenge,5,チャレンジ準決勝,12:25,12:20,7,https://keirin.kdreams.jp/toyama/racedetail/4620230722020005/?pageType=odds,2026-10-07T18:31:52.066549+00:00,5-1-4/3-6/7-2,published,中部競輪,楽天Kドリームス 並び予想
2120230722020001,2023-07-23,弥彦競輪,F2,A3 challenge,1,チャレンジ一般,20:50,20:45,7,https://keirin.kdreams.jp/yahiko/racedetail/2120230722020001/?pageType=odds,2026-10-07T18:32:12.641110+00:00,1-6-7/3-4/5-2,published,新潟スポーツ,楽天Kドリームス 並び予想
2120230722020002,2023-07-23,弥彦競輪,F2,A3 challenge,2,チャレンジ一般,21:10,21:05,7,https://keirin.kdreams.jp/yahiko/racedetail/2120230722020002/?pageType=odds,2026-10-07T18:32:14.456754+00:00,2-3-1/4/6-5-7,published,新潟スポーツ,楽天Kドリームス 並び予想
2120230722020003,2023-07-23,弥彦競輪,F2,A3 challenge,3,チャレンジ準決勝,21:30,21:25,7,https://keirin.kdreams.jp/yahiko/racedetail/2120230722020003/?pageType=odds,2026-10-07T18:32:16.413230+00:00,3-1-2/5-4/7-6,published,新潟スポーツ,楽天Kドリームス 並び予想
2120230722020004,2023-07-23,弥彦競輪,F2,A3 challenge,4,チャレンジ準決勝,21:50,21:45,7,https://keirin.kdreams.jp/yahiko/racedetail/2120230722020004/?pageType=odds,2026-10-07T18:32:18.292939+00:00,4-1-6/3-2-5/7,published,新潟スポーツ,楽天Kドリームス 並び予想
2820230721030001,2023-07-23,立川競輪,F2,A3 challenge,1,チャレンジ一般,10:40,10:35,5,https://keirin.kdreams.jp/tachikawa/racedetail/2820230721030001/?pageType=odds,2026-10-07T18:31:24.401561+00:00,1-2-5/4-3,published,アオケイ,楽天Kドリームス 並び予想
2820230721030002,2023-07-23,立川競輪,F2,A3 challenge,2,チャレンジ一般,11:08,11:03,6,https://keirin.kdreams.jp/tachikawa/racedetail/2820230721030002/?pageType=odds,2026-10-07T18:31:26.590289+00:00,1-5/2-6-4/3,published,アオケイ,楽天Kドリームス 並び予想
2820230721030003,2023-07-23,立川競輪,F2,A3 challenge,3,チャレンジ選抜,11:36,11:31,7,https://keirin.kdreams.jp/tachikawa/racedetail/2820230721030003/?pageType=odds,2026-10-07T18:31:28.689909+00:00,2-6/1-4/3-5-7,published,アオケイ,楽天Kドリームス 並び予想
2820230721030004,2023-07-23,立川競輪,F2,A3 challenge,4,チャレンジ選抜,12:05,12:00,7,https://keirin.kdreams.jp/tachikawa/racedetail/2820230721030004/?pageType=odds,2026-10-07T18:31:30.619366+00:00,2-5/4/7-1-3-6,published,アオケイ,楽天Kドリームス 並び予想
2820230721030008,2023-07-23,立川競輪,F2,A3 challenge,8,チャレンジ決勝,14:09,14:04,7,https://keirin.kdreams.jp/tachikawa/racedetail/2820230721030008/?pageType=odds,2026-10-07T18:31:32.592654+00:00,1-4-7/2/3/5-6,published,アオケイ,楽天Kドリームス 並び予想
4620230722030001,2023-07-24,富山競輪,F2,A3 challenge,1,チャレンジ一般,10:34,10:29,7,https://keirin.kdreams.jp/toyama/racedetail/4620230722030001/?pageType=odds,2026-10-07T18:31:54.164587+00:00,1-7-3/6/4-2-5,published,中部競輪,楽天Kドリームス 並び予想
4620230722030002,2023-07-24,富山競輪,F2,A3 challenge,2,チャレンジ一般,11:02,10:57,7,https://keirin.kdreams.jp/toyama/racedetail/4620230722030002/?pageType=odds,2026-10-07T18:31:56.442217+00:00,2-7/4-1/5-3-6,published,中部競輪,楽天Kドリームス 並び予想
4620230722030003,2023-07-24,富山競輪,F2,A3 challenge,3,チャレンジ選抜,11:30,11:25,7,https://keirin.kdreams.jp/toyama/racedetail/4620230722030003/?pageType=odds,2026-10-07T18:31:58.670178+00:00,1-5/2-6/4-7-3,published,中部競輪,楽天Kドリームス 並び予想
4620230722030004,2023-07-24,富山競輪,F2,A3 challenge,4,チャレンジ選抜,11:59,11:54,7,https://keirin.kdreams.jp/toyama/racedetail/4620230722030004/?pageType=odds,2026-10-07T18:32:00.807169+00:00,1-4-3/7-2/5/6,published,中部競輪,楽天Kドリームス 並び予想
4620230722030010,2023-07-24,富山競輪,F2,A3 challenge,10,チャレンジ決勝,15:08,15:03,7,https://keirin.kdreams.jp/toyama/racedetail/4620230722030010/?pageType=odds,2026-10-07T18:32:02.801887+00:00,2-5/7-1-6/3/4,published,中部競輪,楽天Kドリームス 並び予想
2120230722030001,2023-07-24,弥彦競輪,F2,A3 challenge,1,チャレンジ一般,20:50,20:45,6,https://keirin.kdreams.jp/yahiko/racedetail/2120230722030001/?pageType=odds,2026-10-07T18:32:20.275147+00:00,2-4-6/5-3-1,published,新潟スポーツ,楽天Kドリームス 並び予想
2120230722030002,2023-07-24,弥彦競輪,F2,A3 challenge,2,チャレンジ一般,21:10,21:05,6,https://keirin.kdreams.jp/yahiko/racedetail/2120230722030002/?pageType=odds,2026-10-07T18:32:22.037576+00:00,4-3/1/5-2-6,published,新潟スポーツ,楽天Kドリームス 並び予想
2120230722030003,2023-07-24,弥彦競輪,F2,A3 challenge,3,チャレンジ選抜,21:30,21:25,7,https://keirin.kdreams.jp/yahiko/racedetail/2120230722030003/?pageType=odds,2026-10-07T18:32:24.059725+00:00,1-6/3-2/4-5-7,published,新潟スポーツ,楽天Kドリームス 並び予想
2120230722030008,2023-07-24,弥彦競輪,F2,A3 challenge,8,チャレンジ決勝,23:10,23:05,7,https://keirin.kdreams.jp/yahiko/racedetail/2120230722030008/?pageType=odds,2026-10-07T18:32:26.293945+00:00,5-1/4-2/7-3/6,published,新潟スポーツ,楽天Kドリームス 並び予想
4820230725010001,2023-07-25,四日市競輪,F2,A3 challenge,1,チャレンジ予選,20:40,20:35,7,https://keirin.kdreams.jp/yokkaichi/racedetail/4820230725010001/?pageType=odds,2026-10-07T18:33:07.578615+00:00,2-5/7/6/4-1-3,published,富山中部,楽天Kドリームス 並び予想
4820230725010002,2023-07-25,四日市競輪,F2,A3 challenge,2,チャレンジ予選,21:00,20:55,7,https://keirin.kdreams.jp/yokkaichi/racedetail/4820230725010002/?pageType=odds,2026-10-07T18:33:09.380153+00:00,3-1/4-7/5-2-6,published,富山中部,楽天Kドリームス 並び予想
4820230725010003,2023-07-25,四日市競輪,F2,A3 challenge,3,チャレンジ予選,21:20,21:15,7,https://keirin.kdreams.jp/yokkaichi/racedetail/4820230725010003/?pageType=odds,2026-10-07T18:33:11.201004+00:00,3-1/4/5-6/7-2,published,富山中部,楽天Kドリームス 並び予想
4820230725010004,2023-07-25,四日市競輪,F2,A3 challenge,4,チャレンジ予選,21:40,21:35,7,https://keirin.kdreams.jp/yokkaichi/racedetail/4820230725010004/?pageType=odds,2026-10-07T18:33:12.999559+00:00,2-1-6/7/4-3-5,published,富山中部,楽天Kドリームス 並び予想
3620230725010001,2023-07-25,小田原競輪,F2,A3 challenge,1,チャレンジ予選,08:30,08:25,7,https://keirin.kdreams.jp/odawara/racedetail/3620230725010001/?pageType=odds,2026-10-07T18:32:28.254080+00:00,5-1-6/2-4/3-7,published,小田競・サイクル,楽天Kドリームス 並び予想
3620230725010002,2023-07-25,小田原競輪,F2,A3 challenge,2,チャレンジ予選,08:50,08:45,7,https://keirin.kdreams.jp/odawara/racedetail/3620230725010002/?pageType=odds,2026-10-07T18:32:30.108170+00:00,7-2-4/1/5-3-6,published,小田競・サイクル,楽天Kドリームス 並び予想
3620230725010003,2023-07-25,小田原競輪,F2,A3 challenge,3,チャレンジ予選,09:10,09:05,7,https://keirin.kdreams.jp/odawara/racedetail/3620230725010003/?pageType=odds,2026-10-07T18:32:31.909603+00:00,6-1/2-5/4-3/7,published,小田競・サイクル,楽天Kドリームス 並び予想
3620230725010004,2023-07-25,小田原競輪,F2,A3 challenge,4,チャレンジ予選,09:30,09:25,7,https://keirin.kdreams.jp/odawara/racedetail/3620230725010004/?pageType=odds,2026-10-07T18:32:33.894107+00:00,7-2-1/3-4-5/6,published,小田競・サイクル,楽天Kドリームス 並び予想
3620230725010005,2023-07-25,小田原競輪,F2,A3 challenge,5,チャレンジ予選,09:50,09:45,7,https://keirin.kdreams.jp/odawara/racedetail/3620230725010005/?pageType=odds,2026-10-07T18:32:35.682762+00:00,4-1-7/5-2-3/6,published,小田競・サイクル,楽天Kドリームス 並び予想
3620230725010006,2023-07-25,小田原競輪,F2,A3 challenge,6,チャレンジ予選,10:10,10:05,7,https://keirin.kdreams.jp/odawara/racedetail/3620230725010006/?pageType=odds,2026-10-07T18:32:37.351030+00:00,1-7/6-2/3-4-5,published,小田競・サイクル,楽天Kドリームス 並び予想
3620230725010007,2023-07-25,小田原競輪,F2,A3 challenge,7,チャレンジ予選,10:30,10:25,7,https://keirin.kdreams.jp/odawara/racedetail/3620230725010007/?pageType=odds,2026-10-07T18:32:39.308110+00:00,1-7-4-2/5-3/6,published,小田競・サイクル,楽天Kドリームス 並び予想
4820230725020001,2023-07-26,四日市競輪,F2,A3 challenge,1,チャレンジ一般,20:45,20:40,6,https://keirin.kdreams.jp/yokkaichi/racedetail/4820230725020001/?pageType=odds,2026-10-07T18:33:14.880426+00:00,4-1-3/5-2/6,published,富山中部,楽天Kドリームス 並び予想
4820230725020002,2023-07-26,四日市競輪,F2,A3 challenge,2,チャレンジ一般,21:05,21:00,7,https://keirin.kdreams.jp/yokkaichi/racedetail/4820230725020002/?pageType=odds,2026-10-07T18:33:16.847316+00:00,4-2-5/1/3/7-6,published,富山中部,楽天Kドリームス 並び予想
4820230725020003,2023-07-26,四日市競輪,F2,A3 challenge,3,チャレンジ準決勝,21:25,21:20,7,https://keirin.kdreams.jp/yokkaichi/racedetail/4820230725020003/?pageType=odds,2026-10-07T18:33:18.659710+00:00,2-1/3-5/4-6-7,published,富山中部,楽天Kドリームス 並び予想
4820230725020004,2023-07-26,四日市競輪,F2,A3 challenge,4,チャレンジ準決勝,21:45,21:40,7,https://keirin.kdreams.jp/yokkaichi/racedetail/4820230725020004/?pageType=odds,2026-10-07T18:33:20.480254+00:00,4-1-7/2-6/5-3,published,富山中部,楽天Kドリームス 並び予想
2420230726010001,2023-07-26,宇都宮競輪,F2,A3 challenge,1,チャレンジ予選,20:40,20:35,7,https://keirin.kdreams.jp/utsunomiya/racedetail/2420230726010001/?pageType=odds,2026-10-07T18:33:55.920822+00:00,2-1-3/5/4-6-7,published,アオケイ,楽天Kドリームス 並び予想
2420230726010002,2023-07-26,宇都宮競輪,F2,A3 challenge,2,チャレンジ予選,21:00,20:55,7,https://keirin.kdreams.jp/utsunomiya/racedetail/2420230726010002/?pageType=odds,2026-10-07T18:33:57.974471+00:00,2-1-6-3/7-4/5,published,アオケイ,楽天Kドリームス 並び予想
2420230726010003,2023-07-26,宇都宮競輪,F2,A3 challenge,3,チャレンジ予選,21:20,21:15,7,https://keirin.kdreams.jp/utsunomiya/racedetail/2420230726010003/?pageType=odds,2026-10-07T18:33:59.897841+00:00,2-3-4-6/7-1-5,published,アオケイ,楽天Kドリームス 並び予想
2420230726010004,2023-07-26,宇都宮競輪,F2,A3 challenge,4,チャレンジ予選,21:40,21:35,7,https://keirin.kdreams.jp/utsunomiya/racedetail/2420230726010004/?pageType=odds,2026-10-07T18:34:01.773695+00:00,1-2-5-7/6-3-4,published,アオケイ,楽天Kドリームス 並び予想
3620230725020001,2023-07-26,小田原競輪,F2,A3 challenge,1,チャレンジ一般,08:30,08:25,6,https://keirin.kdreams.jp/odawara/racedetail/3620230725020001/?pageType=odds,2026-10-07T18:32:40.983377+00:00,5-1-3/2-4/6,published,小田競・サイクル,楽天Kドリームス 並び予想
3620230725020002,2023-07-26,小田原競輪,F2,A3 challenge,2,チャレンジ一般,08:50,08:45,6,https://keirin.kdreams.jp/odawara/racedetail/3620230725020002/?pageType=odds,2026-10-07T18:32:42.720391+00:00,4-1-6/2-5/3,published,小田競・サイクル,楽天Kドリームス 並び予想
3620230725020003,2023-07-26,小田原競輪,F2,A3 challenge,3,チャレンジ選抜,09:10,09:05,7,https://keirin.kdreams.jp/odawara/racedetail/3620230725020003/?pageType=odds,2026-10-07T18:32:44.521193+00:00,1-5/2-6/4-3-7,published,小田競・サイクル,楽天Kドリームス 並び予想
3620230725020004,2023-07-26,小田原競輪,F2,A3 challenge,4,チャレンジ選抜,09:30,09:25,7,https://keirin.kdreams.jp/odawara/racedetail/3620230725020004/?pageType=odds,2026-10-07T18:32:46.243376+00:00,7-1/4-5-2/3-6,published,小田競・サイクル,楽天Kドリームス 並び予想
3620230725020005,2023-07-26,小田原競輪,F2,A3 challenge,5,チャレンジ準決勝,09:50,09:45,7,https://keirin.kdreams.jp/odawara/racedetail/3620230725020005/?pageType=odds,2026-10-07T18:32:48.305468+00:00,1-4/2-7-5/6-3,published,小田競・サイクル,楽天Kドリームス 並び予想
3620230725020006,2023-07-26,小田原競輪,F2,A3 challenge,6,チャレンジ準決勝,10:10,10:05,7,https://keirin.kdreams.jp/odawara/racedetail/3620230725020006/?pageType=odds,2026-10-07T18:32:50.016934+00:00,1-6/2-5/4/7-3,published,小田競・サイクル,楽天Kドリームス 並び予想
3620230725020007,2023-07-26,小田原競輪,F2,A3 challenge,7,チャレンジ準決勝,10:30,10:25,7,https://keirin.kdreams.jp/odawara/racedetail/3620230725020007/?pageType=odds,2026-10-07T18:32:51.933740+00:00,6-1/2-5-4/7-3,published,小田競・サイクル,楽天Kドリームス 並び予想
5620230726010001,2023-07-26,岸和田競輪,F2,A3 challenge,1,チャレンジ予選,10:53,10:48,7,https://keirin.kdreams.jp/kishiwada/racedetail/5620230726010001/?pageType=odds,2026-10-07T18:33:30.205746+00:00,7-1-6/5-2/3-4,published,競輪研究,楽天Kドリームス 並び予想
5620230726010002,2023-07-26,岸和田競輪,F2,A3 challenge,2,チャレンジ予選,11:18,11:13,7,https://keirin.kdreams.jp/kishiwada/racedetail/5620230726010002/?pageType=odds,2026-10-07T18:33:32.260254+00:00,3-5-1/6/4-2-7,published,競輪研究,楽天Kドリームス 並び予想
5620230726010003,2023-07-26,岸和田競輪,F2,A3 challenge,3,チャレンジ予選,11:43,11:38,7,https://keirin.kdreams.jp/kishiwada/racedetail/5620230726010003/?pageType=odds,2026-10-07T18:33:34.048109+00:00,1-5-6/7-2/4-3,published,競輪研究,楽天Kドリームス 並び予想
5620230726010004,2023-07-26,岸和田競輪,F2,A3 challenge,4,チャレンジ予選,12:11,12:06,7,https://keirin.kdreams.jp/kishiwada/racedetail/5620230726010004/?pageType=odds,2026-10-07T18:33:36.325787+00:00,1-6/2-7-5/3-4,published,競輪研究,楽天Kドリームス 並び予想
5620230726010005,2023-07-26,岸和田競輪,F2,A3 challenge,5,チャレンジ予選,12:40,12:35,7,https://keirin.kdreams.jp/kishiwada/racedetail/5620230726010005/?pageType=odds,2026-10-07T18:33:38.055920+00:00,1-4-7/5-3-2/6,published,競輪研究,楽天Kドリームス 並び予想
4820230725030001,2023-07-27,四日市競輪,F2,A3 challenge,1,チャレンジ一般,20:45,20:40,6,https://keirin.kdreams.jp/yokkaichi/racedetail/4820230725030001/?pageType=odds,2026-10-07T18:33:22.159436+00:00,3-2-5/4-1-6,published,富山中部,楽天Kドリームス 並び予想
4820230725030002,2023-07-27,四日市競輪,F2,A3 challenge,2,チャレンジ一般,21:05,21:00,7,https://keirin.kdreams.jp/yokkaichi/racedetail/4820230725030002/?pageType=odds,2026-10-07T18:33:24.052122+00:00,3-1-5-7/4-2-6,published,富山中部,楽天Kドリームス 並び予想
4820230725030003,2023-07-27,四日市競輪,F2,A3 challenge,3,チャレンジ選抜,21:25,21:20,7,https://keirin.kdreams.jp/yokkaichi/racedetail/4820230725030003/?pageType=odds,2026-10-07T18:33:26.290879+00:00,2-1-3/4-5-7/6,published,富山中部,楽天Kドリームス 並び予想
4820230725030008,2023-07-27,四日市競輪,F2,A3 challenge,8,チャレンジ決勝,23:05,23:00,7,https://keirin.kdreams.jp/yokkaichi/racedetail/4820230725030008/?pageType=odds,2026-10-07T18:33:28.191522+00:00,2-1/3-6/4-7/5,published,富山中部,楽天Kドリームス 並び予想
2520230727010001,2023-07-27,大宮競輪,F2,A3 challenge,1,チャレンジ予選,08:40,08:35,7,https://keirin.kdreams.jp/omiya/racedetail/2520230727010001/?pageType=odds,2026-10-07T18:34:46.294651+00:00,5-1-4/6/2-7-3,published,アオケイ,楽天Kドリームス 並び予想
2520230727010002,2023-07-27,大宮競輪,F2,A3 challenge,2,チャレンジ予選,09:00,08:55,7,https://keirin.kdreams.jp/omiya/racedetail/2520230727010002/?pageType=odds,2026-10-07T18:34:48.079220+00:00,5-1/4-2/6/7-3,published,アオケイ,楽天Kドリームス 並び予想
2520230727010003,2023-07-27,大宮競輪,F2,A3 challenge,3,チャレンジ予選,09:20,09:15,7,https://keirin.kdreams.jp/omiya/racedetail/2520230727010003/?pageType=odds,2026-10-07T18:34:49.912021+00:00,1-3-7/6/2-5-4,published,アオケイ,楽天Kドリームス 並び予想
2520230727010004,2023-07-27,大宮競輪,F2,A3 challenge,4,チャレンジ予選,09:40,09:35,7,https://keirin.kdreams.jp/omiya/racedetail/2520230727010004/?pageType=odds,2026-10-07T18:34:51.668436+00:00,4-1/5-2-6/3-7,published,アオケイ,楽天Kドリームス 並び予想
2520230727010005,2023-07-27,大宮競輪,F2,A3 challenge,5,チャレンジ予選,10:00,09:55,7,https://keirin.kdreams.jp/omiya/racedetail/2520230727010005/?pageType=odds,2026-10-07T18:34:53.473092+00:00,7-4-1/6-2/3-5,published,アオケイ,楽天Kドリームス 並び予想
2520230727010006,2023-07-27,大宮競輪,F2,A3 challenge,6,チャレンジ予選,10:20,10:15,7,https://keirin.kdreams.jp/omiya/racedetail/2520230727010006/?pageType=odds,2026-10-07T18:34:55.659302+00:00,5-1-6/3-7-4-2,published,アオケイ,楽天Kドリームス 並び予想
2520230727010007,2023-07-27,大宮競輪,F2,A3 challenge,7,チャレンジ予選,10:40,10:35,7,https://keirin.kdreams.jp/omiya/racedetail/2520230727010007/?pageType=odds,2026-10-07T18:34:57.540589+00:00,7-1-6/2-4/3/5,published,アオケイ,楽天Kドリームス 並び予想
2420230726020001,2023-07-27,宇都宮競輪,F2,A3 challenge,1,チャレンジ一般,20:40,20:35,6,https://keirin.kdreams.jp/utsunomiya/racedetail/2420230726020001/?pageType=odds,2026-10-07T18:34:02.977123+00:00,1-3-5/2/6-4,published,アオケイ,楽天Kドリームス 並び予想
2420230726020002,2023-07-27,宇都宮競輪,F2,A3 challenge,2,チャレンジ一般,21:00,20:55,7,https://keirin.kdreams.jp/utsunomiya/racedetail/2420230726020002/?pageType=odds,2026-10-07T18:34:04.971431+00:00,6-2-3/7/5-4-1,published,アオケイ,楽天Kドリームス 並び予想
2420230726020003,2023-07-27,宇都宮競輪,F2,A3 challenge,3,チャレンジ準決勝,21:20,21:15,7,https://keirin.kdreams.jp/utsunomiya/racedetail/2420230726020003/?pageType=odds,2026-10-07T18:34:06.791589+00:00,3-1-7/4/2-5-6,published,アオケイ,楽天Kドリームス 並び予想
2420230726020004,2023-07-27,宇都宮競輪,F2,A3 challenge,4,チャレンジ準決勝,21:40,21:35,7,https://keirin.kdreams.jp/utsunomiya/racedetail/2420230726020004/?pageType=odds,2026-10-07T18:34:08.794884+00:00,2-1-7-6/5-4-3,published,アオケイ,楽天Kドリームス 並び予想
3620230725030001,2023-07-27,小田原競輪,F2,A3 challenge,1,チャレンジ一般,08:30,08:25,6,https://keirin.kdreams.jp/odawara/racedetail/3620230725030001/?pageType=odds,2026-10-07T18:32:53.877030+00:00,5-1/4-2/3-6,published,小田競・サイクル,楽天Kドリームス 並び予想
3620230725030002,2023-07-27,小田原競輪,F2,A3 challenge,2,チャレンジ一般,08:50,08:45,6,https://keirin.kdreams.jp/odawara/racedetail/3620230725030002/?pageType=odds,2026-10-07T18:32:55.796380+00:00,1-4-3/2-5-6,published,小田競・サイクル,楽天Kドリームス 並び予想
3620230725030003,2023-07-27,小田原競輪,F2,A3 challenge,3,チャレンジ一般,09:10,09:05,7,https://keirin.kdreams.jp/odawara/racedetail/3620230725030003/?pageType=odds,2026-10-07T18:32:57.637636+00:00,4-2/1/6/3-7-5,published,小田競・サイクル,楽天Kドリームス 並び予想
3620230725030004,2023-07-27,小田原競輪,F2,A3 challenge,4,チャレンジ選抜,09:30,09:25,7,https://keirin.kdreams.jp/odawara/racedetail/3620230725030004/?pageType=odds,2026-10-07T18:32:59.723408+00:00,6-4-2/1/3-7-5,published,小田競・サイクル,楽天Kドリームス 並び予想
3620230725030005,2023-07-27,小田原競輪,F2,A3 challenge,5,チャレンジ選抜,09:50,09:45,7,https://keirin.kdreams.jp/odawara/racedetail/3620230725030005/?pageType=odds,2026-10-07T18:33:01.826360+00:00,1-7/2/5/3-4-6,published,小田競・サイクル,楽天Kドリームス 並び予想
3620230725030006,2023-07-27,小田原競輪,F2,A3 challenge,6,チャレンジ選抜,10:10,10:05,7,https://keirin.kdreams.jp/odawara/racedetail/3620230725030006/?pageType=odds,2026-10-07T18:33:03.601257+00:00,4-1-6/2/7-3-5,published,小田競・サイクル,楽天Kドリームス 並び予想
3620230725030007,2023-07-27,小田原競輪,F2,A3 challenge,7,チャレンジ決勝,10:30,10:25,7,https://keirin.kdreams.jp/odawara/racedetail/3620230725030007/?pageType=odds,2026-10-07T18:33:05.661514+00:00,1-4/7-2/5-6-3,published,小田競・サイクル,楽天Kドリームス 並び予想
5620230726020001,2023-07-27,岸和田競輪,F2,A3 challenge,1,チャレンジ一般,10:53,10:48,6,https://keirin.kdreams.jp/kishiwada/racedetail/5620230726020001/?pageType=odds,2026-10-07T18:33:39.628426+00:00,3-1-4/2-5-6,published,競輪研究,楽天Kドリームス 並び予想
5620230726020002,2023-07-27,岸和田競輪,F2,A3 challenge,2,チャレンジ一般,11:18,11:13,6,https://keirin.kdreams.jp/kishiwada/racedetail/5620230726020002/?pageType=odds,2026-10-07T18:33:41.501852+00:00,2-4-6/5-3-1,published,競輪研究,楽天Kドリームス 並び予想
5620230726020003,2023-07-27,岸和田競輪,F2,A3 challenge,3,チャレンジ準決勝,11:43,11:38,7,https://keirin.kdreams.jp/kishiwada/racedetail/5620230726020003/?pageType=odds,2026-10-07T18:33:43.272425+00:00,2-4/1-7/5-3-6,published,競輪研究,楽天Kドリームス 並び予想
5620230726020004,2023-07-27,岸和田競輪,F2,A3 challenge,4,チャレンジ準決勝,12:11,12:06,7,https://keirin.kdreams.jp/kishiwada/racedetail/5620230726020004/?pageType=odds,2026-10-07T18:33:45.093733+00:00,7-1/5-2-6/3-4,published,競輪研究,楽天Kドリームス 並び予想
5620230726020005,2023-07-27,岸和田競輪,F2,A3 challenge,5,チャレンジ準決勝,12:40,12:35,7,https://keirin.kdreams.jp/kishiwada/racedetail/5620230726020005/?pageType=odds,2026-10-07T18:33:46.992066+00:00,4-2/1-6/7-3-5,published,競輪研究,楽天Kドリームス 並び予想
3120230727010001,2023-07-27,松戸競輪,F2,A3 challenge,1,チャレンジ予選,15:28,15:23,7,https://keirin.kdreams.jp/matsudo/racedetail/3120230727010001/?pageType=odds,2026-10-07T18:34:17.995546+00:00,1-4-5/3-7-2/6,published,アオケイ,楽天Kドリームス 並び予想
3120230727010002,2023-07-27,松戸競輪,F2,A3 challenge,2,チャレンジ予選,15:52,15:47,7,https://keirin.kdreams.jp/matsudo/racedetail/3120230727010002/?pageType=odds,2026-10-07T18:34:19.805059+00:00,2-4-6/5-3-1/7,published,アオケイ,楽天Kドリームス 並び予想
3120230727010003,2023-07-27,松戸競輪,F2,A3 challenge,3,チャレンジ予選,16:16,16:11,7,https://keirin.kdreams.jp/matsudo/racedetail/3120230727010003/?pageType=odds,2026-10-07T18:34:21.660613+00:00,3-4-5/7-2/6-1,published,アオケイ,楽天Kドリームス 並び予想
3120230727010004,2023-07-27,松戸競輪,F2,A3 challenge,4,チャレンジ予選,16:41,16:36,7,https://keirin.kdreams.jp/matsudo/racedetail/3120230727010004/?pageType=odds,2026-10-07T18:34:23.515620+00:00,6-2/1-5/4-7-3,published,アオケイ,楽天Kドリームス 並び予想
3120230727010005,2023-07-27,松戸競輪,F2,A3 challenge,5,チャレンジ予選,17:06,17:01,7,https://keirin.kdreams.jp/matsudo/racedetail/3120230727010005/?pageType=odds,2026-10-07T18:34:25.337078+00:00,7-1-4/2-5/6-3,published,アオケイ,楽天Kドリームス 並び予想
2520230727020001,2023-07-28,大宮競輪,F2,A3 challenge,1,チャレンジ一般,08:40,08:35,5,https://keirin.kdreams.jp/omiya/racedetail/2520230727020001/?pageType=odds,2026-10-07T18:34:59.570368+00:00,1-5/4/3-2,published,アオケイ,楽天Kドリームス 並び予想
2520230727020002,2023-07-28,大宮競輪,F2,A3 challenge,2,チャレンジ一般,09:00,08:55,6,https://keirin.kdreams.jp/omiya/racedetail/2520230727020002/?pageType=odds,2026-10-07T18:35:01.426366+00:00,1-6-4/3/2-5,published,アオケイ,楽天Kドリームス 並び予想
2520230727020003,2023-07-28,大宮競輪,F2,A3 challenge,3,チャレンジ選抜,09:20,09:15,7,https://keirin.kdreams.jp/omiya/racedetail/2520230727020003/?pageType=odds,2026-10-07T18:35:03.305199+00:00,7-4-1/5-2/3/6,published,アオケイ,楽天Kドリームス 並び予想
2520230727020004,2023-07-28,大宮競輪,F2,A3 challenge,4,チャレンジ選抜,09:40,09:35,7,https://keirin.kdreams.jp/omiya/racedetail/2520230727020004/?pageType=odds,2026-10-07T18:35:05.211175+00:00,2-6-1/7/3-5-4,published,アオケイ,楽天Kドリームス 並び予想
2520230727020005,2023-07-28,大宮競輪,F2,A3 challenge,5,チャレンジ準決勝,10:00,09:55,7,https://keirin.kdreams.jp/omiya/racedetail/2520230727020005/?pageType=odds,2026-10-07T18:35:06.963872+00:00,1-7/4-2/6/3-5,published,アオケイ,楽天Kドリームス 並び予想
2520230727020006,2023-07-28,大宮競輪,F2,A3 challenge,6,チャレンジ準決勝,10:20,10:15,7,https://keirin.kdreams.jp/omiya/racedetail/2520230727020006/?pageType=odds,2026-10-07T18:35:08.958334+00:00,1-4/7-2/5-3-6,published,アオケイ,楽天Kドリームス 並び予想
2520230727020007,2023-07-28,大宮競輪,F2,A3 challenge,7,チャレンジ準決勝,10:40,10:35,7,https://keirin.kdreams.jp/omiya/racedetail/2520230727020007/?pageType=odds,2026-10-07T18:35:10.815729+00:00,1-4/7-2-5/3-6,published,アオケイ,楽天Kドリームス 並び予想
2420230726030001,2023-07-28,宇都宮競輪,F2,A3 challenge,1,チャレンジ一般,20:40,20:35,5,https://keirin.kdreams.jp/utsunomiya/racedetail/2420230726030001/?pageType=odds,2026-10-07T18:34:10.718422+00:00,3-2-1-4/5,published,アオケイ,楽天Kドリームス 並び予想
2420230726030002,2023-07-28,宇都宮競輪,F2,A3 challenge,2,チャレンジ一般,21:00,20:55,6,https://keirin.kdreams.jp/utsunomiya/racedetail/2420230726030002/?pageType=odds,2026-10-07T18:34:12.483681+00:00,1-5-2-3/4/6,published,アオケイ,楽天Kドリームス 並び予想
2420230726030003,2023-07-28,宇都宮競輪,F2,A3 challenge,3,チャレンジ選抜,21:20,21:15,7,https://keirin.kdreams.jp/utsunomiya/racedetail/2420230726030003/?pageType=odds,2026-10-07T18:34:14.284693+00:00,6-1-4/2/3-5-7,published,アオケイ,楽天Kドリームス 並び予想
2420230726030008,2023-07-28,宇都宮競輪,F2,A3 challenge,8,チャレンジ決勝,23:00,22:55,7,https://keirin.kdreams.jp/utsunomiya/racedetail/2420230726030008/?pageType=odds,2026-10-07T18:34:16.195273+00:00,2-1-3-7/4-5-6,published,アオケイ,楽天Kドリームス 並び予想
5620230726030001,2023-07-28,岸和田競輪,F2,A3 challenge,1,チャレンジ一般,11:18,11:13,7,https://keirin.kdreams.jp/kishiwada/racedetail/5620230726030001/?pageType=odds,2026-10-07T18:33:48.851421+00:00,2-5/3-1/4-7/6,published,競輪研究,楽天Kドリームス 並び予想
5620230726030002,2023-07-28,岸和田競輪,F2,A3 challenge,2,チャレンジ選抜,11:43,11:38,7,https://keirin.kdreams.jp/kishiwada/racedetail/5620230726030002/?pageType=odds,2026-10-07T18:33:50.635651+00:00,5-4-2/7/1/3-6,published,競輪研究,楽天Kドリームス 並び予想
5620230726030003,2023-07-28,岸和田競輪,F2,A3 challenge,3,チャレンジ選抜,12:11,12:06,7,https://keirin.kdreams.jp/kishiwada/racedetail/5620230726030003/?pageType=odds,2026-10-07T18:33:52.473470+00:00,1-7-3-6/2/4/5,published,競輪研究,楽天Kドリームス 並び予想
5620230726030004,2023-07-28,岸和田競輪,F2,A3 challenge,4,チャレンジ決勝,12:40,12:35,7,https://keirin.kdreams.jp/kishiwada/racedetail/5620230726030004/?pageType=odds,2026-10-07T18:33:54.283746+00:00,2-6/1/7/3-5-4,published,競輪研究,楽天Kドリームス 並び予想
3120230727020001,2023-07-28,松戸競輪,F2,A3 challenge,1,チャレンジ一般,15:28,15:23,5,https://keirin.kdreams.jp/matsudo/racedetail/3120230727020001/?pageType=odds,2026-10-07T18:34:26.966476+00:00,1-4/5-2/3,published,アオケイ,楽天Kドリームス 並び予想
3120230727020002,2023-07-28,松戸競輪,F2,A3 challenge,2,チャレンジ一般,15:52,15:47,5,https://keirin.kdreams.jp/matsudo/racedetail/3120230727020002/?pageType=odds,2026-10-07T18:34:28.851579+00:00,4-1-5/2-3,published,アオケイ,楽天Kドリームス 並び予想
3120230727020003,2023-07-28,松戸競輪,F2,A3 challenge,3,チャレンジ準決勝,16:16,16:11,7,https://keirin.kdreams.jp/matsudo/racedetail/3120230727020003/?pageType=odds,2026-10-07T18:34:30.793848+00:00,4-2/1-7/5-3-6,published,アオケイ,楽天Kドリームス 並び予想
3120230727020004,2023-07-28,松戸競輪,F2,A3 challenge,4,チャレンジ準決勝,16:41,16:36,7,https://keirin.kdreams.jp/matsudo/racedetail/3120230727020004/?pageType=odds,2026-10-07T18:34:32.707711+00:00,5-1-6/3-2-7-4,published,アオケイ,楽天Kドリームス 並び予想
3120230727020005,2023-07-28,松戸競輪,F2,A3 challenge,5,チャレンジ準決勝,17:06,17:01,7,https://keirin.kdreams.jp/matsudo/racedetail/3120230727020005/?pageType=odds,2026-10-07T18:34:34.830856+00:00,1-4-6/2-5/7-3,published,アオケイ,楽天Kドリームス 並び予想
1120230729010001,2023-07-29,函館競輪,F2,A3 challenge,1,チャレンジ予選,15:35,15:30,7,https://keirin.kdreams.jp/hakodate/racedetail/1120230729010001/?pageType=odds,2026-10-07T18:35:25.656604+00:00,1-5-3/7-2-4/6,published,北競,楽天Kドリームス 並び予想
1120230729010002,2023-07-29,函館競輪,F2,A3 challenge,2,チャレンジ予選,16:00,15:55,7,https://keirin.kdreams.jp/hakodate/racedetail/1120230729010002/?pageType=odds,2026-10-07T18:35:27.790930+00:00,4-2-6/3-7-1/5,published,北競,楽天Kドリームス 並び予想
1120230729010003,2023-07-29,函館競輪,F2,A3 challenge,3,チャレンジ予選,16:25,16:20,7,https://keirin.kdreams.jp/hakodate/racedetail/1120230729010003/?pageType=odds,2026-10-07T18:35:29.770386+00:00,4-1/2/3-5-7/6,published,北競,楽天Kドリームス 並び予想
1120230729010004,2023-07-29,函館競輪,F2,A3 challenge,4,チャレンジ予選,16:50,16:45,7,https://keirin.kdreams.jp/hakodate/racedetail/1120230729010004/?pageType=odds,2026-10-07T18:35:31.699718+00:00,7-1-4-6-2/3/5,published,北競,楽天Kドリームス 並び予想
1120230729010005,2023-07-29,函館競輪,F2,A3 challenge,5,チャレンジ予選,17:15,17:10,7,https://keirin.kdreams.jp/hakodate/racedetail/1120230729010005/?pageType=odds,2026-10-07T18:35:33.557478+00:00,1-4-2-6/5-3/7,published,北競,楽天Kドリームス 並び予想
2520230727030001,2023-07-29,大宮競輪,F2,A3 challenge,1,チャレンジ一般,08:40,08:35,5,https://keirin.kdreams.jp/omiya/racedetail/2520230727030001/?pageType=odds,2026-10-07T18:35:12.655324+00:00,5-3-1/2/4,published,アオケイ,楽天Kドリームス 並び予想
2520230727030002,2023-07-29,大宮競輪,F2,A3 challenge,2,チャレンジ一般,09:00,08:55,6,https://keirin.kdreams.jp/omiya/racedetail/2520230727030002/?pageType=odds,2026-10-07T18:35:14.294344+00:00,1-4/3-5-2/6,published,アオケイ,楽天Kドリームス 並び予想
2520230727030003,2023-07-29,大宮競輪,F2,A3 challenge,3,チャレンジ一般,09:20,09:15,6,https://keirin.kdreams.jp/omiya/racedetail/2520230727030003/?pageType=odds,2026-10-07T18:35:16.051665+00:00,1-5-6/4-3-2,published,アオケイ,楽天Kドリームス 並び予想
2520230727030004,2023-07-29,大宮競輪,F2,A3 challenge,4,チャレンジ選抜,09:40,09:35,7,https://keirin.kdreams.jp/omiya/racedetail/2520230727030004/?pageType=odds,2026-10-07T18:35:18.061518+00:00,1-5-7/3/2-4-6,published,アオケイ,楽天Kドリームス 並び予想
2520230727030005,2023-07-29,大宮競輪,F2,A3 challenge,5,チャレンジ選抜,10:00,09:55,7,https://keirin.kdreams.jp/omiya/racedetail/2520230727030005/?pageType=odds,2026-10-07T18:35:19.949317+00:00,1-4-5/7-2/3-6,published,アオケイ,楽天Kドリームス 並び予想
2520230727030006,2023-07-29,大宮競輪,F2,A3 challenge,6,チャレンジ選抜,10:20,10:15,7,https://keirin.kdreams.jp/omiya/racedetail/2520230727030006/?pageType=odds,2026-10-07T18:35:21.770874+00:00,1-5-6/4-3-7-2,published,アオケイ,楽天Kドリームス 並び予想
2520230727030007,2023-07-29,大宮競輪,F2,A3 challenge,7,チャレンジ決勝,10:40,10:35,7,https://keirin.kdreams.jp/omiya/racedetail/2520230727030007/?pageType=odds,2026-10-07T18:35:23.627583+00:00,1/2-7/3-6/5-4,published,アオケイ,楽天Kドリームス 並び予想
3120230727030001,2023-07-29,松戸競輪,F2,A3 challenge,1,チャレンジ一般,15:28,15:23,5,https://keirin.kdreams.jp/matsudo/racedetail/3120230727030001/?pageType=odds,2026-10-07T18:34:36.538405+00:00,1-4/2-3/5,published,アオケイ,楽天Kドリームス 並び予想
3120230727030002,2023-07-29,松戸競輪,F2,A3 challenge,2,チャレンジ一般,15:52,15:47,5,https://keirin.kdreams.jp/matsudo/racedetail/3120230727030002/?pageType=odds,2026-10-07T18:34:38.682969+00:00,1-5/4-2-3,published,アオケイ,楽天Kドリームス 並び予想
3120230727030003,2023-07-29,松戸競輪,F2,A3 challenge,3,チャレンジ選抜,16:16,16:11,7,https://keirin.kdreams.jp/matsudo/racedetail/3120230727030003/?pageType=odds,2026-10-07T18:34:40.684210+00:00,4-1-2-7/6-3-5,published,アオケイ,楽天Kドリームス 並び予想
3120230727030004,2023-07-29,松戸競輪,F2,A3 challenge,4,チャレンジ選抜,16:43,16:38,7,https://keirin.kdreams.jp/matsudo/racedetail/3120230727030004/?pageType=odds,2026-10-07T18:34:42.616220+00:00,7-3-4/6-1-5/2,published,アオケイ,楽天Kドリームス 並び予想
3120230727030010,2023-07-29,松戸競輪,F2,A3 challenge,10,チャレンジ決勝,19:29,19:24,7,https://keirin.kdreams.jp/matsudo/racedetail/3120230727030010/?pageType=odds,2026-10-07T18:34:44.487918+00:00,7-3/1-6-5/2/4,published,アオケイ,楽天Kドリームス 並び予想
1120230729020001,2023-07-30,函館競輪,F2,A3 challenge,1,チャレンジ一般,15:35,15:30,6,https://keirin.kdreams.jp/hakodate/racedetail/1120230729020001/?pageType=odds,2026-10-07T18:35:35.304900+00:00,1-4/2-6/3/5,published,北競,楽天Kドリームス 並び予想
1120230729020002,2023-07-30,函館競輪,F2,A3 challenge,2,チャレンジ一般,16:00,15:55,7,https://keirin.kdreams.jp/hakodate/racedetail/1120230729020002/?pageType=odds,2026-10-07T18:35:37.218747+00:00,2-5-1-6/4-7-3,published,北競,楽天Kドリームス 並び予想
1120230729020003,2023-07-30,函館競輪,F2,A3 challenge,3,チャレンジ準決勝,16:25,16:20,7,https://keirin.kdreams.jp/hakodate/racedetail/1120230729020003/?pageType=odds,2026-10-07T18:35:39.147443+00:00,4-6-1-3-5/2-7,published,北競,楽天Kドリームス 並び予想
1120230729020004,2023-07-30,函館競輪,F2,A3 challenge,4,チャレンジ準決勝,16:50,16:45,7,https://keirin.kdreams.jp/hakodate/racedetail/1120230729020004/?pageType=odds,2026-10-07T18:35:41.021397+00:00,1-5-7-2-4/3-6,published,北競,楽天Kドリームス 並び予想
1120230729020005,2023-07-30,函館競輪,F2,A3 challenge,5,チャレンジ準決勝,17:15,17:10,7,https://keirin.kdreams.jp/hakodate/racedetail/1120230729020005/?pageType=odds,2026-10-07T18:35:42.944651+00:00,2-4-6/7-1/3-5,published,北競,楽天Kドリームス 並び予想
1220230730010001,2023-07-30,青森競輪,F2,A3 challenge,1,チャレンジ予選,08:30,08:25,6,https://keirin.kdreams.jp/aomori/racedetail/1220230730010001/?pageType=odds,2026-10-07T18:35:55.093371+00:00,3-4-1/2-5-6,published,アオケイ,楽天Kドリームス 並び予想
1220230730010002,2023-07-30,青森競輪,F2,A3 challenge,2,チャレンジ予選,08:50,08:45,6,https://keirin.kdreams.jp/aomori/racedetail/1220230730010002/?pageType=odds,2026-10-07T18:35:57.181128+00:00,1-5-3/2-6-4,published,アオケイ,楽天Kドリームス 並び予想
1220230730010003,2023-07-30,青森競輪,F2,A3 challenge,3,チャレンジ予選,09:10,09:05,7,https://keirin.kdreams.jp/aomori/racedetail/1220230730010003/?pageType=odds,2026-10-07T18:35:59.189753+00:00,7-1-4/3/2-5-6,published,アオケイ,楽天Kドリームス 並び予想
1220230730010004,2023-07-30,青森競輪,F2,A3 challenge,4,チャレンジ予選,09:30,09:25,7,https://keirin.kdreams.jp/aomori/racedetail/1220230730010004/?pageType=odds,2026-10-07T18:36:01.023554+00:00,5-2-4/6-1/3-7,published,アオケイ,楽天Kドリームス 並び予想
1220230730010005,2023-07-30,青森競輪,F2,A3 challenge,5,チャレンジ予選,09:50,09:45,7,https://keirin.kdreams.jp/aomori/racedetail/1220230730010005/?pageType=odds,2026-10-07T18:36:02.912866+00:00,3-4-1-6/7-5-2,published,アオケイ,楽天Kドリームス 並び予想
1220230730010006,2023-07-30,青森競輪,F2,A3 challenge,6,チャレンジ予選,10:10,10:05,7,https://keirin.kdreams.jp/aomori/racedetail/1220230730010006/?pageType=odds,2026-10-07T18:36:04.721599+00:00,1-4-3/6/2-7-5,published,アオケイ,楽天Kドリームス 並び予想
1220230730010007,2023-07-30,青森競輪,F2,A3 challenge,7,チャレンジ予選,10:30,10:25,7,https://keirin.kdreams.jp/aomori/racedetail/1220230730010007/?pageType=odds,2026-10-07T18:36:06.495522+00:00,5-1-7/2-6/3-4,published,アオケイ,楽天Kドリームス 並び予想
1120230729030001,2023-07-31,函館競輪,F2,A3 challenge,1,チャレンジ一般,15:50,15:45,7,https://keirin.kdreams.jp/hakodate/racedetail/1120230729030001/?pageType=odds,2026-10-07T18:35:44.980864+00:00,1-5-4/2/7-3-6,published,北競,楽天Kドリームス 並び予想
1120230729030002,2023-07-31,函館競輪,F2,A3 challenge,2,チャレンジ一般,16:15,16:10,7,https://keirin.kdreams.jp/hakodate/racedetail/1120230729030002/?pageType=odds,2026-10-07T18:35:46.958690+00:00,4-1/2/3-7/5/6,published,北競,楽天Kドリームス 並び予想
1120230729030003,2023-07-31,函館競輪,F2,A3 challenge,3,チャレンジ選抜,16:40,16:35,7,https://keirin.kdreams.jp/hakodate/racedetail/1120230729030003/?pageType=odds,2026-10-07T18:35:49.047118+00:00,7-1/4-2-3-6/5,published,北競,楽天Kドリームス 並び予想
1120230729030004,2023-07-31,函館競輪,F2,A3 challenge,4,チャレンジ選抜,17:05,17:00,7,https://keirin.kdreams.jp/hakodate/racedetail/1120230729030004/?pageType=odds,2026-10-07T18:35:51.119416+00:00,1-4-6-5/7-2-3,published,北競,楽天Kドリームス 並び予想
1120230729030011,2023-07-31,函館競輪,F2,A3 challenge,11,チャレンジ決勝,20:00,19:55,7,https://keirin.kdreams.jp/hakodate/racedetail/1120230729030011/?pageType=odds,2026-10-07T18:35:53.250742+00:00,1-6/2-7/4-5-3,published,北競,楽天Kドリームス 並び予想
5120230731010001,2023-07-31,福井競輪,F2,A3 challenge,1,チャレンジ予選,10:38,10:33,7,https://keirin.kdreams.jp/fukui/racedetail/5120230731010001/?pageType=odds,2026-10-07T18:36:34.856006+00:00,4-1-5/7-3/6-2,published,福井中部,楽天Kドリームス 並び予想
5120230731010002,2023-07-31,福井競輪,F2,A3 challenge,2,チャレンジ予選,11:04,10:59,7,https://keirin.kdreams.jp/fukui/racedetail/5120230731010002/?pageType=odds,2026-10-07T18:36:37.238101+00:00,6-1/4/7/5-3-2,published,福井中部,楽天Kドリームス 並び予想
5120230731010003,2023-07-31,福井競輪,F2,A3 challenge,3,チャレンジ予選,11:30,11:25,7,https://keirin.kdreams.jp/fukui/racedetail/5120230731010003/?pageType=odds,2026-10-07T18:36:39.093345+00:00,1-5-3/6/4-7-2,published,福井中部,楽天Kドリームス 並び予想
5120230731010004,2023-07-31,福井競輪,F2,A3 challenge,4,チャレンジ予選,11:58,11:53,7,https://keirin.kdreams.jp/fukui/racedetail/5120230731010004/?pageType=odds,2026-10-07T18:36:40.995213+00:00,1-4-2-5/6/3-7,published,福井中部,楽天Kドリームス 並び予想
5120230731010005,2023-07-31,福井競輪,F2,A3 challenge,5,チャレンジ予選,12:27,12:22,7,https://keirin.kdreams.jp/fukui/racedetail/5120230731010005/?pageType=odds,2026-10-07T18:36:43.002138+00:00,2-4-5/6/3-7-1,published,福井中部,楽天Kドリームス 並び予想
1220230730020001,2023-07-31,青森競輪,F2,A3 challenge,1,チャレンジ一般,08:30,08:25,5,https://keirin.kdreams.jp/aomori/racedetail/1220230730020001/?pageType=odds,2026-10-07T18:36:08.043815+00:00,5-4-3/1/2,published,アオケイ,楽天Kドリームス 並び予想
1220230730020002,2023-07-31,青森競輪,F2,A3 challenge,2,チャレンジ一般,08:50,08:45,6,https://keirin.kdreams.jp/aomori/racedetail/1220230730020002/?pageType=odds,2026-10-07T18:36:09.859097+00:00,4-5-3-6/1-2,published,アオケイ,楽天Kドリームス 並び予想
1220230730020003,2023-07-31,青森競輪,F2,A3 challenge,3,チャレンジ選抜,09:10,09:05,7,https://keirin.kdreams.jp/aomori/racedetail/1220230730020003/?pageType=odds,2026-10-07T18:36:11.690230+00:00,5-3-1/6/2-7-4,published,アオケイ,楽天Kドリームス 並び予想
1220230730020004,2023-07-31,青森競輪,F2,A3 challenge,4,チャレンジ選抜,09:30,09:25,7,https://keirin.kdreams.jp/aomori/racedetail/1220230730020004/?pageType=odds,2026-10-07T18:36:13.682567+00:00,7-3-4-5-2/1/6,published,アオケイ,楽天Kドリームス 並び予想
1220230730020005,2023-07-31,青森競輪,F2,A3 challenge,5,チャレンジ準決勝,09:50,09:45,7,https://keirin.kdreams.jp/aomori/racedetail/1220230730020005/?pageType=odds,2026-10-07T18:36:15.581304+00:00,1-5/3-7/4-2-6,published,アオケイ,楽天Kドリームス 並び予想
1220230730020006,2023-07-31,青森競輪,F2,A3 challenge,6,チャレンジ準決勝,10:10,10:05,7,https://keirin.kdreams.jp/aomori/racedetail/1220230730020006/?pageType=odds,2026-10-07T18:36:17.387243+00:00,1-5-6/4-2/3-7,published,アオケイ,楽天Kドリームス 並び予想
1220230730020007,2023-07-31,青森競輪,F2,A3 challenge,7,チャレンジ準決勝,10:30,10:25,7,https://keirin.kdreams.jp/aomori/racedetail/1220230730020007/?pageType=odds,2026-10-07T18:36:19.408812+00:00,1-7-5/2-4/6-3,published,アオケイ,楽天Kドリームス 並び予想
2120230801010001,2023-08-01,弥彦競輪,F2,A3 challenge,1,チャレンジ予選,20:40,20:35,7,https://keirin.kdreams.jp/yahiko/racedetail/2120230801010001/?pageType=odds,2026-10-07T18:37:48.064544+00:00,1-2/3-4-6/5-7,published,新潟スポーツ,楽天Kドリームス 並び予想
2120230801010002,2023-08-01,弥彦競輪,F2,A3 challenge,2,チャレンジ予選,21:00,20:55,7,https://keirin.kdreams.jp/yahiko/racedetail/2120230801010002/?pageType=odds,2026-10-07T18:37:50.188073+00:00,5-2/1-4/6-3-7,published,新潟スポーツ,楽天Kドリームス 並び予想
2120230801010003,2023-08-01,弥彦競輪,F2,A3 challenge,3,チャレンジ予選,21:20,21:15,7,https://keirin.kdreams.jp/yahiko/racedetail/2120230801010003/?pageType=odds,2026-10-07T18:37:52.224468+00:00,3-1/4-2-6/5-7,published,新潟スポーツ,楽天Kドリームス 並び予想
2120230801010004,2023-08-01,弥彦競輪,F2,A3 challenge,4,チャレンジ予選,21:40,21:35,7,https://keirin.kdreams.jp/yahiko/racedetail/2120230801010004/?pageType=odds,2026-10-07T18:37:54.127656+00:00,1-5/2-6-7/3/4,published,新潟スポーツ,楽天Kドリームス 並び予想
8420230801010001,2023-08-01,武雄競輪,F2,A3 challenge,1,チャレンジ予選,08:40,08:35,7,https://keirin.kdreams.jp/takeo/racedetail/8420230801010001/?pageType=odds,2026-10-07T18:37:03.818539+00:00,1-4-6/2-7/5-3,published,百万弗,楽天Kドリームス 並び予想
8420230801010002,2023-08-01,武雄競輪,F2,A3 challenge,2,チャレンジ予選,09:00,08:55,7,https://keirin.kdreams.jp/takeo/racedetail/8420230801010002/?pageType=odds,2026-10-07T18:37:05.692036+00:00,5-2-1/6/3-7-4,published,百万弗,楽天Kドリームス 並び予想
8420230801010003,2023-08-01,武雄競輪,F2,A3 challenge,3,チャレンジ予選,09:20,09:15,7,https://keirin.kdreams.jp/takeo/racedetail/8420230801010003/?pageType=odds,2026-10-07T18:37:07.787529+00:00,6-1-4/5-2/3-7,published,百万弗,楽天Kドリームス 並び予想
8420230801010004,2023-08-01,武雄競輪,F2,A3 challenge,4,チャレンジ予選,09:40,09:35,7,https://keirin.kdreams.jp/takeo/racedetail/8420230801010004/?pageType=odds,2026-10-07T18:37:09.869441+00:00,4-1-6/2/5/7-3,published,百万弗,楽天Kドリームス 並び予想
8420230801010005,2023-08-01,武雄競輪,F2,A3 challenge,5,チャレンジ予選,10:00,09:55,7,https://keirin.kdreams.jp/takeo/racedetail/8420230801010005/?pageType=odds,2026-10-07T18:37:11.593754+00:00,6-1/4-2-5/3-7,published,百万弗,楽天Kドリームス 並び予想
8420230801010006,2023-08-01,武雄競輪,F2,A3 challenge,6,チャレンジ予選,10:20,10:15,7,https://keirin.kdreams.jp/takeo/racedetail/8420230801010006/?pageType=odds,2026-10-07T18:37:14.369014+00:00,5-1-4/6-2/7-3,published,百万弗,楽天Kドリームス 並び予想
8420230801010007,2023-08-01,武雄競輪,F2,A3 challenge,7,チャレンジ予選,10:40,10:35,7,https://keirin.kdreams.jp/takeo/racedetail/8420230801010007/?pageType=odds,2026-10-07T18:37:16.673276+00:00,5-1-6/4-2/3-7,published,百万弗,楽天Kドリームス 並び予想
5120230731020001,2023-08-01,福井競輪,F2,A3 challenge,1,チャレンジ一般,10:38,10:33,6,https://keirin.kdreams.jp/fukui/racedetail/5120230731020001/?pageType=odds,2026-10-07T18:36:44.866155+00:00,1-6/4/5-2-3,published,福井中部,楽天Kドリームス 並び予想
5120230731020002,2023-08-01,福井競輪,F2,A3 challenge,2,チャレンジ一般,11:04,10:59,6,https://keirin.kdreams.jp/fukui/racedetail/5120230731020002/?pageType=odds,2026-10-07T18:36:47.047322+00:00,5-2-4/3/1/6,published,福井中部,楽天Kドリームス 並び予想
5120230731020003,2023-08-01,福井競輪,F2,A3 challenge,3,チャレンジ準決勝,11:30,11:25,7,https://keirin.kdreams.jp/fukui/racedetail/5120230731020003/?pageType=odds,2026-10-07T18:36:49.002813+00:00,3-1-7-5/4-2-6,published,福井中部,楽天Kドリームス 並び予想
5120230731020004,2023-08-01,福井競輪,F2,A3 challenge,4,チャレンジ準決勝,11:58,11:53,7,https://keirin.kdreams.jp/fukui/racedetail/5120230731020004/?pageType=odds,2026-10-07T18:36:50.879135+00:00,1-5-4/7-2/3-6,published,福井中部,楽天Kドリームス 並び予想
5120230731020005,2023-08-01,福井競輪,F2,A3 challenge,5,チャレンジ準決勝,12:27,12:22,7,https://keirin.kdreams.jp/fukui/racedetail/5120230731020005/?pageType=odds,2026-10-07T18:36:52.711856+00:00,3-7-1/6/5-2-4,published,福井中部,楽天Kドリームス 並び予想
1220230730030001,2023-08-01,青森競輪,F2,A3 challenge,1,チャレンジ一般,08:30,08:25,6,https://keirin.kdreams.jp/aomori/racedetail/1220230730030001/?pageType=odds,2026-10-07T18:36:21.179114+00:00,3-5-2/1/4/6,published,アオケイ,楽天Kドリームス 並び予想
1220230730030002,2023-08-01,青森競輪,F2,A3 challenge,2,チャレンジ一般,08:50,08:45,6,https://keirin.kdreams.jp/aomori/racedetail/1220230730030002/?pageType=odds,2026-10-07T18:36:22.925801+00:00,1-4-3-2/6/5,published,アオケイ,楽天Kドリームス 並び予想
1220230730030003,2023-08-01,青森競輪,F2,A3 challenge,3,チャレンジ一般,09:10,09:05,6,https://keirin.kdreams.jp/aomori/racedetail/1220230730030003/?pageType=odds,2026-10-07T18:36:24.677485+00:00,2-3-5-4/1/6,published,アオケイ,楽天Kドリームス 並び予想
1220230730030004,2023-08-01,青森競輪,F2,A3 challenge,4,チャレンジ選抜,09:30,09:25,7,https://keirin.kdreams.jp/aomori/racedetail/1220230730030004/?pageType=odds,2026-10-07T18:36:26.388791+00:00,3-5-1/6/2-4-7,published,アオケイ,楽天Kドリームス 並び予想
1220230730030005,2023-08-01,青森競輪,F2,A3 challenge,5,チャレンジ選抜,09:50,09:45,7,https://keirin.kdreams.jp/aomori/racedetail/1220230730030005/?pageType=odds,2026-10-07T18:36:28.280475+00:00,7-2/1-4/5-3-6,published,アオケイ,楽天Kドリームス 並び予想
1220230730030006,2023-08-01,青森競輪,F2,A3 challenge,6,チャレンジ選抜,10:10,10:05,7,https://keirin.kdreams.jp/aomori/racedetail/1220230730030006/?pageType=odds,2026-10-07T18:36:30.474366+00:00,7-2-4/6-1/5-3,published,アオケイ,楽天Kドリームス 並び予想
1220230730030007,2023-08-01,青森競輪,F2,A3 challenge,7,チャレンジ決勝,10:30,10:25,7,https://keirin.kdreams.jp/aomori/racedetail/1220230730030007/?pageType=odds,2026-10-07T18:36:32.485971+00:00,2-5-4-6/3/7-1,published,アオケイ,楽天Kドリームス 並び予想
2120230801020001,2023-08-02,弥彦競輪,F2,A3 challenge,1,チャレンジ一般,20:45,20:40,7,https://keirin.kdreams.jp/yahiko/racedetail/2120230801020001/?pageType=odds,2026-10-07T18:37:56.031079+00:00,2-7-4/1/5-3-6,published,新潟スポーツ,楽天Kドリームス 並び予想
2120230801020002,2023-08-02,弥彦競輪,F2,A3 challenge,2,チャレンジ一般,21:05,21:00,7,https://keirin.kdreams.jp/yahiko/racedetail/2120230801020002/?pageType=odds,2026-10-07T18:37:58.081324+00:00,4-1-6/5-2-3/7,published,新潟スポーツ,楽天Kドリームス 並び予想
2120230801020003,2023-08-02,弥彦競輪,F2,A3 challenge,3,チャレンジ準決勝,21:25,21:20,7,https://keirin.kdreams.jp/yahiko/racedetail/2120230801020003/?pageType=odds,2026-10-07T18:38:00.039714+00:00,4-1-7/3-6/5-2,published,新潟スポーツ,楽天Kドリームス 並び予想
2120230801020004,2023-08-02,弥彦競輪,F2,A3 challenge,4,チャレンジ準決勝,21:45,21:40,7,https://keirin.kdreams.jp/yahiko/racedetail/2120230801020004/?pageType=odds,2026-10-07T18:38:01.972479+00:00,1-6/5-2-7/4-3,published,新潟スポーツ,楽天Kドリームス 並び予想
8420230801020001,2023-08-02,武雄競輪,F2,A3 challenge,1,チャレンジ一般,08:30,08:25,6,https://keirin.kdreams.jp/takeo/racedetail/8420230801020001/?pageType=odds,2026-10-07T18:37:18.682021+00:00,1-4-2/5-3-6,published,百万弗,楽天Kドリームス 並び予想
8420230801020002,2023-08-02,武雄競輪,F2,A3 challenge,2,チャレンジ一般,08:50,08:45,7,https://keirin.kdreams.jp/takeo/racedetail/8420230801020002/?pageType=odds,2026-10-07T18:37:20.930835+00:00,4-5-1/2-6/3-7,published,百万弗,楽天Kドリームス 並び予想
8420230801020003,2023-08-02,武雄競輪,F2,A3 challenge,3,チャレンジ選抜,09:10,09:05,7,https://keirin.kdreams.jp/takeo/racedetail/8420230801020003/?pageType=odds,2026-10-07T18:37:23.017528+00:00,1/2/6-3-5/4-7,published,百万弗,楽天Kドリームス 並び予想
8420230801020004,2023-08-02,武雄競輪,F2,A3 challenge,4,チャレンジ選抜,09:30,09:25,7,https://keirin.kdreams.jp/takeo/racedetail/8420230801020004/?pageType=odds,2026-10-07T18:37:25.125306+00:00,1/5-2/3-7-6-4,published,百万弗,楽天Kドリームス 並び予想
8420230801020005,2023-08-02,武雄競輪,F2,A3 challenge,5,チャレンジ準決勝,09:50,09:45,7,https://keirin.kdreams.jp/takeo/racedetail/8420230801020005/?pageType=odds,2026-10-07T18:37:27.122472+00:00,1-5/2-4-7/6-3,published,百万弗,楽天Kドリームス 並び予想
8420230801020006,2023-08-02,武雄競輪,F2,A3 challenge,6,チャレンジ準決勝,10:10,10:05,7,https://keirin.kdreams.jp/takeo/racedetail/8420230801020006/?pageType=odds,2026-10-07T18:37:29.235106+00:00,1-4/3-7/5-6-2,published,百万弗,楽天Kドリームス 並び予想
8420230801020007,2023-08-02,武雄競輪,F2,A3 challenge,7,チャレンジ準決勝,10:30,10:25,7,https://keirin.kdreams.jp/takeo/racedetail/8420230801020007/?pageType=odds,2026-10-07T18:37:31.402622+00:00,1-5-7/6/4-3-2,published,百万弗,楽天Kドリームス 並び予想
5120230731030001,2023-08-02,福井競輪,F2,A3 challenge,1,チャレンジ一般,10:38,10:33,5,https://keirin.kdreams.jp/fukui/racedetail/5120230731030001/?pageType=odds,2026-10-07T18:36:54.426466+00:00,1/2/4-3/5,published,福井中部,楽天Kドリームス 並び予想
5120230731030002,2023-08-02,福井競輪,F2,A3 challenge,2,チャレンジ一般,11:04,10:59,6,https://keirin.kdreams.jp/fukui/racedetail/5120230731030002/?pageType=odds,2026-10-07T18:36:56.298982+00:00,4-1/2/5/3/6,published,福井中部,楽天Kドリームス 並び予想
5120230731030003,2023-08-02,福井競輪,F2,A3 challenge,3,チャレンジ選抜,11:30,11:25,7,https://keirin.kdreams.jp/fukui/racedetail/5120230731030003/?pageType=odds,2026-10-07T18:36:58.152093+00:00,5-1-4-2/7-3/6,published,福井中部,楽天Kドリームス 並び予想
5120230731030004,2023-08-02,福井競輪,F2,A3 challenge,4,チャレンジ選抜,11:58,11:53,7,https://keirin.kdreams.jp/fukui/racedetail/5120230731030004/?pageType=odds,2026-10-07T18:37:00.171467+00:00,7-3-1-5/6/2-4,published,福井中部,楽天Kドリームス 並び予想
5120230731030010,2023-08-02,福井競輪,F2,A3 challenge,10,チャレンジ決勝,15:00,14:55,7,https://keirin.kdreams.jp/fukui/racedetail/5120230731030010/?pageType=odds,2026-10-07T18:37:02.006985+00:00,1-7/2/3/4/6-5,published,福井中部,楽天Kドリームス 並び予想
3520230803010001,2023-08-03,平塚競輪,F2,A3 challenge,1,チャレンジ予選,15:34,15:29,7,https://keirin.kdreams.jp/hiratsuka/racedetail/3520230803010001/?pageType=odds,2026-10-07T18:38:11.959236+00:00,1-3-7/5-2-4-6,published,小田競・サイクル,楽天Kドリームス 並び予想
3520230803010002,2023-08-03,平塚競輪,F2,A3 challenge,2,チャレンジ予選,15:59,15:54,7,https://keirin.kdreams.jp/hiratsuka/racedetail/3520230803010002/?pageType=odds,2026-10-07T18:38:13.906031+00:00,4-1-7/6/2-3-5,published,小田競・サイクル,楽天Kドリームス 並び予想
3520230803010003,2023-08-03,平塚競輪,F2,A3 challenge,3,チャレンジ予選,16:24,16:19,7,https://keirin.kdreams.jp/hiratsuka/racedetail/3520230803010003/?pageType=odds,2026-10-07T18:38:15.777358+00:00,1-5/2-7/3-4-6,published,小田競・サイクル,楽天Kドリームス 並び予想
3520230803010004,2023-08-03,平塚競輪,F2,A3 challenge,4,チャレンジ予選,16:49,16:44,7,https://keirin.kdreams.jp/hiratsuka/racedetail/3520230803010004/?pageType=odds,2026-10-07T18:38:17.876640+00:00,4-1-6/5-2/7-3,published,小田競・サイクル,楽天Kドリームス 並び予想
3520230803010005,2023-08-03,平塚競輪,F2,A3 challenge,5,チャレンジ予選,17:14,17:09,7,https://keirin.kdreams.jp/hiratsuka/racedetail/3520230803010005/?pageType=odds,2026-10-07T18:38:19.751582+00:00,1-7-6/2/5-3-4,published,小田競・サイクル,楽天Kドリームス 並び予想
2120230801030001,2023-08-03,弥彦競輪,F2,A3 challenge,1,チャレンジ一般,20:45,20:40,7,https://keirin.kdreams.jp/yahiko/racedetail/2120230801030001/?pageType=odds,2026-10-07T18:38:04.019885+00:00,2-3/4-6-1/7-5,published,新潟スポーツ,楽天Kドリームス 並び予想
2120230801030002,2023-08-03,弥彦競輪,F2,A3 challenge,2,チャレンジ一般,21:05,21:00,7,https://keirin.kdreams.jp/yahiko/racedetail/2120230801030002/?pageType=odds,2026-10-07T18:38:05.901160+00:00,2-7-1/5/6-4-3,published,新潟スポーツ,楽天Kドリームス 並び予想
2120230801030003,2023-08-03,弥彦競輪,F2,A3 challenge,3,チャレンジ選抜,21:25,21:20,7,https://keirin.kdreams.jp/yahiko/racedetail/2120230801030003/?pageType=odds,2026-10-07T18:38:07.824306+00:00,4-2-3-5/6-1-7,published,新潟スポーツ,楽天Kドリームス 並び予想
2120230801030008,2023-08-03,弥彦競輪,F2,A3 challenge,8,チャレンジ決勝,23:05,23:00,7,https://keirin.kdreams.jp/yahiko/racedetail/2120230801030008/?pageType=odds,2026-10-07T18:38:09.905391+00:00,5-1/3/6-2/7-4,published,新潟スポーツ,楽天Kドリームス 並び予想
8420230801030001,2023-08-03,武雄競輪,F2,A3 challenge,1,チャレンジ一般,08:30,08:25,6,https://keirin.kdreams.jp/takeo/racedetail/8420230801030001/?pageType=odds,2026-10-07T18:37:33.414547+00:00,1-3-6/5-4-2,published,百万弗,楽天Kドリームス 並び予想
8420230801030002,2023-08-03,武雄競輪,F2,A3 challenge,2,チャレンジ一般,08:50,08:45,6,https://keirin.kdreams.jp/takeo/racedetail/8420230801030002/?pageType=odds,2026-10-07T18:37:35.504092+00:00,1-3-6/5-2-4,published,百万弗,楽天Kドリームス 並び予想
8420230801030003,2023-08-03,武雄競輪,F2,A3 challenge,3,チャレンジ一般,09:10,09:05,6,https://keirin.kdreams.jp/takeo/racedetail/8420230801030003/?pageType=odds,2026-10-07T18:37:37.320829+00:00,2-5-3-6/4-1,published,百万弗,楽天Kドリームス 並び予想
8420230801030004,2023-08-03,武雄競輪,F2,A3 challenge,4,チャレンジ選抜,09:30,09:25,7,https://keirin.kdreams.jp/takeo/racedetail/8420230801030004/?pageType=odds,2026-10-07T18:37:39.466325+00:00,6-1/5-7-2/3-4,published,百万弗,楽天Kドリームス 並び予想
8420230801030005,2023-08-03,武雄競輪,F2,A3 challenge,5,チャレンジ選抜,09:50,09:45,7,https://keirin.kdreams.jp/takeo/racedetail/8420230801030005/?pageType=odds,2026-10-07T18:37:41.585676+00:00,6-1-4/2-5/3-7,published,百万弗,楽天Kドリームス 並び予想
8420230801030006,2023-08-03,武雄競輪,F2,A3 challenge,6,チャレンジ選抜,10:10,10:05,7,https://keirin.kdreams.jp/takeo/racedetail/8420230801030006/?pageType=odds,2026-10-07T18:37:43.599485+00:00,1-7-5/2-4/6-3,published,百万弗,楽天Kドリームス 並び予想
8420230801030007,2023-08-03,武雄競輪,F2,A3 challenge,7,チャレンジ決勝,10:30,10:25,7,https://keirin.kdreams.jp/takeo/racedetail/8420230801030007/?pageType=odds,2026-10-07T18:37:45.842329+00:00,4-1-7/2/5/3-6,published,百万弗,楽天Kドリームス 並び予想
3520230803020001,2023-08-04,平塚競輪,F2,A3 challenge,1,チャレンジ一般,15:34,15:29,6,https://keirin.kdreams.jp/hiratsuka/racedetail/3520230803020001/?pageType=odds,2026-10-07T18:38:21.522766+00:00,4/5/2/1-3-6,published,小田競・サイクル,楽天Kドリームス 並び予想
3520230803020002,2023-08-04,平塚競輪,F2,A3 challenge,2,チャレンジ一般,15:59,15:54,7,https://keirin.kdreams.jp/hiratsuka/racedetail/3520230803020002/?pageType=odds,2026-10-07T18:38:23.394652+00:00,5-1-3/6/7-2-4,published,小田競・サイクル,楽天Kドリームス 並び予想
3520230803020003,2023-08-04,平塚競輪,F2,A3 challenge,3,チャレンジ準決勝,16:24,16:19,7,https://keirin.kdreams.jp/hiratsuka/racedetail/3520230803020003/?pageType=odds,2026-10-07T18:38:25.240704+00:00,1-4/5-2-6/3-7,published,小田競・サイクル,楽天Kドリームス 並び予想
3520230803020004,2023-08-04,平塚競輪,F2,A3 challenge,4,チャレンジ準決勝,16:49,16:44,7,https://keirin.kdreams.jp/hiratsuka/racedetail/3520230803020004/?pageType=odds,2026-10-07T18:38:27.537647+00:00,1-7-5/3-4/2-6,published,小田競・サイクル,楽天Kドリームス 並び予想
3520230803020005,2023-08-04,平塚競輪,F2,A3 challenge,5,チャレンジ準決勝,17:14,17:09,7,https://keirin.kdreams.jp/hiratsuka/racedetail/3520230803020005/?pageType=odds,2026-10-07T18:38:29.751455+00:00,1-5-7/3/2-4/6,published,小田競・サイクル,楽天Kドリームス 並び予想
4520230804010001,2023-08-04,豊橋競輪,F2,A3 challenge,1,チャレンジ予選,08:30,08:25,7,https://keirin.kdreams.jp/toyohashi/racedetail/4520230804010001/?pageType=odds,2026-10-07T18:39:10.188561+00:00,5-4-1-3/6/2-7,published,中部競輪,楽天Kドリームス 並び予想
4520230804010002,2023-08-04,豊橋競輪,F2,A3 challenge,2,チャレンジ予選,08:50,08:45,7,https://keirin.kdreams.jp/toyohashi/racedetail/4520230804010002/?pageType=odds,2026-10-07T18:39:12.240718+00:00,4-2-6-5/3-7-1,published,中部競輪,楽天Kドリームス 並び予想
4520230804010003,2023-08-04,豊橋競輪,F2,A3 challenge,3,チャレンジ予選,09:10,09:05,7,https://keirin.kdreams.jp/toyohashi/racedetail/4520230804010003/?pageType=odds,2026-10-07T18:39:14.254652+00:00,1-5-3/7-4-2/6,published,中部競輪,楽天Kドリームス 並び予想
4520230804010004,2023-08-04,豊橋競輪,F2,A3 challenge,4,チャレンジ予選,09:30,09:25,7,https://keirin.kdreams.jp/toyohashi/racedetail/4520230804010004/?pageType=odds,2026-10-07T18:39:16.092841+00:00,1-3-7-4/6/5-2,published,中部競輪,楽天Kドリームス 並び予想
4520230804010005,2023-08-04,豊橋競輪,F2,A3 challenge,5,チャレンジ予選,09:50,09:45,7,https://keirin.kdreams.jp/toyohashi/racedetail/4520230804010005/?pageType=odds,2026-10-07T18:39:17.934629+00:00,3-7-2-6/5-4-1,published,中部競輪,楽天Kドリームス 並び予想
4520230804010006,2023-08-04,豊橋競輪,F2,A3 challenge,6,チャレンジ予選,10:10,10:05,7,https://keirin.kdreams.jp/toyohashi/racedetail/4520230804010006/?pageType=odds,2026-10-07T18:39:19.840453+00:00,2-5-4/3/1-7-6,published,中部競輪,楽天Kドリームス 並び予想
4520230804010007,2023-08-04,豊橋競輪,F2,A3 challenge,7,チャレンジ予選,10:30,10:25,7,https://keirin.kdreams.jp/toyohashi/racedetail/4520230804010007/?pageType=odds,2026-10-07T18:39:21.835230+00:00,7-3-5-2/1-4-6,published,中部競輪,楽天Kドリームス 並び予想
7420230804010001,2023-08-04,高知競輪,F2,A3 challenge,1,チャレンジ予選,15:30,15:25,7,https://keirin.kdreams.jp/kochi/racedetail/7420230804010001/?pageType=odds,2026-10-07T18:38:41.298022+00:00,7-1/2-5/3-4-6,published,福ちゃん出版社,楽天Kドリームス 並び予想
7420230804010002,2023-08-04,高知競輪,F2,A3 challenge,2,チャレンジ予選,15:55,15:50,7,https://keirin.kdreams.jp/kochi/racedetail/7420230804010002/?pageType=odds,2026-10-07T18:38:43.158466+00:00,5-1/3/7-2/4-6,published,福ちゃん出版社,楽天Kドリームス 並び予想
7420230804010003,2023-08-04,高知競輪,F2,A3 challenge,3,チャレンジ予選,16:20,16:15,7,https://keirin.kdreams.jp/kochi/racedetail/7420230804010003/?pageType=odds,2026-10-07T18:38:44.811808+00:00,4-1-7/2-6/3-5,published,福ちゃん出版社,楽天Kドリームス 並び予想
7420230804010004,2023-08-04,高知競輪,F2,A3 challenge,4,チャレンジ予選,16:45,16:40,7,https://keirin.kdreams.jp/kochi/racedetail/7420230804010004/?pageType=odds,2026-10-07T18:38:46.971470+00:00,1-6/2-5-7/4-3,published,福ちゃん出版社,楽天Kドリームス 並び予想
7420230804010005,2023-08-04,高知競輪,F2,A3 challenge,5,チャレンジ予選,17:10,17:05,7,https://keirin.kdreams.jp/kochi/racedetail/7420230804010005/?pageType=odds,2026-10-07T18:38:48.893697+00:00,1-7-5/4-2/6-3,published,福ちゃん出版社,楽天Kドリームス 並び予想
3520230803030001,2023-08-05,平塚競輪,F2,A3 challenge,1,チャレンジ一般,15:34,15:29,5,https://keirin.kdreams.jp/hiratsuka/racedetail/3520230803030001/?pageType=odds,2026-10-07T18:38:31.373349+00:00,1-3-4/2/5,published,小田競・サイクル,楽天Kドリームス 並び予想
3520230803030002,2023-08-05,平塚競輪,F2,A3 challenge,2,チャレンジ一般,15:59,15:54,5,https://keirin.kdreams.jp/hiratsuka/racedetail/3520230803030002/?pageType=odds,2026-10-07T18:38:33.059913+00:00,3-5-1/4/2,published,小田競・サイクル,楽天Kドリームス 並び予想
3520230803030003,2023-08-05,平塚競輪,F2,A3 challenge,3,チャレンジ選抜,16:24,16:19,7,https://keirin.kdreams.jp/hiratsuka/racedetail/3520230803030003/?pageType=odds,2026-10-07T18:38:34.888389+00:00,1-7-5/2-6/3-4,published,小田競・サイクル,楽天Kドリームス 並び予想
3520230803030004,2023-08-05,平塚競輪,F2,A3 challenge,4,チャレンジ選抜,16:49,16:44,7,https://keirin.kdreams.jp/hiratsuka/racedetail/3520230803030004/?pageType=odds,2026-10-07T18:38:36.758396+00:00,1-4-5/7-2/6-3,published,小田競・サイクル,楽天Kドリームス 並び予想
3520230803030010,2023-08-05,平塚競輪,F2,A3 challenge,10,チャレンジ決勝,19:32,19:27,7,https://keirin.kdreams.jp/hiratsuka/racedetail/3520230803030010/?pageType=odds,2026-10-07T18:38:38.909092+00:00,5-1-6/3-7/4/2,published,小田競・サイクル,楽天Kドリームス 並び予想
4520230804020001,2023-08-05,豊橋競輪,F2,A3 challenge,1,チャレンジ一般,08:30,08:25,7,https://keirin.kdreams.jp/toyohashi/racedetail/4520230804020001/?pageType=odds,2026-10-07T18:39:23.789471+00:00,5-3-1/7-2/4/6,published,中部競輪,楽天Kドリームス 並び予想
4520230804020002,2023-08-05,豊橋競輪,F2,A3 challenge,2,チャレンジ一般,08:50,08:45,6,https://keirin.kdreams.jp/toyohashi/racedetail/4520230804020002/?pageType=odds,2026-10-07T18:39:25.522963+00:00,5-3-4/2/6/1,published,中部競輪,楽天Kドリームス 並び予想
4520230804020003,2023-08-05,豊橋競輪,F2,A3 challenge,3,チャレンジ選抜,09:10,09:05,7,https://keirin.kdreams.jp/toyohashi/racedetail/4520230804020003/?pageType=odds,2026-10-07T18:39:27.416348+00:00,3-7-2-5/1-6-4,published,中部競輪,楽天Kドリームス 並び予想
4520230804020004,2023-08-05,豊橋競輪,F2,A3 challenge,4,チャレンジ選抜,09:30,09:25,7,https://keirin.kdreams.jp/toyohashi/racedetail/4520230804020004/?pageType=odds,2026-10-07T18:39:29.177791+00:00,1-5-3/7-2-6/4,published,中部競輪,楽天Kドリームス 並び予想
4520230804020005,2023-08-05,豊橋競輪,F2,A3 challenge,5,チャレンジ準決勝,09:50,09:45,7,https://keirin.kdreams.jp/toyohashi/racedetail/4520230804020005/?pageType=odds,2026-10-07T18:39:31.311922+00:00,4-2-7/1-5/3-6,published,中部競輪,楽天Kドリームス 並び予想
4520230804020006,2023-08-05,豊橋競輪,F2,A3 challenge,6,チャレンジ準決勝,10:10,10:05,7,https://keirin.kdreams.jp/toyohashi/racedetail/4520230804020006/?pageType=odds,2026-10-07T18:39:33.383928+00:00,4-2-7-3/5-1-6,published,中部競輪,楽天Kドリームス 並び予想
4520230804020007,2023-08-05,豊橋競輪,F2,A3 challenge,7,チャレンジ準決勝,10:30,10:25,7,https://keirin.kdreams.jp/toyohashi/racedetail/4520230804020007/?pageType=odds,2026-10-07T18:39:35.245881+00:00,1-4-6/2-5/7-3,published,中部競輪,楽天Kドリームス 並び予想
7120230805010001,2023-08-05,高松競輪,F2,A3 challenge,1,チャレンジ予選,20:40,20:35,7,https://keirin.kdreams.jp/takamatsu/racedetail/7120230805010001/?pageType=odds,2026-10-07T18:39:50.537972+00:00,2-1-4/5/3-6-7,published,競輪毎日,楽天Kドリームス 並び予想
7120230805010002,2023-08-05,高松競輪,F2,A3 challenge,2,チャレンジ予選,21:00,20:55,7,https://keirin.kdreams.jp/takamatsu/racedetail/7120230805010002/?pageType=odds,2026-10-07T18:39:52.394026+00:00,3-1-7/4-2-6/5,published,競輪毎日,楽天Kドリームス 並び予想
7120230805010003,2023-08-05,高松競輪,F2,A3 challenge,3,チャレンジ予選,21:20,21:15,7,https://keirin.kdreams.jp/takamatsu/racedetail/7120230805010003/?pageType=odds,2026-10-07T18:39:54.683529+00:00,1-2-5/6-3/7-4,published,競輪毎日,楽天Kドリームス 並び予想
7120230805010004,2023-08-05,高松競輪,F2,A3 challenge,4,チャレンジ予選,21:40,21:35,7,https://keirin.kdreams.jp/takamatsu/racedetail/7120230805010004/?pageType=odds,2026-10-07T18:39:56.528258+00:00,1-6-7/3/5-4-2,published,競輪毎日,楽天Kドリームス 並び予想
7420230804020001,2023-08-05,高知競輪,F2,A3 challenge,1,チャレンジ一般,15:30,15:25,5,https://keirin.kdreams.jp/kochi/racedetail/7420230804020001/?pageType=odds,2026-10-07T18:38:50.699030+00:00,1-3/2-4-5,published,福ちゃん出版社,楽天Kドリームス 並び予想
7420230804020002,2023-08-05,高知競輪,F2,A3 challenge,2,チャレンジ一般,15:55,15:50,6,https://keirin.kdreams.jp/kochi/racedetail/7420230804020002/?pageType=odds,2026-10-07T18:38:52.403469+00:00,5-2-4-3-6/1,published,福ちゃん出版社,楽天Kドリームス 並び予想
7420230804020003,2023-08-05,高知競輪,F2,A3 challenge,3,チャレンジ準決勝,16:20,16:15,7,https://keirin.kdreams.jp/kochi/racedetail/7420230804020003/?pageType=odds,2026-10-07T18:38:54.527760+00:00,2-4-6/3/5-7-1,published,福ちゃん出版社,楽天Kドリームス 並び予想
7420230804020004,2023-08-05,高知競輪,F2,A3 challenge,4,チャレンジ準決勝,16:45,16:40,7,https://keirin.kdreams.jp/kochi/racedetail/7420230804020004/?pageType=odds,2026-10-07T18:38:56.586729+00:00,7-1/5/3-4-2-6,published,福ちゃん出版社,楽天Kドリームス 並び予想
7420230804020005,2023-08-05,高知競輪,F2,A3 challenge,5,チャレンジ準決勝,17:10,17:05,7,https://keirin.kdreams.jp/kochi/racedetail/7420230804020005/?pageType=odds,2026-10-07T18:38:58.465828+00:00,5-1-7/3/4/2-6,published,福ちゃん出版社,楽天Kドリームス 並び予想
4520230804030001,2023-08-06,豊橋競輪,F2,A3 challenge,1,チャレンジ一般,08:30,08:25,6,https://keirin.kdreams.jp/toyohashi/racedetail/4520230804030001/?pageType=odds,2026-10-07T18:39:37.581677+00:00,4-5-1/2/3/6,published,中部競輪,楽天Kドリームス 並び予想
4520230804030002,2023-08-06,豊橋競輪,F2,A3 challenge,2,チャレンジ一般,08:50,08:45,6,https://keirin.kdreams.jp/toyohashi/racedetail/4520230804030002/?pageType=odds,2026-10-07T18:39:39.325489+00:00,4-1-3/2/5/6,published,中部競輪,楽天Kドリームス 並び予想
4520230804030003,2023-08-06,豊橋競輪,F2,A3 challenge,3,チャレンジ一般,09:10,09:05,6,https://keirin.kdreams.jp/toyohashi/racedetail/4520230804030003/?pageType=odds,2026-10-07T18:39:41.127196+00:00,1-5/3/2-6-4,published,中部競輪,楽天Kドリームス 並び予想
4520230804030004,2023-08-06,豊橋競輪,F2,A3 challenge,4,チャレンジ選抜,09:30,09:25,7,https://keirin.kdreams.jp/toyohashi/racedetail/4520230804030004/?pageType=odds,2026-10-07T18:39:42.998358+00:00,7-1-4/3-2-5-6,published,中部競輪,楽天Kドリームス 並び予想
4520230804030005,2023-08-06,豊橋競輪,F2,A3 challenge,5,チャレンジ選抜,09:50,09:45,7,https://keirin.kdreams.jp/toyohashi/racedetail/4520230804030005/?pageType=odds,2026-10-07T18:39:44.847830+00:00,5-1/2-6/4-7-3,published,中部競輪,楽天Kドリームス 並び予想
4520230804030006,2023-08-06,豊橋競輪,F2,A3 challenge,6,チャレンジ選抜,10:10,10:05,7,https://keirin.kdreams.jp/toyohashi/racedetail/4520230804030006/?pageType=odds,2026-10-07T18:39:46.681249+00:00,3-7-1/4/2-6-5,published,中部競輪,楽天Kドリームス 並び予想
4520230804030007,2023-08-06,豊橋競輪,F2,A3 challenge,7,チャレンジ決勝,10:30,10:25,7,https://keirin.kdreams.jp/toyohashi/racedetail/4520230804030007/?pageType=odds,2026-10-07T18:39:48.638255+00:00,1-5/4/2-7/3-6,published,中部競輪,楽天Kドリームス 並び予想
7120230805020001,2023-08-06,高松競輪,F2,A3 challenge,1,チャレンジ一般,20:40,20:35,7,https://keirin.kdreams.jp/takamatsu/racedetail/7120230805020001/?pageType=odds,2026-10-07T18:39:58.408741+00:00,3-1-7/2-4/5/6,published,競輪毎日,楽天Kドリームス 並び予想
7120230805020002,2023-08-06,高松競輪,F2,A3 challenge,2,チャレンジ一般,21:00,20:55,7,https://keirin.kdreams.jp/takamatsu/racedetail/7120230805020002/?pageType=odds,2026-10-07T18:40:00.271193+00:00,1-4-5/6-3-2-7,published,競輪毎日,楽天Kドリームス 並び予想
7120230805020003,2023-08-06,高松競輪,F2,A3 challenge,3,チャレンジ準決勝,21:20,21:15,7,https://keirin.kdreams.jp/takamatsu/racedetail/7120230805020003/?pageType=odds,2026-10-07T18:40:02.101243+00:00,1-3-7/2-5-4/6,published,競輪毎日,楽天Kドリームス 並び予想
7120230805020004,2023-08-06,高松競輪,F2,A3 challenge,4,チャレンジ準決勝,21:40,21:35,7,https://keirin.kdreams.jp/takamatsu/racedetail/7120230805020004/?pageType=odds,2026-10-07T18:40:04.373261+00:00,2-4/1/5-3/6-7,published,競輪毎日,楽天Kドリームス 並び予想
7420230804030001,2023-08-06,高知競輪,F2,A3 challenge,1,チャレンジ一般,15:45,15:40,5,https://keirin.kdreams.jp/kochi/racedetail/7420230804030001/?pageType=odds,2026-10-07T18:39:00.467087+00:00,3-5/2/4-1,published,福ちゃん出版社,楽天Kドリームス 並び予想
7420230804030002,2023-08-06,高知競輪,F2,A3 challenge,2,チャレンジ一般,16:10,16:05,5,https://keirin.kdreams.jp/kochi/racedetail/7420230804030002/?pageType=odds,2026-10-07T18:39:02.326542+00:00,3-1-5/2/4,published,福ちゃん出版社,楽天Kドリームス 並び予想
7420230804030003,2023-08-06,高知競輪,F2,A3 challenge,3,チャレンジ選抜,16:35,16:30,7,https://keirin.kdreams.jp/kochi/racedetail/7420230804030003/?pageType=odds,2026-10-07T18:39:04.290107+00:00,1-5/2-4/6/7-3,published,福ちゃん出版社,楽天Kドリームス 並び予想
7420230804030004,2023-08-06,高知競輪,F2,A3 challenge,4,チャレンジ選抜,17:00,16:55,7,https://keirin.kdreams.jp/kochi/racedetail/7420230804030004/?pageType=odds,2026-10-07T18:39:06.384417+00:00,1-5-6/3/7-4-2,published,福ちゃん出版社,楽天Kドリームス 並び予想
7420230804030010,2023-08-06,高知競輪,F2,A3 challenge,10,チャレンジ決勝,19:30,19:25,7,https://keirin.kdreams.jp/kochi/racedetail/7420230804030010/?pageType=odds,2026-10-07T18:39:08.268078+00:00,1-5-7/2/3-6-4,published,福ちゃん出版社,楽天Kドリームス 並び予想
4420230807010001,2023-08-07,大垣競輪,F2,A3 challenge,1,チャレンジ予選,10:31,10:26,7,https://keirin.kdreams.jp/ogaki/racedetail/4420230807010001/?pageType=odds,2026-10-07T18:40:44.820913+00:00,5-2-7/6/1-4-3,published,ひかり,楽天Kドリームス 並び予想
4420230807010002,2023-08-07,大垣競輪,F2,A3 challenge,2,チャレンジ予選,10:58,10:53,7,https://keirin.kdreams.jp/ogaki/racedetail/4420230807010002/?pageType=odds,2026-10-07T18:40:46.696235+00:00,1-7/3-5-4-2/6,published,ひかり,楽天Kドリームス 並び予想
4420230807010003,2023-08-07,大垣競輪,F2,A3 challenge,3,チャレンジ予選,11:25,11:20,7,https://keirin.kdreams.jp/ogaki/racedetail/4420230807010003/?pageType=odds,2026-10-07T18:40:48.541277+00:00,5-2-6/3-4-1/7,published,ひかり,楽天Kドリームス 並び予想
4420230807010004,2023-08-07,大垣競輪,F2,A3 challenge,4,チャレンジ予選,11:54,11:49,7,https://keirin.kdreams.jp/ogaki/racedetail/4420230807010004/?pageType=odds,2026-10-07T18:40:50.802116+00:00,3-5-7-1-4/6-2,published,ひかり,楽天Kドリームス 並び予想
4420230807010005,2023-08-07,大垣競輪,F2,A3 challenge,5,チャレンジ予選,12:25,12:20,7,https://keirin.kdreams.jp/ogaki/racedetail/4420230807010005/?pageType=odds,2026-10-07T18:40:52.635049+00:00,4-1-7-2-5/3/6,published,ひかり,楽天Kドリームス 並び予想
5620230807010001,2023-08-07,岸和田競輪,F2,A3 challenge,1,チャレンジ予選,10:40,10:35,7,https://keirin.kdreams.jp/kishiwada/racedetail/5620230807010001/?pageType=odds,2026-10-07T18:40:14.239607+00:00,4-2-5/6/7-3-1,published,競輪研究,楽天Kドリームス 並び予想
5620230807010002,2023-08-07,岸和田競輪,F2,A3 challenge,2,チャレンジ予選,11:05,11:00,7,https://keirin.kdreams.jp/kishiwada/racedetail/5620230807010002/?pageType=odds,2026-10-07T18:40:16.312291+00:00,1-6/5-7-2-4/3,published,競輪研究,楽天Kドリームス 並び予想
5620230807010003,2023-08-07,岸和田競輪,F2,A3 challenge,3,チャレンジ予選,11:30,11:25,7,https://keirin.kdreams.jp/kishiwada/racedetail/5620230807010003/?pageType=odds,2026-10-07T18:40:18.297810+00:00,1-6/2-5/4/3-7,published,競輪研究,楽天Kドリームス 並び予想
5620230807010004,2023-08-07,岸和田競輪,F2,A3 challenge,4,チャレンジ予選,11:56,11:51,7,https://keirin.kdreams.jp/kishiwada/racedetail/5620230807010004/?pageType=odds,2026-10-07T18:40:20.205519+00:00,5-7-1/4-2-3/6,published,競輪研究,楽天Kドリームス 並び予想
5620230807010005,2023-08-07,岸和田競輪,F2,A3 challenge,5,チャレンジ予選,12:25,12:20,7,https://keirin.kdreams.jp/kishiwada/racedetail/5620230807010005/?pageType=odds,2026-10-07T18:40:22.118190+00:00,3-7-1/2-5/4/6,published,競輪研究,楽天Kドリームス 並び予想
7120230805030001,2023-08-07,高松競輪,F2,A3 challenge,1,チャレンジ一般,20:40,20:35,6,https://keirin.kdreams.jp/takamatsu/racedetail/7120230805030001/?pageType=odds,2026-10-07T18:40:06.383194+00:00,6-2-4/1-5/3,published,競輪毎日,楽天Kドリームス 並び予想
7120230805030002,2023-08-07,高松競輪,F2,A3 challenge,2,チャレンジ一般,21:00,20:55,7,https://keirin.kdreams.jp/takamatsu/racedetail/7120230805030002/?pageType=odds,2026-10-07T18:40:08.446657+00:00,4-1/2-5/6-3-7,published,競輪毎日,楽天Kドリームス 並び予想
7120230805030003,2023-08-07,高松競輪,F2,A3 challenge,3,チャレンジ選抜,21:20,21:15,7,https://keirin.kdreams.jp/takamatsu/racedetail/7120230805030003/?pageType=odds,2026-10-07T18:40:10.638997+00:00,3-1-2/7/4-5-6,published,競輪毎日,楽天Kドリームス 並び予想
7120230805030008,2023-08-07,高松競輪,F2,A3 challenge,8,チャレンジ決勝,23:00,22:55,7,https://keirin.kdreams.jp/takamatsu/racedetail/7120230805030008/?pageType=odds,2026-10-07T18:40:12.528332+00:00,2-5/1/3-6/7-4,published,競輪毎日,楽天Kドリームス 並び予想
4420230807020001,2023-08-08,大垣競輪,F2,A3 challenge,1,チャレンジ一般,10:31,10:26,7,https://keirin.kdreams.jp/ogaki/racedetail/4420230807020001/?pageType=odds,2026-10-07T18:40:54.542957+00:00,4-2-7/1/5/3-6,published,ひかり,楽天Kドリームス 並び予想
4420230807020002,2023-08-08,大垣競輪,F2,A3 challenge,2,チャレンジ一般,10:58,10:53,7,https://keirin.kdreams.jp/ogaki/racedetail/4420230807020002/?pageType=odds,2026-10-07T18:40:56.493721+00:00,4-1-6-5/3/2/7,published,ひかり,楽天Kドリームス 並び予想
4420230807020003,2023-08-08,大垣競輪,F2,A3 challenge,3,チャレンジ準決勝,11:25,11:20,7,https://keirin.kdreams.jp/ogaki/racedetail/4420230807020003/?pageType=odds,2026-10-07T18:40:58.514319+00:00,6-1/2-7/5-3-4,published,ひかり,楽天Kドリームス 並び予想
4420230807020004,2023-08-08,大垣競輪,F2,A3 challenge,4,チャレンジ準決勝,11:54,11:49,7,https://keirin.kdreams.jp/ogaki/racedetail/4420230807020004/?pageType=odds,2026-10-07T18:41:00.435164+00:00,4-1-6/2-5-3/7,published,ひかり,楽天Kドリームス 並び予想
4420230807020005,2023-08-08,大垣競輪,F2,A3 challenge,5,チャレンジ準決勝,12:25,12:20,7,https://keirin.kdreams.jp/ogaki/racedetail/4420230807020005/?pageType=odds,2026-10-07T18:41:02.357070+00:00,7-1-2/4-5-3-6,published,ひかり,楽天Kドリームス 並び予想
5620230807020001,2023-08-08,岸和田競輪,F2,A3 challenge,1,チャレンジ一般,10:40,10:35,7,https://keirin.kdreams.jp/kishiwada/racedetail/5620230807020001/?pageType=odds,2026-10-07T18:40:24.020111+00:00,1-4-7/3/2-5-6,published,競輪研究,楽天Kドリームス 並び予想
5620230807020002,2023-08-08,岸和田競輪,F2,A3 challenge,2,チャレンジ一般,11:05,11:00,7,https://keirin.kdreams.jp/kishiwada/racedetail/5620230807020002/?pageType=odds,2026-10-07T18:40:25.876103+00:00,5-1-4/2/3-7-6,published,競輪研究,楽天Kドリームス 並び予想
5620230807020003,2023-08-08,岸和田競輪,F2,A3 challenge,3,チャレンジ準決勝,11:30,11:25,7,https://keirin.kdreams.jp/kishiwada/racedetail/5620230807020003/?pageType=odds,2026-10-07T18:40:27.968340+00:00,2-5/1/7/3-4-6,published,競輪研究,楽天Kドリームス 並び予想
5620230807020004,2023-08-08,岸和田競輪,F2,A3 challenge,4,チャレンジ準決勝,11:56,11:51,7,https://keirin.kdreams.jp/kishiwada/racedetail/5620230807020004/?pageType=odds,2026-10-07T18:40:29.879882+00:00,7-1/2-5/3-4-6,published,競輪研究,楽天Kドリームス 並び予想
5620230807020005,2023-08-08,岸和田競輪,F2,A3 challenge,5,チャレンジ準決勝,12:25,12:20,7,https://keirin.kdreams.jp/kishiwada/racedetail/5620230807020005/?pageType=odds,2026-10-07T18:40:31.699048+00:00,1-6-5/4-2/3-7,published,競輪研究,楽天Kドリームス 並び予想
4420230807030001,2023-08-09,大垣競輪,F2,A3 challenge,1,チャレンジ一般,11:06,11:01,7,https://keirin.kdreams.jp/ogaki/racedetail/4420230807030001/?pageType=odds,2026-10-07T18:41:04.376986+00:00,3-5-7-4/1/2-6,published,ひかり,楽天Kドリームス 並び予想
4420230807030002,2023-08-09,大垣競輪,F2,A3 challenge,2,チャレンジ選抜,11:34,11:29,7,https://keirin.kdreams.jp/ogaki/racedetail/4420230807030002/?pageType=odds,2026-10-07T18:41:06.219786+00:00,1-7/2-6/5-3-4,published,ひかり,楽天Kドリームス 並び予想
4420230807030003,2023-08-09,大垣競輪,F2,A3 challenge,3,チャレンジ選抜,12:02,11:57,7,https://keirin.kdreams.jp/ogaki/racedetail/4420230807030003/?pageType=odds,2026-10-07T18:41:08.283718+00:00,6-1/2/4/5-7-3,published,ひかり,楽天Kドリームス 並び予想
4420230807030010,2023-08-09,大垣競輪,F2,A3 challenge,10,チャレンジ決勝,15:51,15:46,7,https://keirin.kdreams.jp/ogaki/racedetail/4420230807030010/?pageType=odds,2026-10-07T18:41:10.003682+00:00,1-4/3-6/5-2-7,published,ひかり,楽天Kドリームス 並び予想
2420230809010001,2023-08-09,宇都宮競輪,F2,A3 challenge,1,チャレンジ予選,08:30,08:25,7,https://keirin.kdreams.jp/utsunomiya/racedetail/2420230809010001/?pageType=odds,2026-10-07T18:41:34.156100+00:00,3-7-1-5/6-2/4,published,アオケイ,楽天Kドリームス 並び予想
2420230809010002,2023-08-09,宇都宮競輪,F2,A3 challenge,2,チャレンジ予選,08:50,08:45,7,https://keirin.kdreams.jp/utsunomiya/racedetail/2420230809010002/?pageType=odds,2026-10-07T18:41:35.937354+00:00,2-7-1/6/4-3-5,published,アオケイ,楽天Kドリームス 並び予想
2420230809010003,2023-08-09,宇都宮競輪,F2,A3 challenge,3,チャレンジ予選,09:10,09:05,7,https://keirin.kdreams.jp/utsunomiya/racedetail/2420230809010003/?pageType=odds,2026-10-07T18:41:37.675119+00:00,5-2-4/1-6/7-3,published,アオケイ,楽天Kドリームス 並び予想
2420230809010004,2023-08-09,宇都宮競輪,F2,A3 challenge,4,チャレンジ予選,09:30,09:25,7,https://keirin.kdreams.jp/utsunomiya/racedetail/2420230809010004/?pageType=odds,2026-10-07T18:41:39.568230+00:00,1-3-7-6/5-2-4,published,アオケイ,楽天Kドリームス 並び予想
2420230809010005,2023-08-09,宇都宮競輪,F2,A3 challenge,5,チャレンジ予選,09:50,09:45,7,https://keirin.kdreams.jp/utsunomiya/racedetail/2420230809010005/?pageType=odds,2026-10-07T18:41:41.469689+00:00,1-7-3/6/2-5-4,published,アオケイ,楽天Kドリームス 並び予想
2420230809010006,2023-08-09,宇都宮競輪,F2,A3 challenge,6,チャレンジ予選,10:10,10:05,7,https://keirin.kdreams.jp/utsunomiya/racedetail/2420230809010006/?pageType=odds,2026-10-07T18:41:43.282703+00:00,1-3-5/4/7-2-6,published,アオケイ,楽天Kドリームス 並び予想
2420230809010007,2023-08-09,宇都宮競輪,F2,A3 challenge,7,チャレンジ予選,10:30,10:25,7,https://keirin.kdreams.jp/utsunomiya/racedetail/2420230809010007/?pageType=odds,2026-10-07T18:41:45.200356+00:00,1-5-4-2/6/3-7,published,アオケイ,楽天Kドリームス 並び予想
5620230807030001,2023-08-09,岸和田競輪,F2,A3 challenge,1,チャレンジ一般,10:40,10:35,7,https://keirin.kdreams.jp/kishiwada/racedetail/5620230807030001/?pageType=odds,2026-10-07T18:40:34.407193+00:00,1-5-3-6-2/4/7,published,競輪研究,楽天Kドリームス 並び予想
5620230807030002,2023-08-09,岸和田競輪,F2,A3 challenge,2,チャレンジ一般,11:05,11:00,7,https://keirin.kdreams.jp/kishiwada/racedetail/5620230807030002/?pageType=odds,2026-10-07T18:40:36.194968+00:00,4-1-3/6/7-2-5,published,競輪研究,楽天Kドリームス 並び予想
5620230807030003,2023-08-09,岸和田競輪,F2,A3 challenge,3,チャレンジ選抜,11:30,11:25,7,https://keirin.kdreams.jp/kishiwada/racedetail/5620230807030003/?pageType=odds,2026-10-07T18:40:38.159658+00:00,1-6/3-7-2/4-5,published,競輪研究,楽天Kドリームス 並び予想
5620230807030004,2023-08-09,岸和田競輪,F2,A3 challenge,4,チャレンジ選抜,11:56,11:51,7,https://keirin.kdreams.jp/kishiwada/racedetail/5620230807030004/?pageType=odds,2026-10-07T18:40:40.729433+00:00,1-7/2-5-4/3-6,published,競輪研究,楽天Kドリームス 並び予想
5620230807030008,2023-08-09,岸和田競輪,F2,A3 challenge,8,チャレンジ決勝,14:00,13:55,7,https://keirin.kdreams.jp/kishiwada/racedetail/5620230807030008/?pageType=odds,2026-10-07T18:40:42.890062+00:00,6-1/2-4/3-7/5,published,競輪研究,楽天Kドリームス 並び予想
8520230809010101,2023-08-10,佐世保競輪,F2,A3 challenge,101,チャレンジ予選,20:40,20:35,7,https://keirin.kdreams.jp/sasebo/racedetail/8520230809010101/?pageType=odds,2026-10-07T18:41:11.853801+00:00,1-3-7/6/2-4-5,published,百万弗,楽天Kドリームス 並び予想
8520230809010102,2023-08-10,佐世保競輪,F2,A3 challenge,102,チャレンジ予選,21:00,20:55,7,https://keirin.kdreams.jp/sasebo/racedetail/8520230809010102/?pageType=odds,2026-10-07T18:41:13.661937+00:00,1-2-7/4-3/5/6,published,百万弗,楽天Kドリームス 並び予想
8520230809010103,2023-08-10,佐世保競輪,F2,A3 challenge,103,チャレンジ予選,21:20,21:15,7,https://keirin.kdreams.jp/sasebo/racedetail/8520230809010103/?pageType=odds,2026-10-07T18:41:15.532605+00:00,2-1-6/5-3/7-4,published,百万弗,楽天Kドリームス 並び予想
8520230809010104,2023-08-10,佐世保競輪,F2,A3 challenge,104,チャレンジ予選,21:40,21:35,7,https://keirin.kdreams.jp/sasebo/racedetail/8520230809010104/?pageType=odds,2026-10-07T18:41:17.412855+00:00,6-4/2-1-3/5-7,published,百万弗,楽天Kドリームス 並び予想
2420230809020001,2023-08-10,宇都宮競輪,F2,A3 challenge,1,チャレンジ一般,08:30,08:25,6,https://keirin.kdreams.jp/utsunomiya/racedetail/2420230809020001/?pageType=odds,2026-10-07T18:41:47.047221+00:00,5-3-2/4/1/6,published,アオケイ,楽天Kドリームス 並び予想
2420230809020002,2023-08-10,宇都宮競輪,F2,A3 challenge,2,チャレンジ一般,08:50,08:45,7,https://keirin.kdreams.jp/utsunomiya/racedetail/2420230809020002/?pageType=odds,2026-10-07T18:41:48.880517+00:00,5-7-2/4-1/3/6,published,アオケイ,楽天Kドリームス 並び予想
2420230809020003,2023-08-10,宇都宮競輪,F2,A3 challenge,3,チャレンジ選抜,09:10,09:05,7,https://keirin.kdreams.jp/utsunomiya/racedetail/2420230809020003/?pageType=odds,2026-10-07T18:41:50.978067+00:00,6-1-4/2-5/7/3,published,アオケイ,楽天Kドリームス 並び予想
2420230809020004,2023-08-10,宇都宮競輪,F2,A3 challenge,4,チャレンジ選抜,09:30,09:25,7,https://keirin.kdreams.jp/utsunomiya/racedetail/2420230809020004/?pageType=odds,2026-10-07T18:41:52.770064+00:00,2-7-6/1/5-3-4,published,アオケイ,楽天Kドリームス 並び予想
2420230809020005,2023-08-10,宇都宮競輪,F2,A3 challenge,5,チャレンジ準決勝,09:50,09:45,7,https://keirin.kdreams.jp/utsunomiya/racedetail/2420230809020005/?pageType=odds,2026-10-07T18:41:54.797991+00:00,2-7-6/1/5-3-4,published,アオケイ,楽天Kドリームス 並び予想
2420230809020006,2023-08-10,宇都宮競輪,F2,A3 challenge,6,チャレンジ準決勝,10:10,10:05,7,https://keirin.kdreams.jp/utsunomiya/racedetail/2420230809020006/?pageType=odds,2026-10-07T18:41:56.519992+00:00,4-1-6/2-5/7-3,published,アオケイ,楽天Kドリームス 並び予想
2420230809020007,2023-08-10,宇都宮競輪,F2,A3 challenge,7,チャレンジ準決勝,10:30,10:25,7,https://keirin.kdreams.jp/utsunomiya/racedetail/2420230809020007/?pageType=odds,2026-10-07T18:41:58.362743+00:00,7-4-1-2/6-5-3,published,アオケイ,楽天Kドリームス 並び予想
8520230809030001,2023-08-11,佐世保競輪,F2,A3 challenge,1,チャレンジ一般,20:40,20:35,6,https://keirin.kdreams.jp/sasebo/racedetail/8520230809030001/?pageType=odds,2026-10-07T18:41:19.107822+00:00,5-2-6/4-1-3,published,百万弗,楽天Kドリームス 並び予想
8520230809030002,2023-08-11,佐世保競輪,F2,A3 challenge,2,チャレンジ一般,21:00,20:55,6,https://keirin.kdreams.jp/sasebo/racedetail/8520230809030002/?pageType=odds,2026-10-07T18:41:20.841815+00:00,5-2-4/1/6-3,published,百万弗,楽天Kドリームス 並び予想
8520230809030003,2023-08-11,佐世保競輪,F2,A3 challenge,3,チャレンジ準決勝,21:20,21:15,7,https://keirin.kdreams.jp/sasebo/racedetail/8520230809030003/?pageType=odds,2026-10-07T18:41:22.646444+00:00,2-3/1/5-4/6-7,published,百万弗,楽天Kドリームス 並び予想
8520230809030004,2023-08-11,佐世保競輪,F2,A3 challenge,4,チャレンジ準決勝,21:40,21:35,7,https://keirin.kdreams.jp/sasebo/racedetail/8520230809030004/?pageType=odds,2026-10-07T18:41:24.408886+00:00,2-3/4-1/7-5/6,published,百万弗,楽天Kドリームス 並び予想
2420230809030001,2023-08-11,宇都宮競輪,F2,A3 challenge,1,チャレンジ一般,08:30,08:25,6,https://keirin.kdreams.jp/utsunomiya/racedetail/2420230809030001/?pageType=odds,2026-10-07T18:42:00.262174+00:00,4-1/2/6/3-5,published,アオケイ,楽天Kドリームス 並び予想
2420230809030002,2023-08-11,宇都宮競輪,F2,A3 challenge,2,チャレンジ一般,08:50,08:45,6,https://keirin.kdreams.jp/utsunomiya/racedetail/2420230809030002/?pageType=odds,2026-10-07T18:42:02.166761+00:00,1-5/3/6-2-4,published,アオケイ,楽天Kドリームス 並び予想
2420230809030003,2023-08-11,宇都宮競輪,F2,A3 challenge,3,チャレンジ一般,09:10,09:05,7,https://keirin.kdreams.jp/utsunomiya/racedetail/2420230809030003/?pageType=odds,2026-10-07T18:42:03.918587+00:00,7-4-1/6/5-2-3,published,アオケイ,楽天Kドリームス 並び予想
2420230809030004,2023-08-11,宇都宮競輪,F2,A3 challenge,4,チャレンジ選抜,09:30,09:25,7,https://keirin.kdreams.jp/utsunomiya/racedetail/2420230809030004/?pageType=odds,2026-10-07T18:42:05.636635+00:00,1-4-7/3/6-5-2,published,アオケイ,楽天Kドリームス 並び予想
2420230809030005,2023-08-11,宇都宮競輪,F2,A3 challenge,5,チャレンジ選抜,09:50,09:45,7,https://keirin.kdreams.jp/utsunomiya/racedetail/2420230809030005/?pageType=odds,2026-10-07T18:42:07.345322+00:00,4-1-5/7-2/6-3,published,アオケイ,楽天Kドリームス 並び予想
2420230809030006,2023-08-11,宇都宮競輪,F2,A3 challenge,6,チャレンジ選抜,10:10,10:05,7,https://keirin.kdreams.jp/utsunomiya/racedetail/2420230809030006/?pageType=odds,2026-10-07T18:42:09.133493+00:00,4-1-5/6/2-7-3,published,アオケイ,楽天Kドリームス 並び予想
2420230809030007,2023-08-11,宇都宮競輪,F2,A3 challenge,7,チャレンジ決勝,10:30,10:25,7,https://keirin.kdreams.jp/utsunomiya/racedetail/2420230809030007/?pageType=odds,2026-10-07T18:42:11.052357+00:00,1-6/2/5/3-7-4,published,アオケイ,楽天Kドリームス 並び予想
4620230811010001,2023-08-11,富山競輪,F2,A3 challenge,1,チャレンジ予選,11:00,10:55,6,https://keirin.kdreams.jp/toyama/racedetail/4620230811010001/?pageType=odds,2026-10-07T18:42:40.675916+00:00,1-5-4/6-2-3,published,中部競輪,楽天Kドリームス 並び予想
4620230811010002,2023-08-11,富山競輪,F2,A3 challenge,2,チャレンジ予選,11:25,11:20,7,https://keirin.kdreams.jp/toyama/racedetail/4620230811010002/?pageType=odds,2026-10-07T18:42:42.489022+00:00,1-5/6-2-4/3-7,published,中部競輪,楽天Kドリームス 並び予想
4620230811010003,2023-08-11,富山競輪,F2,A3 challenge,3,チャレンジ予選,11:52,11:47,7,https://keirin.kdreams.jp/toyama/racedetail/4620230811010003/?pageType=odds,2026-10-07T18:42:44.342762+00:00,2-4-7-3/5-1/6,published,中部競輪,楽天Kドリームス 並び予想
4620230811010004,2023-08-11,富山競輪,F2,A3 challenge,4,チャレンジ予選,12:21,12:16,7,https://keirin.kdreams.jp/toyama/racedetail/4620230811010004/?pageType=odds,2026-10-07T18:42:46.285045+00:00,1-7-3/5-2-4-6,published,中部競輪,楽天Kドリームス 並び予想
4620230811010005,2023-08-11,富山競輪,F2,A3 challenge,5,チャレンジ予選,12:51,12:46,7,https://keirin.kdreams.jp/toyama/racedetail/4620230811010005/?pageType=odds,2026-10-07T18:42:48.129553+00:00,4-1-6/2-7-3/5,published,中部競輪,楽天Kドリームス 並び予想
8420230811010001,2023-08-11,武雄競輪,F2,A3 challenge,1,チャレンジ予選,08:40,08:35,7,https://keirin.kdreams.jp/takeo/racedetail/8420230811010001/?pageType=odds,2026-10-07T18:42:13.216584+00:00,1-5/7-2/6/3-4,published,百万弗,楽天Kドリームス 並び予想
8420230811010002,2023-08-11,武雄競輪,F2,A3 challenge,2,チャレンジ予選,09:00,08:55,7,https://keirin.kdreams.jp/takeo/racedetail/8420230811010002/?pageType=odds,2026-10-07T18:42:14.964045+00:00,5-1/2-4/6/7-3,published,百万弗,楽天Kドリームス 並び予想
8420230811010003,2023-08-11,武雄競輪,F2,A3 challenge,3,チャレンジ予選,09:20,09:15,7,https://keirin.kdreams.jp/takeo/racedetail/8420230811010003/?pageType=odds,2026-10-07T18:42:16.772732+00:00,3-5-1/6/2-7-4,published,百万弗,楽天Kドリームス 並び予想
8420230811010004,2023-08-11,武雄競輪,F2,A3 challenge,4,チャレンジ予選,09:40,09:35,7,https://keirin.kdreams.jp/takeo/racedetail/8420230811010004/?pageType=odds,2026-10-07T18:42:18.786735+00:00,5-1/4-2/7-3-6,published,百万弗,楽天Kドリームス 並び予想
8420230811010005,2023-08-11,武雄競輪,F2,A3 challenge,5,チャレンジ予選,10:00,09:55,7,https://keirin.kdreams.jp/takeo/racedetail/8420230811010005/?pageType=odds,2026-10-07T18:42:20.592815+00:00,4-1-7/2-6/3-5,published,百万弗,楽天Kドリームス 並び予想
8520230809040001,2023-08-12,佐世保競輪,F2,A3 challenge,1,チャレンジ一般,20:45,20:40,5,https://keirin.kdreams.jp/sasebo/racedetail/8520230809040001/?pageType=odds,2026-10-07T18:41:26.440568+00:00,1-2/4-3-5,published,,楽天Kドリームス 並び予想
8520230809040002,2023-08-12,佐世保競輪,F2,A3 challenge,2,チャレンジ一般,21:05,21:00,5,https://keirin.kdreams.jp/sasebo/racedetail/8520230809040002/?pageType=odds,2026-10-07T18:41:28.130821+00:00,5-2-3/4-1,published,,楽天Kドリームス 並び予想
8520230809040003,2023-08-12,佐世保競輪,F2,A3 challenge,3,チャレンジ選抜,21:25,21:20,7,https://keirin.kdreams.jp/sasebo/racedetail/8520230809040003/?pageType=odds,2026-10-07T18:41:30.226246+00:00,1-7/5-3-2/6-4,published,,楽天Kドリームス 並び予想
8520230809040008,2023-08-12,佐世保競輪,F2,A3 challenge,8,チャレンジ決勝,23:05,23:00,7,https://keirin.kdreams.jp/sasebo/racedetail/8520230809040008/?pageType=odds,2026-10-07T18:41:32.199554+00:00,2-3/5-1/4/6/7,published,,楽天Kドリームス 並び予想
1120230812010001,2023-08-12,函館競輪,F2,A3 challenge,1,チャレンジ予選,15:35,15:30,7,https://keirin.kdreams.jp/hakodate/racedetail/1120230812010001/?pageType=odds,2026-10-07T18:43:07.019677+00:00,1-6/2-5-7/3-4,published,北競,楽天Kドリームス 並び予想
1120230812010002,2023-08-12,函館競輪,F2,A3 challenge,2,チャレンジ予選,16:00,15:55,7,https://keirin.kdreams.jp/hakodate/racedetail/1120230812010002/?pageType=odds,2026-10-07T18:43:08.863745+00:00,5-2-4/1-3-6/7,published,北競,楽天Kドリームス 並び予想
1120230812010003,2023-08-12,函館競輪,F2,A3 challenge,3,チャレンジ予選,16:25,16:20,7,https://keirin.kdreams.jp/hakodate/racedetail/1120230812010003/?pageType=odds,2026-10-07T18:43:10.757413+00:00,2-7-4/1-5-3/6,published,北競,楽天Kドリームス 並び予想
1120230812010004,2023-08-12,函館競輪,F2,A3 challenge,4,チャレンジ予選,16:50,16:45,7,https://keirin.kdreams.jp/hakodate/racedetail/1120230812010004/?pageType=odds,2026-10-07T18:43:12.638522+00:00,3-7-1-6/5-2-4,published,北競,楽天Kドリームス 並び予想
1120230812010005,2023-08-12,函館競輪,F2,A3 challenge,5,チャレンジ予選,17:15,17:10,7,https://keirin.kdreams.jp/hakodate/racedetail/1120230812010005/?pageType=odds,2026-10-07T18:43:14.484770+00:00,4-1-7/2-6/3-5,published,北競,楽天Kドリームス 並び予想
4620230811020001,2023-08-12,富山競輪,F2,A3 challenge,1,チャレンジ一般,11:00,10:55,6,https://keirin.kdreams.jp/toyama/racedetail/4620230811020001/?pageType=odds,2026-10-07T18:42:49.808978+00:00,1-5-3-6/4/2,published,中部競輪,楽天Kドリームス 並び予想
4620230811020002,2023-08-12,富山競輪,F2,A3 challenge,2,チャレンジ一般,11:25,11:20,6,https://keirin.kdreams.jp/toyama/racedetail/4620230811020002/?pageType=odds,2026-10-07T18:42:51.600697+00:00,2-4-6-1-3/5,published,中部競輪,楽天Kドリームス 並び予想
4620230811020003,2023-08-12,富山競輪,F2,A3 challenge,3,チャレンジ準決勝,11:52,11:47,7,https://keirin.kdreams.jp/toyama/racedetail/4620230811020003/?pageType=odds,2026-10-07T18:42:53.581811+00:00,5-1-6-4/3/7-2,published,中部競輪,楽天Kドリームス 並び予想
4620230811020004,2023-08-12,富山競輪,F2,A3 challenge,4,チャレンジ準決勝,12:23,12:18,7,https://keirin.kdreams.jp/toyama/racedetail/4620230811020004/?pageType=odds,2026-10-07T18:42:55.488504+00:00,2-6-7-1/4-3/5,published,中部競輪,楽天Kドリームス 並び予想
4620230811020005,2023-08-12,富山競輪,F2,A3 challenge,5,チャレンジ準決勝,12:54,12:49,7,https://keirin.kdreams.jp/toyama/racedetail/4620230811020005/?pageType=odds,2026-10-07T18:42:57.592466+00:00,5-1-7/2-4/3-6,published,中部競輪,楽天Kドリームス 並び予想
8420230811020001,2023-08-12,武雄競輪,F2,A3 challenge,1,チャレンジ一般,08:30,08:25,6,https://keirin.kdreams.jp/takeo/racedetail/8420230811020001/?pageType=odds,2026-10-07T18:42:22.241099+00:00,1-3-6/4-2-5,published,百万弗,楽天Kドリームス 並び予想
8420230811020002,2023-08-12,武雄競輪,F2,A3 challenge,2,チャレンジ一般,08:50,08:45,6,https://keirin.kdreams.jp/takeo/racedetail/8420230811020002/?pageType=odds,2026-10-07T18:42:24.044277+00:00,1-6/2-5/3-4,published,百万弗,楽天Kドリームス 並び予想
8420230811020003,2023-08-12,武雄競輪,F2,A3 challenge,3,チャレンジ準決勝,09:10,09:05,7,https://keirin.kdreams.jp/takeo/racedetail/8420230811020003/?pageType=odds,2026-10-07T18:42:25.871663+00:00,5-1/4-2-6/7-3,published,百万弗,楽天Kドリームス 並び予想
8420230811020004,2023-08-12,武雄競輪,F2,A3 challenge,4,チャレンジ準決勝,09:30,09:25,7,https://keirin.kdreams.jp/takeo/racedetail/8420230811020004/?pageType=odds,2026-10-07T18:42:27.666826+00:00,1-5/7-2/4/3-6,published,百万弗,楽天Kドリームス 並び予想
8420230811020005,2023-08-12,武雄競輪,F2,A3 challenge,5,チャレンジ準決勝,09:50,09:45,7,https://keirin.kdreams.jp/takeo/racedetail/8420230811020005/?pageType=odds,2026-10-07T18:42:29.629133+00:00,7-1/2-5/3-4-6,published,百万弗,楽天Kドリームス 並び予想
1120230812020001,2023-08-13,函館競輪,F2,A3 challenge,1,チャレンジ一般,15:35,15:30,7,https://keirin.kdreams.jp/hakodate/racedetail/1120230812020001/?pageType=odds,2026-10-07T18:43:16.366632+00:00,4-1-3-2/5-7/6,published,北競,楽天Kドリームス 並び予想
1120230812020002,2023-08-13,函館競輪,F2,A3 challenge,2,チャレンジ一般,16:00,15:55,7,https://keirin.kdreams.jp/hakodate/racedetail/1120230812020002/?pageType=odds,2026-10-07T18:43:18.220706+00:00,1-4/2-5-7/3-6,published,北競,楽天Kドリームス 並び予想
1120230812020003,2023-08-13,函館競輪,F2,A3 challenge,3,チャレンジ準決勝,16:25,16:20,7,https://keirin.kdreams.jp/hakodate/racedetail/1120230812020003/?pageType=odds,2026-10-07T18:43:20.096010+00:00,3-6/4-1-7/5-2,published,北競,楽天Kドリームス 並び予想
1120230812020004,2023-08-13,函館競輪,F2,A3 challenge,4,チャレンジ準決勝,16:50,16:45,7,https://keirin.kdreams.jp/hakodate/racedetail/1120230812020004/?pageType=odds,2026-10-07T18:43:21.948509+00:00,4-1-7/2/5-3-6,published,北競,楽天Kドリームス 並び予想
1120230812020005,2023-08-13,函館競輪,F2,A3 challenge,5,チャレンジ準決勝,17:15,17:10,7,https://keirin.kdreams.jp/hakodate/racedetail/1120230812020005/?pageType=odds,2026-10-07T18:43:23.911562+00:00,2-4-6/1-7-3/5,published,北競,楽天Kドリームス 並び予想
4620230811030001,2023-08-13,富山競輪,F2,A3 challenge,1,チャレンジ一般,11:25,11:20,6,https://keirin.kdreams.jp/toyama/racedetail/4620230811030001/?pageType=odds,2026-10-07T18:42:59.619169+00:00,2-5/1-4/6-3,published,中部競輪,楽天Kドリームス 並び予想
4620230811030002,2023-08-13,富山競輪,F2,A3 challenge,2,チャレンジ選抜,11:52,11:47,7,https://keirin.kdreams.jp/toyama/racedetail/4620230811030002/?pageType=odds,2026-10-07T18:43:01.432863+00:00,1-5/2/6-3/4-7,published,中部競輪,楽天Kドリームス 並び予想
4620230811030003,2023-08-13,富山競輪,F2,A3 challenge,3,チャレンジ選抜,12:23,12:18,7,https://keirin.kdreams.jp/toyama/racedetail/4620230811030003/?pageType=odds,2026-10-07T18:43:03.364176+00:00,4-5-1/7/2-6-3,published,中部競輪,楽天Kドリームス 並び予想
4620230811030010,2023-08-13,富山競輪,F2,A3 challenge,10,チャレンジ決勝,16:02,15:57,7,https://keirin.kdreams.jp/toyama/racedetail/4620230811030010/?pageType=odds,2026-10-07T18:43:05.228860+00:00,4-1/2-6/3-7-5,published,中部競輪,楽天Kドリームス 並び予想
8420230811030001,2023-08-13,武雄競輪,F2,A3 challenge,1,チャレンジ一般,08:30,08:25,6,https://keirin.kdreams.jp/takeo/racedetail/8420230811030001/?pageType=odds,2026-10-07T18:42:31.386640+00:00,4-3-2-6/5-1,published,百万弗,楽天Kドリームス 並び予想
8420230811030002,2023-08-13,武雄競輪,F2,A3 challenge,2,チャレンジ一般,08:50,08:45,6,https://keirin.kdreams.jp/takeo/racedetail/8420230811030002/?pageType=odds,2026-10-07T18:42:33.192720+00:00,1-4/2-6/3-5,published,百万弗,楽天Kドリームス 並び予想
8420230811030003,2023-08-13,武雄競輪,F2,A3 challenge,3,チャレンジ選抜,09:10,09:05,7,https://keirin.kdreams.jp/takeo/racedetail/8420230811030003/?pageType=odds,2026-10-07T18:42:35.025310+00:00,1-7/4-2-6/5-3,published,百万弗,楽天Kドリームス 並び予想
8420230811030004,2023-08-13,武雄競輪,F2,A3 challenge,4,チャレンジ選抜,09:30,09:25,7,https://keirin.kdreams.jp/takeo/racedetail/8420230811030004/?pageType=odds,2026-10-07T18:42:36.986853+00:00,2-6-5/7-3-1/4,published,百万弗,楽天Kドリームス 並び予想
8420230811030010,2023-08-13,武雄競輪,F2,A3 challenge,10,チャレンジ決勝,11:50,11:45,7,https://keirin.kdreams.jp/takeo/racedetail/8420230811030010/?pageType=odds,2026-10-07T18:42:38.741767+00:00,1-4/2-5-6/7-3,published,百万弗,楽天Kドリームス 並び予想
1120230812030001,2023-08-14,函館競輪,F2,A3 challenge,1,チャレンジ一般,15:50,15:45,7,https://keirin.kdreams.jp/hakodate/racedetail/1120230812030001/?pageType=odds,2026-10-07T18:43:25.680957+00:00,1-5-3/7/4-2-6,published,北競,楽天Kドリームス 並び予想
1120230812030002,2023-08-14,函館競輪,F2,A3 challenge,2,チャレンジ一般,16:15,16:10,7,https://keirin.kdreams.jp/hakodate/racedetail/1120230812030002/?pageType=odds,2026-10-07T18:43:27.522858+00:00,1-7-4/5-3-2/6,published,北競,楽天Kドリームス 並び予想
1120230812030003,2023-08-14,函館競輪,F2,A3 challenge,3,チャレンジ選抜,16:40,16:35,7,https://keirin.kdreams.jp/hakodate/racedetail/1120230812030003/?pageType=odds,2026-10-07T18:43:29.241110+00:00,6-1/2-7-4/5-3,published,北競,楽天Kドリームス 並び予想
1120230812030004,2023-08-14,函館競輪,F2,A3 challenge,4,チャレンジ選抜,17:05,17:00,7,https://keirin.kdreams.jp/hakodate/racedetail/1120230812030004/?pageType=odds,2026-10-07T18:43:31.264682+00:00,3-6-5/2/7-4-1,published,北競,楽天Kドリームス 並び予想
1120230812030011,2023-08-14,函館競輪,F2,A3 challenge,11,チャレンジ決勝,20:00,19:55,7,https://keirin.kdreams.jp/hakodate/racedetail/1120230812030011/?pageType=odds,2026-10-07T18:43:33.254934+00:00,1-5-3-6/7-2-4,published,北競,楽天Kドリームス 並び予想
3620230814010001,2023-08-14,小田原競輪,F2,A3 challenge,1,チャレンジ予選,08:30,08:25,7,https://keirin.kdreams.jp/odawara/racedetail/3620230814010001/?pageType=odds,2026-10-07T18:43:35.007589+00:00,1-5-6/2-4/7-3,published,小田競・サイクル,楽天Kドリームス 並び予想
3620230814010002,2023-08-14,小田原競輪,F2,A3 challenge,2,チャレンジ予選,08:50,08:45,7,https://keirin.kdreams.jp/odawara/racedetail/3620230814010002/?pageType=odds,2026-10-07T18:43:36.832339+00:00,2-7-5/4-1-3/6,published,小田競・サイクル,楽天Kドリームス 並び予想
3620230814010003,2023-08-14,小田原競輪,F2,A3 challenge,3,チャレンジ予選,09:10,09:05,7,https://keirin.kdreams.jp/odawara/racedetail/3620230814010003/?pageType=odds,2026-10-07T18:43:38.619139+00:00,3-4-2-6/1-7-5,published,小田競・サイクル,楽天Kドリームス 並び予想
3620230814010004,2023-08-14,小田原競輪,F2,A3 challenge,4,チャレンジ予選,09:30,09:25,7,https://keirin.kdreams.jp/odawara/racedetail/3620230814010004/?pageType=odds,2026-10-07T18:43:40.568354+00:00,5-1/4-7-2-3/6,published,小田競・サイクル,楽天Kドリームス 並び予想
3620230814010005,2023-08-14,小田原競輪,F2,A3 challenge,5,チャレンジ予選,09:50,09:45,7,https://keirin.kdreams.jp/odawara/racedetail/3620230814010005/?pageType=odds,2026-10-07T18:43:42.307923+00:00,7-1-4/2/5-3/6,published,小田競・サイクル,楽天Kドリームス 並び予想
3620230814020001,2023-08-15,小田原競輪,F2,A3 challenge,1,チャレンジ一般,08:30,08:25,7,https://keirin.kdreams.jp/odawara/racedetail/3620230814020001/?pageType=odds,2026-10-07T18:43:44.099101+00:00,1-5-2-4-7-3/6,published,小田競・サイクル,楽天Kドリームス 並び予想
3620230814020002,2023-08-15,小田原競輪,F2,A3 challenge,2,チャレンジ一般,08:50,08:45,7,https://keirin.kdreams.jp/odawara/racedetail/3620230814020002/?pageType=odds,2026-10-07T18:43:45.394853+00:00,3-4-5/1/6-2-7,published,小田競・サイクル,楽天Kドリームス 並び予想
3620230814020003,2023-08-15,小田原競輪,F2,A3 challenge,3,チャレンジ準決勝,09:10,09:05,7,https://keirin.kdreams.jp/odawara/racedetail/3620230814020003/?pageType=odds,2026-10-07T18:43:47.612181+00:00,3-5-1/7/2-4-6,published,小田競・サイクル,楽天Kドリームス 並び予想
3620230814020004,2023-08-15,小田原競輪,F2,A3 challenge,4,チャレンジ準決勝,09:30,09:25,7,https://keirin.kdreams.jp/odawara/racedetail/3620230814020004/?pageType=odds,2026-10-07T18:43:49.402274+00:00,4-1/5-2/6/7-3,published,小田競・サイクル,楽天Kドリームス 並び予想
3620230814020005,2023-08-15,小田原競輪,F2,A3 challenge,5,チャレンジ準決勝,09:50,09:45,7,https://keirin.kdreams.jp/odawara/racedetail/3620230814020005/?pageType=odds,2026-10-07T18:43:51.187177+00:00,5-7-1-6/2-4-3,published,小田競・サイクル,楽天Kドリームス 並び予想
5320230815010101,2023-08-16,奈良競輪,F2,A3 challenge,101,チャレンジ予選,20:40,20:35,7,https://keirin.kdreams.jp/nara/racedetail/5320230815010101/?pageType=odds,2026-10-07T18:44:02.707312+00:00,2-1/5-3/6-4-7,published,競輪研究,楽天Kドリームス 並び予想
5320230815010102,2023-08-16,奈良競輪,F2,A3 challenge,102,チャレンジ予選,21:00,20:55,7,https://keirin.kdreams.jp/nara/racedetail/5320230815010102/?pageType=odds,2026-10-07T18:44:04.614685+00:00,1-2-6-7/4-3-5,published,競輪研究,楽天Kドリームス 並び予想
5320230815010103,2023-08-16,奈良競輪,F2,A3 challenge,103,チャレンジ予選,21:20,21:15,7,https://keirin.kdreams.jp/nara/racedetail/5320230815010103/?pageType=odds,2026-10-07T18:44:06.558818+00:00,1-2-5/4-3/6-7,published,競輪研究,楽天Kドリームス 並び予想
5320230815010104,2023-08-16,奈良競輪,F2,A3 challenge,104,チャレンジ予選,21:40,21:35,7,https://keirin.kdreams.jp/nara/racedetail/5320230815010104/?pageType=odds,2026-10-07T18:44:08.464000+00:00,2-1-3/4-5/6-7,published,競輪研究,楽天Kドリームス 並び予想
3620230814030001,2023-08-16,小田原競輪,F2,A3 challenge,1,チャレンジ一般,08:30,08:25,6,https://keirin.kdreams.jp/odawara/racedetail/3620230814030001/?pageType=odds,2026-10-07T18:43:52.998994+00:00,1-5-2/6/3-4,published,小田競・サイクル,楽天Kドリームス 並び予想
3620230814030002,2023-08-16,小田原競輪,F2,A3 challenge,2,チャレンジ一般,08:50,08:45,7,https://keirin.kdreams.jp/odawara/racedetail/3620230814030002/?pageType=odds,2026-10-07T18:43:54.755644+00:00,5-1/3-7/6-2-4,published,小田競・サイクル,楽天Kドリームス 並び予想
3620230814030003,2023-08-16,小田原競輪,F2,A3 challenge,3,チャレンジ選抜,09:10,09:05,7,https://keirin.kdreams.jp/odawara/racedetail/3620230814030003/?pageType=odds,2026-10-07T18:43:56.607563+00:00,1-7-4/6/5-3-2,published,小田競・サイクル,楽天Kドリームス 並び予想
3620230814030004,2023-08-16,小田原競輪,F2,A3 challenge,4,チャレンジ選抜,09:30,09:25,7,https://keirin.kdreams.jp/odawara/racedetail/3620230814030004/?pageType=odds,2026-10-07T18:43:58.795492+00:00,5-1-3/6/2-7-4,published,小田競・サイクル,楽天Kドリームス 並び予想
3620230814030005,2023-08-16,小田原競輪,F2,A3 challenge,5,チャレンジ決勝,09:50,09:45,7,https://keirin.kdreams.jp/odawara/racedetail/3620230814030005/?pageType=odds,2026-10-07T18:44:00.827422+00:00,1-5-6/3/4/2-7,published,小田競・サイクル,楽天Kドリームス 並び予想
7420230816010001,2023-08-16,高知競輪,F2,A3 challenge,1,チャレンジ予選,09:00,08:55,7,https://keirin.kdreams.jp/kochi/racedetail/7420230816010001/?pageType=odds,2026-10-07T18:44:25.847172+00:00,1-4-5/7-3-2/6,published,福ちゃん出版社,楽天Kドリームス 並び予想
7420230816010002,2023-08-16,高知競輪,F2,A3 challenge,2,チャレンジ予選,09:20,09:15,7,https://keirin.kdreams.jp/kochi/racedetail/7420230816010002/?pageType=odds,2026-10-07T18:44:27.814190+00:00,5-1/2-7/3-4-6,published,福ちゃん出版社,楽天Kドリームス 並び予想
7420230816010003,2023-08-16,高知競輪,F2,A3 challenge,3,チャレンジ予選,09:40,09:35,7,https://keirin.kdreams.jp/kochi/racedetail/7420230816010003/?pageType=odds,2026-10-07T18:44:29.593258+00:00,4-1-7/2-5-3/6,published,福ちゃん出版社,楽天Kドリームス 並び予想
7420230816010004,2023-08-16,高知競輪,F2,A3 challenge,4,チャレンジ予選,10:00,09:55,7,https://keirin.kdreams.jp/kochi/racedetail/7420230816010004/?pageType=odds,2026-10-07T18:44:31.490645+00:00,1-7-6/2-4/3-5,published,福ちゃん出版社,楽天Kドリームス 並び予想
7420230816010005,2023-08-16,高知競輪,F2,A3 challenge,5,チャレンジ予選,10:20,10:15,7,https://keirin.kdreams.jp/kochi/racedetail/7420230816010005/?pageType=odds,2026-10-07T18:44:33.278072+00:00,4-1-7/2-5-3/6,published,福ちゃん出版社,楽天Kドリームス 並び予想
7420230816010006,2023-08-16,高知競輪,F2,A3 challenge,6,チャレンジ予選,10:40,10:35,7,https://keirin.kdreams.jp/kochi/racedetail/7420230816010006/?pageType=odds,2026-10-07T18:44:35.059955+00:00,1-4-7/2-6/5-3,published,福ちゃん出版社,楽天Kドリームス 並び予想
7420230816010007,2023-08-16,高知競輪,F2,A3 challenge,7,チャレンジ予選,11:00,10:55,7,https://keirin.kdreams.jp/kochi/racedetail/7420230816010007/?pageType=odds,2026-10-07T18:44:36.753309+00:00,1-6/3-5-7/4-2,published,福ちゃん出版社,楽天Kドリームス 並び予想
5320230815030001,2023-08-17,奈良競輪,F2,A3 challenge,1,チャレンジ一般,20:40,20:35,6,https://keirin.kdreams.jp/nara/racedetail/5320230815030001/?pageType=odds,2026-10-07T18:44:10.324932+00:00,1-5/4/6-3-2,published,競輪研究,楽天Kドリームス 並び予想
5320230815030002,2023-08-17,奈良競輪,F2,A3 challenge,2,チャレンジ一般,21:00,20:55,7,https://keirin.kdreams.jp/nara/racedetail/5320230815030002/?pageType=odds,2026-10-07T18:44:12.177611+00:00,2-1-3/4-6/5/7,published,競輪研究,楽天Kドリームス 並び予想
5320230815030003,2023-08-17,奈良競輪,F2,A3 challenge,3,チャレンジ準決勝,21:20,21:15,7,https://keirin.kdreams.jp/nara/racedetail/5320230815030003/?pageType=odds,2026-10-07T18:44:13.931012+00:00,1-6/2-4/5-3-7,published,競輪研究,楽天Kドリームス 並び予想
5320230815030004,2023-08-17,奈良競輪,F2,A3 challenge,4,チャレンジ準決勝,21:40,21:35,7,https://keirin.kdreams.jp/nara/racedetail/5320230815030004/?pageType=odds,2026-10-07T18:44:15.755988+00:00,2/4-1/6-3/5-7,published,競輪研究,楽天Kドリームス 並び予想
7420230816020001,2023-08-17,高知競輪,F2,A3 challenge,1,チャレンジ一般,09:00,08:55,7,https://keirin.kdreams.jp/kochi/racedetail/7420230816020001/?pageType=odds,2026-10-07T18:44:38.543757+00:00,1-7-5/2-4/3-6,published,福ちゃん出版社,楽天Kドリームス 並び予想
7420230816020002,2023-08-17,高知競輪,F2,A3 challenge,2,チャレンジ一般,09:20,09:15,7,https://keirin.kdreams.jp/kochi/racedetail/7420230816020002/?pageType=odds,2026-10-07T18:44:40.376211+00:00,3-1-5/6/7-2-4,published,福ちゃん出版社,楽天Kドリームス 並び予想
7420230816020003,2023-08-17,高知競輪,F2,A3 challenge,3,チャレンジ選抜,09:40,09:35,7,https://keirin.kdreams.jp/kochi/racedetail/7420230816020003/?pageType=odds,2026-10-07T18:44:42.317606+00:00,2-7-1/3/4/5/6,published,福ちゃん出版社,楽天Kドリームス 並び予想
7420230816020004,2023-08-17,高知競輪,F2,A3 challenge,4,チャレンジ選抜,10:00,09:55,7,https://keirin.kdreams.jp/kochi/racedetail/7420230816020004/?pageType=odds,2026-10-07T18:44:44.022541+00:00,1-4/2/7-3-5/6,published,福ちゃん出版社,楽天Kドリームス 並び予想
7420230816020005,2023-08-17,高知競輪,F2,A3 challenge,5,チャレンジ準決勝,10:20,10:15,7,https://keirin.kdreams.jp/kochi/racedetail/7420230816020005/?pageType=odds,2026-10-07T18:44:45.738168+00:00,7-1/5-2/3-4-6,published,福ちゃん出版社,楽天Kドリームス 並び予想
7420230816020006,2023-08-17,高知競輪,F2,A3 challenge,6,チャレンジ準決勝,10:40,10:35,7,https://keirin.kdreams.jp/kochi/racedetail/7420230816020006/?pageType=odds,2026-10-07T18:44:47.731239+00:00,1-5-6/4-2/7-3,published,福ちゃん出版社,楽天Kドリームス 並び予想
7420230816020007,2023-08-17,高知競輪,F2,A3 challenge,7,チャレンジ準決勝,11:00,10:55,7,https://keirin.kdreams.jp/kochi/racedetail/7420230816020007/?pageType=odds,2026-10-07T18:44:49.700531+00:00,1-4-6/7-2/5-3,published,福ちゃん出版社,楽天Kドリームス 並び予想
3720230818010001,2023-08-18,伊東競輪,F2,A3 challenge,1,チャレンジ予選,20:40,20:35,7,https://keirin.kdreams.jp/ito/racedetail/3720230818010001/?pageType=odds,2026-10-07T18:45:04.594721+00:00,4-1-2/3-5-6/7,published,ひかり・小田競,楽天Kドリームス 並び予想
3720230818010002,2023-08-18,伊東競輪,F2,A3 challenge,2,チャレンジ予選,21:00,20:55,7,https://keirin.kdreams.jp/ito/racedetail/3720230818010002/?pageType=odds,2026-10-07T18:45:06.313317+00:00,1-3-6-7/4-2-5,published,ひかり・小田競,楽天Kドリームス 並び予想
3720230818010003,2023-08-18,伊東競輪,F2,A3 challenge,3,チャレンジ予選,21:20,21:15,7,https://keirin.kdreams.jp/ito/racedetail/3720230818010003/?pageType=odds,2026-10-07T18:45:08.134045+00:00,2-1-6/3-4-5/7,published,ひかり・小田競,楽天Kドリームス 並び予想
3720230818010004,2023-08-18,伊東競輪,F2,A3 challenge,4,チャレンジ予選,21:40,21:35,7,https://keirin.kdreams.jp/ito/racedetail/3720230818010004/?pageType=odds,2026-10-07T18:45:09.845549+00:00,2-1-7/5-3/4/6,published,ひかり・小田競,楽天Kドリームス 並び予想
5320230815040001,2023-08-18,奈良競輪,F2,A3 challenge,1,チャレンジ一般,20:45,20:40,6,https://keirin.kdreams.jp/nara/racedetail/5320230815040001/?pageType=odds,2026-10-07T18:44:17.548055+00:00,1-2/3-6/4-5,published,競輪研究,楽天Kドリームス 並び予想
5320230815040002,2023-08-18,奈良競輪,F2,A3 challenge,2,チャレンジ一般,21:05,21:00,7,https://keirin.kdreams.jp/nara/racedetail/5320230815040002/?pageType=odds,2026-10-07T18:44:19.880554+00:00,2-1-3/5-4/6/7,published,競輪研究,楽天Kドリームス 並び予想
5320230815040003,2023-08-18,奈良競輪,F2,A3 challenge,3,チャレンジ選抜,21:25,21:20,7,https://keirin.kdreams.jp/nara/racedetail/5320230815040003/?pageType=odds,2026-10-07T18:44:21.944237+00:00,1-3-6-7/4/5-2,published,競輪研究,楽天Kドリームス 並び予想
5320230815040008,2023-08-18,奈良競輪,F2,A3 challenge,8,チャレンジ決勝,23:05,23:00,7,https://keirin.kdreams.jp/nara/racedetail/5320230815040008/?pageType=odds,2026-10-07T18:44:23.747476+00:00,3-1-7/2/4-5/6,published,競輪研究,楽天Kドリームス 並び予想
7420230816030001,2023-08-18,高知競輪,F2,A3 challenge,1,チャレンジ一般,09:00,08:55,6,https://keirin.kdreams.jp/kochi/racedetail/7420230816030001/?pageType=odds,2026-10-07T18:44:51.598777+00:00,1-3/6/5-2-4,published,福ちゃん出版社,楽天Kドリームス 並び予想
7420230816030002,2023-08-18,高知競輪,F2,A3 challenge,2,チャレンジ一般,09:20,09:15,7,https://keirin.kdreams.jp/kochi/racedetail/7420230816030002/?pageType=odds,2026-10-07T18:44:53.276532+00:00,2-5-3/6/4-1-7,published,福ちゃん出版社,楽天Kドリームス 並び予想
7420230816030003,2023-08-18,高知競輪,F2,A3 challenge,3,チャレンジ一般,09:40,09:35,7,https://keirin.kdreams.jp/kochi/racedetail/7420230816030003/?pageType=odds,2026-10-07T18:44:55.373877+00:00,1-7-4/3/5-2-6,published,福ちゃん出版社,楽天Kドリームス 並び予想
7420230816030004,2023-08-18,高知競輪,F2,A3 challenge,4,チャレンジ選抜,10:00,09:55,7,https://keirin.kdreams.jp/kochi/racedetail/7420230816030004/?pageType=odds,2026-10-07T18:44:57.125203+00:00,1-7-5/3-4-2-6,published,福ちゃん出版社,楽天Kドリームス 並び予想
7420230816030005,2023-08-18,高知競輪,F2,A3 challenge,5,チャレンジ選抜,10:20,10:15,7,https://keirin.kdreams.jp/kochi/racedetail/7420230816030005/?pageType=odds,2026-10-07T18:44:59.021575+00:00,4-1-7/2-6/3-5,published,福ちゃん出版社,楽天Kドリームス 並び予想
7420230816030006,2023-08-18,高知競輪,F2,A3 challenge,6,チャレンジ選抜,10:40,10:35,7,https://keirin.kdreams.jp/kochi/racedetail/7420230816030006/?pageType=odds,2026-10-07T18:45:00.861922+00:00,1-5-3/6/2-7-4,published,福ちゃん出版社,楽天Kドリームス 並び予想
7420230816030007,2023-08-18,高知競輪,F2,A3 challenge,7,チャレンジ決勝,11:00,10:55,7,https://keirin.kdreams.jp/kochi/racedetail/7420230816030007/?pageType=odds,2026-10-07T18:45:02.830095+00:00,2-6-4/7-3-1-5,published,福ちゃん出版社,楽天Kドリームス 並び予想
3720230818020001,2023-08-19,伊東競輪,F2,A3 challenge,1,チャレンジ一般,20:40,20:35,7,https://keirin.kdreams.jp/ito/racedetail/3720230818020001/?pageType=odds,2026-10-07T18:45:11.916125+00:00,3-1-7/2-6/4-5,published,ひかり・小田競,楽天Kドリームス 並び予想
3720230818020002,2023-08-19,伊東競輪,F2,A3 challenge,2,チャレンジ一般,21:00,20:55,7,https://keirin.kdreams.jp/ito/racedetail/3720230818020002/?pageType=odds,2026-10-07T18:45:13.816321+00:00,2-3-6-4/5/1/7,published,ひかり・小田競,楽天Kドリームス 並び予想
3720230818020003,2023-08-19,伊東競輪,F2,A3 challenge,3,チャレンジ準決勝,21:20,21:15,7,https://keirin.kdreams.jp/ito/racedetail/3720230818020003/?pageType=odds,2026-10-07T18:45:15.625923+00:00,2-6-7/4-1-3/5,published,ひかり・小田競,楽天Kドリームス 並び予想
3720230818020004,2023-08-19,伊東競輪,F2,A3 challenge,4,チャレンジ準決勝,21:40,21:35,7,https://keirin.kdreams.jp/ito/racedetail/3720230818020004/?pageType=odds,2026-10-07T18:45:17.444692+00:00,2-1/4-7/6-3-5,published,ひかり・小田競,楽天Kドリームス 並び予想
1220230819010001,2023-08-19,青森競輪,F2,A3 challenge,1,チャレンジ予選,08:30,08:25,7,https://keirin.kdreams.jp/aomori/racedetail/1220230819010001/?pageType=odds,2026-10-07T18:45:26.960258+00:00,7-1-4/2-6/3-5,published,アオケイ,楽天Kドリームス 並び予想
1220230819010002,2023-08-19,青森競輪,F2,A3 challenge,2,チャレンジ予選,08:50,08:45,7,https://keirin.kdreams.jp/aomori/racedetail/1220230819010002/?pageType=odds,2026-10-07T18:45:28.902231+00:00,5-2-6/4-1/3-7,published,アオケイ,楽天Kドリームス 並び予想
1220230819010003,2023-08-19,青森競輪,F2,A3 challenge,3,チャレンジ予選,09:10,09:05,7,https://keirin.kdreams.jp/aomori/racedetail/1220230819010003/?pageType=odds,2026-10-07T18:45:30.781836+00:00,5-2-6/1-4/3-7,published,アオケイ,楽天Kドリームス 並び予想
1220230819010004,2023-08-19,青森競輪,F2,A3 challenge,4,チャレンジ予選,09:30,09:25,7,https://keirin.kdreams.jp/aomori/racedetail/1220230819010004/?pageType=odds,2026-10-07T18:45:32.672552+00:00,4-1/5-2-6/3-7,published,アオケイ,楽天Kドリームス 並び予想
1220230819010005,2023-08-19,青森競輪,F2,A3 challenge,5,チャレンジ予選,09:50,09:45,7,https://keirin.kdreams.jp/aomori/racedetail/1220230819010005/?pageType=odds,2026-10-07T18:45:35.010682+00:00,3-7-1/2-6/5-4,published,アオケイ,楽天Kドリームス 並び予想
1220230819010006,2023-08-19,青森競輪,F2,A3 challenge,6,チャレンジ予選,10:10,10:05,7,https://keirin.kdreams.jp/aomori/racedetail/1220230819010006/?pageType=odds,2026-10-07T18:45:37.042872+00:00,1-4/5-2-6/3-7,published,アオケイ,楽天Kドリームス 並び予想
1220230819010007,2023-08-19,青森競輪,F2,A3 challenge,7,チャレンジ予選,10:30,10:25,7,https://keirin.kdreams.jp/aomori/racedetail/1220230819010007/?pageType=odds,2026-10-07T18:45:38.869007+00:00,7-1-3/2-5-4/6,published,アオケイ,楽天Kドリームス 並び予想
3720230818030001,2023-08-20,伊東競輪,F2,A3 challenge,1,チャレンジ一般,20:40,20:35,7,https://keirin.kdreams.jp/ito/racedetail/3720230818030001/?pageType=odds,2026-10-07T18:45:19.496706+00:00,2-5/3-4/1/6-7,published,ひかり・小田競,楽天Kドリームス 並び予想
3720230818030002,2023-08-20,伊東競輪,F2,A3 challenge,2,チャレンジ一般,21:00,20:55,7,https://keirin.kdreams.jp/ito/racedetail/3720230818030002/?pageType=odds,2026-10-07T18:45:21.342374+00:00,1-4-5/6/2-7-3,published,ひかり・小田競,楽天Kドリームス 並び予想
3720230818030003,2023-08-20,伊東競輪,F2,A3 challenge,3,チャレンジ選抜,21:20,21:15,7,https://keirin.kdreams.jp/ito/racedetail/3720230818030003/?pageType=odds,2026-10-07T18:45:23.208061+00:00,6-1-7/2-4/5-3,published,ひかり・小田競,楽天Kドリームス 並び予想
3720230818030008,2023-08-20,伊東競輪,F2,A3 challenge,8,チャレンジ決勝,23:00,22:55,7,https://keirin.kdreams.jp/ito/racedetail/3720230818030008/?pageType=odds,2026-10-07T18:45:25.006864+00:00,4-1/2-7/3-6/5,published,ひかり・小田競,楽天Kドリームス 並び予想
1220230819020001,2023-08-20,青森競輪,F2,A3 challenge,1,チャレンジ一般,08:30,08:25,6,https://keirin.kdreams.jp/aomori/racedetail/1220230819020001/?pageType=odds,2026-10-07T18:45:40.642841+00:00,3-1/5-2-6/4,published,アオケイ,楽天Kドリームス 並び予想
1220230819020002,2023-08-20,青森競輪,F2,A3 challenge,2,チャレンジ一般,08:50,08:45,7,https://keirin.kdreams.jp/aomori/racedetail/1220230819020002/?pageType=odds,2026-10-07T18:45:42.632848+00:00,4-1-6/7-2/5-3,published,アオケイ,楽天Kドリームス 並び予想
1220230819020003,2023-08-20,青森競輪,F2,A3 challenge,3,チャレンジ選抜,09:10,09:05,7,https://keirin.kdreams.jp/aomori/racedetail/1220230819020003/?pageType=odds,2026-10-07T18:45:44.419038+00:00,1-5/3/6/7-4-2,published,アオケイ,楽天Kドリームス 並び予想
1220230819020004,2023-08-20,青森競輪,F2,A3 challenge,4,チャレンジ選抜,09:30,09:25,7,https://keirin.kdreams.jp/aomori/racedetail/1220230819020004/?pageType=odds,2026-10-07T18:45:46.261630+00:00,5-1-2-6/4/7-3,published,アオケイ,楽天Kドリームス 並び予想
1220230819020005,2023-08-20,青森競輪,F2,A3 challenge,5,チャレンジ準決勝,09:50,09:45,7,https://keirin.kdreams.jp/aomori/racedetail/1220230819020005/?pageType=odds,2026-10-07T18:45:48.146760+00:00,1-7-3/5-2/4-6,published,アオケイ,楽天Kドリームス 並び予想
1220230819020006,2023-08-20,青森競輪,F2,A3 challenge,6,チャレンジ準決勝,10:10,10:05,7,https://keirin.kdreams.jp/aomori/racedetail/1220230819020006/?pageType=odds,2026-10-07T18:45:49.996775+00:00,5-1/2-4-6/3-7,published,アオケイ,楽天Kドリームス 並び予想
1220230819020007,2023-08-20,青森競輪,F2,A3 challenge,7,チャレンジ準決勝,10:30,10:25,7,https://keirin.kdreams.jp/aomori/racedetail/1220230819020007/?pageType=odds,2026-10-07T18:45:51.923331+00:00,1-5-4/6/7-2-3,published,アオケイ,楽天Kドリームス 並び予想
5420230821010001,2023-08-21,向日町競輪,F2,A3 challenge,1,チャレンジ予選,11:00,10:55,7,https://keirin.kdreams.jp/mukomachi/racedetail/5420230821010001/?pageType=odds,2026-10-07T18:46:45.678698+00:00,4-1-3-7/2-5-6,published,競輪研究,楽天Kドリームス 並び予想
5420230821010002,2023-08-21,向日町競輪,F2,A3 challenge,2,チャレンジ予選,11:26,11:21,7,https://keirin.kdreams.jp/mukomachi/racedetail/5420230821010002/?pageType=odds,2026-10-07T18:46:47.573477+00:00,1-7-5/2-4-6/3,published,競輪研究,楽天Kドリームス 並び予想
5420230821010003,2023-08-21,向日町競輪,F2,A3 challenge,3,チャレンジ予選,11:54,11:49,7,https://keirin.kdreams.jp/mukomachi/racedetail/5420230821010003/?pageType=odds,2026-10-07T18:46:49.589321+00:00,1-4/2-5-6/3/7,published,競輪研究,楽天Kドリームス 並び予想
5420230821010004,2023-08-21,向日町競輪,F2,A3 challenge,4,チャレンジ予選,12:24,12:19,7,https://keirin.kdreams.jp/mukomachi/racedetail/5420230821010004/?pageType=odds,2026-10-07T18:46:51.352567+00:00,4-1-2-6/5-3-7,published,競輪研究,楽天Kドリームス 並び予想
5420230821010005,2023-08-21,向日町競輪,F2,A3 challenge,5,チャレンジ予選,12:55,12:50,7,https://keirin.kdreams.jp/mukomachi/racedetail/5420230821010005/?pageType=odds,2026-10-07T18:46:53.292180+00:00,4-7-1/5-2/6-3,published,競輪研究,楽天Kドリームス 並び予想
5120230821010001,2023-08-21,福井競輪,F2,A3 challenge,1,チャレンジ予選,08:40,08:35,7,https://keirin.kdreams.jp/fukui/racedetail/5120230821010001/?pageType=odds,2026-10-07T18:46:06.685279+00:00,4-1/5-2/7-3-6,published,福井中部,楽天Kドリームス 並び予想
5120230821010002,2023-08-21,福井競輪,F2,A3 challenge,2,チャレンジ予選,09:00,08:55,7,https://keirin.kdreams.jp/fukui/racedetail/5120230821010002/?pageType=odds,2026-10-07T18:46:08.604848+00:00,7-1-4/2-5/3/6,published,福井中部,楽天Kドリームス 並び予想
5120230821010003,2023-08-21,福井競輪,F2,A3 challenge,3,チャレンジ予選,09:20,09:15,7,https://keirin.kdreams.jp/fukui/racedetail/5120230821010003/?pageType=odds,2026-10-07T18:46:10.326060+00:00,7-1/2-5-4/6-3,published,福井中部,楽天Kドリームス 並び予想
5120230821010004,2023-08-21,福井競輪,F2,A3 challenge,4,チャレンジ予選,09:40,09:35,7,https://keirin.kdreams.jp/fukui/racedetail/5120230821010004/?pageType=odds,2026-10-07T18:46:12.156567+00:00,5-1-6/7/4-3-2,published,福井中部,楽天Kドリームス 並び予想
5120230821010005,2023-08-21,福井競輪,F2,A3 challenge,5,チャレンジ予選,10:00,09:55,7,https://keirin.kdreams.jp/fukui/racedetail/5120230821010005/?pageType=odds,2026-10-07T18:46:14.227782+00:00,1-5/6-2/3-4-7,published,福井中部,楽天Kドリームス 並び予想
5120230821010006,2023-08-21,福井競輪,F2,A3 challenge,6,チャレンジ予選,10:20,10:15,7,https://keirin.kdreams.jp/fukui/racedetail/5120230821010006/?pageType=odds,2026-10-07T18:46:15.940203+00:00,1-4-7/6-2/5-3,published,福井中部,楽天Kドリームス 並び予想
5120230821010007,2023-08-21,福井競輪,F2,A3 challenge,7,チャレンジ予選,10:40,10:35,7,https://keirin.kdreams.jp/fukui/racedetail/5120230821010007/?pageType=odds,2026-10-07T18:46:18.341987+00:00,5-1-3-7/4-2/6,published,福井中部,楽天Kドリームス 並び予想
1220230819030001,2023-08-21,青森競輪,F2,A3 challenge,1,チャレンジ一般,08:30,08:25,6,https://keirin.kdreams.jp/aomori/racedetail/1220230819030001/?pageType=odds,2026-10-07T18:45:53.654952+00:00,1-5-3/2-4-6,published,アオケイ,楽天Kドリームス 並び予想
1220230819030002,2023-08-21,青森競輪,F2,A3 challenge,2,チャレンジ一般,08:50,08:45,7,https://keirin.kdreams.jp/aomori/racedetail/1220230819030002/?pageType=odds,2026-10-07T18:45:55.400331+00:00,1-5-6/3/2-4-7,published,アオケイ,楽天Kドリームス 並び予想
1220230819030003,2023-08-21,青森競輪,F2,A3 challenge,3,チャレンジ一般,09:10,09:05,7,https://keirin.kdreams.jp/aomori/racedetail/1220230819030003/?pageType=odds,2026-10-07T18:45:57.244826+00:00,4-1/6/5-2/3-7,published,アオケイ,楽天Kドリームス 並び予想
1220230819030004,2023-08-21,青森競輪,F2,A3 challenge,4,チャレンジ選抜,09:30,09:25,7,https://keirin.kdreams.jp/aomori/racedetail/1220230819030004/?pageType=odds,2026-10-07T18:45:59.105241+00:00,1-7-3/2-4-5-6,published,アオケイ,楽天Kドリームス 並び予想
1220230819030005,2023-08-21,青森競輪,F2,A3 challenge,5,チャレンジ選抜,09:50,09:45,7,https://keirin.kdreams.jp/aomori/racedetail/1220230819030005/?pageType=odds,2026-10-07T18:46:01.069240+00:00,3-1-5/6/2-7-4,published,アオケイ,楽天Kドリームス 並び予想
1220230819030006,2023-08-21,青森競輪,F2,A3 challenge,6,チャレンジ選抜,10:10,10:05,7,https://keirin.kdreams.jp/aomori/racedetail/1220230819030006/?pageType=odds,2026-10-07T18:46:02.856135+00:00,7-4-1/2/5-3-6,published,アオケイ,楽天Kドリームス 並び予想
1220230819030007,2023-08-21,青森競輪,F2,A3 challenge,7,チャレンジ決勝,10:30,10:25,7,https://keirin.kdreams.jp/aomori/racedetail/1220230819030007/?pageType=odds,2026-10-07T18:46:04.758285+00:00,1-3/4-2-6/5/7,published,アオケイ,楽天Kドリームス 並び予想
5420230821020001,2023-08-22,向日町競輪,F2,A3 challenge,1,チャレンジ一般,11:00,10:55,5,https://keirin.kdreams.jp/mukomachi/racedetail/5420230821020001/?pageType=odds,2026-10-07T18:46:55.001838+00:00,5-1-3/4-2,published,競輪研究,楽天Kドリームス 並び予想
5420230821020002,2023-08-22,向日町競輪,F2,A3 challenge,2,チャレンジ一般,11:26,11:21,6,https://keirin.kdreams.jp/mukomachi/racedetail/5420230821020002/?pageType=odds,2026-10-07T18:46:56.902170+00:00,1-4-3/2-5-6,published,競輪研究,楽天Kドリームス 並び予想
5420230821020005,2023-08-22,向日町競輪,F2,A3 challenge,5,チャレンジ準決勝,12:55,12:50,7,https://keirin.kdreams.jp/mukomachi/racedetail/5420230821020005/?pageType=odds,2026-10-07T18:46:59.017023+00:00,1-7-4/2/3-6-5,published,競輪研究,楽天Kドリームス 並び予想
5420230821020006,2023-08-22,向日町競輪,F2,A3 challenge,6,チャレンジ準決勝,13:26,13:21,7,https://keirin.kdreams.jp/mukomachi/racedetail/5420230821020006/?pageType=odds,2026-10-07T18:47:01.045257+00:00,5-1-7-2/3-6-4,published,競輪研究,楽天Kドリームス 並び予想
5420230821020007,2023-08-22,向日町競輪,F2,A3 challenge,7,チャレンジ準決勝,13:57,13:52,7,https://keirin.kdreams.jp/mukomachi/racedetail/5420230821020007/?pageType=odds,2026-10-07T18:47:02.931713+00:00,7-3-1/5/2-4-6,published,競輪研究,楽天Kドリームス 並び予想
5120230821020001,2023-08-22,福井競輪,F2,A3 challenge,1,チャレンジ一般,08:40,08:35,6,https://keirin.kdreams.jp/fukui/racedetail/5120230821020001/?pageType=odds,2026-10-07T18:46:20.117798+00:00,3-6-4-1/2-5,published,福井中部,楽天Kドリームス 並び予想
5120230821020002,2023-08-22,福井競輪,F2,A3 challenge,2,チャレンジ一般,09:00,08:55,6,https://keirin.kdreams.jp/fukui/racedetail/5120230821020002/?pageType=odds,2026-10-07T18:46:21.854635+00:00,6-1/3/4-5-2,published,福井中部,楽天Kドリームス 並び予想
5120230821020003,2023-08-22,福井競輪,F2,A3 challenge,3,チャレンジ選抜,09:20,09:15,7,https://keirin.kdreams.jp/fukui/racedetail/5120230821020003/?pageType=odds,2026-10-07T18:46:23.667129+00:00,5-1/2/3-7-6/4,published,福井中部,楽天Kドリームス 並び予想
5120230821020004,2023-08-22,福井競輪,F2,A3 challenge,4,チャレンジ選抜,09:40,09:35,7,https://keirin.kdreams.jp/fukui/racedetail/5120230821020004/?pageType=odds,2026-10-07T18:46:25.523113+00:00,6-2/1/3-7-4/5,published,福井中部,楽天Kドリームス 並び予想
5120230821020005,2023-08-22,福井競輪,F2,A3 challenge,5,チャレンジ準決勝,10:00,09:55,7,https://keirin.kdreams.jp/fukui/racedetail/5120230821020005/?pageType=odds,2026-10-07T18:46:27.237374+00:00,7-2-1/5-3/6-4,published,福井中部,楽天Kドリームス 並び予想
5120230821020006,2023-08-22,福井競輪,F2,A3 challenge,6,チャレンジ準決勝,10:20,10:15,7,https://keirin.kdreams.jp/fukui/racedetail/5120230821020006/?pageType=odds,2026-10-07T18:46:28.990729+00:00,2-5/1/3-7/4-6,published,福井中部,楽天Kドリームス 並び予想
5120230821020007,2023-08-22,福井競輪,F2,A3 challenge,7,チャレンジ準決勝,10:40,10:35,7,https://keirin.kdreams.jp/fukui/racedetail/5120230821020007/?pageType=odds,2026-10-07T18:46:30.823486+00:00,1-7-6/2-4/5-3,published,福井中部,楽天Kドリームス 並び予想
5420230821030001,2023-08-23,向日町競輪,F2,A3 challenge,1,チャレンジ一般,11:00,10:55,5,https://keirin.kdreams.jp/mukomachi/racedetail/5420230821030001/?pageType=odds,2026-10-07T18:47:04.685480+00:00,1/3/5-2-4,published,競輪研究,楽天Kドリームス 並び予想
5420230821030002,2023-08-23,向日町競輪,F2,A3 challenge,2,チャレンジ一般,11:26,11:21,6,https://keirin.kdreams.jp/mukomachi/racedetail/5420230821030002/?pageType=odds,2026-10-07T18:47:06.586514+00:00,5-1-6/3-4-2,published,競輪研究,楽天Kドリームス 並び予想
5420230821030003,2023-08-23,向日町競輪,F2,A3 challenge,3,チャレンジ選抜,11:54,11:49,7,https://keirin.kdreams.jp/mukomachi/racedetail/5420230821030003/?pageType=odds,2026-10-07T18:47:08.494940+00:00,1-6/3/5/2-7-4,published,競輪研究,楽天Kドリームス 並び予想
5420230821030004,2023-08-23,向日町競輪,F2,A3 challenge,4,チャレンジ選抜,12:24,12:19,7,https://keirin.kdreams.jp/mukomachi/racedetail/5420230821030004/?pageType=odds,2026-10-07T18:47:10.412493+00:00,5-1-6/2/4/7-3,published,競輪研究,楽天Kドリームス 並び予想
5420230821030010,2023-08-23,向日町競輪,F2,A3 challenge,10,チャレンジ決勝,15:34,15:29,7,https://keirin.kdreams.jp/mukomachi/racedetail/5420230821030010/?pageType=odds,2026-10-07T18:47:12.501576+00:00,1-4/7-2/3/5-6,published,競輪研究,楽天Kドリームス 並び予想
5120230821030001,2023-08-23,福井競輪,F2,A3 challenge,1,チャレンジ一般,08:40,08:35,6,https://keirin.kdreams.jp/fukui/racedetail/5120230821030001/?pageType=odds,2026-10-07T18:46:32.648971+00:00,1-5/4-2-3-6,published,福井中部,楽天Kドリームス 並び予想
5120230821030002,2023-08-23,福井競輪,F2,A3 challenge,2,チャレンジ一般,09:00,08:55,6,https://keirin.kdreams.jp/fukui/racedetail/5120230821030002/?pageType=odds,2026-10-07T18:46:34.463895+00:00,3-6-2/1/4/5,published,福井中部,楽天Kドリームス 並び予想
5120230821030003,2023-08-23,福井競輪,F2,A3 challenge,3,チャレンジ一般,09:20,09:15,6,https://keirin.kdreams.jp/fukui/racedetail/5120230821030003/?pageType=odds,2026-10-07T18:46:36.206077+00:00,4-2-5/1/3-6,published,福井中部,楽天Kドリームス 並び予想
5120230821030004,2023-08-23,福井競輪,F2,A3 challenge,4,チャレンジ選抜,09:40,09:35,7,https://keirin.kdreams.jp/fukui/racedetail/5120230821030004/?pageType=odds,2026-10-07T18:46:38.185399+00:00,4-2-5/1/3-7-6,published,福井中部,楽天Kドリームス 並び予想
5120230821030005,2023-08-23,福井競輪,F2,A3 challenge,5,チャレンジ選抜,10:00,09:55,7,https://keirin.kdreams.jp/fukui/racedetail/5120230821030005/?pageType=odds,2026-10-07T18:46:40.108581+00:00,7-1/6-2/3-5-4,published,福井中部,楽天Kドリームス 並び予想
5120230821030006,2023-08-23,福井競輪,F2,A3 challenge,6,チャレンジ選抜,10:20,10:15,7,https://keirin.kdreams.jp/fukui/racedetail/5120230821030006/?pageType=odds,2026-10-07T18:46:41.977445+00:00,4-5-1/7-3/6-2,published,福井中部,楽天Kドリームス 並び予想
5120230821030007,2023-08-23,福井競輪,F2,A3 challenge,7,チャレンジ決勝,10:40,10:35,7,https://keirin.kdreams.jp/fukui/racedetail/5120230821030007/?pageType=odds,2026-10-07T18:46:43.879136+00:00,4-1/7-2/5-3/6,published,福井中部,楽天Kドリームス 並び予想
5320230824010001,2023-08-24,奈良競輪,F2,A3 challenge,1,チャレンジ予選,21:00,20:55,7,https://keirin.kdreams.jp/nara/racedetail/5320230824010001/?pageType=odds,2026-10-07T18:47:43.307812+00:00,1-3-5/6-2-4/7,published,競輪研究,楽天Kドリームス 並び予想
5320230824010002,2023-08-24,奈良競輪,F2,A3 challenge,2,チャレンジ予選,21:25,21:20,7,https://keirin.kdreams.jp/nara/racedetail/5320230824010002/?pageType=odds,2026-10-07T18:47:45.114847+00:00,1-4-3/2-7/6-5,published,競輪研究,楽天Kドリームス 並び予想
5320230824010003,2023-08-24,奈良競輪,F2,A3 challenge,3,チャレンジ予選,21:50,21:45,7,https://keirin.kdreams.jp/nara/racedetail/5320230824010003/?pageType=odds,2026-10-07T18:47:47.074765+00:00,2-1-4-6/3-5/7,published,競輪研究,楽天Kドリームス 並び予想
5320230824010004,2023-08-24,奈良競輪,F2,A3 challenge,4,チャレンジ予選,22:15,22:10,7,https://keirin.kdreams.jp/nara/racedetail/5320230824010004/?pageType=odds,2026-10-07T18:47:48.912907+00:00,1-7/3-2-6/4/5,published,競輪研究,楽天Kドリームス 並び予想
5320230824010005,2023-08-24,奈良競輪,F2,A3 challenge,5,チャレンジ予選,22:40,22:35,7,https://keirin.kdreams.jp/nara/racedetail/5320230824010005/?pageType=odds,2026-10-07T18:47:50.722370+00:00,1-2-7/4-6/5-3,published,競輪研究,楽天Kドリームス 並び予想
5320230824010006,2023-08-24,奈良競輪,F2,A3 challenge,6,チャレンジ予選,23:05,23:00,7,https://keirin.kdreams.jp/nara/racedetail/5320230824010006/?pageType=odds,2026-10-07T18:47:52.662723+00:00,1-3-6/2-5-7/4,published,競輪研究,楽天Kドリームス 並び予想
5320230824010007,2023-08-24,奈良競輪,F2,A3 challenge,7,チャレンジ予選,23:30,23:25,7,https://keirin.kdreams.jp/nara/racedetail/5320230824010007/?pageType=odds,2026-10-07T18:47:54.499977+00:00,1-2-3/4-7/5-6,published,競輪研究,楽天Kドリームス 並び予想
8120230824010003,2023-08-24,小倉競輪,F2,A3 challenge,3,チャレンジ予選,21:30,21:25,7,https://keirin.kdreams.jp/kokura/racedetail/8120230824010003/?pageType=odds,2026-10-07T18:47:14.432493+00:00,3-1-4/2-5-6-7,published,コンドル出版社,楽天Kドリームス 並び予想
8120230824010004,2023-08-24,小倉競輪,F2,A3 challenge,4,チャレンジ予選,21:55,21:50,7,https://keirin.kdreams.jp/kokura/racedetail/8120230824010004/?pageType=odds,2026-10-07T18:47:16.264339+00:00,3-1-7/2-4/6-5,published,コンドル出版社,楽天Kドリームス 並び予想
8120230824010005,2023-08-24,小倉競輪,F2,A3 challenge,5,チャレンジ予選,22:20,22:15,7,https://keirin.kdreams.jp/kokura/racedetail/8120230824010005/?pageType=odds,2026-10-07T18:47:18.405586+00:00,2-5-3/6/4-1-7,published,コンドル出版社,楽天Kドリームス 並び予想
8120230824010006,2023-08-24,小倉競輪,F2,A3 challenge,6,チャレンジ予選,22:45,22:40,7,https://keirin.kdreams.jp/kokura/racedetail/8120230824010006/?pageType=odds,2026-10-07T18:47:20.321850+00:00,2-1-4-6/3-7-5,published,コンドル出版社,楽天Kドリームス 並び予想
8120230824010007,2023-08-24,小倉競輪,F2,A3 challenge,7,チャレンジ予選,23:10,23:05,7,https://keirin.kdreams.jp/kokura/racedetail/8120230824010007/?pageType=odds,2026-10-07T18:47:22.288054+00:00,2-1-6-3/4/7-5,published,コンドル出版社,楽天Kドリームス 並び予想
4520230824010003,2023-08-24,豊橋競輪,F2,A3 challenge,3,チャレンジ予選,21:40,21:35,7,https://keirin.kdreams.jp/toyohashi/racedetail/4520230824010003/?pageType=odds,2026-10-07T18:48:23.445969+00:00,4-1-7/2-3/6-5,published,中部競輪,楽天Kドリームス 並び予想
4520230824010004,2023-08-24,豊橋競輪,F2,A3 challenge,4,チャレンジ予選,22:05,22:00,7,https://keirin.kdreams.jp/toyohashi/racedetail/4520230824010004/?pageType=odds,2026-10-07T18:48:25.678752+00:00,1-2-3/7/4-5-6,published,中部競輪,楽天Kドリームス 並び予想
4520230824010005,2023-08-24,豊橋競輪,F2,A3 challenge,5,チャレンジ予選,22:30,22:25,7,https://keirin.kdreams.jp/toyohashi/racedetail/4520230824010005/?pageType=odds,2026-10-07T18:48:27.544282+00:00,1-2-5/3-4/6-7,published,中部競輪,楽天Kドリームス 並び予想
4520230824010006,2023-08-24,豊橋競輪,F2,A3 challenge,6,チャレンジ予選,22:55,22:50,7,https://keirin.kdreams.jp/toyohashi/racedetail/4520230824010006/?pageType=odds,2026-10-07T18:48:30.128869+00:00,1-4-6/2-3/7-5,published,中部競輪,楽天Kドリームス 並び予想
4520230824010007,2023-08-24,豊橋競輪,F2,A3 challenge,7,チャレンジ予選,23:20,23:15,7,https://keirin.kdreams.jp/toyohashi/racedetail/4520230824010007/?pageType=odds,2026-10-07T18:48:31.972241+00:00,1-2-5/3-4/6-7,published,中部競輪,楽天Kドリームス 並び予想
5320230824020001,2023-08-25,奈良競輪,F2,A3 challenge,1,チャレンジ一般,21:00,20:55,7,https://keirin.kdreams.jp/nara/racedetail/5320230824020001/?pageType=odds,2026-10-07T18:47:56.580340+00:00,6-1-5-4/7/3-2,published,競輪研究,楽天Kドリームス 並び予想
5320230824020002,2023-08-25,奈良競輪,F2,A3 challenge,2,チャレンジ一般,21:25,21:20,7,https://keirin.kdreams.jp/nara/racedetail/5320230824020002/?pageType=odds,2026-10-07T18:47:58.421744+00:00,1-6/2/5/4-3-7,published,競輪研究,楽天Kドリームス 並び予想
5320230824020003,2023-08-25,奈良競輪,F2,A3 challenge,3,チャレンジ選抜,21:50,21:45,7,https://keirin.kdreams.jp/nara/racedetail/5320230824020003/?pageType=odds,2026-10-07T18:48:00.324616+00:00,4-5-2-6/1/7-3,published,競輪研究,楽天Kドリームス 並び予想
5320230824020004,2023-08-25,奈良競輪,F2,A3 challenge,4,チャレンジ選抜,22:15,22:10,7,https://keirin.kdreams.jp/nara/racedetail/5320230824020004/?pageType=odds,2026-10-07T18:48:02.254615+00:00,1-2-6/7/3-4-5,published,競輪研究,楽天Kドリームス 並び予想
5320230824020005,2023-08-25,奈良競輪,F2,A3 challenge,5,チャレンジ準決勝,22:40,22:35,7,https://keirin.kdreams.jp/nara/racedetail/5320230824020005/?pageType=odds,2026-10-07T18:48:04.074618+00:00,1-3-5-7/2-4-6,published,競輪研究,楽天Kドリームス 並び予想
5320230824020006,2023-08-25,奈良競輪,F2,A3 challenge,6,チャレンジ準決勝,23:05,23:00,7,https://keirin.kdreams.jp/nara/racedetail/5320230824020006/?pageType=odds,2026-10-07T18:48:06.338081+00:00,1-5/4-2/3-6-7,published,競輪研究,楽天Kドリームス 並び予想
5320230824020007,2023-08-25,奈良競輪,F2,A3 challenge,7,チャレンジ準決勝,23:30,23:25,7,https://keirin.kdreams.jp/nara/racedetail/5320230824020007/?pageType=odds,2026-10-07T18:48:08.116408+00:00,1-3-7/4-2/5-6,published,競輪研究,楽天Kドリームス 並び予想
4620230825010001,2023-08-25,富山競輪,F2,A3 challenge,1,チャレンジ予選,10:40,10:35,7,https://keirin.kdreams.jp/toyama/racedetail/4620230825010001/?pageType=odds,2026-10-07T18:49:20.850509+00:00,5-1-3-7-4/2/6,published,中部競輪,楽天Kドリームス 並び予想
4620230825010002,2023-08-25,富山競輪,F2,A3 challenge,2,チャレンジ予選,11:06,11:01,7,https://keirin.kdreams.jp/toyama/racedetail/4620230825010002/?pageType=odds,2026-10-07T18:49:22.802748+00:00,4-1-5-6/7-2-3,published,中部競輪,楽天Kドリームス 並び予想
4620230825010003,2023-08-25,富山競輪,F2,A3 challenge,3,チャレンジ予選,11:32,11:27,7,https://keirin.kdreams.jp/toyama/racedetail/4620230825010003/?pageType=odds,2026-10-07T18:49:24.608923+00:00,1-4-7/6/5-2-3,published,中部競輪,楽天Kドリームス 並び予想
4620230825010004,2023-08-25,富山競輪,F2,A3 challenge,4,チャレンジ予選,12:00,11:55,7,https://keirin.kdreams.jp/toyama/racedetail/4620230825010004/?pageType=odds,2026-10-07T18:49:26.506881+00:00,2-4-6/3-5-1-7,published,中部競輪,楽天Kドリームス 並び予想
4620230825010005,2023-08-25,富山競輪,F2,A3 challenge,5,チャレンジ予選,12:28,12:23,7,https://keirin.kdreams.jp/toyama/racedetail/4620230825010005/?pageType=odds,2026-10-07T18:49:28.450316+00:00,4-1/6/5-7-2-3,published,中部競輪,楽天Kドリームス 並び予想
8120230824020003,2023-08-25,小倉競輪,F2,A3 challenge,3,チャレンジ一般,21:30,21:25,6,https://keirin.kdreams.jp/kokura/racedetail/8120230824020003/?pageType=odds,2026-10-07T18:47:24.234421+00:00,2-3-1/5-4-6,published,コンドル出版社,楽天Kドリームス 並び予想
8120230824020004,2023-08-25,小倉競輪,F2,A3 challenge,4,チャレンジ一般,21:55,21:50,7,https://keirin.kdreams.jp/kokura/racedetail/8120230824020004/?pageType=odds,2026-10-07T18:47:26.026602+00:00,1-6-2-7/3-4/5,published,コンドル出版社,楽天Kドリームス 並び予想
8120230824020005,2023-08-25,小倉競輪,F2,A3 challenge,5,チャレンジ準決勝,22:20,22:15,7,https://keirin.kdreams.jp/kokura/racedetail/8120230824020005/?pageType=odds,2026-10-07T18:47:28.012074+00:00,5-4/2-1/3-6-7,published,コンドル出版社,楽天Kドリームス 並び予想
8120230824020006,2023-08-25,小倉競輪,F2,A3 challenge,6,チャレンジ準決勝,22:45,22:40,7,https://keirin.kdreams.jp/kokura/racedetail/8120230824020006/?pageType=odds,2026-10-07T18:47:29.984530+00:00,3-1-6/4-2/5/7,published,コンドル出版社,楽天Kドリームス 並び予想
8120230824020007,2023-08-25,小倉競輪,F2,A3 challenge,7,チャレンジ準決勝,23:10,23:05,7,https://keirin.kdreams.jp/kokura/racedetail/8120230824020007/?pageType=odds,2026-10-07T18:47:31.931991+00:00,1-2-5/3-4/7-6,published,コンドル出版社,楽天Kドリームス 並び予想
2120230825010001,2023-08-25,弥彦競輪,F2,A3 challenge,1,チャレンジ予選,10:50,10:45,7,https://keirin.kdreams.jp/yahiko/racedetail/2120230825010001/?pageType=odds,2026-10-07T18:49:49.195976+00:00,1-4/7-2-6/3-5,published,新潟スポーツ,楽天Kドリームス 並び予想
2120230825010002,2023-08-25,弥彦競輪,F2,A3 challenge,2,チャレンジ予選,11:16,11:11,7,https://keirin.kdreams.jp/yahiko/racedetail/2120230825010002/?pageType=odds,2026-10-07T18:49:50.917232+00:00,3-5/2-7-4/1-6,published,新潟スポーツ,楽天Kドリームス 並び予想
2120230825010003,2023-08-25,弥彦競輪,F2,A3 challenge,3,チャレンジ予選,11:42,11:37,7,https://keirin.kdreams.jp/yahiko/racedetail/2120230825010003/?pageType=odds,2026-10-07T18:49:52.906946+00:00,1-5-6/4-2/7-3,published,新潟スポーツ,楽天Kドリームス 並び予想
2120230825010004,2023-08-25,弥彦競輪,F2,A3 challenge,4,チャレンジ予選,12:10,12:05,7,https://keirin.kdreams.jp/yahiko/racedetail/2120230825010004/?pageType=odds,2026-10-07T18:49:54.768640+00:00,7-2-4/3-1-5/6,published,新潟スポーツ,楽天Kドリームス 並び予想
2120230825010005,2023-08-25,弥彦競輪,F2,A3 challenge,5,チャレンジ予選,12:39,12:34,7,https://keirin.kdreams.jp/yahiko/racedetail/2120230825010005/?pageType=odds,2026-10-07T18:49:56.736039+00:00,4-1/3-5-6/2-7,published,新潟スポーツ,楽天Kドリームス 並び予想
4520230824020003,2023-08-25,豊橋競輪,F2,A3 challenge,3,チャレンジ一般,21:40,21:35,6,https://keirin.kdreams.jp/toyohashi/racedetail/4520230824020003/?pageType=odds,2026-10-07T18:48:34.077035+00:00,2-1-5-6/4-3,published,中部競輪,楽天Kドリームス 並び予想
4520230824020004,2023-08-25,豊橋競輪,F2,A3 challenge,4,チャレンジ一般,22:05,22:00,7,https://keirin.kdreams.jp/toyohashi/racedetail/4520230824020004/?pageType=odds,2026-10-07T18:48:35.892903+00:00,5-7/2-3-6/4-1,published,中部競輪,楽天Kドリームス 並び予想
4520230824020005,2023-08-25,豊橋競輪,F2,A3 challenge,5,チャレンジ準決勝,22:30,22:25,7,https://keirin.kdreams.jp/toyohashi/racedetail/4520230824020005/?pageType=odds,2026-10-07T18:48:37.834820+00:00,1-4/2-3-7/5-6,published,中部競輪,楽天Kドリームス 並び予想
4520230824020006,2023-08-25,豊橋競輪,F2,A3 challenge,6,チャレンジ準決勝,22:55,22:50,7,https://keirin.kdreams.jp/toyohashi/racedetail/4520230824020006/?pageType=odds,2026-10-07T18:48:39.664731+00:00,1-4-7/3-2/6-5,published,中部競輪,楽天Kドリームス 並び予想
4520230824020007,2023-08-25,豊橋競輪,F2,A3 challenge,7,チャレンジ準決勝,23:20,23:15,7,https://keirin.kdreams.jp/toyohashi/racedetail/4520230824020007/?pageType=odds,2026-10-07T18:48:41.564724+00:00,4-1-7/2-3/5/6,published,中部競輪,楽天Kドリームス 並び予想
3820230825010001,2023-08-25,静岡競輪,F2,A3 challenge,1,チャレンジ予選,10:52,10:47,7,https://keirin.kdreams.jp/shizuoka/racedetail/3820230825010001/?pageType=odds,2026-10-07T18:48:52.650546+00:00,1-5/2/3-4-6/7,published,ひかり・小田競,楽天Kドリームス 並び予想
3820230825010002,2023-08-25,静岡競輪,F2,A3 challenge,2,チャレンジ予選,11:17,11:12,7,https://keirin.kdreams.jp/shizuoka/racedetail/3820230825010002/?pageType=odds,2026-10-07T18:48:54.420107+00:00,5-2-6/3/4-1-7,published,ひかり・小田競,楽天Kドリームス 並び予想
3820230825010003,2023-08-25,静岡競輪,F2,A3 challenge,3,チャレンジ予選,11:42,11:37,7,https://keirin.kdreams.jp/shizuoka/racedetail/3820230825010003/?pageType=odds,2026-10-07T18:48:56.434822+00:00,1-3-5/6/2-4-7,published,ひかり・小田競,楽天Kドリームス 並び予想
3820230825010004,2023-08-25,静岡競輪,F2,A3 challenge,4,チャレンジ予選,12:10,12:05,7,https://keirin.kdreams.jp/shizuoka/racedetail/3820230825010004/?pageType=odds,2026-10-07T18:48:58.192399+00:00,1-4-6/3/7-5-2,published,ひかり・小田競,楽天Kドリームス 並び予想
3820230825010005,2023-08-25,静岡競輪,F2,A3 challenge,5,チャレンジ予選,12:39,12:34,7,https://keirin.kdreams.jp/shizuoka/racedetail/3820230825010005/?pageType=odds,2026-10-07T18:49:00.017708+00:00,2-6/3-7-1-4/5,published,ひかり・小田競,楽天Kドリームス 並び予想
5320230824030001,2023-08-26,奈良競輪,F2,A3 challenge,1,チャレンジ一般,21:00,20:55,7,https://keirin.kdreams.jp/nara/racedetail/5320230824030001/?pageType=odds,2026-10-07T18:48:10.026784+00:00,3-1-7/5-2-4-6,published,競輪研究,楽天Kドリームス 並び予想
5320230824030002,2023-08-26,奈良競輪,F2,A3 challenge,2,チャレンジ一般,21:25,21:20,7,https://keirin.kdreams.jp/nara/racedetail/5320230824030002/?pageType=odds,2026-10-07T18:48:11.976870+00:00,1-4-5/7-2/3-6,published,競輪研究,楽天Kドリームス 並び予想
5320230824030003,2023-08-26,奈良競輪,F2,A3 challenge,3,チャレンジ一般,21:50,21:45,7,https://keirin.kdreams.jp/nara/racedetail/5320230824030003/?pageType=odds,2026-10-07T18:48:14.048273+00:00,2-3-4-6-5/1/7,published,競輪研究,楽天Kドリームス 並び予想
5320230824030004,2023-08-26,奈良競輪,F2,A3 challenge,4,チャレンジ選抜,22:15,22:10,7,https://keirin.kdreams.jp/nara/racedetail/5320230824030004/?pageType=odds,2026-10-07T18:48:15.984578+00:00,3-6-1-2/5/4-7,published,競輪研究,楽天Kドリームス 並び予想
5320230824030005,2023-08-26,奈良競輪,F2,A3 challenge,5,チャレンジ選抜,22:40,22:35,7,https://keirin.kdreams.jp/nara/racedetail/5320230824030005/?pageType=odds,2026-10-07T18:48:17.952932+00:00,7-1-2-6/3-4-5,published,競輪研究,楽天Kドリームス 並び予想
5320230824030006,2023-08-26,奈良競輪,F2,A3 challenge,6,チャレンジ選抜,23:05,23:00,7,https://keirin.kdreams.jp/nara/racedetail/5320230824030006/?pageType=odds,2026-10-07T18:48:19.715648+00:00,1-4-2-7/6-3-5,published,競輪研究,楽天Kドリームス 並び予想
5320230824030007,2023-08-26,奈良競輪,F2,A3 challenge,7,チャレンジ決勝,23:30,23:25,7,https://keirin.kdreams.jp/nara/racedetail/5320230824030007/?pageType=odds,2026-10-07T18:48:21.591490+00:00,1/2-5/7/6/3-4,published,競輪研究,楽天Kドリームス 並び予想
4620230825020001,2023-08-26,富山競輪,F2,A3 challenge,1,チャレンジ一般,10:45,10:40,6,https://keirin.kdreams.jp/toyama/racedetail/4620230825020001/?pageType=odds,2026-10-07T18:49:30.294352+00:00,6-1-3/5-2-4,published,中部競輪,楽天Kドリームス 並び予想
4620230825020002,2023-08-26,富山競輪,F2,A3 challenge,2,チャレンジ一般,11:10,11:05,6,https://keirin.kdreams.jp/toyama/racedetail/4620230825020002/?pageType=odds,2026-10-07T18:49:32.120443+00:00,1-6/5-2-4/3,published,中部競輪,楽天Kドリームス 並び予想
4620230825020003,2023-08-26,富山競輪,F2,A3 challenge,3,チャレンジ準決勝,11:35,11:30,7,https://keirin.kdreams.jp/toyama/racedetail/4620230825020003/?pageType=odds,2026-10-07T18:49:34.209446+00:00,4-1-6/3-2-7-5,published,中部競輪,楽天Kドリームス 並び予想
4620230825020004,2023-08-26,富山競輪,F2,A3 challenge,4,チャレンジ準決勝,12:02,11:57,7,https://keirin.kdreams.jp/toyama/racedetail/4620230825020004/?pageType=odds,2026-10-07T18:49:36.099394+00:00,5-3-6-1/7-2-4,published,中部競輪,楽天Kドリームス 並び予想
4620230825020005,2023-08-26,富山競輪,F2,A3 challenge,5,チャレンジ準決勝,12:31,12:26,7,https://keirin.kdreams.jp/toyama/racedetail/4620230825020005/?pageType=odds,2026-10-07T18:49:37.920157+00:00,7-1-4-2/3-5/6,published,中部競輪,楽天Kドリームス 並び予想
8120230824030002,2023-08-26,小倉競輪,F2,A3 challenge,2,チャレンジ一般,21:05,21:00,5,https://keirin.kdreams.jp/kokura/racedetail/8120230824030002/?pageType=odds,2026-10-07T18:47:33.923722+00:00,1-5/2/3-4,published,コンドル出版社,楽天Kドリームス 並び予想
8120230824030003,2023-08-26,小倉競輪,F2,A3 challenge,3,チャレンジ一般,21:30,21:25,6,https://keirin.kdreams.jp/kokura/racedetail/8120230824030003/?pageType=odds,2026-10-07T18:47:35.836401+00:00,1-6/5/2-4-3,published,コンドル出版社,楽天Kドリームス 並び予想
8120230824030004,2023-08-26,小倉競輪,F2,A3 challenge,4,チャレンジ選抜,21:55,21:50,7,https://keirin.kdreams.jp/kokura/racedetail/8120230824030004/?pageType=odds,2026-10-07T18:47:37.687784+00:00,1-4-6/2-3/7-5,published,コンドル出版社,楽天Kドリームス 並び予想
8120230824030005,2023-08-26,小倉競輪,F2,A3 challenge,5,チャレンジ選抜,22:20,22:15,7,https://keirin.kdreams.jp/kokura/racedetail/8120230824030005/?pageType=odds,2026-10-07T18:47:39.543246+00:00,2-1-7/3/4/6-5,published,コンドル出版社,楽天Kドリームス 並び予想
8120230824030007,2023-08-26,小倉競輪,F2,A3 challenge,7,チャレンジ決勝,23:10,23:05,7,https://keirin.kdreams.jp/kokura/racedetail/8120230824030007/?pageType=odds,2026-10-07T18:47:41.473251+00:00,2-1/3-4/5-7/6,published,コンドル出版社,楽天Kドリームス 並び予想
2120230825020001,2023-08-26,弥彦競輪,F2,A3 challenge,1,チャレンジ一般,10:50,10:45,7,https://keirin.kdreams.jp/yahiko/racedetail/2120230825020001/?pageType=odds,2026-10-07T18:49:58.613203+00:00,5-4-1/7-2-3/6,published,新潟スポーツ,楽天Kドリームス 並び予想
2120230825020002,2023-08-26,弥彦競輪,F2,A3 challenge,2,チャレンジ一般,11:16,11:11,7,https://keirin.kdreams.jp/yahiko/racedetail/2120230825020002/?pageType=odds,2026-10-07T18:50:00.645292+00:00,5-3/4-1-6/2-7,published,新潟スポーツ,楽天Kドリームス 並び予想
2120230825020003,2023-08-26,弥彦競輪,F2,A3 challenge,3,チャレンジ準決勝,11:42,11:37,7,https://keirin.kdreams.jp/yahiko/racedetail/2120230825020003/?pageType=odds,2026-10-07T18:50:02.559689+00:00,3-7/6-1-4/2-5,published,新潟スポーツ,楽天Kドリームス 並び予想
2120230825020004,2023-08-26,弥彦競輪,F2,A3 challenge,4,チャレンジ準決勝,12:10,12:05,7,https://keirin.kdreams.jp/yahiko/racedetail/2120230825020004/?pageType=odds,2026-10-07T18:50:04.626008+00:00,2-7/1-6/3-4-5,published,新潟スポーツ,楽天Kドリームス 並び予想
2120230825020005,2023-08-26,弥彦競輪,F2,A3 challenge,5,チャレンジ準決勝,12:39,12:34,7,https://keirin.kdreams.jp/yahiko/racedetail/2120230825020005/?pageType=odds,2026-10-07T18:50:06.383645+00:00,1-4-7/2-5/3/6,published,新潟スポーツ,楽天Kドリームス 並び予想
4520230824030002,2023-08-26,豊橋競輪,F2,A3 challenge,2,チャレンジ一般,21:15,21:10,5,https://keirin.kdreams.jp/toyohashi/racedetail/4520230824030002/?pageType=odds,2026-10-07T18:48:43.371940+00:00,2-1-5/3-4,published,中部競輪,楽天Kドリームス 並び予想
4520230824030003,2023-08-26,豊橋競輪,F2,A3 challenge,3,チャレンジ一般,21:40,21:35,6,https://keirin.kdreams.jp/toyohashi/racedetail/4520230824030003/?pageType=odds,2026-10-07T18:48:45.261392+00:00,4-1-6/3-2/5,published,中部競輪,楽天Kドリームス 並び予想
4520230824030004,2023-08-26,豊橋競輪,F2,A3 challenge,4,チャレンジ選抜,22:05,22:00,7,https://keirin.kdreams.jp/toyohashi/racedetail/4520230824030004/?pageType=odds,2026-10-07T18:48:47.120473+00:00,6-1-5/4-2/3-7,published,中部競輪,楽天Kドリームス 並び予想
4520230824030005,2023-08-26,豊橋競輪,F2,A3 challenge,5,チャレンジ選抜,22:30,22:25,7,https://keirin.kdreams.jp/toyohashi/racedetail/4520230824030005/?pageType=odds,2026-10-07T18:48:48.992042+00:00,1-2-6-4-5/3/7,published,中部競輪,楽天Kドリームス 並び予想
4520230824030007,2023-08-26,豊橋競輪,F2,A3 challenge,7,チャレンジ決勝,23:20,23:15,7,https://keirin.kdreams.jp/toyohashi/racedetail/4520230824030007/?pageType=odds,2026-10-07T18:48:50.763922+00:00,2-5-6/1/3/4/7,published,中部競輪,楽天Kドリームス 並び予想
3820230825020001,2023-08-26,静岡競輪,F2,A3 challenge,1,チャレンジ一般,10:52,10:47,5,https://keirin.kdreams.jp/shizuoka/racedetail/3820230825020001/?pageType=odds,2026-10-07T18:49:01.835446+00:00,4-1/3-2-5,published,ひかり・小田競,楽天Kドリームス 並び予想
3820230825020002,2023-08-26,静岡競輪,F2,A3 challenge,2,チャレンジ一般,11:17,11:12,5,https://keirin.kdreams.jp/shizuoka/racedetail/3820230825020002/?pageType=odds,2026-10-07T18:49:03.424211+00:00,2-4/1/3-5,published,ひかり・小田競,楽天Kドリームス 並び予想
3820230825020003,2023-08-26,静岡競輪,F2,A3 challenge,3,チャレンジ準決勝,11:42,11:37,7,https://keirin.kdreams.jp/shizuoka/racedetail/3820230825020003/?pageType=odds,2026-10-07T18:49:05.444149+00:00,5-1-2/4-3-7/6,published,ひかり・小田競,楽天Kドリームス 並び予想
3820230825020004,2023-08-26,静岡競輪,F2,A3 challenge,4,チャレンジ準決勝,12:10,12:05,7,https://keirin.kdreams.jp/shizuoka/racedetail/3820230825020004/?pageType=odds,2026-10-07T18:49:07.779558+00:00,3-7-5-2-1-4-6,published,ひかり・小田競,楽天Kドリームス 並び予想
3820230825020005,2023-08-26,静岡競輪,F2,A3 challenge,5,チャレンジ準決勝,12:39,12:34,7,https://keirin.kdreams.jp/shizuoka/racedetail/3820230825020005/?pageType=odds,2026-10-07T18:49:09.796240+00:00,5-2-6/7-1-3/4,published,ひかり・小田競,楽天Kドリームス 並び予想
2420230827010001,2023-08-27,宇都宮競輪,F2,A3 challenge,1,チャレンジ予選,20:50,20:45,7,https://keirin.kdreams.jp/utsunomiya/racedetail/2420230827010001/?pageType=odds,2026-10-07T18:50:17.683889+00:00,2-4/3-1-5/6-7,published,アオケイ,楽天Kドリームス 並び予想
2420230827010002,2023-08-27,宇都宮競輪,F2,A3 challenge,2,チャレンジ予選,21:10,21:05,7,https://keirin.kdreams.jp/utsunomiya/racedetail/2420230827010002/?pageType=odds,2026-10-07T18:50:19.987355+00:00,2-1-7/5/3-4-6,published,アオケイ,楽天Kドリームス 並び予想
2420230827010003,2023-08-27,宇都宮競輪,F2,A3 challenge,3,チャレンジ予選,21:30,21:25,7,https://keirin.kdreams.jp/utsunomiya/racedetail/2420230827010003/?pageType=odds,2026-10-07T18:50:21.984514+00:00,1-3-6-5/7/4-2,published,アオケイ,楽天Kドリームス 並び予想
2420230827010004,2023-08-27,宇都宮競輪,F2,A3 challenge,4,チャレンジ予選,21:50,21:45,7,https://keirin.kdreams.jp/utsunomiya/racedetail/2420230827010004/?pageType=odds,2026-10-07T18:50:23.953324+00:00,1-3-2-6/4-5-7,published,アオケイ,楽天Kドリームス 並び予想
4620230825030001,2023-08-27,富山競輪,F2,A3 challenge,1,チャレンジ一般,10:45,10:40,5,https://keirin.kdreams.jp/toyama/racedetail/4620230825030001/?pageType=odds,2026-10-07T18:49:39.675704+00:00,3-1-2-5/4,published,中部競輪,楽天Kドリームス 並び予想
4620230825030002,2023-08-27,富山競輪,F2,A3 challenge,2,チャレンジ一般,11:10,11:05,5,https://keirin.kdreams.jp/toyama/racedetail/4620230825030002/?pageType=odds,2026-10-07T18:49:41.345971+00:00,3-5-2/4-1,published,中部競輪,楽天Kドリームス 並び予想
4620230825030003,2023-08-27,富山競輪,F2,A3 challenge,3,チャレンジ選抜,11:35,11:30,7,https://keirin.kdreams.jp/toyama/racedetail/4620230825030003/?pageType=odds,2026-10-07T18:49:43.537144+00:00,1-5-4/2/3/6/7,published,中部競輪,楽天Kドリームス 並び予想
4620230825030004,2023-08-27,富山競輪,F2,A3 challenge,4,チャレンジ選抜,12:02,11:57,7,https://keirin.kdreams.jp/toyama/racedetail/4620230825030004/?pageType=odds,2026-10-07T18:49:45.413231+00:00,4-1-6-7/5-2/3,published,中部競輪,楽天Kドリームス 並び予想
4620230825030011,2023-08-27,富山競輪,F2,A3 challenge,11,チャレンジ決勝,15:39,15:34,7,https://keirin.kdreams.jp/toyama/racedetail/4620230825030011/?pageType=odds,2026-10-07T18:49:47.292780+00:00,1-4/2-6-5/3-7,published,中部競輪,楽天Kドリームス 並び予想
2120230825030001,2023-08-27,弥彦競輪,F2,A3 challenge,1,チャレンジ一般,10:50,10:45,7,https://keirin.kdreams.jp/yahiko/racedetail/2120230825030001/?pageType=odds,2026-10-07T18:50:08.205900+00:00,7-2-3-4/1/5/6,published,新潟スポーツ,楽天Kドリームス 並び予想
2120230825030002,2023-08-27,弥彦競輪,F2,A3 challenge,2,チャレンジ一般,11:16,11:11,7,https://keirin.kdreams.jp/yahiko/racedetail/2120230825030002/?pageType=odds,2026-10-07T18:50:10.159539+00:00,5-1-4/7-3-2/6,published,新潟スポーツ,楽天Kドリームス 並び予想
2120230825030003,2023-08-27,弥彦競輪,F2,A3 challenge,3,チャレンジ選抜,11:42,11:37,7,https://keirin.kdreams.jp/yahiko/racedetail/2120230825030003/?pageType=odds,2026-10-07T18:50:12.047811+00:00,7-2/5-3-6/4-1,published,新潟スポーツ,楽天Kドリームス 並び予想
2120230825030004,2023-08-27,弥彦競輪,F2,A3 challenge,4,チャレンジ選抜,12:10,12:05,7,https://keirin.kdreams.jp/yahiko/racedetail/2120230825030004/?pageType=odds,2026-10-07T18:50:13.932373+00:00,2-6/4-3-7/5-1,published,新潟スポーツ,楽天Kドリームス 並び予想
2120230825030011,2023-08-27,弥彦競輪,F2,A3 challenge,11,チャレンジ決勝,15:47,15:42,7,https://keirin.kdreams.jp/yahiko/racedetail/2120230825030011/?pageType=odds,2026-10-07T18:50:15.813441+00:00,7-1-2/5-3/4-6,published,新潟スポーツ,楽天Kドリームス 並び予想
3820230825030001,2023-08-27,静岡競輪,F2,A3 challenge,1,チャレンジ一般,10:52,10:47,5,https://keirin.kdreams.jp/shizuoka/racedetail/3820230825030001/?pageType=odds,2026-10-07T18:49:11.613782+00:00,1-5-2/3/4,published,ひかり・小田競,楽天Kドリームス 並び予想
3820230825030002,2023-08-27,静岡競輪,F2,A3 challenge,2,チャレンジ一般,11:17,11:12,6,https://keirin.kdreams.jp/shizuoka/racedetail/3820230825030002/?pageType=odds,2026-10-07T18:49:13.357850+00:00,1-3-5-6/4-2,published,ひかり・小田競,楽天Kドリームス 並び予想
3820230825030003,2023-08-27,静岡競輪,F2,A3 challenge,3,チャレンジ選抜,11:42,11:37,7,https://keirin.kdreams.jp/shizuoka/racedetail/3820230825030003/?pageType=odds,2026-10-07T18:49:15.157163+00:00,2-4-7/1/6-3-5,published,ひかり・小田競,楽天Kドリームス 並び予想
3820230825030004,2023-08-27,静岡競輪,F2,A3 challenge,4,チャレンジ選抜,12:10,12:05,7,https://keirin.kdreams.jp/shizuoka/racedetail/3820230825030004/?pageType=odds,2026-10-07T18:49:16.970628+00:00,1-7-4-3/2-5-6,published,ひかり・小田競,楽天Kドリームス 並び予想
3820230825030011,2023-08-27,静岡競輪,F2,A3 challenge,11,チャレンジ決勝,15:49,15:44,7,https://keirin.kdreams.jp/shizuoka/racedetail/3820230825030011/?pageType=odds,2026-10-07T18:49:19.043670+00:00,2-6/1-4/5-7-3,published,ひかり・小田競,楽天Kドリームス 並び予想
2420230827020001,2023-08-28,宇都宮競輪,F2,A3 challenge,1,チャレンジ一般,20:50,20:45,6,https://keirin.kdreams.jp/utsunomiya/racedetail/2420230827020001/?pageType=odds,2026-10-07T18:50:25.896810+00:00,2-4-1/6/3-5,published,アオケイ,楽天Kドリームス 並び予想
2420230827020002,2023-08-28,宇都宮競輪,F2,A3 challenge,2,チャレンジ一般,21:10,21:05,7,https://keirin.kdreams.jp/utsunomiya/racedetail/2420230827020002/?pageType=odds,2026-10-07T18:50:27.743456+00:00,5-1-7-4/3-2-6,published,アオケイ,楽天Kドリームス 並び予想
2420230827020003,2023-08-28,宇都宮競輪,F2,A3 challenge,3,チャレンジ準決勝,21:30,21:25,7,https://keirin.kdreams.jp/utsunomiya/racedetail/2420230827020003/?pageType=odds,2026-10-07T18:50:29.666315+00:00,2-6/3-5-7/4-1,published,アオケイ,楽天Kドリームス 並び予想
2420230827020004,2023-08-28,宇都宮競輪,F2,A3 challenge,4,チャレンジ準決勝,21:50,21:45,7,https://keirin.kdreams.jp/utsunomiya/racedetail/2420230827020004/?pageType=odds,2026-10-07T18:50:31.634110+00:00,2-1-6/3-7/5-4,published,アオケイ,楽天Kドリームス 並び予想
8620230829010001,2023-08-29,別府競輪,F2,A3 challenge,1,チャレンジ予選,08:30,08:25,7,https://keirin.kdreams.jp/beppu/racedetail/8620230829010001/?pageType=odds,2026-10-07T18:50:41.179753+00:00,7-1-4/2-6/5-3,published,ダービー,楽天Kドリームス 並び予想
8620230829010002,2023-08-29,別府競輪,F2,A3 challenge,2,チャレンジ予選,08:50,08:45,7,https://keirin.kdreams.jp/beppu/racedetail/8620230829010002/?pageType=odds,2026-10-07T18:50:42.951517+00:00,5-1-7/4-3-2-6,published,ダービー,楽天Kドリームス 並び予想
8620230829010003,2023-08-29,別府競輪,F2,A3 challenge,3,チャレンジ予選,09:10,09:05,7,https://keirin.kdreams.jp/beppu/racedetail/8620230829010003/?pageType=odds,2026-10-07T18:50:44.739420+00:00,3-5-1-4/7-2-6,published,ダービー,楽天Kドリームス 並び予想
8620230829010004,2023-08-29,別府競輪,F2,A3 challenge,4,チャレンジ予選,09:30,09:25,7,https://keirin.kdreams.jp/beppu/racedetail/8620230829010004/?pageType=odds,2026-10-07T18:50:46.572528+00:00,1-7/6-2/5-3-4,published,ダービー,楽天Kドリームス 並び予想
8620230829010005,2023-08-29,別府競輪,F2,A3 challenge,5,チャレンジ予選,09:50,09:45,7,https://keirin.kdreams.jp/beppu/racedetail/8620230829010005/?pageType=odds,2026-10-07T18:50:48.336951+00:00,1/4-2/6/3-5-7,published,ダービー,楽天Kドリームス 並び予想
8620230829010006,2023-08-29,別府競輪,F2,A3 challenge,6,チャレンジ予選,10:10,10:05,7,https://keirin.kdreams.jp/beppu/racedetail/8620230829010006/?pageType=odds,2026-10-07T18:50:50.214438+00:00,3-5-1-4/6/2-7,published,ダービー,楽天Kドリームス 並び予想
8620230829010007,2023-08-29,別府競輪,F2,A3 challenge,7,チャレンジ予選,10:30,10:25,7,https://keirin.kdreams.jp/beppu/racedetail/8620230829010007/?pageType=odds,2026-10-07T18:50:52.098163+00:00,5-3-1-2-7/4/6,published,ダービー,楽天Kドリームス 並び予想
2420230827030001,2023-08-29,宇都宮競輪,F2,A3 challenge,1,チャレンジ一般,20:50,20:45,7,https://keirin.kdreams.jp/utsunomiya/racedetail/2420230827030001/?pageType=odds,2026-10-07T18:50:33.443505+00:00,3-6-2-4/1/5-7,published,アオケイ,楽天Kドリームス 並び予想
2420230827030002,2023-08-29,宇都宮競輪,F2,A3 challenge,2,チャレンジ一般,21:10,21:05,7,https://keirin.kdreams.jp/utsunomiya/racedetail/2420230827030002/?pageType=odds,2026-10-07T18:50:35.562779+00:00,1-2-3-4/5/6/7,published,アオケイ,楽天Kドリームス 並び予想
2420230827030003,2023-08-29,宇都宮競輪,F2,A3 challenge,3,チャレンジ選抜,21:30,21:25,7,https://keirin.kdreams.jp/utsunomiya/racedetail/2420230827030003/?pageType=odds,2026-10-07T18:50:37.439472+00:00,4-6-1/2-5-3-7,published,アオケイ,楽天Kドリームス 並び予想
2420230827030008,2023-08-29,宇都宮競輪,F2,A3 challenge,8,チャレンジ決勝,23:10,23:05,7,https://keirin.kdreams.jp/utsunomiya/racedetail/2420230827030008/?pageType=odds,2026-10-07T18:50:39.310950+00:00,4-2-6/1/3-5/7,published,アオケイ,楽天Kドリームス 並び予想
8520230830010001,2023-08-30,佐世保競輪,F2,A3 challenge,1,チャレンジ予選,15:45,15:40,7,https://keirin.kdreams.jp/sasebo/racedetail/8520230830010001/?pageType=odds,2026-10-07T18:51:41.873246+00:00,5-2/7-1/4-3-6,published,百万弗,楽天Kドリームス 並び予想
8520230830010002,2023-08-30,佐世保競輪,F2,A3 challenge,2,チャレンジ予選,16:10,16:05,7,https://keirin.kdreams.jp/sasebo/racedetail/8520230830010002/?pageType=odds,2026-10-07T18:51:43.769585+00:00,5-1/4/6-2/3-7,published,百万弗,楽天Kドリームス 並び予想
8520230830010003,2023-08-30,佐世保競輪,F2,A3 challenge,3,チャレンジ予選,16:35,16:30,7,https://keirin.kdreams.jp/sasebo/racedetail/8520230830010003/?pageType=odds,2026-10-07T18:51:45.551536+00:00,1-7/2-5/4-3-6,published,百万弗,楽天Kドリームス 並び予想
8520230830010004,2023-08-30,佐世保競輪,F2,A3 challenge,4,チャレンジ予選,17:00,16:55,7,https://keirin.kdreams.jp/sasebo/racedetail/8520230830010004/?pageType=odds,2026-10-07T18:51:47.550787+00:00,2-4-6/1-7/3-5,published,百万弗,楽天Kドリームス 並び予想
8520230830010005,2023-08-30,佐世保競輪,F2,A3 challenge,5,チャレンジ予選,17:26,17:21,7,https://keirin.kdreams.jp/sasebo/racedetail/8520230830010005/?pageType=odds,2026-10-07T18:51:49.474119+00:00,4-1-6/5-2/3-7,published,百万弗,楽天Kドリームス 並び予想
1120230830010001,2023-08-30,函館競輪,F2,A3 challenge,1,チャレンジ予選,20:40,20:35,7,https://keirin.kdreams.jp/hakodate/racedetail/1120230830010001/?pageType=odds,2026-10-07T18:51:20.833948+00:00,1-5-6/7/2-3-4,published,北競,楽天Kドリームス 並び予想
1120230830010002,2023-08-30,函館競輪,F2,A3 challenge,2,チャレンジ予選,21:00,20:55,7,https://keirin.kdreams.jp/hakodate/racedetail/1120230830010002/?pageType=odds,2026-10-07T18:51:22.698724+00:00,1-7/2-5-6/4-3,published,北競,楽天Kドリームス 並び予想
1120230830010003,2023-08-30,函館競輪,F2,A3 challenge,3,チャレンジ予選,21:20,21:15,7,https://keirin.kdreams.jp/hakodate/racedetail/1120230830010003/?pageType=odds,2026-10-07T18:51:24.544971+00:00,2-1-4/6-3/5-7,published,北競,楽天Kドリームス 並び予想
1120230830010004,2023-08-30,函館競輪,F2,A3 challenge,4,チャレンジ予選,21:40,21:35,7,https://keirin.kdreams.jp/hakodate/racedetail/1120230830010004/?pageType=odds,2026-10-07T18:51:26.379785+00:00,1-4-5/7/2-3-6,published,北競,楽天Kドリームス 並び予想
8620230829020001,2023-08-30,別府競輪,F2,A3 challenge,1,チャレンジ一般,08:30,08:25,6,https://keirin.kdreams.jp/beppu/racedetail/8620230829020001/?pageType=odds,2026-10-07T18:50:53.829418+00:00,1-5-4/2/3/6,published,ダービー,楽天Kドリームス 並び予想
8620230829020002,2023-08-30,別府競輪,F2,A3 challenge,2,チャレンジ一般,08:50,08:45,6,https://keirin.kdreams.jp/beppu/racedetail/8620230829020002/?pageType=odds,2026-10-07T18:50:55.684383+00:00,6-1/2/3-5-4,published,ダービー,楽天Kドリームス 並び予想
8620230829020003,2023-08-30,別府競輪,F2,A3 challenge,3,チャレンジ選抜,09:10,09:05,7,https://keirin.kdreams.jp/beppu/racedetail/8620230829020003/?pageType=odds,2026-10-07T18:50:57.870041+00:00,4-2-7/1/5/3-6,published,ダービー,楽天Kドリームス 並び予想
8620230829020004,2023-08-30,別府競輪,F2,A3 challenge,4,チャレンジ選抜,09:30,09:25,7,https://keirin.kdreams.jp/beppu/racedetail/8620230829020004/?pageType=odds,2026-10-07T18:50:59.711577+00:00,7-1/4-5-3-2/6,published,ダービー,楽天Kドリームス 並び予想
8620230829020005,2023-08-30,別府競輪,F2,A3 challenge,5,チャレンジ準決勝,09:50,09:45,7,https://keirin.kdreams.jp/beppu/racedetail/8620230829020005/?pageType=odds,2026-10-07T18:51:01.593329+00:00,1-7/2-3/5-4/6,published,ダービー,楽天Kドリームス 並び予想
8620230829020006,2023-08-30,別府競輪,F2,A3 challenge,6,チャレンジ準決勝,10:10,10:05,7,https://keirin.kdreams.jp/beppu/racedetail/8620230829020006/?pageType=odds,2026-10-07T18:51:03.424985+00:00,3-1/5-2-7/4-6,published,ダービー,楽天Kドリームス 並び予想
8620230829020007,2023-08-30,別府競輪,F2,A3 challenge,7,チャレンジ準決勝,10:30,10:25,7,https://keirin.kdreams.jp/beppu/racedetail/8620230829020007/?pageType=odds,2026-10-07T18:51:05.060435+00:00,5-7-1/3-2/4-6,published,ダービー,楽天Kドリームス 並び予想
8520230830020001,2023-08-31,佐世保競輪,F2,A3 challenge,1,チャレンジ一般,15:45,15:40,7,https://keirin.kdreams.jp/sasebo/racedetail/8520230830020001/?pageType=odds,2026-10-07T18:51:51.505570+00:00,7-4-1/6/2-5-3,published,百万弗,楽天Kドリームス 並び予想
8520230830020002,2023-08-31,佐世保競輪,F2,A3 challenge,2,チャレンジ一般,16:10,16:05,7,https://keirin.kdreams.jp/sasebo/racedetail/8520230830020002/?pageType=odds,2026-10-07T18:51:53.288846+00:00,5-4-2-7/1-3/6,published,百万弗,楽天Kドリームス 並び予想
8520230830020003,2023-08-31,佐世保競輪,F2,A3 challenge,3,チャレンジ準決勝,16:35,16:30,7,https://keirin.kdreams.jp/sasebo/racedetail/8520230830020003/?pageType=odds,2026-10-07T18:51:55.020513+00:00,4-1-6/7-2/5-3,published,百万弗,楽天Kドリームス 並び予想
8520230830020004,2023-08-31,佐世保競輪,F2,A3 challenge,4,チャレンジ準決勝,17:00,16:55,7,https://keirin.kdreams.jp/sasebo/racedetail/8520230830020004/?pageType=odds,2026-10-07T18:51:57.144353+00:00,1-7/5-2-6/3-4,published,百万弗,楽天Kドリームス 並び予想
8520230830020005,2023-08-31,佐世保競輪,F2,A3 challenge,5,チャレンジ準決勝,17:26,17:21,7,https://keirin.kdreams.jp/sasebo/racedetail/8520230830020005/?pageType=odds,2026-10-07T18:51:59.048604+00:00,5-1-6/4-2/7-3,published,百万弗,楽天Kドリームス 並び予想
1120230830020001,2023-08-31,函館競輪,F2,A3 challenge,1,チャレンジ一般,20:40,20:35,7,https://keirin.kdreams.jp/hakodate/racedetail/1120230830020001/?pageType=odds,2026-10-07T18:51:28.225797+00:00,1-4/3-2-6/5/7,published,北競,楽天Kドリームス 並び予想
1120230830020002,2023-08-31,函館競輪,F2,A3 challenge,2,チャレンジ一般,21:00,20:55,7,https://keirin.kdreams.jp/hakodate/racedetail/1120230830020002/?pageType=odds,2026-10-07T18:51:29.889351+00:00,2-1-5/3/6-4/7,published,北競,楽天Kドリームス 並び予想
1120230830020003,2023-08-31,函館競輪,F2,A3 challenge,3,チャレンジ準決勝,21:20,21:15,7,https://keirin.kdreams.jp/hakodate/racedetail/1120230830020003/?pageType=odds,2026-10-07T18:51:31.771273+00:00,2-1/3-5/4-6-7,published,北競,楽天Kドリームス 並び予想
1120230830020004,2023-08-31,函館競輪,F2,A3 challenge,4,チャレンジ準決勝,21:40,21:35,7,https://keirin.kdreams.jp/hakodate/racedetail/1120230830020004/?pageType=odds,2026-10-07T18:51:33.600559+00:00,1-5-6/2-4/3-7,published,北競,楽天Kドリームス 並び予想
8620230829030001,2023-08-31,別府競輪,F2,A3 challenge,1,チャレンジ一般,08:30,08:25,6,https://keirin.kdreams.jp/beppu/racedetail/8620230829030001/?pageType=odds,2026-10-07T18:51:06.899591+00:00,1/2/4-5-3/6,published,ダービー,楽天Kドリームス 並び予想
8620230829030002,2023-08-31,別府競輪,F2,A3 challenge,2,チャレンジ一般,08:50,08:45,6,https://keirin.kdreams.jp/beppu/racedetail/8620230829030002/?pageType=odds,2026-10-07T18:51:08.781972+00:00,5-1-4/3-2/6,published,ダービー,楽天Kドリームス 並び予想
8620230829030003,2023-08-31,別府競輪,F2,A3 challenge,3,チャレンジ一般,09:10,09:05,7,https://keirin.kdreams.jp/beppu/racedetail/8620230829030003/?pageType=odds,2026-10-07T18:51:10.626263+00:00,1/2-7/5-3-4/6,published,ダービー,楽天Kドリームス 並び予想
8620230829030004,2023-08-31,別府競輪,F2,A3 challenge,4,チャレンジ選抜,09:30,09:25,7,https://keirin.kdreams.jp/beppu/racedetail/8620230829030004/?pageType=odds,2026-10-07T18:51:12.691968+00:00,7-1/2-4/3-5-6,published,ダービー,楽天Kドリームス 並び予想
8620230829030005,2023-08-31,別府競輪,F2,A3 challenge,5,チャレンジ選抜,09:50,09:45,7,https://keirin.kdreams.jp/beppu/racedetail/8620230829030005/?pageType=odds,2026-10-07T18:51:15.133378+00:00,1-7-4/2/6-3/5,published,ダービー,楽天Kドリームス 並び予想
8620230829030006,2023-08-31,別府競輪,F2,A3 challenge,6,チャレンジ選抜,10:10,10:05,7,https://keirin.kdreams.jp/beppu/racedetail/8620230829030006/?pageType=odds,2026-10-07T18:51:17.030203+00:00,1-5-7/4-3-2/6,published,ダービー,楽天Kドリームス 並び予想
8620230829030007,2023-08-31,別府競輪,F2,A3 challenge,7,チャレンジ決勝,10:30,10:25,7,https://keirin.kdreams.jp/beppu/racedetail/8620230829030007/?pageType=odds,2026-10-07T18:51:18.692385+00:00,5-7-1-6/2-4/3,published,ダービー,楽天Kドリームス 並び予想
2320230831010001,2023-08-31,取手競輪,F2,A3 challenge,1,チャレンジ予選,08:40,08:35,7,https://keirin.kdreams.jp/toride/racedetail/2320230831010001/?pageType=odds,2026-10-07T18:52:09.357315+00:00,1-7/6-3/5-2-4,published,アオケイ,楽天Kドリームス 並び予想
2320230831010002,2023-08-31,取手競輪,F2,A3 challenge,2,チャレンジ予選,09:00,08:55,7,https://keirin.kdreams.jp/toride/racedetail/2320230831010002/?pageType=odds,2026-10-07T18:52:11.216709+00:00,1-5/2-7/6/3-4,published,アオケイ,楽天Kドリームス 並び予想
2320230831010003,2023-08-31,取手競輪,F2,A3 challenge,3,チャレンジ予選,09:20,09:15,7,https://keirin.kdreams.jp/toride/racedetail/2320230831010003/?pageType=odds,2026-10-07T18:52:13.015754+00:00,1-7/5-2/6/4-3,published,アオケイ,楽天Kドリームス 並び予想
2320230831010004,2023-08-31,取手競輪,F2,A3 challenge,4,チャレンジ予選,09:40,09:35,7,https://keirin.kdreams.jp/toride/racedetail/2320230831010004/?pageType=odds,2026-10-07T18:52:15.380203+00:00,7-1-4/2-5-3-6,published,アオケイ,楽天Kドリームス 並び予想
2320230831010005,2023-08-31,取手競輪,F2,A3 challenge,5,チャレンジ予選,10:00,09:55,7,https://keirin.kdreams.jp/toride/racedetail/2320230831010005/?pageType=odds,2026-10-07T18:52:17.163830+00:00,4-1-5/2-7/6-3,published,アオケイ,楽天Kドリームス 並び予想
