race_id,race_date,track,meeting_grade,race_no,race_type,start_time,deadline,entry_count,source_url,captured_at_utc,predicted_line_formation,line_status,line_provider,line_source
5620250401010006,2025-04-01,岸和田競輪,F1,6,Ｓ級予選,13:09,13:04,7,https://keirin.kdreams.jp/kishiwada/racedetail/5620250401010006/?pageType=result,2026-08-31T05:33:00.000207+00:00,4-2/1-5-6/7-3,published,競輪研究,楽天Kドリームス 並び予想
5620250401010007,2025-04-01,岸和田競輪,F1,7,Ｓ級予選,13:38,13:33,7,https://keirin.kdreams.jp/kishiwada/racedetail/5620250401010007/?pageType=result,2026-08-31T05:33:01.628496+00:00,5-1-6/3-7/2-4,published,競輪研究,楽天Kドリームス 並び予想
5620250401010008,2025-04-01,岸和田競輪,F1,8,Ｓ級予選,14:07,14:02,7,https://keirin.kdreams.jp/kishiwada/racedetail/5620250401010008/?pageType=result,2026-08-31T05:33:03.181752+00:00,1-5/7-3-6/4-2,published,競輪研究,楽天Kドリームス 並び予想
5620250401010009,2025-04-01,岸和田競輪,F1,9,Ｓ級予選,14:36,14:31,7,https://keirin.kdreams.jp/kishiwada/racedetail/5620250401010009/?pageType=result,2026-08-31T05:33:04.762146+00:00,5-1/7-2/3-4-6,published,競輪研究,楽天Kドリームス 並び予想
5620250401010010,2025-04-01,岸和田競輪,F1,10,Ｓ級予選,15:07,15:02,7,https://keirin.kdreams.jp/kishiwada/racedetail/5620250401010010/?pageType=result,2026-08-31T05:33:06.414174+00:00,4-1/2-7-5/3-6,published,競輪研究,楽天Kドリームス 並び予想
5620250401010011,2025-04-01,岸和田競輪,F1,11,Ｓ級予選,15:38,15:33,7,https://keirin.kdreams.jp/kishiwada/racedetail/5620250401010011/?pageType=result,2026-08-31T05:33:07.972809+00:00,7-5-1/6-2/4-3,published,競輪研究,楽天Kドリームス 並び予想
5620250401010012,2025-04-01,岸和田競輪,F1,12,Ｓ級初特選,16:10,16:05,7,https://keirin.kdreams.jp/kishiwada/racedetail/5620250401010012/?pageType=result,2026-08-31T05:33:09.598775+00:00,2-4-7/5-1/6-3,published,競輪研究,楽天Kドリームス 並び予想
3520250401010006,2025-04-01,平塚競輪,F1,6,Ｓ級予選,17:52,17:47,7,https://keirin.kdreams.jp/hiratsuka/racedetail/3520250401010006/?pageType=result,2026-08-31T05:32:19.558383+00:00,6-3/1-4-7/2-5,published,小田競・サイクル,楽天Kドリームス 並び予想
3520250401010007,2025-04-01,平塚競輪,F1,7,Ｓ級予選,18:16,18:11,7,https://keirin.kdreams.jp/hiratsuka/racedetail/3520250401010007/?pageType=result,2026-08-31T05:32:22.167132+00:00,4-1/2-6/7-5-3,published,小田競・サイクル,楽天Kドリームス 並び予想
3520250401010008,2025-04-01,平塚競輪,F1,8,Ｓ級予選,18:41,18:36,7,https://keirin.kdreams.jp/hiratsuka/racedetail/3520250401010008/?pageType=result,2026-08-31T05:32:23.904028+00:00,1-5-6/7-2/3-4,published,小田競・サイクル,楽天Kドリームス 並び予想
3520250401010009,2025-04-01,平塚競輪,F1,9,Ｓ級予選,19:07,19:02,7,https://keirin.kdreams.jp/hiratsuka/racedetail/3520250401010009/?pageType=result,2026-08-31T05:32:25.449021+00:00,6-3/2-7/5-1-4,published,小田競・サイクル,楽天Kドリームス 並び予想
3520250401010010,2025-04-01,平塚競輪,F1,10,Ｓ級予選,19:33,19:28,7,https://keirin.kdreams.jp/hiratsuka/racedetail/3520250401010010/?pageType=result,2026-08-31T05:32:27.026540+00:00,2-6/7-5-1/3-4,published,小田競・サイクル,楽天Kドリームス 並び予想
3520250401010011,2025-04-01,平塚競輪,F1,11,Ｓ級予選,20:00,19:55,7,https://keirin.kdreams.jp/hiratsuka/racedetail/3520250401010011/?pageType=result,2026-08-31T05:32:28.536398+00:00,7-3-4/6-1/2-5,published,小田競・サイクル,楽天Kドリームス 並び予想
3520250401010012,2025-04-01,平塚競輪,F1,12,Ｓ級初特選,20:30,20:25,7,https://keirin.kdreams.jp/hiratsuka/racedetail/3520250401010012/?pageType=result,2026-08-31T05:32:31.203719+00:00,5-1/2-7/4-3/6,published,小田競・サイクル,楽天Kドリームス 並び予想
5620250401020006,2025-04-02,岸和田競輪,F1,6,Ｓ級一般,13:09,13:04,7,https://keirin.kdreams.jp/kishiwada/racedetail/5620250401020006/?pageType=result,2026-08-31T05:33:11.195705+00:00,2-7-4/3/6/5-1,published,競輪研究,楽天Kドリームス 並び予想
5620250401020007,2025-04-02,岸和田競輪,F1,7,Ｓ級一般,13:38,13:33,7,https://keirin.kdreams.jp/kishiwada/racedetail/5620250401020007/?pageType=result,2026-08-31T05:33:12.859190+00:00,1-7/3-6/4-2-5,published,競輪研究,楽天Kドリームス 並び予想
5620250401020008,2025-04-02,岸和田競輪,F1,8,Ｓ級選抜,14:07,14:02,7,https://keirin.kdreams.jp/kishiwada/racedetail/5620250401020008/?pageType=result,2026-08-31T05:33:14.435488+00:00,2-5/1-7/4-3/6,published,競輪研究,楽天Kドリームス 並び予想
5620250401020009,2025-04-02,岸和田競輪,F1,9,Ｓ級選抜,14:36,14:31,7,https://keirin.kdreams.jp/kishiwada/racedetail/5620250401020009/?pageType=result,2026-08-31T05:33:16.066665+00:00,4-7-1/6-2/3-5,published,競輪研究,楽天Kドリームス 並び予想
5620250401020010,2025-04-02,岸和田競輪,F1,10,Ｓ級準決勝,15:07,15:02,7,https://keirin.kdreams.jp/kishiwada/racedetail/5620250401020010/?pageType=result,2026-08-31T05:33:18.591038+00:00,7-1/4/6-3/5-2,published,競輪研究,楽天Kドリームス 並び予想
5620250401020011,2025-04-02,岸和田競輪,F1,11,Ｓ級準決勝,15:38,15:33,7,https://keirin.kdreams.jp/kishiwada/racedetail/5620250401020011/?pageType=result,2026-08-31T05:33:20.474795+00:00,5-1-6/2-7/3-4,published,競輪研究,楽天Kドリームス 並び予想
5620250401020012,2025-04-02,岸和田競輪,F1,12,Ｓ級準決勝,16:10,16:05,7,https://keirin.kdreams.jp/kishiwada/racedetail/5620250401020012/?pageType=result,2026-08-31T05:33:22.264427+00:00,1-5/7-6-2/3/4,published,競輪研究,楽天Kドリームス 並び予想
3520250401020006,2025-04-02,平塚競輪,F1,6,Ｓ級一般,17:52,17:47,7,https://keirin.kdreams.jp/hiratsuka/racedetail/3520250401020006/?pageType=result,2026-08-31T05:32:33.067579+00:00,2-6-5/7-3-1/4,published,小田競・サイクル,楽天Kドリームス 並び予想
3520250401020007,2025-04-02,平塚競輪,F1,7,Ｓ級一般,18:16,18:11,7,https://keirin.kdreams.jp/hiratsuka/racedetail/3520250401020007/?pageType=result,2026-08-31T05:32:36.164438+00:00,2-7-4/6-5-3/1,published,小田競・サイクル,楽天Kドリームス 並び予想
3520250401020008,2025-04-02,平塚競輪,F1,8,Ｓ級選抜,18:41,18:36,7,https://keirin.kdreams.jp/hiratsuka/racedetail/3520250401020008/?pageType=result,2026-08-31T05:32:38.243620+00:00,4-3/7-1-6/5-2,published,小田競・サイクル,楽天Kドリームス 並び予想
3520250401020009,2025-04-02,平塚競輪,F1,9,Ｓ級選抜,19:07,19:02,7,https://keirin.kdreams.jp/hiratsuka/racedetail/3520250401020009/?pageType=result,2026-08-31T05:32:40.930968+00:00,7-4-1/2-5/6-3,published,小田競・サイクル,楽天Kドリームス 並び予想
3520250401020010,2025-04-02,平塚競輪,F1,10,Ｓ級準決勝,19:33,19:28,7,https://keirin.kdreams.jp/hiratsuka/racedetail/3520250401020010/?pageType=result,2026-08-31T05:32:42.542034+00:00,1-4/2-5/7/6-3,published,小田競・サイクル,楽天Kドリームス 並び予想
3520250401020011,2025-04-02,平塚競輪,F1,11,Ｓ級準決勝,20:00,19:55,7,https://keirin.kdreams.jp/hiratsuka/racedetail/3520250401020011/?pageType=result,2026-08-31T05:32:44.103105+00:00,1-4/6-2/5/7-3,published,小田競・サイクル,楽天Kドリームス 並び予想
3520250401020012,2025-04-02,平塚競輪,F1,12,Ｓ級準決勝,20:30,20:25,7,https://keirin.kdreams.jp/hiratsuka/racedetail/3520250401020012/?pageType=result,2026-08-31T05:32:45.708232+00:00,1-5/2-7/4-3/6,published,小田競・サイクル,楽天Kドリームス 並び予想
8520250403010006,2025-04-03,佐世保競輪,F1,6,Ｓ級予選,17:34,17:29,7,https://keirin.kdreams.jp/sasebo/racedetail/8520250403010006/?pageType=result,2026-08-31T05:35:04.376499+00:00,4-1-6/2-7/5-3,published,百万弗,楽天Kドリームス 並び予想
8520250403010007,2025-04-03,佐世保競輪,F1,7,Ｓ級予選,17:58,17:53,7,https://keirin.kdreams.jp/sasebo/racedetail/8520250403010007/?pageType=result,2026-08-31T05:35:05.987160+00:00,2-5/1-7/3-4-6,published,百万弗,楽天Kドリームス 並び予想
8520250403010008,2025-04-03,佐世保競輪,F1,8,Ｓ級予選,18:22,18:17,7,https://keirin.kdreams.jp/sasebo/racedetail/8520250403010008/?pageType=result,2026-08-31T05:35:07.573293+00:00,4-1/2-5/3-7/6,published,百万弗,楽天Kドリームス 並び予想
8520250403010009,2025-04-03,佐世保競輪,F1,9,Ｓ級予選,18:48,18:43,7,https://keirin.kdreams.jp/sasebo/racedetail/8520250403010009/?pageType=result,2026-08-31T05:35:10.419141+00:00,3-4-6/5-1/7-2,published,百万弗,楽天Kドリームス 並び予想
8520250403010010,2025-04-03,佐世保競輪,F1,10,Ｓ級予選,19:18,19:13,7,https://keirin.kdreams.jp/sasebo/racedetail/8520250403010010/?pageType=result,2026-08-31T05:35:12.321930+00:00,2-7-4/6-1/3-5,published,百万弗,楽天Kドリームス 並び予想
8520250403010011,2025-04-03,佐世保競輪,F1,11,Ｓ級予選,19:48,19:43,7,https://keirin.kdreams.jp/sasebo/racedetail/8520250403010011/?pageType=result,2026-08-31T05:35:14.026134+00:00,1-5-7/6-2/3-4,published,百万弗,楽天Kドリームス 並び予想
8520250403010012,2025-04-03,佐世保競輪,F1,12,Ｓ級初特選,20:19,20:14,7,https://keirin.kdreams.jp/sasebo/racedetail/8520250403010012/?pageType=result,2026-08-31T05:35:15.628928+00:00,1-6/2-7/3-5/4,published,百万弗,楽天Kドリームス 並び予想
5620250401030005,2025-04-03,岸和田競輪,F1,5,Ｓ級一般,12:36,12:31,7,https://keirin.kdreams.jp/kishiwada/racedetail/5620250401030005/?pageType=result,2026-08-31T05:33:23.842561+00:00,6-1-4/2/7-3-5,published,競輪研究,楽天Kドリームス 並び予想
5620250401030006,2025-04-03,岸和田競輪,F1,6,Ｓ級一般,13:04,12:59,7,https://keirin.kdreams.jp/kishiwada/racedetail/5620250401030006/?pageType=result,2026-08-31T05:33:25.461864+00:00,4-7-1/3-5-2/6,published,競輪研究,楽天Kドリームス 並び予想
5620250401030007,2025-04-03,岸和田競輪,F1,7,Ｓ級一般,13:32,13:27,7,https://keirin.kdreams.jp/kishiwada/racedetail/5620250401030007/?pageType=result,2026-08-31T05:33:28.294754+00:00,5-2-7/1/4/6-3,published,競輪研究,楽天Kドリームス 並び予想
5620250401030009,2025-04-03,岸和田競輪,F1,9,Ｓ級特選,14:31,14:26,7,https://keirin.kdreams.jp/kishiwada/racedetail/5620250401030009/?pageType=result,2026-08-31T05:33:30.211365+00:00,2-4-6/5-1/7-3,published,競輪研究,楽天Kドリームス 並び予想
5620250401030010,2025-04-03,岸和田競輪,F1,10,Ｓ級特選,15:01,14:56,7,https://keirin.kdreams.jp/kishiwada/racedetail/5620250401030010/?pageType=result,2026-08-31T05:33:31.949296+00:00,1-7/6-4-2/5-3,published,競輪研究,楽天Kドリームス 並び予想
5620250401030011,2025-04-03,岸和田競輪,F1,11,Ｓ級特選,15:32,15:27,7,https://keirin.kdreams.jp/kishiwada/racedetail/5620250401030011/?pageType=result,2026-08-31T05:33:33.591485+00:00,6-2/5-1/3-7-4,published,競輪研究,楽天Kドリームス 並び予想
5620250401030012,2025-04-03,岸和田競輪,F1,12,Ｓ級決勝,16:04,15:59,7,https://keirin.kdreams.jp/kishiwada/racedetail/5620250401030012/?pageType=result,2026-08-31T05:33:35.180575+00:00,2-5-4/3-6-7-1,published,競輪研究,楽天Kドリームス 並び予想
3520250401030005,2025-04-03,平塚競輪,F1,5,Ｓ級一般,17:18,17:13,7,https://keirin.kdreams.jp/hiratsuka/racedetail/3520250401030005/?pageType=result,2026-08-31T05:32:47.301506+00:00,1-4-7/6-2/3-5,published,小田競・サイクル,楽天Kドリームス 並び予想
3520250401030006,2025-04-03,平塚競輪,F1,6,Ｓ級一般,17:42,17:37,7,https://keirin.kdreams.jp/hiratsuka/racedetail/3520250401030006/?pageType=result,2026-08-31T05:32:48.936394+00:00,7-2/1-4/5/6-3,published,小田競・サイクル,楽天Kドリームス 並び予想
3520250401030007,2025-04-03,平塚競輪,F1,7,Ｓ級一般,18:06,18:01,7,https://keirin.kdreams.jp/hiratsuka/racedetail/3520250401030007/?pageType=result,2026-08-31T05:32:50.524983+00:00,1-7-5/2/6/3-4,published,小田競・サイクル,楽天Kドリームス 並び予想
3520250401030008,2025-04-03,平塚競輪,F1,8,Ｓ級特選,18:30,18:25,7,https://keirin.kdreams.jp/hiratsuka/racedetail/3520250401030008/?pageType=result,2026-08-31T05:32:52.101595+00:00,6-3-4/2-5-1-7,published,小田競・サイクル,楽天Kドリームス 並び予想
3520250401030009,2025-04-03,平塚競輪,F1,9,Ｓ級特選,18:58,18:53,7,https://keirin.kdreams.jp/hiratsuka/racedetail/3520250401030009/?pageType=result,2026-08-31T05:32:53.708482+00:00,4-1/2-7/5-3-6,published,小田競・サイクル,楽天Kドリームス 並び予想
3520250401030010,2025-04-03,平塚競輪,F1,10,Ｓ級特選,19:28,19:23,7,https://keirin.kdreams.jp/hiratsuka/racedetail/3520250401030010/?pageType=result,2026-08-31T05:32:56.368182+00:00,1-7/2-6/3-5-4,published,小田競・サイクル,楽天Kドリームス 並び予想
3520250401030012,2025-04-03,平塚競輪,F1,12,Ｓ級決勝,20:30,20:25,7,https://keirin.kdreams.jp/hiratsuka/racedetail/3520250401030012/?pageType=result,2026-08-31T05:32:58.286478+00:00,1-4/2-5/3-7-6,published,小田競・サイクル,楽天Kドリームス 並び予想
8520250403020006,2025-04-04,佐世保競輪,F1,6,Ｓ級一般,17:50,17:45,6,https://keirin.kdreams.jp/sasebo/racedetail/8520250403020006/?pageType=result,2026-08-31T05:35:17.053794+00:00,6-2/1/5-3-4,published,百万弗,楽天Kドリームス 並び予想
8520250403020007,2025-04-04,佐世保競輪,F1,7,Ｓ級一般,18:14,18:09,6,https://keirin.kdreams.jp/sasebo/racedetail/8520250403020007/?pageType=result,2026-08-31T05:35:18.487375+00:00,5-1/2-6/3-4,published,百万弗,楽天Kドリームス 並び予想
8520250403020008,2025-04-04,佐世保競輪,F1,8,Ｓ級選抜,18:39,18:34,7,https://keirin.kdreams.jp/sasebo/racedetail/8520250403020008/?pageType=result,2026-08-31T05:35:20.043766+00:00,1-4-5/6-2/3-7,published,百万弗,楽天Kドリームス 並び予想
8520250403020009,2025-04-04,佐世保競輪,F1,9,Ｓ級選抜,19:04,18:59,7,https://keirin.kdreams.jp/sasebo/racedetail/8520250403020009/?pageType=result,2026-08-31T05:35:21.605447+00:00,1-5-3/2/7-4-6,published,百万弗,楽天Kドリームス 並び予想
8520250403020010,2025-04-04,佐世保競輪,F1,10,Ｓ級準決勝,19:30,19:25,7,https://keirin.kdreams.jp/sasebo/racedetail/8520250403020010/?pageType=result,2026-08-31T05:35:23.222194+00:00,5-1-7/2-4/3-6,published,百万弗,楽天Kドリームス 並び予想
8520250403020011,2025-04-04,佐世保競輪,F1,11,Ｓ級準決勝,20:00,19:55,7,https://keirin.kdreams.jp/sasebo/racedetail/8520250403020011/?pageType=result,2026-08-31T05:35:24.803640+00:00,4-3/7-1/5-2-6,published,百万弗,楽天Kドリームス 並び予想
8520250403020012,2025-04-04,佐世保競輪,F1,12,Ｓ級準決勝,20:30,20:25,7,https://keirin.kdreams.jp/sasebo/racedetail/8520250403020012/?pageType=result,2026-08-31T05:35:27.959586+00:00,7-1-4/2-6/3-5,published,百万弗,楽天Kドリームス 並び予想
3720250405010006,2025-04-05,伊東競輪,F1,6,Ｓ級予選,13:01,12:56,7,https://keirin.kdreams.jp/ito/racedetail/3720250405010006/?pageType=result,2026-08-31T05:35:41.834782+00:00,1-7-4/2-5-3/6,published,ひかり・小田競,楽天Kドリームス 並び予想
3720250405010007,2025-04-05,伊東競輪,F1,7,Ｓ級予選,13:31,13:26,7,https://keirin.kdreams.jp/ito/racedetail/3720250405010007/?pageType=result,2026-08-31T05:35:43.437456+00:00,1-4-6/2-7/3-5,published,ひかり・小田競,楽天Kドリームス 並び予想
3720250405010008,2025-04-05,伊東競輪,F1,8,Ｓ級予選,14:01,13:56,7,https://keirin.kdreams.jp/ito/racedetail/3720250405010008/?pageType=result,2026-08-31T05:35:44.982789+00:00,5-1-6/2/7-3/4,published,ひかり・小田競,楽天Kドリームス 並び予想
3720250405010009,2025-04-05,伊東競輪,F1,9,Ｓ級予選,14:31,14:26,7,https://keirin.kdreams.jp/ito/racedetail/3720250405010009/?pageType=result,2026-08-31T05:35:46.536720+00:00,1-4-7/5-2/6-3,published,ひかり・小田競,楽天Kドリームス 並び予想
3720250405010010,2025-04-05,伊東競輪,F1,10,Ｓ級予選,15:01,14:56,7,https://keirin.kdreams.jp/ito/racedetail/3720250405010010/?pageType=result,2026-08-31T05:35:48.143238+00:00,1-5-7/6-2/3-4,published,ひかり・小田競,楽天Kドリームス 並び予想
3720250405010011,2025-04-05,伊東競輪,F1,11,Ｓ級予選,15:31,15:26,7,https://keirin.kdreams.jp/ito/racedetail/3720250405010011/?pageType=result,2026-08-31T05:35:49.709399+00:00,2-7-4/5-1-3/6,published,ひかり・小田競,楽天Kドリームス 並び予想
3720250405010012,2025-04-05,伊東競輪,F1,12,Ｓ級初特選,16:02,15:57,7,https://keirin.kdreams.jp/ito/racedetail/3720250405010012/?pageType=result,2026-08-31T05:35:51.327986+00:00,1-5-4/2-7-3/6,published,ひかり・小田競,楽天Kドリームス 並び予想
8520250403030005,2025-04-05,佐世保競輪,F1,5,Ｓ級一般,17:31,17:26,6,https://keirin.kdreams.jp/sasebo/racedetail/8520250403030005/?pageType=result,2026-08-31T05:35:29.696134+00:00,6-4-1/3-2-5,published,百万弗,楽天Kドリームス 並び予想
8520250403030006,2025-04-05,佐世保競輪,F1,6,Ｓ級一般,17:55,17:50,6,https://keirin.kdreams.jp/sasebo/racedetail/8520250403030006/?pageType=result,2026-08-31T05:35:31.271911+00:00,1-6/4-2/5-3,published,百万弗,楽天Kドリームス 並び予想
8520250403030007,2025-04-05,佐世保競輪,F1,7,Ｓ級一般,18:19,18:14,6,https://keirin.kdreams.jp/sasebo/racedetail/8520250403030007/?pageType=result,2026-08-31T05:35:32.824266+00:00,1-3/6/2-5-4,published,百万弗,楽天Kドリームス 並び予想
8520250403030008,2025-04-05,佐世保競輪,F1,8,Ｓ級特選,18:43,18:38,7,https://keirin.kdreams.jp/sasebo/racedetail/8520250403030008/?pageType=result,2026-08-31T05:35:34.383082+00:00,5-1/4-2/7-3-6,published,百万弗,楽天Kドリームス 並び予想
8520250403030009,2025-04-05,佐世保競輪,F1,9,Ｓ級特選,19:07,19:02,7,https://keirin.kdreams.jp/sasebo/racedetail/8520250403030009/?pageType=result,2026-08-31T05:35:36.004424+00:00,2-5/1/6-3/7-4,published,百万弗,楽天Kドリームス 並び予想
8520250403030010,2025-04-05,佐世保競輪,F1,10,Ｓ級特選,19:32,19:27,7,https://keirin.kdreams.jp/sasebo/racedetail/8520250403030010/?pageType=result,2026-08-31T05:35:37.587351+00:00,5-1-4/7-2/6-3,published,百万弗,楽天Kドリームス 並び予想
8520250403030012,2025-04-05,佐世保競輪,F1,12,Ｓ級決勝,20:30,20:25,7,https://keirin.kdreams.jp/sasebo/racedetail/8520250403030012/?pageType=result,2026-08-31T05:35:39.214479+00:00,5-1-6/7-2-3-4,published,百万弗,楽天Kドリームス 並び予想
8320250406010006,2025-04-06,久留米競輪,F1,6,Ｓ級予選,17:55,17:50,7,https://keirin.kdreams.jp/kurume/racedetail/8320250406010006/?pageType=result,2026-08-31T05:36:16.293778+00:00,1-4-6/7-2/3-5,published,コンドル出版社,楽天Kドリームス 並び予想
8320250406010007,2025-04-06,久留米競輪,F1,7,Ｓ級予選,18:19,18:14,7,https://keirin.kdreams.jp/kurume/racedetail/8320250406010007/?pageType=result,2026-08-31T05:36:17.925011+00:00,7-1/2-5/3-4-6,published,コンドル出版社,楽天Kドリームス 並び予想
8320250406010008,2025-04-06,久留米競輪,F1,8,Ｓ級予選,18:43,18:38,7,https://keirin.kdreams.jp/kurume/racedetail/8320250406010008/?pageType=result,2026-08-31T05:36:19.507135+00:00,1-4-6/7-2/3-5,published,コンドル出版社,楽天Kドリームス 並び予想
8320250406010009,2025-04-06,久留米競輪,F1,9,Ｓ級予選,19:07,19:02,7,https://keirin.kdreams.jp/kurume/racedetail/8320250406010009/?pageType=result,2026-08-31T05:36:21.119819+00:00,7-1-4/2-5/3-6,published,コンドル出版社,楽天Kドリームス 並び予想
8320250406010010,2025-04-06,久留米競輪,F1,10,Ｓ級予選,19:32,19:27,7,https://keirin.kdreams.jp/kurume/racedetail/8320250406010010/?pageType=result,2026-08-31T05:36:22.687125+00:00,6-1/5-2-4/7-3,published,コンドル出版社,楽天Kドリームス 並び予想
8320250406010011,2025-04-06,久留米競輪,F1,11,Ｓ級予選,20:00,19:55,7,https://keirin.kdreams.jp/kurume/racedetail/8320250406010011/?pageType=result,2026-08-31T05:36:25.788506+00:00,7-1-4/5-2/3-6,published,コンドル出版社,楽天Kドリームス 並び予想
8320250406010012,2025-04-06,久留米競輪,F1,12,Ｓ級初特選,20:30,20:25,7,https://keirin.kdreams.jp/kurume/racedetail/8320250406010012/?pageType=result,2026-08-31T05:36:27.710338+00:00,1-7/2-6/4/3-5,published,コンドル出版社,楽天Kドリームス 並び予想
3720250405020006,2025-04-06,伊東競輪,F1,6,Ｓ級一般,13:01,12:56,7,https://keirin.kdreams.jp/ito/racedetail/3720250405020006/?pageType=result,2026-08-31T05:35:52.887544+00:00,4-2-7/1/3-5-6,published,ひかり・小田競,楽天Kドリームス 並び予想
3720250405020007,2025-04-06,伊東競輪,F1,7,Ｓ級一般,13:31,13:26,7,https://keirin.kdreams.jp/ito/racedetail/3720250405020007/?pageType=result,2026-08-31T05:35:54.487068+00:00,1-6/5-7-2/3-4,published,ひかり・小田競,楽天Kドリームス 並び予想
3720250405020008,2025-04-06,伊東競輪,F1,8,Ｓ級選抜,14:01,13:56,7,https://keirin.kdreams.jp/ito/racedetail/3720250405020008/?pageType=result,2026-08-31T05:35:56.045166+00:00,6-1-5/7-2-4/3,published,ひかり・小田競,楽天Kドリームス 並び予想
3720250405020009,2025-04-06,伊東競輪,F1,9,Ｓ級選抜,14:31,14:26,7,https://keirin.kdreams.jp/ito/racedetail/3720250405020009/?pageType=result,2026-08-31T05:35:57.651521+00:00,1-4/6-2-5/3-7,published,ひかり・小田競,楽天Kドリームス 並び予想
3720250405020010,2025-04-06,伊東競輪,F1,10,Ｓ級準決勝,15:01,14:56,7,https://keirin.kdreams.jp/ito/racedetail/3720250405020010/?pageType=result,2026-08-31T05:35:59.205028+00:00,4-1-6/7-2/3-5,published,ひかり・小田競,楽天Kドリームス 並び予想
3720250405020011,2025-04-06,伊東競輪,F1,11,Ｓ級準決勝,15:31,15:26,7,https://keirin.kdreams.jp/ito/racedetail/3720250405020011/?pageType=result,2026-08-31T05:36:00.766215+00:00,4-7-1/2-5-3/6,published,ひかり・小田競,楽天Kドリームス 並び予想
3720250405020012,2025-04-06,伊東競輪,F1,12,Ｓ級準決勝,16:02,15:57,7,https://keirin.kdreams.jp/ito/racedetail/3720250405020012/?pageType=result,2026-08-31T05:36:02.633065+00:00,5-3/7-1-4/2-6,published,ひかり・小田競,楽天Kドリームス 並び予想
8320250406020006,2025-04-07,久留米競輪,F1,6,Ｓ級一般,18:02,17:57,7,https://keirin.kdreams.jp/kurume/racedetail/8320250406020006/?pageType=result,2026-08-31T05:36:29.425812+00:00,4-3/5-1-6/2-7,published,コンドル出版社,楽天Kドリームス 並び予想
8320250406020007,2025-04-07,久留米競輪,F1,7,Ｓ級一般,18:26,18:21,7,https://keirin.kdreams.jp/kurume/racedetail/8320250406020007/?pageType=result,2026-08-31T05:36:31.052803+00:00,1-5-6/3/2-4-7,published,コンドル出版社,楽天Kドリームス 並び予想
8320250406020008,2025-04-07,久留米競輪,F1,8,Ｓ級選抜,18:50,18:45,7,https://keirin.kdreams.jp/kurume/racedetail/8320250406020008/?pageType=result,2026-08-31T05:36:32.657170+00:00,1-6/2-5/4-3-7,published,コンドル出版社,楽天Kドリームス 並び予想
8320250406020009,2025-04-07,久留米競輪,F1,9,Ｓ級選抜,19:14,19:09,7,https://keirin.kdreams.jp/kurume/racedetail/8320250406020009/?pageType=result,2026-08-31T05:36:34.293045+00:00,4-1-7/2-5/6-3,published,コンドル出版社,楽天Kドリームス 並び予想
8320250406020010,2025-04-07,久留米競輪,F1,10,Ｓ級準決勝,19:38,19:33,7,https://keirin.kdreams.jp/kurume/racedetail/8320250406020010/?pageType=result,2026-08-31T05:36:35.855070+00:00,1-3-5-7/4-2-6,published,コンドル出版社,楽天Kドリームス 並び予想
8320250406020011,2025-04-07,久留米競輪,F1,11,Ｓ級準決勝,20:04,19:59,7,https://keirin.kdreams.jp/kurume/racedetail/8320250406020011/?pageType=result,2026-08-31T05:36:37.469368+00:00,5-1-3/4-2-7/6,published,コンドル出版社,楽天Kドリームス 並び予想
8320250406020012,2025-04-07,久留米競輪,F1,12,Ｓ級準決勝,20:30,20:25,7,https://keirin.kdreams.jp/kurume/racedetail/8320250406020012/?pageType=result,2026-08-31T05:36:40.592066+00:00,7-1-5/3/2-4-6,published,コンドル出版社,楽天Kドリームス 並び予想
3720250405030005,2025-04-07,伊東競輪,F1,5,Ｓ級一般,12:51,12:46,6,https://keirin.kdreams.jp/ito/racedetail/3720250405030005/?pageType=result,2026-08-31T05:36:04.032632+00:00,1-4-6/2-5-3,published,ひかり・小田競,楽天Kドリームス 並び予想
3720250405030006,2025-04-07,伊東競輪,F1,6,Ｓ級一般,13:19,13:14,6,https://keirin.kdreams.jp/ito/racedetail/3720250405030006/?pageType=result,2026-08-31T05:36:05.462928+00:00,2-1-5-4-6-3,published,ひかり・小田競,楽天Kドリームス 並び予想
3720250405030007,2025-04-07,伊東競輪,F1,7,Ｓ級一般,13:47,13:42,7,https://keirin.kdreams.jp/ito/racedetail/3720250405030007/?pageType=result,2026-08-31T05:36:07.017237+00:00,5-1/2-7/6-3-4,published,ひかり・小田競,楽天Kドリームス 並び予想
3720250405030008,2025-04-07,伊東競輪,F1,8,Ｓ級特選,14:15,14:10,7,https://keirin.kdreams.jp/ito/racedetail/3720250405030008/?pageType=result,2026-08-31T05:36:08.594895+00:00,6-1/4-2/7-3/5,published,ひかり・小田競,楽天Kドリームス 並び予想
3720250405030009,2025-04-07,伊東競輪,F1,9,Ｓ級特選,14:43,14:38,7,https://keirin.kdreams.jp/ito/racedetail/3720250405030009/?pageType=result,2026-08-31T05:36:11.326875+00:00,1-5-3/6/4-2-7,published,ひかり・小田競,楽天Kドリームス 並び予想
3720250405030010,2025-04-07,伊東競輪,F1,10,Ｓ級特選,15:11,15:06,7,https://keirin.kdreams.jp/ito/racedetail/3720250405030010/?pageType=result,2026-08-31T05:36:13.062969+00:00,1-5/7-4-2/6-3,published,ひかり・小田競,楽天Kドリームス 並び予想
3720250405030012,2025-04-07,伊東競輪,F1,12,Ｓ級決勝,16:11,16:06,7,https://keirin.kdreams.jp/ito/racedetail/3720250405030012/?pageType=result,2026-08-31T05:36:14.692267+00:00,5-1-4/6-2/7-3,published,ひかり・小田競,楽天Kドリームス 並び予想
4820250407010006,2025-04-07,四日市競輪,F1,6,Ｓ級予選,17:50,17:45,7,https://keirin.kdreams.jp/yokkaichi/racedetail/4820250407010006/?pageType=result,2026-08-31T05:37:28.607611+00:00,5-1/7-2/3-4-6,published,富山中部,楽天Kドリームス 並び予想
4820250407010007,2025-04-07,四日市競輪,F1,7,Ｓ級予選,18:14,18:09,7,https://keirin.kdreams.jp/yokkaichi/racedetail/4820250407010007/?pageType=result,2026-08-31T05:37:31.252007+00:00,1-7-5/4-2/3-6,published,富山中部,楽天Kドリームス 並び予想
4820250407010008,2025-04-07,四日市競輪,F1,8,Ｓ級予選,18:38,18:33,7,https://keirin.kdreams.jp/yokkaichi/racedetail/4820250407010008/?pageType=result,2026-08-31T05:37:33.159048+00:00,7-1-6/2/5-3-4,published,富山中部,楽天Kドリームス 並び予想
4820250407010009,2025-04-07,四日市競輪,F1,9,Ｓ級予選,19:02,18:57,7,https://keirin.kdreams.jp/yokkaichi/racedetail/4820250407010009/?pageType=result,2026-08-31T05:37:34.963775+00:00,4-1/6-2/5-3-7,published,富山中部,楽天Kドリームス 並び予想
4820250407010010,2025-04-07,四日市競輪,F1,10,Ｓ級予選,19:26,19:21,7,https://keirin.kdreams.jp/yokkaichi/racedetail/4820250407010010/?pageType=result,2026-08-31T05:37:36.561590+00:00,5-4-1/7-2/3/6,published,富山中部,楽天Kドリームス 並び予想
4820250407010011,2025-04-07,四日市競輪,F1,11,Ｓ級予選,19:51,19:46,7,https://keirin.kdreams.jp/yokkaichi/racedetail/4820250407010011/?pageType=result,2026-08-31T05:37:38.193967+00:00,1-5/4-2-7/3-6,published,富山中部,楽天Kドリームス 並び予想
4820250407010012,2025-04-07,四日市競輪,F1,12,Ｓ級初特選,20:17,20:12,7,https://keirin.kdreams.jp/yokkaichi/racedetail/4820250407010012/?pageType=result,2026-08-31T05:37:39.757781+00:00,1-5/2-4-7/6-3,published,富山中部,楽天Kドリームス 並び予想
6320250407010006,2025-04-07,防府競輪,F1,6,Ｓ級予選,13:05,13:00,7,https://keirin.kdreams.jp/hofu/racedetail/6320250407010006/?pageType=result,2026-08-31T05:36:53.816468+00:00,4-1-6/7-2/3-5,published,リズム,楽天Kドリームス 並び予想
6320250407010007,2025-04-07,防府競輪,F1,7,Ｓ級予選,13:33,13:28,7,https://keirin.kdreams.jp/hofu/racedetail/6320250407010007/?pageType=result,2026-08-31T05:36:56.628821+00:00,5-1-3-6/7-2-4,published,リズム,楽天Kドリームス 並び予想
6320250407010008,2025-04-07,防府競輪,F1,8,Ｓ級予選,14:01,13:56,7,https://keirin.kdreams.jp/hofu/racedetail/6320250407010008/?pageType=result,2026-08-31T05:36:58.490832+00:00,5-1/3/2-4-6/7,published,リズム,楽天Kドリームス 並び予想
6320250407010009,2025-04-07,防府競輪,F1,9,Ｓ級予選,14:29,14:24,7,https://keirin.kdreams.jp/hofu/racedetail/6320250407010009/?pageType=result,2026-08-31T05:37:00.244797+00:00,1-7-4-6/2/5-3,published,リズム,楽天Kドリームス 並び予想
6320250407010010,2025-04-07,防府競輪,F1,10,Ｓ級予選,14:57,14:52,7,https://keirin.kdreams.jp/hofu/racedetail/6320250407010010/?pageType=result,2026-08-31T05:37:01.813727+00:00,5-1/2-4/7/3-6,published,リズム,楽天Kドリームス 並び予想
6320250407010011,2025-04-07,防府競輪,F1,11,Ｓ級予選,15:26,15:21,7,https://keirin.kdreams.jp/hofu/racedetail/6320250407010011/?pageType=result,2026-08-31T05:37:03.429340+00:00,4-1-7/2-5/6-3,published,リズム,楽天Kドリームス 並び予想
6320250407010012,2025-04-07,防府競輪,F1,12,Ｓ級初特選,15:56,15:51,7,https://keirin.kdreams.jp/hofu/racedetail/6320250407010012/?pageType=result,2026-08-31T05:37:05.012079+00:00,4-6-1/2/7-3-5,published,リズム,楽天Kドリームス 並び予想
8320250406030005,2025-04-08,久留米競輪,F1,5,Ｓ級一般,17:36,17:31,7,https://keirin.kdreams.jp/kurume/racedetail/8320250406030005/?pageType=result,2026-08-31T05:36:42.466541+00:00,4-3-6/1-5/7-2,published,コンドル出版社,楽天Kドリームス 並び予想
8320250406030006,2025-04-08,久留米競輪,F1,6,Ｓ級一般,18:00,17:55,7,https://keirin.kdreams.jp/kurume/racedetail/8320250406030006/?pageType=result,2026-08-31T05:36:44.258736+00:00,5-7-3/4-1/2/6,published,コンドル出版社,楽天Kドリームス 並び予想
8320250406030007,2025-04-08,久留米競輪,F1,7,Ｓ級一般,18:24,18:19,7,https://keirin.kdreams.jp/kurume/racedetail/8320250406030007/?pageType=result,2026-08-31T05:36:45.837732+00:00,3-4/5-1-6/7-2,published,コンドル出版社,楽天Kドリームス 並び予想
8320250406030008,2025-04-08,久留米競輪,F1,8,Ｓ級特選,18:48,18:43,7,https://keirin.kdreams.jp/kurume/racedetail/8320250406030008/?pageType=result,2026-08-31T05:36:47.453568+00:00,1-7/5-2-6/3-4,published,コンドル出版社,楽天Kドリームス 並び予想
8320250406030009,2025-04-08,久留米競輪,F1,9,Ｓ級特選,19:12,19:07,7,https://keirin.kdreams.jp/kurume/racedetail/8320250406030009/?pageType=result,2026-08-31T05:36:49.015655+00:00,1-7-4/5-2/6-3,published,コンドル出版社,楽天Kドリームス 並び予想
8320250406030010,2025-04-08,久留米競輪,F1,10,Ｓ級特選,19:38,19:33,7,https://keirin.kdreams.jp/kurume/racedetail/8320250406030010/?pageType=result,2026-08-31T05:36:50.642974+00:00,7-1/5-2-4/3-6,published,コンドル出版社,楽天Kドリームス 並び予想
8320250406030012,2025-04-08,久留米競輪,F1,12,Ｓ級決勝,20:30,20:25,7,https://keirin.kdreams.jp/kurume/racedetail/8320250406030012/?pageType=result,2026-08-31T05:36:52.212179+00:00,3-1-6-4/5/2-7,published,コンドル出版社,楽天Kドリームス 並び予想
4820250407020006,2025-04-08,四日市競輪,F1,6,Ｓ級一般,17:48,17:43,7,https://keirin.kdreams.jp/yokkaichi/racedetail/4820250407020006/?pageType=result,2026-08-31T05:37:42.967695+00:00,7-1-5-6/2-4/3,published,富山中部,楽天Kドリームス 並び予想
4820250407020007,2025-04-08,四日市競輪,F1,7,Ｓ級一般,18:12,18:07,7,https://keirin.kdreams.jp/yokkaichi/racedetail/4820250407020007/?pageType=result,2026-08-31T05:37:44.852700+00:00,1-4/6-2/5-3-7,published,富山中部,楽天Kドリームス 並び予想
4820250407020008,2025-04-08,四日市競輪,F1,8,Ｓ級選抜,18:36,18:31,7,https://keirin.kdreams.jp/yokkaichi/racedetail/4820250407020008/?pageType=result,2026-08-31T05:37:46.685922+00:00,7-4-1/6-2/3-5,published,富山中部,楽天Kドリームス 並び予想
4820250407020009,2025-04-08,四日市競輪,F1,9,Ｓ級選抜,19:00,18:55,7,https://keirin.kdreams.jp/yokkaichi/racedetail/4820250407020009/?pageType=result,2026-08-31T05:37:48.264079+00:00,2-4-3/7-1/5/6,published,富山中部,楽天Kドリームス 並び予想
4820250407020010,2025-04-08,四日市競輪,F1,10,Ｓ級準決勝,19:25,19:20,7,https://keirin.kdreams.jp/yokkaichi/racedetail/4820250407020010/?pageType=result,2026-08-31T05:37:49.838241+00:00,4-1/2-7/5-3/6,published,富山中部,楽天Kドリームス 並び予想
4820250407020011,2025-04-08,四日市競輪,F1,11,Ｓ級準決勝,19:51,19:46,7,https://keirin.kdreams.jp/yokkaichi/racedetail/4820250407020011/?pageType=result,2026-08-31T05:37:51.519970+00:00,7-1-4/2-6/3-5,published,富山中部,楽天Kドリームス 並び予想
4820250407020012,2025-04-08,四日市競輪,F1,12,Ｓ級準決勝,20:17,20:12,7,https://keirin.kdreams.jp/yokkaichi/racedetail/4820250407020012/?pageType=result,2026-08-31T05:37:53.090164+00:00,4-1/2/3-5-6/7,published,富山中部,楽天Kドリームス 並び予想
6320250407020006,2025-04-08,防府競輪,F1,6,Ｓ級一般,13:05,13:00,6,https://keirin.kdreams.jp/hofu/racedetail/6320250407020006/?pageType=result,2026-08-31T05:37:06.488234+00:00,3-1-5/2-4/6,published,リズム,楽天Kドリームス 並び予想
6320250407020007,2025-04-08,防府競輪,F1,7,Ｓ級一般,13:35,13:30,6,https://keirin.kdreams.jp/hofu/racedetail/6320250407020007/?pageType=result,2026-08-31T05:37:07.885612+00:00,1/2-4/5-3-6,published,リズム,楽天Kドリームス 並び予想
6320250407020008,2025-04-08,防府競輪,F1,8,Ｓ級選抜,14:05,14:00,7,https://keirin.kdreams.jp/hofu/racedetail/6320250407020008/?pageType=result,2026-08-31T05:37:09.445155+00:00,7-3-1/2-5/4/6,published,リズム,楽天Kドリームス 並び予想
6320250407020009,2025-04-08,防府競輪,F1,9,Ｓ級選抜,14:35,14:30,7,https://keirin.kdreams.jp/hofu/racedetail/6320250407020009/?pageType=result,2026-08-31T05:37:11.157208+00:00,4-1-7/5-2/6-3,published,リズム,楽天Kドリームス 並び予想
6320250407020010,2025-04-08,防府競輪,F1,10,Ｓ級準決勝,15:06,15:01,7,https://keirin.kdreams.jp/hofu/racedetail/6320250407020010/?pageType=result,2026-08-31T05:37:12.734737+00:00,1-7-4/5-2/6-3,published,リズム,楽天Kドリームス 並び予想
6320250407020011,2025-04-08,防府競輪,F1,11,Ｓ級準決勝,15:38,15:33,7,https://keirin.kdreams.jp/hofu/racedetail/6320250407020011/?pageType=result,2026-08-31T05:37:14.407910+00:00,7-1/2-5/4-3-6,published,リズム,楽天Kドリームス 並び予想
6320250407020012,2025-04-08,防府競輪,F1,12,Ｓ級準決勝,16:10,16:05,7,https://keirin.kdreams.jp/hofu/racedetail/6320250407020012/?pageType=result,2026-08-31T05:37:15.975663+00:00,7-1-5/4-2/3-6,published,リズム,楽天Kドリームス 並び予想
4820250407030005,2025-04-09,四日市競輪,F1,5,Ｓ級一般,17:25,17:20,6,https://keirin.kdreams.jp/yokkaichi/racedetail/4820250407030005/?pageType=result,2026-08-31T05:37:54.528030+00:00,5-1-6/4-3-2,published,富山中部,楽天Kドリームス 並び予想
4820250407030006,2025-04-09,四日市競輪,F1,6,Ｓ級一般,17:49,17:44,7,https://keirin.kdreams.jp/yokkaichi/racedetail/4820250407030006/?pageType=result,2026-08-31T05:37:56.106431+00:00,2-5-4/1/7-3/6,published,富山中部,楽天Kドリームス 並び予想
4820250407030007,2025-04-09,四日市競輪,F1,7,Ｓ級一般,18:14,18:09,7,https://keirin.kdreams.jp/yokkaichi/racedetail/4820250407030007/?pageType=result,2026-08-31T05:37:57.736311+00:00,6-1/3-7/5-2/4,published,富山中部,楽天Kドリームス 並び予想
4820250407030008,2025-04-09,四日市競輪,F1,8,Ｓ級特選,18:40,18:35,7,https://keirin.kdreams.jp/yokkaichi/racedetail/4820250407030008/?pageType=result,2026-08-31T05:37:59.313681+00:00,1-4/6-2/3-5/7,published,富山中部,楽天Kドリームス 並び予想
4820250407030009,2025-04-09,四日市競輪,F1,9,Ｓ級特選,19:06,19:01,7,https://keirin.kdreams.jp/yokkaichi/racedetail/4820250407030009/?pageType=result,2026-08-31T05:38:00.918932+00:00,1-4-5/2-6/7-3,published,富山中部,楽天Kドリームス 並び予想
4820250407030010,2025-04-09,四日市競輪,F1,10,Ｓ級特選,19:32,19:27,7,https://keirin.kdreams.jp/yokkaichi/racedetail/4820250407030010/?pageType=result,2026-08-31T05:38:02.593908+00:00,1-5-6/4-2/3-7,published,富山中部,楽天Kドリームス 並び予想
4820250407030012,2025-04-09,四日市競輪,F1,12,Ｓ級決勝,20:30,20:25,7,https://keirin.kdreams.jp/yokkaichi/racedetail/4820250407030012/?pageType=result,2026-08-31T05:38:04.183888+00:00,7-1/4-2/3/6-5,published,富山中部,楽天Kドリームス 並び予想
6320250407030005,2025-04-09,防府競輪,F1,5,Ｓ級一般,12:33,12:28,6,https://keirin.kdreams.jp/hofu/racedetail/6320250407030005/?pageType=result,2026-08-31T05:37:17.356502+00:00,4-1-3/2-5-6,published,リズム,楽天Kドリームス 並び予想
6320250407030006,2025-04-09,防府競輪,F1,6,Ｓ級一般,13:03,12:58,7,https://keirin.kdreams.jp/hofu/racedetail/6320250407030006/?pageType=result,2026-08-31T05:37:18.998690+00:00,4-1-7/5-2-3/6,published,リズム,楽天Kドリームス 並び予想
6320250407030007,2025-04-09,防府競輪,F1,7,Ｓ級一般,13:33,13:28,7,https://keirin.kdreams.jp/hofu/racedetail/6320250407030007/?pageType=result,2026-08-31T05:37:20.581937+00:00,5-3-4/1/7-2/6,published,リズム,楽天Kドリームス 並び予想
6320250407030008,2025-04-09,防府競輪,F1,8,Ｓ級特選,14:03,13:58,7,https://keirin.kdreams.jp/hofu/racedetail/6320250407030008/?pageType=result,2026-08-31T05:37:22.198508+00:00,7-1/2-4/5-3/6,published,リズム,楽天Kドリームス 並び予想
6320250407030009,2025-04-09,防府競輪,F1,9,Ｓ級特選,14:34,14:29,7,https://keirin.kdreams.jp/hofu/racedetail/6320250407030009/?pageType=result,2026-08-31T05:37:23.788787+00:00,1-4/2-5-6/3-7,published,リズム,楽天Kドリームス 並び予想
6320250407030010,2025-04-09,防府競輪,F1,10,Ｓ級特選,15:06,15:01,7,https://keirin.kdreams.jp/hofu/racedetail/6320250407030010/?pageType=result,2026-08-31T05:37:25.402091+00:00,1-5/6-2/3-4-7,published,リズム,楽天Kドリームス 並び予想
6320250407030012,2025-04-09,防府競輪,F1,12,Ｓ級決勝,16:10,16:05,7,https://keirin.kdreams.jp/hofu/racedetail/6320250407030012/?pageType=result,2026-08-31T05:37:26.984604+00:00,3-1-4/6-2/5-7,published,リズム,楽天Kドリームス 並び予想
2220250410010006,2025-04-10,前橋競輪,F1,6,Ｓ級予選,17:50,17:45,7,https://keirin.kdreams.jp/maebashi/racedetail/2220250410010006/?pageType=result,2026-08-31T05:38:05.836286+00:00,2-4-5/6/7-3-1,published,アオケイ,楽天Kドリームス 並び予想
2220250410010007,2025-04-10,前橋競輪,F1,7,Ｓ級予選,18:14,18:09,7,https://keirin.kdreams.jp/maebashi/racedetail/2220250410010007/?pageType=result,2026-08-31T05:38:07.399448+00:00,5-2/1-4-6/7-3,published,アオケイ,楽天Kドリームス 並び予想
2220250410010008,2025-04-10,前橋競輪,F1,8,Ｓ級予選,18:39,18:34,7,https://keirin.kdreams.jp/maebashi/racedetail/2220250410010008/?pageType=result,2026-08-31T05:38:08.997674+00:00,7-1-5/2-4/6-3,published,アオケイ,楽天Kドリームス 並び予想
2220250410010009,2025-04-10,前橋競輪,F1,9,Ｓ級予選,19:05,19:00,7,https://keirin.kdreams.jp/maebashi/racedetail/2220250410010009/?pageType=result,2026-08-31T05:38:10.548569+00:00,2-4-5/7-1/6-3,published,アオケイ,楽天Kドリームス 並び予想
2220250410010010,2025-04-10,前橋競輪,F1,10,Ｓ級予選,19:31,19:26,7,https://keirin.kdreams.jp/maebashi/racedetail/2220250410010010/?pageType=result,2026-08-31T05:38:13.420319+00:00,5-1/4-2-6/3-7,published,アオケイ,楽天Kドリームス 並び予想
2220250410010011,2025-04-10,前橋競輪,F1,11,Ｓ級予選,19:59,19:54,7,https://keirin.kdreams.jp/maebashi/racedetail/2220250410010011/?pageType=result,2026-08-31T05:38:15.292038+00:00,1-6/4-2-7/5-3,published,アオケイ,楽天Kドリームス 並び予想
2220250410010012,2025-04-10,前橋競輪,F1,12,Ｓ級初特選,20:30,20:25,7,https://keirin.kdreams.jp/maebashi/racedetail/2220250410010012/?pageType=result,2026-08-31T05:38:17.004212+00:00,3-7/1-4/5/6-2,published,アオケイ,楽天Kドリームス 並び予想
4720250410010006,2025-04-10,松阪競輪,F1,6,Ｓ級予選,13:01,12:56,7,https://keirin.kdreams.jp/matsusaka/racedetail/4720250410010006/?pageType=result,2026-08-31T05:38:44.304513+00:00,2-7/1-4/3-5-6,published,中部競輪,楽天Kドリームス 並び予想
4720250410010007,2025-04-10,松阪競輪,F1,7,Ｓ級予選,13:30,13:25,7,https://keirin.kdreams.jp/matsusaka/racedetail/4720250410010007/?pageType=result,2026-08-31T05:38:46.918772+00:00,2-5/4-1/6/7-3,published,中部競輪,楽天Kドリームス 並び予想
4720250410010008,2025-04-10,松阪競輪,F1,8,Ｓ級予選,14:00,13:55,7,https://keirin.kdreams.jp/matsusaka/racedetail/4720250410010008/?pageType=result,2026-08-31T05:38:48.676128+00:00,1-5/7-2/6-3/4,published,中部競輪,楽天Kドリームス 並び予想
4720250410010009,2025-04-10,松阪競輪,F1,9,Ｓ級予選,14:30,14:25,7,https://keirin.kdreams.jp/matsusaka/racedetail/4720250410010009/?pageType=result,2026-08-31T05:38:50.217455+00:00,1-5-6/2-4/7-3,published,中部競輪,楽天Kドリームス 並び予想
4720250410010010,2025-04-10,松阪競輪,F1,10,Ｓ級予選,15:01,14:56,7,https://keirin.kdreams.jp/matsusaka/racedetail/4720250410010010/?pageType=result,2026-08-31T05:38:51.828383+00:00,3-6-4/1-5/7-2,published,中部競輪,楽天Kドリームス 並び予想
4720250410010011,2025-04-10,松阪競輪,F1,11,Ｓ級予選,15:34,15:29,7,https://keirin.kdreams.jp/matsusaka/racedetail/4720250410010011/?pageType=result,2026-08-31T05:38:53.409753+00:00,4-1/3-7/6-2-5,published,中部競輪,楽天Kドリームス 並び予想
4720250410010012,2025-04-10,松阪競輪,F1,12,Ｓ級初特選,16:08,16:03,7,https://keirin.kdreams.jp/matsusaka/racedetail/4720250410010012/?pageType=result,2026-08-31T05:38:55.041293+00:00,2-6/5-1/3-4-7,published,中部競輪,楽天Kドリームス 並び予想
2220250410020006,2025-04-11,前橋競輪,F1,6,Ｓ級一般,17:55,17:50,6,https://keirin.kdreams.jp/maebashi/racedetail/2220250410020006/?pageType=result,2026-08-31T05:38:18.613741+00:00,1-6/3/4-2-5,published,アオケイ,楽天Kドリームス 並び予想
2220250410020007,2025-04-11,前橋競輪,F1,7,Ｓ級一般,18:19,18:14,7,https://keirin.kdreams.jp/maebashi/racedetail/2220250410020007/?pageType=result,2026-08-31T05:38:20.344103+00:00,1-5/2/7-4-3/6,published,アオケイ,楽天Kドリームス 並び予想
2220250410020008,2025-04-11,前橋競輪,F1,8,Ｓ級選抜,18:43,18:38,7,https://keirin.kdreams.jp/maebashi/racedetail/2220250410020008/?pageType=result,2026-08-31T05:38:23.058060+00:00,5-1/2-4-7/6-3,published,アオケイ,楽天Kドリームス 並び予想
2220250410020009,2025-04-11,前橋競輪,F1,9,Ｓ級選抜,19:07,19:02,7,https://keirin.kdreams.jp/maebashi/racedetail/2220250410020009/?pageType=result,2026-08-31T05:38:24.782188+00:00,7-3-1/4-2-5/6,published,アオケイ,楽天Kドリームス 並び予想
2220250410020010,2025-04-11,前橋競輪,F1,10,Ｓ級準決勝,19:32,19:27,7,https://keirin.kdreams.jp/maebashi/racedetail/2220250410020010/?pageType=result,2026-08-31T05:38:26.406634+00:00,6-2/1/3-7/5-4,published,アオケイ,楽天Kドリームス 並び予想
2220250410020011,2025-04-11,前橋競輪,F1,11,Ｓ級準決勝,20:00,19:55,7,https://keirin.kdreams.jp/maebashi/racedetail/2220250410020011/?pageType=result,2026-08-31T05:38:27.966894+00:00,2-4/6-1-5/7-3,published,アオケイ,楽天Kドリームス 並び予想
2220250410020012,2025-04-11,前橋競輪,F1,12,Ｓ級準決勝,20:30,20:25,7,https://keirin.kdreams.jp/maebashi/racedetail/2220250410020012/?pageType=result,2026-08-31T05:38:29.547306+00:00,2-4/7-1/6/3-5,published,アオケイ,楽天Kドリームス 並び予想
4720250410020006,2025-04-11,松阪競輪,F1,6,Ｓ級一般,13:01,12:56,5,https://keirin.kdreams.jp/matsusaka/racedetail/4720250410020006/?pageType=result,2026-08-31T05:38:56.402614+00:00,1-5-3/4-2,published,中部競輪,楽天Kドリームス 並び予想
4720250410020007,2025-04-11,松阪競輪,F1,7,Ｓ級一般,13:31,13:26,6,https://keirin.kdreams.jp/matsusaka/racedetail/4720250410020007/?pageType=result,2026-08-31T05:38:57.768145+00:00,6-1/2-5/3-4,published,中部競輪,楽天Kドリームス 並び予想
4720250410020008,2025-04-11,松阪競輪,F1,8,Ｓ級選抜,14:01,13:56,7,https://keirin.kdreams.jp/matsusaka/racedetail/4720250410020008/?pageType=result,2026-08-31T05:38:59.411660+00:00,2/3/5/7/6-4-1,published,中部競輪,楽天Kドリームス 並び予想
4720250410020009,2025-04-11,松阪競輪,F1,9,Ｓ級選抜,14:31,14:26,7,https://keirin.kdreams.jp/matsusaka/racedetail/4720250410020009/?pageType=result,2026-08-31T05:39:00.964637+00:00,7-2-5/1-6/4-3,published,中部競輪,楽天Kドリームス 並び予想
4720250410020010,2025-04-11,松阪競輪,F1,10,Ｓ級準決勝,15:01,14:56,7,https://keirin.kdreams.jp/matsusaka/racedetail/4720250410020010/?pageType=result,2026-08-31T05:39:02.591535+00:00,4-1/2-7/3-5/6,published,中部競輪,楽天Kドリームス 並び予想
4720250410020011,2025-04-11,松阪競輪,F1,11,Ｓ級準決勝,15:31,15:26,7,https://keirin.kdreams.jp/matsusaka/racedetail/4720250410020011/?pageType=result,2026-08-31T05:39:04.163574+00:00,1-5/6-4-2/7-3,published,中部競輪,楽天Kドリームス 並び予想
4720250410020012,2025-04-11,松阪競輪,F1,12,Ｓ級準決勝,16:02,15:57,7,https://keirin.kdreams.jp/matsusaka/racedetail/4720250410020012/?pageType=result,2026-08-31T05:39:05.766331+00:00,5-1-7/4-2/3-6,published,中部競輪,楽天Kドリームス 並び予想
2220250410030005,2025-04-12,前橋競輪,F1,5,Ｓ級一般,17:34,17:29,6,https://keirin.kdreams.jp/maebashi/racedetail/2220250410030005/?pageType=result,2026-08-31T05:38:31.291621+00:00,1/2/5-3-4/6,published,アオケイ,楽天Kドリームス 並び予想
2220250410030006,2025-04-12,前橋競輪,F1,6,Ｓ級一般,17:58,17:53,6,https://keirin.kdreams.jp/maebashi/racedetail/2220250410030006/?pageType=result,2026-08-31T05:38:32.673436+00:00,4-5-1/2/6-3,published,アオケイ,楽天Kドリームス 並び予想
2220250410030007,2025-04-12,前橋競輪,F1,7,Ｓ級一般,18:22,18:17,7,https://keirin.kdreams.jp/maebashi/racedetail/2220250410030007/?pageType=result,2026-08-31T05:38:34.304066+00:00,1/7/2/3-5-4/6,published,アオケイ,楽天Kドリームス 並び予想
2220250410030008,2025-04-12,前橋競輪,F1,8,Ｓ級特選,18:46,18:41,7,https://keirin.kdreams.jp/maebashi/racedetail/2220250410030008/?pageType=result,2026-08-31T05:38:37.432543+00:00,5-1/2/3-7/6-4,published,アオケイ,楽天Kドリームス 並び予想
2220250410030009,2025-04-12,前橋競輪,F1,9,Ｓ級特選,19:10,19:05,7,https://keirin.kdreams.jp/maebashi/racedetail/2220250410030009/?pageType=result,2026-08-31T05:38:39.361955+00:00,1-4/7-2/3-5/6,published,アオケイ,楽天Kドリームス 並び予想
2220250410030010,2025-04-12,前橋競輪,F1,10,Ｓ級特選,19:34,19:29,7,https://keirin.kdreams.jp/maebashi/racedetail/2220250410030010/?pageType=result,2026-08-31T05:38:41.071880+00:00,7-1-6/4-2/3-5,published,アオケイ,楽天Kドリームス 並び予想
2220250410030012,2025-04-12,前橋競輪,F1,12,Ｓ級決勝,20:30,20:25,7,https://keirin.kdreams.jp/maebashi/racedetail/2220250410030012/?pageType=result,2026-08-31T05:38:42.634590+00:00,5-3/1-7/2/6-4,published,アオケイ,楽天Kドリームス 並び予想
4720250410030005,2025-04-12,松阪競輪,F1,5,Ｓ級一般,12:37,12:32,5,https://keirin.kdreams.jp/matsusaka/racedetail/4720250410030005/?pageType=result,2026-08-31T05:39:07.224580+00:00,3-1/4/5-2,published,中部競輪,楽天Kドリームス 並び予想
4720250410030006,2025-04-12,松阪競輪,F1,6,Ｓ級一般,13:05,13:00,6,https://keirin.kdreams.jp/matsusaka/racedetail/4720250410030006/?pageType=result,2026-08-31T05:39:08.623308+00:00,1-3-5/4-2-6,published,中部競輪,楽天Kドリームス 並び予想
4720250410030007,2025-04-12,松阪競輪,F1,7,Ｓ級一般,13:33,13:28,6,https://keirin.kdreams.jp/matsusaka/racedetail/4720250410030007/?pageType=result,2026-08-31T05:39:10.061120+00:00,1-4/2-5/6-3,published,中部競輪,楽天Kドリームス 並び予想
4720250410030008,2025-04-12,松阪競輪,F1,8,Ｓ級特選,14:01,13:56,7,https://keirin.kdreams.jp/matsusaka/racedetail/4720250410030008/?pageType=result,2026-08-31T05:39:11.631815+00:00,1-5/4-2/3-6/7,published,中部競輪,楽天Kドリームス 並び予想
4720250410030009,2025-04-12,松阪競輪,F1,9,Ｓ級特選,14:30,14:25,7,https://keirin.kdreams.jp/matsusaka/racedetail/4720250410030009/?pageType=result,2026-08-31T05:39:13.205325+00:00,5-1/2-7/6-3-4,published,中部競輪,楽天Kドリームス 並び予想
4720250410030010,2025-04-12,松阪競輪,F1,10,Ｓ級特選,15:01,14:56,7,https://keirin.kdreams.jp/matsusaka/racedetail/4720250410030010/?pageType=result,2026-08-31T05:39:14.882629+00:00,5-1/4-2/7/3-6,published,中部競輪,楽天Kドリームス 並び予想
4720250410030012,2025-04-12,松阪競輪,F1,12,Ｓ級決勝,16:05,16:00,7,https://keirin.kdreams.jp/matsusaka/racedetail/4720250410030012/?pageType=result,2026-08-31T05:39:16.451894+00:00,2-5/3/6/1-4-7,published,中部競輪,楽天Kドリームス 並び予想
1220250412010006,2025-04-12,青森競輪,F1,6,Ｓ級予選,17:46,17:41,7,https://keirin.kdreams.jp/aomori/racedetail/1220250412010006/?pageType=result,2026-08-31T05:40:53.577509+00:00,1-4-6/5-2/3-7,published,アオケイ,楽天Kドリームス 並び予想
1220250412010007,2025-04-12,青森競輪,F1,7,Ｓ級予選,18:10,18:05,7,https://keirin.kdreams.jp/aomori/racedetail/1220250412010007/?pageType=result,2026-08-31T05:40:56.185924+00:00,1-6/7-2/5/4-3,published,アオケイ,楽天Kドリームス 並び予想
1220250412010008,2025-04-12,青森競輪,F1,8,Ｓ級予選,18:34,18:29,7,https://keirin.kdreams.jp/aomori/racedetail/1220250412010008/?pageType=result,2026-08-31T05:40:59.002428+00:00,1-7/2-4-6/3-5,published,アオケイ,楽天Kドリームス 並び予想
1220250412010009,2025-04-12,青森競輪,F1,9,Ｓ級予選,18:58,18:53,7,https://keirin.kdreams.jp/aomori/racedetail/1220250412010009/?pageType=result,2026-08-31T05:41:01.772699+00:00,4-1/2-7/5-3-6,published,アオケイ,楽天Kドリームス 並び予想
1220250412010010,2025-04-12,青森競輪,F1,10,Ｓ級予選,19:22,19:17,7,https://keirin.kdreams.jp/aomori/racedetail/1220250412010010/?pageType=result,2026-08-31T05:41:03.861214+00:00,5-1-4/2-6/7-3,published,アオケイ,楽天Kドリームス 並び予想
1220250412010011,2025-04-12,青森競輪,F1,11,Ｓ級予選,19:48,19:43,7,https://keirin.kdreams.jp/aomori/racedetail/1220250412010011/?pageType=result,2026-08-31T05:41:05.548112+00:00,1-3-7/5-2-4/6,published,アオケイ,楽天Kドリームス 並び予想
1220250412010012,2025-04-12,青森競輪,F1,12,Ｓ級初特選,20:16,20:11,7,https://keirin.kdreams.jp/aomori/racedetail/1220250412010012/?pageType=result,2026-08-31T05:41:07.315825+00:00,3-7/1-4-6/5-2,published,アオケイ,楽天Kドリームス 並び予想
1220250412020006,2025-04-13,青森競輪,F1,6,Ｓ級一般,17:50,17:45,5,https://keirin.kdreams.jp/aomori/racedetail/1220250412020006/?pageType=result,2026-08-31T05:41:08.675709+00:00,1-5/3-2-4,published,アオケイ,楽天Kドリームス 並び予想
1220250412020007,2025-04-13,青森競輪,F1,7,Ｓ級一般,18:14,18:09,6,https://keirin.kdreams.jp/aomori/racedetail/1220250412020007/?pageType=result,2026-08-31T05:41:10.063879+00:00,1-5-4/3-2-6,published,アオケイ,楽天Kドリームス 並び予想
1220250412020008,2025-04-13,青森競輪,F1,8,Ｓ級選抜,18:38,18:33,7,https://keirin.kdreams.jp/aomori/racedetail/1220250412020008/?pageType=result,2026-08-31T05:41:11.696538+00:00,1-4/3-6-2-7/5,published,アオケイ,楽天Kドリームス 並び予想
1220250412020009,2025-04-13,青森競輪,F1,9,Ｓ級選抜,19:03,18:58,7,https://keirin.kdreams.jp/aomori/racedetail/1220250412020009/?pageType=result,2026-08-31T05:41:13.255884+00:00,7-1-5-2/3-4-6,published,アオケイ,楽天Kドリームス 並び予想
1220250412020010,2025-04-13,青森競輪,F1,10,Ｓ級準決勝,19:29,19:24,7,https://keirin.kdreams.jp/aomori/racedetail/1220250412020010/?pageType=result,2026-08-31T05:41:14.890173+00:00,5-1-4/2-7/6-3,published,アオケイ,楽天Kドリームス 並び予想
1220250412020011,2025-04-13,青森競輪,F1,11,Ｓ級準決勝,19:58,19:53,7,https://keirin.kdreams.jp/aomori/racedetail/1220250412020011/?pageType=result,2026-08-31T05:41:16.478460+00:00,1-4/2-5-6/7-3,published,アオケイ,楽天Kドリームス 並び予想
1220250412020012,2025-04-13,青森競輪,F1,12,Ｓ級準決勝,20:30,20:25,7,https://keirin.kdreams.jp/aomori/racedetail/1220250412020012/?pageType=result,2026-08-31T05:41:18.031363+00:00,1-5-7/2-6/4-3,published,アオケイ,楽天Kドリームス 並び予想
4520250414010006,2025-04-14,豊橋競輪,F1,6,Ｓ級予選,13:03,12:58,6,https://keirin.kdreams.jp/toyohashi/racedetail/4520250414010006/?pageType=result,2026-08-31T05:41:30.151605+00:00,1-3-5/4-6-2,published,中部競輪,楽天Kドリームス 並び予想
4520250414010007,2025-04-14,豊橋競輪,F1,7,Ｓ級予選,13:33,13:28,7,https://keirin.kdreams.jp/toyohashi/racedetail/4520250414010007/?pageType=result,2026-08-31T05:41:31.719444+00:00,1-4-6/5-2/7-3,published,中部競輪,楽天Kドリームス 並び予想
4520250414010008,2025-04-14,豊橋競輪,F1,8,Ｓ級予選,14:03,13:58,7,https://keirin.kdreams.jp/toyohashi/racedetail/4520250414010008/?pageType=result,2026-08-31T05:41:34.377766+00:00,4-1-7/5-2/3-6,published,中部競輪,楽天Kドリームス 並び予想
4520250414010009,2025-04-14,豊橋競輪,F1,9,Ｓ級予選,14:34,14:29,7,https://keirin.kdreams.jp/toyohashi/racedetail/4520250414010009/?pageType=result,2026-08-31T05:41:36.219201+00:00,5-1/3/2-7-4/6,published,中部競輪,楽天Kドリームス 並び予想
4520250414010010,2025-04-14,豊橋競輪,F1,10,Ｓ級予選,15:06,15:01,7,https://keirin.kdreams.jp/toyohashi/racedetail/4520250414010010/?pageType=result,2026-08-31T05:41:37.952432+00:00,1-4-7/3/6-2-5,published,中部競輪,楽天Kドリームス 並び予想
4520250414010011,2025-04-14,豊橋競輪,F1,11,Ｓ級予選,15:38,15:33,7,https://keirin.kdreams.jp/toyohashi/racedetail/4520250414010011/?pageType=result,2026-08-31T05:41:39.500742+00:00,3-5/6-1-4/2-7,published,中部競輪,楽天Kドリームス 並び予想
4520250414010012,2025-04-14,豊橋競輪,F1,12,Ｓ級初特選,16:10,16:05,7,https://keirin.kdreams.jp/toyohashi/racedetail/4520250414010012/?pageType=result,2026-08-31T05:41:41.040528+00:00,3-6/5-2/1/4-7,published,中部競輪,楽天Kドリームス 並び予想
1220250412030005,2025-04-14,青森競輪,F1,5,Ｓ級一般,17:25,17:20,6,https://keirin.kdreams.jp/aomori/racedetail/1220250412030005/?pageType=result,2026-08-31T05:41:19.533673+00:00,3-1-6/5-2-4,published,アオケイ,楽天Kドリームス 並び予想
1220250412030006,2025-04-14,青森競輪,F1,6,Ｓ級一般,17:49,17:44,6,https://keirin.kdreams.jp/aomori/racedetail/1220250412030006/?pageType=result,2026-08-31T05:41:20.919000+00:00,1-5/6/4-3-2,published,アオケイ,楽天Kドリームス 並び予想
1220250412030007,2025-04-14,青森競輪,F1,7,Ｓ級一般,18:14,18:09,6,https://keirin.kdreams.jp/aomori/racedetail/1220250412030007/?pageType=result,2026-08-31T05:41:22.336733+00:00,5-4-1/3-2/6,published,アオケイ,楽天Kドリームス 並び予想
1220250412030008,2025-04-14,青森競輪,F1,8,Ｓ級特選,18:40,18:35,7,https://keirin.kdreams.jp/aomori/racedetail/1220250412030008/?pageType=result,2026-08-31T05:41:23.894615+00:00,6-1/7-2/4-3-5,published,アオケイ,楽天Kドリームス 並び予想
1220250412030009,2025-04-14,青森競輪,F1,9,Ｓ級特選,19:06,19:01,7,https://keirin.kdreams.jp/aomori/racedetail/1220250412030009/?pageType=result,2026-08-31T05:41:25.515951+00:00,4-1/2-5/3-7/6,published,アオケイ,楽天Kドリームス 並び予想
1220250412030010,2025-04-14,青森競輪,F1,10,Ｓ級特選,19:32,19:27,7,https://keirin.kdreams.jp/aomori/racedetail/1220250412030010/?pageType=result,2026-08-31T05:41:27.074688+00:00,7-1-5/2-6/4-3,published,アオケイ,楽天Kドリームス 並び予想
1220250412030012,2025-04-14,青森競輪,F1,12,Ｓ級決勝,20:30,20:25,7,https://keirin.kdreams.jp/aomori/racedetail/1220250412030012/?pageType=result,2026-08-31T05:41:28.638092+00:00,4-3/1-6/2-7-5,published,アオケイ,楽天Kドリームス 並び予想
8620250415010006,2025-04-15,別府競輪,F1,6,Ｓ級予選,17:49,17:44,7,https://keirin.kdreams.jp/beppu/racedetail/8620250415010006/?pageType=result,2026-08-31T05:42:09.153040+00:00,5-2/7-1-4/3-6,published,ダービー,楽天Kドリームス 並び予想
8620250415010007,2025-04-15,別府競輪,F1,7,Ｓ級予選,18:14,18:09,7,https://keirin.kdreams.jp/beppu/racedetail/8620250415010007/?pageType=result,2026-08-31T05:42:10.703739+00:00,3-6/5-7-1/4-2,published,ダービー,楽天Kドリームス 並び予想
8620250415010008,2025-04-15,別府競輪,F1,8,Ｓ級予選,18:40,18:35,7,https://keirin.kdreams.jp/beppu/racedetail/8620250415010008/?pageType=result,2026-08-31T05:42:12.377900+00:00,4-1/7-2/3-5/6,published,ダービー,楽天Kドリームス 並び予想
8620250415010009,2025-04-15,別府競輪,F1,9,Ｓ級予選,19:06,19:01,7,https://keirin.kdreams.jp/beppu/racedetail/8620250415010009/?pageType=result,2026-08-31T05:42:13.942495+00:00,3-6/2-4/7-5-1,published,ダービー,楽天Kドリームス 並び予想
8620250415010010,2025-04-15,別府競輪,F1,10,Ｓ級予選,19:32,19:27,7,https://keirin.kdreams.jp/beppu/racedetail/8620250415010010/?pageType=result,2026-08-31T05:42:15.558489+00:00,4-1-6/2-7/5-3,published,ダービー,楽天Kドリームス 並び予想
8620250415010011,2025-04-15,別府競輪,F1,11,Ｓ級予選,20:00,19:55,7,https://keirin.kdreams.jp/beppu/racedetail/8620250415010011/?pageType=result,2026-08-31T05:42:17.096327+00:00,4-2/6-1-5/3-7,published,ダービー,楽天Kドリームス 並び予想
8620250415010012,2025-04-15,別府競輪,F1,12,Ｓ級初特選,20:30,20:25,7,https://keirin.kdreams.jp/beppu/racedetail/8620250415010012/?pageType=result,2026-08-31T05:42:18.685991+00:00,7-4-2/1/5-3-6,published,ダービー,楽天Kドリームス 並び予想
4520250414020006,2025-04-15,豊橋競輪,F1,6,Ｓ級一般,13:03,12:58,6,https://keirin.kdreams.jp/toyohashi/racedetail/4520250414020006/?pageType=result,2026-08-31T05:41:43.630999+00:00,4-1-6/5-3-2,published,中部競輪,楽天Kドリームス 並び予想
4520250414020007,2025-04-15,豊橋競輪,F1,7,Ｓ級一般,13:33,13:28,6,https://keirin.kdreams.jp/toyohashi/racedetail/4520250414020007/?pageType=result,2026-08-31T05:41:45.304321+00:00,3-4-1/2-5-6,published,中部競輪,楽天Kドリームス 並び予想
4520250414020008,2025-04-15,豊橋競輪,F1,8,Ｓ級選抜,14:03,13:58,7,https://keirin.kdreams.jp/toyohashi/racedetail/4520250414020008/?pageType=result,2026-08-31T05:41:46.883309+00:00,5-1/2-4-6/3-7,published,中部競輪,楽天Kドリームス 並び予想
4520250414020009,2025-04-15,豊橋競輪,F1,9,Ｓ級選抜,14:34,14:29,7,https://keirin.kdreams.jp/toyohashi/racedetail/4520250414020009/?pageType=result,2026-08-31T05:41:48.427233+00:00,5-1-6/7-3-2/4,published,中部競輪,楽天Kドリームス 並び予想
4520250414020010,2025-04-15,豊橋競輪,F1,10,Ｓ級準決勝,15:06,15:01,7,https://keirin.kdreams.jp/toyohashi/racedetail/4520250414020010/?pageType=result,2026-08-31T05:41:50.940374+00:00,1-4-7/5-2/3-6,published,中部競輪,楽天Kドリームス 並び予想
4520250414020011,2025-04-15,豊橋競輪,F1,11,Ｓ級準決勝,15:38,15:33,7,https://keirin.kdreams.jp/toyohashi/racedetail/4520250414020011/?pageType=result,2026-08-31T05:41:52.814165+00:00,3-5-1/7-4-2/6,published,中部競輪,楽天Kドリームス 並び予想
4520250414020012,2025-04-15,豊橋競輪,F1,12,Ｓ級準決勝,16:10,16:05,7,https://keirin.kdreams.jp/toyohashi/racedetail/4520250414020012/?pageType=result,2026-08-31T05:41:54.527728+00:00,4-1-3/7-2-5/6,published,中部競輪,楽天Kドリームス 並び予想
1120250416010006,2025-04-16,函館競輪,F1,6,Ｓ級予選,17:40,17:35,7,https://keirin.kdreams.jp/hakodate/racedetail/1120250416010006/?pageType=result,2026-08-31T05:42:44.199439+00:00,7-1/4-2-6/3-5,published,北競,楽天Kドリームス 並び予想
1120250416010007,2025-04-16,函館競輪,F1,7,Ｓ級予選,18:04,17:59,7,https://keirin.kdreams.jp/hakodate/racedetail/1120250416010007/?pageType=result,2026-08-31T05:42:46.907341+00:00,1-5-7/4-2/3-6,published,北競,楽天Kドリームス 並び予想
1120250416010008,2025-04-16,函館競輪,F1,8,Ｓ級予選,18:28,18:23,7,https://keirin.kdreams.jp/hakodate/racedetail/1120250416010008/?pageType=result,2026-08-31T05:42:48.770380+00:00,7-1/4-2-6/5-3,published,北競,楽天Kドリームス 並び予想
1120250416010009,2025-04-16,函館競輪,F1,9,Ｓ級予選,18:53,18:48,7,https://keirin.kdreams.jp/hakodate/racedetail/1120250416010009/?pageType=result,2026-08-31T05:42:50.479655+00:00,5-1/4-2/7/6-3,published,北競,楽天Kドリームス 並び予想
1120250416010010,2025-04-16,函館競輪,F1,10,Ｓ級予選,19:20,19:15,7,https://keirin.kdreams.jp/hakodate/racedetail/1120250416010010/?pageType=result,2026-08-31T05:42:52.129381+00:00,7-2/4/6-1/3-5,published,北競,楽天Kドリームス 並び予想
1120250416010011,2025-04-16,函館競輪,F1,11,Ｓ級予選,19:48,19:43,7,https://keirin.kdreams.jp/hakodate/racedetail/1120250416010011/?pageType=result,2026-08-31T05:42:53.700474+00:00,7-2/4-1-5/3-6,published,北競,楽天Kドリームス 並び予想
1120250416010012,2025-04-16,函館競輪,F1,12,Ｓ級初特選,20:19,20:14,7,https://keirin.kdreams.jp/hakodate/racedetail/1120250416010012/?pageType=result,2026-08-31T05:42:55.297070+00:00,1-7/5-2/6-3/4,published,北競,楽天Kドリームス 並び予想
8620250415020006,2025-04-16,別府競輪,F1,6,Ｓ級一般,17:48,17:43,6,https://keirin.kdreams.jp/beppu/racedetail/8620250415020006/?pageType=result,2026-08-31T05:42:21.447637+00:00,2-5/1/6-3/4,published,ダービー,楽天Kドリームス 並び予想
8620250415020007,2025-04-16,別府競輪,F1,7,Ｓ級一般,18:12,18:07,7,https://keirin.kdreams.jp/beppu/racedetail/8620250415020007/?pageType=result,2026-08-31T05:42:23.304839+00:00,2-7-5/1-6/4/3,published,ダービー,楽天Kドリームス 並び予想
8620250415020008,2025-04-16,別府競輪,F1,8,Ｓ級選抜,18:36,18:31,7,https://keirin.kdreams.jp/beppu/racedetail/8620250415020008/?pageType=result,2026-08-31T05:42:25.115949+00:00,1-7-4/2/6-3/5,published,ダービー,楽天Kドリームス 並び予想
8620250415020009,2025-04-16,別府競輪,F1,9,Ｓ級選抜,19:02,18:57,7,https://keirin.kdreams.jp/beppu/racedetail/8620250415020009/?pageType=result,2026-08-31T05:42:26.665108+00:00,5-3-1/4/2-7-6,published,ダービー,楽天Kドリームス 並び予想
8620250415020010,2025-04-16,別府競輪,F1,10,Ｓ級準決勝,19:29,19:24,7,https://keirin.kdreams.jp/beppu/racedetail/8620250415020010/?pageType=result,2026-08-31T05:42:28.291937+00:00,7-1/5-2-4/6-3,published,ダービー,楽天Kドリームス 並び予想
8620250415020011,2025-04-16,別府競輪,F1,11,Ｓ級準決勝,19:58,19:53,7,https://keirin.kdreams.jp/beppu/racedetail/8620250415020011/?pageType=result,2026-08-31T05:42:29.854019+00:00,2-5-4/6-1/3-7,published,ダービー,楽天Kドリームス 並び予想
8620250415020012,2025-04-16,別府競輪,F1,12,Ｓ級準決勝,20:30,20:25,7,https://keirin.kdreams.jp/beppu/racedetail/8620250415020012/?pageType=result,2026-08-31T05:42:31.716337+00:00,5-1/2-6/4-7-3,published,ダービー,楽天Kドリームス 並び予想
4520250414030005,2025-04-16,豊橋競輪,F1,5,Ｓ級一般,12:37,12:32,6,https://keirin.kdreams.jp/toyohashi/racedetail/4520250414030005/?pageType=result,2026-08-31T05:41:56.102726+00:00,3-1-5/4-6-2,published,中部競輪,楽天Kドリームス 並び予想
4520250414030006,2025-04-16,豊橋競輪,F1,6,Ｓ級一般,13:05,13:00,7,https://keirin.kdreams.jp/toyohashi/racedetail/4520250414030006/?pageType=result,2026-08-31T05:41:57.663445+00:00,1-4-6/2/7-5-3,published,中部競輪,楽天Kドリームス 並び予想
4520250414030007,2025-04-16,豊橋競輪,F1,7,Ｓ級一般,13:33,13:28,7,https://keirin.kdreams.jp/toyohashi/racedetail/4520250414030007/?pageType=result,2026-08-31T05:41:59.281995+00:00,2-5-7/1/4-3-6,published,中部競輪,楽天Kドリームス 並び予想
4520250414030008,2025-04-16,豊橋競輪,F1,8,Ｓ級特選,14:02,13:57,7,https://keirin.kdreams.jp/toyohashi/racedetail/4520250414030008/?pageType=result,2026-08-31T05:42:00.850197+00:00,1-5-7/3-4-2-6,published,中部競輪,楽天Kドリームス 並び予想
4520250414030009,2025-04-16,豊橋競輪,F1,9,Ｓ級特選,14:32,14:27,7,https://keirin.kdreams.jp/toyohashi/racedetail/4520250414030009/?pageType=result,2026-08-31T05:42:02.520262+00:00,7-1-5/2-4/3-6,published,中部競輪,楽天Kドリームス 並び予想
4520250414030010,2025-04-16,豊橋競輪,F1,10,Ｓ級特選,15:03,14:58,7,https://keirin.kdreams.jp/toyohashi/racedetail/4520250414030010/?pageType=result,2026-08-31T05:42:05.475781+00:00,4-3-1/5-2-6/7,published,中部競輪,楽天Kドリームス 並び予想
4520250414030012,2025-04-16,豊橋競輪,F1,12,Ｓ級決勝,16:10,16:05,7,https://keirin.kdreams.jp/toyohashi/racedetail/4520250414030012/?pageType=result,2026-08-31T05:42:07.443997+00:00,1-6/2-5-4/7-3,published,中部競輪,楽天Kドリームス 並び予想
1120250416020006,2025-04-17,函館競輪,F1,6,Ｓ級一般,17:40,17:35,7,https://keirin.kdreams.jp/hakodate/racedetail/1120250416020006/?pageType=result,2026-08-31T05:42:56.850218+00:00,1-6/7-4-2/3-5,published,北競,楽天Kドリームス 並び予想
1120250416020007,2025-04-17,函館競輪,F1,7,Ｓ級一般,18:04,17:59,7,https://keirin.kdreams.jp/hakodate/racedetail/1120250416020007/?pageType=result,2026-08-31T05:42:58.445606+00:00,1-6/3/2-5/7-4,published,北競,楽天Kドリームス 並び予想
1120250416020008,2025-04-17,函館競輪,F1,8,Ｓ級選抜,18:28,18:23,7,https://keirin.kdreams.jp/hakodate/racedetail/1120250416020008/?pageType=result,2026-08-31T05:43:00.002940+00:00,2-5-4/1-6/3-7,published,北競,楽天Kドリームス 並び予想
1120250416020009,2025-04-17,函館競輪,F1,9,Ｓ級選抜,18:53,18:48,7,https://keirin.kdreams.jp/hakodate/racedetail/1120250416020009/?pageType=result,2026-08-31T05:43:01.830772+00:00,1-5-7/6/2-4-3,published,北競,楽天Kドリームス 並び予想
1120250416020010,2025-04-17,函館競輪,F1,10,Ｓ級準決勝,19:20,19:15,7,https://keirin.kdreams.jp/hakodate/racedetail/1120250416020010/?pageType=result,2026-08-31T05:43:03.391297+00:00,1-5/4-7-2/6-3,published,北競,楽天Kドリームス 並び予想
1120250416020011,2025-04-17,函館競輪,F1,11,Ｓ級準決勝,19:48,19:43,7,https://keirin.kdreams.jp/hakodate/racedetail/1120250416020011/?pageType=result,2026-08-31T05:43:05.001447+00:00,4-2-5/7-1/6-3,published,北競,楽天Kドリームス 並び予想
1120250416020012,2025-04-17,函館競輪,F1,12,Ｓ級準決勝,20:19,20:14,7,https://keirin.kdreams.jp/hakodate/racedetail/1120250416020012/?pageType=result,2026-08-31T05:43:06.567548+00:00,7-5-1/4-2/6-3,published,北競,楽天Kドリームス 並び予想
8620250415030005,2025-04-17,別府競輪,F1,5,Ｓ級一般,17:24,17:19,6,https://keirin.kdreams.jp/beppu/racedetail/8620250415030005/?pageType=result,2026-08-31T05:42:33.083784+00:00,5-1/2-4/3/6,published,ダービー,楽天Kドリームス 並び予想
8620250415030006,2025-04-17,別府競輪,F1,6,Ｓ級一般,17:48,17:43,6,https://keirin.kdreams.jp/beppu/racedetail/8620250415030006/?pageType=result,2026-08-31T05:42:34.449648+00:00,1-4/5-3/2-6,published,ダービー,楽天Kドリームス 並び予想
8620250415030007,2025-04-17,別府競輪,F1,7,Ｓ級一般,18:12,18:07,7,https://keirin.kdreams.jp/beppu/racedetail/8620250415030007/?pageType=result,2026-08-31T05:42:36.092477+00:00,5-1/2-7-6/4-3,published,ダービー,楽天Kドリームス 並び予想
8620250415030008,2025-04-17,別府競輪,F1,8,Ｓ級特選,18:36,18:31,7,https://keirin.kdreams.jp/beppu/racedetail/8620250415030008/?pageType=result,2026-08-31T05:42:37.753672+00:00,7-1/6-2/5/3-4,published,ダービー,楽天Kドリームス 並び予想
8620250415030009,2025-04-17,別府競輪,F1,9,Ｓ級特選,19:02,18:57,7,https://keirin.kdreams.jp/beppu/racedetail/8620250415030009/?pageType=result,2026-08-31T05:42:39.428953+00:00,4-2-6/7-1/3-5,published,ダービー,楽天Kドリームス 並び予想
8620250415030010,2025-04-17,別府競輪,F1,10,Ｓ級特選,19:29,19:24,7,https://keirin.kdreams.jp/beppu/racedetail/8620250415030010/?pageType=result,2026-08-31T05:42:40.991282+00:00,4-1-7-5-3/6-2,published,ダービー,楽天Kドリームス 並び予想
8620250415030012,2025-04-17,別府競輪,F1,12,Ｓ級決勝,20:30,20:25,7,https://keirin.kdreams.jp/beppu/racedetail/8620250415030012/?pageType=result,2026-08-31T05:42:42.639261+00:00,1-7-4/2-5-3-6,published,ダービー,楽天Kドリームス 並び予想
2520250417010006,2025-04-17,大宮競輪,F1,6,Ｓ級予選,13:05,13:00,7,https://keirin.kdreams.jp/omiya/racedetail/2520250417010006/?pageType=result,2026-08-31T05:43:19.269906+00:00,1-7-4/6-2/3-5,published,アオケイ,楽天Kドリームス 並び予想
2520250417010007,2025-04-17,大宮競輪,F1,7,Ｓ級予選,13:33,13:28,7,https://keirin.kdreams.jp/omiya/racedetail/2520250417010007/?pageType=result,2026-08-31T05:43:20.818205+00:00,3-4/5-7-1/2-6,published,アオケイ,楽天Kドリームス 並び予想
2520250417010008,2025-04-17,大宮競輪,F1,8,Ｓ級予選,14:02,13:57,7,https://keirin.kdreams.jp/omiya/racedetail/2520250417010008/?pageType=result,2026-08-31T05:43:22.339040+00:00,1-7/5-3/6-4-2,published,アオケイ,楽天Kドリームス 並び予想
2520250417010009,2025-04-17,大宮競輪,F1,9,Ｓ級予選,14:32,14:27,7,https://keirin.kdreams.jp/omiya/racedetail/2520250417010009/?pageType=result,2026-08-31T05:43:23.945549+00:00,2-7-6/5-1/3-4,published,アオケイ,楽天Kドリームス 並び予想
2520250417010010,2025-04-17,大宮競輪,F1,10,Ｓ級予選,15:03,14:58,7,https://keirin.kdreams.jp/omiya/racedetail/2520250417010010/?pageType=result,2026-08-31T05:43:25.491530+00:00,4-5-2/6/7-3-1,published,アオケイ,楽天Kドリームス 並び予想
2520250417010011,2025-04-17,大宮競輪,F1,11,Ｓ級予選,15:36,15:31,7,https://keirin.kdreams.jp/omiya/racedetail/2520250417010011/?pageType=result,2026-08-31T05:43:27.092650+00:00,5-2/1-4-7/6-3,published,アオケイ,楽天Kドリームス 並び予想
2520250417010012,2025-04-17,大宮競輪,F1,12,Ｓ級初特選,16:10,16:05,7,https://keirin.kdreams.jp/omiya/racedetail/2520250417010012/?pageType=result,2026-08-31T05:43:28.660866+00:00,2-6/1/5/4-7-3,published,アオケイ,楽天Kドリームス 並び予想
1120250416030005,2025-04-18,函館競輪,F1,5,Ｓ級一般,17:28,17:23,7,https://keirin.kdreams.jp/hakodate/racedetail/1120250416030005/?pageType=result,2026-08-31T05:43:08.134633+00:00,7-1-2-5/3-4-6,published,北競,楽天Kドリームス 並び予想
1120250416030006,2025-04-18,函館競輪,F1,6,Ｓ級一般,17:52,17:47,7,https://keirin.kdreams.jp/hakodate/racedetail/1120250416030006/?pageType=result,2026-08-31T05:43:09.767172+00:00,1-4/2/5-3/6-7,published,北競,楽天Kドリームス 並び予想
1120250416030007,2025-04-18,函館競輪,F1,7,Ｓ級一般,18:16,18:11,7,https://keirin.kdreams.jp/hakodate/racedetail/1120250416030007/?pageType=result,2026-08-31T05:43:11.319826+00:00,1-5-4/7/2-3-6,published,北競,楽天Kドリームス 並び予想
1120250416030008,2025-04-18,函館競輪,F1,8,Ｓ級特選,18:41,18:36,7,https://keirin.kdreams.jp/hakodate/racedetail/1120250416030008/?pageType=result,2026-08-31T05:43:12.932915+00:00,4-1/2-7/5-3/6,published,北競,楽天Kドリームス 並び予想
1120250416030009,2025-04-18,函館競輪,F1,9,Ｓ級特選,19:07,19:02,7,https://keirin.kdreams.jp/hakodate/racedetail/1120250416030009/?pageType=result,2026-08-31T05:43:14.515176+00:00,5-1/7-2/3-6/4,published,北競,楽天Kドリームス 並び予想
1120250416030010,2025-04-18,函館競輪,F1,10,Ｓ級特選,19:33,19:28,7,https://keirin.kdreams.jp/hakodate/racedetail/1120250416030010/?pageType=result,2026-08-31T05:43:16.122030+00:00,2-6/5-1-7/3-4,published,北競,楽天Kドリームス 並び予想
1120250416030012,2025-04-18,函館競輪,F1,12,Ｓ級決勝,20:30,20:25,7,https://keirin.kdreams.jp/hakodate/racedetail/1120250416030012/?pageType=result,2026-08-31T05:43:17.676996+00:00,4-7-1-6/5-2-3,published,北競,楽天Kドリームス 並び予想
2520250417020006,2025-04-18,大宮競輪,F1,6,Ｓ級一般,13:14,13:09,6,https://keirin.kdreams.jp/omiya/racedetail/2520250417020006/?pageType=result,2026-08-31T05:43:30.096149+00:00,1-4-5/3/2-6,published,アオケイ,楽天Kドリームス 並び予想
2520250417020007,2025-04-18,大宮競輪,F1,7,Ｓ級一般,13:44,13:39,7,https://keirin.kdreams.jp/omiya/racedetail/2520250417020007/?pageType=result,2026-08-31T05:43:31.481760+00:00,5-1-7-6/2-4-3,published,アオケイ,楽天Kドリームス 並び予想
2520250417020008,2025-04-18,大宮競輪,F1,8,Ｓ級選抜,14:14,14:09,7,https://keirin.kdreams.jp/omiya/racedetail/2520250417020008/?pageType=result,2026-08-31T05:43:33.038762+00:00,2-4-5/3/6-7-1,published,アオケイ,楽天Kドリームス 並び予想
2520250417020009,2025-04-18,大宮競輪,F1,9,Ｓ級選抜,14:44,14:39,7,https://keirin.kdreams.jp/omiya/racedetail/2520250417020009/?pageType=result,2026-08-31T05:43:34.669037+00:00,1-4-7/5-2-3/6,published,アオケイ,楽天Kドリームス 並び予想
2520250417020010,2025-04-18,大宮競輪,F1,10,Ｓ級準決勝,15:16,15:11,7,https://keirin.kdreams.jp/omiya/racedetail/2520250417020010/?pageType=result,2026-08-31T05:43:36.223878+00:00,1-5/2-7/4/3-6,published,アオケイ,楽天Kドリームス 並び予想
2520250417020011,2025-04-18,大宮競輪,F1,11,Ｓ級準決勝,15:49,15:44,7,https://keirin.kdreams.jp/omiya/racedetail/2520250417020011/?pageType=result,2026-08-31T05:43:37.825434+00:00,6-1-5/2-7/4-3,published,アオケイ,楽天Kドリームス 並び予想
2520250417020012,2025-04-18,大宮競輪,F1,12,Ｓ級準決勝,16:22,16:17,7,https://keirin.kdreams.jp/omiya/racedetail/2520250417020012/?pageType=result,2026-08-31T05:43:39.377475+00:00,2/4/1-5-6/7-3,published,アオケイ,楽天Kドリームス 並び予想
6120250418010006,2025-04-18,玉野競輪,F1,6,Ｓ級予選,13:04,12:59,7,https://keirin.kdreams.jp/tamano/racedetail/6120250418010006/?pageType=result,2026-08-31T05:43:51.330776+00:00,1-7-4/6-2/3-5,published,競輪毎日,楽天Kドリームス 並び予想
6120250418010007,2025-04-18,玉野競輪,F1,7,Ｓ級予選,13:34,13:29,7,https://keirin.kdreams.jp/tamano/racedetail/6120250418010007/?pageType=result,2026-08-31T05:43:52.868558+00:00,1-5-7/6-2/4-3,published,競輪毎日,楽天Kドリームス 並び予想
6120250418010008,2025-04-18,玉野競輪,F1,8,Ｓ級予選,14:04,13:59,7,https://keirin.kdreams.jp/tamano/racedetail/6120250418010008/?pageType=result,2026-08-31T05:43:54.418680+00:00,7-4-1/5-2-6/3,published,競輪毎日,楽天Kドリームス 並び予想
6120250418010009,2025-04-18,玉野競輪,F1,9,Ｓ級予選,14:34,14:29,7,https://keirin.kdreams.jp/tamano/racedetail/6120250418010009/?pageType=result,2026-08-31T05:43:56.102566+00:00,1-7/3-5-4/6-2,published,競輪毎日,楽天Kドリームス 並び予想
6120250418010010,2025-04-18,玉野競輪,F1,10,Ｓ級予選,15:05,15:00,7,https://keirin.kdreams.jp/tamano/racedetail/6120250418010010/?pageType=result,2026-08-31T05:43:57.664417+00:00,5-1-7/2-4/6-3,published,競輪毎日,楽天Kドリームス 並び予想
6120250418010011,2025-04-18,玉野競輪,F1,11,Ｓ級予選,15:38,15:33,7,https://keirin.kdreams.jp/tamano/racedetail/6120250418010011/?pageType=result,2026-08-31T05:43:59.264751+00:00,4-1/5-7-2/6-3,published,競輪毎日,楽天Kドリームス 並び予想
6120250418010012,2025-04-18,玉野競輪,F1,12,Ｓ級初特選,16:11,16:06,7,https://keirin.kdreams.jp/tamano/racedetail/6120250418010012/?pageType=result,2026-08-31T05:44:02.199030+00:00,5-7-1/4-2/6-3,published,競輪毎日,楽天Kドリームス 並び予想
2520250417030005,2025-04-19,大宮競輪,F1,5,Ｓ級一般,12:44,12:39,5,https://keirin.kdreams.jp/omiya/racedetail/2520250417030005/?pageType=result,2026-08-31T05:43:40.788397+00:00,3/4-1-5/2,published,アオケイ,楽天Kドリームス 並び予想
2520250417030006,2025-04-19,大宮競輪,F1,6,Ｓ級一般,13:12,13:07,6,https://keirin.kdreams.jp/omiya/racedetail/2520250417030006/?pageType=result,2026-08-31T05:43:42.158126+00:00,1-5-4/6-2-3,published,アオケイ,楽天Kドリームス 並び予想
2520250417030007,2025-04-19,大宮競輪,F1,7,Ｓ級一般,13:40,13:35,6,https://keirin.kdreams.jp/omiya/racedetail/2520250417030007/?pageType=result,2026-08-31T05:43:43.529566+00:00,1-3/4/5/6-2,published,アオケイ,楽天Kドリームス 並び予想
2520250417030008,2025-04-19,大宮競輪,F1,8,Ｓ級特選,14:10,14:05,7,https://keirin.kdreams.jp/omiya/racedetail/2520250417030008/?pageType=result,2026-08-31T05:43:45.136846+00:00,5-2-4/7-1/3-6,published,アオケイ,楽天Kドリームス 並び予想
2520250417030009,2025-04-19,大宮競輪,F1,9,Ｓ級特選,14:40,14:35,7,https://keirin.kdreams.jp/omiya/racedetail/2520250417030009/?pageType=result,2026-08-31T05:43:46.696721+00:00,1-4-7/2-5/3-6,published,アオケイ,楽天Kドリームス 並び予想
2520250417030010,2025-04-19,大宮競輪,F1,10,Ｓ級特選,15:10,15:05,7,https://keirin.kdreams.jp/omiya/racedetail/2520250417030010/?pageType=result,2026-08-31T05:43:48.287324+00:00,4-1/7-2/3-6-5,published,アオケイ,楽天Kドリームス 並び予想
2520250417030012,2025-04-19,大宮競輪,F1,12,Ｓ級決勝,16:10,16:05,7,https://keirin.kdreams.jp/omiya/racedetail/2520250417030012/?pageType=result,2026-08-31T05:43:49.879456+00:00,3-5/2/4-1/6/7,published,アオケイ,楽天Kドリームス 並び予想
6120250418020006,2025-04-19,玉野競輪,F1,6,Ｓ級一般,12:58,12:53,7,https://keirin.kdreams.jp/tamano/racedetail/6120250418020006/?pageType=result,2026-08-31T05:44:04.183435+00:00,1-6/4/2-5/7-3,published,競輪毎日,楽天Kドリームス 並び予想
6120250418020007,2025-04-19,玉野競輪,F1,7,Ｓ級一般,13:26,13:21,7,https://keirin.kdreams.jp/tamano/racedetail/6120250418020007/?pageType=result,2026-08-31T05:44:05.929326+00:00,1-6/7-2-4/3-5,published,競輪毎日,楽天Kドリームス 並び予想
6120250418020008,2025-04-19,玉野競輪,F1,8,Ｓ級選抜,13:55,13:50,7,https://keirin.kdreams.jp/tamano/racedetail/6120250418020008/?pageType=result,2026-08-31T05:44:07.555773+00:00,6-2/1-7/4/5-3,published,競輪毎日,楽天Kドリームス 並び予想
6120250418020009,2025-04-19,玉野競輪,F1,9,Ｓ級選抜,14:25,14:20,7,https://keirin.kdreams.jp/tamano/racedetail/6120250418020009/?pageType=result,2026-08-31T05:44:09.131201+00:00,6-1-5/4-7/2-3,published,競輪毎日,楽天Kドリームス 並び予想
6120250418020010,2025-04-19,玉野競輪,F1,10,Ｓ級準決勝,14:55,14:50,7,https://keirin.kdreams.jp/tamano/racedetail/6120250418020010/?pageType=result,2026-08-31T05:44:10.756546+00:00,7-1/4-6-2/3-5,published,競輪毎日,楽天Kドリームス 並び予想
6120250418020011,2025-04-19,玉野競輪,F1,11,Ｓ級準決勝,15:25,15:20,7,https://keirin.kdreams.jp/tamano/racedetail/6120250418020011/?pageType=result,2026-08-31T05:44:12.332017+00:00,1-6/2-7-5/3-4,published,競輪毎日,楽天Kドリームス 並び予想
6120250418020012,2025-04-19,玉野競輪,F1,12,Ｓ級準決勝,15:55,15:50,7,https://keirin.kdreams.jp/tamano/racedetail/6120250418020012/?pageType=result,2026-08-31T05:44:13.900016+00:00,1-4/5-2-7/6-3,published,競輪毎日,楽天Kドリームス 並び予想
6120250418030005,2025-04-20,玉野競輪,F1,5,Ｓ級一般,12:41,12:36,7,https://keirin.kdreams.jp/tamano/racedetail/6120250418030005/?pageType=result,2026-08-31T05:44:15.612484+00:00,6-1/2-5/3-4/7,published,競輪毎日,楽天Kドリームス 並び予想
6120250418030006,2025-04-20,玉野競輪,F1,6,Ｓ級一般,13:10,13:05,7,https://keirin.kdreams.jp/tamano/racedetail/6120250418030006/?pageType=result,2026-08-31T05:44:17.188012+00:00,1-5/4-2/3-7-6,published,競輪毎日,楽天Kドリームス 並び予想
6120250418030007,2025-04-20,玉野競輪,F1,7,Ｓ級一般,13:39,13:34,7,https://keirin.kdreams.jp/tamano/racedetail/6120250418030007/?pageType=result,2026-08-31T05:44:18.819588+00:00,1-4/6-2/3-7-5,published,競輪毎日,楽天Kドリームス 並び予想
6120250418030008,2025-04-20,玉野競輪,F1,8,Ｓ級特選,14:08,14:03,7,https://keirin.kdreams.jp/tamano/racedetail/6120250418030008/?pageType=result,2026-08-31T05:44:20.395895+00:00,4-1-5/7-2/3-6,published,競輪毎日,楽天Kドリームス 並び予想
6120250418030009,2025-04-20,玉野競輪,F1,9,Ｓ級特選,14:37,14:32,7,https://keirin.kdreams.jp/tamano/racedetail/6120250418030009/?pageType=result,2026-08-31T05:44:22.022150+00:00,1-4-7/6-2/3-5,published,競輪毎日,楽天Kドリームス 並び予想
6120250418030010,2025-04-20,玉野競輪,F1,10,Ｓ級特選,15:06,15:01,7,https://keirin.kdreams.jp/tamano/racedetail/6120250418030010/?pageType=result,2026-08-31T05:44:23.580556+00:00,7-1/5-2-6/3-4,published,競輪毎日,楽天Kドリームス 並び予想
6120250418030012,2025-04-20,玉野競輪,F1,12,Ｓ級決勝,16:10,16:05,7,https://keirin.kdreams.jp/tamano/racedetail/6120250418030012/?pageType=result,2026-08-31T05:44:25.180926+00:00,1-6/2-5/7-3/4,published,競輪毎日,楽天Kドリームス 並び予想
8720250421010006,2025-04-21,熊本競輪,F1,6,Ｓ級予選,13:02,12:57,7,https://keirin.kdreams.jp/kumamoto/racedetail/8720250421010006/?pageType=result,2026-08-31T05:45:57.703064+00:00,3-4/7-1/5-2/6,published,コンドル出版社,楽天Kドリームス 並び予想
8720250421010007,2025-04-21,熊本競輪,F1,7,Ｓ級予選,13:31,13:26,7,https://keirin.kdreams.jp/kumamoto/racedetail/8720250421010007/?pageType=result,2026-08-31T05:45:59.255821+00:00,5-7-2/6-1/3-4,published,コンドル出版社,楽天Kドリームス 並び予想
8720250421010008,2025-04-21,熊本競輪,F1,8,Ｓ級予選,14:01,13:56,7,https://keirin.kdreams.jp/kumamoto/racedetail/8720250421010008/?pageType=result,2026-08-31T05:46:02.112812+00:00,5-1/6-2/3-7/4,published,コンドル出版社,楽天Kドリームス 並び予想
8720250421010009,2025-04-21,熊本競輪,F1,9,Ｓ級予選,14:31,14:26,7,https://keirin.kdreams.jp/kumamoto/racedetail/8720250421010009/?pageType=result,2026-08-31T05:46:04.156904+00:00,1-3-5/7-2-4/6,published,コンドル出版社,楽天Kドリームス 並び予想
8720250421010011,2025-04-21,熊本競輪,F1,11,Ｓ級予選,15:37,15:32,7,https://keirin.kdreams.jp/kumamoto/racedetail/8720250421010011/?pageType=result,2026-08-31T05:46:05.942606+00:00,2-5/6-1-4/3-7,published,コンドル出版社,楽天Kドリームス 並び予想
8720250421010012,2025-04-21,熊本競輪,F1,12,Ｓ級初特選,16:11,16:06,7,https://keirin.kdreams.jp/kumamoto/racedetail/8720250421010012/?pageType=result,2026-08-31T05:46:07.488872+00:00,1-4-6/5-2/3-7,published,コンドル出版社,楽天Kドリームス 並び予想
2320250422010006,2025-04-22,取手競輪,F1,6,Ｓ級予選,12:58,12:53,7,https://keirin.kdreams.jp/toride/racedetail/2320250422010006/?pageType=result,2026-08-31T05:46:37.207354+00:00,5-3/6-1/7-2-4,published,アオケイ,楽天Kドリームス 並び予想
2320250422010007,2025-04-22,取手競輪,F1,7,Ｓ級予選,13:26,13:21,7,https://keirin.kdreams.jp/toride/racedetail/2320250422010007/?pageType=result,2026-08-31T05:46:38.752427+00:00,4-2-7/6/3-5-1,published,アオケイ,楽天Kドリームス 並び予想
2320250422010008,2025-04-22,取手競輪,F1,8,Ｓ級予選,13:56,13:51,7,https://keirin.kdreams.jp/toride/racedetail/2320250422010008/?pageType=result,2026-08-31T05:46:40.350207+00:00,7-1/4-2/5-3-6,published,アオケイ,楽天Kドリームス 並び予想
2320250422010009,2025-04-22,取手競輪,F1,9,Ｓ級予選,14:26,14:21,7,https://keirin.kdreams.jp/toride/racedetail/2320250422010009/?pageType=result,2026-08-31T05:46:41.897244+00:00,5-2/1/7/4-3-6,published,アオケイ,楽天Kドリームス 並び予想
2320250422010010,2025-04-22,取手競輪,F1,10,Ｓ級予選,14:57,14:52,7,https://keirin.kdreams.jp/toride/racedetail/2320250422010010/?pageType=result,2026-08-31T05:46:44.916128+00:00,1-5-3/6/7-2-4,published,アオケイ,楽天Kドリームス 並び予想
2320250422010011,2025-04-22,取手競輪,F1,11,Ｓ級予選,15:31,15:26,7,https://keirin.kdreams.jp/toride/racedetail/2320250422010011/?pageType=result,2026-08-31T05:46:48.824909+00:00,1-4-7/3-5/6-2,published,アオケイ,楽天Kドリームス 並び予想
2320250422010012,2025-04-22,取手競輪,F1,12,Ｓ級初特選,16:07,16:02,7,https://keirin.kdreams.jp/toride/racedetail/2320250422010012/?pageType=result,2026-08-31T05:46:50.839449+00:00,5-1-6/7/4/2-3,published,アオケイ,楽天Kドリームス 並び予想
8720250421020006,2025-04-22,熊本競輪,F1,6,Ｓ級一般,13:07,13:02,7,https://keirin.kdreams.jp/kumamoto/racedetail/8720250421020006/?pageType=result,2026-08-31T05:46:09.043244+00:00,4-2/1-5/7-3/6,published,コンドル出版社,楽天Kドリームス 並び予想
8720250421020007,2025-04-22,熊本競輪,F1,7,Ｓ級一般,13:36,13:31,7,https://keirin.kdreams.jp/kumamoto/racedetail/8720250421020007/?pageType=result,2026-08-31T05:46:10.670303+00:00,1-7-4/6-2/3/5,published,コンドル出版社,楽天Kドリームス 並び予想
8720250421020008,2025-04-22,熊本競輪,F1,8,Ｓ級選抜,14:06,14:01,7,https://keirin.kdreams.jp/kumamoto/racedetail/8720250421020008/?pageType=result,2026-08-31T05:46:12.251347+00:00,7-3-5/1/2-4/6,published,コンドル出版社,楽天Kドリームス 並び予想
8720250421020009,2025-04-22,熊本競輪,F1,9,Ｓ級選抜,14:36,14:31,7,https://keirin.kdreams.jp/kumamoto/racedetail/8720250421020009/?pageType=result,2026-08-31T05:46:13.939735+00:00,1-5/2-7/6-3/4,published,コンドル出版社,楽天Kドリームス 並び予想
8720250421020010,2025-04-22,熊本競輪,F1,10,Ｓ級準決勝,15:08,15:03,7,https://keirin.kdreams.jp/kumamoto/racedetail/8720250421020010/?pageType=result,2026-08-31T05:46:15.519685+00:00,1-4-6/2-7/5-3,published,コンドル出版社,楽天Kドリームス 並び予想
8720250421020011,2025-04-22,熊本競輪,F1,11,Ｓ級準決勝,15:43,15:38,7,https://keirin.kdreams.jp/kumamoto/racedetail/8720250421020011/?pageType=result,2026-08-31T05:46:18.382266+00:00,7-1-2/5-3/4/6,published,コンドル出版社,楽天Kドリームス 並び予想
8720250421020012,2025-04-22,熊本競輪,F1,12,Ｓ級準決勝,16:20,16:15,7,https://keirin.kdreams.jp/kumamoto/racedetail/8720250421020012/?pageType=result,2026-08-31T05:46:20.282491+00:00,1-5/2-7/4-3/6,published,コンドル出版社,楽天Kドリームス 並び予想
2320250422020006,2025-04-23,取手競輪,F1,6,Ｓ級一般,12:58,12:53,7,https://keirin.kdreams.jp/toride/racedetail/2320250422020006/?pageType=result,2026-08-31T05:46:53.602528+00:00,2-7/1/4/3-5-6,published,アオケイ,楽天Kドリームス 並び予想
2320250422020007,2025-04-23,取手競輪,F1,7,Ｓ級一般,13:26,13:21,7,https://keirin.kdreams.jp/toride/racedetail/2320250422020007/?pageType=result,2026-08-31T05:46:55.985632+00:00,5-1-4/2-7/6-3,published,アオケイ,楽天Kドリームス 並び予想
2320250422020008,2025-04-23,取手競輪,F1,8,Ｓ級選抜,13:56,13:51,7,https://keirin.kdreams.jp/toride/racedetail/2320250422020008/?pageType=result,2026-08-31T05:46:57.967304+00:00,2-5/4-7-1/6-3,published,アオケイ,楽天Kドリームス 並び予想
2320250422020009,2025-04-23,取手競輪,F1,9,Ｓ級選抜,14:26,14:21,7,https://keirin.kdreams.jp/toride/racedetail/2320250422020009/?pageType=result,2026-08-31T05:46:59.700765+00:00,5-1/4-2-7/6-3,published,アオケイ,楽天Kドリームス 並び予想
2320250422020010,2025-04-23,取手競輪,F1,10,Ｓ級準決勝,14:57,14:52,7,https://keirin.kdreams.jp/toride/racedetail/2320250422020010/?pageType=result,2026-08-31T05:47:01.316268+00:00,3-7-5/1/6-2-4,published,アオケイ,楽天Kドリームス 並び予想
2320250422020011,2025-04-23,取手競輪,F1,11,Ｓ級準決勝,15:31,15:26,7,https://keirin.kdreams.jp/toride/racedetail/2320250422020011/?pageType=result,2026-08-31T05:47:04.439470+00:00,2-4/6-1/3-5-7,published,アオケイ,楽天Kドリームス 並び予想
2320250422020012,2025-04-23,取手競輪,F1,12,Ｓ級準決勝,16:07,16:02,7,https://keirin.kdreams.jp/toride/racedetail/2320250422020012/?pageType=result,2026-08-31T05:47:06.543911+00:00,4-1-6/5-2/3-7,published,アオケイ,楽天Kドリームス 並び予想
8720250421030005,2025-04-23,熊本競輪,F1,5,Ｓ級一般,12:41,12:36,7,https://keirin.kdreams.jp/kumamoto/racedetail/8720250421030005/?pageType=result,2026-08-31T05:46:22.052874+00:00,4-3/5-1/2/6/7,published,コンドル出版社,楽天Kドリームス 並び予想
8720250421030006,2025-04-23,熊本競輪,F1,6,Ｓ級一般,13:08,13:03,7,https://keirin.kdreams.jp/kumamoto/racedetail/8720250421030006/?pageType=result,2026-08-31T05:46:24.538750+00:00,4-7-2/5-1/6-3,published,コンドル出版社,楽天Kドリームス 並び予想
8720250421030007,2025-04-23,熊本競輪,F1,7,Ｓ級一般,13:37,13:32,7,https://keirin.kdreams.jp/kumamoto/racedetail/8720250421030007/?pageType=result,2026-08-31T05:46:28.038902+00:00,6-1-7/5-2/4-3,published,コンドル出版社,楽天Kドリームス 並び予想
8720250421030008,2025-04-23,熊本競輪,F1,8,Ｓ級特選,14:07,14:02,7,https://keirin.kdreams.jp/kumamoto/racedetail/8720250421030008/?pageType=result,2026-08-31T05:46:30.378756+00:00,7-1/6-2/5-3-4,published,コンドル出版社,楽天Kドリームス 並び予想
8720250421030009,2025-04-23,熊本競輪,F1,9,Ｓ級特選,14:37,14:32,7,https://keirin.kdreams.jp/kumamoto/racedetail/8720250421030009/?pageType=result,2026-08-31T05:46:32.245252+00:00,3-1-7/5-2/4-6,published,コンドル出版社,楽天Kドリームス 並び予想
8720250421030010,2025-04-23,熊本競輪,F1,10,Ｓ級特選,15:09,15:04,7,https://keirin.kdreams.jp/kumamoto/racedetail/8720250421030010/?pageType=result,2026-08-31T05:46:34.051797+00:00,4-1/2-7-6/3-5,published,コンドル出版社,楽天Kドリームス 並び予想
8720250421030012,2025-04-23,熊本競輪,F1,12,Ｓ級決勝,16:20,16:15,7,https://keirin.kdreams.jp/kumamoto/racedetail/8720250421030012/?pageType=result,2026-08-31T05:46:35.614193+00:00,5-1-7/2-4/3/6,published,コンドル出版社,楽天Kドリームス 並び予想
2320250422030005,2025-04-24,取手競輪,F1,5,Ｓ級一般,12:42,12:37,7,https://keirin.kdreams.jp/toride/racedetail/2320250422030005/?pageType=result,2026-08-31T05:47:08.263705+00:00,1-4-3/5-7/6-2,published,アオケイ,楽天Kドリームス 並び予想
2320250422030006,2025-04-24,取手競輪,F1,6,Ｓ級一般,13:10,13:05,7,https://keirin.kdreams.jp/toride/racedetail/2320250422030006/?pageType=result,2026-08-31T05:47:09.924514+00:00,1-6/2-4-7/3-5,published,アオケイ,楽天Kドリームス 並び予想
2320250422030007,2025-04-24,取手競輪,F1,7,Ｓ級一般,13:38,13:33,7,https://keirin.kdreams.jp/toride/racedetail/2320250422030007/?pageType=result,2026-08-31T05:47:11.487969+00:00,1-5/4/7-3/6-2,published,アオケイ,楽天Kドリームス 並び予想
2320250422030008,2025-04-24,取手競輪,F1,8,Ｓ級特選,14:06,14:01,7,https://keirin.kdreams.jp/toride/racedetail/2320250422030008/?pageType=result,2026-08-31T05:47:13.062818+00:00,1-5-4/6-2/7-3,published,アオケイ,楽天Kドリームス 並び予想
2320250422030009,2025-04-24,取手競輪,F1,9,Ｓ級特選,14:36,14:31,7,https://keirin.kdreams.jp/toride/racedetail/2320250422030009/?pageType=result,2026-08-31T05:47:14.720507+00:00,3-1-7/6/2-4-5,published,アオケイ,楽天Kドリームス 並び予想
2320250422030010,2025-04-24,取手競輪,F1,10,Ｓ級特選,15:08,15:03,7,https://keirin.kdreams.jp/toride/racedetail/2320250422030010/?pageType=result,2026-08-31T05:47:16.296860+00:00,2-7/3-4/5-1-6,published,アオケイ,楽天Kドリームス 並び予想
2320250422030012,2025-04-24,取手競輪,F1,12,Ｓ級決勝,16:10,16:05,7,https://keirin.kdreams.jp/toride/racedetail/2320250422030012/?pageType=result,2026-08-31T05:47:19.347229+00:00,1-4/2/6/3-7-5,published,アオケイ,楽天Kドリームス 並び予想
5120250424010006,2025-04-24,福井競輪,F1,6,Ｓ級予選,12:56,12:51,7,https://keirin.kdreams.jp/fukui/racedetail/5120250424010006/?pageType=result,2026-08-31T05:47:21.216837+00:00,5-7-1/6/4-2-3,published,福井中部,楽天Kドリームス 並び予想
5120250424010007,2025-04-24,福井競輪,F1,7,Ｓ級予選,13:24,13:19,7,https://keirin.kdreams.jp/fukui/racedetail/5120250424010007/?pageType=result,2026-08-31T05:47:23.023027+00:00,2-6/1-4/3-5-7,published,福井中部,楽天Kドリームス 並び予想
5120250424010008,2025-04-24,福井競輪,F1,8,Ｓ級予選,13:52,13:47,7,https://keirin.kdreams.jp/fukui/racedetail/5120250424010008/?pageType=result,2026-08-31T05:47:24.589014+00:00,1-7/2-5-6/4-3,published,福井中部,楽天Kドリームス 並び予想
5120250424010009,2025-04-24,福井競輪,F1,9,Ｓ級予選,14:21,14:16,7,https://keirin.kdreams.jp/fukui/racedetail/5120250424010009/?pageType=result,2026-08-31T05:47:26.214994+00:00,1-6/5-2/3-4-7,published,福井中部,楽天Kドリームス 並び予想
5120250424010010,2025-04-24,福井競輪,F1,10,Ｓ級予選,14:51,14:46,7,https://keirin.kdreams.jp/fukui/racedetail/5120250424010010/?pageType=result,2026-08-31T05:47:27.763629+00:00,1-7-5/2-6/3-4,published,福井中部,楽天Kドリームス 並び予想
5120250424010011,2025-04-24,福井競輪,F1,11,Ｓ級予選,15:22,15:17,7,https://keirin.kdreams.jp/fukui/racedetail/5120250424010011/?pageType=result,2026-08-31T05:47:29.404183+00:00,7-1-4/6-2/3-5,published,福井中部,楽天Kドリームス 並び予想
5120250424010012,2025-04-24,福井競輪,F1,12,Ｓ級初特選,15:54,15:49,7,https://keirin.kdreams.jp/fukui/racedetail/5120250424010012/?pageType=result,2026-08-31T05:47:30.954973+00:00,3-1/6-2/5-7-4,published,福井中部,楽天Kドリームス 並び予想
5120250424020006,2025-04-25,福井競輪,F1,6,Ｓ級一般,13:08,13:03,5,https://keirin.kdreams.jp/fukui/racedetail/5120250424020006/?pageType=result,2026-08-31T05:47:32.318110+00:00,4-1/3-2-5,published,福井中部,楽天Kドリームス 並び予想
5120250424020007,2025-04-25,福井競輪,F1,7,Ｓ級一般,13:36,13:31,6,https://keirin.kdreams.jp/fukui/racedetail/5120250424020007/?pageType=result,2026-08-31T05:47:33.805885+00:00,1-5/2/6-4-3,published,福井中部,楽天Kドリームス 並び予想
5120250424020008,2025-04-25,福井競輪,F1,8,Ｓ級選抜,14:04,13:59,7,https://keirin.kdreams.jp/fukui/racedetail/5120250424020008/?pageType=result,2026-08-31T05:47:35.356678+00:00,1-7/6-3/2/5-4,published,福井中部,楽天Kドリームス 並び予想
5120250424020009,2025-04-25,福井競輪,F1,9,Ｓ級選抜,14:34,14:29,7,https://keirin.kdreams.jp/fukui/racedetail/5120250424020009/?pageType=result,2026-08-31T05:47:36.973487+00:00,7-1-4/6-2/3-5,published,福井中部,楽天Kドリームス 並び予想
5120250424020010,2025-04-25,福井競輪,F1,10,Ｓ級準決勝,15:04,14:59,7,https://keirin.kdreams.jp/fukui/racedetail/5120250424020010/?pageType=result,2026-08-31T05:47:38.533742+00:00,1-7/4/2-5-3/6,published,福井中部,楽天Kドリームス 並び予想
5120250424020011,2025-04-25,福井競輪,F1,11,Ｓ級準決勝,15:36,15:31,7,https://keirin.kdreams.jp/fukui/racedetail/5120250424020011/?pageType=result,2026-08-31T05:47:40.102622+00:00,1-7/2-4-6/5-3,published,福井中部,楽天Kドリームス 並び予想
5120250424020012,2025-04-25,福井競輪,F1,12,Ｓ級準決勝,16:10,16:05,7,https://keirin.kdreams.jp/fukui/racedetail/5120250424020012/?pageType=result,2026-08-31T05:47:41.770853+00:00,4-1/7-2-5/6-3,published,福井中部,楽天Kドリームス 並び予想
3820250425010006,2025-04-25,静岡競輪,F1,6,Ｓ級予選,12:55,12:50,7,https://keirin.kdreams.jp/shizuoka/racedetail/3820250425010006/?pageType=result,2026-08-31T05:47:56.861881+00:00,5-2/6-3/4-7/1,published,ひかり・小田競,楽天Kドリームス 並び予想
3820250425010007,2025-04-25,静岡競輪,F1,7,Ｓ級予選,13:22,13:17,7,https://keirin.kdreams.jp/shizuoka/racedetail/3820250425010007/?pageType=result,2026-08-31T05:47:58.613093+00:00,6-1/2-7-5/4-3,published,ひかり・小田競,楽天Kドリームス 並び予想
3820250425010008,2025-04-25,静岡競輪,F1,8,Ｓ級予選,13:50,13:45,7,https://keirin.kdreams.jp/shizuoka/racedetail/3820250425010008/?pageType=result,2026-08-31T05:48:00.160271+00:00,6-4-3/1-7/5-2,published,ひかり・小田競,楽天Kドリームス 並び予想
3820250425010009,2025-04-25,静岡競輪,F1,9,Ｓ級予選,14:19,14:14,7,https://keirin.kdreams.jp/shizuoka/racedetail/3820250425010009/?pageType=result,2026-08-31T05:48:02.001687+00:00,1-7-6/4-2/5-3,published,ひかり・小田競,楽天Kドリームス 並び予想
3820250425010010,2025-04-25,静岡競輪,F1,10,Ｓ級予選,14:49,14:44,7,https://keirin.kdreams.jp/shizuoka/racedetail/3820250425010010/?pageType=result,2026-08-31T05:48:03.555735+00:00,4-1/3-5-7/2-6,published,ひかり・小田競,楽天Kドリームス 並び予想
3820250425010011,2025-04-25,静岡競輪,F1,11,Ｓ級予選,15:20,15:15,7,https://keirin.kdreams.jp/shizuoka/racedetail/3820250425010011/?pageType=result,2026-08-31T05:48:05.171974+00:00,5-1-3/2-4-7/6,published,ひかり・小田競,楽天Kドリームス 並び予想
3820250425010012,2025-04-25,静岡競輪,F1,12,Ｓ級初特選,16:01,15:56,7,https://keirin.kdreams.jp/shizuoka/racedetail/3820250425010012/?pageType=result,2026-08-31T05:48:06.796610+00:00,2-5/7-1/3-4/6,published,ひかり・小田競,楽天Kドリームス 並び予想
5120250424030005,2025-04-26,福井競輪,F1,5,Ｓ級一般,12:41,12:36,6,https://keirin.kdreams.jp/fukui/racedetail/5120250424030005/?pageType=result,2026-08-31T05:47:43.146381+00:00,3-6-1/5-2-4,published,福井中部,楽天Kドリームス 並び予想
5120250424030006,2025-04-26,福井競輪,F1,6,Ｓ級一般,13:08,13:03,6,https://keirin.kdreams.jp/fukui/racedetail/5120250424030006/?pageType=result,2026-08-31T05:47:45.846692+00:00,2-6-3/1/4/5,published,福井中部,楽天Kドリームス 並び予想
5120250424030007,2025-04-26,福井競輪,F1,7,Ｓ級一般,13:37,13:32,6,https://keirin.kdreams.jp/fukui/racedetail/5120250424030007/?pageType=result,2026-08-31T05:47:47.527154+00:00,4-1/2/3/5/6,published,福井中部,楽天Kドリームス 並び予想
5120250424030009,2025-04-26,福井競輪,F1,9,Ｓ級特選,14:37,14:32,7,https://keirin.kdreams.jp/fukui/racedetail/5120250424030009/?pageType=result,2026-08-31T05:47:49.288824+00:00,1-3-5-6/4-2-7,published,福井中部,楽天Kドリームス 並び予想
5120250424030010,2025-04-26,福井競輪,F1,10,Ｓ級特選,15:09,15:04,7,https://keirin.kdreams.jp/fukui/racedetail/5120250424030010/?pageType=result,2026-08-31T05:47:50.887707+00:00,5-7-3/6-1/4-2,published,福井中部,楽天Kドリームス 並び予想
5120250424030011,2025-04-26,福井競輪,F1,11,Ｓ級特選,15:47,15:42,7,https://keirin.kdreams.jp/fukui/racedetail/5120250424030011/?pageType=result,2026-08-31T05:47:52.454703+00:00,7-1-6/4-2-3-5,published,福井中部,楽天Kドリームス 並び予想
5120250424030012,2025-04-26,福井競輪,F1,12,Ｓ級決勝,16:23,16:18,7,https://keirin.kdreams.jp/fukui/racedetail/5120250424030012/?pageType=result,2026-08-31T05:47:54.249307+00:00,1-6-2/5/3-4-7,published,福井中部,楽天Kドリームス 並び予想
3820250425020006,2025-04-26,静岡競輪,F1,6,Ｓ級一般,12:59,12:54,7,https://keirin.kdreams.jp/shizuoka/racedetail/3820250425020006/?pageType=result,2026-08-31T05:48:08.413947+00:00,1-7-4/2/3-6/5,published,ひかり・小田競,楽天Kドリームス 並び予想
3820250425020007,2025-04-26,静岡競輪,F1,7,Ｓ級一般,13:27,13:22,7,https://keirin.kdreams.jp/shizuoka/racedetail/3820250425020007/?pageType=result,2026-08-31T05:48:11.077065+00:00,1-4/6-2/5/7-3,published,ひかり・小田競,楽天Kドリームス 並び予想
3820250425020008,2025-04-26,静岡競輪,F1,8,Ｓ級選抜,13:57,13:52,7,https://keirin.kdreams.jp/shizuoka/racedetail/3820250425020008/?pageType=result,2026-08-31T05:48:12.952177+00:00,5-2-1/3-7-4/6,published,ひかり・小田競,楽天Kドリームス 並び予想
3820250425020009,2025-04-26,静岡競輪,F1,9,Ｓ級選抜,14:27,14:22,7,https://keirin.kdreams.jp/shizuoka/racedetail/3820250425020009/?pageType=result,2026-08-31T05:48:14.747207+00:00,7-5-1-2/6-3/4,published,ひかり・小田競,楽天Kドリームス 並び予想
3820250425020010,2025-04-26,静岡競輪,F1,10,Ｓ級準決勝,14:58,14:53,7,https://keirin.kdreams.jp/shizuoka/racedetail/3820250425020010/?pageType=result,2026-08-31T05:48:16.323078+00:00,5-1/2-7/4/6-3,published,ひかり・小田競,楽天Kドリームス 並び予想
3820250425020011,2025-04-26,静岡競輪,F1,11,Ｓ級準決勝,15:36,15:31,7,https://keirin.kdreams.jp/shizuoka/racedetail/3820250425020011/?pageType=result,2026-08-31T05:48:17.943474+00:00,7-4-1/5-2/6-3,published,ひかり・小田競,楽天Kドリームス 並び予想
3820250425020012,2025-04-26,静岡競輪,F1,12,Ｓ級準決勝,16:11,16:06,7,https://keirin.kdreams.jp/shizuoka/racedetail/3820250425020012/?pageType=result,2026-08-31T05:48:19.496675+00:00,6-3-7/1-5/2-4,published,ひかり・小田競,楽天Kドリームス 並び予想
3820250425030005,2025-04-27,静岡競輪,F1,5,Ｓ級一般,12:33,12:28,7,https://keirin.kdreams.jp/shizuoka/racedetail/3820250425030005/?pageType=result,2026-08-31T05:48:21.155014+00:00,7-2-5/3/1-4-6,published,ひかり・小田競,楽天Kドリームス 並び予想
3820250425030006,2025-04-27,静岡競輪,F1,6,Ｓ級一般,13:03,12:58,7,https://keirin.kdreams.jp/shizuoka/racedetail/3820250425030006/?pageType=result,2026-08-31T05:48:22.712646+00:00,3-4-5/1/2-7/6,published,ひかり・小田競,楽天Kドリームス 並び予想
3820250425030007,2025-04-27,静岡競輪,F1,7,Ｓ級一般,13:33,13:28,7,https://keirin.kdreams.jp/shizuoka/racedetail/3820250425030007/?pageType=result,2026-08-31T05:48:24.352537+00:00,3-5-1-4/7-2/6,published,ひかり・小田競,楽天Kドリームス 並び予想
3820250425030008,2025-04-27,静岡競輪,F1,8,Ｓ級特選,14:03,13:58,7,https://keirin.kdreams.jp/shizuoka/racedetail/3820250425030008/?pageType=result,2026-08-31T05:48:25.910931+00:00,2-5/4-1-7/3/6,published,ひかり・小田競,楽天Kドリームス 並び予想
3820250425030009,2025-04-27,静岡競輪,F1,9,Ｓ級特選,14:34,14:29,7,https://keirin.kdreams.jp/shizuoka/racedetail/3820250425030009/?pageType=result,2026-08-31T05:48:27.521159+00:00,5-1-7/6-2/4-3,published,ひかり・小田競,楽天Kドリームス 並び予想
3820250425030010,2025-04-27,静岡競輪,F1,10,Ｓ級特選,15:06,15:01,7,https://keirin.kdreams.jp/shizuoka/racedetail/3820250425030010/?pageType=result,2026-08-31T05:48:29.078699+00:00,7-3-4/6-1/5-2,published,ひかり・小田競,楽天Kドリームス 並び予想
3820250425030012,2025-04-27,静岡競輪,F1,12,Ｓ級決勝,16:10,16:05,7,https://keirin.kdreams.jp/shizuoka/racedetail/3820250425030012/?pageType=result,2026-08-31T05:48:30.633236+00:00,6-2/4-1/3-5-7,published,ひかり・小田競,楽天Kドリームス 並び予想
1320250428010006,2025-04-28,いわき平競輪,F1,6,Ｓ級予選,17:52,17:47,7,https://keirin.kdreams.jp/iwakitaira/racedetail/1320250428010006/?pageType=result,2026-08-31T05:48:32.287970+00:00,6-1/5-2-7/4-3,published,アオケイ,楽天Kドリームス 並び予想
1320250428010007,2025-04-28,いわき平競輪,F1,7,Ｓ級予選,18:16,18:11,7,https://keirin.kdreams.jp/iwakitaira/racedetail/1320250428010007/?pageType=result,2026-08-31T05:48:33.829805+00:00,2-7-1/6-5-3/4,published,アオケイ,楽天Kドリームス 並び予想
1320250428010008,2025-04-28,いわき平競輪,F1,8,Ｓ級予選,18:42,18:37,7,https://keirin.kdreams.jp/iwakitaira/racedetail/1320250428010008/?pageType=result,2026-08-31T05:48:35.449434+00:00,5-1/2-6/4-3-7,published,アオケイ,楽天Kドリームス 並び予想
1320250428010009,2025-04-28,いわき平競輪,F1,9,Ｓ級予選,19:08,19:03,7,https://keirin.kdreams.jp/iwakitaira/racedetail/1320250428010009/?pageType=result,2026-08-31T05:48:37.008155+00:00,7-1-4/2-5/6-3,published,アオケイ,楽天Kドリームス 並び予想
1320250428010010,2025-04-28,いわき平競輪,F1,10,Ｓ級予選,19:34,19:29,7,https://keirin.kdreams.jp/iwakitaira/racedetail/1320250428010010/?pageType=result,2026-08-31T05:48:38.614287+00:00,4-1-6/2-7/3-5,published,アオケイ,楽天Kドリームス 並び予想
1320250428010011,2025-04-28,いわき平競輪,F1,11,Ｓ級予選,20:02,19:57,7,https://keirin.kdreams.jp/iwakitaira/racedetail/1320250428010011/?pageType=result,2026-08-31T05:48:40.156625+00:00,1-7-4/2-5-3/6,published,アオケイ,楽天Kドリームス 並び予想
1320250428010012,2025-04-28,いわき平競輪,F1,12,Ｓ級初特選,20:30,20:25,7,https://keirin.kdreams.jp/iwakitaira/racedetail/1320250428010012/?pageType=result,2026-08-31T05:48:41.782160+00:00,1-2/4-3-5-6-7,published,アオケイ,楽天Kドリームス 並び予想
1320250428020006,2025-04-29,いわき平競輪,F1,6,Ｓ級一般,18:06,18:01,7,https://keirin.kdreams.jp/iwakitaira/racedetail/1320250428020006/?pageType=result,2026-08-31T05:48:43.335478+00:00,5-1/6-2/4-7-3,published,アオケイ,楽天Kドリームス 並び予想
1320250428020007,2025-04-29,いわき平競輪,F1,7,Ｓ級一般,18:30,18:25,7,https://keirin.kdreams.jp/iwakitaira/racedetail/1320250428020007/?pageType=result,2026-08-31T05:48:44.985521+00:00,5-7-3-2/6/4-1,published,アオケイ,楽天Kドリームス 並び予想
1320250428020008,2025-04-29,いわき平競輪,F1,8,Ｓ級選抜,18:54,18:49,7,https://keirin.kdreams.jp/iwakitaira/racedetail/1320250428020008/?pageType=result,2026-08-31T05:48:46.541826+00:00,7-1-4/3/5-2-6,published,アオケイ,楽天Kドリームス 並び予想
1320250428020009,2025-04-29,いわき平競輪,F1,9,Ｓ級選抜,19:18,19:13,7,https://keirin.kdreams.jp/iwakitaira/racedetail/1320250428020009/?pageType=result,2026-08-31T05:48:49.330948+00:00,5-2-7/6-4-3/1,published,アオケイ,楽天Kドリームス 並び予想
1320250428020010,2025-04-29,いわき平競輪,F1,10,Ｓ級準決勝,19:42,19:37,7,https://keirin.kdreams.jp/iwakitaira/racedetail/1320250428020010/?pageType=result,2026-08-31T05:48:52.700525+00:00,5-1/7-2/6-4-3,published,アオケイ,楽天Kドリームス 並び予想
1320250428020011,2025-04-29,いわき平競輪,F1,11,Ｓ級準決勝,20:06,20:01,7,https://keirin.kdreams.jp/iwakitaira/racedetail/1320250428020011/?pageType=result,2026-08-31T05:48:54.732044+00:00,7-1-5/6-2/4-3,published,アオケイ,楽天Kドリームス 並び予想
1320250428020012,2025-04-29,いわき平競輪,F1,12,Ｓ級準決勝,20:30,20:25,7,https://keirin.kdreams.jp/iwakitaira/racedetail/1320250428020012/?pageType=result,2026-08-31T05:48:56.707214+00:00,1-4-5/6-2/3-7,published,アオケイ,楽天Kドリームス 並び予想
6120250429010006,2025-04-29,玉野競輪,F1,6,Ｓ級予選,17:54,17:49,7,https://keirin.kdreams.jp/tamano/racedetail/6120250429010006/?pageType=result,2026-08-31T05:51:19.134368+00:00,7-2-4/6-1/3-5,published,競輪毎日,楽天Kドリームス 並び予想
6120250429010007,2025-04-29,玉野競輪,F1,7,Ｓ級予選,18:18,18:13,7,https://keirin.kdreams.jp/tamano/racedetail/6120250429010007/?pageType=result,2026-08-31T05:51:20.691329+00:00,6-1-4/2-7/3-5,published,競輪毎日,楽天Kドリームス 並び予想
6120250429010008,2025-04-29,玉野競輪,F1,8,Ｓ級予選,18:42,18:37,7,https://keirin.kdreams.jp/tamano/racedetail/6120250429010008/?pageType=result,2026-08-31T05:51:22.313012+00:00,7-1/2-5-4/6-3,published,競輪毎日,楽天Kドリームス 並び予想
6120250429010009,2025-04-29,玉野競輪,F1,9,Ｓ級予選,19:06,19:01,7,https://keirin.kdreams.jp/tamano/racedetail/6120250429010009/?pageType=result,2026-08-31T05:51:23.883337+00:00,4-7-2-1/5-3/6,published,競輪毎日,楽天Kドリームス 並び予想
6120250429010010,2025-04-29,玉野競輪,F1,10,Ｓ級予選,19:30,19:25,7,https://keirin.kdreams.jp/tamano/racedetail/6120250429010010/?pageType=result,2026-08-31T05:51:25.446199+00:00,1-5-4/6-2/7-3,published,競輪毎日,楽天Kドリームス 並び予想
6120250429010011,2025-04-29,玉野競輪,F1,11,Ｓ級予選,19:54,19:49,7,https://keirin.kdreams.jp/tamano/racedetail/6120250429010011/?pageType=result,2026-08-31T05:51:27.095144+00:00,6-1/2-7-4/5-3,published,競輪毎日,楽天Kドリームス 並び予想
6120250429010012,2025-04-29,玉野競輪,F1,12,Ｓ級初特選,20:18,20:13,7,https://keirin.kdreams.jp/tamano/racedetail/6120250429010012/?pageType=result,2026-08-31T05:51:28.639955+00:00,3-6/7-1/2/4/5,published,競輪毎日,楽天Kドリームス 並び予想
1320250428030005,2025-04-30,いわき平競輪,F1,5,Ｓ級一般,17:42,17:37,7,https://keirin.kdreams.jp/iwakitaira/racedetail/1320250428030005/?pageType=result,2026-08-31T05:48:58.425395+00:00,1-5/7-2/6-4-3,published,アオケイ,楽天Kドリームス 並び予想
1320250428030006,2025-04-30,いわき平競輪,F1,6,Ｓ級一般,18:06,18:01,7,https://keirin.kdreams.jp/iwakitaira/racedetail/1320250428030006/?pageType=result,2026-08-31T05:49:00.073500+00:00,4-2-1-7/6-3-5,published,アオケイ,楽天Kドリームス 並び予想
1320250428030007,2025-04-30,いわき平競輪,F1,7,Ｓ級一般,18:30,18:25,7,https://keirin.kdreams.jp/iwakitaira/racedetail/1320250428030007/?pageType=result,2026-08-31T05:49:01.831611+00:00,3-4-5/1-7/2/6,published,アオケイ,楽天Kドリームス 並び予想
1320250428030008,2025-04-30,いわき平競輪,F1,8,Ｓ級特選,18:54,18:49,7,https://keirin.kdreams.jp/iwakitaira/racedetail/1320250428030008/?pageType=result,2026-08-31T05:49:03.465947+00:00,5/7-2/1/6-3-4,published,アオケイ,楽天Kドリームス 並び予想
1320250428030009,2025-04-30,いわき平競輪,F1,9,Ｓ級特選,19:18,19:13,7,https://keirin.kdreams.jp/iwakitaira/racedetail/1320250428030009/?pageType=result,2026-08-31T05:49:05.055307+00:00,4-1-7/2-5/6-3,published,アオケイ,楽天Kドリームス 並び予想
1320250428030010,2025-04-30,いわき平競輪,F1,10,Ｓ級特選,19:42,19:37,7,https://keirin.kdreams.jp/iwakitaira/racedetail/1320250428030010/?pageType=result,2026-08-31T05:49:06.742733+00:00,3-7/1-5/2-4-6,published,アオケイ,楽天Kドリームス 並び予想
1320250428030012,2025-04-30,いわき平競輪,F1,12,Ｓ級決勝,20:30,20:25,7,https://keirin.kdreams.jp/iwakitaira/racedetail/1320250428030012/?pageType=result,2026-08-31T05:49:08.344739+00:00,7-4-1/6-2/5-3,published,アオケイ,楽天Kドリームス 並び予想
6120250429020006,2025-04-30,玉野競輪,F1,6,Ｓ級一般,17:54,17:49,6,https://keirin.kdreams.jp/tamano/racedetail/6120250429020006/?pageType=result,2026-08-31T05:51:30.068646+00:00,1-4/6-3-2/5,published,競輪毎日,楽天Kドリームス 並び予想
6120250429020007,2025-04-30,玉野競輪,F1,7,Ｓ級一般,18:18,18:13,6,https://keirin.kdreams.jp/tamano/racedetail/6120250429020007/?pageType=result,2026-08-31T05:51:31.689267+00:00,4-1/2-5/3-6,published,競輪毎日,楽天Kドリームス 並び予想
6120250429020008,2025-04-30,玉野競輪,F1,8,Ｓ級選抜,18:42,18:37,7,https://keirin.kdreams.jp/tamano/racedetail/6120250429020008/?pageType=result,2026-08-31T05:51:33.315249+00:00,1-7/4-2-5/6-3,published,競輪毎日,楽天Kドリームス 並び予想
6120250429020009,2025-04-30,玉野競輪,F1,9,Ｓ級選抜,19:06,19:01,7,https://keirin.kdreams.jp/tamano/racedetail/6120250429020009/?pageType=result,2026-08-31T05:51:34.870319+00:00,6-1/5-2-7/3-4,published,競輪毎日,楽天Kドリームス 並び予想
6120250429020010,2025-04-30,玉野競輪,F1,10,Ｓ級準決勝,19:30,19:25,7,https://keirin.kdreams.jp/tamano/racedetail/6120250429020010/?pageType=result,2026-08-31T05:51:36.411233+00:00,3-4/5-1-7/2-6,published,競輪毎日,楽天Kドリームス 並び予想
6120250429020011,2025-04-30,玉野競輪,F1,11,Ｓ級準決勝,19:54,19:49,7,https://keirin.kdreams.jp/tamano/racedetail/6120250429020011/?pageType=result,2026-08-31T05:51:38.067545+00:00,4-3-7/1/2-5-6,published,競輪毎日,楽天Kドリームス 並び予想
6120250429020012,2025-04-30,玉野競輪,F1,12,Ｓ級準決勝,20:18,20:13,7,https://keirin.kdreams.jp/tamano/racedetail/6120250429020012/?pageType=result,2026-08-31T05:51:39.623084+00:00,1-7/2-4-6/3/5,published,競輪毎日,楽天Kドリームス 並び予想
6120250429030005,2025-05-01,玉野競輪,F1,5,Ｓ級一般,17:36,17:31,7,https://keirin.kdreams.jp/tamano/racedetail/6120250429030005/?pageType=result,2026-08-31T05:51:41.230669+00:00,4-2/6-1/7-3-5,published,競輪毎日,楽天Kドリームス 並び予想
6120250429030006,2025-05-01,玉野競輪,F1,6,Ｓ級一般,18:00,17:55,7,https://keirin.kdreams.jp/tamano/racedetail/6120250429030006/?pageType=result,2026-08-31T05:51:42.784713+00:00,5-2/4-1/7/6-3,published,競輪毎日,楽天Kドリームス 並び予想
6120250429030007,2025-05-01,玉野競輪,F1,7,Ｓ級一般,18:24,18:19,7,https://keirin.kdreams.jp/tamano/racedetail/6120250429030007/?pageType=result,2026-08-31T05:51:44.415718+00:00,1-7/4-6-2/3-5,published,競輪毎日,楽天Kドリームス 並び予想
6120250429030008,2025-05-01,玉野競輪,F1,8,Ｓ級特選,18:48,18:43,7,https://keirin.kdreams.jp/tamano/racedetail/6120250429030008/?pageType=result,2026-08-31T05:51:45.968016+00:00,1-5-7/2/6-3-4,published,競輪毎日,楽天Kドリームス 並び予想
6120250429030009,2025-05-01,玉野競輪,F1,9,Ｓ級特選,19:12,19:07,7,https://keirin.kdreams.jp/tamano/racedetail/6120250429030009/?pageType=result,2026-08-31T05:51:47.599834+00:00,1-7/5-2-3/6-4,published,競輪毎日,楽天Kドリームス 並び予想
6120250429030010,2025-05-01,玉野競輪,F1,10,Ｓ級特選,19:37,19:32,7,https://keirin.kdreams.jp/tamano/racedetail/6120250429030010/?pageType=result,2026-08-31T05:51:49.206118+00:00,1-4-5/2/7-3/6,published,競輪毎日,楽天Kドリームス 並び予想
6120250429030012,2025-05-01,玉野競輪,F1,12,Ｓ級決勝,20:30,20:25,7,https://keirin.kdreams.jp/tamano/racedetail/6120250429030012/?pageType=result,2026-08-31T05:51:50.818513+00:00,7-2/1/3-4/5/6,published,競輪毎日,楽天Kドリームス 並び予想
1120250502010008,2025-05-02,函館競輪,F1,8,Ｓ級予選,18:48,18:43,7,https://keirin.kdreams.jp/hakodate/racedetail/1120250502010008/?pageType=result,2026-08-31T05:52:18.049816+00:00,6-2/7-3/1-4-5,published,北競,楽天Kドリームス 並び予想
1120250502010009,2025-05-02,函館競輪,F1,9,Ｓ級予選,19:12,19:07,7,https://keirin.kdreams.jp/hakodate/racedetail/1120250502010009/?pageType=result,2026-08-31T05:52:19.608633+00:00,5-1-6/2-7/4-3,published,北競,楽天Kドリームス 並び予想
1120250502010010,2025-05-02,函館競輪,F1,10,Ｓ級予選,19:37,19:32,7,https://keirin.kdreams.jp/hakodate/racedetail/1120250502010010/?pageType=result,2026-08-31T05:52:22.342765+00:00,3-7/1-4-6/5-2,published,北競,楽天Kドリームス 並び予想
1120250502010011,2025-05-02,函館競輪,F1,11,Ｓ級予選,20:02,19:57,7,https://keirin.kdreams.jp/hakodate/racedetail/1120250502010011/?pageType=result,2026-08-31T05:52:24.201404+00:00,1-7-5/6-2/4-3,published,北競,楽天Kドリームス 並び予想
1120250502010012,2025-05-02,函館競輪,F1,12,Ｓ級初日特選,20:30,20:25,7,https://keirin.kdreams.jp/hakodate/racedetail/1120250502010012/?pageType=result,2026-08-31T05:52:25.949948+00:00,5-2-1/6/3-7-4,published,北競,楽天Kドリームス 並び予想
5120250502010008,2025-05-02,福井競輪,F1,8,Ｓ級予選,13:59,13:54,7,https://keirin.kdreams.jp/fukui/racedetail/5120250502010008/?pageType=result,2026-08-31T05:51:52.364249+00:00,5-4-1/2-7-3/6,published,福井中部,楽天Kドリームス 並び予想
5120250502010009,2025-05-02,福井競輪,F1,9,Ｓ級予選,14:32,14:27,7,https://keirin.kdreams.jp/fukui/racedetail/5120250502010009/?pageType=result,2026-08-31T05:51:53.961871+00:00,7-1-4/6-2/5-3,published,福井中部,楽天Kドリームス 並び予想
5120250502010010,2025-05-02,福井競輪,F1,10,Ｓ級予選,15:04,14:59,7,https://keirin.kdreams.jp/fukui/racedetail/5120250502010010/?pageType=result,2026-08-31T05:51:55.520083+00:00,7-3-6/4-1/2-5,published,福井中部,楽天Kドリームス 並び予想
5120250502010011,2025-05-02,福井競輪,F1,11,Ｓ級予選,15:40,15:35,7,https://keirin.kdreams.jp/fukui/racedetail/5120250502010011/?pageType=result,2026-08-31T05:51:57.076466+00:00,4-5-1/6-2/7-3,published,福井中部,楽天Kドリームス 並び予想
5120250502010012,2025-05-02,福井競輪,F1,12,Ｓ級初日特選,16:20,16:15,7,https://keirin.kdreams.jp/fukui/racedetail/5120250502010012/?pageType=result,2026-08-31T05:51:58.713068+00:00,3-5/1-7/4-2-6,published,福井中部,楽天Kドリームス 並び予想
1120250502020008,2025-05-03,函館競輪,F1,8,Ｓ級一般,18:48,18:43,7,https://keirin.kdreams.jp/hakodate/racedetail/1120250502020008/?pageType=result,2026-08-31T05:52:27.506913+00:00,5-2/6-1/7-3/4,published,北競,楽天Kドリームス 並び予想
1120250502020009,2025-05-03,函館競輪,F1,9,Ｓ級一般,19:12,19:07,7,https://keirin.kdreams.jp/hakodate/racedetail/1120250502020009/?pageType=result,2026-08-31T05:52:29.118999+00:00,6-3/1-7/2-5-4,published,北競,楽天Kドリームス 並び予想
1120250502020010,2025-05-03,函館競輪,F1,10,Ｓ級準決勝,19:37,19:32,7,https://keirin.kdreams.jp/hakodate/racedetail/1120250502020010/?pageType=result,2026-08-31T05:52:30.683720+00:00,5-3/7-1/4/2-6,published,北競,楽天Kドリームス 並び予想
1120250502020011,2025-05-03,函館競輪,F1,11,Ｓ級準決勝,20:02,19:57,7,https://keirin.kdreams.jp/hakodate/racedetail/1120250502020011/?pageType=result,2026-08-31T05:52:32.343716+00:00,4-1/5-2-7/3-6,published,北競,楽天Kドリームス 並び予想
1120250502020012,2025-05-03,函館競輪,F1,12,Ｓ級準決勝,20:30,20:25,7,https://keirin.kdreams.jp/hakodate/racedetail/1120250502020012/?pageType=result,2026-08-31T05:52:33.931908+00:00,1-5-6/2-7/3-4,published,北競,楽天Kドリームス 並び予想
5120250502020008,2025-05-03,福井競輪,F1,8,Ｓ級一般,13:59,13:54,7,https://keirin.kdreams.jp/fukui/racedetail/5120250502020008/?pageType=result,2026-08-31T05:52:00.272553+00:00,6-1/2-5/3-7/4,published,福井中部,楽天Kドリームス 並び予想
5120250502020009,2025-05-03,福井競輪,F1,9,Ｓ級一般,14:32,14:27,7,https://keirin.kdreams.jp/fukui/racedetail/5120250502020009/?pageType=result,2026-08-31T05:52:02.114080+00:00,4-1/7-2/3-5/6,published,福井中部,楽天Kドリームス 並び予想
5120250502020010,2025-05-03,福井競輪,F1,10,Ｓ級準決勝,15:04,14:59,7,https://keirin.kdreams.jp/fukui/racedetail/5120250502020010/?pageType=result,2026-08-31T05:52:03.676214+00:00,4-3-7/1-5/6-2,published,福井中部,楽天Kドリームス 並び予想
5120250502020011,2025-05-03,福井競輪,F1,11,Ｓ級準決勝,15:40,15:35,7,https://keirin.kdreams.jp/fukui/racedetail/5120250502020011/?pageType=result,2026-08-31T05:52:05.907369+00:00,3-7-1/5-2-4-6,published,福井中部,楽天Kドリームス 並び予想
5120250502020012,2025-05-03,福井競輪,F1,12,Ｓ級準決勝,16:20,16:15,7,https://keirin.kdreams.jp/fukui/racedetail/5120250502020012/?pageType=result,2026-08-31T05:52:08.283020+00:00,5-1-6/2-4/7-3,published,福井中部,楽天Kドリームス 並び予想
1120250502030006,2025-05-04,函館競輪,F1,6,Ｓ級一般,17:51,17:46,7,https://keirin.kdreams.jp/hakodate/racedetail/1120250502030006/?pageType=result,2026-08-31T05:52:35.527293+00:00,5-1/2-7/6-3/4,published,北競,楽天Kドリームス 並び予想
1120250502030007,2025-05-04,函館競輪,F1,7,Ｓ級一般,18:15,18:10,7,https://keirin.kdreams.jp/hakodate/racedetail/1120250502030007/?pageType=result,2026-08-31T05:52:37.164233+00:00,6-1-7/2-5/3-4,published,北競,楽天Kドリームス 並び予想
1120250502030008,2025-05-04,函館競輪,F1,8,Ｓ級特選,18:39,18:34,7,https://keirin.kdreams.jp/hakodate/racedetail/1120250502030008/?pageType=result,2026-08-31T05:52:38.730110+00:00,3-7/2-4/6-5/1,published,北競,楽天Kドリームス 並び予想
1120250502030009,2025-05-04,函館競輪,F1,9,Ｓ級特選,19:04,18:59,7,https://keirin.kdreams.jp/hakodate/racedetail/1120250502030009/?pageType=result,2026-08-31T05:52:40.351216+00:00,7-1-4/2-5/3-6,published,北競,楽天Kドリームス 並び予想
1120250502030012,2025-05-04,函館競輪,F1,12,Ｓ級決勝,20:30,20:25,7,https://keirin.kdreams.jp/hakodate/racedetail/1120250502030012/?pageType=result,2026-08-31T05:52:43.138075+00:00,4-1/5-2/7/6-3,published,北競,楽天Kドリームス 並び予想
5120250502030006,2025-05-04,福井競輪,F1,6,Ｓ級一般,12:59,12:54,7,https://keirin.kdreams.jp/fukui/racedetail/5120250502030006/?pageType=result,2026-08-31T05:52:10.076231+00:00,2-4/5-1-7/6-3,published,福井中部,楽天Kドリームス 並び予想
5120250502030007,2025-05-04,福井競輪,F1,7,Ｓ級一般,13:29,13:24,7,https://keirin.kdreams.jp/fukui/racedetail/5120250502030007/?pageType=result,2026-08-31T05:52:11.664084+00:00,1-6/2-4/3-5/7,published,福井中部,楽天Kドリームス 並び予想
5120250502030008,2025-05-04,福井競輪,F1,8,Ｓ級特選,13:59,13:54,7,https://keirin.kdreams.jp/fukui/racedetail/5120250502030008/?pageType=result,2026-08-31T05:52:13.287678+00:00,3-5-1/6/7-4-2,published,福井中部,楽天Kドリームス 並び予想
5120250502030009,2025-05-04,福井競輪,F1,9,Ｓ級特選,14:32,14:27,7,https://keirin.kdreams.jp/fukui/racedetail/5120250502030009/?pageType=result,2026-08-31T05:52:14.859193+00:00,5-1-7/3/6-2-4,published,福井中部,楽天Kドリームス 並び予想
5120250502030012,2025-05-04,福井競輪,F1,12,Ｓ級決勝,16:20,16:15,7,https://keirin.kdreams.jp/fukui/racedetail/5120250502030012/?pageType=result,2026-08-31T05:52:16.419098+00:00,1-7/5-2/4-3/6,published,福井中部,楽天Kドリームス 並び予想
8420250505010008,2025-05-05,武雄競輪,F1,8,Ｓ級予選,18:43,18:38,7,https://keirin.kdreams.jp/takeo/racedetail/8420250505010008/?pageType=result,2026-08-31T05:53:36.043524+00:00,1-7-6/2-5/3-4,published,百万弗,楽天Kドリームス 並び予想
8420250505010009,2025-05-05,武雄競輪,F1,9,Ｓ級予選,19:09,19:04,7,https://keirin.kdreams.jp/takeo/racedetail/8420250505010009/?pageType=result,2026-08-31T05:53:37.399869+00:00,7-4-1/5-2/6-3,published,百万弗,楽天Kドリームス 並び予想
8420250505010010,2025-05-05,武雄競輪,F1,10,Ｓ級予選,19:35,19:30,7,https://keirin.kdreams.jp/takeo/racedetail/8420250505010010/?pageType=result,2026-08-31T05:53:38.527020+00:00,3-5-6/1-4/2-7,published,百万弗,楽天Kドリームス 並び予想
8420250505010011,2025-05-05,武雄競輪,F1,11,Ｓ級予選,20:02,19:57,7,https://keirin.kdreams.jp/takeo/racedetail/8420250505010011/?pageType=result,2026-08-31T05:53:39.847047+00:00,1-7/5-2-6/4-3,published,百万弗,楽天Kドリームス 並び予想
8420250505010012,2025-05-05,武雄競輪,F1,12,Ｓ級初日特選,20:30,20:25,7,https://keirin.kdreams.jp/takeo/racedetail/8420250505010012/?pageType=result,2026-08-31T05:53:41.125125+00:00,1-6/4-2/7-3-5,published,百万弗,楽天Kドリームス 並び予想
2620250505010008,2025-05-05,西武園競輪,F1,8,Ｓ級予選,13:56,13:51,7,https://keirin.kdreams.jp/seibuen/racedetail/2620250505010008/?pageType=result,2026-08-31T05:52:45.040734+00:00,5-1/7-2/3-4-6,published,アオケイ,楽天Kドリームス 並び予想
2620250505010009,2025-05-05,西武園競輪,F1,9,Ｓ級予選,14:25,14:20,7,https://keirin.kdreams.jp/seibuen/racedetail/2620250505010009/?pageType=result,2026-08-31T05:52:46.766265+00:00,4-1-5/2-6/7-3,published,アオケイ,楽天Kドリームス 並び予想
2620250505010010,2025-05-05,西武園競輪,F1,10,Ｓ級予選,14:55,14:50,7,https://keirin.kdreams.jp/seibuen/racedetail/2620250505010010/?pageType=result,2026-08-31T05:52:48.357076+00:00,4-1/2-5/7-3-6,published,アオケイ,楽天Kドリームス 並び予想
2620250505010011,2025-05-05,西武園競輪,F1,11,Ｓ級予選,15:25,15:20,7,https://keirin.kdreams.jp/seibuen/racedetail/2620250505010011/?pageType=result,2026-08-31T05:52:49.897232+00:00,1-7-4/3-6/2-5,published,アオケイ,楽天Kドリームス 並び予想
2620250505010012,2025-05-05,西武園競輪,F1,12,Ｓ級初日特選,15:55,15:50,7,https://keirin.kdreams.jp/seibuen/racedetail/2620250505010012/?pageType=result,2026-08-31T05:52:51.500504+00:00,5-1-6/2/4-3-7,published,アオケイ,楽天Kドリームス 並び予想
7120250505010008,2025-05-05,高松競輪,F1,8,Ｓ級予選,14:10,14:05,7,https://keirin.kdreams.jp/takamatsu/racedetail/7120250505010008/?pageType=result,2026-08-31T05:53:09.019022+00:00,7-1/2-6-5/3-4,published,競輪毎日,楽天Kドリームス 並び予想
7120250505010009,2025-05-05,高松競輪,F1,9,Ｓ級予選,14:40,14:35,7,https://keirin.kdreams.jp/takamatsu/racedetail/7120250505010009/?pageType=result,2026-08-31T05:53:10.591189+00:00,4-1-7/6-2/5-3,published,競輪毎日,楽天Kドリームス 並び予想
7120250505010010,2025-05-05,高松競輪,F1,10,Ｓ級予選,15:10,15:05,7,https://keirin.kdreams.jp/takamatsu/racedetail/7120250505010010/?pageType=result,2026-08-31T05:53:12.136291+00:00,1-4-5/2-6/7-3,published,競輪毎日,楽天Kドリームス 並び予想
7120250505010011,2025-05-05,高松競輪,F1,11,Ｓ級予選,15:40,15:35,7,https://keirin.kdreams.jp/takamatsu/racedetail/7120250505010011/?pageType=result,2026-08-31T05:53:13.781383+00:00,6-1/2-5/7-3-4,published,競輪毎日,楽天Kドリームス 並び予想
7120250505010012,2025-05-05,高松競輪,F1,12,Ｓ級初日特選,16:10,16:05,7,https://keirin.kdreams.jp/takamatsu/racedetail/7120250505010012/?pageType=result,2026-08-31T05:53:15.330002+00:00,6-1/2/4-3-7/5,published,競輪毎日,楽天Kドリームス 並び予想
8420250505020008,2025-05-06,武雄競輪,F1,8,Ｓ級一般,18:43,18:38,7,https://keirin.kdreams.jp/takeo/racedetail/8420250505020008/?pageType=result,2026-08-31T05:53:42.459400+00:00,1-7/4-2/3-5-6,published,百万弗,楽天Kドリームス 並び予想
8420250505020009,2025-05-06,武雄競輪,F1,9,Ｓ級一般,19:09,19:04,7,https://keirin.kdreams.jp/takeo/racedetail/8420250505020009/?pageType=result,2026-08-31T05:53:44.052148+00:00,7-4-1/2-5-6/3,published,百万弗,楽天Kドリームス 並び予想
8420250505020010,2025-05-06,武雄競輪,F1,10,Ｓ級準決勝,19:35,19:30,7,https://keirin.kdreams.jp/takeo/racedetail/8420250505020010/?pageType=result,2026-08-31T05:53:46.500559+00:00,5-7-1/6-2/4-3,published,百万弗,楽天Kドリームス 並び予想
8420250505020011,2025-05-06,武雄競輪,F1,11,Ｓ級準決勝,20:02,19:57,7,https://keirin.kdreams.jp/takeo/racedetail/8420250505020011/?pageType=result,2026-08-31T05:53:47.949358+00:00,2-7/5-1/4/6-3,published,百万弗,楽天Kドリームス 並び予想
8420250505020012,2025-05-06,武雄競輪,F1,12,Ｓ級準決勝,20:30,20:25,7,https://keirin.kdreams.jp/takeo/racedetail/8420250505020012/?pageType=result,2026-08-31T05:53:49.288092+00:00,1-5-7/2-4-6/3,published,百万弗,楽天Kドリームス 並び予想
2620250505020008,2025-05-06,西武園競輪,F1,8,Ｓ級一般,13:56,13:51,7,https://keirin.kdreams.jp/seibuen/racedetail/2620250505020008/?pageType=result,2026-08-31T05:52:53.051945+00:00,1-7-4/2-6/3-5,published,アオケイ,楽天Kドリームス 並び予想
2620250505020009,2025-05-06,西武園競輪,F1,9,Ｓ級一般,14:25,14:20,7,https://keirin.kdreams.jp/seibuen/racedetail/2620250505020009/?pageType=result,2026-08-31T05:52:54.607340+00:00,1-4-7/6/2-5-3,published,アオケイ,楽天Kドリームス 並び予想
2620250505020010,2025-05-06,西武園競輪,F1,10,Ｓ級準決勝,14:55,14:50,7,https://keirin.kdreams.jp/seibuen/racedetail/2620250505020010/?pageType=result,2026-08-31T05:52:56.228228+00:00,1-6/2-4/7/5-3,published,アオケイ,楽天Kドリームス 並び予想
2620250505020011,2025-05-06,西武園競輪,F1,11,Ｓ級準決勝,15:25,15:20,7,https://keirin.kdreams.jp/seibuen/racedetail/2620250505020011/?pageType=result,2026-08-31T05:52:57.776779+00:00,4-1-7/3/6/5-2,published,アオケイ,楽天Kドリームス 並び予想
2620250505020012,2025-05-06,西武園競輪,F1,12,Ｓ級準決勝,15:55,15:50,7,https://keirin.kdreams.jp/seibuen/racedetail/2620250505020012/?pageType=result,2026-08-31T05:52:59.383727+00:00,1-5/6-2/3-4-7,published,アオケイ,楽天Kドリームス 並び予想
7120250505020008,2025-05-06,高松競輪,F1,8,Ｓ級一般,14:10,14:05,7,https://keirin.kdreams.jp/takamatsu/racedetail/7120250505020008/?pageType=result,2026-08-31T05:53:18.466836+00:00,5-2/1-7/6-3-4,published,競輪毎日,楽天Kドリームス 並び予想
7120250505020009,2025-05-06,高松競輪,F1,9,Ｓ級一般,14:40,14:35,7,https://keirin.kdreams.jp/takamatsu/racedetail/7120250505020009/?pageType=result,2026-08-31T05:53:20.336470+00:00,1-5/2/3-7/6-4,published,競輪毎日,楽天Kドリームス 並び予想
7120250505020010,2025-05-06,高松競輪,F1,10,Ｓ級準決勝,15:10,15:05,7,https://keirin.kdreams.jp/takamatsu/racedetail/7120250505020010/?pageType=result,2026-08-31T05:53:22.094513+00:00,1-4-7/2-5-3/6,published,競輪毎日,楽天Kドリームス 並び予想
7120250505020011,2025-05-06,高松競輪,F1,11,Ｓ級準決勝,15:40,15:35,7,https://keirin.kdreams.jp/takamatsu/racedetail/7120250505020011/?pageType=result,2026-08-31T05:53:23.644597+00:00,3-1-5/6-2-4/7,published,競輪毎日,楽天Kドリームス 並び予想
7120250505020012,2025-05-06,高松競輪,F1,12,Ｓ級準決勝,16:10,16:05,7,https://keirin.kdreams.jp/takamatsu/racedetail/7120250505020012/?pageType=result,2026-08-31T05:53:25.250588+00:00,7-1-6/2-5/3-4,published,競輪毎日,楽天Kドリームス 並び予想
8420250505030006,2025-05-07,武雄競輪,F1,6,Ｓ級一般,17:50,17:45,7,https://keirin.kdreams.jp/takeo/racedetail/8420250505030006/?pageType=result,2026-08-31T05:53:50.580697+00:00,6-1/2-5-4/3-7,published,百万弗,楽天Kドリームス 並び予想
8420250505030007,2025-05-07,武雄競輪,F1,7,Ｓ級一般,18:14,18:09,7,https://keirin.kdreams.jp/takeo/racedetail/8420250505030007/?pageType=result,2026-08-31T05:53:51.880895+00:00,1-7/5/4-2/3-6,published,百万弗,楽天Kドリームス 並び予想
8420250505030008,2025-05-07,武雄競輪,F1,8,Ｓ級特選,18:38,18:33,7,https://keirin.kdreams.jp/takeo/racedetail/8420250505030008/?pageType=result,2026-08-31T05:53:54.317663+00:00,4-7-1/5-2/3/6,published,百万弗,楽天Kドリームス 並び予想
8420250505030009,2025-05-07,武雄競輪,F1,9,Ｓ級特選,19:02,18:57,7,https://keirin.kdreams.jp/takeo/racedetail/8420250505030009/?pageType=result,2026-08-31T05:53:55.766845+00:00,7-1-4/5-3-2/6,published,百万弗,楽天Kドリームス 並び予想
8420250505030012,2025-05-07,武雄競輪,F1,12,Ｓ級決勝,20:30,20:25,7,https://keirin.kdreams.jp/takeo/racedetail/8420250505030012/?pageType=result,2026-08-31T05:53:57.107151+00:00,6-3/1-5/4/7-2,published,百万弗,楽天Kドリームス 並び予想
2620250505030006,2025-05-07,西武園競輪,F1,6,Ｓ級一般,13:02,12:57,7,https://keirin.kdreams.jp/seibuen/racedetail/2620250505030006/?pageType=result,2026-08-31T05:53:00.977851+00:00,7-2/5-1/6/3-4,published,アオケイ,楽天Kドリームス 並び予想
2620250505030007,2025-05-07,西武園競輪,F1,7,Ｓ級一般,13:30,13:25,7,https://keirin.kdreams.jp/seibuen/racedetail/2620250505030007/?pageType=result,2026-08-31T05:53:02.588114+00:00,4-1-6/7-2/3-5,published,アオケイ,楽天Kドリームス 並び予想
2620250505030008,2025-05-07,西武園競輪,F1,8,Ｓ級特選,13:58,13:53,7,https://keirin.kdreams.jp/seibuen/racedetail/2620250505030008/?pageType=result,2026-08-31T05:53:04.147852+00:00,1-4/5-2/6-7-3,published,アオケイ,楽天Kドリームス 並び予想
2620250505030009,2025-05-07,西武園競輪,F1,9,Ｓ級特選,14:26,14:21,7,https://keirin.kdreams.jp/seibuen/racedetail/2620250505030009/?pageType=result,2026-08-31T05:53:05.756282+00:00,7-2-6/1/3-5-4,published,アオケイ,楽天Kドリームス 並び予想
2620250505030012,2025-05-07,西武園競輪,F1,12,Ｓ級決勝,15:56,15:51,7,https://keirin.kdreams.jp/seibuen/racedetail/2620250505030012/?pageType=result,2026-08-31T05:53:07.323623+00:00,1-5/2-4/6/3-7,published,アオケイ,楽天Kドリームス 並び予想
1220250507010008,2025-05-07,青森競輪,F1,8,Ｓ級予選,18:30,18:25,7,https://keirin.kdreams.jp/aomori/racedetail/1220250507010008/?pageType=result,2026-08-31T05:53:58.708246+00:00,2-7/1/4/5-3/6,published,アオケイ,楽天Kドリームス 並び予想
1220250507010009,2025-05-07,青森競輪,F1,9,Ｓ級予選,18:54,18:49,7,https://keirin.kdreams.jp/aomori/racedetail/1220250507010009/?pageType=result,2026-08-31T05:54:00.305434+00:00,5-1-7/2-6/3-4,published,アオケイ,楽天Kドリームス 並び予想
1220250507010010,2025-05-07,青森競輪,F1,10,Ｓ級予選,19:19,19:14,7,https://keirin.kdreams.jp/aomori/racedetail/1220250507010010/?pageType=result,2026-08-31T05:54:02.060758+00:00,1-4-5/2-6/7-3,published,アオケイ,楽天Kドリームス 並び予想
1220250507010011,2025-05-07,青森競輪,F1,11,Ｓ級予選,19:47,19:42,7,https://keirin.kdreams.jp/aomori/racedetail/1220250507010011/?pageType=result,2026-08-31T05:54:03.662031+00:00,1-5-4/7-2/3-6,published,アオケイ,楽天Kドリームス 並び予想
1220250507010012,2025-05-07,青森競輪,F1,12,Ｓ級初日特選,20:19,20:14,7,https://keirin.kdreams.jp/aomori/racedetail/1220250507010012/?pageType=result,2026-08-31T05:54:05.216537+00:00,5-2/7-1/6-3/4,published,アオケイ,楽天Kドリームス 並び予想
7120250505030006,2025-05-07,高松競輪,F1,6,Ｓ級一般,13:16,13:11,7,https://keirin.kdreams.jp/takamatsu/racedetail/7120250505030006/?pageType=result,2026-08-31T05:53:26.971460+00:00,2-1/6-3/4-7/5,published,競輪毎日,楽天Kドリームス 並び予想
7120250505030007,2025-05-07,高松競輪,F1,7,Ｓ級一般,13:44,13:39,7,https://keirin.kdreams.jp/takamatsu/racedetail/7120250505030007/?pageType=result,2026-08-31T05:53:29.653746+00:00,1-4/2-6/3-5-7,published,競輪毎日,楽天Kドリームス 並び予想
7120250505030008,2025-05-07,高松競輪,F1,8,Ｓ級特選,14:12,14:07,7,https://keirin.kdreams.jp/takamatsu/racedetail/7120250505030008/?pageType=result,2026-08-31T05:53:31.356572+00:00,6-1/2/5-3/4/7,published,競輪毎日,楽天Kドリームス 並び予想
7120250505030009,2025-05-07,高松競輪,F1,9,Ｓ級特選,14:40,14:35,7,https://keirin.kdreams.jp/takamatsu/racedetail/7120250505030009/?pageType=result,2026-08-31T05:53:32.964119+00:00,6-5-1/2/4-3/7,published,競輪毎日,楽天Kドリームス 並び予想
7120250505030012,2025-05-07,高松競輪,F1,12,Ｓ級決勝,16:12,16:07,7,https://keirin.kdreams.jp/takamatsu/racedetail/7120250505030012/?pageType=result,2026-08-31T05:53:34.533912+00:00,1-7-4/6-2/3/5,published,競輪毎日,楽天Kドリームス 並び予想
4420250508010006,2025-05-08,大垣競輪,F1,6,Ｓ級予選,13:09,13:04,7,https://keirin.kdreams.jp/ogaki/racedetail/4420250508010006/?pageType=result,2026-08-31T05:54:22.797918+00:00,1-7/4-2-6/3-5,published,ひかり,楽天Kドリームス 並び予想
4420250508010007,2025-05-08,大垣競輪,F1,7,Ｓ級予選,13:38,13:33,7,https://keirin.kdreams.jp/ogaki/racedetail/4420250508010007/?pageType=result,2026-08-31T05:54:24.405272+00:00,5-1-3-6/7/2-4,published,ひかり,楽天Kドリームス 並び予想
4420250508010008,2025-05-08,大垣競輪,F1,8,Ｓ級予選,14:07,14:02,7,https://keirin.kdreams.jp/ogaki/racedetail/4420250508010008/?pageType=result,2026-08-31T05:54:25.963435+00:00,1-5/6-2/3-4-7,published,ひかり,楽天Kドリームス 並び予想
4420250508010009,2025-05-08,大垣競輪,F1,9,Ｓ級予選,14:36,14:31,7,https://keirin.kdreams.jp/ogaki/racedetail/4420250508010009/?pageType=result,2026-08-31T05:54:27.574917+00:00,1-4/6-2/5-7-3,published,ひかり,楽天Kドリームス 並び予想
4420250508010010,2025-05-08,大垣競輪,F1,10,Ｓ級予選,15:07,15:02,7,https://keirin.kdreams.jp/ogaki/racedetail/4420250508010010/?pageType=result,2026-08-31T05:54:29.181475+00:00,7-1-4/2-5/6-3,published,ひかり,楽天Kドリームス 並び予想
4420250508010011,2025-05-08,大垣競輪,F1,11,Ｓ級予選,15:38,15:33,7,https://keirin.kdreams.jp/ogaki/racedetail/4420250508010011/?pageType=result,2026-08-31T05:54:30.743807+00:00,7-1-3/5/6/2-4,published,ひかり,楽天Kドリームス 並び予想
4420250508010012,2025-05-08,大垣競輪,F1,12,Ｓ級初特選,16:10,16:05,7,https://keirin.kdreams.jp/ogaki/racedetail/4420250508010012/?pageType=result,2026-08-31T05:54:32.365480+00:00,4-1/3-6/7-2-5,published,ひかり,楽天Kドリームス 並び予想
1220250507020008,2025-05-08,青森競輪,F1,8,Ｓ級一般,18:42,18:37,7,https://keirin.kdreams.jp/aomori/racedetail/1220250507020008/?pageType=result,2026-08-31T05:54:06.855707+00:00,3-5-6/2/1-7-4,published,アオケイ,楽天Kドリームス 並び予想
1220250507020009,2025-05-08,青森競輪,F1,9,Ｓ級一般,19:07,19:02,7,https://keirin.kdreams.jp/aomori/racedetail/1220250507020009/?pageType=result,2026-08-31T05:54:08.439940+00:00,1-7-4-2/3-5/6,published,アオケイ,楽天Kドリームス 並び予想
1220250507020010,2025-05-08,青森競輪,F1,10,Ｓ級準決勝,19:32,19:27,7,https://keirin.kdreams.jp/aomori/racedetail/1220250507020010/?pageType=result,2026-08-31T05:54:10.069066+00:00,7-2/1-6/4-3-5,published,アオケイ,楽天Kドリームス 並び予想
1220250507020011,2025-05-08,青森競輪,F1,11,Ｓ級準決勝,20:00,19:55,7,https://keirin.kdreams.jp/aomori/racedetail/1220250507020011/?pageType=result,2026-08-31T05:54:11.666498+00:00,1-7/5-2/4-3-6,published,アオケイ,楽天Kドリームス 並び予想
1220250507020012,2025-05-08,青森競輪,F1,12,Ｓ級準決勝,20:30,20:25,7,https://keirin.kdreams.jp/aomori/racedetail/1220250507020012/?pageType=result,2026-08-31T05:54:13.232260+00:00,4-1-5/6-2/3-7,published,アオケイ,楽天Kドリームス 並び予想
4420250508020006,2025-05-09,大垣競輪,F1,6,Ｓ級一般,13:08,13:03,7,https://keirin.kdreams.jp/ogaki/racedetail/4420250508020006/?pageType=result,2026-08-31T05:54:33.936034+00:00,1-5/3-4/7-2-6,published,ひかり,楽天Kドリームス 並び予想
4420250508020007,2025-05-09,大垣競輪,F1,7,Ｓ級一般,13:37,13:32,7,https://keirin.kdreams.jp/ogaki/racedetail/4420250508020007/?pageType=result,2026-08-31T05:54:36.624651+00:00,2-5/1/6/4-7-3,published,ひかり,楽天Kドリームス 並び予想
4420250508020008,2025-05-09,大垣競輪,F1,8,Ｓ級選抜,14:07,14:02,7,https://keirin.kdreams.jp/ogaki/racedetail/4420250508020008/?pageType=result,2026-08-31T05:54:38.347225+00:00,2-4-5/1-7/3-6,published,ひかり,楽天Kドリームス 並び予想
4420250508020009,2025-05-09,大垣競輪,F1,9,Ｓ級選抜,14:37,14:32,7,https://keirin.kdreams.jp/ogaki/racedetail/4420250508020009/?pageType=result,2026-08-31T05:54:39.963579+00:00,7-1-5/4/3-2-6,published,ひかり,楽天Kドリームス 並び予想
4420250508020010,2025-05-09,大垣競輪,F1,10,Ｓ級準決勝,15:09,15:04,7,https://keirin.kdreams.jp/ogaki/racedetail/4420250508020010/?pageType=result,2026-08-31T05:54:41.552629+00:00,5-1/6-2/7-3-4,published,ひかり,楽天Kドリームス 並び予想
4420250508020011,2025-05-09,大垣競輪,F1,11,Ｓ級準決勝,15:44,15:39,7,https://keirin.kdreams.jp/ogaki/racedetail/4420250508020011/?pageType=result,2026-08-31T05:54:43.163708+00:00,5-1/4/2-7/6-3,published,ひかり,楽天Kドリームス 並び予想
4420250508020012,2025-05-09,大垣競輪,F1,12,Ｓ級準決勝,16:20,16:15,7,https://keirin.kdreams.jp/ogaki/racedetail/4420250508020012/?pageType=result,2026-08-31T05:54:44.741423+00:00,5-1-4/2/7/6-3,published,ひかり,楽天Kドリームス 並び予想
5620250509010008,2025-05-09,岸和田競輪,F1,8,Ｓ級予選,13:57,13:52,7,https://keirin.kdreams.jp/kishiwada/racedetail/5620250509010008/?pageType=result,2026-08-31T05:54:57.540378+00:00,5-1/2-7/4-3-6,published,競輪研究,楽天Kドリームス 並び予想
5620250509010009,2025-05-09,岸和田競輪,F1,9,Ｓ級予選,14:27,14:22,7,https://keirin.kdreams.jp/kishiwada/racedetail/5620250509010009/?pageType=result,2026-08-31T05:54:59.092292+00:00,1-5/4-2/6/3-7,published,競輪研究,楽天Kドリームス 並び予想
5620250509010010,2025-05-09,岸和田競輪,F1,10,Ｓ級予選,14:58,14:53,7,https://keirin.kdreams.jp/kishiwada/racedetail/5620250509010010/?pageType=result,2026-08-31T05:55:00.695299+00:00,1-5-4/6-2/7-3,published,競輪研究,楽天Kドリームス 並び予想
5620250509010011,2025-05-09,岸和田競輪,F1,11,Ｓ級予選,15:32,15:27,7,https://keirin.kdreams.jp/kishiwada/racedetail/5620250509010011/?pageType=result,2026-08-31T05:55:02.260996+00:00,2-4/5/6/7-1-3,published,競輪研究,楽天Kドリームス 並び予想
5620250509010012,2025-05-09,岸和田競輪,F1,12,Ｓ級初日特選,16:08,16:03,7,https://keirin.kdreams.jp/kishiwada/racedetail/5620250509010012/?pageType=result,2026-08-31T05:55:03.705240+00:00,4-2/7-3-5/6-1,published,競輪研究,楽天Kドリームス 並び予想
1220250507030006,2025-05-09,青森競輪,F1,6,Ｓ級一般,18:02,17:57,7,https://keirin.kdreams.jp/aomori/racedetail/1220250507030006/?pageType=result,2026-08-31T05:54:14.844901+00:00,1-7/4-3/5-2/6,published,アオケイ,楽天Kドリームス 並び予想
1220250507030007,2025-05-09,青森競輪,F1,7,Ｓ級一般,18:26,18:21,7,https://keirin.kdreams.jp/aomori/racedetail/1220250507030007/?pageType=result,2026-08-31T05:54:16.428995+00:00,1-4-7/2-5-3-6,published,アオケイ,楽天Kドリームス 並び予想
1220250507030008,2025-05-09,青森競輪,F1,8,Ｓ級特選,18:50,18:45,7,https://keirin.kdreams.jp/aomori/racedetail/1220250507030008/?pageType=result,2026-08-31T05:54:18.040949+00:00,1-5/2-6/3-4-7,published,アオケイ,楽天Kドリームス 並び予想
1220250507030009,2025-05-09,青森競輪,F1,9,Ｓ級特選,19:14,19:09,7,https://keirin.kdreams.jp/aomori/racedetail/1220250507030009/?pageType=result,2026-08-31T05:54:19.606981+00:00,5-1-6/2-7/4-3,published,アオケイ,楽天Kドリームス 並び予想
1220250507030012,2025-05-09,青森競輪,F1,12,Ｓ級決勝,20:30,20:25,7,https://keirin.kdreams.jp/aomori/racedetail/1220250507030012/?pageType=result,2026-08-31T05:54:21.215296+00:00,4-1-5-3/2-7/6,published,アオケイ,楽天Kドリームス 並び予想
4420250508030005,2025-05-10,大垣競輪,F1,5,Ｓ級一般,12:41,12:36,7,https://keirin.kdreams.jp/ogaki/racedetail/4420250508030005/?pageType=result,2026-08-31T05:54:46.366627+00:00,5-1-3/6/4-7-2,published,ひかり,楽天Kドリームス 並び予想
4420250508030006,2025-05-10,大垣競輪,F1,6,Ｓ級一般,13:08,13:03,7,https://keirin.kdreams.jp/ogaki/racedetail/4420250508030006/?pageType=result,2026-08-31T05:54:47.942308+00:00,1-4/5-7-2/6-3,published,ひかり,楽天Kドリームス 並び予想
4420250508030007,2025-05-10,大垣競輪,F1,7,Ｓ級一般,13:35,13:30,7,https://keirin.kdreams.jp/ogaki/racedetail/4420250508030007/?pageType=result,2026-08-31T05:54:49.600931+00:00,4-1-6/2/7-3-5,published,ひかり,楽天Kドリームス 並び予想
4420250508030008,2025-05-10,大垣競輪,F1,8,Ｓ級特選,14:04,13:59,7,https://keirin.kdreams.jp/ogaki/racedetail/4420250508030008/?pageType=result,2026-08-31T05:54:51.176050+00:00,1-7/5/6-2-3-4,published,ひかり,楽天Kドリームス 並び予想
4420250508030009,2025-05-10,大垣競輪,F1,9,Ｓ級特選,14:34,14:29,7,https://keirin.kdreams.jp/ogaki/racedetail/4420250508030009/?pageType=result,2026-08-31T05:54:52.730548+00:00,1-4/6-2/7-5-3,published,ひかり,楽天Kドリームス 並び予想
4420250508030010,2025-05-10,大垣競輪,F1,10,Ｓ級特選,15:08,15:03,7,https://keirin.kdreams.jp/ogaki/racedetail/4420250508030010/?pageType=result,2026-08-31T05:54:54.366147+00:00,1-7-4/3/2-5-6,published,ひかり,楽天Kドリームス 並び予想
4420250508030012,2025-05-10,大垣競輪,F1,12,Ｓ級決勝,16:20,16:15,7,https://keirin.kdreams.jp/ogaki/racedetail/4420250508030012/?pageType=result,2026-08-31T05:54:55.936570+00:00,3-5/4/6-1/2-7,published,ひかり,楽天Kドリームス 並び予想
5620250509020008,2025-05-10,岸和田競輪,F1,8,Ｓ級一般,13:54,13:49,7,https://keirin.kdreams.jp/kishiwada/racedetail/5620250509020008/?pageType=result,2026-08-31T05:55:05.285749+00:00,1-5/2/6/3-7-4,published,競輪研究,楽天Kドリームス 並び予想
5620250509020009,2025-05-10,岸和田競輪,F1,9,Ｓ級一般,14:24,14:19,7,https://keirin.kdreams.jp/kishiwada/racedetail/5620250509020009/?pageType=result,2026-08-31T05:55:06.923992+00:00,1-5/7-2/3-4-6,published,競輪研究,楽天Kドリームス 並び予想
5620250509020010,2025-05-10,岸和田競輪,F1,10,Ｓ級準決勝,14:56,14:51,7,https://keirin.kdreams.jp/kishiwada/racedetail/5620250509020010/?pageType=result,2026-08-31T05:55:09.908161+00:00,1-5-6/7-3/2-4,published,競輪研究,楽天Kドリームス 並び予想
5620250509020011,2025-05-10,岸和田競輪,F1,11,Ｓ級準決勝,15:32,15:27,7,https://keirin.kdreams.jp/kishiwada/racedetail/5620250509020011/?pageType=result,2026-08-31T05:55:11.782858+00:00,5-1/2-7/3/4/6,published,競輪研究,楽天Kドリームス 並び予想
5620250509020012,2025-05-10,岸和田競輪,F1,12,Ｓ級準決勝,16:08,16:03,7,https://keirin.kdreams.jp/kishiwada/racedetail/5620250509020012/?pageType=result,2026-08-31T05:55:13.601883+00:00,4-1-7/6-3/2-5,published,競輪研究,楽天Kドリームス 並び予想
5620250509030006,2025-05-11,岸和田競輪,F1,6,Ｓ級一般,13:04,12:59,7,https://keirin.kdreams.jp/kishiwada/racedetail/5620250509030006/?pageType=result,2026-08-31T05:55:15.169330+00:00,1-4/5-3/2-7-6,published,競輪研究,楽天Kドリームス 並び予想
5620250509030007,2025-05-11,岸和田競輪,F1,7,Ｓ級一般,13:34,13:29,7,https://keirin.kdreams.jp/kishiwada/racedetail/5620250509030007/?pageType=result,2026-08-31T05:55:16.784819+00:00,1-4-2-5/3-7/6,published,競輪研究,楽天Kドリームス 並び予想
5620250509030008,2025-05-11,岸和田競輪,F1,8,Ｓ級特選,14:04,13:59,7,https://keirin.kdreams.jp/kishiwada/racedetail/5620250509030008/?pageType=result,2026-08-31T05:55:18.360831+00:00,5/1-6/4-2/3-7,published,競輪研究,楽天Kドリームス 並び予想
5620250509030009,2025-05-11,岸和田競輪,F1,9,Ｓ級特選,14:34,14:29,7,https://keirin.kdreams.jp/kishiwada/racedetail/5620250509030009/?pageType=result,2026-08-31T05:55:19.995508+00:00,2-7/5-1/4/3-6,published,競輪研究,楽天Kドリームス 並び予想
5620250509030012,2025-05-11,岸和田競輪,F1,12,Ｓ級決勝,16:20,16:15,7,https://keirin.kdreams.jp/kishiwada/racedetail/5620250509030012/?pageType=result,2026-08-31T05:55:21.564230+00:00,4-1/5-7-3/6-2,published,競輪研究,楽天Kドリームス 並び予想
6120250512010006,2025-05-12,玉野競輪,F1,6,Ｓ級予選,13:02,12:57,7,https://keirin.kdreams.jp/tamano/racedetail/6120250512010006/?pageType=result,2026-08-31T05:57:02.462631+00:00,1-7/4-2/5-3-6,published,競輪毎日,楽天Kドリームス 並び予想
6120250512010007,2025-05-12,玉野競輪,F1,7,Ｓ級予選,13:31,13:26,7,https://keirin.kdreams.jp/tamano/racedetail/6120250512010007/?pageType=result,2026-08-31T05:57:04.006073+00:00,1-4-6/5-2/7-3,published,競輪毎日,楽天Kドリームス 並び予想
6120250512010008,2025-05-12,玉野競輪,F1,8,Ｓ級予選,14:01,13:56,7,https://keirin.kdreams.jp/tamano/racedetail/6120250512010008/?pageType=result,2026-08-31T05:57:05.602504+00:00,4-2-6/1-5/7-3,published,競輪毎日,楽天Kドリームス 並び予想
6120250512010009,2025-05-12,玉野競輪,F1,9,Ｓ級予選,14:31,14:26,7,https://keirin.kdreams.jp/tamano/racedetail/6120250512010009/?pageType=result,2026-08-31T05:57:07.157642+00:00,4-1-6/2-5/7-3,published,競輪毎日,楽天Kドリームス 並び予想
6120250512010010,2025-05-12,玉野競輪,F1,10,Ｓ級予選,15:03,14:58,7,https://keirin.kdreams.jp/tamano/racedetail/6120250512010010/?pageType=result,2026-08-31T05:57:08.747549+00:00,1-7/4-2/3/5/6,published,競輪毎日,楽天Kドリームス 並び予想
6120250512010011,2025-05-12,玉野競輪,F1,11,Ｓ級予選,15:37,15:32,7,https://keirin.kdreams.jp/tamano/racedetail/6120250512010011/?pageType=result,2026-08-31T05:57:10.300316+00:00,3-5-1/6-2/4-7,published,競輪毎日,楽天Kドリームス 並び予想
6120250512010012,2025-05-12,玉野競輪,F1,12,Ｓ級初特選,16:11,16:06,7,https://keirin.kdreams.jp/tamano/racedetail/6120250512010012/?pageType=result,2026-08-31T05:57:11.851593+00:00,2-6/1/7/3-4/5,published,競輪毎日,楽天Kドリームス 並び予想
6120250512020006,2025-05-13,玉野競輪,F1,6,Ｓ級一般,13:02,12:57,7,https://keirin.kdreams.jp/tamano/racedetail/6120250512020006/?pageType=result,2026-08-31T05:57:13.302385+00:00,1-4/2-7-5/3/6,published,競輪毎日,楽天Kドリームス 並び予想
6120250512020007,2025-05-13,玉野競輪,F1,7,Ｓ級一般,13:31,13:26,7,https://keirin.kdreams.jp/tamano/racedetail/6120250512020007/?pageType=result,2026-08-31T05:57:14.862632+00:00,6-1-4/7-2/3-5,published,競輪毎日,楽天Kドリームス 並び予想
6120250512020008,2025-05-13,玉野競輪,F1,8,Ｓ級選抜,14:01,13:56,7,https://keirin.kdreams.jp/tamano/racedetail/6120250512020008/?pageType=result,2026-08-31T05:57:16.489679+00:00,1-7-4/2-5/3/6,published,競輪毎日,楽天Kドリームス 並び予想
6120250512020009,2025-05-13,玉野競輪,F1,9,Ｓ級選抜,14:31,14:26,7,https://keirin.kdreams.jp/tamano/racedetail/6120250512020009/?pageType=result,2026-08-31T05:57:18.062468+00:00,5-1/4-2-6/3-7,published,競輪毎日,楽天Kドリームス 並び予想
6120250512020010,2025-05-13,玉野競輪,F1,10,Ｓ級準決勝,15:03,14:58,7,https://keirin.kdreams.jp/tamano/racedetail/6120250512020010/?pageType=result,2026-08-31T05:57:19.672186+00:00,4-1-7/5-2/6-3,published,競輪毎日,楽天Kドリームス 並び予想
6120250512020011,2025-05-13,玉野競輪,F1,11,Ｓ級準決勝,15:37,15:32,7,https://keirin.kdreams.jp/tamano/racedetail/6120250512020011/?pageType=result,2026-08-31T05:57:21.249863+00:00,7-1-4/2-5/6-3,published,競輪毎日,楽天Kドリームス 並び予想
6120250512020012,2025-05-13,玉野競輪,F1,12,Ｓ級準決勝,16:11,16:06,7,https://keirin.kdreams.jp/tamano/racedetail/6120250512020012/?pageType=result,2026-08-31T05:57:22.870837+00:00,7-1-5/6-2/4-3,published,競輪毎日,楽天Kドリームス 並び予想
4320250514010006,2025-05-14,岐阜競輪,F1,6,Ｓ級予選,18:02,17:57,7,https://keirin.kdreams.jp/gifu/racedetail/4320250514010006/?pageType=result,2026-08-31T05:58:12.354808+00:00,4-1-6/2-7/3-5,published,中部競輪・ひかり,楽天Kドリームス 並び予想
4320250514010007,2025-05-14,岐阜競輪,F1,7,Ｓ級予選,18:26,18:21,7,https://keirin.kdreams.jp/gifu/racedetail/4320250514010007/?pageType=result,2026-08-31T05:58:13.951863+00:00,3-7-4/1-5/6-2,published,中部競輪・ひかり,楽天Kドリームス 並び予想
4320250514010008,2025-05-14,岐阜競輪,F1,8,Ｓ級予選,18:50,18:45,7,https://keirin.kdreams.jp/gifu/racedetail/4320250514010008/?pageType=result,2026-08-31T05:58:16.576023+00:00,1-7/4-5-2/6-3,published,中部競輪・ひかり,楽天Kドリームス 並び予想
4320250514010009,2025-05-14,岐阜競輪,F1,9,Ｓ級予選,19:14,19:09,7,https://keirin.kdreams.jp/gifu/racedetail/4320250514010009/?pageType=result,2026-08-31T05:58:18.440938+00:00,6-3/1-5/7-2-4,published,中部競輪・ひかり,楽天Kドリームス 並び予想
4320250514010010,2025-05-14,岐阜競輪,F1,10,Ｓ級予選,19:38,19:33,7,https://keirin.kdreams.jp/gifu/racedetail/4320250514010010/?pageType=result,2026-08-31T05:58:20.230511+00:00,5-7-1/2-4/6-3,published,中部競輪・ひかり,楽天Kドリームス 並び予想
4320250514010011,2025-05-14,岐阜競輪,F1,11,Ｓ級予選,20:04,19:59,7,https://keirin.kdreams.jp/gifu/racedetail/4320250514010011/?pageType=result,2026-08-31T05:58:21.780596+00:00,2-7-3-6/4-1/5,published,中部競輪・ひかり,楽天Kドリームス 並び予想
4320250514010012,2025-05-14,岐阜競輪,F1,12,Ｓ級初特選,20:30,20:25,7,https://keirin.kdreams.jp/gifu/racedetail/4320250514010012/?pageType=result,2026-08-31T05:58:23.371029+00:00,1-7/4-2-5/6-3,published,中部競輪・ひかり,楽天Kドリームス 並び予想
6120250512030005,2025-05-14,玉野競輪,F1,5,Ｓ級一般,12:41,12:36,7,https://keirin.kdreams.jp/tamano/racedetail/6120250512030005/?pageType=result,2026-08-31T05:57:24.422323+00:00,2-5/1/7-3-4/6,published,競輪毎日,楽天Kドリームス 並び予想
6120250512030006,2025-05-14,玉野競輪,F1,6,Ｓ級一般,13:08,13:03,7,https://keirin.kdreams.jp/tamano/racedetail/6120250512030006/?pageType=result,2026-08-31T05:57:26.033933+00:00,2-6/7-1/5-3/4,published,競輪毎日,楽天Kドリームス 並び予想
6120250512030007,2025-05-14,玉野競輪,F1,7,Ｓ級一般,13:37,13:32,7,https://keirin.kdreams.jp/tamano/racedetail/6120250512030007/?pageType=result,2026-08-31T05:57:27.597721+00:00,3-4-5/1-6/7-2,published,競輪毎日,楽天Kドリームス 並び予想
6120250512030008,2025-05-14,玉野競輪,F1,8,Ｓ級特選,14:07,14:02,7,https://keirin.kdreams.jp/tamano/racedetail/6120250512030008/?pageType=result,2026-08-31T05:57:29.212201+00:00,4-2-7/1-5/6-3,published,競輪毎日,楽天Kドリームス 並び予想
6120250512030009,2025-05-14,玉野競輪,F1,9,Ｓ級特選,14:37,14:32,7,https://keirin.kdreams.jp/tamano/racedetail/6120250512030009/?pageType=result,2026-08-31T05:57:30.773088+00:00,5-1/2/3/4-7/6,published,競輪毎日,楽天Kドリームス 並び予想
6120250512030010,2025-05-14,玉野競輪,F1,10,Ｓ級特選,15:09,15:04,7,https://keirin.kdreams.jp/tamano/racedetail/6120250512030010/?pageType=result,2026-08-31T05:57:32.326293+00:00,4-1/2-5/6-7-3,published,競輪毎日,楽天Kドリームス 並び予想
6120250512030012,2025-05-14,玉野競輪,F1,12,Ｓ級決勝,16:20,16:15,7,https://keirin.kdreams.jp/tamano/racedetail/6120250512030012/?pageType=result,2026-08-31T05:57:33.983758+00:00,1-7/2-6-4/5-3,published,競輪毎日,楽天Kドリームス 並び予想
5120250514010006,2025-05-14,福井競輪,F1,6,Ｓ級予選,12:59,12:54,7,https://keirin.kdreams.jp/fukui/racedetail/5120250514010006/?pageType=result,2026-08-31T05:57:35.533392+00:00,7-2-6/1/3-5-4,published,福井中部,楽天Kドリームス 並び予想
5120250514010007,2025-05-14,福井競輪,F1,7,Ｓ級予選,13:27,13:22,7,https://keirin.kdreams.jp/fukui/racedetail/5120250514010007/?pageType=result,2026-08-31T05:57:37.147470+00:00,7-2/4-6-1/5-3,published,福井中部,楽天Kドリームス 並び予想
5120250514010008,2025-05-14,福井競輪,F1,8,Ｓ級予選,13:57,13:52,7,https://keirin.kdreams.jp/fukui/racedetail/5120250514010008/?pageType=result,2026-08-31T05:57:38.690402+00:00,7-5-1/6-2/4-3,published,福井中部,楽天Kドリームス 並び予想
5120250514010009,2025-05-14,福井競輪,F1,9,Ｓ級予選,14:27,14:22,7,https://keirin.kdreams.jp/fukui/racedetail/5120250514010009/?pageType=result,2026-08-31T05:57:40.283971+00:00,5-1/4-2/3-7-6,published,福井中部,楽天Kドリームス 並び予想
5120250514010010,2025-05-14,福井競輪,F1,10,Ｓ級予選,14:58,14:53,7,https://keirin.kdreams.jp/fukui/racedetail/5120250514010010/?pageType=result,2026-08-31T05:57:41.828688+00:00,2-5-3/4-7-1/6,published,福井中部,楽天Kドリームス 並び予想
5120250514010011,2025-05-14,福井競輪,F1,11,Ｓ級予選,15:32,15:27,7,https://keirin.kdreams.jp/fukui/racedetail/5120250514010011/?pageType=result,2026-08-31T05:57:43.453885+00:00,1-4-5/2-7/3-6,published,福井中部,楽天Kドリームス 並び予想
5120250514010012,2025-05-14,福井競輪,F1,12,Ｓ級初特選,16:08,16:03,7,https://keirin.kdreams.jp/fukui/racedetail/5120250514010012/?pageType=result,2026-08-31T05:57:45.008082+00:00,5-2/4-7-1/6-3,published,福井中部,楽天Kドリームス 並び予想
4320250514020006,2025-05-15,岐阜競輪,F1,6,Ｓ級一般,17:58,17:53,6,https://keirin.kdreams.jp/gifu/racedetail/4320250514020006/?pageType=result,2026-08-31T05:58:24.765604+00:00,1-4/5-2/6-3,published,中部競輪・ひかり,楽天Kドリームス 並び予想
4320250514020007,2025-05-15,岐阜競輪,F1,7,Ｓ級一般,18:22,18:17,7,https://keirin.kdreams.jp/gifu/racedetail/4320250514020007/?pageType=result,2026-08-31T05:58:26.367242+00:00,1-7/4-6-2/5-3,published,中部競輪・ひかり,楽天Kドリームス 並び予想
4320250514020008,2025-05-15,岐阜競輪,F1,8,Ｓ級選抜,18:46,18:41,7,https://keirin.kdreams.jp/gifu/racedetail/4320250514020008/?pageType=result,2026-08-31T05:58:27.931737+00:00,5-2-1/6-3-4/7,published,中部競輪・ひかり,楽天Kドリームス 並び予想
4320250514020009,2025-05-15,岐阜競輪,F1,9,Ｓ級選抜,19:10,19:05,7,https://keirin.kdreams.jp/gifu/racedetail/4320250514020009/?pageType=result,2026-08-31T05:58:29.547383+00:00,4-3-1/2-5-7/6,published,中部競輪・ひかり,楽天Kドリームス 並び予想
4320250514020010,2025-05-15,岐阜競輪,F1,10,Ｓ級準決勝,19:34,19:29,7,https://keirin.kdreams.jp/gifu/racedetail/4320250514020010/?pageType=result,2026-08-31T05:58:31.109282+00:00,4-1/2-7/3-5/6,published,中部競輪・ひかり,楽天Kドリームス 並び予想
4320250514020011,2025-05-15,岐阜競輪,F1,11,Ｓ級準決勝,20:02,19:57,7,https://keirin.kdreams.jp/gifu/racedetail/4320250514020011/?pageType=result,2026-08-31T05:58:32.748311+00:00,5-1-6/3-4/7/2,published,中部競輪・ひかり,楽天Kドリームス 並び予想
4320250514020012,2025-05-15,岐阜競輪,F1,12,Ｓ級準決勝,20:30,20:25,7,https://keirin.kdreams.jp/gifu/racedetail/4320250514020012/?pageType=result,2026-08-31T05:58:34.317981+00:00,4-1/2-5/3-7/6,published,中部競輪・ひかり,楽天Kドリームス 並び予想
3420250515010006,2025-05-15,川崎競輪,F1,6,Ｓ級予選,17:46,17:41,7,https://keirin.kdreams.jp/kawasaki/racedetail/3420250515010006/?pageType=result,2026-08-31T05:58:48.534610+00:00,1-4/5-2/7-3/6,published,小田競・サイクル,楽天Kドリームス 並び予想
3420250515010007,2025-05-15,川崎競輪,F1,7,Ｓ級予選,18:10,18:05,7,https://keirin.kdreams.jp/kawasaki/racedetail/3420250515010007/?pageType=result,2026-08-31T05:58:50.090894+00:00,4-7-1/5-2/3-6,published,小田競・サイクル,楽天Kドリームス 並び予想
3420250515010008,2025-05-15,川崎競輪,F1,8,Ｓ級予選,18:34,18:29,7,https://keirin.kdreams.jp/kawasaki/racedetail/3420250515010008/?pageType=result,2026-08-31T05:58:51.692421+00:00,1-5/6-2/3-7-4,published,小田競・サイクル,楽天Kドリームス 並び予想
3420250515010009,2025-05-15,川崎競輪,F1,9,Ｓ級予選,18:58,18:53,7,https://keirin.kdreams.jp/kawasaki/racedetail/3420250515010009/?pageType=result,2026-08-31T05:58:53.245840+00:00,1-5-6/2-7/4-3,published,小田競・サイクル,楽天Kドリームス 並び予想
3420250515010010,2025-05-15,川崎競輪,F1,10,Ｓ級予選,19:22,19:17,7,https://keirin.kdreams.jp/kawasaki/racedetail/3420250515010010/?pageType=result,2026-08-31T05:58:54.838377+00:00,6-1/4-2-7/5-3,published,小田競・サイクル,楽天Kドリームス 並び予想
3420250515010011,2025-05-15,川崎競輪,F1,11,Ｓ級予選,19:48,19:43,7,https://keirin.kdreams.jp/kawasaki/racedetail/3420250515010011/?pageType=result,2026-08-31T05:58:56.389767+00:00,1-4-6/2-5/7-3,published,小田競・サイクル,楽天Kドリームス 並び予想
3420250515010012,2025-05-15,川崎競輪,F1,12,Ｓ級初特選,20:16,20:11,7,https://keirin.kdreams.jp/kawasaki/racedetail/3420250515010012/?pageType=result,2026-08-31T05:58:57.952699+00:00,4-6/1-7-3/2-5,published,小田競・サイクル,楽天Kドリームス 並び予想
5120250514020006,2025-05-15,福井競輪,F1,6,Ｓ級一般,13:00,12:55,6,https://keirin.kdreams.jp/fukui/racedetail/5120250514020006/?pageType=result,2026-08-31T05:57:46.442519+00:00,2-5-4/3-1/6,published,福井中部,楽天Kドリームス 並び予想
5120250514020007,2025-05-15,福井競輪,F1,7,Ｓ級一般,13:28,13:23,7,https://keirin.kdreams.jp/fukui/racedetail/5120250514020007/?pageType=result,2026-08-31T05:57:48.014826+00:00,5-1-6/2-4/7-3,published,福井中部,楽天Kドリームス 並び予想
5120250514020008,2025-05-15,福井競輪,F1,8,Ｓ級選抜,13:58,13:53,7,https://keirin.kdreams.jp/fukui/racedetail/5120250514020008/?pageType=result,2026-08-31T05:57:49.580299+00:00,5-1-2/4/3-7/6,published,福井中部,楽天Kドリームス 並び予想
5120250514020009,2025-05-15,福井競輪,F1,9,Ｓ級選抜,14:28,14:23,7,https://keirin.kdreams.jp/fukui/racedetail/5120250514020009/?pageType=result,2026-08-31T05:57:51.201426+00:00,1-7-2/4-3-5/6,published,福井中部,楽天Kドリームス 並び予想
5120250514020010,2025-05-15,福井競輪,F1,10,Ｓ級準決勝,14:59,14:54,7,https://keirin.kdreams.jp/fukui/racedetail/5120250514020010/?pageType=result,2026-08-31T05:57:53.834421+00:00,7-2/4-1/5-3/6,published,福井中部,楽天Kドリームス 並び予想
5120250514020011,2025-05-15,福井競輪,F1,11,Ｓ級準決勝,15:33,15:28,7,https://keirin.kdreams.jp/fukui/racedetail/5120250514020011/?pageType=result,2026-08-31T05:57:55.753148+00:00,6-2-5/1/4/3-7,published,福井中部,楽天Kドリームス 並び予想
5120250514020012,2025-05-15,福井競輪,F1,12,Ｓ級準決勝,16:09,16:04,7,https://keirin.kdreams.jp/fukui/racedetail/5120250514020012/?pageType=result,2026-08-31T05:57:58.391426+00:00,4-1-6/7-2/5-3,published,福井中部,楽天Kドリームス 並び予想
4320250514030005,2025-05-16,岐阜競輪,F1,5,Ｓ級一般,17:22,17:17,6,https://keirin.kdreams.jp/gifu/racedetail/4320250514030005/?pageType=result,2026-08-31T05:58:37.135339+00:00,4-2/1/6-3/5,published,中部競輪・ひかり,楽天Kドリームス 並び予想
4320250514030006,2025-05-16,岐阜競輪,F1,6,Ｓ級一般,17:46,17:41,7,https://keirin.kdreams.jp/gifu/racedetail/4320250514030006/?pageType=result,2026-08-31T05:58:38.934367+00:00,1-5/3/7-2-4/6,published,中部競輪・ひかり,楽天Kドリームス 並び予想
4320250514030007,2025-05-16,岐阜競輪,F1,7,Ｓ級一般,18:10,18:05,7,https://keirin.kdreams.jp/gifu/racedetail/4320250514030007/?pageType=result,2026-08-31T05:58:40.512971+00:00,1-5/6-2-4/7-3,published,中部競輪・ひかり,楽天Kドリームス 並び予想
4320250514030008,2025-05-16,岐阜競輪,F1,8,Ｓ級特選,18:34,18:29,7,https://keirin.kdreams.jp/gifu/racedetail/4320250514030008/?pageType=result,2026-08-31T05:58:42.119841+00:00,1-7/2-6/4/5-3,published,中部競輪・ひかり,楽天Kドリームス 並び予想
4320250514030009,2025-05-16,岐阜競輪,F1,9,Ｓ級特選,19:00,18:55,7,https://keirin.kdreams.jp/gifu/racedetail/4320250514030009/?pageType=result,2026-08-31T05:58:43.709155+00:00,1-4-6/7-2/5-3,published,中部競輪・ひかり,楽天Kドリームス 並び予想
4320250514030010,2025-05-16,岐阜競輪,F1,10,Ｓ級特選,19:29,19:24,7,https://keirin.kdreams.jp/gifu/racedetail/4320250514030010/?pageType=result,2026-08-31T05:58:45.318918+00:00,1-5/4-2/6/3-7,published,中部競輪・ひかり,楽天Kドリームス 並び予想
4320250514030012,2025-05-16,岐阜競輪,F1,12,Ｓ級決勝,20:30,20:25,7,https://keirin.kdreams.jp/gifu/racedetail/4320250514030012/?pageType=result,2026-08-31T05:58:46.912354+00:00,5-2/7-1/3-4/6,published,中部競輪・ひかり,楽天Kドリームス 並び予想
3420250515020006,2025-05-16,川崎競輪,F1,6,Ｓ級一般,17:38,17:33,6,https://keirin.kdreams.jp/kawasaki/racedetail/3420250515020006/?pageType=result,2026-08-31T05:58:59.398099+00:00,2-4/1-6/3-5,published,小田競・サイクル,楽天Kドリームス 並び予想
3420250515020007,2025-05-16,川崎競輪,F1,7,Ｓ級一般,18:02,17:57,6,https://keirin.kdreams.jp/kawasaki/racedetail/3420250515020007/?pageType=result,2026-08-31T05:59:00.777789+00:00,2-5-1/4-3-6,published,小田競・サイクル,楽天Kドリームス 並び予想
3420250515020008,2025-05-16,川崎競輪,F1,8,Ｓ級選抜,18:26,18:21,7,https://keirin.kdreams.jp/kawasaki/racedetail/3420250515020008/?pageType=result,2026-08-31T05:59:02.376381+00:00,3-7-5-1/2-4-6,published,小田競・サイクル,楽天Kドリームス 並び予想
3420250515020009,2025-05-16,川崎競輪,F1,9,Ｓ級選抜,18:51,18:46,7,https://keirin.kdreams.jp/kawasaki/racedetail/3420250515020009/?pageType=result,2026-08-31T05:59:03.973315+00:00,1-5/4-2/7-3/6,published,小田競・サイクル,楽天Kドリームス 並び予想
3420250515020010,2025-05-16,川崎競輪,F1,10,Ｓ級準決勝,19:19,19:14,7,https://keirin.kdreams.jp/kawasaki/racedetail/3420250515020010/?pageType=result,2026-08-31T05:59:05.584348+00:00,1-5/4-2/7-3-6,published,小田競・サイクル,楽天Kドリームス 並び予想
3420250515020011,2025-05-16,川崎競輪,F1,11,Ｓ級準決勝,19:49,19:44,7,https://keirin.kdreams.jp/kawasaki/racedetail/3420250515020011/?pageType=result,2026-08-31T05:59:07.191872+00:00,5-3-1/6/7-2-4,published,小田競・サイクル,楽天Kドリームス 並び予想
3420250515020012,2025-05-16,川崎競輪,F1,12,Ｓ級準決勝,20:19,20:14,7,https://keirin.kdreams.jp/kawasaki/racedetail/3420250515020012/?pageType=result,2026-08-31T05:59:08.802390+00:00,6-4-1/7-2/5-3,published,小田競・サイクル,楽天Kドリームス 並び予想
5120250514030005,2025-05-16,福井競輪,F1,5,Ｓ級一般,12:31,12:26,7,https://keirin.kdreams.jp/fukui/racedetail/5120250514030005/?pageType=result,2026-08-31T05:58:00.664795+00:00,1-4-5/3/2-6/7,published,福井中部,楽天Kドリームス 並び予想
5120250514030006,2025-05-16,福井競輪,F1,6,Ｓ級一般,12:59,12:54,7,https://keirin.kdreams.jp/fukui/racedetail/5120250514030006/?pageType=result,2026-08-31T05:58:02.573993+00:00,5-7-1/4-2-6/3,published,福井中部,楽天Kドリームス 並び予想
5120250514030007,2025-05-16,福井競輪,F1,7,Ｓ級一般,13:29,13:24,7,https://keirin.kdreams.jp/fukui/racedetail/5120250514030007/?pageType=result,2026-08-31T05:58:04.376318+00:00,4-1-6/5/3-7-2,published,福井中部,楽天Kドリームス 並び予想
5120250514030009,2025-05-16,福井競輪,F1,9,Ｓ級特選,14:29,14:24,7,https://keirin.kdreams.jp/fukui/racedetail/5120250514030009/?pageType=result,2026-08-31T05:58:05.925344+00:00,5-1-7/4-2/6-3,published,福井中部,楽天Kドリームス 並び予想
5120250514030010,2025-05-16,福井競輪,F1,10,Ｓ級特選,15:00,14:55,7,https://keirin.kdreams.jp/fukui/racedetail/5120250514030010/?pageType=result,2026-08-31T05:58:07.563783+00:00,3-5-6/1-7/2-4,published,福井中部,楽天Kドリームス 並び予想
5120250514030011,2025-05-16,福井競輪,F1,11,Ｓ級特選,15:33,15:28,7,https://keirin.kdreams.jp/fukui/racedetail/5120250514030011/?pageType=result,2026-08-31T05:58:09.139756+00:00,1-4-5/7-2-3-6,published,福井中部,楽天Kドリームス 並び予想
5120250514030012,2025-05-16,福井競輪,F1,12,Ｓ級決勝,16:06,16:01,7,https://keirin.kdreams.jp/fukui/racedetail/5120250514030012/?pageType=result,2026-08-31T05:58:10.782570+00:00,1-6-3/4/7-5-2,published,福井中部,楽天Kドリームス 並び予想
3420250515030005,2025-05-17,川崎競輪,F1,5,Ｓ級一般,17:26,17:21,6,https://keirin.kdreams.jp/kawasaki/racedetail/3420250515030005/?pageType=result,2026-08-31T05:59:10.201902+00:00,1-4-6/3-2-5,published,小田競・サイクル,楽天Kドリームス 並び予想
3420250515030006,2025-05-17,川崎競輪,F1,6,Ｓ級一般,17:50,17:45,6,https://keirin.kdreams.jp/kawasaki/racedetail/3420250515030006/?pageType=result,2026-08-31T05:59:11.615758+00:00,2-5/4-1/3-6,published,小田競・サイクル,楽天Kドリームス 並び予想
3420250515030007,2025-05-17,川崎競輪,F1,7,Ｓ級一般,18:14,18:09,7,https://keirin.kdreams.jp/kawasaki/racedetail/3420250515030007/?pageType=result,2026-08-31T05:59:13.259489+00:00,5-1-6/2/7-4-3,published,小田競・サイクル,楽天Kドリームス 並び予想
3420250515030008,2025-05-17,川崎競輪,F1,8,Ｓ級特選,18:38,18:33,7,https://keirin.kdreams.jp/kawasaki/racedetail/3420250515030008/?pageType=result,2026-08-31T05:59:14.838094+00:00,1-5/4/7-2/6-3,published,小田競・サイクル,楽天Kドリームス 並び予想
3420250515030009,2025-05-17,川崎競輪,F1,9,Ｓ級特選,19:03,18:58,7,https://keirin.kdreams.jp/kawasaki/racedetail/3420250515030009/?pageType=result,2026-08-31T05:59:16.448025+00:00,2-7/1-4/5-3/6,published,小田競・サイクル,楽天Kドリームス 並び予想
3420250515030010,2025-05-17,川崎競輪,F1,10,Ｓ級特選,19:29,19:24,7,https://keirin.kdreams.jp/kawasaki/racedetail/3420250515030010/?pageType=result,2026-08-31T05:59:18.011036+00:00,5-1/2-4/7-3/6,published,小田競・サイクル,楽天Kドリームス 並び予想
3420250515030012,2025-05-17,川崎競輪,F1,12,Ｓ級決勝,20:30,20:25,7,https://keirin.kdreams.jp/kawasaki/racedetail/3420250515030012/?pageType=result,2026-08-31T05:59:19.661290+00:00,6-1-4/7-2/3-5,published,小田競・サイクル,楽天Kドリームス 並び予想
5620250518010008,2025-05-18,岸和田競輪,F1,8,Ｓ級予選,14:00,13:55,7,https://keirin.kdreams.jp/kishiwada/racedetail/5620250518010008/?pageType=result,2026-08-31T06:01:02.970711+00:00,1-4/6-2/3-7-5,published,競輪研究,楽天Kドリームス 並び予想
5620250518010009,2025-05-18,岸和田競輪,F1,9,Ｓ級予選,14:30,14:25,7,https://keirin.kdreams.jp/kishiwada/racedetail/5620250518010009/?pageType=result,2026-08-31T06:01:04.732474+00:00,2-7/3/6/5-4-1,published,競輪研究,楽天Kドリームス 並び予想
5620250518010010,2025-05-18,岸和田競輪,F1,10,Ｓ級予選,15:01,14:56,7,https://keirin.kdreams.jp/kishiwada/racedetail/5620250518010010/?pageType=result,2026-08-31T06:01:06.293557+00:00,1-7/5-2/4/6-3,published,競輪研究,楽天Kドリームス 並び予想
5620250518010011,2025-05-18,岸和田競輪,F1,11,Ｓ級予選,15:34,15:29,7,https://keirin.kdreams.jp/kishiwada/racedetail/5620250518010011/?pageType=result,2026-08-31T06:01:07.925376+00:00,4-5-1/7-2/6-3,published,競輪研究,楽天Kドリームス 並び予想
5620250518010012,2025-05-18,岸和田競輪,F1,12,Ｓ級初日特選,16:08,16:03,7,https://keirin.kdreams.jp/kishiwada/racedetail/5620250518010012/?pageType=result,2026-08-31T06:01:09.476250+00:00,3-5-7-4/1/2/6,published,競輪研究,楽天Kドリームス 並び予想
6120250518010008,2025-05-18,玉野競輪,F1,8,Ｓ級予選,18:39,18:34,7,https://keirin.kdreams.jp/tamano/racedetail/6120250518010008/?pageType=result,2026-08-31T06:01:29.152596+00:00,5-1-7/3-4-2/6,published,競輪毎日,楽天Kドリームス 並び予想
6120250518010009,2025-05-18,玉野競輪,F1,9,Ｓ級予選,19:05,19:00,7,https://keirin.kdreams.jp/tamano/racedetail/6120250518010009/?pageType=result,2026-08-31T06:01:30.796195+00:00,1-5/6-2/3-7/4,published,競輪毎日,楽天Kドリームス 並び予想
6120250518010010,2025-05-18,玉野競輪,F1,10,Ｓ級予選,19:31,19:26,7,https://keirin.kdreams.jp/tamano/racedetail/6120250518010010/?pageType=result,2026-08-31T06:01:32.359346+00:00,5-3/1-7-4/6-2,published,競輪毎日,楽天Kドリームス 並び予想
6120250518010011,2025-05-18,玉野競輪,F1,11,Ｓ級予選,19:59,19:54,7,https://keirin.kdreams.jp/tamano/racedetail/6120250518010011/?pageType=result,2026-08-31T06:01:33.950171+00:00,1-5/4-2-6/7-3,published,競輪毎日,楽天Kドリームス 並び予想
6120250518010012,2025-05-18,玉野競輪,F1,12,Ｓ級初日特選,20:30,20:25,7,https://keirin.kdreams.jp/tamano/racedetail/6120250518010012/?pageType=result,2026-08-31T06:01:35.540269+00:00,1-5/3-7-2/4-6,published,競輪毎日,楽天Kドリームス 並び予想
5620250518020008,2025-05-19,岸和田競輪,F1,8,Ｓ級一般,14:03,13:58,7,https://keirin.kdreams.jp/kishiwada/racedetail/5620250518020008/?pageType=result,2026-08-31T06:01:11.087191+00:00,5-3/2-6-4/1-7,published,競輪研究,楽天Kドリームス 並び予想
5620250518020009,2025-05-19,岸和田競輪,F1,9,Ｓ級一般,14:34,14:29,7,https://keirin.kdreams.jp/kishiwada/racedetail/5620250518020009/?pageType=result,2026-08-31T06:01:12.675245+00:00,3-5/7-2/6/1-4,published,競輪研究,楽天Kドリームス 並び予想
5620250518020010,2025-05-19,岸和田競輪,F1,10,Ｓ級準決勝,15:06,15:01,7,https://keirin.kdreams.jp/kishiwada/racedetail/5620250518020010/?pageType=result,2026-08-31T06:01:15.885854+00:00,7-1-3/4/2-5-6,published,競輪研究,楽天Kドリームス 並び予想
5620250518020011,2025-05-19,岸和田競輪,F1,11,Ｓ級準決勝,15:38,15:33,7,https://keirin.kdreams.jp/kishiwada/racedetail/5620250518020011/?pageType=result,2026-08-31T06:01:17.766880+00:00,4-2/5-1/3-7-6,published,競輪研究,楽天Kドリームス 並び予想
5620250518020012,2025-05-19,岸和田競輪,F1,12,Ｓ級準決勝,16:10,16:05,7,https://keirin.kdreams.jp/kishiwada/racedetail/5620250518020012/?pageType=result,2026-08-31T06:01:19.554639+00:00,5-4-1/2-7/6-3,published,競輪研究,楽天Kドリームス 並び予想
6120250518020008,2025-05-19,玉野競輪,F1,8,Ｓ級一般,18:40,18:35,6,https://keirin.kdreams.jp/tamano/racedetail/6120250518020008/?pageType=result,2026-08-31T06:01:37.053757+00:00,3-1-5/4-2-6,published,競輪毎日,楽天Kドリームス 並び予想
6120250518020009,2025-05-19,玉野競輪,F1,9,Ｓ級一般,19:06,19:01,7,https://keirin.kdreams.jp/tamano/racedetail/6120250518020009/?pageType=result,2026-08-31T06:01:38.657982+00:00,6-4-2/1/5-7-3,published,競輪毎日,楽天Kドリームス 並び予想
6120250518020010,2025-05-19,玉野競輪,F1,10,Ｓ級準決勝,19:32,19:27,7,https://keirin.kdreams.jp/tamano/racedetail/6120250518020010/?pageType=result,2026-08-31T06:01:40.302885+00:00,4-1/2-5-6/7-3,published,競輪毎日,楽天Kドリームス 並び予想
6120250518020011,2025-05-19,玉野競輪,F1,11,Ｓ級準決勝,20:00,19:55,7,https://keirin.kdreams.jp/tamano/racedetail/6120250518020011/?pageType=result,2026-08-31T06:01:41.916163+00:00,1-5-3/2-4-7/6,published,競輪毎日,楽天Kドリームス 並び予想
6120250518020012,2025-05-19,玉野競輪,F1,12,Ｓ級準決勝,20:30,20:25,7,https://keirin.kdreams.jp/tamano/racedetail/6120250518020012/?pageType=result,2026-08-31T06:01:43.579720+00:00,7-1-5/3/2-4-6,published,競輪毎日,楽天Kドリームス 並び予想
4420250520010006,2025-05-20,大垣競輪,F1,6,Ｓ級予選,13:02,12:57,7,https://keirin.kdreams.jp/ogaki/racedetail/4420250520010006/?pageType=result,2026-08-31T06:01:55.896141+00:00,5-1/6-2/4-7-3,published,ひかり,楽天Kドリームス 並び予想
4420250520010007,2025-05-20,大垣競輪,F1,7,Ｓ級予選,13:30,13:25,7,https://keirin.kdreams.jp/ogaki/racedetail/4420250520010007/?pageType=result,2026-08-31T06:01:57.507027+00:00,2-7-4/3/5-1/6,published,ひかり,楽天Kドリームス 並び予想
4420250520010008,2025-05-20,大垣競輪,F1,8,Ｓ級予選,13:58,13:53,7,https://keirin.kdreams.jp/ogaki/racedetail/4420250520010008/?pageType=result,2026-08-31T06:01:59.079832+00:00,7-3/5-1-6/4-2,published,ひかり,楽天Kドリームス 並び予想
4420250520010009,2025-05-20,大垣競輪,F1,9,Ｓ級予選,14:26,14:21,7,https://keirin.kdreams.jp/ogaki/racedetail/4420250520010009/?pageType=result,2026-08-31T06:02:00.693139+00:00,5-3-6/7-1/2-4,published,ひかり,楽天Kドリームス 並び予想
4420250520010010,2025-05-20,大垣競輪,F1,10,Ｓ級予選,14:54,14:49,7,https://keirin.kdreams.jp/ogaki/racedetail/4420250520010010/?pageType=result,2026-08-31T06:02:03.506993+00:00,5-1/7-2/4/6-3,published,ひかり,楽天Kドリームス 並び予想
4420250520010011,2025-05-20,大垣競輪,F1,11,Ｓ級予選,15:24,15:19,7,https://keirin.kdreams.jp/ogaki/racedetail/4420250520010011/?pageType=result,2026-08-31T06:02:05.446265+00:00,5-1/7-2-3/4-6,published,ひかり,楽天Kドリームス 並び予想
4420250520010012,2025-05-20,大垣競輪,F1,12,Ｓ級初特選,15:56,15:51,7,https://keirin.kdreams.jp/ogaki/racedetail/4420250520010012/?pageType=result,2026-08-31T06:02:07.170387+00:00,1-4-7/2/3-6/5,published,ひかり,楽天Kドリームス 並び予想
5620250518030006,2025-05-20,岸和田競輪,F1,6,Ｓ級一般,13:16,13:11,7,https://keirin.kdreams.jp/kishiwada/racedetail/5620250518030006/?pageType=result,2026-08-31T06:01:21.147062+00:00,1-4-5/7-2/6-3,published,競輪研究,楽天Kドリームス 並び予想
5620250518030007,2025-05-20,岸和田競輪,F1,7,Ｓ級一般,13:44,13:39,7,https://keirin.kdreams.jp/kishiwada/racedetail/5620250518030007/?pageType=result,2026-08-31T06:01:22.773844+00:00,4-1/2/5/6/3-7,published,競輪研究,楽天Kドリームス 並び予想
5620250518030008,2025-05-20,岸和田競輪,F1,8,Ｓ級特選,14:12,14:07,7,https://keirin.kdreams.jp/kishiwada/racedetail/5620250518030008/?pageType=result,2026-08-31T06:01:24.339321+00:00,2-7-5/6-1/3-4,published,競輪研究,楽天Kドリームス 並び予想
5620250518030009,2025-05-20,岸和田競輪,F1,9,Ｓ級特選,14:40,14:35,7,https://keirin.kdreams.jp/kishiwada/racedetail/5620250518030009/?pageType=result,2026-08-31T06:01:25.915283+00:00,4-1/6-2-5/3-7,published,競輪研究,楽天Kドリームス 並び予想
5620250518030012,2025-05-20,岸和田競輪,F1,12,Ｓ級決勝,16:12,16:07,7,https://keirin.kdreams.jp/kishiwada/racedetail/5620250518030012/?pageType=result,2026-08-31T06:01:27.577739+00:00,1-7-4-5/2/3-6,published,競輪研究,楽天Kドリームス 並び予想
2120250520010006,2025-05-20,弥彦競輪,F1,6,Ｓ級予選,17:42,17:37,7,https://keirin.kdreams.jp/yahiko/racedetail/2120250520010006/?pageType=result,2026-08-31T06:03:07.332787+00:00,7-1-6/5/2-4/3,published,新潟スポーツ,楽天Kドリームス 並び予想
2120250520010007,2025-05-20,弥彦競輪,F1,7,Ｓ級予選,18:06,18:01,7,https://keirin.kdreams.jp/yahiko/racedetail/2120250520010007/?pageType=result,2026-08-31T06:03:08.927331+00:00,1-7-5/4-2/3-6,published,新潟スポーツ,楽天Kドリームス 並び予想
2120250520010008,2025-05-20,弥彦競輪,F1,8,Ｓ級予選,18:30,18:25,7,https://keirin.kdreams.jp/yahiko/racedetail/2120250520010008/?pageType=result,2026-08-31T06:03:10.566159+00:00,1-7-6/2-4/5-3,published,新潟スポーツ,楽天Kドリームス 並び予想
2120250520010009,2025-05-20,弥彦競輪,F1,9,Ｓ級予選,18:54,18:49,7,https://keirin.kdreams.jp/yahiko/racedetail/2120250520010009/?pageType=result,2026-08-31T06:03:12.166642+00:00,1-7/5-2-6/4-3,published,新潟スポーツ,楽天Kドリームス 並び予想
2120250520010010,2025-05-20,弥彦競輪,F1,10,Ｓ級予選,19:19,19:14,7,https://keirin.kdreams.jp/yahiko/racedetail/2120250520010010/?pageType=result,2026-08-31T06:03:13.807377+00:00,4-1-7/2-6/3-5,published,新潟スポーツ,楽天Kドリームス 並び予想
2120250520010011,2025-05-20,弥彦競輪,F1,11,Ｓ級予選,19:47,19:42,7,https://keirin.kdreams.jp/yahiko/racedetail/2120250520010011/?pageType=result,2026-08-31T06:03:15.399726+00:00,7-4-1/2-6/3-5,published,新潟スポーツ,楽天Kドリームス 並び予想
2120250520010012,2025-05-20,弥彦競輪,F1,12,Ｓ級初特選,20:19,20:14,7,https://keirin.kdreams.jp/yahiko/racedetail/2120250520010012/?pageType=result,2026-08-31T06:03:16.963315+00:00,1-7-5/2-6-4/3,published,新潟スポーツ,楽天Kドリームス 並び予想
6120250518030006,2025-05-20,玉野競輪,F1,6,Ｓ級一般,17:50,17:45,7,https://keirin.kdreams.jp/tamano/racedetail/6120250518030006/?pageType=result,2026-08-31T06:01:47.076093+00:00,5-1/2-4/3-7/6,published,競輪毎日,楽天Kドリームス 並び予想
6120250518030007,2025-05-20,玉野競輪,F1,7,Ｓ級一般,18:14,18:09,7,https://keirin.kdreams.jp/tamano/racedetail/6120250518030007/?pageType=result,2026-08-31T06:01:49.144712+00:00,5-4-2-1/7/6-3,published,競輪毎日,楽天Kドリームス 並び予想
6120250518030008,2025-05-20,玉野競輪,F1,8,Ｓ級特選,18:38,18:33,7,https://keirin.kdreams.jp/tamano/racedetail/6120250518030008/?pageType=result,2026-08-31T06:01:51.045921+00:00,3-7-4/1-5/6-2,published,競輪毎日,楽天Kドリームス 並び予想
6120250518030009,2025-05-20,玉野競輪,F1,9,Ｓ級特選,19:02,18:57,7,https://keirin.kdreams.jp/tamano/racedetail/6120250518030009/?pageType=result,2026-08-31T06:01:52.629200+00:00,5-1-4/7-3/2/6,published,競輪毎日,楽天Kドリームス 並び予想
6120250518030012,2025-05-20,玉野競輪,F1,12,Ｓ級決勝,20:30,20:25,7,https://keirin.kdreams.jp/tamano/racedetail/6120250518030012/?pageType=result,2026-08-31T06:01:54.290857+00:00,4-1-3/6-7-2/5,published,競輪毎日,楽天Kドリームス 並び予想
4420250520020006,2025-05-21,大垣競輪,F1,6,Ｓ級一般,13:14,13:09,6,https://keirin.kdreams.jp/ogaki/racedetail/4420250520020006/?pageType=result,2026-08-31T06:02:08.640760+00:00,5-1/3/2-6-4,published,ひかり,楽天Kドリームス 並び予想
4420250520020007,2025-05-21,大垣競輪,F1,7,Ｓ級一般,13:42,13:37,7,https://keirin.kdreams.jp/ogaki/racedetail/4420250520020007/?pageType=result,2026-08-31T06:02:10.227745+00:00,1-5/6-2/3-7/4,published,ひかり,楽天Kドリームス 並び予想
4420250520020008,2025-05-21,大垣競輪,F1,8,Ｓ級選抜,14:10,14:05,7,https://keirin.kdreams.jp/ogaki/racedetail/4420250520020008/?pageType=result,2026-08-31T06:02:11.802973+00:00,2-4-7/1/6-3/5,published,ひかり,楽天Kドリームス 並び予想
4420250520020009,2025-05-21,大垣競輪,F1,9,Ｓ級選抜,14:40,14:35,7,https://keirin.kdreams.jp/ogaki/racedetail/4420250520020009/?pageType=result,2026-08-31T06:02:13.397168+00:00,7-2/1-5/4-3/6,published,ひかり,楽天Kドリームス 並び予想
4420250520020010,2025-05-21,大垣競輪,F1,10,Ｓ級準決勝,15:10,15:05,7,https://keirin.kdreams.jp/ogaki/racedetail/4420250520020010/?pageType=result,2026-08-31T06:02:14.983565+00:00,3-4/1/2-5/6/7,published,ひかり,楽天Kドリームス 並び予想
4420250520020011,2025-05-21,大垣競輪,F1,11,Ｓ級準決勝,15:40,15:35,7,https://keirin.kdreams.jp/ogaki/racedetail/4420250520020011/?pageType=result,2026-08-31T06:02:16.619038+00:00,6-1-4/5-2/7-3,published,ひかり,楽天Kドリームス 並び予想
4420250520020012,2025-05-21,大垣競輪,F1,12,Ｓ級準決勝,16:10,16:05,7,https://keirin.kdreams.jp/ogaki/racedetail/4420250520020012/?pageType=result,2026-08-31T06:02:18.034609+00:00,5-1-6/7-2/3-4,published,ひかり,楽天Kドリームス 並び予想
2120250520020006,2025-05-21,弥彦競輪,F1,6,Ｓ級一般,17:51,17:46,7,https://keirin.kdreams.jp/yahiko/racedetail/2120250520020006/?pageType=result,2026-08-31T06:03:19.909586+00:00,1-4-6/2/3-7/5,published,新潟スポーツ,楽天Kドリームス 並び予想
2120250520020007,2025-05-21,弥彦競輪,F1,7,Ｓ級一般,18:17,18:12,7,https://keirin.kdreams.jp/yahiko/racedetail/2120250520020007/?pageType=result,2026-08-31T06:03:21.797472+00:00,4-1/5-2-6/7-3,published,新潟スポーツ,楽天Kドリームス 並び予想
2120250520020008,2025-05-21,弥彦競輪,F1,8,Ｓ級選抜,18:43,18:38,7,https://keirin.kdreams.jp/yahiko/racedetail/2120250520020008/?pageType=result,2026-08-31T06:03:23.669680+00:00,5-3-1/4/7-2-6,published,新潟スポーツ,楽天Kドリームス 並び予想
2120250520020009,2025-05-21,弥彦競輪,F1,9,Ｓ級選抜,19:09,19:04,7,https://keirin.kdreams.jp/yahiko/racedetail/2120250520020009/?pageType=result,2026-08-31T06:03:25.255603+00:00,7-4/3-1/5-2-6,published,新潟スポーツ,楽天Kドリームス 並び予想
2120250520020010,2025-05-21,弥彦競輪,F1,10,Ｓ級準決勝,19:35,19:30,7,https://keirin.kdreams.jp/yahiko/racedetail/2120250520020010/?pageType=result,2026-08-31T06:03:26.913470+00:00,6-1/7-2/3-5-4,published,新潟スポーツ,楽天Kドリームス 並び予想
2120250520020011,2025-05-21,弥彦競輪,F1,11,Ｓ級準決勝,20:02,19:57,7,https://keirin.kdreams.jp/yahiko/racedetail/2120250520020011/?pageType=result,2026-08-31T06:03:30.363399+00:00,7-4-1/2-5/6-3,published,新潟スポーツ,楽天Kドリームス 並び予想
2120250520020012,2025-05-21,弥彦競輪,F1,12,Ｓ級準決勝,20:30,20:25,7,https://keirin.kdreams.jp/yahiko/racedetail/2120250520020012/?pageType=result,2026-08-31T06:03:32.338873+00:00,5-1/6-2-7/3-4,published,新潟スポーツ,楽天Kドリームス 並び予想
7120250521010008,2025-05-21,高松競輪,F1,8,Ｓ級予選,13:56,13:51,7,https://keirin.kdreams.jp/takamatsu/racedetail/7120250521010008/?pageType=result,2026-08-31T06:03:45.496344+00:00,7-4-1/5-2/6-3,published,競輪毎日,楽天Kドリームス 並び予想
7120250521010009,2025-05-21,高松競輪,F1,9,Ｓ級予選,14:25,14:20,7,https://keirin.kdreams.jp/takamatsu/racedetail/7120250521010009/?pageType=result,2026-08-31T06:03:47.072055+00:00,2-7-5-1/6-3-4,published,競輪毎日,楽天Kドリームス 並び予想
7120250521010010,2025-05-21,高松競輪,F1,10,Ｓ級予選,14:55,14:50,7,https://keirin.kdreams.jp/takamatsu/racedetail/7120250521010010/?pageType=result,2026-08-31T06:03:48.643639+00:00,4-7-1/3/5-2-6,published,競輪毎日,楽天Kドリームス 並び予想
7120250521010011,2025-05-21,高松競輪,F1,11,Ｓ級予選,15:25,15:20,7,https://keirin.kdreams.jp/takamatsu/racedetail/7120250521010011/?pageType=result,2026-08-31T06:03:50.365024+00:00,1-5/7-2-4/6-3,published,競輪毎日,楽天Kドリームス 並び予想
7120250521010012,2025-05-21,高松競輪,F1,12,Ｓ級初日特選,15:55,15:50,7,https://keirin.kdreams.jp/takamatsu/racedetail/7120250521010012/?pageType=result,2026-08-31T06:03:51.952755+00:00,1-7/5-2-6/4-3,published,競輪毎日,楽天Kドリームス 並び予想
4420250520030005,2025-05-22,大垣競輪,F1,5,Ｓ級一般,12:46,12:41,5,https://keirin.kdreams.jp/ogaki/racedetail/4420250520030005/?pageType=result,2026-08-31T06:02:19.485299+00:00,5-1/2-3/4,published,ひかり,楽天Kドリームス 並び予想
4420250520030006,2025-05-22,大垣競輪,F1,6,Ｓ級一般,13:14,13:09,6,https://keirin.kdreams.jp/ogaki/racedetail/4420250520030006/?pageType=result,2026-08-31T06:02:20.893930+00:00,1-5/4-6-2/3,published,ひかり,楽天Kドリームス 並び予想
4420250520030007,2025-05-22,大垣競輪,F1,7,Ｓ級一般,13:42,13:37,6,https://keirin.kdreams.jp/ogaki/racedetail/4420250520030007/?pageType=result,2026-08-31T06:02:22.300997+00:00,2-4-1/3-6/5,published,ひかり,楽天Kドリームス 並び予想
4420250520030008,2025-05-22,大垣競輪,F1,8,Ｓ級特選,14:10,14:05,7,https://keirin.kdreams.jp/ogaki/racedetail/4420250520030008/?pageType=result,2026-08-31T06:02:23.963082+00:00,1-6/4-2/3-7/5,published,ひかり,楽天Kドリームス 並び予想
4420250520030009,2025-05-22,大垣競輪,F1,9,Ｓ級特選,14:40,14:35,7,https://keirin.kdreams.jp/ogaki/racedetail/4420250520030009/?pageType=result,2026-08-31T06:02:25.557679+00:00,1-4/2-6/7-3/5,published,ひかり,楽天Kドリームス 並び予想
4420250520030010,2025-05-22,大垣競輪,F1,10,Ｓ級特選,15:10,15:05,7,https://keirin.kdreams.jp/ogaki/racedetail/4420250520030010/?pageType=result,2026-08-31T06:02:27.197010+00:00,2-7/1-4/5/6-3,published,ひかり,楽天Kドリームス 並び予想
4420250520030012,2025-05-22,大垣競輪,F1,12,Ｓ級決勝,16:10,16:05,7,https://keirin.kdreams.jp/ogaki/racedetail/4420250520030012/?pageType=result,2026-08-31T06:02:30.016479+00:00,1-7-4/5-2/3/6,published,ひかり,楽天Kドリームス 並び予想
2120250520030005,2025-05-22,弥彦競輪,F1,5,Ｓ級一般,17:25,17:20,7,https://keirin.kdreams.jp/yahiko/racedetail/2120250520030005/?pageType=result,2026-08-31T06:03:34.087171+00:00,2-6/1/3-7/4-5,published,新潟スポーツ,楽天Kドリームス 並び予想
2120250520030006,2025-05-22,弥彦競輪,F1,6,Ｓ級一般,17:50,17:45,7,https://keirin.kdreams.jp/yahiko/racedetail/2120250520030006/?pageType=result,2026-08-31T06:03:35.732706+00:00,1-7-4/2-6/5-3,published,新潟スポーツ,楽天Kドリームス 並び予想
2120250520030007,2025-05-22,弥彦競輪,F1,7,Ｓ級一般,18:15,18:10,7,https://keirin.kdreams.jp/yahiko/racedetail/2120250520030007/?pageType=result,2026-08-31T06:03:37.326601+00:00,1-4-7/5-2/3-6,published,新潟スポーツ,楽天Kドリームス 並び予想
2120250520030008,2025-05-22,弥彦競輪,F1,8,Ｓ級特選,18:40,18:35,7,https://keirin.kdreams.jp/yahiko/racedetail/2120250520030008/?pageType=result,2026-08-31T06:03:39.008689+00:00,1-4-6/2/3-7/5,published,新潟スポーツ,楽天Kドリームス 並び予想
2120250520030009,2025-05-22,弥彦競輪,F1,9,Ｓ級特選,19:05,19:00,7,https://keirin.kdreams.jp/yahiko/racedetail/2120250520030009/?pageType=result,2026-08-31T06:03:40.603563+00:00,5-1/7-3/4-2-6,published,新潟スポーツ,楽天Kドリームス 並び予想
2120250520030010,2025-05-22,弥彦競輪,F1,10,Ｓ級特選,19:30,19:25,7,https://keirin.kdreams.jp/yahiko/racedetail/2120250520030010/?pageType=result,2026-08-31T06:03:42.269521+00:00,2-7/6-1/5-3-4,published,新潟スポーツ,楽天Kドリームス 並び予想
2120250520030012,2025-05-22,弥彦競輪,F1,12,Ｓ級決勝,20:30,20:25,7,https://keirin.kdreams.jp/yahiko/racedetail/2120250520030012/?pageType=result,2026-08-31T06:03:43.840730+00:00,3-5-7/1/2/6-4,published,新潟スポーツ,楽天Kドリームス 並び予想
7120250521020008,2025-05-22,高松競輪,F1,8,Ｓ級一般,13:56,13:51,7,https://keirin.kdreams.jp/takamatsu/racedetail/7120250521020008/?pageType=result,2026-08-31T06:03:53.643206+00:00,5-1/3/7/6-2-4,published,競輪毎日,楽天Kドリームス 並び予想
7120250521020009,2025-05-22,高松競輪,F1,9,Ｓ級一般,14:25,14:20,7,https://keirin.kdreams.jp/takamatsu/racedetail/7120250521020009/?pageType=result,2026-08-31T06:03:55.231913+00:00,5-2/1/3-4-6/7,published,競輪毎日,楽天Kドリームス 並び予想
7120250521020010,2025-05-22,高松競輪,F1,10,Ｓ級準決勝,14:55,14:50,7,https://keirin.kdreams.jp/takamatsu/racedetail/7120250521020010/?pageType=result,2026-08-31T06:03:57.947868+00:00,1-7/2-6/4-3-5,published,競輪毎日,楽天Kドリームス 並び予想
7120250521020011,2025-05-22,高松競輪,F1,11,Ｓ級準決勝,15:25,15:20,7,https://keirin.kdreams.jp/takamatsu/racedetail/7120250521020011/?pageType=result,2026-08-31T06:03:59.699812+00:00,7-1-6/2-4/3-5,published,競輪毎日,楽天Kドリームス 並び予想
7120250521020012,2025-05-22,高松競輪,F1,12,Ｓ級準決勝,15:55,15:50,7,https://keirin.kdreams.jp/takamatsu/racedetail/7120250521020012/?pageType=result,2026-08-31T06:04:01.334004+00:00,4-1/7-2/3-5-6,published,競輪毎日,楽天Kドリームス 並び予想
5320250523010008,2025-05-23,奈良競輪,F1,8,Ｓ級予選,18:41,18:36,7,https://keirin.kdreams.jp/nara/racedetail/5320250523010008/?pageType=result,2026-08-31T06:04:12.626283+00:00,1-4-5/2-7/6-3,published,競輪研究,楽天Kドリームス 並び予想
5320250523010009,2025-05-23,奈良競輪,F1,9,Ｓ級予選,19:07,19:02,7,https://keirin.kdreams.jp/nara/racedetail/5320250523010009/?pageType=result,2026-08-31T06:04:14.349694+00:00,5-1-6/7-2/4-3,published,競輪研究,楽天Kドリームス 並び予想
5320250523010010,2025-05-23,奈良競輪,F1,10,Ｓ級予選,19:33,19:28,7,https://keirin.kdreams.jp/nara/racedetail/5320250523010010/?pageType=result,2026-08-31T06:04:15.982463+00:00,7-1/6-2/5-4-3,published,競輪研究,楽天Kドリームス 並び予想
5320250523010011,2025-05-23,奈良競輪,F1,11,Ｓ級予選,20:00,19:55,7,https://keirin.kdreams.jp/nara/racedetail/5320250523010011/?pageType=result,2026-08-31T06:04:17.580440+00:00,4-1-5/6-2/3-7,published,競輪研究,楽天Kドリームス 並び予想
5320250523010012,2025-05-23,奈良競輪,F1,12,Ｓ級初日特選,20:30,20:25,7,https://keirin.kdreams.jp/nara/racedetail/5320250523010012/?pageType=result,2026-08-31T06:04:19.157006+00:00,1-7-4/5-2/3/6,published,競輪研究,楽天Kドリームス 並び予想
7120250521030006,2025-05-23,高松競輪,F1,6,Ｓ級一般,13:09,13:04,7,https://keirin.kdreams.jp/takamatsu/racedetail/7120250521030006/?pageType=result,2026-08-31T06:04:02.929229+00:00,1-6/2-4/5-7-3,published,競輪毎日,楽天Kドリームス 並び予想
7120250521030007,2025-05-23,高松競輪,F1,7,Ｓ級一般,13:38,13:33,7,https://keirin.kdreams.jp/takamatsu/racedetail/7120250521030007/?pageType=result,2026-08-31T06:04:04.600362+00:00,1-6-4/7-2-5/3,published,競輪毎日,楽天Kドリームス 並び予想
7120250521030008,2025-05-23,高松競輪,F1,8,Ｓ級特選,14:07,14:02,7,https://keirin.kdreams.jp/takamatsu/racedetail/7120250521030008/?pageType=result,2026-08-31T06:04:06.181173+00:00,1-7-4/6-2/3-5,published,競輪毎日,楽天Kドリームス 並び予想
7120250521030009,2025-05-23,高松競輪,F1,9,Ｓ級特選,14:36,14:31,7,https://keirin.kdreams.jp/takamatsu/racedetail/7120250521030009/?pageType=result,2026-08-31T06:04:07.802876+00:00,5-1/2-6/3-7/4,published,競輪毎日,楽天Kドリームス 並び予想
7120250521030012,2025-05-23,高松競輪,F1,12,Ｓ級決勝,16:10,16:05,7,https://keirin.kdreams.jp/takamatsu/racedetail/7120250521030012/?pageType=result,2026-08-31T06:04:10.481643+00:00,4-7-1/2-5/6-3,published,競輪毎日,楽天Kドリームス 並び予想
2720250524010006,2025-05-24,京王閣競輪,F1,6,Ｓ級予選,17:43,17:38,7,https://keirin.kdreams.jp/keiokaku/racedetail/2720250524010006/?pageType=result,2026-08-31T06:05:10.028627+00:00,7-1-6/5-2/3-4,published,アオケイ,楽天Kドリームス 並び予想
2720250524010007,2025-05-24,京王閣競輪,F1,7,Ｓ級予選,18:07,18:02,7,https://keirin.kdreams.jp/keiokaku/racedetail/2720250524010007/?pageType=result,2026-08-31T06:05:11.645307+00:00,5-1-6/2-4/3-7,published,アオケイ,楽天Kドリームス 並び予想
2720250524010008,2025-05-24,京王閣競輪,F1,8,Ｓ級予選,18:31,18:26,7,https://keirin.kdreams.jp/keiokaku/racedetail/2720250524010008/?pageType=result,2026-08-31T06:05:13.214636+00:00,6-1/5-2/3-4-7,published,アオケイ,楽天Kドリームス 並び予想
2720250524010009,2025-05-24,京王閣競輪,F1,9,Ｓ級予選,18:55,18:50,7,https://keirin.kdreams.jp/keiokaku/racedetail/2720250524010009/?pageType=result,2026-08-31T06:05:14.819719+00:00,7-1-6/2-4/3-5,published,アオケイ,楽天Kドリームス 並び予想
2720250524010010,2025-05-24,京王閣競輪,F1,10,Ｓ級予選,19:20,19:15,7,https://keirin.kdreams.jp/keiokaku/racedetail/2720250524010010/?pageType=result,2026-08-31T06:05:17.901445+00:00,1-4/5-2-7/3-6,published,アオケイ,楽天Kドリームス 並び予想
2720250524010011,2025-05-24,京王閣競輪,F1,11,Ｓ級予選,19:48,19:43,7,https://keirin.kdreams.jp/keiokaku/racedetail/2720250524010011/?pageType=result,2026-08-31T06:05:19.708537+00:00,2-4/7-1/3-6/5,published,アオケイ,楽天Kドリームス 並び予想
2720250524010012,2025-05-24,京王閣競輪,F1,12,Ｓ級初特選,20:19,20:14,7,https://keirin.kdreams.jp/keiokaku/racedetail/2720250524010012/?pageType=result,2026-08-31T06:05:21.418093+00:00,5-7-1/4-2/3/6,published,アオケイ,楽天Kドリームス 並び予想
5320250523020008,2025-05-24,奈良競輪,F1,8,Ｓ級一般,18:39,18:34,7,https://keirin.kdreams.jp/nara/racedetail/5320250523020008/?pageType=result,2026-08-31T06:04:20.826276+00:00,1-7/6-2/4/5-3,published,競輪研究,楽天Kドリームス 並び予想
5320250523020009,2025-05-24,奈良競輪,F1,9,Ｓ級一般,19:03,18:58,7,https://keirin.kdreams.jp/nara/racedetail/5320250523020009/?pageType=result,2026-08-31T06:04:22.391187+00:00,6-1/2-7/3-5/4,published,競輪研究,楽天Kドリームス 並び予想
5320250523020010,2025-05-24,奈良競輪,F1,10,Ｓ級準決勝,19:29,19:24,7,https://keirin.kdreams.jp/nara/racedetail/5320250523020010/?pageType=result,2026-08-31T06:04:24.015304+00:00,7-1-5/2-4/6-3,published,競輪研究,楽天Kドリームス 並び予想
5320250523020011,2025-05-24,奈良競輪,F1,11,Ｓ級準決勝,19:58,19:53,7,https://keirin.kdreams.jp/nara/racedetail/5320250523020011/?pageType=result,2026-08-31T06:04:25.592636+00:00,1-5-7/4-2/6-3,published,競輪研究,楽天Kドリームス 並び予想
5320250523020012,2025-05-24,奈良競輪,F1,12,Ｓ級準決勝,20:30,20:25,7,https://keirin.kdreams.jp/nara/racedetail/5320250523020012/?pageType=result,2026-08-31T06:04:27.222569+00:00,1-7-5/6-2/4-3,published,競輪研究,楽天Kドリームス 並び予想
2720250524020006,2025-05-25,京王閣競輪,F1,6,Ｓ級一般,17:45,17:40,6,https://keirin.kdreams.jp/keiokaku/racedetail/2720250524020006/?pageType=result,2026-08-31T06:05:22.918033+00:00,1-5/2-6/4-3,published,アオケイ,楽天Kドリームス 並び予想
2720250524020007,2025-05-25,京王閣競輪,F1,7,Ｓ級一般,18:09,18:04,7,https://keirin.kdreams.jp/keiokaku/racedetail/2720250524020007/?pageType=result,2026-08-31T06:05:25.717682+00:00,7-1/2-5/6-3/4,published,アオケイ,楽天Kドリームス 並び予想
2720250524020008,2025-05-25,京王閣競輪,F1,8,Ｓ級選抜,18:33,18:28,7,https://keirin.kdreams.jp/keiokaku/racedetail/2720250524020008/?pageType=result,2026-08-31T06:05:27.667651+00:00,2-5-1/4/7-3/6,published,アオケイ,楽天Kドリームス 並び予想
2720250524020009,2025-05-25,京王閣競輪,F1,9,Ｓ級選抜,18:57,18:52,7,https://keirin.kdreams.jp/keiokaku/racedetail/2720250524020009/?pageType=result,2026-08-31T06:05:29.458165+00:00,1-5-2-7-4/3-6,published,アオケイ,楽天Kドリームス 並び予想
2720250524020010,2025-05-25,京王閣競輪,F1,10,Ｓ級準決勝,19:22,19:17,7,https://keirin.kdreams.jp/keiokaku/racedetail/2720250524020010/?pageType=result,2026-08-31T06:05:31.099670+00:00,1-5-6/2-4/7-3,published,アオケイ,楽天Kドリームス 並び予想
2720250524020011,2025-05-25,京王閣競輪,F1,11,Ｓ級準決勝,19:50,19:45,7,https://keirin.kdreams.jp/keiokaku/racedetail/2720250524020011/?pageType=result,2026-08-31T06:05:32.671703+00:00,2-4-6/1/3-5/7,published,アオケイ,楽天Kドリームス 並び予想
2720250524020012,2025-05-25,京王閣競輪,F1,12,Ｓ級準決勝,20:20,20:15,7,https://keirin.kdreams.jp/keiokaku/racedetail/2720250524020012/?pageType=result,2026-08-31T06:05:35.261380+00:00,5-1-2-7/3-4-6,published,アオケイ,楽天Kドリームス 並び予想
5320250523030006,2025-05-25,奈良競輪,F1,6,Ｓ級一般,17:53,17:48,7,https://keirin.kdreams.jp/nara/racedetail/5320250523030006/?pageType=result,2026-08-31T06:04:28.822205+00:00,1-7-4/3/6-5-2,published,競輪研究,楽天Kドリームス 並び予想
5320250523030007,2025-05-25,奈良競輪,F1,7,Ｓ級一般,18:17,18:12,7,https://keirin.kdreams.jp/nara/racedetail/5320250523030007/?pageType=result,2026-08-31T06:04:30.473146+00:00,1-5/4/6-2/3-7,published,競輪研究,楽天Kドリームス 並び予想
5320250523030008,2025-05-25,奈良競輪,F1,8,Ｓ級特選,18:41,18:36,7,https://keirin.kdreams.jp/nara/racedetail/5320250523030008/?pageType=result,2026-08-31T06:04:32.316441+00:00,7-1/2-5/3-4/6,published,競輪研究,楽天Kドリームス 並び予想
5320250523030009,2025-05-25,奈良競輪,F1,9,Ｓ級特選,19:05,19:00,7,https://keirin.kdreams.jp/nara/racedetail/5320250523030009/?pageType=result,2026-08-31T06:04:33.942842+00:00,5-1-3/6/4-2-7,published,競輪研究,楽天Kドリームス 並び予想
5320250523030012,2025-05-25,奈良競輪,F1,12,Ｓ級決勝,20:30,20:25,7,https://keirin.kdreams.jp/nara/racedetail/5320250523030012/?pageType=result,2026-08-31T06:04:35.544317+00:00,1-7-4/2-5/3-6,published,競輪研究,楽天Kドリームス 並び予想
6320250525010006,2025-05-25,防府競輪,F1,6,Ｓ級予選,12:50,12:45,7,https://keirin.kdreams.jp/hofu/racedetail/6320250525010006/?pageType=result,2026-08-31T06:05:48.648276+00:00,7-4-1/2/5-3/6,published,リズム,楽天Kドリームス 並び予想
6320250525010007,2025-05-25,防府競輪,F1,7,Ｓ級予選,13:20,13:15,7,https://keirin.kdreams.jp/hofu/racedetail/6320250525010007/?pageType=result,2026-08-31T06:05:50.289177+00:00,7-1/6-3/5-2/4,published,リズム,楽天Kドリームス 並び予想
6320250525010008,2025-05-25,防府競輪,F1,8,Ｓ級予選,13:50,13:45,7,https://keirin.kdreams.jp/hofu/racedetail/6320250525010008/?pageType=result,2026-08-31T06:05:51.895255+00:00,4-2-7/5-1/3/6,published,リズム,楽天Kドリームス 並び予想
6320250525010009,2025-05-25,防府競輪,F1,9,Ｓ級予選,14:25,14:20,7,https://keirin.kdreams.jp/hofu/racedetail/6320250525010009/?pageType=result,2026-08-31T06:05:53.440088+00:00,4-3-6/1-5/2-7,published,リズム,楽天Kドリームス 並び予想
6320250525010010,2025-05-25,防府競輪,F1,10,Ｓ級予選,15:00,14:55,7,https://keirin.kdreams.jp/hofu/racedetail/6320250525010010/?pageType=result,2026-08-31T06:05:55.075425+00:00,6-2/1-7-4/3-5,published,リズム,楽天Kドリームス 並び予想
6320250525010011,2025-05-25,防府競輪,F1,11,Ｓ級予選,15:35,15:30,7,https://keirin.kdreams.jp/hofu/racedetail/6320250525010011/?pageType=result,2026-08-31T06:05:56.662426+00:00,1-7-5/4-2/6-3,published,リズム,楽天Kドリームス 並び予想
6320250525010012,2025-05-25,防府競輪,F1,12,Ｓ級初特選,16:15,16:10,7,https://keirin.kdreams.jp/hofu/racedetail/6320250525010012/?pageType=result,2026-08-31T06:05:58.313334+00:00,4-7-3/1-5/6-2,published,リズム,楽天Kドリームス 並び予想
2720250524030005,2025-05-26,京王閣競輪,F1,5,Ｓ級一般,17:28,17:23,6,https://keirin.kdreams.jp/keiokaku/racedetail/2720250524030005/?pageType=result,2026-08-31T06:05:37.226023+00:00,1-5-3/2-4-6,published,アオケイ,楽天Kドリームス 並び予想
2720250524030006,2025-05-26,京王閣競輪,F1,6,Ｓ級一般,17:52,17:47,6,https://keirin.kdreams.jp/keiokaku/racedetail/2720250524030006/?pageType=result,2026-08-31T06:05:38.918433+00:00,1-5-3/4-2-6,published,アオケイ,楽天Kドリームス 並び予想
2720250524030007,2025-05-26,京王閣競輪,F1,7,Ｓ級一般,18:16,18:11,6,https://keirin.kdreams.jp/keiokaku/racedetail/2720250524030007/?pageType=result,2026-08-31T06:05:40.516576+00:00,1-6/4-2/3-5,published,アオケイ,楽天Kドリームス 並び予想
2720250524030008,2025-05-26,京王閣競輪,F1,8,Ｓ級特選,18:41,18:36,7,https://keirin.kdreams.jp/keiokaku/racedetail/2720250524030008/?pageType=result,2026-08-31T06:05:42.173298+00:00,1-5/2-4/7-3-6,published,アオケイ,楽天Kドリームス 並び予想
2720250524030009,2025-05-26,京王閣競輪,F1,9,Ｓ級特選,19:07,19:02,7,https://keirin.kdreams.jp/keiokaku/racedetail/2720250524030009/?pageType=result,2026-08-31T06:05:43.855467+00:00,4-1/5-2-7/6-3,published,アオケイ,楽天Kドリームス 並び予想
2720250524030010,2025-05-26,京王閣競輪,F1,10,Ｓ級特選,19:33,19:28,7,https://keirin.kdreams.jp/keiokaku/racedetail/2720250524030010/?pageType=result,2026-08-31T06:05:45.444492+00:00,6-1-5/2/3-7/4,published,アオケイ,楽天Kドリームス 並び予想
2720250524030012,2025-05-26,京王閣競輪,F1,12,Ｓ級決勝,20:30,20:25,7,https://keirin.kdreams.jp/keiokaku/racedetail/2720250524030012/?pageType=result,2026-08-31T06:05:47.090910+00:00,1-5/4/7-2-3/6,published,アオケイ,楽天Kドリームス 並び予想
6320250525020006,2025-05-26,防府競輪,F1,6,Ｓ級一般,13:09,13:04,7,https://keirin.kdreams.jp/hofu/racedetail/6320250525020006/?pageType=result,2026-08-31T06:05:59.895262+00:00,4-1-5/3/6-2/7,published,リズム,楽天Kドリームス 並び予想
6320250525020007,2025-05-26,防府競輪,F1,7,Ｓ級一般,13:38,13:33,7,https://keirin.kdreams.jp/hofu/racedetail/6320250525020007/?pageType=result,2026-08-31T06:06:01.710748+00:00,1-4-6/3/5-2-7,published,リズム,楽天Kドリームス 並び予想
6320250525020008,2025-05-26,防府競輪,F1,8,Ｓ級選抜,14:07,14:02,7,https://keirin.kdreams.jp/hofu/racedetail/6320250525020008/?pageType=result,2026-08-31T06:06:04.411681+00:00,1-6/4-2/5-3/7,published,リズム,楽天Kドリームス 並び予想
6320250525020009,2025-05-26,防府競輪,F1,9,Ｓ級選抜,14:36,14:31,7,https://keirin.kdreams.jp/hofu/racedetail/6320250525020009/?pageType=result,2026-08-31T06:06:06.216315+00:00,1-5/4-2-7/6-3,published,リズム,楽天Kドリームス 並び予想
6320250525020010,2025-05-26,防府競輪,F1,10,Ｓ級準決勝,15:07,15:02,7,https://keirin.kdreams.jp/hofu/racedetail/6320250525020010/?pageType=result,2026-08-31T06:06:07.789122+00:00,5-1-3/2-4-7/6,published,リズム,楽天Kドリームス 並び予想
6320250525020011,2025-05-26,防府競輪,F1,11,Ｓ級準決勝,15:38,15:33,7,https://keirin.kdreams.jp/hofu/racedetail/6320250525020011/?pageType=result,2026-08-31T06:06:10.340788+00:00,5-7-1/6-2/4-3,published,リズム,楽天Kドリームス 並び予想
6320250525020012,2025-05-26,防府競輪,F1,12,Ｓ級準決勝,16:10,16:05,7,https://keirin.kdreams.jp/hofu/racedetail/6320250525020012/?pageType=result,2026-08-31T06:06:12.130258+00:00,4-6-2/5-3/7-1,published,リズム,楽天Kドリームス 並び予想
3720250527010006,2025-05-27,伊東競輪,F1,6,Ｓ級予選,17:51,17:46,7,https://keirin.kdreams.jp/ito/racedetail/3720250527010006/?pageType=result,2026-08-31T06:06:24.854696+00:00,7-1-4/5-2/3-6,published,ひかり・小田競,楽天Kドリームス 並び予想
3720250527010007,2025-05-27,伊東競輪,F1,7,Ｓ級予選,18:17,18:12,7,https://keirin.kdreams.jp/ito/racedetail/3720250527010007/?pageType=result,2026-08-31T06:06:26.426033+00:00,4-1-7/5-2/6-3,published,ひかり・小田競,楽天Kドリームス 並び予想
3720250527010008,2025-05-27,伊東競輪,F1,8,Ｓ級予選,18:43,18:38,7,https://keirin.kdreams.jp/ito/racedetail/3720250527010008/?pageType=result,2026-08-31T06:06:28.078667+00:00,3-7-4/6-1/5-2,published,ひかり・小田競,楽天Kドリームス 並び予想
3720250527010009,2025-05-27,伊東競輪,F1,9,Ｓ級予選,19:09,19:04,7,https://keirin.kdreams.jp/ito/racedetail/3720250527010009/?pageType=result,2026-08-31T06:06:29.667397+00:00,1-7-5/4-2/3/6,published,ひかり・小田競,楽天Kドリームス 並び予想
3720250527010010,2025-05-27,伊東競輪,F1,10,Ｓ級予選,19:35,19:30,7,https://keirin.kdreams.jp/ito/racedetail/3720250527010010/?pageType=result,2026-08-31T06:06:31.112054+00:00,7-3/6-1/2-5-4,published,ひかり・小田競,楽天Kドリームス 並び予想
3720250527010011,2025-05-27,伊東競輪,F1,11,Ｓ級予選,20:02,19:57,7,https://keirin.kdreams.jp/ito/racedetail/3720250527010011/?pageType=result,2026-08-31T06:06:32.700918+00:00,4-1-5/7-2/6-3,published,ひかり・小田競,楽天Kドリームス 並び予想
3720250527010012,2025-05-27,伊東競輪,F1,12,Ｓ級初特選,20:30,20:25,7,https://keirin.kdreams.jp/ito/racedetail/3720250527010012/?pageType=result,2026-08-31T06:06:34.313112+00:00,2-5/7-4/6/1-3,published,ひかり・小田競,楽天Kドリームス 並び予想
2120250527010006,2025-05-27,弥彦競輪,F1,6,Ｓ級予選,13:00,12:55,7,https://keirin.kdreams.jp/yahiko/racedetail/2120250527010006/?pageType=result,2026-08-31T06:06:57.883223+00:00,1-4/6-3-5/7-2,published,新潟スポーツ,楽天Kドリームス 並び予想
2120250527010007,2025-05-27,弥彦競輪,F1,7,Ｓ級予選,13:28,13:23,7,https://keirin.kdreams.jp/yahiko/racedetail/2120250527010007/?pageType=result,2026-08-31T06:06:59.449290+00:00,7-1/2-5/4-3/6,published,新潟スポーツ,楽天Kドリームス 並び予想
2120250527010008,2025-05-27,弥彦競輪,F1,8,Ｓ級予選,13:56,13:51,7,https://keirin.kdreams.jp/yahiko/racedetail/2120250527010008/?pageType=result,2026-08-31T06:07:01.012068+00:00,1-4-6/5-2/7-3,published,新潟スポーツ,楽天Kドリームス 並び予想
2120250527010009,2025-05-27,弥彦競輪,F1,9,Ｓ級予選,14:25,14:20,7,https://keirin.kdreams.jp/yahiko/racedetail/2120250527010009/?pageType=result,2026-08-31T06:07:03.813825+00:00,4-1-7/5-3/6-2,published,新潟スポーツ,楽天Kドリームス 並び予想
2120250527010010,2025-05-27,弥彦競輪,F1,10,Ｓ級予選,14:55,14:50,7,https://keirin.kdreams.jp/yahiko/racedetail/2120250527010010/?pageType=result,2026-08-31T06:07:06.294243+00:00,1-5-3/7-2-4/6,published,新潟スポーツ,楽天Kドリームス 並び予想
2120250527010011,2025-05-27,弥彦競輪,F1,11,Ｓ級予選,15:25,15:20,7,https://keirin.kdreams.jp/yahiko/racedetail/2120250527010011/?pageType=result,2026-08-31T06:07:08.276447+00:00,1-7-4/5-2-3-6,published,新潟スポーツ,楽天Kドリームス 並び予想
2120250527010012,2025-05-27,弥彦競輪,F1,12,Ｓ級初特選,15:55,15:50,7,https://keirin.kdreams.jp/yahiko/racedetail/2120250527010012/?pageType=result,2026-08-31T06:07:09.992334+00:00,1-6/2-4/5/3-7,published,新潟スポーツ,楽天Kドリームス 並び予想
6320250525030005,2025-05-27,防府競輪,F1,5,Ｓ級一般,12:46,12:41,6,https://keirin.kdreams.jp/hofu/racedetail/6320250525030005/?pageType=result,2026-08-31T06:06:13.750487+00:00,5-3-4/2/6-1,published,リズム,楽天Kドリームス 並び予想
6320250525030006,2025-05-27,防府競輪,F1,6,Ｓ級一般,13:14,13:09,6,https://keirin.kdreams.jp/hofu/racedetail/6320250525030006/?pageType=result,2026-08-31T06:06:15.128769+00:00,5-1-6/3/2-4,published,リズム,楽天Kドリームス 並び予想
6320250525030007,2025-05-27,防府競輪,F1,7,Ｓ級一般,13:42,13:37,7,https://keirin.kdreams.jp/hofu/racedetail/6320250525030007/?pageType=result,2026-08-31T06:06:16.705762+00:00,4-1-6/2-7/3-5,published,リズム,楽天Kドリームス 並び予想
6320250525030008,2025-05-27,防府競輪,F1,8,Ｓ級特選,14:10,14:05,7,https://keirin.kdreams.jp/hofu/racedetail/6320250525030008/?pageType=result,2026-08-31T06:06:18.372130+00:00,1-5-7/2-6/3-4,published,リズム,楽天Kドリームス 並び予想
6320250525030009,2025-05-27,防府競輪,F1,9,Ｓ級特選,14:40,14:35,7,https://keirin.kdreams.jp/hofu/racedetail/6320250525030009/?pageType=result,2026-08-31T06:06:19.961852+00:00,3-7-1/4/2-5/6,published,リズム,楽天Kドリームス 並び予想
6320250525030010,2025-05-27,防府競輪,F1,10,Ｓ級特選,15:10,15:05,7,https://keirin.kdreams.jp/hofu/racedetail/6320250525030010/?pageType=result,2026-08-31T06:06:21.593578+00:00,4-2-6/7-1/3-5,published,リズム,楽天Kドリームス 並び予想
6320250525030012,2025-05-27,防府競輪,F1,12,Ｓ級決勝,16:10,16:05,7,https://keirin.kdreams.jp/hofu/racedetail/6320250525030012/?pageType=result,2026-08-31T06:06:23.159144+00:00,1-5-4-6/3/2-7,published,リズム,楽天Kドリームス 並び予想
3720250527020006,2025-05-28,伊東競輪,F1,6,Ｓ級一般,17:48,17:43,7,https://keirin.kdreams.jp/ito/racedetail/3720250527020006/?pageType=result,2026-08-31T06:06:35.873498+00:00,3-1-7/4-2-6/5,published,ひかり・小田競,楽天Kドリームス 並び予想
3720250527020007,2025-05-28,伊東競輪,F1,7,Ｓ級一般,18:12,18:07,7,https://keirin.kdreams.jp/ito/racedetail/3720250527020007/?pageType=result,2026-08-31T06:06:37.492684+00:00,1-5/2-6-4/3-7,published,ひかり・小田競,楽天Kドリームス 並び予想
3720250527020008,2025-05-28,伊東競輪,F1,8,Ｓ級選抜,18:36,18:31,7,https://keirin.kdreams.jp/ito/racedetail/3720250527020008/?pageType=result,2026-08-31T06:06:39.073677+00:00,1-4-7/2-6/3-5,published,ひかり・小田競,楽天Kドリームス 並び予想
3720250527020009,2025-05-28,伊東競輪,F1,9,Ｓ級選抜,19:02,18:57,7,https://keirin.kdreams.jp/ito/racedetail/3720250527020009/?pageType=result,2026-08-31T06:06:40.629511+00:00,6-3-7-1/2-5/4,published,ひかり・小田競,楽天Kドリームス 並び予想
3720250527020010,2025-05-28,伊東競輪,F1,10,Ｓ級準決勝,19:29,19:24,7,https://keirin.kdreams.jp/ito/racedetail/3720250527020010/?pageType=result,2026-08-31T06:06:42.262870+00:00,2-4/6-1/3-7-5,published,ひかり・小田競,楽天Kドリームス 並び予想
3720250527020011,2025-05-28,伊東競輪,F1,11,Ｓ級準決勝,19:58,19:53,7,https://keirin.kdreams.jp/ito/racedetail/3720250527020011/?pageType=result,2026-08-31T06:06:43.833042+00:00,7-1/2-4-5/3-6,published,ひかり・小田競,楽天Kドリームス 並び予想
3720250527020012,2025-05-28,伊東競輪,F1,12,Ｓ級準決勝,20:30,20:25,7,https://keirin.kdreams.jp/ito/racedetail/3720250527020012/?pageType=result,2026-08-31T06:06:45.464581+00:00,4-1-3/5/2-7/6,published,ひかり・小田競,楽天Kドリームス 並び予想
2120250527020006,2025-05-28,弥彦競輪,F1,6,Ｓ級一般,13:07,13:02,7,https://keirin.kdreams.jp/yahiko/racedetail/2120250527020006/?pageType=result,2026-08-31T06:07:11.637946+00:00,1-5-3/2-7-4/6,published,新潟スポーツ,楽天Kドリームス 並び予想
2120250527020007,2025-05-28,弥彦競輪,F1,7,Ｓ級一般,13:36,13:31,7,https://keirin.kdreams.jp/yahiko/racedetail/2120250527020007/?pageType=result,2026-08-31T06:07:13.214633+00:00,5-2/3-7-4/6-1,published,新潟スポーツ,楽天Kドリームス 並び予想
2120250527020008,2025-05-28,弥彦競輪,F1,8,Ｓ級選抜,14:05,14:00,7,https://keirin.kdreams.jp/yahiko/racedetail/2120250527020008/?pageType=result,2026-08-31T06:07:14.897113+00:00,5-1-6/2/3-4-7,published,新潟スポーツ,楽天Kドリームス 並び予想
2120250527020009,2025-05-28,弥彦競輪,F1,9,Ｓ級選抜,14:34,14:29,7,https://keirin.kdreams.jp/yahiko/racedetail/2120250527020009/?pageType=result,2026-08-31T06:07:16.468614+00:00,2-6/1-7/3-5/4,published,新潟スポーツ,楽天Kドリームス 並び予想
2120250527020010,2025-05-28,弥彦競輪,F1,10,Ｓ級準決勝,15:06,15:01,7,https://keirin.kdreams.jp/yahiko/racedetail/2120250527020010/?pageType=result,2026-08-31T06:07:18.093154+00:00,6-1/7-2-5/3-4,published,新潟スポーツ,楽天Kドリームス 並び予想
2120250527020011,2025-05-28,弥彦競輪,F1,11,Ｓ級準決勝,15:38,15:33,7,https://keirin.kdreams.jp/yahiko/racedetail/2120250527020011/?pageType=result,2026-08-31T06:07:19.667367+00:00,3-6/1-5/7-2-4,published,新潟スポーツ,楽天Kドリームス 並び予想
2120250527020012,2025-05-28,弥彦競輪,F1,12,Ｓ級準決勝,16:10,16:05,7,https://keirin.kdreams.jp/yahiko/racedetail/2120250527020012/?pageType=result,2026-08-31T06:07:21.317044+00:00,1-4-6/2/3-5-7,published,新潟スポーツ,楽天Kドリームス 並び予想
4520250528010008,2025-05-28,豊橋競輪,F1,8,Ｓ級予選,18:28,18:23,7,https://keirin.kdreams.jp/toyohashi/racedetail/4520250528010008/?pageType=result,2026-08-31T06:07:34.155711+00:00,4-1-7/2-6/5-3,published,中部競輪,楽天Kドリームス 並び予想
4520250528010009,2025-05-28,豊橋競輪,F1,9,Ｓ級予選,18:53,18:48,7,https://keirin.kdreams.jp/toyohashi/racedetail/4520250528010009/?pageType=result,2026-08-31T06:07:35.813197+00:00,1-4/7-2/6-3/5,published,中部競輪,楽天Kドリームス 並び予想
4520250528010010,2025-05-28,豊橋競輪,F1,10,Ｓ級予選,19:20,19:15,7,https://keirin.kdreams.jp/toyohashi/racedetail/4520250528010010/?pageType=result,2026-08-31T06:07:38.180839+00:00,5-1/2-6/3-7-4,published,中部競輪,楽天Kドリームス 並び予想
4520250528010011,2025-05-28,豊橋競輪,F1,11,Ｓ級予選,19:48,19:43,7,https://keirin.kdreams.jp/toyohashi/racedetail/4520250528010011/?pageType=result,2026-08-31T06:07:39.973807+00:00,5-1/6-2/4-7-3,published,中部競輪,楽天Kドリームス 並び予想
4520250528010012,2025-05-28,豊橋競輪,F1,12,Ｓ級初日特選,20:19,20:14,7,https://keirin.kdreams.jp/toyohashi/racedetail/4520250528010012/?pageType=result,2026-08-31T06:07:41.578525+00:00,4-1-6/2-3-7/5,published,中部競輪,楽天Kドリームス 並び予想
3720250527030005,2025-05-29,伊東競輪,F1,5,Ｓ級一般,17:38,17:33,6,https://keirin.kdreams.jp/ito/racedetail/3720250527030005/?pageType=result,2026-08-31T06:06:46.845887+00:00,1-6/5-2-3/4,published,ひかり・小田競,楽天Kドリームス 並び予想
3720250527030006,2025-05-29,伊東競輪,F1,6,Ｓ級一般,18:02,17:57,6,https://keirin.kdreams.jp/ito/racedetail/3720250527030006/?pageType=result,2026-08-31T06:06:48.275687+00:00,6-3-1/2-4-5,published,ひかり・小田競,楽天Kドリームス 並び予想
3720250527030007,2025-05-29,伊東競輪,F1,7,Ｓ級一般,18:26,18:21,7,https://keirin.kdreams.jp/ito/racedetail/3720250527030007/?pageType=result,2026-08-31T06:06:49.832658+00:00,1-4/2-5/7-3-6,published,ひかり・小田競,楽天Kドリームス 並び予想
3720250527030008,2025-05-29,伊東競輪,F1,8,Ｓ級特選,18:50,18:45,7,https://keirin.kdreams.jp/ito/racedetail/3720250527030008/?pageType=result,2026-08-31T06:06:51.457162+00:00,6-1/7-2/3-5-4,published,ひかり・小田競,楽天Kドリームス 並び予想
3720250527030009,2025-05-29,伊東競輪,F1,9,Ｓ級特選,19:14,19:09,7,https://keirin.kdreams.jp/ito/racedetail/3720250527030009/?pageType=result,2026-08-31T06:06:53.023602+00:00,5-1-7/2-4/6-3,published,ひかり・小田競,楽天Kドリームス 並び予想
3720250527030010,2025-05-29,伊東競輪,F1,10,Ｓ級特選,19:38,19:33,7,https://keirin.kdreams.jp/ito/racedetail/3720250527030010/?pageType=result,2026-08-31T06:06:54.669464+00:00,5-2/6-1/7-3/4,published,ひかり・小田競,楽天Kドリームス 並び予想
3720250527030012,2025-05-29,伊東競輪,F1,12,Ｓ級決勝,20:30,20:25,7,https://keirin.kdreams.jp/ito/racedetail/3720250527030012/?pageType=result,2026-08-31T06:06:56.241760+00:00,7-1/4-2/3-5-6,published,ひかり・小田競,楽天Kドリームス 並び予想
2120250527030005,2025-05-29,弥彦競輪,F1,5,Ｓ級一般,12:51,12:46,6,https://keirin.kdreams.jp/yahiko/racedetail/2120250527030005/?pageType=result,2026-08-31T06:07:22.695702+00:00,5-1-3/4-6-2,published,新潟スポーツ,楽天Kドリームス 並び予想
2120250527030006,2025-05-29,弥彦競輪,F1,6,Ｓ級一般,13:19,13:14,7,https://keirin.kdreams.jp/yahiko/racedetail/2120250527030006/?pageType=result,2026-08-31T06:07:24.313508+00:00,4-1/5-2/3-6/7,published,新潟スポーツ,楽天Kドリームス 並び予想
2120250527030007,2025-05-29,弥彦競輪,F1,7,Ｓ級一般,13:47,13:42,7,https://keirin.kdreams.jp/yahiko/racedetail/2120250527030007/?pageType=result,2026-08-31T06:07:25.898379+00:00,5-2-4-1/3-7/6,published,新潟スポーツ,楽天Kドリームス 並び予想
2120250527030008,2025-05-29,弥彦競輪,F1,8,Ｓ級特選,14:15,14:10,7,https://keirin.kdreams.jp/yahiko/racedetail/2120250527030008/?pageType=result,2026-08-31T06:07:27.485666+00:00,4-3-7/2-5/1-6,published,新潟スポーツ,楽天Kドリームス 並び予想
2120250527030009,2025-05-29,弥彦競輪,F1,9,Ｓ級特選,14:43,14:38,7,https://keirin.kdreams.jp/yahiko/racedetail/2120250527030009/?pageType=result,2026-08-31T06:07:29.152016+00:00,1-7-5/6-4-2/3,published,新潟スポーツ,楽天Kドリームス 並び予想
2120250527030010,2025-05-29,弥彦競輪,F1,10,Ｓ級特選,15:11,15:06,7,https://keirin.kdreams.jp/yahiko/racedetail/2120250527030010/?pageType=result,2026-08-31T06:07:30.743367+00:00,4-1-3/7-2-6/5,published,新潟スポーツ,楽天Kドリームス 並び予想
2120250527030012,2025-05-29,弥彦競輪,F1,12,Ｓ級決勝,16:11,16:06,7,https://keirin.kdreams.jp/yahiko/racedetail/2120250527030012/?pageType=result,2026-08-31T06:07:32.588528+00:00,7-3-4/1/5-2-6,published,新潟スポーツ,楽天Kドリームス 並び予想
4520250528020008,2025-05-29,豊橋競輪,F1,8,Ｓ級一般,18:38,18:33,7,https://keirin.kdreams.jp/toyohashi/racedetail/4520250528020008/?pageType=result,2026-08-31T06:07:43.243884+00:00,4-1/2-5/6-3/7,published,中部競輪,楽天Kドリームス 並び予想
4520250528020009,2025-05-29,豊橋競輪,F1,9,Ｓ級一般,19:02,18:57,7,https://keirin.kdreams.jp/toyohashi/racedetail/4520250528020009/?pageType=result,2026-08-31T06:07:44.837612+00:00,2-7/1/3/4-5/6,published,中部競輪,楽天Kドリームス 並び予想
4520250528020010,2025-05-29,豊橋競輪,F1,10,Ｓ級準決勝,19:26,19:21,7,https://keirin.kdreams.jp/toyohashi/racedetail/4520250528020010/?pageType=result,2026-08-31T06:07:46.488600+00:00,5-1/3-6/4-2-7,published,中部競輪,楽天Kドリームス 並び予想
4520250528020011,2025-05-29,豊橋競輪,F1,11,Ｓ級準決勝,19:51,19:46,7,https://keirin.kdreams.jp/toyohashi/racedetail/4520250528020011/?pageType=result,2026-08-31T06:07:48.097673+00:00,3-7/5-1/6-2-4,published,中部競輪,楽天Kドリームス 並び予想
4520250528020012,2025-05-29,豊橋競輪,F1,12,Ｓ級準決勝,20:17,20:12,7,https://keirin.kdreams.jp/toyohashi/racedetail/4520250528020012/?pageType=result,2026-08-31T06:07:49.737277+00:00,1-5/2-4/6/7-3,published,中部競輪,楽天Kドリームス 並び予想
7120250529010006,2025-05-29,高松競輪,F1,6,Ｓ級予選,13:05,13:00,7,https://keirin.kdreams.jp/takamatsu/racedetail/7120250529010006/?pageType=result,2026-08-31T06:08:00.991585+00:00,5-3-6/4-1/2-7,published,競輪毎日,楽天Kドリームス 並び予想
7120250529010007,2025-05-29,高松競輪,F1,7,Ｓ級予選,13:33,13:28,7,https://keirin.kdreams.jp/takamatsu/racedetail/7120250529010007/?pageType=result,2026-08-31T06:08:02.860993+00:00,1-5/4-2/3-7/6,published,競輪毎日,楽天Kドリームス 並び予想
7120250529010008,2025-05-29,高松競輪,F1,8,Ｓ級予選,14:01,13:56,7,https://keirin.kdreams.jp/takamatsu/racedetail/7120250529010008/?pageType=result,2026-08-31T06:08:04.492145+00:00,5-2-6/1-7/3-4,published,競輪毎日,楽天Kドリームス 並び予想
7120250529010009,2025-05-29,高松競輪,F1,9,Ｓ級予選,14:29,14:24,7,https://keirin.kdreams.jp/takamatsu/racedetail/7120250529010009/?pageType=result,2026-08-31T06:08:06.190032+00:00,5-1-6/7-3/4-2,published,競輪毎日,楽天Kドリームス 並び予想
7120250529010010,2025-05-29,高松競輪,F1,10,Ｓ級予選,14:57,14:52,7,https://keirin.kdreams.jp/takamatsu/racedetail/7120250529010010/?pageType=result,2026-08-31T06:08:07.761557+00:00,5-1-6/2-7/3-4,published,競輪毎日,楽天Kドリームス 並び予想
7120250529010011,2025-05-29,高松競輪,F1,11,Ｓ級予選,15:26,15:21,7,https://keirin.kdreams.jp/takamatsu/racedetail/7120250529010011/?pageType=result,2026-08-31T06:08:09.448444+00:00,4-2/5-1-6/7-3,published,競輪毎日,楽天Kドリームス 並び予想
7120250529010012,2025-05-29,高松競輪,F1,12,Ｓ級初特選,15:56,15:51,7,https://keirin.kdreams.jp/takamatsu/racedetail/7120250529010012/?pageType=result,2026-08-31T06:08:11.034422+00:00,1-7/3-2/4/6-5,published,競輪毎日,楽天Kドリームス 並び予想
4520250528030006,2025-05-30,豊橋競輪,F1,6,Ｓ級一般,17:49,17:44,6,https://keirin.kdreams.jp/toyohashi/racedetail/4520250528030006/?pageType=result,2026-08-31T06:07:51.139925+00:00,6-2/1/3-4/5,published,中部競輪,楽天Kドリームス 並び予想
4520250528030007,2025-05-30,豊橋競輪,F1,7,Ｓ級一般,18:14,18:09,7,https://keirin.kdreams.jp/toyohashi/racedetail/4520250528030007/?pageType=result,2026-08-31T06:07:52.737877+00:00,1-4-6/2-7/5-3,published,中部競輪,楽天Kドリームス 並び予想
4520250528030008,2025-05-30,豊橋競輪,F1,8,Ｓ級特選,18:40,18:35,7,https://keirin.kdreams.jp/toyohashi/racedetail/4520250528030008/?pageType=result,2026-08-31T06:07:54.458646+00:00,1-5-6/7-2/3-4,published,中部競輪,楽天Kドリームス 並び予想
4520250528030009,2025-05-30,豊橋競輪,F1,9,Ｓ級特選,19:06,19:01,7,https://keirin.kdreams.jp/toyohashi/racedetail/4520250528030009/?pageType=result,2026-08-31T06:07:57.302085+00:00,2-5-6/4-7-1/3,published,中部競輪,楽天Kドリームス 並び予想
4520250528030012,2025-05-30,豊橋競輪,F1,12,Ｓ級決勝,20:30,20:25,7,https://keirin.kdreams.jp/toyohashi/racedetail/4520250528030012/?pageType=result,2026-08-31T06:07:59.250934+00:00,1-6/2-4/5-7-3,published,中部競輪,楽天Kドリームス 並び予想
7120250529020006,2025-05-30,高松競輪,F1,6,Ｓ級一般,13:03,12:58,7,https://keirin.kdreams.jp/takamatsu/racedetail/7120250529020006/?pageType=result,2026-08-31T06:08:12.714295+00:00,7-1-3/4-2/5/6,published,競輪毎日,楽天Kドリームス 並び予想
7120250529020007,2025-05-30,高松競輪,F1,7,Ｓ級一般,13:33,13:28,7,https://keirin.kdreams.jp/takamatsu/racedetail/7120250529020007/?pageType=result,2026-08-31T06:08:14.295554+00:00,1-5/7-3/4-2-6,published,競輪毎日,楽天Kドリームス 並び予想
7120250529020008,2025-05-30,高松競輪,F1,8,Ｓ級選抜,14:03,13:58,7,https://keirin.kdreams.jp/takamatsu/racedetail/7120250529020008/?pageType=result,2026-08-31T06:08:15.935767+00:00,7-1-4/6-2/5-3,published,競輪毎日,楽天Kドリームス 並び予想
7120250529020009,2025-05-30,高松競輪,F1,9,Ｓ級選抜,14:34,14:29,7,https://keirin.kdreams.jp/takamatsu/racedetail/7120250529020009/?pageType=result,2026-08-31T06:08:17.509406+00:00,4-7-1/2/3-5-6,published,競輪毎日,楽天Kドリームス 並び予想
7120250529020010,2025-05-30,高松競輪,F1,10,Ｓ級準決勝,15:06,15:01,7,https://keirin.kdreams.jp/takamatsu/racedetail/7120250529020010/?pageType=result,2026-08-31T06:08:19.161847+00:00,2-7/1/4/5-3-6,published,競輪毎日,楽天Kドリームス 並び予想
7120250529020011,2025-05-30,高松競輪,F1,11,Ｓ級準決勝,15:38,15:33,7,https://keirin.kdreams.jp/takamatsu/racedetail/7120250529020011/?pageType=result,2026-08-31T06:08:20.754288+00:00,5-1/7-2/4-3-6,published,競輪毎日,楽天Kドリームス 並び予想
7120250529020012,2025-05-30,高松競輪,F1,12,Ｓ級準決勝,16:10,16:05,7,https://keirin.kdreams.jp/takamatsu/racedetail/7120250529020012/?pageType=result,2026-08-31T06:08:22.447572+00:00,3-1-5/2-7-4/6,published,競輪毎日,楽天Kドリームス 並び予想
4820250531010006,2025-05-31,四日市競輪,F1,6,Ｓ級予選,17:50,17:45,7,https://keirin.kdreams.jp/yokkaichi/racedetail/4820250531010006/?pageType=result,2026-08-31T06:10:25.883527+00:00,1-4/7-2-5/6-3,published,富山中部,楽天Kドリームス 並び予想
4820250531010007,2025-05-31,四日市競輪,F1,7,Ｓ級予選,18:14,18:09,7,https://keirin.kdreams.jp/yokkaichi/racedetail/4820250531010007/?pageType=result,2026-08-31T06:10:27.547547+00:00,1-7-5/6-2/4-3,published,富山中部,楽天Kドリームス 並び予想
4820250531010008,2025-05-31,四日市競輪,F1,8,Ｓ級予選,18:39,18:34,7,https://keirin.kdreams.jp/yokkaichi/racedetail/4820250531010008/?pageType=result,2026-08-31T06:10:29.131230+00:00,6-3/2-7/5-1-4,published,富山中部,楽天Kドリームス 並び予想
4820250531010009,2025-05-31,四日市競輪,F1,9,Ｓ級予選,19:05,19:00,7,https://keirin.kdreams.jp/yokkaichi/racedetail/4820250531010009/?pageType=result,2026-08-31T06:10:32.007559+00:00,3-7/2-5/4-1-6,published,富山中部,楽天Kドリームス 並び予想
4820250531010010,2025-05-31,四日市競輪,F1,10,Ｓ級予選,19:31,19:26,7,https://keirin.kdreams.jp/yokkaichi/racedetail/4820250531010010/?pageType=result,2026-08-31T06:10:33.879044+00:00,4-1/5-2-7/6-3,published,富山中部,楽天Kドリームス 並び予想
4820250531010011,2025-05-31,四日市競輪,F1,11,Ｓ級予選,19:59,19:54,7,https://keirin.kdreams.jp/yokkaichi/racedetail/4820250531010011/?pageType=result,2026-08-31T06:10:35.656784+00:00,5-1-6/2-4/7-3,published,富山中部,楽天Kドリームス 並び予想
4820250531010012,2025-05-31,四日市競輪,F1,12,Ｓ級初特選,20:30,20:25,7,https://keirin.kdreams.jp/yokkaichi/racedetail/4820250531010012/?pageType=result,2026-08-31T06:10:37.220808+00:00,5-1/7-2/6-3/4,published,富山中部,楽天Kドリームス 並び予想
7120250529030005,2025-05-31,高松競輪,F1,5,Ｓ級一般,12:33,12:28,7,https://keirin.kdreams.jp/takamatsu/racedetail/7120250529030005/?pageType=result,2026-08-31T06:08:24.038796+00:00,1-5-6/3/2-4-7,published,競輪毎日,楽天Kドリームス 並び予想
7120250529030006,2025-05-31,高松競輪,F1,6,Ｓ級一般,13:01,12:56,7,https://keirin.kdreams.jp/takamatsu/racedetail/7120250529030006/?pageType=result,2026-08-31T06:08:25.623253+00:00,5-1/2-7/4-3/6,published,競輪毎日,楽天Kドリームス 並び予想
7120250529030007,2025-05-31,高松競輪,F1,7,Ｓ級一般,13:30,13:25,7,https://keirin.kdreams.jp/takamatsu/racedetail/7120250529030007/?pageType=result,2026-08-31T06:08:27.303995+00:00,7-1-5/4-2/6-3,published,競輪毎日,楽天Kドリームス 並び予想
7120250529030008,2025-05-31,高松競輪,F1,8,Ｓ級特選,14:00,13:55,7,https://keirin.kdreams.jp/takamatsu/racedetail/7120250529030008/?pageType=result,2026-08-31T06:08:28.894265+00:00,6-5-1/2-7/4-3,published,競輪毎日,楽天Kドリームス 並び予想
7120250529030009,2025-05-31,高松競輪,F1,9,Ｓ級特選,14:30,14:25,7,https://keirin.kdreams.jp/takamatsu/racedetail/7120250529030009/?pageType=result,2026-08-31T06:08:30.574235+00:00,3-1/5-2-7/6-4,published,競輪毎日,楽天Kドリームス 並び予想
7120250529030010,2025-05-31,高松競輪,F1,10,Ｓ級特選,15:01,14:56,7,https://keirin.kdreams.jp/takamatsu/racedetail/7120250529030010/?pageType=result,2026-08-31T06:08:32.167944+00:00,1-4-7/3/6-5-2,published,競輪毎日,楽天Kドリームス 並び予想
7120250529030012,2025-05-31,高松競輪,F1,12,Ｓ級決勝,16:08,16:03,7,https://keirin.kdreams.jp/takamatsu/racedetail/7120250529030012/?pageType=result,2026-08-31T06:08:33.838099+00:00,1-6/5-3-2/7-4,published,競輪毎日,楽天Kドリームス 並び予想
4820250531020006,2025-06-01,四日市競輪,F1,6,Ｓ級一般,17:50,17:45,7,https://keirin.kdreams.jp/yokkaichi/racedetail/4820250531020006/?pageType=result,2026-08-31T06:10:38.809762+00:00,1-7/5-2/4/3-6,published,富山中部,楽天Kドリームス 並び予想
4820250531020007,2025-06-01,四日市競輪,F1,7,Ｓ級一般,18:14,18:09,7,https://keirin.kdreams.jp/yokkaichi/racedetail/4820250531020007/?pageType=result,2026-08-31T06:10:40.330864+00:00,5-2-4/1-7/6-3,published,富山中部,楽天Kドリームス 並び予想
4820250531020008,2025-06-01,四日市競輪,F1,8,Ｓ級選抜,18:38,18:33,7,https://keirin.kdreams.jp/yokkaichi/racedetail/4820250531020008/?pageType=result,2026-08-31T06:10:41.967240+00:00,4-7/3-5-1/6-2,published,富山中部,楽天Kドリームス 並び予想
4820250531020009,2025-06-01,四日市競輪,F1,9,Ｓ級選抜,19:03,18:58,7,https://keirin.kdreams.jp/yokkaichi/racedetail/4820250531020009/?pageType=result,2026-08-31T06:10:43.504258+00:00,4-1-6/2/7-5-3,published,富山中部,楽天Kドリームス 並び予想
4820250531020010,2025-06-01,四日市競輪,F1,10,Ｓ級準決勝,19:29,19:24,7,https://keirin.kdreams.jp/yokkaichi/racedetail/4820250531020010/?pageType=result,2026-08-31T06:10:45.145541+00:00,2-5/6-3/4-1-7,published,富山中部,楽天Kドリームス 並び予想
4820250531020011,2025-06-01,四日市競輪,F1,11,Ｓ級準決勝,19:58,19:53,7,https://keirin.kdreams.jp/yokkaichi/racedetail/4820250531020011/?pageType=result,2026-08-31T06:10:46.688932+00:00,7-2/1-4/5-3/6,published,富山中部,楽天Kドリームス 並び予想
4820250531020012,2025-06-01,四日市競輪,F1,12,Ｓ級準決勝,20:30,20:25,7,https://keirin.kdreams.jp/yokkaichi/racedetail/4820250531020012/?pageType=result,2026-08-31T06:10:48.332401+00:00,1-4-6/7-2/3-5,published,富山中部,楽天Kドリームス 並び予想
1120250602010006,2025-06-02,函館競輪,F1,6,Ｓ級予選,17:34,17:29,7,https://keirin.kdreams.jp/hakodate/racedetail/1120250602010006/?pageType=result,2026-08-31T06:11:37.069186+00:00,7-2/4-1/3-5/6,published,北競,楽天Kドリームス 並び予想
1120250602010007,2025-06-02,函館競輪,F1,7,Ｓ級予選,17:58,17:53,7,https://keirin.kdreams.jp/hakodate/racedetail/1120250602010007/?pageType=result,2026-08-31T06:11:38.713418+00:00,4-2-6/1-5/3/7,published,北競,楽天Kドリームス 並び予想
1120250602010008,2025-06-02,函館競輪,F1,8,Ｓ級予選,18:22,18:17,7,https://keirin.kdreams.jp/hakodate/racedetail/1120250602010008/?pageType=result,2026-08-31T06:11:40.281565+00:00,3-5/6-1/7-2-4,published,北競,楽天Kドリームス 並び予想
1120250602010009,2025-06-02,函館競輪,F1,9,Ｓ級予選,18:48,18:43,7,https://keirin.kdreams.jp/hakodate/racedetail/1120250602010009/?pageType=result,2026-08-31T06:11:41.937893+00:00,3-4/1-5/2-7/6,published,北競,楽天Kドリームス 並び予想
1120250602010010,2025-06-02,函館競輪,F1,10,Ｓ級予選,19:18,19:13,7,https://keirin.kdreams.jp/hakodate/racedetail/1120250602010010/?pageType=result,2026-08-31T06:11:43.503816+00:00,6-2/1-4/3-5-7,published,北競,楽天Kドリームス 並び予想
1120250602010011,2025-06-02,函館競輪,F1,11,Ｓ級予選,19:48,19:43,7,https://keirin.kdreams.jp/hakodate/racedetail/1120250602010011/?pageType=result,2026-08-31T06:11:45.155094+00:00,7-1-6/2-4/3-5,published,北競,楽天Kドリームス 並び予想
1120250602010012,2025-06-02,函館競輪,F1,12,Ｓ級初特選,20:19,20:14,7,https://keirin.kdreams.jp/hakodate/racedetail/1120250602010012/?pageType=result,2026-08-31T06:11:46.771266+00:00,4-1/3-5-2-6/7,published,北競,楽天Kドリームス 並び予想
4820250531030005,2025-06-02,四日市競輪,F1,5,Ｓ級一般,17:18,17:13,7,https://keirin.kdreams.jp/yokkaichi/racedetail/4820250531030005/?pageType=result,2026-08-31T06:10:49.876224+00:00,2-7/6-1/4/5-3,published,富山中部,楽天Kドリームス 並び予想
4820250531030006,2025-06-02,四日市競輪,F1,6,Ｓ級一般,17:42,17:37,7,https://keirin.kdreams.jp/yokkaichi/racedetail/4820250531030006/?pageType=result,2026-08-31T06:10:51.511369+00:00,6-1-5/3/2-7/4,published,富山中部,楽天Kドリームス 並び予想
4820250531030007,2025-06-02,四日市競輪,F1,7,Ｓ級一般,18:06,18:01,7,https://keirin.kdreams.jp/yokkaichi/racedetail/4820250531030007/?pageType=result,2026-08-31T06:10:53.042558+00:00,4-5-1/6-2/7-3,published,富山中部,楽天Kドリームス 並び予想
4820250531030008,2025-06-02,四日市競輪,F1,8,Ｓ級特選,18:30,18:25,7,https://keirin.kdreams.jp/yokkaichi/racedetail/4820250531030008/?pageType=result,2026-08-31T06:10:54.651099+00:00,1-5-4/2-7/6-3,published,富山中部,楽天Kドリームス 並び予想
4820250531030009,2025-06-02,四日市競輪,F1,9,Ｓ級特選,18:58,18:53,7,https://keirin.kdreams.jp/yokkaichi/racedetail/4820250531030009/?pageType=result,2026-08-31T06:10:56.218099+00:00,1-4-5/6-2/7-3,published,富山中部,楽天Kドリームス 並び予想
4820250531030010,2025-06-02,四日市競輪,F1,10,Ｓ級特選,19:28,19:23,7,https://keirin.kdreams.jp/yokkaichi/racedetail/4820250531030010/?pageType=result,2026-08-31T06:10:57.833395+00:00,1-4/7-2-5/6-3,published,富山中部,楽天Kドリームス 並び予想
4820250531030012,2025-06-02,四日市競輪,F1,12,Ｓ級決勝,20:30,20:25,7,https://keirin.kdreams.jp/yokkaichi/racedetail/4820250531030012/?pageType=result,2026-08-31T06:10:59.365173+00:00,6-1/2-5/7-3/4,published,富山中部,楽天Kドリームス 並び予想
5120250602010006,2025-06-02,福井競輪,F1,6,Ｓ級予選,13:04,12:59,7,https://keirin.kdreams.jp/fukui/racedetail/5120250602010006/?pageType=result,2026-08-31T06:11:00.990597+00:00,5-1/7-4-2/6-3,published,福井中部,楽天Kドリームス 並び予想
5120250602010007,2025-06-02,福井競輪,F1,7,Ｓ級予選,13:32,13:27,7,https://keirin.kdreams.jp/fukui/racedetail/5120250602010007/?pageType=result,2026-08-31T06:11:02.811569+00:00,4-7-1/2-5-3/6,published,福井中部,楽天Kドリームス 並び予想
5120250602010008,2025-06-02,福井競輪,F1,8,Ｓ級予選,14:01,13:56,7,https://keirin.kdreams.jp/fukui/racedetail/5120250602010008/?pageType=result,2026-08-31T06:11:04.372878+00:00,3-7-4/6-1/2-5,published,福井中部,楽天Kドリームス 並び予想
5120250602010009,2025-06-02,福井競輪,F1,9,Ｓ級予選,14:31,14:26,7,https://keirin.kdreams.jp/fukui/racedetail/5120250602010009/?pageType=result,2026-08-31T06:11:06.005445+00:00,4-1-7/5-2/3-6,published,福井中部,楽天Kドリームス 並び予想
5120250602010010,2025-06-02,福井競輪,F1,10,Ｓ級予選,15:01,14:56,7,https://keirin.kdreams.jp/fukui/racedetail/5120250602010010/?pageType=result,2026-08-31T06:11:07.534228+00:00,1-5/2-7/6-3-4,published,福井中部,楽天Kドリームス 並び予想
5120250602010011,2025-06-02,福井競輪,F1,11,Ｓ級予選,15:32,15:27,7,https://keirin.kdreams.jp/fukui/racedetail/5120250602010011/?pageType=result,2026-08-31T06:11:09.114767+00:00,4-1/7-2/3-5/6,published,福井中部,楽天Kドリームス 並び予想
5120250602010012,2025-06-02,福井競輪,F1,12,Ｓ級初特選,16:04,15:59,7,https://keirin.kdreams.jp/fukui/racedetail/5120250602010012/?pageType=result,2026-08-31T06:11:10.680772+00:00,2-6/5-1/3-7/4,published,福井中部,楽天Kドリームス 並び予想
1120250602020006,2025-06-03,函館競輪,F1,6,Ｓ級一般,17:50,17:45,5,https://keirin.kdreams.jp/hakodate/racedetail/1120250602020006/?pageType=result,2026-08-31T06:11:48.232155+00:00,1-3/4-2-5,published,北競,楽天Kドリームス 並び予想
1120250602020007,2025-06-03,函館競輪,F1,7,Ｓ級一般,18:14,18:09,6,https://keirin.kdreams.jp/hakodate/racedetail/1120250602020007/?pageType=result,2026-08-31T06:11:49.604145+00:00,4-2/6/5-1-3,published,北競,楽天Kドリームス 並び予想
1120250602020008,2025-06-03,函館競輪,F1,8,Ｓ級選抜,18:39,18:34,7,https://keirin.kdreams.jp/hakodate/racedetail/1120250602020008/?pageType=result,2026-08-31T06:11:51.158494+00:00,2-4/6-1/5/3-7,published,北競,楽天Kドリームス 並び予想
1120250602020009,2025-06-03,函館競輪,F1,9,Ｓ級選抜,19:05,19:00,7,https://keirin.kdreams.jp/hakodate/racedetail/1120250602020009/?pageType=result,2026-08-31T06:11:52.795328+00:00,2-7/3/1-4-6/5,published,北競,楽天Kドリームス 並び予想
1120250602020010,2025-06-03,函館競輪,F1,10,Ｓ級準決勝,19:31,19:26,7,https://keirin.kdreams.jp/hakodate/racedetail/1120250602020010/?pageType=result,2026-08-31T06:11:54.382505+00:00,1-7/2-4/5-3/6,published,北競,楽天Kドリームス 並び予想
1120250602020011,2025-06-03,函館競輪,F1,11,Ｓ級準決勝,19:59,19:54,7,https://keirin.kdreams.jp/hakodate/racedetail/1120250602020011/?pageType=result,2026-08-31T06:11:56.050137+00:00,6-1/5-2-4/3-7,published,北競,楽天Kドリームス 並び予想
1120250602020012,2025-06-03,函館競輪,F1,12,Ｓ級準決勝,20:30,20:25,7,https://keirin.kdreams.jp/hakodate/racedetail/1120250602020012/?pageType=result,2026-08-31T06:11:57.613738+00:00,7-1-4/5-2/3-6,published,北競,楽天Kドリームス 並び予想
5120250602020006,2025-06-03,福井競輪,F1,6,Ｓ級一般,13:01,12:56,6,https://keirin.kdreams.jp/fukui/racedetail/5120250602020006/?pageType=result,2026-08-31T06:11:12.418338+00:00,1-5/4-2/6-3,published,福井中部,楽天Kドリームス 並び予想
5120250602020007,2025-06-03,福井競輪,F1,7,Ｓ級一般,13:30,13:25,7,https://keirin.kdreams.jp/fukui/racedetail/5120250602020007/?pageType=result,2026-08-31T06:11:15.005183+00:00,1-6/2-5/7-3/4,published,福井中部,楽天Kドリームス 並び予想
5120250602020008,2025-06-03,福井競輪,F1,8,Ｓ級選抜,14:00,13:55,7,https://keirin.kdreams.jp/fukui/racedetail/5120250602020008/?pageType=result,2026-08-31T06:11:16.787914+00:00,2-6/1/3-7-5/4,published,福井中部,楽天Kドリームス 並び予想
5120250602020009,2025-06-03,福井競輪,F1,9,Ｓ級選抜,14:30,14:25,7,https://keirin.kdreams.jp/fukui/racedetail/5120250602020009/?pageType=result,2026-08-31T06:11:18.321819+00:00,7-1-4/2/6-3-5,published,福井中部,楽天Kドリームス 並び予想
5120250602020010,2025-06-03,福井競輪,F1,10,Ｓ級準決勝,15:01,14:56,7,https://keirin.kdreams.jp/fukui/racedetail/5120250602020010/?pageType=result,2026-08-31T06:11:19.905652+00:00,1-3/2-5/4-7/6,published,福井中部,楽天Kドリームス 並び予想
5120250602020011,2025-06-03,福井競輪,F1,11,Ｓ級準決勝,15:34,15:29,7,https://keirin.kdreams.jp/fukui/racedetail/5120250602020011/?pageType=result,2026-08-31T06:11:21.434402+00:00,1-6/5-2/3-7/4,published,福井中部,楽天Kドリームス 並び予想
5120250602020012,2025-06-03,福井競輪,F1,12,Ｓ級準決勝,16:08,16:03,7,https://keirin.kdreams.jp/fukui/racedetail/5120250602020012/?pageType=result,2026-08-31T06:11:23.040145+00:00,7-1/2-4-5/6-3,published,福井中部,楽天Kドリームス 並び予想
1120250602030005,2025-06-04,函館競輪,F1,5,Ｓ級一般,17:25,17:20,5,https://keirin.kdreams.jp/hakodate/racedetail/1120250602030005/?pageType=result,2026-08-31T06:11:59.065393+00:00,1-5-3/2-4,published,北競,楽天Kドリームス 並び予想
1120250602030006,2025-06-04,函館競輪,F1,6,Ｓ級一般,17:49,17:44,6,https://keirin.kdreams.jp/hakodate/racedetail/1120250602030006/?pageType=result,2026-08-31T06:12:00.452475+00:00,1-5/2-4/3-6,published,北競,楽天Kドリームス 並び予想
1120250602030007,2025-06-04,函館競輪,F1,7,Ｓ級一般,18:14,18:09,6,https://keirin.kdreams.jp/hakodate/racedetail/1120250602030007/?pageType=result,2026-08-31T06:12:01.896398+00:00,5-1-3/4/6-2,published,北競,楽天Kドリームス 並び予想
1120250602030008,2025-06-04,函館競輪,F1,8,Ｓ級特選,18:40,18:35,7,https://keirin.kdreams.jp/hakodate/racedetail/1120250602030008/?pageType=result,2026-08-31T06:12:03.483087+00:00,1-7/2-4-5/3-6,published,北競,楽天Kドリームス 並び予想
1120250602030009,2025-06-04,函館競輪,F1,9,Ｓ級特選,19:06,19:01,7,https://keirin.kdreams.jp/hakodate/racedetail/1120250602030009/?pageType=result,2026-08-31T06:12:05.165491+00:00,1-6/7-4-2/3-5,published,北競,楽天Kドリームス 並び予想
1120250602030010,2025-06-04,函館競輪,F1,10,Ｓ級特選,19:32,19:27,7,https://keirin.kdreams.jp/hakodate/racedetail/1120250602030010/?pageType=result,2026-08-31T06:12:06.755906+00:00,6-2/5-1/4-3/7,published,北競,楽天Kドリームス 並び予想
1120250602030012,2025-06-04,函館競輪,F1,12,Ｓ級決勝,20:30,20:25,7,https://keirin.kdreams.jp/hakodate/racedetail/1120250602030012/?pageType=result,2026-08-31T06:12:08.448018+00:00,1-5/7-2/4-6-3,published,北競,楽天Kドリームス 並び予想
5120250602030005,2025-06-04,福井競輪,F1,5,Ｓ級一般,12:33,12:28,6,https://keirin.kdreams.jp/fukui/racedetail/5120250602030005/?pageType=result,2026-08-31T06:11:24.395824+00:00,6-1/2-4/3-5,published,福井中部,楽天Kドリームス 並び予想
5120250602030006,2025-06-04,福井競輪,F1,6,Ｓ級一般,13:03,12:58,7,https://keirin.kdreams.jp/fukui/racedetail/5120250602030006/?pageType=result,2026-08-31T06:11:26.003438+00:00,6-1-5/2-4/3-7,published,福井中部,楽天Kドリームス 並び予想
5120250602030007,2025-06-04,福井競輪,F1,7,Ｓ級一般,13:33,13:28,7,https://keirin.kdreams.jp/fukui/racedetail/5120250602030007/?pageType=result,2026-08-31T06:11:28.622116+00:00,7-1/5-4-2/6-3,published,福井中部,楽天Kドリームス 並び予想
5120250602030009,2025-06-04,福井競輪,F1,9,Ｓ級特選,14:34,14:29,7,https://keirin.kdreams.jp/fukui/racedetail/5120250602030009/?pageType=result,2026-08-31T06:11:30.476701+00:00,7-1-5/4-3/6-2,published,福井中部,楽天Kドリームス 並び予想
5120250602030010,2025-06-04,福井競輪,F1,10,Ｓ級特選,15:06,15:01,7,https://keirin.kdreams.jp/fukui/racedetail/5120250602030010/?pageType=result,2026-08-31T06:11:32.280509+00:00,1-4-5/6/7-3-2,published,福井中部,楽天Kドリームス 並び予想
5120250602030011,2025-06-04,福井競輪,F1,11,Ｓ級特選,15:38,15:33,7,https://keirin.kdreams.jp/fukui/racedetail/5120250602030011/?pageType=result,2026-08-31T06:11:33.814697+00:00,1-5-7/2-3/4/6,published,福井中部,楽天Kドリームス 並び予想
5120250602030012,2025-06-04,福井競輪,F1,12,Ｓ級決勝,16:10,16:05,7,https://keirin.kdreams.jp/fukui/racedetail/5120250602030012/?pageType=result,2026-08-31T06:11:35.460469+00:00,6-1-4/5-2/3/7,published,福井中部,楽天Kドリームス 並び予想
3820250605010008,2025-06-05,静岡競輪,F1,8,Ｓ級予選,14:01,13:56,7,https://keirin.kdreams.jp/shizuoka/racedetail/3820250605010008/?pageType=result,2026-08-31T06:13:43.730622+00:00,3-4/2-7-6/1-5,published,ひかり・小田競,楽天Kドリームス 並び予想
3820250605010009,2025-06-05,静岡競輪,F1,9,Ｓ級予選,14:31,14:26,7,https://keirin.kdreams.jp/shizuoka/racedetail/3820250605010009/?pageType=result,2026-08-31T06:13:45.407992+00:00,3-2-7/4-1-5/6,published,ひかり・小田競,楽天Kドリームス 並び予想
3820250605010010,2025-06-05,静岡競輪,F1,10,Ｓ級予選,15:03,14:58,7,https://keirin.kdreams.jp/shizuoka/racedetail/3820250605010010/?pageType=result,2026-08-31T06:13:47.077153+00:00,5-1-4/7-2-6/3,published,ひかり・小田競,楽天Kドリームス 並び予想
3820250605010011,2025-06-05,静岡競輪,F1,11,Ｓ級予選,15:37,15:32,7,https://keirin.kdreams.jp/shizuoka/racedetail/3820250605010011/?pageType=result,2026-08-31T06:13:49.499914+00:00,7-2-4/6-1-5/3,published,ひかり・小田競,楽天Kドリームス 並び予想
3820250605010012,2025-06-05,静岡競輪,F1,12,Ｓ級初日特選,16:11,16:06,7,https://keirin.kdreams.jp/shizuoka/racedetail/3820250605010012/?pageType=result,2026-08-31T06:13:51.711703+00:00,1-6/4-2-7/3-5,published,ひかり・小田競,楽天Kドリームス 並び予想
4420250606010006,2025-06-06,大垣競輪,F1,6,Ｓ級予選,12:58,12:53,7,https://keirin.kdreams.jp/ogaki/racedetail/4420250606010006/?pageType=result,2026-08-31T06:14:15.923479+00:00,7-1-3/6/4-5-2,published,ひかり,楽天Kドリームス 並び予想
4420250606010007,2025-06-06,大垣競輪,F1,7,Ｓ級予選,13:26,13:21,7,https://keirin.kdreams.jp/ogaki/racedetail/4420250606010007/?pageType=result,2026-08-31T06:14:17.597858+00:00,6-2-4/1-7/3-5,published,ひかり,楽天Kドリームス 並び予想
4420250606010008,2025-06-06,大垣競輪,F1,8,Ｓ級予選,13:55,13:50,7,https://keirin.kdreams.jp/ogaki/racedetail/4420250606010008/?pageType=result,2026-08-31T06:14:19.203983+00:00,1-7-3/4/5-2-6,published,ひかり,楽天Kドリームス 並び予想
4420250606010009,2025-06-06,大垣競輪,F1,9,Ｓ級予選,14:25,14:20,7,https://keirin.kdreams.jp/ogaki/racedetail/4420250606010009/?pageType=result,2026-08-31T06:14:20.862479+00:00,1-5-4/7-2/6-3,published,ひかり,楽天Kドリームス 並び予想
4420250606010010,2025-06-06,大垣競輪,F1,10,Ｓ級予選,14:55,14:50,7,https://keirin.kdreams.jp/ogaki/racedetail/4420250606010010/?pageType=result,2026-08-31T06:14:22.479995+00:00,7-1/2-5/6-3-4,published,ひかり,楽天Kドリームス 並び予想
4420250606010011,2025-06-06,大垣競輪,F1,11,Ｓ級予選,15:25,15:20,7,https://keirin.kdreams.jp/ogaki/racedetail/4420250606010011/?pageType=result,2026-08-31T06:14:24.180756+00:00,4-2-5/1-7/6-3,published,ひかり,楽天Kドリームス 並び予想
4420250606010012,2025-06-06,大垣競輪,F1,12,Ｓ級初特選,15:55,15:50,7,https://keirin.kdreams.jp/ogaki/racedetail/4420250606010012/?pageType=result,2026-08-31T06:14:25.836293+00:00,7-1/3/2-6-4/5,published,ひかり,楽天Kドリームス 並び予想
3820250605020008,2025-06-06,静岡競輪,F1,8,Ｓ級一般,14:10,14:05,7,https://keirin.kdreams.jp/shizuoka/racedetail/3820250605020008/?pageType=result,2026-08-31T06:13:53.538486+00:00,5-1-4/3-7-2/6,published,ひかり・小田競,楽天Kドリームス 並び予想
3820250605020009,2025-06-06,静岡競輪,F1,9,Ｓ級一般,14:40,14:35,7,https://keirin.kdreams.jp/shizuoka/racedetail/3820250605020009/?pageType=result,2026-08-31T06:13:55.150785+00:00,4-1-5/2/6-3/7,published,ひかり・小田競,楽天Kドリームス 並び予想
3820250605020010,2025-06-06,静岡競輪,F1,10,Ｓ級準決勝,15:10,15:05,7,https://keirin.kdreams.jp/shizuoka/racedetail/3820250605020010/?pageType=result,2026-08-31T06:13:56.846574+00:00,7-1/2-4/6-3/5,published,ひかり・小田競,楽天Kドリームス 並び予想
3820250605020011,2025-06-06,静岡競輪,F1,11,Ｓ級準決勝,15:40,15:35,7,https://keirin.kdreams.jp/shizuoka/racedetail/3820250605020011/?pageType=result,2026-08-31T06:13:59.408776+00:00,7-1-6/2/5-3-4,published,ひかり・小田競,楽天Kドリームス 並び予想
3820250605020012,2025-06-06,静岡競輪,F1,12,Ｓ級準決勝,16:10,16:05,7,https://keirin.kdreams.jp/shizuoka/racedetail/3820250605020012/?pageType=result,2026-08-31T06:14:02.939803+00:00,2-4-6/5-1/3-7,published,ひかり・小田競,楽天Kドリームス 並び予想
4420250606020006,2025-06-07,大垣競輪,F1,6,Ｓ級一般,12:58,12:53,6,https://keirin.kdreams.jp/ogaki/racedetail/4420250606020006/?pageType=result,2026-08-31T06:14:27.340927+00:00,5-1-3/2-4-6,published,ひかり,楽天Kドリームス 並び予想
4420250606020007,2025-06-07,大垣競輪,F1,7,Ｓ級一般,13:26,13:21,7,https://keirin.kdreams.jp/ogaki/racedetail/4420250606020007/?pageType=result,2026-08-31T06:14:28.956587+00:00,1-5/2/4-3/6/7,published,ひかり,楽天Kドリームス 並び予想
4420250606020008,2025-06-07,大垣競輪,F1,8,Ｓ級選抜,13:55,13:50,7,https://keirin.kdreams.jp/ogaki/racedetail/4420250606020008/?pageType=result,2026-08-31T06:14:30.592895+00:00,4-1-3/7-5-2/6,published,ひかり,楽天Kドリームス 並び予想
4420250606020009,2025-06-07,大垣競輪,F1,9,Ｓ級選抜,14:25,14:20,7,https://keirin.kdreams.jp/ogaki/racedetail/4420250606020009/?pageType=result,2026-08-31T06:14:33.576903+00:00,5-2-7/1/3-4-6,published,ひかり,楽天Kドリームス 並び予想
4420250606020010,2025-06-07,大垣競輪,F1,10,Ｓ級準決勝,14:55,14:50,7,https://keirin.kdreams.jp/ogaki/racedetail/4420250606020010/?pageType=result,2026-08-31T06:14:35.363064+00:00,1-7/4-6-2/3-5,published,ひかり,楽天Kドリームス 並び予想
4420250606020011,2025-06-07,大垣競輪,F1,11,Ｓ級準決勝,15:25,15:20,7,https://keirin.kdreams.jp/ogaki/racedetail/4420250606020011/?pageType=result,2026-08-31T06:14:37.104065+00:00,7-1/6-2-5/4-3,published,ひかり,楽天Kドリームス 並び予想
4420250606020012,2025-06-07,大垣競輪,F1,12,Ｓ級準決勝,15:55,15:50,7,https://keirin.kdreams.jp/ogaki/racedetail/4420250606020012/?pageType=result,2026-08-31T06:14:38.723014+00:00,1-5-4/7-2/3/6,published,ひかり,楽天Kドリームス 並び予想
3820250605030006,2025-06-07,静岡競輪,F1,6,Ｓ級一般,13:12,13:07,6,https://keirin.kdreams.jp/shizuoka/racedetail/3820250605030006/?pageType=result,2026-08-31T06:14:05.028097+00:00,1-5-4/2-6/3,published,ひかり・小田競,楽天Kドリームス 並び予想
3820250605030007,2025-06-07,静岡競輪,F1,7,Ｓ級一般,13:40,13:35,6,https://keirin.kdreams.jp/shizuoka/racedetail/3820250605030007/?pageType=result,2026-08-31T06:14:06.921827+00:00,4-1/2/3-5/6,published,ひかり・小田競,楽天Kドリームス 並び予想
3820250605030008,2025-06-07,静岡競輪,F1,8,Ｓ級特選,14:10,14:05,7,https://keirin.kdreams.jp/shizuoka/racedetail/3820250605030008/?pageType=result,2026-08-31T06:14:08.766204+00:00,1-5/7-2/3-6/4,published,ひかり・小田競,楽天Kドリームス 並び予想
3820250605030009,2025-06-07,静岡競輪,F1,9,Ｓ級特選,14:40,14:35,7,https://keirin.kdreams.jp/shizuoka/racedetail/3820250605030009/?pageType=result,2026-08-31T06:14:11.953866+00:00,5-1-4/6-2-7-3,published,ひかり・小田競,楽天Kドリームス 並び予想
3820250605030012,2025-06-07,静岡競輪,F1,12,Ｓ級決勝,16:10,16:05,7,https://keirin.kdreams.jp/shizuoka/racedetail/3820250605030012/?pageType=result,2026-08-31T06:14:14.097346+00:00,1-6-5/2-7/3-4,published,ひかり・小田競,楽天Kドリームス 並び予想
4420250606030005,2025-06-08,大垣競輪,F1,5,Ｓ級一般,12:41,12:36,6,https://keirin.kdreams.jp/ogaki/racedetail/4420250606030005/?pageType=result,2026-08-31T06:14:40.211197+00:00,2-5/1/3-4-6,published,ひかり,楽天Kドリームス 並び予想
4420250606030006,2025-06-08,大垣競輪,F1,6,Ｓ級一般,13:10,13:05,6,https://keirin.kdreams.jp/ogaki/racedetail/4420250606030006/?pageType=result,2026-08-31T06:14:41.655830+00:00,1-3-6/5-2-4,published,ひかり,楽天Kドリームス 並び予想
4420250606030007,2025-06-08,大垣競輪,F1,7,Ｓ級一般,13:39,13:34,7,https://keirin.kdreams.jp/ogaki/racedetail/4420250606030007/?pageType=result,2026-08-31T06:14:43.309167+00:00,4-3-1/7-2/5/6,published,ひかり,楽天Kドリームス 並び予想
4420250606030008,2025-06-08,大垣競輪,F1,8,Ｓ級特選,14:08,14:03,7,https://keirin.kdreams.jp/ogaki/racedetail/4420250606030008/?pageType=result,2026-08-31T06:14:44.954510+00:00,1-3-5/6-2/7-4,published,ひかり,楽天Kドリームス 並び予想
4420250606030009,2025-06-08,大垣競輪,F1,9,Ｓ級特選,14:37,14:32,7,https://keirin.kdreams.jp/ogaki/racedetail/4420250606030009/?pageType=result,2026-08-31T06:14:46.627073+00:00,6-1-7/4-2/5-3,published,ひかり,楽天Kドリームス 並び予想
4420250606030010,2025-06-08,大垣競輪,F1,10,Ｓ級特選,15:06,15:01,7,https://keirin.kdreams.jp/ogaki/racedetail/4420250606030010/?pageType=result,2026-08-31T06:14:48.275135+00:00,5-4-1/6-2/3-7,published,ひかり,楽天Kドリームス 並び予想
4420250606030012,2025-06-08,大垣競輪,F1,12,Ｓ級決勝,16:10,16:05,7,https://keirin.kdreams.jp/ogaki/racedetail/4420250606030012/?pageType=result,2026-08-31T06:14:49.997181+00:00,1-7/2-4/3-5/6,published,ひかり,楽天Kドリームス 並び予想
5320250609010008,2025-06-09,奈良競輪,F1,8,Ｓ級予選,18:40,18:35,6,https://keirin.kdreams.jp/nara/racedetail/5320250609010008/?pageType=result,2026-08-31T06:14:52.699665+00:00,1-3-5/4-2-6,published,競輪研究,楽天Kドリームス 並び予想
5320250609010009,2025-06-09,奈良競輪,F1,9,Ｓ級予選,19:06,19:01,6,https://keirin.kdreams.jp/nara/racedetail/5320250609010009/?pageType=result,2026-08-31T06:14:54.475181+00:00,5-1/6-2/4-3,published,競輪研究,楽天Kドリームス 並び予想
5320250609010010,2025-06-09,奈良競輪,F1,10,Ｓ級予選,19:32,19:27,7,https://keirin.kdreams.jp/nara/racedetail/5320250609010010/?pageType=result,2026-08-31T06:14:56.234636+00:00,7-2-4/6-1/3-5,published,競輪研究,楽天Kドリームス 並び予想
5320250609010011,2025-06-09,奈良競輪,F1,11,Ｓ級予選,20:00,19:55,7,https://keirin.kdreams.jp/nara/racedetail/5320250609010011/?pageType=result,2026-08-31T06:14:57.846993+00:00,7-1/2/5/4-3-6,published,競輪研究,楽天Kドリームス 並び予想
5320250609010012,2025-06-09,奈良競輪,F1,12,Ｓ級初日特選,20:30,20:25,7,https://keirin.kdreams.jp/nara/racedetail/5320250609010012/?pageType=result,2026-08-31T06:14:59.524294+00:00,1-5/2-6/3/4/7,published,競輪研究,楽天Kドリームス 並び予想
2420250609010006,2025-06-09,宇都宮競輪,F1,6,Ｓ級予選,13:03,12:58,7,https://keirin.kdreams.jp/utsunomiya/racedetail/2420250609010006/?pageType=result,2026-08-31T06:15:17.438765+00:00,4-1/3-7/2-5-6,published,アオケイ,楽天Kドリームス 並び予想
2420250609010007,2025-06-09,宇都宮競輪,F1,7,Ｓ級予選,13:33,13:28,7,https://keirin.kdreams.jp/utsunomiya/racedetail/2420250609010007/?pageType=result,2026-08-31T06:15:19.058580+00:00,4-3-7-1/5-2/6,published,アオケイ,楽天Kドリームス 並び予想
2420250609010008,2025-06-09,宇都宮競輪,F1,8,Ｓ級予選,14:03,13:58,7,https://keirin.kdreams.jp/utsunomiya/racedetail/2420250609010008/?pageType=result,2026-08-31T06:15:20.741713+00:00,1-7-4/3-5/6-2,published,アオケイ,楽天Kドリームス 並び予想
2420250609010009,2025-06-09,宇都宮競輪,F1,9,Ｓ級予選,14:34,14:29,7,https://keirin.kdreams.jp/utsunomiya/racedetail/2420250609010009/?pageType=result,2026-08-31T06:15:22.373215+00:00,7-1-5/2-4-6/3,published,アオケイ,楽天Kドリームス 並び予想
2420250609010010,2025-06-09,宇都宮競輪,F1,10,Ｓ級予選,15:06,15:01,7,https://keirin.kdreams.jp/utsunomiya/racedetail/2420250609010010/?pageType=result,2026-08-31T06:15:24.060569+00:00,7-2-4/1-6/5-3,published,アオケイ,楽天Kドリームス 並び予想
2420250609010011,2025-06-09,宇都宮競輪,F1,11,Ｓ級予選,15:38,15:33,7,https://keirin.kdreams.jp/utsunomiya/racedetail/2420250609010011/?pageType=result,2026-08-31T06:15:25.689085+00:00,1-4-6/5-2/7-3,published,アオケイ,楽天Kドリームス 並び予想
2420250609010012,2025-06-09,宇都宮競輪,F1,12,Ｓ級初特選,16:10,16:05,7,https://keirin.kdreams.jp/utsunomiya/racedetail/2420250609010012/?pageType=result,2026-08-31T06:15:29.212269+00:00,6-2/1/3-5/7-4,published,アオケイ,楽天Kドリームス 並び予想
5320250609020008,2025-06-10,奈良競輪,F1,8,Ｓ級一般,18:41,18:36,5,https://keirin.kdreams.jp/nara/racedetail/5320250609020008/?pageType=result,2026-08-31T06:15:00.976940+00:00,1-3-5/2/4,published,競輪研究,楽天Kドリームス 並び予想
5320250609020009,2025-06-10,奈良競輪,F1,9,Ｓ級一般,19:07,19:02,6,https://keirin.kdreams.jp/nara/racedetail/5320250609020009/?pageType=result,2026-08-31T06:15:02.731867+00:00,5-1-3/4-2-6,published,競輪研究,楽天Kドリームス 並び予想
5320250609020010,2025-06-10,奈良競輪,F1,10,Ｓ級準決勝,19:33,19:28,7,https://keirin.kdreams.jp/nara/racedetail/5320250609020010/?pageType=result,2026-08-31T06:15:04.421837+00:00,1-5-4/2-7/3-6,published,競輪研究,楽天Kドリームス 並び予想
5320250609020011,2025-06-10,奈良競輪,F1,11,Ｓ級準決勝,20:00,19:55,7,https://keirin.kdreams.jp/nara/racedetail/5320250609020011/?pageType=result,2026-08-31T06:15:06.121375+00:00,5-1/4-2-6/3-7,published,競輪研究,楽天Kドリームス 並び予想
5320250609020012,2025-06-10,奈良競輪,F1,12,Ｓ級準決勝,20:30,20:25,7,https://keirin.kdreams.jp/nara/racedetail/5320250609020012/?pageType=result,2026-08-31T06:15:07.742295+00:00,7-4-1/2/5-3-6,published,競輪研究,楽天Kドリームス 並び予想
2420250609020006,2025-06-10,宇都宮競輪,F1,6,Ｓ級一般,13:14,13:09,7,https://keirin.kdreams.jp/utsunomiya/racedetail/2420250609020006/?pageType=result,2026-08-31T06:15:30.966422+00:00,2-4-6/1/3-5/7,published,アオケイ,楽天Kドリームス 並び予想
2420250609020007,2025-06-10,宇都宮競輪,F1,7,Ｓ級一般,13:44,13:39,7,https://keirin.kdreams.jp/utsunomiya/racedetail/2420250609020007/?pageType=result,2026-08-31T06:15:33.060072+00:00,4-1-7/2-5/6-3,published,アオケイ,楽天Kドリームス 並び予想
2420250609020008,2025-06-10,宇都宮競輪,F1,8,Ｓ級選抜,14:14,14:09,7,https://keirin.kdreams.jp/utsunomiya/racedetail/2420250609020008/?pageType=result,2026-08-31T06:15:34.685071+00:00,1/4-5-2/6-3/7,published,アオケイ,楽天Kドリームス 並び予想
2420250609020009,2025-06-10,宇都宮競輪,F1,9,Ｓ級選抜,14:44,14:39,7,https://keirin.kdreams.jp/utsunomiya/racedetail/2420250609020009/?pageType=result,2026-08-31T06:15:37.789721+00:00,3-4/5-1-6/2-7,published,アオケイ,楽天Kドリームス 並び予想
2420250609020010,2025-06-10,宇都宮競輪,F1,10,Ｓ級準決勝,15:16,15:11,7,https://keirin.kdreams.jp/utsunomiya/racedetail/2420250609020010/?pageType=result,2026-08-31T06:15:39.759269+00:00,1-4/2-6/5/7-3,published,アオケイ,楽天Kドリームス 並び予想
2420250609020011,2025-06-10,宇都宮競輪,F1,11,Ｓ級準決勝,15:49,15:44,7,https://keirin.kdreams.jp/utsunomiya/racedetail/2420250609020011/?pageType=result,2026-08-31T06:15:41.637149+00:00,3-5/1-6/4-2-7,published,アオケイ,楽天Kドリームス 並び予想
2420250609020012,2025-06-10,宇都宮競輪,F1,12,Ｓ級準決勝,16:22,16:17,7,https://keirin.kdreams.jp/utsunomiya/racedetail/2420250609020012/?pageType=result,2026-08-31T06:15:44.337462+00:00,4-1-7-3/2-5-6,published,アオケイ,楽天Kドリームス 並び予想
6120250610010008,2025-06-10,玉野競輪,F1,8,Ｓ級予選,14:04,13:59,7,https://keirin.kdreams.jp/tamano/racedetail/6120250610010008/?pageType=result,2026-08-31T06:15:58.363014+00:00,7-3/4-1/5-2/6,published,競輪毎日,楽天Kドリームス 並び予想
6120250610010009,2025-06-10,玉野競輪,F1,9,Ｓ級予選,14:34,14:29,7,https://keirin.kdreams.jp/tamano/racedetail/6120250610010009/?pageType=result,2026-08-31T06:15:59.990867+00:00,5-1-3/7-2/4-6,published,競輪毎日,楽天Kドリームス 並び予想
6120250610010010,2025-06-10,玉野競輪,F1,10,Ｓ級予選,15:05,15:00,7,https://keirin.kdreams.jp/tamano/racedetail/6120250610010010/?pageType=result,2026-08-31T06:16:01.651462+00:00,4-1/7-2/5-3-6,published,競輪毎日,楽天Kドリームス 並び予想
6120250610010011,2025-06-10,玉野競輪,F1,11,Ｓ級予選,15:38,15:33,7,https://keirin.kdreams.jp/tamano/racedetail/6120250610010011/?pageType=result,2026-08-31T06:16:03.300346+00:00,5-1-4/2-7/3-6,published,競輪毎日,楽天Kドリームス 並び予想
6120250610010012,2025-06-10,玉野競輪,F1,12,Ｓ級初日特選,16:11,16:06,7,https://keirin.kdreams.jp/tamano/racedetail/6120250610010012/?pageType=result,2026-08-31T06:16:04.971343+00:00,1/3-2/7-5/4-6,published,競輪毎日,楽天Kドリームス 並び予想
5320250609030006,2025-06-11,奈良競輪,F1,6,Ｓ級一般,17:52,17:47,6,https://keirin.kdreams.jp/nara/racedetail/5320250609030006/?pageType=result,2026-08-31T06:15:09.305292+00:00,4-1-5/2-6/3,published,競輪研究,楽天Kドリームス 並び予想
5320250609030007,2025-06-11,奈良競輪,F1,7,Ｓ級一般,18:16,18:11,6,https://keirin.kdreams.jp/nara/racedetail/5320250609030007/?pageType=result,2026-08-31T06:15:10.744800+00:00,1-3-6/5-4-2,published,競輪研究,楽天Kドリームス 並び予想
5320250609030008,2025-06-11,奈良競輪,F1,8,Ｓ級特選,18:41,18:36,7,https://keirin.kdreams.jp/nara/racedetail/5320250609030008/?pageType=result,2026-08-31T06:15:12.388268+00:00,7-2/3-5/1/4-6,published,競輪研究,楽天Kドリームス 並び予想
5320250609030009,2025-06-11,奈良競輪,F1,9,Ｓ級特選,19:07,19:02,7,https://keirin.kdreams.jp/nara/racedetail/5320250609030009/?pageType=result,2026-08-31T06:15:14.122183+00:00,4-2-6-1/3-7/5,published,競輪研究,楽天Kドリームス 並び予想
5320250609030012,2025-06-11,奈良競輪,F1,12,Ｓ級決勝,20:30,20:25,7,https://keirin.kdreams.jp/nara/racedetail/5320250609030012/?pageType=result,2026-08-31T06:15:15.755107+00:00,2-6/1-4/3-7-5,published,競輪研究,楽天Kドリームス 並び予想
2420250609030005,2025-06-11,宇都宮競輪,F1,5,Ｓ級一般,12:44,12:39,6,https://keirin.kdreams.jp/utsunomiya/racedetail/2420250609030005/?pageType=result,2026-08-31T06:15:46.294628+00:00,3-5-1/4/2-6,published,アオケイ,楽天Kドリームス 並び予想
2420250609030006,2025-06-11,宇都宮競輪,F1,6,Ｓ級一般,13:14,13:09,6,https://keirin.kdreams.jp/utsunomiya/racedetail/2420250609030006/?pageType=result,2026-08-31T06:15:48.040912+00:00,3-5-4/1/6-2,published,アオケイ,楽天Kドリームス 並び予想
2420250609030007,2025-06-11,宇都宮競輪,F1,7,Ｓ級一般,13:44,13:39,7,https://keirin.kdreams.jp/utsunomiya/racedetail/2420250609030007/?pageType=result,2026-08-31T06:15:49.819852+00:00,1-4/7-3-5/6-2,published,アオケイ,楽天Kドリームス 並び予想
2420250609030008,2025-06-11,宇都宮競輪,F1,8,Ｓ級特選,14:14,14:09,7,https://keirin.kdreams.jp/utsunomiya/racedetail/2420250609030008/?pageType=result,2026-08-31T06:15:51.578275+00:00,2-6/1-4-7/5-3,published,アオケイ,楽天Kドリームス 並び予想
2420250609030009,2025-06-11,宇都宮競輪,F1,9,Ｓ級特選,14:44,14:39,7,https://keirin.kdreams.jp/utsunomiya/racedetail/2420250609030009/?pageType=result,2026-08-31T06:15:53.217243+00:00,7-1-5/2-4/3-6,published,アオケイ,楽天Kドリームス 並び予想
2420250609030010,2025-06-11,宇都宮競輪,F1,10,Ｓ級特選,15:16,15:11,7,https://keirin.kdreams.jp/utsunomiya/racedetail/2420250609030010/?pageType=result,2026-08-31T06:15:54.909952+00:00,5-2/1/4-6/7-3,published,アオケイ,楽天Kドリームス 並び予想
2420250609030012,2025-06-11,宇都宮競輪,F1,12,Ｓ級決勝,16:22,16:17,7,https://keirin.kdreams.jp/utsunomiya/racedetail/2420250609030012/?pageType=result,2026-08-31T06:15:56.568421+00:00,1-2-5/3-6/4-7,published,アオケイ,楽天Kドリームス 並び予想
6120250610020008,2025-06-11,玉野競輪,F1,8,Ｓ級一般,14:04,13:59,7,https://keirin.kdreams.jp/tamano/racedetail/6120250610020008/?pageType=result,2026-08-31T06:16:06.604045+00:00,7-4-1/2-5/3-6,published,競輪毎日,楽天Kドリームス 並び予想
6120250610020009,2025-06-11,玉野競輪,F1,9,Ｓ級一般,14:34,14:29,7,https://keirin.kdreams.jp/tamano/racedetail/6120250610020009/?pageType=result,2026-08-31T06:16:08.298268+00:00,1-4/2-6/5-3-7,published,競輪毎日,楽天Kドリームス 並び予想
6120250610020010,2025-06-11,玉野競輪,F1,10,Ｓ級準決勝,15:05,15:00,7,https://keirin.kdreams.jp/tamano/racedetail/6120250610020010/?pageType=result,2026-08-31T06:16:09.944894+00:00,4-1-7/2-6/5-3,published,競輪毎日,楽天Kドリームス 並び予想
6120250610020011,2025-06-11,玉野競輪,F1,11,Ｓ級準決勝,15:38,15:33,7,https://keirin.kdreams.jp/tamano/racedetail/6120250610020011/?pageType=result,2026-08-31T06:16:11.619419+00:00,5-1-7-6/2/3-4,published,競輪毎日,楽天Kドリームス 並び予想
6120250610020012,2025-06-11,玉野競輪,F1,12,Ｓ級準決勝,16:11,16:06,7,https://keirin.kdreams.jp/tamano/racedetail/6120250610020012/?pageType=result,2026-08-31T06:16:13.250327+00:00,3-7/1-5/2-4-6,published,競輪毎日,楽天Kドリームス 並び予想
6120250610030006,2025-06-12,玉野競輪,F1,6,Ｓ級一般,13:22,13:17,7,https://keirin.kdreams.jp/tamano/racedetail/6120250610030006/?pageType=result,2026-08-31T06:16:14.936443+00:00,1/2/3-6/4-5/7,published,競輪毎日,楽天Kドリームス 並び予想
6120250610030007,2025-06-12,玉野競輪,F1,7,Ｓ級一般,13:52,13:47,7,https://keirin.kdreams.jp/tamano/racedetail/6120250610030007/?pageType=result,2026-08-31T06:16:16.573194+00:00,1-5/2-7/4-3-6,published,競輪毎日,楽天Kドリームス 並び予想
6120250610030008,2025-06-12,玉野競輪,F1,8,Ｓ級特選,14:26,14:21,7,https://keirin.kdreams.jp/tamano/racedetail/6120250610030008/?pageType=result,2026-08-31T06:16:18.262337+00:00,4-1-7-2/6-3-5,published,競輪毎日,楽天Kドリームス 並び予想
6120250610030009,2025-06-12,玉野競輪,F1,9,Ｓ級特選,14:55,14:50,7,https://keirin.kdreams.jp/tamano/racedetail/6120250610030009/?pageType=result,2026-08-31T06:16:21.160105+00:00,1-7-5/4-2/6-3,published,競輪毎日,楽天Kドリームス 並び予想
6120250610030012,2025-06-12,玉野競輪,F1,12,Ｓ級決勝,16:20,16:15,7,https://keirin.kdreams.jp/tamano/racedetail/6120250610030012/?pageType=result,2026-08-31T06:16:23.164057+00:00,5-7-2/1-4/6-3,published,競輪毎日,楽天Kドリームス 並び予想
2320250614010006,2025-06-14,取手競輪,F1,6,Ｓ級予選,13:22,13:17,7,https://keirin.kdreams.jp/toride/racedetail/2320250614010006/?pageType=result,2026-08-31T06:19:03.654402+00:00,1-5/2/7-3-4/6,published,アオケイ,楽天Kドリームス 並び予想
2320250614010007,2025-06-14,取手競輪,F1,7,Ｓ級予選,13:52,13:47,7,https://keirin.kdreams.jp/toride/racedetail/2320250614010007/?pageType=result,2026-08-31T06:19:05.349661+00:00,4-1/5-2-6/7-3,published,アオケイ,楽天Kドリームス 並び予想
2320250614010008,2025-06-14,取手競輪,F1,8,Ｓ級予選,14:26,14:21,7,https://keirin.kdreams.jp/toride/racedetail/2320250614010008/?pageType=result,2026-08-31T06:19:06.959620+00:00,4-1-3/6/5-7-2,published,アオケイ,楽天Kドリームス 並び予想
2320250614010009,2025-06-14,取手競輪,F1,9,Ｓ級予選,14:55,14:50,7,https://keirin.kdreams.jp/toride/racedetail/2320250614010009/?pageType=result,2026-08-31T06:19:08.665535+00:00,1-4-3/2-7/5-6,published,アオケイ,楽天Kドリームス 並び予想
2320250614010010,2025-06-14,取手競輪,F1,10,Ｓ級予選,15:23,15:18,7,https://keirin.kdreams.jp/toride/racedetail/2320250614010010/?pageType=result,2026-08-31T06:19:10.438248+00:00,1-7/2-5/6/4-3,published,アオケイ,楽天Kドリームス 並び予想
2320250614010011,2025-06-14,取手競輪,F1,11,Ｓ級予選,15:51,15:46,7,https://keirin.kdreams.jp/toride/racedetail/2320250614010011/?pageType=result,2026-08-31T06:19:13.207272+00:00,5-7-1/2-6/3-4,published,アオケイ,楽天Kドリームス 並び予想
2320250614010012,2025-06-14,取手競輪,F1,12,Ｓ級初特選,16:20,16:15,7,https://keirin.kdreams.jp/toride/racedetail/2320250614010012/?pageType=result,2026-08-31T06:19:14.983071+00:00,5-3/7-1/6-4/2,published,アオケイ,楽天Kドリームス 並び予想
2320250614020006,2025-06-15,取手競輪,F1,6,Ｓ級一般,13:22,13:17,7,https://keirin.kdreams.jp/toride/racedetail/2320250614020006/?pageType=result,2026-08-31T06:19:16.696052+00:00,3-7-6/1/5-2-4,published,アオケイ,楽天Kドリームス 並び予想
2320250614020007,2025-06-15,取手競輪,F1,7,Ｓ級一般,13:47,13:42,7,https://keirin.kdreams.jp/toride/racedetail/2320250614020007/?pageType=result,2026-08-31T06:19:18.347600+00:00,4-1/5/2-6/7-3,published,アオケイ,楽天Kドリームス 並び予想
2320250614020008,2025-06-15,取手競輪,F1,8,Ｓ級選抜,14:12,14:07,7,https://keirin.kdreams.jp/toride/racedetail/2320250614020008/?pageType=result,2026-08-31T06:19:20.797807+00:00,3-6/4-2/1-7-5,published,アオケイ,楽天Kドリームス 並び予想
2320250614020009,2025-06-15,取手競輪,F1,9,Ｓ級選抜,14:42,14:37,7,https://keirin.kdreams.jp/toride/racedetail/2320250614020009/?pageType=result,2026-08-31T06:19:22.880303+00:00,5-1/2-4/3-7/6,published,アオケイ,楽天Kドリームス 並び予想
2320250614020010,2025-06-15,取手競輪,F1,10,Ｓ級準決勝,15:12,15:07,7,https://keirin.kdreams.jp/toride/racedetail/2320250614020010/?pageType=result,2026-08-31T06:19:24.732776+00:00,3-6-1/2-5/4/7,published,アオケイ,楽天Kドリームス 並び予想
2320250614020011,2025-06-15,取手競輪,F1,11,Ｓ級準決勝,15:43,15:38,7,https://keirin.kdreams.jp/toride/racedetail/2320250614020011/?pageType=result,2026-08-31T06:19:26.365639+00:00,7-2/6-4-1/3-5,published,アオケイ,楽天Kドリームス 並び予想
2320250614020012,2025-06-15,取手競輪,F1,12,Ｓ級準決勝,16:12,16:07,7,https://keirin.kdreams.jp/toride/racedetail/2320250614020012/?pageType=result,2026-08-31T06:19:28.042882+00:00,1-5-4/2/3-7/6,published,アオケイ,楽天Kドリームス 並び予想
2320250614030005,2025-06-16,取手競輪,F1,5,Ｓ級一般,12:33,12:28,6,https://keirin.kdreams.jp/toride/racedetail/2320250614030005/?pageType=result,2026-08-31T06:19:29.481120+00:00,2-5-4/1/3/6,published,アオケイ,楽天Kドリームス 並び予想
2320250614030006,2025-06-16,取手競輪,F1,6,Ｓ級一般,13:03,12:58,7,https://keirin.kdreams.jp/toride/racedetail/2320250614030006/?pageType=result,2026-08-31T06:19:31.202546+00:00,4-3-5-6/1/2/7,published,アオケイ,楽天Kドリームス 並び予想
2320250614030007,2025-06-16,取手競輪,F1,7,Ｓ級一般,13:33,13:28,7,https://keirin.kdreams.jp/toride/racedetail/2320250614030007/?pageType=result,2026-08-31T06:19:33.056517+00:00,1-5-7/3/2-6-4,published,アオケイ,楽天Kドリームス 並び予想
2320250614030008,2025-06-16,取手競輪,F1,8,Ｓ級特選,14:03,13:58,7,https://keirin.kdreams.jp/toride/racedetail/2320250614030008/?pageType=result,2026-08-31T06:19:34.776591+00:00,1-7/2-5/3-6/4,published,アオケイ,楽天Kドリームス 並び予想
2320250614030009,2025-06-16,取手競輪,F1,9,Ｓ級特選,14:34,14:29,7,https://keirin.kdreams.jp/toride/racedetail/2320250614030009/?pageType=result,2026-08-31T06:19:36.400005+00:00,1-3/7-2/5/4-6,published,アオケイ,楽天Kドリームス 並び予想
2320250614030010,2025-06-16,取手競輪,F1,10,Ｓ級特選,15:06,15:01,7,https://keirin.kdreams.jp/toride/racedetail/2320250614030010/?pageType=result,2026-08-31T06:19:38.106546+00:00,6-5-2/1-4/7-3,published,アオケイ,楽天Kドリームス 並び予想
2320250614030012,2025-06-16,取手競輪,F1,12,Ｓ級決勝,16:10,16:05,7,https://keirin.kdreams.jp/toride/racedetail/2320250614030012/?pageType=result,2026-08-31T06:19:39.782287+00:00,1-5/3/4-7-2/6,published,アオケイ,楽天Kドリームス 並び予想
3120250616010006,2025-06-16,松戸競輪,F1,6,Ｓ級予選,17:49,17:44,7,https://keirin.kdreams.jp/matsudo/racedetail/3120250616010006/?pageType=result,2026-08-31T06:19:42.677762+00:00,7-1-2-4/5-3-6,published,アオケイ,楽天Kドリームス 並び予想
3120250616010007,2025-06-16,松戸競輪,F1,7,Ｓ級予選,18:14,18:09,7,https://keirin.kdreams.jp/matsudo/racedetail/3120250616010007/?pageType=result,2026-08-31T06:19:44.452405+00:00,7-1-3/2-4-5/6,published,アオケイ,楽天Kドリームス 並び予想
3120250616010008,2025-06-16,松戸競輪,F1,8,Ｓ級予選,18:40,18:35,7,https://keirin.kdreams.jp/matsudo/racedetail/3120250616010008/?pageType=result,2026-08-31T06:19:46.290303+00:00,5-2-7/1/4-3/6,published,アオケイ,楽天Kドリームス 並び予想
3120250616010009,2025-06-16,松戸競輪,F1,9,Ｓ級予選,19:06,19:01,7,https://keirin.kdreams.jp/matsudo/racedetail/3120250616010009/?pageType=result,2026-08-31T06:19:47.900467+00:00,2-5-6/1-4/3-7,published,アオケイ,楽天Kドリームス 並び予想
3120250616010010,2025-06-16,松戸競輪,F1,10,Ｓ級予選,19:32,19:27,7,https://keirin.kdreams.jp/matsudo/racedetail/3120250616010010/?pageType=result,2026-08-31T06:19:49.538684+00:00,5-3/1-4-7/6-2,published,アオケイ,楽天Kドリームス 並び予想
3120250616010011,2025-06-16,松戸競輪,F1,11,Ｓ級予選,20:00,19:55,7,https://keirin.kdreams.jp/matsudo/racedetail/3120250616010011/?pageType=result,2026-08-31T06:19:51.259901+00:00,1-7-5/4-2/6-3,published,アオケイ,楽天Kドリームス 並び予想
3120250616010012,2025-06-16,松戸競輪,F1,12,Ｓ級初特選,20:30,20:25,7,https://keirin.kdreams.jp/matsudo/racedetail/3120250616010012/?pageType=result,2026-08-31T06:19:52.922512+00:00,7-4-3/1-5/6-2,published,アオケイ,楽天Kドリームス 並び予想
3120250616020006,2025-06-17,松戸競輪,F1,6,Ｓ級一般,17:55,17:50,7,https://keirin.kdreams.jp/matsudo/racedetail/3120250616020006/?pageType=result,2026-08-31T06:19:54.616638+00:00,1-6-3/2-5-4/7,published,アオケイ,楽天Kドリームス 並び予想
3120250616020007,2025-06-17,松戸競輪,F1,7,Ｓ級一般,18:19,18:14,7,https://keirin.kdreams.jp/matsudo/racedetail/3120250616020007/?pageType=result,2026-08-31T06:19:56.253003+00:00,1-4-3-6/7-5-2,published,アオケイ,楽天Kドリームス 並び予想
3120250616020008,2025-06-17,松戸競輪,F1,8,Ｓ級選抜,18:43,18:38,7,https://keirin.kdreams.jp/matsudo/racedetail/3120250616020008/?pageType=result,2026-08-31T06:19:57.942240+00:00,1-7-4/2-5/3-6,published,アオケイ,楽天Kドリームス 並び予想
3120250616020009,2025-06-17,松戸競輪,F1,9,Ｓ級選抜,19:07,19:02,7,https://keirin.kdreams.jp/matsudo/racedetail/3120250616020009/?pageType=result,2026-08-31T06:19:59.595568+00:00,6-2-4/5-7-1/3,published,アオケイ,楽天Kドリームス 並び予想
3120250616020010,2025-06-17,松戸競輪,F1,10,Ｓ級準決勝,19:32,19:27,7,https://keirin.kdreams.jp/matsudo/racedetail/3120250616020010/?pageType=result,2026-08-31T06:20:01.266255+00:00,4-2-7-3/1-5-6,published,アオケイ,楽天Kドリームス 並び予想
3120250616020011,2025-06-17,松戸競輪,F1,11,Ｓ級準決勝,20:00,19:55,7,https://keirin.kdreams.jp/matsudo/racedetail/3120250616020011/?pageType=result,2026-08-31T06:20:03.151880+00:00,2-7/1-4/5/6-3,published,アオケイ,楽天Kドリームス 並び予想
3120250616020012,2025-06-17,松戸競輪,F1,12,Ｓ級準決勝,20:30,20:25,7,https://keirin.kdreams.jp/matsudo/racedetail/3120250616020012/?pageType=result,2026-08-31T06:20:04.904061+00:00,6-1/2-7-4/5-3,published,アオケイ,楽天Kドリームス 並び予想
8120250618010006,2025-06-18,小倉競輪,F1,6,Ｓ級予選,17:48,17:43,7,https://keirin.kdreams.jp/kokura/racedetail/8120250618010006/?pageType=result,2026-08-31T06:20:20.012662+00:00,1-7-5/4-3-2-6,published,コンドル出版社,楽天Kドリームス 並び予想
8120250618010007,2025-06-18,小倉競輪,F1,7,Ｓ級予選,18:12,18:07,7,https://keirin.kdreams.jp/kokura/racedetail/8120250618010007/?pageType=result,2026-08-31T06:20:21.854865+00:00,5-2/3-7-1/4/6,published,コンドル出版社,楽天Kドリームス 並び予想
8120250618010008,2025-06-18,小倉競輪,F1,8,Ｓ級予選,18:36,18:31,7,https://keirin.kdreams.jp/kokura/racedetail/8120250618010008/?pageType=result,2026-08-31T06:20:23.692822+00:00,1-7-3-6/5-2-4,published,コンドル出版社,楽天Kドリームス 並び予想
8120250618010009,2025-06-18,小倉競輪,F1,9,Ｓ級予選,19:00,18:55,7,https://keirin.kdreams.jp/kokura/racedetail/8120250618010009/?pageType=result,2026-08-31T06:20:25.365628+00:00,7-1-6/2-4/3-5,published,コンドル出版社,楽天Kドリームス 並び予想
8120250618010010,2025-06-18,小倉競輪,F1,10,Ｓ級予選,19:24,19:19,7,https://keirin.kdreams.jp/kokura/racedetail/8120250618010010/?pageType=result,2026-08-31T06:20:27.102688+00:00,1-4-5/2/6/3-7,published,コンドル出版社,楽天Kドリームス 並び予想
8120250618010011,2025-06-18,小倉競輪,F1,11,Ｓ級予選,19:50,19:45,7,https://keirin.kdreams.jp/kokura/racedetail/8120250618010011/?pageType=result,2026-08-31T06:20:28.750445+00:00,2-5/7-1-4/6-3,published,コンドル出版社,楽天Kドリームス 並び予想
8120250618010012,2025-06-18,小倉競輪,F1,12,Ｓ級初特選,20:20,20:15,7,https://keirin.kdreams.jp/kokura/racedetail/8120250618010012/?pageType=result,2026-08-31T06:20:30.553824+00:00,4-6-1/7-2/5-3,published,コンドル出版社,楽天Kドリームス 並び予想
3120250616030005,2025-06-18,松戸競輪,F1,5,Ｓ級一般,17:32,17:27,7,https://keirin.kdreams.jp/matsudo/racedetail/3120250616030005/?pageType=result,2026-08-31T06:20:06.580983+00:00,1/2/4/5-3-6/7,published,アオケイ,楽天Kドリームス 並び予想
3120250616030006,2025-06-18,松戸競輪,F1,6,Ｓ級一般,17:56,17:51,7,https://keirin.kdreams.jp/matsudo/racedetail/3120250616030006/?pageType=result,2026-08-31T06:20:08.298236+00:00,1-5-7/4-2/3/6,published,アオケイ,楽天Kドリームス 並び予想
3120250616030007,2025-06-18,松戸競輪,F1,7,Ｓ級一般,18:20,18:15,7,https://keirin.kdreams.jp/matsudo/racedetail/3120250616030007/?pageType=result,2026-08-31T06:20:09.966297+00:00,4-1-7/3-5-2/6,published,アオケイ,楽天Kドリームス 並び予想
3120250616030008,2025-06-18,松戸競輪,F1,8,Ｓ級特選,18:44,18:39,7,https://keirin.kdreams.jp/matsudo/racedetail/3120250616030008/?pageType=result,2026-08-31T06:20:11.690130+00:00,7-1-5/4-2/6-3,published,アオケイ,楽天Kドリームス 並び予想
3120250616030009,2025-06-18,松戸競輪,F1,9,Ｓ級特選,19:08,19:03,7,https://keirin.kdreams.jp/matsudo/racedetail/3120250616030009/?pageType=result,2026-08-31T06:20:13.367754+00:00,7-1/5-2-6/4-3,published,アオケイ,楽天Kドリームス 並び予想
3120250616030010,2025-06-18,松戸競輪,F1,10,Ｓ級特選,19:32,19:27,7,https://keirin.kdreams.jp/matsudo/racedetail/3120250616030010/?pageType=result,2026-08-31T06:20:15.203555+00:00,1-5-6/7-3-4/2,published,アオケイ,楽天Kドリームス 並び予想
3120250616030012,2025-06-18,松戸競輪,F1,12,Ｓ級決勝,20:30,20:25,7,https://keirin.kdreams.jp/matsudo/racedetail/3120250616030012/?pageType=result,2026-08-31T06:20:16.894425+00:00,7-3-5-1/2-4/6,published,アオケイ,楽天Kドリームス 並び予想
8120250618020006,2025-06-19,小倉競輪,F1,6,Ｓ級一般,17:56,17:51,7,https://keirin.kdreams.jp/kokura/racedetail/8120250618020006/?pageType=result,2026-08-31T06:20:32.203563+00:00,7-4-2/5-1-3-6,published,コンドル出版社,楽天Kドリームス 並び予想
8120250618020007,2025-06-19,小倉競輪,F1,7,Ｓ級一般,18:20,18:15,7,https://keirin.kdreams.jp/kokura/racedetail/8120250618020007/?pageType=result,2026-08-31T06:20:33.937280+00:00,4-1/2-7/3-5-6,published,コンドル出版社,楽天Kドリームス 並び予想
8120250618020008,2025-06-19,小倉競輪,F1,8,Ｓ級選抜,18:44,18:39,7,https://keirin.kdreams.jp/kokura/racedetail/8120250618020008/?pageType=result,2026-08-31T06:20:35.598389+00:00,2-7/6-3/4-5-1,published,コンドル出版社,楽天Kドリームス 並び予想
8120250618020009,2025-06-19,小倉競輪,F1,9,Ｓ級選抜,19:08,19:03,7,https://keirin.kdreams.jp/kokura/racedetail/8120250618020009/?pageType=result,2026-08-31T06:20:37.300604+00:00,4-2-7/3/6-5-1,published,コンドル出版社,楽天Kドリームス 並び予想
8120250618020010,2025-06-19,小倉競輪,F1,10,Ｓ級準決勝,19:32,19:27,7,https://keirin.kdreams.jp/kokura/racedetail/8120250618020010/?pageType=result,2026-08-31T06:20:38.979735+00:00,1-5-7/6-2/4-3,published,コンドル出版社,楽天Kドリームス 並び予想
8120250618020011,2025-06-19,小倉競輪,F1,11,Ｓ級準決勝,19:59,19:54,7,https://keirin.kdreams.jp/kokura/racedetail/8120250618020011/?pageType=result,2026-08-31T06:20:40.840521+00:00,5-1/7-2-4/6-3,published,コンドル出版社,楽天Kドリームス 並び予想
8120250618020012,2025-06-19,小倉競輪,F1,12,Ｓ級準決勝,20:30,20:25,7,https://keirin.kdreams.jp/kokura/racedetail/8120250618020012/?pageType=result,2026-08-31T06:20:43.542051+00:00,2-7/4-1-6/3-5,published,コンドル出版社,楽天Kドリームス 並び予想
2220250620010006,2025-06-20,前橋競輪,F1,6,Ｓ級予選,13:20,13:15,7,https://keirin.kdreams.jp/maebashi/racedetail/2220250620010006/?pageType=result,2026-08-31T06:21:03.092770+00:00,3-7-1/2-4-5/6,published,アオケイ,楽天Kドリームス 並び予想
2220250620010007,2025-06-20,前橋競輪,F1,7,Ｓ級予選,13:50,13:45,7,https://keirin.kdreams.jp/maebashi/racedetail/2220250620010007/?pageType=result,2026-08-31T06:21:05.192431+00:00,1-4-6/2-5-7/3,published,アオケイ,楽天Kドリームス 並び予想
2220250620010008,2025-06-20,前橋競輪,F1,8,Ｓ級予選,14:20,14:15,7,https://keirin.kdreams.jp/maebashi/racedetail/2220250620010008/?pageType=result,2026-08-31T06:21:07.293244+00:00,7-1/4-2/6-3-5,published,アオケイ,楽天Kドリームス 並び予想
2220250620010009,2025-06-20,前橋競輪,F1,9,Ｓ級予選,14:50,14:45,7,https://keirin.kdreams.jp/maebashi/racedetail/2220250620010009/?pageType=result,2026-08-31T06:21:09.105994+00:00,4-1/2-5-7/6-3,published,アオケイ,楽天Kドリームス 並び予想
2220250620010010,2025-06-20,前橋競輪,F1,10,Ｓ級予選,15:20,15:15,7,https://keirin.kdreams.jp/maebashi/racedetail/2220250620010010/?pageType=result,2026-08-31T06:21:10.782422+00:00,1-7-4/5-2/3-6,published,アオケイ,楽天Kドリームス 並び予想
2220250620010011,2025-06-20,前橋競輪,F1,11,Ｓ級予選,15:51,15:46,7,https://keirin.kdreams.jp/maebashi/racedetail/2220250620010011/?pageType=result,2026-08-31T06:21:12.449203+00:00,1-4-5/6-2/7-3,published,アオケイ,楽天Kドリームス 並び予想
2220250620010012,2025-06-20,前橋競輪,F1,12,Ｓ級初特選,16:20,16:15,7,https://keirin.kdreams.jp/maebashi/racedetail/2220250620010012/?pageType=result,2026-08-31T06:21:14.140579+00:00,7-4-1/2/3-5/6,published,アオケイ,楽天Kドリームス 並び予想
8120250618030005,2025-06-20,小倉競輪,F1,5,Ｓ級一般,17:31,17:26,7,https://keirin.kdreams.jp/kokura/racedetail/8120250618030005/?pageType=result,2026-08-31T06:20:45.450872+00:00,1-7-5/4-2-3-6,published,コンドル出版社,楽天Kドリームス 並び予想
8120250618030006,2025-06-20,小倉競輪,F1,6,Ｓ級一般,17:55,17:50,7,https://keirin.kdreams.jp/kokura/racedetail/8120250618030006/?pageType=result,2026-08-31T06:20:47.077734+00:00,5-1-3/6/2-7-4,published,コンドル出版社,楽天Kドリームス 並び予想
8120250618030007,2025-06-20,小倉競輪,F1,7,Ｓ級一般,18:19,18:14,7,https://keirin.kdreams.jp/kokura/racedetail/8120250618030007/?pageType=result,2026-08-31T06:20:48.815449+00:00,3-5-4/1/2-6/7,published,コンドル出版社,楽天Kドリームス 並び予想
8120250618030008,2025-06-20,小倉競輪,F1,8,Ｓ級特選,18:43,18:38,7,https://keirin.kdreams.jp/kokura/racedetail/8120250618030008/?pageType=result,2026-08-31T06:20:52.181358+00:00,7-1/2-4/3-5-6,published,コンドル出版社,楽天Kドリームス 並び予想
8120250618030009,2025-06-20,小倉競輪,F1,9,Ｓ級特選,19:07,19:02,7,https://keirin.kdreams.jp/kokura/racedetail/8120250618030009/?pageType=result,2026-08-31T06:20:54.196070+00:00,1-4/2-5-7/6-3,published,コンドル出版社,楽天Kドリームス 並び予想
8120250618030010,2025-06-20,小倉競輪,F1,10,Ｓ級特選,19:32,19:27,7,https://keirin.kdreams.jp/kokura/racedetail/8120250618030010/?pageType=result,2026-08-31T06:20:56.020168+00:00,1-7-5/6-2/3-4,published,コンドル出版社,楽天Kドリームス 並び予想
8120250618030012,2025-06-20,小倉競輪,F1,12,Ｓ級決勝,20:30,20:25,7,https://keirin.kdreams.jp/kokura/racedetail/8120250618030012/?pageType=result,2026-08-31T06:21:00.377675+00:00,5-7-2/1-6/3/4,published,コンドル出版社,楽天Kドリームス 並び予想
2220250620020006,2025-06-21,前橋競輪,F1,6,Ｓ級一般,13:20,13:15,7,https://keirin.kdreams.jp/maebashi/racedetail/2220250620020006/?pageType=result,2026-08-31T06:21:17.333942+00:00,6-5-2/1-7/3-4,published,アオケイ,楽天Kドリームス 並び予想
2220250620020007,2025-06-21,前橋競輪,F1,7,Ｓ級一般,13:50,13:45,7,https://keirin.kdreams.jp/maebashi/racedetail/2220250620020007/?pageType=result,2026-08-31T06:21:19.335954+00:00,1-6/4-7-2/3-5,published,アオケイ,楽天Kドリームス 並び予想
2220250620020008,2025-06-21,前橋競輪,F1,8,Ｓ級選抜,14:20,14:15,7,https://keirin.kdreams.jp/maebashi/racedetail/2220250620020008/?pageType=result,2026-08-31T06:21:21.159103+00:00,7-1-5/6-2/3-4,published,アオケイ,楽天Kドリームス 並び予想
2220250620020009,2025-06-21,前橋競輪,F1,9,Ｓ級選抜,14:50,14:45,7,https://keirin.kdreams.jp/maebashi/racedetail/2220250620020009/?pageType=result,2026-08-31T06:21:22.873745+00:00,7-1-5/2-4/3-6,published,アオケイ,楽天Kドリームス 並び予想
2220250620020010,2025-06-21,前橋競輪,F1,10,Ｓ級準決勝,15:20,15:15,7,https://keirin.kdreams.jp/maebashi/racedetail/2220250620020010/?pageType=result,2026-08-31T06:21:24.526671+00:00,2-6/1-7/3-4-5,published,アオケイ,楽天Kドリームス 並び予想
2220250620020011,2025-06-21,前橋競輪,F1,11,Ｓ級準決勝,15:51,15:46,7,https://keirin.kdreams.jp/maebashi/racedetail/2220250620020011/?pageType=result,2026-08-31T06:21:27.506231+00:00,7-1-6/5-2/3-4,published,アオケイ,楽天Kドリームス 並び予想
2220250620020012,2025-06-21,前橋競輪,F1,12,Ｓ級準決勝,16:20,16:15,7,https://keirin.kdreams.jp/maebashi/racedetail/2220250620020012/?pageType=result,2026-08-31T06:21:29.470876+00:00,3-7-6/1-4/2-5,published,アオケイ,楽天Kドリームス 並び予想
3520250621010008,2025-06-21,平塚競輪,F1,8,Ｓ級予選,18:43,18:38,7,https://keirin.kdreams.jp/hiratsuka/racedetail/3520250621010008/?pageType=result,2026-08-31T06:21:43.192213+00:00,5-4-3/1-7/6-2,published,小田競・サイクル,楽天Kドリームス 並び予想
3520250621010009,2025-06-21,平塚競輪,F1,9,Ｓ級予選,19:07,19:02,7,https://keirin.kdreams.jp/hiratsuka/racedetail/3520250621010009/?pageType=result,2026-08-31T06:21:44.870092+00:00,4-5-1/2-6/7-3,published,小田競・サイクル,楽天Kドリームス 並び予想
3520250621010010,2025-06-21,平塚競輪,F1,10,Ｓ級予選,19:32,19:27,7,https://keirin.kdreams.jp/hiratsuka/racedetail/3520250621010010/?pageType=result,2026-08-31T06:21:46.494916+00:00,7-3-2-6/5-1/4,published,小田競・サイクル,楽天Kドリームス 並び予想
3520250621010011,2025-06-21,平塚競輪,F1,11,Ｓ級予選,20:00,19:55,7,https://keirin.kdreams.jp/hiratsuka/racedetail/3520250621010011/?pageType=result,2026-08-31T06:21:48.209973+00:00,6-2/4-7-1/5-3,published,小田競・サイクル,楽天Kドリームス 並び予想
3520250621010012,2025-06-21,平塚競輪,F1,12,Ｓ級初日特選,20:30,20:25,7,https://keirin.kdreams.jp/hiratsuka/racedetail/3520250621010012/?pageType=result,2026-08-31T06:21:49.827085+00:00,2-7/3/5-4/6-1,published,小田競・サイクル,楽天Kドリームス 並び予想
2220250620030005,2025-06-22,前橋競輪,F1,5,Ｓ級一般,12:45,12:40,7,https://keirin.kdreams.jp/maebashi/racedetail/2220250620030005/?pageType=result,2026-08-31T06:21:31.346678+00:00,1-4-6/2-5/3-7,published,アオケイ,楽天Kドリームス 並び予想
2220250620030006,2025-06-22,前橋競輪,F1,6,Ｓ級一般,13:15,13:10,7,https://keirin.kdreams.jp/maebashi/racedetail/2220250620030006/?pageType=result,2026-08-31T06:21:33.010165+00:00,2-7/4-1/5-3-6,published,アオケイ,楽天Kドリームス 並び予想
2220250620030007,2025-06-22,前橋競輪,F1,7,Ｓ級一般,13:40,13:35,7,https://keirin.kdreams.jp/maebashi/racedetail/2220250620030007/?pageType=result,2026-08-31T06:21:34.712462+00:00,1-5-4/2-7/3-6,published,アオケイ,楽天Kドリームス 並び予想
2220250620030008,2025-06-22,前橋競輪,F1,8,Ｓ級特選,14:06,14:01,7,https://keirin.kdreams.jp/maebashi/racedetail/2220250620030008/?pageType=result,2026-08-31T06:21:36.401348+00:00,4-2-7/1/5-3-6,published,アオケイ,楽天Kドリームス 並び予想
2220250620030009,2025-06-22,前橋競輪,F1,9,Ｓ級特選,14:31,14:26,7,https://keirin.kdreams.jp/maebashi/racedetail/2220250620030009/?pageType=result,2026-08-31T06:21:38.225767+00:00,3-4-6/7-1/5-2,published,アオケイ,楽天Kドリームス 並び予想
2220250620030010,2025-06-22,前橋競輪,F1,10,Ｓ級特選,15:03,14:58,7,https://keirin.kdreams.jp/maebashi/racedetail/2220250620030010/?pageType=result,2026-08-31T06:21:39.856510+00:00,1-5/4-2-7/3-6,published,アオケイ,楽天Kドリームス 並び予想
2220250620030012,2025-06-22,前橋競輪,F1,12,Ｓ級決勝,16:11,16:06,7,https://keirin.kdreams.jp/maebashi/racedetail/2220250620030012/?pageType=result,2026-08-31T06:21:41.566535+00:00,6-2-5/7-1/4-3,published,アオケイ,楽天Kドリームス 並び予想
3520250621020008,2025-06-22,平塚競輪,F1,8,Ｓ級一般,18:43,18:38,7,https://keirin.kdreams.jp/hiratsuka/racedetail/3520250621020008/?pageType=result,2026-08-31T06:21:51.525822+00:00,1-5/2-7/6-3/4,published,小田競・サイクル,楽天Kドリームス 並び予想
3520250621020009,2025-06-22,平塚競輪,F1,9,Ｓ級一般,19:07,19:02,7,https://keirin.kdreams.jp/hiratsuka/racedetail/3520250621020009/?pageType=result,2026-08-31T06:21:53.180615+00:00,7-2/6-1/5-3/4,published,小田競・サイクル,楽天Kドリームス 並び予想
3520250621020010,2025-06-22,平塚競輪,F1,10,Ｓ級準決勝,19:32,19:27,7,https://keirin.kdreams.jp/hiratsuka/racedetail/3520250621020010/?pageType=result,2026-08-31T06:21:54.934379+00:00,3-5/7-1/6-2-4,published,小田競・サイクル,楽天Kドリームス 並び予想
3520250621020011,2025-06-22,平塚競輪,F1,11,Ｓ級準決勝,20:00,19:55,7,https://keirin.kdreams.jp/hiratsuka/racedetail/3520250621020011/?pageType=result,2026-08-31T06:21:56.568474+00:00,4-1/2-7/6-3/5,published,小田競・サイクル,楽天Kドリームス 並び予想
3520250621020012,2025-06-22,平塚競輪,F1,12,Ｓ級準決勝,20:30,20:25,7,https://keirin.kdreams.jp/hiratsuka/racedetail/3520250621020012/?pageType=result,2026-08-31T06:21:58.279434+00:00,4-6/3-5/7-2-1,published,小田競・サイクル,楽天Kドリームス 並び予想
4620250623010006,2025-06-23,富山競輪,F1,6,Ｓ級予選,13:02,12:57,7,https://keirin.kdreams.jp/toyama/racedetail/4620250623010006/?pageType=result,2026-08-31T06:23:32.081472+00:00,5-1/2-7/4-3/6,published,中部競輪,楽天Kドリームス 並び予想
4620250623010007,2025-06-23,富山競輪,F1,7,Ｓ級予選,13:30,13:25,7,https://keirin.kdreams.jp/toyama/racedetail/4620250623010007/?pageType=result,2026-08-31T06:23:33.674822+00:00,4-3/7-1/6-2-5,published,中部競輪,楽天Kドリームス 並び予想
4620250623010008,2025-06-23,富山競輪,F1,8,Ｓ級予選,13:58,13:53,7,https://keirin.kdreams.jp/toyama/racedetail/4620250623010008/?pageType=result,2026-08-31T06:23:35.359608+00:00,5-1/2-4-6/3-7,published,中部競輪,楽天Kドリームス 並び予想
4620250623010009,2025-06-23,富山競輪,F1,9,Ｓ級予選,14:26,14:21,7,https://keirin.kdreams.jp/toyama/racedetail/4620250623010009/?pageType=result,2026-08-31T06:23:36.975847+00:00,2-5/4-1/6/7-3,published,中部競輪,楽天Kドリームス 並び予想
4620250623010010,2025-06-23,富山競輪,F1,10,Ｓ級予選,14:54,14:49,7,https://keirin.kdreams.jp/toyama/racedetail/4620250623010010/?pageType=result,2026-08-31T06:23:38.532158+00:00,1-7-5/6-2/3-4,published,中部競輪,楽天Kドリームス 並び予想
4620250623010011,2025-06-23,富山競輪,F1,11,Ｓ級予選,15:24,15:19,7,https://keirin.kdreams.jp/toyama/racedetail/4620250623010011/?pageType=result,2026-08-31T06:23:41.386885+00:00,1-5/4-2-6/3-7,published,中部競輪,楽天Kドリームス 並び予想
4620250623010012,2025-06-23,富山競輪,F1,12,Ｓ級初特選,15:56,15:51,7,https://keirin.kdreams.jp/toyama/racedetail/4620250623010012/?pageType=result,2026-08-31T06:23:43.400913+00:00,7-4-1/3/2/6-5,published,中部競輪,楽天Kドリームス 並び予想
3520250621030006,2025-06-23,平塚競輪,F1,6,Ｓ級一般,17:50,17:45,7,https://keirin.kdreams.jp/hiratsuka/racedetail/3520250621030006/?pageType=result,2026-08-31T06:22:01.324202+00:00,2-7/5-1/6-3-4,published,小田競・サイクル,楽天Kドリームス 並び予想
3520250621030007,2025-06-23,平塚競輪,F1,7,Ｓ級一般,18:14,18:09,7,https://keirin.kdreams.jp/hiratsuka/racedetail/3520250621030007/?pageType=result,2026-08-31T06:22:05.063159+00:00,6-1-4/2/7-5/3,published,小田競・サイクル,楽天Kドリームス 並び予想
3520250621030008,2025-06-23,平塚競輪,F1,8,Ｓ級特選,18:38,18:33,7,https://keirin.kdreams.jp/hiratsuka/racedetail/3520250621030008/?pageType=result,2026-08-31T06:22:07.350220+00:00,2-7/6-1-4/5-3,published,小田競・サイクル,楽天Kドリームス 並び予想
3520250621030009,2025-06-23,平塚競輪,F1,9,Ｓ級特選,19:02,18:57,7,https://keirin.kdreams.jp/hiratsuka/racedetail/3520250621030009/?pageType=result,2026-08-31T06:22:09.405706+00:00,3-5/6-2/4-7-1,published,小田競・サイクル,楽天Kドリームス 並び予想
3520250621030012,2025-06-23,平塚競輪,F1,12,Ｓ級決勝,20:30,20:25,7,https://keirin.kdreams.jp/hiratsuka/racedetail/3520250621030012/?pageType=result,2026-08-31T06:22:11.216250+00:00,5-1/2/6-7-3/4,published,小田競・サイクル,楽天Kドリームス 並び予想
1220250623010006,2025-06-23,青森競輪,F1,6,Ｓ級予選,17:42,17:37,7,https://keirin.kdreams.jp/aomori/racedetail/1220250623010006/?pageType=result,2026-08-31T06:22:12.946438+00:00,4-3/1-5-6/7-2,published,アオケイ,楽天Kドリームス 並び予想
1220250623010007,2025-06-23,青森競輪,F1,7,Ｓ級予選,18:06,18:01,7,https://keirin.kdreams.jp/aomori/racedetail/1220250623010007/?pageType=result,2026-08-31T06:22:14.589037+00:00,1-7-3/2-4-5/6,published,アオケイ,楽天Kドリームス 並び予想
1220250623010008,2025-06-23,青森競輪,F1,8,Ｓ級予選,18:30,18:25,7,https://keirin.kdreams.jp/aomori/racedetail/1220250623010008/?pageType=result,2026-08-31T06:22:16.282143+00:00,5-1/7-2/4-3-6,published,アオケイ,楽天Kドリームス 並び予想
1220250623010009,2025-06-23,青森競輪,F1,9,Ｓ級予選,18:54,18:49,7,https://keirin.kdreams.jp/aomori/racedetail/1220250623010009/?pageType=result,2026-08-31T06:22:18.691889+00:00,1-4/2-5-6/3-7,published,アオケイ,楽天Kドリームス 並び予想
1220250623010010,2025-06-23,青森競輪,F1,10,Ｓ級予選,19:19,19:14,7,https://keirin.kdreams.jp/aomori/racedetail/1220250623010010/?pageType=result,2026-08-31T06:22:20.883701+00:00,7-1/2-6/4-3-5,published,アオケイ,楽天Kドリームス 並び予想
1220250623010011,2025-06-23,青森競輪,F1,11,Ｓ級予選,19:47,19:42,7,https://keirin.kdreams.jp/aomori/racedetail/1220250623010011/?pageType=result,2026-08-31T06:22:23.793262+00:00,1-7-4/2-5/6-3,published,アオケイ,楽天Kドリームス 並び予想
1220250623010012,2025-06-23,青森競輪,F1,12,Ｓ級初特選,20:19,20:14,7,https://keirin.kdreams.jp/aomori/racedetail/1220250623010012/?pageType=result,2026-08-31T06:22:26.203150+00:00,4-5-1-2-6/7-3,published,アオケイ,楽天Kドリームス 並び予想
7420250623010006,2025-06-23,高知競輪,F1,6,Ｓ級予選,13:16,13:11,7,https://keirin.kdreams.jp/kochi/racedetail/7420250623010006/?pageType=result,2026-08-31T06:22:54.440203+00:00,1-6/7-2-4/3-5,published,福ちゃん出版社,楽天Kドリームス 並び予想
7420250623010007,2025-06-23,高知競輪,F1,7,Ｓ級予選,13:44,13:39,7,https://keirin.kdreams.jp/kochi/racedetail/7420250623010007/?pageType=result,2026-08-31T06:22:56.074491+00:00,5-1/3-4-6/7-2,published,福ちゃん出版社,楽天Kドリームス 並び予想
7420250623010008,2025-06-23,高知競輪,F1,8,Ｓ級予選,14:12,14:07,7,https://keirin.kdreams.jp/kochi/racedetail/7420250623010008/?pageType=result,2026-08-31T06:22:58.770194+00:00,7-1-5/6-2/4-3,published,福ちゃん出版社,楽天Kドリームス 並び予想
7420250623010009,2025-06-23,高知競輪,F1,9,Ｓ級予選,14:40,14:35,7,https://keirin.kdreams.jp/kochi/racedetail/7420250623010009/?pageType=result,2026-08-31T06:23:02.228784+00:00,5-1/7-4-2/6-3,published,福ちゃん出版社,楽天Kドリームス 並び予想
7420250623010010,2025-06-23,高知競輪,F1,10,Ｓ級予選,15:08,15:03,7,https://keirin.kdreams.jp/kochi/racedetail/7420250623010010/?pageType=result,2026-08-31T06:23:04.371821+00:00,5-1-6/7-2/3-4,published,福ちゃん出版社,楽天Kドリームス 並び予想
7420250623010011,2025-06-23,高知競輪,F1,11,Ｓ級予選,15:40,15:35,7,https://keirin.kdreams.jp/kochi/racedetail/7420250623010011/?pageType=result,2026-08-31T06:23:06.130838+00:00,5-1-3/6/2-4-7,published,福ちゃん出版社,楽天Kドリームス 並び予想
7420250623010012,2025-06-23,高知競輪,F1,12,Ｓ級初特選,16:12,16:07,7,https://keirin.kdreams.jp/kochi/racedetail/7420250623010012/?pageType=result,2026-08-31T06:23:07.961285+00:00,1-7/2-5/4/3-6,published,福ちゃん出版社,楽天Kドリームス 並び予想
4620250623020006,2025-06-24,富山競輪,F1,6,Ｓ級一般,13:00,12:55,7,https://keirin.kdreams.jp/toyama/racedetail/4620250623020006/?pageType=result,2026-08-31T06:23:45.178344+00:00,5-1-7/4-2-6/3,published,中部競輪,楽天Kドリームス 並び予想
4620250623020007,2025-06-24,富山競輪,F1,7,Ｓ級一般,13:28,13:23,7,https://keirin.kdreams.jp/toyama/racedetail/4620250623020007/?pageType=result,2026-08-31T06:23:46.910162+00:00,1-4/3/7-2/5/6,published,中部競輪,楽天Kドリームス 並び予想
4620250623020008,2025-06-24,富山競輪,F1,8,Ｓ級選抜,13:56,13:51,7,https://keirin.kdreams.jp/toyama/racedetail/4620250623020008/?pageType=result,2026-08-31T06:23:48.534643+00:00,1-7/2-6/5-3/4,published,中部競輪,楽天Kドリームス 並び予想
4620250623020009,2025-06-24,富山競輪,F1,9,Ｓ級選抜,14:25,14:20,7,https://keirin.kdreams.jp/toyama/racedetail/4620250623020009/?pageType=result,2026-08-31T06:23:50.253433+00:00,6-1/7-2/3-5-4,published,中部競輪,楽天Kドリームス 並び予想
4620250623020010,2025-06-24,富山競輪,F1,10,Ｓ級準決勝,14:55,14:50,7,https://keirin.kdreams.jp/toyama/racedetail/4620250623020010/?pageType=result,2026-08-31T06:23:51.876563+00:00,1-4-6/7-2/5-3,published,中部競輪,楽天Kドリームス 並び予想
4620250623020011,2025-06-24,富山競輪,F1,11,Ｓ級準決勝,15:25,15:20,7,https://keirin.kdreams.jp/toyama/racedetail/4620250623020011/?pageType=result,2026-08-31T06:23:53.597446+00:00,5-1/4-2-7/3-6,published,中部競輪,楽天Kドリームス 並び予想
4620250623020012,2025-06-24,富山競輪,F1,12,Ｓ級準決勝,15:55,15:50,7,https://keirin.kdreams.jp/toyama/racedetail/4620250623020012/?pageType=result,2026-08-31T06:23:55.211578+00:00,1-4/6-2/3-5/7,published,中部競輪,楽天Kドリームス 並び予想
1220250623020006,2025-06-24,青森競輪,F1,6,Ｓ級一般,17:51,17:46,6,https://keirin.kdreams.jp/aomori/racedetail/1220250623020006/?pageType=result,2026-08-31T06:22:28.276706+00:00,4-1-5/2-3-6,published,アオケイ,楽天Kドリームス 並び予想
1220250623020007,2025-06-24,青森競輪,F1,7,Ｓ級一般,18:17,18:12,7,https://keirin.kdreams.jp/aomori/racedetail/1220250623020007/?pageType=result,2026-08-31T06:22:31.643087+00:00,1-7/5-2/4-3-6,published,アオケイ,楽天Kドリームス 並び予想
1220250623020008,2025-06-24,青森競輪,F1,8,Ｓ級選抜,18:43,18:38,7,https://keirin.kdreams.jp/aomori/racedetail/1220250623020008/?pageType=result,2026-08-31T06:22:33.832804+00:00,1-4-7/5-2/6-3,published,アオケイ,楽天Kドリームス 並び予想
1220250623020009,2025-06-24,青森競輪,F1,9,Ｓ級選抜,19:09,19:04,7,https://keirin.kdreams.jp/aomori/racedetail/1220250623020009/?pageType=result,2026-08-31T06:22:35.825288+00:00,1-5-6/7-2/4-3,published,アオケイ,楽天Kドリームス 並び予想
1220250623020010,2025-06-24,青森競輪,F1,10,Ｓ級準決勝,19:35,19:30,7,https://keirin.kdreams.jp/aomori/racedetail/1220250623020010/?pageType=result,2026-08-31T06:22:37.689352+00:00,6-3-4/1-5/2-7,published,アオケイ,楽天Kドリームス 並び予想
1220250623020011,2025-06-24,青森競輪,F1,11,Ｓ級準決勝,20:02,19:57,7,https://keirin.kdreams.jp/aomori/racedetail/1220250623020011/?pageType=result,2026-08-31T06:22:39.337708+00:00,2-7-5/1-4/6-3,published,アオケイ,楽天Kドリームス 並び予想
1220250623020012,2025-06-24,青森競輪,F1,12,Ｓ級準決勝,20:30,20:25,7,https://keirin.kdreams.jp/aomori/racedetail/1220250623020012/?pageType=result,2026-08-31T06:22:41.031035+00:00,1-5-7/6/4-3-2,published,アオケイ,楽天Kドリームス 並び予想
7420250623020006,2025-06-24,高知競輪,F1,6,Ｓ級一般,13:14,13:09,5,https://keirin.kdreams.jp/kochi/racedetail/7420250623020006/?pageType=result,2026-08-31T06:23:09.383188+00:00,2-4/1-5-3,published,福ちゃん出版社,楽天Kドリームス 並び予想
7420250623020007,2025-06-24,高知競輪,F1,7,Ｓ級一般,13:42,13:37,6,https://keirin.kdreams.jp/kochi/racedetail/7420250623020007/?pageType=result,2026-08-31T06:23:10.938372+00:00,4-2-5/1/3-6,published,福ちゃん出版社,楽天Kドリームス 並び予想
7420250623020008,2025-06-24,高知競輪,F1,8,Ｓ級選抜,14:10,14:05,7,https://keirin.kdreams.jp/kochi/racedetail/7420250623020008/?pageType=result,2026-08-31T06:23:12.574588+00:00,7-4-1/2-6/3-5,published,福ちゃん出版社,楽天Kドリームス 並び予想
7420250623020009,2025-06-24,高知競輪,F1,9,Ｓ級選抜,14:40,14:35,7,https://keirin.kdreams.jp/kochi/racedetail/7420250623020009/?pageType=result,2026-08-31T06:23:14.229449+00:00,3-1-7-4/6-2-5,published,福ちゃん出版社,楽天Kドリームス 並び予想
7420250623020010,2025-06-24,高知競輪,F1,10,Ｓ級準決勝,15:10,15:05,7,https://keirin.kdreams.jp/kochi/racedetail/7420250623020010/?pageType=result,2026-08-31T06:23:15.943907+00:00,6-1-5/7-2/4-3,published,福ちゃん出版社,楽天Kドリームス 並び予想
7420250623020011,2025-06-24,高知競輪,F1,11,Ｓ級準決勝,15:40,15:35,7,https://keirin.kdreams.jp/kochi/racedetail/7420250623020011/?pageType=result,2026-08-31T06:23:17.570295+00:00,4-1-3/6/7-2-5,published,福ちゃん出版社,楽天Kドリームス 並び予想
7420250623020012,2025-06-24,高知競輪,F1,12,Ｓ級準決勝,16:10,16:05,7,https://keirin.kdreams.jp/kochi/racedetail/7420250623020012/?pageType=result,2026-08-31T06:23:19.282251+00:00,5-1/4-2-7/6-3,published,福ちゃん出版社,楽天Kドリームス 並び予想
4620250623030005,2025-06-25,富山競輪,F1,5,Ｓ級一般,12:40,12:35,6,https://keirin.kdreams.jp/toyama/racedetail/4620250623030005/?pageType=result,2026-08-31T06:23:56.641868+00:00,5-1-3/6-2-4,published,中部競輪,楽天Kドリームス 並び予想
4620250623030006,2025-06-25,富山競輪,F1,6,Ｓ級一般,13:09,13:04,6,https://keirin.kdreams.jp/toyama/racedetail/4620250623030006/?pageType=result,2026-08-31T06:23:58.216699+00:00,1-5/2-6-3/4,published,中部競輪,楽天Kドリームス 並び予想
4620250623030007,2025-06-25,富山競輪,F1,7,Ｓ級一般,13:39,13:34,6,https://keirin.kdreams.jp/toyama/racedetail/4620250623030007/?pageType=result,2026-08-31T06:23:59.640762+00:00,1-5/2-4-6/3,published,中部競輪,楽天Kドリームス 並び予想
4620250623030008,2025-06-25,富山競輪,F1,8,Ｓ級特選,14:09,14:04,7,https://keirin.kdreams.jp/toyama/racedetail/4620250623030008/?pageType=result,2026-08-31T06:24:01.344178+00:00,1-5-4/7-2/6-3,published,中部競輪,楽天Kドリームス 並び予想
4620250623030009,2025-06-25,富山競輪,F1,9,Ｓ級特選,14:39,14:34,7,https://keirin.kdreams.jp/toyama/racedetail/4620250623030009/?pageType=result,2026-08-31T06:24:03.201430+00:00,1-3/5/2-7/4/6,published,中部競輪,楽天Kドリームス 並び予想
4620250623030010,2025-06-25,富山競輪,F1,10,Ｓ級特選,15:09,15:04,7,https://keirin.kdreams.jp/toyama/racedetail/4620250623030010/?pageType=result,2026-08-31T06:24:04.932187+00:00,4-1/5-2-7/6-3,published,中部競輪,楽天Kドリームス 並び予想
4620250623030012,2025-06-25,富山競輪,F1,12,Ｓ級決勝,16:11,16:06,7,https://keirin.kdreams.jp/toyama/racedetail/4620250623030012/?pageType=result,2026-08-31T06:24:06.598435+00:00,2-4/1-6-5/3-7,published,中部競輪,楽天Kドリームス 並び予想
8720250625010006,2025-06-25,熊本競輪,F1,6,Ｓ級予選,12:59,12:54,7,https://keirin.kdreams.jp/kumamoto/racedetail/8720250625010006/?pageType=result,2026-08-31T06:24:08.333549+00:00,4-1-6/7-2/5-3,published,コンドル出版社,楽天Kドリームス 並び予想
8720250625010007,2025-06-25,熊本競輪,F1,7,Ｓ級予選,13:29,13:24,7,https://keirin.kdreams.jp/kumamoto/racedetail/8720250625010007/?pageType=result,2026-08-31T06:24:10.003085+00:00,5-2/1-7/3-4-6,published,コンドル出版社,楽天Kドリームス 並び予想
8720250625010008,2025-06-25,熊本競輪,F1,8,Ｓ級予選,13:59,13:54,7,https://keirin.kdreams.jp/kumamoto/racedetail/8720250625010008/?pageType=result,2026-08-31T06:24:11.711709+00:00,7-1-4/2-5/3-6,published,コンドル出版社,楽天Kドリームス 並び予想
8720250625010009,2025-06-25,熊本競輪,F1,9,Ｓ級予選,14:29,14:24,7,https://keirin.kdreams.jp/kumamoto/racedetail/8720250625010009/?pageType=result,2026-08-31T06:24:13.349869+00:00,1-6/5-2/7-3-4,published,コンドル出版社,楽天Kドリームス 並び予想
8720250625010010,2025-06-25,熊本競輪,F1,10,Ｓ級予選,14:59,14:54,7,https://keirin.kdreams.jp/kumamoto/racedetail/8720250625010010/?pageType=result,2026-08-31T06:24:15.087231+00:00,1-5/7-2/3-4-6,published,コンドル出版社,楽天Kドリームス 並び予想
8720250625010011,2025-06-25,熊本競輪,F1,11,Ｓ級予選,15:29,15:24,7,https://keirin.kdreams.jp/kumamoto/racedetail/8720250625010011/?pageType=result,2026-08-31T06:24:16.525102+00:00,4-1-7/5-2/6-3,published,コンドル出版社,楽天Kドリームス 並び予想
8720250625010012,2025-06-25,熊本競輪,F1,12,Ｓ級初特選,16:00,15:55,7,https://keirin.kdreams.jp/kumamoto/racedetail/8720250625010012/?pageType=result,2026-08-31T06:24:18.238834+00:00,4-1/3/7-2-5/6,published,コンドル出版社,楽天Kドリームス 並び予想
1220250623030005,2025-06-25,青森競輪,F1,5,Ｓ級一般,17:28,17:23,7,https://keirin.kdreams.jp/aomori/racedetail/1220250623030005/?pageType=result,2026-08-31T06:22:42.663775+00:00,1-4/2-5/3-7-6,published,アオケイ,楽天Kドリームス 並び予想
1220250623030006,2025-06-25,青森競輪,F1,6,Ｓ級一般,17:52,17:47,7,https://keirin.kdreams.jp/aomori/racedetail/1220250623030006/?pageType=result,2026-08-31T06:22:44.363576+00:00,2-5-4/3-7-6/1,published,アオケイ,楽天Kドリームス 並び予想
1220250623030007,2025-06-25,青森競輪,F1,7,Ｓ級一般,18:16,18:11,7,https://keirin.kdreams.jp/aomori/racedetail/1220250623030007/?pageType=result,2026-08-31T06:22:46.009601+00:00,1-5-4/7-2/3-6,published,アオケイ,楽天Kドリームス 並び予想
1220250623030008,2025-06-25,青森競輪,F1,8,Ｓ級特選,18:41,18:36,7,https://keirin.kdreams.jp/aomori/racedetail/1220250623030008/?pageType=result,2026-08-31T06:22:47.708003+00:00,5-4-1/6-2/3-7,published,アオケイ,楽天Kドリームス 並び予想
1220250623030009,2025-06-25,青森競輪,F1,9,Ｓ級特選,19:07,19:02,7,https://keirin.kdreams.jp/aomori/racedetail/1220250623030009/?pageType=result,2026-08-31T06:22:49.359162+00:00,5-1-4/6-2/3-7,published,アオケイ,楽天Kドリームス 並び予想
1220250623030010,2025-06-25,青森競輪,F1,10,Ｓ級特選,19:33,19:28,7,https://keirin.kdreams.jp/aomori/racedetail/1220250623030010/?pageType=result,2026-08-31T06:22:51.092820+00:00,1-7-5/6-2/3-4,published,アオケイ,楽天Kドリームス 並び予想
1220250623030012,2025-06-25,青森競輪,F1,12,Ｓ級決勝,20:30,20:25,7,https://keirin.kdreams.jp/aomori/racedetail/1220250623030012/?pageType=result,2026-08-31T06:22:52.741295+00:00,7-4-1/6/3-2-5,published,アオケイ,楽天Kドリームス 並び予想
7420250623030005,2025-06-25,高知競輪,F1,5,Ｓ級一般,12:49,12:44,5,https://keirin.kdreams.jp/kochi/racedetail/7420250623030005/?pageType=result,2026-08-31T06:23:20.743215+00:00,4-1/2-5/3,published,福ちゃん出版社,楽天Kドリームス 並び予想
7420250623030006,2025-06-25,高知競輪,F1,6,Ｓ級一般,13:19,13:14,6,https://keirin.kdreams.jp/kochi/racedetail/7420250623030006/?pageType=result,2026-08-31T06:23:22.280349+00:00,6-3-1/2/5-4,published,福ちゃん出版社,楽天Kドリームス 並び予想
7420250623030007,2025-06-25,高知競輪,F1,7,Ｓ級一般,13:49,13:44,6,https://keirin.kdreams.jp/kochi/racedetail/7420250623030007/?pageType=result,2026-08-31T06:23:23.712562+00:00,3-1-6/4-2-5,published,福ちゃん出版社,楽天Kドリームス 並び予想
7420250623030008,2025-06-25,高知競輪,F1,8,Ｓ級特選,14:19,14:14,7,https://keirin.kdreams.jp/kochi/racedetail/7420250623030008/?pageType=result,2026-08-31T06:23:25.393807+00:00,1-5/2-4-7/6-3,published,福ちゃん出版社,楽天Kドリームス 並び予想
7420250623030009,2025-06-25,高知競輪,F1,9,Ｓ級特選,14:49,14:44,7,https://keirin.kdreams.jp/kochi/racedetail/7420250623030009/?pageType=result,2026-08-31T06:23:27.009218+00:00,7-3-1/5-6/4-2,published,福ちゃん出版社,楽天Kドリームス 並び予想
7420250623030010,2025-06-25,高知競輪,F1,10,Ｓ級特選,15:19,15:14,7,https://keirin.kdreams.jp/kochi/racedetail/7420250623030010/?pageType=result,2026-08-31T06:23:28.753575+00:00,1-5-6/2-4/7-3,published,福ちゃん出版社,楽天Kドリームス 並び予想
7420250623030012,2025-06-25,高知競輪,F1,12,Ｓ級決勝,16:22,16:17,7,https://keirin.kdreams.jp/kochi/racedetail/7420250623030012/?pageType=result,2026-08-31T06:23:30.372625+00:00,6-1/3-4/2/7-5,published,福ちゃん出版社,楽天Kドリームス 並び予想
2220250626010006,2025-06-26,前橋競輪,F1,6,Ｓ級予選,17:52,17:47,7,https://keirin.kdreams.jp/maebashi/racedetail/2220250626010006/?pageType=result,2026-08-31T06:24:47.167547+00:00,2-5-4/7-1-3/6,published,アオケイ,楽天Kドリームス 並び予想
2220250626010007,2025-06-26,前橋競輪,F1,7,Ｓ級予選,18:16,18:11,7,https://keirin.kdreams.jp/maebashi/racedetail/2220250626010007/?pageType=result,2026-08-31T06:24:48.789243+00:00,7-2-5/1-4/3-6,published,アオケイ,楽天Kドリームス 並び予想
2220250626010008,2025-06-26,前橋競輪,F1,8,Ｓ級予選,18:41,18:36,7,https://keirin.kdreams.jp/maebashi/racedetail/2220250626010008/?pageType=result,2026-08-31T06:24:50.453504+00:00,2-4/1-7/3-5-6,published,アオケイ,楽天Kドリームス 並び予想
2220250626010009,2025-06-26,前橋競輪,F1,9,Ｓ級予選,19:07,19:02,7,https://keirin.kdreams.jp/maebashi/racedetail/2220250626010009/?pageType=result,2026-08-31T06:24:52.062150+00:00,4-1/2-5-6/7-3,published,アオケイ,楽天Kドリームス 並び予想
2220250626010010,2025-06-26,前橋競輪,F1,10,Ｓ級予選,19:33,19:28,7,https://keirin.kdreams.jp/maebashi/racedetail/2220250626010010/?pageType=result,2026-08-31T06:24:53.731727+00:00,3-5-7/4-2/6-1,published,アオケイ,楽天Kドリームス 並び予想
2220250626010011,2025-06-26,前橋競輪,F1,11,Ｓ級予選,20:00,19:55,7,https://keirin.kdreams.jp/maebashi/racedetail/2220250626010011/?pageType=result,2026-08-31T06:24:55.353892+00:00,1-4-6/5-2/3-7,published,アオケイ,楽天Kドリームス 並び予想
2220250626010012,2025-06-26,前橋競輪,F1,12,Ｓ級初特選,20:30,20:25,7,https://keirin.kdreams.jp/maebashi/racedetail/2220250626010012/?pageType=result,2026-08-31T06:24:57.028242+00:00,5-1/6-2-4/3-7,published,アオケイ,楽天Kドリームス 並び予想
8720250625020006,2025-06-26,熊本競輪,F1,6,Ｓ級一般,13:09,13:04,6,https://keirin.kdreams.jp/kumamoto/racedetail/8720250625020006/?pageType=result,2026-08-31T06:24:21.254832+00:00,1-5/4-2/3-6,published,コンドル出版社,楽天Kドリームス 並び予想
8720250625020007,2025-06-26,熊本競輪,F1,7,Ｓ級一般,13:38,13:33,7,https://keirin.kdreams.jp/kumamoto/racedetail/8720250625020007/?pageType=result,2026-08-31T06:24:23.249629+00:00,1-7/2-5-6/4-3,published,コンドル出版社,楽天Kドリームス 並び予想
8720250625020008,2025-06-26,熊本競輪,F1,8,Ｓ級選抜,14:07,14:02,7,https://keirin.kdreams.jp/kumamoto/racedetail/8720250625020008/?pageType=result,2026-08-31T06:24:26.728758+00:00,1-7-3/6/2-5-4,published,コンドル出版社,楽天Kドリームス 並び予想
8720250625020009,2025-06-26,熊本競輪,F1,9,Ｓ級選抜,14:36,14:31,7,https://keirin.kdreams.jp/kumamoto/racedetail/8720250625020009/?pageType=result,2026-08-31T06:24:28.907874+00:00,7-1/2-5/6-3-4,published,コンドル出版社,楽天Kドリームス 並び予想
8720250625020010,2025-06-26,熊本競輪,F1,10,Ｓ級準決勝,15:07,15:02,7,https://keirin.kdreams.jp/kumamoto/racedetail/8720250625020010/?pageType=result,2026-08-31T06:24:30.690759+00:00,3-7/6-1/5-2/4,published,コンドル出版社,楽天Kドリームス 並び予想
8720250625020011,2025-06-26,熊本競輪,F1,11,Ｓ級準決勝,15:38,15:33,7,https://keirin.kdreams.jp/kumamoto/racedetail/8720250625020011/?pageType=result,2026-08-31T06:24:32.561027+00:00,1-4/6-2/5-7-3,published,コンドル出版社,楽天Kドリームス 並び予想
8720250625020012,2025-06-26,熊本競輪,F1,12,Ｓ級準決勝,16:10,16:05,7,https://keirin.kdreams.jp/kumamoto/racedetail/8720250625020012/?pageType=result,2026-08-31T06:24:34.196573+00:00,2-7/1-4/3-6/5,published,コンドル出版社,楽天Kドリームス 並び予想
2220250626020006,2025-06-27,前橋競輪,F1,6,Ｓ級一般,17:58,17:53,6,https://keirin.kdreams.jp/maebashi/racedetail/2220250626020006/?pageType=result,2026-08-31T06:24:58.453519+00:00,1-4/2-6/3-5,published,アオケイ,楽天Kドリームス 並び予想
2220250626020007,2025-06-27,前橋競輪,F1,7,Ｓ級一般,18:22,18:17,7,https://keirin.kdreams.jp/maebashi/racedetail/2220250626020007/?pageType=result,2026-08-31T06:25:01.555452+00:00,4-1-5/6/7-3-2,published,アオケイ,楽天Kドリームス 並び予想
2220250626020008,2025-06-27,前橋競輪,F1,8,Ｓ級選抜,18:46,18:41,7,https://keirin.kdreams.jp/maebashi/racedetail/2220250626020008/?pageType=result,2026-08-31T06:25:03.503988+00:00,3-6/5-1/4-2-7,published,アオケイ,楽天Kドリームス 並び予想
2220250626020009,2025-06-27,前橋競輪,F1,9,Ｓ級選抜,19:10,19:05,7,https://keirin.kdreams.jp/maebashi/racedetail/2220250626020009/?pageType=result,2026-08-31T06:25:05.359028+00:00,1-5/2-6/3-4-7,published,アオケイ,楽天Kドリームス 並び予想
2220250626020010,2025-06-27,前橋競輪,F1,10,Ｓ級準決勝,19:34,19:29,7,https://keirin.kdreams.jp/maebashi/racedetail/2220250626020010/?pageType=result,2026-08-31T06:25:07.019597+00:00,6-4/5-2/1/7-3,published,アオケイ,楽天Kドリームス 並び予想
2220250626020011,2025-06-27,前橋競輪,F1,11,Ｓ級準決勝,20:02,19:57,7,https://keirin.kdreams.jp/maebashi/racedetail/2220250626020011/?pageType=result,2026-08-31T06:25:08.721918+00:00,1-7/5-2/4-3/6,published,アオケイ,楽天Kドリームス 並び予想
2220250626020012,2025-06-27,前橋競輪,F1,12,Ｓ級準決勝,20:30,20:25,7,https://keirin.kdreams.jp/maebashi/racedetail/2220250626020012/?pageType=result,2026-08-31T06:25:10.376918+00:00,4-1-6/5-2/7-3,published,アオケイ,楽天Kドリームス 並び予想
8720250625030005,2025-06-27,熊本競輪,F1,5,Ｓ級一般,12:41,12:36,6,https://keirin.kdreams.jp/kumamoto/racedetail/8720250625030005/?pageType=result,2026-08-31T06:24:35.642039+00:00,5-1-3/4-2-6,published,コンドル出版社,楽天Kドリームス 並び予想
8720250625030006,2025-06-27,熊本競輪,F1,6,Ｓ級一般,13:10,13:05,6,https://keirin.kdreams.jp/kumamoto/racedetail/8720250625030006/?pageType=result,2026-08-31T06:24:37.144991+00:00,3-1-6/5-2-4,published,コンドル出版社,楽天Kドリームス 並び予想
8720250625030007,2025-06-27,熊本競輪,F1,7,Ｓ級一般,13:40,13:35,7,https://keirin.kdreams.jp/kumamoto/racedetail/8720250625030007/?pageType=result,2026-08-31T06:24:38.776326+00:00,4-1-3-6/2-5-7,published,コンドル出版社,楽天Kドリームス 並び予想
8720250625030008,2025-06-27,熊本競輪,F1,8,Ｓ級特選,14:10,14:05,7,https://keirin.kdreams.jp/kumamoto/racedetail/8720250625030008/?pageType=result,2026-08-31T06:24:40.445297+00:00,7-1/6-4-2/5-3,published,コンドル出版社,楽天Kドリームス 並び予想
8720250625030009,2025-06-27,熊本競輪,F1,9,Ｓ級特選,14:40,14:35,7,https://keirin.kdreams.jp/kumamoto/racedetail/8720250625030009/?pageType=result,2026-08-31T06:24:42.118713+00:00,1/6-4-2/3-7-5,published,コンドル出版社,楽天Kドリームス 並び予想
8720250625030010,2025-06-27,熊本競輪,F1,10,Ｓ級特選,15:10,15:05,7,https://keirin.kdreams.jp/kumamoto/racedetail/8720250625030010/?pageType=result,2026-08-31T06:24:43.827624+00:00,3-5/4-1-7/6-2,published,コンドル出版社,楽天Kドリームス 並び予想
8720250625030012,2025-06-27,熊本競輪,F1,12,Ｓ級決勝,16:10,16:05,7,https://keirin.kdreams.jp/kumamoto/racedetail/8720250625030012/?pageType=result,2026-08-31T06:24:45.454039+00:00,1-7/6-2/3-5/4,published,コンドル出版社,楽天Kドリームス 並び予想
6120250627010006,2025-06-27,玉野競輪,F1,6,Ｓ級予選,17:46,17:41,7,https://keirin.kdreams.jp/tamano/racedetail/6120250627010006/?pageType=result,2026-08-31T06:25:25.899335+00:00,4-1/2-6/5-3-7,published,競輪毎日,楽天Kドリームス 並び予想
6120250627010007,2025-06-27,玉野競輪,F1,7,Ｓ級予選,18:10,18:05,7,https://keirin.kdreams.jp/tamano/racedetail/6120250627010007/?pageType=result,2026-08-31T06:25:27.589044+00:00,1-5-7/6-2/4-3,published,競輪毎日,楽天Kドリームス 並び予想
6120250627010008,2025-06-27,玉野競輪,F1,8,Ｓ級予選,18:34,18:29,7,https://keirin.kdreams.jp/tamano/racedetail/6120250627010008/?pageType=result,2026-08-31T06:25:29.203853+00:00,1-4-5/2-6/7-3,published,競輪毎日,楽天Kドリームス 並び予想
6120250627010009,2025-06-27,玉野競輪,F1,9,Ｓ級予選,18:58,18:53,7,https://keirin.kdreams.jp/tamano/racedetail/6120250627010009/?pageType=result,2026-08-31T06:25:30.874355+00:00,1-5/4-2-6/7-3,published,競輪毎日,楽天Kドリームス 並び予想
6120250627010010,2025-06-27,玉野競輪,F1,10,Ｓ級予選,19:22,19:17,7,https://keirin.kdreams.jp/tamano/racedetail/6120250627010010/?pageType=result,2026-08-31T06:25:32.483300+00:00,2-5/7-4-1/6-3,published,競輪毎日,楽天Kドリームス 並び予想
6120250627010011,2025-06-27,玉野競輪,F1,11,Ｓ級予選,19:48,19:43,7,https://keirin.kdreams.jp/tamano/racedetail/6120250627010011/?pageType=result,2026-08-31T06:25:34.156948+00:00,1-5/4-7-2/3-6,published,競輪毎日,楽天Kドリームス 並び予想
6120250627010012,2025-06-27,玉野競輪,F1,12,Ｓ級初特選,20:16,20:11,7,https://keirin.kdreams.jp/tamano/racedetail/6120250627010012/?pageType=result,2026-08-31T06:25:35.755878+00:00,1-6-5/4-2/7-3,published,競輪毎日,楽天Kドリームス 並び予想
2220250626030005,2025-06-28,前橋競輪,F1,5,Ｓ級一般,17:34,17:29,6,https://keirin.kdreams.jp/maebashi/racedetail/2220250626030005/?pageType=result,2026-08-31T06:25:13.724766+00:00,1-3-5/4-2-6,published,アオケイ,楽天Kドリームス 並び予想
2220250626030006,2025-06-28,前橋競輪,F1,6,Ｓ級一般,17:58,17:53,7,https://keirin.kdreams.jp/maebashi/racedetail/2220250626030006/?pageType=result,2026-08-31T06:25:15.682203+00:00,4-1-5/2-7-3/6,published,アオケイ,楽天Kドリームス 並び予想
2220250626030007,2025-06-28,前橋競輪,F1,7,Ｓ級一般,18:22,18:17,7,https://keirin.kdreams.jp/maebashi/racedetail/2220250626030007/?pageType=result,2026-08-31T06:25:17.530505+00:00,1-7-4/3-6/5-2,published,アオケイ,楽天Kドリームス 並び予想
2220250626030008,2025-06-28,前橋競輪,F1,8,Ｓ級特選,18:46,18:41,7,https://keirin.kdreams.jp/maebashi/racedetail/2220250626030008/?pageType=result,2026-08-31T06:25:19.158329+00:00,3-4-7/1-5/2-6,published,アオケイ,楽天Kドリームス 並び予想
2220250626030009,2025-06-28,前橋競輪,F1,9,Ｓ級特選,19:10,19:05,7,https://keirin.kdreams.jp/maebashi/racedetail/2220250626030009/?pageType=result,2026-08-31T06:25:20.844041+00:00,5-3-7/1-4-6/2,published,アオケイ,楽天Kドリームス 並び予想
2220250626030010,2025-06-28,前橋競輪,F1,10,Ｓ級特選,19:34,19:29,7,https://keirin.kdreams.jp/maebashi/racedetail/2220250626030010/?pageType=result,2026-08-31T06:25:22.499652+00:00,1-4/7-5-2/6-3,published,アオケイ,楽天Kドリームス 並び予想
2220250626030012,2025-06-28,前橋競輪,F1,12,Ｓ級決勝,20:30,20:25,7,https://keirin.kdreams.jp/maebashi/racedetail/2220250626030012/?pageType=result,2026-08-31T06:25:24.244371+00:00,1/5-7-2/4/6-3,published,アオケイ,楽天Kドリームス 並び予想
6120250627020006,2025-06-28,玉野競輪,F1,6,Ｓ級一般,17:46,17:41,6,https://keirin.kdreams.jp/tamano/racedetail/6120250627020006/?pageType=result,2026-08-31T06:25:37.183875+00:00,1-4-5/2/6-3,published,競輪毎日,楽天Kドリームス 並び予想
6120250627020007,2025-06-28,玉野競輪,F1,7,Ｓ級一般,18:10,18:05,7,https://keirin.kdreams.jp/tamano/racedetail/6120250627020007/?pageType=result,2026-08-31T06:25:38.844668+00:00,7-1/6-2/4/5-3,published,競輪毎日,楽天Kドリームス 並び予想
6120250627020008,2025-06-28,玉野競輪,F1,8,Ｓ級選抜,18:34,18:29,7,https://keirin.kdreams.jp/tamano/racedetail/6120250627020008/?pageType=result,2026-08-31T06:25:40.481953+00:00,1-7-4/3/5-2-6,published,競輪毎日,楽天Kドリームス 並び予想
6120250627020009,2025-06-28,玉野競輪,F1,9,Ｓ級選抜,18:58,18:53,7,https://keirin.kdreams.jp/tamano/racedetail/6120250627020009/?pageType=result,2026-08-31T06:25:42.159876+00:00,1-5-4/6-2/7-3,published,競輪毎日,楽天Kドリームス 並び予想
6120250627020010,2025-06-28,玉野競輪,F1,10,Ｓ級準決勝,19:22,19:17,7,https://keirin.kdreams.jp/tamano/racedetail/6120250627020010/?pageType=result,2026-08-31T06:25:43.799478+00:00,1-5/2-6/3-7-4,published,競輪毎日,楽天Kドリームス 並び予想
6120250627020011,2025-06-28,玉野競輪,F1,11,Ｓ級準決勝,19:48,19:43,7,https://keirin.kdreams.jp/tamano/racedetail/6120250627020011/?pageType=result,2026-08-31T06:25:45.469841+00:00,1-4-5/6-2/3-7,published,競輪毎日,楽天Kドリームス 並び予想
6120250627020012,2025-06-28,玉野競輪,F1,12,Ｓ級準決勝,20:16,20:11,7,https://keirin.kdreams.jp/tamano/racedetail/6120250627020012/?pageType=result,2026-08-31T06:25:47.121329+00:00,6-3/7-1/4-2-5,published,競輪毎日,楽天Kドリームス 並び予想
5620250629010006,2025-06-29,岸和田競輪,F1,6,Ｓ級予選,13:01,12:56,7,https://keirin.kdreams.jp/kishiwada/racedetail/5620250629010006/?pageType=result,2026-08-31T06:27:37.920339+00:00,2-4/1-7/3-5-6,published,競輪研究,楽天Kドリームス 並び予想
5620250629010007,2025-06-29,岸和田競輪,F1,7,Ｓ級予選,13:31,13:26,7,https://keirin.kdreams.jp/kishiwada/racedetail/5620250629010007/?pageType=result,2026-08-31T06:27:39.868025+00:00,2-4/6-1/7-5-3,published,競輪研究,楽天Kドリームス 並び予想
5620250629010008,2025-06-29,岸和田競輪,F1,8,Ｓ級予選,14:01,13:56,7,https://keirin.kdreams.jp/kishiwada/racedetail/5620250629010008/?pageType=result,2026-08-31T06:27:41.730513+00:00,1-4-6/5-2/3-7,published,競輪研究,楽天Kドリームス 並び予想
5620250629010009,2025-06-29,岸和田競輪,F1,9,Ｓ級予選,14:31,14:26,7,https://keirin.kdreams.jp/kishiwada/racedetail/5620250629010009/?pageType=result,2026-08-31T06:27:43.371729+00:00,4-3/2-5/7-1-6,published,競輪研究,楽天Kドリームス 並び予想
5620250629010010,2025-06-29,岸和田競輪,F1,10,Ｓ級予選,15:01,14:56,7,https://keirin.kdreams.jp/kishiwada/racedetail/5620250629010010/?pageType=result,2026-08-31T06:27:44.981436+00:00,5-1-6/2-7/3-4,published,競輪研究,楽天Kドリームス 並び予想
5620250629010011,2025-06-29,岸和田競輪,F1,11,Ｓ級予選,15:31,15:26,7,https://keirin.kdreams.jp/kishiwada/racedetail/5620250629010011/?pageType=result,2026-08-31T06:27:46.674857+00:00,3-6/4-5-1/7-2,published,競輪研究,楽天Kドリームス 並び予想
5620250629010012,2025-06-29,岸和田競輪,F1,12,Ｓ級初特選,16:02,15:57,7,https://keirin.kdreams.jp/kishiwada/racedetail/5620250629010012/?pageType=result,2026-08-31T06:27:48.315160+00:00,6-1-5/3/2/7-4,published,競輪研究,楽天Kドリームス 並び予想
6120250627030005,2025-06-29,玉野競輪,F1,5,Ｓ級一般,17:31,17:26,6,https://keirin.kdreams.jp/tamano/racedetail/6120250627030005/?pageType=result,2026-08-31T06:25:48.626800+00:00,1-6/2-4/3-5,published,競輪毎日,楽天Kドリームス 並び予想
6120250627030006,2025-06-29,玉野競輪,F1,6,Ｓ級一般,17:55,17:50,7,https://keirin.kdreams.jp/tamano/racedetail/6120250627030006/?pageType=result,2026-08-31T06:25:51.420118+00:00,4-1-7/6-2/3-5,published,競輪毎日,楽天Kドリームス 並び予想
6120250627030007,2025-06-29,玉野競輪,F1,7,Ｓ級一般,18:19,18:14,7,https://keirin.kdreams.jp/tamano/racedetail/6120250627030007/?pageType=result,2026-08-31T06:25:53.447728+00:00,4-7-1/2-5/3/6,published,競輪毎日,楽天Kドリームス 並び予想
6120250627030008,2025-06-29,玉野競輪,F1,8,Ｓ級特選,18:43,18:38,7,https://keirin.kdreams.jp/tamano/racedetail/6120250627030008/?pageType=result,2026-08-31T06:25:55.265474+00:00,3-4/7-2/1-5/6,published,競輪毎日,楽天Kドリームス 並び予想
6120250627030009,2025-06-29,玉野競輪,F1,9,Ｓ級特選,19:07,19:02,7,https://keirin.kdreams.jp/tamano/racedetail/6120250627030009/?pageType=result,2026-08-31T06:25:56.996353+00:00,4-1-6/7-2/5-3,published,競輪毎日,楽天Kドリームス 並び予想
6120250627030010,2025-06-29,玉野競輪,F1,10,Ｓ級特選,19:32,19:27,7,https://keirin.kdreams.jp/tamano/racedetail/6120250627030010/?pageType=result,2026-08-31T06:25:59.856427+00:00,7-1/2-5/3-6-4,published,競輪毎日,楽天Kドリームス 並び予想
6120250627030012,2025-06-29,玉野競輪,F1,12,Ｓ級決勝,20:30,20:25,7,https://keirin.kdreams.jp/tamano/racedetail/6120250627030012/?pageType=result,2026-08-31T06:26:01.952538+00:00,1-7-5/3/2-4-6,published,競輪毎日,楽天Kドリームス 並び予想
5620250629020006,2025-06-30,岸和田競輪,F1,6,Ｓ級一般,13:01,12:56,6,https://keirin.kdreams.jp/kishiwada/racedetail/5620250629020006/?pageType=result,2026-08-31T06:27:49.848905+00:00,4-1-6/3-5-2,published,競輪研究,楽天Kドリームス 並び予想
5620250629020007,2025-06-30,岸和田競輪,F1,7,Ｓ級一般,13:31,13:26,7,https://keirin.kdreams.jp/kishiwada/racedetail/5620250629020007/?pageType=result,2026-08-31T06:27:51.507261+00:00,7-1-3/4-2-5-6,published,競輪研究,楽天Kドリームス 並び予想
5620250629020008,2025-06-30,岸和田競輪,F1,8,Ｓ級選抜,14:01,13:56,7,https://keirin.kdreams.jp/kishiwada/racedetail/5620250629020008/?pageType=result,2026-08-31T06:27:53.205643+00:00,4-1-6/5-2/3-7,published,競輪研究,楽天Kドリームス 並び予想
5620250629020009,2025-06-30,岸和田競輪,F1,9,Ｓ級選抜,14:31,14:26,7,https://keirin.kdreams.jp/kishiwada/racedetail/5620250629020009/?pageType=result,2026-08-31T06:27:54.848608+00:00,5-1-7/6-2/4-3,published,競輪研究,楽天Kドリームス 並び予想
5620250629020010,2025-06-30,岸和田競輪,F1,10,Ｓ級準決勝,15:01,14:56,7,https://keirin.kdreams.jp/kishiwada/racedetail/5620250629020010/?pageType=result,2026-08-31T06:27:56.533498+00:00,7-1/2/3-5/4/6,published,競輪研究,楽天Kドリームス 並び予想
5620250629020011,2025-06-30,岸和田競輪,F1,11,Ｓ級準決勝,15:31,15:26,7,https://keirin.kdreams.jp/kishiwada/racedetail/5620250629020011/?pageType=result,2026-08-31T06:27:58.354992+00:00,7-1/5-2-4/3-6,published,競輪研究,楽天Kドリームス 並び予想
5620250629020012,2025-06-30,岸和田競輪,F1,12,Ｓ級準決勝,16:02,15:57,7,https://keirin.kdreams.jp/kishiwada/racedetail/5620250629020012/?pageType=result,2026-08-31T06:28:01.149178+00:00,5-1-7/6-2/3-4,published,競輪研究,楽天Kドリームス 並び予想
3420250630010008,2025-06-30,川崎競輪,F1,8,Ｓ級予選,18:43,18:38,7,https://keirin.kdreams.jp/kawasaki/racedetail/3420250630010008/?pageType=result,2026-08-31T06:28:15.464171+00:00,7-3/5-1/4/2-6,published,小田競・サイクル,楽天Kドリームス 並び予想
3420250630010009,2025-06-30,川崎競輪,F1,9,Ｓ級予選,19:07,19:02,7,https://keirin.kdreams.jp/kawasaki/racedetail/3420250630010009/?pageType=result,2026-08-31T06:28:17.085050+00:00,4-1/7-2/3-6-5,published,小田競・サイクル,楽天Kドリームス 並び予想
3420250630010010,2025-06-30,川崎競輪,F1,10,Ｓ級予選,19:32,19:27,7,https://keirin.kdreams.jp/kawasaki/racedetail/3420250630010010/?pageType=result,2026-08-31T06:28:18.811730+00:00,7-1-4/2-6/5-3,published,小田競・サイクル,楽天Kドリームス 並び予想
3420250630010011,2025-06-30,川崎競輪,F1,11,Ｓ級予選,20:00,19:55,7,https://keirin.kdreams.jp/kawasaki/racedetail/3420250630010011/?pageType=result,2026-08-31T06:28:20.431376+00:00,4-3-7/6-1/5-2,published,小田競・サイクル,楽天Kドリームス 並び予想
3420250630010012,2025-06-30,川崎競輪,F1,12,Ｓ級初日特選,20:30,20:25,7,https://keirin.kdreams.jp/kawasaki/racedetail/3420250630010012/?pageType=result,2026-08-31T06:28:22.102632+00:00,2-5-6/3/1/7-4,published,小田競・サイクル,楽天Kドリームス 並び予想
