race_id,race_date,track,meeting_grade,class_scope,race_no,race_type,start_time,deadline,entry_count,source_url,captured_at_utc
8120240701010001,2024-07-01,小倉競輪,F2,A3 challenge,1,チャレンジ予選,21:00,20:55,7,https://keirin.kdreams.jp/kokura/racedetail/8120240701010001/?pageType=odds,2026-10-08T03:50:23.905091+00:00
8120240701010002,2024-07-01,小倉競輪,F2,A3 challenge,2,チャレンジ予選,21:25,21:20,7,https://keirin.kdreams.jp/kokura/racedetail/8120240701010002/?pageType=odds,2026-10-08T03:50:26.330813+00:00
8120240701010003,2024-07-01,小倉競輪,F2,A3 challenge,3,チャレンジ予選,21:50,21:45,7,https://keirin.kdreams.jp/kokura/racedetail/8120240701010003/?pageType=odds,2026-10-08T03:50:28.423739+00:00
8120240701010004,2024-07-01,小倉競輪,F2,A3 challenge,4,チャレンジ予選,22:15,22:10,7,https://keirin.kdreams.jp/kokura/racedetail/8120240701010004/?pageType=odds,2026-10-08T03:50:30.376185+00:00
8120240701010005,2024-07-01,小倉競輪,F2,A3 challenge,5,チャレンジ予選,22:40,22:35,7,https://keirin.kdreams.jp/kokura/racedetail/8120240701010005/?pageType=odds,2026-10-08T03:50:32.505597+00:00
8120240701010006,2024-07-01,小倉競輪,F2,A3 challenge,6,チャレンジ予選,23:05,23:00,7,https://keirin.kdreams.jp/kokura/racedetail/8120240701010006/?pageType=odds,2026-10-08T03:50:34.605302+00:00
8120240701010007,2024-07-01,小倉競輪,F2,A3 challenge,7,チャレンジ予選,23:30,23:25,7,https://keirin.kdreams.jp/kokura/racedetail/8120240701010007/?pageType=odds,2026-10-08T03:50:36.731030+00:00
2120240701010001,2024-07-01,弥彦競輪,F2,A3 challenge,1,チャレンジ予選,20:50,20:45,7,https://keirin.kdreams.jp/yahiko/racedetail/2120240701010001/?pageType=odds,2026-10-08T03:51:07.432529+00:00
2120240701010002,2024-07-01,弥彦競輪,F2,A3 challenge,2,チャレンジ予選,21:15,21:10,7,https://keirin.kdreams.jp/yahiko/racedetail/2120240701010002/?pageType=odds,2026-10-08T03:51:09.495060+00:00
2120240701010003,2024-07-01,弥彦競輪,F2,A3 challenge,3,チャレンジ予選,21:40,21:35,7,https://keirin.kdreams.jp/yahiko/racedetail/2120240701010003/?pageType=odds,2026-10-08T03:51:11.631863+00:00
2120240701010004,2024-07-01,弥彦競輪,F2,A3 challenge,4,チャレンジ予選,22:05,22:00,7,https://keirin.kdreams.jp/yahiko/racedetail/2120240701010004/?pageType=odds,2026-10-08T03:51:13.642105+00:00
2120240701010005,2024-07-01,弥彦競輪,F2,A3 challenge,5,チャレンジ予選,22:30,22:25,7,https://keirin.kdreams.jp/yahiko/racedetail/2120240701010005/?pageType=odds,2026-10-08T03:51:15.500246+00:00
2120240701010006,2024-07-01,弥彦競輪,F2,A3 challenge,6,チャレンジ予選,22:55,22:50,7,https://keirin.kdreams.jp/yahiko/racedetail/2120240701010006/?pageType=odds,2026-10-08T03:51:17.397913+00:00
2120240701010007,2024-07-01,弥彦競輪,F2,A3 challenge,7,チャレンジ予選,23:20,23:15,7,https://keirin.kdreams.jp/yahiko/racedetail/2120240701010007/?pageType=odds,2026-10-08T03:51:19.863200+00:00
8120240701020001,2024-07-02,小倉競輪,F2,A3 challenge,1,チャレンジ一般,21:00,20:55,7,https://keirin.kdreams.jp/kokura/racedetail/8120240701020001/?pageType=odds,2026-10-08T03:50:38.895069+00:00
8120240701020002,2024-07-02,小倉競輪,F2,A3 challenge,2,チャレンジ一般,21:25,21:20,7,https://keirin.kdreams.jp/kokura/racedetail/8120240701020002/?pageType=odds,2026-10-08T03:50:41.197405+00:00
8120240701020003,2024-07-02,小倉競輪,F2,A3 challenge,3,チャレンジ選抜,21:50,21:45,7,https://keirin.kdreams.jp/kokura/racedetail/8120240701020003/?pageType=odds,2026-10-08T03:50:43.236295+00:00
8120240701020004,2024-07-02,小倉競輪,F2,A3 challenge,4,チャレンジ選抜,22:15,22:10,7,https://keirin.kdreams.jp/kokura/racedetail/8120240701020004/?pageType=odds,2026-10-08T03:50:45.358127+00:00
8120240701020005,2024-07-02,小倉競輪,F2,A3 challenge,5,チャレンジ準決勝,22:40,22:35,7,https://keirin.kdreams.jp/kokura/racedetail/8120240701020005/?pageType=odds,2026-10-08T03:50:47.538270+00:00
8120240701020006,2024-07-02,小倉競輪,F2,A3 challenge,6,チャレンジ準決勝,23:05,23:00,7,https://keirin.kdreams.jp/kokura/racedetail/8120240701020006/?pageType=odds,2026-10-08T03:50:49.496499+00:00
8120240701020007,2024-07-02,小倉競輪,F2,A3 challenge,7,チャレンジ準決勝,23:30,23:25,7,https://keirin.kdreams.jp/kokura/racedetail/8120240701020007/?pageType=odds,2026-10-08T03:50:51.476299+00:00
2120240701020001,2024-07-02,弥彦競輪,F2,A3 challenge,1,チャレンジ一般,20:50,20:45,7,https://keirin.kdreams.jp/yahiko/racedetail/2120240701020001/?pageType=odds,2026-10-08T03:51:21.825790+00:00
2120240701020002,2024-07-02,弥彦競輪,F2,A3 challenge,2,チャレンジ一般,21:15,21:10,7,https://keirin.kdreams.jp/yahiko/racedetail/2120240701020002/?pageType=odds,2026-10-08T03:51:23.680832+00:00
2120240701020003,2024-07-02,弥彦競輪,F2,A3 challenge,3,チャレンジ選抜,21:40,21:35,7,https://keirin.kdreams.jp/yahiko/racedetail/2120240701020003/?pageType=odds,2026-10-08T03:51:25.847658+00:00
2120240701020004,2024-07-02,弥彦競輪,F2,A3 challenge,4,チャレンジ選抜,22:05,22:00,7,https://keirin.kdreams.jp/yahiko/racedetail/2120240701020004/?pageType=odds,2026-10-08T03:51:27.803595+00:00
2120240701020005,2024-07-02,弥彦競輪,F2,A3 challenge,5,チャレンジ準決勝,22:30,22:25,7,https://keirin.kdreams.jp/yahiko/racedetail/2120240701020005/?pageType=odds,2026-10-08T03:51:29.623358+00:00
2120240701020006,2024-07-02,弥彦競輪,F2,A3 challenge,6,チャレンジ準決勝,22:55,22:50,7,https://keirin.kdreams.jp/yahiko/racedetail/2120240701020006/?pageType=odds,2026-10-08T03:51:31.956293+00:00
2120240701020007,2024-07-02,弥彦競輪,F2,A3 challenge,7,チャレンジ準決勝,23:20,23:15,7,https://keirin.kdreams.jp/yahiko/racedetail/2120240701020007/?pageType=odds,2026-10-08T03:51:33.970560+00:00
8120240701030001,2024-07-03,小倉競輪,F2,A3 challenge,1,チャレンジ一般,21:00,20:55,7,https://keirin.kdreams.jp/kokura/racedetail/8120240701030001/?pageType=odds,2026-10-08T03:50:53.473259+00:00
8120240701030002,2024-07-03,小倉競輪,F2,A3 challenge,2,チャレンジ一般,21:25,21:20,7,https://keirin.kdreams.jp/kokura/racedetail/8120240701030002/?pageType=odds,2026-10-08T03:50:55.569089+00:00
8120240701030003,2024-07-03,小倉競輪,F2,A3 challenge,3,チャレンジ一般,21:50,21:45,7,https://keirin.kdreams.jp/kokura/racedetail/8120240701030003/?pageType=odds,2026-10-08T03:50:57.559324+00:00
8120240701030004,2024-07-03,小倉競輪,F2,A3 challenge,4,チャレンジ選抜,22:15,22:10,7,https://keirin.kdreams.jp/kokura/racedetail/8120240701030004/?pageType=odds,2026-10-08T03:50:59.432902+00:00
8120240701030005,2024-07-03,小倉競輪,F2,A3 challenge,5,チャレンジ選抜,22:40,22:35,7,https://keirin.kdreams.jp/kokura/racedetail/8120240701030005/?pageType=odds,2026-10-08T03:51:01.378278+00:00
8120240701030006,2024-07-03,小倉競輪,F2,A3 challenge,6,チャレンジ選抜,23:05,23:00,7,https://keirin.kdreams.jp/kokura/racedetail/8120240701030006/?pageType=odds,2026-10-08T03:51:03.365629+00:00
8120240701030007,2024-07-03,小倉競輪,F2,A3 challenge,7,チャレンジ決勝,23:30,23:25,7,https://keirin.kdreams.jp/kokura/racedetail/8120240701030007/?pageType=odds,2026-10-08T03:51:05.346033+00:00
2120240701030001,2024-07-03,弥彦競輪,F2,A3 challenge,1,チャレンジ一般,20:50,20:45,7,https://keirin.kdreams.jp/yahiko/racedetail/2120240701030001/?pageType=odds,2026-10-08T03:51:35.917358+00:00
2120240701030002,2024-07-03,弥彦競輪,F2,A3 challenge,2,チャレンジ一般,21:15,21:10,7,https://keirin.kdreams.jp/yahiko/racedetail/2120240701030002/?pageType=odds,2026-10-08T03:51:37.978291+00:00
2120240701030003,2024-07-03,弥彦競輪,F2,A3 challenge,3,チャレンジ一般,21:40,21:35,7,https://keirin.kdreams.jp/yahiko/racedetail/2120240701030003/?pageType=odds,2026-10-08T03:51:39.844336+00:00
2120240701030004,2024-07-03,弥彦競輪,F2,A3 challenge,4,チャレンジ選抜,22:05,22:00,7,https://keirin.kdreams.jp/yahiko/racedetail/2120240701030004/?pageType=odds,2026-10-08T03:51:41.845075+00:00
2120240701030005,2024-07-03,弥彦競輪,F2,A3 challenge,5,チャレンジ選抜,22:30,22:25,7,https://keirin.kdreams.jp/yahiko/racedetail/2120240701030005/?pageType=odds,2026-10-08T03:51:44.208108+00:00
2120240701030006,2024-07-03,弥彦競輪,F2,A3 challenge,6,チャレンジ選抜,22:55,22:50,7,https://keirin.kdreams.jp/yahiko/racedetail/2120240701030006/?pageType=odds,2026-10-08T03:51:45.482821+00:00
2120240701030007,2024-07-03,弥彦競輪,F2,A3 challenge,7,チャレンジ決勝,23:20,23:15,7,https://keirin.kdreams.jp/yahiko/racedetail/2120240701030007/?pageType=odds,2026-10-08T03:51:47.403753+00:00
4220240704010001,2024-07-04,名古屋競輪,F2,A3 challenge,1,チャレンジ予選,21:00,20:55,7,https://keirin.kdreams.jp/nagoya/racedetail/4220240704010001/?pageType=odds,2026-10-08T03:52:33.397848+00:00
4220240704010002,2024-07-04,名古屋競輪,F2,A3 challenge,2,チャレンジ予選,21:25,21:20,7,https://keirin.kdreams.jp/nagoya/racedetail/4220240704010002/?pageType=odds,2026-10-08T03:52:35.761605+00:00
4220240704010003,2024-07-04,名古屋競輪,F2,A3 challenge,3,チャレンジ予選,21:50,21:45,7,https://keirin.kdreams.jp/nagoya/racedetail/4220240704010003/?pageType=odds,2026-10-08T03:52:37.667027+00:00
4220240704010004,2024-07-04,名古屋競輪,F2,A3 challenge,4,チャレンジ予選,22:15,22:10,7,https://keirin.kdreams.jp/nagoya/racedetail/4220240704010004/?pageType=odds,2026-10-08T03:52:39.741704+00:00
4220240704010005,2024-07-04,名古屋競輪,F2,A3 challenge,5,チャレンジ予選,22:40,22:35,7,https://keirin.kdreams.jp/nagoya/racedetail/4220240704010005/?pageType=odds,2026-10-08T03:52:41.818620+00:00
4220240704010006,2024-07-04,名古屋競輪,F2,A3 challenge,6,チャレンジ予選,23:05,23:00,7,https://keirin.kdreams.jp/nagoya/racedetail/4220240704010006/?pageType=odds,2026-10-08T03:52:43.679655+00:00
4220240704010007,2024-07-04,名古屋競輪,F2,A3 challenge,7,チャレンジ予選,23:30,23:25,7,https://keirin.kdreams.jp/nagoya/racedetail/4220240704010007/?pageType=odds,2026-10-08T03:52:45.757106+00:00
5420240704010001,2024-07-04,向日町競輪,F2,A3 challenge,1,チャレンジ予選,20:40,20:35,7,https://keirin.kdreams.jp/mukomachi/racedetail/5420240704010001/?pageType=odds,2026-10-08T03:51:49.416079+00:00
5420240704010002,2024-07-04,向日町競輪,F2,A3 challenge,2,チャレンジ予選,21:05,21:00,7,https://keirin.kdreams.jp/mukomachi/racedetail/5420240704010002/?pageType=odds,2026-10-08T03:51:51.474288+00:00
5420240704010003,2024-07-04,向日町競輪,F2,A3 challenge,3,チャレンジ予選,21:30,21:25,7,https://keirin.kdreams.jp/mukomachi/racedetail/5420240704010003/?pageType=odds,2026-10-08T03:51:53.417819+00:00
5420240704010004,2024-07-04,向日町競輪,F2,A3 challenge,4,チャレンジ予選,21:55,21:50,7,https://keirin.kdreams.jp/mukomachi/racedetail/5420240704010004/?pageType=odds,2026-10-08T03:51:55.452613+00:00
5420240704010005,2024-07-04,向日町競輪,F2,A3 challenge,5,チャレンジ予選,22:20,22:15,7,https://keirin.kdreams.jp/mukomachi/racedetail/5420240704010005/?pageType=odds,2026-10-08T03:51:57.366621+00:00
5420240704010006,2024-07-04,向日町競輪,F2,A3 challenge,6,チャレンジ予選,22:45,22:40,7,https://keirin.kdreams.jp/mukomachi/racedetail/5420240704010006/?pageType=odds,2026-10-08T03:51:59.983750+00:00
5420240704010007,2024-07-04,向日町競輪,F2,A3 challenge,7,チャレンジ予選,23:10,23:05,7,https://keirin.kdreams.jp/mukomachi/racedetail/5420240704010007/?pageType=odds,2026-10-08T03:52:02.472204+00:00
2720240705010001,2024-07-05,京王閣競輪,F2,A3 challenge,1,チャレンジ予選,15:05,15:00,7,https://keirin.kdreams.jp/keiokaku/racedetail/2720240705010001/?pageType=odds,2026-10-08T03:53:16.835196+00:00
2720240705010002,2024-07-05,京王閣競輪,F2,A3 challenge,2,チャレンジ予選,15:30,15:25,7,https://keirin.kdreams.jp/keiokaku/racedetail/2720240705010002/?pageType=odds,2026-10-08T03:53:19.309444+00:00
2720240705010003,2024-07-05,京王閣競輪,F2,A3 challenge,3,チャレンジ予選,15:55,15:50,7,https://keirin.kdreams.jp/keiokaku/racedetail/2720240705010003/?pageType=odds,2026-10-08T03:53:21.546097+00:00
2720240705010004,2024-07-05,京王閣競輪,F2,A3 challenge,4,チャレンジ予選,16:20,16:15,7,https://keirin.kdreams.jp/keiokaku/racedetail/2720240705010004/?pageType=odds,2026-10-08T03:53:24.021563+00:00
2720240705010005,2024-07-05,京王閣競輪,F2,A3 challenge,5,チャレンジ予選,16:50,16:45,7,https://keirin.kdreams.jp/keiokaku/racedetail/2720240705010005/?pageType=odds,2026-10-08T03:53:26.035367+00:00
4220240704020001,2024-07-05,名古屋競輪,F2,A3 challenge,1,チャレンジ一般,21:00,20:55,6,https://keirin.kdreams.jp/nagoya/racedetail/4220240704020001/?pageType=odds,2026-10-08T03:52:47.622738+00:00
4220240704020002,2024-07-05,名古屋競輪,F2,A3 challenge,2,チャレンジ一般,21:25,21:20,6,https://keirin.kdreams.jp/nagoya/racedetail/4220240704020002/?pageType=odds,2026-10-08T03:52:49.838727+00:00
4220240704020003,2024-07-05,名古屋競輪,F2,A3 challenge,3,チャレンジ選抜,21:50,21:45,7,https://keirin.kdreams.jp/nagoya/racedetail/4220240704020003/?pageType=odds,2026-10-08T03:52:52.040328+00:00
4220240704020004,2024-07-05,名古屋競輪,F2,A3 challenge,4,チャレンジ選抜,22:15,22:10,7,https://keirin.kdreams.jp/nagoya/racedetail/4220240704020004/?pageType=odds,2026-10-08T03:52:54.060673+00:00
4220240704020005,2024-07-05,名古屋競輪,F2,A3 challenge,5,チャレンジ準決勝,22:40,22:35,7,https://keirin.kdreams.jp/nagoya/racedetail/4220240704020005/?pageType=odds,2026-10-08T03:52:56.142201+00:00
4220240704020006,2024-07-05,名古屋競輪,F2,A3 challenge,6,チャレンジ準決勝,23:05,23:00,7,https://keirin.kdreams.jp/nagoya/racedetail/4220240704020006/?pageType=odds,2026-10-08T03:52:58.255924+00:00
4220240704020007,2024-07-05,名古屋競輪,F2,A3 challenge,7,チャレンジ準決勝,23:30,23:25,7,https://keirin.kdreams.jp/nagoya/racedetail/4220240704020007/?pageType=odds,2026-10-08T03:53:00.154652+00:00
5420240704020001,2024-07-05,向日町競輪,F2,A3 challenge,1,チャレンジ一般,20:40,20:35,7,https://keirin.kdreams.jp/mukomachi/racedetail/5420240704020001/?pageType=odds,2026-10-08T03:52:04.474807+00:00
5420240704020002,2024-07-05,向日町競輪,F2,A3 challenge,2,チャレンジ一般,21:05,21:00,7,https://keirin.kdreams.jp/mukomachi/racedetail/5420240704020002/?pageType=odds,2026-10-08T03:52:06.698481+00:00
5420240704020003,2024-07-05,向日町競輪,F2,A3 challenge,3,チャレンジ選抜,21:30,21:25,7,https://keirin.kdreams.jp/mukomachi/racedetail/5420240704020003/?pageType=odds,2026-10-08T03:52:08.804004+00:00
5420240704020004,2024-07-05,向日町競輪,F2,A3 challenge,4,チャレンジ選抜,21:55,21:50,7,https://keirin.kdreams.jp/mukomachi/racedetail/5420240704020004/?pageType=odds,2026-10-08T03:52:11.060230+00:00
5420240704020005,2024-07-05,向日町競輪,F2,A3 challenge,5,チャレンジ準決勝,22:20,22:15,7,https://keirin.kdreams.jp/mukomachi/racedetail/5420240704020005/?pageType=odds,2026-10-08T03:52:13.097707+00:00
5420240704020006,2024-07-05,向日町競輪,F2,A3 challenge,6,チャレンジ準決勝,22:45,22:40,7,https://keirin.kdreams.jp/mukomachi/racedetail/5420240704020006/?pageType=odds,2026-10-08T03:52:15.112729+00:00
5420240704020007,2024-07-05,向日町競輪,F2,A3 challenge,7,チャレンジ準決勝,23:10,23:05,7,https://keirin.kdreams.jp/mukomachi/racedetail/5420240704020007/?pageType=odds,2026-10-08T03:52:17.101944+00:00
5520240705010001,2024-07-05,和歌山競輪,F2,A3 challenge,1,チャレンジ予選,08:40,08:35,7,https://keirin.kdreams.jp/wakayama/racedetail/5520240705010001/?pageType=odds,2026-10-08T03:54:20.832378+00:00
5520240705010002,2024-07-05,和歌山競輪,F2,A3 challenge,2,チャレンジ予選,09:00,08:55,7,https://keirin.kdreams.jp/wakayama/racedetail/5520240705010002/?pageType=odds,2026-10-08T03:54:22.728013+00:00
5520240705010003,2024-07-05,和歌山競輪,F2,A3 challenge,3,チャレンジ予選,09:20,09:15,7,https://keirin.kdreams.jp/wakayama/racedetail/5520240705010003/?pageType=odds,2026-10-08T03:54:24.739961+00:00
5520240705010004,2024-07-05,和歌山競輪,F2,A3 challenge,4,チャレンジ予選,09:40,09:35,7,https://keirin.kdreams.jp/wakayama/racedetail/5520240705010004/?pageType=odds,2026-10-08T03:54:26.675211+00:00
5520240705010005,2024-07-05,和歌山競輪,F2,A3 challenge,5,チャレンジ予選,10:00,09:55,7,https://keirin.kdreams.jp/wakayama/racedetail/5520240705010005/?pageType=odds,2026-10-08T03:54:28.653339+00:00
4420240705010001,2024-07-05,大垣競輪,F2,A3 challenge,1,チャレンジ予選,10:46,10:41,7,https://keirin.kdreams.jp/ogaki/racedetail/4420240705010001/?pageType=odds,2026-10-08T03:53:48.987771+00:00
4420240705010002,2024-07-05,大垣競輪,F2,A3 challenge,2,チャレンジ予選,11:12,11:07,7,https://keirin.kdreams.jp/ogaki/racedetail/4420240705010002/?pageType=odds,2026-10-08T03:53:50.910757+00:00
4420240705010003,2024-07-05,大垣競輪,F2,A3 challenge,3,チャレンジ予選,11:38,11:33,7,https://keirin.kdreams.jp/ogaki/racedetail/4420240705010003/?pageType=odds,2026-10-08T03:53:52.888668+00:00
4420240705010004,2024-07-05,大垣競輪,F2,A3 challenge,4,チャレンジ予選,12:05,12:00,7,https://keirin.kdreams.jp/ogaki/racedetail/4420240705010004/?pageType=odds,2026-10-08T03:53:54.820148+00:00
4420240705010005,2024-07-05,大垣競輪,F2,A3 challenge,5,チャレンジ予選,12:33,12:28,7,https://keirin.kdreams.jp/ogaki/racedetail/4420240705010005/?pageType=odds,2026-10-08T03:53:56.928892+00:00
2720240705020001,2024-07-06,京王閣競輪,F2,A3 challenge,1,チャレンジ一般,15:10,15:05,6,https://keirin.kdreams.jp/keiokaku/racedetail/2720240705020001/?pageType=odds,2026-10-08T03:53:27.793481+00:00
2720240705020002,2024-07-06,京王閣競輪,F2,A3 challenge,2,チャレンジ一般,15:40,15:35,7,https://keirin.kdreams.jp/keiokaku/racedetail/2720240705020002/?pageType=odds,2026-10-08T03:53:29.930704+00:00
2720240705020003,2024-07-06,京王閣競輪,F2,A3 challenge,3,チャレンジ準決勝,16:10,16:05,7,https://keirin.kdreams.jp/keiokaku/racedetail/2720240705020003/?pageType=odds,2026-10-08T03:53:32.257280+00:00
2720240705020004,2024-07-06,京王閣競輪,F2,A3 challenge,4,チャレンジ準決勝,16:35,16:30,7,https://keirin.kdreams.jp/keiokaku/racedetail/2720240705020004/?pageType=odds,2026-10-08T03:53:34.300205+00:00
2720240705020005,2024-07-06,京王閣競輪,F2,A3 challenge,5,チャレンジ準決勝,17:00,16:55,7,https://keirin.kdreams.jp/keiokaku/racedetail/2720240705020005/?pageType=odds,2026-10-08T03:53:36.164544+00:00
4220240704030001,2024-07-06,名古屋競輪,F2,A3 challenge,1,チャレンジ一般,21:00,20:55,5,https://keirin.kdreams.jp/nagoya/racedetail/4220240704030001/?pageType=odds,2026-10-08T03:53:01.863698+00:00
4220240704030002,2024-07-06,名古屋競輪,F2,A3 challenge,2,チャレンジ一般,21:25,21:20,6,https://keirin.kdreams.jp/nagoya/racedetail/4220240704030002/?pageType=odds,2026-10-08T03:53:04.162940+00:00
4220240704030003,2024-07-06,名古屋競輪,F2,A3 challenge,3,チャレンジ一般,21:50,21:45,6,https://keirin.kdreams.jp/nagoya/racedetail/4220240704030003/?pageType=odds,2026-10-08T03:53:06.249221+00:00
4220240704030004,2024-07-06,名古屋競輪,F2,A3 challenge,4,チャレンジ選抜,22:15,22:10,7,https://keirin.kdreams.jp/nagoya/racedetail/4220240704030004/?pageType=odds,2026-10-08T03:53:08.351630+00:00
4220240704030005,2024-07-06,名古屋競輪,F2,A3 challenge,5,チャレンジ選抜,22:40,22:35,7,https://keirin.kdreams.jp/nagoya/racedetail/4220240704030005/?pageType=odds,2026-10-08T03:53:10.452298+00:00
4220240704030006,2024-07-06,名古屋競輪,F2,A3 challenge,6,チャレンジ選抜,23:05,23:00,7,https://keirin.kdreams.jp/nagoya/racedetail/4220240704030006/?pageType=odds,2026-10-08T03:53:12.519614+00:00
4220240704030007,2024-07-06,名古屋競輪,F2,A3 challenge,7,チャレンジ決勝,23:30,23:25,7,https://keirin.kdreams.jp/nagoya/racedetail/4220240704030007/?pageType=odds,2026-10-08T03:53:14.917042+00:00
5420240704030001,2024-07-06,向日町競輪,F2,A3 challenge,1,チャレンジ一般,20:40,20:35,6,https://keirin.kdreams.jp/mukomachi/racedetail/5420240704030001/?pageType=odds,2026-10-08T03:52:18.968531+00:00
5420240704030002,2024-07-06,向日町競輪,F2,A3 challenge,2,チャレンジ一般,21:05,21:00,6,https://keirin.kdreams.jp/mukomachi/racedetail/5420240704030002/?pageType=odds,2026-10-08T03:52:20.759644+00:00
5420240704030003,2024-07-06,向日町競輪,F2,A3 challenge,3,チャレンジ一般,21:30,21:25,7,https://keirin.kdreams.jp/mukomachi/racedetail/5420240704030003/?pageType=odds,2026-10-08T03:52:22.788528+00:00
5420240704030004,2024-07-06,向日町競輪,F2,A3 challenge,4,チャレンジ選抜,21:55,21:50,7,https://keirin.kdreams.jp/mukomachi/racedetail/5420240704030004/?pageType=odds,2026-10-08T03:52:25.292566+00:00
5420240704030005,2024-07-06,向日町競輪,F2,A3 challenge,5,チャレンジ選抜,22:20,22:15,7,https://keirin.kdreams.jp/mukomachi/racedetail/5420240704030005/?pageType=odds,2026-10-08T03:52:27.327054+00:00
5420240704030006,2024-07-06,向日町競輪,F2,A3 challenge,6,チャレンジ選抜,22:45,22:40,7,https://keirin.kdreams.jp/mukomachi/racedetail/5420240704030006/?pageType=odds,2026-10-08T03:52:29.226695+00:00
5420240704030007,2024-07-06,向日町競輪,F2,A3 challenge,7,チャレンジ決勝,23:10,23:05,7,https://keirin.kdreams.jp/mukomachi/racedetail/5420240704030007/?pageType=odds,2026-10-08T03:52:31.114118+00:00
5520240705020001,2024-07-06,和歌山競輪,F2,A3 challenge,1,チャレンジ一般,08:40,08:35,6,https://keirin.kdreams.jp/wakayama/racedetail/5520240705020001/?pageType=odds,2026-10-08T03:54:31.079184+00:00
5520240705020002,2024-07-06,和歌山競輪,F2,A3 challenge,2,チャレンジ一般,09:00,08:55,6,https://keirin.kdreams.jp/wakayama/racedetail/5520240705020002/?pageType=odds,2026-10-08T03:54:33.185365+00:00
5520240705020003,2024-07-06,和歌山競輪,F2,A3 challenge,3,チャレンジ準決勝,09:20,09:15,7,https://keirin.kdreams.jp/wakayama/racedetail/5520240705020003/?pageType=odds,2026-10-08T03:54:35.771643+00:00
5520240705020004,2024-07-06,和歌山競輪,F2,A3 challenge,4,チャレンジ準決勝,09:40,09:35,7,https://keirin.kdreams.jp/wakayama/racedetail/5520240705020004/?pageType=odds,2026-10-08T03:54:37.770771+00:00
5520240705020005,2024-07-06,和歌山競輪,F2,A3 challenge,5,チャレンジ準決勝,10:00,09:55,7,https://keirin.kdreams.jp/wakayama/racedetail/5520240705020005/?pageType=odds,2026-10-08T03:54:39.817851+00:00
4420240705020001,2024-07-06,大垣競輪,F2,A3 challenge,1,チャレンジ一般,10:46,10:41,7,https://keirin.kdreams.jp/ogaki/racedetail/4420240705020001/?pageType=odds,2026-10-08T03:53:58.882905+00:00
4420240705020002,2024-07-06,大垣競輪,F2,A3 challenge,2,チャレンジ一般,11:12,11:07,7,https://keirin.kdreams.jp/ogaki/racedetail/4420240705020002/?pageType=odds,2026-10-08T03:54:01.282328+00:00
4420240705020003,2024-07-06,大垣競輪,F2,A3 challenge,3,チャレンジ準決勝,11:38,11:33,7,https://keirin.kdreams.jp/ogaki/racedetail/4420240705020003/?pageType=odds,2026-10-08T03:54:03.415436+00:00
4420240705020004,2024-07-06,大垣競輪,F2,A3 challenge,4,チャレンジ準決勝,12:05,12:00,7,https://keirin.kdreams.jp/ogaki/racedetail/4420240705020004/?pageType=odds,2026-10-08T03:54:06.183141+00:00
4420240705020005,2024-07-06,大垣競輪,F2,A3 challenge,5,チャレンジ準決勝,12:33,12:28,7,https://keirin.kdreams.jp/ogaki/racedetail/4420240705020005/?pageType=odds,2026-10-08T03:54:08.445308+00:00
1320240707010001,2024-07-07,いわき平競輪,F2,A3 challenge,1,チャレンジ予選,15:33,15:28,7,https://keirin.kdreams.jp/iwakitaira/racedetail/1320240707010001/?pageType=odds,2026-10-08T03:54:51.848643+00:00
1320240707010002,2024-07-07,いわき平競輪,F2,A3 challenge,2,チャレンジ予選,15:58,15:53,7,https://keirin.kdreams.jp/iwakitaira/racedetail/1320240707010002/?pageType=odds,2026-10-08T03:54:53.772452+00:00
1320240707010003,2024-07-07,いわき平競輪,F2,A3 challenge,3,チャレンジ予選,16:23,16:18,7,https://keirin.kdreams.jp/iwakitaira/racedetail/1320240707010003/?pageType=odds,2026-10-08T03:54:55.531010+00:00
1320240707010004,2024-07-07,いわき平競輪,F2,A3 challenge,4,チャレンジ予選,16:48,16:43,7,https://keirin.kdreams.jp/iwakitaira/racedetail/1320240707010004/?pageType=odds,2026-10-08T03:54:57.419371+00:00
1320240707010005,2024-07-07,いわき平競輪,F2,A3 challenge,5,チャレンジ予選,17:13,17:08,7,https://keirin.kdreams.jp/iwakitaira/racedetail/1320240707010005/?pageType=odds,2026-10-08T03:54:59.363200+00:00
2720240705030001,2024-07-07,京王閣競輪,F2,A3 challenge,1,チャレンジ一般,15:37,15:32,7,https://keirin.kdreams.jp/keiokaku/racedetail/2720240705030001/?pageType=odds,2026-10-08T03:53:38.059400+00:00
2720240705030002,2024-07-07,京王閣競輪,F2,A3 challenge,2,チャレンジ一般,16:07,16:02,7,https://keirin.kdreams.jp/keiokaku/racedetail/2720240705030002/?pageType=odds,2026-10-08T03:53:40.039399+00:00
2720240705030003,2024-07-07,京王閣競輪,F2,A3 challenge,3,チャレンジ選抜,16:32,16:27,7,https://keirin.kdreams.jp/keiokaku/racedetail/2720240705030003/?pageType=odds,2026-10-08T03:53:42.573040+00:00
2720240705030004,2024-07-07,京王閣競輪,F2,A3 challenge,4,チャレンジ選抜,16:57,16:52,7,https://keirin.kdreams.jp/keiokaku/racedetail/2720240705030004/?pageType=odds,2026-10-08T03:53:44.454982+00:00
2720240705030008,2024-07-07,京王閣競輪,F2,A3 challenge,8,チャレンジ決勝,18:37,18:32,7,https://keirin.kdreams.jp/keiokaku/racedetail/2720240705030008/?pageType=odds,2026-10-08T03:53:46.920324+00:00
5520240705030001,2024-07-07,和歌山競輪,F2,A3 challenge,1,チャレンジ一般,08:40,08:35,5,https://keirin.kdreams.jp/wakayama/racedetail/5520240705030001/?pageType=odds,2026-10-08T03:54:41.617975+00:00
5520240705030002,2024-07-07,和歌山競輪,F2,A3 challenge,2,チャレンジ一般,09:00,08:55,6,https://keirin.kdreams.jp/wakayama/racedetail/5520240705030002/?pageType=odds,2026-10-08T03:54:43.514880+00:00
5520240705030003,2024-07-07,和歌山競輪,F2,A3 challenge,3,チャレンジ選抜,09:20,09:15,7,https://keirin.kdreams.jp/wakayama/racedetail/5520240705030003/?pageType=odds,2026-10-08T03:54:45.439350+00:00
5520240705030004,2024-07-07,和歌山競輪,F2,A3 challenge,4,チャレンジ選抜,09:40,09:35,7,https://keirin.kdreams.jp/wakayama/racedetail/5520240705030004/?pageType=odds,2026-10-08T03:54:47.464738+00:00
5520240705030006,2024-07-07,和歌山競輪,F2,A3 challenge,6,チャレンジ決勝,10:20,10:15,7,https://keirin.kdreams.jp/wakayama/racedetail/5520240705030006/?pageType=odds,2026-10-08T03:54:49.461559+00:00
4420240705030001,2024-07-07,大垣競輪,F2,A3 challenge,1,チャレンジ一般,10:46,10:41,6,https://keirin.kdreams.jp/ogaki/racedetail/4420240705030001/?pageType=odds,2026-10-08T03:54:10.341408+00:00
4420240705030002,2024-07-07,大垣競輪,F2,A3 challenge,2,チャレンジ一般,11:12,11:07,7,https://keirin.kdreams.jp/ogaki/racedetail/4420240705030002/?pageType=odds,2026-10-08T03:54:12.434887+00:00
4420240705030003,2024-07-07,大垣競輪,F2,A3 challenge,3,チャレンジ選抜,11:38,11:33,7,https://keirin.kdreams.jp/ogaki/racedetail/4420240705030003/?pageType=odds,2026-10-08T03:54:14.572288+00:00
4420240705030004,2024-07-07,大垣競輪,F2,A3 challenge,4,チャレンジ選抜,12:05,12:00,7,https://keirin.kdreams.jp/ogaki/racedetail/4420240705030004/?pageType=odds,2026-10-08T03:54:16.770968+00:00
4420240705030011,2024-07-07,大垣競輪,F2,A3 challenge,11,チャレンジ決勝,15:51,15:46,7,https://keirin.kdreams.jp/ogaki/racedetail/4420240705030011/?pageType=odds,2026-10-08T03:54:18.901058+00:00
1320240707020001,2024-07-08,いわき平競輪,F2,A3 challenge,1,チャレンジ一般,15:33,15:28,5,https://keirin.kdreams.jp/iwakitaira/racedetail/1320240707020001/?pageType=odds,2026-10-08T03:55:01.259218+00:00
1320240707020002,2024-07-08,いわき平競輪,F2,A3 challenge,2,チャレンジ一般,15:58,15:53,6,https://keirin.kdreams.jp/iwakitaira/racedetail/1320240707020002/?pageType=odds,2026-10-08T03:55:02.977400+00:00
1320240707020003,2024-07-08,いわき平競輪,F2,A3 challenge,3,チャレンジ準決勝,16:23,16:18,7,https://keirin.kdreams.jp/iwakitaira/racedetail/1320240707020003/?pageType=odds,2026-10-08T03:55:04.932461+00:00
1320240707020004,2024-07-08,いわき平競輪,F2,A3 challenge,4,チャレンジ準決勝,16:48,16:43,7,https://keirin.kdreams.jp/iwakitaira/racedetail/1320240707020004/?pageType=odds,2026-10-08T03:55:06.964657+00:00
1320240707020005,2024-07-08,いわき平競輪,F2,A3 challenge,5,チャレンジ準決勝,17:13,17:08,7,https://keirin.kdreams.jp/iwakitaira/racedetail/1320240707020005/?pageType=odds,2026-10-08T03:55:09.012367+00:00
1320240707030001,2024-07-09,いわき平競輪,F2,A3 challenge,1,チャレンジ一般,15:40,15:35,5,https://keirin.kdreams.jp/iwakitaira/racedetail/1320240707030001/?pageType=odds,2026-10-08T03:55:10.816681+00:00
1320240707030002,2024-07-09,いわき平競輪,F2,A3 challenge,2,チャレンジ一般,16:05,16:00,5,https://keirin.kdreams.jp/iwakitaira/racedetail/1320240707030002/?pageType=odds,2026-10-08T03:55:12.651887+00:00
1320240707030003,2024-07-09,いわき平競輪,F2,A3 challenge,3,チャレンジ選抜,16:30,16:25,7,https://keirin.kdreams.jp/iwakitaira/racedetail/1320240707030003/?pageType=odds,2026-10-08T03:55:14.514368+00:00
1320240707030004,2024-07-09,いわき平競輪,F2,A3 challenge,4,チャレンジ選抜,16:55,16:50,7,https://keirin.kdreams.jp/iwakitaira/racedetail/1320240707030004/?pageType=odds,2026-10-08T03:55:16.521682+00:00
1320240707030010,2024-07-09,いわき平競輪,F2,A3 challenge,10,チャレンジ決勝,19:25,19:20,7,https://keirin.kdreams.jp/iwakitaira/racedetail/1320240707030010/?pageType=odds,2026-10-08T03:55:18.680353+00:00
4320240709010001,2024-07-09,岐阜競輪,F2,A3 challenge,1,チャレンジ予選,10:47,10:42,7,https://keirin.kdreams.jp/gifu/racedetail/4320240709010001/?pageType=odds,2026-10-08T03:55:20.646133+00:00
4320240709010002,2024-07-09,岐阜競輪,F2,A3 challenge,2,チャレンジ予選,11:14,11:09,7,https://keirin.kdreams.jp/gifu/racedetail/4320240709010002/?pageType=odds,2026-10-08T03:55:22.623482+00:00
4320240709010003,2024-07-09,岐阜競輪,F2,A3 challenge,3,チャレンジ予選,11:43,11:38,7,https://keirin.kdreams.jp/gifu/racedetail/4320240709010003/?pageType=odds,2026-10-08T03:55:24.570843+00:00
4320240709010004,2024-07-09,岐阜競輪,F2,A3 challenge,4,チャレンジ予選,12:13,12:08,7,https://keirin.kdreams.jp/gifu/racedetail/4320240709010004/?pageType=odds,2026-10-08T03:55:26.817180+00:00
4320240709010005,2024-07-09,岐阜競輪,F2,A3 challenge,5,チャレンジ予選,12:43,12:38,7,https://keirin.kdreams.jp/gifu/racedetail/4320240709010005/?pageType=odds,2026-10-08T03:55:28.744795+00:00
4320240709020001,2024-07-10,岐阜競輪,F2,A3 challenge,1,チャレンジ一般,10:47,10:42,7,https://keirin.kdreams.jp/gifu/racedetail/4320240709020001/?pageType=odds,2026-10-08T03:55:30.707583+00:00
4320240709020002,2024-07-10,岐阜競輪,F2,A3 challenge,2,チャレンジ一般,11:14,11:09,7,https://keirin.kdreams.jp/gifu/racedetail/4320240709020002/?pageType=odds,2026-10-08T03:55:32.715311+00:00
4320240709020003,2024-07-10,岐阜競輪,F2,A3 challenge,3,チャレンジ準決勝,11:43,11:38,7,https://keirin.kdreams.jp/gifu/racedetail/4320240709020003/?pageType=odds,2026-10-08T03:55:34.689060+00:00
4320240709020004,2024-07-10,岐阜競輪,F2,A3 challenge,4,チャレンジ準決勝,12:13,12:08,7,https://keirin.kdreams.jp/gifu/racedetail/4320240709020004/?pageType=odds,2026-10-08T03:55:37.019097+00:00
4320240709020005,2024-07-10,岐阜競輪,F2,A3 challenge,5,チャレンジ準決勝,12:43,12:38,7,https://keirin.kdreams.jp/gifu/racedetail/4320240709020005/?pageType=odds,2026-10-08T03:55:38.806689+00:00
4520240710010001,2024-07-10,豊橋競輪,F2,A3 challenge,1,チャレンジ予選,08:40,08:35,7,https://keirin.kdreams.jp/toyohashi/racedetail/4520240710010001/?pageType=odds,2026-10-08T03:56:40.084867+00:00
4520240710010002,2024-07-10,豊橋競輪,F2,A3 challenge,2,チャレンジ予選,09:00,08:55,7,https://keirin.kdreams.jp/toyohashi/racedetail/4520240710010002/?pageType=odds,2026-10-08T03:56:42.172085+00:00
4520240710010003,2024-07-10,豊橋競輪,F2,A3 challenge,3,チャレンジ予選,09:20,09:15,7,https://keirin.kdreams.jp/toyohashi/racedetail/4520240710010003/?pageType=odds,2026-10-08T03:56:44.423186+00:00
4520240710010004,2024-07-10,豊橋競輪,F2,A3 challenge,4,チャレンジ予選,09:40,09:35,7,https://keirin.kdreams.jp/toyohashi/racedetail/4520240710010004/?pageType=odds,2026-10-08T03:56:46.360903+00:00
4520240710010005,2024-07-10,豊橋競輪,F2,A3 challenge,5,チャレンジ予選,10:00,09:55,7,https://keirin.kdreams.jp/toyohashi/racedetail/4520240710010005/?pageType=odds,2026-10-08T03:56:48.348040+00:00
1220240710010001,2024-07-10,青森競輪,F2,A3 challenge,1,チャレンジ予選,20:50,20:45,7,https://keirin.kdreams.jp/aomori/racedetail/1220240710010001/?pageType=odds,2026-10-08T03:55:50.807221+00:00
1220240710010002,2024-07-10,青森競輪,F2,A3 challenge,2,チャレンジ予選,21:10,21:05,7,https://keirin.kdreams.jp/aomori/racedetail/1220240710010002/?pageType=odds,2026-10-08T03:55:52.719129+00:00
1220240710010003,2024-07-10,青森競輪,F2,A3 challenge,3,チャレンジ予選,21:30,21:25,7,https://keirin.kdreams.jp/aomori/racedetail/1220240710010003/?pageType=odds,2026-10-08T03:55:55.053907+00:00
1220240710010004,2024-07-10,青森競輪,F2,A3 challenge,4,チャレンジ予選,21:50,21:45,7,https://keirin.kdreams.jp/aomori/racedetail/1220240710010004/?pageType=odds,2026-10-08T03:55:57.162367+00:00
7420240710010001,2024-07-10,高知競輪,F2,A3 challenge,1,チャレンジ予選,20:40,20:35,7,https://keirin.kdreams.jp/kochi/racedetail/7420240710010001/?pageType=odds,2026-10-08T03:56:15.149435+00:00
7420240710010002,2024-07-10,高知競輪,F2,A3 challenge,2,チャレンジ予選,21:00,20:55,7,https://keirin.kdreams.jp/kochi/racedetail/7420240710010002/?pageType=odds,2026-10-08T03:56:17.045749+00:00
7420240710010003,2024-07-10,高知競輪,F2,A3 challenge,3,チャレンジ予選,21:20,21:15,7,https://keirin.kdreams.jp/kochi/racedetail/7420240710010003/?pageType=odds,2026-10-08T03:56:19.005485+00:00
7420240710010004,2024-07-10,高知競輪,F2,A3 challenge,4,チャレンジ予選,21:40,21:35,7,https://keirin.kdreams.jp/kochi/racedetail/7420240710010004/?pageType=odds,2026-10-08T03:56:21.131157+00:00
4320240709030001,2024-07-11,岐阜競輪,F2,A3 challenge,1,チャレンジ一般,10:47,10:42,6,https://keirin.kdreams.jp/gifu/racedetail/4320240709030001/?pageType=odds,2026-10-08T03:55:40.850981+00:00
4320240709030002,2024-07-11,岐阜競輪,F2,A3 challenge,2,チャレンジ一般,11:14,11:09,7,https://keirin.kdreams.jp/gifu/racedetail/4320240709030002/?pageType=odds,2026-10-08T03:55:42.687489+00:00
4320240709030003,2024-07-11,岐阜競輪,F2,A3 challenge,3,チャレンジ選抜,11:43,11:38,7,https://keirin.kdreams.jp/gifu/racedetail/4320240709030003/?pageType=odds,2026-10-08T03:55:44.591330+00:00
4320240709030004,2024-07-11,岐阜競輪,F2,A3 challenge,4,チャレンジ選抜,12:13,12:08,7,https://keirin.kdreams.jp/gifu/racedetail/4320240709030004/?pageType=odds,2026-10-08T03:55:46.658245+00:00
4320240709030010,2024-07-11,岐阜競輪,F2,A3 challenge,10,チャレンジ決勝,15:18,15:13,7,https://keirin.kdreams.jp/gifu/racedetail/4320240709030010/?pageType=odds,2026-10-08T03:55:48.800151+00:00
4520240710020001,2024-07-11,豊橋競輪,F2,A3 challenge,1,チャレンジ一般,08:30,08:25,6,https://keirin.kdreams.jp/toyohashi/racedetail/4520240710020001/?pageType=odds,2026-10-08T03:56:50.259609+00:00
4520240710020002,2024-07-11,豊橋競輪,F2,A3 challenge,2,チャレンジ一般,08:50,08:45,6,https://keirin.kdreams.jp/toyohashi/racedetail/4520240710020002/?pageType=odds,2026-10-08T03:56:52.194649+00:00
4520240710020003,2024-07-11,豊橋競輪,F2,A3 challenge,3,チャレンジ準決勝,09:10,09:05,7,https://keirin.kdreams.jp/toyohashi/racedetail/4520240710020003/?pageType=odds,2026-10-08T03:56:54.292363+00:00
4520240710020004,2024-07-11,豊橋競輪,F2,A3 challenge,4,チャレンジ準決勝,09:30,09:25,7,https://keirin.kdreams.jp/toyohashi/racedetail/4520240710020004/?pageType=odds,2026-10-08T03:56:56.261498+00:00
4520240710020005,2024-07-11,豊橋競輪,F2,A3 challenge,5,チャレンジ準決勝,09:50,09:45,7,https://keirin.kdreams.jp/toyohashi/racedetail/4520240710020005/?pageType=odds,2026-10-08T03:56:58.527033+00:00
1220240710020001,2024-07-11,青森競輪,F2,A3 challenge,1,チャレンジ一般,20:50,20:45,7,https://keirin.kdreams.jp/aomori/racedetail/1220240710020001/?pageType=odds,2026-10-08T03:55:59.208603+00:00
1220240710020002,2024-07-11,青森競輪,F2,A3 challenge,2,チャレンジ一般,21:10,21:05,7,https://keirin.kdreams.jp/aomori/racedetail/1220240710020002/?pageType=odds,2026-10-08T03:56:01.080569+00:00
1220240710020003,2024-07-11,青森競輪,F2,A3 challenge,3,チャレンジ準決勝,21:30,21:25,7,https://keirin.kdreams.jp/aomori/racedetail/1220240710020003/?pageType=odds,2026-10-08T03:56:03.077636+00:00
1220240710020004,2024-07-11,青森競輪,F2,A3 challenge,4,チャレンジ準決勝,21:50,21:45,7,https://keirin.kdreams.jp/aomori/racedetail/1220240710020004/?pageType=odds,2026-10-08T03:56:04.963892+00:00
7420240710020001,2024-07-11,高知競輪,F2,A3 challenge,1,チャレンジ一般,20:40,20:35,7,https://keirin.kdreams.jp/kochi/racedetail/7420240710020001/?pageType=odds,2026-10-08T03:56:23.601721+00:00
7420240710020002,2024-07-11,高知競輪,F2,A3 challenge,2,チャレンジ一般,21:00,20:55,7,https://keirin.kdreams.jp/kochi/racedetail/7420240710020002/?pageType=odds,2026-10-08T03:56:25.488361+00:00
7420240710020003,2024-07-11,高知競輪,F2,A3 challenge,3,チャレンジ準決勝,21:20,21:15,7,https://keirin.kdreams.jp/kochi/racedetail/7420240710020003/?pageType=odds,2026-10-08T03:56:27.556818+00:00
7420240710020004,2024-07-11,高知競輪,F2,A3 challenge,4,チャレンジ準決勝,21:40,21:35,7,https://keirin.kdreams.jp/kochi/racedetail/7420240710020004/?pageType=odds,2026-10-08T03:56:29.608255+00:00
4520240710030001,2024-07-12,豊橋競輪,F2,A3 challenge,1,チャレンジ一般,08:30,08:25,6,https://keirin.kdreams.jp/toyohashi/racedetail/4520240710030001/?pageType=odds,2026-10-08T03:57:00.827376+00:00
4520240710030002,2024-07-12,豊橋競輪,F2,A3 challenge,2,チャレンジ一般,08:50,08:45,5,https://keirin.kdreams.jp/toyohashi/racedetail/4520240710030002/?pageType=odds,2026-10-08T03:57:02.604623+00:00
4520240710030003,2024-07-12,豊橋競輪,F2,A3 challenge,3,チャレンジ選抜,09:10,09:05,7,https://keirin.kdreams.jp/toyohashi/racedetail/4520240710030003/?pageType=odds,2026-10-08T03:57:04.721792+00:00
4520240710030004,2024-07-12,豊橋競輪,F2,A3 challenge,4,チャレンジ選抜,09:30,09:25,7,https://keirin.kdreams.jp/toyohashi/racedetail/4520240710030004/?pageType=odds,2026-10-08T03:57:06.905799+00:00
4520240710030010,2024-07-12,豊橋競輪,F2,A3 challenge,10,チャレンジ決勝,11:50,11:45,7,https://keirin.kdreams.jp/toyohashi/racedetail/4520240710030010/?pageType=odds,2026-10-08T03:57:09.258341+00:00
1220240710030001,2024-07-12,青森競輪,F2,A3 challenge,1,チャレンジ一般,20:50,20:45,6,https://keirin.kdreams.jp/aomori/racedetail/1220240710030001/?pageType=odds,2026-10-08T03:56:07.118254+00:00
1220240710030002,2024-07-12,青森競輪,F2,A3 challenge,2,チャレンジ一般,21:10,21:05,7,https://keirin.kdreams.jp/aomori/racedetail/1220240710030002/?pageType=odds,2026-10-08T03:56:09.088601+00:00
1220240710030003,2024-07-12,青森競輪,F2,A3 challenge,3,チャレンジ選抜,21:30,21:25,7,https://keirin.kdreams.jp/aomori/racedetail/1220240710030003/?pageType=odds,2026-10-08T03:56:11.049098+00:00
1220240710030008,2024-07-12,青森競輪,F2,A3 challenge,8,チャレンジ決勝,23:10,23:05,7,https://keirin.kdreams.jp/aomori/racedetail/1220240710030008/?pageType=odds,2026-10-08T03:56:13.049991+00:00
7420240710030001,2024-07-12,高知競輪,F2,A3 challenge,1,チャレンジ一般,20:40,20:35,7,https://keirin.kdreams.jp/kochi/racedetail/7420240710030001/?pageType=odds,2026-10-08T03:56:31.710014+00:00
7420240710030002,2024-07-12,高知競輪,F2,A3 challenge,2,チャレンジ一般,21:00,20:55,7,https://keirin.kdreams.jp/kochi/racedetail/7420240710030002/?pageType=odds,2026-10-08T03:56:33.825813+00:00
7420240710030003,2024-07-12,高知競輪,F2,A3 challenge,3,チャレンジ選抜,21:20,21:15,7,https://keirin.kdreams.jp/kochi/racedetail/7420240710030003/?pageType=odds,2026-10-08T03:56:35.779286+00:00
7420240710030008,2024-07-12,高知競輪,F2,A3 challenge,8,チャレンジ決勝,23:00,22:55,7,https://keirin.kdreams.jp/kochi/racedetail/7420240710030008/?pageType=odds,2026-10-08T03:56:37.838476+00:00
4220240713010001,2024-07-13,名古屋競輪,F2,A3 challenge,1,チャレンジ予選,10:51,10:46,7,https://keirin.kdreams.jp/nagoya/racedetail/4220240713010001/?pageType=odds,2026-10-08T03:57:11.621426+00:00
4220240713010002,2024-07-13,名古屋競輪,F2,A3 challenge,2,チャレンジ予選,11:20,11:15,7,https://keirin.kdreams.jp/nagoya/racedetail/4220240713010002/?pageType=odds,2026-10-08T03:57:14.488909+00:00
4220240713010003,2024-07-13,名古屋競輪,F2,A3 challenge,3,チャレンジ予選,11:49,11:44,7,https://keirin.kdreams.jp/nagoya/racedetail/4220240713010003/?pageType=odds,2026-10-08T03:57:16.788322+00:00
4220240713010004,2024-07-13,名古屋競輪,F2,A3 challenge,4,チャレンジ予選,12:18,12:13,7,https://keirin.kdreams.jp/nagoya/racedetail/4220240713010004/?pageType=odds,2026-10-08T03:57:18.849362+00:00
4220240713010005,2024-07-13,名古屋競輪,F2,A3 challenge,5,チャレンジ予選,12:47,12:42,7,https://keirin.kdreams.jp/nagoya/racedetail/4220240713010005/?pageType=odds,2026-10-08T03:57:20.927822+00:00
4420240713010001,2024-07-13,大垣競輪,F2,A3 challenge,1,チャレンジ予選,20:50,20:45,7,https://keirin.kdreams.jp/ogaki/racedetail/4420240713010001/?pageType=odds,2026-10-08T03:58:12.063102+00:00
4420240713010002,2024-07-13,大垣競輪,F2,A3 challenge,2,チャレンジ予選,21:10,21:05,7,https://keirin.kdreams.jp/ogaki/racedetail/4420240713010002/?pageType=odds,2026-10-08T03:58:14.307321+00:00
4420240713010003,2024-07-13,大垣競輪,F2,A3 challenge,3,チャレンジ予選,21:30,21:25,7,https://keirin.kdreams.jp/ogaki/racedetail/4420240713010003/?pageType=odds,2026-10-08T03:58:16.103237+00:00
4420240713010004,2024-07-13,大垣競輪,F2,A3 challenge,4,チャレンジ予選,21:50,21:45,7,https://keirin.kdreams.jp/ogaki/racedetail/4420240713010004/?pageType=odds,2026-10-08T03:58:18.075531+00:00
5320240713010001,2024-07-13,奈良競輪,F2,A3 challenge,1,チャレンジ予選,08:30,08:25,7,https://keirin.kdreams.jp/nara/racedetail/5320240713010001/?pageType=odds,2026-10-08T03:57:42.933606+00:00
5320240713010002,2024-07-13,奈良競輪,F2,A3 challenge,2,チャレンジ予選,08:50,08:45,7,https://keirin.kdreams.jp/nara/racedetail/5320240713010002/?pageType=odds,2026-10-08T03:57:44.883063+00:00
5320240713010003,2024-07-13,奈良競輪,F2,A3 challenge,3,チャレンジ予選,09:10,09:05,7,https://keirin.kdreams.jp/nara/racedetail/5320240713010003/?pageType=odds,2026-10-08T03:57:46.813199+00:00
5320240713010004,2024-07-13,奈良競輪,F2,A3 challenge,4,チャレンジ予選,09:30,09:25,7,https://keirin.kdreams.jp/nara/racedetail/5320240713010004/?pageType=odds,2026-10-08T03:57:48.857268+00:00
5320240713010005,2024-07-13,奈良競輪,F2,A3 challenge,5,チャレンジ予選,09:50,09:45,7,https://keirin.kdreams.jp/nara/racedetail/5320240713010005/?pageType=odds,2026-10-08T03:57:50.896021+00:00
2420240713010001,2024-07-13,宇都宮競輪,F2,A3 challenge,1,チャレンジ予選,20:40,20:35,7,https://keirin.kdreams.jp/utsunomiya/racedetail/2420240713010001/?pageType=odds,2026-10-08T03:58:34.884689+00:00
2420240713010002,2024-07-13,宇都宮競輪,F2,A3 challenge,2,チャレンジ予選,21:00,20:55,7,https://keirin.kdreams.jp/utsunomiya/racedetail/2420240713010002/?pageType=odds,2026-10-08T03:58:36.877598+00:00
2420240713010003,2024-07-13,宇都宮競輪,F2,A3 challenge,3,チャレンジ予選,21:20,21:15,7,https://keirin.kdreams.jp/utsunomiya/racedetail/2420240713010003/?pageType=odds,2026-10-08T03:58:38.848358+00:00
2420240713010004,2024-07-13,宇都宮競輪,F2,A3 challenge,4,チャレンジ予選,21:40,21:35,7,https://keirin.kdreams.jp/utsunomiya/racedetail/2420240713010004/?pageType=odds,2026-10-08T03:58:40.839306+00:00
4220240713020001,2024-07-14,名古屋競輪,F2,A3 challenge,1,チャレンジ一般,10:51,10:46,6,https://keirin.kdreams.jp/nagoya/racedetail/4220240713020001/?pageType=odds,2026-10-08T03:57:22.971509+00:00
4220240713020002,2024-07-14,名古屋競輪,F2,A3 challenge,2,チャレンジ一般,11:20,11:15,6,https://keirin.kdreams.jp/nagoya/racedetail/4220240713020002/?pageType=odds,2026-10-08T03:57:24.921826+00:00
4220240713020003,2024-07-14,名古屋競輪,F2,A3 challenge,3,チャレンジ準決勝,11:49,11:44,7,https://keirin.kdreams.jp/nagoya/racedetail/4220240713020003/?pageType=odds,2026-10-08T03:57:26.881397+00:00
4220240713020004,2024-07-14,名古屋競輪,F2,A3 challenge,4,チャレンジ準決勝,12:18,12:13,7,https://keirin.kdreams.jp/nagoya/racedetail/4220240713020004/?pageType=odds,2026-10-08T03:57:29.162734+00:00
4220240713020005,2024-07-14,名古屋競輪,F2,A3 challenge,5,チャレンジ準決勝,12:47,12:42,7,https://keirin.kdreams.jp/nagoya/racedetail/4220240713020005/?pageType=odds,2026-10-08T03:57:31.129679+00:00
4420240713020001,2024-07-14,大垣競輪,F2,A3 challenge,1,チャレンジ一般,20:50,20:45,6,https://keirin.kdreams.jp/ogaki/racedetail/4420240713020001/?pageType=odds,2026-10-08T03:58:20.056316+00:00
4420240713020002,2024-07-14,大垣競輪,F2,A3 challenge,2,チャレンジ一般,21:10,21:05,6,https://keirin.kdreams.jp/ogaki/racedetail/4420240713020002/?pageType=odds,2026-10-08T03:58:21.929698+00:00
4420240713020003,2024-07-14,大垣競輪,F2,A3 challenge,3,チャレンジ準決勝,21:30,21:25,7,https://keirin.kdreams.jp/ogaki/racedetail/4420240713020003/?pageType=odds,2026-10-08T03:58:23.867600+00:00
4420240713020004,2024-07-14,大垣競輪,F2,A3 challenge,4,チャレンジ準決勝,21:50,21:45,7,https://keirin.kdreams.jp/ogaki/racedetail/4420240713020004/?pageType=odds,2026-10-08T03:58:25.906051+00:00
5320240713020001,2024-07-14,奈良競輪,F2,A3 challenge,1,チャレンジ一般,08:30,08:25,6,https://keirin.kdreams.jp/nara/racedetail/5320240713020001/?pageType=odds,2026-10-08T03:57:53.148755+00:00
5320240713020002,2024-07-14,奈良競輪,F2,A3 challenge,2,チャレンジ一般,08:50,08:45,6,https://keirin.kdreams.jp/nara/racedetail/5320240713020002/?pageType=odds,2026-10-08T03:57:54.985874+00:00
5320240713020003,2024-07-14,奈良競輪,F2,A3 challenge,3,チャレンジ準決勝,09:10,09:05,7,https://keirin.kdreams.jp/nara/racedetail/5320240713020003/?pageType=odds,2026-10-08T03:57:56.830911+00:00
5320240713020005,2024-07-14,奈良競輪,F2,A3 challenge,5,チャレンジ準決勝,09:50,09:45,7,https://keirin.kdreams.jp/nara/racedetail/5320240713020005/?pageType=odds,2026-10-08T03:57:59.057783+00:00
2420240713020001,2024-07-14,宇都宮競輪,F2,A3 challenge,1,チャレンジ一般,20:40,20:35,7,https://keirin.kdreams.jp/utsunomiya/racedetail/2420240713020001/?pageType=odds,2026-10-08T03:58:42.493909+00:00
2420240713020002,2024-07-14,宇都宮競輪,F2,A3 challenge,2,チャレンジ一般,21:00,20:55,7,https://keirin.kdreams.jp/utsunomiya/racedetail/2420240713020002/?pageType=odds,2026-10-08T03:58:44.641365+00:00
2420240713020003,2024-07-14,宇都宮競輪,F2,A3 challenge,3,チャレンジ準決勝,21:20,21:15,7,https://keirin.kdreams.jp/utsunomiya/racedetail/2420240713020003/?pageType=odds,2026-10-08T03:58:46.813019+00:00
2420240713020004,2024-07-14,宇都宮競輪,F2,A3 challenge,4,チャレンジ準決勝,21:40,21:35,7,https://keirin.kdreams.jp/utsunomiya/racedetail/2420240713020004/?pageType=odds,2026-10-08T03:58:48.857662+00:00
3720240715010001,2024-07-15,伊東競輪,F2,A3 challenge,1,チャレンジ予選,08:40,08:35,7,https://keirin.kdreams.jp/ito/racedetail/3720240715010001/?pageType=odds,2026-10-08T03:58:58.956490+00:00
3720240715010002,2024-07-15,伊東競輪,F2,A3 challenge,2,チャレンジ予選,09:00,08:55,7,https://keirin.kdreams.jp/ito/racedetail/3720240715010002/?pageType=odds,2026-10-08T03:59:01.099367+00:00
3720240715010003,2024-07-15,伊東競輪,F2,A3 challenge,3,チャレンジ予選,09:20,09:15,7,https://keirin.kdreams.jp/ito/racedetail/3720240715010003/?pageType=odds,2026-10-08T03:59:03.236663+00:00
3720240715010004,2024-07-15,伊東競輪,F2,A3 challenge,4,チャレンジ予選,09:40,09:35,7,https://keirin.kdreams.jp/ito/racedetail/3720240715010004/?pageType=odds,2026-10-08T03:59:05.694297+00:00
3720240715010005,2024-07-15,伊東競輪,F2,A3 challenge,5,チャレンジ予選,10:00,09:55,7,https://keirin.kdreams.jp/ito/racedetail/3720240715010005/?pageType=odds,2026-10-08T03:59:08.009863+00:00
4220240713030001,2024-07-15,名古屋競輪,F2,A3 challenge,1,チャレンジ一般,10:51,10:46,6,https://keirin.kdreams.jp/nagoya/racedetail/4220240713030001/?pageType=odds,2026-10-08T03:57:33.080268+00:00
4220240713030002,2024-07-15,名古屋競輪,F2,A3 challenge,2,チャレンジ一般,11:20,11:15,6,https://keirin.kdreams.jp/nagoya/racedetail/4220240713030002/?pageType=odds,2026-10-08T03:57:35.191159+00:00
4220240713030003,2024-07-15,名古屋競輪,F2,A3 challenge,3,チャレンジ選抜,11:49,11:44,7,https://keirin.kdreams.jp/nagoya/racedetail/4220240713030003/?pageType=odds,2026-10-08T03:57:37.124303+00:00
4220240713030004,2024-07-15,名古屋競輪,F2,A3 challenge,4,チャレンジ選抜,12:18,12:13,7,https://keirin.kdreams.jp/nagoya/racedetail/4220240713030004/?pageType=odds,2026-10-08T03:57:39.007888+00:00
4220240713030010,2024-07-15,名古屋競輪,F2,A3 challenge,10,チャレンジ決勝,15:12,15:07,7,https://keirin.kdreams.jp/nagoya/racedetail/4220240713030010/?pageType=odds,2026-10-08T03:57:41.018709+00:00
4420240713030001,2024-07-15,大垣競輪,F2,A3 challenge,1,チャレンジ一般,21:10,21:05,7,https://keirin.kdreams.jp/ogaki/racedetail/4420240713030001/?pageType=odds,2026-10-08T03:58:27.828752+00:00
4420240713030002,2024-07-15,大垣競輪,F2,A3 challenge,2,チャレンジ選抜,21:30,21:25,7,https://keirin.kdreams.jp/ogaki/racedetail/4420240713030002/?pageType=odds,2026-10-08T03:58:30.346594+00:00
4420240713030007,2024-07-15,大垣競輪,F2,A3 challenge,7,チャレンジ決勝,23:10,23:05,7,https://keirin.kdreams.jp/ogaki/racedetail/4420240713030007/?pageType=odds,2026-10-08T03:58:32.559432+00:00
5320240713030001,2024-07-15,奈良競輪,F2,A3 challenge,1,チャレンジ一般,08:30,08:25,5,https://keirin.kdreams.jp/nara/racedetail/5320240713030001/?pageType=odds,2026-10-08T03:58:00.906660+00:00
5320240713030002,2024-07-15,奈良競輪,F2,A3 challenge,2,チャレンジ一般,08:50,08:45,6,https://keirin.kdreams.jp/nara/racedetail/5320240713030002/?pageType=odds,2026-10-08T03:58:02.717276+00:00
5320240713030003,2024-07-15,奈良競輪,F2,A3 challenge,3,チャレンジ選抜,09:10,09:05,7,https://keirin.kdreams.jp/nara/racedetail/5320240713030003/?pageType=odds,2026-10-08T03:58:05.308956+00:00
5320240713030004,2024-07-15,奈良競輪,F2,A3 challenge,4,チャレンジ選抜,09:30,09:25,7,https://keirin.kdreams.jp/nara/racedetail/5320240713030004/?pageType=odds,2026-10-08T03:58:07.202214+00:00
5320240713030005,2024-07-15,奈良競輪,F2,A3 challenge,5,チャレンジ決勝,09:50,09:45,7,https://keirin.kdreams.jp/nara/racedetail/5320240713030005/?pageType=odds,2026-10-08T03:58:09.245593+00:00
2420240713030001,2024-07-15,宇都宮競輪,F2,A3 challenge,1,チャレンジ一般,20:40,20:35,7,https://keirin.kdreams.jp/utsunomiya/racedetail/2420240713030001/?pageType=odds,2026-10-08T03:58:50.872406+00:00
2420240713030002,2024-07-15,宇都宮競輪,F2,A3 challenge,2,チャレンジ一般,21:00,20:55,7,https://keirin.kdreams.jp/utsunomiya/racedetail/2420240713030002/?pageType=odds,2026-10-08T03:58:52.886929+00:00
2420240713030003,2024-07-15,宇都宮競輪,F2,A3 challenge,3,チャレンジ選抜,21:20,21:15,7,https://keirin.kdreams.jp/utsunomiya/racedetail/2420240713030003/?pageType=odds,2026-10-08T03:58:55.095014+00:00
2420240713030008,2024-07-15,宇都宮競輪,F2,A3 challenge,8,チャレンジ決勝,23:00,22:55,7,https://keirin.kdreams.jp/utsunomiya/racedetail/2420240713030008/?pageType=odds,2026-10-08T03:58:56.940644+00:00
3720240715020001,2024-07-16,伊東競輪,F2,A3 challenge,1,チャレンジ一般,08:30,08:25,6,https://keirin.kdreams.jp/ito/racedetail/3720240715020001/?pageType=odds,2026-10-08T03:59:10.053950+00:00
3720240715020002,2024-07-16,伊東競輪,F2,A3 challenge,2,チャレンジ一般,08:50,08:45,7,https://keirin.kdreams.jp/ito/racedetail/3720240715020002/?pageType=odds,2026-10-08T03:59:12.294295+00:00
3720240715020003,2024-07-16,伊東競輪,F2,A3 challenge,3,チャレンジ準決勝,09:10,09:05,7,https://keirin.kdreams.jp/ito/racedetail/3720240715020003/?pageType=odds,2026-10-08T03:59:14.631739+00:00
3720240715020004,2024-07-16,伊東競輪,F2,A3 challenge,4,チャレンジ準決勝,09:30,09:25,7,https://keirin.kdreams.jp/ito/racedetail/3720240715020004/?pageType=odds,2026-10-08T03:59:16.687168+00:00
3720240715020005,2024-07-16,伊東競輪,F2,A3 challenge,5,チャレンジ準決勝,09:50,09:45,7,https://keirin.kdreams.jp/ito/racedetail/3720240715020005/?pageType=odds,2026-10-08T03:59:18.511401+00:00
3420240716010001,2024-07-16,川崎競輪,F2,A3 challenge,1,チャレンジ予選,15:33,15:28,7,https://keirin.kdreams.jp/kawasaki/racedetail/3420240716010001/?pageType=odds,2026-10-08T03:59:31.365210+00:00
3420240716010002,2024-07-16,川崎競輪,F2,A3 challenge,2,チャレンジ予選,15:58,15:53,7,https://keirin.kdreams.jp/kawasaki/racedetail/3420240716010002/?pageType=odds,2026-10-08T03:59:34.091693+00:00
3420240716010003,2024-07-16,川崎競輪,F2,A3 challenge,3,チャレンジ予選,16:23,16:18,7,https://keirin.kdreams.jp/kawasaki/racedetail/3420240716010003/?pageType=odds,2026-10-08T03:59:36.209662+00:00
3420240716010004,2024-07-16,川崎競輪,F2,A3 challenge,4,チャレンジ予選,16:48,16:43,7,https://keirin.kdreams.jp/kawasaki/racedetail/3420240716010004/?pageType=odds,2026-10-08T03:59:38.794324+00:00
3420240716010005,2024-07-16,川崎競輪,F2,A3 challenge,5,チャレンジ予選,17:13,17:08,7,https://keirin.kdreams.jp/kawasaki/racedetail/3420240716010005/?pageType=odds,2026-10-08T03:59:40.982227+00:00
3720240715030001,2024-07-17,伊東競輪,F2,A3 challenge,1,チャレンジ一般,08:30,08:25,6,https://keirin.kdreams.jp/ito/racedetail/3720240715030001/?pageType=odds,2026-10-08T03:59:20.672973+00:00
3720240715030002,2024-07-17,伊東競輪,F2,A3 challenge,2,チャレンジ一般,08:50,08:45,7,https://keirin.kdreams.jp/ito/racedetail/3720240715030002/?pageType=odds,2026-10-08T03:59:22.864015+00:00
3720240715030003,2024-07-17,伊東競輪,F2,A3 challenge,3,チャレンジ選抜,09:10,09:05,7,https://keirin.kdreams.jp/ito/racedetail/3720240715030003/?pageType=odds,2026-10-08T03:59:25.223315+00:00
3720240715030004,2024-07-17,伊東競輪,F2,A3 challenge,4,チャレンジ選抜,09:30,09:25,7,https://keirin.kdreams.jp/ito/racedetail/3720240715030004/?pageType=odds,2026-10-08T03:59:27.208355+00:00
3720240715030010,2024-07-17,伊東競輪,F2,A3 challenge,10,チャレンジ決勝,11:50,11:45,7,https://keirin.kdreams.jp/ito/racedetail/3720240715030010/?pageType=odds,2026-10-08T03:59:29.311292+00:00
5420240717010001,2024-07-17,向日町競輪,F2,A3 challenge,1,チャレンジ予選,10:50,10:45,7,https://keirin.kdreams.jp/mukomachi/racedetail/5420240717010001/?pageType=odds,2026-10-08T04:00:03.571165+00:00
5420240717010002,2024-07-17,向日町競輪,F2,A3 challenge,2,チャレンジ予選,11:18,11:13,7,https://keirin.kdreams.jp/mukomachi/racedetail/5420240717010002/?pageType=odds,2026-10-08T04:00:05.875993+00:00
5420240717010003,2024-07-17,向日町競輪,F2,A3 challenge,3,チャレンジ予選,11:46,11:41,7,https://keirin.kdreams.jp/mukomachi/racedetail/5420240717010003/?pageType=odds,2026-10-08T04:00:08.138283+00:00
5420240717010004,2024-07-17,向日町競輪,F2,A3 challenge,4,チャレンジ予選,12:16,12:11,7,https://keirin.kdreams.jp/mukomachi/racedetail/5420240717010004/?pageType=odds,2026-10-08T04:00:09.949130+00:00
5420240717010005,2024-07-17,向日町競輪,F2,A3 challenge,5,チャレンジ予選,12:46,12:41,7,https://keirin.kdreams.jp/mukomachi/racedetail/5420240717010005/?pageType=odds,2026-10-08T04:00:11.939293+00:00
3420240716020001,2024-07-17,川崎競輪,F2,A3 challenge,1,チャレンジ一般,15:33,15:28,6,https://keirin.kdreams.jp/kawasaki/racedetail/3420240716020001/?pageType=odds,2026-10-08T03:59:42.920411+00:00
3420240716020002,2024-07-17,川崎競輪,F2,A3 challenge,2,チャレンジ一般,15:58,15:53,7,https://keirin.kdreams.jp/kawasaki/racedetail/3420240716020002/?pageType=odds,2026-10-08T03:59:44.865194+00:00
3420240716020003,2024-07-17,川崎競輪,F2,A3 challenge,3,チャレンジ準決勝,16:23,16:18,7,https://keirin.kdreams.jp/kawasaki/racedetail/3420240716020003/?pageType=odds,2026-10-08T03:59:46.823381+00:00
3420240716020004,2024-07-17,川崎競輪,F2,A3 challenge,4,チャレンジ準決勝,16:48,16:43,7,https://keirin.kdreams.jp/kawasaki/racedetail/3420240716020004/?pageType=odds,2026-10-08T03:59:48.906313+00:00
3420240716020005,2024-07-17,川崎競輪,F2,A3 challenge,5,チャレンジ準決勝,17:13,17:08,7,https://keirin.kdreams.jp/kawasaki/racedetail/3420240716020005/?pageType=odds,2026-10-08T03:59:51.120489+00:00
5420240717020001,2024-07-18,向日町競輪,F2,A3 challenge,1,チャレンジ一般,10:50,10:45,6,https://keirin.kdreams.jp/mukomachi/racedetail/5420240717020001/?pageType=odds,2026-10-08T04:00:13.862149+00:00
5420240717020002,2024-07-18,向日町競輪,F2,A3 challenge,2,チャレンジ一般,11:18,11:13,7,https://keirin.kdreams.jp/mukomachi/racedetail/5420240717020002/?pageType=odds,2026-10-08T04:00:15.805558+00:00
5420240717020003,2024-07-18,向日町競輪,F2,A3 challenge,3,チャレンジ準決勝,11:46,11:41,7,https://keirin.kdreams.jp/mukomachi/racedetail/5420240717020003/?pageType=odds,2026-10-08T04:00:17.807123+00:00
5420240717020004,2024-07-18,向日町競輪,F2,A3 challenge,4,チャレンジ準決勝,12:16,12:11,7,https://keirin.kdreams.jp/mukomachi/racedetail/5420240717020004/?pageType=odds,2026-10-08T04:00:19.400816+00:00
5420240717020005,2024-07-18,向日町競輪,F2,A3 challenge,5,チャレンジ準決勝,12:46,12:41,7,https://keirin.kdreams.jp/mukomachi/racedetail/5420240717020005/?pageType=odds,2026-10-08T04:00:21.371572+00:00
3420240716030001,2024-07-18,川崎競輪,F2,A3 challenge,1,チャレンジ一般,15:38,15:33,5,https://keirin.kdreams.jp/kawasaki/racedetail/3420240716030001/?pageType=odds,2026-10-08T03:59:53.238643+00:00
3420240716030002,2024-07-18,川崎競輪,F2,A3 challenge,2,チャレンジ一般,16:03,15:58,5,https://keirin.kdreams.jp/kawasaki/racedetail/3420240716030002/?pageType=odds,2026-10-08T03:59:55.022868+00:00
3420240716030003,2024-07-18,川崎競輪,F2,A3 challenge,3,チャレンジ選抜,16:28,16:23,7,https://keirin.kdreams.jp/kawasaki/racedetail/3420240716030003/?pageType=odds,2026-10-08T03:59:57.011822+00:00
3420240716030004,2024-07-18,川崎競輪,F2,A3 challenge,4,チャレンジ選抜,16:53,16:48,7,https://keirin.kdreams.jp/kawasaki/racedetail/3420240716030004/?pageType=odds,2026-10-08T03:59:59.004347+00:00
3420240716030011,2024-07-18,川崎競輪,F2,A3 challenge,11,チャレンジ決勝,19:57,19:52,7,https://keirin.kdreams.jp/kawasaki/racedetail/3420240716030011/?pageType=odds,2026-10-08T04:00:00.975330+00:00
7120240718010001,2024-07-18,高松競輪,F2,A3 challenge,1,チャレンジ予選,08:30,08:25,7,https://keirin.kdreams.jp/takamatsu/racedetail/7120240718010001/?pageType=odds,2026-10-08T04:01:03.857050+00:00
7120240718010002,2024-07-18,高松競輪,F2,A3 challenge,2,チャレンジ予選,08:50,08:45,7,https://keirin.kdreams.jp/takamatsu/racedetail/7120240718010002/?pageType=odds,2026-10-08T04:01:05.752431+00:00
7120240718010003,2024-07-18,高松競輪,F2,A3 challenge,3,チャレンジ予選,09:10,09:05,7,https://keirin.kdreams.jp/takamatsu/racedetail/7120240718010003/?pageType=odds,2026-10-08T04:01:07.711403+00:00
7120240718010004,2024-07-18,高松競輪,F2,A3 challenge,4,チャレンジ予選,09:30,09:25,7,https://keirin.kdreams.jp/takamatsu/racedetail/7120240718010004/?pageType=odds,2026-10-08T04:01:09.766515+00:00
7120240718010005,2024-07-18,高松競輪,F2,A3 challenge,5,チャレンジ予選,09:50,09:45,7,https://keirin.kdreams.jp/takamatsu/racedetail/7120240718010005/?pageType=odds,2026-10-08T04:01:11.790287+00:00
7420240718010001,2024-07-18,高知競輪,F2,A3 challenge,1,チャレンジ予選,15:35,15:30,7,https://keirin.kdreams.jp/kochi/racedetail/7420240718010001/?pageType=odds,2026-10-08T04:00:33.303977+00:00
7420240718010002,2024-07-18,高知競輪,F2,A3 challenge,2,チャレンジ予選,16:00,15:55,7,https://keirin.kdreams.jp/kochi/racedetail/7420240718010002/?pageType=odds,2026-10-08T04:00:35.441009+00:00
7420240718010003,2024-07-18,高知競輪,F2,A3 challenge,3,チャレンジ予選,16:25,16:20,7,https://keirin.kdreams.jp/kochi/racedetail/7420240718010003/?pageType=odds,2026-10-08T04:00:37.437411+00:00
7420240718010004,2024-07-18,高知競輪,F2,A3 challenge,4,チャレンジ予選,16:50,16:45,7,https://keirin.kdreams.jp/kochi/racedetail/7420240718010004/?pageType=odds,2026-10-08T04:00:39.304151+00:00
7420240718010005,2024-07-18,高知競輪,F2,A3 challenge,5,チャレンジ予選,17:15,17:10,7,https://keirin.kdreams.jp/kochi/racedetail/7420240718010005/?pageType=odds,2026-10-08T04:00:41.678823+00:00
5420240717030001,2024-07-19,向日町競輪,F2,A3 challenge,1,チャレンジ一般,10:50,10:45,6,https://keirin.kdreams.jp/mukomachi/racedetail/5420240717030001/?pageType=odds,2026-10-08T04:00:23.394917+00:00
5420240717030002,2024-07-19,向日町競輪,F2,A3 challenge,2,チャレンジ一般,11:18,11:13,7,https://keirin.kdreams.jp/mukomachi/racedetail/5420240717030002/?pageType=odds,2026-10-08T04:00:25.367495+00:00
5420240717030003,2024-07-19,向日町競輪,F2,A3 challenge,3,チャレンジ選抜,11:46,11:41,7,https://keirin.kdreams.jp/mukomachi/racedetail/5420240717030003/?pageType=odds,2026-10-08T04:00:27.324614+00:00
5420240717030004,2024-07-19,向日町競輪,F2,A3 challenge,4,チャレンジ選抜,12:16,12:11,7,https://keirin.kdreams.jp/mukomachi/racedetail/5420240717030004/?pageType=odds,2026-10-08T04:00:29.319471+00:00
5420240717030011,2024-07-19,向日町競輪,F2,A3 challenge,11,チャレンジ決勝,16:00,15:55,7,https://keirin.kdreams.jp/mukomachi/racedetail/5420240717030011/?pageType=odds,2026-10-08T04:00:31.303742+00:00
2520240719010001,2024-07-19,大宮競輪,F2,A3 challenge,1,チャレンジ予選,08:40,08:35,7,https://keirin.kdreams.jp/omiya/racedetail/2520240719010001/?pageType=odds,2026-10-08T04:01:33.619946+00:00
2520240719010002,2024-07-19,大宮競輪,F2,A3 challenge,2,チャレンジ予選,09:00,08:55,7,https://keirin.kdreams.jp/omiya/racedetail/2520240719010002/?pageType=odds,2026-10-08T04:01:35.425264+00:00
2520240719010003,2024-07-19,大宮競輪,F2,A3 challenge,3,チャレンジ予選,09:20,09:15,7,https://keirin.kdreams.jp/omiya/racedetail/2520240719010003/?pageType=odds,2026-10-08T04:01:37.410025+00:00
2520240719010004,2024-07-19,大宮競輪,F2,A3 challenge,4,チャレンジ予選,09:40,09:35,7,https://keirin.kdreams.jp/omiya/racedetail/2520240719010004/?pageType=odds,2026-10-08T04:01:39.575106+00:00
2520240719010005,2024-07-19,大宮競輪,F2,A3 challenge,5,チャレンジ予選,10:00,09:55,7,https://keirin.kdreams.jp/omiya/racedetail/2520240719010005/?pageType=odds,2026-10-08T04:01:41.906257+00:00
2520240719010006,2024-07-19,大宮競輪,F2,A3 challenge,6,チャレンジ予選,10:20,10:15,7,https://keirin.kdreams.jp/omiya/racedetail/2520240719010006/?pageType=odds,2026-10-08T04:01:43.898363+00:00
2520240719010007,2024-07-19,大宮競輪,F2,A3 challenge,7,チャレンジ予選,10:40,10:35,7,https://keirin.kdreams.jp/omiya/racedetail/2520240719010007/?pageType=odds,2026-10-08T04:01:46.198178+00:00
2420240719010001,2024-07-19,宇都宮競輪,F2,A3 challenge,1,チャレンジ予選,21:02,20:57,7,https://keirin.kdreams.jp/utsunomiya/racedetail/2420240719010001/?pageType=odds,2026-10-08T04:02:15.417244+00:00
2420240719010002,2024-07-19,宇都宮競輪,F2,A3 challenge,2,チャレンジ予選,21:26,21:21,7,https://keirin.kdreams.jp/utsunomiya/racedetail/2420240719010002/?pageType=odds,2026-10-08T04:02:17.528228+00:00
2420240719010003,2024-07-19,宇都宮競輪,F2,A3 challenge,3,チャレンジ予選,21:50,21:45,7,https://keirin.kdreams.jp/utsunomiya/racedetail/2420240719010003/?pageType=odds,2026-10-08T04:02:19.481475+00:00
2420240719010004,2024-07-19,宇都宮競輪,F2,A3 challenge,4,チャレンジ予選,22:14,22:09,7,https://keirin.kdreams.jp/utsunomiya/racedetail/2420240719010004/?pageType=odds,2026-10-08T04:02:21.597483+00:00
2420240719010005,2024-07-19,宇都宮競輪,F2,A3 challenge,5,チャレンジ予選,22:38,22:33,7,https://keirin.kdreams.jp/utsunomiya/racedetail/2420240719010005/?pageType=odds,2026-10-08T04:02:23.643477+00:00
2420240719010006,2024-07-19,宇都宮競輪,F2,A3 challenge,6,チャレンジ予選,23:04,22:59,7,https://keirin.kdreams.jp/utsunomiya/racedetail/2420240719010006/?pageType=odds,2026-10-08T04:02:25.639987+00:00
2420240719010007,2024-07-19,宇都宮競輪,F2,A3 challenge,7,チャレンジ予選,23:30,23:25,7,https://keirin.kdreams.jp/utsunomiya/racedetail/2420240719010007/?pageType=odds,2026-10-08T04:02:27.830652+00:00
7120240718020001,2024-07-19,高松競輪,F2,A3 challenge,1,チャレンジ一般,08:30,08:25,6,https://keirin.kdreams.jp/takamatsu/racedetail/7120240718020001/?pageType=odds,2026-10-08T04:01:13.968176+00:00
7120240718020002,2024-07-19,高松競輪,F2,A3 challenge,2,チャレンジ一般,08:50,08:45,7,https://keirin.kdreams.jp/takamatsu/racedetail/7120240718020002/?pageType=odds,2026-10-08T04:01:15.988605+00:00
7120240718020003,2024-07-19,高松競輪,F2,A3 challenge,3,チャレンジ準決勝,09:10,09:05,7,https://keirin.kdreams.jp/takamatsu/racedetail/7120240718020003/?pageType=odds,2026-10-08T04:01:18.014271+00:00
7120240718020004,2024-07-19,高松競輪,F2,A3 challenge,4,チャレンジ準決勝,09:30,09:25,7,https://keirin.kdreams.jp/takamatsu/racedetail/7120240718020004/?pageType=odds,2026-10-08T04:01:20.583431+00:00
7120240718020005,2024-07-19,高松競輪,F2,A3 challenge,5,チャレンジ準決勝,09:50,09:45,7,https://keirin.kdreams.jp/takamatsu/racedetail/7120240718020005/?pageType=odds,2026-10-08T04:01:22.534057+00:00
7420240718020001,2024-07-19,高知競輪,F2,A3 challenge,1,チャレンジ一般,15:18,15:13,6,https://keirin.kdreams.jp/kochi/racedetail/7420240718020001/?pageType=odds,2026-10-08T04:00:43.679176+00:00
7420240718020002,2024-07-19,高知競輪,F2,A3 challenge,2,チャレンジ一般,15:43,15:38,7,https://keirin.kdreams.jp/kochi/racedetail/7420240718020002/?pageType=odds,2026-10-08T04:00:45.762596+00:00
7420240718020003,2024-07-19,高知競輪,F2,A3 challenge,3,チャレンジ準決勝,16:08,16:03,7,https://keirin.kdreams.jp/kochi/racedetail/7420240718020003/?pageType=odds,2026-10-08T04:00:47.645836+00:00
7420240718020004,2024-07-19,高知競輪,F2,A3 challenge,4,チャレンジ準決勝,16:33,16:28,7,https://keirin.kdreams.jp/kochi/racedetail/7420240718020004/?pageType=odds,2026-10-08T04:00:49.686331+00:00
7420240718020005,2024-07-19,高知競輪,F2,A3 challenge,5,チャレンジ準決勝,16:59,16:54,7,https://keirin.kdreams.jp/kochi/racedetail/7420240718020005/?pageType=odds,2026-10-08T04:00:51.708820+00:00
2520240719020001,2024-07-20,大宮競輪,F2,A3 challenge,1,チャレンジ一般,08:40,08:35,7,https://keirin.kdreams.jp/omiya/racedetail/2520240719020001/?pageType=odds,2026-10-08T04:01:48.031477+00:00
2520240719020002,2024-07-20,大宮競輪,F2,A3 challenge,2,チャレンジ一般,09:00,08:55,7,https://keirin.kdreams.jp/omiya/racedetail/2520240719020002/?pageType=odds,2026-10-08T04:01:50.076056+00:00
2520240719020003,2024-07-20,大宮競輪,F2,A3 challenge,3,チャレンジ選抜,09:20,09:15,7,https://keirin.kdreams.jp/omiya/racedetail/2520240719020003/?pageType=odds,2026-10-08T04:01:52.027474+00:00
2520240719020004,2024-07-20,大宮競輪,F2,A3 challenge,4,チャレンジ選抜,09:40,09:35,7,https://keirin.kdreams.jp/omiya/racedetail/2520240719020004/?pageType=odds,2026-10-08T04:01:53.946261+00:00
2520240719020005,2024-07-20,大宮競輪,F2,A3 challenge,5,チャレンジ準決勝,10:00,09:55,7,https://keirin.kdreams.jp/omiya/racedetail/2520240719020005/?pageType=odds,2026-10-08T04:01:56.174216+00:00
2520240719020006,2024-07-20,大宮競輪,F2,A3 challenge,6,チャレンジ準決勝,10:20,10:15,7,https://keirin.kdreams.jp/omiya/racedetail/2520240719020006/?pageType=odds,2026-10-08T04:01:58.116320+00:00
2520240719020007,2024-07-20,大宮競輪,F2,A3 challenge,7,チャレンジ準決勝,10:40,10:35,7,https://keirin.kdreams.jp/omiya/racedetail/2520240719020007/?pageType=odds,2026-10-08T04:02:00.274399+00:00
2420240719020001,2024-07-20,宇都宮競輪,F2,A3 challenge,1,チャレンジ一般,21:02,20:57,6,https://keirin.kdreams.jp/utsunomiya/racedetail/2420240719020001/?pageType=odds,2026-10-08T04:02:30.235557+00:00
2420240719020002,2024-07-20,宇都宮競輪,F2,A3 challenge,2,チャレンジ一般,21:26,21:21,7,https://keirin.kdreams.jp/utsunomiya/racedetail/2420240719020002/?pageType=odds,2026-10-08T04:02:32.406394+00:00
2420240719020003,2024-07-20,宇都宮競輪,F2,A3 challenge,3,チャレンジ選抜,21:50,21:45,7,https://keirin.kdreams.jp/utsunomiya/racedetail/2420240719020003/?pageType=odds,2026-10-08T04:02:34.370232+00:00
2420240719020004,2024-07-20,宇都宮競輪,F2,A3 challenge,4,チャレンジ選抜,22:14,22:09,7,https://keirin.kdreams.jp/utsunomiya/racedetail/2420240719020004/?pageType=odds,2026-10-08T04:02:36.779513+00:00
2420240719020005,2024-07-20,宇都宮競輪,F2,A3 challenge,5,チャレンジ準決勝,22:38,22:33,7,https://keirin.kdreams.jp/utsunomiya/racedetail/2420240719020005/?pageType=odds,2026-10-08T04:02:38.822173+00:00
2420240719020006,2024-07-20,宇都宮競輪,F2,A3 challenge,6,チャレンジ準決勝,23:04,22:59,7,https://keirin.kdreams.jp/utsunomiya/racedetail/2420240719020006/?pageType=odds,2026-10-08T04:02:40.787334+00:00
2420240719020007,2024-07-20,宇都宮競輪,F2,A3 challenge,7,チャレンジ準決勝,23:30,23:25,7,https://keirin.kdreams.jp/utsunomiya/racedetail/2420240719020007/?pageType=odds,2026-10-08T04:02:42.739928+00:00
7120240718030001,2024-07-20,高松競輪,F2,A3 challenge,1,チャレンジ一般,08:30,08:25,6,https://keirin.kdreams.jp/takamatsu/racedetail/7120240718030001/?pageType=odds,2026-10-08T04:01:24.351026+00:00
7120240718030002,2024-07-20,高松競輪,F2,A3 challenge,2,チャレンジ一般,08:50,08:45,6,https://keirin.kdreams.jp/takamatsu/racedetail/7120240718030002/?pageType=odds,2026-10-08T04:01:26.116434+00:00
7120240718030003,2024-07-20,高松競輪,F2,A3 challenge,3,チャレンジ選抜,09:10,09:05,7,https://keirin.kdreams.jp/takamatsu/racedetail/7120240718030003/?pageType=odds,2026-10-08T04:01:28.058968+00:00
7120240718030004,2024-07-20,高松競輪,F2,A3 challenge,4,チャレンジ選抜,09:30,09:25,7,https://keirin.kdreams.jp/takamatsu/racedetail/7120240718030004/?pageType=odds,2026-10-08T04:01:29.871133+00:00
7120240718030005,2024-07-20,高松競輪,F2,A3 challenge,5,チャレンジ決勝,09:50,09:45,7,https://keirin.kdreams.jp/takamatsu/racedetail/7120240718030005/?pageType=odds,2026-10-08T04:01:31.820051+00:00
7420240718030001,2024-07-20,高知競輪,F2,A3 challenge,1,チャレンジ一般,15:15,15:10,6,https://keirin.kdreams.jp/kochi/racedetail/7420240718030001/?pageType=odds,2026-10-08T04:00:53.987210+00:00
7420240718030002,2024-07-20,高知競輪,F2,A3 challenge,2,チャレンジ一般,15:40,15:35,6,https://keirin.kdreams.jp/kochi/racedetail/7420240718030002/?pageType=odds,2026-10-08T04:00:56.165124+00:00
7420240718030003,2024-07-20,高知競輪,F2,A3 challenge,3,チャレンジ選抜,16:05,16:00,7,https://keirin.kdreams.jp/kochi/racedetail/7420240718030003/?pageType=odds,2026-10-08T04:00:58.148012+00:00
7420240718030004,2024-07-20,高知競輪,F2,A3 challenge,4,チャレンジ選抜,16:30,16:25,7,https://keirin.kdreams.jp/kochi/racedetail/7420240718030004/?pageType=odds,2026-10-08T04:00:59.894249+00:00
7420240718030010,2024-07-20,高知競輪,F2,A3 challenge,10,チャレンジ決勝,19:14,19:09,7,https://keirin.kdreams.jp/kochi/racedetail/7420240718030010/?pageType=odds,2026-10-08T04:01:01.819801+00:00
2520240719030001,2024-07-21,大宮競輪,F2,A3 challenge,1,チャレンジ一般,08:40,08:35,6,https://keirin.kdreams.jp/omiya/racedetail/2520240719030001/?pageType=odds,2026-10-08T04:02:02.133036+00:00
2520240719030002,2024-07-21,大宮競輪,F2,A3 challenge,2,チャレンジ一般,09:00,08:55,7,https://keirin.kdreams.jp/omiya/racedetail/2520240719030002/?pageType=odds,2026-10-08T04:02:04.351589+00:00
2520240719030003,2024-07-21,大宮競輪,F2,A3 challenge,3,チャレンジ一般,09:20,09:15,7,https://keirin.kdreams.jp/omiya/racedetail/2520240719030003/?pageType=odds,2026-10-08T04:02:06.430702+00:00
2520240719030004,2024-07-21,大宮競輪,F2,A3 challenge,4,チャレンジ選抜,09:40,09:35,7,https://keirin.kdreams.jp/omiya/racedetail/2520240719030004/?pageType=odds,2026-10-08T04:02:08.565385+00:00
2520240719030005,2024-07-21,大宮競輪,F2,A3 challenge,5,チャレンジ選抜,10:00,09:55,7,https://keirin.kdreams.jp/omiya/racedetail/2520240719030005/?pageType=odds,2026-10-08T04:02:09.876437+00:00
2520240719030006,2024-07-21,大宮競輪,F2,A3 challenge,6,チャレンジ選抜,10:20,10:15,7,https://keirin.kdreams.jp/omiya/racedetail/2520240719030006/?pageType=odds,2026-10-08T04:02:11.234968+00:00
2520240719030007,2024-07-21,大宮競輪,F2,A3 challenge,7,チャレンジ決勝,10:40,10:35,7,https://keirin.kdreams.jp/omiya/racedetail/2520240719030007/?pageType=odds,2026-10-08T04:02:13.495230+00:00
2420240719030001,2024-07-21,宇都宮競輪,F2,A3 challenge,1,チャレンジ一般,21:02,20:57,5,https://keirin.kdreams.jp/utsunomiya/racedetail/2420240719030001/?pageType=odds,2026-10-08T04:02:44.708845+00:00
2420240719030002,2024-07-21,宇都宮競輪,F2,A3 challenge,2,チャレンジ一般,21:26,21:21,6,https://keirin.kdreams.jp/utsunomiya/racedetail/2420240719030002/?pageType=odds,2026-10-08T04:02:47.185497+00:00
2420240719030003,2024-07-21,宇都宮競輪,F2,A3 challenge,3,チャレンジ一般,21:50,21:45,6,https://keirin.kdreams.jp/utsunomiya/racedetail/2420240719030003/?pageType=odds,2026-10-08T04:02:49.115983+00:00
2420240719030004,2024-07-21,宇都宮競輪,F2,A3 challenge,4,チャレンジ選抜,22:14,22:09,7,https://keirin.kdreams.jp/utsunomiya/racedetail/2420240719030004/?pageType=odds,2026-10-08T04:02:51.198379+00:00
2420240719030005,2024-07-21,宇都宮競輪,F2,A3 challenge,5,チャレンジ選抜,22:38,22:33,7,https://keirin.kdreams.jp/utsunomiya/racedetail/2420240719030005/?pageType=odds,2026-10-08T04:02:53.277667+00:00
2420240719030006,2024-07-21,宇都宮競輪,F2,A3 challenge,6,チャレンジ選抜,23:04,22:59,7,https://keirin.kdreams.jp/utsunomiya/racedetail/2420240719030006/?pageType=odds,2026-10-08T04:02:55.231931+00:00
2420240719030007,2024-07-21,宇都宮競輪,F2,A3 challenge,7,チャレンジ決勝,23:30,23:25,7,https://keirin.kdreams.jp/utsunomiya/racedetail/2420240719030007/?pageType=odds,2026-10-08T04:02:57.437545+00:00
4620240721010001,2024-07-21,富山競輪,F2,A3 challenge,1,チャレンジ予選,10:34,10:29,7,https://keirin.kdreams.jp/toyama/racedetail/4620240721010001/?pageType=odds,2026-10-08T04:02:59.464388+00:00
4620240721010002,2024-07-21,富山競輪,F2,A3 challenge,2,チャレンジ予選,10:58,10:53,7,https://keirin.kdreams.jp/toyama/racedetail/4620240721010002/?pageType=odds,2026-10-08T04:03:01.646421+00:00
4620240721010003,2024-07-21,富山競輪,F2,A3 challenge,3,チャレンジ予選,11:26,11:21,7,https://keirin.kdreams.jp/toyama/racedetail/4620240721010003/?pageType=odds,2026-10-08T04:03:03.674731+00:00
4620240721010004,2024-07-21,富山競輪,F2,A3 challenge,4,チャレンジ予選,11:55,11:50,7,https://keirin.kdreams.jp/toyama/racedetail/4620240721010004/?pageType=odds,2026-10-08T04:03:05.805448+00:00
4620240721010005,2024-07-21,富山競輪,F2,A3 challenge,5,チャレンジ予選,12:25,12:20,7,https://keirin.kdreams.jp/toyama/racedetail/4620240721010005/?pageType=odds,2026-10-08T04:03:07.814320+00:00
2120240721010001,2024-07-21,弥彦競輪,F2,A3 challenge,1,チャレンジ予選,15:10,15:05,7,https://keirin.kdreams.jp/yahiko/racedetail/2120240721010001/?pageType=odds,2026-10-08T04:03:29.526493+00:00
2120240721010002,2024-07-21,弥彦競輪,F2,A3 challenge,2,チャレンジ予選,15:36,15:31,7,https://keirin.kdreams.jp/yahiko/racedetail/2120240721010002/?pageType=odds,2026-10-08T04:03:31.573867+00:00
2120240721010003,2024-07-21,弥彦競輪,F2,A3 challenge,3,チャレンジ予選,16:00,15:55,7,https://keirin.kdreams.jp/yahiko/racedetail/2120240721010003/?pageType=odds,2026-10-08T04:03:33.649416+00:00
2120240721010004,2024-07-21,弥彦競輪,F2,A3 challenge,4,チャレンジ予選,16:25,16:20,7,https://keirin.kdreams.jp/yahiko/racedetail/2120240721010004/?pageType=odds,2026-10-08T04:03:36.168169+00:00
2120240721010005,2024-07-21,弥彦競輪,F2,A3 challenge,5,チャレンジ予選,16:52,16:47,7,https://keirin.kdreams.jp/yahiko/racedetail/2120240721010005/?pageType=odds,2026-10-08T04:03:38.201751+00:00
8520240722010001,2024-07-22,佐世保競輪,F2,A3 challenge,1,チャレンジ予選,15:50,15:45,7,https://keirin.kdreams.jp/sasebo/racedetail/8520240722010001/?pageType=odds,2026-10-08T04:04:01.850878+00:00
8520240722010002,2024-07-22,佐世保競輪,F2,A3 challenge,2,チャレンジ予選,16:13,16:08,7,https://keirin.kdreams.jp/sasebo/racedetail/8520240722010002/?pageType=odds,2026-10-08T04:04:03.783733+00:00
8520240722010003,2024-07-22,佐世保競輪,F2,A3 challenge,3,チャレンジ予選,16:36,16:31,7,https://keirin.kdreams.jp/sasebo/racedetail/8520240722010003/?pageType=odds,2026-10-08T04:04:05.831352+00:00
8520240722010004,2024-07-22,佐世保競輪,F2,A3 challenge,4,チャレンジ予選,16:59,16:54,7,https://keirin.kdreams.jp/sasebo/racedetail/8520240722010004/?pageType=odds,2026-10-08T04:04:07.698046+00:00
8520240722010005,2024-07-22,佐世保競輪,F2,A3 challenge,5,チャレンジ予選,17:22,17:17,7,https://keirin.kdreams.jp/sasebo/racedetail/8520240722010005/?pageType=odds,2026-10-08T04:04:09.692827+00:00
4620240721020001,2024-07-22,富山競輪,F2,A3 challenge,1,チャレンジ一般,10:34,10:29,7,https://keirin.kdreams.jp/toyama/racedetail/4620240721020001/?pageType=odds,2026-10-08T04:03:09.991299+00:00
4620240721020002,2024-07-22,富山競輪,F2,A3 challenge,2,チャレンジ一般,10:58,10:53,7,https://keirin.kdreams.jp/toyama/racedetail/4620240721020002/?pageType=odds,2026-10-08T04:03:12.513394+00:00
4620240721020003,2024-07-22,富山競輪,F2,A3 challenge,3,チャレンジ準決勝,11:26,11:21,7,https://keirin.kdreams.jp/toyama/racedetail/4620240721020003/?pageType=odds,2026-10-08T04:03:14.952775+00:00
4620240721020004,2024-07-22,富山競輪,F2,A3 challenge,4,チャレンジ準決勝,11:55,11:50,7,https://keirin.kdreams.jp/toyama/racedetail/4620240721020004/?pageType=odds,2026-10-08T04:03:17.097173+00:00
4620240721020005,2024-07-22,富山競輪,F2,A3 challenge,5,チャレンジ準決勝,12:25,12:20,7,https://keirin.kdreams.jp/toyama/racedetail/4620240721020005/?pageType=odds,2026-10-08T04:03:19.113211+00:00
2120240721020001,2024-07-22,弥彦競輪,F2,A3 challenge,1,チャレンジ一般,15:25,15:20,6,https://keirin.kdreams.jp/yahiko/racedetail/2120240721020001/?pageType=odds,2026-10-08T04:03:40.061164+00:00
2120240721020002,2024-07-22,弥彦競輪,F2,A3 challenge,2,チャレンジ一般,15:48,15:43,7,https://keirin.kdreams.jp/yahiko/racedetail/2120240721020002/?pageType=odds,2026-10-08T04:03:42.153103+00:00
2120240721020003,2024-07-22,弥彦競輪,F2,A3 challenge,3,チャレンジ準決勝,16:15,16:10,7,https://keirin.kdreams.jp/yahiko/racedetail/2120240721020003/?pageType=odds,2026-10-08T04:03:44.181882+00:00
2120240721020004,2024-07-22,弥彦競輪,F2,A3 challenge,4,チャレンジ準決勝,16:40,16:35,7,https://keirin.kdreams.jp/yahiko/racedetail/2120240721020004/?pageType=odds,2026-10-08T04:03:46.290834+00:00
2120240721020005,2024-07-22,弥彦競輪,F2,A3 challenge,5,チャレンジ準決勝,17:05,17:00,7,https://keirin.kdreams.jp/yahiko/racedetail/2120240721020005/?pageType=odds,2026-10-08T04:03:48.402672+00:00
8520240722020001,2024-07-23,佐世保競輪,F2,A3 challenge,1,チャレンジ一般,15:50,15:45,7,https://keirin.kdreams.jp/sasebo/racedetail/8520240722020001/?pageType=odds,2026-10-08T04:04:11.831020+00:00
8520240722020002,2024-07-23,佐世保競輪,F2,A3 challenge,2,チャレンジ一般,16:13,16:08,7,https://keirin.kdreams.jp/sasebo/racedetail/8520240722020002/?pageType=odds,2026-10-08T04:04:13.870316+00:00
8520240722020003,2024-07-23,佐世保競輪,F2,A3 challenge,3,チャレンジ準決勝,16:36,16:31,7,https://keirin.kdreams.jp/sasebo/racedetail/8520240722020003/?pageType=odds,2026-10-08T04:04:16.388350+00:00
8520240722020004,2024-07-23,佐世保競輪,F2,A3 challenge,4,チャレンジ準決勝,16:59,16:54,7,https://keirin.kdreams.jp/sasebo/racedetail/8520240722020004/?pageType=odds,2026-10-08T04:04:18.275619+00:00
8520240722020005,2024-07-23,佐世保競輪,F2,A3 challenge,5,チャレンジ準決勝,17:22,17:17,7,https://keirin.kdreams.jp/sasebo/racedetail/8520240722020005/?pageType=odds,2026-10-08T04:04:20.271269+00:00
4620240721030001,2024-07-23,富山競輪,F2,A3 challenge,1,チャレンジ一般,10:58,10:53,7,https://keirin.kdreams.jp/toyama/racedetail/4620240721030001/?pageType=odds,2026-10-08T04:03:20.935100+00:00
4620240721030002,2024-07-23,富山競輪,F2,A3 challenge,2,チャレンジ選抜,11:26,11:21,7,https://keirin.kdreams.jp/toyama/racedetail/4620240721030002/?pageType=odds,2026-10-08T04:03:23.311735+00:00
4620240721030003,2024-07-23,富山競輪,F2,A3 challenge,3,チャレンジ選抜,11:55,11:50,7,https://keirin.kdreams.jp/toyama/racedetail/4620240721030003/?pageType=odds,2026-10-08T04:03:25.348600+00:00
4620240721030009,2024-07-23,富山競輪,F2,A3 challenge,9,チャレンジ決勝,14:59,14:54,7,https://keirin.kdreams.jp/toyama/racedetail/4620240721030009/?pageType=odds,2026-10-08T04:03:27.393990+00:00
7320240723010001,2024-07-23,小松島競輪,F2,A3 challenge,1,チャレンジ予選,09:00,08:55,7,https://keirin.kdreams.jp/komatsushima/racedetail/7320240723010001/?pageType=odds,2026-10-08T04:04:32.877622+00:00
7320240723010002,2024-07-23,小松島競輪,F2,A3 challenge,2,チャレンジ予選,09:20,09:15,7,https://keirin.kdreams.jp/komatsushima/racedetail/7320240723010002/?pageType=odds,2026-10-08T04:04:34.759382+00:00
7320240723010003,2024-07-23,小松島競輪,F2,A3 challenge,3,チャレンジ予選,09:40,09:35,7,https://keirin.kdreams.jp/komatsushima/racedetail/7320240723010003/?pageType=odds,2026-10-08T04:04:36.868000+00:00
7320240723010004,2024-07-23,小松島競輪,F2,A3 challenge,4,チャレンジ予選,10:00,09:55,7,https://keirin.kdreams.jp/komatsushima/racedetail/7320240723010004/?pageType=odds,2026-10-08T04:04:39.543030+00:00
7320240723010005,2024-07-23,小松島競輪,F2,A3 challenge,5,チャレンジ予選,10:20,10:15,7,https://keirin.kdreams.jp/komatsushima/racedetail/7320240723010005/?pageType=odds,2026-10-08T04:04:41.563290+00:00
2120240721030001,2024-07-23,弥彦競輪,F2,A3 challenge,1,チャレンジ一般,15:25,15:20,6,https://keirin.kdreams.jp/yahiko/racedetail/2120240721030001/?pageType=odds,2026-10-08T04:03:50.613013+00:00
2120240721030002,2024-07-23,弥彦競輪,F2,A3 challenge,2,チャレンジ一般,15:48,15:43,7,https://keirin.kdreams.jp/yahiko/racedetail/2120240721030002/?pageType=odds,2026-10-08T04:03:52.823730+00:00
2120240721030003,2024-07-23,弥彦競輪,F2,A3 challenge,3,チャレンジ選抜,16:15,16:10,7,https://keirin.kdreams.jp/yahiko/racedetail/2120240721030003/?pageType=odds,2026-10-08T04:03:55.462681+00:00
2120240721030004,2024-07-23,弥彦競輪,F2,A3 challenge,4,チャレンジ選抜,16:40,16:35,7,https://keirin.kdreams.jp/yahiko/racedetail/2120240721030004/?pageType=odds,2026-10-08T04:03:57.452115+00:00
2120240721030011,2024-07-23,弥彦競輪,F2,A3 challenge,11,チャレンジ決勝,19:46,19:41,7,https://keirin.kdreams.jp/yahiko/racedetail/2120240721030011/?pageType=odds,2026-10-08T04:03:59.602643+00:00
8520240722030001,2024-07-24,佐世保競輪,F2,A3 challenge,1,チャレンジ一般,15:55,15:50,7,https://keirin.kdreams.jp/sasebo/racedetail/8520240722030001/?pageType=odds,2026-10-08T04:04:22.342659+00:00
8520240722030002,2024-07-24,佐世保競輪,F2,A3 challenge,2,チャレンジ一般,16:18,16:13,7,https://keirin.kdreams.jp/sasebo/racedetail/8520240722030002/?pageType=odds,2026-10-08T04:04:24.392544+00:00
8520240722030003,2024-07-24,佐世保競輪,F2,A3 challenge,3,チャレンジ選抜,16:41,16:36,7,https://keirin.kdreams.jp/sasebo/racedetail/8520240722030003/?pageType=odds,2026-10-08T04:04:26.493267+00:00
8520240722030004,2024-07-24,佐世保競輪,F2,A3 challenge,4,チャレンジ選抜,17:05,17:00,7,https://keirin.kdreams.jp/sasebo/racedetail/8520240722030004/?pageType=odds,2026-10-08T04:04:28.730075+00:00
8520240722030011,2024-07-24,佐世保競輪,F2,A3 challenge,11,チャレンジ決勝,20:04,19:59,7,https://keirin.kdreams.jp/sasebo/racedetail/8520240722030011/?pageType=odds,2026-10-08T04:04:30.917015+00:00
7320240723020001,2024-07-24,小松島競輪,F2,A3 challenge,1,チャレンジ一般,09:00,08:55,6,https://keirin.kdreams.jp/komatsushima/racedetail/7320240723020001/?pageType=odds,2026-10-08T04:04:43.569271+00:00
7320240723020002,2024-07-24,小松島競輪,F2,A3 challenge,2,チャレンジ一般,09:20,09:15,7,https://keirin.kdreams.jp/komatsushima/racedetail/7320240723020002/?pageType=odds,2026-10-08T04:04:45.451920+00:00
7320240723020003,2024-07-24,小松島競輪,F2,A3 challenge,3,チャレンジ準決勝,09:40,09:35,7,https://keirin.kdreams.jp/komatsushima/racedetail/7320240723020003/?pageType=odds,2026-10-08T04:04:47.461831+00:00
7320240723020004,2024-07-24,小松島競輪,F2,A3 challenge,4,チャレンジ準決勝,10:00,09:55,7,https://keirin.kdreams.jp/komatsushima/racedetail/7320240723020004/?pageType=odds,2026-10-08T04:04:49.349214+00:00
7320240723020005,2024-07-24,小松島競輪,F2,A3 challenge,5,チャレンジ準決勝,10:20,10:15,7,https://keirin.kdreams.jp/komatsushima/racedetail/7320240723020005/?pageType=odds,2026-10-08T04:04:51.322652+00:00
7320240723030001,2024-07-25,小松島競輪,F2,A3 challenge,1,チャレンジ一般,09:00,08:55,7,https://keirin.kdreams.jp/komatsushima/racedetail/7320240723030001/?pageType=odds,2026-10-08T04:04:53.149060+00:00
7320240723030002,2024-07-25,小松島競輪,F2,A3 challenge,2,チャレンジ一般,09:20,09:15,7,https://keirin.kdreams.jp/komatsushima/racedetail/7320240723030002/?pageType=odds,2026-10-08T04:04:55.502972+00:00
7320240723030003,2024-07-25,小松島競輪,F2,A3 challenge,3,チャレンジ選抜,09:40,09:35,7,https://keirin.kdreams.jp/komatsushima/racedetail/7320240723030003/?pageType=odds,2026-10-08T04:04:57.629411+00:00
7320240723030004,2024-07-25,小松島競輪,F2,A3 challenge,4,チャレンジ選抜,10:00,09:55,7,https://keirin.kdreams.jp/komatsushima/racedetail/7320240723030004/?pageType=odds,2026-10-08T04:04:59.849417+00:00
7320240723030005,2024-07-25,小松島競輪,F2,A3 challenge,5,チャレンジ決勝,10:20,10:15,7,https://keirin.kdreams.jp/komatsushima/racedetail/7320240723030005/?pageType=odds,2026-10-08T04:05:01.745935+00:00
4720240725010001,2024-07-25,松阪競輪,F2,A3 challenge,1,チャレンジ予選,20:58,20:53,7,https://keirin.kdreams.jp/matsusaka/racedetail/4720240725010001/?pageType=odds,2026-10-08T04:05:45.086070+00:00
4720240725010002,2024-07-25,松阪競輪,F2,A3 challenge,2,チャレンジ予選,21:22,21:17,7,https://keirin.kdreams.jp/matsusaka/racedetail/4720240725010002/?pageType=odds,2026-10-08T04:05:46.942733+00:00
4720240725010003,2024-07-25,松阪競輪,F2,A3 challenge,3,チャレンジ予選,21:46,21:41,7,https://keirin.kdreams.jp/matsusaka/racedetail/4720240725010003/?pageType=odds,2026-10-08T04:05:48.805702+00:00
4720240725010004,2024-07-25,松阪競輪,F2,A3 challenge,4,チャレンジ予選,22:10,22:05,7,https://keirin.kdreams.jp/matsusaka/racedetail/4720240725010004/?pageType=odds,2026-10-08T04:05:51.035538+00:00
4720240725010005,2024-07-25,松阪競輪,F2,A3 challenge,5,チャレンジ予選,22:34,22:29,7,https://keirin.kdreams.jp/matsusaka/racedetail/4720240725010005/?pageType=odds,2026-10-08T04:05:52.897597+00:00
4720240725010006,2024-07-25,松阪競輪,F2,A3 challenge,6,チャレンジ予選,22:58,22:53,7,https://keirin.kdreams.jp/matsusaka/racedetail/4720240725010006/?pageType=odds,2026-10-08T04:05:54.690212+00:00
4720240725010007,2024-07-25,松阪競輪,F2,A3 challenge,7,チャレンジ予選,23:22,23:17,7,https://keirin.kdreams.jp/matsusaka/racedetail/4720240725010007/?pageType=odds,2026-10-08T04:05:56.680079+00:00
4520240725010001,2024-07-25,豊橋競輪,F2,A3 challenge,1,チャレンジ予選,10:35,10:30,7,https://keirin.kdreams.jp/toyohashi/racedetail/4520240725010001/?pageType=odds,2026-10-08T04:06:27.774800+00:00
4520240725010002,2024-07-25,豊橋競輪,F2,A3 challenge,2,チャレンジ予選,11:03,10:58,7,https://keirin.kdreams.jp/toyohashi/racedetail/4520240725010002/?pageType=odds,2026-10-08T04:06:29.798250+00:00
4520240725010003,2024-07-25,豊橋競輪,F2,A3 challenge,3,チャレンジ予選,11:31,11:26,7,https://keirin.kdreams.jp/toyohashi/racedetail/4520240725010003/?pageType=odds,2026-10-08T04:06:31.925405+00:00
4520240725010004,2024-07-25,豊橋競輪,F2,A3 challenge,4,チャレンジ予選,12:00,11:55,7,https://keirin.kdreams.jp/toyohashi/racedetail/4520240725010004/?pageType=odds,2026-10-08T04:06:33.940310+00:00
4520240725010005,2024-07-25,豊橋競輪,F2,A3 challenge,5,チャレンジ予選,12:30,12:25,7,https://keirin.kdreams.jp/toyohashi/racedetail/4520240725010005/?pageType=odds,2026-10-08T04:06:36.197912+00:00
7420240725010001,2024-07-25,高知競輪,F2,A3 challenge,1,チャレンジ予選,21:06,21:01,7,https://keirin.kdreams.jp/kochi/racedetail/7420240725010001/?pageType=odds,2026-10-08T04:05:03.793847+00:00
7420240725010002,2024-07-25,高知競輪,F2,A3 challenge,2,チャレンジ予選,21:30,21:25,7,https://keirin.kdreams.jp/kochi/racedetail/7420240725010002/?pageType=odds,2026-10-08T04:05:05.874871+00:00
7420240725010003,2024-07-25,高知競輪,F2,A3 challenge,3,チャレンジ予選,21:54,21:49,7,https://keirin.kdreams.jp/kochi/racedetail/7420240725010003/?pageType=odds,2026-10-08T04:05:07.796247+00:00
7420240725010004,2024-07-25,高知競輪,F2,A3 challenge,4,チャレンジ予選,22:18,22:13,7,https://keirin.kdreams.jp/kochi/racedetail/7420240725010004/?pageType=odds,2026-10-08T04:05:09.784083+00:00
7420240725010005,2024-07-25,高知競輪,F2,A3 challenge,5,チャレンジ予選,22:42,22:37,7,https://keirin.kdreams.jp/kochi/racedetail/7420240725010005/?pageType=odds,2026-10-08T04:05:11.772130+00:00
7420240725010006,2024-07-25,高知競輪,F2,A3 challenge,6,チャレンジ予選,23:06,23:01,7,https://keirin.kdreams.jp/kochi/racedetail/7420240725010006/?pageType=odds,2026-10-08T04:05:13.923838+00:00
7420240725010007,2024-07-25,高知競輪,F2,A3 challenge,7,チャレンジ予選,23:30,23:25,7,https://keirin.kdreams.jp/kochi/racedetail/7420240725010007/?pageType=odds,2026-10-08T04:05:15.846624+00:00
4720240725020001,2024-07-26,松阪競輪,F2,A3 challenge,1,チャレンジ一般,20:58,20:53,6,https://keirin.kdreams.jp/matsusaka/racedetail/4720240725020001/?pageType=odds,2026-10-08T04:05:58.539218+00:00
4720240725020002,2024-07-26,松阪競輪,F2,A3 challenge,2,チャレンジ一般,21:22,21:17,6,https://keirin.kdreams.jp/matsusaka/racedetail/4720240725020002/?pageType=odds,2026-10-08T04:06:00.361716+00:00
4720240725020003,2024-07-26,松阪競輪,F2,A3 challenge,3,チャレンジ選抜,21:46,21:41,7,https://keirin.kdreams.jp/matsusaka/racedetail/4720240725020003/?pageType=odds,2026-10-08T04:06:02.472692+00:00
4720240725020004,2024-07-26,松阪競輪,F2,A3 challenge,4,チャレンジ選抜,22:10,22:05,7,https://keirin.kdreams.jp/matsusaka/racedetail/4720240725020004/?pageType=odds,2026-10-08T04:06:04.493060+00:00
4720240725020005,2024-07-26,松阪競輪,F2,A3 challenge,5,チャレンジ準決勝,22:34,22:29,7,https://keirin.kdreams.jp/matsusaka/racedetail/4720240725020005/?pageType=odds,2026-10-08T04:06:06.545343+00:00
4720240725020006,2024-07-26,松阪競輪,F2,A3 challenge,6,チャレンジ準決勝,22:58,22:53,7,https://keirin.kdreams.jp/matsusaka/racedetail/4720240725020006/?pageType=odds,2026-10-08T04:06:08.340119+00:00
4720240725020007,2024-07-26,松阪競輪,F2,A3 challenge,7,チャレンジ準決勝,23:22,23:17,7,https://keirin.kdreams.jp/matsusaka/racedetail/4720240725020007/?pageType=odds,2026-10-08T04:06:10.262661+00:00
4520240725020001,2024-07-26,豊橋競輪,F2,A3 challenge,1,チャレンジ一般,10:35,10:30,6,https://keirin.kdreams.jp/toyohashi/racedetail/4520240725020001/?pageType=odds,2026-10-08T04:06:38.439121+00:00
4520240725020002,2024-07-26,豊橋競輪,F2,A3 challenge,2,チャレンジ一般,11:03,10:58,6,https://keirin.kdreams.jp/toyohashi/racedetail/4520240725020002/?pageType=odds,2026-10-08T04:06:40.421686+00:00
4520240725020003,2024-07-26,豊橋競輪,F2,A3 challenge,3,チャレンジ準決勝,11:31,11:26,7,https://keirin.kdreams.jp/toyohashi/racedetail/4520240725020003/?pageType=odds,2026-10-08T04:06:42.544728+00:00
4520240725020004,2024-07-26,豊橋競輪,F2,A3 challenge,4,チャレンジ準決勝,12:00,11:55,7,https://keirin.kdreams.jp/toyohashi/racedetail/4520240725020004/?pageType=odds,2026-10-08T04:06:44.720181+00:00
4520240725020005,2024-07-26,豊橋競輪,F2,A3 challenge,5,チャレンジ準決勝,12:30,12:25,7,https://keirin.kdreams.jp/toyohashi/racedetail/4520240725020005/?pageType=odds,2026-10-08T04:06:46.892914+00:00
1220240726010001,2024-07-26,青森競輪,F2,A3 challenge,1,チャレンジ予選,10:53,10:48,7,https://keirin.kdreams.jp/aomori/racedetail/1220240726010001/?pageType=odds,2026-10-08T04:06:59.661350+00:00
1220240726010002,2024-07-26,青森競輪,F2,A3 challenge,2,チャレンジ予選,11:21,11:16,7,https://keirin.kdreams.jp/aomori/racedetail/1220240726010002/?pageType=odds,2026-10-08T04:07:01.733293+00:00
1220240726010003,2024-07-26,青森競輪,F2,A3 challenge,3,チャレンジ予選,11:50,11:45,7,https://keirin.kdreams.jp/aomori/racedetail/1220240726010003/?pageType=odds,2026-10-08T04:07:03.720359+00:00
1220240726010004,2024-07-26,青森競輪,F2,A3 challenge,4,チャレンジ予選,12:19,12:14,7,https://keirin.kdreams.jp/aomori/racedetail/1220240726010004/?pageType=odds,2026-10-08T04:07:05.736921+00:00
1220240726010005,2024-07-26,青森競輪,F2,A3 challenge,5,チャレンジ予選,12:49,12:44,7,https://keirin.kdreams.jp/aomori/racedetail/1220240726010005/?pageType=odds,2026-10-08T04:07:08.070876+00:00
7420240725020001,2024-07-26,高知競輪,F2,A3 challenge,1,チャレンジ一般,21:06,21:01,6,https://keirin.kdreams.jp/kochi/racedetail/7420240725020001/?pageType=odds,2026-10-08T04:05:17.689112+00:00
7420240725020002,2024-07-26,高知競輪,F2,A3 challenge,2,チャレンジ一般,21:30,21:25,7,https://keirin.kdreams.jp/kochi/racedetail/7420240725020002/?pageType=odds,2026-10-08T04:05:19.634044+00:00
7420240725020003,2024-07-26,高知競輪,F2,A3 challenge,3,チャレンジ選抜,21:54,21:49,7,https://keirin.kdreams.jp/kochi/racedetail/7420240725020003/?pageType=odds,2026-10-08T04:05:21.781455+00:00
7420240725020004,2024-07-26,高知競輪,F2,A3 challenge,4,チャレンジ選抜,22:18,22:13,7,https://keirin.kdreams.jp/kochi/racedetail/7420240725020004/?pageType=odds,2026-10-08T04:05:24.000603+00:00
7420240725020005,2024-07-26,高知競輪,F2,A3 challenge,5,チャレンジ準決勝,22:42,22:37,7,https://keirin.kdreams.jp/kochi/racedetail/7420240725020005/?pageType=odds,2026-10-08T04:05:25.987846+00:00
7420240725020006,2024-07-26,高知競輪,F2,A3 challenge,6,チャレンジ準決勝,23:06,23:01,7,https://keirin.kdreams.jp/kochi/racedetail/7420240725020006/?pageType=odds,2026-10-08T04:05:28.116727+00:00
7420240725020007,2024-07-26,高知競輪,F2,A3 challenge,7,チャレンジ準決勝,23:30,23:25,7,https://keirin.kdreams.jp/kochi/racedetail/7420240725020007/?pageType=odds,2026-10-08T04:05:29.929946+00:00
3620240727010001,2024-07-27,小田原競輪,F2,A3 challenge,1,チャレンジ予選,08:40,08:35,7,https://keirin.kdreams.jp/odawara/racedetail/3620240727010001/?pageType=odds,2026-10-08T04:07:31.381561+00:00
3620240727010002,2024-07-27,小田原競輪,F2,A3 challenge,2,チャレンジ予選,09:00,08:55,7,https://keirin.kdreams.jp/odawara/racedetail/3620240727010002/?pageType=odds,2026-10-08T04:07:33.228919+00:00
3620240727010003,2024-07-27,小田原競輪,F2,A3 challenge,3,チャレンジ予選,09:20,09:15,7,https://keirin.kdreams.jp/odawara/racedetail/3620240727010003/?pageType=odds,2026-10-08T04:07:35.058562+00:00
3620240727010004,2024-07-27,小田原競輪,F2,A3 challenge,4,チャレンジ予選,09:40,09:35,7,https://keirin.kdreams.jp/odawara/racedetail/3620240727010004/?pageType=odds,2026-10-08T04:07:37.033130+00:00
3620240727010005,2024-07-27,小田原競輪,F2,A3 challenge,5,チャレンジ予選,10:00,09:55,7,https://keirin.kdreams.jp/odawara/racedetail/3620240727010005/?pageType=odds,2026-10-08T04:07:39.146072+00:00
4720240725030001,2024-07-27,松阪競輪,F2,A3 challenge,1,チャレンジ一般,20:58,20:53,6,https://keirin.kdreams.jp/matsusaka/racedetail/4720240725030001/?pageType=odds,2026-10-08T04:06:12.701759+00:00
4720240725030002,2024-07-27,松阪競輪,F2,A3 challenge,2,チャレンジ一般,21:22,21:17,6,https://keirin.kdreams.jp/matsusaka/racedetail/4720240725030002/?pageType=odds,2026-10-08T04:06:15.324565+00:00
4720240725030003,2024-07-27,松阪競輪,F2,A3 challenge,3,チャレンジ一般,21:46,21:41,7,https://keirin.kdreams.jp/matsusaka/racedetail/4720240725030003/?pageType=odds,2026-10-08T04:06:17.167294+00:00
4720240725030004,2024-07-27,松阪競輪,F2,A3 challenge,4,チャレンジ選抜,22:10,22:05,7,https://keirin.kdreams.jp/matsusaka/racedetail/4720240725030004/?pageType=odds,2026-10-08T04:06:19.368757+00:00
4720240725030005,2024-07-27,松阪競輪,F2,A3 challenge,5,チャレンジ選抜,22:34,22:29,7,https://keirin.kdreams.jp/matsusaka/racedetail/4720240725030005/?pageType=odds,2026-10-08T04:06:21.560748+00:00
4720240725030006,2024-07-27,松阪競輪,F2,A3 challenge,6,チャレンジ選抜,22:58,22:53,7,https://keirin.kdreams.jp/matsusaka/racedetail/4720240725030006/?pageType=odds,2026-10-08T04:06:23.618650+00:00
4720240725030007,2024-07-27,松阪競輪,F2,A3 challenge,7,チャレンジ決勝,23:22,23:17,7,https://keirin.kdreams.jp/matsusaka/racedetail/4720240725030007/?pageType=odds,2026-10-08T04:06:25.688755+00:00
4520240725030001,2024-07-27,豊橋競輪,F2,A3 challenge,1,チャレンジ一般,10:45,10:40,6,https://keirin.kdreams.jp/toyohashi/racedetail/4520240725030001/?pageType=odds,2026-10-08T04:06:48.960966+00:00
4520240725030002,2024-07-27,豊橋競輪,F2,A3 challenge,2,チャレンジ一般,11:10,11:05,6,https://keirin.kdreams.jp/toyohashi/racedetail/4520240725030002/?pageType=odds,2026-10-08T04:06:50.940018+00:00
4520240725030003,2024-07-27,豊橋競輪,F2,A3 challenge,3,チャレンジ選抜,11:35,11:30,7,https://keirin.kdreams.jp/toyohashi/racedetail/4520240725030003/?pageType=odds,2026-10-08T04:06:52.947156+00:00
4520240725030004,2024-07-27,豊橋競輪,F2,A3 challenge,4,チャレンジ選抜,12:00,11:55,7,https://keirin.kdreams.jp/toyohashi/racedetail/4520240725030004/?pageType=odds,2026-10-08T04:06:55.274324+00:00
4520240725030010,2024-07-27,豊橋競輪,F2,A3 challenge,10,チャレンジ決勝,15:06,15:01,7,https://keirin.kdreams.jp/toyohashi/racedetail/4520240725030010/?pageType=odds,2026-10-08T04:06:57.569545+00:00
1220240726020001,2024-07-27,青森競輪,F2,A3 challenge,1,チャレンジ一般,10:53,10:48,7,https://keirin.kdreams.jp/aomori/racedetail/1220240726020001/?pageType=odds,2026-10-08T04:07:10.096212+00:00
1220240726020002,2024-07-27,青森競輪,F2,A3 challenge,2,チャレンジ一般,11:21,11:16,7,https://keirin.kdreams.jp/aomori/racedetail/1220240726020002/?pageType=odds,2026-10-08T04:07:12.564396+00:00
1220240726020003,2024-07-27,青森競輪,F2,A3 challenge,3,チャレンジ準決勝,11:50,11:45,7,https://keirin.kdreams.jp/aomori/racedetail/1220240726020003/?pageType=odds,2026-10-08T04:07:15.359694+00:00
1220240726020004,2024-07-27,青森競輪,F2,A3 challenge,4,チャレンジ準決勝,12:19,12:14,7,https://keirin.kdreams.jp/aomori/racedetail/1220240726020004/?pageType=odds,2026-10-08T04:07:17.351490+00:00
1220240726020005,2024-07-27,青森競輪,F2,A3 challenge,5,チャレンジ準決勝,12:49,12:44,7,https://keirin.kdreams.jp/aomori/racedetail/1220240726020005/?pageType=odds,2026-10-08T04:07:19.385698+00:00
7420240725030001,2024-07-27,高知競輪,F2,A3 challenge,1,チャレンジ一般,21:06,21:01,6,https://keirin.kdreams.jp/kochi/racedetail/7420240725030001/?pageType=odds,2026-10-08T04:05:32.002877+00:00
7420240725030002,2024-07-27,高知競輪,F2,A3 challenge,2,チャレンジ一般,21:30,21:25,7,https://keirin.kdreams.jp/kochi/racedetail/7420240725030002/?pageType=odds,2026-10-08T04:05:34.655475+00:00
7420240725030003,2024-07-27,高知競輪,F2,A3 challenge,3,チャレンジ一般,21:54,21:49,7,https://keirin.kdreams.jp/kochi/racedetail/7420240725030003/?pageType=odds,2026-10-08T04:05:36.702194+00:00
7420240725030004,2024-07-27,高知競輪,F2,A3 challenge,4,チャレンジ選抜,22:18,22:13,7,https://keirin.kdreams.jp/kochi/racedetail/7420240725030004/?pageType=odds,2026-10-08T04:05:38.675371+00:00
7420240725030005,2024-07-27,高知競輪,F2,A3 challenge,5,チャレンジ選抜,22:42,22:37,7,https://keirin.kdreams.jp/kochi/racedetail/7420240725030005/?pageType=odds,2026-10-08T04:05:39.879845+00:00
7420240725030006,2024-07-27,高知競輪,F2,A3 challenge,6,チャレンジ選抜,23:06,23:01,7,https://keirin.kdreams.jp/kochi/racedetail/7420240725030006/?pageType=odds,2026-10-08T04:05:40.988939+00:00
7420240725030007,2024-07-27,高知競輪,F2,A3 challenge,7,チャレンジ決勝,23:30,23:25,7,https://keirin.kdreams.jp/kochi/racedetail/7420240725030007/?pageType=odds,2026-10-08T04:05:42.985940+00:00
5320240728010001,2024-07-28,奈良競輪,F2,A3 challenge,1,チャレンジ予選,20:50,20:45,7,https://keirin.kdreams.jp/nara/racedetail/5320240728010001/?pageType=odds,2026-10-08T04:08:00.388951+00:00
5320240728010002,2024-07-28,奈良競輪,F2,A3 challenge,2,チャレンジ予選,21:10,21:05,7,https://keirin.kdreams.jp/nara/racedetail/5320240728010002/?pageType=odds,2026-10-08T04:08:02.594835+00:00
5320240728010003,2024-07-28,奈良競輪,F2,A3 challenge,3,チャレンジ予選,21:30,21:25,7,https://keirin.kdreams.jp/nara/racedetail/5320240728010003/?pageType=odds,2026-10-08T04:08:04.910484+00:00
5320240728010004,2024-07-28,奈良競輪,F2,A3 challenge,4,チャレンジ予選,21:50,21:45,7,https://keirin.kdreams.jp/nara/racedetail/5320240728010004/?pageType=odds,2026-10-08T04:08:07.108498+00:00
3620240727020001,2024-07-28,小田原競輪,F2,A3 challenge,1,チャレンジ一般,08:40,08:35,5,https://keirin.kdreams.jp/odawara/racedetail/3620240727020001/?pageType=odds,2026-10-08T04:07:40.869392+00:00
3620240727020002,2024-07-28,小田原競輪,F2,A3 challenge,2,チャレンジ一般,09:00,08:55,6,https://keirin.kdreams.jp/odawara/racedetail/3620240727020002/?pageType=odds,2026-10-08T04:07:42.849811+00:00
3620240727020003,2024-07-28,小田原競輪,F2,A3 challenge,3,チャレンジ準決勝,09:20,09:15,7,https://keirin.kdreams.jp/odawara/racedetail/3620240727020003/?pageType=odds,2026-10-08T04:07:44.795460+00:00
3620240727020004,2024-07-28,小田原競輪,F2,A3 challenge,4,チャレンジ準決勝,09:40,09:35,7,https://keirin.kdreams.jp/odawara/racedetail/3620240727020004/?pageType=odds,2026-10-08T04:07:46.505843+00:00
3620240727020005,2024-07-28,小田原競輪,F2,A3 challenge,5,チャレンジ準決勝,10:00,09:55,7,https://keirin.kdreams.jp/odawara/racedetail/3620240727020005/?pageType=odds,2026-10-08T04:07:48.445721+00:00
1220240726030001,2024-07-28,青森競輪,F2,A3 challenge,1,チャレンジ一般,10:53,10:48,6,https://keirin.kdreams.jp/aomori/racedetail/1220240726030001/?pageType=odds,2026-10-08T04:07:21.306176+00:00
1220240726030002,2024-07-28,青森競輪,F2,A3 challenge,2,チャレンジ一般,11:21,11:16,7,https://keirin.kdreams.jp/aomori/racedetail/1220240726030002/?pageType=odds,2026-10-08T04:07:23.244705+00:00
1220240726030003,2024-07-28,青森競輪,F2,A3 challenge,3,チャレンジ選抜,11:50,11:45,7,https://keirin.kdreams.jp/aomori/racedetail/1220240726030003/?pageType=odds,2026-10-08T04:07:25.192759+00:00
1220240726030004,2024-07-28,青森競輪,F2,A3 challenge,4,チャレンジ選抜,12:19,12:14,7,https://keirin.kdreams.jp/aomori/racedetail/1220240726030004/?pageType=odds,2026-10-08T04:07:27.061301+00:00
1220240726030010,2024-07-28,青森競輪,F2,A3 challenge,10,チャレンジ決勝,15:27,15:22,7,https://keirin.kdreams.jp/aomori/racedetail/1220240726030010/?pageType=odds,2026-10-08T04:07:29.387669+00:00
5320240728020001,2024-07-29,奈良競輪,F2,A3 challenge,1,チャレンジ一般,20:50,20:45,7,https://keirin.kdreams.jp/nara/racedetail/5320240728020001/?pageType=odds,2026-10-08T04:08:09.072906+00:00
5320240728020002,2024-07-29,奈良競輪,F2,A3 challenge,2,チャレンジ一般,21:10,21:05,7,https://keirin.kdreams.jp/nara/racedetail/5320240728020002/?pageType=odds,2026-10-08T04:08:11.205550+00:00
5320240728020003,2024-07-29,奈良競輪,F2,A3 challenge,3,チャレンジ準決勝,21:30,21:25,7,https://keirin.kdreams.jp/nara/racedetail/5320240728020003/?pageType=odds,2026-10-08T04:08:13.350717+00:00
5320240728020004,2024-07-29,奈良競輪,F2,A3 challenge,4,チャレンジ準決勝,21:50,21:45,7,https://keirin.kdreams.jp/nara/racedetail/5320240728020004/?pageType=odds,2026-10-08T04:08:15.555037+00:00
3620240727030001,2024-07-29,小田原競輪,F2,A3 challenge,1,チャレンジ一般,08:30,08:25,6,https://keirin.kdreams.jp/odawara/racedetail/3620240727030001/?pageType=odds,2026-10-08T04:07:50.277983+00:00
3620240727030002,2024-07-29,小田原競輪,F2,A3 challenge,2,チャレンジ一般,08:50,08:45,6,https://keirin.kdreams.jp/odawara/racedetail/3620240727030002/?pageType=odds,2026-10-08T04:07:52.090204+00:00
3620240727030003,2024-07-29,小田原競輪,F2,A3 challenge,3,チャレンジ選抜,09:10,09:05,7,https://keirin.kdreams.jp/odawara/racedetail/3620240727030003/?pageType=odds,2026-10-08T04:07:54.283779+00:00
3620240727030004,2024-07-29,小田原競輪,F2,A3 challenge,4,チャレンジ選抜,09:30,09:25,7,https://keirin.kdreams.jp/odawara/racedetail/3620240727030004/?pageType=odds,2026-10-08T04:07:56.229803+00:00
3620240727030005,2024-07-29,小田原競輪,F2,A3 challenge,5,チャレンジ決勝,09:50,09:45,7,https://keirin.kdreams.jp/odawara/racedetail/3620240727030005/?pageType=odds,2026-10-08T04:07:58.392730+00:00
5320240728030001,2024-07-30,奈良競輪,F2,A3 challenge,1,チャレンジ一般,20:50,20:45,7,https://keirin.kdreams.jp/nara/racedetail/5320240728030001/?pageType=odds,2026-10-08T04:08:17.556950+00:00
5320240728030002,2024-07-30,奈良競輪,F2,A3 challenge,2,チャレンジ一般,21:10,21:05,7,https://keirin.kdreams.jp/nara/racedetail/5320240728030002/?pageType=odds,2026-10-08T04:08:19.555354+00:00
5320240728030003,2024-07-30,奈良競輪,F2,A3 challenge,3,チャレンジ選抜,21:30,21:25,7,https://keirin.kdreams.jp/nara/racedetail/5320240728030003/?pageType=odds,2026-10-08T04:08:21.607936+00:00
5320240728030008,2024-07-30,奈良競輪,F2,A3 challenge,8,チャレンジ決勝,23:10,23:05,7,https://keirin.kdreams.jp/nara/racedetail/5320240728030008/?pageType=odds,2026-10-08T04:08:23.534929+00:00
8420240731010001,2024-07-31,武雄競輪,F2,A3 challenge,1,チャレンジ予選,21:06,21:01,7,https://keirin.kdreams.jp/takeo/racedetail/8420240731010001/?pageType=odds,2026-10-08T04:08:53.026476+00:00
8420240731010002,2024-07-31,武雄競輪,F2,A3 challenge,2,チャレンジ予選,21:30,21:25,7,https://keirin.kdreams.jp/takeo/racedetail/8420240731010002/?pageType=odds,2026-10-08T04:08:54.999135+00:00
8420240731010003,2024-07-31,武雄競輪,F2,A3 challenge,3,チャレンジ予選,21:54,21:49,7,https://keirin.kdreams.jp/takeo/racedetail/8420240731010003/?pageType=odds,2026-10-08T04:08:56.982983+00:00
8420240731010004,2024-07-31,武雄競輪,F2,A3 challenge,4,チャレンジ予選,22:18,22:13,7,https://keirin.kdreams.jp/takeo/racedetail/8420240731010004/?pageType=odds,2026-10-08T04:08:59.028689+00:00
8420240731010005,2024-07-31,武雄競輪,F2,A3 challenge,5,チャレンジ予選,22:42,22:37,7,https://keirin.kdreams.jp/takeo/racedetail/8420240731010005/?pageType=odds,2026-10-08T04:09:00.928125+00:00
8420240731010006,2024-07-31,武雄競輪,F2,A3 challenge,6,チャレンジ予選,23:06,23:01,7,https://keirin.kdreams.jp/takeo/racedetail/8420240731010006/?pageType=odds,2026-10-08T04:09:03.780889+00:00
8420240731010007,2024-07-31,武雄競輪,F2,A3 challenge,7,チャレンジ予選,23:30,23:25,7,https://keirin.kdreams.jp/takeo/racedetail/8420240731010007/?pageType=odds,2026-10-08T04:09:05.888554+00:00
5120240731010001,2024-07-31,福井競輪,F2,A3 challenge,1,チャレンジ予選,10:42,10:37,7,https://keirin.kdreams.jp/fukui/racedetail/5120240731010001/?pageType=odds,2026-10-08T04:08:25.468696+00:00
5120240731010002,2024-07-31,福井競輪,F2,A3 challenge,2,チャレンジ予選,11:07,11:02,7,https://keirin.kdreams.jp/fukui/racedetail/5120240731010002/?pageType=odds,2026-10-08T04:08:27.345293+00:00
5120240731010003,2024-07-31,福井競輪,F2,A3 challenge,3,チャレンジ予選,11:32,11:27,7,https://keirin.kdreams.jp/fukui/racedetail/5120240731010003/?pageType=odds,2026-10-08T04:08:29.262589+00:00
5120240731010004,2024-07-31,福井競輪,F2,A3 challenge,4,チャレンジ予選,12:02,11:57,7,https://keirin.kdreams.jp/fukui/racedetail/5120240731010004/?pageType=odds,2026-10-08T04:08:31.310428+00:00
5120240731010005,2024-07-31,福井競輪,F2,A3 challenge,5,チャレンジ予選,12:32,12:27,7,https://keirin.kdreams.jp/fukui/racedetail/5120240731010005/?pageType=odds,2026-10-08T04:08:33.219544+00:00
4620240801010001,2024-08-01,富山競輪,F2,A3 challenge,1,チャレンジ予選,10:29,10:24,6,https://keirin.kdreams.jp/toyama/racedetail/4620240801010001/?pageType=odds,2026-10-08T04:10:08.138049+00:00
4620240801010002,2024-08-01,富山競輪,F2,A3 challenge,2,チャレンジ予選,10:55,10:50,6,https://keirin.kdreams.jp/toyama/racedetail/4620240801010002/?pageType=odds,2026-10-08T04:10:10.148050+00:00
4620240801010003,2024-08-01,富山競輪,F2,A3 challenge,3,チャレンジ予選,11:21,11:16,6,https://keirin.kdreams.jp/toyama/racedetail/4620240801010003/?pageType=odds,2026-10-08T04:10:12.094460+00:00
4620240801010004,2024-08-01,富山競輪,F2,A3 challenge,4,チャレンジ予選,11:48,11:43,7,https://keirin.kdreams.jp/toyama/racedetail/4620240801010004/?pageType=odds,2026-10-08T04:10:14.454125+00:00
4620240801010005,2024-08-01,富山競輪,F2,A3 challenge,5,チャレンジ予選,12:18,12:13,7,https://keirin.kdreams.jp/toyama/racedetail/4620240801010005/?pageType=odds,2026-10-08T04:10:16.511736+00:00
8420240731020001,2024-08-01,武雄競輪,F2,A3 challenge,1,チャレンジ一般,21:06,21:01,6,https://keirin.kdreams.jp/takeo/racedetail/8420240731020001/?pageType=odds,2026-10-08T04:09:07.920930+00:00
8420240731020002,2024-08-01,武雄競輪,F2,A3 challenge,2,チャレンジ一般,21:30,21:25,6,https://keirin.kdreams.jp/takeo/racedetail/8420240731020002/?pageType=odds,2026-10-08T04:09:09.817562+00:00
8420240731020003,2024-08-01,武雄競輪,F2,A3 challenge,3,チャレンジ選抜,21:54,21:49,7,https://keirin.kdreams.jp/takeo/racedetail/8420240731020003/?pageType=odds,2026-10-08T04:09:12.264065+00:00
8420240731020004,2024-08-01,武雄競輪,F2,A3 challenge,4,チャレンジ選抜,22:18,22:13,7,https://keirin.kdreams.jp/takeo/racedetail/8420240731020004/?pageType=odds,2026-10-08T04:09:14.610817+00:00
8420240731020005,2024-08-01,武雄競輪,F2,A3 challenge,5,チャレンジ準決勝,22:42,22:37,7,https://keirin.kdreams.jp/takeo/racedetail/8420240731020005/?pageType=odds,2026-10-08T04:09:16.763464+00:00
8420240731020006,2024-08-01,武雄競輪,F2,A3 challenge,6,チャレンジ準決勝,23:06,23:01,7,https://keirin.kdreams.jp/takeo/racedetail/8420240731020006/?pageType=odds,2026-10-08T04:09:18.735994+00:00
8420240731020007,2024-08-01,武雄競輪,F2,A3 challenge,7,チャレンジ準決勝,23:30,23:25,7,https://keirin.kdreams.jp/takeo/racedetail/8420240731020007/?pageType=odds,2026-10-08T04:09:20.685819+00:00
5120240731020001,2024-08-01,福井競輪,F2,A3 challenge,1,チャレンジ一般,10:32,10:27,5,https://keirin.kdreams.jp/fukui/racedetail/5120240731020001/?pageType=odds,2026-10-08T04:08:35.332023+00:00
5120240731020002,2024-08-01,福井競輪,F2,A3 challenge,2,チャレンジ一般,10:57,10:52,6,https://keirin.kdreams.jp/fukui/racedetail/5120240731020002/?pageType=odds,2026-10-08T04:08:37.156576+00:00
5120240731020003,2024-08-01,福井競輪,F2,A3 challenge,3,チャレンジ準決勝,11:22,11:17,7,https://keirin.kdreams.jp/fukui/racedetail/5120240731020003/?pageType=odds,2026-10-08T04:08:39.201113+00:00
5120240731020004,2024-08-01,福井競輪,F2,A3 challenge,4,チャレンジ準決勝,11:50,11:45,7,https://keirin.kdreams.jp/fukui/racedetail/5120240731020004/?pageType=odds,2026-10-08T04:08:41.164357+00:00
5120240731020005,2024-08-01,福井競輪,F2,A3 challenge,5,チャレンジ準決勝,12:20,12:15,7,https://keirin.kdreams.jp/fukui/racedetail/5120240731020005/?pageType=odds,2026-10-08T04:08:43.151397+00:00
7420240801010001,2024-08-01,高知競輪,F2,A3 challenge,1,チャレンジ予選,15:50,15:45,7,https://keirin.kdreams.jp/kochi/racedetail/7420240801010001/?pageType=odds,2026-10-08T04:09:37.542191+00:00
7420240801010002,2024-08-01,高知競輪,F2,A3 challenge,2,チャレンジ予選,16:10,16:05,7,https://keirin.kdreams.jp/kochi/racedetail/7420240801010002/?pageType=odds,2026-10-08T04:09:39.558222+00:00
7420240801010003,2024-08-01,高知競輪,F2,A3 challenge,3,チャレンジ予選,16:30,16:25,7,https://keirin.kdreams.jp/kochi/racedetail/7420240801010003/?pageType=odds,2026-10-08T04:09:41.723270+00:00
7420240801010004,2024-08-01,高知競輪,F2,A3 challenge,4,チャレンジ予選,16:50,16:45,7,https://keirin.kdreams.jp/kochi/racedetail/7420240801010004/?pageType=odds,2026-10-08T04:09:43.988184+00:00
7420240801010005,2024-08-01,高知競輪,F2,A3 challenge,5,チャレンジ予選,17:15,17:10,7,https://keirin.kdreams.jp/kochi/racedetail/7420240801010005/?pageType=odds,2026-10-08T04:09:46.052050+00:00
4620240801020001,2024-08-02,富山競輪,F2,A3 challenge,1,チャレンジ一般,10:29,10:24,5,https://keirin.kdreams.jp/toyama/racedetail/4620240801020001/?pageType=odds,2026-10-08T04:10:18.297607+00:00
4620240801020002,2024-08-02,富山競輪,F2,A3 challenge,2,チャレンジ一般,10:55,10:50,6,https://keirin.kdreams.jp/toyama/racedetail/4620240801020002/?pageType=odds,2026-10-08T04:10:20.316880+00:00
4620240801020003,2024-08-02,富山競輪,F2,A3 challenge,3,チャレンジ準決勝,11:21,11:16,7,https://keirin.kdreams.jp/toyama/racedetail/4620240801020003/?pageType=odds,2026-10-08T04:10:22.413133+00:00
4620240801020004,2024-08-02,富山競輪,F2,A3 challenge,4,チャレンジ準決勝,11:48,11:43,7,https://keirin.kdreams.jp/toyama/racedetail/4620240801020004/?pageType=odds,2026-10-08T04:10:24.794471+00:00
4620240801020005,2024-08-02,富山競輪,F2,A3 challenge,5,チャレンジ準決勝,12:18,12:13,7,https://keirin.kdreams.jp/toyama/racedetail/4620240801020005/?pageType=odds,2026-10-08T04:10:26.826422+00:00
8420240731030001,2024-08-02,武雄競輪,F2,A3 challenge,1,チャレンジ一般,21:06,21:01,5,https://keirin.kdreams.jp/takeo/racedetail/8420240731030001/?pageType=odds,2026-10-08T04:09:22.617114+00:00
8420240731030002,2024-08-02,武雄競輪,F2,A3 challenge,2,チャレンジ一般,21:30,21:25,6,https://keirin.kdreams.jp/takeo/racedetail/8420240731030002/?pageType=odds,2026-10-08T04:09:25.128157+00:00
8420240731030003,2024-08-02,武雄競輪,F2,A3 challenge,3,チャレンジ一般,21:54,21:49,6,https://keirin.kdreams.jp/takeo/racedetail/8420240731030003/?pageType=odds,2026-10-08T04:09:26.922407+00:00
8420240731030004,2024-08-02,武雄競輪,F2,A3 challenge,4,チャレンジ選抜,22:18,22:13,7,https://keirin.kdreams.jp/takeo/racedetail/8420240731030004/?pageType=odds,2026-10-08T04:09:29.388389+00:00
8420240731030005,2024-08-02,武雄競輪,F2,A3 challenge,5,チャレンジ選抜,22:42,22:37,7,https://keirin.kdreams.jp/takeo/racedetail/8420240731030005/?pageType=odds,2026-10-08T04:09:31.317463+00:00
8420240731030006,2024-08-02,武雄競輪,F2,A3 challenge,6,チャレンジ選抜,23:06,23:01,7,https://keirin.kdreams.jp/takeo/racedetail/8420240731030006/?pageType=odds,2026-10-08T04:09:33.295280+00:00
8420240731030007,2024-08-02,武雄競輪,F2,A3 challenge,7,チャレンジ決勝,23:30,23:25,7,https://keirin.kdreams.jp/takeo/racedetail/8420240731030007/?pageType=odds,2026-10-08T04:09:35.447156+00:00
5120240731030001,2024-08-02,福井競輪,F2,A3 challenge,1,チャレンジ一般,10:57,10:52,7,https://keirin.kdreams.jp/fukui/racedetail/5120240731030001/?pageType=odds,2026-10-08T04:08:45.002527+00:00
5120240731030002,2024-08-02,福井競輪,F2,A3 challenge,2,チャレンジ選抜,11:22,11:17,7,https://keirin.kdreams.jp/fukui/racedetail/5120240731030002/?pageType=odds,2026-10-08T04:08:47.139238+00:00
5120240731030003,2024-08-02,福井競輪,F2,A3 challenge,3,チャレンジ選抜,11:50,11:45,7,https://keirin.kdreams.jp/fukui/racedetail/5120240731030003/?pageType=odds,2026-10-08T04:08:49.090698+00:00
5120240731030009,2024-08-02,福井競輪,F2,A3 challenge,9,チャレンジ決勝,14:58,14:53,7,https://keirin.kdreams.jp/fukui/racedetail/5120240731030009/?pageType=odds,2026-10-08T04:08:51.106943+00:00
7420240801020001,2024-08-02,高知競輪,F2,A3 challenge,1,チャレンジ一般,15:50,15:45,6,https://keirin.kdreams.jp/kochi/racedetail/7420240801020001/?pageType=odds,2026-10-08T04:09:48.000577+00:00
7420240801020002,2024-08-02,高知競輪,F2,A3 challenge,2,チャレンジ一般,16:10,16:05,7,https://keirin.kdreams.jp/kochi/racedetail/7420240801020002/?pageType=odds,2026-10-08T04:09:49.982191+00:00
7420240801020003,2024-08-02,高知競輪,F2,A3 challenge,3,チャレンジ準決勝,16:30,16:25,7,https://keirin.kdreams.jp/kochi/racedetail/7420240801020003/?pageType=odds,2026-10-08T04:09:52.016086+00:00
7420240801020004,2024-08-02,高知競輪,F2,A3 challenge,4,チャレンジ準決勝,16:50,16:45,7,https://keirin.kdreams.jp/kochi/racedetail/7420240801020004/?pageType=odds,2026-10-08T04:09:54.501863+00:00
7420240801020005,2024-08-02,高知競輪,F2,A3 challenge,5,チャレンジ準決勝,17:15,17:10,7,https://keirin.kdreams.jp/kochi/racedetail/7420240801020005/?pageType=odds,2026-10-08T04:09:56.525494+00:00
5420240803010001,2024-08-03,向日町競輪,F2,A3 challenge,1,チャレンジ予選,21:00,20:55,7,https://keirin.kdreams.jp/mukomachi/racedetail/5420240803010001/?pageType=odds,2026-10-08T04:10:39.895813+00:00
5420240803010002,2024-08-03,向日町競輪,F2,A3 challenge,2,チャレンジ予選,21:25,21:20,7,https://keirin.kdreams.jp/mukomachi/racedetail/5420240803010002/?pageType=odds,2026-10-08T04:10:42.028594+00:00
5420240803010003,2024-08-03,向日町競輪,F2,A3 challenge,3,チャレンジ予選,21:50,21:45,7,https://keirin.kdreams.jp/mukomachi/racedetail/5420240803010003/?pageType=odds,2026-10-08T04:10:43.984303+00:00
5420240803010004,2024-08-03,向日町競輪,F2,A3 challenge,4,チャレンジ予選,22:15,22:10,7,https://keirin.kdreams.jp/mukomachi/racedetail/5420240803010004/?pageType=odds,2026-10-08T04:10:45.898141+00:00
5420240803010005,2024-08-03,向日町競輪,F2,A3 challenge,5,チャレンジ予選,22:40,22:35,7,https://keirin.kdreams.jp/mukomachi/racedetail/5420240803010005/?pageType=odds,2026-10-08T04:10:47.745114+00:00
5420240803010006,2024-08-03,向日町競輪,F2,A3 challenge,6,チャレンジ予選,23:05,23:00,7,https://keirin.kdreams.jp/mukomachi/racedetail/5420240803010006/?pageType=odds,2026-10-08T04:10:50.191326+00:00
5420240803010007,2024-08-03,向日町競輪,F2,A3 challenge,7,チャレンジ予選,23:30,23:25,7,https://keirin.kdreams.jp/mukomachi/racedetail/5420240803010007/?pageType=odds,2026-10-08T04:10:52.206208+00:00
2420240803010001,2024-08-03,宇都宮競輪,F2,A3 challenge,1,チャレンジ予選,20:50,20:45,7,https://keirin.kdreams.jp/utsunomiya/racedetail/2420240803010001/?pageType=odds,2026-10-08T04:11:22.067408+00:00
2420240803010002,2024-08-03,宇都宮競輪,F2,A3 challenge,2,チャレンジ予選,21:15,21:10,7,https://keirin.kdreams.jp/utsunomiya/racedetail/2420240803010002/?pageType=odds,2026-10-08T04:11:24.185430+00:00
2420240803010003,2024-08-03,宇都宮競輪,F2,A3 challenge,3,チャレンジ予選,21:40,21:35,7,https://keirin.kdreams.jp/utsunomiya/racedetail/2420240803010003/?pageType=odds,2026-10-08T04:11:26.683256+00:00
2420240803010004,2024-08-03,宇都宮競輪,F2,A3 challenge,4,チャレンジ予選,22:05,22:00,7,https://keirin.kdreams.jp/utsunomiya/racedetail/2420240803010004/?pageType=odds,2026-10-08T04:11:28.706690+00:00
2420240803010005,2024-08-03,宇都宮競輪,F2,A3 challenge,5,チャレンジ予選,22:30,22:25,7,https://keirin.kdreams.jp/utsunomiya/racedetail/2420240803010005/?pageType=odds,2026-10-08T04:11:30.566296+00:00
2420240803010006,2024-08-03,宇都宮競輪,F2,A3 challenge,6,チャレンジ予選,22:55,22:50,7,https://keirin.kdreams.jp/utsunomiya/racedetail/2420240803010006/?pageType=odds,2026-10-08T04:11:32.977487+00:00
2420240803010007,2024-08-03,宇都宮競輪,F2,A3 challenge,7,チャレンジ予選,23:20,23:15,7,https://keirin.kdreams.jp/utsunomiya/racedetail/2420240803010007/?pageType=odds,2026-10-08T04:11:35.060443+00:00
4620240801030001,2024-08-03,富山競輪,F2,A3 challenge,1,チャレンジ一般,10:29,10:24,5,https://keirin.kdreams.jp/toyama/racedetail/4620240801030001/?pageType=odds,2026-10-08T04:10:28.804125+00:00
4620240801030002,2024-08-03,富山競輪,F2,A3 challenge,2,チャレンジ一般,10:55,10:50,6,https://keirin.kdreams.jp/toyama/racedetail/4620240801030002/?pageType=odds,2026-10-08T04:10:30.737422+00:00
4620240801030003,2024-08-03,富山競輪,F2,A3 challenge,3,チャレンジ選抜,11:21,11:16,7,https://keirin.kdreams.jp/toyama/racedetail/4620240801030003/?pageType=odds,2026-10-08T04:10:33.663482+00:00
4620240801030004,2024-08-03,富山競輪,F2,A3 challenge,4,チャレンジ選抜,11:48,11:43,7,https://keirin.kdreams.jp/toyama/racedetail/4620240801030004/?pageType=odds,2026-10-08T04:10:35.794591+00:00
4620240801030010,2024-08-03,富山競輪,F2,A3 challenge,10,チャレンジ決勝,14:55,14:50,7,https://keirin.kdreams.jp/toyama/racedetail/4620240801030010/?pageType=odds,2026-10-08T04:10:37.878960+00:00
7420240801030001,2024-08-03,高知競輪,F2,A3 challenge,1,チャレンジ一般,15:50,15:45,6,https://keirin.kdreams.jp/kochi/racedetail/7420240801030001/?pageType=odds,2026-10-08T04:09:58.388948+00:00
7420240801030002,2024-08-03,高知競輪,F2,A3 challenge,2,チャレンジ一般,16:10,16:05,6,https://keirin.kdreams.jp/kochi/racedetail/7420240801030002/?pageType=odds,2026-10-08T04:10:00.335292+00:00
7420240801030003,2024-08-03,高知競輪,F2,A3 challenge,3,チャレンジ選抜,16:30,16:25,7,https://keirin.kdreams.jp/kochi/racedetail/7420240801030003/?pageType=odds,2026-10-08T04:10:02.265639+00:00
7420240801030004,2024-08-03,高知競輪,F2,A3 challenge,4,チャレンジ選抜,16:50,16:45,7,https://keirin.kdreams.jp/kochi/racedetail/7420240801030004/?pageType=odds,2026-10-08T04:10:04.257397+00:00
7420240801030010,2024-08-03,高知競輪,F2,A3 challenge,10,チャレンジ決勝,19:29,19:24,7,https://keirin.kdreams.jp/kochi/racedetail/7420240801030010/?pageType=odds,2026-10-08T04:10:06.277787+00:00
1120240804010001,2024-08-04,函館競輪,F2,A3 challenge,1,チャレンジ予選,15:35,15:30,7,https://keirin.kdreams.jp/hakodate/racedetail/1120240804010001/?pageType=odds,2026-10-08T04:12:06.429000+00:00
1120240804010002,2024-08-04,函館競輪,F2,A3 challenge,2,チャレンジ予選,16:00,15:55,7,https://keirin.kdreams.jp/hakodate/racedetail/1120240804010002/?pageType=odds,2026-10-08T04:12:08.411295+00:00
1120240804010003,2024-08-04,函館競輪,F2,A3 challenge,3,チャレンジ予選,16:25,16:20,7,https://keirin.kdreams.jp/hakodate/racedetail/1120240804010003/?pageType=odds,2026-10-08T04:12:10.385312+00:00
1120240804010004,2024-08-04,函館競輪,F2,A3 challenge,4,チャレンジ予選,16:50,16:45,7,https://keirin.kdreams.jp/hakodate/racedetail/1120240804010004/?pageType=odds,2026-10-08T04:12:12.549967+00:00
1120240804010005,2024-08-04,函館競輪,F2,A3 challenge,5,チャレンジ予選,17:15,17:10,7,https://keirin.kdreams.jp/hakodate/racedetail/1120240804010005/?pageType=odds,2026-10-08T04:12:14.682176+00:00
5420240803020001,2024-08-04,向日町競輪,F2,A3 challenge,1,チャレンジ一般,21:00,20:55,5,https://keirin.kdreams.jp/mukomachi/racedetail/5420240803020001/?pageType=odds,2026-10-08T04:10:53.951108+00:00
5420240803020002,2024-08-04,向日町競輪,F2,A3 challenge,2,チャレンジ一般,21:25,21:20,5,https://keirin.kdreams.jp/mukomachi/racedetail/5420240803020002/?pageType=odds,2026-10-08T04:10:55.929086+00:00
5420240803020003,2024-08-04,向日町競輪,F2,A3 challenge,3,チャレンジ選抜,21:50,21:45,7,https://keirin.kdreams.jp/mukomachi/racedetail/5420240803020003/?pageType=odds,2026-10-08T04:10:57.800066+00:00
5420240803020004,2024-08-04,向日町競輪,F2,A3 challenge,4,チャレンジ選抜,22:15,22:10,7,https://keirin.kdreams.jp/mukomachi/racedetail/5420240803020004/?pageType=odds,2026-10-08T04:10:59.797647+00:00
5420240803020005,2024-08-04,向日町競輪,F2,A3 challenge,5,チャレンジ準決勝,22:40,22:35,7,https://keirin.kdreams.jp/mukomachi/racedetail/5420240803020005/?pageType=odds,2026-10-08T04:11:01.914666+00:00
5420240803020006,2024-08-04,向日町競輪,F2,A3 challenge,6,チャレンジ準決勝,23:05,23:00,7,https://keirin.kdreams.jp/mukomachi/racedetail/5420240803020006/?pageType=odds,2026-10-08T04:11:03.904399+00:00
5420240803020007,2024-08-04,向日町競輪,F2,A3 challenge,7,チャレンジ準決勝,23:30,23:25,7,https://keirin.kdreams.jp/mukomachi/racedetail/5420240803020007/?pageType=odds,2026-10-08T04:11:06.091655+00:00
2420240803020001,2024-08-04,宇都宮競輪,F2,A3 challenge,1,チャレンジ一般,20:50,20:45,7,https://keirin.kdreams.jp/utsunomiya/racedetail/2420240803020001/?pageType=odds,2026-10-08T04:11:37.267577+00:00
2420240803020002,2024-08-04,宇都宮競輪,F2,A3 challenge,2,チャレンジ一般,21:15,21:10,7,https://keirin.kdreams.jp/utsunomiya/racedetail/2420240803020002/?pageType=odds,2026-10-08T04:11:39.307360+00:00
2420240803020003,2024-08-04,宇都宮競輪,F2,A3 challenge,3,チャレンジ選抜,21:40,21:35,7,https://keirin.kdreams.jp/utsunomiya/racedetail/2420240803020003/?pageType=odds,2026-10-08T04:11:41.777436+00:00
2420240803020004,2024-08-04,宇都宮競輪,F2,A3 challenge,4,チャレンジ選抜,22:05,22:00,7,https://keirin.kdreams.jp/utsunomiya/racedetail/2420240803020004/?pageType=odds,2026-10-08T04:11:44.127495+00:00
2420240803020005,2024-08-04,宇都宮競輪,F2,A3 challenge,5,チャレンジ準決勝,22:30,22:25,7,https://keirin.kdreams.jp/utsunomiya/racedetail/2420240803020005/?pageType=odds,2026-10-08T04:11:46.096812+00:00
2420240803020006,2024-08-04,宇都宮競輪,F2,A3 challenge,6,チャレンジ準決勝,22:55,22:50,7,https://keirin.kdreams.jp/utsunomiya/racedetail/2420240803020006/?pageType=odds,2026-10-08T04:11:48.237352+00:00
2420240803020007,2024-08-04,宇都宮競輪,F2,A3 challenge,7,チャレンジ準決勝,23:20,23:15,7,https://keirin.kdreams.jp/utsunomiya/racedetail/2420240803020007/?pageType=odds,2026-10-08T04:11:50.190994+00:00
2820240804010001,2024-08-04,立川競輪,F2,A3 challenge,1,チャレンジ予選,10:35,10:30,7,https://keirin.kdreams.jp/tachikawa/racedetail/2820240804010001/?pageType=odds,2026-10-08T04:12:35.738208+00:00
2820240804010002,2024-08-04,立川競輪,F2,A3 challenge,2,チャレンジ予選,11:01,10:56,7,https://keirin.kdreams.jp/tachikawa/racedetail/2820240804010002/?pageType=odds,2026-10-08T04:12:37.662928+00:00
2820240804010003,2024-08-04,立川競輪,F2,A3 challenge,3,チャレンジ予選,11:27,11:22,7,https://keirin.kdreams.jp/tachikawa/racedetail/2820240804010003/?pageType=odds,2026-10-08T04:12:39.550485+00:00
2820240804010004,2024-08-04,立川競輪,F2,A3 challenge,4,チャレンジ予選,11:54,11:49,7,https://keirin.kdreams.jp/tachikawa/racedetail/2820240804010004/?pageType=odds,2026-10-08T04:12:41.564052+00:00
2820240804010005,2024-08-04,立川競輪,F2,A3 challenge,5,チャレンジ予選,12:22,12:17,7,https://keirin.kdreams.jp/tachikawa/racedetail/2820240804010005/?pageType=odds,2026-10-08T04:12:43.708724+00:00
1120240804020001,2024-08-05,函館競輪,F2,A3 challenge,1,チャレンジ一般,15:35,15:30,6,https://keirin.kdreams.jp/hakodate/racedetail/1120240804020001/?pageType=odds,2026-10-08T04:12:16.736986+00:00
1120240804020002,2024-08-05,函館競輪,F2,A3 challenge,2,チャレンジ一般,16:00,15:55,7,https://keirin.kdreams.jp/hakodate/racedetail/1120240804020002/?pageType=odds,2026-10-08T04:12:19.009784+00:00
1120240804020003,2024-08-05,函館競輪,F2,A3 challenge,3,チャレンジ準決勝,16:25,16:20,7,https://keirin.kdreams.jp/hakodate/racedetail/1120240804020003/?pageType=odds,2026-10-08T04:12:21.039934+00:00
1120240804020004,2024-08-05,函館競輪,F2,A3 challenge,4,チャレンジ準決勝,16:50,16:45,7,https://keirin.kdreams.jp/hakodate/racedetail/1120240804020004/?pageType=odds,2026-10-08T04:12:23.197614+00:00
1120240804020005,2024-08-05,函館競輪,F2,A3 challenge,5,チャレンジ準決勝,17:15,17:10,7,https://keirin.kdreams.jp/hakodate/racedetail/1120240804020005/?pageType=odds,2026-10-08T04:12:25.267130+00:00
5420240803030001,2024-08-05,向日町競輪,F2,A3 challenge,1,チャレンジ一般,21:00,20:55,5,https://keirin.kdreams.jp/mukomachi/racedetail/5420240803030001/?pageType=odds,2026-10-08T04:11:07.840970+00:00
5420240803030002,2024-08-05,向日町競輪,F2,A3 challenge,2,チャレンジ一般,21:25,21:20,6,https://keirin.kdreams.jp/mukomachi/racedetail/5420240803030002/?pageType=odds,2026-10-08T04:11:09.731444+00:00
5420240803030003,2024-08-05,向日町競輪,F2,A3 challenge,3,チャレンジ一般,21:50,21:45,6,https://keirin.kdreams.jp/mukomachi/racedetail/5420240803030003/?pageType=odds,2026-10-08T04:11:11.687189+00:00
5420240803030004,2024-08-05,向日町競輪,F2,A3 challenge,4,チャレンジ選抜,22:15,22:10,7,https://keirin.kdreams.jp/mukomachi/racedetail/5420240803030004/?pageType=odds,2026-10-08T04:11:13.979812+00:00
5420240803030005,2024-08-05,向日町競輪,F2,A3 challenge,5,チャレンジ選抜,22:40,22:35,7,https://keirin.kdreams.jp/mukomachi/racedetail/5420240803030005/?pageType=odds,2026-10-08T04:11:15.950876+00:00
5420240803030006,2024-08-05,向日町競輪,F2,A3 challenge,6,チャレンジ選抜,23:05,23:00,7,https://keirin.kdreams.jp/mukomachi/racedetail/5420240803030006/?pageType=odds,2026-10-08T04:11:17.916752+00:00
5420240803030007,2024-08-05,向日町競輪,F2,A3 challenge,7,チャレンジ決勝,23:30,23:25,7,https://keirin.kdreams.jp/mukomachi/racedetail/5420240803030007/?pageType=odds,2026-10-08T04:11:19.835605+00:00
2420240803030001,2024-08-05,宇都宮競輪,F2,A3 challenge,1,チャレンジ一般,20:50,20:45,6,https://keirin.kdreams.jp/utsunomiya/racedetail/2420240803030001/?pageType=odds,2026-10-08T04:11:52.305829+00:00
2420240803030002,2024-08-05,宇都宮競輪,F2,A3 challenge,2,チャレンジ一般,21:15,21:10,6,https://keirin.kdreams.jp/utsunomiya/racedetail/2420240803030002/?pageType=odds,2026-10-08T04:11:54.201335+00:00
2420240803030003,2024-08-05,宇都宮競輪,F2,A3 challenge,3,チャレンジ一般,21:40,21:35,7,https://keirin.kdreams.jp/utsunomiya/racedetail/2420240803030003/?pageType=odds,2026-10-08T04:11:56.176424+00:00
2420240803030004,2024-08-05,宇都宮競輪,F2,A3 challenge,4,チャレンジ選抜,22:05,22:00,7,https://keirin.kdreams.jp/utsunomiya/racedetail/2420240803030004/?pageType=odds,2026-10-08T04:11:58.278910+00:00
2420240803030005,2024-08-05,宇都宮競輪,F2,A3 challenge,5,チャレンジ選抜,22:30,22:25,7,https://keirin.kdreams.jp/utsunomiya/racedetail/2420240803030005/?pageType=odds,2026-10-08T04:12:00.257189+00:00
2420240803030006,2024-08-05,宇都宮競輪,F2,A3 challenge,6,チャレンジ選抜,22:55,22:50,7,https://keirin.kdreams.jp/utsunomiya/racedetail/2420240803030006/?pageType=odds,2026-10-08T04:12:02.298947+00:00
2420240803030007,2024-08-05,宇都宮競輪,F2,A3 challenge,7,チャレンジ決勝,23:20,23:15,7,https://keirin.kdreams.jp/utsunomiya/racedetail/2420240803030007/?pageType=odds,2026-10-08T04:12:04.451061+00:00
2820240804020001,2024-08-05,立川競輪,F2,A3 challenge,1,チャレンジ一般,10:35,10:30,6,https://keirin.kdreams.jp/tachikawa/racedetail/2820240804020001/?pageType=odds,2026-10-08T04:12:45.618657+00:00
2820240804020002,2024-08-05,立川競輪,F2,A3 challenge,2,チャレンジ一般,11:01,10:56,7,https://keirin.kdreams.jp/tachikawa/racedetail/2820240804020002/?pageType=odds,2026-10-08T04:12:47.863493+00:00
2820240804020003,2024-08-05,立川競輪,F2,A3 challenge,3,チャレンジ準決勝,11:27,11:22,7,https://keirin.kdreams.jp/tachikawa/racedetail/2820240804020003/?pageType=odds,2026-10-08T04:12:50.090410+00:00
2820240804020004,2024-08-05,立川競輪,F2,A3 challenge,4,チャレンジ準決勝,11:54,11:49,7,https://keirin.kdreams.jp/tachikawa/racedetail/2820240804020004/?pageType=odds,2026-10-08T04:12:52.056779+00:00
2820240804020005,2024-08-05,立川競輪,F2,A3 challenge,5,チャレンジ準決勝,12:22,12:17,7,https://keirin.kdreams.jp/tachikawa/racedetail/2820240804020005/?pageType=odds,2026-10-08T04:12:53.917122+00:00
1120240804030001,2024-08-06,函館競輪,F2,A3 challenge,1,チャレンジ一般,15:50,15:45,6,https://keirin.kdreams.jp/hakodate/racedetail/1120240804030001/?pageType=odds,2026-10-08T04:12:27.166007+00:00
1120240804030002,2024-08-06,函館競輪,F2,A3 challenge,2,チャレンジ一般,16:15,16:10,7,https://keirin.kdreams.jp/hakodate/racedetail/1120240804030002/?pageType=odds,2026-10-08T04:12:29.148048+00:00
1120240804030003,2024-08-06,函館競輪,F2,A3 challenge,3,チャレンジ選抜,16:40,16:35,7,https://keirin.kdreams.jp/hakodate/racedetail/1120240804030003/?pageType=odds,2026-10-08T04:12:31.169193+00:00
1120240804030004,2024-08-06,函館競輪,F2,A3 challenge,4,チャレンジ選抜,17:05,17:00,7,https://keirin.kdreams.jp/hakodate/racedetail/1120240804030004/?pageType=odds,2026-10-08T04:12:33.189148+00:00
1120240804030011,2024-08-06,函館競輪,F2,A3 challenge,11,チャレンジ決勝,20:00,19:55,7,https://keirin.kdreams.jp/hakodate/racedetail/1120240804030011/?pageType=odds,2026-10-08T04:12:34.440795+00:00
2820240804030001,2024-08-06,立川競輪,F2,A3 challenge,1,チャレンジ一般,10:44,10:39,5,https://keirin.kdreams.jp/tachikawa/racedetail/2820240804030001/?pageType=odds,2026-10-08T04:12:56.140428+00:00
2820240804030002,2024-08-06,立川競輪,F2,A3 challenge,2,チャレンジ一般,11:11,11:06,6,https://keirin.kdreams.jp/tachikawa/racedetail/2820240804030002/?pageType=odds,2026-10-08T04:12:58.432145+00:00
2820240804030003,2024-08-06,立川競輪,F2,A3 challenge,3,チャレンジ選抜,11:38,11:33,7,https://keirin.kdreams.jp/tachikawa/racedetail/2820240804030003/?pageType=odds,2026-10-08T04:13:01.094449+00:00
2820240804030004,2024-08-06,立川競輪,F2,A3 challenge,4,チャレンジ選抜,12:05,12:00,7,https://keirin.kdreams.jp/tachikawa/racedetail/2820240804030004/?pageType=odds,2026-10-08T04:13:03.180795+00:00
2820240804030008,2024-08-06,立川競輪,F2,A3 challenge,8,チャレンジ決勝,14:03,13:58,7,https://keirin.kdreams.jp/tachikawa/racedetail/2820240804030008/?pageType=odds,2026-10-08T04:13:05.269251+00:00
1320240808010001,2024-08-08,いわき平競輪,F2,A3 challenge,1,チャレンジ予選,08:30,08:25,7,https://keirin.kdreams.jp/iwakitaira/racedetail/1320240808010001/?pageType=odds,2026-10-08T04:13:38.397092+00:00
1320240808010002,2024-08-08,いわき平競輪,F2,A3 challenge,2,チャレンジ予選,08:50,08:45,7,https://keirin.kdreams.jp/iwakitaira/racedetail/1320240808010002/?pageType=odds,2026-10-08T04:13:40.473679+00:00
1320240808010003,2024-08-08,いわき平競輪,F2,A3 challenge,3,チャレンジ予選,09:10,09:05,7,https://keirin.kdreams.jp/iwakitaira/racedetail/1320240808010003/?pageType=odds,2026-10-08T04:13:42.427532+00:00
1320240808010004,2024-08-08,いわき平競輪,F2,A3 challenge,4,チャレンジ予選,09:30,09:25,7,https://keirin.kdreams.jp/iwakitaira/racedetail/1320240808010004/?pageType=odds,2026-10-08T04:13:44.406388+00:00
1320240808010005,2024-08-08,いわき平競輪,F2,A3 challenge,5,チャレンジ予選,09:50,09:45,7,https://keirin.kdreams.jp/iwakitaira/racedetail/1320240808010005/?pageType=odds,2026-10-08T04:13:46.486164+00:00
1320240808010006,2024-08-08,いわき平競輪,F2,A3 challenge,6,チャレンジ予選,10:10,10:05,7,https://keirin.kdreams.jp/iwakitaira/racedetail/1320240808010006/?pageType=odds,2026-10-08T04:13:48.489000+00:00
1320240808010007,2024-08-08,いわき平競輪,F2,A3 challenge,7,チャレンジ予選,10:30,10:25,7,https://keirin.kdreams.jp/iwakitaira/racedetail/1320240808010007/?pageType=odds,2026-10-08T04:13:50.624825+00:00
5120240808010001,2024-08-08,福井競輪,F2,A3 challenge,1,チャレンジ予選,10:32,10:27,7,https://keirin.kdreams.jp/fukui/racedetail/5120240808010001/?pageType=odds,2026-10-08T04:13:07.299611+00:00
5120240808010002,2024-08-08,福井競輪,F2,A3 challenge,2,チャレンジ予選,10:56,10:51,7,https://keirin.kdreams.jp/fukui/racedetail/5120240808010002/?pageType=odds,2026-10-08T04:13:09.301698+00:00
5120240808010003,2024-08-08,福井競輪,F2,A3 challenge,3,チャレンジ予選,11:20,11:15,7,https://keirin.kdreams.jp/fukui/racedetail/5120240808010003/?pageType=odds,2026-10-08T04:13:11.455521+00:00
5120240808010004,2024-08-08,福井競輪,F2,A3 challenge,4,チャレンジ予選,11:47,11:42,7,https://keirin.kdreams.jp/fukui/racedetail/5120240808010004/?pageType=odds,2026-10-08T04:13:13.459995+00:00
5120240808010005,2024-08-08,福井競輪,F2,A3 challenge,5,チャレンジ予選,12:14,12:09,7,https://keirin.kdreams.jp/fukui/racedetail/5120240808010005/?pageType=odds,2026-10-08T04:13:15.450977+00:00
1320240808020003,2024-08-09,いわき平競輪,F2,A3 challenge,3,チャレンジ選抜,09:10,09:05,7,https://keirin.kdreams.jp/iwakitaira/racedetail/1320240808020003/?pageType=odds,2026-10-08T04:13:52.698462+00:00
1320240808020004,2024-08-09,いわき平競輪,F2,A3 challenge,4,チャレンジ選抜,09:30,09:25,7,https://keirin.kdreams.jp/iwakitaira/racedetail/1320240808020004/?pageType=odds,2026-10-08T04:13:54.594113+00:00
1320240808020005,2024-08-09,いわき平競輪,F2,A3 challenge,5,チャレンジ準決勝,09:50,09:45,7,https://keirin.kdreams.jp/iwakitaira/racedetail/1320240808020005/?pageType=odds,2026-10-08T04:13:56.380675+00:00
1320240808020006,2024-08-09,いわき平競輪,F2,A3 challenge,6,チャレンジ準決勝,10:10,10:05,7,https://keirin.kdreams.jp/iwakitaira/racedetail/1320240808020006/?pageType=odds,2026-10-08T04:13:58.650925+00:00
1320240808020007,2024-08-09,いわき平競輪,F2,A3 challenge,7,チャレンジ準決勝,10:30,10:25,7,https://keirin.kdreams.jp/iwakitaira/racedetail/1320240808020007/?pageType=odds,2026-10-08T04:14:00.574192+00:00
4420240809010001,2024-08-09,大垣競輪,F2,A3 challenge,1,チャレンジ予選,10:41,10:36,7,https://keirin.kdreams.jp/ogaki/racedetail/4420240809010001/?pageType=odds,2026-10-08T04:14:16.571665+00:00
4420240809010002,2024-08-09,大垣競輪,F2,A3 challenge,2,チャレンジ予選,11:06,11:01,7,https://keirin.kdreams.jp/ogaki/racedetail/4420240809010002/?pageType=odds,2026-10-08T04:14:19.018980+00:00
4420240809010003,2024-08-09,大垣競輪,F2,A3 challenge,3,チャレンジ予選,11:36,11:31,7,https://keirin.kdreams.jp/ogaki/racedetail/4420240809010003/?pageType=odds,2026-10-08T04:14:21.387184+00:00
4420240809010004,2024-08-09,大垣競輪,F2,A3 challenge,4,チャレンジ予選,12:06,12:01,7,https://keirin.kdreams.jp/ogaki/racedetail/4420240809010004/?pageType=odds,2026-10-08T04:14:23.448985+00:00
4420240809010005,2024-08-09,大垣競輪,F2,A3 challenge,5,チャレンジ予選,12:36,12:31,7,https://keirin.kdreams.jp/ogaki/racedetail/4420240809010005/?pageType=odds,2026-10-08T04:14:25.535278+00:00
5120240808020001,2024-08-09,福井競輪,F2,A3 challenge,1,チャレンジ一般,10:32,10:27,7,https://keirin.kdreams.jp/fukui/racedetail/5120240808020001/?pageType=odds,2026-10-08T04:13:17.322183+00:00
5120240808020002,2024-08-09,福井競輪,F2,A3 challenge,2,チャレンジ一般,10:56,10:51,7,https://keirin.kdreams.jp/fukui/racedetail/5120240808020002/?pageType=odds,2026-10-08T04:13:19.361310+00:00
5120240808020003,2024-08-09,福井競輪,F2,A3 challenge,3,チャレンジ準決勝,11:20,11:15,7,https://keirin.kdreams.jp/fukui/racedetail/5120240808020003/?pageType=odds,2026-10-08T04:13:21.317485+00:00
5120240808020004,2024-08-09,福井競輪,F2,A3 challenge,4,チャレンジ準決勝,11:47,11:42,7,https://keirin.kdreams.jp/fukui/racedetail/5120240808020004/?pageType=odds,2026-10-08T04:13:23.805590+00:00
5120240808020005,2024-08-09,福井競輪,F2,A3 challenge,5,チャレンジ準決勝,12:14,12:09,7,https://keirin.kdreams.jp/fukui/racedetail/5120240808020005/?pageType=odds,2026-10-08T04:13:25.819157+00:00
1320240808030001,2024-08-10,いわき平競輪,F2,A3 challenge,1,チャレンジ一般,08:30,08:25,5,https://keirin.kdreams.jp/iwakitaira/racedetail/1320240808030001/?pageType=odds,2026-10-08T04:14:02.361392+00:00
1320240808030002,2024-08-10,いわき平競輪,F2,A3 challenge,2,チャレンジ一般,08:50,08:45,5,https://keirin.kdreams.jp/iwakitaira/racedetail/1320240808030002/?pageType=odds,2026-10-08T04:14:04.481526+00:00
1320240808030003,2024-08-10,いわき平競輪,F2,A3 challenge,3,チャレンジ一般,09:10,09:05,5,https://keirin.kdreams.jp/iwakitaira/racedetail/1320240808030003/?pageType=odds,2026-10-08T04:14:06.348861+00:00
1320240808030004,2024-08-10,いわき平競輪,F2,A3 challenge,4,チャレンジ選抜,09:30,09:25,7,https://keirin.kdreams.jp/iwakitaira/racedetail/1320240808030004/?pageType=odds,2026-10-08T04:14:08.258048+00:00
1320240808030005,2024-08-10,いわき平競輪,F2,A3 challenge,5,チャレンジ選抜,09:50,09:45,7,https://keirin.kdreams.jp/iwakitaira/racedetail/1320240808030005/?pageType=odds,2026-10-08T04:14:10.289228+00:00
1320240808030006,2024-08-10,いわき平競輪,F2,A3 challenge,6,チャレンジ選抜,10:10,10:05,7,https://keirin.kdreams.jp/iwakitaira/racedetail/1320240808030006/?pageType=odds,2026-10-08T04:14:12.282570+00:00
1320240808030007,2024-08-10,いわき平競輪,F2,A3 challenge,7,チャレンジ決勝,10:30,10:25,7,https://keirin.kdreams.jp/iwakitaira/racedetail/1320240808030007/?pageType=odds,2026-10-08T04:14:14.509784+00:00
2720240810010001,2024-08-10,京王閣競輪,F2,A3 challenge,1,チャレンジ予選,20:40,20:35,7,https://keirin.kdreams.jp/keiokaku/racedetail/2720240810010001/?pageType=odds,2026-10-08T04:15:45.557162+00:00
2720240810010002,2024-08-10,京王閣競輪,F2,A3 challenge,2,チャレンジ予選,21:00,20:55,7,https://keirin.kdreams.jp/keiokaku/racedetail/2720240810010002/?pageType=odds,2026-10-08T04:15:47.966828+00:00
2720240810010003,2024-08-10,京王閣競輪,F2,A3 challenge,3,チャレンジ予選,21:20,21:15,7,https://keirin.kdreams.jp/keiokaku/racedetail/2720240810010003/?pageType=odds,2026-10-08T04:15:49.934947+00:00
2720240810010004,2024-08-10,京王閣競輪,F2,A3 challenge,4,チャレンジ予選,21:40,21:35,7,https://keirin.kdreams.jp/keiokaku/racedetail/2720240810010004/?pageType=odds,2026-10-08T04:15:52.191830+00:00
1120240810010001,2024-08-10,函館競輪,F2,A3 challenge,1,チャレンジ予選,20:50,20:45,7,https://keirin.kdreams.jp/hakodate/racedetail/1120240810010001/?pageType=odds,2026-10-08T04:14:48.471512+00:00
1120240810010002,2024-08-10,函館競輪,F2,A3 challenge,2,チャレンジ予選,21:10,21:05,7,https://keirin.kdreams.jp/hakodate/racedetail/1120240810010002/?pageType=odds,2026-10-08T04:14:50.441194+00:00
1120240810010003,2024-08-10,函館競輪,F2,A3 challenge,3,チャレンジ予選,21:30,21:25,7,https://keirin.kdreams.jp/hakodate/racedetail/1120240810010003/?pageType=odds,2026-10-08T04:14:52.552125+00:00
1120240810010004,2024-08-10,函館競輪,F2,A3 challenge,4,チャレンジ予選,21:50,21:45,7,https://keirin.kdreams.jp/hakodate/racedetail/1120240810010004/?pageType=odds,2026-10-08T04:14:54.552717+00:00
2320240810010001,2024-08-10,取手競輪,F2,A3 challenge,1,チャレンジ予選,08:40,08:35,7,https://keirin.kdreams.jp/toride/racedetail/2320240810010001/?pageType=odds,2026-10-08T04:16:10.761979+00:00
2320240810010002,2024-08-10,取手競輪,F2,A3 challenge,2,チャレンジ予選,09:00,08:55,7,https://keirin.kdreams.jp/toride/racedetail/2320240810010002/?pageType=odds,2026-10-08T04:16:12.757491+00:00
2320240810010003,2024-08-10,取手競輪,F2,A3 challenge,3,チャレンジ予選,09:20,09:15,7,https://keirin.kdreams.jp/toride/racedetail/2320240810010003/?pageType=odds,2026-10-08T04:16:14.924690+00:00
2320240810010004,2024-08-10,取手競輪,F2,A3 challenge,4,チャレンジ予選,09:40,09:35,7,https://keirin.kdreams.jp/toride/racedetail/2320240810010004/?pageType=odds,2026-10-08T04:16:17.031037+00:00
2320240810010005,2024-08-10,取手競輪,F2,A3 challenge,5,チャレンジ予選,10:00,09:55,7,https://keirin.kdreams.jp/toride/racedetail/2320240810010005/?pageType=odds,2026-10-08T04:16:19.111910+00:00
4420240809020001,2024-08-10,大垣競輪,F2,A3 challenge,1,チャレンジ一般,10:41,10:36,7,https://keirin.kdreams.jp/ogaki/racedetail/4420240809020001/?pageType=odds,2026-10-08T04:14:27.832010+00:00
4420240809020002,2024-08-10,大垣競輪,F2,A3 challenge,2,チャレンジ一般,11:06,11:01,7,https://keirin.kdreams.jp/ogaki/racedetail/4420240809020002/?pageType=odds,2026-10-08T04:14:29.877038+00:00
4420240809020003,2024-08-10,大垣競輪,F2,A3 challenge,3,チャレンジ準決勝,11:36,11:31,7,https://keirin.kdreams.jp/ogaki/racedetail/4420240809020003/?pageType=odds,2026-10-08T04:14:32.006021+00:00
4420240809020004,2024-08-10,大垣競輪,F2,A3 challenge,4,チャレンジ準決勝,12:06,12:01,7,https://keirin.kdreams.jp/ogaki/racedetail/4420240809020004/?pageType=odds,2026-10-08T04:14:34.046180+00:00
4420240809020005,2024-08-10,大垣競輪,F2,A3 challenge,5,チャレンジ準決勝,12:36,12:31,7,https://keirin.kdreams.jp/ogaki/racedetail/4420240809020005/?pageType=odds,2026-10-08T04:14:35.995061+00:00
3420240810010001,2024-08-10,川崎競輪,F2,A3 challenge,1,チャレンジ予選,15:51,15:46,7,https://keirin.kdreams.jp/kawasaki/racedetail/3420240810010001/?pageType=odds,2026-10-08T04:15:13.004371+00:00
3420240810010002,2024-08-10,川崎競輪,F2,A3 challenge,2,チャレンジ予選,16:15,16:10,7,https://keirin.kdreams.jp/kawasaki/racedetail/3420240810010002/?pageType=odds,2026-10-08T04:15:15.055649+00:00
3420240810010003,2024-08-10,川崎競輪,F2,A3 challenge,3,チャレンジ予選,16:39,16:34,7,https://keirin.kdreams.jp/kawasaki/racedetail/3420240810010003/?pageType=odds,2026-10-08T04:15:17.027192+00:00
3420240810010004,2024-08-10,川崎競輪,F2,A3 challenge,4,チャレンジ予選,17:03,16:58,7,https://keirin.kdreams.jp/kawasaki/racedetail/3420240810010004/?pageType=odds,2026-10-08T04:15:19.047852+00:00
3420240810010005,2024-08-10,川崎競輪,F2,A3 challenge,5,チャレンジ予選,17:27,17:22,7,https://keirin.kdreams.jp/kawasaki/racedetail/3420240810010005/?pageType=odds,2026-10-08T04:15:21.405401+00:00
5120240808030001,2024-08-10,福井競輪,F2,A3 challenge,1,チャレンジ一般,10:32,10:27,6,https://keirin.kdreams.jp/fukui/racedetail/5120240808030001/?pageType=odds,2026-10-08T04:13:27.732200+00:00
5120240808030002,2024-08-10,福井競輪,F2,A3 challenge,2,チャレンジ一般,10:56,10:51,6,https://keirin.kdreams.jp/fukui/racedetail/5120240808030002/?pageType=odds,2026-10-08T04:13:30.098411+00:00
5120240808030003,2024-08-10,福井競輪,F2,A3 challenge,3,チャレンジ選抜,11:20,11:15,7,https://keirin.kdreams.jp/fukui/racedetail/5120240808030003/?pageType=odds,2026-10-08T04:13:32.172265+00:00
5120240808030004,2024-08-10,福井競輪,F2,A3 challenge,4,チャレンジ選抜,11:47,11:42,7,https://keirin.kdreams.jp/fukui/racedetail/5120240808030004/?pageType=odds,2026-10-08T04:13:34.217976+00:00
5120240808030010,2024-08-10,福井競輪,F2,A3 challenge,10,チャレンジ決勝,14:56,14:51,7,https://keirin.kdreams.jp/fukui/racedetail/5120240808030010/?pageType=odds,2026-10-08T04:13:36.528840+00:00
2720240810020001,2024-08-11,京王閣競輪,F2,A3 challenge,1,チャレンジ一般,20:40,20:35,6,https://keirin.kdreams.jp/keiokaku/racedetail/2720240810020001/?pageType=odds,2026-10-08T04:15:53.972207+00:00
2720240810020002,2024-08-11,京王閣競輪,F2,A3 challenge,2,チャレンジ一般,21:00,20:55,6,https://keirin.kdreams.jp/keiokaku/racedetail/2720240810020002/?pageType=odds,2026-10-08T04:15:56.025840+00:00
2720240810020003,2024-08-11,京王閣競輪,F2,A3 challenge,3,チャレンジ準決勝,21:20,21:15,7,https://keirin.kdreams.jp/keiokaku/racedetail/2720240810020003/?pageType=odds,2026-10-08T04:15:58.495714+00:00
2720240810020004,2024-08-11,京王閣競輪,F2,A3 challenge,4,チャレンジ準決勝,21:40,21:35,7,https://keirin.kdreams.jp/keiokaku/racedetail/2720240810020004/?pageType=odds,2026-10-08T04:16:01.128235+00:00
1120240810020001,2024-08-11,函館競輪,F2,A3 challenge,1,チャレンジ一般,20:50,20:45,6,https://keirin.kdreams.jp/hakodate/racedetail/1120240810020001/?pageType=odds,2026-10-08T04:14:56.484592+00:00
1120240810020002,2024-08-11,函館競輪,F2,A3 challenge,2,チャレンジ一般,21:10,21:05,6,https://keirin.kdreams.jp/hakodate/racedetail/1120240810020002/?pageType=odds,2026-10-08T04:14:58.346524+00:00
1120240810020003,2024-08-11,函館競輪,F2,A3 challenge,3,チャレンジ準決勝,21:30,21:25,7,https://keirin.kdreams.jp/hakodate/racedetail/1120240810020003/?pageType=odds,2026-10-08T04:15:00.308226+00:00
1120240810020004,2024-08-11,函館競輪,F2,A3 challenge,4,チャレンジ準決勝,21:50,21:45,7,https://keirin.kdreams.jp/hakodate/racedetail/1120240810020004/?pageType=odds,2026-10-08T04:15:02.383960+00:00
2320240810020001,2024-08-11,取手競輪,F2,A3 challenge,1,チャレンジ一般,08:30,08:25,6,https://keirin.kdreams.jp/toride/racedetail/2320240810020001/?pageType=odds,2026-10-08T04:16:21.052472+00:00
2320240810020002,2024-08-11,取手競輪,F2,A3 challenge,2,チャレンジ一般,08:50,08:45,7,https://keirin.kdreams.jp/toride/racedetail/2320240810020002/?pageType=odds,2026-10-08T04:16:22.864652+00:00
2320240810020003,2024-08-11,取手競輪,F2,A3 challenge,3,チャレンジ準決勝,09:10,09:05,7,https://keirin.kdreams.jp/toride/racedetail/2320240810020003/?pageType=odds,2026-10-08T04:16:24.862345+00:00
2320240810020004,2024-08-11,取手競輪,F2,A3 challenge,4,チャレンジ準決勝,09:30,09:25,7,https://keirin.kdreams.jp/toride/racedetail/2320240810020004/?pageType=odds,2026-10-08T04:16:27.150319+00:00
2320240810020005,2024-08-11,取手競輪,F2,A3 challenge,5,チャレンジ準決勝,09:50,09:45,7,https://keirin.kdreams.jp/toride/racedetail/2320240810020005/?pageType=odds,2026-10-08T04:16:29.203883+00:00
4420240809030001,2024-08-11,大垣競輪,F2,A3 challenge,1,チャレンジ一般,10:41,10:36,7,https://keirin.kdreams.jp/ogaki/racedetail/4420240809030001/?pageType=odds,2026-10-08T04:14:38.152929+00:00
4420240809030002,2024-08-11,大垣競輪,F2,A3 challenge,2,チャレンジ一般,11:06,11:01,7,https://keirin.kdreams.jp/ogaki/racedetail/4420240809030002/?pageType=odds,2026-10-08T04:14:40.233009+00:00
4420240809030003,2024-08-11,大垣競輪,F2,A3 challenge,3,チャレンジ選抜,11:36,11:31,7,https://keirin.kdreams.jp/ogaki/racedetail/4420240809030003/?pageType=odds,2026-10-08T04:14:42.206117+00:00
4420240809030004,2024-08-11,大垣競輪,F2,A3 challenge,4,チャレンジ選抜,12:06,12:01,7,https://keirin.kdreams.jp/ogaki/racedetail/4420240809030004/?pageType=odds,2026-10-08T04:14:44.298537+00:00
4420240809030010,2024-08-11,大垣競輪,F2,A3 challenge,10,チャレンジ決勝,15:16,15:11,7,https://keirin.kdreams.jp/ogaki/racedetail/4420240809030010/?pageType=odds,2026-10-08T04:14:46.513475+00:00
3420240810020001,2024-08-11,川崎競輪,F2,A3 challenge,1,チャレンジ一般,15:51,15:46,6,https://keirin.kdreams.jp/kawasaki/racedetail/3420240810020001/?pageType=odds,2026-10-08T04:15:23.236007+00:00
3420240810020002,2024-08-11,川崎競輪,F2,A3 challenge,2,チャレンジ一般,16:15,16:10,7,https://keirin.kdreams.jp/kawasaki/racedetail/3420240810020002/?pageType=odds,2026-10-08T04:15:25.335398+00:00
3420240810020003,2024-08-11,川崎競輪,F2,A3 challenge,3,チャレンジ準決勝,16:39,16:34,7,https://keirin.kdreams.jp/kawasaki/racedetail/3420240810020003/?pageType=odds,2026-10-08T04:15:27.273669+00:00
3420240810020004,2024-08-11,川崎競輪,F2,A3 challenge,4,チャレンジ準決勝,17:03,16:58,7,https://keirin.kdreams.jp/kawasaki/racedetail/3420240810020004/?pageType=odds,2026-10-08T04:15:29.148456+00:00
3420240810020005,2024-08-11,川崎競輪,F2,A3 challenge,5,チャレンジ準決勝,17:27,17:22,7,https://keirin.kdreams.jp/kawasaki/racedetail/3420240810020005/?pageType=odds,2026-10-08T04:15:31.264350+00:00
2720240810030001,2024-08-12,京王閣競輪,F2,A3 challenge,1,チャレンジ一般,20:40,20:35,6,https://keirin.kdreams.jp/keiokaku/racedetail/2720240810030001/?pageType=odds,2026-10-08T04:16:03.093568+00:00
2720240810030002,2024-08-12,京王閣競輪,F2,A3 challenge,2,チャレンジ一般,21:00,20:55,6,https://keirin.kdreams.jp/keiokaku/racedetail/2720240810030002/?pageType=odds,2026-10-08T04:16:04.299098+00:00
2720240810030003,2024-08-12,京王閣競輪,F2,A3 challenge,3,チャレンジ選抜,21:20,21:15,7,https://keirin.kdreams.jp/keiokaku/racedetail/2720240810030003/?pageType=odds,2026-10-08T04:16:06.563880+00:00
2720240810030008,2024-08-12,京王閣競輪,F2,A3 challenge,8,チャレンジ決勝,23:00,22:55,7,https://keirin.kdreams.jp/keiokaku/racedetail/2720240810030008/?pageType=odds,2026-10-08T04:16:08.560225+00:00
1120240810030001,2024-08-12,函館競輪,F2,A3 challenge,1,チャレンジ一般,20:50,20:45,5,https://keirin.kdreams.jp/hakodate/racedetail/1120240810030001/?pageType=odds,2026-10-08T04:15:04.467633+00:00
1120240810030002,2024-08-12,函館競輪,F2,A3 challenge,2,チャレンジ一般,21:10,21:05,6,https://keirin.kdreams.jp/hakodate/racedetail/1120240810030002/?pageType=odds,2026-10-08T04:15:06.584120+00:00
1120240810030003,2024-08-12,函館競輪,F2,A3 challenge,3,チャレンジ選抜,21:30,21:25,7,https://keirin.kdreams.jp/hakodate/racedetail/1120240810030003/?pageType=odds,2026-10-08T04:15:08.726376+00:00
1120240810030008,2024-08-12,函館競輪,F2,A3 challenge,8,チャレンジ決勝,23:10,23:05,7,https://keirin.kdreams.jp/hakodate/racedetail/1120240810030008/?pageType=odds,2026-10-08T04:15:10.858733+00:00
2320240810030001,2024-08-12,取手競輪,F2,A3 challenge,1,チャレンジ一般,08:30,08:25,6,https://keirin.kdreams.jp/toride/racedetail/2320240810030001/?pageType=odds,2026-10-08T04:16:31.103554+00:00
2320240810030002,2024-08-12,取手競輪,F2,A3 challenge,2,チャレンジ一般,08:50,08:45,6,https://keirin.kdreams.jp/toride/racedetail/2320240810030002/?pageType=odds,2026-10-08T04:16:32.888239+00:00
2320240810030003,2024-08-12,取手競輪,F2,A3 challenge,3,チャレンジ選抜,09:10,09:05,7,https://keirin.kdreams.jp/toride/racedetail/2320240810030003/?pageType=odds,2026-10-08T04:16:34.889903+00:00
2320240810030004,2024-08-12,取手競輪,F2,A3 challenge,4,チャレンジ選抜,09:30,09:25,7,https://keirin.kdreams.jp/toride/racedetail/2320240810030004/?pageType=odds,2026-10-08T04:16:36.960972+00:00
2320240810030011,2024-08-12,取手競輪,F2,A3 challenge,11,チャレンジ決勝,12:20,12:15,7,https://keirin.kdreams.jp/toride/racedetail/2320240810030011/?pageType=odds,2026-10-08T04:16:38.774123+00:00
3420240810030001,2024-08-12,川崎競輪,F2,A3 challenge,1,チャレンジ一般,15:45,15:40,6,https://keirin.kdreams.jp/kawasaki/racedetail/3420240810030001/?pageType=odds,2026-10-08T04:15:33.129100+00:00
3420240810030002,2024-08-12,川崎競輪,F2,A3 challenge,2,チャレンジ一般,16:09,16:04,6,https://keirin.kdreams.jp/kawasaki/racedetail/3420240810030002/?pageType=odds,2026-10-08T04:15:35.182667+00:00
3420240810030003,2024-08-12,川崎競輪,F2,A3 challenge,3,チャレンジ選抜,16:33,16:28,7,https://keirin.kdreams.jp/kawasaki/racedetail/3420240810030003/?pageType=odds,2026-10-08T04:15:37.380026+00:00
3420240810030004,2024-08-12,川崎競輪,F2,A3 challenge,4,チャレンジ選抜,16:57,16:52,7,https://keirin.kdreams.jp/kawasaki/racedetail/3420240810030004/?pageType=odds,2026-10-08T04:15:39.779153+00:00
3420240810030011,2024-08-12,川崎競輪,F2,A3 challenge,11,チャレンジ決勝,19:53,19:48,7,https://keirin.kdreams.jp/kawasaki/racedetail/3420240810030011/?pageType=odds,2026-10-08T04:15:41.746288+00:00
8520240813010001,2024-08-13,佐世保競輪,F2,A3 challenge,1,チャレンジ予選,20:40,20:35,7,https://keirin.kdreams.jp/sasebo/racedetail/8520240813010001/?pageType=odds,2026-10-08T04:17:14.400366+00:00
8520240813010002,2024-08-13,佐世保競輪,F2,A3 challenge,2,チャレンジ予選,21:00,20:55,7,https://keirin.kdreams.jp/sasebo/racedetail/8520240813010002/?pageType=odds,2026-10-08T04:17:16.377723+00:00
8520240813010003,2024-08-13,佐世保競輪,F2,A3 challenge,3,チャレンジ予選,21:20,21:15,7,https://keirin.kdreams.jp/sasebo/racedetail/8520240813010003/?pageType=odds,2026-10-08T04:17:18.293472+00:00
8520240813010004,2024-08-13,佐世保競輪,F2,A3 challenge,4,チャレンジ予選,21:40,21:35,7,https://keirin.kdreams.jp/sasebo/racedetail/8520240813010004/?pageType=odds,2026-10-08T04:17:20.226005+00:00
7320240813010001,2024-08-13,小松島競輪,F2,A3 challenge,1,チャレンジ予選,09:00,08:55,7,https://keirin.kdreams.jp/komatsushima/racedetail/7320240813010001/?pageType=odds,2026-10-08T04:16:40.805668+00:00
7320240813010002,2024-08-13,小松島競輪,F2,A3 challenge,2,チャレンジ予選,09:20,09:15,7,https://keirin.kdreams.jp/komatsushima/racedetail/7320240813010002/?pageType=odds,2026-10-08T04:16:43.032507+00:00
7320240813010003,2024-08-13,小松島競輪,F2,A3 challenge,3,チャレンジ予選,09:40,09:35,7,https://keirin.kdreams.jp/komatsushima/racedetail/7320240813010003/?pageType=odds,2026-10-08T04:16:44.999851+00:00
7320240813010004,2024-08-13,小松島競輪,F2,A3 challenge,4,チャレンジ予選,10:00,09:55,7,https://keirin.kdreams.jp/komatsushima/racedetail/7320240813010004/?pageType=odds,2026-10-08T04:16:46.986865+00:00
7320240813010005,2024-08-13,小松島競輪,F2,A3 challenge,5,チャレンジ予選,10:20,10:15,7,https://keirin.kdreams.jp/komatsushima/racedetail/7320240813010005/?pageType=odds,2026-10-08T04:16:49.209305+00:00
4520240813010001,2024-08-13,豊橋競輪,F2,A3 challenge,1,チャレンジ予選,20:50,20:45,7,https://keirin.kdreams.jp/toyohashi/racedetail/4520240813010001/?pageType=odds,2026-10-08T04:17:38.900909+00:00
4520240813010002,2024-08-13,豊橋競輪,F2,A3 challenge,2,チャレンジ予選,21:10,21:05,7,https://keirin.kdreams.jp/toyohashi/racedetail/4520240813010002/?pageType=odds,2026-10-08T04:17:41.035296+00:00
4520240813010003,2024-08-13,豊橋競輪,F2,A3 challenge,3,チャレンジ予選,21:30,21:25,7,https://keirin.kdreams.jp/toyohashi/racedetail/4520240813010003/?pageType=odds,2026-10-08T04:17:43.449023+00:00
4520240813010004,2024-08-13,豊橋競輪,F2,A3 challenge,4,チャレンジ予選,21:50,21:45,7,https://keirin.kdreams.jp/toyohashi/racedetail/4520240813010004/?pageType=odds,2026-10-08T04:17:45.614105+00:00
8520240813020001,2024-08-14,佐世保競輪,F2,A3 challenge,1,チャレンジ一般,20:40,20:35,6,https://keirin.kdreams.jp/sasebo/racedetail/8520240813020001/?pageType=odds,2026-10-08T04:17:22.203823+00:00
8520240813020002,2024-08-14,佐世保競輪,F2,A3 challenge,2,チャレンジ一般,21:00,20:55,6,https://keirin.kdreams.jp/sasebo/racedetail/8520240813020002/?pageType=odds,2026-10-08T04:17:24.093257+00:00
8520240813020003,2024-08-14,佐世保競輪,F2,A3 challenge,3,チャレンジ準決勝,21:20,21:15,7,https://keirin.kdreams.jp/sasebo/racedetail/8520240813020003/?pageType=odds,2026-10-08T04:17:26.671678+00:00
8520240813020004,2024-08-14,佐世保競輪,F2,A3 challenge,4,チャレンジ準決勝,21:40,21:35,7,https://keirin.kdreams.jp/sasebo/racedetail/8520240813020004/?pageType=odds,2026-10-08T04:17:28.616104+00:00
7320240813020001,2024-08-14,小松島競輪,F2,A3 challenge,1,チャレンジ一般,09:00,08:55,7,https://keirin.kdreams.jp/komatsushima/racedetail/7320240813020001/?pageType=odds,2026-10-08T04:16:51.802306+00:00
7320240813020002,2024-08-14,小松島競輪,F2,A3 challenge,2,チャレンジ一般,09:20,09:15,7,https://keirin.kdreams.jp/komatsushima/racedetail/7320240813020002/?pageType=odds,2026-10-08T04:16:53.687583+00:00
7320240813020003,2024-08-14,小松島競輪,F2,A3 challenge,3,チャレンジ準決勝,09:40,09:35,7,https://keirin.kdreams.jp/komatsushima/racedetail/7320240813020003/?pageType=odds,2026-10-08T04:16:55.911013+00:00
7320240813020004,2024-08-14,小松島競輪,F2,A3 challenge,4,チャレンジ準決勝,10:00,09:55,7,https://keirin.kdreams.jp/komatsushima/racedetail/7320240813020004/?pageType=odds,2026-10-08T04:16:57.832858+00:00
7320240813020005,2024-08-14,小松島競輪,F2,A3 challenge,5,チャレンジ準決勝,10:20,10:15,7,https://keirin.kdreams.jp/komatsushima/racedetail/7320240813020005/?pageType=odds,2026-10-08T04:16:59.815955+00:00
4520240813020001,2024-08-14,豊橋競輪,F2,A3 challenge,1,チャレンジ一般,20:50,20:45,7,https://keirin.kdreams.jp/toyohashi/racedetail/4520240813020001/?pageType=odds,2026-10-08T04:17:48.316262+00:00
4520240813020002,2024-08-14,豊橋競輪,F2,A3 challenge,2,チャレンジ一般,21:10,21:05,7,https://keirin.kdreams.jp/toyohashi/racedetail/4520240813020002/?pageType=odds,2026-10-08T04:17:50.349751+00:00
4520240813020003,2024-08-14,豊橋競輪,F2,A3 challenge,3,チャレンジ準決勝,21:30,21:25,7,https://keirin.kdreams.jp/toyohashi/racedetail/4520240813020003/?pageType=odds,2026-10-08T04:17:52.461902+00:00
4520240813020004,2024-08-14,豊橋競輪,F2,A3 challenge,4,チャレンジ準決勝,21:50,21:45,7,https://keirin.kdreams.jp/toyohashi/racedetail/4520240813020004/?pageType=odds,2026-10-08T04:17:54.708290+00:00
8520240813030001,2024-08-15,佐世保競輪,F2,A3 challenge,1,チャレンジ一般,20:40,20:35,5,https://keirin.kdreams.jp/sasebo/racedetail/8520240813030001/?pageType=odds,2026-10-08T04:17:30.869639+00:00
8520240813030002,2024-08-15,佐世保競輪,F2,A3 challenge,2,チャレンジ一般,21:00,20:55,6,https://keirin.kdreams.jp/sasebo/racedetail/8520240813030002/?pageType=odds,2026-10-08T04:17:32.777971+00:00
8520240813030003,2024-08-15,佐世保競輪,F2,A3 challenge,3,チャレンジ選抜,21:20,21:15,7,https://keirin.kdreams.jp/sasebo/racedetail/8520240813030003/?pageType=odds,2026-10-08T04:17:34.732521+00:00
8520240813030008,2024-08-15,佐世保競輪,F2,A3 challenge,8,チャレンジ決勝,23:00,22:55,7,https://keirin.kdreams.jp/sasebo/racedetail/8520240813030008/?pageType=odds,2026-10-08T04:17:36.773215+00:00
7320240813030001,2024-08-15,小松島競輪,F2,A3 challenge,1,チャレンジ一般,09:00,08:55,7,https://keirin.kdreams.jp/komatsushima/racedetail/7320240813030001/?pageType=odds,2026-10-08T04:17:01.973897+00:00
7320240813030002,2024-08-15,小松島競輪,F2,A3 challenge,2,チャレンジ一般,09:20,09:15,7,https://keirin.kdreams.jp/komatsushima/racedetail/7320240813030002/?pageType=odds,2026-10-08T04:17:04.445363+00:00
7320240813030003,2024-08-15,小松島競輪,F2,A3 challenge,3,チャレンジ選抜,09:40,09:35,7,https://keirin.kdreams.jp/komatsushima/racedetail/7320240813030003/?pageType=odds,2026-10-08T04:17:07.271127+00:00
7320240813030004,2024-08-15,小松島競輪,F2,A3 challenge,4,チャレンジ選抜,10:00,09:55,7,https://keirin.kdreams.jp/komatsushima/racedetail/7320240813030004/?pageType=odds,2026-10-08T04:17:09.720818+00:00
7320240813030005,2024-08-15,小松島競輪,F2,A3 challenge,5,チャレンジ決勝,10:20,10:15,7,https://keirin.kdreams.jp/komatsushima/racedetail/7320240813030005/?pageType=odds,2026-10-08T04:17:11.902862+00:00
4520240813030001,2024-08-15,豊橋競輪,F2,A3 challenge,1,チャレンジ一般,20:50,20:45,5,https://keirin.kdreams.jp/toyohashi/racedetail/4520240813030001/?pageType=odds,2026-10-08T04:17:56.577122+00:00
4520240813030002,2024-08-15,豊橋競輪,F2,A3 challenge,2,チャレンジ一般,21:10,21:05,6,https://keirin.kdreams.jp/toyohashi/racedetail/4520240813030002/?pageType=odds,2026-10-08T04:17:58.543838+00:00
4520240813030003,2024-08-15,豊橋競輪,F2,A3 challenge,3,チャレンジ選抜,21:30,21:25,7,https://keirin.kdreams.jp/toyohashi/racedetail/4520240813030003/?pageType=odds,2026-10-08T04:18:00.540974+00:00
4520240813030008,2024-08-15,豊橋競輪,F2,A3 challenge,8,チャレンジ決勝,23:10,23:05,7,https://keirin.kdreams.jp/toyohashi/racedetail/4520240813030008/?pageType=odds,2026-10-08T04:18:02.487515+00:00
8420240816010001,2024-08-16,武雄競輪,F2,A3 challenge,1,チャレンジ予選,08:30,08:25,7,https://keirin.kdreams.jp/takeo/racedetail/8420240816010001/?pageType=odds,2026-10-08T04:18:04.574499+00:00
8420240816010002,2024-08-16,武雄競輪,F2,A3 challenge,2,チャレンジ予選,08:50,08:45,7,https://keirin.kdreams.jp/takeo/racedetail/8420240816010002/?pageType=odds,2026-10-08T04:18:06.499251+00:00
8420240816010003,2024-08-16,武雄競輪,F2,A3 challenge,3,チャレンジ予選,09:10,09:05,7,https://keirin.kdreams.jp/takeo/racedetail/8420240816010003/?pageType=odds,2026-10-08T04:18:08.409063+00:00
8420240816010004,2024-08-16,武雄競輪,F2,A3 challenge,4,チャレンジ予選,09:30,09:25,7,https://keirin.kdreams.jp/takeo/racedetail/8420240816010004/?pageType=odds,2026-10-08T04:18:10.245682+00:00
8420240816010005,2024-08-16,武雄競輪,F2,A3 challenge,5,チャレンジ予選,09:50,09:45,7,https://keirin.kdreams.jp/takeo/racedetail/8420240816010005/?pageType=odds,2026-10-08T04:18:12.271216+00:00
6120240816010001,2024-08-16,玉野競輪,F2,A3 challenge,1,チャレンジ予選,21:02,20:57,7,https://keirin.kdreams.jp/tamano/racedetail/6120240816010001/?pageType=odds,2026-10-08T04:18:34.320976+00:00
6120240816010002,2024-08-16,玉野競輪,F2,A3 challenge,2,チャレンジ予選,21:26,21:21,7,https://keirin.kdreams.jp/tamano/racedetail/6120240816010002/?pageType=odds,2026-10-08T04:18:36.355150+00:00
6120240816010003,2024-08-16,玉野競輪,F2,A3 challenge,3,チャレンジ予選,21:50,21:45,7,https://keirin.kdreams.jp/tamano/racedetail/6120240816010003/?pageType=odds,2026-10-08T04:18:38.292273+00:00
6120240816010004,2024-08-16,玉野競輪,F2,A3 challenge,4,チャレンジ予選,22:14,22:09,7,https://keirin.kdreams.jp/tamano/racedetail/6120240816010004/?pageType=odds,2026-10-08T04:18:40.097640+00:00
6120240816010005,2024-08-16,玉野競輪,F2,A3 challenge,5,チャレンジ予選,22:38,22:33,7,https://keirin.kdreams.jp/tamano/racedetail/6120240816010005/?pageType=odds,2026-10-08T04:18:41.909185+00:00
6120240816010006,2024-08-16,玉野競輪,F2,A3 challenge,6,チャレンジ予選,23:04,22:59,7,https://keirin.kdreams.jp/tamano/racedetail/6120240816010006/?pageType=odds,2026-10-08T04:18:44.011730+00:00
6120240816010007,2024-08-16,玉野競輪,F2,A3 challenge,7,チャレンジ予選,23:30,23:25,7,https://keirin.kdreams.jp/tamano/racedetail/6120240816010007/?pageType=odds,2026-10-08T04:18:46.484357+00:00
8420240816020001,2024-08-17,武雄競輪,F2,A3 challenge,1,チャレンジ一般,08:30,08:25,6,https://keirin.kdreams.jp/takeo/racedetail/8420240816020001/?pageType=odds,2026-10-08T04:18:14.237883+00:00
8420240816020002,2024-08-17,武雄競輪,F2,A3 challenge,2,チャレンジ一般,08:50,08:45,7,https://keirin.kdreams.jp/takeo/racedetail/8420240816020002/?pageType=odds,2026-10-08T04:18:16.105198+00:00
8420240816020003,2024-08-17,武雄競輪,F2,A3 challenge,3,チャレンジ準決勝,09:10,09:05,7,https://keirin.kdreams.jp/takeo/racedetail/8420240816020003/?pageType=odds,2026-10-08T04:18:18.131599+00:00
8420240816020004,2024-08-17,武雄競輪,F2,A3 challenge,4,チャレンジ準決勝,09:30,09:25,7,https://keirin.kdreams.jp/takeo/racedetail/8420240816020004/?pageType=odds,2026-10-08T04:18:20.797821+00:00
8420240816020005,2024-08-17,武雄競輪,F2,A3 challenge,5,チャレンジ準決勝,09:50,09:45,7,https://keirin.kdreams.jp/takeo/racedetail/8420240816020005/?pageType=odds,2026-10-08T04:18:22.774587+00:00
6120240816020001,2024-08-17,玉野競輪,F2,A3 challenge,1,チャレンジ一般,21:02,20:57,7,https://keirin.kdreams.jp/tamano/racedetail/6120240816020001/?pageType=odds,2026-10-08T04:18:48.381620+00:00
6120240816020002,2024-08-17,玉野競輪,F2,A3 challenge,2,チャレンジ一般,21:26,21:21,7,https://keirin.kdreams.jp/tamano/racedetail/6120240816020002/?pageType=odds,2026-10-08T04:18:50.784567+00:00
6120240816020003,2024-08-17,玉野競輪,F2,A3 challenge,3,チャレンジ選抜,21:50,21:45,7,https://keirin.kdreams.jp/tamano/racedetail/6120240816020003/?pageType=odds,2026-10-08T04:18:52.550993+00:00
6120240816020004,2024-08-17,玉野競輪,F2,A3 challenge,4,チャレンジ選抜,22:14,22:09,7,https://keirin.kdreams.jp/tamano/racedetail/6120240816020004/?pageType=odds,2026-10-08T04:18:54.616912+00:00
6120240816020005,2024-08-17,玉野競輪,F2,A3 challenge,5,チャレンジ準決勝,22:38,22:33,7,https://keirin.kdreams.jp/tamano/racedetail/6120240816020005/?pageType=odds,2026-10-08T04:18:56.785454+00:00
6120240816020006,2024-08-17,玉野競輪,F2,A3 challenge,6,チャレンジ準決勝,23:04,22:59,7,https://keirin.kdreams.jp/tamano/racedetail/6120240816020006/?pageType=odds,2026-10-08T04:18:58.859998+00:00
6120240816020007,2024-08-17,玉野競輪,F2,A3 challenge,7,チャレンジ準決勝,23:30,23:25,7,https://keirin.kdreams.jp/tamano/racedetail/6120240816020007/?pageType=odds,2026-10-08T04:19:00.722352+00:00
8420240816030001,2024-08-18,武雄競輪,F2,A3 challenge,1,チャレンジ一般,08:30,08:25,6,https://keirin.kdreams.jp/takeo/racedetail/8420240816030001/?pageType=odds,2026-10-08T04:18:24.699799+00:00
8420240816030002,2024-08-18,武雄競輪,F2,A3 challenge,2,チャレンジ一般,08:50,08:45,6,https://keirin.kdreams.jp/takeo/racedetail/8420240816030002/?pageType=odds,2026-10-08T04:18:26.673529+00:00
8420240816030003,2024-08-18,武雄競輪,F2,A3 challenge,3,チャレンジ選抜,09:10,09:05,7,https://keirin.kdreams.jp/takeo/racedetail/8420240816030003/?pageType=odds,2026-10-08T04:18:28.609178+00:00
8420240816030004,2024-08-18,武雄競輪,F2,A3 challenge,4,チャレンジ選抜,09:30,09:25,7,https://keirin.kdreams.jp/takeo/racedetail/8420240816030004/?pageType=odds,2026-10-08T04:18:30.367641+00:00
8420240816030010,2024-08-18,武雄競輪,F2,A3 challenge,10,チャレンジ決勝,11:50,11:45,7,https://keirin.kdreams.jp/takeo/racedetail/8420240816030010/?pageType=odds,2026-10-08T04:18:32.336219+00:00
6120240816030001,2024-08-18,玉野競輪,F2,A3 challenge,1,チャレンジ一般,21:02,20:57,7,https://keirin.kdreams.jp/tamano/racedetail/6120240816030001/?pageType=odds,2026-10-08T04:19:02.708927+00:00
6120240816030002,2024-08-18,玉野競輪,F2,A3 challenge,2,チャレンジ一般,21:26,21:21,7,https://keirin.kdreams.jp/tamano/racedetail/6120240816030002/?pageType=odds,2026-10-08T04:19:04.726754+00:00
6120240816030003,2024-08-18,玉野競輪,F2,A3 challenge,3,チャレンジ一般,21:50,21:45,7,https://keirin.kdreams.jp/tamano/racedetail/6120240816030003/?pageType=odds,2026-10-08T04:19:06.826305+00:00
6120240816030004,2024-08-18,玉野競輪,F2,A3 challenge,4,チャレンジ選抜,22:14,22:09,7,https://keirin.kdreams.jp/tamano/racedetail/6120240816030004/?pageType=odds,2026-10-08T04:19:08.951908+00:00
6120240816030005,2024-08-18,玉野競輪,F2,A3 challenge,5,チャレンジ選抜,22:38,22:33,7,https://keirin.kdreams.jp/tamano/racedetail/6120240816030005/?pageType=odds,2026-10-08T04:19:10.929891+00:00
6120240816030006,2024-08-18,玉野競輪,F2,A3 challenge,6,チャレンジ選抜,23:04,22:59,7,https://keirin.kdreams.jp/tamano/racedetail/6120240816030006/?pageType=odds,2026-10-08T04:19:12.850193+00:00
6120240816030007,2024-08-18,玉野競輪,F2,A3 challenge,7,チャレンジ決勝,23:30,23:25,7,https://keirin.kdreams.jp/tamano/racedetail/6120240816030007/?pageType=odds,2026-10-08T04:19:14.953328+00:00
4620240820010001,2024-08-20,富山競輪,F2,A3 challenge,1,チャレンジ予選,10:27,10:22,6,https://keirin.kdreams.jp/toyama/racedetail/4620240820010001/?pageType=odds,2026-10-08T04:19:57.604238+00:00
4620240820010002,2024-08-20,富山競輪,F2,A3 challenge,2,チャレンジ予選,10:52,10:47,6,https://keirin.kdreams.jp/toyama/racedetail/4620240820010002/?pageType=odds,2026-10-08T04:19:59.727798+00:00
4620240820010003,2024-08-20,富山競輪,F2,A3 challenge,3,チャレンジ予選,11:19,11:14,7,https://keirin.kdreams.jp/toyama/racedetail/4620240820010003/?pageType=odds,2026-10-08T04:20:01.820434+00:00
4620240820010004,2024-08-20,富山競輪,F2,A3 challenge,4,チャレンジ予選,11:49,11:44,7,https://keirin.kdreams.jp/toyama/racedetail/4620240820010004/?pageType=odds,2026-10-08T04:20:04.065157+00:00
4620240820010005,2024-08-20,富山競輪,F2,A3 challenge,5,チャレンジ予選,12:19,12:14,7,https://keirin.kdreams.jp/toyama/racedetail/4620240820010005/?pageType=odds,2026-10-08T04:20:06.071056+00:00
7420240820010001,2024-08-20,高知競輪,F2,A3 challenge,1,チャレンジ予選,09:00,08:55,7,https://keirin.kdreams.jp/kochi/racedetail/7420240820010001/?pageType=odds,2026-10-08T04:19:16.888891+00:00
7420240820010002,2024-08-20,高知競輪,F2,A3 challenge,2,チャレンジ予選,09:20,09:15,7,https://keirin.kdreams.jp/kochi/racedetail/7420240820010002/?pageType=odds,2026-10-08T04:19:18.757411+00:00
7420240820010003,2024-08-20,高知競輪,F2,A3 challenge,3,チャレンジ予選,09:40,09:35,7,https://keirin.kdreams.jp/kochi/racedetail/7420240820010003/?pageType=odds,2026-10-08T04:19:20.962492+00:00
7420240820010004,2024-08-20,高知競輪,F2,A3 challenge,4,チャレンジ予選,10:00,09:55,7,https://keirin.kdreams.jp/kochi/racedetail/7420240820010004/?pageType=odds,2026-10-08T04:19:22.986551+00:00
7420240820010005,2024-08-20,高知競輪,F2,A3 challenge,5,チャレンジ予選,10:20,10:15,7,https://keirin.kdreams.jp/kochi/racedetail/7420240820010005/?pageType=odds,2026-10-08T04:19:24.840799+00:00
7420240820010006,2024-08-20,高知競輪,F2,A3 challenge,6,チャレンジ予選,10:40,10:35,7,https://keirin.kdreams.jp/kochi/racedetail/7420240820010006/?pageType=odds,2026-10-08T04:19:26.862506+00:00
7420240820010007,2024-08-20,高知競輪,F2,A3 challenge,7,チャレンジ予選,11:00,10:55,7,https://keirin.kdreams.jp/kochi/racedetail/7420240820010007/?pageType=odds,2026-10-08T04:19:28.736130+00:00
4620240820020001,2024-08-21,富山競輪,F2,A3 challenge,1,チャレンジ一般,10:27,10:22,6,https://keirin.kdreams.jp/toyama/racedetail/4620240820020001/?pageType=odds,2026-10-08T04:20:08.108297+00:00
4620240820020002,2024-08-21,富山競輪,F2,A3 challenge,2,チャレンジ一般,10:52,10:47,6,https://keirin.kdreams.jp/toyama/racedetail/4620240820020002/?pageType=odds,2026-10-08T04:20:10.078656+00:00
4620240820020003,2024-08-21,富山競輪,F2,A3 challenge,3,チャレンジ準決勝,11:19,11:14,7,https://keirin.kdreams.jp/toyama/racedetail/4620240820020003/?pageType=odds,2026-10-08T04:20:12.081818+00:00
4620240820020004,2024-08-21,富山競輪,F2,A3 challenge,4,チャレンジ準決勝,11:49,11:44,7,https://keirin.kdreams.jp/toyama/racedetail/4620240820020004/?pageType=odds,2026-10-08T04:20:14.405297+00:00
4620240820020005,2024-08-21,富山競輪,F2,A3 challenge,5,チャレンジ準決勝,12:19,12:14,7,https://keirin.kdreams.jp/toyama/racedetail/4620240820020005/?pageType=odds,2026-10-08T04:20:16.567366+00:00
7420240820020001,2024-08-21,高知競輪,F2,A3 challenge,1,チャレンジ一般,09:00,08:55,5,https://keirin.kdreams.jp/kochi/racedetail/7420240820020001/?pageType=odds,2026-10-08T04:19:30.823012+00:00
7420240820020002,2024-08-21,高知競輪,F2,A3 challenge,2,チャレンジ一般,09:20,09:15,5,https://keirin.kdreams.jp/kochi/racedetail/7420240820020002/?pageType=odds,2026-10-08T04:19:31.813816+00:00
7420240820020003,2024-08-21,高知競輪,F2,A3 challenge,3,チャレンジ選抜,09:40,09:35,7,https://keirin.kdreams.jp/kochi/racedetail/7420240820020003/?pageType=odds,2026-10-08T04:19:33.580650+00:00
7420240820020004,2024-08-21,高知競輪,F2,A3 challenge,4,チャレンジ選抜,10:00,09:55,7,https://keirin.kdreams.jp/kochi/racedetail/7420240820020004/?pageType=odds,2026-10-08T04:19:35.697573+00:00
7420240820020005,2024-08-21,高知競輪,F2,A3 challenge,5,チャレンジ準決勝,10:20,10:15,7,https://keirin.kdreams.jp/kochi/racedetail/7420240820020005/?pageType=odds,2026-10-08T04:19:38.149724+00:00
7420240820020006,2024-08-21,高知競輪,F2,A3 challenge,6,チャレンジ準決勝,10:40,10:35,7,https://keirin.kdreams.jp/kochi/racedetail/7420240820020006/?pageType=odds,2026-10-08T04:19:40.091479+00:00
7420240820020007,2024-08-21,高知競輪,F2,A3 challenge,7,チャレンジ準決勝,11:00,10:55,7,https://keirin.kdreams.jp/kochi/racedetail/7420240820020007/?pageType=odds,2026-10-08T04:19:42.182180+00:00
8520240822010001,2024-08-22,佐世保競輪,F2,A3 challenge,1,チャレンジ予選,15:40,15:35,7,https://keirin.kdreams.jp/sasebo/racedetail/8520240822010001/?pageType=odds,2026-10-08T04:21:41.595056+00:00
8520240822010002,2024-08-22,佐世保競輪,F2,A3 challenge,2,チャレンジ予選,16:03,15:58,7,https://keirin.kdreams.jp/sasebo/racedetail/8520240822010002/?pageType=odds,2026-10-08T04:21:43.565210+00:00
8520240822010003,2024-08-22,佐世保競輪,F2,A3 challenge,3,チャレンジ予選,16:26,16:21,7,https://keirin.kdreams.jp/sasebo/racedetail/8520240822010003/?pageType=odds,2026-10-08T04:21:45.436226+00:00
8520240822010004,2024-08-22,佐世保競輪,F2,A3 challenge,4,チャレンジ予選,16:49,16:44,7,https://keirin.kdreams.jp/sasebo/racedetail/8520240822010004/?pageType=odds,2026-10-08T04:21:47.720126+00:00
8520240822010005,2024-08-22,佐世保競輪,F2,A3 challenge,5,チャレンジ予選,17:12,17:07,7,https://keirin.kdreams.jp/sasebo/racedetail/8520240822010005/?pageType=odds,2026-10-08T04:21:49.695336+00:00
5420240822010001,2024-08-22,向日町競輪,F2,A3 challenge,1,チャレンジ予選,11:05,11:00,7,https://keirin.kdreams.jp/mukomachi/racedetail/5420240822010001/?pageType=odds,2026-10-08T04:21:11.062338+00:00
5420240822010002,2024-08-22,向日町競輪,F2,A3 challenge,2,チャレンジ予選,11:30,11:25,7,https://keirin.kdreams.jp/mukomachi/racedetail/5420240822010002/?pageType=odds,2026-10-08T04:21:13.178557+00:00
5420240822010003,2024-08-22,向日町競輪,F2,A3 challenge,3,チャレンジ予選,11:55,11:50,7,https://keirin.kdreams.jp/mukomachi/racedetail/5420240822010003/?pageType=odds,2026-10-08T04:21:15.241272+00:00
5420240822010004,2024-08-22,向日町競輪,F2,A3 challenge,4,チャレンジ予選,12:20,12:15,7,https://keirin.kdreams.jp/mukomachi/racedetail/5420240822010004/?pageType=odds,2026-10-08T04:21:17.035563+00:00
5420240822010005,2024-08-22,向日町競輪,F2,A3 challenge,5,チャレンジ予選,12:45,12:40,7,https://keirin.kdreams.jp/mukomachi/racedetail/5420240822010005/?pageType=odds,2026-10-08T04:21:19.019014+00:00
4620240820030001,2024-08-22,富山競輪,F2,A3 challenge,1,チャレンジ一般,10:27,10:22,5,https://keirin.kdreams.jp/toyama/racedetail/4620240820030001/?pageType=odds,2026-10-08T04:20:18.685872+00:00
4620240820030002,2024-08-22,富山競輪,F2,A3 challenge,2,チャレンジ一般,10:52,10:47,6,https://keirin.kdreams.jp/toyama/racedetail/4620240820030002/?pageType=odds,2026-10-08T04:20:21.011718+00:00
4620240820030003,2024-08-22,富山競輪,F2,A3 challenge,3,チャレンジ選抜,11:19,11:14,7,https://keirin.kdreams.jp/toyama/racedetail/4620240820030003/?pageType=odds,2026-10-08T04:20:23.500669+00:00
4620240820030004,2024-08-22,富山競輪,F2,A3 challenge,4,チャレンジ選抜,11:49,11:44,7,https://keirin.kdreams.jp/toyama/racedetail/4620240820030004/?pageType=odds,2026-10-08T04:20:25.505576+00:00
4620240820030010,2024-08-22,富山競輪,F2,A3 challenge,10,チャレンジ決勝,14:55,14:50,7,https://keirin.kdreams.jp/toyama/racedetail/4620240820030010/?pageType=odds,2026-10-08T04:20:27.620378+00:00
4320240822010001,2024-08-22,岐阜競輪,F2,A3 challenge,1,チャレンジ予選,20:58,20:53,6,https://keirin.kdreams.jp/gifu/racedetail/4320240822010001/?pageType=odds,2026-10-08T04:20:29.409890+00:00
4320240822010002,2024-08-22,岐阜競輪,F2,A3 challenge,2,チャレンジ予選,21:22,21:17,6,https://keirin.kdreams.jp/gifu/racedetail/4320240822010002/?pageType=odds,2026-10-08T04:20:31.332171+00:00
4320240822010003,2024-08-22,岐阜競輪,F2,A3 challenge,3,チャレンジ予選,21:46,21:41,6,https://keirin.kdreams.jp/gifu/racedetail/4320240822010003/?pageType=odds,2026-10-08T04:20:33.321037+00:00
4320240822010004,2024-08-22,岐阜競輪,F2,A3 challenge,4,チャレンジ予選,22:10,22:05,7,https://keirin.kdreams.jp/gifu/racedetail/4320240822010004/?pageType=odds,2026-10-08T04:20:35.697898+00:00
4320240822010005,2024-08-22,岐阜競輪,F2,A3 challenge,5,チャレンジ予選,22:34,22:29,7,https://keirin.kdreams.jp/gifu/racedetail/4320240822010005/?pageType=odds,2026-10-08T04:20:37.530051+00:00
4320240822010006,2024-08-22,岐阜競輪,F2,A3 challenge,6,チャレンジ予選,22:58,22:53,7,https://keirin.kdreams.jp/gifu/racedetail/4320240822010006/?pageType=odds,2026-10-08T04:20:39.590312+00:00
4320240822010007,2024-08-22,岐阜競輪,F2,A3 challenge,7,チャレンジ予選,23:22,23:17,7,https://keirin.kdreams.jp/gifu/racedetail/4320240822010007/?pageType=odds,2026-10-08T04:20:41.476565+00:00
2620240822010001,2024-08-22,西武園競輪,F2,A3 challenge,1,チャレンジ予選,21:06,21:01,7,https://keirin.kdreams.jp/seibuen/racedetail/2620240822010001/?pageType=odds,2026-10-08T04:22:11.147996+00:00
2620240822010002,2024-08-22,西武園競輪,F2,A3 challenge,2,チャレンジ予選,21:30,21:25,7,https://keirin.kdreams.jp/seibuen/racedetail/2620240822010002/?pageType=odds,2026-10-08T04:22:13.210277+00:00
2620240822010003,2024-08-22,西武園競輪,F2,A3 challenge,3,チャレンジ予選,21:54,21:49,7,https://keirin.kdreams.jp/seibuen/racedetail/2620240822010003/?pageType=odds,2026-10-08T04:22:15.074364+00:00
2620240822010004,2024-08-22,西武園競輪,F2,A3 challenge,4,チャレンジ予選,22:18,22:13,7,https://keirin.kdreams.jp/seibuen/racedetail/2620240822010004/?pageType=odds,2026-10-08T04:22:17.044821+00:00
2620240822010005,2024-08-22,西武園競輪,F2,A3 challenge,5,チャレンジ予選,22:42,22:37,7,https://keirin.kdreams.jp/seibuen/racedetail/2620240822010005/?pageType=odds,2026-10-08T04:22:19.077728+00:00
2620240822010006,2024-08-22,西武園競輪,F2,A3 challenge,6,チャレンジ予選,23:06,23:01,7,https://keirin.kdreams.jp/seibuen/racedetail/2620240822010006/?pageType=odds,2026-10-08T04:22:20.993000+00:00
2620240822010007,2024-08-22,西武園競輪,F2,A3 challenge,7,チャレンジ予選,23:30,23:25,7,https://keirin.kdreams.jp/seibuen/racedetail/2620240822010007/?pageType=odds,2026-10-08T04:22:22.920468+00:00
7420240820030001,2024-08-22,高知競輪,F2,A3 challenge,1,チャレンジ一般,09:00,08:55,5,https://keirin.kdreams.jp/kochi/racedetail/7420240820030001/?pageType=odds,2026-10-08T04:19:44.058363+00:00
7420240820030002,2024-08-22,高知競輪,F2,A3 challenge,2,チャレンジ一般,09:20,09:15,5,https://keirin.kdreams.jp/kochi/racedetail/7420240820030002/?pageType=odds,2026-10-08T04:19:46.053003+00:00
7420240820030003,2024-08-22,高知競輪,F2,A3 challenge,3,チャレンジ一般,09:40,09:35,5,https://keirin.kdreams.jp/kochi/racedetail/7420240820030003/?pageType=odds,2026-10-08T04:19:47.711419+00:00
7420240820030004,2024-08-22,高知競輪,F2,A3 challenge,4,チャレンジ選抜,10:00,09:55,7,https://keirin.kdreams.jp/kochi/racedetail/7420240820030004/?pageType=odds,2026-10-08T04:19:49.804953+00:00
7420240820030005,2024-08-22,高知競輪,F2,A3 challenge,5,チャレンジ選抜,10:20,10:15,7,https://keirin.kdreams.jp/kochi/racedetail/7420240820030005/?pageType=odds,2026-10-08T04:19:52.042039+00:00
7420240820030006,2024-08-22,高知競輪,F2,A3 challenge,6,チャレンジ選抜,10:40,10:35,7,https://keirin.kdreams.jp/kochi/racedetail/7420240820030006/?pageType=odds,2026-10-08T04:19:53.850614+00:00
7420240820030007,2024-08-22,高知競輪,F2,A3 challenge,7,チャレンジ決勝,11:00,10:55,7,https://keirin.kdreams.jp/kochi/racedetail/7420240820030007/?pageType=odds,2026-10-08T04:19:55.799864+00:00
8520240822020001,2024-08-23,佐世保競輪,F2,A3 challenge,1,チャレンジ一般,15:50,15:45,7,https://keirin.kdreams.jp/sasebo/racedetail/8520240822020001/?pageType=odds,2026-10-08T04:21:51.571745+00:00
8520240822020002,2024-08-23,佐世保競輪,F2,A3 challenge,2,チャレンジ一般,16:13,16:08,7,https://keirin.kdreams.jp/sasebo/racedetail/8520240822020002/?pageType=odds,2026-10-08T04:21:53.446460+00:00
8520240822020003,2024-08-23,佐世保競輪,F2,A3 challenge,3,チャレンジ準決勝,16:36,16:31,7,https://keirin.kdreams.jp/sasebo/racedetail/8520240822020003/?pageType=odds,2026-10-08T04:21:55.337706+00:00
8520240822020004,2024-08-23,佐世保競輪,F2,A3 challenge,4,チャレンジ準決勝,16:59,16:54,7,https://keirin.kdreams.jp/sasebo/racedetail/8520240822020004/?pageType=odds,2026-10-08T04:21:57.181000+00:00
8520240822020005,2024-08-23,佐世保競輪,F2,A3 challenge,5,チャレンジ準決勝,17:22,17:17,7,https://keirin.kdreams.jp/sasebo/racedetail/8520240822020005/?pageType=odds,2026-10-08T04:21:59.193259+00:00
5420240822020001,2024-08-23,向日町競輪,F2,A3 challenge,1,チャレンジ一般,11:05,11:00,6,https://keirin.kdreams.jp/mukomachi/racedetail/5420240822020001/?pageType=odds,2026-10-08T04:21:20.928930+00:00
5420240822020002,2024-08-23,向日町競輪,F2,A3 challenge,2,チャレンジ一般,11:30,11:25,6,https://keirin.kdreams.jp/mukomachi/racedetail/5420240822020002/?pageType=odds,2026-10-08T04:21:22.902223+00:00
5420240822020003,2024-08-23,向日町競輪,F2,A3 challenge,3,チャレンジ準決勝,11:55,11:50,7,https://keirin.kdreams.jp/mukomachi/racedetail/5420240822020003/?pageType=odds,2026-10-08T04:21:24.805978+00:00
5420240822020004,2024-08-23,向日町競輪,F2,A3 challenge,4,チャレンジ準決勝,12:20,12:15,7,https://keirin.kdreams.jp/mukomachi/racedetail/5420240822020004/?pageType=odds,2026-10-08T04:21:26.692932+00:00
5420240822020005,2024-08-23,向日町競輪,F2,A3 challenge,5,チャレンジ準決勝,12:45,12:40,7,https://keirin.kdreams.jp/mukomachi/racedetail/5420240822020005/?pageType=odds,2026-10-08T04:21:28.673317+00:00
4320240822020001,2024-08-23,岐阜競輪,F2,A3 challenge,1,チャレンジ一般,20:58,20:53,5,https://keirin.kdreams.jp/gifu/racedetail/4320240822020001/?pageType=odds,2026-10-08T04:20:43.285981+00:00
4320240822020002,2024-08-23,岐阜競輪,F2,A3 challenge,2,チャレンジ一般,21:22,21:17,5,https://keirin.kdreams.jp/gifu/racedetail/4320240822020002/?pageType=odds,2026-10-08T04:20:45.376673+00:00
4320240822020003,2024-08-23,岐阜競輪,F2,A3 challenge,3,チャレンジ選抜,21:46,21:41,7,https://keirin.kdreams.jp/gifu/racedetail/4320240822020003/?pageType=odds,2026-10-08T04:20:47.368184+00:00
4320240822020004,2024-08-23,岐阜競輪,F2,A3 challenge,4,チャレンジ選抜,22:10,22:05,7,https://keirin.kdreams.jp/gifu/racedetail/4320240822020004/?pageType=odds,2026-10-08T04:20:49.697724+00:00
4320240822020005,2024-08-23,岐阜競輪,F2,A3 challenge,5,チャレンジ準決勝,22:34,22:29,7,https://keirin.kdreams.jp/gifu/racedetail/4320240822020005/?pageType=odds,2026-10-08T04:20:51.753786+00:00
4320240822020006,2024-08-23,岐阜競輪,F2,A3 challenge,6,チャレンジ準決勝,22:58,22:53,7,https://keirin.kdreams.jp/gifu/racedetail/4320240822020006/?pageType=odds,2026-10-08T04:20:53.781515+00:00
4320240822020007,2024-08-23,岐阜競輪,F2,A3 challenge,7,チャレンジ準決勝,23:22,23:17,7,https://keirin.kdreams.jp/gifu/racedetail/4320240822020007/?pageType=odds,2026-10-08T04:20:55.741035+00:00
2620240822020001,2024-08-23,西武園競輪,F2,A3 challenge,1,チャレンジ一般,21:06,21:01,6,https://keirin.kdreams.jp/seibuen/racedetail/2620240822020001/?pageType=odds,2026-10-08T04:22:24.890730+00:00
2620240822020002,2024-08-23,西武園競輪,F2,A3 challenge,2,チャレンジ一般,21:30,21:25,7,https://keirin.kdreams.jp/seibuen/racedetail/2620240822020002/?pageType=odds,2026-10-08T04:22:26.902212+00:00
2620240822020003,2024-08-23,西武園競輪,F2,A3 challenge,3,チャレンジ選抜,21:54,21:49,7,https://keirin.kdreams.jp/seibuen/racedetail/2620240822020003/?pageType=odds,2026-10-08T04:22:28.675302+00:00
2620240822020004,2024-08-23,西武園競輪,F2,A3 challenge,4,チャレンジ選抜,22:18,22:13,7,https://keirin.kdreams.jp/seibuen/racedetail/2620240822020004/?pageType=odds,2026-10-08T04:22:30.733957+00:00
2620240822020005,2024-08-23,西武園競輪,F2,A3 challenge,5,チャレンジ準決勝,22:42,22:37,7,https://keirin.kdreams.jp/seibuen/racedetail/2620240822020005/?pageType=odds,2026-10-08T04:22:32.795439+00:00
2620240822020006,2024-08-23,西武園競輪,F2,A3 challenge,6,チャレンジ準決勝,23:06,23:01,7,https://keirin.kdreams.jp/seibuen/racedetail/2620240822020006/?pageType=odds,2026-10-08T04:22:34.964044+00:00
2620240822020007,2024-08-23,西武園競輪,F2,A3 challenge,7,チャレンジ準決勝,23:30,23:25,7,https://keirin.kdreams.jp/seibuen/racedetail/2620240822020007/?pageType=odds,2026-10-08T04:22:36.946510+00:00
8520240822030001,2024-08-24,佐世保競輪,F2,A3 challenge,1,チャレンジ一般,15:50,15:45,7,https://keirin.kdreams.jp/sasebo/racedetail/8520240822030001/?pageType=odds,2026-10-08T04:22:01.126730+00:00
8520240822030002,2024-08-24,佐世保競輪,F2,A3 challenge,2,チャレンジ一般,16:13,16:08,7,https://keirin.kdreams.jp/sasebo/racedetail/8520240822030002/?pageType=odds,2026-10-08T04:22:03.223811+00:00
8520240822030003,2024-08-24,佐世保競輪,F2,A3 challenge,3,チャレンジ選抜,16:36,16:31,7,https://keirin.kdreams.jp/sasebo/racedetail/8520240822030003/?pageType=odds,2026-10-08T04:22:05.209938+00:00
8520240822030004,2024-08-24,佐世保競輪,F2,A3 challenge,4,チャレンジ選抜,16:59,16:54,7,https://keirin.kdreams.jp/sasebo/racedetail/8520240822030004/?pageType=odds,2026-10-08T04:22:07.265989+00:00
8520240822030011,2024-08-24,佐世保競輪,F2,A3 challenge,11,チャレンジ決勝,19:50,19:45,7,https://keirin.kdreams.jp/sasebo/racedetail/8520240822030011/?pageType=odds,2026-10-08T04:22:09.173666+00:00
5420240822030001,2024-08-24,向日町競輪,F2,A3 challenge,1,チャレンジ一般,11:05,11:00,5,https://keirin.kdreams.jp/mukomachi/racedetail/5420240822030001/?pageType=odds,2026-10-08T04:21:30.470464+00:00
5420240822030002,2024-08-24,向日町競輪,F2,A3 challenge,2,チャレンジ一般,11:30,11:25,6,https://keirin.kdreams.jp/mukomachi/racedetail/5420240822030002/?pageType=odds,2026-10-08T04:21:32.471008+00:00
5420240822030003,2024-08-24,向日町競輪,F2,A3 challenge,3,チャレンジ選抜,11:55,11:50,7,https://keirin.kdreams.jp/mukomachi/racedetail/5420240822030003/?pageType=odds,2026-10-08T04:21:34.661995+00:00
5420240822030004,2024-08-24,向日町競輪,F2,A3 challenge,4,チャレンジ選抜,12:20,12:15,7,https://keirin.kdreams.jp/mukomachi/racedetail/5420240822030004/?pageType=odds,2026-10-08T04:21:36.672036+00:00
5420240822030010,2024-08-24,向日町競輪,F2,A3 challenge,10,チャレンジ決勝,15:10,15:05,7,https://keirin.kdreams.jp/mukomachi/racedetail/5420240822030010/?pageType=odds,2026-10-08T04:21:39.164665+00:00
4320240822030001,2024-08-24,岐阜競輪,F2,A3 challenge,1,チャレンジ一般,20:58,20:53,5,https://keirin.kdreams.jp/gifu/racedetail/4320240822030001/?pageType=odds,2026-10-08T04:20:57.503571+00:00
4320240822030002,2024-08-24,岐阜競輪,F2,A3 challenge,2,チャレンジ一般,21:22,21:17,6,https://keirin.kdreams.jp/gifu/racedetail/4320240822030002/?pageType=odds,2026-10-08T04:20:59.507168+00:00
4320240822030003,2024-08-24,岐阜競輪,F2,A3 challenge,3,チャレンジ一般,21:46,21:41,6,https://keirin.kdreams.jp/gifu/racedetail/4320240822030003/?pageType=odds,2026-10-08T04:21:01.235601+00:00
4320240822030004,2024-08-24,岐阜競輪,F2,A3 challenge,4,チャレンジ選抜,22:10,22:05,7,https://keirin.kdreams.jp/gifu/racedetail/4320240822030004/?pageType=odds,2026-10-08T04:21:03.144260+00:00
4320240822030005,2024-08-24,岐阜競輪,F2,A3 challenge,5,チャレンジ選抜,22:34,22:29,7,https://keirin.kdreams.jp/gifu/racedetail/4320240822030005/?pageType=odds,2026-10-08T04:21:05.148788+00:00
4320240822030006,2024-08-24,岐阜競輪,F2,A3 challenge,6,チャレンジ選抜,22:58,22:53,7,https://keirin.kdreams.jp/gifu/racedetail/4320240822030006/?pageType=odds,2026-10-08T04:21:07.155817+00:00
4320240822030007,2024-08-24,岐阜競輪,F2,A3 challenge,7,チャレンジ決勝,23:22,23:17,7,https://keirin.kdreams.jp/gifu/racedetail/4320240822030007/?pageType=odds,2026-10-08T04:21:09.032122+00:00
2120240824010001,2024-08-24,弥彦競輪,F2,A3 challenge,1,チャレンジ予選,10:40,10:35,7,https://keirin.kdreams.jp/yahiko/racedetail/2120240824010001/?pageType=odds,2026-10-08T04:23:33.209204+00:00
2120240824010002,2024-08-24,弥彦競輪,F2,A3 challenge,2,チャレンジ予選,11:05,11:00,7,https://keirin.kdreams.jp/yahiko/racedetail/2120240824010002/?pageType=odds,2026-10-08T04:23:35.877095+00:00
2120240824010003,2024-08-24,弥彦競輪,F2,A3 challenge,3,チャレンジ予選,11:30,11:25,7,https://keirin.kdreams.jp/yahiko/racedetail/2120240824010003/?pageType=odds,2026-10-08T04:23:37.803044+00:00
2120240824010004,2024-08-24,弥彦競輪,F2,A3 challenge,4,チャレンジ予選,12:00,11:55,7,https://keirin.kdreams.jp/yahiko/racedetail/2120240824010004/?pageType=odds,2026-10-08T04:23:39.735848+00:00
2120240824010005,2024-08-24,弥彦競輪,F2,A3 challenge,5,チャレンジ予選,12:30,12:25,7,https://keirin.kdreams.jp/yahiko/racedetail/2120240824010005/?pageType=odds,2026-10-08T04:23:42.162841+00:00
2620240822030003,2024-08-24,西武園競輪,F2,A3 challenge,3,チャレンジ一般,21:54,21:49,7,https://keirin.kdreams.jp/seibuen/racedetail/2620240822030003/?pageType=odds,2026-10-08T04:22:39.088623+00:00
2620240822030004,2024-08-24,西武園競輪,F2,A3 challenge,4,チャレンジ選抜,22:18,22:13,7,https://keirin.kdreams.jp/seibuen/racedetail/2620240822030004/?pageType=odds,2026-10-08T04:22:41.046393+00:00
2620240822030005,2024-08-24,西武園競輪,F2,A3 challenge,5,チャレンジ選抜,22:42,22:37,7,https://keirin.kdreams.jp/seibuen/racedetail/2620240822030005/?pageType=odds,2026-10-08T04:22:43.100105+00:00
2620240822030006,2024-08-24,西武園競輪,F2,A3 challenge,6,チャレンジ選抜,23:06,23:01,7,https://keirin.kdreams.jp/seibuen/racedetail/2620240822030006/?pageType=odds,2026-10-08T04:22:45.251064+00:00
2620240822030007,2024-08-24,西武園競輪,F2,A3 challenge,7,チャレンジ決勝,23:30,23:25,7,https://keirin.kdreams.jp/seibuen/racedetail/2620240822030007/?pageType=odds,2026-10-08T04:22:47.423375+00:00
1220240824010001,2024-08-24,青森競輪,F2,A3 challenge,1,チャレンジ予選,08:40,08:35,7,https://keirin.kdreams.jp/aomori/racedetail/1220240824010001/?pageType=odds,2026-10-08T04:22:49.480104+00:00
1220240824010002,2024-08-24,青森競輪,F2,A3 challenge,2,チャレンジ予選,09:00,08:55,7,https://keirin.kdreams.jp/aomori/racedetail/1220240824010002/?pageType=odds,2026-10-08T04:22:51.514855+00:00
1220240824010003,2024-08-24,青森競輪,F2,A3 challenge,3,チャレンジ予選,09:20,09:15,7,https://keirin.kdreams.jp/aomori/racedetail/1220240824010003/?pageType=odds,2026-10-08T04:22:53.533151+00:00
1220240824010004,2024-08-24,青森競輪,F2,A3 challenge,4,チャレンジ予選,09:40,09:35,7,https://keirin.kdreams.jp/aomori/racedetail/1220240824010004/?pageType=odds,2026-10-08T04:22:55.342938+00:00
1220240824010005,2024-08-24,青森競輪,F2,A3 challenge,5,チャレンジ予選,10:00,09:55,7,https://keirin.kdreams.jp/aomori/racedetail/1220240824010005/?pageType=odds,2026-10-08T04:22:57.374357+00:00
1220240824010006,2024-08-24,青森競輪,F2,A3 challenge,6,チャレンジ予選,10:20,10:15,7,https://keirin.kdreams.jp/aomori/racedetail/1220240824010006/?pageType=odds,2026-10-08T04:22:59.499573+00:00
1220240824010007,2024-08-24,青森競輪,F2,A3 challenge,7,チャレンジ予選,10:40,10:35,7,https://keirin.kdreams.jp/aomori/racedetail/1220240824010007/?pageType=odds,2026-10-08T04:23:01.509017+00:00
5320240825010001,2024-08-25,奈良競輪,F2,A3 challenge,1,チャレンジ予選,20:50,20:45,7,https://keirin.kdreams.jp/nara/racedetail/5320240825010001/?pageType=odds,2026-10-08T04:24:04.514033+00:00
5320240825010002,2024-08-25,奈良競輪,F2,A3 challenge,2,チャレンジ予選,21:10,21:05,7,https://keirin.kdreams.jp/nara/racedetail/5320240825010002/?pageType=odds,2026-10-08T04:24:06.426362+00:00
5320240825010003,2024-08-25,奈良競輪,F2,A3 challenge,3,チャレンジ予選,21:30,21:25,7,https://keirin.kdreams.jp/nara/racedetail/5320240825010003/?pageType=odds,2026-10-08T04:24:08.397578+00:00
5320240825010004,2024-08-25,奈良競輪,F2,A3 challenge,4,チャレンジ予選,21:50,21:45,7,https://keirin.kdreams.jp/nara/racedetail/5320240825010004/?pageType=odds,2026-10-08T04:24:10.405616+00:00
2120240824020001,2024-08-25,弥彦競輪,F2,A3 challenge,1,チャレンジ一般,10:40,10:35,6,https://keirin.kdreams.jp/yahiko/racedetail/2120240824020001/?pageType=odds,2026-10-08T04:23:44.163256+00:00
2120240824020002,2024-08-25,弥彦競輪,F2,A3 challenge,2,チャレンジ一般,11:05,11:00,7,https://keirin.kdreams.jp/yahiko/racedetail/2120240824020002/?pageType=odds,2026-10-08T04:23:46.335658+00:00
2120240824020003,2024-08-25,弥彦競輪,F2,A3 challenge,3,チャレンジ準決勝,11:30,11:25,7,https://keirin.kdreams.jp/yahiko/racedetail/2120240824020003/?pageType=odds,2026-10-08T04:23:48.351677+00:00
2120240824020004,2024-08-25,弥彦競輪,F2,A3 challenge,4,チャレンジ準決勝,12:00,11:55,7,https://keirin.kdreams.jp/yahiko/racedetail/2120240824020004/?pageType=odds,2026-10-08T04:23:50.370340+00:00
2120240824020005,2024-08-25,弥彦競輪,F2,A3 challenge,5,チャレンジ準決勝,12:30,12:25,7,https://keirin.kdreams.jp/yahiko/racedetail/2120240824020005/?pageType=odds,2026-10-08T04:23:52.206126+00:00
1220240824020001,2024-08-25,青森競輪,F2,A3 challenge,1,チャレンジ一般,08:40,08:35,7,https://keirin.kdreams.jp/aomori/racedetail/1220240824020001/?pageType=odds,2026-10-08T04:23:03.528225+00:00
1220240824020002,2024-08-25,青森競輪,F2,A3 challenge,2,チャレンジ一般,09:00,08:55,7,https://keirin.kdreams.jp/aomori/racedetail/1220240824020002/?pageType=odds,2026-10-08T04:23:05.537565+00:00
1220240824020003,2024-08-25,青森競輪,F2,A3 challenge,3,チャレンジ選抜,09:20,09:15,7,https://keirin.kdreams.jp/aomori/racedetail/1220240824020003/?pageType=odds,2026-10-08T04:23:07.598016+00:00
1220240824020004,2024-08-25,青森競輪,F2,A3 challenge,4,チャレンジ選抜,09:40,09:35,7,https://keirin.kdreams.jp/aomori/racedetail/1220240824020004/?pageType=odds,2026-10-08T04:23:09.529829+00:00
1220240824020005,2024-08-25,青森競輪,F2,A3 challenge,5,チャレンジ準決勝,10:00,09:55,7,https://keirin.kdreams.jp/aomori/racedetail/1220240824020005/?pageType=odds,2026-10-08T04:23:11.572728+00:00
1220240824020006,2024-08-25,青森競輪,F2,A3 challenge,6,チャレンジ準決勝,10:20,10:15,7,https://keirin.kdreams.jp/aomori/racedetail/1220240824020006/?pageType=odds,2026-10-08T04:23:13.994391+00:00
1220240824020007,2024-08-25,青森競輪,F2,A3 challenge,7,チャレンジ準決勝,10:40,10:35,7,https://keirin.kdreams.jp/aomori/racedetail/1220240824020007/?pageType=odds,2026-10-08T04:23:16.036923+00:00
5320240825020001,2024-08-26,奈良競輪,F2,A3 challenge,1,チャレンジ一般,20:50,20:45,6,https://keirin.kdreams.jp/nara/racedetail/5320240825020001/?pageType=odds,2026-10-08T04:24:12.304354+00:00
5320240825020002,2024-08-26,奈良競輪,F2,A3 challenge,2,チャレンジ一般,21:10,21:05,6,https://keirin.kdreams.jp/nara/racedetail/5320240825020002/?pageType=odds,2026-10-08T04:24:14.755392+00:00
5320240825020003,2024-08-26,奈良競輪,F2,A3 challenge,3,チャレンジ準決勝,21:30,21:25,7,https://keirin.kdreams.jp/nara/racedetail/5320240825020003/?pageType=odds,2026-10-08T04:24:16.909668+00:00
5320240825020004,2024-08-26,奈良競輪,F2,A3 challenge,4,チャレンジ準決勝,21:50,21:45,7,https://keirin.kdreams.jp/nara/racedetail/5320240825020004/?pageType=odds,2026-10-08T04:24:19.025727+00:00
2120240824030001,2024-08-26,弥彦競輪,F2,A3 challenge,1,チャレンジ一般,10:40,10:35,5,https://keirin.kdreams.jp/yahiko/racedetail/2120240824030001/?pageType=odds,2026-10-08T04:23:54.532238+00:00
2120240824030002,2024-08-26,弥彦競輪,F2,A3 challenge,2,チャレンジ一般,11:05,11:00,5,https://keirin.kdreams.jp/yahiko/racedetail/2120240824030002/?pageType=odds,2026-10-08T04:23:56.449926+00:00
2120240824030003,2024-08-26,弥彦競輪,F2,A3 challenge,3,チャレンジ選抜,11:30,11:25,7,https://keirin.kdreams.jp/yahiko/racedetail/2120240824030003/?pageType=odds,2026-10-08T04:23:58.355029+00:00
2120240824030004,2024-08-26,弥彦競輪,F2,A3 challenge,4,チャレンジ選抜,12:00,11:55,7,https://keirin.kdreams.jp/yahiko/racedetail/2120240824030004/?pageType=odds,2026-10-08T04:24:00.257578+00:00
2120240824030010,2024-08-26,弥彦競輪,F2,A3 challenge,10,チャレンジ決勝,15:03,14:58,7,https://keirin.kdreams.jp/yahiko/racedetail/2120240824030010/?pageType=odds,2026-10-08T04:24:02.239454+00:00
1220240824030001,2024-08-26,青森競輪,F2,A3 challenge,1,チャレンジ一般,08:30,08:25,6,https://keirin.kdreams.jp/aomori/racedetail/1220240824030001/?pageType=odds,2026-10-08T04:23:18.332445+00:00
1220240824030002,2024-08-26,青森競輪,F2,A3 challenge,2,チャレンジ一般,08:50,08:45,7,https://keirin.kdreams.jp/aomori/racedetail/1220240824030002/?pageType=odds,2026-10-08T04:23:20.807199+00:00
1220240824030003,2024-08-26,青森競輪,F2,A3 challenge,3,チャレンジ一般,09:10,09:05,7,https://keirin.kdreams.jp/aomori/racedetail/1220240824030003/?pageType=odds,2026-10-08T04:23:22.717251+00:00
1220240824030004,2024-08-26,青森競輪,F2,A3 challenge,4,チャレンジ選抜,09:30,09:25,7,https://keirin.kdreams.jp/aomori/racedetail/1220240824030004/?pageType=odds,2026-10-08T04:23:24.626688+00:00
1220240824030005,2024-08-26,青森競輪,F2,A3 challenge,5,チャレンジ選抜,09:50,09:45,7,https://keirin.kdreams.jp/aomori/racedetail/1220240824030005/?pageType=odds,2026-10-08T04:23:26.575588+00:00
1220240824030006,2024-08-26,青森競輪,F2,A3 challenge,6,チャレンジ選抜,10:10,10:05,7,https://keirin.kdreams.jp/aomori/racedetail/1220240824030006/?pageType=odds,2026-10-08T04:23:28.495382+00:00
1220240824030007,2024-08-26,青森競輪,F2,A3 challenge,7,チャレンジ決勝,10:30,10:25,7,https://keirin.kdreams.jp/aomori/racedetail/1220240824030007/?pageType=odds,2026-10-08T04:23:31.153454+00:00
5320240825030001,2024-08-27,奈良競輪,F2,A3 challenge,1,チャレンジ一般,20:50,20:45,5,https://keirin.kdreams.jp/nara/racedetail/5320240825030001/?pageType=odds,2026-10-08T04:24:20.799153+00:00
5320240825030002,2024-08-27,奈良競輪,F2,A3 challenge,2,チャレンジ一般,21:10,21:05,5,https://keirin.kdreams.jp/nara/racedetail/5320240825030002/?pageType=odds,2026-10-08T04:24:22.702825+00:00
5320240825030003,2024-08-27,奈良競輪,F2,A3 challenge,3,チャレンジ選抜,21:30,21:25,7,https://keirin.kdreams.jp/nara/racedetail/5320240825030003/?pageType=odds,2026-10-08T04:24:25.214770+00:00
5320240825030008,2024-08-27,奈良競輪,F2,A3 challenge,8,チャレンジ決勝,23:10,23:05,7,https://keirin.kdreams.jp/nara/racedetail/5320240825030008/?pageType=odds,2026-10-08T04:24:27.181032+00:00
8420240827010001,2024-08-27,武雄競輪,F2,A3 challenge,1,チャレンジ予選,15:34,15:29,7,https://keirin.kdreams.jp/takeo/racedetail/8420240827010001/?pageType=odds,2026-10-08T04:24:58.622159+00:00
8420240827010002,2024-08-27,武雄競輪,F2,A3 challenge,2,チャレンジ予選,15:56,15:51,7,https://keirin.kdreams.jp/takeo/racedetail/8420240827010002/?pageType=odds,2026-10-08T04:25:00.704697+00:00
8420240827010003,2024-08-27,武雄競輪,F2,A3 challenge,3,チャレンジ予選,16:18,16:13,7,https://keirin.kdreams.jp/takeo/racedetail/8420240827010003/?pageType=odds,2026-10-08T04:25:02.888075+00:00
8420240827010004,2024-08-27,武雄競輪,F2,A3 challenge,4,チャレンジ予選,16:41,16:36,7,https://keirin.kdreams.jp/takeo/racedetail/8420240827010004/?pageType=odds,2026-10-08T04:25:04.963917+00:00
8420240827010005,2024-08-27,武雄競輪,F2,A3 challenge,5,チャレンジ予選,17:04,16:59,7,https://keirin.kdreams.jp/takeo/racedetail/8420240827010005/?pageType=odds,2026-10-08T04:25:07.315280+00:00
8720240827010001,2024-08-27,熊本競輪,F2,A3 challenge,1,チャレンジ予選,08:30,08:25,7,https://keirin.kdreams.jp/kumamoto/racedetail/8720240827010001/?pageType=odds,2026-10-08T04:24:29.254857+00:00
8720240827010002,2024-08-27,熊本競輪,F2,A3 challenge,2,チャレンジ予選,08:50,08:45,7,https://keirin.kdreams.jp/kumamoto/racedetail/8720240827010002/?pageType=odds,2026-10-08T04:24:31.201716+00:00
8720240827010003,2024-08-27,熊本競輪,F2,A3 challenge,3,チャレンジ予選,09:10,09:05,7,https://keirin.kdreams.jp/kumamoto/racedetail/8720240827010003/?pageType=odds,2026-10-08T04:24:33.698250+00:00
8720240827010004,2024-08-27,熊本競輪,F2,A3 challenge,4,チャレンジ予選,09:30,09:25,7,https://keirin.kdreams.jp/kumamoto/racedetail/8720240827010004/?pageType=odds,2026-10-08T04:24:35.893654+00:00
8720240827010005,2024-08-27,熊本競輪,F2,A3 challenge,5,チャレンジ予選,09:50,09:45,7,https://keirin.kdreams.jp/kumamoto/racedetail/8720240827010005/?pageType=odds,2026-10-08T04:24:38.070407+00:00
8720240827010006,2024-08-27,熊本競輪,F2,A3 challenge,6,チャレンジ予選,10:10,10:05,7,https://keirin.kdreams.jp/kumamoto/racedetail/8720240827010006/?pageType=odds,2026-10-08T04:24:39.831091+00:00
8720240827010007,2024-08-27,熊本競輪,F2,A3 challenge,7,チャレンジ予選,10:30,10:25,7,https://keirin.kdreams.jp/kumamoto/racedetail/8720240827010007/?pageType=odds,2026-10-08T04:24:41.787392+00:00
8420240827020001,2024-08-28,武雄競輪,F2,A3 challenge,1,チャレンジ一般,15:34,15:29,6,https://keirin.kdreams.jp/takeo/racedetail/8420240827020001/?pageType=odds,2026-10-08T04:25:09.514152+00:00
8420240827020002,2024-08-28,武雄競輪,F2,A3 challenge,2,チャレンジ一般,15:56,15:51,7,https://keirin.kdreams.jp/takeo/racedetail/8420240827020002/?pageType=odds,2026-10-08T04:25:11.536227+00:00
8420240827020003,2024-08-28,武雄競輪,F2,A3 challenge,3,チャレンジ準決勝,16:18,16:13,7,https://keirin.kdreams.jp/takeo/racedetail/8420240827020003/?pageType=odds,2026-10-08T04:25:13.846205+00:00
8420240827020004,2024-08-28,武雄競輪,F2,A3 challenge,4,チャレンジ準決勝,16:41,16:36,7,https://keirin.kdreams.jp/takeo/racedetail/8420240827020004/?pageType=odds,2026-10-08T04:25:16.055099+00:00
8420240827020005,2024-08-28,武雄競輪,F2,A3 challenge,5,チャレンジ準決勝,17:04,16:59,7,https://keirin.kdreams.jp/takeo/racedetail/8420240827020005/?pageType=odds,2026-10-08T04:25:18.113474+00:00
8720240827020001,2024-08-28,熊本競輪,F2,A3 challenge,1,チャレンジ一般,08:30,08:25,6,https://keirin.kdreams.jp/kumamoto/racedetail/8720240827020001/?pageType=odds,2026-10-08T04:24:43.652533+00:00
8720240827020002,2024-08-28,熊本競輪,F2,A3 challenge,2,チャレンジ一般,08:50,08:45,6,https://keirin.kdreams.jp/kumamoto/racedetail/8720240827020002/?pageType=odds,2026-10-08T04:24:45.654027+00:00
8720240827020003,2024-08-28,熊本競輪,F2,A3 challenge,3,チャレンジ選抜,09:10,09:05,7,https://keirin.kdreams.jp/kumamoto/racedetail/8720240827020003/?pageType=odds,2026-10-08T04:24:48.170555+00:00
8720240827020004,2024-08-28,熊本競輪,F2,A3 challenge,4,チャレンジ選抜,09:30,09:25,7,https://keirin.kdreams.jp/kumamoto/racedetail/8720240827020004/?pageType=odds,2026-10-08T04:24:50.103013+00:00
8720240827020005,2024-08-28,熊本競輪,F2,A3 challenge,5,チャレンジ準決勝,09:50,09:45,7,https://keirin.kdreams.jp/kumamoto/racedetail/8720240827020005/?pageType=odds,2026-10-08T04:24:52.494621+00:00
8720240827020006,2024-08-28,熊本競輪,F2,A3 challenge,6,チャレンジ準決勝,10:10,10:05,7,https://keirin.kdreams.jp/kumamoto/racedetail/8720240827020006/?pageType=odds,2026-10-08T04:24:54.340942+00:00
8720240827020007,2024-08-28,熊本競輪,F2,A3 challenge,7,チャレンジ準決勝,10:30,10:25,7,https://keirin.kdreams.jp/kumamoto/racedetail/8720240827020007/?pageType=odds,2026-10-08T04:24:56.283721+00:00
3720240830010001,2024-08-30,伊東競輪,F2,A3 challenge,1,チャレンジ予選,10:50,10:45,6,https://keirin.kdreams.jp/ito/racedetail/3720240830010001/?pageType=odds,2026-10-08T04:25:20.002207+00:00
3720240830010002,2024-08-30,伊東競輪,F2,A3 challenge,2,チャレンジ予選,11:18,11:13,7,https://keirin.kdreams.jp/ito/racedetail/3720240830010002/?pageType=odds,2026-10-08T04:25:22.096517+00:00
3720240830010003,2024-08-30,伊東競輪,F2,A3 challenge,3,チャレンジ予選,11:46,11:41,7,https://keirin.kdreams.jp/ito/racedetail/3720240830010003/?pageType=odds,2026-10-08T04:25:24.197067+00:00
3720240830010004,2024-08-30,伊東競輪,F2,A3 challenge,4,チャレンジ予選,12:14,12:09,7,https://keirin.kdreams.jp/ito/racedetail/3720240830010004/?pageType=odds,2026-10-08T04:25:26.094539+00:00
3720240830010005,2024-08-30,伊東競輪,F2,A3 challenge,5,チャレンジ予選,12:42,12:37,7,https://keirin.kdreams.jp/ito/racedetail/3720240830010005/?pageType=odds,2026-10-08T04:25:28.526260+00:00
2820240830010001,2024-08-30,立川競輪,F2,A3 challenge,1,チャレンジ予選,10:30,10:25,6,https://keirin.kdreams.jp/tachikawa/racedetail/2820240830010001/?pageType=odds,2026-10-08T04:25:51.507998+00:00
2820240830010002,2024-08-30,立川競輪,F2,A3 challenge,2,チャレンジ予選,10:55,10:50,7,https://keirin.kdreams.jp/tachikawa/racedetail/2820240830010002/?pageType=odds,2026-10-08T04:25:53.520449+00:00
2820240830010003,2024-08-30,立川競輪,F2,A3 challenge,3,チャレンジ予選,11:24,11:19,7,https://keirin.kdreams.jp/tachikawa/racedetail/2820240830010003/?pageType=odds,2026-10-08T04:25:55.450179+00:00
2820240830010004,2024-08-30,立川競輪,F2,A3 challenge,4,チャレンジ予選,11:54,11:49,7,https://keirin.kdreams.jp/tachikawa/racedetail/2820240830010004/?pageType=odds,2026-10-08T04:25:57.700733+00:00
2820240830010005,2024-08-30,立川競輪,F2,A3 challenge,5,チャレンジ予選,12:25,12:20,7,https://keirin.kdreams.jp/tachikawa/racedetail/2820240830010005/?pageType=odds,2026-10-08T04:25:59.822393+00:00
3720240830020001,2024-08-31,伊東競輪,F2,A3 challenge,1,チャレンジ一般,10:50,10:45,6,https://keirin.kdreams.jp/ito/racedetail/3720240830020001/?pageType=odds,2026-10-08T04:25:30.913394+00:00
3720240830020002,2024-08-31,伊東競輪,F2,A3 challenge,2,チャレンジ一般,11:18,11:13,6,https://keirin.kdreams.jp/ito/racedetail/3720240830020002/?pageType=odds,2026-10-08T04:25:32.708448+00:00
3720240830020003,2024-08-31,伊東競輪,F2,A3 challenge,3,チャレンジ準決勝,11:46,11:41,7,https://keirin.kdreams.jp/ito/racedetail/3720240830020003/?pageType=odds,2026-10-08T04:25:34.739205+00:00
3720240830020004,2024-08-31,伊東競輪,F2,A3 challenge,4,チャレンジ準決勝,12:14,12:09,7,https://keirin.kdreams.jp/ito/racedetail/3720240830020004/?pageType=odds,2026-10-08T04:25:37.367841+00:00
3720240830020005,2024-08-31,伊東競輪,F2,A3 challenge,5,チャレンジ準決勝,12:42,12:37,7,https://keirin.kdreams.jp/ito/racedetail/3720240830020005/?pageType=odds,2026-10-08T04:25:39.846136+00:00
8620240831010001,2024-08-31,別府競輪,F2,A3 challenge,1,チャレンジ予選,20:50,20:45,7,https://keirin.kdreams.jp/beppu/racedetail/8620240831010001/?pageType=odds,2026-10-08T04:26:18.285212+00:00
8620240831010002,2024-08-31,別府競輪,F2,A3 challenge,2,チャレンジ予選,21:14,21:09,7,https://keirin.kdreams.jp/beppu/racedetail/8620240831010002/?pageType=odds,2026-10-08T04:26:20.113111+00:00
8620240831010003,2024-08-31,別府競輪,F2,A3 challenge,3,チャレンジ予選,21:38,21:33,7,https://keirin.kdreams.jp/beppu/racedetail/8620240831010003/?pageType=odds,2026-10-08T04:26:22.064331+00:00
8620240831010004,2024-08-31,別府競輪,F2,A3 challenge,4,チャレンジ予選,22:02,21:57,7,https://keirin.kdreams.jp/beppu/racedetail/8620240831010004/?pageType=odds,2026-10-08T04:26:23.499530+00:00
8620240831010005,2024-08-31,別府競輪,F2,A3 challenge,5,チャレンジ予選,22:26,22:21,7,https://keirin.kdreams.jp/beppu/racedetail/8620240831010005/?pageType=odds,2026-10-08T04:26:25.870187+00:00
8620240831010006,2024-08-31,別府競輪,F2,A3 challenge,6,チャレンジ予選,22:50,22:45,7,https://keirin.kdreams.jp/beppu/racedetail/8620240831010006/?pageType=odds,2026-10-08T04:26:27.949866+00:00
8620240831010007,2024-08-31,別府競輪,F2,A3 challenge,7,チャレンジ予選,23:14,23:09,7,https://keirin.kdreams.jp/beppu/racedetail/8620240831010007/?pageType=odds,2026-10-08T04:26:29.948913+00:00
5520240831010001,2024-08-31,和歌山競輪,F2,A3 challenge,1,チャレンジ予選,10:40,10:35,7,https://keirin.kdreams.jp/wakayama/racedetail/5520240831010001/?pageType=odds,2026-10-08T04:27:35.567028+00:00
5520240831010002,2024-08-31,和歌山競輪,F2,A3 challenge,2,チャレンジ予選,11:05,11:00,7,https://keirin.kdreams.jp/wakayama/racedetail/5520240831010002/?pageType=odds,2026-10-08T04:27:37.782746+00:00
5520240831010003,2024-08-31,和歌山競輪,F2,A3 challenge,3,チャレンジ予選,11:30,11:25,7,https://keirin.kdreams.jp/wakayama/racedetail/5520240831010003/?pageType=odds,2026-10-08T04:27:39.603577+00:00
5520240831010004,2024-08-31,和歌山競輪,F2,A3 challenge,4,チャレンジ予選,12:00,11:55,7,https://keirin.kdreams.jp/wakayama/racedetail/5520240831010004/?pageType=odds,2026-10-08T04:27:41.456759+00:00
5520240831010005,2024-08-31,和歌山競輪,F2,A3 challenge,5,チャレンジ予選,12:30,12:25,7,https://keirin.kdreams.jp/wakayama/racedetail/5520240831010005/?pageType=odds,2026-10-08T04:27:43.411539+00:00
3520240831010001,2024-08-31,平塚競輪,F2,A3 challenge,1,チャレンジ予選,21:06,21:01,6,https://keirin.kdreams.jp/hiratsuka/racedetail/3520240831010001/?pageType=odds,2026-10-08T04:26:56.093461+00:00
3520240831010002,2024-08-31,平塚競輪,F2,A3 challenge,2,チャレンジ予選,21:30,21:25,7,https://keirin.kdreams.jp/hiratsuka/racedetail/3520240831010002/?pageType=odds,2026-10-08T04:26:57.876927+00:00
3520240831010003,2024-08-31,平塚競輪,F2,A3 challenge,3,チャレンジ予選,21:54,21:49,7,https://keirin.kdreams.jp/hiratsuka/racedetail/3520240831010003/?pageType=odds,2026-10-08T04:26:59.972273+00:00
3520240831010004,2024-08-31,平塚競輪,F2,A3 challenge,4,チャレンジ予選,22:18,22:13,7,https://keirin.kdreams.jp/hiratsuka/racedetail/3520240831010004/?pageType=odds,2026-10-08T04:27:01.954992+00:00
3520240831010005,2024-08-31,平塚競輪,F2,A3 challenge,5,チャレンジ予選,22:42,22:37,7,https://keirin.kdreams.jp/hiratsuka/racedetail/3520240831010005/?pageType=odds,2026-10-08T04:27:03.958823+00:00
3520240831010006,2024-08-31,平塚競輪,F2,A3 challenge,6,チャレンジ予選,23:06,23:01,7,https://keirin.kdreams.jp/hiratsuka/racedetail/3520240831010006/?pageType=odds,2026-10-08T04:27:06.038595+00:00
3520240831010007,2024-08-31,平塚競輪,F2,A3 challenge,7,チャレンジ予選,23:30,23:25,7,https://keirin.kdreams.jp/hiratsuka/racedetail/3520240831010007/?pageType=odds,2026-10-08T04:27:08.239690+00:00
2820240830020001,2024-08-31,立川競輪,F2,A3 challenge,1,チャレンジ一般,10:35,10:30,5,https://keirin.kdreams.jp/tachikawa/racedetail/2820240830020001/?pageType=odds,2026-10-08T04:26:01.701577+00:00
2820240830020002,2024-08-31,立川競輪,F2,A3 challenge,2,チャレンジ一般,11:00,10:55,5,https://keirin.kdreams.jp/tachikawa/racedetail/2820240830020002/?pageType=odds,2026-10-08T04:26:03.430899+00:00
2820240830020003,2024-08-31,立川競輪,F2,A3 challenge,3,チャレンジ準決勝,11:23,11:18,7,https://keirin.kdreams.jp/tachikawa/racedetail/2820240830020003/?pageType=odds,2026-10-08T04:26:05.393540+00:00
2820240830020004,2024-08-31,立川競輪,F2,A3 challenge,4,チャレンジ準決勝,11:52,11:47,7,https://keirin.kdreams.jp/tachikawa/racedetail/2820240830020004/?pageType=odds,2026-10-08T04:26:07.637719+00:00
2820240830020005,2024-08-31,立川競輪,F2,A3 challenge,5,チャレンジ準決勝,12:21,12:16,7,https://keirin.kdreams.jp/tachikawa/racedetail/2820240830020005/?pageType=odds,2026-10-08T04:26:09.659710+00:00
